Plugin No such file or directory loading sec.protocol libXrdSeckrb5-5.so
Plugin No such file or directory loading sec.protocol libXrdSeckrb5-5.so
Plugin No such file or directory loading sec.protocol libXrdSeckrb5-5.so
Plugin No such file or directory loading sec.protocol libXrdSeckrb5-5.so
Plugin No such file or directory loading sec.protocol libXrdSeckrb5-5.so
Plugin No such file or directory loading sec.protocol libXrdSeckrb5-5.so
Plugin No such file or directory loading sec.protocol libXrdSeckrb5-5.so
Plugin No such file or directory loading sec.protocol libXrdSeckrb5-5.so
Plugin No such file or directory loading sec.protocol libXrdSeckrb5-5.so
Plugin No such file or directory loading sec.protocol libXrdSeckrb5-5.so
Plugin No such file or directory loading sec.protocol libXrdSeckrb5-5.so
Plugin No such file or directory loading sec.protocol libXrdSeckrb5-5.so
Plugin No such file or directory loading sec.protocol libXrdSeckrb5-5.so
Plugin No such file or directory loading sec.protocol libXrdSeckrb5-5.so
Plugin No such file or directory loading sec.protocol libXrdSeckrb5-5.so
Plugin No such file or directory loading sec.protocol libXrdSeckrb5-5.so
Plugin No such file or directory loading sec.protocol libXrdSeckrb5-5.so
Plugin No such file or directory loading sec.protocol libXrdSeckrb5-5.so
Plugin No such file or directory loading sec.protocol libXrdSeckrb5-5.so
Plugin No such file or directory loading sec.protocol libXrdSeckrb5-5.so
Plugin No such file or directory loading sec.protocol libXrdSeckrb5-5.so
Plugin No such file or directory loading sec.protocol libXrdSeckrb5-5.so
/ether/aegis/Research_HEP/make_MC_script.py:242: RuntimeWarning: divide by zero encountered in divide
  if np.sum(np.log(pb/(fc*pc + (1-fc)*pu)) > cut_77) >= 2: continue
Plugin No such file or directory loading sec.protocol libXrdSeckrb5-5.so
Plugin No such file or directory loading sec.protocol libXrdSeckrb5-5.so
/ether/aegis/Research_HEP/make_MC_script.py:242: RuntimeWarning: overflow encountered in divide
  if np.sum(np.log(pb/(fc*pc + (1-fc)*pu)) > cut_77) >= 2: continue
Plugin No such file or directory loading sec.protocol libXrdSeckrb5-5.so
Plugin No such file or directory loading sec.protocol libXrdSeckrb5-5.so
Plugin No such file or directory loading sec.protocol libXrdSeckrb5-5.so
Plugin No such file or directory loading sec.protocol libXrdSeckrb5-5.so
Plugin No such file or directory loading sec.protocol libXrdSeckrb5-5.so
Plugin No such file or directory loading sec.protocol libXrdSeckrb5-5.so
Plugin No such file or directory loading sec.protocol libXrdSeckrb5-5.so
Plugin No such file or directory loading sec.protocol libXrdSeckrb5-5.so
Plugin No such file or directory loading sec.protocol libXrdSeckrb5-5.so
Plugin No such file or directory loading sec.protocol libXrdSeckrb5-5.so
Plugin No such file or directory loading sec.protocol libXrdSeckrb5-5.so
Plugin No such file or directory loading sec.protocol libXrdSeckrb5-5.so
Plugin No such file or directory loading sec.protocol libXrdSeckrb5-5.so
Plugin No such file or directory loading sec.protocol libXrdSeckrb5-5.so
Plugin No such file or directory loading sec.protocol libXrdSeckrb5-5.so
Plugin No such file or directory loading sec.protocol libXrdSeckrb5-5.so
Plugin No such file or directory loading sec.protocol libXrdSeckrb5-5.so
Plugin No such file or directory loading sec.protocol libXrdSeckrb5-5.so
Plugin No such file or directory loading sec.protocol libXrdSeckrb5-5.so
Plugin No such file or directory loading sec.protocol libXrdSeckrb5-5.so
Plugin No such file or directory loading sec.protocol libXrdSeckrb5-5.so
Plugin No such file or directory loading sec.protocol libXrdSeckrb5-5.so
Plugin No such file or directory loading sec.protocol libXrdSeckrb5-5.so
Plugin No such file or directory loading sec.protocol libXrdSeckrb5-5.so
Plugin No such file or directory loading sec.protocol libXrdSeckrb5-5.so
Plugin No such file or directory loading sec.protocol libXrdSeckrb5-5.so
Plugin No such file or directory loading sec.protocol libXrdSeckrb5-5.so
Plugin No such file or directory loading sec.protocol libXrdSeckrb5-5.so
Plugin No such file or directory loading sec.protocol libXrdSeckrb5-5.so
Plugin No such file or directory loading sec.protocol libXrdSeckrb5-5.so
Plugin No such file or directory loading sec.protocol libXrdSeckrb5-5.so
Plugin No such file or directory loading sec.protocol libXrdSeckrb5-5.so
Plugin No such file or directory loading sec.protocol libXrdSeckrb5-5.so
Plugin No such file or directory loading sec.protocol libXrdSeckrb5-5.so
Plugin No such file or directory loading sec.protocol libXrdSeckrb5-5.so
Plugin No such file or directory loading sec.protocol libXrdSeckrb5-5.so
Plugin No such file or directory loading sec.protocol libXrdSeckrb5-5.so
Plugin No such file or directory loading sec.protocol libXrdSeckrb5-5.so
Plugin No such file or directory loading sec.protocol libXrdSeckrb5-5.so
Plugin No such file or directory loading sec.protocol libXrdSeckrb5-5.so
Plugin No such file or directory loading sec.protocol libXrdSeckrb5-5.so
Plugin No such file or directory loading sec.protocol libXrdSeckrb5-5.so
Plugin No such file or directory loading sec.protocol libXrdSeckrb5-5.so
Plugin No such file or directory loading sec.protocol libXrdSeckrb5-5.so
Plugin No such file or directory loading sec.protocol libXrdSeckrb5-5.so
Plugin No such file or directory loading sec.protocol libXrdSeckrb5-5.so
Plugin No such file or directory loading sec.protocol libXrdSeckrb5-5.so
Plugin No such file or directory loading sec.protocol libXrdSeckrb5-5.so
Plugin No such file or directory loading sec.protocol libXrdSeckrb5-5.so
Plugin No such file or directory loading sec.protocol libXrdSeckrb5-5.so
Plugin No such file or directory loading sec.protocol libXrdSeckrb5-5.so
Plugin No such file or directory loading sec.protocol libXrdSeckrb5-5.so
Plugin No such file or directory loading sec.protocol libXrdSeckrb5-5.so
Plugin No such file or directory loading sec.protocol libXrdSeckrb5-5.so
Plugin No such file or directory loading sec.protocol libXrdSeckrb5-5.so
Plugin No such file or directory loading sec.protocol libXrdSeckrb5-5.so
Plugin No such file or directory loading sec.protocol libXrdSeckrb5-5.so
Plugin No such file or directory loading sec.protocol libXrdSeckrb5-5.so
Plugin No such file or directory loading sec.protocol libXrdSeckrb5-5.so
Plugin No such file or directory loading sec.protocol libXrdSeckrb5-5.so
Plugin No such file or directory loading sec.protocol libXrdSeckrb5-5.so
Plugin No such file or directory loading sec.protocol libXrdSeckrb5-5.so
Plugin No such file or directory loading sec.protocol libXrdSeckrb5-5.so
Plugin No such file or directory loading sec.protocol libXrdSeckrb5-5.so
Plugin No such file or directory loading sec.protocol libXrdSeckrb5-5.so
Plugin No such file or directory loading sec.protocol libXrdSeckrb5-5.so
Plugin No such file or directory loading sec.protocol libXrdSeckrb5-5.so
Plugin No such file or directory loading sec.protocol libXrdSeckrb5-5.so
Plugin No such file or directory loading sec.protocol libXrdSeckrb5-5.so
Plugin No such file or directory loading sec.protocol libXrdSeckrb5-5.so
Plugin No such file or directory loading sec.protocol libXrdSeckrb5-5.so
Plugin No such file or directory loading sec.protocol libXrdSeckrb5-5.so
Plugin No such file or directory loading sec.protocol libXrdSeckrb5-5.so
Plugin No such file or directory loading sec.protocol libXrdSeckrb5-5.so
Plugin No such file or directory loading sec.protocol libXrdSeckrb5-5.so
Plugin No such file or directory loading sec.protocol libXrdSeckrb5-5.so
Plugin No such file or directory loading sec.protocol libXrdSeckrb5-5.so
Plugin No such file or directory loading sec.protocol libXrdSeckrb5-5.so
Plugin No such file or directory loading sec.protocol libXrdSeckrb5-5.so
Plugin No such file or directory loading sec.protocol libXrdSeckrb5-5.so
Plugin No such file or directory loading sec.protocol libXrdSeckrb5-5.so
Plugin No such file or directory loading sec.protocol libXrdSeckrb5-5.so
Plugin No such file or directory loading sec.protocol libXrdSeckrb5-5.so
Plugin No such file or directory loading sec.protocol libXrdSeckrb5-5.so
Plugin No such file or directory loading sec.protocol libXrdSeckrb5-5.so
Plugin No such file or directory loading sec.protocol libXrdSeckrb5-5.so
Plugin No such file or directory loading sec.protocol libXrdSeckrb5-5.so
Plugin No such file or directory loading sec.protocol libXrdSeckrb5-5.so
Plugin No such file or directory loading sec.protocol libXrdSeckrb5-5.so
Plugin No such file or directory loading sec.protocol libXrdSeckrb5-5.so
Plugin No such file or directory loading sec.protocol libXrdSeckrb5-5.so
Plugin No such file or directory loading sec.protocol libXrdSeckrb5-5.so
Plugin No such file or directory loading sec.protocol libXrdSeckrb5-5.so
Plugin No such file or directory loading sec.protocol libXrdSeckrb5-5.so
Plugin No such file or directory loading sec.protocol libXrdSeckrb5-5.so
Plugin No such file or directory loading sec.protocol libXrdSeckrb5-5.so
Plugin No such file or directory loading sec.protocol libXrdSeckrb5-5.so
Plugin No such file or directory loading sec.protocol libXrdSeckrb5-5.so
Plugin No such file or directory loading sec.protocol libXrdSeckrb5-5.so
Plugin No such file or directory loading sec.protocol libXrdSeckrb5-5.so
Plugin No such file or directory loading sec.protocol libXrdSeckrb5-5.so
Plugin No such file or directory loading sec.protocol libXrdSeckrb5-5.so
Plugin No such file or directory loading sec.protocol libXrdSeckrb5-5.so
Plugin No such file or directory loading sec.protocol libXrdSeckrb5-5.so
Plugin No such file or directory loading sec.protocol libXrdSeckrb5-5.so
Plugin No such file or directory loading sec.protocol libXrdSeckrb5-5.so
Plugin No such file or directory loading sec.protocol libXrdSeckrb5-5.so
Plugin No such file or directory loading sec.protocol libXrdSeckrb5-5.so
Plugin No such file or directory loading sec.protocol libXrdSeckrb5-5.so
Plugin No such file or directory loading sec.protocol libXrdSeckrb5-5.so
Plugin No such file or directory loading sec.protocol libXrdSeckrb5-5.so
Plugin No such file or directory loading sec.protocol libXrdSeckrb5-5.so
Plugin No such file or directory loading sec.protocol libXrdSeckrb5-5.so
Plugin No such file or directory loading sec.protocol libXrdSeckrb5-5.so
Plugin No such file or directory loading sec.protocol libXrdSeckrb5-5.so
Plugin No such file or directory loading sec.protocol libXrdSeckrb5-5.so
Plugin No such file or directory loading sec.protocol libXrdSeckrb5-5.so
Plugin No such file or directory loading sec.protocol libXrdSeckrb5-5.so
Plugin No such file or directory loading sec.protocol libXrdSeckrb5-5.so
Plugin No such file or directory loading sec.protocol libXrdSeckrb5-5.so
Plugin No such file or directory loading sec.protocol libXrdSeckrb5-5.so
Plugin No such file or directory loading sec.protocol libXrdSeckrb5-5.so
Plugin No such file or directory loading sec.protocol libXrdSeckrb5-5.so
Plugin No such file or directory loading sec.protocol libXrdSeckrb5-5.so
Plugin No such file or directory loading sec.protocol libXrdSeckrb5-5.so
Plugin No such file or directory loading sec.protocol libXrdSeckrb5-5.so
Plugin No such file or directory loading sec.protocol libXrdSeckrb5-5.so
Plugin No such file or directory loading sec.protocol libXrdSeckrb5-5.so
Plugin No such file or directory loading sec.protocol libXrdSeckrb5-5.so
Plugin No such file or directory loading sec.protocol libXrdSeckrb5-5.so
Plugin No such file or directory loading sec.protocol libXrdSeckrb5-5.so
Plugin No such file or directory loading sec.protocol libXrdSeckrb5-5.so
Plugin No such file or directory loading sec.protocol libXrdSeckrb5-5.so
Plugin No such file or directory loading sec.protocol libXrdSeckrb5-5.so
Plugin No such file or directory loading sec.protocol libXrdSeckrb5-5.so
Plugin No such file or directory loading sec.protocol libXrdSeckrb5-5.so
Plugin No such file or directory loading sec.protocol libXrdSeckrb5-5.so
Plugin No such file or directory loading sec.protocol libXrdSeckrb5-5.so
Plugin No such file or directory loading sec.protocol libXrdSeckrb5-5.so
Plugin No such file or directory loading sec.protocol libXrdSeckrb5-5.so
Plugin No such file or directory loading sec.protocol libXrdSeckrb5-5.so
Plugin No such file or directory loading sec.protocol libXrdSeckrb5-5.so
Plugin No such file or directory loading sec.protocol libXrdSeckrb5-5.so
Plugin No such file or directory loading sec.protocol libXrdSeckrb5-5.so
Plugin No such file or directory loading sec.protocol libXrdSeckrb5-5.so
Plugin No such file or directory loading sec.protocol libXrdSeckrb5-5.so
Plugin No such file or directory loading sec.protocol libXrdSeckrb5-5.so
Plugin No such file or directory loading sec.protocol libXrdSeckrb5-5.so
Plugin No such file or directory loading sec.protocol libXrdSeckrb5-5.so
Plugin No such file or directory loading sec.protocol libXrdSeckrb5-5.so
Plugin No such file or directory loading sec.protocol libXrdSeckrb5-5.so
Plugin No such file or directory loading sec.protocol libXrdSeckrb5-5.so
Plugin No such file or directory loading sec.protocol libXrdSeckrb5-5.so
Plugin No such file or directory loading sec.protocol libXrdSeckrb5-5.so
Plugin No such file or directory loading sec.protocol libXrdSeckrb5-5.so
Plugin No such file or directory loading sec.protocol libXrdSeckrb5-5.so
Plugin No such file or directory loading sec.protocol libXrdSeckrb5-5.so
Plugin No such file or directory loading sec.protocol libXrdSeckrb5-5.so
Plugin No such file or directory loading sec.protocol libXrdSeckrb5-5.so
Plugin No such file or directory loading sec.protocol libXrdSeckrb5-5.so
Plugin No such file or directory loading sec.protocol libXrdSeckrb5-5.so
Plugin No such file or directory loading sec.protocol libXrdSeckrb5-5.so
Plugin No such file or directory loading sec.protocol libXrdSeckrb5-5.so
Plugin No such file or directory loading sec.protocol libXrdSeckrb5-5.so
Plugin No such file or directory loading sec.protocol libXrdSeckrb5-5.so
Plugin No such file or directory loading sec.protocol libXrdSeckrb5-5.so
Plugin No such file or directory loading sec.protocol libXrdSeckrb5-5.so
Plugin No such file or directory loading sec.protocol libXrdSeckrb5-5.so
Plugin No such file or directory loading sec.protocol libXrdSeckrb5-5.so
Plugin No such file or directory loading sec.protocol libXrdSeckrb5-5.so
Plugin No such file or directory loading sec.protocol libXrdSeckrb5-5.so
Plugin No such file or directory loading sec.protocol libXrdSeckrb5-5.so
Plugin No such file or directory loading sec.protocol libXrdSeckrb5-5.so
Plugin No such file or directory loading sec.protocol libXrdSeckrb5-5.so
Plugin No such file or directory loading sec.protocol libXrdSeckrb5-5.so
Plugin No such file or directory loading sec.protocol libXrdSeckrb5-5.so
Plugin No such file or directory loading sec.protocol libXrdSeckrb5-5.so
Plugin No such file or directory loading sec.protocol libXrdSeckrb5-5.so
Plugin No such file or directory loading sec.protocol libXrdSeckrb5-5.so
Plugin No such file or directory loading sec.protocol libXrdSeckrb5-5.so
Plugin No such file or directory loading sec.protocol libXrdSeckrb5-5.so
Plugin No such file or directory loading sec.protocol libXrdSeckrb5-5.so
Plugin No such file or directory loading sec.protocol libXrdSeckrb5-5.so
Plugin No such file or directory loading sec.protocol libXrdSeckrb5-5.so
Plugin No such file or directory loading sec.protocol libXrdSeckrb5-5.so
Plugin No such file or directory loading sec.protocol libXrdSeckrb5-5.so
Plugin No such file or directory loading sec.protocol libXrdSeckrb5-5.so
Plugin No such file or directory loading sec.protocol libXrdSeckrb5-5.so
Plugin No such file or directory loading sec.protocol libXrdSeckrb5-5.so
Plugin No such file or directory loading sec.protocol libXrdSeckrb5-5.so
Plugin No such file or directory loading sec.protocol libXrdSeckrb5-5.so
Plugin No such file or directory loading sec.protocol libXrdSeckrb5-5.so
Plugin No such file or directory loading sec.protocol libXrdSeckrb5-5.so
Plugin No such file or directory loading sec.protocol libXrdSeckrb5-5.so
Plugin No such file or directory loading sec.protocol libXrdSeckrb5-5.so
Plugin No such file or directory loading sec.protocol libXrdSeckrb5-5.so
Plugin No such file or directory loading sec.protocol libXrdSeckrb5-5.so
Plugin No such file or directory loading sec.protocol libXrdSeckrb5-5.so
Plugin No such file or directory loading sec.protocol libXrdSeckrb5-5.so
Plugin No such file or directory loading sec.protocol libXrdSeckrb5-5.so
Plugin No such file or directory loading sec.protocol libXrdSeckrb5-5.so
Plugin No such file or directory loading sec.protocol libXrdSeckrb5-5.so
Plugin No such file or directory loading sec.protocol libXrdSeckrb5-5.so
Plugin No such file or directory loading sec.protocol libXrdSeckrb5-5.so
Plugin No such file or directory loading sec.protocol libXrdSeckrb5-5.so
Plugin No such file or directory loading sec.protocol libXrdSeckrb5-5.so
Plugin No such file or directory loading sec.protocol libXrdSeckrb5-5.so
Plugin No such file or directory loading sec.protocol libXrdSeckrb5-5.so
Plugin No such file or directory loading sec.protocol libXrdSeckrb5-5.so
Plugin No such file or directory loading sec.protocol libXrdSeckrb5-5.so
Plugin No such file or directory loading sec.protocol libXrdSeckrb5-5.so
Plugin No such file or directory loading sec.protocol libXrdSeckrb5-5.so
Plugin No such file or directory loading sec.protocol libXrdSeckrb5-5.so
Plugin No such file or directory loading sec.protocol libXrdSeckrb5-5.so
Plugin No such file or directory loading sec.protocol libXrdSeckrb5-5.so
Plugin No such file or directory loading sec.protocol libXrdSeckrb5-5.so
Plugin No such file or directory loading sec.protocol libXrdSeckrb5-5.so
Error in <TNetXNGFile::ReadBuffers>: [FATAL] Socket timeout
Error in <TBranchElement::GetBasket>: File: root://eospublic.cern.ch//eos/opendata/atlas/rucio/mc20_13TeV/DAOD_PHYSLITE.37621781._000029.pool.root.1 at byte:848775845, branch:AnalysisJetsAuxDyn.eta, entry:72000, badread=1, nerrors=1, basketnumber=296
Error in <TCollectionLessSTLReader::GetCP()>: Read error in TBranchProxy.
Error R__unzip_header: error in header.  Values: ab6
Error in <TBasket::ReadBasketBuffers>: Inconsistency found in header (nin=0, nbuf=0)
Error in <TBasket::ReadBasketBuffers>: fNbytes = 42079119, fKeylen = 6146, fObjlen = 1485380391, noutot = 0, nout=0, nin=0, nbuf=0
Error in <TBranchElement::GetBasket>: File: root://eospublic.cern.ch//eos/opendata/atlas/rucio/mc20_13TeV/DAOD_PHYSLITE.37621781._000029.pool.root.1 at byte:3996345129, branch:AnalysisJetsAuxDyn.eta, entry:76500, badread=1, nerrors=2, basketnumber=314
Error in <TCollectionLessSTLReader::GetCP()>: Read error in TBranchProxy.
Error in <TBasket::Streamer>: The value of fObjlen is incorrect (-1492237174) ; trying to recover by setting it to zero
Error in <TBasket::Streamer>: The value of fNbytes is incorrect (-45533579) ; trying to recover by setting it to zero
Error in <TBranchElement::GetBasket>: File: root://eospublic.cern.ch//eos/opendata/atlas/rucio/mc20_13TeV/DAOD_PHYSLITE.37621781._000029.pool.root.1 at byte:6807406155023292858, branch:AnalysisJetsAuxDyn.pt, entry:76500, badread=1, nerrors=3, basketnumber=314
Error in <TCollectionLessSTLReader::GetCP()>: Read error in TBranchProxy.
Error in <TBasket::Streamer>: The value of fKeylen is incorrect (-31330) ; trying to recover by setting it to zero
Error in <TBasket::Streamer>: The value of fObjlen is incorrect (-1460296052) ; trying to recover by setting it to zero
Error in <TBasket::Streamer>: The value of fNbytes is incorrect (-845698399) ; trying to recover by setting it to zero
Error in <TBasket::Streamer>: The value of fIOBits (00000000000000000000000000010111) contains unknown flags (supported flags are 00000000000000000000000000000001), indicating this was written with a newer version of ROOT utilizing critical IO features this version of ROOT does not support.  Refusing to deserialize.
Error in <TBranchElement::GetBasket>: File: root://eospublic.cern.ch//eos/opendata/atlas/rucio/mc20_13TeV/DAOD_PHYSLITE.37621781._000029.pool.root.1 at byte:3896240849959153256, branch:AnalysisJetsAuxDyn.phi, entry:76500, badread=1, nerrors=4, basketnumber=314
Error in <TCollectionLessSTLReader::GetCP()>: Read error in TBranchProxy.
Error in <TBasket::Streamer>: The value of fObjlen is incorrect (-1200424630) ; trying to recover by setting it to zero
Error in <TBasket::TBasket::Streamer>: The value of fNevBufSize (-866934573) or fIOBits (227) is incorrect ; setting the buffer to a zombie.
Error in <TBranchElement::GetBasket>: File: root://eospublic.cern.ch//eos/opendata/atlas/rucio/mc20_13TeV/DAOD_PHYSLITE.37621781._000029.pool.root.1 at byte:7067821, branch:BTagging_AntiKt4EMPFlowAuxDyn.DL1dv01_pc, entry:76500, badread=1, nerrors=5, basketnumber=314
Error in <TCollectionLessSTLReader::GetCP()>: Read error in TBranchProxy.
Error in <TBasket::Streamer>: The value of fKeylen is incorrect (-19191) ; trying to recover by setting it to zero
Error in <TBasket::TBasket::Streamer>: The value of fNevBufSize (-1344425860) or fIOBits (0) is incorrect ; setting the buffer to a zombie.
Error in <TBranchElement::GetBasket>: File: root://eospublic.cern.ch//eos/opendata/atlas/rucio/mc20_13TeV/DAOD_PHYSLITE.37621781._000029.pool.root.1 at byte:2199255369, branch:BTagging_AntiKt4EMPFlowAuxDyn.DL1dv01_pb, entry:76500, badread=1, nerrors=6, basketnumber=314
Error in <TCollectionLessSTLReader::GetCP()>: Read error in TBranchProxy.
Error in <TBasket::Streamer>: The value of fKeylen is incorrect (-24948) ; trying to recover by setting it to zero
Error in <TBasket::Streamer>: The value of fObjlen is incorrect (-710856305) ; trying to recover by setting it to zero
Error in <TBasket::Streamer>: The value of fIOBits (00000000000000000000000000110001) contains unknown flags (supported flags are 00000000000000000000000000000001), indicating this was written with a newer version of ROOT utilizing critical IO features this version of ROOT does not support.  Refusing to deserialize.
Error in <TBranchElement::GetBasket>: File: root://eospublic.cern.ch//eos/opendata/atlas/rucio/mc20_13TeV/DAOD_PHYSLITE.37621781._000029.pool.root.1 at byte:1365507617, branch:AnalysisJetsAuxDyn.m, entry:76500, badread=1, nerrors=7, basketnumber=314
Error in <TCollectionLessSTLReader::GetCP()>: Read error in TBranchProxy.
Error R__unzip_header: error in header.  Values: ab6
Error in <TBasket::ReadBasketBuffers>: Inconsistency found in header (nin=0, nbuf=0)
Error in <TBasket::ReadBasketBuffers>: fNbytes = 42079119, fKeylen = 6146, fObjlen = 1485380391, noutot = 0, nout=0, nin=0, nbuf=0
Error in <TBranchElement::GetBasket>: File: root://eospublic.cern.ch//eos/opendata/atlas/rucio/mc20_13TeV/DAOD_PHYSLITE.37621781._000029.pool.root.1 at byte:3996345129, branch:AnalysisJetsAuxDyn.eta, entry:76501, badread=1, nerrors=8, basketnumber=314
Error in <TCollectionLessSTLReader::GetCP()>: Read error in TBranchProxy.
Error in <TBasket::Streamer>: The value of fObjlen is incorrect (-1492237174) ; trying to recover by setting it to zero
Error in <TBasket::Streamer>: The value of fNbytes is incorrect (-45533579) ; trying to recover by setting it to zero
Error in <TBranchElement::GetBasket>: File: root://eospublic.cern.ch//eos/opendata/atlas/rucio/mc20_13TeV/DAOD_PHYSLITE.37621781._000029.pool.root.1 at byte:6807406155023292858, branch:AnalysisJetsAuxDyn.pt, entry:76501, badread=1, nerrors=9, basketnumber=314
Error in <TCollectionLessSTLReader::GetCP()>: Read error in TBranchProxy.
Error in <TBasket::Streamer>: The value of fKeylen is incorrect (-31330) ; trying to recover by setting it to zero
Error in <TBasket::Streamer>: The value of fObjlen is incorrect (-1460296052) ; trying to recover by setting it to zero
Error in <TBasket::Streamer>: The value of fNbytes is incorrect (-845698399) ; trying to recover by setting it to zero
Error in <TBasket::Streamer>: The value of fIOBits (00000000000000000000000000010111) contains unknown flags (supported flags are 00000000000000000000000000000001), indicating this was written with a newer version of ROOT utilizing critical IO features this version of ROOT does not support.  Refusing to deserialize.
Error in <TBranchElement::GetBasket>: File: root://eospublic.cern.ch//eos/opendata/atlas/rucio/mc20_13TeV/DAOD_PHYSLITE.37621781._000029.pool.root.1 at byte:3896240849959153256, branch:AnalysisJetsAuxDyn.phi, entry:76501, badread=1, nerrors=10, basketnumber=314
Error in <TCollectionLessSTLReader::GetCP()>: Read error in TBranchProxy.
Error in <TBasket::Streamer>: The value of fObjlen is incorrect (-1200424630) ; trying to recover by setting it to zero
Error in <TBasket::TBasket::Streamer>: The value of fNevBufSize (-866934573) or fIOBits (227) is incorrect ; setting the buffer to a zombie.
Error in <TCollectionLessSTLReader::GetCP()>: Read error in TBranchProxy.
Error in <TBasket::Streamer>: The value of fKeylen is incorrect (-19191) ; trying to recover by setting it to zero
Error in <TBasket::TBasket::Streamer>: The value of fNevBufSize (-1344425860) or fIOBits (0) is incorrect ; setting the buffer to a zombie.
Error in <TCollectionLessSTLReader::GetCP()>: Read error in TBranchProxy.
Error in <TBasket::Streamer>: The value of fKeylen is incorrect (-24948) ; trying to recover by setting it to zero
Error in <TBasket::Streamer>: The value of fObjlen is incorrect (-710856305) ; trying to recover by setting it to zero
Error in <TBasket::Streamer>: The value of fIOBits (00000000000000000000000000110001) contains unknown flags (supported flags are 00000000000000000000000000000001), indicating this was written with a newer version of ROOT utilizing critical IO features this version of ROOT does not support.  Refusing to deserialize.
Error in <TCollectionLessSTLReader::GetCP()>: Read error in TBranchProxy.
Error R__unzip_header: error in header.  Values: ab6
Error in <TBasket::ReadBasketBuffers>: Inconsistency found in header (nin=0, nbuf=0)
Error in <TBasket::ReadBasketBuffers>: fNbytes = 42079119, fKeylen = 6146, fObjlen = 1485380391, noutot = 0, nout=0, nin=0, nbuf=0
Error in <TCollectionLessSTLReader::GetCP()>: Read error in TBranchProxy.
Error in <TBasket::Streamer>: The value of fObjlen is incorrect (-1492237174) ; trying to recover by setting it to zero
Error in <TBasket::Streamer>: The value of fNbytes is incorrect (-45533579) ; trying to recover by setting it to zero
Error in <TCollectionLessSTLReader::GetCP()>: Read error in TBranchProxy.
Error in <TBasket::Streamer>: The value of fKeylen is incorrect (-31330) ; trying to recover by setting it to zero
Error in <TBasket::Streamer>: The value of fObjlen is incorrect (-1460296052) ; trying to recover by setting it to zero
Error in <TBasket::Streamer>: The value of fNbytes is incorrect (-845698399) ; trying to recover by setting it to zero
Error in <TBasket::Streamer>: The value of fIOBits (00000000000000000000000000010111) contains unknown flags (supported flags are 00000000000000000000000000000001), indicating this was written with a newer version of ROOT utilizing critical IO features this version of ROOT does not support.  Refusing to deserialize.
Error in <TCollectionLessSTLReader::GetCP()>: Read error in TBranchProxy.
Error in <TBasket::Streamer>: The value of fObjlen is incorrect (-1200424630) ; trying to recover by setting it to zero
Error in <TBasket::TBasket::Streamer>: The value of fNevBufSize (-866934573) or fIOBits (227) is incorrect ; setting the buffer to a zombie.
Error in <TCollectionLessSTLReader::GetCP()>: Read error in TBranchProxy.
Error in <TBasket::Streamer>: The value of fKeylen is incorrect (-19191) ; trying to recover by setting it to zero
Error in <TBasket::TBasket::Streamer>: The value of fNevBufSize (-1344425860) or fIOBits (0) is incorrect ; setting the buffer to a zombie.
Error in <TCollectionLessSTLReader::GetCP()>: Read error in TBranchProxy.
Error in <TBasket::Streamer>: The value of fKeylen is incorrect (-24948) ; trying to recover by setting it to zero
Error in <TBasket::Streamer>: The value of fObjlen is incorrect (-710856305) ; trying to recover by setting it to zero
Error in <TBasket::Streamer>: The value of fIOBits (00000000000000000000000000110001) contains unknown flags (supported flags are 00000000000000000000000000000001), indicating this was written with a newer version of ROOT utilizing critical IO features this version of ROOT does not support.  Refusing to deserialize.
Error in <TCollectionLessSTLReader::GetCP()>: Read error in TBranchProxy.
Error R__unzip_header: error in header.  Values: ab6
Error in <TBasket::ReadBasketBuffers>: Inconsistency found in header (nin=0, nbuf=0)
Error in <TBasket::ReadBasketBuffers>: fNbytes = 42079119, fKeylen = 6146, fObjlen = 1485380391, noutot = 0, nout=0, nin=0, nbuf=0
Error in <TCollectionLessSTLReader::GetCP()>: Read error in TBranchProxy.
Error in <TBasket::Streamer>: The value of fObjlen is incorrect (-1492237174) ; trying to recover by setting it to zero
Error in <TBasket::Streamer>: The value of fNbytes is incorrect (-45533579) ; trying to recover by setting it to zero
Error in <TCollectionLessSTLReader::GetCP()>: Read error in TBranchProxy.
Error in <TBasket::Streamer>: The value of fKeylen is incorrect (-31330) ; trying to recover by setting it to zero
Error in <TBasket::Streamer>: The value of fObjlen is incorrect (-1460296052) ; trying to recover by setting it to zero
Error in <TBasket::Streamer>: The value of fNbytes is incorrect (-845698399) ; trying to recover by setting it to zero
Error in <TBasket::Streamer>: The value of fIOBits (00000000000000000000000000010111) contains unknown flags (supported flags are 00000000000000000000000000000001), indicating this was written with a newer version of ROOT utilizing critical IO features this version of ROOT does not support.  Refusing to deserialize.
Error in <TCollectionLessSTLReader::GetCP()>: Read error in TBranchProxy.
Error in <TBasket::Streamer>: The value of fObjlen is incorrect (-1200424630) ; trying to recover by setting it to zero
Error in <TBasket::TBasket::Streamer>: The value of fNevBufSize (-866934573) or fIOBits (227) is incorrect ; setting the buffer to a zombie.
Error in <TCollectionLessSTLReader::GetCP()>: Read error in TBranchProxy.
Error in <TBasket::Streamer>: The value of fKeylen is incorrect (-19191) ; trying to recover by setting it to zero
Error in <TBasket::TBasket::Streamer>: The value of fNevBufSize (-1344425860) or fIOBits (0) is incorrect ; setting the buffer to a zombie.
Error in <TCollectionLessSTLReader::GetCP()>: Read error in TBranchProxy.
Error in <TBasket::Streamer>: The value of fKeylen is incorrect (-24948) ; trying to recover by setting it to zero
Error in <TBasket::Streamer>: The value of fObjlen is incorrect (-710856305) ; trying to recover by setting it to zero
Error in <TBasket::Streamer>: The value of fIOBits (00000000000000000000000000110001) contains unknown flags (supported flags are 00000000000000000000000000000001), indicating this was written with a newer version of ROOT utilizing critical IO features this version of ROOT does not support.  Refusing to deserialize.
Error in <TCollectionLessSTLReader::GetCP()>: Read error in TBranchProxy.
Error R__unzip_header: error in header.  Values: ab6
Error in <TBasket::ReadBasketBuffers>: Inconsistency found in header (nin=0, nbuf=0)
Error in <TBasket::ReadBasketBuffers>: fNbytes = 42079119, fKeylen = 6146, fObjlen = 1485380391, noutot = 0, nout=0, nin=0, nbuf=0
Error in <TCollectionLessSTLReader::GetCP()>: Read error in TBranchProxy.
Error in <TBasket::Streamer>: The value of fObjlen is incorrect (-1492237174) ; trying to recover by setting it to zero
Error in <TBasket::Streamer>: The value of fNbytes is incorrect (-45533579) ; trying to recover by setting it to zero
Error in <TCollectionLessSTLReader::GetCP()>: Read error in TBranchProxy.
Error in <TBasket::Streamer>: The value of fKeylen is incorrect (-31330) ; trying to recover by setting it to zero
Error in <TBasket::Streamer>: The value of fObjlen is incorrect (-1460296052) ; trying to recover by setting it to zero
Error in <TBasket::Streamer>: The value of fNbytes is incorrect (-845698399) ; trying to recover by setting it to zero
Error in <TBasket::Streamer>: The value of fIOBits (00000000000000000000000000010111) contains unknown flags (supported flags are 00000000000000000000000000000001), indicating this was written with a newer version of ROOT utilizing critical IO features this version of ROOT does not support.  Refusing to deserialize.
Error in <TCollectionLessSTLReader::GetCP()>: Read error in TBranchProxy.
Error in <TBasket::Streamer>: The value of fObjlen is incorrect (-1200424630) ; trying to recover by setting it to zero
Error in <TBasket::TBasket::Streamer>: The value of fNevBufSize (-866934573) or fIOBits (227) is incorrect ; setting the buffer to a zombie.
Error in <TCollectionLessSTLReader::GetCP()>: Read error in TBranchProxy.
Error in <TBasket::Streamer>: The value of fKeylen is incorrect (-19191) ; trying to recover by setting it to zero
Error in <TBasket::TBasket::Streamer>: The value of fNevBufSize (-1344425860) or fIOBits (0) is incorrect ; setting the buffer to a zombie.
Error in <TCollectionLessSTLReader::GetCP()>: Read error in TBranchProxy.
Error in <TBasket::Streamer>: The value of fKeylen is incorrect (-24948) ; trying to recover by setting it to zero
Error in <TBasket::Streamer>: The value of fObjlen is incorrect (-710856305) ; trying to recover by setting it to zero
Error in <TBasket::Streamer>: Maximum number of errors has been reported; disabling further messagesfrom this location until the process exits.
Error in <TCollectionLessSTLReader::GetCP()>: Read error in TBranchProxy.
Error R__unzip_header: error in header.  Values: ab6
Error in <TBasket::ReadBasketBuffers>: Inconsistency found in header (nin=0, nbuf=0)
Error in <TBasket::ReadBasketBuffers>: fNbytes = 42079119, fKeylen = 6146, fObjlen = 1485380391, noutot = 0, nout=0, nin=0, nbuf=0
Error in <TCollectionLessSTLReader::GetCP()>: Read error in TBranchProxy.
Error in <TBasket::Streamer>: The value of fObjlen is incorrect (-1492237174) ; trying to recover by setting it to zero
Error in <TBasket::Streamer>: The value of fNbytes is incorrect (-45533579) ; trying to recover by setting it to zero
Error in <TCollectionLessSTLReader::GetCP()>: Read error in TBranchProxy.
Error in <TBasket::Streamer>: The value of fKeylen is incorrect (-31330) ; trying to recover by setting it to zero
Error in <TBasket::Streamer>: The value of fObjlen is incorrect (-1460296052) ; trying to recover by setting it to zero
Error in <TBasket::Streamer>: The value of fNbytes is incorrect (-845698399) ; trying to recover by setting it to zero
Error in <TCollectionLessSTLReader::GetCP()>: Read error in TBranchProxy.
Error in <TBasket::Streamer>: The value of fObjlen is incorrect (-1200424630) ; trying to recover by setting it to zero
Error in <TBasket::TBasket::Streamer>: The value of fNevBufSize (-866934573) or fIOBits (227) is incorrect ; setting the buffer to a zombie.
Error in <TCollectionLessSTLReader::GetCP()>: Read error in TBranchProxy.
Error in <TBasket::Streamer>: The value of fKeylen is incorrect (-19191) ; trying to recover by setting it to zero
Error in <TBasket::TBasket::Streamer>: The value of fNevBufSize (-1344425860) or fIOBits (0) is incorrect ; setting the buffer to a zombie.
Error in <TCollectionLessSTLReader::GetCP()>: Read error in TBranchProxy.
Error in <TBasket::Streamer>: The value of fKeylen is incorrect (-24948) ; trying to recover by setting it to zero
Error in <TBasket::Streamer>: The value of fObjlen is incorrect (-710856305) ; trying to recover by setting it to zero
Error in <TCollectionLessSTLReader::GetCP()>: Read error in TBranchProxy.
Error R__unzip_header: error in header.  Values: ab6
Error in <TBasket::ReadBasketBuffers>: Inconsistency found in header (nin=0, nbuf=0)
Error in <TBasket::ReadBasketBuffers>: fNbytes = 42079119, fKeylen = 6146, fObjlen = 1485380391, noutot = 0, nout=0, nin=0, nbuf=0
Error in <TCollectionLessSTLReader::GetCP()>: Read error in TBranchProxy.
Error in <TBasket::Streamer>: The value of fObjlen is incorrect (-1492237174) ; trying to recover by setting it to zero
Error in <TBasket::Streamer>: The value of fNbytes is incorrect (-45533579) ; trying to recover by setting it to zero
Error in <TCollectionLessSTLReader::GetCP()>: Read error in TBranchProxy.
Error in <TBasket::Streamer>: The value of fKeylen is incorrect (-31330) ; trying to recover by setting it to zero
Error in <TBasket::Streamer>: The value of fObjlen is incorrect (-1460296052) ; trying to recover by setting it to zero
Error in <TBasket::Streamer>: The value of fNbytes is incorrect (-845698399) ; trying to recover by setting it to zero
Error in <TCollectionLessSTLReader::GetCP()>: Read error in TBranchProxy.
Error in <TBasket::Streamer>: The value of fObjlen is incorrect (-1200424630) ; trying to recover by setting it to zero
Error in <TBasket::TBasket::Streamer>: The value of fNevBufSize (-866934573) or fIOBits (227) is incorrect ; setting the buffer to a zombie.
Error in <TCollectionLessSTLReader::GetCP()>: Read error in TBranchProxy.
Error in <TBasket::Streamer>: The value of fKeylen is incorrect (-19191) ; trying to recover by setting it to zero
Error in <TBasket::TBasket::Streamer>: The value of fNevBufSize (-1344425860) or fIOBits (0) is incorrect ; setting the buffer to a zombie.
Error in <TCollectionLessSTLReader::GetCP()>: Read error in TBranchProxy.
Error in <TBasket::Streamer>: The value of fKeylen is incorrect (-24948) ; trying to recover by setting it to zero
Error in <TBasket::Streamer>: The value of fObjlen is incorrect (-710856305) ; trying to recover by setting it to zero
Error in <TCollectionLessSTLReader::GetCP()>: Read error in TBranchProxy.
Error R__unzip_header: error in header.  Values: ab6
Error in <TBasket::ReadBasketBuffers>: Inconsistency found in header (nin=0, nbuf=0)
Error in <TBasket::ReadBasketBuffers>: fNbytes = 42079119, fKeylen = 6146, fObjlen = 1485380391, noutot = 0, nout=0, nin=0, nbuf=0
Error in <TCollectionLessSTLReader::GetCP()>: Read error in TBranchProxy.
Error in <TBasket::Streamer>: The value of fObjlen is incorrect (-1492237174) ; trying to recover by setting it to zero
Error in <TBasket::Streamer>: The value of fNbytes is incorrect (-45533579) ; trying to recover by setting it to zero
Error in <TCollectionLessSTLReader::GetCP()>: Read error in TBranchProxy.
Error in <TBasket::Streamer>: The value of fKeylen is incorrect (-31330) ; trying to recover by setting it to zero
Error in <TBasket::Streamer>: The value of fObjlen is incorrect (-1460296052) ; trying to recover by setting it to zero
Error in <TBasket::Streamer>: The value of fNbytes is incorrect (-845698399) ; trying to recover by setting it to zero
Error in <TCollectionLessSTLReader::GetCP()>: Read error in TBranchProxy.
Error in <TBasket::Streamer>: The value of fObjlen is incorrect (-1200424630) ; trying to recover by setting it to zero
Error in <TBasket::TBasket::Streamer>: The value of fNevBufSize (-866934573) or fIOBits (227) is incorrect ; setting the buffer to a zombie.
Error in <TCollectionLessSTLReader::GetCP()>: Read error in TBranchProxy.
Error in <TBasket::Streamer>: The value of fKeylen is incorrect (-19191) ; trying to recover by setting it to zero
Error in <TBasket::TBasket::Streamer>: The value of fNevBufSize (-1344425860) or fIOBits (0) is incorrect ; setting the buffer to a zombie.
Error in <TCollectionLessSTLReader::GetCP()>: Read error in TBranchProxy.
Error in <TBasket::Streamer>: The value of fKeylen is incorrect (-24948) ; trying to recover by setting it to zero
Error in <TBasket::Streamer>: The value of fObjlen is incorrect (-710856305) ; trying to recover by setting it to zero
Error in <TCollectionLessSTLReader::GetCP()>: Read error in TBranchProxy.
Error R__unzip_header: error in header.  Values: ab6
Error in <TBasket::ReadBasketBuffers>: Inconsistency found in header (nin=0, nbuf=0)
Error in <TBasket::ReadBasketBuffers>: fNbytes = 42079119, fKeylen = 6146, fObjlen = 1485380391, noutot = 0, nout=0, nin=0, nbuf=0
Error in <TCollectionLessSTLReader::GetCP()>: Read error in TBranchProxy.
Error in <TBasket::Streamer>: The value of fObjlen is incorrect (-1492237174) ; trying to recover by setting it to zero
Error in <TBasket::Streamer>: The value of fNbytes is incorrect (-45533579) ; trying to recover by setting it to zero
Error in <TCollectionLessSTLReader::GetCP()>: Read error in TBranchProxy.
Error in <TBasket::Streamer>: The value of fKeylen is incorrect (-31330) ; trying to recover by setting it to zero
Error in <TBasket::Streamer>: The value of fObjlen is incorrect (-1460296052) ; trying to recover by setting it to zero
Error in <TBasket::Streamer>: The value of fNbytes is incorrect (-845698399) ; trying to recover by setting it to zero
Error in <TCollectionLessSTLReader::GetCP()>: Read error in TBranchProxy.
Error in <TBasket::Streamer>: The value of fObjlen is incorrect (-1200424630) ; trying to recover by setting it to zero
Error in <TBasket::TBasket::Streamer>: The value of fNevBufSize (-866934573) or fIOBits (227) is incorrect ; setting the buffer to a zombie.
Error in <TCollectionLessSTLReader::GetCP()>: Read error in TBranchProxy.
Error in <TBasket::Streamer>: The value of fKeylen is incorrect (-19191) ; trying to recover by setting it to zero
Error in <TBasket::TBasket::Streamer>: The value of fNevBufSize (-1344425860) or fIOBits (0) is incorrect ; setting the buffer to a zombie.
Error in <TCollectionLessSTLReader::GetCP()>: Read error in TBranchProxy.
Error in <TBasket::Streamer>: The value of fKeylen is incorrect (-24948) ; trying to recover by setting it to zero
Error in <TBasket::Streamer>: The value of fObjlen is incorrect (-710856305) ; trying to recover by setting it to zero
Error in <TCollectionLessSTLReader::GetCP()>: Read error in TBranchProxy.
Error R__unzip_header: error in header.  Values: ab6
Error in <TBasket::ReadBasketBuffers>: Inconsistency found in header (nin=0, nbuf=0)
Error in <TBasket::ReadBasketBuffers>: fNbytes = 42079119, fKeylen = 6146, fObjlen = 1485380391, noutot = 0, nout=0, nin=0, nbuf=0
Error in <TCollectionLessSTLReader::GetCP()>: Read error in TBranchProxy.
Error in <TBasket::Streamer>: The value of fObjlen is incorrect (-1492237174) ; trying to recover by setting it to zero
Error in <TBasket::Streamer>: The value of fNbytes is incorrect (-45533579) ; trying to recover by setting it to zero
Error in <TCollectionLessSTLReader::GetCP()>: Read error in TBranchProxy.
Error in <TBasket::Streamer>: The value of fKeylen is incorrect (-31330) ; trying to recover by setting it to zero
Error in <TBasket::Streamer>: The value of fObjlen is incorrect (-1460296052) ; trying to recover by setting it to zero
Error in <TBasket::Streamer>: The value of fNbytes is incorrect (-845698399) ; trying to recover by setting it to zero
Error in <TCollectionLessSTLReader::GetCP()>: Read error in TBranchProxy.
Error in <TBasket::Streamer>: The value of fObjlen is incorrect (-1200424630) ; trying to recover by setting it to zero
Error in <TBasket::TBasket::Streamer>: The value of fNevBufSize (-866934573) or fIOBits (227) is incorrect ; setting the buffer to a zombie.
Error in <TCollectionLessSTLReader::GetCP()>: Read error in TBranchProxy.
Error in <TBasket::Streamer>: The value of fKeylen is incorrect (-19191) ; trying to recover by setting it to zero
Error in <TBasket::TBasket::Streamer>: The value of fNevBufSize (-1344425860) or fIOBits (0) is incorrect ; setting the buffer to a zombie.
Error in <TCollectionLessSTLReader::GetCP()>: Read error in TBranchProxy.
Error in <TBasket::Streamer>: The value of fKeylen is incorrect (-24948) ; trying to recover by setting it to zero
Error in <TBasket::Streamer>: The value of fObjlen is incorrect (-710856305) ; trying to recover by setting it to zero
Error in <TCollectionLessSTLReader::GetCP()>: Read error in TBranchProxy.
Error R__unzip_header: error in header.  Values: ab6
Error in <TBasket::ReadBasketBuffers>: Inconsistency found in header (nin=0, nbuf=0)
Error in <TBasket::ReadBasketBuffers>: fNbytes = 42079119, fKeylen = 6146, fObjlen = 1485380391, noutot = 0, nout=0, nin=0, nbuf=0
Error in <TCollectionLessSTLReader::GetCP()>: Read error in TBranchProxy.
Error in <TBasket::Streamer>: The value of fObjlen is incorrect (-1492237174) ; trying to recover by setting it to zero
Error in <TBasket::Streamer>: The value of fNbytes is incorrect (-45533579) ; trying to recover by setting it to zero
Error in <TCollectionLessSTLReader::GetCP()>: Read error in TBranchProxy.
Error in <TBasket::Streamer>: The value of fKeylen is incorrect (-31330) ; trying to recover by setting it to zero
Error in <TBasket::Streamer>: The value of fObjlen is incorrect (-1460296052) ; trying to recover by setting it to zero
Error in <TBasket::Streamer>: The value of fNbytes is incorrect (-845698399) ; trying to recover by setting it to zero
Error in <TCollectionLessSTLReader::GetCP()>: Read error in TBranchProxy.
Error in <TBasket::Streamer>: The value of fObjlen is incorrect (-1200424630) ; trying to recover by setting it to zero
Error in <TBasket::TBasket::Streamer>: The value of fNevBufSize (-866934573) or fIOBits (227) is incorrect ; setting the buffer to a zombie.
Error in <TCollectionLessSTLReader::GetCP()>: Read error in TBranchProxy.
Error in <TBasket::Streamer>: The value of fKeylen is incorrect (-19191) ; trying to recover by setting it to zero
Error in <TBasket::TBasket::Streamer>: The value of fNevBufSize (-1344425860) or fIOBits (0) is incorrect ; setting the buffer to a zombie.
Error in <TCollectionLessSTLReader::GetCP()>: Read error in TBranchProxy.
Error in <TBasket::Streamer>: The value of fKeylen is incorrect (-24948) ; trying to recover by setting it to zero
Error in <TBasket::Streamer>: The value of fObjlen is incorrect (-710856305) ; trying to recover by setting it to zero
Error in <TCollectionLessSTLReader::GetCP()>: Read error in TBranchProxy.
Error R__unzip_header: error in header.  Values: ab6
Error in <TBasket::ReadBasketBuffers>: Inconsistency found in header (nin=0, nbuf=0)
Error in <TBasket::ReadBasketBuffers>: fNbytes = 42079119, fKeylen = 6146, fObjlen = 1485380391, noutot = 0, nout=0, nin=0, nbuf=0
Error in <TCollectionLessSTLReader::GetCP()>: Read error in TBranchProxy.
Error in <TBasket::Streamer>: The value of fObjlen is incorrect (-1492237174) ; trying to recover by setting it to zero
Error in <TBasket::Streamer>: The value of fNbytes is incorrect (-45533579) ; trying to recover by setting it to zero
Error in <TCollectionLessSTLReader::GetCP()>: Read error in TBranchProxy.
Error in <TBasket::Streamer>: The value of fKeylen is incorrect (-31330) ; trying to recover by setting it to zero
Error in <TBasket::Streamer>: The value of fObjlen is incorrect (-1460296052) ; trying to recover by setting it to zero
Error in <TBasket::Streamer>: The value of fNbytes is incorrect (-845698399) ; trying to recover by setting it to zero
Error in <TCollectionLessSTLReader::GetCP()>: Read error in TBranchProxy.
Error in <TBasket::Streamer>: The value of fObjlen is incorrect (-1200424630) ; trying to recover by setting it to zero
Error in <TBasket::TBasket::Streamer>: The value of fNevBufSize (-866934573) or fIOBits (227) is incorrect ; setting the buffer to a zombie.
Error in <TCollectionLessSTLReader::GetCP()>: Read error in TBranchProxy.
Error in <TBasket::Streamer>: The value of fKeylen is incorrect (-19191) ; trying to recover by setting it to zero
Error in <TBasket::TBasket::Streamer>: The value of fNevBufSize (-1344425860) or fIOBits (0) is incorrect ; setting the buffer to a zombie.
Error in <TCollectionLessSTLReader::GetCP()>: Read error in TBranchProxy.
Error in <TBasket::Streamer>: The value of fKeylen is incorrect (-24948) ; trying to recover by setting it to zero
Error in <TBasket::Streamer>: The value of fObjlen is incorrect (-710856305) ; trying to recover by setting it to zero
Error in <TCollectionLessSTLReader::GetCP()>: Read error in TBranchProxy.
Error R__unzip_header: error in header.  Values: ab6
Error in <TBasket::ReadBasketBuffers>: Inconsistency found in header (nin=0, nbuf=0)
Error in <TBasket::ReadBasketBuffers>: fNbytes = 42079119, fKeylen = 6146, fObjlen = 1485380391, noutot = 0, nout=0, nin=0, nbuf=0
Error in <TCollectionLessSTLReader::GetCP()>: Read error in TBranchProxy.
Error in <TBasket::Streamer>: The value of fObjlen is incorrect (-1492237174) ; trying to recover by setting it to zero
Error in <TBasket::Streamer>: The value of fNbytes is incorrect (-45533579) ; trying to recover by setting it to zero
Error in <TCollectionLessSTLReader::GetCP()>: Read error in TBranchProxy.
Error in <TBasket::Streamer>: The value of fKeylen is incorrect (-31330) ; trying to recover by setting it to zero
Error in <TBasket::Streamer>: The value of fObjlen is incorrect (-1460296052) ; trying to recover by setting it to zero
Error in <TBasket::Streamer>: The value of fNbytes is incorrect (-845698399) ; trying to recover by setting it to zero
Error in <TCollectionLessSTLReader::GetCP()>: Read error in TBranchProxy.
Error in <TBasket::Streamer>: The value of fObjlen is incorrect (-1200424630) ; trying to recover by setting it to zero
Error in <TBasket::TBasket::Streamer>: The value of fNevBufSize (-866934573) or fIOBits (227) is incorrect ; setting the buffer to a zombie.
Error in <TCollectionLessSTLReader::GetCP()>: Read error in TBranchProxy.
Error in <TBasket::Streamer>: The value of fKeylen is incorrect (-19191) ; trying to recover by setting it to zero
Error in <TBasket::TBasket::Streamer>: The value of fNevBufSize (-1344425860) or fIOBits (0) is incorrect ; setting the buffer to a zombie.
Error in <TCollectionLessSTLReader::GetCP()>: Read error in TBranchProxy.
Error in <TBasket::Streamer>: The value of fKeylen is incorrect (-24948) ; trying to recover by setting it to zero
Error in <TBasket::Streamer>: The value of fObjlen is incorrect (-710856305) ; trying to recover by setting it to zero
Error in <TCollectionLessSTLReader::GetCP()>: Read error in TBranchProxy.
Error R__unzip_header: error in header.  Values: ab6
Error in <TBasket::ReadBasketBuffers>: Inconsistency found in header (nin=0, nbuf=0)
Error in <TBasket::ReadBasketBuffers>: fNbytes = 42079119, fKeylen = 6146, fObjlen = 1485380391, noutot = 0, nout=0, nin=0, nbuf=0
Error in <TCollectionLessSTLReader::GetCP()>: Read error in TBranchProxy.
Error in <TBasket::Streamer>: The value of fObjlen is incorrect (-1492237174) ; trying to recover by setting it to zero
Error in <TBasket::Streamer>: The value of fNbytes is incorrect (-45533579) ; trying to recover by setting it to zero
Error in <TCollectionLessSTLReader::GetCP()>: Read error in TBranchProxy.
Error in <TBasket::Streamer>: The value of fKeylen is incorrect (-31330) ; trying to recover by setting it to zero
Error in <TBasket::Streamer>: The value of fObjlen is incorrect (-1460296052) ; trying to recover by setting it to zero
Error in <TBasket::Streamer>: The value of fNbytes is incorrect (-845698399) ; trying to recover by setting it to zero
Error in <TCollectionLessSTLReader::GetCP()>: Read error in TBranchProxy.
Error in <TBasket::Streamer>: The value of fObjlen is incorrect (-1200424630) ; trying to recover by setting it to zero
Error in <TBasket::TBasket::Streamer>: The value of fNevBufSize (-866934573) or fIOBits (227) is incorrect ; setting the buffer to a zombie.
Error in <TCollectionLessSTLReader::GetCP()>: Read error in TBranchProxy.
Error in <TBasket::Streamer>: The value of fKeylen is incorrect (-19191) ; trying to recover by setting it to zero
Error in <TBasket::TBasket::Streamer>: The value of fNevBufSize (-1344425860) or fIOBits (0) is incorrect ; setting the buffer to a zombie.
Error in <TCollectionLessSTLReader::GetCP()>: Read error in TBranchProxy.
Error in <TBasket::Streamer>: The value of fKeylen is incorrect (-24948) ; trying to recover by setting it to zero
Error in <TBasket::Streamer>: The value of fObjlen is incorrect (-710856305) ; trying to recover by setting it to zero
Error in <TCollectionLessSTLReader::GetCP()>: Read error in TBranchProxy.
Error R__unzip_header: error in header.  Values: ab6
Error in <TBasket::ReadBasketBuffers>: Inconsistency found in header (nin=0, nbuf=0)
Error in <TBasket::ReadBasketBuffers>: fNbytes = 42079119, fKeylen = 6146, fObjlen = 1485380391, noutot = 0, nout=0, nin=0, nbuf=0
Error in <TCollectionLessSTLReader::GetCP()>: Read error in TBranchProxy.
Error in <TBasket::Streamer>: The value of fObjlen is incorrect (-1492237174) ; trying to recover by setting it to zero
Error in <TBasket::Streamer>: The value of fNbytes is incorrect (-45533579) ; trying to recover by setting it to zero
Error in <TCollectionLessSTLReader::GetCP()>: Read error in TBranchProxy.
Error in <TBasket::Streamer>: The value of fKeylen is incorrect (-31330) ; trying to recover by setting it to zero
Error in <TBasket::Streamer>: The value of fObjlen is incorrect (-1460296052) ; trying to recover by setting it to zero
Error in <TBasket::Streamer>: The value of fNbytes is incorrect (-845698399) ; trying to recover by setting it to zero
Error in <TCollectionLessSTLReader::GetCP()>: Read error in TBranchProxy.
Error in <TBasket::Streamer>: The value of fObjlen is incorrect (-1200424630) ; trying to recover by setting it to zero
Error in <TBasket::TBasket::Streamer>: The value of fNevBufSize (-866934573) or fIOBits (227) is incorrect ; setting the buffer to a zombie.
Error in <TCollectionLessSTLReader::GetCP()>: Read error in TBranchProxy.
Error in <TBasket::Streamer>: The value of fKeylen is incorrect (-19191) ; trying to recover by setting it to zero
Error in <TBasket::TBasket::Streamer>: The value of fNevBufSize (-1344425860) or fIOBits (0) is incorrect ; setting the buffer to a zombie.
Error in <TCollectionLessSTLReader::GetCP()>: Read error in TBranchProxy.
Error in <TBasket::Streamer>: The value of fKeylen is incorrect (-24948) ; trying to recover by setting it to zero
Error in <TBasket::Streamer>: The value of fObjlen is incorrect (-710856305) ; trying to recover by setting it to zero
Error in <TCollectionLessSTLReader::GetCP()>: Read error in TBranchProxy.
Error R__unzip_header: error in header.  Values: ab6
Error in <TBasket::ReadBasketBuffers>: Inconsistency found in header (nin=0, nbuf=0)
Error in <TBasket::ReadBasketBuffers>: fNbytes = 42079119, fKeylen = 6146, fObjlen = 1485380391, noutot = 0, nout=0, nin=0, nbuf=0
Error in <TCollectionLessSTLReader::GetCP()>: Read error in TBranchProxy.
Error in <TBasket::Streamer>: The value of fObjlen is incorrect (-1492237174) ; trying to recover by setting it to zero
Error in <TBasket::Streamer>: The value of fNbytes is incorrect (-45533579) ; trying to recover by setting it to zero
Error in <TCollectionLessSTLReader::GetCP()>: Read error in TBranchProxy.
Error in <TBasket::Streamer>: The value of fKeylen is incorrect (-31330) ; trying to recover by setting it to zero
Error in <TBasket::Streamer>: The value of fObjlen is incorrect (-1460296052) ; trying to recover by setting it to zero
Error in <TBasket::Streamer>: The value of fNbytes is incorrect (-845698399) ; trying to recover by setting it to zero
Error in <TCollectionLessSTLReader::GetCP()>: Read error in TBranchProxy.
Error in <TBasket::Streamer>: The value of fObjlen is incorrect (-1200424630) ; trying to recover by setting it to zero
Error in <TBasket::TBasket::Streamer>: The value of fNevBufSize (-866934573) or fIOBits (227) is incorrect ; setting the buffer to a zombie.
Error in <TCollectionLessSTLReader::GetCP()>: Read error in TBranchProxy.
Error in <TBasket::Streamer>: The value of fKeylen is incorrect (-19191) ; trying to recover by setting it to zero
Error in <TBasket::TBasket::Streamer>: The value of fNevBufSize (-1344425860) or fIOBits (0) is incorrect ; setting the buffer to a zombie.
Error in <TCollectionLessSTLReader::GetCP()>: Read error in TBranchProxy.
Error in <TBasket::Streamer>: The value of fKeylen is incorrect (-24948) ; trying to recover by setting it to zero
Error in <TBasket::Streamer>: The value of fObjlen is incorrect (-710856305) ; trying to recover by setting it to zero
Error in <TCollectionLessSTLReader::GetCP()>: Read error in TBranchProxy.
Error R__unzip_header: error in header.  Values: ab6
Error in <TBasket::ReadBasketBuffers>: Inconsistency found in header (nin=0, nbuf=0)
Error in <TBasket::ReadBasketBuffers>: fNbytes = 42079119, fKeylen = 6146, fObjlen = 1485380391, noutot = 0, nout=0, nin=0, nbuf=0
Error in <TCollectionLessSTLReader::GetCP()>: Read error in TBranchProxy.
Error in <TBasket::Streamer>: The value of fObjlen is incorrect (-1492237174) ; trying to recover by setting it to zero
Error in <TBasket::Streamer>: The value of fNbytes is incorrect (-45533579) ; trying to recover by setting it to zero
Error in <TCollectionLessSTLReader::GetCP()>: Read error in TBranchProxy.
Error in <TBasket::Streamer>: The value of fKeylen is incorrect (-31330) ; trying to recover by setting it to zero
Error in <TBasket::Streamer>: The value of fObjlen is incorrect (-1460296052) ; trying to recover by setting it to zero
Error in <TBasket::Streamer>: The value of fNbytes is incorrect (-845698399) ; trying to recover by setting it to zero
Error in <TCollectionLessSTLReader::GetCP()>: Read error in TBranchProxy.
Error in <TBasket::Streamer>: The value of fObjlen is incorrect (-1200424630) ; trying to recover by setting it to zero
Error in <TBasket::TBasket::Streamer>: The value of fNevBufSize (-866934573) or fIOBits (227) is incorrect ; setting the buffer to a zombie.
Error in <TCollectionLessSTLReader::GetCP()>: Read error in TBranchProxy.
Error in <TBasket::Streamer>: The value of fKeylen is incorrect (-19191) ; trying to recover by setting it to zero
Error in <TBasket::TBasket::Streamer>: The value of fNevBufSize (-1344425860) or fIOBits (0) is incorrect ; setting the buffer to a zombie.
Error in <TCollectionLessSTLReader::GetCP()>: Read error in TBranchProxy.
Error in <TBasket::Streamer>: The value of fKeylen is incorrect (-24948) ; trying to recover by setting it to zero
Error in <TBasket::Streamer>: The value of fObjlen is incorrect (-710856305) ; trying to recover by setting it to zero
Error in <TCollectionLessSTLReader::GetCP()>: Read error in TBranchProxy.
Error R__unzip_header: error in header.  Values: ab6
Error in <TBasket::ReadBasketBuffers>: Inconsistency found in header (nin=0, nbuf=0)
Error in <TBasket::ReadBasketBuffers>: fNbytes = 42079119, fKeylen = 6146, fObjlen = 1485380391, noutot = 0, nout=0, nin=0, nbuf=0
Error in <TCollectionLessSTLReader::GetCP()>: Read error in TBranchProxy.
Error in <TBasket::Streamer>: The value of fObjlen is incorrect (-1492237174) ; trying to recover by setting it to zero
Error in <TBasket::Streamer>: The value of fNbytes is incorrect (-45533579) ; trying to recover by setting it to zero
Error in <TCollectionLessSTLReader::GetCP()>: Read error in TBranchProxy.
Error in <TBasket::Streamer>: The value of fKeylen is incorrect (-31330) ; trying to recover by setting it to zero
Error in <TBasket::Streamer>: The value of fObjlen is incorrect (-1460296052) ; trying to recover by setting it to zero
Error in <TBasket::Streamer>: The value of fNbytes is incorrect (-845698399) ; trying to recover by setting it to zero
Error in <TCollectionLessSTLReader::GetCP()>: Read error in TBranchProxy.
Error in <TBasket::Streamer>: The value of fObjlen is incorrect (-1200424630) ; trying to recover by setting it to zero
Error in <TBasket::TBasket::Streamer>: The value of fNevBufSize (-866934573) or fIOBits (227) is incorrect ; setting the buffer to a zombie.
Error in <TCollectionLessSTLReader::GetCP()>: Read error in TBranchProxy.
Error in <TBasket::Streamer>: The value of fKeylen is incorrect (-19191) ; trying to recover by setting it to zero
Error in <TBasket::TBasket::Streamer>: The value of fNevBufSize (-1344425860) or fIOBits (0) is incorrect ; setting the buffer to a zombie.
Error in <TCollectionLessSTLReader::GetCP()>: Read error in TBranchProxy.
Error in <TBasket::Streamer>: The value of fKeylen is incorrect (-24948) ; trying to recover by setting it to zero
Error in <TBasket::Streamer>: The value of fObjlen is incorrect (-710856305) ; trying to recover by setting it to zero
Error in <TCollectionLessSTLReader::GetCP()>: Read error in TBranchProxy.
Error R__unzip_header: error in header.  Values: ab6
Error in <TBasket::ReadBasketBuffers>: Inconsistency found in header (nin=0, nbuf=0)
Error in <TBasket::ReadBasketBuffers>: fNbytes = 42079119, fKeylen = 6146, fObjlen = 1485380391, noutot = 0, nout=0, nin=0, nbuf=0
Error in <TCollectionLessSTLReader::GetCP()>: Read error in TBranchProxy.
Error in <TBasket::Streamer>: The value of fObjlen is incorrect (-1492237174) ; trying to recover by setting it to zero
Error in <TBasket::Streamer>: The value of fNbytes is incorrect (-45533579) ; trying to recover by setting it to zero
Error in <TCollectionLessSTLReader::GetCP()>: Read error in TBranchProxy.
Error in <TBasket::Streamer>: The value of fKeylen is incorrect (-31330) ; trying to recover by setting it to zero
Error in <TBasket::Streamer>: The value of fObjlen is incorrect (-1460296052) ; trying to recover by setting it to zero
Error in <TBasket::Streamer>: The value of fNbytes is incorrect (-845698399) ; trying to recover by setting it to zero
Error in <TCollectionLessSTLReader::GetCP()>: Read error in TBranchProxy.
Error in <TBasket::Streamer>: The value of fObjlen is incorrect (-1200424630) ; trying to recover by setting it to zero
Error in <TBasket::TBasket::Streamer>: The value of fNevBufSize (-866934573) or fIOBits (227) is incorrect ; setting the buffer to a zombie.
Error in <TCollectionLessSTLReader::GetCP()>: Read error in TBranchProxy.
Error in <TBasket::Streamer>: The value of fKeylen is incorrect (-19191) ; trying to recover by setting it to zero
Error in <TBasket::TBasket::Streamer>: The value of fNevBufSize (-1344425860) or fIOBits (0) is incorrect ; setting the buffer to a zombie.
Error in <TCollectionLessSTLReader::GetCP()>: Read error in TBranchProxy.
Error in <TBasket::Streamer>: The value of fKeylen is incorrect (-24948) ; trying to recover by setting it to zero
Error in <TBasket::Streamer>: The value of fObjlen is incorrect (-710856305) ; trying to recover by setting it to zero
Error in <TCollectionLessSTLReader::GetCP()>: Read error in TBranchProxy.
Error R__unzip_header: error in header.  Values: ab6
Error in <TBasket::ReadBasketBuffers>: Inconsistency found in header (nin=0, nbuf=0)
Error in <TBasket::ReadBasketBuffers>: fNbytes = 42079119, fKeylen = 6146, fObjlen = 1485380391, noutot = 0, nout=0, nin=0, nbuf=0
Error in <TCollectionLessSTLReader::GetCP()>: Read error in TBranchProxy.
Error in <TBasket::Streamer>: The value of fObjlen is incorrect (-1492237174) ; trying to recover by setting it to zero
Error in <TBasket::Streamer>: The value of fNbytes is incorrect (-45533579) ; trying to recover by setting it to zero
Error in <TCollectionLessSTLReader::GetCP()>: Read error in TBranchProxy.
Error in <TBasket::Streamer>: The value of fKeylen is incorrect (-31330) ; trying to recover by setting it to zero
Error in <TBasket::Streamer>: The value of fObjlen is incorrect (-1460296052) ; trying to recover by setting it to zero
Error in <TBasket::Streamer>: The value of fNbytes is incorrect (-845698399) ; trying to recover by setting it to zero
Error in <TCollectionLessSTLReader::GetCP()>: Read error in TBranchProxy.
Error in <TBasket::Streamer>: The value of fObjlen is incorrect (-1200424630) ; trying to recover by setting it to zero
Error in <TBasket::TBasket::Streamer>: The value of fNevBufSize (-866934573) or fIOBits (227) is incorrect ; setting the buffer to a zombie.
Error in <TCollectionLessSTLReader::GetCP()>: Read error in TBranchProxy.
Error in <TBasket::Streamer>: The value of fKeylen is incorrect (-19191) ; trying to recover by setting it to zero
Error in <TBasket::TBasket::Streamer>: The value of fNevBufSize (-1344425860) or fIOBits (0) is incorrect ; setting the buffer to a zombie.
Error in <TCollectionLessSTLReader::GetCP()>: Read error in TBranchProxy.
Error in <TBasket::Streamer>: The value of fKeylen is incorrect (-24948) ; trying to recover by setting it to zero
Error in <TBasket::Streamer>: The value of fObjlen is incorrect (-710856305) ; trying to recover by setting it to zero
Error in <TCollectionLessSTLReader::GetCP()>: Read error in TBranchProxy.
Error R__unzip_header: error in header.  Values: ab6
Error in <TBasket::ReadBasketBuffers>: Inconsistency found in header (nin=0, nbuf=0)
Error in <TBasket::ReadBasketBuffers>: fNbytes = 42079119, fKeylen = 6146, fObjlen = 1485380391, noutot = 0, nout=0, nin=0, nbuf=0
Error in <TCollectionLessSTLReader::GetCP()>: Read error in TBranchProxy.
Error in <TBasket::Streamer>: The value of fObjlen is incorrect (-1492237174) ; trying to recover by setting it to zero
Error in <TBasket::Streamer>: The value of fNbytes is incorrect (-45533579) ; trying to recover by setting it to zero
Error in <TCollectionLessSTLReader::GetCP()>: Read error in TBranchProxy.
Error in <TBasket::Streamer>: The value of fKeylen is incorrect (-31330) ; trying to recover by setting it to zero
Error in <TBasket::Streamer>: The value of fObjlen is incorrect (-1460296052) ; trying to recover by setting it to zero
Error in <TBasket::Streamer>: The value of fNbytes is incorrect (-845698399) ; trying to recover by setting it to zero
Error in <TCollectionLessSTLReader::GetCP()>: Read error in TBranchProxy.
Error in <TBasket::Streamer>: The value of fObjlen is incorrect (-1200424630) ; trying to recover by setting it to zero
Error in <TBasket::TBasket::Streamer>: The value of fNevBufSize (-866934573) or fIOBits (227) is incorrect ; setting the buffer to a zombie.
Error in <TCollectionLessSTLReader::GetCP()>: Read error in TBranchProxy.
Error in <TBasket::Streamer>: The value of fKeylen is incorrect (-19191) ; trying to recover by setting it to zero
Error in <TBasket::TBasket::Streamer>: The value of fNevBufSize (-1344425860) or fIOBits (0) is incorrect ; setting the buffer to a zombie.
Error in <TCollectionLessSTLReader::GetCP()>: Read error in TBranchProxy.
Error in <TBasket::Streamer>: The value of fKeylen is incorrect (-24948) ; trying to recover by setting it to zero
Error in <TBasket::Streamer>: The value of fObjlen is incorrect (-710856305) ; trying to recover by setting it to zero
Error in <TCollectionLessSTLReader::GetCP()>: Read error in TBranchProxy.
Error R__unzip_header: error in header.  Values: ab6
Error in <TBasket::ReadBasketBuffers>: Inconsistency found in header (nin=0, nbuf=0)
Error in <TBasket::ReadBasketBuffers>: fNbytes = 42079119, fKeylen = 6146, fObjlen = 1485380391, noutot = 0, nout=0, nin=0, nbuf=0
Error in <TCollectionLessSTLReader::GetCP()>: Read error in TBranchProxy.
Error in <TBasket::Streamer>: The value of fObjlen is incorrect (-1492237174) ; trying to recover by setting it to zero
Error in <TBasket::Streamer>: The value of fNbytes is incorrect (-45533579) ; trying to recover by setting it to zero
Error in <TCollectionLessSTLReader::GetCP()>: Read error in TBranchProxy.
Error in <TBasket::Streamer>: The value of fKeylen is incorrect (-31330) ; trying to recover by setting it to zero
Error in <TBasket::Streamer>: The value of fObjlen is incorrect (-1460296052) ; trying to recover by setting it to zero
Error in <TBasket::Streamer>: The value of fNbytes is incorrect (-845698399) ; trying to recover by setting it to zero
Error in <TCollectionLessSTLReader::GetCP()>: Read error in TBranchProxy.
Error in <TBasket::Streamer>: The value of fObjlen is incorrect (-1200424630) ; trying to recover by setting it to zero
Error in <TBasket::TBasket::Streamer>: The value of fNevBufSize (-866934573) or fIOBits (227) is incorrect ; setting the buffer to a zombie.
Error in <TCollectionLessSTLReader::GetCP()>: Read error in TBranchProxy.
Error in <TBasket::Streamer>: The value of fKeylen is incorrect (-19191) ; trying to recover by setting it to zero
Error in <TBasket::TBasket::Streamer>: The value of fNevBufSize (-1344425860) or fIOBits (0) is incorrect ; setting the buffer to a zombie.
Error in <TCollectionLessSTLReader::GetCP()>: Read error in TBranchProxy.
Error in <TBasket::Streamer>: The value of fKeylen is incorrect (-24948) ; trying to recover by setting it to zero
Error in <TBasket::Streamer>: The value of fObjlen is incorrect (-710856305) ; trying to recover by setting it to zero
Error in <TCollectionLessSTLReader::GetCP()>: Read error in TBranchProxy.
Error R__unzip_header: error in header.  Values: ab6
Error in <TBasket::ReadBasketBuffers>: Inconsistency found in header (nin=0, nbuf=0)
Error in <TBasket::ReadBasketBuffers>: fNbytes = 42079119, fKeylen = 6146, fObjlen = 1485380391, noutot = 0, nout=0, nin=0, nbuf=0
Error in <TCollectionLessSTLReader::GetCP()>: Read error in TBranchProxy.
Error in <TBasket::Streamer>: The value of fObjlen is incorrect (-1492237174) ; trying to recover by setting it to zero
Error in <TBasket::Streamer>: The value of fNbytes is incorrect (-45533579) ; trying to recover by setting it to zero
Error in <TCollectionLessSTLReader::GetCP()>: Read error in TBranchProxy.
Error in <TBasket::Streamer>: The value of fKeylen is incorrect (-31330) ; trying to recover by setting it to zero
Error in <TBasket::Streamer>: The value of fObjlen is incorrect (-1460296052) ; trying to recover by setting it to zero
Error in <TBasket::Streamer>: The value of fNbytes is incorrect (-845698399) ; trying to recover by setting it to zero
Error in <TCollectionLessSTLReader::GetCP()>: Read error in TBranchProxy.
Error in <TBasket::Streamer>: The value of fObjlen is incorrect (-1200424630) ; trying to recover by setting it to zero
Error in <TBasket::TBasket::Streamer>: The value of fNevBufSize (-866934573) or fIOBits (227) is incorrect ; setting the buffer to a zombie.
Error in <TCollectionLessSTLReader::GetCP()>: Read error in TBranchProxy.
Error in <TBasket::Streamer>: The value of fKeylen is incorrect (-19191) ; trying to recover by setting it to zero
Error in <TBasket::TBasket::Streamer>: The value of fNevBufSize (-1344425860) or fIOBits (0) is incorrect ; setting the buffer to a zombie.
Error in <TCollectionLessSTLReader::GetCP()>: Read error in TBranchProxy.
Error in <TBasket::Streamer>: The value of fKeylen is incorrect (-24948) ; trying to recover by setting it to zero
Error in <TBasket::Streamer>: The value of fObjlen is incorrect (-710856305) ; trying to recover by setting it to zero
Error in <TCollectionLessSTLReader::GetCP()>: Read error in TBranchProxy.
Error R__unzip_header: error in header.  Values: ab6
Error in <TBasket::ReadBasketBuffers>: Inconsistency found in header (nin=0, nbuf=0)
Error in <TBasket::ReadBasketBuffers>: fNbytes = 42079119, fKeylen = 6146, fObjlen = 1485380391, noutot = 0, nout=0, nin=0, nbuf=0
Error in <TCollectionLessSTLReader::GetCP()>: Read error in TBranchProxy.
Error in <TBasket::Streamer>: The value of fObjlen is incorrect (-1492237174) ; trying to recover by setting it to zero
Error in <TBasket::Streamer>: The value of fNbytes is incorrect (-45533579) ; trying to recover by setting it to zero
Error in <TCollectionLessSTLReader::GetCP()>: Read error in TBranchProxy.
Error in <TBasket::Streamer>: The value of fKeylen is incorrect (-31330) ; trying to recover by setting it to zero
Error in <TBasket::Streamer>: The value of fObjlen is incorrect (-1460296052) ; trying to recover by setting it to zero
Error in <TBasket::Streamer>: The value of fNbytes is incorrect (-845698399) ; trying to recover by setting it to zero
Error in <TCollectionLessSTLReader::GetCP()>: Read error in TBranchProxy.
Error in <TBasket::Streamer>: The value of fObjlen is incorrect (-1200424630) ; trying to recover by setting it to zero
Error in <TBasket::TBasket::Streamer>: The value of fNevBufSize (-866934573) or fIOBits (227) is incorrect ; setting the buffer to a zombie.
Error in <TCollectionLessSTLReader::GetCP()>: Read error in TBranchProxy.
Error in <TBasket::Streamer>: The value of fKeylen is incorrect (-19191) ; trying to recover by setting it to zero
Error in <TBasket::TBasket::Streamer>: The value of fNevBufSize (-1344425860) or fIOBits (0) is incorrect ; setting the buffer to a zombie.
Error in <TCollectionLessSTLReader::GetCP()>: Read error in TBranchProxy.
Error in <TBasket::Streamer>: The value of fKeylen is incorrect (-24948) ; trying to recover by setting it to zero
Error in <TBasket::Streamer>: The value of fObjlen is incorrect (-710856305) ; trying to recover by setting it to zero
Error in <TCollectionLessSTLReader::GetCP()>: Read error in TBranchProxy.
Error R__unzip_header: error in header.  Values: ab6
Error in <TBasket::ReadBasketBuffers>: Inconsistency found in header (nin=0, nbuf=0)
Error in <TBasket::ReadBasketBuffers>: fNbytes = 42079119, fKeylen = 6146, fObjlen = 1485380391, noutot = 0, nout=0, nin=0, nbuf=0
Error in <TCollectionLessSTLReader::GetCP()>: Read error in TBranchProxy.
Error in <TBasket::Streamer>: The value of fObjlen is incorrect (-1492237174) ; trying to recover by setting it to zero
Error in <TBasket::Streamer>: The value of fNbytes is incorrect (-45533579) ; trying to recover by setting it to zero
Error in <TCollectionLessSTLReader::GetCP()>: Read error in TBranchProxy.
Error in <TBasket::Streamer>: The value of fKeylen is incorrect (-31330) ; trying to recover by setting it to zero
Error in <TBasket::Streamer>: The value of fObjlen is incorrect (-1460296052) ; trying to recover by setting it to zero
Error in <TBasket::Streamer>: The value of fNbytes is incorrect (-845698399) ; trying to recover by setting it to zero
Error in <TCollectionLessSTLReader::GetCP()>: Read error in TBranchProxy.
Error in <TBasket::Streamer>: The value of fObjlen is incorrect (-1200424630) ; trying to recover by setting it to zero
Error in <TBasket::TBasket::Streamer>: The value of fNevBufSize (-866934573) or fIOBits (227) is incorrect ; setting the buffer to a zombie.
Error in <TCollectionLessSTLReader::GetCP()>: Read error in TBranchProxy.
Error in <TBasket::Streamer>: The value of fKeylen is incorrect (-19191) ; trying to recover by setting it to zero
Error in <TBasket::TBasket::Streamer>: The value of fNevBufSize (-1344425860) or fIOBits (0) is incorrect ; setting the buffer to a zombie.
Error in <TCollectionLessSTLReader::GetCP()>: Read error in TBranchProxy.
Error in <TBasket::Streamer>: The value of fKeylen is incorrect (-24948) ; trying to recover by setting it to zero
Error in <TBasket::Streamer>: The value of fObjlen is incorrect (-710856305) ; trying to recover by setting it to zero
Error in <TCollectionLessSTLReader::GetCP()>: Read error in TBranchProxy.
Error R__unzip_header: error in header.  Values: ab6
Error in <TBasket::ReadBasketBuffers>: Inconsistency found in header (nin=0, nbuf=0)
Error in <TBasket::ReadBasketBuffers>: fNbytes = 42079119, fKeylen = 6146, fObjlen = 1485380391, noutot = 0, nout=0, nin=0, nbuf=0
Error in <TCollectionLessSTLReader::GetCP()>: Read error in TBranchProxy.
Error in <TBasket::Streamer>: The value of fObjlen is incorrect (-1492237174) ; trying to recover by setting it to zero
Error in <TBasket::Streamer>: The value of fNbytes is incorrect (-45533579) ; trying to recover by setting it to zero
Error in <TCollectionLessSTLReader::GetCP()>: Read error in TBranchProxy.
Error in <TBasket::Streamer>: The value of fKeylen is incorrect (-31330) ; trying to recover by setting it to zero
Error in <TBasket::Streamer>: The value of fObjlen is incorrect (-1460296052) ; trying to recover by setting it to zero
Error in <TBasket::Streamer>: The value of fNbytes is incorrect (-845698399) ; trying to recover by setting it to zero
Error in <TCollectionLessSTLReader::GetCP()>: Read error in TBranchProxy.
Error in <TBasket::Streamer>: The value of fObjlen is incorrect (-1200424630) ; trying to recover by setting it to zero
Error in <TBasket::TBasket::Streamer>: The value of fNevBufSize (-866934573) or fIOBits (227) is incorrect ; setting the buffer to a zombie.
Error in <TCollectionLessSTLReader::GetCP()>: Read error in TBranchProxy.
Error in <TBasket::Streamer>: The value of fKeylen is incorrect (-19191) ; trying to recover by setting it to zero
Error in <TBasket::TBasket::Streamer>: The value of fNevBufSize (-1344425860) or fIOBits (0) is incorrect ; setting the buffer to a zombie.
Error in <TCollectionLessSTLReader::GetCP()>: Read error in TBranchProxy.
Error in <TBasket::Streamer>: The value of fKeylen is incorrect (-24948) ; trying to recover by setting it to zero
Error in <TBasket::Streamer>: The value of fObjlen is incorrect (-710856305) ; trying to recover by setting it to zero
Error in <TCollectionLessSTLReader::GetCP()>: Read error in TBranchProxy.
Error R__unzip_header: error in header.  Values: ab6
Error in <TBasket::ReadBasketBuffers>: Inconsistency found in header (nin=0, nbuf=0)
Error in <TBasket::ReadBasketBuffers>: fNbytes = 42079119, fKeylen = 6146, fObjlen = 1485380391, noutot = 0, nout=0, nin=0, nbuf=0
Error in <TCollectionLessSTLReader::GetCP()>: Read error in TBranchProxy.
Error in <TBasket::Streamer>: The value of fObjlen is incorrect (-1492237174) ; trying to recover by setting it to zero
Error in <TBasket::Streamer>: The value of fNbytes is incorrect (-45533579) ; trying to recover by setting it to zero
Error in <TCollectionLessSTLReader::GetCP()>: Read error in TBranchProxy.
Error in <TBasket::Streamer>: The value of fKeylen is incorrect (-31330) ; trying to recover by setting it to zero
Error in <TBasket::Streamer>: The value of fObjlen is incorrect (-1460296052) ; trying to recover by setting it to zero
Error in <TBasket::Streamer>: The value of fNbytes is incorrect (-845698399) ; trying to recover by setting it to zero
Error in <TCollectionLessSTLReader::GetCP()>: Read error in TBranchProxy.
Error in <TBasket::Streamer>: The value of fObjlen is incorrect (-1200424630) ; trying to recover by setting it to zero
Error in <TBasket::TBasket::Streamer>: The value of fNevBufSize (-866934573) or fIOBits (227) is incorrect ; setting the buffer to a zombie.
Error in <TCollectionLessSTLReader::GetCP()>: Read error in TBranchProxy.
Error in <TBasket::Streamer>: The value of fKeylen is incorrect (-19191) ; trying to recover by setting it to zero
Error in <TBasket::TBasket::Streamer>: The value of fNevBufSize (-1344425860) or fIOBits (0) is incorrect ; setting the buffer to a zombie.
Error in <TCollectionLessSTLReader::GetCP()>: Read error in TBranchProxy.
Error in <TBasket::Streamer>: The value of fKeylen is incorrect (-24948) ; trying to recover by setting it to zero
Error in <TBasket::Streamer>: The value of fObjlen is incorrect (-710856305) ; trying to recover by setting it to zero
Error in <TCollectionLessSTLReader::GetCP()>: Read error in TBranchProxy.
Error R__unzip_header: error in header.  Values: ab6
Error in <TBasket::ReadBasketBuffers>: Inconsistency found in header (nin=0, nbuf=0)
Error in <TBasket::ReadBasketBuffers>: fNbytes = 42079119, fKeylen = 6146, fObjlen = 1485380391, noutot = 0, nout=0, nin=0, nbuf=0
Error in <TCollectionLessSTLReader::GetCP()>: Read error in TBranchProxy.
Error in <TBasket::Streamer>: The value of fObjlen is incorrect (-1492237174) ; trying to recover by setting it to zero
Error in <TBasket::Streamer>: The value of fNbytes is incorrect (-45533579) ; trying to recover by setting it to zero
Error in <TCollectionLessSTLReader::GetCP()>: Read error in TBranchProxy.
Error in <TBasket::Streamer>: The value of fKeylen is incorrect (-31330) ; trying to recover by setting it to zero
Error in <TBasket::Streamer>: The value of fObjlen is incorrect (-1460296052) ; trying to recover by setting it to zero
Error in <TBasket::Streamer>: The value of fNbytes is incorrect (-845698399) ; trying to recover by setting it to zero
Error in <TCollectionLessSTLReader::GetCP()>: Read error in TBranchProxy.
Error in <TBasket::Streamer>: The value of fObjlen is incorrect (-1200424630) ; trying to recover by setting it to zero
Error in <TBasket::TBasket::Streamer>: The value of fNevBufSize (-866934573) or fIOBits (227) is incorrect ; setting the buffer to a zombie.
Error in <TCollectionLessSTLReader::GetCP()>: Read error in TBranchProxy.
Error in <TBasket::Streamer>: The value of fKeylen is incorrect (-19191) ; trying to recover by setting it to zero
Error in <TBasket::TBasket::Streamer>: The value of fNevBufSize (-1344425860) or fIOBits (0) is incorrect ; setting the buffer to a zombie.
Error in <TCollectionLessSTLReader::GetCP()>: Read error in TBranchProxy.
Error in <TBasket::Streamer>: The value of fKeylen is incorrect (-24948) ; trying to recover by setting it to zero
Error in <TBasket::Streamer>: The value of fObjlen is incorrect (-710856305) ; trying to recover by setting it to zero
Error in <TCollectionLessSTLReader::GetCP()>: Read error in TBranchProxy.
Error R__unzip_header: error in header.  Values: ab6
Error in <TBasket::ReadBasketBuffers>: Inconsistency found in header (nin=0, nbuf=0)
Error in <TBasket::ReadBasketBuffers>: fNbytes = 42079119, fKeylen = 6146, fObjlen = 1485380391, noutot = 0, nout=0, nin=0, nbuf=0
Error in <TCollectionLessSTLReader::GetCP()>: Read error in TBranchProxy.
Error in <TBasket::Streamer>: The value of fObjlen is incorrect (-1492237174) ; trying to recover by setting it to zero
Error in <TBasket::Streamer>: The value of fNbytes is incorrect (-45533579) ; trying to recover by setting it to zero
Error in <TCollectionLessSTLReader::GetCP()>: Read error in TBranchProxy.
Error in <TBasket::Streamer>: The value of fKeylen is incorrect (-31330) ; trying to recover by setting it to zero
Error in <TBasket::Streamer>: The value of fObjlen is incorrect (-1460296052) ; trying to recover by setting it to zero
Error in <TBasket::Streamer>: The value of fNbytes is incorrect (-845698399) ; trying to recover by setting it to zero
Error in <TCollectionLessSTLReader::GetCP()>: Read error in TBranchProxy.
Error in <TBasket::Streamer>: The value of fObjlen is incorrect (-1200424630) ; trying to recover by setting it to zero
Error in <TBasket::TBasket::Streamer>: The value of fNevBufSize (-866934573) or fIOBits (227) is incorrect ; setting the buffer to a zombie.
Error in <TCollectionLessSTLReader::GetCP()>: Read error in TBranchProxy.
Error in <TBasket::Streamer>: The value of fKeylen is incorrect (-19191) ; trying to recover by setting it to zero
Error in <TBasket::TBasket::Streamer>: The value of fNevBufSize (-1344425860) or fIOBits (0) is incorrect ; setting the buffer to a zombie.
Error in <TCollectionLessSTLReader::GetCP()>: Read error in TBranchProxy.
Error in <TBasket::Streamer>: The value of fKeylen is incorrect (-24948) ; trying to recover by setting it to zero
Error in <TBasket::Streamer>: The value of fObjlen is incorrect (-710856305) ; trying to recover by setting it to zero
Error in <TCollectionLessSTLReader::GetCP()>: Read error in TBranchProxy.
Error R__unzip_header: error in header.  Values: ab6
Error in <TBasket::ReadBasketBuffers>: Inconsistency found in header (nin=0, nbuf=0)
Error in <TBasket::ReadBasketBuffers>: fNbytes = 42079119, fKeylen = 6146, fObjlen = 1485380391, noutot = 0, nout=0, nin=0, nbuf=0
Error in <TCollectionLessSTLReader::GetCP()>: Read error in TBranchProxy.
Error in <TBasket::Streamer>: The value of fObjlen is incorrect (-1492237174) ; trying to recover by setting it to zero
Error in <TBasket::Streamer>: The value of fNbytes is incorrect (-45533579) ; trying to recover by setting it to zero
Error in <TCollectionLessSTLReader::GetCP()>: Read error in TBranchProxy.
Error in <TBasket::Streamer>: The value of fKeylen is incorrect (-31330) ; trying to recover by setting it to zero
Error in <TBasket::Streamer>: The value of fObjlen is incorrect (-1460296052) ; trying to recover by setting it to zero
Error in <TBasket::Streamer>: The value of fNbytes is incorrect (-845698399) ; trying to recover by setting it to zero
Error in <TCollectionLessSTLReader::GetCP()>: Read error in TBranchProxy.
Error in <TBasket::Streamer>: The value of fObjlen is incorrect (-1200424630) ; trying to recover by setting it to zero
Error in <TBasket::TBasket::Streamer>: The value of fNevBufSize (-866934573) or fIOBits (227) is incorrect ; setting the buffer to a zombie.
Error in <TCollectionLessSTLReader::GetCP()>: Read error in TBranchProxy.
Error in <TBasket::Streamer>: The value of fKeylen is incorrect (-19191) ; trying to recover by setting it to zero
Error in <TBasket::TBasket::Streamer>: The value of fNevBufSize (-1344425860) or fIOBits (0) is incorrect ; setting the buffer to a zombie.
Error in <TCollectionLessSTLReader::GetCP()>: Read error in TBranchProxy.
Error in <TBasket::Streamer>: The value of fKeylen is incorrect (-24948) ; trying to recover by setting it to zero
Error in <TBasket::Streamer>: The value of fObjlen is incorrect (-710856305) ; trying to recover by setting it to zero
Error in <TCollectionLessSTLReader::GetCP()>: Read error in TBranchProxy.
Error R__unzip_header: error in header.  Values: ab6
Error in <TBasket::ReadBasketBuffers>: Inconsistency found in header (nin=0, nbuf=0)
Error in <TBasket::ReadBasketBuffers>: fNbytes = 42079119, fKeylen = 6146, fObjlen = 1485380391, noutot = 0, nout=0, nin=0, nbuf=0
Error in <TCollectionLessSTLReader::GetCP()>: Read error in TBranchProxy.
Error in <TBasket::Streamer>: The value of fObjlen is incorrect (-1492237174) ; trying to recover by setting it to zero
Error in <TBasket::Streamer>: The value of fNbytes is incorrect (-45533579) ; trying to recover by setting it to zero
Error in <TCollectionLessSTLReader::GetCP()>: Read error in TBranchProxy.
Error in <TBasket::Streamer>: The value of fKeylen is incorrect (-31330) ; trying to recover by setting it to zero
Error in <TBasket::Streamer>: The value of fObjlen is incorrect (-1460296052) ; trying to recover by setting it to zero
Error in <TBasket::Streamer>: The value of fNbytes is incorrect (-845698399) ; trying to recover by setting it to zero
Error in <TCollectionLessSTLReader::GetCP()>: Read error in TBranchProxy.
Error in <TBasket::Streamer>: The value of fObjlen is incorrect (-1200424630) ; trying to recover by setting it to zero
Error in <TBasket::TBasket::Streamer>: The value of fNevBufSize (-866934573) or fIOBits (227) is incorrect ; setting the buffer to a zombie.
Error in <TCollectionLessSTLReader::GetCP()>: Read error in TBranchProxy.
Error in <TBasket::Streamer>: The value of fKeylen is incorrect (-19191) ; trying to recover by setting it to zero
Error in <TBasket::TBasket::Streamer>: The value of fNevBufSize (-1344425860) or fIOBits (0) is incorrect ; setting the buffer to a zombie.
Error in <TCollectionLessSTLReader::GetCP()>: Read error in TBranchProxy.
Error in <TBasket::Streamer>: The value of fKeylen is incorrect (-24948) ; trying to recover by setting it to zero
Error in <TBasket::Streamer>: The value of fObjlen is incorrect (-710856305) ; trying to recover by setting it to zero
Error in <TCollectionLessSTLReader::GetCP()>: Read error in TBranchProxy.
Error R__unzip_header: error in header.  Values: ab6
Error in <TBasket::ReadBasketBuffers>: Inconsistency found in header (nin=0, nbuf=0)
Error in <TBasket::ReadBasketBuffers>: fNbytes = 42079119, fKeylen = 6146, fObjlen = 1485380391, noutot = 0, nout=0, nin=0, nbuf=0
Error in <TCollectionLessSTLReader::GetCP()>: Read error in TBranchProxy.
Error in <TBasket::Streamer>: The value of fObjlen is incorrect (-1492237174) ; trying to recover by setting it to zero
Error in <TBasket::Streamer>: The value of fNbytes is incorrect (-45533579) ; trying to recover by setting it to zero
Error in <TCollectionLessSTLReader::GetCP()>: Read error in TBranchProxy.
Error in <TBasket::Streamer>: The value of fKeylen is incorrect (-31330) ; trying to recover by setting it to zero
Error in <TBasket::Streamer>: The value of fObjlen is incorrect (-1460296052) ; trying to recover by setting it to zero
Error in <TBasket::Streamer>: The value of fNbytes is incorrect (-845698399) ; trying to recover by setting it to zero
Error in <TCollectionLessSTLReader::GetCP()>: Read error in TBranchProxy.
Error in <TBasket::Streamer>: The value of fObjlen is incorrect (-1200424630) ; trying to recover by setting it to zero
Error in <TBasket::TBasket::Streamer>: The value of fNevBufSize (-866934573) or fIOBits (227) is incorrect ; setting the buffer to a zombie.
Error in <TCollectionLessSTLReader::GetCP()>: Read error in TBranchProxy.
Error in <TBasket::Streamer>: The value of fKeylen is incorrect (-19191) ; trying to recover by setting it to zero
Error in <TBasket::TBasket::Streamer>: The value of fNevBufSize (-1344425860) or fIOBits (0) is incorrect ; setting the buffer to a zombie.
Error in <TCollectionLessSTLReader::GetCP()>: Read error in TBranchProxy.
Error in <TBasket::Streamer>: The value of fKeylen is incorrect (-24948) ; trying to recover by setting it to zero
Error in <TBasket::Streamer>: The value of fObjlen is incorrect (-710856305) ; trying to recover by setting it to zero
Error in <TCollectionLessSTLReader::GetCP()>: Read error in TBranchProxy.
Error R__unzip_header: error in header.  Values: ab6
Error in <TBasket::ReadBasketBuffers>: Inconsistency found in header (nin=0, nbuf=0)
Error in <TBasket::ReadBasketBuffers>: fNbytes = 42079119, fKeylen = 6146, fObjlen = 1485380391, noutot = 0, nout=0, nin=0, nbuf=0
Error in <TCollectionLessSTLReader::GetCP()>: Read error in TBranchProxy.
Error in <TBasket::Streamer>: The value of fObjlen is incorrect (-1492237174) ; trying to recover by setting it to zero
Error in <TBasket::Streamer>: The value of fNbytes is incorrect (-45533579) ; trying to recover by setting it to zero
Error in <TCollectionLessSTLReader::GetCP()>: Read error in TBranchProxy.
Error in <TBasket::Streamer>: The value of fKeylen is incorrect (-31330) ; trying to recover by setting it to zero
Error in <TBasket::Streamer>: The value of fObjlen is incorrect (-1460296052) ; trying to recover by setting it to zero
Error in <TBasket::Streamer>: The value of fNbytes is incorrect (-845698399) ; trying to recover by setting it to zero
Error in <TCollectionLessSTLReader::GetCP()>: Read error in TBranchProxy.
Error in <TBasket::Streamer>: The value of fObjlen is incorrect (-1200424630) ; trying to recover by setting it to zero
Error in <TBasket::TBasket::Streamer>: The value of fNevBufSize (-866934573) or fIOBits (227) is incorrect ; setting the buffer to a zombie.
Error in <TCollectionLessSTLReader::GetCP()>: Read error in TBranchProxy.
Error in <TBasket::Streamer>: The value of fKeylen is incorrect (-19191) ; trying to recover by setting it to zero
Error in <TBasket::TBasket::Streamer>: The value of fNevBufSize (-1344425860) or fIOBits (0) is incorrect ; setting the buffer to a zombie.
Error in <TCollectionLessSTLReader::GetCP()>: Read error in TBranchProxy.
Error in <TBasket::Streamer>: The value of fKeylen is incorrect (-24948) ; trying to recover by setting it to zero
Error in <TBasket::Streamer>: The value of fObjlen is incorrect (-710856305) ; trying to recover by setting it to zero
Error in <TCollectionLessSTLReader::GetCP()>: Read error in TBranchProxy.
Error R__unzip_header: error in header.  Values: ab6
Error in <TBasket::ReadBasketBuffers>: Inconsistency found in header (nin=0, nbuf=0)
Error in <TBasket::ReadBasketBuffers>: fNbytes = 42079119, fKeylen = 6146, fObjlen = 1485380391, noutot = 0, nout=0, nin=0, nbuf=0
Error in <TCollectionLessSTLReader::GetCP()>: Read error in TBranchProxy.
Error in <TBasket::Streamer>: The value of fObjlen is incorrect (-1492237174) ; trying to recover by setting it to zero
Error in <TBasket::Streamer>: The value of fNbytes is incorrect (-45533579) ; trying to recover by setting it to zero
Error in <TCollectionLessSTLReader::GetCP()>: Read error in TBranchProxy.
Error in <TBasket::Streamer>: The value of fKeylen is incorrect (-31330) ; trying to recover by setting it to zero
Error in <TBasket::Streamer>: The value of fObjlen is incorrect (-1460296052) ; trying to recover by setting it to zero
Error in <TBasket::Streamer>: The value of fNbytes is incorrect (-845698399) ; trying to recover by setting it to zero
Error in <TCollectionLessSTLReader::GetCP()>: Read error in TBranchProxy.
Error in <TBasket::Streamer>: The value of fObjlen is incorrect (-1200424630) ; trying to recover by setting it to zero
Error in <TBasket::TBasket::Streamer>: The value of fNevBufSize (-866934573) or fIOBits (227) is incorrect ; setting the buffer to a zombie.
Error in <TCollectionLessSTLReader::GetCP()>: Read error in TBranchProxy.
Error in <TBasket::Streamer>: The value of fKeylen is incorrect (-19191) ; trying to recover by setting it to zero
Error in <TBasket::TBasket::Streamer>: The value of fNevBufSize (-1344425860) or fIOBits (0) is incorrect ; setting the buffer to a zombie.
Error in <TCollectionLessSTLReader::GetCP()>: Read error in TBranchProxy.
Error in <TBasket::Streamer>: The value of fKeylen is incorrect (-24948) ; trying to recover by setting it to zero
Error in <TBasket::Streamer>: The value of fObjlen is incorrect (-710856305) ; trying to recover by setting it to zero
Error in <TCollectionLessSTLReader::GetCP()>: Read error in TBranchProxy.
Error R__unzip_header: error in header.  Values: ab6
Error in <TBasket::ReadBasketBuffers>: Inconsistency found in header (nin=0, nbuf=0)
Error in <TBasket::ReadBasketBuffers>: fNbytes = 42079119, fKeylen = 6146, fObjlen = 1485380391, noutot = 0, nout=0, nin=0, nbuf=0
Error in <TCollectionLessSTLReader::GetCP()>: Read error in TBranchProxy.
Error in <TBasket::Streamer>: The value of fObjlen is incorrect (-1492237174) ; trying to recover by setting it to zero
Error in <TBasket::Streamer>: The value of fNbytes is incorrect (-45533579) ; trying to recover by setting it to zero
Error in <TCollectionLessSTLReader::GetCP()>: Read error in TBranchProxy.
Error in <TBasket::Streamer>: The value of fKeylen is incorrect (-31330) ; trying to recover by setting it to zero
Error in <TBasket::Streamer>: The value of fObjlen is incorrect (-1460296052) ; trying to recover by setting it to zero
Error in <TBasket::Streamer>: The value of fNbytes is incorrect (-845698399) ; trying to recover by setting it to zero
Error in <TCollectionLessSTLReader::GetCP()>: Read error in TBranchProxy.
Error in <TBasket::Streamer>: The value of fObjlen is incorrect (-1200424630) ; trying to recover by setting it to zero
Error in <TBasket::TBasket::Streamer>: The value of fNevBufSize (-866934573) or fIOBits (227) is incorrect ; setting the buffer to a zombie.
Error in <TCollectionLessSTLReader::GetCP()>: Read error in TBranchProxy.
Error in <TBasket::Streamer>: The value of fKeylen is incorrect (-19191) ; trying to recover by setting it to zero
Error in <TBasket::TBasket::Streamer>: The value of fNevBufSize (-1344425860) or fIOBits (0) is incorrect ; setting the buffer to a zombie.
Error in <TCollectionLessSTLReader::GetCP()>: Read error in TBranchProxy.
Error in <TBasket::Streamer>: The value of fKeylen is incorrect (-24948) ; trying to recover by setting it to zero
Error in <TBasket::Streamer>: The value of fObjlen is incorrect (-710856305) ; trying to recover by setting it to zero
Error in <TCollectionLessSTLReader::GetCP()>: Read error in TBranchProxy.
Error R__unzip_header: error in header.  Values: ab6
Error in <TBasket::ReadBasketBuffers>: Inconsistency found in header (nin=0, nbuf=0)
Error in <TBasket::ReadBasketBuffers>: fNbytes = 42079119, fKeylen = 6146, fObjlen = 1485380391, noutot = 0, nout=0, nin=0, nbuf=0
Error in <TCollectionLessSTLReader::GetCP()>: Read error in TBranchProxy.
Error in <TBasket::Streamer>: The value of fObjlen is incorrect (-1492237174) ; trying to recover by setting it to zero
Error in <TBasket::Streamer>: The value of fNbytes is incorrect (-45533579) ; trying to recover by setting it to zero
Error in <TCollectionLessSTLReader::GetCP()>: Read error in TBranchProxy.
Error in <TBasket::Streamer>: The value of fKeylen is incorrect (-31330) ; trying to recover by setting it to zero
Error in <TBasket::Streamer>: The value of fObjlen is incorrect (-1460296052) ; trying to recover by setting it to zero
Error in <TBasket::Streamer>: The value of fNbytes is incorrect (-845698399) ; trying to recover by setting it to zero
Error in <TCollectionLessSTLReader::GetCP()>: Read error in TBranchProxy.
Error in <TBasket::Streamer>: The value of fObjlen is incorrect (-1200424630) ; trying to recover by setting it to zero
Error in <TBasket::TBasket::Streamer>: The value of fNevBufSize (-866934573) or fIOBits (227) is incorrect ; setting the buffer to a zombie.
Error in <TCollectionLessSTLReader::GetCP()>: Read error in TBranchProxy.
Error in <TBasket::Streamer>: The value of fKeylen is incorrect (-19191) ; trying to recover by setting it to zero
Error in <TBasket::TBasket::Streamer>: The value of fNevBufSize (-1344425860) or fIOBits (0) is incorrect ; setting the buffer to a zombie.
Error in <TCollectionLessSTLReader::GetCP()>: Read error in TBranchProxy.
Error in <TBasket::Streamer>: The value of fKeylen is incorrect (-24948) ; trying to recover by setting it to zero
Error in <TBasket::Streamer>: The value of fObjlen is incorrect (-710856305) ; trying to recover by setting it to zero
Error in <TCollectionLessSTLReader::GetCP()>: Read error in TBranchProxy.
Error R__unzip_header: error in header.  Values: ab6
Error in <TBasket::ReadBasketBuffers>: Inconsistency found in header (nin=0, nbuf=0)
Error in <TBasket::ReadBasketBuffers>: fNbytes = 42079119, fKeylen = 6146, fObjlen = 1485380391, noutot = 0, nout=0, nin=0, nbuf=0
Error in <TCollectionLessSTLReader::GetCP()>: Read error in TBranchProxy.
Error in <TBasket::Streamer>: The value of fObjlen is incorrect (-1492237174) ; trying to recover by setting it to zero
Error in <TBasket::Streamer>: The value of fNbytes is incorrect (-45533579) ; trying to recover by setting it to zero
Error in <TCollectionLessSTLReader::GetCP()>: Read error in TBranchProxy.
Error in <TBasket::Streamer>: The value of fKeylen is incorrect (-31330) ; trying to recover by setting it to zero
Error in <TBasket::Streamer>: The value of fObjlen is incorrect (-1460296052) ; trying to recover by setting it to zero
Error in <TBasket::Streamer>: The value of fNbytes is incorrect (-845698399) ; trying to recover by setting it to zero
Error in <TCollectionLessSTLReader::GetCP()>: Read error in TBranchProxy.
Error in <TBasket::Streamer>: The value of fObjlen is incorrect (-1200424630) ; trying to recover by setting it to zero
Error in <TBasket::TBasket::Streamer>: The value of fNevBufSize (-866934573) or fIOBits (227) is incorrect ; setting the buffer to a zombie.
Error in <TCollectionLessSTLReader::GetCP()>: Read error in TBranchProxy.
Error in <TBasket::Streamer>: The value of fKeylen is incorrect (-19191) ; trying to recover by setting it to zero
Error in <TBasket::TBasket::Streamer>: The value of fNevBufSize (-1344425860) or fIOBits (0) is incorrect ; setting the buffer to a zombie.
Error in <TCollectionLessSTLReader::GetCP()>: Read error in TBranchProxy.
Error in <TBasket::Streamer>: The value of fKeylen is incorrect (-24948) ; trying to recover by setting it to zero
Error in <TBasket::Streamer>: The value of fObjlen is incorrect (-710856305) ; trying to recover by setting it to zero
Error in <TCollectionLessSTLReader::GetCP()>: Read error in TBranchProxy.
Error R__unzip_header: error in header.  Values: ab6
Error in <TBasket::ReadBasketBuffers>: Inconsistency found in header (nin=0, nbuf=0)
Error in <TBasket::ReadBasketBuffers>: fNbytes = 42079119, fKeylen = 6146, fObjlen = 1485380391, noutot = 0, nout=0, nin=0, nbuf=0
Error in <TCollectionLessSTLReader::GetCP()>: Read error in TBranchProxy.
Error in <TBasket::Streamer>: The value of fObjlen is incorrect (-1492237174) ; trying to recover by setting it to zero
Error in <TBasket::Streamer>: The value of fNbytes is incorrect (-45533579) ; trying to recover by setting it to zero
Error in <TCollectionLessSTLReader::GetCP()>: Read error in TBranchProxy.
Error in <TBasket::Streamer>: The value of fKeylen is incorrect (-31330) ; trying to recover by setting it to zero
Error in <TBasket::Streamer>: The value of fObjlen is incorrect (-1460296052) ; trying to recover by setting it to zero
Error in <TBasket::Streamer>: The value of fNbytes is incorrect (-845698399) ; trying to recover by setting it to zero
Error in <TCollectionLessSTLReader::GetCP()>: Read error in TBranchProxy.
Error in <TBasket::Streamer>: The value of fObjlen is incorrect (-1200424630) ; trying to recover by setting it to zero
Error in <TBasket::TBasket::Streamer>: The value of fNevBufSize (-866934573) or fIOBits (227) is incorrect ; setting the buffer to a zombie.
Error in <TCollectionLessSTLReader::GetCP()>: Read error in TBranchProxy.
Error in <TBasket::Streamer>: The value of fKeylen is incorrect (-19191) ; trying to recover by setting it to zero
Error in <TBasket::TBasket::Streamer>: The value of fNevBufSize (-1344425860) or fIOBits (0) is incorrect ; setting the buffer to a zombie.
Error in <TCollectionLessSTLReader::GetCP()>: Read error in TBranchProxy.
Error in <TBasket::Streamer>: The value of fKeylen is incorrect (-24948) ; trying to recover by setting it to zero
Error in <TBasket::Streamer>: The value of fObjlen is incorrect (-710856305) ; trying to recover by setting it to zero
Error in <TCollectionLessSTLReader::GetCP()>: Read error in TBranchProxy.
Error R__unzip_header: error in header.  Values: ab6
Error in <TBasket::ReadBasketBuffers>: Inconsistency found in header (nin=0, nbuf=0)
Error in <TBasket::ReadBasketBuffers>: fNbytes = 42079119, fKeylen = 6146, fObjlen = 1485380391, noutot = 0, nout=0, nin=0, nbuf=0
Error in <TCollectionLessSTLReader::GetCP()>: Read error in TBranchProxy.
Error in <TBasket::Streamer>: The value of fObjlen is incorrect (-1492237174) ; trying to recover by setting it to zero
Error in <TBasket::Streamer>: The value of fNbytes is incorrect (-45533579) ; trying to recover by setting it to zero
Error in <TCollectionLessSTLReader::GetCP()>: Read error in TBranchProxy.
Error in <TBasket::Streamer>: The value of fKeylen is incorrect (-31330) ; trying to recover by setting it to zero
Error in <TBasket::Streamer>: The value of fObjlen is incorrect (-1460296052) ; trying to recover by setting it to zero
Error in <TBasket::Streamer>: The value of fNbytes is incorrect (-845698399) ; trying to recover by setting it to zero
Error in <TCollectionLessSTLReader::GetCP()>: Read error in TBranchProxy.
Error in <TBasket::Streamer>: The value of fObjlen is incorrect (-1200424630) ; trying to recover by setting it to zero
Error in <TBasket::TBasket::Streamer>: The value of fNevBufSize (-866934573) or fIOBits (227) is incorrect ; setting the buffer to a zombie.
Error in <TCollectionLessSTLReader::GetCP()>: Read error in TBranchProxy.
Error in <TBasket::Streamer>: The value of fKeylen is incorrect (-19191) ; trying to recover by setting it to zero
Error in <TBasket::TBasket::Streamer>: The value of fNevBufSize (-1344425860) or fIOBits (0) is incorrect ; setting the buffer to a zombie.
Error in <TCollectionLessSTLReader::GetCP()>: Read error in TBranchProxy.
Error in <TBasket::Streamer>: The value of fKeylen is incorrect (-24948) ; trying to recover by setting it to zero
Error in <TBasket::Streamer>: The value of fObjlen is incorrect (-710856305) ; trying to recover by setting it to zero
Error in <TCollectionLessSTLReader::GetCP()>: Read error in TBranchProxy.
Error R__unzip_header: error in header.  Values: ab6
Error in <TBasket::ReadBasketBuffers>: Inconsistency found in header (nin=0, nbuf=0)
Error in <TBasket::ReadBasketBuffers>: fNbytes = 42079119, fKeylen = 6146, fObjlen = 1485380391, noutot = 0, nout=0, nin=0, nbuf=0
Error in <TCollectionLessSTLReader::GetCP()>: Read error in TBranchProxy.
Error in <TBasket::Streamer>: The value of fObjlen is incorrect (-1492237174) ; trying to recover by setting it to zero
Error in <TBasket::Streamer>: The value of fNbytes is incorrect (-45533579) ; trying to recover by setting it to zero
Error in <TCollectionLessSTLReader::GetCP()>: Read error in TBranchProxy.
Error in <TBasket::Streamer>: The value of fKeylen is incorrect (-31330) ; trying to recover by setting it to zero
Error in <TBasket::Streamer>: The value of fObjlen is incorrect (-1460296052) ; trying to recover by setting it to zero
Error in <TBasket::Streamer>: The value of fNbytes is incorrect (-845698399) ; trying to recover by setting it to zero
Error in <TCollectionLessSTLReader::GetCP()>: Read error in TBranchProxy.
Error in <TBasket::Streamer>: The value of fObjlen is incorrect (-1200424630) ; trying to recover by setting it to zero
Error in <TBasket::TBasket::Streamer>: The value of fNevBufSize (-866934573) or fIOBits (227) is incorrect ; setting the buffer to a zombie.
Error in <TCollectionLessSTLReader::GetCP()>: Read error in TBranchProxy.
Error in <TBasket::Streamer>: The value of fKeylen is incorrect (-19191) ; trying to recover by setting it to zero
Error in <TBasket::TBasket::Streamer>: The value of fNevBufSize (-1344425860) or fIOBits (0) is incorrect ; setting the buffer to a zombie.
Error in <TCollectionLessSTLReader::GetCP()>: Read error in TBranchProxy.
Error in <TBasket::Streamer>: The value of fKeylen is incorrect (-24948) ; trying to recover by setting it to zero
Error in <TBasket::Streamer>: The value of fObjlen is incorrect (-710856305) ; trying to recover by setting it to zero
Error in <TCollectionLessSTLReader::GetCP()>: Read error in TBranchProxy.
Error R__unzip_header: error in header.  Values: ab6
Error in <TBasket::ReadBasketBuffers>: Inconsistency found in header (nin=0, nbuf=0)
Error in <TBasket::ReadBasketBuffers>: fNbytes = 42079119, fKeylen = 6146, fObjlen = 1485380391, noutot = 0, nout=0, nin=0, nbuf=0
Error in <TCollectionLessSTLReader::GetCP()>: Read error in TBranchProxy.
Error in <TBasket::Streamer>: The value of fObjlen is incorrect (-1492237174) ; trying to recover by setting it to zero
Error in <TBasket::Streamer>: The value of fNbytes is incorrect (-45533579) ; trying to recover by setting it to zero
Error in <TCollectionLessSTLReader::GetCP()>: Read error in TBranchProxy.
Error in <TBasket::Streamer>: The value of fKeylen is incorrect (-31330) ; trying to recover by setting it to zero
Error in <TBasket::Streamer>: The value of fObjlen is incorrect (-1460296052) ; trying to recover by setting it to zero
Error in <TBasket::Streamer>: The value of fNbytes is incorrect (-845698399) ; trying to recover by setting it to zero
Error in <TCollectionLessSTLReader::GetCP()>: Read error in TBranchProxy.
Error in <TBasket::Streamer>: The value of fObjlen is incorrect (-1200424630) ; trying to recover by setting it to zero
Error in <TBasket::TBasket::Streamer>: The value of fNevBufSize (-866934573) or fIOBits (227) is incorrect ; setting the buffer to a zombie.
Error in <TCollectionLessSTLReader::GetCP()>: Read error in TBranchProxy.
Error in <TBasket::Streamer>: The value of fKeylen is incorrect (-19191) ; trying to recover by setting it to zero
Error in <TBasket::TBasket::Streamer>: The value of fNevBufSize (-1344425860) or fIOBits (0) is incorrect ; setting the buffer to a zombie.
Error in <TCollectionLessSTLReader::GetCP()>: Read error in TBranchProxy.
Error in <TBasket::Streamer>: The value of fKeylen is incorrect (-24948) ; trying to recover by setting it to zero
Error in <TBasket::Streamer>: The value of fObjlen is incorrect (-710856305) ; trying to recover by setting it to zero
Error in <TCollectionLessSTLReader::GetCP()>: Read error in TBranchProxy.
Error R__unzip_header: error in header.  Values: ab6
Error in <TBasket::ReadBasketBuffers>: Inconsistency found in header (nin=0, nbuf=0)
Error in <TBasket::ReadBasketBuffers>: fNbytes = 42079119, fKeylen = 6146, fObjlen = 1485380391, noutot = 0, nout=0, nin=0, nbuf=0
Error in <TCollectionLessSTLReader::GetCP()>: Read error in TBranchProxy.
Error in <TBasket::Streamer>: The value of fObjlen is incorrect (-1492237174) ; trying to recover by setting it to zero
Error in <TBasket::Streamer>: The value of fNbytes is incorrect (-45533579) ; trying to recover by setting it to zero
Error in <TCollectionLessSTLReader::GetCP()>: Read error in TBranchProxy.
Error in <TBasket::Streamer>: The value of fKeylen is incorrect (-31330) ; trying to recover by setting it to zero
Error in <TBasket::Streamer>: The value of fObjlen is incorrect (-1460296052) ; trying to recover by setting it to zero
Error in <TBasket::Streamer>: The value of fNbytes is incorrect (-845698399) ; trying to recover by setting it to zero
Error in <TCollectionLessSTLReader::GetCP()>: Read error in TBranchProxy.
Error in <TBasket::Streamer>: The value of fObjlen is incorrect (-1200424630) ; trying to recover by setting it to zero
Error in <TBasket::TBasket::Streamer>: The value of fNevBufSize (-866934573) or fIOBits (227) is incorrect ; setting the buffer to a zombie.
Error in <TCollectionLessSTLReader::GetCP()>: Read error in TBranchProxy.
Error in <TBasket::Streamer>: The value of fKeylen is incorrect (-19191) ; trying to recover by setting it to zero
Error in <TBasket::TBasket::Streamer>: The value of fNevBufSize (-1344425860) or fIOBits (0) is incorrect ; setting the buffer to a zombie.
Error in <TCollectionLessSTLReader::GetCP()>: Read error in TBranchProxy.
Error in <TBasket::Streamer>: The value of fKeylen is incorrect (-24948) ; trying to recover by setting it to zero
Error in <TBasket::Streamer>: The value of fObjlen is incorrect (-710856305) ; trying to recover by setting it to zero
Error in <TCollectionLessSTLReader::GetCP()>: Read error in TBranchProxy.
Error R__unzip_header: error in header.  Values: ab6
Error in <TBasket::ReadBasketBuffers>: Inconsistency found in header (nin=0, nbuf=0)
Error in <TBasket::ReadBasketBuffers>: fNbytes = 42079119, fKeylen = 6146, fObjlen = 1485380391, noutot = 0, nout=0, nin=0, nbuf=0
Error in <TCollectionLessSTLReader::GetCP()>: Read error in TBranchProxy.
Error in <TBasket::Streamer>: The value of fObjlen is incorrect (-1492237174) ; trying to recover by setting it to zero
Error in <TBasket::Streamer>: The value of fNbytes is incorrect (-45533579) ; trying to recover by setting it to zero
Error in <TCollectionLessSTLReader::GetCP()>: Read error in TBranchProxy.
Error in <TBasket::Streamer>: The value of fKeylen is incorrect (-31330) ; trying to recover by setting it to zero
Error in <TBasket::Streamer>: The value of fObjlen is incorrect (-1460296052) ; trying to recover by setting it to zero
Error in <TBasket::Streamer>: The value of fNbytes is incorrect (-845698399) ; trying to recover by setting it to zero
Error in <TCollectionLessSTLReader::GetCP()>: Read error in TBranchProxy.
Error in <TBasket::Streamer>: The value of fObjlen is incorrect (-1200424630) ; trying to recover by setting it to zero
Error in <TBasket::TBasket::Streamer>: The value of fNevBufSize (-866934573) or fIOBits (227) is incorrect ; setting the buffer to a zombie.
Error in <TCollectionLessSTLReader::GetCP()>: Read error in TBranchProxy.
Error in <TBasket::Streamer>: The value of fKeylen is incorrect (-19191) ; trying to recover by setting it to zero
Error in <TBasket::TBasket::Streamer>: The value of fNevBufSize (-1344425860) or fIOBits (0) is incorrect ; setting the buffer to a zombie.
Error in <TCollectionLessSTLReader::GetCP()>: Read error in TBranchProxy.
Error in <TBasket::Streamer>: The value of fKeylen is incorrect (-24948) ; trying to recover by setting it to zero
Error in <TBasket::Streamer>: The value of fObjlen is incorrect (-710856305) ; trying to recover by setting it to zero
Error in <TCollectionLessSTLReader::GetCP()>: Read error in TBranchProxy.
Error R__unzip_header: error in header.  Values: ab6
Error in <TBasket::ReadBasketBuffers>: Inconsistency found in header (nin=0, nbuf=0)
Error in <TBasket::ReadBasketBuffers>: fNbytes = 42079119, fKeylen = 6146, fObjlen = 1485380391, noutot = 0, nout=0, nin=0, nbuf=0
Error in <TCollectionLessSTLReader::GetCP()>: Read error in TBranchProxy.
Error in <TBasket::Streamer>: The value of fObjlen is incorrect (-1492237174) ; trying to recover by setting it to zero
Error in <TBasket::Streamer>: The value of fNbytes is incorrect (-45533579) ; trying to recover by setting it to zero
Error in <TCollectionLessSTLReader::GetCP()>: Read error in TBranchProxy.
Error in <TBasket::Streamer>: The value of fKeylen is incorrect (-31330) ; trying to recover by setting it to zero
Error in <TBasket::Streamer>: The value of fObjlen is incorrect (-1460296052) ; trying to recover by setting it to zero
Error in <TBasket::Streamer>: The value of fNbytes is incorrect (-845698399) ; trying to recover by setting it to zero
Error in <TCollectionLessSTLReader::GetCP()>: Read error in TBranchProxy.
Error in <TBasket::Streamer>: The value of fObjlen is incorrect (-1200424630) ; trying to recover by setting it to zero
Error in <TBasket::TBasket::Streamer>: The value of fNevBufSize (-866934573) or fIOBits (227) is incorrect ; setting the buffer to a zombie.
Error in <TCollectionLessSTLReader::GetCP()>: Read error in TBranchProxy.
Error in <TBasket::Streamer>: The value of fKeylen is incorrect (-19191) ; trying to recover by setting it to zero
Error in <TBasket::TBasket::Streamer>: The value of fNevBufSize (-1344425860) or fIOBits (0) is incorrect ; setting the buffer to a zombie.
Error in <TCollectionLessSTLReader::GetCP()>: Read error in TBranchProxy.
Error in <TBasket::Streamer>: The value of fKeylen is incorrect (-24948) ; trying to recover by setting it to zero
Error in <TBasket::Streamer>: The value of fObjlen is incorrect (-710856305) ; trying to recover by setting it to zero
Error in <TCollectionLessSTLReader::GetCP()>: Read error in TBranchProxy.
Error R__unzip_header: error in header.  Values: ab6
Error in <TBasket::ReadBasketBuffers>: Inconsistency found in header (nin=0, nbuf=0)
Error in <TBasket::ReadBasketBuffers>: fNbytes = 42079119, fKeylen = 6146, fObjlen = 1485380391, noutot = 0, nout=0, nin=0, nbuf=0
Error in <TCollectionLessSTLReader::GetCP()>: Read error in TBranchProxy.
Error in <TBasket::Streamer>: The value of fObjlen is incorrect (-1492237174) ; trying to recover by setting it to zero
Error in <TBasket::Streamer>: The value of fNbytes is incorrect (-45533579) ; trying to recover by setting it to zero
Error in <TCollectionLessSTLReader::GetCP()>: Read error in TBranchProxy.
Error in <TBasket::Streamer>: The value of fKeylen is incorrect (-31330) ; trying to recover by setting it to zero
Error in <TBasket::Streamer>: The value of fObjlen is incorrect (-1460296052) ; trying to recover by setting it to zero
Error in <TBasket::Streamer>: The value of fNbytes is incorrect (-845698399) ; trying to recover by setting it to zero
Error in <TCollectionLessSTLReader::GetCP()>: Read error in TBranchProxy.
Error in <TBasket::Streamer>: The value of fObjlen is incorrect (-1200424630) ; trying to recover by setting it to zero
Error in <TBasket::TBasket::Streamer>: The value of fNevBufSize (-866934573) or fIOBits (227) is incorrect ; setting the buffer to a zombie.
Error in <TCollectionLessSTLReader::GetCP()>: Read error in TBranchProxy.
Error in <TBasket::Streamer>: The value of fKeylen is incorrect (-19191) ; trying to recover by setting it to zero
Error in <TBasket::TBasket::Streamer>: The value of fNevBufSize (-1344425860) or fIOBits (0) is incorrect ; setting the buffer to a zombie.
Error in <TCollectionLessSTLReader::GetCP()>: Read error in TBranchProxy.
Error in <TBasket::Streamer>: The value of fKeylen is incorrect (-24948) ; trying to recover by setting it to zero
Error in <TBasket::Streamer>: The value of fObjlen is incorrect (-710856305) ; trying to recover by setting it to zero
Error in <TCollectionLessSTLReader::GetCP()>: Read error in TBranchProxy.
Error R__unzip_header: error in header.  Values: ab6
Error in <TBasket::ReadBasketBuffers>: Inconsistency found in header (nin=0, nbuf=0)
Error in <TBasket::ReadBasketBuffers>: fNbytes = 42079119, fKeylen = 6146, fObjlen = 1485380391, noutot = 0, nout=0, nin=0, nbuf=0
Error in <TCollectionLessSTLReader::GetCP()>: Read error in TBranchProxy.
Error in <TBasket::Streamer>: The value of fObjlen is incorrect (-1492237174) ; trying to recover by setting it to zero
Error in <TBasket::Streamer>: The value of fNbytes is incorrect (-45533579) ; trying to recover by setting it to zero
Error in <TCollectionLessSTLReader::GetCP()>: Read error in TBranchProxy.
Error in <TBasket::Streamer>: The value of fKeylen is incorrect (-31330) ; trying to recover by setting it to zero
Error in <TBasket::Streamer>: The value of fObjlen is incorrect (-1460296052) ; trying to recover by setting it to zero
Error in <TBasket::Streamer>: The value of fNbytes is incorrect (-845698399) ; trying to recover by setting it to zero
Error in <TCollectionLessSTLReader::GetCP()>: Read error in TBranchProxy.
Error in <TBasket::Streamer>: The value of fObjlen is incorrect (-1200424630) ; trying to recover by setting it to zero
Error in <TBasket::TBasket::Streamer>: The value of fNevBufSize (-866934573) or fIOBits (227) is incorrect ; setting the buffer to a zombie.
Error in <TCollectionLessSTLReader::GetCP()>: Read error in TBranchProxy.
Error in <TBasket::Streamer>: The value of fKeylen is incorrect (-19191) ; trying to recover by setting it to zero
Error in <TBasket::TBasket::Streamer>: The value of fNevBufSize (-1344425860) or fIOBits (0) is incorrect ; setting the buffer to a zombie.
Error in <TCollectionLessSTLReader::GetCP()>: Read error in TBranchProxy.
Error in <TBasket::Streamer>: The value of fKeylen is incorrect (-24948) ; trying to recover by setting it to zero
Error in <TBasket::Streamer>: The value of fObjlen is incorrect (-710856305) ; trying to recover by setting it to zero
Error in <TCollectionLessSTLReader::GetCP()>: Read error in TBranchProxy.
Error R__unzip_header: error in header.  Values: ab6
Error in <TBasket::ReadBasketBuffers>: Inconsistency found in header (nin=0, nbuf=0)
Error in <TBasket::ReadBasketBuffers>: fNbytes = 42079119, fKeylen = 6146, fObjlen = 1485380391, noutot = 0, nout=0, nin=0, nbuf=0
Error in <TCollectionLessSTLReader::GetCP()>: Read error in TBranchProxy.
Error in <TBasket::Streamer>: The value of fObjlen is incorrect (-1492237174) ; trying to recover by setting it to zero
Error in <TBasket::Streamer>: The value of fNbytes is incorrect (-45533579) ; trying to recover by setting it to zero
Error in <TCollectionLessSTLReader::GetCP()>: Read error in TBranchProxy.
Error in <TBasket::Streamer>: The value of fKeylen is incorrect (-31330) ; trying to recover by setting it to zero
Error in <TBasket::Streamer>: The value of fObjlen is incorrect (-1460296052) ; trying to recover by setting it to zero
Error in <TBasket::Streamer>: The value of fNbytes is incorrect (-845698399) ; trying to recover by setting it to zero
Error in <TCollectionLessSTLReader::GetCP()>: Read error in TBranchProxy.
Error in <TBasket::Streamer>: The value of fObjlen is incorrect (-1200424630) ; trying to recover by setting it to zero
Error in <TBasket::TBasket::Streamer>: The value of fNevBufSize (-866934573) or fIOBits (227) is incorrect ; setting the buffer to a zombie.
Error in <TCollectionLessSTLReader::GetCP()>: Read error in TBranchProxy.
Error in <TBasket::Streamer>: The value of fKeylen is incorrect (-19191) ; trying to recover by setting it to zero
Error in <TBasket::TBasket::Streamer>: The value of fNevBufSize (-1344425860) or fIOBits (0) is incorrect ; setting the buffer to a zombie.
Error in <TCollectionLessSTLReader::GetCP()>: Read error in TBranchProxy.
Error in <TBasket::Streamer>: The value of fKeylen is incorrect (-24948) ; trying to recover by setting it to zero
Error in <TBasket::Streamer>: The value of fObjlen is incorrect (-710856305) ; trying to recover by setting it to zero
Error in <TCollectionLessSTLReader::GetCP()>: Read error in TBranchProxy.
Error R__unzip_header: error in header.  Values: ab6
Error in <TBasket::ReadBasketBuffers>: Inconsistency found in header (nin=0, nbuf=0)
Error in <TBasket::ReadBasketBuffers>: fNbytes = 42079119, fKeylen = 6146, fObjlen = 1485380391, noutot = 0, nout=0, nin=0, nbuf=0
Error in <TCollectionLessSTLReader::GetCP()>: Read error in TBranchProxy.
Error in <TBasket::Streamer>: The value of fObjlen is incorrect (-1492237174) ; trying to recover by setting it to zero
Error in <TBasket::Streamer>: The value of fNbytes is incorrect (-45533579) ; trying to recover by setting it to zero
Error in <TCollectionLessSTLReader::GetCP()>: Read error in TBranchProxy.
Error in <TBasket::Streamer>: The value of fKeylen is incorrect (-31330) ; trying to recover by setting it to zero
Error in <TBasket::Streamer>: The value of fObjlen is incorrect (-1460296052) ; trying to recover by setting it to zero
Error in <TBasket::Streamer>: The value of fNbytes is incorrect (-845698399) ; trying to recover by setting it to zero
Error in <TCollectionLessSTLReader::GetCP()>: Read error in TBranchProxy.
Error in <TBasket::Streamer>: The value of fObjlen is incorrect (-1200424630) ; trying to recover by setting it to zero
Error in <TBasket::TBasket::Streamer>: The value of fNevBufSize (-866934573) or fIOBits (227) is incorrect ; setting the buffer to a zombie.
Error in <TCollectionLessSTLReader::GetCP()>: Read error in TBranchProxy.
Error in <TBasket::Streamer>: The value of fKeylen is incorrect (-19191) ; trying to recover by setting it to zero
Error in <TBasket::TBasket::Streamer>: The value of fNevBufSize (-1344425860) or fIOBits (0) is incorrect ; setting the buffer to a zombie.
Error in <TCollectionLessSTLReader::GetCP()>: Read error in TBranchProxy.
Error in <TBasket::Streamer>: The value of fKeylen is incorrect (-24948) ; trying to recover by setting it to zero
Error in <TBasket::Streamer>: The value of fObjlen is incorrect (-710856305) ; trying to recover by setting it to zero
Error in <TCollectionLessSTLReader::GetCP()>: Read error in TBranchProxy.
Error R__unzip_header: error in header.  Values: ab6
Error in <TBasket::ReadBasketBuffers>: Inconsistency found in header (nin=0, nbuf=0)
Error in <TBasket::ReadBasketBuffers>: fNbytes = 42079119, fKeylen = 6146, fObjlen = 1485380391, noutot = 0, nout=0, nin=0, nbuf=0
Error in <TCollectionLessSTLReader::GetCP()>: Read error in TBranchProxy.
Error in <TBasket::Streamer>: The value of fObjlen is incorrect (-1492237174) ; trying to recover by setting it to zero
Error in <TBasket::Streamer>: The value of fNbytes is incorrect (-45533579) ; trying to recover by setting it to zero
Error in <TCollectionLessSTLReader::GetCP()>: Read error in TBranchProxy.
Error in <TBasket::Streamer>: The value of fKeylen is incorrect (-31330) ; trying to recover by setting it to zero
Error in <TBasket::Streamer>: The value of fObjlen is incorrect (-1460296052) ; trying to recover by setting it to zero
Error in <TBasket::Streamer>: The value of fNbytes is incorrect (-845698399) ; trying to recover by setting it to zero
Error in <TCollectionLessSTLReader::GetCP()>: Read error in TBranchProxy.
Error in <TBasket::Streamer>: The value of fObjlen is incorrect (-1200424630) ; trying to recover by setting it to zero
Error in <TBasket::TBasket::Streamer>: The value of fNevBufSize (-866934573) or fIOBits (227) is incorrect ; setting the buffer to a zombie.
Error in <TCollectionLessSTLReader::GetCP()>: Read error in TBranchProxy.
Error in <TBasket::Streamer>: The value of fKeylen is incorrect (-19191) ; trying to recover by setting it to zero
Error in <TBasket::TBasket::Streamer>: The value of fNevBufSize (-1344425860) or fIOBits (0) is incorrect ; setting the buffer to a zombie.
Error in <TCollectionLessSTLReader::GetCP()>: Read error in TBranchProxy.
Error in <TBasket::Streamer>: The value of fKeylen is incorrect (-24948) ; trying to recover by setting it to zero
Error in <TBasket::Streamer>: The value of fObjlen is incorrect (-710856305) ; trying to recover by setting it to zero
Error in <TCollectionLessSTLReader::GetCP()>: Read error in TBranchProxy.
Error R__unzip_header: error in header.  Values: ab6
Error in <TBasket::ReadBasketBuffers>: Inconsistency found in header (nin=0, nbuf=0)
Error in <TBasket::ReadBasketBuffers>: fNbytes = 42079119, fKeylen = 6146, fObjlen = 1485380391, noutot = 0, nout=0, nin=0, nbuf=0
Error in <TCollectionLessSTLReader::GetCP()>: Read error in TBranchProxy.
Error in <TBasket::Streamer>: The value of fObjlen is incorrect (-1492237174) ; trying to recover by setting it to zero
Error in <TBasket::Streamer>: The value of fNbytes is incorrect (-45533579) ; trying to recover by setting it to zero
Error in <TCollectionLessSTLReader::GetCP()>: Read error in TBranchProxy.
Error in <TBasket::Streamer>: The value of fKeylen is incorrect (-31330) ; trying to recover by setting it to zero
Error in <TBasket::Streamer>: The value of fObjlen is incorrect (-1460296052) ; trying to recover by setting it to zero
Error in <TBasket::Streamer>: The value of fNbytes is incorrect (-845698399) ; trying to recover by setting it to zero
Error in <TCollectionLessSTLReader::GetCP()>: Read error in TBranchProxy.
Error in <TBasket::Streamer>: The value of fObjlen is incorrect (-1200424630) ; trying to recover by setting it to zero
Error in <TBasket::TBasket::Streamer>: The value of fNevBufSize (-866934573) or fIOBits (227) is incorrect ; setting the buffer to a zombie.
Error in <TCollectionLessSTLReader::GetCP()>: Read error in TBranchProxy.
Error in <TBasket::Streamer>: The value of fKeylen is incorrect (-19191) ; trying to recover by setting it to zero
Error in <TBasket::TBasket::Streamer>: The value of fNevBufSize (-1344425860) or fIOBits (0) is incorrect ; setting the buffer to a zombie.
Error in <TCollectionLessSTLReader::GetCP()>: Read error in TBranchProxy.
Error in <TBasket::Streamer>: The value of fKeylen is incorrect (-24948) ; trying to recover by setting it to zero
Error in <TBasket::Streamer>: The value of fObjlen is incorrect (-710856305) ; trying to recover by setting it to zero
Error in <TCollectionLessSTLReader::GetCP()>: Read error in TBranchProxy.
Error R__unzip_header: error in header.  Values: ab6
Error in <TBasket::ReadBasketBuffers>: Inconsistency found in header (nin=0, nbuf=0)
Error in <TBasket::ReadBasketBuffers>: fNbytes = 42079119, fKeylen = 6146, fObjlen = 1485380391, noutot = 0, nout=0, nin=0, nbuf=0
Error in <TCollectionLessSTLReader::GetCP()>: Read error in TBranchProxy.
Error in <TBasket::Streamer>: The value of fObjlen is incorrect (-1492237174) ; trying to recover by setting it to zero
Error in <TBasket::Streamer>: The value of fNbytes is incorrect (-45533579) ; trying to recover by setting it to zero
Error in <TCollectionLessSTLReader::GetCP()>: Read error in TBranchProxy.
Error in <TBasket::Streamer>: The value of fKeylen is incorrect (-31330) ; trying to recover by setting it to zero
Error in <TBasket::Streamer>: The value of fObjlen is incorrect (-1460296052) ; trying to recover by setting it to zero
Error in <TBasket::Streamer>: The value of fNbytes is incorrect (-845698399) ; trying to recover by setting it to zero
Error in <TCollectionLessSTLReader::GetCP()>: Read error in TBranchProxy.
Error in <TBasket::Streamer>: The value of fObjlen is incorrect (-1200424630) ; trying to recover by setting it to zero
Error in <TBasket::TBasket::Streamer>: The value of fNevBufSize (-866934573) or fIOBits (227) is incorrect ; setting the buffer to a zombie.
Error in <TCollectionLessSTLReader::GetCP()>: Read error in TBranchProxy.
Error in <TBasket::Streamer>: The value of fKeylen is incorrect (-19191) ; trying to recover by setting it to zero
Error in <TBasket::TBasket::Streamer>: The value of fNevBufSize (-1344425860) or fIOBits (0) is incorrect ; setting the buffer to a zombie.
Error in <TCollectionLessSTLReader::GetCP()>: Read error in TBranchProxy.
Error in <TBasket::Streamer>: The value of fKeylen is incorrect (-24948) ; trying to recover by setting it to zero
Error in <TBasket::Streamer>: The value of fObjlen is incorrect (-710856305) ; trying to recover by setting it to zero
Error in <TCollectionLessSTLReader::GetCP()>: Read error in TBranchProxy.
Error R__unzip_header: error in header.  Values: ab6
Error in <TBasket::ReadBasketBuffers>: Inconsistency found in header (nin=0, nbuf=0)
Error in <TBasket::ReadBasketBuffers>: fNbytes = 42079119, fKeylen = 6146, fObjlen = 1485380391, noutot = 0, nout=0, nin=0, nbuf=0
Error in <TCollectionLessSTLReader::GetCP()>: Read error in TBranchProxy.
Error in <TBasket::Streamer>: The value of fObjlen is incorrect (-1492237174) ; trying to recover by setting it to zero
Error in <TBasket::Streamer>: The value of fNbytes is incorrect (-45533579) ; trying to recover by setting it to zero
Error in <TCollectionLessSTLReader::GetCP()>: Read error in TBranchProxy.
Error in <TBasket::Streamer>: The value of fKeylen is incorrect (-31330) ; trying to recover by setting it to zero
Error in <TBasket::Streamer>: The value of fObjlen is incorrect (-1460296052) ; trying to recover by setting it to zero
Error in <TBasket::Streamer>: The value of fNbytes is incorrect (-845698399) ; trying to recover by setting it to zero
Error in <TCollectionLessSTLReader::GetCP()>: Read error in TBranchProxy.
Error in <TBasket::Streamer>: The value of fObjlen is incorrect (-1200424630) ; trying to recover by setting it to zero
Error in <TBasket::TBasket::Streamer>: The value of fNevBufSize (-866934573) or fIOBits (227) is incorrect ; setting the buffer to a zombie.
Error in <TCollectionLessSTLReader::GetCP()>: Read error in TBranchProxy.
Error in <TBasket::Streamer>: The value of fKeylen is incorrect (-19191) ; trying to recover by setting it to zero
Error in <TBasket::TBasket::Streamer>: The value of fNevBufSize (-1344425860) or fIOBits (0) is incorrect ; setting the buffer to a zombie.
Error in <TCollectionLessSTLReader::GetCP()>: Read error in TBranchProxy.
Error in <TBasket::Streamer>: The value of fKeylen is incorrect (-24948) ; trying to recover by setting it to zero
Error in <TBasket::Streamer>: The value of fObjlen is incorrect (-710856305) ; trying to recover by setting it to zero
Error in <TCollectionLessSTLReader::GetCP()>: Read error in TBranchProxy.
Error R__unzip_header: error in header.  Values: ab6
Error in <TBasket::ReadBasketBuffers>: Inconsistency found in header (nin=0, nbuf=0)
Error in <TBasket::ReadBasketBuffers>: fNbytes = 42079119, fKeylen = 6146, fObjlen = 1485380391, noutot = 0, nout=0, nin=0, nbuf=0
Error in <TCollectionLessSTLReader::GetCP()>: Read error in TBranchProxy.
Error in <TBasket::Streamer>: The value of fObjlen is incorrect (-1492237174) ; trying to recover by setting it to zero
Error in <TBasket::Streamer>: The value of fNbytes is incorrect (-45533579) ; trying to recover by setting it to zero
Error in <TCollectionLessSTLReader::GetCP()>: Read error in TBranchProxy.
Error in <TBasket::Streamer>: The value of fKeylen is incorrect (-31330) ; trying to recover by setting it to zero
Error in <TBasket::Streamer>: The value of fObjlen is incorrect (-1460296052) ; trying to recover by setting it to zero
Error in <TBasket::Streamer>: The value of fNbytes is incorrect (-845698399) ; trying to recover by setting it to zero
Error in <TCollectionLessSTLReader::GetCP()>: Read error in TBranchProxy.
Error in <TBasket::Streamer>: The value of fObjlen is incorrect (-1200424630) ; trying to recover by setting it to zero
Error in <TBasket::TBasket::Streamer>: The value of fNevBufSize (-866934573) or fIOBits (227) is incorrect ; setting the buffer to a zombie.
Error in <TCollectionLessSTLReader::GetCP()>: Read error in TBranchProxy.
Error in <TBasket::Streamer>: The value of fKeylen is incorrect (-19191) ; trying to recover by setting it to zero
Error in <TBasket::TBasket::Streamer>: The value of fNevBufSize (-1344425860) or fIOBits (0) is incorrect ; setting the buffer to a zombie.
Error in <TCollectionLessSTLReader::GetCP()>: Read error in TBranchProxy.
Error in <TBasket::Streamer>: The value of fKeylen is incorrect (-24948) ; trying to recover by setting it to zero
Error in <TBasket::Streamer>: The value of fObjlen is incorrect (-710856305) ; trying to recover by setting it to zero
Error in <TCollectionLessSTLReader::GetCP()>: Read error in TBranchProxy.
Error R__unzip_header: error in header.  Values: ab6
Error in <TBasket::ReadBasketBuffers>: Inconsistency found in header (nin=0, nbuf=0)
Error in <TBasket::ReadBasketBuffers>: fNbytes = 42079119, fKeylen = 6146, fObjlen = 1485380391, noutot = 0, nout=0, nin=0, nbuf=0
Error in <TCollectionLessSTLReader::GetCP()>: Read error in TBranchProxy.
Error in <TBasket::Streamer>: The value of fObjlen is incorrect (-1492237174) ; trying to recover by setting it to zero
Error in <TBasket::Streamer>: The value of fNbytes is incorrect (-45533579) ; trying to recover by setting it to zero
Error in <TCollectionLessSTLReader::GetCP()>: Read error in TBranchProxy.
Error in <TBasket::Streamer>: The value of fKeylen is incorrect (-31330) ; trying to recover by setting it to zero
Error in <TBasket::Streamer>: The value of fObjlen is incorrect (-1460296052) ; trying to recover by setting it to zero
Error in <TBasket::Streamer>: The value of fNbytes is incorrect (-845698399) ; trying to recover by setting it to zero
Error in <TCollectionLessSTLReader::GetCP()>: Read error in TBranchProxy.
Error in <TBasket::Streamer>: The value of fObjlen is incorrect (-1200424630) ; trying to recover by setting it to zero
Error in <TBasket::TBasket::Streamer>: The value of fNevBufSize (-866934573) or fIOBits (227) is incorrect ; setting the buffer to a zombie.
Error in <TCollectionLessSTLReader::GetCP()>: Read error in TBranchProxy.
Error in <TBasket::Streamer>: The value of fKeylen is incorrect (-19191) ; trying to recover by setting it to zero
Error in <TBasket::TBasket::Streamer>: The value of fNevBufSize (-1344425860) or fIOBits (0) is incorrect ; setting the buffer to a zombie.
Error in <TCollectionLessSTLReader::GetCP()>: Read error in TBranchProxy.
Error in <TBasket::Streamer>: The value of fKeylen is incorrect (-24948) ; trying to recover by setting it to zero
Error in <TBasket::Streamer>: The value of fObjlen is incorrect (-710856305) ; trying to recover by setting it to zero
Error in <TCollectionLessSTLReader::GetCP()>: Read error in TBranchProxy.
Error R__unzip_header: error in header.  Values: ab6
Error in <TBasket::ReadBasketBuffers>: Inconsistency found in header (nin=0, nbuf=0)
Error in <TBasket::ReadBasketBuffers>: fNbytes = 42079119, fKeylen = 6146, fObjlen = 1485380391, noutot = 0, nout=0, nin=0, nbuf=0
Error in <TCollectionLessSTLReader::GetCP()>: Read error in TBranchProxy.
Error in <TBasket::Streamer>: The value of fObjlen is incorrect (-1492237174) ; trying to recover by setting it to zero
Error in <TBasket::Streamer>: The value of fNbytes is incorrect (-45533579) ; trying to recover by setting it to zero
Error in <TCollectionLessSTLReader::GetCP()>: Read error in TBranchProxy.
Error in <TBasket::Streamer>: The value of fKeylen is incorrect (-31330) ; trying to recover by setting it to zero
Error in <TBasket::Streamer>: The value of fObjlen is incorrect (-1460296052) ; trying to recover by setting it to zero
Error in <TBasket::Streamer>: The value of fNbytes is incorrect (-845698399) ; trying to recover by setting it to zero
Error in <TCollectionLessSTLReader::GetCP()>: Read error in TBranchProxy.
Error in <TBasket::Streamer>: The value of fObjlen is incorrect (-1200424630) ; trying to recover by setting it to zero
Error in <TBasket::TBasket::Streamer>: The value of fNevBufSize (-866934573) or fIOBits (227) is incorrect ; setting the buffer to a zombie.
Error in <TCollectionLessSTLReader::GetCP()>: Read error in TBranchProxy.
Error in <TBasket::Streamer>: The value of fKeylen is incorrect (-19191) ; trying to recover by setting it to zero
Error in <TBasket::TBasket::Streamer>: The value of fNevBufSize (-1344425860) or fIOBits (0) is incorrect ; setting the buffer to a zombie.
Error in <TCollectionLessSTLReader::GetCP()>: Read error in TBranchProxy.
Error in <TBasket::Streamer>: The value of fKeylen is incorrect (-24948) ; trying to recover by setting it to zero
Error in <TBasket::Streamer>: The value of fObjlen is incorrect (-710856305) ; trying to recover by setting it to zero
Error in <TCollectionLessSTLReader::GetCP()>: Read error in TBranchProxy.
Error R__unzip_header: error in header.  Values: ab6
Error in <TBasket::ReadBasketBuffers>: Inconsistency found in header (nin=0, nbuf=0)
Error in <TBasket::ReadBasketBuffers>: fNbytes = 42079119, fKeylen = 6146, fObjlen = 1485380391, noutot = 0, nout=0, nin=0, nbuf=0
Error in <TCollectionLessSTLReader::GetCP()>: Read error in TBranchProxy.
Error in <TBasket::Streamer>: The value of fObjlen is incorrect (-1492237174) ; trying to recover by setting it to zero
Error in <TBasket::Streamer>: The value of fNbytes is incorrect (-45533579) ; trying to recover by setting it to zero
Error in <TCollectionLessSTLReader::GetCP()>: Read error in TBranchProxy.
Error in <TBasket::Streamer>: The value of fKeylen is incorrect (-31330) ; trying to recover by setting it to zero
Error in <TBasket::Streamer>: The value of fObjlen is incorrect (-1460296052) ; trying to recover by setting it to zero
Error in <TBasket::Streamer>: The value of fNbytes is incorrect (-845698399) ; trying to recover by setting it to zero
Error in <TCollectionLessSTLReader::GetCP()>: Read error in TBranchProxy.
Error in <TBasket::Streamer>: The value of fObjlen is incorrect (-1200424630) ; trying to recover by setting it to zero
Error in <TBasket::TBasket::Streamer>: The value of fNevBufSize (-866934573) or fIOBits (227) is incorrect ; setting the buffer to a zombie.
Error in <TCollectionLessSTLReader::GetCP()>: Read error in TBranchProxy.
Error in <TBasket::Streamer>: The value of fKeylen is incorrect (-19191) ; trying to recover by setting it to zero
Error in <TBasket::TBasket::Streamer>: The value of fNevBufSize (-1344425860) or fIOBits (0) is incorrect ; setting the buffer to a zombie.
Error in <TCollectionLessSTLReader::GetCP()>: Read error in TBranchProxy.
Error in <TBasket::Streamer>: The value of fKeylen is incorrect (-24948) ; trying to recover by setting it to zero
Error in <TBasket::Streamer>: The value of fObjlen is incorrect (-710856305) ; trying to recover by setting it to zero
Error in <TCollectionLessSTLReader::GetCP()>: Read error in TBranchProxy.
Error R__unzip_header: error in header.  Values: ab6
Error in <TBasket::ReadBasketBuffers>: Inconsistency found in header (nin=0, nbuf=0)
Error in <TBasket::ReadBasketBuffers>: fNbytes = 42079119, fKeylen = 6146, fObjlen = 1485380391, noutot = 0, nout=0, nin=0, nbuf=0
Error in <TCollectionLessSTLReader::GetCP()>: Read error in TBranchProxy.
Error in <TBasket::Streamer>: The value of fObjlen is incorrect (-1492237174) ; trying to recover by setting it to zero
Error in <TBasket::Streamer>: The value of fNbytes is incorrect (-45533579) ; trying to recover by setting it to zero
Error in <TCollectionLessSTLReader::GetCP()>: Read error in TBranchProxy.
Error in <TBasket::Streamer>: The value of fKeylen is incorrect (-31330) ; trying to recover by setting it to zero
Error in <TBasket::Streamer>: The value of fObjlen is incorrect (-1460296052) ; trying to recover by setting it to zero
Error in <TBasket::Streamer>: The value of fNbytes is incorrect (-845698399) ; trying to recover by setting it to zero
Error in <TCollectionLessSTLReader::GetCP()>: Read error in TBranchProxy.
Error in <TBasket::Streamer>: The value of fObjlen is incorrect (-1200424630) ; trying to recover by setting it to zero
Error in <TBasket::TBasket::Streamer>: The value of fNevBufSize (-866934573) or fIOBits (227) is incorrect ; setting the buffer to a zombie.
Error in <TCollectionLessSTLReader::GetCP()>: Read error in TBranchProxy.
Error in <TBasket::Streamer>: The value of fKeylen is incorrect (-19191) ; trying to recover by setting it to zero
Error in <TBasket::TBasket::Streamer>: The value of fNevBufSize (-1344425860) or fIOBits (0) is incorrect ; setting the buffer to a zombie.
Error in <TCollectionLessSTLReader::GetCP()>: Read error in TBranchProxy.
Error in <TBasket::Streamer>: The value of fKeylen is incorrect (-24948) ; trying to recover by setting it to zero
Error in <TBasket::Streamer>: The value of fObjlen is incorrect (-710856305) ; trying to recover by setting it to zero
Error in <TCollectionLessSTLReader::GetCP()>: Read error in TBranchProxy.
Error R__unzip_header: error in header.  Values: ab6
Error in <TBasket::ReadBasketBuffers>: Inconsistency found in header (nin=0, nbuf=0)
Error in <TBasket::ReadBasketBuffers>: fNbytes = 42079119, fKeylen = 6146, fObjlen = 1485380391, noutot = 0, nout=0, nin=0, nbuf=0
Error in <TCollectionLessSTLReader::GetCP()>: Read error in TBranchProxy.
Error in <TBasket::Streamer>: The value of fObjlen is incorrect (-1492237174) ; trying to recover by setting it to zero
Error in <TBasket::Streamer>: The value of fNbytes is incorrect (-45533579) ; trying to recover by setting it to zero
Error in <TCollectionLessSTLReader::GetCP()>: Read error in TBranchProxy.
Error in <TBasket::Streamer>: The value of fKeylen is incorrect (-31330) ; trying to recover by setting it to zero
Error in <TBasket::Streamer>: The value of fObjlen is incorrect (-1460296052) ; trying to recover by setting it to zero
Error in <TBasket::Streamer>: The value of fNbytes is incorrect (-845698399) ; trying to recover by setting it to zero
Error in <TCollectionLessSTLReader::GetCP()>: Read error in TBranchProxy.
Error in <TBasket::Streamer>: The value of fObjlen is incorrect (-1200424630) ; trying to recover by setting it to zero
Error in <TBasket::TBasket::Streamer>: The value of fNevBufSize (-866934573) or fIOBits (227) is incorrect ; setting the buffer to a zombie.
Error in <TCollectionLessSTLReader::GetCP()>: Read error in TBranchProxy.
Error in <TBasket::Streamer>: The value of fKeylen is incorrect (-19191) ; trying to recover by setting it to zero
Error in <TBasket::TBasket::Streamer>: The value of fNevBufSize (-1344425860) or fIOBits (0) is incorrect ; setting the buffer to a zombie.
Error in <TCollectionLessSTLReader::GetCP()>: Read error in TBranchProxy.
Error in <TBasket::Streamer>: The value of fKeylen is incorrect (-24948) ; trying to recover by setting it to zero
Error in <TBasket::Streamer>: The value of fObjlen is incorrect (-710856305) ; trying to recover by setting it to zero
Error in <TCollectionLessSTLReader::GetCP()>: Read error in TBranchProxy.
Error R__unzip_header: error in header.  Values: ab6
Error in <TBasket::ReadBasketBuffers>: Inconsistency found in header (nin=0, nbuf=0)
Error in <TBasket::ReadBasketBuffers>: fNbytes = 42079119, fKeylen = 6146, fObjlen = 1485380391, noutot = 0, nout=0, nin=0, nbuf=0
Error in <TCollectionLessSTLReader::GetCP()>: Read error in TBranchProxy.
Error in <TBasket::Streamer>: The value of fObjlen is incorrect (-1492237174) ; trying to recover by setting it to zero
Error in <TBasket::Streamer>: The value of fNbytes is incorrect (-45533579) ; trying to recover by setting it to zero
Error in <TCollectionLessSTLReader::GetCP()>: Read error in TBranchProxy.
Error in <TBasket::Streamer>: The value of fKeylen is incorrect (-31330) ; trying to recover by setting it to zero
Error in <TBasket::Streamer>: The value of fObjlen is incorrect (-1460296052) ; trying to recover by setting it to zero
Error in <TBasket::Streamer>: The value of fNbytes is incorrect (-845698399) ; trying to recover by setting it to zero
Error in <TCollectionLessSTLReader::GetCP()>: Read error in TBranchProxy.
Error in <TBasket::Streamer>: The value of fObjlen is incorrect (-1200424630) ; trying to recover by setting it to zero
Error in <TBasket::TBasket::Streamer>: The value of fNevBufSize (-866934573) or fIOBits (227) is incorrect ; setting the buffer to a zombie.
Error in <TCollectionLessSTLReader::GetCP()>: Read error in TBranchProxy.
Error in <TBasket::Streamer>: The value of fKeylen is incorrect (-19191) ; trying to recover by setting it to zero
Error in <TBasket::TBasket::Streamer>: The value of fNevBufSize (-1344425860) or fIOBits (0) is incorrect ; setting the buffer to a zombie.
Error in <TCollectionLessSTLReader::GetCP()>: Read error in TBranchProxy.
Error in <TBasket::Streamer>: The value of fKeylen is incorrect (-24948) ; trying to recover by setting it to zero
Error in <TBasket::Streamer>: The value of fObjlen is incorrect (-710856305) ; trying to recover by setting it to zero
Error in <TCollectionLessSTLReader::GetCP()>: Read error in TBranchProxy.
Error R__unzip_header: error in header.  Values: ab6
Error in <TBasket::ReadBasketBuffers>: Inconsistency found in header (nin=0, nbuf=0)
Error in <TBasket::ReadBasketBuffers>: fNbytes = 42079119, fKeylen = 6146, fObjlen = 1485380391, noutot = 0, nout=0, nin=0, nbuf=0
Error in <TCollectionLessSTLReader::GetCP()>: Read error in TBranchProxy.
Error in <TBasket::Streamer>: The value of fObjlen is incorrect (-1492237174) ; trying to recover by setting it to zero
Error in <TBasket::Streamer>: The value of fNbytes is incorrect (-45533579) ; trying to recover by setting it to zero
Error in <TCollectionLessSTLReader::GetCP()>: Read error in TBranchProxy.
Error in <TBasket::Streamer>: The value of fKeylen is incorrect (-31330) ; trying to recover by setting it to zero
Error in <TBasket::Streamer>: The value of fObjlen is incorrect (-1460296052) ; trying to recover by setting it to zero
Error in <TBasket::Streamer>: The value of fNbytes is incorrect (-845698399) ; trying to recover by setting it to zero
Error in <TCollectionLessSTLReader::GetCP()>: Read error in TBranchProxy.
Error in <TBasket::Streamer>: The value of fObjlen is incorrect (-1200424630) ; trying to recover by setting it to zero
Error in <TBasket::TBasket::Streamer>: The value of fNevBufSize (-866934573) or fIOBits (227) is incorrect ; setting the buffer to a zombie.
Error in <TCollectionLessSTLReader::GetCP()>: Read error in TBranchProxy.
Error in <TBasket::Streamer>: The value of fKeylen is incorrect (-19191) ; trying to recover by setting it to zero
Error in <TBasket::TBasket::Streamer>: The value of fNevBufSize (-1344425860) or fIOBits (0) is incorrect ; setting the buffer to a zombie.
Error in <TCollectionLessSTLReader::GetCP()>: Read error in TBranchProxy.
Error in <TBasket::Streamer>: The value of fKeylen is incorrect (-24948) ; trying to recover by setting it to zero
Error in <TBasket::Streamer>: The value of fObjlen is incorrect (-710856305) ; trying to recover by setting it to zero
Error in <TCollectionLessSTLReader::GetCP()>: Read error in TBranchProxy.
Error R__unzip_header: error in header.  Values: ab6
Error in <TBasket::ReadBasketBuffers>: Inconsistency found in header (nin=0, nbuf=0)
Error in <TBasket::ReadBasketBuffers>: fNbytes = 42079119, fKeylen = 6146, fObjlen = 1485380391, noutot = 0, nout=0, nin=0, nbuf=0
Error in <TCollectionLessSTLReader::GetCP()>: Read error in TBranchProxy.
Error in <TBasket::Streamer>: The value of fObjlen is incorrect (-1492237174) ; trying to recover by setting it to zero
Error in <TBasket::Streamer>: The value of fNbytes is incorrect (-45533579) ; trying to recover by setting it to zero
Error in <TCollectionLessSTLReader::GetCP()>: Read error in TBranchProxy.
Error in <TBasket::Streamer>: The value of fKeylen is incorrect (-31330) ; trying to recover by setting it to zero
Error in <TBasket::Streamer>: The value of fObjlen is incorrect (-1460296052) ; trying to recover by setting it to zero
Error in <TBasket::Streamer>: The value of fNbytes is incorrect (-845698399) ; trying to recover by setting it to zero
Error in <TCollectionLessSTLReader::GetCP()>: Read error in TBranchProxy.
Error in <TBasket::Streamer>: The value of fObjlen is incorrect (-1200424630) ; trying to recover by setting it to zero
Error in <TBasket::TBasket::Streamer>: The value of fNevBufSize (-866934573) or fIOBits (227) is incorrect ; setting the buffer to a zombie.
Error in <TCollectionLessSTLReader::GetCP()>: Read error in TBranchProxy.
Error in <TBasket::Streamer>: The value of fKeylen is incorrect (-19191) ; trying to recover by setting it to zero
Error in <TBasket::TBasket::Streamer>: The value of fNevBufSize (-1344425860) or fIOBits (0) is incorrect ; setting the buffer to a zombie.
Error in <TCollectionLessSTLReader::GetCP()>: Read error in TBranchProxy.
Error in <TBasket::Streamer>: The value of fKeylen is incorrect (-24948) ; trying to recover by setting it to zero
Error in <TBasket::Streamer>: The value of fObjlen is incorrect (-710856305) ; trying to recover by setting it to zero
Error in <TCollectionLessSTLReader::GetCP()>: Read error in TBranchProxy.
Error R__unzip_header: error in header.  Values: ab6
Error in <TBasket::ReadBasketBuffers>: Inconsistency found in header (nin=0, nbuf=0)
Error in <TBasket::ReadBasketBuffers>: fNbytes = 42079119, fKeylen = 6146, fObjlen = 1485380391, noutot = 0, nout=0, nin=0, nbuf=0
Error in <TCollectionLessSTLReader::GetCP()>: Read error in TBranchProxy.
Error in <TBasket::Streamer>: The value of fObjlen is incorrect (-1492237174) ; trying to recover by setting it to zero
Error in <TBasket::Streamer>: The value of fNbytes is incorrect (-45533579) ; trying to recover by setting it to zero
Error in <TCollectionLessSTLReader::GetCP()>: Read error in TBranchProxy.
Error in <TBasket::Streamer>: The value of fKeylen is incorrect (-31330) ; trying to recover by setting it to zero
Error in <TBasket::Streamer>: The value of fObjlen is incorrect (-1460296052) ; trying to recover by setting it to zero
Error in <TBasket::Streamer>: The value of fNbytes is incorrect (-845698399) ; trying to recover by setting it to zero
Error in <TCollectionLessSTLReader::GetCP()>: Read error in TBranchProxy.
Error in <TBasket::Streamer>: The value of fObjlen is incorrect (-1200424630) ; trying to recover by setting it to zero
Error in <TBasket::TBasket::Streamer>: The value of fNevBufSize (-866934573) or fIOBits (227) is incorrect ; setting the buffer to a zombie.
Error in <TCollectionLessSTLReader::GetCP()>: Read error in TBranchProxy.
Error in <TBasket::Streamer>: The value of fKeylen is incorrect (-19191) ; trying to recover by setting it to zero
Error in <TBasket::TBasket::Streamer>: The value of fNevBufSize (-1344425860) or fIOBits (0) is incorrect ; setting the buffer to a zombie.
Error in <TCollectionLessSTLReader::GetCP()>: Read error in TBranchProxy.
Error in <TBasket::Streamer>: The value of fKeylen is incorrect (-24948) ; trying to recover by setting it to zero
Error in <TBasket::Streamer>: The value of fObjlen is incorrect (-710856305) ; trying to recover by setting it to zero
Error in <TCollectionLessSTLReader::GetCP()>: Read error in TBranchProxy.
Error R__unzip_header: error in header.  Values: ab6
Error in <TBasket::ReadBasketBuffers>: Inconsistency found in header (nin=0, nbuf=0)
Error in <TBasket::ReadBasketBuffers>: fNbytes = 42079119, fKeylen = 6146, fObjlen = 1485380391, noutot = 0, nout=0, nin=0, nbuf=0
Error in <TCollectionLessSTLReader::GetCP()>: Read error in TBranchProxy.
Error in <TBasket::Streamer>: The value of fObjlen is incorrect (-1492237174) ; trying to recover by setting it to zero
Error in <TBasket::Streamer>: The value of fNbytes is incorrect (-45533579) ; trying to recover by setting it to zero
Error in <TCollectionLessSTLReader::GetCP()>: Read error in TBranchProxy.
Error in <TBasket::Streamer>: The value of fKeylen is incorrect (-31330) ; trying to recover by setting it to zero
Error in <TBasket::Streamer>: The value of fObjlen is incorrect (-1460296052) ; trying to recover by setting it to zero
Error in <TBasket::Streamer>: The value of fNbytes is incorrect (-845698399) ; trying to recover by setting it to zero
Error in <TCollectionLessSTLReader::GetCP()>: Read error in TBranchProxy.
Error in <TBasket::Streamer>: The value of fObjlen is incorrect (-1200424630) ; trying to recover by setting it to zero
Error in <TBasket::TBasket::Streamer>: The value of fNevBufSize (-866934573) or fIOBits (227) is incorrect ; setting the buffer to a zombie.
Error in <TCollectionLessSTLReader::GetCP()>: Read error in TBranchProxy.
Error in <TBasket::Streamer>: The value of fKeylen is incorrect (-19191) ; trying to recover by setting it to zero
Error in <TBasket::TBasket::Streamer>: The value of fNevBufSize (-1344425860) or fIOBits (0) is incorrect ; setting the buffer to a zombie.
Error in <TCollectionLessSTLReader::GetCP()>: Read error in TBranchProxy.
Error in <TBasket::Streamer>: The value of fKeylen is incorrect (-24948) ; trying to recover by setting it to zero
Error in <TBasket::Streamer>: The value of fObjlen is incorrect (-710856305) ; trying to recover by setting it to zero
Error in <TCollectionLessSTLReader::GetCP()>: Read error in TBranchProxy.
Error R__unzip_header: error in header.  Values: ab6
Error in <TBasket::ReadBasketBuffers>: Inconsistency found in header (nin=0, nbuf=0)
Error in <TBasket::ReadBasketBuffers>: fNbytes = 42079119, fKeylen = 6146, fObjlen = 1485380391, noutot = 0, nout=0, nin=0, nbuf=0
Error in <TCollectionLessSTLReader::GetCP()>: Read error in TBranchProxy.
Error in <TBasket::Streamer>: The value of fObjlen is incorrect (-1492237174) ; trying to recover by setting it to zero
Error in <TBasket::Streamer>: The value of fNbytes is incorrect (-45533579) ; trying to recover by setting it to zero
Error in <TCollectionLessSTLReader::GetCP()>: Read error in TBranchProxy.
Error in <TBasket::Streamer>: The value of fKeylen is incorrect (-31330) ; trying to recover by setting it to zero
Error in <TBasket::Streamer>: The value of fObjlen is incorrect (-1460296052) ; trying to recover by setting it to zero
Error in <TBasket::Streamer>: The value of fNbytes is incorrect (-845698399) ; trying to recover by setting it to zero
Error in <TCollectionLessSTLReader::GetCP()>: Read error in TBranchProxy.
Error in <TBasket::Streamer>: The value of fObjlen is incorrect (-1200424630) ; trying to recover by setting it to zero
Error in <TBasket::TBasket::Streamer>: The value of fNevBufSize (-866934573) or fIOBits (227) is incorrect ; setting the buffer to a zombie.
Error in <TCollectionLessSTLReader::GetCP()>: Read error in TBranchProxy.
Error in <TBasket::Streamer>: The value of fKeylen is incorrect (-19191) ; trying to recover by setting it to zero
Error in <TBasket::TBasket::Streamer>: The value of fNevBufSize (-1344425860) or fIOBits (0) is incorrect ; setting the buffer to a zombie.
Error in <TCollectionLessSTLReader::GetCP()>: Read error in TBranchProxy.
Error in <TBasket::Streamer>: The value of fKeylen is incorrect (-24948) ; trying to recover by setting it to zero
Error in <TBasket::Streamer>: The value of fObjlen is incorrect (-710856305) ; trying to recover by setting it to zero
Error in <TCollectionLessSTLReader::GetCP()>: Read error in TBranchProxy.
Error R__unzip_header: error in header.  Values: ab6
Error in <TBasket::ReadBasketBuffers>: Inconsistency found in header (nin=0, nbuf=0)
Error in <TBasket::ReadBasketBuffers>: fNbytes = 42079119, fKeylen = 6146, fObjlen = 1485380391, noutot = 0, nout=0, nin=0, nbuf=0
Error in <TCollectionLessSTLReader::GetCP()>: Read error in TBranchProxy.
Error in <TBasket::Streamer>: The value of fObjlen is incorrect (-1492237174) ; trying to recover by setting it to zero
Error in <TBasket::Streamer>: The value of fNbytes is incorrect (-45533579) ; trying to recover by setting it to zero
Error in <TCollectionLessSTLReader::GetCP()>: Read error in TBranchProxy.
Error in <TBasket::Streamer>: The value of fKeylen is incorrect (-31330) ; trying to recover by setting it to zero
Error in <TBasket::Streamer>: The value of fObjlen is incorrect (-1460296052) ; trying to recover by setting it to zero
Error in <TBasket::Streamer>: The value of fNbytes is incorrect (-845698399) ; trying to recover by setting it to zero
Error in <TCollectionLessSTLReader::GetCP()>: Read error in TBranchProxy.
Error in <TBasket::Streamer>: The value of fObjlen is incorrect (-1200424630) ; trying to recover by setting it to zero
Error in <TBasket::TBasket::Streamer>: The value of fNevBufSize (-866934573) or fIOBits (227) is incorrect ; setting the buffer to a zombie.
Error in <TCollectionLessSTLReader::GetCP()>: Read error in TBranchProxy.
Error in <TBasket::Streamer>: The value of fKeylen is incorrect (-19191) ; trying to recover by setting it to zero
Error in <TBasket::TBasket::Streamer>: The value of fNevBufSize (-1344425860) or fIOBits (0) is incorrect ; setting the buffer to a zombie.
Error in <TCollectionLessSTLReader::GetCP()>: Read error in TBranchProxy.
Error in <TBasket::Streamer>: The value of fKeylen is incorrect (-24948) ; trying to recover by setting it to zero
Error in <TBasket::Streamer>: The value of fObjlen is incorrect (-710856305) ; trying to recover by setting it to zero
Error in <TCollectionLessSTLReader::GetCP()>: Read error in TBranchProxy.
Error R__unzip_header: error in header.  Values: ab6
Error in <TBasket::ReadBasketBuffers>: Inconsistency found in header (nin=0, nbuf=0)
Error in <TBasket::ReadBasketBuffers>: fNbytes = 42079119, fKeylen = 6146, fObjlen = 1485380391, noutot = 0, nout=0, nin=0, nbuf=0
Error in <TCollectionLessSTLReader::GetCP()>: Read error in TBranchProxy.
Error in <TBasket::Streamer>: The value of fObjlen is incorrect (-1492237174) ; trying to recover by setting it to zero
Error in <TBasket::Streamer>: The value of fNbytes is incorrect (-45533579) ; trying to recover by setting it to zero
Error in <TCollectionLessSTLReader::GetCP()>: Read error in TBranchProxy.
Error in <TBasket::Streamer>: The value of fKeylen is incorrect (-31330) ; trying to recover by setting it to zero
Error in <TBasket::Streamer>: The value of fObjlen is incorrect (-1460296052) ; trying to recover by setting it to zero
Error in <TBasket::Streamer>: The value of fNbytes is incorrect (-845698399) ; trying to recover by setting it to zero
Error in <TCollectionLessSTLReader::GetCP()>: Read error in TBranchProxy.
Error in <TBasket::Streamer>: The value of fObjlen is incorrect (-1200424630) ; trying to recover by setting it to zero
Error in <TBasket::TBasket::Streamer>: The value of fNevBufSize (-866934573) or fIOBits (227) is incorrect ; setting the buffer to a zombie.
Error in <TCollectionLessSTLReader::GetCP()>: Read error in TBranchProxy.
Error in <TBasket::Streamer>: The value of fKeylen is incorrect (-19191) ; trying to recover by setting it to zero
Error in <TBasket::TBasket::Streamer>: The value of fNevBufSize (-1344425860) or fIOBits (0) is incorrect ; setting the buffer to a zombie.
Error in <TCollectionLessSTLReader::GetCP()>: Read error in TBranchProxy.
Error in <TBasket::Streamer>: The value of fKeylen is incorrect (-24948) ; trying to recover by setting it to zero
Error in <TBasket::Streamer>: The value of fObjlen is incorrect (-710856305) ; trying to recover by setting it to zero
Error in <TCollectionLessSTLReader::GetCP()>: Read error in TBranchProxy.
Error R__unzip_header: error in header.  Values: ab6
Error in <TBasket::ReadBasketBuffers>: Inconsistency found in header (nin=0, nbuf=0)
Error in <TBasket::ReadBasketBuffers>: fNbytes = 42079119, fKeylen = 6146, fObjlen = 1485380391, noutot = 0, nout=0, nin=0, nbuf=0
Error in <TCollectionLessSTLReader::GetCP()>: Read error in TBranchProxy.
Error in <TBasket::Streamer>: The value of fObjlen is incorrect (-1492237174) ; trying to recover by setting it to zero
Error in <TBasket::Streamer>: The value of fNbytes is incorrect (-45533579) ; trying to recover by setting it to zero
Error in <TCollectionLessSTLReader::GetCP()>: Read error in TBranchProxy.
Error in <TBasket::Streamer>: The value of fKeylen is incorrect (-31330) ; trying to recover by setting it to zero
Error in <TBasket::Streamer>: The value of fObjlen is incorrect (-1460296052) ; trying to recover by setting it to zero
Error in <TBasket::Streamer>: The value of fNbytes is incorrect (-845698399) ; trying to recover by setting it to zero
Error in <TCollectionLessSTLReader::GetCP()>: Read error in TBranchProxy.
Error in <TBasket::Streamer>: The value of fObjlen is incorrect (-1200424630) ; trying to recover by setting it to zero
Error in <TBasket::TBasket::Streamer>: The value of fNevBufSize (-866934573) or fIOBits (227) is incorrect ; setting the buffer to a zombie.
Error in <TCollectionLessSTLReader::GetCP()>: Read error in TBranchProxy.
Error in <TBasket::Streamer>: The value of fKeylen is incorrect (-19191) ; trying to recover by setting it to zero
Error in <TBasket::TBasket::Streamer>: The value of fNevBufSize (-1344425860) or fIOBits (0) is incorrect ; setting the buffer to a zombie.
Error in <TCollectionLessSTLReader::GetCP()>: Read error in TBranchProxy.
Error in <TBasket::Streamer>: The value of fKeylen is incorrect (-24948) ; trying to recover by setting it to zero
Error in <TBasket::Streamer>: The value of fObjlen is incorrect (-710856305) ; trying to recover by setting it to zero
Error in <TCollectionLessSTLReader::GetCP()>: Read error in TBranchProxy.
Error R__unzip_header: error in header.  Values: ab6
Error in <TBasket::ReadBasketBuffers>: Inconsistency found in header (nin=0, nbuf=0)
Error in <TBasket::ReadBasketBuffers>: fNbytes = 42079119, fKeylen = 6146, fObjlen = 1485380391, noutot = 0, nout=0, nin=0, nbuf=0
Error in <TCollectionLessSTLReader::GetCP()>: Read error in TBranchProxy.
Error in <TBasket::Streamer>: The value of fObjlen is incorrect (-1492237174) ; trying to recover by setting it to zero
Error in <TBasket::Streamer>: The value of fNbytes is incorrect (-45533579) ; trying to recover by setting it to zero
Error in <TCollectionLessSTLReader::GetCP()>: Read error in TBranchProxy.
Error in <TBasket::Streamer>: The value of fKeylen is incorrect (-31330) ; trying to recover by setting it to zero
Error in <TBasket::Streamer>: The value of fObjlen is incorrect (-1460296052) ; trying to recover by setting it to zero
Error in <TBasket::Streamer>: The value of fNbytes is incorrect (-845698399) ; trying to recover by setting it to zero
Error in <TCollectionLessSTLReader::GetCP()>: Read error in TBranchProxy.
Error in <TBasket::Streamer>: The value of fObjlen is incorrect (-1200424630) ; trying to recover by setting it to zero
Error in <TBasket::TBasket::Streamer>: The value of fNevBufSize (-866934573) or fIOBits (227) is incorrect ; setting the buffer to a zombie.
Error in <TCollectionLessSTLReader::GetCP()>: Read error in TBranchProxy.
Error in <TBasket::Streamer>: The value of fKeylen is incorrect (-19191) ; trying to recover by setting it to zero
Error in <TBasket::TBasket::Streamer>: The value of fNevBufSize (-1344425860) or fIOBits (0) is incorrect ; setting the buffer to a zombie.
Error in <TCollectionLessSTLReader::GetCP()>: Read error in TBranchProxy.
Error in <TBasket::Streamer>: The value of fKeylen is incorrect (-24948) ; trying to recover by setting it to zero
Error in <TBasket::Streamer>: The value of fObjlen is incorrect (-710856305) ; trying to recover by setting it to zero
Error in <TCollectionLessSTLReader::GetCP()>: Read error in TBranchProxy.
Error R__unzip_header: error in header.  Values: ab6
Error in <TBasket::ReadBasketBuffers>: Inconsistency found in header (nin=0, nbuf=0)
Error in <TBasket::ReadBasketBuffers>: fNbytes = 42079119, fKeylen = 6146, fObjlen = 1485380391, noutot = 0, nout=0, nin=0, nbuf=0
Error in <TCollectionLessSTLReader::GetCP()>: Read error in TBranchProxy.
Error in <TBasket::Streamer>: The value of fObjlen is incorrect (-1492237174) ; trying to recover by setting it to zero
Error in <TBasket::Streamer>: The value of fNbytes is incorrect (-45533579) ; trying to recover by setting it to zero
Error in <TCollectionLessSTLReader::GetCP()>: Read error in TBranchProxy.
Error in <TBasket::Streamer>: The value of fKeylen is incorrect (-31330) ; trying to recover by setting it to zero
Error in <TBasket::Streamer>: The value of fObjlen is incorrect (-1460296052) ; trying to recover by setting it to zero
Error in <TBasket::Streamer>: The value of fNbytes is incorrect (-845698399) ; trying to recover by setting it to zero
Error in <TCollectionLessSTLReader::GetCP()>: Read error in TBranchProxy.
Error in <TBasket::Streamer>: The value of fObjlen is incorrect (-1200424630) ; trying to recover by setting it to zero
Error in <TBasket::TBasket::Streamer>: The value of fNevBufSize (-866934573) or fIOBits (227) is incorrect ; setting the buffer to a zombie.
Error in <TCollectionLessSTLReader::GetCP()>: Read error in TBranchProxy.
Error in <TBasket::Streamer>: The value of fKeylen is incorrect (-19191) ; trying to recover by setting it to zero
Error in <TBasket::TBasket::Streamer>: The value of fNevBufSize (-1344425860) or fIOBits (0) is incorrect ; setting the buffer to a zombie.
Error in <TCollectionLessSTLReader::GetCP()>: Read error in TBranchProxy.
Error in <TBasket::Streamer>: The value of fKeylen is incorrect (-24948) ; trying to recover by setting it to zero
Error in <TBasket::Streamer>: The value of fObjlen is incorrect (-710856305) ; trying to recover by setting it to zero
Error in <TCollectionLessSTLReader::GetCP()>: Read error in TBranchProxy.
Error R__unzip_header: error in header.  Values: ab6
Error in <TBasket::ReadBasketBuffers>: Inconsistency found in header (nin=0, nbuf=0)
Error in <TBasket::ReadBasketBuffers>: fNbytes = 42079119, fKeylen = 6146, fObjlen = 1485380391, noutot = 0, nout=0, nin=0, nbuf=0
Error in <TCollectionLessSTLReader::GetCP()>: Read error in TBranchProxy.
Error in <TBasket::Streamer>: The value of fObjlen is incorrect (-1492237174) ; trying to recover by setting it to zero
Error in <TBasket::Streamer>: The value of fNbytes is incorrect (-45533579) ; trying to recover by setting it to zero
Error in <TCollectionLessSTLReader::GetCP()>: Read error in TBranchProxy.
Error in <TBasket::Streamer>: The value of fKeylen is incorrect (-31330) ; trying to recover by setting it to zero
Error in <TBasket::Streamer>: The value of fObjlen is incorrect (-1460296052) ; trying to recover by setting it to zero
Error in <TBasket::Streamer>: The value of fNbytes is incorrect (-845698399) ; trying to recover by setting it to zero
Error in <TCollectionLessSTLReader::GetCP()>: Read error in TBranchProxy.
Error in <TBasket::Streamer>: The value of fObjlen is incorrect (-1200424630) ; trying to recover by setting it to zero
Error in <TBasket::TBasket::Streamer>: The value of fNevBufSize (-866934573) or fIOBits (227) is incorrect ; setting the buffer to a zombie.
Error in <TCollectionLessSTLReader::GetCP()>: Read error in TBranchProxy.
Error in <TBasket::Streamer>: The value of fKeylen is incorrect (-19191) ; trying to recover by setting it to zero
Error in <TBasket::TBasket::Streamer>: The value of fNevBufSize (-1344425860) or fIOBits (0) is incorrect ; setting the buffer to a zombie.
Error in <TCollectionLessSTLReader::GetCP()>: Read error in TBranchProxy.
Error in <TBasket::Streamer>: The value of fKeylen is incorrect (-24948) ; trying to recover by setting it to zero
Error in <TBasket::Streamer>: The value of fObjlen is incorrect (-710856305) ; trying to recover by setting it to zero
Error in <TCollectionLessSTLReader::GetCP()>: Read error in TBranchProxy.
Error R__unzip_header: error in header.  Values: ab6
Error in <TBasket::ReadBasketBuffers>: Inconsistency found in header (nin=0, nbuf=0)
Error in <TBasket::ReadBasketBuffers>: fNbytes = 42079119, fKeylen = 6146, fObjlen = 1485380391, noutot = 0, nout=0, nin=0, nbuf=0
Error in <TCollectionLessSTLReader::GetCP()>: Read error in TBranchProxy.
Error in <TBasket::Streamer>: The value of fObjlen is incorrect (-1492237174) ; trying to recover by setting it to zero
Error in <TBasket::Streamer>: The value of fNbytes is incorrect (-45533579) ; trying to recover by setting it to zero
Error in <TCollectionLessSTLReader::GetCP()>: Read error in TBranchProxy.
Error in <TBasket::Streamer>: The value of fKeylen is incorrect (-31330) ; trying to recover by setting it to zero
Error in <TBasket::Streamer>: The value of fObjlen is incorrect (-1460296052) ; trying to recover by setting it to zero
Error in <TBasket::Streamer>: The value of fNbytes is incorrect (-845698399) ; trying to recover by setting it to zero
Error in <TCollectionLessSTLReader::GetCP()>: Read error in TBranchProxy.
Error in <TBasket::Streamer>: The value of fObjlen is incorrect (-1200424630) ; trying to recover by setting it to zero
Error in <TBasket::TBasket::Streamer>: The value of fNevBufSize (-866934573) or fIOBits (227) is incorrect ; setting the buffer to a zombie.
Error in <TCollectionLessSTLReader::GetCP()>: Read error in TBranchProxy.
Error in <TBasket::Streamer>: The value of fKeylen is incorrect (-19191) ; trying to recover by setting it to zero
Error in <TBasket::TBasket::Streamer>: The value of fNevBufSize (-1344425860) or fIOBits (0) is incorrect ; setting the buffer to a zombie.
Error in <TCollectionLessSTLReader::GetCP()>: Read error in TBranchProxy.
Error in <TBasket::Streamer>: The value of fKeylen is incorrect (-24948) ; trying to recover by setting it to zero
Error in <TBasket::Streamer>: The value of fObjlen is incorrect (-710856305) ; trying to recover by setting it to zero
Error in <TCollectionLessSTLReader::GetCP()>: Read error in TBranchProxy.
Error R__unzip_header: error in header.  Values: ab6
Error in <TBasket::ReadBasketBuffers>: Inconsistency found in header (nin=0, nbuf=0)
Error in <TBasket::ReadBasketBuffers>: fNbytes = 42079119, fKeylen = 6146, fObjlen = 1485380391, noutot = 0, nout=0, nin=0, nbuf=0
Error in <TCollectionLessSTLReader::GetCP()>: Read error in TBranchProxy.
Error in <TBasket::Streamer>: The value of fObjlen is incorrect (-1492237174) ; trying to recover by setting it to zero
Error in <TBasket::Streamer>: The value of fNbytes is incorrect (-45533579) ; trying to recover by setting it to zero
Error in <TCollectionLessSTLReader::GetCP()>: Read error in TBranchProxy.
Error in <TBasket::Streamer>: The value of fKeylen is incorrect (-31330) ; trying to recover by setting it to zero
Error in <TBasket::Streamer>: The value of fObjlen is incorrect (-1460296052) ; trying to recover by setting it to zero
Error in <TBasket::Streamer>: The value of fNbytes is incorrect (-845698399) ; trying to recover by setting it to zero
Error in <TCollectionLessSTLReader::GetCP()>: Read error in TBranchProxy.
Error in <TBasket::Streamer>: The value of fObjlen is incorrect (-1200424630) ; trying to recover by setting it to zero
Error in <TBasket::TBasket::Streamer>: The value of fNevBufSize (-866934573) or fIOBits (227) is incorrect ; setting the buffer to a zombie.
Error in <TCollectionLessSTLReader::GetCP()>: Read error in TBranchProxy.
Error in <TBasket::Streamer>: The value of fKeylen is incorrect (-19191) ; trying to recover by setting it to zero
Error in <TBasket::TBasket::Streamer>: The value of fNevBufSize (-1344425860) or fIOBits (0) is incorrect ; setting the buffer to a zombie.
Error in <TCollectionLessSTLReader::GetCP()>: Read error in TBranchProxy.
Error in <TBasket::Streamer>: The value of fKeylen is incorrect (-24948) ; trying to recover by setting it to zero
Error in <TBasket::Streamer>: The value of fObjlen is incorrect (-710856305) ; trying to recover by setting it to zero
Error in <TCollectionLessSTLReader::GetCP()>: Read error in TBranchProxy.
Error R__unzip_header: error in header.  Values: ab6
Error in <TBasket::ReadBasketBuffers>: Inconsistency found in header (nin=0, nbuf=0)
Error in <TBasket::ReadBasketBuffers>: fNbytes = 42079119, fKeylen = 6146, fObjlen = 1485380391, noutot = 0, nout=0, nin=0, nbuf=0
Error in <TCollectionLessSTLReader::GetCP()>: Read error in TBranchProxy.
Error in <TBasket::Streamer>: The value of fObjlen is incorrect (-1492237174) ; trying to recover by setting it to zero
Error in <TBasket::Streamer>: The value of fNbytes is incorrect (-45533579) ; trying to recover by setting it to zero
Error in <TCollectionLessSTLReader::GetCP()>: Read error in TBranchProxy.
Error in <TBasket::Streamer>: The value of fKeylen is incorrect (-31330) ; trying to recover by setting it to zero
Error in <TBasket::Streamer>: The value of fObjlen is incorrect (-1460296052) ; trying to recover by setting it to zero
Error in <TBasket::Streamer>: The value of fNbytes is incorrect (-845698399) ; trying to recover by setting it to zero
Error in <TCollectionLessSTLReader::GetCP()>: Read error in TBranchProxy.
Error in <TBasket::Streamer>: The value of fObjlen is incorrect (-1200424630) ; trying to recover by setting it to zero
Error in <TBasket::TBasket::Streamer>: The value of fNevBufSize (-866934573) or fIOBits (227) is incorrect ; setting the buffer to a zombie.
Error in <TCollectionLessSTLReader::GetCP()>: Read error in TBranchProxy.
Error in <TBasket::Streamer>: The value of fKeylen is incorrect (-19191) ; trying to recover by setting it to zero
Error in <TBasket::TBasket::Streamer>: The value of fNevBufSize (-1344425860) or fIOBits (0) is incorrect ; setting the buffer to a zombie.
Error in <TCollectionLessSTLReader::GetCP()>: Read error in TBranchProxy.
Error in <TBasket::Streamer>: The value of fKeylen is incorrect (-24948) ; trying to recover by setting it to zero
Error in <TBasket::Streamer>: The value of fObjlen is incorrect (-710856305) ; trying to recover by setting it to zero
Error in <TCollectionLessSTLReader::GetCP()>: Read error in TBranchProxy.
Error R__unzip_header: error in header.  Values: ab6
Error in <TBasket::ReadBasketBuffers>: Inconsistency found in header (nin=0, nbuf=0)
Error in <TBasket::ReadBasketBuffers>: fNbytes = 42079119, fKeylen = 6146, fObjlen = 1485380391, noutot = 0, nout=0, nin=0, nbuf=0
Error in <TCollectionLessSTLReader::GetCP()>: Read error in TBranchProxy.
Error in <TBasket::Streamer>: The value of fObjlen is incorrect (-1492237174) ; trying to recover by setting it to zero
Error in <TBasket::Streamer>: The value of fNbytes is incorrect (-45533579) ; trying to recover by setting it to zero
Error in <TCollectionLessSTLReader::GetCP()>: Read error in TBranchProxy.
Error in <TBasket::Streamer>: The value of fKeylen is incorrect (-31330) ; trying to recover by setting it to zero
Error in <TBasket::Streamer>: The value of fObjlen is incorrect (-1460296052) ; trying to recover by setting it to zero
Error in <TBasket::Streamer>: The value of fNbytes is incorrect (-845698399) ; trying to recover by setting it to zero
Error in <TCollectionLessSTLReader::GetCP()>: Read error in TBranchProxy.
Error in <TBasket::Streamer>: The value of fObjlen is incorrect (-1200424630) ; trying to recover by setting it to zero
Error in <TBasket::TBasket::Streamer>: The value of fNevBufSize (-866934573) or fIOBits (227) is incorrect ; setting the buffer to a zombie.
Error in <TCollectionLessSTLReader::GetCP()>: Read error in TBranchProxy.
Error in <TBasket::Streamer>: The value of fKeylen is incorrect (-19191) ; trying to recover by setting it to zero
Error in <TBasket::TBasket::Streamer>: The value of fNevBufSize (-1344425860) or fIOBits (0) is incorrect ; setting the buffer to a zombie.
Error in <TCollectionLessSTLReader::GetCP()>: Read error in TBranchProxy.
Error in <TBasket::Streamer>: The value of fKeylen is incorrect (-24948) ; trying to recover by setting it to zero
Error in <TBasket::Streamer>: The value of fObjlen is incorrect (-710856305) ; trying to recover by setting it to zero
Error in <TCollectionLessSTLReader::GetCP()>: Read error in TBranchProxy.
Error R__unzip_header: error in header.  Values: ab6
Error in <TBasket::ReadBasketBuffers>: Inconsistency found in header (nin=0, nbuf=0)
Error in <TBasket::ReadBasketBuffers>: fNbytes = 42079119, fKeylen = 6146, fObjlen = 1485380391, noutot = 0, nout=0, nin=0, nbuf=0
Error in <TCollectionLessSTLReader::GetCP()>: Read error in TBranchProxy.
Error in <TBasket::Streamer>: The value of fObjlen is incorrect (-1492237174) ; trying to recover by setting it to zero
Error in <TBasket::Streamer>: The value of fNbytes is incorrect (-45533579) ; trying to recover by setting it to zero
Error in <TCollectionLessSTLReader::GetCP()>: Read error in TBranchProxy.
Error in <TBasket::Streamer>: The value of fKeylen is incorrect (-31330) ; trying to recover by setting it to zero
Error in <TBasket::Streamer>: The value of fObjlen is incorrect (-1460296052) ; trying to recover by setting it to zero
Error in <TBasket::Streamer>: The value of fNbytes is incorrect (-845698399) ; trying to recover by setting it to zero
Error in <TCollectionLessSTLReader::GetCP()>: Read error in TBranchProxy.
Error in <TBasket::Streamer>: The value of fObjlen is incorrect (-1200424630) ; trying to recover by setting it to zero
Error in <TBasket::TBasket::Streamer>: The value of fNevBufSize (-866934573) or fIOBits (227) is incorrect ; setting the buffer to a zombie.
Error in <TCollectionLessSTLReader::GetCP()>: Read error in TBranchProxy.
Error in <TBasket::Streamer>: The value of fKeylen is incorrect (-19191) ; trying to recover by setting it to zero
Error in <TBasket::TBasket::Streamer>: The value of fNevBufSize (-1344425860) or fIOBits (0) is incorrect ; setting the buffer to a zombie.
Error in <TCollectionLessSTLReader::GetCP()>: Read error in TBranchProxy.
Error in <TBasket::Streamer>: The value of fKeylen is incorrect (-24948) ; trying to recover by setting it to zero
Error in <TBasket::Streamer>: The value of fObjlen is incorrect (-710856305) ; trying to recover by setting it to zero
Error in <TCollectionLessSTLReader::GetCP()>: Read error in TBranchProxy.
Error R__unzip_header: error in header.  Values: ab6
Error in <TBasket::ReadBasketBuffers>: Inconsistency found in header (nin=0, nbuf=0)
Error in <TBasket::ReadBasketBuffers>: fNbytes = 42079119, fKeylen = 6146, fObjlen = 1485380391, noutot = 0, nout=0, nin=0, nbuf=0
Error in <TCollectionLessSTLReader::GetCP()>: Read error in TBranchProxy.
Error in <TBasket::Streamer>: The value of fObjlen is incorrect (-1492237174) ; trying to recover by setting it to zero
Error in <TBasket::Streamer>: The value of fNbytes is incorrect (-45533579) ; trying to recover by setting it to zero
Error in <TCollectionLessSTLReader::GetCP()>: Read error in TBranchProxy.
Error in <TBasket::Streamer>: The value of fKeylen is incorrect (-31330) ; trying to recover by setting it to zero
Error in <TBasket::Streamer>: The value of fObjlen is incorrect (-1460296052) ; trying to recover by setting it to zero
Error in <TBasket::Streamer>: The value of fNbytes is incorrect (-845698399) ; trying to recover by setting it to zero
Error in <TCollectionLessSTLReader::GetCP()>: Read error in TBranchProxy.
Error in <TBasket::Streamer>: The value of fObjlen is incorrect (-1200424630) ; trying to recover by setting it to zero
Error in <TBasket::TBasket::Streamer>: The value of fNevBufSize (-866934573) or fIOBits (227) is incorrect ; setting the buffer to a zombie.
Error in <TCollectionLessSTLReader::GetCP()>: Read error in TBranchProxy.
Error in <TBasket::Streamer>: The value of fKeylen is incorrect (-19191) ; trying to recover by setting it to zero
Error in <TBasket::TBasket::Streamer>: The value of fNevBufSize (-1344425860) or fIOBits (0) is incorrect ; setting the buffer to a zombie.
Error in <TCollectionLessSTLReader::GetCP()>: Read error in TBranchProxy.
Error in <TBasket::Streamer>: The value of fKeylen is incorrect (-24948) ; trying to recover by setting it to zero
Error in <TBasket::Streamer>: The value of fObjlen is incorrect (-710856305) ; trying to recover by setting it to zero
Error in <TCollectionLessSTLReader::GetCP()>: Read error in TBranchProxy.
Error R__unzip_header: error in header.  Values: ab6
Error in <TBasket::ReadBasketBuffers>: Inconsistency found in header (nin=0, nbuf=0)
Error in <TBasket::ReadBasketBuffers>: fNbytes = 42079119, fKeylen = 6146, fObjlen = 1485380391, noutot = 0, nout=0, nin=0, nbuf=0
Error in <TCollectionLessSTLReader::GetCP()>: Read error in TBranchProxy.
Error in <TBasket::Streamer>: The value of fObjlen is incorrect (-1492237174) ; trying to recover by setting it to zero
Error in <TBasket::Streamer>: The value of fNbytes is incorrect (-45533579) ; trying to recover by setting it to zero
Error in <TCollectionLessSTLReader::GetCP()>: Read error in TBranchProxy.
Error in <TBasket::Streamer>: The value of fKeylen is incorrect (-31330) ; trying to recover by setting it to zero
Error in <TBasket::Streamer>: The value of fObjlen is incorrect (-1460296052) ; trying to recover by setting it to zero
Error in <TBasket::Streamer>: The value of fNbytes is incorrect (-845698399) ; trying to recover by setting it to zero
Error in <TCollectionLessSTLReader::GetCP()>: Read error in TBranchProxy.
Error in <TBasket::Streamer>: The value of fObjlen is incorrect (-1200424630) ; trying to recover by setting it to zero
Error in <TBasket::TBasket::Streamer>: The value of fNevBufSize (-866934573) or fIOBits (227) is incorrect ; setting the buffer to a zombie.
Error in <TCollectionLessSTLReader::GetCP()>: Read error in TBranchProxy.
Error in <TBasket::Streamer>: The value of fKeylen is incorrect (-19191) ; trying to recover by setting it to zero
Error in <TBasket::TBasket::Streamer>: The value of fNevBufSize (-1344425860) or fIOBits (0) is incorrect ; setting the buffer to a zombie.
Error in <TCollectionLessSTLReader::GetCP()>: Read error in TBranchProxy.
Error in <TBasket::Streamer>: The value of fKeylen is incorrect (-24948) ; trying to recover by setting it to zero
Error in <TBasket::Streamer>: The value of fObjlen is incorrect (-710856305) ; trying to recover by setting it to zero
Error in <TCollectionLessSTLReader::GetCP()>: Read error in TBranchProxy.
Error R__unzip_header: error in header.  Values: ab6
Error in <TBasket::ReadBasketBuffers>: Inconsistency found in header (nin=0, nbuf=0)
Error in <TBasket::ReadBasketBuffers>: fNbytes = 42079119, fKeylen = 6146, fObjlen = 1485380391, noutot = 0, nout=0, nin=0, nbuf=0
Error in <TCollectionLessSTLReader::GetCP()>: Read error in TBranchProxy.
Error in <TBasket::Streamer>: The value of fObjlen is incorrect (-1492237174) ; trying to recover by setting it to zero
Error in <TBasket::Streamer>: The value of fNbytes is incorrect (-45533579) ; trying to recover by setting it to zero
Error in <TCollectionLessSTLReader::GetCP()>: Read error in TBranchProxy.
Error in <TBasket::Streamer>: The value of fKeylen is incorrect (-31330) ; trying to recover by setting it to zero
Error in <TBasket::Streamer>: The value of fObjlen is incorrect (-1460296052) ; trying to recover by setting it to zero
Error in <TBasket::Streamer>: The value of fNbytes is incorrect (-845698399) ; trying to recover by setting it to zero
Error in <TCollectionLessSTLReader::GetCP()>: Read error in TBranchProxy.
Error in <TBasket::Streamer>: The value of fObjlen is incorrect (-1200424630) ; trying to recover by setting it to zero
Error in <TBasket::TBasket::Streamer>: The value of fNevBufSize (-866934573) or fIOBits (227) is incorrect ; setting the buffer to a zombie.
Error in <TCollectionLessSTLReader::GetCP()>: Read error in TBranchProxy.
Error in <TBasket::Streamer>: The value of fKeylen is incorrect (-19191) ; trying to recover by setting it to zero
Error in <TBasket::TBasket::Streamer>: The value of fNevBufSize (-1344425860) or fIOBits (0) is incorrect ; setting the buffer to a zombie.
Error in <TCollectionLessSTLReader::GetCP()>: Read error in TBranchProxy.
Error in <TBasket::Streamer>: The value of fKeylen is incorrect (-24948) ; trying to recover by setting it to zero
Error in <TBasket::Streamer>: The value of fObjlen is incorrect (-710856305) ; trying to recover by setting it to zero
Error in <TCollectionLessSTLReader::GetCP()>: Read error in TBranchProxy.
Error R__unzip_header: error in header.  Values: ab6
Error in <TBasket::ReadBasketBuffers>: Inconsistency found in header (nin=0, nbuf=0)
Error in <TBasket::ReadBasketBuffers>: fNbytes = 42079119, fKeylen = 6146, fObjlen = 1485380391, noutot = 0, nout=0, nin=0, nbuf=0
Error in <TCollectionLessSTLReader::GetCP()>: Read error in TBranchProxy.
Error in <TBasket::Streamer>: The value of fObjlen is incorrect (-1492237174) ; trying to recover by setting it to zero
Error in <TBasket::Streamer>: The value of fNbytes is incorrect (-45533579) ; trying to recover by setting it to zero
Error in <TCollectionLessSTLReader::GetCP()>: Read error in TBranchProxy.
Error in <TBasket::Streamer>: The value of fKeylen is incorrect (-31330) ; trying to recover by setting it to zero
Error in <TBasket::Streamer>: The value of fObjlen is incorrect (-1460296052) ; trying to recover by setting it to zero
Error in <TBasket::Streamer>: The value of fNbytes is incorrect (-845698399) ; trying to recover by setting it to zero
Error in <TCollectionLessSTLReader::GetCP()>: Read error in TBranchProxy.
Error in <TBasket::Streamer>: The value of fObjlen is incorrect (-1200424630) ; trying to recover by setting it to zero
Error in <TBasket::TBasket::Streamer>: The value of fNevBufSize (-866934573) or fIOBits (227) is incorrect ; setting the buffer to a zombie.
Error in <TCollectionLessSTLReader::GetCP()>: Read error in TBranchProxy.
Error in <TBasket::Streamer>: The value of fKeylen is incorrect (-19191) ; trying to recover by setting it to zero
Error in <TBasket::TBasket::Streamer>: The value of fNevBufSize (-1344425860) or fIOBits (0) is incorrect ; setting the buffer to a zombie.
Error in <TCollectionLessSTLReader::GetCP()>: Read error in TBranchProxy.
Error in <TBasket::Streamer>: The value of fKeylen is incorrect (-24948) ; trying to recover by setting it to zero
Error in <TBasket::Streamer>: The value of fObjlen is incorrect (-710856305) ; trying to recover by setting it to zero
Error in <TCollectionLessSTLReader::GetCP()>: Read error in TBranchProxy.
Error R__unzip_header: error in header.  Values: ab6
Error in <TBasket::ReadBasketBuffers>: Inconsistency found in header (nin=0, nbuf=0)
Error in <TBasket::ReadBasketBuffers>: fNbytes = 42079119, fKeylen = 6146, fObjlen = 1485380391, noutot = 0, nout=0, nin=0, nbuf=0
Error in <TCollectionLessSTLReader::GetCP()>: Read error in TBranchProxy.
Error in <TBasket::Streamer>: The value of fObjlen is incorrect (-1492237174) ; trying to recover by setting it to zero
Error in <TBasket::Streamer>: The value of fNbytes is incorrect (-45533579) ; trying to recover by setting it to zero
Error in <TCollectionLessSTLReader::GetCP()>: Read error in TBranchProxy.
Error in <TBasket::Streamer>: The value of fKeylen is incorrect (-31330) ; trying to recover by setting it to zero
Error in <TBasket::Streamer>: The value of fObjlen is incorrect (-1460296052) ; trying to recover by setting it to zero
Error in <TBasket::Streamer>: The value of fNbytes is incorrect (-845698399) ; trying to recover by setting it to zero
Error in <TCollectionLessSTLReader::GetCP()>: Read error in TBranchProxy.
Error in <TBasket::Streamer>: The value of fObjlen is incorrect (-1200424630) ; trying to recover by setting it to zero
Error in <TBasket::TBasket::Streamer>: The value of fNevBufSize (-866934573) or fIOBits (227) is incorrect ; setting the buffer to a zombie.
Error in <TCollectionLessSTLReader::GetCP()>: Read error in TBranchProxy.
Error in <TBasket::Streamer>: The value of fKeylen is incorrect (-19191) ; trying to recover by setting it to zero
Error in <TBasket::TBasket::Streamer>: The value of fNevBufSize (-1344425860) or fIOBits (0) is incorrect ; setting the buffer to a zombie.
Error in <TCollectionLessSTLReader::GetCP()>: Read error in TBranchProxy.
Error in <TBasket::Streamer>: The value of fKeylen is incorrect (-24948) ; trying to recover by setting it to zero
Error in <TBasket::Streamer>: The value of fObjlen is incorrect (-710856305) ; trying to recover by setting it to zero
Error in <TCollectionLessSTLReader::GetCP()>: Read error in TBranchProxy.
Error R__unzip_header: error in header.  Values: ab6
Error in <TBasket::ReadBasketBuffers>: Inconsistency found in header (nin=0, nbuf=0)
Error in <TBasket::ReadBasketBuffers>: fNbytes = 42079119, fKeylen = 6146, fObjlen = 1485380391, noutot = 0, nout=0, nin=0, nbuf=0
Error in <TCollectionLessSTLReader::GetCP()>: Read error in TBranchProxy.
Error in <TBasket::Streamer>: The value of fObjlen is incorrect (-1492237174) ; trying to recover by setting it to zero
Error in <TBasket::Streamer>: The value of fNbytes is incorrect (-45533579) ; trying to recover by setting it to zero
Error in <TCollectionLessSTLReader::GetCP()>: Read error in TBranchProxy.
Error in <TBasket::Streamer>: The value of fKeylen is incorrect (-31330) ; trying to recover by setting it to zero
Error in <TBasket::Streamer>: The value of fObjlen is incorrect (-1460296052) ; trying to recover by setting it to zero
Error in <TBasket::Streamer>: The value of fNbytes is incorrect (-845698399) ; trying to recover by setting it to zero
Error in <TCollectionLessSTLReader::GetCP()>: Read error in TBranchProxy.
Error in <TBasket::Streamer>: The value of fObjlen is incorrect (-1200424630) ; trying to recover by setting it to zero
Error in <TBasket::TBasket::Streamer>: The value of fNevBufSize (-866934573) or fIOBits (227) is incorrect ; setting the buffer to a zombie.
Error in <TCollectionLessSTLReader::GetCP()>: Read error in TBranchProxy.
Error in <TBasket::Streamer>: The value of fKeylen is incorrect (-19191) ; trying to recover by setting it to zero
Error in <TBasket::TBasket::Streamer>: The value of fNevBufSize (-1344425860) or fIOBits (0) is incorrect ; setting the buffer to a zombie.
Error in <TCollectionLessSTLReader::GetCP()>: Read error in TBranchProxy.
Error in <TBasket::Streamer>: The value of fKeylen is incorrect (-24948) ; trying to recover by setting it to zero
Error in <TBasket::Streamer>: The value of fObjlen is incorrect (-710856305) ; trying to recover by setting it to zero
Error in <TCollectionLessSTLReader::GetCP()>: Read error in TBranchProxy.
Error R__unzip_header: error in header.  Values: ab6
Error in <TBasket::ReadBasketBuffers>: Inconsistency found in header (nin=0, nbuf=0)
Error in <TBasket::ReadBasketBuffers>: fNbytes = 42079119, fKeylen = 6146, fObjlen = 1485380391, noutot = 0, nout=0, nin=0, nbuf=0
Error in <TCollectionLessSTLReader::GetCP()>: Read error in TBranchProxy.
Error in <TBasket::Streamer>: The value of fObjlen is incorrect (-1492237174) ; trying to recover by setting it to zero
Error in <TBasket::Streamer>: The value of fNbytes is incorrect (-45533579) ; trying to recover by setting it to zero
Error in <TCollectionLessSTLReader::GetCP()>: Read error in TBranchProxy.
Error in <TBasket::Streamer>: The value of fKeylen is incorrect (-31330) ; trying to recover by setting it to zero
Error in <TBasket::Streamer>: The value of fObjlen is incorrect (-1460296052) ; trying to recover by setting it to zero
Error in <TBasket::Streamer>: The value of fNbytes is incorrect (-845698399) ; trying to recover by setting it to zero
Error in <TCollectionLessSTLReader::GetCP()>: Read error in TBranchProxy.
Error in <TBasket::Streamer>: The value of fObjlen is incorrect (-1200424630) ; trying to recover by setting it to zero
Error in <TBasket::TBasket::Streamer>: The value of fNevBufSize (-866934573) or fIOBits (227) is incorrect ; setting the buffer to a zombie.
Error in <TCollectionLessSTLReader::GetCP()>: Read error in TBranchProxy.
Error in <TBasket::Streamer>: The value of fKeylen is incorrect (-19191) ; trying to recover by setting it to zero
Error in <TBasket::TBasket::Streamer>: The value of fNevBufSize (-1344425860) or fIOBits (0) is incorrect ; setting the buffer to a zombie.
Error in <TCollectionLessSTLReader::GetCP()>: Read error in TBranchProxy.
Error in <TBasket::Streamer>: The value of fKeylen is incorrect (-24948) ; trying to recover by setting it to zero
Error in <TBasket::Streamer>: The value of fObjlen is incorrect (-710856305) ; trying to recover by setting it to zero
Error in <TCollectionLessSTLReader::GetCP()>: Read error in TBranchProxy.
Error R__unzip_header: error in header.  Values: ab6
Error in <TBasket::ReadBasketBuffers>: Inconsistency found in header (nin=0, nbuf=0)
Error in <TBasket::ReadBasketBuffers>: fNbytes = 42079119, fKeylen = 6146, fObjlen = 1485380391, noutot = 0, nout=0, nin=0, nbuf=0
Error in <TCollectionLessSTLReader::GetCP()>: Read error in TBranchProxy.
Error in <TBasket::Streamer>: The value of fObjlen is incorrect (-1492237174) ; trying to recover by setting it to zero
Error in <TBasket::Streamer>: The value of fNbytes is incorrect (-45533579) ; trying to recover by setting it to zero
Error in <TCollectionLessSTLReader::GetCP()>: Read error in TBranchProxy.
Error in <TBasket::Streamer>: The value of fKeylen is incorrect (-31330) ; trying to recover by setting it to zero
Error in <TBasket::Streamer>: The value of fObjlen is incorrect (-1460296052) ; trying to recover by setting it to zero
Error in <TBasket::Streamer>: The value of fNbytes is incorrect (-845698399) ; trying to recover by setting it to zero
Error in <TCollectionLessSTLReader::GetCP()>: Read error in TBranchProxy.
Error in <TBasket::Streamer>: The value of fObjlen is incorrect (-1200424630) ; trying to recover by setting it to zero
Error in <TBasket::TBasket::Streamer>: The value of fNevBufSize (-866934573) or fIOBits (227) is incorrect ; setting the buffer to a zombie.
Error in <TCollectionLessSTLReader::GetCP()>: Read error in TBranchProxy.
Error in <TBasket::Streamer>: The value of fKeylen is incorrect (-19191) ; trying to recover by setting it to zero
Error in <TBasket::TBasket::Streamer>: The value of fNevBufSize (-1344425860) or fIOBits (0) is incorrect ; setting the buffer to a zombie.
Error in <TCollectionLessSTLReader::GetCP()>: Read error in TBranchProxy.
Error in <TBasket::Streamer>: The value of fKeylen is incorrect (-24948) ; trying to recover by setting it to zero
Error in <TBasket::Streamer>: The value of fObjlen is incorrect (-710856305) ; trying to recover by setting it to zero
Error in <TCollectionLessSTLReader::GetCP()>: Read error in TBranchProxy.
Error R__unzip_header: error in header.  Values: ab6
Error in <TBasket::ReadBasketBuffers>: Inconsistency found in header (nin=0, nbuf=0)
Error in <TBasket::ReadBasketBuffers>: fNbytes = 42079119, fKeylen = 6146, fObjlen = 1485380391, noutot = 0, nout=0, nin=0, nbuf=0
Error in <TCollectionLessSTLReader::GetCP()>: Read error in TBranchProxy.
Error in <TBasket::Streamer>: The value of fObjlen is incorrect (-1492237174) ; trying to recover by setting it to zero
Error in <TBasket::Streamer>: The value of fNbytes is incorrect (-45533579) ; trying to recover by setting it to zero
Error in <TCollectionLessSTLReader::GetCP()>: Read error in TBranchProxy.
Error in <TBasket::Streamer>: The value of fKeylen is incorrect (-31330) ; trying to recover by setting it to zero
Error in <TBasket::Streamer>: The value of fObjlen is incorrect (-1460296052) ; trying to recover by setting it to zero
Error in <TBasket::Streamer>: The value of fNbytes is incorrect (-845698399) ; trying to recover by setting it to zero
Error in <TCollectionLessSTLReader::GetCP()>: Read error in TBranchProxy.
Error in <TBasket::Streamer>: The value of fObjlen is incorrect (-1200424630) ; trying to recover by setting it to zero
Error in <TBasket::TBasket::Streamer>: The value of fNevBufSize (-866934573) or fIOBits (227) is incorrect ; setting the buffer to a zombie.
Error in <TCollectionLessSTLReader::GetCP()>: Read error in TBranchProxy.
Error in <TBasket::Streamer>: The value of fKeylen is incorrect (-19191) ; trying to recover by setting it to zero
Error in <TBasket::TBasket::Streamer>: The value of fNevBufSize (-1344425860) or fIOBits (0) is incorrect ; setting the buffer to a zombie.
Error in <TCollectionLessSTLReader::GetCP()>: Read error in TBranchProxy.
Error in <TBasket::Streamer>: The value of fKeylen is incorrect (-24948) ; trying to recover by setting it to zero
Error in <TBasket::Streamer>: The value of fObjlen is incorrect (-710856305) ; trying to recover by setting it to zero
Error in <TCollectionLessSTLReader::GetCP()>: Read error in TBranchProxy.
Error R__unzip_header: error in header.  Values: ab6
Error in <TBasket::ReadBasketBuffers>: Inconsistency found in header (nin=0, nbuf=0)
Error in <TBasket::ReadBasketBuffers>: fNbytes = 42079119, fKeylen = 6146, fObjlen = 1485380391, noutot = 0, nout=0, nin=0, nbuf=0
Error in <TCollectionLessSTLReader::GetCP()>: Read error in TBranchProxy.
Error in <TBasket::Streamer>: The value of fObjlen is incorrect (-1492237174) ; trying to recover by setting it to zero
Error in <TBasket::Streamer>: The value of fNbytes is incorrect (-45533579) ; trying to recover by setting it to zero
Error in <TCollectionLessSTLReader::GetCP()>: Read error in TBranchProxy.
Error in <TBasket::Streamer>: The value of fKeylen is incorrect (-31330) ; trying to recover by setting it to zero
Error in <TBasket::Streamer>: The value of fObjlen is incorrect (-1460296052) ; trying to recover by setting it to zero
Error in <TBasket::Streamer>: The value of fNbytes is incorrect (-845698399) ; trying to recover by setting it to zero
Error in <TCollectionLessSTLReader::GetCP()>: Read error in TBranchProxy.
Error in <TBasket::Streamer>: The value of fObjlen is incorrect (-1200424630) ; trying to recover by setting it to zero
Error in <TBasket::TBasket::Streamer>: The value of fNevBufSize (-866934573) or fIOBits (227) is incorrect ; setting the buffer to a zombie.
Error in <TCollectionLessSTLReader::GetCP()>: Read error in TBranchProxy.
Error in <TBasket::Streamer>: The value of fKeylen is incorrect (-19191) ; trying to recover by setting it to zero
Error in <TBasket::TBasket::Streamer>: The value of fNevBufSize (-1344425860) or fIOBits (0) is incorrect ; setting the buffer to a zombie.
Error in <TCollectionLessSTLReader::GetCP()>: Read error in TBranchProxy.
Error in <TBasket::Streamer>: The value of fKeylen is incorrect (-24948) ; trying to recover by setting it to zero
Error in <TBasket::Streamer>: The value of fObjlen is incorrect (-710856305) ; trying to recover by setting it to zero
Error in <TCollectionLessSTLReader::GetCP()>: Read error in TBranchProxy.
Error R__unzip_header: error in header.  Values: ab6
Error in <TBasket::ReadBasketBuffers>: Inconsistency found in header (nin=0, nbuf=0)
Error in <TBasket::ReadBasketBuffers>: fNbytes = 42079119, fKeylen = 6146, fObjlen = 1485380391, noutot = 0, nout=0, nin=0, nbuf=0
Error in <TCollectionLessSTLReader::GetCP()>: Read error in TBranchProxy.
Error in <TBasket::Streamer>: The value of fObjlen is incorrect (-1492237174) ; trying to recover by setting it to zero
Error in <TBasket::Streamer>: The value of fNbytes is incorrect (-45533579) ; trying to recover by setting it to zero
Error in <TCollectionLessSTLReader::GetCP()>: Read error in TBranchProxy.
Error in <TBasket::Streamer>: The value of fKeylen is incorrect (-31330) ; trying to recover by setting it to zero
Error in <TBasket::Streamer>: The value of fObjlen is incorrect (-1460296052) ; trying to recover by setting it to zero
Error in <TBasket::Streamer>: The value of fNbytes is incorrect (-845698399) ; trying to recover by setting it to zero
Error in <TCollectionLessSTLReader::GetCP()>: Read error in TBranchProxy.
Error in <TBasket::Streamer>: The value of fObjlen is incorrect (-1200424630) ; trying to recover by setting it to zero
Error in <TBasket::TBasket::Streamer>: The value of fNevBufSize (-866934573) or fIOBits (227) is incorrect ; setting the buffer to a zombie.
Error in <TCollectionLessSTLReader::GetCP()>: Read error in TBranchProxy.
Error in <TBasket::Streamer>: The value of fKeylen is incorrect (-19191) ; trying to recover by setting it to zero
Error in <TBasket::TBasket::Streamer>: The value of fNevBufSize (-1344425860) or fIOBits (0) is incorrect ; setting the buffer to a zombie.
Error in <TCollectionLessSTLReader::GetCP()>: Read error in TBranchProxy.
Error in <TBasket::Streamer>: The value of fKeylen is incorrect (-24948) ; trying to recover by setting it to zero
Error in <TBasket::Streamer>: The value of fObjlen is incorrect (-710856305) ; trying to recover by setting it to zero
Error in <TCollectionLessSTLReader::GetCP()>: Read error in TBranchProxy.
Error R__unzip_header: error in header.  Values: ab6
Error in <TBasket::ReadBasketBuffers>: Inconsistency found in header (nin=0, nbuf=0)
Error in <TBasket::ReadBasketBuffers>: fNbytes = 42079119, fKeylen = 6146, fObjlen = 1485380391, noutot = 0, nout=0, nin=0, nbuf=0
Error in <TCollectionLessSTLReader::GetCP()>: Read error in TBranchProxy.
Error in <TBasket::Streamer>: The value of fObjlen is incorrect (-1492237174) ; trying to recover by setting it to zero
Error in <TBasket::Streamer>: The value of fNbytes is incorrect (-45533579) ; trying to recover by setting it to zero
Error in <TCollectionLessSTLReader::GetCP()>: Read error in TBranchProxy.
Error in <TBasket::Streamer>: The value of fKeylen is incorrect (-31330) ; trying to recover by setting it to zero
Error in <TBasket::Streamer>: The value of fObjlen is incorrect (-1460296052) ; trying to recover by setting it to zero
Error in <TBasket::Streamer>: The value of fNbytes is incorrect (-845698399) ; trying to recover by setting it to zero
Error in <TCollectionLessSTLReader::GetCP()>: Read error in TBranchProxy.
Error in <TBasket::Streamer>: The value of fObjlen is incorrect (-1200424630) ; trying to recover by setting it to zero
Error in <TBasket::TBasket::Streamer>: The value of fNevBufSize (-866934573) or fIOBits (227) is incorrect ; setting the buffer to a zombie.
Error in <TCollectionLessSTLReader::GetCP()>: Read error in TBranchProxy.
Error in <TBasket::Streamer>: The value of fKeylen is incorrect (-19191) ; trying to recover by setting it to zero
Error in <TBasket::TBasket::Streamer>: The value of fNevBufSize (-1344425860) or fIOBits (0) is incorrect ; setting the buffer to a zombie.
Error in <TCollectionLessSTLReader::GetCP()>: Read error in TBranchProxy.
Error in <TBasket::Streamer>: The value of fKeylen is incorrect (-24948) ; trying to recover by setting it to zero
Error in <TBasket::Streamer>: The value of fObjlen is incorrect (-710856305) ; trying to recover by setting it to zero
Error in <TCollectionLessSTLReader::GetCP()>: Read error in TBranchProxy.
Error R__unzip_header: error in header.  Values: ab6
Error in <TBasket::ReadBasketBuffers>: Inconsistency found in header (nin=0, nbuf=0)
Error in <TBasket::ReadBasketBuffers>: fNbytes = 42079119, fKeylen = 6146, fObjlen = 1485380391, noutot = 0, nout=0, nin=0, nbuf=0
Error in <TCollectionLessSTLReader::GetCP()>: Read error in TBranchProxy.
Error in <TBasket::Streamer>: The value of fObjlen is incorrect (-1492237174) ; trying to recover by setting it to zero
Error in <TBasket::Streamer>: The value of fNbytes is incorrect (-45533579) ; trying to recover by setting it to zero
Error in <TCollectionLessSTLReader::GetCP()>: Read error in TBranchProxy.
Error in <TBasket::Streamer>: The value of fKeylen is incorrect (-31330) ; trying to recover by setting it to zero
Error in <TBasket::Streamer>: The value of fObjlen is incorrect (-1460296052) ; trying to recover by setting it to zero
Error in <TBasket::Streamer>: The value of fNbytes is incorrect (-845698399) ; trying to recover by setting it to zero
Error in <TCollectionLessSTLReader::GetCP()>: Read error in TBranchProxy.
Error in <TBasket::Streamer>: The value of fObjlen is incorrect (-1200424630) ; trying to recover by setting it to zero
Error in <TBasket::TBasket::Streamer>: The value of fNevBufSize (-866934573) or fIOBits (227) is incorrect ; setting the buffer to a zombie.
Error in <TCollectionLessSTLReader::GetCP()>: Read error in TBranchProxy.
Error in <TBasket::Streamer>: The value of fKeylen is incorrect (-19191) ; trying to recover by setting it to zero
Error in <TBasket::TBasket::Streamer>: The value of fNevBufSize (-1344425860) or fIOBits (0) is incorrect ; setting the buffer to a zombie.
Error in <TCollectionLessSTLReader::GetCP()>: Read error in TBranchProxy.
Error in <TBasket::Streamer>: The value of fKeylen is incorrect (-24948) ; trying to recover by setting it to zero
Error in <TBasket::Streamer>: The value of fObjlen is incorrect (-710856305) ; trying to recover by setting it to zero
Error in <TCollectionLessSTLReader::GetCP()>: Read error in TBranchProxy.
Error R__unzip_header: error in header.  Values: ab6
Error in <TBasket::ReadBasketBuffers>: Inconsistency found in header (nin=0, nbuf=0)
Error in <TBasket::ReadBasketBuffers>: fNbytes = 42079119, fKeylen = 6146, fObjlen = 1485380391, noutot = 0, nout=0, nin=0, nbuf=0
Error in <TCollectionLessSTLReader::GetCP()>: Read error in TBranchProxy.
Error in <TBasket::Streamer>: The value of fObjlen is incorrect (-1492237174) ; trying to recover by setting it to zero
Error in <TBasket::Streamer>: The value of fNbytes is incorrect (-45533579) ; trying to recover by setting it to zero
Error in <TCollectionLessSTLReader::GetCP()>: Read error in TBranchProxy.
Error in <TBasket::Streamer>: The value of fKeylen is incorrect (-31330) ; trying to recover by setting it to zero
Error in <TBasket::Streamer>: The value of fObjlen is incorrect (-1460296052) ; trying to recover by setting it to zero
Error in <TBasket::Streamer>: The value of fNbytes is incorrect (-845698399) ; trying to recover by setting it to zero
Error in <TCollectionLessSTLReader::GetCP()>: Read error in TBranchProxy.
Error in <TBasket::Streamer>: The value of fObjlen is incorrect (-1200424630) ; trying to recover by setting it to zero
Error in <TBasket::TBasket::Streamer>: The value of fNevBufSize (-866934573) or fIOBits (227) is incorrect ; setting the buffer to a zombie.
Error in <TCollectionLessSTLReader::GetCP()>: Read error in TBranchProxy.
Error in <TBasket::Streamer>: The value of fKeylen is incorrect (-19191) ; trying to recover by setting it to zero
Error in <TBasket::TBasket::Streamer>: The value of fNevBufSize (-1344425860) or fIOBits (0) is incorrect ; setting the buffer to a zombie.
Error in <TCollectionLessSTLReader::GetCP()>: Read error in TBranchProxy.
Error in <TBasket::Streamer>: The value of fKeylen is incorrect (-24948) ; trying to recover by setting it to zero
Error in <TBasket::Streamer>: The value of fObjlen is incorrect (-710856305) ; trying to recover by setting it to zero
Error in <TCollectionLessSTLReader::GetCP()>: Read error in TBranchProxy.
Error R__unzip_header: error in header.  Values: ab6
Error in <TBasket::ReadBasketBuffers>: Inconsistency found in header (nin=0, nbuf=0)
Error in <TBasket::ReadBasketBuffers>: fNbytes = 42079119, fKeylen = 6146, fObjlen = 1485380391, noutot = 0, nout=0, nin=0, nbuf=0
Error in <TCollectionLessSTLReader::GetCP()>: Read error in TBranchProxy.
Error in <TBasket::Streamer>: The value of fObjlen is incorrect (-1492237174) ; trying to recover by setting it to zero
Error in <TBasket::Streamer>: The value of fNbytes is incorrect (-45533579) ; trying to recover by setting it to zero
Error in <TCollectionLessSTLReader::GetCP()>: Read error in TBranchProxy.
Error in <TBasket::Streamer>: The value of fKeylen is incorrect (-31330) ; trying to recover by setting it to zero
Error in <TBasket::Streamer>: The value of fObjlen is incorrect (-1460296052) ; trying to recover by setting it to zero
Error in <TBasket::Streamer>: The value of fNbytes is incorrect (-845698399) ; trying to recover by setting it to zero
Error in <TCollectionLessSTLReader::GetCP()>: Read error in TBranchProxy.
Error in <TBasket::Streamer>: The value of fObjlen is incorrect (-1200424630) ; trying to recover by setting it to zero
Error in <TBasket::TBasket::Streamer>: The value of fNevBufSize (-866934573) or fIOBits (227) is incorrect ; setting the buffer to a zombie.
Error in <TCollectionLessSTLReader::GetCP()>: Read error in TBranchProxy.
Error in <TBasket::Streamer>: The value of fKeylen is incorrect (-19191) ; trying to recover by setting it to zero
Error in <TBasket::TBasket::Streamer>: The value of fNevBufSize (-1344425860) or fIOBits (0) is incorrect ; setting the buffer to a zombie.
Error in <TCollectionLessSTLReader::GetCP()>: Read error in TBranchProxy.
Error in <TBasket::Streamer>: The value of fKeylen is incorrect (-24948) ; trying to recover by setting it to zero
Error in <TBasket::Streamer>: The value of fObjlen is incorrect (-710856305) ; trying to recover by setting it to zero
Error in <TCollectionLessSTLReader::GetCP()>: Read error in TBranchProxy.
Error R__unzip_header: error in header.  Values: ab6
Error in <TBasket::ReadBasketBuffers>: Inconsistency found in header (nin=0, nbuf=0)
Error in <TBasket::ReadBasketBuffers>: fNbytes = 42079119, fKeylen = 6146, fObjlen = 1485380391, noutot = 0, nout=0, nin=0, nbuf=0
Error in <TCollectionLessSTLReader::GetCP()>: Read error in TBranchProxy.
Error in <TBasket::Streamer>: The value of fObjlen is incorrect (-1492237174) ; trying to recover by setting it to zero
Error in <TBasket::Streamer>: The value of fNbytes is incorrect (-45533579) ; trying to recover by setting it to zero
Error in <TCollectionLessSTLReader::GetCP()>: Read error in TBranchProxy.
Error in <TBasket::Streamer>: The value of fKeylen is incorrect (-31330) ; trying to recover by setting it to zero
Error in <TBasket::Streamer>: The value of fObjlen is incorrect (-1460296052) ; trying to recover by setting it to zero
Error in <TBasket::Streamer>: The value of fNbytes is incorrect (-845698399) ; trying to recover by setting it to zero
Error in <TCollectionLessSTLReader::GetCP()>: Read error in TBranchProxy.
Error in <TBasket::Streamer>: The value of fObjlen is incorrect (-1200424630) ; trying to recover by setting it to zero
Error in <TBasket::TBasket::Streamer>: The value of fNevBufSize (-866934573) or fIOBits (227) is incorrect ; setting the buffer to a zombie.
Error in <TCollectionLessSTLReader::GetCP()>: Read error in TBranchProxy.
Error in <TBasket::Streamer>: The value of fKeylen is incorrect (-19191) ; trying to recover by setting it to zero
Error in <TBasket::TBasket::Streamer>: The value of fNevBufSize (-1344425860) or fIOBits (0) is incorrect ; setting the buffer to a zombie.
Error in <TCollectionLessSTLReader::GetCP()>: Read error in TBranchProxy.
Error in <TBasket::Streamer>: The value of fKeylen is incorrect (-24948) ; trying to recover by setting it to zero
Error in <TBasket::Streamer>: The value of fObjlen is incorrect (-710856305) ; trying to recover by setting it to zero
Error in <TCollectionLessSTLReader::GetCP()>: Read error in TBranchProxy.
Error R__unzip_header: error in header.  Values: ab6
Error in <TBasket::ReadBasketBuffers>: Inconsistency found in header (nin=0, nbuf=0)
Error in <TBasket::ReadBasketBuffers>: fNbytes = 42079119, fKeylen = 6146, fObjlen = 1485380391, noutot = 0, nout=0, nin=0, nbuf=0
Error in <TCollectionLessSTLReader::GetCP()>: Read error in TBranchProxy.
Error in <TBasket::Streamer>: The value of fObjlen is incorrect (-1492237174) ; trying to recover by setting it to zero
Error in <TBasket::Streamer>: The value of fNbytes is incorrect (-45533579) ; trying to recover by setting it to zero
Error in <TCollectionLessSTLReader::GetCP()>: Read error in TBranchProxy.
Error in <TBasket::Streamer>: The value of fKeylen is incorrect (-31330) ; trying to recover by setting it to zero
Error in <TBasket::Streamer>: The value of fObjlen is incorrect (-1460296052) ; trying to recover by setting it to zero
Error in <TBasket::Streamer>: The value of fNbytes is incorrect (-845698399) ; trying to recover by setting it to zero
Error in <TCollectionLessSTLReader::GetCP()>: Read error in TBranchProxy.
Error in <TBasket::Streamer>: The value of fObjlen is incorrect (-1200424630) ; trying to recover by setting it to zero
Error in <TBasket::TBasket::Streamer>: The value of fNevBufSize (-866934573) or fIOBits (227) is incorrect ; setting the buffer to a zombie.
Error in <TCollectionLessSTLReader::GetCP()>: Read error in TBranchProxy.
Error in <TBasket::Streamer>: The value of fKeylen is incorrect (-19191) ; trying to recover by setting it to zero
Error in <TBasket::TBasket::Streamer>: The value of fNevBufSize (-1344425860) or fIOBits (0) is incorrect ; setting the buffer to a zombie.
Error in <TCollectionLessSTLReader::GetCP()>: Read error in TBranchProxy.
Error in <TBasket::Streamer>: The value of fKeylen is incorrect (-24948) ; trying to recover by setting it to zero
Error in <TBasket::Streamer>: The value of fObjlen is incorrect (-710856305) ; trying to recover by setting it to zero
Error in <TCollectionLessSTLReader::GetCP()>: Read error in TBranchProxy.
Error R__unzip_header: error in header.  Values: ab6
Error in <TBasket::ReadBasketBuffers>: Inconsistency found in header (nin=0, nbuf=0)
Error in <TBasket::ReadBasketBuffers>: fNbytes = 42079119, fKeylen = 6146, fObjlen = 1485380391, noutot = 0, nout=0, nin=0, nbuf=0
Error in <TCollectionLessSTLReader::GetCP()>: Read error in TBranchProxy.
Error in <TBasket::Streamer>: The value of fObjlen is incorrect (-1492237174) ; trying to recover by setting it to zero
Error in <TBasket::Streamer>: The value of fNbytes is incorrect (-45533579) ; trying to recover by setting it to zero
Error in <TCollectionLessSTLReader::GetCP()>: Read error in TBranchProxy.
Error in <TBasket::Streamer>: The value of fKeylen is incorrect (-31330) ; trying to recover by setting it to zero
Error in <TBasket::Streamer>: The value of fObjlen is incorrect (-1460296052) ; trying to recover by setting it to zero
Error in <TBasket::Streamer>: The value of fNbytes is incorrect (-845698399) ; trying to recover by setting it to zero
Error in <TCollectionLessSTLReader::GetCP()>: Read error in TBranchProxy.
Error in <TBasket::Streamer>: The value of fObjlen is incorrect (-1200424630) ; trying to recover by setting it to zero
Error in <TBasket::TBasket::Streamer>: The value of fNevBufSize (-866934573) or fIOBits (227) is incorrect ; setting the buffer to a zombie.
Error in <TCollectionLessSTLReader::GetCP()>: Read error in TBranchProxy.
Error in <TBasket::Streamer>: The value of fKeylen is incorrect (-19191) ; trying to recover by setting it to zero
Error in <TBasket::TBasket::Streamer>: The value of fNevBufSize (-1344425860) or fIOBits (0) is incorrect ; setting the buffer to a zombie.
Error in <TCollectionLessSTLReader::GetCP()>: Read error in TBranchProxy.
Error in <TBasket::Streamer>: The value of fKeylen is incorrect (-24948) ; trying to recover by setting it to zero
Error in <TBasket::Streamer>: The value of fObjlen is incorrect (-710856305) ; trying to recover by setting it to zero
Error in <TCollectionLessSTLReader::GetCP()>: Read error in TBranchProxy.
Error R__unzip_header: error in header.  Values: ab6
Error in <TBasket::ReadBasketBuffers>: Inconsistency found in header (nin=0, nbuf=0)
Error in <TBasket::ReadBasketBuffers>: fNbytes = 42079119, fKeylen = 6146, fObjlen = 1485380391, noutot = 0, nout=0, nin=0, nbuf=0
Error in <TCollectionLessSTLReader::GetCP()>: Read error in TBranchProxy.
Error in <TBasket::Streamer>: The value of fObjlen is incorrect (-1492237174) ; trying to recover by setting it to zero
Error in <TBasket::Streamer>: The value of fNbytes is incorrect (-45533579) ; trying to recover by setting it to zero
Error in <TCollectionLessSTLReader::GetCP()>: Read error in TBranchProxy.
Error in <TBasket::Streamer>: The value of fKeylen is incorrect (-31330) ; trying to recover by setting it to zero
Error in <TBasket::Streamer>: The value of fObjlen is incorrect (-1460296052) ; trying to recover by setting it to zero
Error in <TBasket::Streamer>: The value of fNbytes is incorrect (-845698399) ; trying to recover by setting it to zero
Error in <TCollectionLessSTLReader::GetCP()>: Read error in TBranchProxy.
Error in <TBasket::Streamer>: The value of fObjlen is incorrect (-1200424630) ; trying to recover by setting it to zero
Error in <TBasket::TBasket::Streamer>: The value of fNevBufSize (-866934573) or fIOBits (227) is incorrect ; setting the buffer to a zombie.
Error in <TCollectionLessSTLReader::GetCP()>: Read error in TBranchProxy.
Error in <TBasket::Streamer>: The value of fKeylen is incorrect (-19191) ; trying to recover by setting it to zero
Error in <TBasket::TBasket::Streamer>: The value of fNevBufSize (-1344425860) or fIOBits (0) is incorrect ; setting the buffer to a zombie.
Error in <TCollectionLessSTLReader::GetCP()>: Read error in TBranchProxy.
Error in <TBasket::Streamer>: The value of fKeylen is incorrect (-24948) ; trying to recover by setting it to zero
Error in <TBasket::Streamer>: The value of fObjlen is incorrect (-710856305) ; trying to recover by setting it to zero
Error in <TCollectionLessSTLReader::GetCP()>: Read error in TBranchProxy.
Error R__unzip_header: error in header.  Values: ab6
Error in <TBasket::ReadBasketBuffers>: Inconsistency found in header (nin=0, nbuf=0)
Error in <TBasket::ReadBasketBuffers>: fNbytes = 42079119, fKeylen = 6146, fObjlen = 1485380391, noutot = 0, nout=0, nin=0, nbuf=0
Error in <TCollectionLessSTLReader::GetCP()>: Read error in TBranchProxy.
Error in <TBasket::Streamer>: The value of fObjlen is incorrect (-1492237174) ; trying to recover by setting it to zero
Error in <TBasket::Streamer>: The value of fNbytes is incorrect (-45533579) ; trying to recover by setting it to zero
Error in <TCollectionLessSTLReader::GetCP()>: Read error in TBranchProxy.
Error in <TBasket::Streamer>: The value of fKeylen is incorrect (-31330) ; trying to recover by setting it to zero
Error in <TBasket::Streamer>: The value of fObjlen is incorrect (-1460296052) ; trying to recover by setting it to zero
Error in <TBasket::Streamer>: The value of fNbytes is incorrect (-845698399) ; trying to recover by setting it to zero
Error in <TCollectionLessSTLReader::GetCP()>: Read error in TBranchProxy.
Error in <TBasket::Streamer>: The value of fObjlen is incorrect (-1200424630) ; trying to recover by setting it to zero
Error in <TBasket::TBasket::Streamer>: The value of fNevBufSize (-866934573) or fIOBits (227) is incorrect ; setting the buffer to a zombie.
Error in <TCollectionLessSTLReader::GetCP()>: Read error in TBranchProxy.
Error in <TBasket::Streamer>: The value of fKeylen is incorrect (-19191) ; trying to recover by setting it to zero
Error in <TBasket::TBasket::Streamer>: The value of fNevBufSize (-1344425860) or fIOBits (0) is incorrect ; setting the buffer to a zombie.
Error in <TCollectionLessSTLReader::GetCP()>: Read error in TBranchProxy.
Error in <TBasket::Streamer>: The value of fKeylen is incorrect (-24948) ; trying to recover by setting it to zero
Error in <TBasket::Streamer>: The value of fObjlen is incorrect (-710856305) ; trying to recover by setting it to zero
Error in <TCollectionLessSTLReader::GetCP()>: Read error in TBranchProxy.
Error R__unzip_header: error in header.  Values: ab6
Error in <TBasket::ReadBasketBuffers>: Inconsistency found in header (nin=0, nbuf=0)
Error in <TBasket::ReadBasketBuffers>: fNbytes = 42079119, fKeylen = 6146, fObjlen = 1485380391, noutot = 0, nout=0, nin=0, nbuf=0
Error in <TCollectionLessSTLReader::GetCP()>: Read error in TBranchProxy.
Error in <TBasket::Streamer>: The value of fObjlen is incorrect (-1492237174) ; trying to recover by setting it to zero
Error in <TBasket::Streamer>: The value of fNbytes is incorrect (-45533579) ; trying to recover by setting it to zero
Error in <TCollectionLessSTLReader::GetCP()>: Read error in TBranchProxy.
Error in <TBasket::Streamer>: The value of fKeylen is incorrect (-31330) ; trying to recover by setting it to zero
Error in <TBasket::Streamer>: The value of fObjlen is incorrect (-1460296052) ; trying to recover by setting it to zero
Error in <TBasket::Streamer>: The value of fNbytes is incorrect (-845698399) ; trying to recover by setting it to zero
Error in <TCollectionLessSTLReader::GetCP()>: Read error in TBranchProxy.
Error in <TBasket::Streamer>: The value of fObjlen is incorrect (-1200424630) ; trying to recover by setting it to zero
Error in <TBasket::TBasket::Streamer>: The value of fNevBufSize (-866934573) or fIOBits (227) is incorrect ; setting the buffer to a zombie.
Error in <TCollectionLessSTLReader::GetCP()>: Read error in TBranchProxy.
Error in <TBasket::Streamer>: The value of fKeylen is incorrect (-19191) ; trying to recover by setting it to zero
Error in <TBasket::TBasket::Streamer>: The value of fNevBufSize (-1344425860) or fIOBits (0) is incorrect ; setting the buffer to a zombie.
Error in <TCollectionLessSTLReader::GetCP()>: Read error in TBranchProxy.
Error in <TBasket::Streamer>: The value of fKeylen is incorrect (-24948) ; trying to recover by setting it to zero
Error in <TBasket::Streamer>: The value of fObjlen is incorrect (-710856305) ; trying to recover by setting it to zero
Error in <TCollectionLessSTLReader::GetCP()>: Read error in TBranchProxy.
Error R__unzip_header: error in header.  Values: ab6
Error in <TBasket::ReadBasketBuffers>: Inconsistency found in header (nin=0, nbuf=0)
Error in <TBasket::ReadBasketBuffers>: fNbytes = 42079119, fKeylen = 6146, fObjlen = 1485380391, noutot = 0, nout=0, nin=0, nbuf=0
Error in <TCollectionLessSTLReader::GetCP()>: Read error in TBranchProxy.
Error in <TBasket::Streamer>: The value of fObjlen is incorrect (-1492237174) ; trying to recover by setting it to zero
Error in <TBasket::Streamer>: The value of fNbytes is incorrect (-45533579) ; trying to recover by setting it to zero
Error in <TCollectionLessSTLReader::GetCP()>: Read error in TBranchProxy.
Error in <TBasket::Streamer>: The value of fKeylen is incorrect (-31330) ; trying to recover by setting it to zero
Error in <TBasket::Streamer>: The value of fObjlen is incorrect (-1460296052) ; trying to recover by setting it to zero
Error in <TBasket::Streamer>: The value of fNbytes is incorrect (-845698399) ; trying to recover by setting it to zero
Error in <TCollectionLessSTLReader::GetCP()>: Read error in TBranchProxy.
Error in <TBasket::Streamer>: The value of fObjlen is incorrect (-1200424630) ; trying to recover by setting it to zero
Error in <TBasket::TBasket::Streamer>: The value of fNevBufSize (-866934573) or fIOBits (227) is incorrect ; setting the buffer to a zombie.
Error in <TCollectionLessSTLReader::GetCP()>: Read error in TBranchProxy.
Error in <TBasket::Streamer>: The value of fKeylen is incorrect (-19191) ; trying to recover by setting it to zero
Error in <TBasket::TBasket::Streamer>: The value of fNevBufSize (-1344425860) or fIOBits (0) is incorrect ; setting the buffer to a zombie.
Error in <TCollectionLessSTLReader::GetCP()>: Read error in TBranchProxy.
Error in <TBasket::Streamer>: The value of fKeylen is incorrect (-24948) ; trying to recover by setting it to zero
Error in <TBasket::Streamer>: The value of fObjlen is incorrect (-710856305) ; trying to recover by setting it to zero
Error in <TCollectionLessSTLReader::GetCP()>: Read error in TBranchProxy.
Error R__unzip_header: error in header.  Values: ab6
Error in <TBasket::ReadBasketBuffers>: Inconsistency found in header (nin=0, nbuf=0)
Error in <TBasket::ReadBasketBuffers>: fNbytes = 42079119, fKeylen = 6146, fObjlen = 1485380391, noutot = 0, nout=0, nin=0, nbuf=0
Error in <TCollectionLessSTLReader::GetCP()>: Read error in TBranchProxy.
Error in <TBasket::Streamer>: The value of fObjlen is incorrect (-1492237174) ; trying to recover by setting it to zero
Error in <TBasket::Streamer>: The value of fNbytes is incorrect (-45533579) ; trying to recover by setting it to zero
Error in <TCollectionLessSTLReader::GetCP()>: Read error in TBranchProxy.
Error in <TBasket::Streamer>: The value of fKeylen is incorrect (-31330) ; trying to recover by setting it to zero
Error in <TBasket::Streamer>: The value of fObjlen is incorrect (-1460296052) ; trying to recover by setting it to zero
Error in <TBasket::Streamer>: The value of fNbytes is incorrect (-845698399) ; trying to recover by setting it to zero
Error in <TCollectionLessSTLReader::GetCP()>: Read error in TBranchProxy.
Error in <TBasket::Streamer>: The value of fObjlen is incorrect (-1200424630) ; trying to recover by setting it to zero
Error in <TBasket::TBasket::Streamer>: The value of fNevBufSize (-866934573) or fIOBits (227) is incorrect ; setting the buffer to a zombie.
Error in <TCollectionLessSTLReader::GetCP()>: Read error in TBranchProxy.
Error in <TBasket::Streamer>: The value of fKeylen is incorrect (-19191) ; trying to recover by setting it to zero
Error in <TBasket::TBasket::Streamer>: The value of fNevBufSize (-1344425860) or fIOBits (0) is incorrect ; setting the buffer to a zombie.
Error in <TCollectionLessSTLReader::GetCP()>: Read error in TBranchProxy.
Error in <TBasket::Streamer>: The value of fKeylen is incorrect (-24948) ; trying to recover by setting it to zero
Error in <TBasket::Streamer>: The value of fObjlen is incorrect (-710856305) ; trying to recover by setting it to zero
Error in <TCollectionLessSTLReader::GetCP()>: Read error in TBranchProxy.
Error R__unzip_header: error in header.  Values: ab6
Error in <TBasket::ReadBasketBuffers>: Inconsistency found in header (nin=0, nbuf=0)
Error in <TBasket::ReadBasketBuffers>: fNbytes = 42079119, fKeylen = 6146, fObjlen = 1485380391, noutot = 0, nout=0, nin=0, nbuf=0
Error in <TCollectionLessSTLReader::GetCP()>: Read error in TBranchProxy.
Error in <TBasket::Streamer>: The value of fObjlen is incorrect (-1492237174) ; trying to recover by setting it to zero
Error in <TBasket::Streamer>: The value of fNbytes is incorrect (-45533579) ; trying to recover by setting it to zero
Error in <TCollectionLessSTLReader::GetCP()>: Read error in TBranchProxy.
Error in <TBasket::Streamer>: The value of fKeylen is incorrect (-31330) ; trying to recover by setting it to zero
Error in <TBasket::Streamer>: The value of fObjlen is incorrect (-1460296052) ; trying to recover by setting it to zero
Error in <TBasket::Streamer>: The value of fNbytes is incorrect (-845698399) ; trying to recover by setting it to zero
Error in <TCollectionLessSTLReader::GetCP()>: Read error in TBranchProxy.
Error in <TBasket::Streamer>: The value of fObjlen is incorrect (-1200424630) ; trying to recover by setting it to zero
Error in <TBasket::TBasket::Streamer>: The value of fNevBufSize (-866934573) or fIOBits (227) is incorrect ; setting the buffer to a zombie.
Error in <TCollectionLessSTLReader::GetCP()>: Read error in TBranchProxy.
Error in <TBasket::Streamer>: The value of fKeylen is incorrect (-19191) ; trying to recover by setting it to zero
Error in <TBasket::TBasket::Streamer>: The value of fNevBufSize (-1344425860) or fIOBits (0) is incorrect ; setting the buffer to a zombie.
Error in <TCollectionLessSTLReader::GetCP()>: Read error in TBranchProxy.
Error in <TBasket::Streamer>: The value of fKeylen is incorrect (-24948) ; trying to recover by setting it to zero
Error in <TBasket::Streamer>: The value of fObjlen is incorrect (-710856305) ; trying to recover by setting it to zero
Error in <TCollectionLessSTLReader::GetCP()>: Read error in TBranchProxy.
Error R__unzip_header: error in header.  Values: ab6
Error in <TBasket::ReadBasketBuffers>: Inconsistency found in header (nin=0, nbuf=0)
Error in <TBasket::ReadBasketBuffers>: fNbytes = 42079119, fKeylen = 6146, fObjlen = 1485380391, noutot = 0, nout=0, nin=0, nbuf=0
Error in <TCollectionLessSTLReader::GetCP()>: Read error in TBranchProxy.
Error in <TBasket::Streamer>: The value of fObjlen is incorrect (-1492237174) ; trying to recover by setting it to zero
Error in <TBasket::Streamer>: The value of fNbytes is incorrect (-45533579) ; trying to recover by setting it to zero
Error in <TCollectionLessSTLReader::GetCP()>: Read error in TBranchProxy.
Error in <TBasket::Streamer>: The value of fKeylen is incorrect (-31330) ; trying to recover by setting it to zero
Error in <TBasket::Streamer>: The value of fObjlen is incorrect (-1460296052) ; trying to recover by setting it to zero
Error in <TBasket::Streamer>: The value of fNbytes is incorrect (-845698399) ; trying to recover by setting it to zero
Error in <TCollectionLessSTLReader::GetCP()>: Read error in TBranchProxy.
Error in <TBasket::Streamer>: The value of fObjlen is incorrect (-1200424630) ; trying to recover by setting it to zero
Error in <TBasket::TBasket::Streamer>: The value of fNevBufSize (-866934573) or fIOBits (227) is incorrect ; setting the buffer to a zombie.
Error in <TCollectionLessSTLReader::GetCP()>: Read error in TBranchProxy.
Error in <TBasket::Streamer>: The value of fKeylen is incorrect (-19191) ; trying to recover by setting it to zero
Error in <TBasket::TBasket::Streamer>: The value of fNevBufSize (-1344425860) or fIOBits (0) is incorrect ; setting the buffer to a zombie.
Error in <TCollectionLessSTLReader::GetCP()>: Read error in TBranchProxy.
Error in <TBasket::Streamer>: The value of fKeylen is incorrect (-24948) ; trying to recover by setting it to zero
Error in <TBasket::Streamer>: The value of fObjlen is incorrect (-710856305) ; trying to recover by setting it to zero
Error in <TCollectionLessSTLReader::GetCP()>: Read error in TBranchProxy.
Error R__unzip_header: error in header.  Values: ab6
Error in <TBasket::ReadBasketBuffers>: Inconsistency found in header (nin=0, nbuf=0)
Error in <TBasket::ReadBasketBuffers>: fNbytes = 42079119, fKeylen = 6146, fObjlen = 1485380391, noutot = 0, nout=0, nin=0, nbuf=0
Error in <TCollectionLessSTLReader::GetCP()>: Read error in TBranchProxy.
Error in <TBasket::Streamer>: The value of fObjlen is incorrect (-1492237174) ; trying to recover by setting it to zero
Error in <TBasket::Streamer>: The value of fNbytes is incorrect (-45533579) ; trying to recover by setting it to zero
Error in <TCollectionLessSTLReader::GetCP()>: Read error in TBranchProxy.
Error in <TBasket::Streamer>: The value of fKeylen is incorrect (-31330) ; trying to recover by setting it to zero
Error in <TBasket::Streamer>: The value of fObjlen is incorrect (-1460296052) ; trying to recover by setting it to zero
Error in <TBasket::Streamer>: The value of fNbytes is incorrect (-845698399) ; trying to recover by setting it to zero
Error in <TCollectionLessSTLReader::GetCP()>: Read error in TBranchProxy.
Error in <TBasket::Streamer>: The value of fObjlen is incorrect (-1200424630) ; trying to recover by setting it to zero
Error in <TBasket::TBasket::Streamer>: The value of fNevBufSize (-866934573) or fIOBits (227) is incorrect ; setting the buffer to a zombie.
Error in <TCollectionLessSTLReader::GetCP()>: Read error in TBranchProxy.
Error in <TBasket::Streamer>: The value of fKeylen is incorrect (-19191) ; trying to recover by setting it to zero
Error in <TBasket::TBasket::Streamer>: The value of fNevBufSize (-1344425860) or fIOBits (0) is incorrect ; setting the buffer to a zombie.
Error in <TCollectionLessSTLReader::GetCP()>: Read error in TBranchProxy.
Error in <TBasket::Streamer>: The value of fKeylen is incorrect (-24948) ; trying to recover by setting it to zero
Error in <TBasket::Streamer>: The value of fObjlen is incorrect (-710856305) ; trying to recover by setting it to zero
Error in <TCollectionLessSTLReader::GetCP()>: Read error in TBranchProxy.
Error R__unzip_header: error in header.  Values: ab6
Error in <TBasket::ReadBasketBuffers>: Inconsistency found in header (nin=0, nbuf=0)
Error in <TBasket::ReadBasketBuffers>: fNbytes = 42079119, fKeylen = 6146, fObjlen = 1485380391, noutot = 0, nout=0, nin=0, nbuf=0
Error in <TCollectionLessSTLReader::GetCP()>: Read error in TBranchProxy.
Error in <TBasket::Streamer>: The value of fObjlen is incorrect (-1492237174) ; trying to recover by setting it to zero
Error in <TBasket::Streamer>: The value of fNbytes is incorrect (-45533579) ; trying to recover by setting it to zero
Error in <TCollectionLessSTLReader::GetCP()>: Read error in TBranchProxy.
Error in <TBasket::Streamer>: The value of fKeylen is incorrect (-31330) ; trying to recover by setting it to zero
Error in <TBasket::Streamer>: The value of fObjlen is incorrect (-1460296052) ; trying to recover by setting it to zero
Error in <TBasket::Streamer>: The value of fNbytes is incorrect (-845698399) ; trying to recover by setting it to zero
Error in <TCollectionLessSTLReader::GetCP()>: Read error in TBranchProxy.
Error in <TBasket::Streamer>: The value of fObjlen is incorrect (-1200424630) ; trying to recover by setting it to zero
Error in <TBasket::TBasket::Streamer>: The value of fNevBufSize (-866934573) or fIOBits (227) is incorrect ; setting the buffer to a zombie.
Error in <TCollectionLessSTLReader::GetCP()>: Read error in TBranchProxy.
Error in <TBasket::Streamer>: The value of fKeylen is incorrect (-19191) ; trying to recover by setting it to zero
Error in <TBasket::TBasket::Streamer>: The value of fNevBufSize (-1344425860) or fIOBits (0) is incorrect ; setting the buffer to a zombie.
Error in <TCollectionLessSTLReader::GetCP()>: Read error in TBranchProxy.
Error in <TBasket::Streamer>: The value of fKeylen is incorrect (-24948) ; trying to recover by setting it to zero
Error in <TBasket::Streamer>: The value of fObjlen is incorrect (-710856305) ; trying to recover by setting it to zero
Error in <TCollectionLessSTLReader::GetCP()>: Read error in TBranchProxy.
Error R__unzip_header: error in header.  Values: ab6
Error in <TBasket::ReadBasketBuffers>: Inconsistency found in header (nin=0, nbuf=0)
Error in <TBasket::ReadBasketBuffers>: fNbytes = 42079119, fKeylen = 6146, fObjlen = 1485380391, noutot = 0, nout=0, nin=0, nbuf=0
Error in <TCollectionLessSTLReader::GetCP()>: Read error in TBranchProxy.
Error in <TBasket::Streamer>: The value of fObjlen is incorrect (-1492237174) ; trying to recover by setting it to zero
Error in <TBasket::Streamer>: The value of fNbytes is incorrect (-45533579) ; trying to recover by setting it to zero
Error in <TCollectionLessSTLReader::GetCP()>: Read error in TBranchProxy.
Error in <TBasket::Streamer>: The value of fKeylen is incorrect (-31330) ; trying to recover by setting it to zero
Error in <TBasket::Streamer>: The value of fObjlen is incorrect (-1460296052) ; trying to recover by setting it to zero
Error in <TBasket::Streamer>: The value of fNbytes is incorrect (-845698399) ; trying to recover by setting it to zero
Error in <TCollectionLessSTLReader::GetCP()>: Read error in TBranchProxy.
Error in <TBasket::Streamer>: The value of fObjlen is incorrect (-1200424630) ; trying to recover by setting it to zero
Error in <TBasket::TBasket::Streamer>: The value of fNevBufSize (-866934573) or fIOBits (227) is incorrect ; setting the buffer to a zombie.
Error in <TCollectionLessSTLReader::GetCP()>: Read error in TBranchProxy.
Error in <TBasket::Streamer>: The value of fKeylen is incorrect (-19191) ; trying to recover by setting it to zero
Error in <TBasket::TBasket::Streamer>: The value of fNevBufSize (-1344425860) or fIOBits (0) is incorrect ; setting the buffer to a zombie.
Error in <TCollectionLessSTLReader::GetCP()>: Read error in TBranchProxy.
Error in <TBasket::Streamer>: The value of fKeylen is incorrect (-24948) ; trying to recover by setting it to zero
Error in <TBasket::Streamer>: The value of fObjlen is incorrect (-710856305) ; trying to recover by setting it to zero
Error in <TCollectionLessSTLReader::GetCP()>: Read error in TBranchProxy.
Error R__unzip_header: error in header.  Values: ab6
Error in <TBasket::ReadBasketBuffers>: Inconsistency found in header (nin=0, nbuf=0)
Error in <TBasket::ReadBasketBuffers>: fNbytes = 42079119, fKeylen = 6146, fObjlen = 1485380391, noutot = 0, nout=0, nin=0, nbuf=0
Error in <TCollectionLessSTLReader::GetCP()>: Read error in TBranchProxy.
Error in <TBasket::Streamer>: The value of fObjlen is incorrect (-1492237174) ; trying to recover by setting it to zero
Error in <TBasket::Streamer>: The value of fNbytes is incorrect (-45533579) ; trying to recover by setting it to zero
Error in <TCollectionLessSTLReader::GetCP()>: Read error in TBranchProxy.
Error in <TBasket::Streamer>: The value of fKeylen is incorrect (-31330) ; trying to recover by setting it to zero
Error in <TBasket::Streamer>: The value of fObjlen is incorrect (-1460296052) ; trying to recover by setting it to zero
Error in <TBasket::Streamer>: The value of fNbytes is incorrect (-845698399) ; trying to recover by setting it to zero
Error in <TCollectionLessSTLReader::GetCP()>: Read error in TBranchProxy.
Error in <TBasket::Streamer>: The value of fObjlen is incorrect (-1200424630) ; trying to recover by setting it to zero
Error in <TBasket::TBasket::Streamer>: The value of fNevBufSize (-866934573) or fIOBits (227) is incorrect ; setting the buffer to a zombie.
Error in <TCollectionLessSTLReader::GetCP()>: Read error in TBranchProxy.
Error in <TBasket::Streamer>: The value of fKeylen is incorrect (-19191) ; trying to recover by setting it to zero
Error in <TBasket::TBasket::Streamer>: The value of fNevBufSize (-1344425860) or fIOBits (0) is incorrect ; setting the buffer to a zombie.
Error in <TCollectionLessSTLReader::GetCP()>: Read error in TBranchProxy.
Error in <TBasket::Streamer>: The value of fKeylen is incorrect (-24948) ; trying to recover by setting it to zero
Error in <TBasket::Streamer>: The value of fObjlen is incorrect (-710856305) ; trying to recover by setting it to zero
Error in <TCollectionLessSTLReader::GetCP()>: Read error in TBranchProxy.
Error R__unzip_header: error in header.  Values: ab6
Error in <TBasket::ReadBasketBuffers>: Inconsistency found in header (nin=0, nbuf=0)
Error in <TBasket::ReadBasketBuffers>: fNbytes = 42079119, fKeylen = 6146, fObjlen = 1485380391, noutot = 0, nout=0, nin=0, nbuf=0
Error in <TCollectionLessSTLReader::GetCP()>: Read error in TBranchProxy.
Error in <TBasket::Streamer>: The value of fObjlen is incorrect (-1492237174) ; trying to recover by setting it to zero
Error in <TBasket::Streamer>: The value of fNbytes is incorrect (-45533579) ; trying to recover by setting it to zero
Error in <TCollectionLessSTLReader::GetCP()>: Read error in TBranchProxy.
Error in <TBasket::Streamer>: The value of fKeylen is incorrect (-31330) ; trying to recover by setting it to zero
Error in <TBasket::Streamer>: The value of fObjlen is incorrect (-1460296052) ; trying to recover by setting it to zero
Error in <TBasket::Streamer>: The value of fNbytes is incorrect (-845698399) ; trying to recover by setting it to zero
Error in <TCollectionLessSTLReader::GetCP()>: Read error in TBranchProxy.
Error in <TBasket::Streamer>: The value of fObjlen is incorrect (-1200424630) ; trying to recover by setting it to zero
Error in <TBasket::TBasket::Streamer>: The value of fNevBufSize (-866934573) or fIOBits (227) is incorrect ; setting the buffer to a zombie.
Error in <TCollectionLessSTLReader::GetCP()>: Read error in TBranchProxy.
Error in <TBasket::Streamer>: The value of fKeylen is incorrect (-19191) ; trying to recover by setting it to zero
Error in <TBasket::TBasket::Streamer>: The value of fNevBufSize (-1344425860) or fIOBits (0) is incorrect ; setting the buffer to a zombie.
Error in <TCollectionLessSTLReader::GetCP()>: Read error in TBranchProxy.
Error in <TBasket::Streamer>: The value of fKeylen is incorrect (-24948) ; trying to recover by setting it to zero
Error in <TBasket::Streamer>: The value of fObjlen is incorrect (-710856305) ; trying to recover by setting it to zero
Error in <TCollectionLessSTLReader::GetCP()>: Read error in TBranchProxy.
Error R__unzip_header: error in header.  Values: ab6
Error in <TBasket::ReadBasketBuffers>: Inconsistency found in header (nin=0, nbuf=0)
Error in <TBasket::ReadBasketBuffers>: fNbytes = 42079119, fKeylen = 6146, fObjlen = 1485380391, noutot = 0, nout=0, nin=0, nbuf=0
Error in <TCollectionLessSTLReader::GetCP()>: Read error in TBranchProxy.
Error in <TBasket::Streamer>: The value of fObjlen is incorrect (-1492237174) ; trying to recover by setting it to zero
Error in <TBasket::Streamer>: The value of fNbytes is incorrect (-45533579) ; trying to recover by setting it to zero
Error in <TCollectionLessSTLReader::GetCP()>: Read error in TBranchProxy.
Error in <TBasket::Streamer>: The value of fKeylen is incorrect (-31330) ; trying to recover by setting it to zero
Error in <TBasket::Streamer>: The value of fObjlen is incorrect (-1460296052) ; trying to recover by setting it to zero
Error in <TBasket::Streamer>: The value of fNbytes is incorrect (-845698399) ; trying to recover by setting it to zero
Error in <TCollectionLessSTLReader::GetCP()>: Read error in TBranchProxy.
Error in <TBasket::Streamer>: The value of fObjlen is incorrect (-1200424630) ; trying to recover by setting it to zero
Error in <TBasket::TBasket::Streamer>: The value of fNevBufSize (-866934573) or fIOBits (227) is incorrect ; setting the buffer to a zombie.
Error in <TCollectionLessSTLReader::GetCP()>: Read error in TBranchProxy.
Error in <TBasket::Streamer>: The value of fKeylen is incorrect (-19191) ; trying to recover by setting it to zero
Error in <TBasket::TBasket::Streamer>: The value of fNevBufSize (-1344425860) or fIOBits (0) is incorrect ; setting the buffer to a zombie.
Error in <TCollectionLessSTLReader::GetCP()>: Read error in TBranchProxy.
Error in <TBasket::Streamer>: The value of fKeylen is incorrect (-24948) ; trying to recover by setting it to zero
Error in <TBasket::Streamer>: The value of fObjlen is incorrect (-710856305) ; trying to recover by setting it to zero
Error in <TCollectionLessSTLReader::GetCP()>: Read error in TBranchProxy.
Error R__unzip_header: error in header.  Values: ab6
Error in <TBasket::ReadBasketBuffers>: Inconsistency found in header (nin=0, nbuf=0)
Error in <TBasket::ReadBasketBuffers>: fNbytes = 42079119, fKeylen = 6146, fObjlen = 1485380391, noutot = 0, nout=0, nin=0, nbuf=0
Error in <TCollectionLessSTLReader::GetCP()>: Read error in TBranchProxy.
Error in <TBasket::Streamer>: The value of fObjlen is incorrect (-1492237174) ; trying to recover by setting it to zero
Error in <TBasket::Streamer>: The value of fNbytes is incorrect (-45533579) ; trying to recover by setting it to zero
Error in <TCollectionLessSTLReader::GetCP()>: Read error in TBranchProxy.
Error in <TBasket::Streamer>: The value of fKeylen is incorrect (-31330) ; trying to recover by setting it to zero
Error in <TBasket::Streamer>: The value of fObjlen is incorrect (-1460296052) ; trying to recover by setting it to zero
Error in <TBasket::Streamer>: The value of fNbytes is incorrect (-845698399) ; trying to recover by setting it to zero
Error in <TCollectionLessSTLReader::GetCP()>: Read error in TBranchProxy.
Error in <TBasket::Streamer>: The value of fObjlen is incorrect (-1200424630) ; trying to recover by setting it to zero
Error in <TBasket::TBasket::Streamer>: The value of fNevBufSize (-866934573) or fIOBits (227) is incorrect ; setting the buffer to a zombie.
Error in <TCollectionLessSTLReader::GetCP()>: Read error in TBranchProxy.
Error in <TBasket::Streamer>: The value of fKeylen is incorrect (-19191) ; trying to recover by setting it to zero
Error in <TBasket::TBasket::Streamer>: The value of fNevBufSize (-1344425860) or fIOBits (0) is incorrect ; setting the buffer to a zombie.
Error in <TCollectionLessSTLReader::GetCP()>: Read error in TBranchProxy.
Error in <TBasket::Streamer>: The value of fKeylen is incorrect (-24948) ; trying to recover by setting it to zero
Error in <TBasket::Streamer>: The value of fObjlen is incorrect (-710856305) ; trying to recover by setting it to zero
Error in <TCollectionLessSTLReader::GetCP()>: Read error in TBranchProxy.
Error R__unzip_header: error in header.  Values: ab6
Error in <TBasket::ReadBasketBuffers>: Inconsistency found in header (nin=0, nbuf=0)
Error in <TBasket::ReadBasketBuffers>: fNbytes = 42079119, fKeylen = 6146, fObjlen = 1485380391, noutot = 0, nout=0, nin=0, nbuf=0
Error in <TCollectionLessSTLReader::GetCP()>: Read error in TBranchProxy.
Error in <TBasket::Streamer>: The value of fObjlen is incorrect (-1492237174) ; trying to recover by setting it to zero
Error in <TBasket::Streamer>: The value of fNbytes is incorrect (-45533579) ; trying to recover by setting it to zero
Error in <TCollectionLessSTLReader::GetCP()>: Read error in TBranchProxy.
Error in <TBasket::Streamer>: The value of fKeylen is incorrect (-31330) ; trying to recover by setting it to zero
Error in <TBasket::Streamer>: The value of fObjlen is incorrect (-1460296052) ; trying to recover by setting it to zero
Error in <TBasket::Streamer>: The value of fNbytes is incorrect (-845698399) ; trying to recover by setting it to zero
Error in <TCollectionLessSTLReader::GetCP()>: Read error in TBranchProxy.
Error in <TBasket::Streamer>: The value of fObjlen is incorrect (-1200424630) ; trying to recover by setting it to zero
Error in <TBasket::TBasket::Streamer>: The value of fNevBufSize (-866934573) or fIOBits (227) is incorrect ; setting the buffer to a zombie.
Error in <TCollectionLessSTLReader::GetCP()>: Read error in TBranchProxy.
Error in <TBasket::Streamer>: The value of fKeylen is incorrect (-19191) ; trying to recover by setting it to zero
Error in <TBasket::TBasket::Streamer>: The value of fNevBufSize (-1344425860) or fIOBits (0) is incorrect ; setting the buffer to a zombie.
Error in <TCollectionLessSTLReader::GetCP()>: Read error in TBranchProxy.
Error in <TBasket::Streamer>: The value of fKeylen is incorrect (-24948) ; trying to recover by setting it to zero
Error in <TBasket::Streamer>: The value of fObjlen is incorrect (-710856305) ; trying to recover by setting it to zero
Error in <TCollectionLessSTLReader::GetCP()>: Read error in TBranchProxy.
Error R__unzip_header: error in header.  Values: ab6
Error in <TBasket::ReadBasketBuffers>: Inconsistency found in header (nin=0, nbuf=0)
Error in <TBasket::ReadBasketBuffers>: fNbytes = 42079119, fKeylen = 6146, fObjlen = 1485380391, noutot = 0, nout=0, nin=0, nbuf=0
Error in <TCollectionLessSTLReader::GetCP()>: Read error in TBranchProxy.
Error in <TBasket::Streamer>: The value of fObjlen is incorrect (-1492237174) ; trying to recover by setting it to zero
Error in <TBasket::Streamer>: The value of fNbytes is incorrect (-45533579) ; trying to recover by setting it to zero
Error in <TCollectionLessSTLReader::GetCP()>: Read error in TBranchProxy.
Error in <TBasket::Streamer>: The value of fKeylen is incorrect (-31330) ; trying to recover by setting it to zero
Error in <TBasket::Streamer>: The value of fObjlen is incorrect (-1460296052) ; trying to recover by setting it to zero
Error in <TBasket::Streamer>: The value of fNbytes is incorrect (-845698399) ; trying to recover by setting it to zero
Error in <TCollectionLessSTLReader::GetCP()>: Read error in TBranchProxy.
Error in <TBasket::Streamer>: The value of fObjlen is incorrect (-1200424630) ; trying to recover by setting it to zero
Error in <TBasket::TBasket::Streamer>: The value of fNevBufSize (-866934573) or fIOBits (227) is incorrect ; setting the buffer to a zombie.
Error in <TCollectionLessSTLReader::GetCP()>: Read error in TBranchProxy.
Error in <TBasket::Streamer>: The value of fKeylen is incorrect (-19191) ; trying to recover by setting it to zero
Error in <TBasket::TBasket::Streamer>: The value of fNevBufSize (-1344425860) or fIOBits (0) is incorrect ; setting the buffer to a zombie.
Error in <TCollectionLessSTLReader::GetCP()>: Read error in TBranchProxy.
Error in <TBasket::Streamer>: The value of fKeylen is incorrect (-24948) ; trying to recover by setting it to zero
Error in <TBasket::Streamer>: The value of fObjlen is incorrect (-710856305) ; trying to recover by setting it to zero
Error in <TCollectionLessSTLReader::GetCP()>: Read error in TBranchProxy.
Error R__unzip_header: error in header.  Values: ab6
Error in <TBasket::ReadBasketBuffers>: Inconsistency found in header (nin=0, nbuf=0)
Error in <TBasket::ReadBasketBuffers>: fNbytes = 42079119, fKeylen = 6146, fObjlen = 1485380391, noutot = 0, nout=0, nin=0, nbuf=0
Error in <TCollectionLessSTLReader::GetCP()>: Read error in TBranchProxy.
Error in <TBasket::Streamer>: The value of fObjlen is incorrect (-1492237174) ; trying to recover by setting it to zero
Error in <TBasket::Streamer>: The value of fNbytes is incorrect (-45533579) ; trying to recover by setting it to zero
Error in <TCollectionLessSTLReader::GetCP()>: Read error in TBranchProxy.
Error in <TBasket::Streamer>: The value of fKeylen is incorrect (-31330) ; trying to recover by setting it to zero
Error in <TBasket::Streamer>: The value of fObjlen is incorrect (-1460296052) ; trying to recover by setting it to zero
Error in <TBasket::Streamer>: The value of fNbytes is incorrect (-845698399) ; trying to recover by setting it to zero
Error in <TCollectionLessSTLReader::GetCP()>: Read error in TBranchProxy.
Error in <TBasket::Streamer>: The value of fObjlen is incorrect (-1200424630) ; trying to recover by setting it to zero
Error in <TBasket::TBasket::Streamer>: The value of fNevBufSize (-866934573) or fIOBits (227) is incorrect ; setting the buffer to a zombie.
Error in <TCollectionLessSTLReader::GetCP()>: Read error in TBranchProxy.
Error in <TBasket::Streamer>: The value of fKeylen is incorrect (-19191) ; trying to recover by setting it to zero
Error in <TBasket::TBasket::Streamer>: The value of fNevBufSize (-1344425860) or fIOBits (0) is incorrect ; setting the buffer to a zombie.
Error in <TCollectionLessSTLReader::GetCP()>: Read error in TBranchProxy.
Error in <TBasket::Streamer>: The value of fKeylen is incorrect (-24948) ; trying to recover by setting it to zero
Error in <TBasket::Streamer>: The value of fObjlen is incorrect (-710856305) ; trying to recover by setting it to zero
Error in <TCollectionLessSTLReader::GetCP()>: Read error in TBranchProxy.
Error R__unzip_header: error in header.  Values: ab6
Error in <TBasket::ReadBasketBuffers>: Inconsistency found in header (nin=0, nbuf=0)
Error in <TBasket::ReadBasketBuffers>: fNbytes = 42079119, fKeylen = 6146, fObjlen = 1485380391, noutot = 0, nout=0, nin=0, nbuf=0
Error in <TCollectionLessSTLReader::GetCP()>: Read error in TBranchProxy.
Error in <TBasket::Streamer>: The value of fObjlen is incorrect (-1492237174) ; trying to recover by setting it to zero
Error in <TBasket::Streamer>: The value of fNbytes is incorrect (-45533579) ; trying to recover by setting it to zero
Error in <TCollectionLessSTLReader::GetCP()>: Read error in TBranchProxy.
Error in <TBasket::Streamer>: The value of fKeylen is incorrect (-31330) ; trying to recover by setting it to zero
Error in <TBasket::Streamer>: The value of fObjlen is incorrect (-1460296052) ; trying to recover by setting it to zero
Error in <TBasket::Streamer>: The value of fNbytes is incorrect (-845698399) ; trying to recover by setting it to zero
Error in <TCollectionLessSTLReader::GetCP()>: Read error in TBranchProxy.
Error in <TBasket::Streamer>: The value of fObjlen is incorrect (-1200424630) ; trying to recover by setting it to zero
Error in <TBasket::TBasket::Streamer>: The value of fNevBufSize (-866934573) or fIOBits (227) is incorrect ; setting the buffer to a zombie.
Error in <TCollectionLessSTLReader::GetCP()>: Read error in TBranchProxy.
Error in <TBasket::Streamer>: The value of fKeylen is incorrect (-19191) ; trying to recover by setting it to zero
Error in <TBasket::TBasket::Streamer>: The value of fNevBufSize (-1344425860) or fIOBits (0) is incorrect ; setting the buffer to a zombie.
Error in <TCollectionLessSTLReader::GetCP()>: Read error in TBranchProxy.
Error in <TBasket::Streamer>: The value of fKeylen is incorrect (-24948) ; trying to recover by setting it to zero
Error in <TBasket::Streamer>: The value of fObjlen is incorrect (-710856305) ; trying to recover by setting it to zero
Error in <TCollectionLessSTLReader::GetCP()>: Read error in TBranchProxy.
Error R__unzip_header: error in header.  Values: ab6
Error in <TBasket::ReadBasketBuffers>: Inconsistency found in header (nin=0, nbuf=0)
Error in <TBasket::ReadBasketBuffers>: fNbytes = 42079119, fKeylen = 6146, fObjlen = 1485380391, noutot = 0, nout=0, nin=0, nbuf=0
Error in <TCollectionLessSTLReader::GetCP()>: Read error in TBranchProxy.
Error in <TBasket::Streamer>: The value of fObjlen is incorrect (-1492237174) ; trying to recover by setting it to zero
Error in <TBasket::Streamer>: The value of fNbytes is incorrect (-45533579) ; trying to recover by setting it to zero
Error in <TCollectionLessSTLReader::GetCP()>: Read error in TBranchProxy.
Error in <TBasket::Streamer>: The value of fKeylen is incorrect (-31330) ; trying to recover by setting it to zero
Error in <TBasket::Streamer>: The value of fObjlen is incorrect (-1460296052) ; trying to recover by setting it to zero
Error in <TBasket::Streamer>: The value of fNbytes is incorrect (-845698399) ; trying to recover by setting it to zero
Error in <TCollectionLessSTLReader::GetCP()>: Read error in TBranchProxy.
Error in <TBasket::Streamer>: The value of fObjlen is incorrect (-1200424630) ; trying to recover by setting it to zero
Error in <TBasket::TBasket::Streamer>: The value of fNevBufSize (-866934573) or fIOBits (227) is incorrect ; setting the buffer to a zombie.
Error in <TCollectionLessSTLReader::GetCP()>: Read error in TBranchProxy.
Error in <TBasket::Streamer>: The value of fKeylen is incorrect (-19191) ; trying to recover by setting it to zero
Error in <TBasket::TBasket::Streamer>: The value of fNevBufSize (-1344425860) or fIOBits (0) is incorrect ; setting the buffer to a zombie.
Error in <TCollectionLessSTLReader::GetCP()>: Read error in TBranchProxy.
Error in <TBasket::Streamer>: The value of fKeylen is incorrect (-24948) ; trying to recover by setting it to zero
Error in <TBasket::Streamer>: The value of fObjlen is incorrect (-710856305) ; trying to recover by setting it to zero
Error in <TCollectionLessSTLReader::GetCP()>: Read error in TBranchProxy.
Error R__unzip_header: error in header.  Values: ab6
Error in <TBasket::ReadBasketBuffers>: Inconsistency found in header (nin=0, nbuf=0)
Error in <TBasket::ReadBasketBuffers>: fNbytes = 42079119, fKeylen = 6146, fObjlen = 1485380391, noutot = 0, nout=0, nin=0, nbuf=0
Error in <TCollectionLessSTLReader::GetCP()>: Read error in TBranchProxy.
Error in <TBasket::Streamer>: The value of fObjlen is incorrect (-1492237174) ; trying to recover by setting it to zero
Error in <TBasket::Streamer>: The value of fNbytes is incorrect (-45533579) ; trying to recover by setting it to zero
Error in <TCollectionLessSTLReader::GetCP()>: Read error in TBranchProxy.
Error in <TBasket::Streamer>: The value of fKeylen is incorrect (-31330) ; trying to recover by setting it to zero
Error in <TBasket::Streamer>: The value of fObjlen is incorrect (-1460296052) ; trying to recover by setting it to zero
Error in <TBasket::Streamer>: The value of fNbytes is incorrect (-845698399) ; trying to recover by setting it to zero
Error in <TCollectionLessSTLReader::GetCP()>: Read error in TBranchProxy.
Error in <TBasket::Streamer>: The value of fObjlen is incorrect (-1200424630) ; trying to recover by setting it to zero
Error in <TBasket::TBasket::Streamer>: The value of fNevBufSize (-866934573) or fIOBits (227) is incorrect ; setting the buffer to a zombie.
Error in <TCollectionLessSTLReader::GetCP()>: Read error in TBranchProxy.
Error in <TBasket::Streamer>: The value of fKeylen is incorrect (-19191) ; trying to recover by setting it to zero
Error in <TBasket::TBasket::Streamer>: The value of fNevBufSize (-1344425860) or fIOBits (0) is incorrect ; setting the buffer to a zombie.
Error in <TCollectionLessSTLReader::GetCP()>: Read error in TBranchProxy.
Error in <TBasket::Streamer>: The value of fKeylen is incorrect (-24948) ; trying to recover by setting it to zero
Error in <TBasket::Streamer>: The value of fObjlen is incorrect (-710856305) ; trying to recover by setting it to zero
Error in <TCollectionLessSTLReader::GetCP()>: Read error in TBranchProxy.
Error R__unzip_header: error in header.  Values: ab6
Error in <TBasket::ReadBasketBuffers>: Inconsistency found in header (nin=0, nbuf=0)
Error in <TBasket::ReadBasketBuffers>: fNbytes = 42079119, fKeylen = 6146, fObjlen = 1485380391, noutot = 0, nout=0, nin=0, nbuf=0
Error in <TCollectionLessSTLReader::GetCP()>: Read error in TBranchProxy.
Error in <TBasket::Streamer>: The value of fObjlen is incorrect (-1492237174) ; trying to recover by setting it to zero
Error in <TBasket::Streamer>: The value of fNbytes is incorrect (-45533579) ; trying to recover by setting it to zero
Error in <TCollectionLessSTLReader::GetCP()>: Read error in TBranchProxy.
Error in <TBasket::Streamer>: The value of fKeylen is incorrect (-31330) ; trying to recover by setting it to zero
Error in <TBasket::Streamer>: The value of fObjlen is incorrect (-1460296052) ; trying to recover by setting it to zero
Error in <TBasket::Streamer>: The value of fNbytes is incorrect (-845698399) ; trying to recover by setting it to zero
Error in <TCollectionLessSTLReader::GetCP()>: Read error in TBranchProxy.
Error in <TBasket::Streamer>: The value of fObjlen is incorrect (-1200424630) ; trying to recover by setting it to zero
Error in <TBasket::TBasket::Streamer>: The value of fNevBufSize (-866934573) or fIOBits (227) is incorrect ; setting the buffer to a zombie.
Error in <TCollectionLessSTLReader::GetCP()>: Read error in TBranchProxy.
Error in <TBasket::Streamer>: The value of fKeylen is incorrect (-19191) ; trying to recover by setting it to zero
Error in <TBasket::TBasket::Streamer>: The value of fNevBufSize (-1344425860) or fIOBits (0) is incorrect ; setting the buffer to a zombie.
Error in <TCollectionLessSTLReader::GetCP()>: Read error in TBranchProxy.
Error in <TBasket::Streamer>: The value of fKeylen is incorrect (-24948) ; trying to recover by setting it to zero
Error in <TBasket::Streamer>: The value of fObjlen is incorrect (-710856305) ; trying to recover by setting it to zero
Error in <TCollectionLessSTLReader::GetCP()>: Read error in TBranchProxy.
Error R__unzip_header: error in header.  Values: ab6
Error in <TBasket::ReadBasketBuffers>: Inconsistency found in header (nin=0, nbuf=0)
Error in <TBasket::ReadBasketBuffers>: fNbytes = 42079119, fKeylen = 6146, fObjlen = 1485380391, noutot = 0, nout=0, nin=0, nbuf=0
Error in <TCollectionLessSTLReader::GetCP()>: Read error in TBranchProxy.
Error in <TBasket::Streamer>: The value of fObjlen is incorrect (-1492237174) ; trying to recover by setting it to zero
Error in <TBasket::Streamer>: The value of fNbytes is incorrect (-45533579) ; trying to recover by setting it to zero
Error in <TCollectionLessSTLReader::GetCP()>: Read error in TBranchProxy.
Error in <TBasket::Streamer>: The value of fKeylen is incorrect (-31330) ; trying to recover by setting it to zero
Error in <TBasket::Streamer>: The value of fObjlen is incorrect (-1460296052) ; trying to recover by setting it to zero
Error in <TBasket::Streamer>: The value of fNbytes is incorrect (-845698399) ; trying to recover by setting it to zero
Error in <TCollectionLessSTLReader::GetCP()>: Read error in TBranchProxy.
Error in <TBasket::Streamer>: The value of fObjlen is incorrect (-1200424630) ; trying to recover by setting it to zero
Error in <TBasket::TBasket::Streamer>: The value of fNevBufSize (-866934573) or fIOBits (227) is incorrect ; setting the buffer to a zombie.
Error in <TCollectionLessSTLReader::GetCP()>: Read error in TBranchProxy.
Error in <TBasket::Streamer>: The value of fKeylen is incorrect (-19191) ; trying to recover by setting it to zero
Error in <TBasket::TBasket::Streamer>: The value of fNevBufSize (-1344425860) or fIOBits (0) is incorrect ; setting the buffer to a zombie.
Error in <TCollectionLessSTLReader::GetCP()>: Read error in TBranchProxy.
Error in <TBasket::Streamer>: The value of fKeylen is incorrect (-24948) ; trying to recover by setting it to zero
Error in <TBasket::Streamer>: The value of fObjlen is incorrect (-710856305) ; trying to recover by setting it to zero
Error in <TCollectionLessSTLReader::GetCP()>: Read error in TBranchProxy.
Error R__unzip_header: error in header.  Values: ab6
Error in <TBasket::ReadBasketBuffers>: Inconsistency found in header (nin=0, nbuf=0)
Error in <TBasket::ReadBasketBuffers>: fNbytes = 42079119, fKeylen = 6146, fObjlen = 1485380391, noutot = 0, nout=0, nin=0, nbuf=0
Error in <TCollectionLessSTLReader::GetCP()>: Read error in TBranchProxy.
Error in <TBasket::Streamer>: The value of fObjlen is incorrect (-1492237174) ; trying to recover by setting it to zero
Error in <TBasket::Streamer>: The value of fNbytes is incorrect (-45533579) ; trying to recover by setting it to zero
Error in <TCollectionLessSTLReader::GetCP()>: Read error in TBranchProxy.
Error in <TBasket::Streamer>: The value of fKeylen is incorrect (-31330) ; trying to recover by setting it to zero
Error in <TBasket::Streamer>: The value of fObjlen is incorrect (-1460296052) ; trying to recover by setting it to zero
Error in <TBasket::Streamer>: The value of fNbytes is incorrect (-845698399) ; trying to recover by setting it to zero
Error in <TCollectionLessSTLReader::GetCP()>: Read error in TBranchProxy.
Error in <TBasket::Streamer>: The value of fObjlen is incorrect (-1200424630) ; trying to recover by setting it to zero
Error in <TBasket::TBasket::Streamer>: The value of fNevBufSize (-866934573) or fIOBits (227) is incorrect ; setting the buffer to a zombie.
Error in <TCollectionLessSTLReader::GetCP()>: Read error in TBranchProxy.
Error in <TBasket::Streamer>: The value of fKeylen is incorrect (-19191) ; trying to recover by setting it to zero
Error in <TBasket::TBasket::Streamer>: The value of fNevBufSize (-1344425860) or fIOBits (0) is incorrect ; setting the buffer to a zombie.
Error in <TCollectionLessSTLReader::GetCP()>: Read error in TBranchProxy.
Error in <TBasket::Streamer>: The value of fKeylen is incorrect (-24948) ; trying to recover by setting it to zero
Error in <TBasket::Streamer>: The value of fObjlen is incorrect (-710856305) ; trying to recover by setting it to zero
Error in <TCollectionLessSTLReader::GetCP()>: Read error in TBranchProxy.
Error R__unzip_header: error in header.  Values: ab6
Error in <TBasket::ReadBasketBuffers>: Inconsistency found in header (nin=0, nbuf=0)
Error in <TBasket::ReadBasketBuffers>: fNbytes = 42079119, fKeylen = 6146, fObjlen = 1485380391, noutot = 0, nout=0, nin=0, nbuf=0
Error in <TCollectionLessSTLReader::GetCP()>: Read error in TBranchProxy.
Error in <TBasket::Streamer>: The value of fObjlen is incorrect (-1492237174) ; trying to recover by setting it to zero
Error in <TBasket::Streamer>: The value of fNbytes is incorrect (-45533579) ; trying to recover by setting it to zero
Error in <TCollectionLessSTLReader::GetCP()>: Read error in TBranchProxy.
Error in <TBasket::Streamer>: The value of fKeylen is incorrect (-31330) ; trying to recover by setting it to zero
Error in <TBasket::Streamer>: The value of fObjlen is incorrect (-1460296052) ; trying to recover by setting it to zero
Error in <TBasket::Streamer>: The value of fNbytes is incorrect (-845698399) ; trying to recover by setting it to zero
Error in <TCollectionLessSTLReader::GetCP()>: Read error in TBranchProxy.
Error in <TBasket::Streamer>: The value of fObjlen is incorrect (-1200424630) ; trying to recover by setting it to zero
Error in <TBasket::TBasket::Streamer>: The value of fNevBufSize (-866934573) or fIOBits (227) is incorrect ; setting the buffer to a zombie.
Error in <TCollectionLessSTLReader::GetCP()>: Read error in TBranchProxy.
Error in <TBasket::Streamer>: The value of fKeylen is incorrect (-19191) ; trying to recover by setting it to zero
Error in <TBasket::TBasket::Streamer>: The value of fNevBufSize (-1344425860) or fIOBits (0) is incorrect ; setting the buffer to a zombie.
Error in <TCollectionLessSTLReader::GetCP()>: Read error in TBranchProxy.
Error in <TBasket::Streamer>: The value of fKeylen is incorrect (-24948) ; trying to recover by setting it to zero
Error in <TBasket::Streamer>: The value of fObjlen is incorrect (-710856305) ; trying to recover by setting it to zero
Error in <TCollectionLessSTLReader::GetCP()>: Read error in TBranchProxy.
Error R__unzip_header: error in header.  Values: ab6
Error in <TBasket::ReadBasketBuffers>: Inconsistency found in header (nin=0, nbuf=0)
Error in <TBasket::ReadBasketBuffers>: fNbytes = 42079119, fKeylen = 6146, fObjlen = 1485380391, noutot = 0, nout=0, nin=0, nbuf=0
Error in <TCollectionLessSTLReader::GetCP()>: Read error in TBranchProxy.
Error in <TBasket::Streamer>: The value of fObjlen is incorrect (-1492237174) ; trying to recover by setting it to zero
Error in <TBasket::Streamer>: The value of fNbytes is incorrect (-45533579) ; trying to recover by setting it to zero
Error in <TCollectionLessSTLReader::GetCP()>: Read error in TBranchProxy.
Error in <TBasket::Streamer>: The value of fKeylen is incorrect (-31330) ; trying to recover by setting it to zero
Error in <TBasket::Streamer>: The value of fObjlen is incorrect (-1460296052) ; trying to recover by setting it to zero
Error in <TBasket::Streamer>: The value of fNbytes is incorrect (-845698399) ; trying to recover by setting it to zero
Error in <TCollectionLessSTLReader::GetCP()>: Read error in TBranchProxy.
Error in <TBasket::Streamer>: The value of fObjlen is incorrect (-1200424630) ; trying to recover by setting it to zero
Error in <TBasket::TBasket::Streamer>: The value of fNevBufSize (-866934573) or fIOBits (227) is incorrect ; setting the buffer to a zombie.
Error in <TCollectionLessSTLReader::GetCP()>: Read error in TBranchProxy.
Error in <TBasket::Streamer>: The value of fKeylen is incorrect (-19191) ; trying to recover by setting it to zero
Error in <TBasket::TBasket::Streamer>: The value of fNevBufSize (-1344425860) or fIOBits (0) is incorrect ; setting the buffer to a zombie.
Error in <TCollectionLessSTLReader::GetCP()>: Read error in TBranchProxy.
Error in <TBasket::Streamer>: The value of fKeylen is incorrect (-24948) ; trying to recover by setting it to zero
Error in <TBasket::Streamer>: The value of fObjlen is incorrect (-710856305) ; trying to recover by setting it to zero
Error in <TCollectionLessSTLReader::GetCP()>: Read error in TBranchProxy.
Error R__unzip_header: error in header.  Values: ab6
Error in <TBasket::ReadBasketBuffers>: Inconsistency found in header (nin=0, nbuf=0)
Error in <TBasket::ReadBasketBuffers>: fNbytes = 42079119, fKeylen = 6146, fObjlen = 1485380391, noutot = 0, nout=0, nin=0, nbuf=0
Error in <TCollectionLessSTLReader::GetCP()>: Read error in TBranchProxy.
Error in <TBasket::Streamer>: The value of fObjlen is incorrect (-1492237174) ; trying to recover by setting it to zero
Error in <TBasket::Streamer>: The value of fNbytes is incorrect (-45533579) ; trying to recover by setting it to zero
Error in <TCollectionLessSTLReader::GetCP()>: Read error in TBranchProxy.
Error in <TBasket::Streamer>: The value of fKeylen is incorrect (-31330) ; trying to recover by setting it to zero
Error in <TBasket::Streamer>: The value of fObjlen is incorrect (-1460296052) ; trying to recover by setting it to zero
Error in <TBasket::Streamer>: The value of fNbytes is incorrect (-845698399) ; trying to recover by setting it to zero
Error in <TCollectionLessSTLReader::GetCP()>: Read error in TBranchProxy.
Error in <TBasket::Streamer>: The value of fObjlen is incorrect (-1200424630) ; trying to recover by setting it to zero
Error in <TBasket::TBasket::Streamer>: The value of fNevBufSize (-866934573) or fIOBits (227) is incorrect ; setting the buffer to a zombie.
Error in <TCollectionLessSTLReader::GetCP()>: Read error in TBranchProxy.
Error in <TBasket::Streamer>: The value of fKeylen is incorrect (-19191) ; trying to recover by setting it to zero
Error in <TBasket::TBasket::Streamer>: The value of fNevBufSize (-1344425860) or fIOBits (0) is incorrect ; setting the buffer to a zombie.
Error in <TCollectionLessSTLReader::GetCP()>: Read error in TBranchProxy.
Error in <TBasket::Streamer>: The value of fKeylen is incorrect (-24948) ; trying to recover by setting it to zero
Error in <TBasket::Streamer>: The value of fObjlen is incorrect (-710856305) ; trying to recover by setting it to zero
Error in <TCollectionLessSTLReader::GetCP()>: Read error in TBranchProxy.
Error R__unzip_header: error in header.  Values: ab6
Error in <TBasket::ReadBasketBuffers>: Inconsistency found in header (nin=0, nbuf=0)
Error in <TBasket::ReadBasketBuffers>: fNbytes = 42079119, fKeylen = 6146, fObjlen = 1485380391, noutot = 0, nout=0, nin=0, nbuf=0
Error in <TCollectionLessSTLReader::GetCP()>: Read error in TBranchProxy.
Error in <TBasket::Streamer>: The value of fObjlen is incorrect (-1492237174) ; trying to recover by setting it to zero
Error in <TBasket::Streamer>: The value of fNbytes is incorrect (-45533579) ; trying to recover by setting it to zero
Error in <TCollectionLessSTLReader::GetCP()>: Read error in TBranchProxy.
Error in <TBasket::Streamer>: The value of fKeylen is incorrect (-31330) ; trying to recover by setting it to zero
Error in <TBasket::Streamer>: The value of fObjlen is incorrect (-1460296052) ; trying to recover by setting it to zero
Error in <TBasket::Streamer>: The value of fNbytes is incorrect (-845698399) ; trying to recover by setting it to zero
Error in <TCollectionLessSTLReader::GetCP()>: Read error in TBranchProxy.
Error in <TBasket::Streamer>: The value of fObjlen is incorrect (-1200424630) ; trying to recover by setting it to zero
Error in <TBasket::TBasket::Streamer>: The value of fNevBufSize (-866934573) or fIOBits (227) is incorrect ; setting the buffer to a zombie.
Error in <TCollectionLessSTLReader::GetCP()>: Read error in TBranchProxy.
Error in <TBasket::Streamer>: The value of fKeylen is incorrect (-19191) ; trying to recover by setting it to zero
Error in <TBasket::TBasket::Streamer>: The value of fNevBufSize (-1344425860) or fIOBits (0) is incorrect ; setting the buffer to a zombie.
Error in <TCollectionLessSTLReader::GetCP()>: Read error in TBranchProxy.
Error in <TBasket::Streamer>: The value of fKeylen is incorrect (-24948) ; trying to recover by setting it to zero
Error in <TBasket::Streamer>: The value of fObjlen is incorrect (-710856305) ; trying to recover by setting it to zero
Error in <TCollectionLessSTLReader::GetCP()>: Read error in TBranchProxy.
Error R__unzip_header: error in header.  Values: ab6
Error in <TBasket::ReadBasketBuffers>: Inconsistency found in header (nin=0, nbuf=0)
Error in <TBasket::ReadBasketBuffers>: fNbytes = 42079119, fKeylen = 6146, fObjlen = 1485380391, noutot = 0, nout=0, nin=0, nbuf=0
Error in <TCollectionLessSTLReader::GetCP()>: Read error in TBranchProxy.
Error in <TBasket::Streamer>: The value of fObjlen is incorrect (-1492237174) ; trying to recover by setting it to zero
Error in <TBasket::Streamer>: The value of fNbytes is incorrect (-45533579) ; trying to recover by setting it to zero
Error in <TCollectionLessSTLReader::GetCP()>: Read error in TBranchProxy.
Error in <TBasket::Streamer>: The value of fKeylen is incorrect (-31330) ; trying to recover by setting it to zero
Error in <TBasket::Streamer>: The value of fObjlen is incorrect (-1460296052) ; trying to recover by setting it to zero
Error in <TBasket::Streamer>: The value of fNbytes is incorrect (-845698399) ; trying to recover by setting it to zero
Error in <TCollectionLessSTLReader::GetCP()>: Read error in TBranchProxy.
Error in <TBasket::Streamer>: The value of fObjlen is incorrect (-1200424630) ; trying to recover by setting it to zero
Error in <TBasket::TBasket::Streamer>: The value of fNevBufSize (-866934573) or fIOBits (227) is incorrect ; setting the buffer to a zombie.
Error in <TCollectionLessSTLReader::GetCP()>: Read error in TBranchProxy.
Error in <TBasket::Streamer>: The value of fKeylen is incorrect (-19191) ; trying to recover by setting it to zero
Error in <TBasket::TBasket::Streamer>: The value of fNevBufSize (-1344425860) or fIOBits (0) is incorrect ; setting the buffer to a zombie.
Error in <TCollectionLessSTLReader::GetCP()>: Read error in TBranchProxy.
Error in <TBasket::Streamer>: The value of fKeylen is incorrect (-24948) ; trying to recover by setting it to zero
Error in <TBasket::Streamer>: The value of fObjlen is incorrect (-710856305) ; trying to recover by setting it to zero
Error in <TCollectionLessSTLReader::GetCP()>: Read error in TBranchProxy.
Error R__unzip_header: error in header.  Values: ab6
Error in <TBasket::ReadBasketBuffers>: Inconsistency found in header (nin=0, nbuf=0)
Error in <TBasket::ReadBasketBuffers>: fNbytes = 42079119, fKeylen = 6146, fObjlen = 1485380391, noutot = 0, nout=0, nin=0, nbuf=0
Error in <TCollectionLessSTLReader::GetCP()>: Read error in TBranchProxy.
Error in <TBasket::Streamer>: The value of fObjlen is incorrect (-1492237174) ; trying to recover by setting it to zero
Error in <TBasket::Streamer>: The value of fNbytes is incorrect (-45533579) ; trying to recover by setting it to zero
Error in <TCollectionLessSTLReader::GetCP()>: Read error in TBranchProxy.
Error in <TBasket::Streamer>: The value of fKeylen is incorrect (-31330) ; trying to recover by setting it to zero
Error in <TBasket::Streamer>: The value of fObjlen is incorrect (-1460296052) ; trying to recover by setting it to zero
Error in <TBasket::Streamer>: The value of fNbytes is incorrect (-845698399) ; trying to recover by setting it to zero
Error in <TCollectionLessSTLReader::GetCP()>: Read error in TBranchProxy.
Error in <TBasket::Streamer>: The value of fObjlen is incorrect (-1200424630) ; trying to recover by setting it to zero
Error in <TBasket::TBasket::Streamer>: The value of fNevBufSize (-866934573) or fIOBits (227) is incorrect ; setting the buffer to a zombie.
Error in <TCollectionLessSTLReader::GetCP()>: Read error in TBranchProxy.
Error in <TBasket::Streamer>: The value of fKeylen is incorrect (-19191) ; trying to recover by setting it to zero
Error in <TBasket::TBasket::Streamer>: The value of fNevBufSize (-1344425860) or fIOBits (0) is incorrect ; setting the buffer to a zombie.
Error in <TCollectionLessSTLReader::GetCP()>: Read error in TBranchProxy.
Error in <TBasket::Streamer>: The value of fKeylen is incorrect (-24948) ; trying to recover by setting it to zero
Error in <TBasket::Streamer>: The value of fObjlen is incorrect (-710856305) ; trying to recover by setting it to zero
Error in <TCollectionLessSTLReader::GetCP()>: Read error in TBranchProxy.
Error R__unzip_header: error in header.  Values: ab6
Error in <TBasket::ReadBasketBuffers>: Inconsistency found in header (nin=0, nbuf=0)
Error in <TBasket::ReadBasketBuffers>: fNbytes = 42079119, fKeylen = 6146, fObjlen = 1485380391, noutot = 0, nout=0, nin=0, nbuf=0
Error in <TCollectionLessSTLReader::GetCP()>: Read error in TBranchProxy.
Error in <TBasket::Streamer>: The value of fObjlen is incorrect (-1492237174) ; trying to recover by setting it to zero
Error in <TBasket::Streamer>: The value of fNbytes is incorrect (-45533579) ; trying to recover by setting it to zero
Error in <TCollectionLessSTLReader::GetCP()>: Read error in TBranchProxy.
Error in <TBasket::Streamer>: The value of fKeylen is incorrect (-31330) ; trying to recover by setting it to zero
Error in <TBasket::Streamer>: The value of fObjlen is incorrect (-1460296052) ; trying to recover by setting it to zero
Error in <TBasket::Streamer>: The value of fNbytes is incorrect (-845698399) ; trying to recover by setting it to zero
Error in <TCollectionLessSTLReader::GetCP()>: Read error in TBranchProxy.
Error in <TBasket::Streamer>: The value of fObjlen is incorrect (-1200424630) ; trying to recover by setting it to zero
Error in <TBasket::TBasket::Streamer>: The value of fNevBufSize (-866934573) or fIOBits (227) is incorrect ; setting the buffer to a zombie.
Error in <TCollectionLessSTLReader::GetCP()>: Read error in TBranchProxy.
Error in <TBasket::Streamer>: The value of fKeylen is incorrect (-19191) ; trying to recover by setting it to zero
Error in <TBasket::TBasket::Streamer>: The value of fNevBufSize (-1344425860) or fIOBits (0) is incorrect ; setting the buffer to a zombie.
Error in <TCollectionLessSTLReader::GetCP()>: Read error in TBranchProxy.
Error in <TBasket::Streamer>: The value of fKeylen is incorrect (-24948) ; trying to recover by setting it to zero
Error in <TBasket::Streamer>: The value of fObjlen is incorrect (-710856305) ; trying to recover by setting it to zero
Error in <TCollectionLessSTLReader::GetCP()>: Read error in TBranchProxy.
Error R__unzip_header: error in header.  Values: ab6
Error in <TBasket::ReadBasketBuffers>: Inconsistency found in header (nin=0, nbuf=0)
Error in <TBasket::ReadBasketBuffers>: fNbytes = 42079119, fKeylen = 6146, fObjlen = 1485380391, noutot = 0, nout=0, nin=0, nbuf=0
Error in <TCollectionLessSTLReader::GetCP()>: Read error in TBranchProxy.
Error in <TBasket::Streamer>: The value of fObjlen is incorrect (-1492237174) ; trying to recover by setting it to zero
Error in <TBasket::Streamer>: The value of fNbytes is incorrect (-45533579) ; trying to recover by setting it to zero
Error in <TCollectionLessSTLReader::GetCP()>: Read error in TBranchProxy.
Error in <TBasket::Streamer>: The value of fKeylen is incorrect (-31330) ; trying to recover by setting it to zero
Error in <TBasket::Streamer>: The value of fObjlen is incorrect (-1460296052) ; trying to recover by setting it to zero
Error in <TBasket::Streamer>: The value of fNbytes is incorrect (-845698399) ; trying to recover by setting it to zero
Error in <TCollectionLessSTLReader::GetCP()>: Read error in TBranchProxy.
Error in <TBasket::Streamer>: The value of fObjlen is incorrect (-1200424630) ; trying to recover by setting it to zero
Error in <TBasket::TBasket::Streamer>: The value of fNevBufSize (-866934573) or fIOBits (227) is incorrect ; setting the buffer to a zombie.
Error in <TCollectionLessSTLReader::GetCP()>: Read error in TBranchProxy.
Error in <TBasket::Streamer>: The value of fKeylen is incorrect (-19191) ; trying to recover by setting it to zero
Error in <TBasket::TBasket::Streamer>: The value of fNevBufSize (-1344425860) or fIOBits (0) is incorrect ; setting the buffer to a zombie.
Error in <TCollectionLessSTLReader::GetCP()>: Read error in TBranchProxy.
Error in <TBasket::Streamer>: The value of fKeylen is incorrect (-24948) ; trying to recover by setting it to zero
Error in <TBasket::Streamer>: The value of fObjlen is incorrect (-710856305) ; trying to recover by setting it to zero
Error in <TCollectionLessSTLReader::GetCP()>: Read error in TBranchProxy.
Error R__unzip_header: error in header.  Values: ab6
Error in <TBasket::ReadBasketBuffers>: Inconsistency found in header (nin=0, nbuf=0)
Error in <TBasket::ReadBasketBuffers>: fNbytes = 42079119, fKeylen = 6146, fObjlen = 1485380391, noutot = 0, nout=0, nin=0, nbuf=0
Error in <TCollectionLessSTLReader::GetCP()>: Read error in TBranchProxy.
Error in <TBasket::Streamer>: The value of fObjlen is incorrect (-1492237174) ; trying to recover by setting it to zero
Error in <TBasket::Streamer>: The value of fNbytes is incorrect (-45533579) ; trying to recover by setting it to zero
Error in <TCollectionLessSTLReader::GetCP()>: Read error in TBranchProxy.
Error in <TBasket::Streamer>: The value of fKeylen is incorrect (-31330) ; trying to recover by setting it to zero
Error in <TBasket::Streamer>: The value of fObjlen is incorrect (-1460296052) ; trying to recover by setting it to zero
Error in <TBasket::Streamer>: The value of fNbytes is incorrect (-845698399) ; trying to recover by setting it to zero
Error in <TCollectionLessSTLReader::GetCP()>: Read error in TBranchProxy.
Error in <TBasket::Streamer>: The value of fObjlen is incorrect (-1200424630) ; trying to recover by setting it to zero
Error in <TBasket::TBasket::Streamer>: The value of fNevBufSize (-866934573) or fIOBits (227) is incorrect ; setting the buffer to a zombie.
Error in <TCollectionLessSTLReader::GetCP()>: Read error in TBranchProxy.
Error in <TBasket::Streamer>: The value of fKeylen is incorrect (-19191) ; trying to recover by setting it to zero
Error in <TBasket::TBasket::Streamer>: The value of fNevBufSize (-1344425860) or fIOBits (0) is incorrect ; setting the buffer to a zombie.
Error in <TCollectionLessSTLReader::GetCP()>: Read error in TBranchProxy.
Error in <TBasket::Streamer>: The value of fKeylen is incorrect (-24948) ; trying to recover by setting it to zero
Error in <TBasket::Streamer>: The value of fObjlen is incorrect (-710856305) ; trying to recover by setting it to zero
Error in <TCollectionLessSTLReader::GetCP()>: Read error in TBranchProxy.
Error R__unzip_header: error in header.  Values: ab6
Error in <TBasket::ReadBasketBuffers>: Inconsistency found in header (nin=0, nbuf=0)
Error in <TBasket::ReadBasketBuffers>: fNbytes = 42079119, fKeylen = 6146, fObjlen = 1485380391, noutot = 0, nout=0, nin=0, nbuf=0
Error in <TCollectionLessSTLReader::GetCP()>: Read error in TBranchProxy.
Error in <TBasket::Streamer>: The value of fObjlen is incorrect (-1492237174) ; trying to recover by setting it to zero
Error in <TBasket::Streamer>: The value of fNbytes is incorrect (-45533579) ; trying to recover by setting it to zero
Error in <TCollectionLessSTLReader::GetCP()>: Read error in TBranchProxy.
Error in <TBasket::Streamer>: The value of fKeylen is incorrect (-31330) ; trying to recover by setting it to zero
Error in <TBasket::Streamer>: The value of fObjlen is incorrect (-1460296052) ; trying to recover by setting it to zero
Error in <TBasket::Streamer>: The value of fNbytes is incorrect (-845698399) ; trying to recover by setting it to zero
Error in <TCollectionLessSTLReader::GetCP()>: Read error in TBranchProxy.
Error in <TBasket::Streamer>: The value of fObjlen is incorrect (-1200424630) ; trying to recover by setting it to zero
Error in <TBasket::TBasket::Streamer>: The value of fNevBufSize (-866934573) or fIOBits (227) is incorrect ; setting the buffer to a zombie.
Error in <TCollectionLessSTLReader::GetCP()>: Read error in TBranchProxy.
Error in <TBasket::Streamer>: The value of fKeylen is incorrect (-19191) ; trying to recover by setting it to zero
Error in <TBasket::TBasket::Streamer>: The value of fNevBufSize (-1344425860) or fIOBits (0) is incorrect ; setting the buffer to a zombie.
Error in <TCollectionLessSTLReader::GetCP()>: Read error in TBranchProxy.
Error in <TBasket::Streamer>: The value of fKeylen is incorrect (-24948) ; trying to recover by setting it to zero
Error in <TBasket::Streamer>: The value of fObjlen is incorrect (-710856305) ; trying to recover by setting it to zero
Error in <TCollectionLessSTLReader::GetCP()>: Read error in TBranchProxy.
Error R__unzip_header: error in header.  Values: ab6
Error in <TBasket::ReadBasketBuffers>: Inconsistency found in header (nin=0, nbuf=0)
Error in <TBasket::ReadBasketBuffers>: fNbytes = 42079119, fKeylen = 6146, fObjlen = 1485380391, noutot = 0, nout=0, nin=0, nbuf=0
Error in <TCollectionLessSTLReader::GetCP()>: Read error in TBranchProxy.
Error in <TBasket::Streamer>: The value of fObjlen is incorrect (-1492237174) ; trying to recover by setting it to zero
Error in <TBasket::Streamer>: The value of fNbytes is incorrect (-45533579) ; trying to recover by setting it to zero
Error in <TCollectionLessSTLReader::GetCP()>: Read error in TBranchProxy.
Error in <TBasket::Streamer>: The value of fKeylen is incorrect (-31330) ; trying to recover by setting it to zero
Error in <TBasket::Streamer>: The value of fObjlen is incorrect (-1460296052) ; trying to recover by setting it to zero
Error in <TBasket::Streamer>: The value of fNbytes is incorrect (-845698399) ; trying to recover by setting it to zero
Error in <TCollectionLessSTLReader::GetCP()>: Read error in TBranchProxy.
Error in <TBasket::Streamer>: The value of fObjlen is incorrect (-1200424630) ; trying to recover by setting it to zero
Error in <TBasket::TBasket::Streamer>: The value of fNevBufSize (-866934573) or fIOBits (227) is incorrect ; setting the buffer to a zombie.
Error in <TCollectionLessSTLReader::GetCP()>: Read error in TBranchProxy.
Error in <TBasket::Streamer>: The value of fKeylen is incorrect (-19191) ; trying to recover by setting it to zero
Error in <TBasket::TBasket::Streamer>: The value of fNevBufSize (-1344425860) or fIOBits (0) is incorrect ; setting the buffer to a zombie.
Error in <TCollectionLessSTLReader::GetCP()>: Read error in TBranchProxy.
Error in <TBasket::Streamer>: The value of fKeylen is incorrect (-24948) ; trying to recover by setting it to zero
Error in <TBasket::Streamer>: The value of fObjlen is incorrect (-710856305) ; trying to recover by setting it to zero
Error in <TCollectionLessSTLReader::GetCP()>: Read error in TBranchProxy.
Error R__unzip_header: error in header.  Values: ab6
Error in <TBasket::ReadBasketBuffers>: Inconsistency found in header (nin=0, nbuf=0)
Error in <TBasket::ReadBasketBuffers>: fNbytes = 42079119, fKeylen = 6146, fObjlen = 1485380391, noutot = 0, nout=0, nin=0, nbuf=0
Error in <TCollectionLessSTLReader::GetCP()>: Read error in TBranchProxy.
Error in <TBasket::Streamer>: The value of fObjlen is incorrect (-1492237174) ; trying to recover by setting it to zero
Error in <TBasket::Streamer>: The value of fNbytes is incorrect (-45533579) ; trying to recover by setting it to zero
Error in <TCollectionLessSTLReader::GetCP()>: Read error in TBranchProxy.
Error in <TBasket::Streamer>: The value of fKeylen is incorrect (-31330) ; trying to recover by setting it to zero
Error in <TBasket::Streamer>: The value of fObjlen is incorrect (-1460296052) ; trying to recover by setting it to zero
Error in <TBasket::Streamer>: The value of fNbytes is incorrect (-845698399) ; trying to recover by setting it to zero
Error in <TCollectionLessSTLReader::GetCP()>: Read error in TBranchProxy.
Error in <TBasket::Streamer>: The value of fObjlen is incorrect (-1200424630) ; trying to recover by setting it to zero
Error in <TBasket::TBasket::Streamer>: The value of fNevBufSize (-866934573) or fIOBits (227) is incorrect ; setting the buffer to a zombie.
Error in <TCollectionLessSTLReader::GetCP()>: Read error in TBranchProxy.
Error in <TBasket::Streamer>: The value of fKeylen is incorrect (-19191) ; trying to recover by setting it to zero
Error in <TBasket::TBasket::Streamer>: The value of fNevBufSize (-1344425860) or fIOBits (0) is incorrect ; setting the buffer to a zombie.
Error in <TCollectionLessSTLReader::GetCP()>: Read error in TBranchProxy.
Error in <TBasket::Streamer>: The value of fKeylen is incorrect (-24948) ; trying to recover by setting it to zero
Error in <TBasket::Streamer>: The value of fObjlen is incorrect (-710856305) ; trying to recover by setting it to zero
Error in <TCollectionLessSTLReader::GetCP()>: Read error in TBranchProxy.
Error R__unzip_header: error in header.  Values: ab6
Error in <TBasket::ReadBasketBuffers>: Inconsistency found in header (nin=0, nbuf=0)
Error in <TBasket::ReadBasketBuffers>: fNbytes = 42079119, fKeylen = 6146, fObjlen = 1485380391, noutot = 0, nout=0, nin=0, nbuf=0
Error in <TCollectionLessSTLReader::GetCP()>: Read error in TBranchProxy.
Error in <TBasket::Streamer>: The value of fObjlen is incorrect (-1492237174) ; trying to recover by setting it to zero
Error in <TBasket::Streamer>: The value of fNbytes is incorrect (-45533579) ; trying to recover by setting it to zero
Error in <TCollectionLessSTLReader::GetCP()>: Read error in TBranchProxy.
Error in <TBasket::Streamer>: The value of fKeylen is incorrect (-31330) ; trying to recover by setting it to zero
Error in <TBasket::Streamer>: The value of fObjlen is incorrect (-1460296052) ; trying to recover by setting it to zero
Error in <TBasket::Streamer>: The value of fNbytes is incorrect (-845698399) ; trying to recover by setting it to zero
Error in <TCollectionLessSTLReader::GetCP()>: Read error in TBranchProxy.
Error in <TBasket::Streamer>: The value of fObjlen is incorrect (-1200424630) ; trying to recover by setting it to zero
Error in <TBasket::TBasket::Streamer>: The value of fNevBufSize (-866934573) or fIOBits (227) is incorrect ; setting the buffer to a zombie.
Error in <TCollectionLessSTLReader::GetCP()>: Read error in TBranchProxy.
Error in <TBasket::Streamer>: The value of fKeylen is incorrect (-19191) ; trying to recover by setting it to zero
Error in <TBasket::TBasket::Streamer>: The value of fNevBufSize (-1344425860) or fIOBits (0) is incorrect ; setting the buffer to a zombie.
Error in <TCollectionLessSTLReader::GetCP()>: Read error in TBranchProxy.
Error in <TBasket::Streamer>: The value of fKeylen is incorrect (-24948) ; trying to recover by setting it to zero
Error in <TBasket::Streamer>: The value of fObjlen is incorrect (-710856305) ; trying to recover by setting it to zero
Error in <TCollectionLessSTLReader::GetCP()>: Read error in TBranchProxy.
Error R__unzip_header: error in header.  Values: ab6
Error in <TBasket::ReadBasketBuffers>: Inconsistency found in header (nin=0, nbuf=0)
Error in <TBasket::ReadBasketBuffers>: fNbytes = 42079119, fKeylen = 6146, fObjlen = 1485380391, noutot = 0, nout=0, nin=0, nbuf=0
Error in <TCollectionLessSTLReader::GetCP()>: Read error in TBranchProxy.
Error in <TBasket::Streamer>: The value of fObjlen is incorrect (-1492237174) ; trying to recover by setting it to zero
Error in <TBasket::Streamer>: The value of fNbytes is incorrect (-45533579) ; trying to recover by setting it to zero
Error in <TCollectionLessSTLReader::GetCP()>: Read error in TBranchProxy.
Error in <TBasket::Streamer>: The value of fKeylen is incorrect (-31330) ; trying to recover by setting it to zero
Error in <TBasket::Streamer>: The value of fObjlen is incorrect (-1460296052) ; trying to recover by setting it to zero
Error in <TBasket::Streamer>: The value of fNbytes is incorrect (-845698399) ; trying to recover by setting it to zero
Error in <TCollectionLessSTLReader::GetCP()>: Read error in TBranchProxy.
Error in <TBasket::Streamer>: The value of fObjlen is incorrect (-1200424630) ; trying to recover by setting it to zero
Error in <TBasket::TBasket::Streamer>: The value of fNevBufSize (-866934573) or fIOBits (227) is incorrect ; setting the buffer to a zombie.
Error in <TCollectionLessSTLReader::GetCP()>: Read error in TBranchProxy.
Error in <TBasket::Streamer>: The value of fKeylen is incorrect (-19191) ; trying to recover by setting it to zero
Error in <TBasket::TBasket::Streamer>: The value of fNevBufSize (-1344425860) or fIOBits (0) is incorrect ; setting the buffer to a zombie.
Error in <TCollectionLessSTLReader::GetCP()>: Read error in TBranchProxy.
Error in <TBasket::Streamer>: The value of fKeylen is incorrect (-24948) ; trying to recover by setting it to zero
Error in <TBasket::Streamer>: The value of fObjlen is incorrect (-710856305) ; trying to recover by setting it to zero
Error in <TCollectionLessSTLReader::GetCP()>: Read error in TBranchProxy.
Error R__unzip_header: error in header.  Values: ab6
Error in <TBasket::ReadBasketBuffers>: Inconsistency found in header (nin=0, nbuf=0)
Error in <TBasket::ReadBasketBuffers>: fNbytes = 42079119, fKeylen = 6146, fObjlen = 1485380391, noutot = 0, nout=0, nin=0, nbuf=0
Error in <TCollectionLessSTLReader::GetCP()>: Read error in TBranchProxy.
Error in <TBasket::Streamer>: The value of fObjlen is incorrect (-1492237174) ; trying to recover by setting it to zero
Error in <TBasket::Streamer>: The value of fNbytes is incorrect (-45533579) ; trying to recover by setting it to zero
Error in <TCollectionLessSTLReader::GetCP()>: Read error in TBranchProxy.
Error in <TBasket::Streamer>: The value of fKeylen is incorrect (-31330) ; trying to recover by setting it to zero
Error in <TBasket::Streamer>: The value of fObjlen is incorrect (-1460296052) ; trying to recover by setting it to zero
Error in <TBasket::Streamer>: The value of fNbytes is incorrect (-845698399) ; trying to recover by setting it to zero
Error in <TCollectionLessSTLReader::GetCP()>: Read error in TBranchProxy.
Error in <TBasket::Streamer>: The value of fObjlen is incorrect (-1200424630) ; trying to recover by setting it to zero
Error in <TBasket::TBasket::Streamer>: The value of fNevBufSize (-866934573) or fIOBits (227) is incorrect ; setting the buffer to a zombie.
Error in <TCollectionLessSTLReader::GetCP()>: Read error in TBranchProxy.
Error in <TBasket::Streamer>: The value of fKeylen is incorrect (-19191) ; trying to recover by setting it to zero
Error in <TBasket::TBasket::Streamer>: The value of fNevBufSize (-1344425860) or fIOBits (0) is incorrect ; setting the buffer to a zombie.
Error in <TCollectionLessSTLReader::GetCP()>: Read error in TBranchProxy.
Error in <TBasket::Streamer>: The value of fKeylen is incorrect (-24948) ; trying to recover by setting it to zero
Error in <TBasket::Streamer>: The value of fObjlen is incorrect (-710856305) ; trying to recover by setting it to zero
Error in <TCollectionLessSTLReader::GetCP()>: Read error in TBranchProxy.
Error R__unzip_header: error in header.  Values: ab6
Error in <TBasket::ReadBasketBuffers>: Inconsistency found in header (nin=0, nbuf=0)
Error in <TBasket::ReadBasketBuffers>: fNbytes = 42079119, fKeylen = 6146, fObjlen = 1485380391, noutot = 0, nout=0, nin=0, nbuf=0
Error in <TCollectionLessSTLReader::GetCP()>: Read error in TBranchProxy.
Error in <TBasket::Streamer>: The value of fObjlen is incorrect (-1492237174) ; trying to recover by setting it to zero
Error in <TBasket::Streamer>: The value of fNbytes is incorrect (-45533579) ; trying to recover by setting it to zero
Error in <TCollectionLessSTLReader::GetCP()>: Read error in TBranchProxy.
Error in <TBasket::Streamer>: The value of fKeylen is incorrect (-31330) ; trying to recover by setting it to zero
Error in <TBasket::Streamer>: The value of fObjlen is incorrect (-1460296052) ; trying to recover by setting it to zero
Error in <TBasket::Streamer>: The value of fNbytes is incorrect (-845698399) ; trying to recover by setting it to zero
Error in <TCollectionLessSTLReader::GetCP()>: Read error in TBranchProxy.
Error in <TBasket::Streamer>: The value of fObjlen is incorrect (-1200424630) ; trying to recover by setting it to zero
Error in <TBasket::TBasket::Streamer>: The value of fNevBufSize (-866934573) or fIOBits (227) is incorrect ; setting the buffer to a zombie.
Error in <TCollectionLessSTLReader::GetCP()>: Read error in TBranchProxy.
Error in <TBasket::Streamer>: The value of fKeylen is incorrect (-19191) ; trying to recover by setting it to zero
Error in <TBasket::TBasket::Streamer>: The value of fNevBufSize (-1344425860) or fIOBits (0) is incorrect ; setting the buffer to a zombie.
Error in <TCollectionLessSTLReader::GetCP()>: Read error in TBranchProxy.
Error in <TBasket::Streamer>: The value of fKeylen is incorrect (-24948) ; trying to recover by setting it to zero
Error in <TBasket::Streamer>: The value of fObjlen is incorrect (-710856305) ; trying to recover by setting it to zero
Error in <TCollectionLessSTLReader::GetCP()>: Read error in TBranchProxy.
Error R__unzip_header: error in header.  Values: ab6
Error in <TBasket::ReadBasketBuffers>: Inconsistency found in header (nin=0, nbuf=0)
Error in <TBasket::ReadBasketBuffers>: fNbytes = 42079119, fKeylen = 6146, fObjlen = 1485380391, noutot = 0, nout=0, nin=0, nbuf=0
Error in <TCollectionLessSTLReader::GetCP()>: Read error in TBranchProxy.
Error in <TBasket::Streamer>: The value of fObjlen is incorrect (-1492237174) ; trying to recover by setting it to zero
Error in <TBasket::Streamer>: The value of fNbytes is incorrect (-45533579) ; trying to recover by setting it to zero
Error in <TCollectionLessSTLReader::GetCP()>: Read error in TBranchProxy.
Error in <TBasket::Streamer>: The value of fKeylen is incorrect (-31330) ; trying to recover by setting it to zero
Error in <TBasket::Streamer>: The value of fObjlen is incorrect (-1460296052) ; trying to recover by setting it to zero
Error in <TBasket::Streamer>: The value of fNbytes is incorrect (-845698399) ; trying to recover by setting it to zero
Error in <TCollectionLessSTLReader::GetCP()>: Read error in TBranchProxy.
Error in <TBasket::Streamer>: The value of fObjlen is incorrect (-1200424630) ; trying to recover by setting it to zero
Error in <TBasket::TBasket::Streamer>: The value of fNevBufSize (-866934573) or fIOBits (227) is incorrect ; setting the buffer to a zombie.
Error in <TCollectionLessSTLReader::GetCP()>: Read error in TBranchProxy.
Error in <TBasket::Streamer>: The value of fKeylen is incorrect (-19191) ; trying to recover by setting it to zero
Error in <TBasket::TBasket::Streamer>: The value of fNevBufSize (-1344425860) or fIOBits (0) is incorrect ; setting the buffer to a zombie.
Error in <TCollectionLessSTLReader::GetCP()>: Read error in TBranchProxy.
Error in <TBasket::Streamer>: The value of fKeylen is incorrect (-24948) ; trying to recover by setting it to zero
Error in <TBasket::Streamer>: The value of fObjlen is incorrect (-710856305) ; trying to recover by setting it to zero
Error in <TCollectionLessSTLReader::GetCP()>: Read error in TBranchProxy.
Error R__unzip_header: error in header.  Values: ab6
Error in <TBasket::ReadBasketBuffers>: Inconsistency found in header (nin=0, nbuf=0)
Error in <TBasket::ReadBasketBuffers>: fNbytes = 42079119, fKeylen = 6146, fObjlen = 1485380391, noutot = 0, nout=0, nin=0, nbuf=0
Error in <TCollectionLessSTLReader::GetCP()>: Read error in TBranchProxy.
Error in <TBasket::Streamer>: The value of fObjlen is incorrect (-1492237174) ; trying to recover by setting it to zero
Error in <TBasket::Streamer>: The value of fNbytes is incorrect (-45533579) ; trying to recover by setting it to zero
Error in <TCollectionLessSTLReader::GetCP()>: Read error in TBranchProxy.
Error in <TBasket::Streamer>: The value of fKeylen is incorrect (-31330) ; trying to recover by setting it to zero
Error in <TBasket::Streamer>: The value of fObjlen is incorrect (-1460296052) ; trying to recover by setting it to zero
Error in <TBasket::Streamer>: The value of fNbytes is incorrect (-845698399) ; trying to recover by setting it to zero
Error in <TCollectionLessSTLReader::GetCP()>: Read error in TBranchProxy.
Error in <TBasket::Streamer>: The value of fObjlen is incorrect (-1200424630) ; trying to recover by setting it to zero
Error in <TBasket::TBasket::Streamer>: The value of fNevBufSize (-866934573) or fIOBits (227) is incorrect ; setting the buffer to a zombie.
Error in <TCollectionLessSTLReader::GetCP()>: Read error in TBranchProxy.
Error in <TBasket::Streamer>: The value of fKeylen is incorrect (-19191) ; trying to recover by setting it to zero
Error in <TBasket::TBasket::Streamer>: The value of fNevBufSize (-1344425860) or fIOBits (0) is incorrect ; setting the buffer to a zombie.
Error in <TCollectionLessSTLReader::GetCP()>: Read error in TBranchProxy.
Error in <TBasket::Streamer>: The value of fKeylen is incorrect (-24948) ; trying to recover by setting it to zero
Error in <TBasket::Streamer>: The value of fObjlen is incorrect (-710856305) ; trying to recover by setting it to zero
Error in <TCollectionLessSTLReader::GetCP()>: Read error in TBranchProxy.
Error R__unzip_header: error in header.  Values: ab6
Error in <TBasket::ReadBasketBuffers>: Inconsistency found in header (nin=0, nbuf=0)
Error in <TBasket::ReadBasketBuffers>: fNbytes = 42079119, fKeylen = 6146, fObjlen = 1485380391, noutot = 0, nout=0, nin=0, nbuf=0
Error in <TCollectionLessSTLReader::GetCP()>: Read error in TBranchProxy.
Error in <TBasket::Streamer>: The value of fObjlen is incorrect (-1492237174) ; trying to recover by setting it to zero
Error in <TBasket::Streamer>: The value of fNbytes is incorrect (-45533579) ; trying to recover by setting it to zero
Error in <TCollectionLessSTLReader::GetCP()>: Read error in TBranchProxy.
Error in <TBasket::Streamer>: The value of fKeylen is incorrect (-31330) ; trying to recover by setting it to zero
Error in <TBasket::Streamer>: The value of fObjlen is incorrect (-1460296052) ; trying to recover by setting it to zero
Error in <TBasket::Streamer>: The value of fNbytes is incorrect (-845698399) ; trying to recover by setting it to zero
Error in <TCollectionLessSTLReader::GetCP()>: Read error in TBranchProxy.
Error in <TBasket::Streamer>: The value of fObjlen is incorrect (-1200424630) ; trying to recover by setting it to zero
Error in <TBasket::TBasket::Streamer>: The value of fNevBufSize (-866934573) or fIOBits (227) is incorrect ; setting the buffer to a zombie.
Error in <TCollectionLessSTLReader::GetCP()>: Read error in TBranchProxy.
Error in <TBasket::Streamer>: The value of fKeylen is incorrect (-19191) ; trying to recover by setting it to zero
Error in <TBasket::TBasket::Streamer>: The value of fNevBufSize (-1344425860) or fIOBits (0) is incorrect ; setting the buffer to a zombie.
Error in <TCollectionLessSTLReader::GetCP()>: Read error in TBranchProxy.
Error in <TBasket::Streamer>: The value of fKeylen is incorrect (-24948) ; trying to recover by setting it to zero
Error in <TBasket::Streamer>: The value of fObjlen is incorrect (-710856305) ; trying to recover by setting it to zero
Error in <TCollectionLessSTLReader::GetCP()>: Read error in TBranchProxy.
Error R__unzip_header: error in header.  Values: ab6
Error in <TBasket::ReadBasketBuffers>: Inconsistency found in header (nin=0, nbuf=0)
Error in <TBasket::ReadBasketBuffers>: fNbytes = 42079119, fKeylen = 6146, fObjlen = 1485380391, noutot = 0, nout=0, nin=0, nbuf=0
Error in <TCollectionLessSTLReader::GetCP()>: Read error in TBranchProxy.
Error in <TBasket::Streamer>: The value of fObjlen is incorrect (-1492237174) ; trying to recover by setting it to zero
Error in <TBasket::Streamer>: The value of fNbytes is incorrect (-45533579) ; trying to recover by setting it to zero
Error in <TCollectionLessSTLReader::GetCP()>: Read error in TBranchProxy.
Error in <TBasket::Streamer>: The value of fKeylen is incorrect (-31330) ; trying to recover by setting it to zero
Error in <TBasket::Streamer>: The value of fObjlen is incorrect (-1460296052) ; trying to recover by setting it to zero
Error in <TBasket::Streamer>: The value of fNbytes is incorrect (-845698399) ; trying to recover by setting it to zero
Error in <TCollectionLessSTLReader::GetCP()>: Read error in TBranchProxy.
Error in <TBasket::Streamer>: The value of fObjlen is incorrect (-1200424630) ; trying to recover by setting it to zero
Error in <TBasket::TBasket::Streamer>: The value of fNevBufSize (-866934573) or fIOBits (227) is incorrect ; setting the buffer to a zombie.
Error in <TCollectionLessSTLReader::GetCP()>: Read error in TBranchProxy.
Error in <TBasket::Streamer>: The value of fKeylen is incorrect (-19191) ; trying to recover by setting it to zero
Error in <TBasket::TBasket::Streamer>: The value of fNevBufSize (-1344425860) or fIOBits (0) is incorrect ; setting the buffer to a zombie.
Error in <TCollectionLessSTLReader::GetCP()>: Read error in TBranchProxy.
Error in <TBasket::Streamer>: The value of fKeylen is incorrect (-24948) ; trying to recover by setting it to zero
Error in <TBasket::Streamer>: The value of fObjlen is incorrect (-710856305) ; trying to recover by setting it to zero
Error in <TCollectionLessSTLReader::GetCP()>: Read error in TBranchProxy.
Error R__unzip_header: error in header.  Values: ab6
Error in <TBasket::ReadBasketBuffers>: Inconsistency found in header (nin=0, nbuf=0)
Error in <TBasket::ReadBasketBuffers>: fNbytes = 42079119, fKeylen = 6146, fObjlen = 1485380391, noutot = 0, nout=0, nin=0, nbuf=0
Error in <TCollectionLessSTLReader::GetCP()>: Read error in TBranchProxy.
Error in <TBasket::Streamer>: The value of fObjlen is incorrect (-1492237174) ; trying to recover by setting it to zero
Error in <TBasket::Streamer>: The value of fNbytes is incorrect (-45533579) ; trying to recover by setting it to zero
Error in <TCollectionLessSTLReader::GetCP()>: Read error in TBranchProxy.
Error in <TBasket::Streamer>: The value of fKeylen is incorrect (-31330) ; trying to recover by setting it to zero
Error in <TBasket::Streamer>: The value of fObjlen is incorrect (-1460296052) ; trying to recover by setting it to zero
Error in <TBasket::Streamer>: The value of fNbytes is incorrect (-845698399) ; trying to recover by setting it to zero
Error in <TCollectionLessSTLReader::GetCP()>: Read error in TBranchProxy.
Error in <TBasket::Streamer>: The value of fObjlen is incorrect (-1200424630) ; trying to recover by setting it to zero
Error in <TBasket::TBasket::Streamer>: The value of fNevBufSize (-866934573) or fIOBits (227) is incorrect ; setting the buffer to a zombie.
Error in <TCollectionLessSTLReader::GetCP()>: Read error in TBranchProxy.
Error in <TBasket::Streamer>: The value of fKeylen is incorrect (-19191) ; trying to recover by setting it to zero
Error in <TBasket::TBasket::Streamer>: The value of fNevBufSize (-1344425860) or fIOBits (0) is incorrect ; setting the buffer to a zombie.
Error in <TCollectionLessSTLReader::GetCP()>: Read error in TBranchProxy.
Error in <TBasket::Streamer>: The value of fKeylen is incorrect (-24948) ; trying to recover by setting it to zero
Error in <TBasket::Streamer>: The value of fObjlen is incorrect (-710856305) ; trying to recover by setting it to zero
Error in <TCollectionLessSTLReader::GetCP()>: Read error in TBranchProxy.
Error R__unzip_header: error in header.  Values: ab6
Error in <TBasket::ReadBasketBuffers>: Inconsistency found in header (nin=0, nbuf=0)
Error in <TBasket::ReadBasketBuffers>: fNbytes = 42079119, fKeylen = 6146, fObjlen = 1485380391, noutot = 0, nout=0, nin=0, nbuf=0
Error in <TCollectionLessSTLReader::GetCP()>: Read error in TBranchProxy.
Error in <TBasket::Streamer>: The value of fObjlen is incorrect (-1492237174) ; trying to recover by setting it to zero
Error in <TBasket::Streamer>: The value of fNbytes is incorrect (-45533579) ; trying to recover by setting it to zero
Error in <TCollectionLessSTLReader::GetCP()>: Read error in TBranchProxy.
Error in <TBasket::Streamer>: The value of fKeylen is incorrect (-31330) ; trying to recover by setting it to zero
Error in <TBasket::Streamer>: The value of fObjlen is incorrect (-1460296052) ; trying to recover by setting it to zero
Error in <TBasket::Streamer>: The value of fNbytes is incorrect (-845698399) ; trying to recover by setting it to zero
Error in <TCollectionLessSTLReader::GetCP()>: Read error in TBranchProxy.
Error in <TBasket::Streamer>: The value of fObjlen is incorrect (-1200424630) ; trying to recover by setting it to zero
Error in <TBasket::TBasket::Streamer>: The value of fNevBufSize (-866934573) or fIOBits (227) is incorrect ; setting the buffer to a zombie.
Error in <TCollectionLessSTLReader::GetCP()>: Read error in TBranchProxy.
Error in <TBasket::Streamer>: The value of fKeylen is incorrect (-19191) ; trying to recover by setting it to zero
Error in <TBasket::TBasket::Streamer>: The value of fNevBufSize (-1344425860) or fIOBits (0) is incorrect ; setting the buffer to a zombie.
Error in <TCollectionLessSTLReader::GetCP()>: Read error in TBranchProxy.
Error in <TBasket::Streamer>: The value of fKeylen is incorrect (-24948) ; trying to recover by setting it to zero
Error in <TBasket::Streamer>: The value of fObjlen is incorrect (-710856305) ; trying to recover by setting it to zero
Error in <TCollectionLessSTLReader::GetCP()>: Read error in TBranchProxy.
Error R__unzip_header: error in header.  Values: ab6
Error in <TBasket::ReadBasketBuffers>: Inconsistency found in header (nin=0, nbuf=0)
Error in <TBasket::ReadBasketBuffers>: fNbytes = 42079119, fKeylen = 6146, fObjlen = 1485380391, noutot = 0, nout=0, nin=0, nbuf=0
Error in <TCollectionLessSTLReader::GetCP()>: Read error in TBranchProxy.
Error in <TBasket::Streamer>: The value of fObjlen is incorrect (-1492237174) ; trying to recover by setting it to zero
Error in <TBasket::Streamer>: The value of fNbytes is incorrect (-45533579) ; trying to recover by setting it to zero
Error in <TCollectionLessSTLReader::GetCP()>: Read error in TBranchProxy.
Error in <TBasket::Streamer>: The value of fKeylen is incorrect (-31330) ; trying to recover by setting it to zero
Error in <TBasket::Streamer>: The value of fObjlen is incorrect (-1460296052) ; trying to recover by setting it to zero
Error in <TBasket::Streamer>: The value of fNbytes is incorrect (-845698399) ; trying to recover by setting it to zero
Error in <TCollectionLessSTLReader::GetCP()>: Read error in TBranchProxy.
Error in <TBasket::Streamer>: The value of fObjlen is incorrect (-1200424630) ; trying to recover by setting it to zero
Error in <TBasket::TBasket::Streamer>: The value of fNevBufSize (-866934573) or fIOBits (227) is incorrect ; setting the buffer to a zombie.
Error in <TCollectionLessSTLReader::GetCP()>: Read error in TBranchProxy.
Error in <TBasket::Streamer>: The value of fKeylen is incorrect (-19191) ; trying to recover by setting it to zero
Error in <TBasket::TBasket::Streamer>: The value of fNevBufSize (-1344425860) or fIOBits (0) is incorrect ; setting the buffer to a zombie.
Error in <TCollectionLessSTLReader::GetCP()>: Read error in TBranchProxy.
Error in <TBasket::Streamer>: The value of fKeylen is incorrect (-24948) ; trying to recover by setting it to zero
Error in <TBasket::Streamer>: The value of fObjlen is incorrect (-710856305) ; trying to recover by setting it to zero
Error in <TCollectionLessSTLReader::GetCP()>: Read error in TBranchProxy.
Error R__unzip_header: error in header.  Values: ab6
Error in <TBasket::ReadBasketBuffers>: Inconsistency found in header (nin=0, nbuf=0)
Error in <TBasket::ReadBasketBuffers>: fNbytes = 42079119, fKeylen = 6146, fObjlen = 1485380391, noutot = 0, nout=0, nin=0, nbuf=0
Error in <TCollectionLessSTLReader::GetCP()>: Read error in TBranchProxy.
Error in <TBasket::Streamer>: The value of fObjlen is incorrect (-1492237174) ; trying to recover by setting it to zero
Error in <TBasket::Streamer>: The value of fNbytes is incorrect (-45533579) ; trying to recover by setting it to zero
Error in <TCollectionLessSTLReader::GetCP()>: Read error in TBranchProxy.
Error in <TBasket::Streamer>: The value of fKeylen is incorrect (-31330) ; trying to recover by setting it to zero
Error in <TBasket::Streamer>: The value of fObjlen is incorrect (-1460296052) ; trying to recover by setting it to zero
Error in <TBasket::Streamer>: The value of fNbytes is incorrect (-845698399) ; trying to recover by setting it to zero
Error in <TCollectionLessSTLReader::GetCP()>: Read error in TBranchProxy.
Error in <TBasket::Streamer>: The value of fObjlen is incorrect (-1200424630) ; trying to recover by setting it to zero
Error in <TBasket::TBasket::Streamer>: The value of fNevBufSize (-866934573) or fIOBits (227) is incorrect ; setting the buffer to a zombie.
Error in <TCollectionLessSTLReader::GetCP()>: Read error in TBranchProxy.
Error in <TBasket::Streamer>: The value of fKeylen is incorrect (-19191) ; trying to recover by setting it to zero
Error in <TBasket::TBasket::Streamer>: The value of fNevBufSize (-1344425860) or fIOBits (0) is incorrect ; setting the buffer to a zombie.
Error in <TCollectionLessSTLReader::GetCP()>: Read error in TBranchProxy.
Error in <TBasket::Streamer>: The value of fKeylen is incorrect (-24948) ; trying to recover by setting it to zero
Error in <TBasket::Streamer>: The value of fObjlen is incorrect (-710856305) ; trying to recover by setting it to zero
Error in <TCollectionLessSTLReader::GetCP()>: Read error in TBranchProxy.
Error R__unzip_header: error in header.  Values: ab6
Error in <TBasket::ReadBasketBuffers>: Inconsistency found in header (nin=0, nbuf=0)
Error in <TBasket::ReadBasketBuffers>: fNbytes = 42079119, fKeylen = 6146, fObjlen = 1485380391, noutot = 0, nout=0, nin=0, nbuf=0
Error in <TCollectionLessSTLReader::GetCP()>: Read error in TBranchProxy.
Error in <TBasket::Streamer>: The value of fObjlen is incorrect (-1492237174) ; trying to recover by setting it to zero
Error in <TBasket::Streamer>: The value of fNbytes is incorrect (-45533579) ; trying to recover by setting it to zero
Error in <TCollectionLessSTLReader::GetCP()>: Read error in TBranchProxy.
Error in <TBasket::Streamer>: The value of fKeylen is incorrect (-31330) ; trying to recover by setting it to zero
Error in <TBasket::Streamer>: The value of fObjlen is incorrect (-1460296052) ; trying to recover by setting it to zero
Error in <TBasket::Streamer>: The value of fNbytes is incorrect (-845698399) ; trying to recover by setting it to zero
Error in <TCollectionLessSTLReader::GetCP()>: Read error in TBranchProxy.
Error in <TBasket::Streamer>: The value of fObjlen is incorrect (-1200424630) ; trying to recover by setting it to zero
Error in <TBasket::TBasket::Streamer>: The value of fNevBufSize (-866934573) or fIOBits (227) is incorrect ; setting the buffer to a zombie.
Error in <TCollectionLessSTLReader::GetCP()>: Read error in TBranchProxy.
Error in <TBasket::Streamer>: The value of fKeylen is incorrect (-19191) ; trying to recover by setting it to zero
Error in <TBasket::TBasket::Streamer>: The value of fNevBufSize (-1344425860) or fIOBits (0) is incorrect ; setting the buffer to a zombie.
Error in <TCollectionLessSTLReader::GetCP()>: Read error in TBranchProxy.
Error in <TBasket::Streamer>: The value of fKeylen is incorrect (-24948) ; trying to recover by setting it to zero
Error in <TBasket::Streamer>: The value of fObjlen is incorrect (-710856305) ; trying to recover by setting it to zero
Error in <TCollectionLessSTLReader::GetCP()>: Read error in TBranchProxy.
Error R__unzip_header: error in header.  Values: ab6
Error in <TBasket::ReadBasketBuffers>: Inconsistency found in header (nin=0, nbuf=0)
Error in <TBasket::ReadBasketBuffers>: fNbytes = 42079119, fKeylen = 6146, fObjlen = 1485380391, noutot = 0, nout=0, nin=0, nbuf=0
Error in <TCollectionLessSTLReader::GetCP()>: Read error in TBranchProxy.
Error in <TBasket::Streamer>: The value of fObjlen is incorrect (-1492237174) ; trying to recover by setting it to zero
Error in <TBasket::Streamer>: The value of fNbytes is incorrect (-45533579) ; trying to recover by setting it to zero
Error in <TCollectionLessSTLReader::GetCP()>: Read error in TBranchProxy.
Error in <TBasket::Streamer>: The value of fKeylen is incorrect (-31330) ; trying to recover by setting it to zero
Error in <TBasket::Streamer>: The value of fObjlen is incorrect (-1460296052) ; trying to recover by setting it to zero
Error in <TBasket::Streamer>: The value of fNbytes is incorrect (-845698399) ; trying to recover by setting it to zero
Error in <TCollectionLessSTLReader::GetCP()>: Read error in TBranchProxy.
Error in <TBasket::Streamer>: The value of fObjlen is incorrect (-1200424630) ; trying to recover by setting it to zero
Error in <TBasket::TBasket::Streamer>: The value of fNevBufSize (-866934573) or fIOBits (227) is incorrect ; setting the buffer to a zombie.
Error in <TCollectionLessSTLReader::GetCP()>: Read error in TBranchProxy.
Error in <TBasket::Streamer>: The value of fKeylen is incorrect (-19191) ; trying to recover by setting it to zero
Error in <TBasket::TBasket::Streamer>: The value of fNevBufSize (-1344425860) or fIOBits (0) is incorrect ; setting the buffer to a zombie.
Error in <TCollectionLessSTLReader::GetCP()>: Read error in TBranchProxy.
Error in <TBasket::Streamer>: The value of fKeylen is incorrect (-24948) ; trying to recover by setting it to zero
Error in <TBasket::Streamer>: The value of fObjlen is incorrect (-710856305) ; trying to recover by setting it to zero
Error in <TCollectionLessSTLReader::GetCP()>: Read error in TBranchProxy.
Error R__unzip_header: error in header.  Values: ab6
Error in <TBasket::ReadBasketBuffers>: Inconsistency found in header (nin=0, nbuf=0)
Error in <TBasket::ReadBasketBuffers>: fNbytes = 42079119, fKeylen = 6146, fObjlen = 1485380391, noutot = 0, nout=0, nin=0, nbuf=0
Error in <TCollectionLessSTLReader::GetCP()>: Read error in TBranchProxy.
Error in <TBasket::Streamer>: The value of fObjlen is incorrect (-1492237174) ; trying to recover by setting it to zero
Error in <TBasket::Streamer>: The value of fNbytes is incorrect (-45533579) ; trying to recover by setting it to zero
Error in <TCollectionLessSTLReader::GetCP()>: Read error in TBranchProxy.
Error in <TBasket::Streamer>: The value of fKeylen is incorrect (-31330) ; trying to recover by setting it to zero
Error in <TBasket::Streamer>: The value of fObjlen is incorrect (-1460296052) ; trying to recover by setting it to zero
Error in <TBasket::Streamer>: The value of fNbytes is incorrect (-845698399) ; trying to recover by setting it to zero
Error in <TCollectionLessSTLReader::GetCP()>: Read error in TBranchProxy.
Error in <TBasket::Streamer>: The value of fObjlen is incorrect (-1200424630) ; trying to recover by setting it to zero
Error in <TBasket::TBasket::Streamer>: The value of fNevBufSize (-866934573) or fIOBits (227) is incorrect ; setting the buffer to a zombie.
Error in <TCollectionLessSTLReader::GetCP()>: Read error in TBranchProxy.
Error in <TBasket::Streamer>: The value of fKeylen is incorrect (-19191) ; trying to recover by setting it to zero
Error in <TBasket::TBasket::Streamer>: The value of fNevBufSize (-1344425860) or fIOBits (0) is incorrect ; setting the buffer to a zombie.
Error in <TCollectionLessSTLReader::GetCP()>: Read error in TBranchProxy.
Error in <TBasket::Streamer>: The value of fKeylen is incorrect (-24948) ; trying to recover by setting it to zero
Error in <TBasket::Streamer>: The value of fObjlen is incorrect (-710856305) ; trying to recover by setting it to zero
Error in <TCollectionLessSTLReader::GetCP()>: Read error in TBranchProxy.
Error R__unzip_header: error in header.  Values: ab6
Error in <TBasket::ReadBasketBuffers>: Inconsistency found in header (nin=0, nbuf=0)
Error in <TBasket::ReadBasketBuffers>: fNbytes = 42079119, fKeylen = 6146, fObjlen = 1485380391, noutot = 0, nout=0, nin=0, nbuf=0
Error in <TCollectionLessSTLReader::GetCP()>: Read error in TBranchProxy.
Error in <TBasket::Streamer>: The value of fObjlen is incorrect (-1492237174) ; trying to recover by setting it to zero
Error in <TBasket::Streamer>: The value of fNbytes is incorrect (-45533579) ; trying to recover by setting it to zero
Error in <TCollectionLessSTLReader::GetCP()>: Read error in TBranchProxy.
Error in <TBasket::Streamer>: The value of fKeylen is incorrect (-31330) ; trying to recover by setting it to zero
Error in <TBasket::Streamer>: The value of fObjlen is incorrect (-1460296052) ; trying to recover by setting it to zero
Error in <TBasket::Streamer>: The value of fNbytes is incorrect (-845698399) ; trying to recover by setting it to zero
Error in <TCollectionLessSTLReader::GetCP()>: Read error in TBranchProxy.
Error in <TBasket::Streamer>: The value of fObjlen is incorrect (-1200424630) ; trying to recover by setting it to zero
Error in <TBasket::TBasket::Streamer>: The value of fNevBufSize (-866934573) or fIOBits (227) is incorrect ; setting the buffer to a zombie.
Error in <TCollectionLessSTLReader::GetCP()>: Read error in TBranchProxy.
Error in <TBasket::Streamer>: The value of fKeylen is incorrect (-19191) ; trying to recover by setting it to zero
Error in <TBasket::TBasket::Streamer>: The value of fNevBufSize (-1344425860) or fIOBits (0) is incorrect ; setting the buffer to a zombie.
Error in <TCollectionLessSTLReader::GetCP()>: Read error in TBranchProxy.
Error in <TBasket::Streamer>: The value of fKeylen is incorrect (-24948) ; trying to recover by setting it to zero
Error in <TBasket::Streamer>: The value of fObjlen is incorrect (-710856305) ; trying to recover by setting it to zero
Error in <TCollectionLessSTLReader::GetCP()>: Read error in TBranchProxy.
Error R__unzip_header: error in header.  Values: ab6
Error in <TBasket::ReadBasketBuffers>: Inconsistency found in header (nin=0, nbuf=0)
Error in <TBasket::ReadBasketBuffers>: fNbytes = 42079119, fKeylen = 6146, fObjlen = 1485380391, noutot = 0, nout=0, nin=0, nbuf=0
Error in <TCollectionLessSTLReader::GetCP()>: Read error in TBranchProxy.
Error in <TBasket::Streamer>: The value of fObjlen is incorrect (-1492237174) ; trying to recover by setting it to zero
Error in <TBasket::Streamer>: The value of fNbytes is incorrect (-45533579) ; trying to recover by setting it to zero
Error in <TCollectionLessSTLReader::GetCP()>: Read error in TBranchProxy.
Error in <TBasket::Streamer>: The value of fKeylen is incorrect (-31330) ; trying to recover by setting it to zero
Error in <TBasket::Streamer>: The value of fObjlen is incorrect (-1460296052) ; trying to recover by setting it to zero
Error in <TBasket::Streamer>: The value of fNbytes is incorrect (-845698399) ; trying to recover by setting it to zero
Error in <TCollectionLessSTLReader::GetCP()>: Read error in TBranchProxy.
Error in <TBasket::Streamer>: The value of fObjlen is incorrect (-1200424630) ; trying to recover by setting it to zero
Error in <TBasket::TBasket::Streamer>: The value of fNevBufSize (-866934573) or fIOBits (227) is incorrect ; setting the buffer to a zombie.
Error in <TCollectionLessSTLReader::GetCP()>: Read error in TBranchProxy.
Error in <TBasket::Streamer>: The value of fKeylen is incorrect (-19191) ; trying to recover by setting it to zero
Error in <TBasket::TBasket::Streamer>: The value of fNevBufSize (-1344425860) or fIOBits (0) is incorrect ; setting the buffer to a zombie.
Error in <TCollectionLessSTLReader::GetCP()>: Read error in TBranchProxy.
Error in <TBasket::Streamer>: The value of fKeylen is incorrect (-24948) ; trying to recover by setting it to zero
Error in <TBasket::Streamer>: The value of fObjlen is incorrect (-710856305) ; trying to recover by setting it to zero
Error in <TCollectionLessSTLReader::GetCP()>: Read error in TBranchProxy.
Error R__unzip_header: error in header.  Values: ab6
Error in <TBasket::ReadBasketBuffers>: Inconsistency found in header (nin=0, nbuf=0)
Error in <TBasket::ReadBasketBuffers>: fNbytes = 42079119, fKeylen = 6146, fObjlen = 1485380391, noutot = 0, nout=0, nin=0, nbuf=0
Error in <TCollectionLessSTLReader::GetCP()>: Read error in TBranchProxy.
Error in <TBasket::Streamer>: The value of fObjlen is incorrect (-1492237174) ; trying to recover by setting it to zero
Error in <TBasket::Streamer>: The value of fNbytes is incorrect (-45533579) ; trying to recover by setting it to zero
Error in <TCollectionLessSTLReader::GetCP()>: Read error in TBranchProxy.
Error in <TBasket::Streamer>: The value of fKeylen is incorrect (-31330) ; trying to recover by setting it to zero
Error in <TBasket::Streamer>: The value of fObjlen is incorrect (-1460296052) ; trying to recover by setting it to zero
Error in <TBasket::Streamer>: The value of fNbytes is incorrect (-845698399) ; trying to recover by setting it to zero
Error in <TCollectionLessSTLReader::GetCP()>: Read error in TBranchProxy.
Error in <TBasket::Streamer>: The value of fObjlen is incorrect (-1200424630) ; trying to recover by setting it to zero
Error in <TBasket::TBasket::Streamer>: The value of fNevBufSize (-866934573) or fIOBits (227) is incorrect ; setting the buffer to a zombie.
Error in <TCollectionLessSTLReader::GetCP()>: Read error in TBranchProxy.
Error in <TBasket::Streamer>: The value of fKeylen is incorrect (-19191) ; trying to recover by setting it to zero
Error in <TBasket::TBasket::Streamer>: The value of fNevBufSize (-1344425860) or fIOBits (0) is incorrect ; setting the buffer to a zombie.
Error in <TCollectionLessSTLReader::GetCP()>: Read error in TBranchProxy.
Error in <TBasket::Streamer>: The value of fKeylen is incorrect (-24948) ; trying to recover by setting it to zero
Error in <TBasket::Streamer>: The value of fObjlen is incorrect (-710856305) ; trying to recover by setting it to zero
Error in <TCollectionLessSTLReader::GetCP()>: Read error in TBranchProxy.
Error R__unzip_header: error in header.  Values: ab6
Error in <TBasket::ReadBasketBuffers>: Inconsistency found in header (nin=0, nbuf=0)
Error in <TBasket::ReadBasketBuffers>: fNbytes = 42079119, fKeylen = 6146, fObjlen = 1485380391, noutot = 0, nout=0, nin=0, nbuf=0
Error in <TCollectionLessSTLReader::GetCP()>: Read error in TBranchProxy.
Error in <TBasket::Streamer>: The value of fObjlen is incorrect (-1492237174) ; trying to recover by setting it to zero
Error in <TBasket::Streamer>: The value of fNbytes is incorrect (-45533579) ; trying to recover by setting it to zero
Error in <TCollectionLessSTLReader::GetCP()>: Read error in TBranchProxy.
Error in <TBasket::Streamer>: The value of fKeylen is incorrect (-31330) ; trying to recover by setting it to zero
Error in <TBasket::Streamer>: The value of fObjlen is incorrect (-1460296052) ; trying to recover by setting it to zero
Error in <TBasket::Streamer>: The value of fNbytes is incorrect (-845698399) ; trying to recover by setting it to zero
Error in <TCollectionLessSTLReader::GetCP()>: Read error in TBranchProxy.
Error in <TBasket::Streamer>: The value of fObjlen is incorrect (-1200424630) ; trying to recover by setting it to zero
Error in <TBasket::TBasket::Streamer>: The value of fNevBufSize (-866934573) or fIOBits (227) is incorrect ; setting the buffer to a zombie.
Error in <TCollectionLessSTLReader::GetCP()>: Read error in TBranchProxy.
Error in <TBasket::Streamer>: The value of fKeylen is incorrect (-19191) ; trying to recover by setting it to zero
Error in <TBasket::TBasket::Streamer>: The value of fNevBufSize (-1344425860) or fIOBits (0) is incorrect ; setting the buffer to a zombie.
Error in <TCollectionLessSTLReader::GetCP()>: Read error in TBranchProxy.
Error in <TBasket::Streamer>: The value of fKeylen is incorrect (-24948) ; trying to recover by setting it to zero
Error in <TBasket::Streamer>: The value of fObjlen is incorrect (-710856305) ; trying to recover by setting it to zero
Error in <TCollectionLessSTLReader::GetCP()>: Read error in TBranchProxy.
Error R__unzip_header: error in header.  Values: ab6
Error in <TBasket::ReadBasketBuffers>: Inconsistency found in header (nin=0, nbuf=0)
Error in <TBasket::ReadBasketBuffers>: fNbytes = 42079119, fKeylen = 6146, fObjlen = 1485380391, noutot = 0, nout=0, nin=0, nbuf=0
Error in <TCollectionLessSTLReader::GetCP()>: Read error in TBranchProxy.
Error in <TBasket::Streamer>: The value of fObjlen is incorrect (-1492237174) ; trying to recover by setting it to zero
Error in <TBasket::Streamer>: The value of fNbytes is incorrect (-45533579) ; trying to recover by setting it to zero
Error in <TCollectionLessSTLReader::GetCP()>: Read error in TBranchProxy.
Error in <TBasket::Streamer>: The value of fKeylen is incorrect (-31330) ; trying to recover by setting it to zero
Error in <TBasket::Streamer>: The value of fObjlen is incorrect (-1460296052) ; trying to recover by setting it to zero
Error in <TBasket::Streamer>: The value of fNbytes is incorrect (-845698399) ; trying to recover by setting it to zero
Error in <TCollectionLessSTLReader::GetCP()>: Read error in TBranchProxy.
Error in <TBasket::Streamer>: The value of fObjlen is incorrect (-1200424630) ; trying to recover by setting it to zero
Error in <TBasket::TBasket::Streamer>: The value of fNevBufSize (-866934573) or fIOBits (227) is incorrect ; setting the buffer to a zombie.
Error in <TCollectionLessSTLReader::GetCP()>: Read error in TBranchProxy.
Error in <TBasket::Streamer>: The value of fKeylen is incorrect (-19191) ; trying to recover by setting it to zero
Error in <TBasket::TBasket::Streamer>: The value of fNevBufSize (-1344425860) or fIOBits (0) is incorrect ; setting the buffer to a zombie.
Error in <TCollectionLessSTLReader::GetCP()>: Read error in TBranchProxy.
Error in <TBasket::Streamer>: The value of fKeylen is incorrect (-24948) ; trying to recover by setting it to zero
Error in <TBasket::Streamer>: The value of fObjlen is incorrect (-710856305) ; trying to recover by setting it to zero
Error in <TCollectionLessSTLReader::GetCP()>: Read error in TBranchProxy.
Error R__unzip_header: error in header.  Values: ab6
Error in <TBasket::ReadBasketBuffers>: Inconsistency found in header (nin=0, nbuf=0)
Error in <TBasket::ReadBasketBuffers>: fNbytes = 42079119, fKeylen = 6146, fObjlen = 1485380391, noutot = 0, nout=0, nin=0, nbuf=0
Error in <TCollectionLessSTLReader::GetCP()>: Read error in TBranchProxy.
Error in <TBasket::Streamer>: The value of fObjlen is incorrect (-1492237174) ; trying to recover by setting it to zero
Error in <TBasket::Streamer>: The value of fNbytes is incorrect (-45533579) ; trying to recover by setting it to zero
Error in <TCollectionLessSTLReader::GetCP()>: Read error in TBranchProxy.
Error in <TBasket::Streamer>: The value of fKeylen is incorrect (-31330) ; trying to recover by setting it to zero
Error in <TBasket::Streamer>: The value of fObjlen is incorrect (-1460296052) ; trying to recover by setting it to zero
Error in <TBasket::Streamer>: The value of fNbytes is incorrect (-845698399) ; trying to recover by setting it to zero
Error in <TCollectionLessSTLReader::GetCP()>: Read error in TBranchProxy.
Error in <TBasket::Streamer>: The value of fObjlen is incorrect (-1200424630) ; trying to recover by setting it to zero
Error in <TBasket::TBasket::Streamer>: The value of fNevBufSize (-866934573) or fIOBits (227) is incorrect ; setting the buffer to a zombie.
Error in <TCollectionLessSTLReader::GetCP()>: Read error in TBranchProxy.
Error in <TBasket::Streamer>: The value of fKeylen is incorrect (-19191) ; trying to recover by setting it to zero
Error in <TBasket::TBasket::Streamer>: The value of fNevBufSize (-1344425860) or fIOBits (0) is incorrect ; setting the buffer to a zombie.
Error in <TCollectionLessSTLReader::GetCP()>: Read error in TBranchProxy.
Error in <TBasket::Streamer>: The value of fKeylen is incorrect (-24948) ; trying to recover by setting it to zero
Error in <TBasket::Streamer>: The value of fObjlen is incorrect (-710856305) ; trying to recover by setting it to zero
Error in <TCollectionLessSTLReader::GetCP()>: Read error in TBranchProxy.
Error R__unzip_header: error in header.  Values: ab6
Error in <TBasket::ReadBasketBuffers>: Inconsistency found in header (nin=0, nbuf=0)
Error in <TBasket::ReadBasketBuffers>: fNbytes = 42079119, fKeylen = 6146, fObjlen = 1485380391, noutot = 0, nout=0, nin=0, nbuf=0
Error in <TCollectionLessSTLReader::GetCP()>: Read error in TBranchProxy.
Error in <TBasket::Streamer>: The value of fObjlen is incorrect (-1492237174) ; trying to recover by setting it to zero
Error in <TBasket::Streamer>: The value of fNbytes is incorrect (-45533579) ; trying to recover by setting it to zero
Error in <TCollectionLessSTLReader::GetCP()>: Read error in TBranchProxy.
Error in <TBasket::Streamer>: The value of fKeylen is incorrect (-31330) ; trying to recover by setting it to zero
Error in <TBasket::Streamer>: The value of fObjlen is incorrect (-1460296052) ; trying to recover by setting it to zero
Error in <TBasket::Streamer>: The value of fNbytes is incorrect (-845698399) ; trying to recover by setting it to zero
Error in <TCollectionLessSTLReader::GetCP()>: Read error in TBranchProxy.
Error in <TBasket::Streamer>: The value of fObjlen is incorrect (-1200424630) ; trying to recover by setting it to zero
Error in <TBasket::TBasket::Streamer>: The value of fNevBufSize (-866934573) or fIOBits (227) is incorrect ; setting the buffer to a zombie.
Error in <TCollectionLessSTLReader::GetCP()>: Read error in TBranchProxy.
Error in <TBasket::Streamer>: The value of fKeylen is incorrect (-19191) ; trying to recover by setting it to zero
Error in <TBasket::TBasket::Streamer>: The value of fNevBufSize (-1344425860) or fIOBits (0) is incorrect ; setting the buffer to a zombie.
Error in <TCollectionLessSTLReader::GetCP()>: Read error in TBranchProxy.
Error in <TBasket::Streamer>: The value of fKeylen is incorrect (-24948) ; trying to recover by setting it to zero
Error in <TBasket::Streamer>: The value of fObjlen is incorrect (-710856305) ; trying to recover by setting it to zero
Error in <TCollectionLessSTLReader::GetCP()>: Read error in TBranchProxy.
Error R__unzip_header: error in header.  Values: ab6
Error in <TBasket::ReadBasketBuffers>: Inconsistency found in header (nin=0, nbuf=0)
Error in <TBasket::ReadBasketBuffers>: fNbytes = 42079119, fKeylen = 6146, fObjlen = 1485380391, noutot = 0, nout=0, nin=0, nbuf=0
Error in <TCollectionLessSTLReader::GetCP()>: Read error in TBranchProxy.
Error in <TBasket::Streamer>: The value of fObjlen is incorrect (-1492237174) ; trying to recover by setting it to zero
Error in <TBasket::Streamer>: The value of fNbytes is incorrect (-45533579) ; trying to recover by setting it to zero
Error in <TCollectionLessSTLReader::GetCP()>: Read error in TBranchProxy.
Error in <TBasket::Streamer>: The value of fKeylen is incorrect (-31330) ; trying to recover by setting it to zero
Error in <TBasket::Streamer>: The value of fObjlen is incorrect (-1460296052) ; trying to recover by setting it to zero
Error in <TBasket::Streamer>: The value of fNbytes is incorrect (-845698399) ; trying to recover by setting it to zero
Error in <TCollectionLessSTLReader::GetCP()>: Read error in TBranchProxy.
Error in <TBasket::Streamer>: The value of fObjlen is incorrect (-1200424630) ; trying to recover by setting it to zero
Error in <TBasket::TBasket::Streamer>: The value of fNevBufSize (-866934573) or fIOBits (227) is incorrect ; setting the buffer to a zombie.
Error in <TCollectionLessSTLReader::GetCP()>: Read error in TBranchProxy.
Error in <TBasket::Streamer>: The value of fKeylen is incorrect (-19191) ; trying to recover by setting it to zero
Error in <TBasket::TBasket::Streamer>: The value of fNevBufSize (-1344425860) or fIOBits (0) is incorrect ; setting the buffer to a zombie.
Error in <TCollectionLessSTLReader::GetCP()>: Read error in TBranchProxy.
Error in <TBasket::Streamer>: The value of fKeylen is incorrect (-24948) ; trying to recover by setting it to zero
Error in <TBasket::Streamer>: The value of fObjlen is incorrect (-710856305) ; trying to recover by setting it to zero
Error in <TCollectionLessSTLReader::GetCP()>: Read error in TBranchProxy.
Error R__unzip_header: error in header.  Values: ab6
Error in <TBasket::ReadBasketBuffers>: Inconsistency found in header (nin=0, nbuf=0)
Error in <TBasket::ReadBasketBuffers>: fNbytes = 42079119, fKeylen = 6146, fObjlen = 1485380391, noutot = 0, nout=0, nin=0, nbuf=0
Error in <TCollectionLessSTLReader::GetCP()>: Read error in TBranchProxy.
Error in <TBasket::Streamer>: The value of fObjlen is incorrect (-1492237174) ; trying to recover by setting it to zero
Error in <TBasket::Streamer>: The value of fNbytes is incorrect (-45533579) ; trying to recover by setting it to zero
Error in <TCollectionLessSTLReader::GetCP()>: Read error in TBranchProxy.
Error in <TBasket::Streamer>: The value of fKeylen is incorrect (-31330) ; trying to recover by setting it to zero
Error in <TBasket::Streamer>: The value of fObjlen is incorrect (-1460296052) ; trying to recover by setting it to zero
Error in <TBasket::Streamer>: The value of fNbytes is incorrect (-845698399) ; trying to recover by setting it to zero
Error in <TCollectionLessSTLReader::GetCP()>: Read error in TBranchProxy.
Error in <TBasket::Streamer>: The value of fObjlen is incorrect (-1200424630) ; trying to recover by setting it to zero
Error in <TBasket::TBasket::Streamer>: The value of fNevBufSize (-866934573) or fIOBits (227) is incorrect ; setting the buffer to a zombie.
Error in <TCollectionLessSTLReader::GetCP()>: Read error in TBranchProxy.
Error in <TBasket::Streamer>: The value of fKeylen is incorrect (-19191) ; trying to recover by setting it to zero
Error in <TBasket::TBasket::Streamer>: The value of fNevBufSize (-1344425860) or fIOBits (0) is incorrect ; setting the buffer to a zombie.
Error in <TCollectionLessSTLReader::GetCP()>: Read error in TBranchProxy.
Error in <TBasket::Streamer>: The value of fKeylen is incorrect (-24948) ; trying to recover by setting it to zero
Error in <TBasket::Streamer>: The value of fObjlen is incorrect (-710856305) ; trying to recover by setting it to zero
Error in <TCollectionLessSTLReader::GetCP()>: Read error in TBranchProxy.
Error R__unzip_header: error in header.  Values: ab6
Error in <TBasket::ReadBasketBuffers>: Inconsistency found in header (nin=0, nbuf=0)
Error in <TBasket::ReadBasketBuffers>: fNbytes = 42079119, fKeylen = 6146, fObjlen = 1485380391, noutot = 0, nout=0, nin=0, nbuf=0
Error in <TCollectionLessSTLReader::GetCP()>: Read error in TBranchProxy.
Error in <TBasket::Streamer>: The value of fObjlen is incorrect (-1492237174) ; trying to recover by setting it to zero
Error in <TBasket::Streamer>: The value of fNbytes is incorrect (-45533579) ; trying to recover by setting it to zero
Error in <TCollectionLessSTLReader::GetCP()>: Read error in TBranchProxy.
Error in <TBasket::Streamer>: The value of fKeylen is incorrect (-31330) ; trying to recover by setting it to zero
Error in <TBasket::Streamer>: The value of fObjlen is incorrect (-1460296052) ; trying to recover by setting it to zero
Error in <TBasket::Streamer>: The value of fNbytes is incorrect (-845698399) ; trying to recover by setting it to zero
Error in <TCollectionLessSTLReader::GetCP()>: Read error in TBranchProxy.
Error in <TBasket::Streamer>: The value of fObjlen is incorrect (-1200424630) ; trying to recover by setting it to zero
Error in <TBasket::TBasket::Streamer>: The value of fNevBufSize (-866934573) or fIOBits (227) is incorrect ; setting the buffer to a zombie.
Error in <TCollectionLessSTLReader::GetCP()>: Read error in TBranchProxy.
Error in <TBasket::Streamer>: The value of fKeylen is incorrect (-19191) ; trying to recover by setting it to zero
Error in <TBasket::TBasket::Streamer>: The value of fNevBufSize (-1344425860) or fIOBits (0) is incorrect ; setting the buffer to a zombie.
Error in <TCollectionLessSTLReader::GetCP()>: Read error in TBranchProxy.
Error in <TBasket::Streamer>: The value of fKeylen is incorrect (-24948) ; trying to recover by setting it to zero
Error in <TBasket::Streamer>: The value of fObjlen is incorrect (-710856305) ; trying to recover by setting it to zero
Error in <TCollectionLessSTLReader::GetCP()>: Read error in TBranchProxy.
Error R__unzip_header: error in header.  Values: ab6
Error in <TBasket::ReadBasketBuffers>: Inconsistency found in header (nin=0, nbuf=0)
Error in <TBasket::ReadBasketBuffers>: fNbytes = 42079119, fKeylen = 6146, fObjlen = 1485380391, noutot = 0, nout=0, nin=0, nbuf=0
Error in <TCollectionLessSTLReader::GetCP()>: Read error in TBranchProxy.
Error in <TBasket::Streamer>: The value of fObjlen is incorrect (-1492237174) ; trying to recover by setting it to zero
Error in <TBasket::Streamer>: The value of fNbytes is incorrect (-45533579) ; trying to recover by setting it to zero
Error in <TCollectionLessSTLReader::GetCP()>: Read error in TBranchProxy.
Error in <TBasket::Streamer>: The value of fKeylen is incorrect (-31330) ; trying to recover by setting it to zero
Error in <TBasket::Streamer>: The value of fObjlen is incorrect (-1460296052) ; trying to recover by setting it to zero
Error in <TBasket::Streamer>: The value of fNbytes is incorrect (-845698399) ; trying to recover by setting it to zero
Error in <TCollectionLessSTLReader::GetCP()>: Read error in TBranchProxy.
Error in <TBasket::Streamer>: The value of fObjlen is incorrect (-1200424630) ; trying to recover by setting it to zero
Error in <TBasket::TBasket::Streamer>: The value of fNevBufSize (-866934573) or fIOBits (227) is incorrect ; setting the buffer to a zombie.
Error in <TCollectionLessSTLReader::GetCP()>: Read error in TBranchProxy.
Error in <TBasket::Streamer>: The value of fKeylen is incorrect (-19191) ; trying to recover by setting it to zero
Error in <TBasket::TBasket::Streamer>: The value of fNevBufSize (-1344425860) or fIOBits (0) is incorrect ; setting the buffer to a zombie.
Error in <TCollectionLessSTLReader::GetCP()>: Read error in TBranchProxy.
Error in <TBasket::Streamer>: The value of fKeylen is incorrect (-24948) ; trying to recover by setting it to zero
Error in <TBasket::Streamer>: The value of fObjlen is incorrect (-710856305) ; trying to recover by setting it to zero
Error in <TCollectionLessSTLReader::GetCP()>: Read error in TBranchProxy.
Error R__unzip_header: error in header.  Values: ab6
Error in <TBasket::ReadBasketBuffers>: Inconsistency found in header (nin=0, nbuf=0)
Error in <TBasket::ReadBasketBuffers>: fNbytes = 42079119, fKeylen = 6146, fObjlen = 1485380391, noutot = 0, nout=0, nin=0, nbuf=0
Error in <TCollectionLessSTLReader::GetCP()>: Read error in TBranchProxy.
Error in <TBasket::Streamer>: The value of fObjlen is incorrect (-1492237174) ; trying to recover by setting it to zero
Error in <TBasket::Streamer>: The value of fNbytes is incorrect (-45533579) ; trying to recover by setting it to zero
Error in <TCollectionLessSTLReader::GetCP()>: Read error in TBranchProxy.
Error in <TBasket::Streamer>: The value of fKeylen is incorrect (-31330) ; trying to recover by setting it to zero
Error in <TBasket::Streamer>: The value of fObjlen is incorrect (-1460296052) ; trying to recover by setting it to zero
Error in <TBasket::Streamer>: The value of fNbytes is incorrect (-845698399) ; trying to recover by setting it to zero
Error in <TCollectionLessSTLReader::GetCP()>: Read error in TBranchProxy.
Error in <TBasket::Streamer>: The value of fObjlen is incorrect (-1200424630) ; trying to recover by setting it to zero
Error in <TBasket::TBasket::Streamer>: The value of fNevBufSize (-866934573) or fIOBits (227) is incorrect ; setting the buffer to a zombie.
Error in <TCollectionLessSTLReader::GetCP()>: Read error in TBranchProxy.
Error in <TBasket::Streamer>: The value of fKeylen is incorrect (-19191) ; trying to recover by setting it to zero
Error in <TBasket::TBasket::Streamer>: The value of fNevBufSize (-1344425860) or fIOBits (0) is incorrect ; setting the buffer to a zombie.
Error in <TCollectionLessSTLReader::GetCP()>: Read error in TBranchProxy.
Error in <TBasket::Streamer>: The value of fKeylen is incorrect (-24948) ; trying to recover by setting it to zero
Error in <TBasket::Streamer>: The value of fObjlen is incorrect (-710856305) ; trying to recover by setting it to zero
Error in <TCollectionLessSTLReader::GetCP()>: Read error in TBranchProxy.
Error R__unzip_header: error in header.  Values: ab6
Error in <TBasket::ReadBasketBuffers>: Inconsistency found in header (nin=0, nbuf=0)
Error in <TBasket::ReadBasketBuffers>: fNbytes = 42079119, fKeylen = 6146, fObjlen = 1485380391, noutot = 0, nout=0, nin=0, nbuf=0
Error in <TCollectionLessSTLReader::GetCP()>: Read error in TBranchProxy.
Error in <TBasket::Streamer>: The value of fObjlen is incorrect (-1492237174) ; trying to recover by setting it to zero
Error in <TBasket::Streamer>: The value of fNbytes is incorrect (-45533579) ; trying to recover by setting it to zero
Error in <TCollectionLessSTLReader::GetCP()>: Read error in TBranchProxy.
Error in <TBasket::Streamer>: The value of fKeylen is incorrect (-31330) ; trying to recover by setting it to zero
Error in <TBasket::Streamer>: The value of fObjlen is incorrect (-1460296052) ; trying to recover by setting it to zero
Error in <TBasket::Streamer>: The value of fNbytes is incorrect (-845698399) ; trying to recover by setting it to zero
Error in <TCollectionLessSTLReader::GetCP()>: Read error in TBranchProxy.
Error in <TBasket::Streamer>: The value of fObjlen is incorrect (-1200424630) ; trying to recover by setting it to zero
Error in <TBasket::TBasket::Streamer>: The value of fNevBufSize (-866934573) or fIOBits (227) is incorrect ; setting the buffer to a zombie.
Error in <TCollectionLessSTLReader::GetCP()>: Read error in TBranchProxy.
Error in <TBasket::Streamer>: The value of fKeylen is incorrect (-19191) ; trying to recover by setting it to zero
Error in <TBasket::TBasket::Streamer>: The value of fNevBufSize (-1344425860) or fIOBits (0) is incorrect ; setting the buffer to a zombie.
Error in <TCollectionLessSTLReader::GetCP()>: Read error in TBranchProxy.
Error in <TBasket::Streamer>: The value of fKeylen is incorrect (-24948) ; trying to recover by setting it to zero
Error in <TBasket::Streamer>: The value of fObjlen is incorrect (-710856305) ; trying to recover by setting it to zero
Error in <TCollectionLessSTLReader::GetCP()>: Read error in TBranchProxy.
Error R__unzip_header: error in header.  Values: ab6
Error in <TBasket::ReadBasketBuffers>: Inconsistency found in header (nin=0, nbuf=0)
Error in <TBasket::ReadBasketBuffers>: fNbytes = 42079119, fKeylen = 6146, fObjlen = 1485380391, noutot = 0, nout=0, nin=0, nbuf=0
Error in <TCollectionLessSTLReader::GetCP()>: Read error in TBranchProxy.
Error in <TBasket::Streamer>: The value of fObjlen is incorrect (-1492237174) ; trying to recover by setting it to zero
Error in <TBasket::Streamer>: The value of fNbytes is incorrect (-45533579) ; trying to recover by setting it to zero
Error in <TCollectionLessSTLReader::GetCP()>: Read error in TBranchProxy.
Error in <TBasket::Streamer>: The value of fKeylen is incorrect (-31330) ; trying to recover by setting it to zero
Error in <TBasket::Streamer>: The value of fObjlen is incorrect (-1460296052) ; trying to recover by setting it to zero
Error in <TBasket::Streamer>: The value of fNbytes is incorrect (-845698399) ; trying to recover by setting it to zero
Error in <TCollectionLessSTLReader::GetCP()>: Read error in TBranchProxy.
Error in <TBasket::Streamer>: The value of fObjlen is incorrect (-1200424630) ; trying to recover by setting it to zero
Error in <TBasket::TBasket::Streamer>: The value of fNevBufSize (-866934573) or fIOBits (227) is incorrect ; setting the buffer to a zombie.
Error in <TCollectionLessSTLReader::GetCP()>: Read error in TBranchProxy.
Error in <TBasket::Streamer>: The value of fKeylen is incorrect (-19191) ; trying to recover by setting it to zero
Error in <TBasket::TBasket::Streamer>: The value of fNevBufSize (-1344425860) or fIOBits (0) is incorrect ; setting the buffer to a zombie.
Error in <TCollectionLessSTLReader::GetCP()>: Read error in TBranchProxy.
Error in <TBasket::Streamer>: The value of fKeylen is incorrect (-24948) ; trying to recover by setting it to zero
Error in <TBasket::Streamer>: The value of fObjlen is incorrect (-710856305) ; trying to recover by setting it to zero
Error in <TCollectionLessSTLReader::GetCP()>: Read error in TBranchProxy.
Error R__unzip_header: error in header.  Values: ab6
Error in <TBasket::ReadBasketBuffers>: Inconsistency found in header (nin=0, nbuf=0)
Error in <TBasket::ReadBasketBuffers>: fNbytes = 42079119, fKeylen = 6146, fObjlen = 1485380391, noutot = 0, nout=0, nin=0, nbuf=0
Error in <TCollectionLessSTLReader::GetCP()>: Read error in TBranchProxy.
Error in <TBasket::Streamer>: The value of fObjlen is incorrect (-1492237174) ; trying to recover by setting it to zero
Error in <TBasket::Streamer>: The value of fNbytes is incorrect (-45533579) ; trying to recover by setting it to zero
Error in <TCollectionLessSTLReader::GetCP()>: Read error in TBranchProxy.
Error in <TBasket::Streamer>: The value of fKeylen is incorrect (-31330) ; trying to recover by setting it to zero
Error in <TBasket::Streamer>: The value of fObjlen is incorrect (-1460296052) ; trying to recover by setting it to zero
Error in <TBasket::Streamer>: The value of fNbytes is incorrect (-845698399) ; trying to recover by setting it to zero
Error in <TCollectionLessSTLReader::GetCP()>: Read error in TBranchProxy.
Error in <TBasket::Streamer>: The value of fObjlen is incorrect (-1200424630) ; trying to recover by setting it to zero
Error in <TBasket::TBasket::Streamer>: The value of fNevBufSize (-866934573) or fIOBits (227) is incorrect ; setting the buffer to a zombie.
Error in <TCollectionLessSTLReader::GetCP()>: Read error in TBranchProxy.
Error in <TBasket::Streamer>: The value of fKeylen is incorrect (-19191) ; trying to recover by setting it to zero
Error in <TBasket::TBasket::Streamer>: The value of fNevBufSize (-1344425860) or fIOBits (0) is incorrect ; setting the buffer to a zombie.
Error in <TCollectionLessSTLReader::GetCP()>: Read error in TBranchProxy.
Error in <TBasket::Streamer>: The value of fKeylen is incorrect (-24948) ; trying to recover by setting it to zero
Error in <TBasket::Streamer>: The value of fObjlen is incorrect (-710856305) ; trying to recover by setting it to zero
Error in <TCollectionLessSTLReader::GetCP()>: Read error in TBranchProxy.
Error R__unzip_header: error in header.  Values: ab6
Error in <TBasket::ReadBasketBuffers>: Inconsistency found in header (nin=0, nbuf=0)
Error in <TBasket::ReadBasketBuffers>: fNbytes = 42079119, fKeylen = 6146, fObjlen = 1485380391, noutot = 0, nout=0, nin=0, nbuf=0
Error in <TCollectionLessSTLReader::GetCP()>: Read error in TBranchProxy.
Error in <TBasket::Streamer>: The value of fObjlen is incorrect (-1492237174) ; trying to recover by setting it to zero
Error in <TBasket::Streamer>: The value of fNbytes is incorrect (-45533579) ; trying to recover by setting it to zero
Error in <TCollectionLessSTLReader::GetCP()>: Read error in TBranchProxy.
Error in <TBasket::Streamer>: The value of fKeylen is incorrect (-31330) ; trying to recover by setting it to zero
Error in <TBasket::Streamer>: The value of fObjlen is incorrect (-1460296052) ; trying to recover by setting it to zero
Error in <TBasket::Streamer>: The value of fNbytes is incorrect (-845698399) ; trying to recover by setting it to zero
Error in <TCollectionLessSTLReader::GetCP()>: Read error in TBranchProxy.
Error in <TBasket::Streamer>: The value of fObjlen is incorrect (-1200424630) ; trying to recover by setting it to zero
Error in <TBasket::TBasket::Streamer>: The value of fNevBufSize (-866934573) or fIOBits (227) is incorrect ; setting the buffer to a zombie.
Error in <TCollectionLessSTLReader::GetCP()>: Read error in TBranchProxy.
Error in <TBasket::Streamer>: The value of fKeylen is incorrect (-19191) ; trying to recover by setting it to zero
Error in <TBasket::TBasket::Streamer>: The value of fNevBufSize (-1344425860) or fIOBits (0) is incorrect ; setting the buffer to a zombie.
Error in <TCollectionLessSTLReader::GetCP()>: Read error in TBranchProxy.
Error in <TBasket::Streamer>: The value of fKeylen is incorrect (-24948) ; trying to recover by setting it to zero
Error in <TBasket::Streamer>: The value of fObjlen is incorrect (-710856305) ; trying to recover by setting it to zero
Error in <TCollectionLessSTLReader::GetCP()>: Read error in TBranchProxy.
Error R__unzip_header: error in header.  Values: ab6
Error in <TBasket::ReadBasketBuffers>: Inconsistency found in header (nin=0, nbuf=0)
Error in <TBasket::ReadBasketBuffers>: fNbytes = 42079119, fKeylen = 6146, fObjlen = 1485380391, noutot = 0, nout=0, nin=0, nbuf=0
Error in <TCollectionLessSTLReader::GetCP()>: Read error in TBranchProxy.
Error in <TBasket::Streamer>: The value of fObjlen is incorrect (-1492237174) ; trying to recover by setting it to zero
Error in <TBasket::Streamer>: The value of fNbytes is incorrect (-45533579) ; trying to recover by setting it to zero
Error in <TCollectionLessSTLReader::GetCP()>: Read error in TBranchProxy.
Error in <TBasket::Streamer>: The value of fKeylen is incorrect (-31330) ; trying to recover by setting it to zero
Error in <TBasket::Streamer>: The value of fObjlen is incorrect (-1460296052) ; trying to recover by setting it to zero
Error in <TBasket::Streamer>: The value of fNbytes is incorrect (-845698399) ; trying to recover by setting it to zero
Error in <TCollectionLessSTLReader::GetCP()>: Read error in TBranchProxy.
Error in <TBasket::Streamer>: The value of fObjlen is incorrect (-1200424630) ; trying to recover by setting it to zero
Error in <TBasket::TBasket::Streamer>: The value of fNevBufSize (-866934573) or fIOBits (227) is incorrect ; setting the buffer to a zombie.
Error in <TCollectionLessSTLReader::GetCP()>: Read error in TBranchProxy.
Error in <TBasket::Streamer>: The value of fKeylen is incorrect (-19191) ; trying to recover by setting it to zero
Error in <TBasket::TBasket::Streamer>: The value of fNevBufSize (-1344425860) or fIOBits (0) is incorrect ; setting the buffer to a zombie.
Error in <TCollectionLessSTLReader::GetCP()>: Read error in TBranchProxy.
Error in <TBasket::Streamer>: The value of fKeylen is incorrect (-24948) ; trying to recover by setting it to zero
Error in <TBasket::Streamer>: The value of fObjlen is incorrect (-710856305) ; trying to recover by setting it to zero
Error in <TCollectionLessSTLReader::GetCP()>: Read error in TBranchProxy.
Error R__unzip_header: error in header.  Values: ab6
Error in <TBasket::ReadBasketBuffers>: Inconsistency found in header (nin=0, nbuf=0)
Error in <TBasket::ReadBasketBuffers>: fNbytes = 42079119, fKeylen = 6146, fObjlen = 1485380391, noutot = 0, nout=0, nin=0, nbuf=0
Error in <TCollectionLessSTLReader::GetCP()>: Read error in TBranchProxy.
Error in <TBasket::Streamer>: The value of fObjlen is incorrect (-1492237174) ; trying to recover by setting it to zero
Error in <TBasket::Streamer>: The value of fNbytes is incorrect (-45533579) ; trying to recover by setting it to zero
Error in <TCollectionLessSTLReader::GetCP()>: Read error in TBranchProxy.
Error in <TBasket::Streamer>: The value of fKeylen is incorrect (-31330) ; trying to recover by setting it to zero
Error in <TBasket::Streamer>: The value of fObjlen is incorrect (-1460296052) ; trying to recover by setting it to zero
Error in <TBasket::Streamer>: The value of fNbytes is incorrect (-845698399) ; trying to recover by setting it to zero
Error in <TCollectionLessSTLReader::GetCP()>: Read error in TBranchProxy.
Error in <TBasket::Streamer>: The value of fObjlen is incorrect (-1200424630) ; trying to recover by setting it to zero
Error in <TBasket::TBasket::Streamer>: The value of fNevBufSize (-866934573) or fIOBits (227) is incorrect ; setting the buffer to a zombie.
Error in <TCollectionLessSTLReader::GetCP()>: Read error in TBranchProxy.
Error in <TBasket::Streamer>: The value of fKeylen is incorrect (-19191) ; trying to recover by setting it to zero
Error in <TBasket::TBasket::Streamer>: The value of fNevBufSize (-1344425860) or fIOBits (0) is incorrect ; setting the buffer to a zombie.
Error in <TCollectionLessSTLReader::GetCP()>: Read error in TBranchProxy.
Error in <TBasket::Streamer>: The value of fKeylen is incorrect (-24948) ; trying to recover by setting it to zero
Error in <TBasket::Streamer>: The value of fObjlen is incorrect (-710856305) ; trying to recover by setting it to zero
Error in <TCollectionLessSTLReader::GetCP()>: Read error in TBranchProxy.
Error R__unzip_header: error in header.  Values: ab6
Error in <TBasket::ReadBasketBuffers>: Inconsistency found in header (nin=0, nbuf=0)
Error in <TBasket::ReadBasketBuffers>: fNbytes = 42079119, fKeylen = 6146, fObjlen = 1485380391, noutot = 0, nout=0, nin=0, nbuf=0
Error in <TCollectionLessSTLReader::GetCP()>: Read error in TBranchProxy.
Error in <TBasket::Streamer>: The value of fObjlen is incorrect (-1492237174) ; trying to recover by setting it to zero
Error in <TBasket::Streamer>: The value of fNbytes is incorrect (-45533579) ; trying to recover by setting it to zero
Error in <TCollectionLessSTLReader::GetCP()>: Read error in TBranchProxy.
Error in <TBasket::Streamer>: The value of fKeylen is incorrect (-31330) ; trying to recover by setting it to zero
Error in <TBasket::Streamer>: The value of fObjlen is incorrect (-1460296052) ; trying to recover by setting it to zero
Error in <TBasket::Streamer>: The value of fNbytes is incorrect (-845698399) ; trying to recover by setting it to zero
Error in <TCollectionLessSTLReader::GetCP()>: Read error in TBranchProxy.
Error in <TBasket::Streamer>: The value of fObjlen is incorrect (-1200424630) ; trying to recover by setting it to zero
Error in <TBasket::TBasket::Streamer>: The value of fNevBufSize (-866934573) or fIOBits (227) is incorrect ; setting the buffer to a zombie.
Error in <TCollectionLessSTLReader::GetCP()>: Read error in TBranchProxy.
Error in <TBasket::Streamer>: The value of fKeylen is incorrect (-19191) ; trying to recover by setting it to zero
Error in <TBasket::TBasket::Streamer>: The value of fNevBufSize (-1344425860) or fIOBits (0) is incorrect ; setting the buffer to a zombie.
Error in <TCollectionLessSTLReader::GetCP()>: Read error in TBranchProxy.
Error in <TBasket::Streamer>: The value of fKeylen is incorrect (-24948) ; trying to recover by setting it to zero
Error in <TBasket::Streamer>: The value of fObjlen is incorrect (-710856305) ; trying to recover by setting it to zero
Error in <TCollectionLessSTLReader::GetCP()>: Read error in TBranchProxy.
Error R__unzip_header: error in header.  Values: ab6
Error in <TBasket::ReadBasketBuffers>: Inconsistency found in header (nin=0, nbuf=0)
Error in <TBasket::ReadBasketBuffers>: fNbytes = 42079119, fKeylen = 6146, fObjlen = 1485380391, noutot = 0, nout=0, nin=0, nbuf=0
Error in <TCollectionLessSTLReader::GetCP()>: Read error in TBranchProxy.
Error in <TBasket::Streamer>: The value of fObjlen is incorrect (-1492237174) ; trying to recover by setting it to zero
Error in <TBasket::Streamer>: The value of fNbytes is incorrect (-45533579) ; trying to recover by setting it to zero
Error in <TCollectionLessSTLReader::GetCP()>: Read error in TBranchProxy.
Error in <TBasket::Streamer>: The value of fKeylen is incorrect (-31330) ; trying to recover by setting it to zero
Error in <TBasket::Streamer>: The value of fObjlen is incorrect (-1460296052) ; trying to recover by setting it to zero
Error in <TBasket::Streamer>: The value of fNbytes is incorrect (-845698399) ; trying to recover by setting it to zero
Error in <TCollectionLessSTLReader::GetCP()>: Read error in TBranchProxy.
Error in <TBasket::Streamer>: The value of fObjlen is incorrect (-1200424630) ; trying to recover by setting it to zero
Error in <TBasket::TBasket::Streamer>: The value of fNevBufSize (-866934573) or fIOBits (227) is incorrect ; setting the buffer to a zombie.
Error in <TCollectionLessSTLReader::GetCP()>: Read error in TBranchProxy.
Error in <TBasket::Streamer>: The value of fKeylen is incorrect (-19191) ; trying to recover by setting it to zero
Error in <TBasket::TBasket::Streamer>: The value of fNevBufSize (-1344425860) or fIOBits (0) is incorrect ; setting the buffer to a zombie.
Error in <TCollectionLessSTLReader::GetCP()>: Read error in TBranchProxy.
Error in <TBasket::Streamer>: The value of fKeylen is incorrect (-24948) ; trying to recover by setting it to zero
Error in <TBasket::Streamer>: The value of fObjlen is incorrect (-710856305) ; trying to recover by setting it to zero
Error in <TCollectionLessSTLReader::GetCP()>: Read error in TBranchProxy.
Error R__unzip_header: error in header.  Values: ab6
Error in <TBasket::ReadBasketBuffers>: Inconsistency found in header (nin=0, nbuf=0)
Error in <TBasket::ReadBasketBuffers>: fNbytes = 42079119, fKeylen = 6146, fObjlen = 1485380391, noutot = 0, nout=0, nin=0, nbuf=0
Error in <TCollectionLessSTLReader::GetCP()>: Read error in TBranchProxy.
Error in <TBasket::Streamer>: The value of fObjlen is incorrect (-1492237174) ; trying to recover by setting it to zero
Error in <TBasket::Streamer>: The value of fNbytes is incorrect (-45533579) ; trying to recover by setting it to zero
Error in <TCollectionLessSTLReader::GetCP()>: Read error in TBranchProxy.
Error in <TBasket::Streamer>: The value of fKeylen is incorrect (-31330) ; trying to recover by setting it to zero
Error in <TBasket::Streamer>: The value of fObjlen is incorrect (-1460296052) ; trying to recover by setting it to zero
Error in <TBasket::Streamer>: The value of fNbytes is incorrect (-845698399) ; trying to recover by setting it to zero
Error in <TCollectionLessSTLReader::GetCP()>: Read error in TBranchProxy.
Error in <TBasket::Streamer>: The value of fObjlen is incorrect (-1200424630) ; trying to recover by setting it to zero
Error in <TBasket::TBasket::Streamer>: The value of fNevBufSize (-866934573) or fIOBits (227) is incorrect ; setting the buffer to a zombie.
Error in <TCollectionLessSTLReader::GetCP()>: Read error in TBranchProxy.
Error in <TBasket::Streamer>: The value of fKeylen is incorrect (-19191) ; trying to recover by setting it to zero
Error in <TBasket::TBasket::Streamer>: The value of fNevBufSize (-1344425860) or fIOBits (0) is incorrect ; setting the buffer to a zombie.
Error in <TCollectionLessSTLReader::GetCP()>: Read error in TBranchProxy.
Error in <TBasket::Streamer>: The value of fKeylen is incorrect (-24948) ; trying to recover by setting it to zero
Error in <TBasket::Streamer>: The value of fObjlen is incorrect (-710856305) ; trying to recover by setting it to zero
Error in <TCollectionLessSTLReader::GetCP()>: Read error in TBranchProxy.
Error R__unzip_header: error in header.  Values: ab6
Error in <TBasket::ReadBasketBuffers>: Inconsistency found in header (nin=0, nbuf=0)
Error in <TBasket::ReadBasketBuffers>: fNbytes = 42079119, fKeylen = 6146, fObjlen = 1485380391, noutot = 0, nout=0, nin=0, nbuf=0
Error in <TCollectionLessSTLReader::GetCP()>: Read error in TBranchProxy.
Error in <TBasket::Streamer>: The value of fObjlen is incorrect (-1492237174) ; trying to recover by setting it to zero
Error in <TBasket::Streamer>: The value of fNbytes is incorrect (-45533579) ; trying to recover by setting it to zero
Error in <TCollectionLessSTLReader::GetCP()>: Read error in TBranchProxy.
Error in <TBasket::Streamer>: The value of fKeylen is incorrect (-31330) ; trying to recover by setting it to zero
Error in <TBasket::Streamer>: The value of fObjlen is incorrect (-1460296052) ; trying to recover by setting it to zero
Error in <TBasket::Streamer>: The value of fNbytes is incorrect (-845698399) ; trying to recover by setting it to zero
Error in <TCollectionLessSTLReader::GetCP()>: Read error in TBranchProxy.
Error in <TBasket::Streamer>: The value of fObjlen is incorrect (-1200424630) ; trying to recover by setting it to zero
Error in <TBasket::TBasket::Streamer>: The value of fNevBufSize (-866934573) or fIOBits (227) is incorrect ; setting the buffer to a zombie.
Error in <TCollectionLessSTLReader::GetCP()>: Read error in TBranchProxy.
Error in <TBasket::Streamer>: The value of fKeylen is incorrect (-19191) ; trying to recover by setting it to zero
Error in <TBasket::TBasket::Streamer>: The value of fNevBufSize (-1344425860) or fIOBits (0) is incorrect ; setting the buffer to a zombie.
Error in <TCollectionLessSTLReader::GetCP()>: Read error in TBranchProxy.
Error in <TBasket::Streamer>: The value of fKeylen is incorrect (-24948) ; trying to recover by setting it to zero
Error in <TBasket::Streamer>: The value of fObjlen is incorrect (-710856305) ; trying to recover by setting it to zero
Error in <TCollectionLessSTLReader::GetCP()>: Read error in TBranchProxy.
Error R__unzip_header: error in header.  Values: ab6
Error in <TBasket::ReadBasketBuffers>: Inconsistency found in header (nin=0, nbuf=0)
Error in <TBasket::ReadBasketBuffers>: fNbytes = 42079119, fKeylen = 6146, fObjlen = 1485380391, noutot = 0, nout=0, nin=0, nbuf=0
Error in <TCollectionLessSTLReader::GetCP()>: Read error in TBranchProxy.
Error in <TBasket::Streamer>: The value of fObjlen is incorrect (-1492237174) ; trying to recover by setting it to zero
Error in <TBasket::Streamer>: The value of fNbytes is incorrect (-45533579) ; trying to recover by setting it to zero
Error in <TCollectionLessSTLReader::GetCP()>: Read error in TBranchProxy.
Error in <TBasket::Streamer>: The value of fKeylen is incorrect (-31330) ; trying to recover by setting it to zero
Error in <TBasket::Streamer>: The value of fObjlen is incorrect (-1460296052) ; trying to recover by setting it to zero
Error in <TBasket::Streamer>: The value of fNbytes is incorrect (-845698399) ; trying to recover by setting it to zero
Error in <TCollectionLessSTLReader::GetCP()>: Read error in TBranchProxy.
Error in <TBasket::Streamer>: The value of fObjlen is incorrect (-1200424630) ; trying to recover by setting it to zero
Error in <TBasket::TBasket::Streamer>: The value of fNevBufSize (-866934573) or fIOBits (227) is incorrect ; setting the buffer to a zombie.
Error in <TCollectionLessSTLReader::GetCP()>: Read error in TBranchProxy.
Error in <TBasket::Streamer>: The value of fKeylen is incorrect (-19191) ; trying to recover by setting it to zero
Error in <TBasket::TBasket::Streamer>: The value of fNevBufSize (-1344425860) or fIOBits (0) is incorrect ; setting the buffer to a zombie.
Error in <TCollectionLessSTLReader::GetCP()>: Read error in TBranchProxy.
Error in <TBasket::Streamer>: The value of fKeylen is incorrect (-24948) ; trying to recover by setting it to zero
Error in <TBasket::Streamer>: The value of fObjlen is incorrect (-710856305) ; trying to recover by setting it to zero
Error in <TCollectionLessSTLReader::GetCP()>: Read error in TBranchProxy.
Error R__unzip_header: error in header.  Values: ab6
Error in <TBasket::ReadBasketBuffers>: Inconsistency found in header (nin=0, nbuf=0)
Error in <TBasket::ReadBasketBuffers>: fNbytes = 42079119, fKeylen = 6146, fObjlen = 1485380391, noutot = 0, nout=0, nin=0, nbuf=0
Error in <TCollectionLessSTLReader::GetCP()>: Read error in TBranchProxy.
Error in <TBasket::Streamer>: The value of fObjlen is incorrect (-1492237174) ; trying to recover by setting it to zero
Error in <TBasket::Streamer>: The value of fNbytes is incorrect (-45533579) ; trying to recover by setting it to zero
Error in <TCollectionLessSTLReader::GetCP()>: Read error in TBranchProxy.
Error in <TBasket::Streamer>: The value of fKeylen is incorrect (-31330) ; trying to recover by setting it to zero
Error in <TBasket::Streamer>: The value of fObjlen is incorrect (-1460296052) ; trying to recover by setting it to zero
Error in <TBasket::Streamer>: The value of fNbytes is incorrect (-845698399) ; trying to recover by setting it to zero
Error in <TCollectionLessSTLReader::GetCP()>: Read error in TBranchProxy.
Error in <TBasket::Streamer>: The value of fObjlen is incorrect (-1200424630) ; trying to recover by setting it to zero
Error in <TBasket::TBasket::Streamer>: The value of fNevBufSize (-866934573) or fIOBits (227) is incorrect ; setting the buffer to a zombie.
Error in <TCollectionLessSTLReader::GetCP()>: Read error in TBranchProxy.
Error in <TBasket::Streamer>: The value of fKeylen is incorrect (-19191) ; trying to recover by setting it to zero
Error in <TBasket::TBasket::Streamer>: The value of fNevBufSize (-1344425860) or fIOBits (0) is incorrect ; setting the buffer to a zombie.
Error in <TCollectionLessSTLReader::GetCP()>: Read error in TBranchProxy.
Error in <TBasket::Streamer>: The value of fKeylen is incorrect (-24948) ; trying to recover by setting it to zero
Error in <TBasket::Streamer>: The value of fObjlen is incorrect (-710856305) ; trying to recover by setting it to zero
Error in <TCollectionLessSTLReader::GetCP()>: Read error in TBranchProxy.
Error R__unzip_header: error in header.  Values: ab6
Error in <TBasket::ReadBasketBuffers>: Inconsistency found in header (nin=0, nbuf=0)
Error in <TBasket::ReadBasketBuffers>: fNbytes = 42079119, fKeylen = 6146, fObjlen = 1485380391, noutot = 0, nout=0, nin=0, nbuf=0
Error in <TCollectionLessSTLReader::GetCP()>: Read error in TBranchProxy.
Error in <TBasket::Streamer>: The value of fObjlen is incorrect (-1492237174) ; trying to recover by setting it to zero
Error in <TBasket::Streamer>: The value of fNbytes is incorrect (-45533579) ; trying to recover by setting it to zero
Error in <TCollectionLessSTLReader::GetCP()>: Read error in TBranchProxy.
Error in <TBasket::Streamer>: The value of fKeylen is incorrect (-31330) ; trying to recover by setting it to zero
Error in <TBasket::Streamer>: The value of fObjlen is incorrect (-1460296052) ; trying to recover by setting it to zero
Error in <TBasket::Streamer>: The value of fNbytes is incorrect (-845698399) ; trying to recover by setting it to zero
Error in <TCollectionLessSTLReader::GetCP()>: Read error in TBranchProxy.
Error in <TBasket::Streamer>: The value of fObjlen is incorrect (-1200424630) ; trying to recover by setting it to zero
Error in <TBasket::TBasket::Streamer>: The value of fNevBufSize (-866934573) or fIOBits (227) is incorrect ; setting the buffer to a zombie.
Error in <TCollectionLessSTLReader::GetCP()>: Read error in TBranchProxy.
Error in <TBasket::Streamer>: The value of fKeylen is incorrect (-19191) ; trying to recover by setting it to zero
Error in <TBasket::TBasket::Streamer>: The value of fNevBufSize (-1344425860) or fIOBits (0) is incorrect ; setting the buffer to a zombie.
Error in <TCollectionLessSTLReader::GetCP()>: Read error in TBranchProxy.
Error in <TBasket::Streamer>: The value of fKeylen is incorrect (-24948) ; trying to recover by setting it to zero
Error in <TBasket::Streamer>: The value of fObjlen is incorrect (-710856305) ; trying to recover by setting it to zero
Error in <TCollectionLessSTLReader::GetCP()>: Read error in TBranchProxy.
Error R__unzip_header: error in header.  Values: ab6
Error in <TBasket::ReadBasketBuffers>: Inconsistency found in header (nin=0, nbuf=0)
Error in <TBasket::ReadBasketBuffers>: fNbytes = 42079119, fKeylen = 6146, fObjlen = 1485380391, noutot = 0, nout=0, nin=0, nbuf=0
Error in <TCollectionLessSTLReader::GetCP()>: Read error in TBranchProxy.
Error in <TBasket::Streamer>: The value of fObjlen is incorrect (-1492237174) ; trying to recover by setting it to zero
Error in <TBasket::Streamer>: The value of fNbytes is incorrect (-45533579) ; trying to recover by setting it to zero
Error in <TCollectionLessSTLReader::GetCP()>: Read error in TBranchProxy.
Error in <TBasket::Streamer>: The value of fKeylen is incorrect (-31330) ; trying to recover by setting it to zero
Error in <TBasket::Streamer>: The value of fObjlen is incorrect (-1460296052) ; trying to recover by setting it to zero
Error in <TBasket::Streamer>: The value of fNbytes is incorrect (-845698399) ; trying to recover by setting it to zero
Error in <TCollectionLessSTLReader::GetCP()>: Read error in TBranchProxy.
Error in <TBasket::Streamer>: The value of fObjlen is incorrect (-1200424630) ; trying to recover by setting it to zero
Error in <TBasket::TBasket::Streamer>: The value of fNevBufSize (-866934573) or fIOBits (227) is incorrect ; setting the buffer to a zombie.
Error in <TCollectionLessSTLReader::GetCP()>: Read error in TBranchProxy.
Error in <TBasket::Streamer>: The value of fKeylen is incorrect (-19191) ; trying to recover by setting it to zero
Error in <TBasket::TBasket::Streamer>: The value of fNevBufSize (-1344425860) or fIOBits (0) is incorrect ; setting the buffer to a zombie.
Error in <TCollectionLessSTLReader::GetCP()>: Read error in TBranchProxy.
Error in <TBasket::Streamer>: The value of fKeylen is incorrect (-24948) ; trying to recover by setting it to zero
Error in <TBasket::Streamer>: The value of fObjlen is incorrect (-710856305) ; trying to recover by setting it to zero
Error in <TCollectionLessSTLReader::GetCP()>: Read error in TBranchProxy.
Error R__unzip_header: error in header.  Values: ab6
Error in <TBasket::ReadBasketBuffers>: Inconsistency found in header (nin=0, nbuf=0)
Error in <TBasket::ReadBasketBuffers>: fNbytes = 42079119, fKeylen = 6146, fObjlen = 1485380391, noutot = 0, nout=0, nin=0, nbuf=0
Error in <TCollectionLessSTLReader::GetCP()>: Read error in TBranchProxy.
Error in <TBasket::Streamer>: The value of fObjlen is incorrect (-1492237174) ; trying to recover by setting it to zero
Error in <TBasket::Streamer>: The value of fNbytes is incorrect (-45533579) ; trying to recover by setting it to zero
Error in <TCollectionLessSTLReader::GetCP()>: Read error in TBranchProxy.
Error in <TBasket::Streamer>: The value of fKeylen is incorrect (-31330) ; trying to recover by setting it to zero
Error in <TBasket::Streamer>: The value of fObjlen is incorrect (-1460296052) ; trying to recover by setting it to zero
Error in <TBasket::Streamer>: The value of fNbytes is incorrect (-845698399) ; trying to recover by setting it to zero
Error in <TCollectionLessSTLReader::GetCP()>: Read error in TBranchProxy.
Error in <TBasket::Streamer>: The value of fObjlen is incorrect (-1200424630) ; trying to recover by setting it to zero
Error in <TBasket::TBasket::Streamer>: The value of fNevBufSize (-866934573) or fIOBits (227) is incorrect ; setting the buffer to a zombie.
Error in <TCollectionLessSTLReader::GetCP()>: Read error in TBranchProxy.
Error in <TBasket::Streamer>: The value of fKeylen is incorrect (-19191) ; trying to recover by setting it to zero
Error in <TBasket::TBasket::Streamer>: The value of fNevBufSize (-1344425860) or fIOBits (0) is incorrect ; setting the buffer to a zombie.
Error in <TCollectionLessSTLReader::GetCP()>: Read error in TBranchProxy.
Error in <TBasket::Streamer>: The value of fKeylen is incorrect (-24948) ; trying to recover by setting it to zero
Error in <TBasket::Streamer>: The value of fObjlen is incorrect (-710856305) ; trying to recover by setting it to zero
Error in <TCollectionLessSTLReader::GetCP()>: Read error in TBranchProxy.
Error R__unzip_header: error in header.  Values: ab6
Error in <TBasket::ReadBasketBuffers>: Inconsistency found in header (nin=0, nbuf=0)
Error in <TBasket::ReadBasketBuffers>: fNbytes = 42079119, fKeylen = 6146, fObjlen = 1485380391, noutot = 0, nout=0, nin=0, nbuf=0
Error in <TCollectionLessSTLReader::GetCP()>: Read error in TBranchProxy.
Error in <TBasket::Streamer>: The value of fObjlen is incorrect (-1492237174) ; trying to recover by setting it to zero
Error in <TBasket::Streamer>: The value of fNbytes is incorrect (-45533579) ; trying to recover by setting it to zero
Error in <TCollectionLessSTLReader::GetCP()>: Read error in TBranchProxy.
Error in <TBasket::Streamer>: The value of fKeylen is incorrect (-31330) ; trying to recover by setting it to zero
Error in <TBasket::Streamer>: The value of fObjlen is incorrect (-1460296052) ; trying to recover by setting it to zero
Error in <TBasket::Streamer>: The value of fNbytes is incorrect (-845698399) ; trying to recover by setting it to zero
Error in <TCollectionLessSTLReader::GetCP()>: Read error in TBranchProxy.
Error in <TBasket::Streamer>: The value of fObjlen is incorrect (-1200424630) ; trying to recover by setting it to zero
Error in <TBasket::TBasket::Streamer>: The value of fNevBufSize (-866934573) or fIOBits (227) is incorrect ; setting the buffer to a zombie.
Error in <TCollectionLessSTLReader::GetCP()>: Read error in TBranchProxy.
Error in <TBasket::Streamer>: The value of fKeylen is incorrect (-19191) ; trying to recover by setting it to zero
Error in <TBasket::TBasket::Streamer>: The value of fNevBufSize (-1344425860) or fIOBits (0) is incorrect ; setting the buffer to a zombie.
Error in <TCollectionLessSTLReader::GetCP()>: Read error in TBranchProxy.
Error in <TBasket::Streamer>: The value of fKeylen is incorrect (-24948) ; trying to recover by setting it to zero
Error in <TBasket::Streamer>: The value of fObjlen is incorrect (-710856305) ; trying to recover by setting it to zero
Error in <TCollectionLessSTLReader::GetCP()>: Read error in TBranchProxy.
Error R__unzip_header: error in header.  Values: ab6
Error in <TBasket::ReadBasketBuffers>: Inconsistency found in header (nin=0, nbuf=0)
Error in <TBasket::ReadBasketBuffers>: fNbytes = 42079119, fKeylen = 6146, fObjlen = 1485380391, noutot = 0, nout=0, nin=0, nbuf=0
Error in <TCollectionLessSTLReader::GetCP()>: Read error in TBranchProxy.
Error in <TBasket::Streamer>: The value of fObjlen is incorrect (-1492237174) ; trying to recover by setting it to zero
Error in <TBasket::Streamer>: The value of fNbytes is incorrect (-45533579) ; trying to recover by setting it to zero
Error in <TCollectionLessSTLReader::GetCP()>: Read error in TBranchProxy.
Error in <TBasket::Streamer>: The value of fKeylen is incorrect (-31330) ; trying to recover by setting it to zero
Error in <TBasket::Streamer>: The value of fObjlen is incorrect (-1460296052) ; trying to recover by setting it to zero
Error in <TBasket::Streamer>: The value of fNbytes is incorrect (-845698399) ; trying to recover by setting it to zero
Error in <TCollectionLessSTLReader::GetCP()>: Read error in TBranchProxy.
Error in <TBasket::Streamer>: The value of fObjlen is incorrect (-1200424630) ; trying to recover by setting it to zero
Error in <TBasket::TBasket::Streamer>: The value of fNevBufSize (-866934573) or fIOBits (227) is incorrect ; setting the buffer to a zombie.
Error in <TCollectionLessSTLReader::GetCP()>: Read error in TBranchProxy.
Error in <TBasket::Streamer>: The value of fKeylen is incorrect (-19191) ; trying to recover by setting it to zero
Error in <TBasket::TBasket::Streamer>: The value of fNevBufSize (-1344425860) or fIOBits (0) is incorrect ; setting the buffer to a zombie.
Error in <TCollectionLessSTLReader::GetCP()>: Read error in TBranchProxy.
Error in <TBasket::Streamer>: The value of fKeylen is incorrect (-24948) ; trying to recover by setting it to zero
Error in <TBasket::Streamer>: The value of fObjlen is incorrect (-710856305) ; trying to recover by setting it to zero
Error in <TCollectionLessSTLReader::GetCP()>: Read error in TBranchProxy.
Error R__unzip_header: error in header.  Values: ab6
Error in <TBasket::ReadBasketBuffers>: Inconsistency found in header (nin=0, nbuf=0)
Error in <TBasket::ReadBasketBuffers>: fNbytes = 42079119, fKeylen = 6146, fObjlen = 1485380391, noutot = 0, nout=0, nin=0, nbuf=0
Error in <TCollectionLessSTLReader::GetCP()>: Read error in TBranchProxy.
Error in <TBasket::Streamer>: The value of fObjlen is incorrect (-1492237174) ; trying to recover by setting it to zero
Error in <TBasket::Streamer>: The value of fNbytes is incorrect (-45533579) ; trying to recover by setting it to zero
Error in <TCollectionLessSTLReader::GetCP()>: Read error in TBranchProxy.
Error in <TBasket::Streamer>: The value of fKeylen is incorrect (-31330) ; trying to recover by setting it to zero
Error in <TBasket::Streamer>: The value of fObjlen is incorrect (-1460296052) ; trying to recover by setting it to zero
Error in <TBasket::Streamer>: The value of fNbytes is incorrect (-845698399) ; trying to recover by setting it to zero
Error in <TCollectionLessSTLReader::GetCP()>: Read error in TBranchProxy.
Error in <TBasket::Streamer>: The value of fObjlen is incorrect (-1200424630) ; trying to recover by setting it to zero
Error in <TBasket::TBasket::Streamer>: The value of fNevBufSize (-866934573) or fIOBits (227) is incorrect ; setting the buffer to a zombie.
Error in <TCollectionLessSTLReader::GetCP()>: Read error in TBranchProxy.
Error in <TBasket::Streamer>: The value of fKeylen is incorrect (-19191) ; trying to recover by setting it to zero
Error in <TBasket::TBasket::Streamer>: The value of fNevBufSize (-1344425860) or fIOBits (0) is incorrect ; setting the buffer to a zombie.
Error in <TCollectionLessSTLReader::GetCP()>: Read error in TBranchProxy.
Error in <TBasket::Streamer>: The value of fKeylen is incorrect (-24948) ; trying to recover by setting it to zero
Error in <TBasket::Streamer>: The value of fObjlen is incorrect (-710856305) ; trying to recover by setting it to zero
Error in <TCollectionLessSTLReader::GetCP()>: Read error in TBranchProxy.
Error R__unzip_header: error in header.  Values: ab6
Error in <TBasket::ReadBasketBuffers>: Inconsistency found in header (nin=0, nbuf=0)
Error in <TBasket::ReadBasketBuffers>: fNbytes = 42079119, fKeylen = 6146, fObjlen = 1485380391, noutot = 0, nout=0, nin=0, nbuf=0
Error in <TCollectionLessSTLReader::GetCP()>: Read error in TBranchProxy.
Error in <TBasket::Streamer>: The value of fObjlen is incorrect (-1492237174) ; trying to recover by setting it to zero
Error in <TBasket::Streamer>: The value of fNbytes is incorrect (-45533579) ; trying to recover by setting it to zero
Error in <TCollectionLessSTLReader::GetCP()>: Read error in TBranchProxy.
Error in <TBasket::Streamer>: The value of fKeylen is incorrect (-31330) ; trying to recover by setting it to zero
Error in <TBasket::Streamer>: The value of fObjlen is incorrect (-1460296052) ; trying to recover by setting it to zero
Error in <TBasket::Streamer>: The value of fNbytes is incorrect (-845698399) ; trying to recover by setting it to zero
Error in <TCollectionLessSTLReader::GetCP()>: Read error in TBranchProxy.
Error in <TBasket::Streamer>: The value of fObjlen is incorrect (-1200424630) ; trying to recover by setting it to zero
Error in <TBasket::TBasket::Streamer>: The value of fNevBufSize (-866934573) or fIOBits (227) is incorrect ; setting the buffer to a zombie.
Error in <TCollectionLessSTLReader::GetCP()>: Read error in TBranchProxy.
Error in <TBasket::Streamer>: The value of fKeylen is incorrect (-19191) ; trying to recover by setting it to zero
Error in <TBasket::TBasket::Streamer>: The value of fNevBufSize (-1344425860) or fIOBits (0) is incorrect ; setting the buffer to a zombie.
Error in <TCollectionLessSTLReader::GetCP()>: Read error in TBranchProxy.
Error in <TBasket::Streamer>: The value of fKeylen is incorrect (-24948) ; trying to recover by setting it to zero
Error in <TBasket::Streamer>: The value of fObjlen is incorrect (-710856305) ; trying to recover by setting it to zero
Error in <TCollectionLessSTLReader::GetCP()>: Read error in TBranchProxy.
Error R__unzip_header: error in header.  Values: ab6
Error in <TBasket::ReadBasketBuffers>: Inconsistency found in header (nin=0, nbuf=0)
Error in <TBasket::ReadBasketBuffers>: fNbytes = 42079119, fKeylen = 6146, fObjlen = 1485380391, noutot = 0, nout=0, nin=0, nbuf=0
Error in <TCollectionLessSTLReader::GetCP()>: Read error in TBranchProxy.
Error in <TBasket::Streamer>: The value of fObjlen is incorrect (-1492237174) ; trying to recover by setting it to zero
Error in <TBasket::Streamer>: The value of fNbytes is incorrect (-45533579) ; trying to recover by setting it to zero
Error in <TCollectionLessSTLReader::GetCP()>: Read error in TBranchProxy.
Error in <TBasket::Streamer>: The value of fKeylen is incorrect (-31330) ; trying to recover by setting it to zero
Error in <TBasket::Streamer>: The value of fObjlen is incorrect (-1460296052) ; trying to recover by setting it to zero
Error in <TBasket::Streamer>: The value of fNbytes is incorrect (-845698399) ; trying to recover by setting it to zero
Error in <TCollectionLessSTLReader::GetCP()>: Read error in TBranchProxy.
Error in <TBasket::Streamer>: The value of fObjlen is incorrect (-1200424630) ; trying to recover by setting it to zero
Error in <TBasket::TBasket::Streamer>: The value of fNevBufSize (-866934573) or fIOBits (227) is incorrect ; setting the buffer to a zombie.
Error in <TCollectionLessSTLReader::GetCP()>: Read error in TBranchProxy.
Error in <TBasket::Streamer>: The value of fKeylen is incorrect (-19191) ; trying to recover by setting it to zero
Error in <TBasket::TBasket::Streamer>: The value of fNevBufSize (-1344425860) or fIOBits (0) is incorrect ; setting the buffer to a zombie.
Error in <TCollectionLessSTLReader::GetCP()>: Read error in TBranchProxy.
Error in <TBasket::Streamer>: The value of fKeylen is incorrect (-24948) ; trying to recover by setting it to zero
Error in <TBasket::Streamer>: The value of fObjlen is incorrect (-710856305) ; trying to recover by setting it to zero
Error in <TCollectionLessSTLReader::GetCP()>: Read error in TBranchProxy.
Error R__unzip_header: error in header.  Values: ab6
Error in <TBasket::ReadBasketBuffers>: Inconsistency found in header (nin=0, nbuf=0)
Error in <TBasket::ReadBasketBuffers>: fNbytes = 42079119, fKeylen = 6146, fObjlen = 1485380391, noutot = 0, nout=0, nin=0, nbuf=0
Error in <TCollectionLessSTLReader::GetCP()>: Read error in TBranchProxy.
Error in <TBasket::Streamer>: The value of fObjlen is incorrect (-1492237174) ; trying to recover by setting it to zero
Error in <TBasket::Streamer>: The value of fNbytes is incorrect (-45533579) ; trying to recover by setting it to zero
Error in <TCollectionLessSTLReader::GetCP()>: Read error in TBranchProxy.
Error in <TBasket::Streamer>: The value of fKeylen is incorrect (-31330) ; trying to recover by setting it to zero
Error in <TBasket::Streamer>: The value of fObjlen is incorrect (-1460296052) ; trying to recover by setting it to zero
Error in <TBasket::Streamer>: The value of fNbytes is incorrect (-845698399) ; trying to recover by setting it to zero
Error in <TCollectionLessSTLReader::GetCP()>: Read error in TBranchProxy.
Error in <TBasket::Streamer>: The value of fObjlen is incorrect (-1200424630) ; trying to recover by setting it to zero
Error in <TBasket::TBasket::Streamer>: The value of fNevBufSize (-866934573) or fIOBits (227) is incorrect ; setting the buffer to a zombie.
Error in <TCollectionLessSTLReader::GetCP()>: Read error in TBranchProxy.
Error in <TBasket::Streamer>: The value of fKeylen is incorrect (-19191) ; trying to recover by setting it to zero
Error in <TBasket::TBasket::Streamer>: The value of fNevBufSize (-1344425860) or fIOBits (0) is incorrect ; setting the buffer to a zombie.
Error in <TCollectionLessSTLReader::GetCP()>: Read error in TBranchProxy.
Error in <TBasket::Streamer>: The value of fKeylen is incorrect (-24948) ; trying to recover by setting it to zero
Error in <TBasket::Streamer>: The value of fObjlen is incorrect (-710856305) ; trying to recover by setting it to zero
Error in <TCollectionLessSTLReader::GetCP()>: Read error in TBranchProxy.
Error R__unzip_header: error in header.  Values: ab6
Error in <TBasket::ReadBasketBuffers>: Inconsistency found in header (nin=0, nbuf=0)
Error in <TBasket::ReadBasketBuffers>: fNbytes = 42079119, fKeylen = 6146, fObjlen = 1485380391, noutot = 0, nout=0, nin=0, nbuf=0
Error in <TCollectionLessSTLReader::GetCP()>: Read error in TBranchProxy.
Error in <TBasket::Streamer>: The value of fObjlen is incorrect (-1492237174) ; trying to recover by setting it to zero
Error in <TBasket::Streamer>: The value of fNbytes is incorrect (-45533579) ; trying to recover by setting it to zero
Error in <TCollectionLessSTLReader::GetCP()>: Read error in TBranchProxy.
Error in <TBasket::Streamer>: The value of fKeylen is incorrect (-31330) ; trying to recover by setting it to zero
Error in <TBasket::Streamer>: The value of fObjlen is incorrect (-1460296052) ; trying to recover by setting it to zero
Error in <TBasket::Streamer>: The value of fNbytes is incorrect (-845698399) ; trying to recover by setting it to zero
Error in <TCollectionLessSTLReader::GetCP()>: Read error in TBranchProxy.
Error in <TBasket::Streamer>: The value of fObjlen is incorrect (-1200424630) ; trying to recover by setting it to zero
Error in <TBasket::TBasket::Streamer>: The value of fNevBufSize (-866934573) or fIOBits (227) is incorrect ; setting the buffer to a zombie.
Error in <TCollectionLessSTLReader::GetCP()>: Read error in TBranchProxy.
Error in <TBasket::Streamer>: The value of fKeylen is incorrect (-19191) ; trying to recover by setting it to zero
Error in <TBasket::TBasket::Streamer>: The value of fNevBufSize (-1344425860) or fIOBits (0) is incorrect ; setting the buffer to a zombie.
Error in <TCollectionLessSTLReader::GetCP()>: Read error in TBranchProxy.
Error in <TBasket::Streamer>: The value of fKeylen is incorrect (-24948) ; trying to recover by setting it to zero
Error in <TBasket::Streamer>: The value of fObjlen is incorrect (-710856305) ; trying to recover by setting it to zero
Error in <TCollectionLessSTLReader::GetCP()>: Read error in TBranchProxy.
Error R__unzip_header: error in header.  Values: ab6
Error in <TBasket::ReadBasketBuffers>: Inconsistency found in header (nin=0, nbuf=0)
Error in <TBasket::ReadBasketBuffers>: fNbytes = 42079119, fKeylen = 6146, fObjlen = 1485380391, noutot = 0, nout=0, nin=0, nbuf=0
Error in <TCollectionLessSTLReader::GetCP()>: Read error in TBranchProxy.
Error in <TBasket::Streamer>: The value of fObjlen is incorrect (-1492237174) ; trying to recover by setting it to zero
Error in <TBasket::Streamer>: The value of fNbytes is incorrect (-45533579) ; trying to recover by setting it to zero
Error in <TCollectionLessSTLReader::GetCP()>: Read error in TBranchProxy.
Error in <TBasket::Streamer>: The value of fKeylen is incorrect (-31330) ; trying to recover by setting it to zero
Error in <TBasket::Streamer>: The value of fObjlen is incorrect (-1460296052) ; trying to recover by setting it to zero
Error in <TBasket::Streamer>: The value of fNbytes is incorrect (-845698399) ; trying to recover by setting it to zero
Error in <TCollectionLessSTLReader::GetCP()>: Read error in TBranchProxy.
Error in <TBasket::Streamer>: The value of fObjlen is incorrect (-1200424630) ; trying to recover by setting it to zero
Error in <TBasket::TBasket::Streamer>: The value of fNevBufSize (-866934573) or fIOBits (227) is incorrect ; setting the buffer to a zombie.
Error in <TCollectionLessSTLReader::GetCP()>: Read error in TBranchProxy.
Error in <TBasket::Streamer>: The value of fKeylen is incorrect (-19191) ; trying to recover by setting it to zero
Error in <TBasket::TBasket::Streamer>: The value of fNevBufSize (-1344425860) or fIOBits (0) is incorrect ; setting the buffer to a zombie.
Error in <TCollectionLessSTLReader::GetCP()>: Read error in TBranchProxy.
Error in <TBasket::Streamer>: The value of fKeylen is incorrect (-24948) ; trying to recover by setting it to zero
Error in <TBasket::Streamer>: The value of fObjlen is incorrect (-710856305) ; trying to recover by setting it to zero
Error in <TCollectionLessSTLReader::GetCP()>: Read error in TBranchProxy.
Error R__unzip_header: error in header.  Values: ab6
Error in <TBasket::ReadBasketBuffers>: Inconsistency found in header (nin=0, nbuf=0)
Error in <TBasket::ReadBasketBuffers>: fNbytes = 42079119, fKeylen = 6146, fObjlen = 1485380391, noutot = 0, nout=0, nin=0, nbuf=0
Error in <TCollectionLessSTLReader::GetCP()>: Read error in TBranchProxy.
Error in <TBasket::Streamer>: The value of fObjlen is incorrect (-1492237174) ; trying to recover by setting it to zero
Error in <TBasket::Streamer>: The value of fNbytes is incorrect (-45533579) ; trying to recover by setting it to zero
Error in <TCollectionLessSTLReader::GetCP()>: Read error in TBranchProxy.
Error in <TBasket::Streamer>: The value of fKeylen is incorrect (-31330) ; trying to recover by setting it to zero
Error in <TBasket::Streamer>: The value of fObjlen is incorrect (-1460296052) ; trying to recover by setting it to zero
Error in <TBasket::Streamer>: The value of fNbytes is incorrect (-845698399) ; trying to recover by setting it to zero
Error in <TCollectionLessSTLReader::GetCP()>: Read error in TBranchProxy.
Error in <TBasket::Streamer>: The value of fObjlen is incorrect (-1200424630) ; trying to recover by setting it to zero
Error in <TBasket::TBasket::Streamer>: The value of fNevBufSize (-866934573) or fIOBits (227) is incorrect ; setting the buffer to a zombie.
Error in <TCollectionLessSTLReader::GetCP()>: Read error in TBranchProxy.
Error in <TBasket::Streamer>: The value of fKeylen is incorrect (-19191) ; trying to recover by setting it to zero
Error in <TBasket::TBasket::Streamer>: The value of fNevBufSize (-1344425860) or fIOBits (0) is incorrect ; setting the buffer to a zombie.
Error in <TCollectionLessSTLReader::GetCP()>: Read error in TBranchProxy.
Error in <TBasket::Streamer>: The value of fKeylen is incorrect (-24948) ; trying to recover by setting it to zero
Error in <TBasket::Streamer>: The value of fObjlen is incorrect (-710856305) ; trying to recover by setting it to zero
Error in <TCollectionLessSTLReader::GetCP()>: Read error in TBranchProxy.
Error R__unzip_header: error in header.  Values: ab6
Error in <TBasket::ReadBasketBuffers>: Inconsistency found in header (nin=0, nbuf=0)
Error in <TBasket::ReadBasketBuffers>: fNbytes = 42079119, fKeylen = 6146, fObjlen = 1485380391, noutot = 0, nout=0, nin=0, nbuf=0
Error in <TCollectionLessSTLReader::GetCP()>: Read error in TBranchProxy.
Error in <TBasket::Streamer>: The value of fObjlen is incorrect (-1492237174) ; trying to recover by setting it to zero
Error in <TBasket::Streamer>: The value of fNbytes is incorrect (-45533579) ; trying to recover by setting it to zero
Error in <TCollectionLessSTLReader::GetCP()>: Read error in TBranchProxy.
Error in <TBasket::Streamer>: The value of fKeylen is incorrect (-31330) ; trying to recover by setting it to zero
Error in <TBasket::Streamer>: The value of fObjlen is incorrect (-1460296052) ; trying to recover by setting it to zero
Error in <TBasket::Streamer>: The value of fNbytes is incorrect (-845698399) ; trying to recover by setting it to zero
Error in <TCollectionLessSTLReader::GetCP()>: Read error in TBranchProxy.
Error in <TBasket::Streamer>: The value of fObjlen is incorrect (-1200424630) ; trying to recover by setting it to zero
Error in <TBasket::TBasket::Streamer>: The value of fNevBufSize (-866934573) or fIOBits (227) is incorrect ; setting the buffer to a zombie.
Error in <TCollectionLessSTLReader::GetCP()>: Read error in TBranchProxy.
Error in <TBasket::Streamer>: The value of fKeylen is incorrect (-19191) ; trying to recover by setting it to zero
Error in <TBasket::TBasket::Streamer>: The value of fNevBufSize (-1344425860) or fIOBits (0) is incorrect ; setting the buffer to a zombie.
Error in <TCollectionLessSTLReader::GetCP()>: Read error in TBranchProxy.
Error in <TBasket::Streamer>: The value of fKeylen is incorrect (-24948) ; trying to recover by setting it to zero
Error in <TBasket::Streamer>: The value of fObjlen is incorrect (-710856305) ; trying to recover by setting it to zero
Error in <TCollectionLessSTLReader::GetCP()>: Read error in TBranchProxy.
Error R__unzip_header: error in header.  Values: ab6
Error in <TBasket::ReadBasketBuffers>: Inconsistency found in header (nin=0, nbuf=0)
Error in <TBasket::ReadBasketBuffers>: fNbytes = 42079119, fKeylen = 6146, fObjlen = 1485380391, noutot = 0, nout=0, nin=0, nbuf=0
Error in <TCollectionLessSTLReader::GetCP()>: Read error in TBranchProxy.
Error in <TBasket::Streamer>: The value of fObjlen is incorrect (-1492237174) ; trying to recover by setting it to zero
Error in <TBasket::Streamer>: The value of fNbytes is incorrect (-45533579) ; trying to recover by setting it to zero
Error in <TCollectionLessSTLReader::GetCP()>: Read error in TBranchProxy.
Error in <TBasket::Streamer>: The value of fKeylen is incorrect (-31330) ; trying to recover by setting it to zero
Error in <TBasket::Streamer>: The value of fObjlen is incorrect (-1460296052) ; trying to recover by setting it to zero
Error in <TBasket::Streamer>: The value of fNbytes is incorrect (-845698399) ; trying to recover by setting it to zero
Error in <TCollectionLessSTLReader::GetCP()>: Read error in TBranchProxy.
Error in <TBasket::Streamer>: The value of fObjlen is incorrect (-1200424630) ; trying to recover by setting it to zero
Error in <TBasket::TBasket::Streamer>: The value of fNevBufSize (-866934573) or fIOBits (227) is incorrect ; setting the buffer to a zombie.
Error in <TCollectionLessSTLReader::GetCP()>: Read error in TBranchProxy.
Error in <TBasket::Streamer>: The value of fKeylen is incorrect (-19191) ; trying to recover by setting it to zero
Error in <TBasket::TBasket::Streamer>: The value of fNevBufSize (-1344425860) or fIOBits (0) is incorrect ; setting the buffer to a zombie.
Error in <TCollectionLessSTLReader::GetCP()>: Read error in TBranchProxy.
Error in <TBasket::Streamer>: The value of fKeylen is incorrect (-24948) ; trying to recover by setting it to zero
Error in <TBasket::Streamer>: The value of fObjlen is incorrect (-710856305) ; trying to recover by setting it to zero
Error in <TCollectionLessSTLReader::GetCP()>: Read error in TBranchProxy.
Error R__unzip_header: error in header.  Values: ab6
Error in <TBasket::ReadBasketBuffers>: Inconsistency found in header (nin=0, nbuf=0)
Error in <TBasket::ReadBasketBuffers>: fNbytes = 42079119, fKeylen = 6146, fObjlen = 1485380391, noutot = 0, nout=0, nin=0, nbuf=0
Error in <TCollectionLessSTLReader::GetCP()>: Read error in TBranchProxy.
Error in <TBasket::Streamer>: The value of fObjlen is incorrect (-1492237174) ; trying to recover by setting it to zero
Error in <TBasket::Streamer>: The value of fNbytes is incorrect (-45533579) ; trying to recover by setting it to zero
Error in <TCollectionLessSTLReader::GetCP()>: Read error in TBranchProxy.
Error in <TBasket::Streamer>: The value of fKeylen is incorrect (-31330) ; trying to recover by setting it to zero
Error in <TBasket::Streamer>: The value of fObjlen is incorrect (-1460296052) ; trying to recover by setting it to zero
Error in <TBasket::Streamer>: The value of fNbytes is incorrect (-845698399) ; trying to recover by setting it to zero
Error in <TCollectionLessSTLReader::GetCP()>: Read error in TBranchProxy.
Error in <TBasket::Streamer>: The value of fObjlen is incorrect (-1200424630) ; trying to recover by setting it to zero
Error in <TBasket::TBasket::Streamer>: The value of fNevBufSize (-866934573) or fIOBits (227) is incorrect ; setting the buffer to a zombie.
Error in <TCollectionLessSTLReader::GetCP()>: Read error in TBranchProxy.
Error in <TBasket::Streamer>: The value of fKeylen is incorrect (-19191) ; trying to recover by setting it to zero
Error in <TBasket::TBasket::Streamer>: The value of fNevBufSize (-1344425860) or fIOBits (0) is incorrect ; setting the buffer to a zombie.
Error in <TCollectionLessSTLReader::GetCP()>: Read error in TBranchProxy.
Error in <TBasket::Streamer>: The value of fKeylen is incorrect (-24948) ; trying to recover by setting it to zero
Error in <TBasket::Streamer>: The value of fObjlen is incorrect (-710856305) ; trying to recover by setting it to zero
Error in <TCollectionLessSTLReader::GetCP()>: Read error in TBranchProxy.
Error R__unzip_header: error in header.  Values: ab6
Error in <TBasket::ReadBasketBuffers>: Inconsistency found in header (nin=0, nbuf=0)
Error in <TBasket::ReadBasketBuffers>: fNbytes = 42079119, fKeylen = 6146, fObjlen = 1485380391, noutot = 0, nout=0, nin=0, nbuf=0
Error in <TCollectionLessSTLReader::GetCP()>: Read error in TBranchProxy.
Error in <TBasket::Streamer>: The value of fObjlen is incorrect (-1492237174) ; trying to recover by setting it to zero
Error in <TBasket::Streamer>: The value of fNbytes is incorrect (-45533579) ; trying to recover by setting it to zero
Error in <TCollectionLessSTLReader::GetCP()>: Read error in TBranchProxy.
Error in <TBasket::Streamer>: The value of fKeylen is incorrect (-31330) ; trying to recover by setting it to zero
Error in <TBasket::Streamer>: The value of fObjlen is incorrect (-1460296052) ; trying to recover by setting it to zero
Error in <TBasket::Streamer>: The value of fNbytes is incorrect (-845698399) ; trying to recover by setting it to zero
Error in <TCollectionLessSTLReader::GetCP()>: Read error in TBranchProxy.
Error in <TBasket::Streamer>: The value of fObjlen is incorrect (-1200424630) ; trying to recover by setting it to zero
Error in <TBasket::TBasket::Streamer>: The value of fNevBufSize (-866934573) or fIOBits (227) is incorrect ; setting the buffer to a zombie.
Error in <TCollectionLessSTLReader::GetCP()>: Read error in TBranchProxy.
Error in <TBasket::Streamer>: The value of fKeylen is incorrect (-19191) ; trying to recover by setting it to zero
Error in <TBasket::TBasket::Streamer>: The value of fNevBufSize (-1344425860) or fIOBits (0) is incorrect ; setting the buffer to a zombie.
Error in <TCollectionLessSTLReader::GetCP()>: Read error in TBranchProxy.
Error in <TBasket::Streamer>: The value of fKeylen is incorrect (-24948) ; trying to recover by setting it to zero
Error in <TBasket::Streamer>: The value of fObjlen is incorrect (-710856305) ; trying to recover by setting it to zero
Error in <TCollectionLessSTLReader::GetCP()>: Read error in TBranchProxy.
Error R__unzip_header: error in header.  Values: ab6
Error in <TBasket::ReadBasketBuffers>: Inconsistency found in header (nin=0, nbuf=0)
Error in <TBasket::ReadBasketBuffers>: fNbytes = 42079119, fKeylen = 6146, fObjlen = 1485380391, noutot = 0, nout=0, nin=0, nbuf=0
Error in <TCollectionLessSTLReader::GetCP()>: Read error in TBranchProxy.
Error in <TBasket::Streamer>: The value of fObjlen is incorrect (-1492237174) ; trying to recover by setting it to zero
Error in <TBasket::Streamer>: The value of fNbytes is incorrect (-45533579) ; trying to recover by setting it to zero
Error in <TCollectionLessSTLReader::GetCP()>: Read error in TBranchProxy.
Error in <TBasket::Streamer>: The value of fKeylen is incorrect (-31330) ; trying to recover by setting it to zero
Error in <TBasket::Streamer>: The value of fObjlen is incorrect (-1460296052) ; trying to recover by setting it to zero
Error in <TBasket::Streamer>: The value of fNbytes is incorrect (-845698399) ; trying to recover by setting it to zero
Error in <TCollectionLessSTLReader::GetCP()>: Read error in TBranchProxy.
Error in <TBasket::Streamer>: The value of fObjlen is incorrect (-1200424630) ; trying to recover by setting it to zero
Error in <TBasket::TBasket::Streamer>: The value of fNevBufSize (-866934573) or fIOBits (227) is incorrect ; setting the buffer to a zombie.
Error in <TCollectionLessSTLReader::GetCP()>: Read error in TBranchProxy.
Error in <TBasket::Streamer>: The value of fKeylen is incorrect (-19191) ; trying to recover by setting it to zero
Error in <TBasket::TBasket::Streamer>: The value of fNevBufSize (-1344425860) or fIOBits (0) is incorrect ; setting the buffer to a zombie.
Error in <TCollectionLessSTLReader::GetCP()>: Read error in TBranchProxy.
Error in <TBasket::Streamer>: The value of fKeylen is incorrect (-24948) ; trying to recover by setting it to zero
Error in <TBasket::Streamer>: The value of fObjlen is incorrect (-710856305) ; trying to recover by setting it to zero
Error in <TCollectionLessSTLReader::GetCP()>: Read error in TBranchProxy.
Error R__unzip_header: error in header.  Values: ab6
Error in <TBasket::ReadBasketBuffers>: Inconsistency found in header (nin=0, nbuf=0)
Error in <TBasket::ReadBasketBuffers>: fNbytes = 42079119, fKeylen = 6146, fObjlen = 1485380391, noutot = 0, nout=0, nin=0, nbuf=0
Error in <TCollectionLessSTLReader::GetCP()>: Read error in TBranchProxy.
Error in <TBasket::Streamer>: The value of fObjlen is incorrect (-1492237174) ; trying to recover by setting it to zero
Error in <TBasket::Streamer>: The value of fNbytes is incorrect (-45533579) ; trying to recover by setting it to zero
Error in <TCollectionLessSTLReader::GetCP()>: Read error in TBranchProxy.
Error in <TBasket::Streamer>: The value of fKeylen is incorrect (-31330) ; trying to recover by setting it to zero
Error in <TBasket::Streamer>: The value of fObjlen is incorrect (-1460296052) ; trying to recover by setting it to zero
Error in <TBasket::Streamer>: The value of fNbytes is incorrect (-845698399) ; trying to recover by setting it to zero
Error in <TCollectionLessSTLReader::GetCP()>: Read error in TBranchProxy.
Error in <TBasket::Streamer>: The value of fObjlen is incorrect (-1200424630) ; trying to recover by setting it to zero
Error in <TBasket::TBasket::Streamer>: The value of fNevBufSize (-866934573) or fIOBits (227) is incorrect ; setting the buffer to a zombie.
Error in <TCollectionLessSTLReader::GetCP()>: Read error in TBranchProxy.
Error in <TBasket::Streamer>: The value of fKeylen is incorrect (-19191) ; trying to recover by setting it to zero
Error in <TBasket::TBasket::Streamer>: The value of fNevBufSize (-1344425860) or fIOBits (0) is incorrect ; setting the buffer to a zombie.
Error in <TCollectionLessSTLReader::GetCP()>: Read error in TBranchProxy.
Error in <TBasket::Streamer>: The value of fKeylen is incorrect (-24948) ; trying to recover by setting it to zero
Error in <TBasket::Streamer>: The value of fObjlen is incorrect (-710856305) ; trying to recover by setting it to zero
Error in <TCollectionLessSTLReader::GetCP()>: Read error in TBranchProxy.
Error R__unzip_header: error in header.  Values: ab6
Error in <TBasket::ReadBasketBuffers>: Inconsistency found in header (nin=0, nbuf=0)
Error in <TBasket::ReadBasketBuffers>: fNbytes = 42079119, fKeylen = 6146, fObjlen = 1485380391, noutot = 0, nout=0, nin=0, nbuf=0
Error in <TCollectionLessSTLReader::GetCP()>: Read error in TBranchProxy.
Error in <TBasket::Streamer>: The value of fObjlen is incorrect (-1492237174) ; trying to recover by setting it to zero
Error in <TBasket::Streamer>: The value of fNbytes is incorrect (-45533579) ; trying to recover by setting it to zero
Error in <TCollectionLessSTLReader::GetCP()>: Read error in TBranchProxy.
Error in <TBasket::Streamer>: The value of fKeylen is incorrect (-31330) ; trying to recover by setting it to zero
Error in <TBasket::Streamer>: The value of fObjlen is incorrect (-1460296052) ; trying to recover by setting it to zero
Error in <TBasket::Streamer>: The value of fNbytes is incorrect (-845698399) ; trying to recover by setting it to zero
Error in <TCollectionLessSTLReader::GetCP()>: Read error in TBranchProxy.
Error in <TBasket::Streamer>: The value of fObjlen is incorrect (-1200424630) ; trying to recover by setting it to zero
Error in <TBasket::TBasket::Streamer>: The value of fNevBufSize (-866934573) or fIOBits (227) is incorrect ; setting the buffer to a zombie.
Error in <TCollectionLessSTLReader::GetCP()>: Read error in TBranchProxy.
Error in <TBasket::Streamer>: The value of fKeylen is incorrect (-19191) ; trying to recover by setting it to zero
Error in <TBasket::TBasket::Streamer>: The value of fNevBufSize (-1344425860) or fIOBits (0) is incorrect ; setting the buffer to a zombie.
Error in <TCollectionLessSTLReader::GetCP()>: Read error in TBranchProxy.
Error in <TBasket::Streamer>: The value of fKeylen is incorrect (-24948) ; trying to recover by setting it to zero
Error in <TBasket::Streamer>: The value of fObjlen is incorrect (-710856305) ; trying to recover by setting it to zero
Error in <TCollectionLessSTLReader::GetCP()>: Read error in TBranchProxy.
Error R__unzip_header: error in header.  Values: ab6
Error in <TBasket::ReadBasketBuffers>: Inconsistency found in header (nin=0, nbuf=0)
Error in <TBasket::ReadBasketBuffers>: fNbytes = 42079119, fKeylen = 6146, fObjlen = 1485380391, noutot = 0, nout=0, nin=0, nbuf=0
Error in <TCollectionLessSTLReader::GetCP()>: Read error in TBranchProxy.
Error in <TBasket::Streamer>: The value of fObjlen is incorrect (-1492237174) ; trying to recover by setting it to zero
Error in <TBasket::Streamer>: The value of fNbytes is incorrect (-45533579) ; trying to recover by setting it to zero
Error in <TCollectionLessSTLReader::GetCP()>: Read error in TBranchProxy.
Error in <TBasket::Streamer>: The value of fKeylen is incorrect (-31330) ; trying to recover by setting it to zero
Error in <TBasket::Streamer>: The value of fObjlen is incorrect (-1460296052) ; trying to recover by setting it to zero
Error in <TBasket::Streamer>: The value of fNbytes is incorrect (-845698399) ; trying to recover by setting it to zero
Error in <TCollectionLessSTLReader::GetCP()>: Read error in TBranchProxy.
Error in <TBasket::Streamer>: The value of fObjlen is incorrect (-1200424630) ; trying to recover by setting it to zero
Error in <TBasket::TBasket::Streamer>: The value of fNevBufSize (-866934573) or fIOBits (227) is incorrect ; setting the buffer to a zombie.
Error in <TCollectionLessSTLReader::GetCP()>: Read error in TBranchProxy.
Error in <TBasket::Streamer>: The value of fKeylen is incorrect (-19191) ; trying to recover by setting it to zero
Error in <TBasket::TBasket::Streamer>: The value of fNevBufSize (-1344425860) or fIOBits (0) is incorrect ; setting the buffer to a zombie.
Error in <TCollectionLessSTLReader::GetCP()>: Read error in TBranchProxy.
Error in <TBasket::Streamer>: The value of fKeylen is incorrect (-24948) ; trying to recover by setting it to zero
Error in <TBasket::Streamer>: The value of fObjlen is incorrect (-710856305) ; trying to recover by setting it to zero
Error in <TCollectionLessSTLReader::GetCP()>: Read error in TBranchProxy.
Error R__unzip_header: error in header.  Values: ab6
Error in <TBasket::ReadBasketBuffers>: Inconsistency found in header (nin=0, nbuf=0)
Error in <TBasket::ReadBasketBuffers>: fNbytes = 42079119, fKeylen = 6146, fObjlen = 1485380391, noutot = 0, nout=0, nin=0, nbuf=0
Error in <TCollectionLessSTLReader::GetCP()>: Read error in TBranchProxy.
Error in <TBasket::Streamer>: The value of fObjlen is incorrect (-1492237174) ; trying to recover by setting it to zero
Error in <TBasket::Streamer>: The value of fNbytes is incorrect (-45533579) ; trying to recover by setting it to zero
Error in <TCollectionLessSTLReader::GetCP()>: Read error in TBranchProxy.
Error in <TBasket::Streamer>: The value of fKeylen is incorrect (-31330) ; trying to recover by setting it to zero
Error in <TBasket::Streamer>: The value of fObjlen is incorrect (-1460296052) ; trying to recover by setting it to zero
Error in <TBasket::Streamer>: The value of fNbytes is incorrect (-845698399) ; trying to recover by setting it to zero
Error in <TCollectionLessSTLReader::GetCP()>: Read error in TBranchProxy.
Error in <TBasket::Streamer>: The value of fObjlen is incorrect (-1200424630) ; trying to recover by setting it to zero
Error in <TBasket::TBasket::Streamer>: The value of fNevBufSize (-866934573) or fIOBits (227) is incorrect ; setting the buffer to a zombie.
Error in <TCollectionLessSTLReader::GetCP()>: Read error in TBranchProxy.
Error in <TBasket::Streamer>: The value of fKeylen is incorrect (-19191) ; trying to recover by setting it to zero
Error in <TBasket::TBasket::Streamer>: The value of fNevBufSize (-1344425860) or fIOBits (0) is incorrect ; setting the buffer to a zombie.
Error in <TCollectionLessSTLReader::GetCP()>: Read error in TBranchProxy.
Error in <TBasket::Streamer>: The value of fKeylen is incorrect (-24948) ; trying to recover by setting it to zero
Error in <TBasket::Streamer>: The value of fObjlen is incorrect (-710856305) ; trying to recover by setting it to zero
Error in <TCollectionLessSTLReader::GetCP()>: Read error in TBranchProxy.
Error R__unzip_header: error in header.  Values: ab6
Error in <TBasket::ReadBasketBuffers>: Inconsistency found in header (nin=0, nbuf=0)
Error in <TBasket::ReadBasketBuffers>: fNbytes = 42079119, fKeylen = 6146, fObjlen = 1485380391, noutot = 0, nout=0, nin=0, nbuf=0
Error in <TCollectionLessSTLReader::GetCP()>: Read error in TBranchProxy.
Error in <TBasket::Streamer>: The value of fObjlen is incorrect (-1492237174) ; trying to recover by setting it to zero
Error in <TBasket::Streamer>: The value of fNbytes is incorrect (-45533579) ; trying to recover by setting it to zero
Error in <TCollectionLessSTLReader::GetCP()>: Read error in TBranchProxy.
Error in <TBasket::Streamer>: The value of fKeylen is incorrect (-31330) ; trying to recover by setting it to zero
Error in <TBasket::Streamer>: The value of fObjlen is incorrect (-1460296052) ; trying to recover by setting it to zero
Error in <TBasket::Streamer>: The value of fNbytes is incorrect (-845698399) ; trying to recover by setting it to zero
Error in <TCollectionLessSTLReader::GetCP()>: Read error in TBranchProxy.
Error in <TBasket::Streamer>: The value of fObjlen is incorrect (-1200424630) ; trying to recover by setting it to zero
Error in <TBasket::TBasket::Streamer>: The value of fNevBufSize (-866934573) or fIOBits (227) is incorrect ; setting the buffer to a zombie.
Error in <TCollectionLessSTLReader::GetCP()>: Read error in TBranchProxy.
Error in <TBasket::Streamer>: The value of fKeylen is incorrect (-19191) ; trying to recover by setting it to zero
Error in <TBasket::TBasket::Streamer>: The value of fNevBufSize (-1344425860) or fIOBits (0) is incorrect ; setting the buffer to a zombie.
Error in <TCollectionLessSTLReader::GetCP()>: Read error in TBranchProxy.
Error in <TBasket::Streamer>: The value of fKeylen is incorrect (-24948) ; trying to recover by setting it to zero
Error in <TBasket::Streamer>: The value of fObjlen is incorrect (-710856305) ; trying to recover by setting it to zero
Error in <TCollectionLessSTLReader::GetCP()>: Read error in TBranchProxy.
Error R__unzip_header: error in header.  Values: ab6
Error in <TBasket::ReadBasketBuffers>: Inconsistency found in header (nin=0, nbuf=0)
Error in <TBasket::ReadBasketBuffers>: fNbytes = 42079119, fKeylen = 6146, fObjlen = 1485380391, noutot = 0, nout=0, nin=0, nbuf=0
Error in <TCollectionLessSTLReader::GetCP()>: Read error in TBranchProxy.
Error in <TBasket::Streamer>: The value of fObjlen is incorrect (-1492237174) ; trying to recover by setting it to zero
Error in <TBasket::Streamer>: The value of fNbytes is incorrect (-45533579) ; trying to recover by setting it to zero
Error in <TCollectionLessSTLReader::GetCP()>: Read error in TBranchProxy.
Error in <TBasket::Streamer>: The value of fKeylen is incorrect (-31330) ; trying to recover by setting it to zero
Error in <TBasket::Streamer>: The value of fObjlen is incorrect (-1460296052) ; trying to recover by setting it to zero
Error in <TBasket::Streamer>: The value of fNbytes is incorrect (-845698399) ; trying to recover by setting it to zero
Error in <TCollectionLessSTLReader::GetCP()>: Read error in TBranchProxy.
Error in <TBasket::Streamer>: The value of fObjlen is incorrect (-1200424630) ; trying to recover by setting it to zero
Error in <TBasket::TBasket::Streamer>: The value of fNevBufSize (-866934573) or fIOBits (227) is incorrect ; setting the buffer to a zombie.
Error in <TCollectionLessSTLReader::GetCP()>: Read error in TBranchProxy.
Error in <TBasket::Streamer>: The value of fKeylen is incorrect (-19191) ; trying to recover by setting it to zero
Error in <TBasket::TBasket::Streamer>: The value of fNevBufSize (-1344425860) or fIOBits (0) is incorrect ; setting the buffer to a zombie.
Error in <TCollectionLessSTLReader::GetCP()>: Read error in TBranchProxy.
Error in <TBasket::Streamer>: The value of fKeylen is incorrect (-24948) ; trying to recover by setting it to zero
Error in <TBasket::Streamer>: The value of fObjlen is incorrect (-710856305) ; trying to recover by setting it to zero
Error in <TCollectionLessSTLReader::GetCP()>: Read error in TBranchProxy.
Error R__unzip_header: error in header.  Values: ab6
Error in <TBasket::ReadBasketBuffers>: Inconsistency found in header (nin=0, nbuf=0)
Error in <TBasket::ReadBasketBuffers>: fNbytes = 42079119, fKeylen = 6146, fObjlen = 1485380391, noutot = 0, nout=0, nin=0, nbuf=0
Error in <TCollectionLessSTLReader::GetCP()>: Read error in TBranchProxy.
Error in <TBasket::Streamer>: The value of fObjlen is incorrect (-1492237174) ; trying to recover by setting it to zero
Error in <TBasket::Streamer>: The value of fNbytes is incorrect (-45533579) ; trying to recover by setting it to zero
Error in <TCollectionLessSTLReader::GetCP()>: Read error in TBranchProxy.
Error in <TBasket::Streamer>: The value of fKeylen is incorrect (-31330) ; trying to recover by setting it to zero
Error in <TBasket::Streamer>: The value of fObjlen is incorrect (-1460296052) ; trying to recover by setting it to zero
Error in <TBasket::Streamer>: The value of fNbytes is incorrect (-845698399) ; trying to recover by setting it to zero
Error in <TCollectionLessSTLReader::GetCP()>: Read error in TBranchProxy.
Error in <TBasket::Streamer>: The value of fObjlen is incorrect (-1200424630) ; trying to recover by setting it to zero
Error in <TBasket::TBasket::Streamer>: The value of fNevBufSize (-866934573) or fIOBits (227) is incorrect ; setting the buffer to a zombie.
Error in <TCollectionLessSTLReader::GetCP()>: Read error in TBranchProxy.
Error in <TBasket::Streamer>: The value of fKeylen is incorrect (-19191) ; trying to recover by setting it to zero
Error in <TBasket::TBasket::Streamer>: The value of fNevBufSize (-1344425860) or fIOBits (0) is incorrect ; setting the buffer to a zombie.
Error in <TCollectionLessSTLReader::GetCP()>: Read error in TBranchProxy.
Error in <TBasket::Streamer>: The value of fKeylen is incorrect (-24948) ; trying to recover by setting it to zero
Error in <TBasket::Streamer>: The value of fObjlen is incorrect (-710856305) ; trying to recover by setting it to zero
Error in <TCollectionLessSTLReader::GetCP()>: Read error in TBranchProxy.
Error R__unzip_header: error in header.  Values: ab6
Error in <TBasket::ReadBasketBuffers>: Inconsistency found in header (nin=0, nbuf=0)
Error in <TBasket::ReadBasketBuffers>: fNbytes = 42079119, fKeylen = 6146, fObjlen = 1485380391, noutot = 0, nout=0, nin=0, nbuf=0
Error in <TCollectionLessSTLReader::GetCP()>: Read error in TBranchProxy.
Error in <TBasket::Streamer>: The value of fObjlen is incorrect (-1492237174) ; trying to recover by setting it to zero
Error in <TBasket::Streamer>: The value of fNbytes is incorrect (-45533579) ; trying to recover by setting it to zero
Error in <TCollectionLessSTLReader::GetCP()>: Read error in TBranchProxy.
Error in <TBasket::Streamer>: The value of fKeylen is incorrect (-31330) ; trying to recover by setting it to zero
Error in <TBasket::Streamer>: The value of fObjlen is incorrect (-1460296052) ; trying to recover by setting it to zero
Error in <TBasket::Streamer>: The value of fNbytes is incorrect (-845698399) ; trying to recover by setting it to zero
Error in <TCollectionLessSTLReader::GetCP()>: Read error in TBranchProxy.
Error in <TBasket::Streamer>: The value of fObjlen is incorrect (-1200424630) ; trying to recover by setting it to zero
Error in <TBasket::TBasket::Streamer>: The value of fNevBufSize (-866934573) or fIOBits (227) is incorrect ; setting the buffer to a zombie.
Error in <TCollectionLessSTLReader::GetCP()>: Read error in TBranchProxy.
Error in <TBasket::Streamer>: The value of fKeylen is incorrect (-19191) ; trying to recover by setting it to zero
Error in <TBasket::TBasket::Streamer>: The value of fNevBufSize (-1344425860) or fIOBits (0) is incorrect ; setting the buffer to a zombie.
Error in <TCollectionLessSTLReader::GetCP()>: Read error in TBranchProxy.
Error in <TBasket::Streamer>: The value of fKeylen is incorrect (-24948) ; trying to recover by setting it to zero
Error in <TBasket::Streamer>: The value of fObjlen is incorrect (-710856305) ; trying to recover by setting it to zero
Error in <TCollectionLessSTLReader::GetCP()>: Read error in TBranchProxy.
Error R__unzip_header: error in header.  Values: ab6
Error in <TBasket::ReadBasketBuffers>: Inconsistency found in header (nin=0, nbuf=0)
Error in <TBasket::ReadBasketBuffers>: fNbytes = 42079119, fKeylen = 6146, fObjlen = 1485380391, noutot = 0, nout=0, nin=0, nbuf=0
Error in <TCollectionLessSTLReader::GetCP()>: Read error in TBranchProxy.
Error in <TBasket::Streamer>: The value of fObjlen is incorrect (-1492237174) ; trying to recover by setting it to zero
Error in <TBasket::Streamer>: The value of fNbytes is incorrect (-45533579) ; trying to recover by setting it to zero
Error in <TCollectionLessSTLReader::GetCP()>: Read error in TBranchProxy.
Error in <TBasket::Streamer>: The value of fKeylen is incorrect (-31330) ; trying to recover by setting it to zero
Error in <TBasket::Streamer>: The value of fObjlen is incorrect (-1460296052) ; trying to recover by setting it to zero
Error in <TBasket::Streamer>: The value of fNbytes is incorrect (-845698399) ; trying to recover by setting it to zero
Error in <TCollectionLessSTLReader::GetCP()>: Read error in TBranchProxy.
Error in <TBasket::Streamer>: The value of fObjlen is incorrect (-1200424630) ; trying to recover by setting it to zero
Error in <TBasket::TBasket::Streamer>: The value of fNevBufSize (-866934573) or fIOBits (227) is incorrect ; setting the buffer to a zombie.
Error in <TCollectionLessSTLReader::GetCP()>: Read error in TBranchProxy.
Error in <TBasket::Streamer>: The value of fKeylen is incorrect (-19191) ; trying to recover by setting it to zero
Error in <TBasket::TBasket::Streamer>: The value of fNevBufSize (-1344425860) or fIOBits (0) is incorrect ; setting the buffer to a zombie.
Error in <TCollectionLessSTLReader::GetCP()>: Read error in TBranchProxy.
Error in <TBasket::Streamer>: The value of fKeylen is incorrect (-24948) ; trying to recover by setting it to zero
Error in <TBasket::Streamer>: The value of fObjlen is incorrect (-710856305) ; trying to recover by setting it to zero
Error in <TCollectionLessSTLReader::GetCP()>: Read error in TBranchProxy.
Error R__unzip_header: error in header.  Values: ab6
Error in <TBasket::ReadBasketBuffers>: Inconsistency found in header (nin=0, nbuf=0)
Error in <TBasket::ReadBasketBuffers>: fNbytes = 42079119, fKeylen = 6146, fObjlen = 1485380391, noutot = 0, nout=0, nin=0, nbuf=0
Error in <TCollectionLessSTLReader::GetCP()>: Read error in TBranchProxy.
Error in <TBasket::Streamer>: The value of fObjlen is incorrect (-1492237174) ; trying to recover by setting it to zero
Error in <TBasket::Streamer>: The value of fNbytes is incorrect (-45533579) ; trying to recover by setting it to zero
Error in <TCollectionLessSTLReader::GetCP()>: Read error in TBranchProxy.
Error in <TBasket::Streamer>: The value of fKeylen is incorrect (-31330) ; trying to recover by setting it to zero
Error in <TBasket::Streamer>: The value of fObjlen is incorrect (-1460296052) ; trying to recover by setting it to zero
Error in <TBasket::Streamer>: The value of fNbytes is incorrect (-845698399) ; trying to recover by setting it to zero
Error in <TCollectionLessSTLReader::GetCP()>: Read error in TBranchProxy.
Error in <TBasket::Streamer>: The value of fObjlen is incorrect (-1200424630) ; trying to recover by setting it to zero
Error in <TBasket::TBasket::Streamer>: The value of fNevBufSize (-866934573) or fIOBits (227) is incorrect ; setting the buffer to a zombie.
Error in <TCollectionLessSTLReader::GetCP()>: Read error in TBranchProxy.
Error in <TBasket::Streamer>: The value of fKeylen is incorrect (-19191) ; trying to recover by setting it to zero
Error in <TBasket::TBasket::Streamer>: The value of fNevBufSize (-1344425860) or fIOBits (0) is incorrect ; setting the buffer to a zombie.
Error in <TCollectionLessSTLReader::GetCP()>: Read error in TBranchProxy.
Error in <TBasket::Streamer>: The value of fKeylen is incorrect (-24948) ; trying to recover by setting it to zero
Error in <TBasket::Streamer>: The value of fObjlen is incorrect (-710856305) ; trying to recover by setting it to zero
Error in <TCollectionLessSTLReader::GetCP()>: Read error in TBranchProxy.
Error R__unzip_header: error in header.  Values: ab6
Error in <TBasket::ReadBasketBuffers>: Inconsistency found in header (nin=0, nbuf=0)
Error in <TBasket::ReadBasketBuffers>: fNbytes = 42079119, fKeylen = 6146, fObjlen = 1485380391, noutot = 0, nout=0, nin=0, nbuf=0
Error in <TCollectionLessSTLReader::GetCP()>: Read error in TBranchProxy.
Error in <TBasket::Streamer>: The value of fObjlen is incorrect (-1492237174) ; trying to recover by setting it to zero
Error in <TBasket::Streamer>: The value of fNbytes is incorrect (-45533579) ; trying to recover by setting it to zero
Error in <TCollectionLessSTLReader::GetCP()>: Read error in TBranchProxy.
Error in <TBasket::Streamer>: The value of fKeylen is incorrect (-31330) ; trying to recover by setting it to zero
Error in <TBasket::Streamer>: The value of fObjlen is incorrect (-1460296052) ; trying to recover by setting it to zero
Error in <TBasket::Streamer>: The value of fNbytes is incorrect (-845698399) ; trying to recover by setting it to zero
Error in <TCollectionLessSTLReader::GetCP()>: Read error in TBranchProxy.
Error in <TBasket::Streamer>: The value of fObjlen is incorrect (-1200424630) ; trying to recover by setting it to zero
Error in <TBasket::TBasket::Streamer>: The value of fNevBufSize (-866934573) or fIOBits (227) is incorrect ; setting the buffer to a zombie.
Error in <TCollectionLessSTLReader::GetCP()>: Read error in TBranchProxy.
Error in <TBasket::Streamer>: The value of fKeylen is incorrect (-19191) ; trying to recover by setting it to zero
Error in <TBasket::TBasket::Streamer>: The value of fNevBufSize (-1344425860) or fIOBits (0) is incorrect ; setting the buffer to a zombie.
Error in <TCollectionLessSTLReader::GetCP()>: Read error in TBranchProxy.
Error in <TBasket::Streamer>: The value of fKeylen is incorrect (-24948) ; trying to recover by setting it to zero
Error in <TBasket::Streamer>: The value of fObjlen is incorrect (-710856305) ; trying to recover by setting it to zero
Error in <TCollectionLessSTLReader::GetCP()>: Read error in TBranchProxy.
Error R__unzip_header: error in header.  Values: ab6
Error in <TBasket::ReadBasketBuffers>: Inconsistency found in header (nin=0, nbuf=0)
Error in <TBasket::ReadBasketBuffers>: fNbytes = 42079119, fKeylen = 6146, fObjlen = 1485380391, noutot = 0, nout=0, nin=0, nbuf=0
Error in <TCollectionLessSTLReader::GetCP()>: Read error in TBranchProxy.
Error in <TBasket::Streamer>: The value of fObjlen is incorrect (-1492237174) ; trying to recover by setting it to zero
Error in <TBasket::Streamer>: The value of fNbytes is incorrect (-45533579) ; trying to recover by setting it to zero
Error in <TCollectionLessSTLReader::GetCP()>: Read error in TBranchProxy.
Error in <TBasket::Streamer>: The value of fKeylen is incorrect (-31330) ; trying to recover by setting it to zero
Error in <TBasket::Streamer>: The value of fObjlen is incorrect (-1460296052) ; trying to recover by setting it to zero
Error in <TBasket::Streamer>: The value of fNbytes is incorrect (-845698399) ; trying to recover by setting it to zero
Error in <TCollectionLessSTLReader::GetCP()>: Read error in TBranchProxy.
Error in <TBasket::Streamer>: The value of fObjlen is incorrect (-1200424630) ; trying to recover by setting it to zero
Error in <TBasket::TBasket::Streamer>: The value of fNevBufSize (-866934573) or fIOBits (227) is incorrect ; setting the buffer to a zombie.
Error in <TCollectionLessSTLReader::GetCP()>: Read error in TBranchProxy.
Error in <TBasket::Streamer>: The value of fKeylen is incorrect (-19191) ; trying to recover by setting it to zero
Error in <TBasket::TBasket::Streamer>: The value of fNevBufSize (-1344425860) or fIOBits (0) is incorrect ; setting the buffer to a zombie.
Error in <TCollectionLessSTLReader::GetCP()>: Read error in TBranchProxy.
Error in <TBasket::Streamer>: The value of fKeylen is incorrect (-24948) ; trying to recover by setting it to zero
Error in <TBasket::Streamer>: The value of fObjlen is incorrect (-710856305) ; trying to recover by setting it to zero
Error in <TCollectionLessSTLReader::GetCP()>: Read error in TBranchProxy.
Error R__unzip_header: error in header.  Values: ab6
Error in <TBasket::ReadBasketBuffers>: Inconsistency found in header (nin=0, nbuf=0)
Error in <TBasket::ReadBasketBuffers>: fNbytes = 42079119, fKeylen = 6146, fObjlen = 1485380391, noutot = 0, nout=0, nin=0, nbuf=0
Error in <TCollectionLessSTLReader::GetCP()>: Read error in TBranchProxy.
Error in <TBasket::Streamer>: The value of fObjlen is incorrect (-1492237174) ; trying to recover by setting it to zero
Error in <TBasket::Streamer>: The value of fNbytes is incorrect (-45533579) ; trying to recover by setting it to zero
Error in <TCollectionLessSTLReader::GetCP()>: Read error in TBranchProxy.
Error in <TBasket::Streamer>: The value of fKeylen is incorrect (-31330) ; trying to recover by setting it to zero
Error in <TBasket::Streamer>: The value of fObjlen is incorrect (-1460296052) ; trying to recover by setting it to zero
Error in <TBasket::Streamer>: The value of fNbytes is incorrect (-845698399) ; trying to recover by setting it to zero
Error in <TCollectionLessSTLReader::GetCP()>: Read error in TBranchProxy.
Error in <TBasket::Streamer>: The value of fObjlen is incorrect (-1200424630) ; trying to recover by setting it to zero
Error in <TBasket::TBasket::Streamer>: The value of fNevBufSize (-866934573) or fIOBits (227) is incorrect ; setting the buffer to a zombie.
Error in <TCollectionLessSTLReader::GetCP()>: Read error in TBranchProxy.
Error in <TBasket::Streamer>: The value of fKeylen is incorrect (-19191) ; trying to recover by setting it to zero
Error in <TBasket::TBasket::Streamer>: The value of fNevBufSize (-1344425860) or fIOBits (0) is incorrect ; setting the buffer to a zombie.
Error in <TCollectionLessSTLReader::GetCP()>: Read error in TBranchProxy.
Error in <TBasket::Streamer>: The value of fKeylen is incorrect (-24948) ; trying to recover by setting it to zero
Error in <TBasket::Streamer>: The value of fObjlen is incorrect (-710856305) ; trying to recover by setting it to zero
Error in <TCollectionLessSTLReader::GetCP()>: Read error in TBranchProxy.
Error R__unzip_header: error in header.  Values: ab6
Error in <TBasket::ReadBasketBuffers>: Inconsistency found in header (nin=0, nbuf=0)
Error in <TBasket::ReadBasketBuffers>: fNbytes = 42079119, fKeylen = 6146, fObjlen = 1485380391, noutot = 0, nout=0, nin=0, nbuf=0
Error in <TCollectionLessSTLReader::GetCP()>: Read error in TBranchProxy.
Error in <TBasket::Streamer>: The value of fObjlen is incorrect (-1492237174) ; trying to recover by setting it to zero
Error in <TBasket::Streamer>: The value of fNbytes is incorrect (-45533579) ; trying to recover by setting it to zero
Error in <TCollectionLessSTLReader::GetCP()>: Read error in TBranchProxy.
Error in <TBasket::Streamer>: The value of fKeylen is incorrect (-31330) ; trying to recover by setting it to zero
Error in <TBasket::Streamer>: The value of fObjlen is incorrect (-1460296052) ; trying to recover by setting it to zero
Error in <TBasket::Streamer>: The value of fNbytes is incorrect (-845698399) ; trying to recover by setting it to zero
Error in <TCollectionLessSTLReader::GetCP()>: Read error in TBranchProxy.
Error in <TBasket::Streamer>: The value of fObjlen is incorrect (-1200424630) ; trying to recover by setting it to zero
Error in <TBasket::TBasket::Streamer>: The value of fNevBufSize (-866934573) or fIOBits (227) is incorrect ; setting the buffer to a zombie.
Error in <TCollectionLessSTLReader::GetCP()>: Read error in TBranchProxy.
Error in <TBasket::Streamer>: The value of fKeylen is incorrect (-19191) ; trying to recover by setting it to zero
Error in <TBasket::TBasket::Streamer>: The value of fNevBufSize (-1344425860) or fIOBits (0) is incorrect ; setting the buffer to a zombie.
Error in <TCollectionLessSTLReader::GetCP()>: Read error in TBranchProxy.
Error in <TBasket::Streamer>: The value of fKeylen is incorrect (-24948) ; trying to recover by setting it to zero
Error in <TBasket::Streamer>: The value of fObjlen is incorrect (-710856305) ; trying to recover by setting it to zero
Error in <TCollectionLessSTLReader::GetCP()>: Read error in TBranchProxy.
Error R__unzip_header: error in header.  Values: ab6
Error in <TBasket::ReadBasketBuffers>: Inconsistency found in header (nin=0, nbuf=0)
Error in <TBasket::ReadBasketBuffers>: fNbytes = 42079119, fKeylen = 6146, fObjlen = 1485380391, noutot = 0, nout=0, nin=0, nbuf=0
Error in <TCollectionLessSTLReader::GetCP()>: Read error in TBranchProxy.
Error in <TBasket::Streamer>: The value of fObjlen is incorrect (-1492237174) ; trying to recover by setting it to zero
Error in <TBasket::Streamer>: The value of fNbytes is incorrect (-45533579) ; trying to recover by setting it to zero
Error in <TCollectionLessSTLReader::GetCP()>: Read error in TBranchProxy.
Error in <TBasket::Streamer>: The value of fKeylen is incorrect (-31330) ; trying to recover by setting it to zero
Error in <TBasket::Streamer>: The value of fObjlen is incorrect (-1460296052) ; trying to recover by setting it to zero
Error in <TBasket::Streamer>: The value of fNbytes is incorrect (-845698399) ; trying to recover by setting it to zero
Error in <TCollectionLessSTLReader::GetCP()>: Read error in TBranchProxy.
Error in <TBasket::Streamer>: The value of fObjlen is incorrect (-1200424630) ; trying to recover by setting it to zero
Error in <TBasket::TBasket::Streamer>: The value of fNevBufSize (-866934573) or fIOBits (227) is incorrect ; setting the buffer to a zombie.
Error in <TCollectionLessSTLReader::GetCP()>: Read error in TBranchProxy.
Error in <TBasket::Streamer>: The value of fKeylen is incorrect (-19191) ; trying to recover by setting it to zero
Error in <TBasket::TBasket::Streamer>: The value of fNevBufSize (-1344425860) or fIOBits (0) is incorrect ; setting the buffer to a zombie.
Error in <TCollectionLessSTLReader::GetCP()>: Read error in TBranchProxy.
Error in <TBasket::Streamer>: The value of fKeylen is incorrect (-24948) ; trying to recover by setting it to zero
Error in <TBasket::Streamer>: The value of fObjlen is incorrect (-710856305) ; trying to recover by setting it to zero
Error in <TCollectionLessSTLReader::GetCP()>: Read error in TBranchProxy.
Error R__unzip_header: error in header.  Values: ab6
Error in <TBasket::ReadBasketBuffers>: Inconsistency found in header (nin=0, nbuf=0)
Error in <TBasket::ReadBasketBuffers>: fNbytes = 42079119, fKeylen = 6146, fObjlen = 1485380391, noutot = 0, nout=0, nin=0, nbuf=0
Error in <TCollectionLessSTLReader::GetCP()>: Read error in TBranchProxy.
Error in <TBasket::Streamer>: The value of fObjlen is incorrect (-1492237174) ; trying to recover by setting it to zero
Error in <TBasket::Streamer>: The value of fNbytes is incorrect (-45533579) ; trying to recover by setting it to zero
Error in <TCollectionLessSTLReader::GetCP()>: Read error in TBranchProxy.
Error in <TBasket::Streamer>: The value of fKeylen is incorrect (-31330) ; trying to recover by setting it to zero
Error in <TBasket::Streamer>: The value of fObjlen is incorrect (-1460296052) ; trying to recover by setting it to zero
Error in <TBasket::Streamer>: The value of fNbytes is incorrect (-845698399) ; trying to recover by setting it to zero
Error in <TCollectionLessSTLReader::GetCP()>: Read error in TBranchProxy.
Error in <TBasket::Streamer>: The value of fObjlen is incorrect (-1200424630) ; trying to recover by setting it to zero
Error in <TBasket::TBasket::Streamer>: The value of fNevBufSize (-866934573) or fIOBits (227) is incorrect ; setting the buffer to a zombie.
Error in <TCollectionLessSTLReader::GetCP()>: Read error in TBranchProxy.
Error in <TBasket::Streamer>: The value of fKeylen is incorrect (-19191) ; trying to recover by setting it to zero
Error in <TBasket::TBasket::Streamer>: The value of fNevBufSize (-1344425860) or fIOBits (0) is incorrect ; setting the buffer to a zombie.
Error in <TCollectionLessSTLReader::GetCP()>: Read error in TBranchProxy.
Error in <TBasket::Streamer>: The value of fKeylen is incorrect (-24948) ; trying to recover by setting it to zero
Error in <TBasket::Streamer>: The value of fObjlen is incorrect (-710856305) ; trying to recover by setting it to zero
Error in <TCollectionLessSTLReader::GetCP()>: Read error in TBranchProxy.
Error R__unzip_header: error in header.  Values: ab6
Error in <TBasket::ReadBasketBuffers>: Inconsistency found in header (nin=0, nbuf=0)
Error in <TBasket::ReadBasketBuffers>: fNbytes = 42079119, fKeylen = 6146, fObjlen = 1485380391, noutot = 0, nout=0, nin=0, nbuf=0
Error in <TCollectionLessSTLReader::GetCP()>: Read error in TBranchProxy.
Error in <TBasket::Streamer>: The value of fObjlen is incorrect (-1492237174) ; trying to recover by setting it to zero
Error in <TBasket::Streamer>: The value of fNbytes is incorrect (-45533579) ; trying to recover by setting it to zero
Error in <TCollectionLessSTLReader::GetCP()>: Read error in TBranchProxy.
Error in <TBasket::Streamer>: The value of fKeylen is incorrect (-31330) ; trying to recover by setting it to zero
Error in <TBasket::Streamer>: The value of fObjlen is incorrect (-1460296052) ; trying to recover by setting it to zero
Error in <TBasket::Streamer>: The value of fNbytes is incorrect (-845698399) ; trying to recover by setting it to zero
Error in <TCollectionLessSTLReader::GetCP()>: Read error in TBranchProxy.
Error in <TBasket::Streamer>: The value of fObjlen is incorrect (-1200424630) ; trying to recover by setting it to zero
Error in <TBasket::TBasket::Streamer>: The value of fNevBufSize (-866934573) or fIOBits (227) is incorrect ; setting the buffer to a zombie.
Error in <TCollectionLessSTLReader::GetCP()>: Read error in TBranchProxy.
Error in <TBasket::Streamer>: The value of fKeylen is incorrect (-19191) ; trying to recover by setting it to zero
Error in <TBasket::TBasket::Streamer>: The value of fNevBufSize (-1344425860) or fIOBits (0) is incorrect ; setting the buffer to a zombie.
Error in <TCollectionLessSTLReader::GetCP()>: Read error in TBranchProxy.
Error in <TBasket::Streamer>: The value of fKeylen is incorrect (-24948) ; trying to recover by setting it to zero
Error in <TBasket::Streamer>: The value of fObjlen is incorrect (-710856305) ; trying to recover by setting it to zero
Error in <TCollectionLessSTLReader::GetCP()>: Read error in TBranchProxy.
Error R__unzip_header: error in header.  Values: ab6
Error in <TBasket::ReadBasketBuffers>: Inconsistency found in header (nin=0, nbuf=0)
Error in <TBasket::ReadBasketBuffers>: fNbytes = 42079119, fKeylen = 6146, fObjlen = 1485380391, noutot = 0, nout=0, nin=0, nbuf=0
Error in <TCollectionLessSTLReader::GetCP()>: Read error in TBranchProxy.
Error in <TBasket::Streamer>: The value of fObjlen is incorrect (-1492237174) ; trying to recover by setting it to zero
Error in <TBasket::Streamer>: The value of fNbytes is incorrect (-45533579) ; trying to recover by setting it to zero
Error in <TCollectionLessSTLReader::GetCP()>: Read error in TBranchProxy.
Error in <TBasket::Streamer>: The value of fKeylen is incorrect (-31330) ; trying to recover by setting it to zero
Error in <TBasket::Streamer>: The value of fObjlen is incorrect (-1460296052) ; trying to recover by setting it to zero
Error in <TBasket::Streamer>: The value of fNbytes is incorrect (-845698399) ; trying to recover by setting it to zero
Error in <TCollectionLessSTLReader::GetCP()>: Read error in TBranchProxy.
Error in <TBasket::Streamer>: The value of fObjlen is incorrect (-1200424630) ; trying to recover by setting it to zero
Error in <TBasket::TBasket::Streamer>: The value of fNevBufSize (-866934573) or fIOBits (227) is incorrect ; setting the buffer to a zombie.
Error in <TCollectionLessSTLReader::GetCP()>: Read error in TBranchProxy.
Error in <TBasket::Streamer>: The value of fKeylen is incorrect (-19191) ; trying to recover by setting it to zero
Error in <TBasket::TBasket::Streamer>: The value of fNevBufSize (-1344425860) or fIOBits (0) is incorrect ; setting the buffer to a zombie.
Error in <TCollectionLessSTLReader::GetCP()>: Read error in TBranchProxy.
Error in <TBasket::Streamer>: The value of fKeylen is incorrect (-24948) ; trying to recover by setting it to zero
Error in <TBasket::Streamer>: The value of fObjlen is incorrect (-710856305) ; trying to recover by setting it to zero
Error in <TCollectionLessSTLReader::GetCP()>: Read error in TBranchProxy.
Error R__unzip_header: error in header.  Values: ab6
Error in <TBasket::ReadBasketBuffers>: Inconsistency found in header (nin=0, nbuf=0)
Error in <TBasket::ReadBasketBuffers>: fNbytes = 42079119, fKeylen = 6146, fObjlen = 1485380391, noutot = 0, nout=0, nin=0, nbuf=0
Error in <TCollectionLessSTLReader::GetCP()>: Read error in TBranchProxy.
Error in <TBasket::Streamer>: The value of fObjlen is incorrect (-1492237174) ; trying to recover by setting it to zero
Error in <TBasket::Streamer>: The value of fNbytes is incorrect (-45533579) ; trying to recover by setting it to zero
Error in <TCollectionLessSTLReader::GetCP()>: Read error in TBranchProxy.
Error in <TBasket::Streamer>: The value of fKeylen is incorrect (-31330) ; trying to recover by setting it to zero
Error in <TBasket::Streamer>: The value of fObjlen is incorrect (-1460296052) ; trying to recover by setting it to zero
Error in <TBasket::Streamer>: The value of fNbytes is incorrect (-845698399) ; trying to recover by setting it to zero
Error in <TCollectionLessSTLReader::GetCP()>: Read error in TBranchProxy.
Error in <TBasket::Streamer>: The value of fObjlen is incorrect (-1200424630) ; trying to recover by setting it to zero
Error in <TBasket::TBasket::Streamer>: The value of fNevBufSize (-866934573) or fIOBits (227) is incorrect ; setting the buffer to a zombie.
Error in <TCollectionLessSTLReader::GetCP()>: Read error in TBranchProxy.
Error in <TBasket::Streamer>: The value of fKeylen is incorrect (-19191) ; trying to recover by setting it to zero
Error in <TBasket::TBasket::Streamer>: The value of fNevBufSize (-1344425860) or fIOBits (0) is incorrect ; setting the buffer to a zombie.
Error in <TCollectionLessSTLReader::GetCP()>: Read error in TBranchProxy.
Error in <TBasket::Streamer>: The value of fKeylen is incorrect (-24948) ; trying to recover by setting it to zero
Error in <TBasket::Streamer>: The value of fObjlen is incorrect (-710856305) ; trying to recover by setting it to zero
Error in <TCollectionLessSTLReader::GetCP()>: Read error in TBranchProxy.
Error R__unzip_header: error in header.  Values: ab6
Error in <TBasket::ReadBasketBuffers>: Inconsistency found in header (nin=0, nbuf=0)
Error in <TBasket::ReadBasketBuffers>: fNbytes = 42079119, fKeylen = 6146, fObjlen = 1485380391, noutot = 0, nout=0, nin=0, nbuf=0
Error in <TCollectionLessSTLReader::GetCP()>: Read error in TBranchProxy.
Error in <TBasket::Streamer>: The value of fObjlen is incorrect (-1492237174) ; trying to recover by setting it to zero
Error in <TBasket::Streamer>: The value of fNbytes is incorrect (-45533579) ; trying to recover by setting it to zero
Error in <TCollectionLessSTLReader::GetCP()>: Read error in TBranchProxy.
Error in <TBasket::Streamer>: The value of fKeylen is incorrect (-31330) ; trying to recover by setting it to zero
Error in <TBasket::Streamer>: The value of fObjlen is incorrect (-1460296052) ; trying to recover by setting it to zero
Error in <TBasket::Streamer>: The value of fNbytes is incorrect (-845698399) ; trying to recover by setting it to zero
Error in <TCollectionLessSTLReader::GetCP()>: Read error in TBranchProxy.
Error in <TBasket::Streamer>: The value of fObjlen is incorrect (-1200424630) ; trying to recover by setting it to zero
Error in <TBasket::TBasket::Streamer>: The value of fNevBufSize (-866934573) or fIOBits (227) is incorrect ; setting the buffer to a zombie.
Error in <TCollectionLessSTLReader::GetCP()>: Read error in TBranchProxy.
Error in <TBasket::Streamer>: The value of fKeylen is incorrect (-19191) ; trying to recover by setting it to zero
Error in <TBasket::TBasket::Streamer>: The value of fNevBufSize (-1344425860) or fIOBits (0) is incorrect ; setting the buffer to a zombie.
Error in <TCollectionLessSTLReader::GetCP()>: Read error in TBranchProxy.
Error in <TBasket::Streamer>: The value of fKeylen is incorrect (-24948) ; trying to recover by setting it to zero
Error in <TBasket::Streamer>: The value of fObjlen is incorrect (-710856305) ; trying to recover by setting it to zero
Error in <TCollectionLessSTLReader::GetCP()>: Read error in TBranchProxy.
Error R__unzip_header: error in header.  Values: ab6
Error in <TBasket::ReadBasketBuffers>: Inconsistency found in header (nin=0, nbuf=0)
Error in <TBasket::ReadBasketBuffers>: fNbytes = 42079119, fKeylen = 6146, fObjlen = 1485380391, noutot = 0, nout=0, nin=0, nbuf=0
Error in <TCollectionLessSTLReader::GetCP()>: Read error in TBranchProxy.
Error in <TBasket::Streamer>: The value of fObjlen is incorrect (-1492237174) ; trying to recover by setting it to zero
Error in <TBasket::Streamer>: The value of fNbytes is incorrect (-45533579) ; trying to recover by setting it to zero
Error in <TCollectionLessSTLReader::GetCP()>: Read error in TBranchProxy.
Error in <TBasket::Streamer>: The value of fKeylen is incorrect (-31330) ; trying to recover by setting it to zero
Error in <TBasket::Streamer>: The value of fObjlen is incorrect (-1460296052) ; trying to recover by setting it to zero
Error in <TBasket::Streamer>: The value of fNbytes is incorrect (-845698399) ; trying to recover by setting it to zero
Error in <TCollectionLessSTLReader::GetCP()>: Read error in TBranchProxy.
Error in <TBasket::Streamer>: The value of fObjlen is incorrect (-1200424630) ; trying to recover by setting it to zero
Error in <TBasket::TBasket::Streamer>: The value of fNevBufSize (-866934573) or fIOBits (227) is incorrect ; setting the buffer to a zombie.
Error in <TCollectionLessSTLReader::GetCP()>: Read error in TBranchProxy.
Error in <TBasket::Streamer>: The value of fKeylen is incorrect (-19191) ; trying to recover by setting it to zero
Error in <TBasket::TBasket::Streamer>: The value of fNevBufSize (-1344425860) or fIOBits (0) is incorrect ; setting the buffer to a zombie.
Error in <TCollectionLessSTLReader::GetCP()>: Read error in TBranchProxy.
Error in <TBasket::Streamer>: The value of fKeylen is incorrect (-24948) ; trying to recover by setting it to zero
Error in <TBasket::Streamer>: The value of fObjlen is incorrect (-710856305) ; trying to recover by setting it to zero
Error in <TCollectionLessSTLReader::GetCP()>: Read error in TBranchProxy.
Error R__unzip_header: error in header.  Values: ab6
Error in <TBasket::ReadBasketBuffers>: Inconsistency found in header (nin=0, nbuf=0)
Error in <TBasket::ReadBasketBuffers>: fNbytes = 42079119, fKeylen = 6146, fObjlen = 1485380391, noutot = 0, nout=0, nin=0, nbuf=0
Error in <TCollectionLessSTLReader::GetCP()>: Read error in TBranchProxy.
Error in <TBasket::Streamer>: The value of fObjlen is incorrect (-1492237174) ; trying to recover by setting it to zero
Error in <TBasket::Streamer>: The value of fNbytes is incorrect (-45533579) ; trying to recover by setting it to zero
Error in <TCollectionLessSTLReader::GetCP()>: Read error in TBranchProxy.
Error in <TBasket::Streamer>: The value of fKeylen is incorrect (-31330) ; trying to recover by setting it to zero
Error in <TBasket::Streamer>: The value of fObjlen is incorrect (-1460296052) ; trying to recover by setting it to zero
Error in <TBasket::Streamer>: The value of fNbytes is incorrect (-845698399) ; trying to recover by setting it to zero
Error in <TCollectionLessSTLReader::GetCP()>: Read error in TBranchProxy.
Error in <TBasket::Streamer>: The value of fObjlen is incorrect (-1200424630) ; trying to recover by setting it to zero
Error in <TBasket::TBasket::Streamer>: The value of fNevBufSize (-866934573) or fIOBits (227) is incorrect ; setting the buffer to a zombie.
Error in <TCollectionLessSTLReader::GetCP()>: Read error in TBranchProxy.
Error in <TBasket::Streamer>: The value of fKeylen is incorrect (-19191) ; trying to recover by setting it to zero
Error in <TBasket::TBasket::Streamer>: The value of fNevBufSize (-1344425860) or fIOBits (0) is incorrect ; setting the buffer to a zombie.
Error in <TCollectionLessSTLReader::GetCP()>: Read error in TBranchProxy.
Error in <TBasket::Streamer>: The value of fKeylen is incorrect (-24948) ; trying to recover by setting it to zero
Error in <TBasket::Streamer>: The value of fObjlen is incorrect (-710856305) ; trying to recover by setting it to zero
Error in <TCollectionLessSTLReader::GetCP()>: Read error in TBranchProxy.
Error R__unzip_header: error in header.  Values: ab6
Error in <TBasket::ReadBasketBuffers>: Inconsistency found in header (nin=0, nbuf=0)
Error in <TBasket::ReadBasketBuffers>: fNbytes = 42079119, fKeylen = 6146, fObjlen = 1485380391, noutot = 0, nout=0, nin=0, nbuf=0
Error in <TCollectionLessSTLReader::GetCP()>: Read error in TBranchProxy.
Error in <TBasket::Streamer>: The value of fObjlen is incorrect (-1492237174) ; trying to recover by setting it to zero
Error in <TBasket::Streamer>: The value of fNbytes is incorrect (-45533579) ; trying to recover by setting it to zero
Error in <TCollectionLessSTLReader::GetCP()>: Read error in TBranchProxy.
Error in <TBasket::Streamer>: The value of fKeylen is incorrect (-31330) ; trying to recover by setting it to zero
Error in <TBasket::Streamer>: The value of fObjlen is incorrect (-1460296052) ; trying to recover by setting it to zero
Error in <TBasket::Streamer>: The value of fNbytes is incorrect (-845698399) ; trying to recover by setting it to zero
Error in <TCollectionLessSTLReader::GetCP()>: Read error in TBranchProxy.
Error in <TBasket::Streamer>: The value of fObjlen is incorrect (-1200424630) ; trying to recover by setting it to zero
Error in <TBasket::TBasket::Streamer>: The value of fNevBufSize (-866934573) or fIOBits (227) is incorrect ; setting the buffer to a zombie.
Error in <TCollectionLessSTLReader::GetCP()>: Read error in TBranchProxy.
Error in <TBasket::Streamer>: The value of fKeylen is incorrect (-19191) ; trying to recover by setting it to zero
Error in <TBasket::TBasket::Streamer>: The value of fNevBufSize (-1344425860) or fIOBits (0) is incorrect ; setting the buffer to a zombie.
Error in <TCollectionLessSTLReader::GetCP()>: Read error in TBranchProxy.
Error in <TBasket::Streamer>: The value of fKeylen is incorrect (-24948) ; trying to recover by setting it to zero
Error in <TBasket::Streamer>: The value of fObjlen is incorrect (-710856305) ; trying to recover by setting it to zero
Error in <TCollectionLessSTLReader::GetCP()>: Read error in TBranchProxy.
Error R__unzip_header: error in header.  Values: ab6
Error in <TBasket::ReadBasketBuffers>: Inconsistency found in header (nin=0, nbuf=0)
Error in <TBasket::ReadBasketBuffers>: fNbytes = 42079119, fKeylen = 6146, fObjlen = 1485380391, noutot = 0, nout=0, nin=0, nbuf=0
Error in <TCollectionLessSTLReader::GetCP()>: Read error in TBranchProxy.
Error in <TBasket::Streamer>: The value of fObjlen is incorrect (-1492237174) ; trying to recover by setting it to zero
Error in <TBasket::Streamer>: The value of fNbytes is incorrect (-45533579) ; trying to recover by setting it to zero
Error in <TCollectionLessSTLReader::GetCP()>: Read error in TBranchProxy.
Error in <TBasket::Streamer>: The value of fKeylen is incorrect (-31330) ; trying to recover by setting it to zero
Error in <TBasket::Streamer>: The value of fObjlen is incorrect (-1460296052) ; trying to recover by setting it to zero
Error in <TBasket::Streamer>: The value of fNbytes is incorrect (-845698399) ; trying to recover by setting it to zero
Error in <TCollectionLessSTLReader::GetCP()>: Read error in TBranchProxy.
Error in <TBasket::Streamer>: The value of fObjlen is incorrect (-1200424630) ; trying to recover by setting it to zero
Error in <TBasket::TBasket::Streamer>: The value of fNevBufSize (-866934573) or fIOBits (227) is incorrect ; setting the buffer to a zombie.
Error in <TCollectionLessSTLReader::GetCP()>: Read error in TBranchProxy.
Error in <TBasket::Streamer>: The value of fKeylen is incorrect (-19191) ; trying to recover by setting it to zero
Error in <TBasket::TBasket::Streamer>: The value of fNevBufSize (-1344425860) or fIOBits (0) is incorrect ; setting the buffer to a zombie.
Error in <TCollectionLessSTLReader::GetCP()>: Read error in TBranchProxy.
Error in <TBasket::Streamer>: The value of fKeylen is incorrect (-24948) ; trying to recover by setting it to zero
Error in <TBasket::Streamer>: The value of fObjlen is incorrect (-710856305) ; trying to recover by setting it to zero
Error in <TCollectionLessSTLReader::GetCP()>: Read error in TBranchProxy.
Error R__unzip_header: error in header.  Values: ab6
Error in <TBasket::ReadBasketBuffers>: Inconsistency found in header (nin=0, nbuf=0)
Error in <TBasket::ReadBasketBuffers>: fNbytes = 42079119, fKeylen = 6146, fObjlen = 1485380391, noutot = 0, nout=0, nin=0, nbuf=0
Error in <TCollectionLessSTLReader::GetCP()>: Read error in TBranchProxy.
Error in <TBasket::Streamer>: The value of fObjlen is incorrect (-1492237174) ; trying to recover by setting it to zero
Error in <TBasket::Streamer>: The value of fNbytes is incorrect (-45533579) ; trying to recover by setting it to zero
Error in <TCollectionLessSTLReader::GetCP()>: Read error in TBranchProxy.
Error in <TBasket::Streamer>: The value of fKeylen is incorrect (-31330) ; trying to recover by setting it to zero
Error in <TBasket::Streamer>: The value of fObjlen is incorrect (-1460296052) ; trying to recover by setting it to zero
Error in <TBasket::Streamer>: The value of fNbytes is incorrect (-845698399) ; trying to recover by setting it to zero
Error in <TCollectionLessSTLReader::GetCP()>: Read error in TBranchProxy.
Error in <TBasket::Streamer>: The value of fObjlen is incorrect (-1200424630) ; trying to recover by setting it to zero
Error in <TBasket::TBasket::Streamer>: The value of fNevBufSize (-866934573) or fIOBits (227) is incorrect ; setting the buffer to a zombie.
Error in <TCollectionLessSTLReader::GetCP()>: Read error in TBranchProxy.
Error in <TBasket::Streamer>: The value of fKeylen is incorrect (-19191) ; trying to recover by setting it to zero
Error in <TBasket::TBasket::Streamer>: The value of fNevBufSize (-1344425860) or fIOBits (0) is incorrect ; setting the buffer to a zombie.
Error in <TCollectionLessSTLReader::GetCP()>: Read error in TBranchProxy.
Error in <TBasket::Streamer>: The value of fKeylen is incorrect (-24948) ; trying to recover by setting it to zero
Error in <TBasket::Streamer>: The value of fObjlen is incorrect (-710856305) ; trying to recover by setting it to zero
Error in <TCollectionLessSTLReader::GetCP()>: Read error in TBranchProxy.
Error R__unzip_header: error in header.  Values: ab6
Error in <TBasket::ReadBasketBuffers>: Inconsistency found in header (nin=0, nbuf=0)
Error in <TBasket::ReadBasketBuffers>: fNbytes = 42079119, fKeylen = 6146, fObjlen = 1485380391, noutot = 0, nout=0, nin=0, nbuf=0
Error in <TCollectionLessSTLReader::GetCP()>: Read error in TBranchProxy.
Error in <TBasket::Streamer>: The value of fObjlen is incorrect (-1492237174) ; trying to recover by setting it to zero
Error in <TBasket::Streamer>: The value of fNbytes is incorrect (-45533579) ; trying to recover by setting it to zero
Error in <TCollectionLessSTLReader::GetCP()>: Read error in TBranchProxy.
Error in <TBasket::Streamer>: The value of fKeylen is incorrect (-31330) ; trying to recover by setting it to zero
Error in <TBasket::Streamer>: The value of fObjlen is incorrect (-1460296052) ; trying to recover by setting it to zero
Error in <TBasket::Streamer>: The value of fNbytes is incorrect (-845698399) ; trying to recover by setting it to zero
Error in <TCollectionLessSTLReader::GetCP()>: Read error in TBranchProxy.
Error in <TBasket::Streamer>: The value of fObjlen is incorrect (-1200424630) ; trying to recover by setting it to zero
Error in <TBasket::TBasket::Streamer>: The value of fNevBufSize (-866934573) or fIOBits (227) is incorrect ; setting the buffer to a zombie.
Error in <TCollectionLessSTLReader::GetCP()>: Read error in TBranchProxy.
Error in <TBasket::Streamer>: The value of fKeylen is incorrect (-19191) ; trying to recover by setting it to zero
Error in <TBasket::TBasket::Streamer>: The value of fNevBufSize (-1344425860) or fIOBits (0) is incorrect ; setting the buffer to a zombie.
Error in <TCollectionLessSTLReader::GetCP()>: Read error in TBranchProxy.
Error in <TBasket::Streamer>: The value of fKeylen is incorrect (-24948) ; trying to recover by setting it to zero
Error in <TBasket::Streamer>: The value of fObjlen is incorrect (-710856305) ; trying to recover by setting it to zero
Error in <TCollectionLessSTLReader::GetCP()>: Read error in TBranchProxy.
Error R__unzip_header: error in header.  Values: ab6
Error in <TBasket::ReadBasketBuffers>: Inconsistency found in header (nin=0, nbuf=0)
Error in <TBasket::ReadBasketBuffers>: fNbytes = 42079119, fKeylen = 6146, fObjlen = 1485380391, noutot = 0, nout=0, nin=0, nbuf=0
Error in <TCollectionLessSTLReader::GetCP()>: Read error in TBranchProxy.
Error in <TBasket::Streamer>: The value of fObjlen is incorrect (-1492237174) ; trying to recover by setting it to zero
Error in <TBasket::Streamer>: The value of fNbytes is incorrect (-45533579) ; trying to recover by setting it to zero
Error in <TCollectionLessSTLReader::GetCP()>: Read error in TBranchProxy.
Error in <TBasket::Streamer>: The value of fKeylen is incorrect (-31330) ; trying to recover by setting it to zero
Error in <TBasket::Streamer>: The value of fObjlen is incorrect (-1460296052) ; trying to recover by setting it to zero
Error in <TBasket::Streamer>: The value of fNbytes is incorrect (-845698399) ; trying to recover by setting it to zero
Error in <TCollectionLessSTLReader::GetCP()>: Read error in TBranchProxy.
Error in <TBasket::Streamer>: The value of fObjlen is incorrect (-1200424630) ; trying to recover by setting it to zero
Error in <TBasket::TBasket::Streamer>: The value of fNevBufSize (-866934573) or fIOBits (227) is incorrect ; setting the buffer to a zombie.
Error in <TCollectionLessSTLReader::GetCP()>: Read error in TBranchProxy.
Error in <TBasket::Streamer>: The value of fKeylen is incorrect (-19191) ; trying to recover by setting it to zero
Error in <TBasket::TBasket::Streamer>: The value of fNevBufSize (-1344425860) or fIOBits (0) is incorrect ; setting the buffer to a zombie.
Error in <TCollectionLessSTLReader::GetCP()>: Read error in TBranchProxy.
Error in <TBasket::Streamer>: The value of fKeylen is incorrect (-24948) ; trying to recover by setting it to zero
Error in <TBasket::Streamer>: The value of fObjlen is incorrect (-710856305) ; trying to recover by setting it to zero
Error in <TCollectionLessSTLReader::GetCP()>: Read error in TBranchProxy.
Error R__unzip_header: error in header.  Values: ab6
Error in <TBasket::ReadBasketBuffers>: Inconsistency found in header (nin=0, nbuf=0)
Error in <TBasket::ReadBasketBuffers>: fNbytes = 42079119, fKeylen = 6146, fObjlen = 1485380391, noutot = 0, nout=0, nin=0, nbuf=0
Error in <TCollectionLessSTLReader::GetCP()>: Read error in TBranchProxy.
Error in <TBasket::Streamer>: The value of fObjlen is incorrect (-1492237174) ; trying to recover by setting it to zero
Error in <TBasket::Streamer>: The value of fNbytes is incorrect (-45533579) ; trying to recover by setting it to zero
Error in <TCollectionLessSTLReader::GetCP()>: Read error in TBranchProxy.
Error in <TBasket::Streamer>: The value of fKeylen is incorrect (-31330) ; trying to recover by setting it to zero
Error in <TBasket::Streamer>: The value of fObjlen is incorrect (-1460296052) ; trying to recover by setting it to zero
Error in <TBasket::Streamer>: The value of fNbytes is incorrect (-845698399) ; trying to recover by setting it to zero
Error in <TCollectionLessSTLReader::GetCP()>: Read error in TBranchProxy.
Error in <TBasket::Streamer>: The value of fObjlen is incorrect (-1200424630) ; trying to recover by setting it to zero
Error in <TBasket::TBasket::Streamer>: The value of fNevBufSize (-866934573) or fIOBits (227) is incorrect ; setting the buffer to a zombie.
Error in <TCollectionLessSTLReader::GetCP()>: Read error in TBranchProxy.
Error in <TBasket::Streamer>: The value of fKeylen is incorrect (-19191) ; trying to recover by setting it to zero
Error in <TBasket::TBasket::Streamer>: The value of fNevBufSize (-1344425860) or fIOBits (0) is incorrect ; setting the buffer to a zombie.
Error in <TCollectionLessSTLReader::GetCP()>: Read error in TBranchProxy.
Error in <TBasket::Streamer>: The value of fKeylen is incorrect (-24948) ; trying to recover by setting it to zero
Error in <TBasket::Streamer>: The value of fObjlen is incorrect (-710856305) ; trying to recover by setting it to zero
Error in <TCollectionLessSTLReader::GetCP()>: Read error in TBranchProxy.
Error R__unzip_header: error in header.  Values: ab6
Error in <TBasket::ReadBasketBuffers>: Inconsistency found in header (nin=0, nbuf=0)
Error in <TBasket::ReadBasketBuffers>: fNbytes = 42079119, fKeylen = 6146, fObjlen = 1485380391, noutot = 0, nout=0, nin=0, nbuf=0
Error in <TCollectionLessSTLReader::GetCP()>: Read error in TBranchProxy.
Error in <TBasket::Streamer>: The value of fObjlen is incorrect (-1492237174) ; trying to recover by setting it to zero
Error in <TBasket::Streamer>: The value of fNbytes is incorrect (-45533579) ; trying to recover by setting it to zero
Error in <TCollectionLessSTLReader::GetCP()>: Read error in TBranchProxy.
Error in <TBasket::Streamer>: The value of fKeylen is incorrect (-31330) ; trying to recover by setting it to zero
Error in <TBasket::Streamer>: The value of fObjlen is incorrect (-1460296052) ; trying to recover by setting it to zero
Error in <TBasket::Streamer>: The value of fNbytes is incorrect (-845698399) ; trying to recover by setting it to zero
Error in <TCollectionLessSTLReader::GetCP()>: Read error in TBranchProxy.
Error in <TBasket::Streamer>: The value of fObjlen is incorrect (-1200424630) ; trying to recover by setting it to zero
Error in <TBasket::TBasket::Streamer>: The value of fNevBufSize (-866934573) or fIOBits (227) is incorrect ; setting the buffer to a zombie.
Error in <TCollectionLessSTLReader::GetCP()>: Read error in TBranchProxy.
Error in <TBasket::Streamer>: The value of fKeylen is incorrect (-19191) ; trying to recover by setting it to zero
Error in <TBasket::TBasket::Streamer>: The value of fNevBufSize (-1344425860) or fIOBits (0) is incorrect ; setting the buffer to a zombie.
Error in <TCollectionLessSTLReader::GetCP()>: Read error in TBranchProxy.
Error in <TBasket::Streamer>: The value of fKeylen is incorrect (-24948) ; trying to recover by setting it to zero
Error in <TBasket::Streamer>: The value of fObjlen is incorrect (-710856305) ; trying to recover by setting it to zero
Error in <TCollectionLessSTLReader::GetCP()>: Read error in TBranchProxy.
Error R__unzip_header: error in header.  Values: ab6
Error in <TBasket::ReadBasketBuffers>: Inconsistency found in header (nin=0, nbuf=0)
Error in <TBasket::ReadBasketBuffers>: fNbytes = 42079119, fKeylen = 6146, fObjlen = 1485380391, noutot = 0, nout=0, nin=0, nbuf=0
Error in <TCollectionLessSTLReader::GetCP()>: Read error in TBranchProxy.
Error in <TBasket::Streamer>: The value of fObjlen is incorrect (-1492237174) ; trying to recover by setting it to zero
Error in <TBasket::Streamer>: The value of fNbytes is incorrect (-45533579) ; trying to recover by setting it to zero
Error in <TCollectionLessSTLReader::GetCP()>: Read error in TBranchProxy.
Error in <TBasket::Streamer>: The value of fKeylen is incorrect (-31330) ; trying to recover by setting it to zero
Error in <TBasket::Streamer>: The value of fObjlen is incorrect (-1460296052) ; trying to recover by setting it to zero
Error in <TBasket::Streamer>: The value of fNbytes is incorrect (-845698399) ; trying to recover by setting it to zero
Error in <TCollectionLessSTLReader::GetCP()>: Read error in TBranchProxy.
Error in <TBasket::Streamer>: The value of fObjlen is incorrect (-1200424630) ; trying to recover by setting it to zero
Error in <TBasket::TBasket::Streamer>: The value of fNevBufSize (-866934573) or fIOBits (227) is incorrect ; setting the buffer to a zombie.
Error in <TCollectionLessSTLReader::GetCP()>: Read error in TBranchProxy.
Error in <TBasket::Streamer>: The value of fKeylen is incorrect (-19191) ; trying to recover by setting it to zero
Error in <TBasket::TBasket::Streamer>: The value of fNevBufSize (-1344425860) or fIOBits (0) is incorrect ; setting the buffer to a zombie.
Error in <TCollectionLessSTLReader::GetCP()>: Read error in TBranchProxy.
Error in <TBasket::Streamer>: The value of fKeylen is incorrect (-24948) ; trying to recover by setting it to zero
Error in <TBasket::Streamer>: The value of fObjlen is incorrect (-710856305) ; trying to recover by setting it to zero
Error in <TCollectionLessSTLReader::GetCP()>: Read error in TBranchProxy.
Error R__unzip_header: error in header.  Values: ab6
Error in <TBasket::ReadBasketBuffers>: Inconsistency found in header (nin=0, nbuf=0)
Error in <TBasket::ReadBasketBuffers>: fNbytes = 42079119, fKeylen = 6146, fObjlen = 1485380391, noutot = 0, nout=0, nin=0, nbuf=0
Error in <TCollectionLessSTLReader::GetCP()>: Read error in TBranchProxy.
Error in <TBasket::Streamer>: The value of fObjlen is incorrect (-1492237174) ; trying to recover by setting it to zero
Error in <TBasket::Streamer>: The value of fNbytes is incorrect (-45533579) ; trying to recover by setting it to zero
Error in <TCollectionLessSTLReader::GetCP()>: Read error in TBranchProxy.
Error in <TBasket::Streamer>: The value of fKeylen is incorrect (-31330) ; trying to recover by setting it to zero
Error in <TBasket::Streamer>: The value of fObjlen is incorrect (-1460296052) ; trying to recover by setting it to zero
Error in <TBasket::Streamer>: The value of fNbytes is incorrect (-845698399) ; trying to recover by setting it to zero
Error in <TCollectionLessSTLReader::GetCP()>: Read error in TBranchProxy.
Error in <TBasket::Streamer>: The value of fObjlen is incorrect (-1200424630) ; trying to recover by setting it to zero
Error in <TBasket::TBasket::Streamer>: The value of fNevBufSize (-866934573) or fIOBits (227) is incorrect ; setting the buffer to a zombie.
Error in <TCollectionLessSTLReader::GetCP()>: Read error in TBranchProxy.
Error in <TBasket::Streamer>: The value of fKeylen is incorrect (-19191) ; trying to recover by setting it to zero
Error in <TBasket::TBasket::Streamer>: The value of fNevBufSize (-1344425860) or fIOBits (0) is incorrect ; setting the buffer to a zombie.
Error in <TCollectionLessSTLReader::GetCP()>: Read error in TBranchProxy.
Error in <TBasket::Streamer>: The value of fKeylen is incorrect (-24948) ; trying to recover by setting it to zero
Error in <TBasket::Streamer>: The value of fObjlen is incorrect (-710856305) ; trying to recover by setting it to zero
Error in <TCollectionLessSTLReader::GetCP()>: Read error in TBranchProxy.
Error R__unzip_header: error in header.  Values: ab6
Error in <TBasket::ReadBasketBuffers>: Inconsistency found in header (nin=0, nbuf=0)
Error in <TBasket::ReadBasketBuffers>: fNbytes = 42079119, fKeylen = 6146, fObjlen = 1485380391, noutot = 0, nout=0, nin=0, nbuf=0
Error in <TCollectionLessSTLReader::GetCP()>: Read error in TBranchProxy.
Error in <TBasket::Streamer>: The value of fObjlen is incorrect (-1492237174) ; trying to recover by setting it to zero
Error in <TBasket::Streamer>: The value of fNbytes is incorrect (-45533579) ; trying to recover by setting it to zero
Error in <TCollectionLessSTLReader::GetCP()>: Read error in TBranchProxy.
Error in <TBasket::Streamer>: The value of fKeylen is incorrect (-31330) ; trying to recover by setting it to zero
Error in <TBasket::Streamer>: The value of fObjlen is incorrect (-1460296052) ; trying to recover by setting it to zero
Error in <TBasket::Streamer>: The value of fNbytes is incorrect (-845698399) ; trying to recover by setting it to zero
Error in <TCollectionLessSTLReader::GetCP()>: Read error in TBranchProxy.
Error in <TBasket::Streamer>: The value of fObjlen is incorrect (-1200424630) ; trying to recover by setting it to zero
Error in <TBasket::TBasket::Streamer>: The value of fNevBufSize (-866934573) or fIOBits (227) is incorrect ; setting the buffer to a zombie.
Error in <TCollectionLessSTLReader::GetCP()>: Read error in TBranchProxy.
Error in <TBasket::Streamer>: The value of fKeylen is incorrect (-19191) ; trying to recover by setting it to zero
Error in <TBasket::TBasket::Streamer>: The value of fNevBufSize (-1344425860) or fIOBits (0) is incorrect ; setting the buffer to a zombie.
Error in <TCollectionLessSTLReader::GetCP()>: Read error in TBranchProxy.
Error in <TBasket::Streamer>: The value of fKeylen is incorrect (-24948) ; trying to recover by setting it to zero
Error in <TBasket::Streamer>: The value of fObjlen is incorrect (-710856305) ; trying to recover by setting it to zero
Error in <TCollectionLessSTLReader::GetCP()>: Read error in TBranchProxy.
Error R__unzip_header: error in header.  Values: ab6
Error in <TBasket::ReadBasketBuffers>: Inconsistency found in header (nin=0, nbuf=0)
Error in <TBasket::ReadBasketBuffers>: fNbytes = 42079119, fKeylen = 6146, fObjlen = 1485380391, noutot = 0, nout=0, nin=0, nbuf=0
Error in <TCollectionLessSTLReader::GetCP()>: Read error in TBranchProxy.
Error in <TBasket::Streamer>: The value of fObjlen is incorrect (-1492237174) ; trying to recover by setting it to zero
Error in <TBasket::Streamer>: The value of fNbytes is incorrect (-45533579) ; trying to recover by setting it to zero
Error in <TCollectionLessSTLReader::GetCP()>: Read error in TBranchProxy.
Error in <TBasket::Streamer>: The value of fKeylen is incorrect (-31330) ; trying to recover by setting it to zero
Error in <TBasket::Streamer>: The value of fObjlen is incorrect (-1460296052) ; trying to recover by setting it to zero
Error in <TBasket::Streamer>: The value of fNbytes is incorrect (-845698399) ; trying to recover by setting it to zero
Error in <TCollectionLessSTLReader::GetCP()>: Read error in TBranchProxy.
Error in <TBasket::Streamer>: The value of fObjlen is incorrect (-1200424630) ; trying to recover by setting it to zero
Error in <TBasket::TBasket::Streamer>: The value of fNevBufSize (-866934573) or fIOBits (227) is incorrect ; setting the buffer to a zombie.
Error in <TCollectionLessSTLReader::GetCP()>: Read error in TBranchProxy.
Error in <TBasket::Streamer>: The value of fKeylen is incorrect (-19191) ; trying to recover by setting it to zero
Error in <TBasket::TBasket::Streamer>: The value of fNevBufSize (-1344425860) or fIOBits (0) is incorrect ; setting the buffer to a zombie.
Error in <TCollectionLessSTLReader::GetCP()>: Read error in TBranchProxy.
Error in <TBasket::Streamer>: The value of fKeylen is incorrect (-24948) ; trying to recover by setting it to zero
Error in <TBasket::Streamer>: The value of fObjlen is incorrect (-710856305) ; trying to recover by setting it to zero
Error in <TCollectionLessSTLReader::GetCP()>: Read error in TBranchProxy.
Error R__unzip_header: error in header.  Values: ab6
Error in <TBasket::ReadBasketBuffers>: Inconsistency found in header (nin=0, nbuf=0)
Error in <TBasket::ReadBasketBuffers>: fNbytes = 42079119, fKeylen = 6146, fObjlen = 1485380391, noutot = 0, nout=0, nin=0, nbuf=0
Error in <TCollectionLessSTLReader::GetCP()>: Read error in TBranchProxy.
Error in <TBasket::Streamer>: The value of fObjlen is incorrect (-1492237174) ; trying to recover by setting it to zero
Error in <TBasket::Streamer>: The value of fNbytes is incorrect (-45533579) ; trying to recover by setting it to zero
Error in <TCollectionLessSTLReader::GetCP()>: Read error in TBranchProxy.
Error in <TBasket::Streamer>: The value of fKeylen is incorrect (-31330) ; trying to recover by setting it to zero
Error in <TBasket::Streamer>: The value of fObjlen is incorrect (-1460296052) ; trying to recover by setting it to zero
Error in <TBasket::Streamer>: The value of fNbytes is incorrect (-845698399) ; trying to recover by setting it to zero
Error in <TCollectionLessSTLReader::GetCP()>: Read error in TBranchProxy.
Error in <TBasket::Streamer>: The value of fObjlen is incorrect (-1200424630) ; trying to recover by setting it to zero
Error in <TBasket::TBasket::Streamer>: The value of fNevBufSize (-866934573) or fIOBits (227) is incorrect ; setting the buffer to a zombie.
Error in <TCollectionLessSTLReader::GetCP()>: Read error in TBranchProxy.
Error in <TBasket::Streamer>: The value of fKeylen is incorrect (-19191) ; trying to recover by setting it to zero
Error in <TBasket::TBasket::Streamer>: The value of fNevBufSize (-1344425860) or fIOBits (0) is incorrect ; setting the buffer to a zombie.
Error in <TCollectionLessSTLReader::GetCP()>: Read error in TBranchProxy.
Error in <TBasket::Streamer>: The value of fKeylen is incorrect (-24948) ; trying to recover by setting it to zero
Error in <TBasket::Streamer>: The value of fObjlen is incorrect (-710856305) ; trying to recover by setting it to zero
Error in <TCollectionLessSTLReader::GetCP()>: Read error in TBranchProxy.
Error R__unzip_header: error in header.  Values: ab6
Error in <TBasket::ReadBasketBuffers>: Inconsistency found in header (nin=0, nbuf=0)
Error in <TBasket::ReadBasketBuffers>: fNbytes = 42079119, fKeylen = 6146, fObjlen = 1485380391, noutot = 0, nout=0, nin=0, nbuf=0
Error in <TCollectionLessSTLReader::GetCP()>: Read error in TBranchProxy.
Error in <TBasket::Streamer>: The value of fObjlen is incorrect (-1492237174) ; trying to recover by setting it to zero
Error in <TBasket::Streamer>: The value of fNbytes is incorrect (-45533579) ; trying to recover by setting it to zero
Error in <TCollectionLessSTLReader::GetCP()>: Read error in TBranchProxy.
Error in <TBasket::Streamer>: The value of fKeylen is incorrect (-31330) ; trying to recover by setting it to zero
Error in <TBasket::Streamer>: The value of fObjlen is incorrect (-1460296052) ; trying to recover by setting it to zero
Error in <TBasket::Streamer>: The value of fNbytes is incorrect (-845698399) ; trying to recover by setting it to zero
Error in <TCollectionLessSTLReader::GetCP()>: Read error in TBranchProxy.
Error in <TBasket::Streamer>: The value of fObjlen is incorrect (-1200424630) ; trying to recover by setting it to zero
Error in <TBasket::TBasket::Streamer>: The value of fNevBufSize (-866934573) or fIOBits (227) is incorrect ; setting the buffer to a zombie.
Error in <TCollectionLessSTLReader::GetCP()>: Read error in TBranchProxy.
Error in <TBasket::Streamer>: The value of fKeylen is incorrect (-19191) ; trying to recover by setting it to zero
Error in <TBasket::TBasket::Streamer>: The value of fNevBufSize (-1344425860) or fIOBits (0) is incorrect ; setting the buffer to a zombie.
Error in <TCollectionLessSTLReader::GetCP()>: Read error in TBranchProxy.
Error in <TBasket::Streamer>: The value of fKeylen is incorrect (-24948) ; trying to recover by setting it to zero
Error in <TBasket::Streamer>: The value of fObjlen is incorrect (-710856305) ; trying to recover by setting it to zero
Error in <TCollectionLessSTLReader::GetCP()>: Read error in TBranchProxy.
Error R__unzip_header: error in header.  Values: ab6
Error in <TBasket::ReadBasketBuffers>: Inconsistency found in header (nin=0, nbuf=0)
Error in <TBasket::ReadBasketBuffers>: fNbytes = 42079119, fKeylen = 6146, fObjlen = 1485380391, noutot = 0, nout=0, nin=0, nbuf=0
Error in <TCollectionLessSTLReader::GetCP()>: Read error in TBranchProxy.
Error in <TBasket::Streamer>: The value of fObjlen is incorrect (-1492237174) ; trying to recover by setting it to zero
Error in <TBasket::Streamer>: The value of fNbytes is incorrect (-45533579) ; trying to recover by setting it to zero
Error in <TCollectionLessSTLReader::GetCP()>: Read error in TBranchProxy.
Error in <TBasket::Streamer>: The value of fKeylen is incorrect (-31330) ; trying to recover by setting it to zero
Error in <TBasket::Streamer>: The value of fObjlen is incorrect (-1460296052) ; trying to recover by setting it to zero
Error in <TBasket::Streamer>: The value of fNbytes is incorrect (-845698399) ; trying to recover by setting it to zero
Error in <TCollectionLessSTLReader::GetCP()>: Read error in TBranchProxy.
Error in <TBasket::Streamer>: The value of fObjlen is incorrect (-1200424630) ; trying to recover by setting it to zero
Error in <TBasket::TBasket::Streamer>: The value of fNevBufSize (-866934573) or fIOBits (227) is incorrect ; setting the buffer to a zombie.
Error in <TCollectionLessSTLReader::GetCP()>: Read error in TBranchProxy.
Error in <TBasket::Streamer>: The value of fKeylen is incorrect (-19191) ; trying to recover by setting it to zero
Error in <TBasket::TBasket::Streamer>: The value of fNevBufSize (-1344425860) or fIOBits (0) is incorrect ; setting the buffer to a zombie.
Error in <TCollectionLessSTLReader::GetCP()>: Read error in TBranchProxy.
Error in <TBasket::Streamer>: The value of fKeylen is incorrect (-24948) ; trying to recover by setting it to zero
Error in <TBasket::Streamer>: The value of fObjlen is incorrect (-710856305) ; trying to recover by setting it to zero
Error in <TCollectionLessSTLReader::GetCP()>: Read error in TBranchProxy.
Error R__unzip_header: error in header.  Values: ab6
Error in <TBasket::ReadBasketBuffers>: Inconsistency found in header (nin=0, nbuf=0)
Error in <TBasket::ReadBasketBuffers>: fNbytes = 42079119, fKeylen = 6146, fObjlen = 1485380391, noutot = 0, nout=0, nin=0, nbuf=0
Error in <TCollectionLessSTLReader::GetCP()>: Read error in TBranchProxy.
Error in <TBasket::Streamer>: The value of fObjlen is incorrect (-1492237174) ; trying to recover by setting it to zero
Error in <TBasket::Streamer>: The value of fNbytes is incorrect (-45533579) ; trying to recover by setting it to zero
Error in <TCollectionLessSTLReader::GetCP()>: Read error in TBranchProxy.
Error in <TBasket::Streamer>: The value of fKeylen is incorrect (-31330) ; trying to recover by setting it to zero
Error in <TBasket::Streamer>: The value of fObjlen is incorrect (-1460296052) ; trying to recover by setting it to zero
Error in <TBasket::Streamer>: The value of fNbytes is incorrect (-845698399) ; trying to recover by setting it to zero
Error in <TCollectionLessSTLReader::GetCP()>: Read error in TBranchProxy.
Error in <TBasket::Streamer>: The value of fObjlen is incorrect (-1200424630) ; trying to recover by setting it to zero
Error in <TBasket::TBasket::Streamer>: The value of fNevBufSize (-866934573) or fIOBits (227) is incorrect ; setting the buffer to a zombie.
Error in <TCollectionLessSTLReader::GetCP()>: Read error in TBranchProxy.
Error in <TBasket::Streamer>: The value of fKeylen is incorrect (-19191) ; trying to recover by setting it to zero
Error in <TBasket::TBasket::Streamer>: The value of fNevBufSize (-1344425860) or fIOBits (0) is incorrect ; setting the buffer to a zombie.
Error in <TCollectionLessSTLReader::GetCP()>: Read error in TBranchProxy.
Error in <TBasket::Streamer>: The value of fKeylen is incorrect (-24948) ; trying to recover by setting it to zero
Error in <TBasket::Streamer>: The value of fObjlen is incorrect (-710856305) ; trying to recover by setting it to zero
Error in <TCollectionLessSTLReader::GetCP()>: Read error in TBranchProxy.
Error R__unzip_header: error in header.  Values: ab6
Error in <TBasket::ReadBasketBuffers>: Inconsistency found in header (nin=0, nbuf=0)
Error in <TBasket::ReadBasketBuffers>: fNbytes = 42079119, fKeylen = 6146, fObjlen = 1485380391, noutot = 0, nout=0, nin=0, nbuf=0
Error in <TCollectionLessSTLReader::GetCP()>: Read error in TBranchProxy.
Error in <TBasket::Streamer>: The value of fObjlen is incorrect (-1492237174) ; trying to recover by setting it to zero
Error in <TBasket::Streamer>: The value of fNbytes is incorrect (-45533579) ; trying to recover by setting it to zero
Error in <TCollectionLessSTLReader::GetCP()>: Read error in TBranchProxy.
Error in <TBasket::Streamer>: The value of fKeylen is incorrect (-31330) ; trying to recover by setting it to zero
Error in <TBasket::Streamer>: The value of fObjlen is incorrect (-1460296052) ; trying to recover by setting it to zero
Error in <TBasket::Streamer>: The value of fNbytes is incorrect (-845698399) ; trying to recover by setting it to zero
Error in <TCollectionLessSTLReader::GetCP()>: Read error in TBranchProxy.
Error in <TBasket::Streamer>: The value of fObjlen is incorrect (-1200424630) ; trying to recover by setting it to zero
Error in <TBasket::TBasket::Streamer>: The value of fNevBufSize (-866934573) or fIOBits (227) is incorrect ; setting the buffer to a zombie.
Error in <TCollectionLessSTLReader::GetCP()>: Read error in TBranchProxy.
Error in <TBasket::Streamer>: The value of fKeylen is incorrect (-19191) ; trying to recover by setting it to zero
Error in <TBasket::TBasket::Streamer>: The value of fNevBufSize (-1344425860) or fIOBits (0) is incorrect ; setting the buffer to a zombie.
Error in <TCollectionLessSTLReader::GetCP()>: Read error in TBranchProxy.
Error in <TBasket::Streamer>: The value of fKeylen is incorrect (-24948) ; trying to recover by setting it to zero
Error in <TBasket::Streamer>: The value of fObjlen is incorrect (-710856305) ; trying to recover by setting it to zero
Error in <TCollectionLessSTLReader::GetCP()>: Read error in TBranchProxy.
Error R__unzip_header: error in header.  Values: ab6
Error in <TBasket::ReadBasketBuffers>: Inconsistency found in header (nin=0, nbuf=0)
Error in <TBasket::ReadBasketBuffers>: fNbytes = 42079119, fKeylen = 6146, fObjlen = 1485380391, noutot = 0, nout=0, nin=0, nbuf=0
Error in <TCollectionLessSTLReader::GetCP()>: Read error in TBranchProxy.
Error in <TBasket::Streamer>: The value of fObjlen is incorrect (-1492237174) ; trying to recover by setting it to zero
Error in <TBasket::Streamer>: The value of fNbytes is incorrect (-45533579) ; trying to recover by setting it to zero
Error in <TCollectionLessSTLReader::GetCP()>: Read error in TBranchProxy.
Error in <TBasket::Streamer>: The value of fKeylen is incorrect (-31330) ; trying to recover by setting it to zero
Error in <TBasket::Streamer>: The value of fObjlen is incorrect (-1460296052) ; trying to recover by setting it to zero
Error in <TBasket::Streamer>: The value of fNbytes is incorrect (-845698399) ; trying to recover by setting it to zero
Error in <TCollectionLessSTLReader::GetCP()>: Read error in TBranchProxy.
Error in <TBasket::Streamer>: The value of fObjlen is incorrect (-1200424630) ; trying to recover by setting it to zero
Error in <TBasket::TBasket::Streamer>: The value of fNevBufSize (-866934573) or fIOBits (227) is incorrect ; setting the buffer to a zombie.
Error in <TCollectionLessSTLReader::GetCP()>: Read error in TBranchProxy.
Error in <TBasket::Streamer>: The value of fKeylen is incorrect (-19191) ; trying to recover by setting it to zero
Error in <TBasket::TBasket::Streamer>: The value of fNevBufSize (-1344425860) or fIOBits (0) is incorrect ; setting the buffer to a zombie.
Error in <TCollectionLessSTLReader::GetCP()>: Read error in TBranchProxy.
Error in <TBasket::Streamer>: The value of fKeylen is incorrect (-24948) ; trying to recover by setting it to zero
Error in <TBasket::Streamer>: The value of fObjlen is incorrect (-710856305) ; trying to recover by setting it to zero
Error in <TCollectionLessSTLReader::GetCP()>: Read error in TBranchProxy.
Error R__unzip_header: error in header.  Values: ab6
Error in <TBasket::ReadBasketBuffers>: Inconsistency found in header (nin=0, nbuf=0)
Error in <TBasket::ReadBasketBuffers>: fNbytes = 42079119, fKeylen = 6146, fObjlen = 1485380391, noutot = 0, nout=0, nin=0, nbuf=0
Error in <TCollectionLessSTLReader::GetCP()>: Read error in TBranchProxy.
Error in <TBasket::Streamer>: The value of fObjlen is incorrect (-1492237174) ; trying to recover by setting it to zero
Error in <TBasket::Streamer>: The value of fNbytes is incorrect (-45533579) ; trying to recover by setting it to zero
Error in <TCollectionLessSTLReader::GetCP()>: Read error in TBranchProxy.
Error in <TBasket::Streamer>: The value of fKeylen is incorrect (-31330) ; trying to recover by setting it to zero
Error in <TBasket::Streamer>: The value of fObjlen is incorrect (-1460296052) ; trying to recover by setting it to zero
Error in <TBasket::Streamer>: The value of fNbytes is incorrect (-845698399) ; trying to recover by setting it to zero
Error in <TCollectionLessSTLReader::GetCP()>: Read error in TBranchProxy.
Error in <TBasket::Streamer>: The value of fObjlen is incorrect (-1200424630) ; trying to recover by setting it to zero
Error in <TBasket::TBasket::Streamer>: The value of fNevBufSize (-866934573) or fIOBits (227) is incorrect ; setting the buffer to a zombie.
Error in <TCollectionLessSTLReader::GetCP()>: Read error in TBranchProxy.
Error in <TBasket::Streamer>: The value of fKeylen is incorrect (-19191) ; trying to recover by setting it to zero
Error in <TBasket::TBasket::Streamer>: The value of fNevBufSize (-1344425860) or fIOBits (0) is incorrect ; setting the buffer to a zombie.
Error in <TCollectionLessSTLReader::GetCP()>: Read error in TBranchProxy.
Error in <TBasket::Streamer>: The value of fKeylen is incorrect (-24948) ; trying to recover by setting it to zero
Error in <TBasket::Streamer>: The value of fObjlen is incorrect (-710856305) ; trying to recover by setting it to zero
Error in <TCollectionLessSTLReader::GetCP()>: Read error in TBranchProxy.
Error R__unzip_header: error in header.  Values: ab6
Error in <TBasket::ReadBasketBuffers>: Inconsistency found in header (nin=0, nbuf=0)
Error in <TBasket::ReadBasketBuffers>: fNbytes = 42079119, fKeylen = 6146, fObjlen = 1485380391, noutot = 0, nout=0, nin=0, nbuf=0
Error in <TCollectionLessSTLReader::GetCP()>: Read error in TBranchProxy.
Error in <TBasket::Streamer>: The value of fObjlen is incorrect (-1492237174) ; trying to recover by setting it to zero
Error in <TBasket::Streamer>: The value of fNbytes is incorrect (-45533579) ; trying to recover by setting it to zero
Error in <TCollectionLessSTLReader::GetCP()>: Read error in TBranchProxy.
Error in <TBasket::Streamer>: The value of fKeylen is incorrect (-31330) ; trying to recover by setting it to zero
Error in <TBasket::Streamer>: The value of fObjlen is incorrect (-1460296052) ; trying to recover by setting it to zero
Error in <TBasket::Streamer>: The value of fNbytes is incorrect (-845698399) ; trying to recover by setting it to zero
Error in <TCollectionLessSTLReader::GetCP()>: Read error in TBranchProxy.
Error in <TBasket::Streamer>: The value of fObjlen is incorrect (-1200424630) ; trying to recover by setting it to zero
Error in <TBasket::TBasket::Streamer>: The value of fNevBufSize (-866934573) or fIOBits (227) is incorrect ; setting the buffer to a zombie.
Error in <TCollectionLessSTLReader::GetCP()>: Read error in TBranchProxy.
Error in <TBasket::Streamer>: The value of fKeylen is incorrect (-19191) ; trying to recover by setting it to zero
Error in <TBasket::TBasket::Streamer>: The value of fNevBufSize (-1344425860) or fIOBits (0) is incorrect ; setting the buffer to a zombie.
Error in <TCollectionLessSTLReader::GetCP()>: Read error in TBranchProxy.
Error in <TBasket::Streamer>: The value of fKeylen is incorrect (-24948) ; trying to recover by setting it to zero
Error in <TBasket::Streamer>: The value of fObjlen is incorrect (-710856305) ; trying to recover by setting it to zero
Error in <TCollectionLessSTLReader::GetCP()>: Read error in TBranchProxy.
Error R__unzip_header: error in header.  Values: ab6
Error in <TBasket::ReadBasketBuffers>: Inconsistency found in header (nin=0, nbuf=0)
Error in <TBasket::ReadBasketBuffers>: fNbytes = 42079119, fKeylen = 6146, fObjlen = 1485380391, noutot = 0, nout=0, nin=0, nbuf=0
Error in <TCollectionLessSTLReader::GetCP()>: Read error in TBranchProxy.
Error in <TBasket::Streamer>: The value of fObjlen is incorrect (-1492237174) ; trying to recover by setting it to zero
Error in <TBasket::Streamer>: The value of fNbytes is incorrect (-45533579) ; trying to recover by setting it to zero
Error in <TCollectionLessSTLReader::GetCP()>: Read error in TBranchProxy.
Error in <TBasket::Streamer>: The value of fKeylen is incorrect (-31330) ; trying to recover by setting it to zero
Error in <TBasket::Streamer>: The value of fObjlen is incorrect (-1460296052) ; trying to recover by setting it to zero
Error in <TBasket::Streamer>: The value of fNbytes is incorrect (-845698399) ; trying to recover by setting it to zero
Error in <TCollectionLessSTLReader::GetCP()>: Read error in TBranchProxy.
Error in <TBasket::Streamer>: The value of fObjlen is incorrect (-1200424630) ; trying to recover by setting it to zero
Error in <TBasket::TBasket::Streamer>: The value of fNevBufSize (-866934573) or fIOBits (227) is incorrect ; setting the buffer to a zombie.
Error in <TCollectionLessSTLReader::GetCP()>: Read error in TBranchProxy.
Error in <TBasket::Streamer>: The value of fKeylen is incorrect (-19191) ; trying to recover by setting it to zero
Error in <TBasket::TBasket::Streamer>: The value of fNevBufSize (-1344425860) or fIOBits (0) is incorrect ; setting the buffer to a zombie.
Error in <TCollectionLessSTLReader::GetCP()>: Read error in TBranchProxy.
Error in <TBasket::Streamer>: The value of fKeylen is incorrect (-24948) ; trying to recover by setting it to zero
Error in <TBasket::Streamer>: The value of fObjlen is incorrect (-710856305) ; trying to recover by setting it to zero
Error in <TCollectionLessSTLReader::GetCP()>: Read error in TBranchProxy.
Error R__unzip_header: error in header.  Values: ab6
Error in <TBasket::ReadBasketBuffers>: Inconsistency found in header (nin=0, nbuf=0)
Error in <TBasket::ReadBasketBuffers>: fNbytes = 42079119, fKeylen = 6146, fObjlen = 1485380391, noutot = 0, nout=0, nin=0, nbuf=0
Error in <TCollectionLessSTLReader::GetCP()>: Read error in TBranchProxy.
Error in <TBasket::Streamer>: The value of fObjlen is incorrect (-1492237174) ; trying to recover by setting it to zero
Error in <TBasket::Streamer>: The value of fNbytes is incorrect (-45533579) ; trying to recover by setting it to zero
Error in <TCollectionLessSTLReader::GetCP()>: Read error in TBranchProxy.
Error in <TBasket::Streamer>: The value of fKeylen is incorrect (-31330) ; trying to recover by setting it to zero
Error in <TBasket::Streamer>: The value of fObjlen is incorrect (-1460296052) ; trying to recover by setting it to zero
Error in <TBasket::Streamer>: The value of fNbytes is incorrect (-845698399) ; trying to recover by setting it to zero
Error in <TCollectionLessSTLReader::GetCP()>: Read error in TBranchProxy.
Error in <TBasket::Streamer>: The value of fObjlen is incorrect (-1200424630) ; trying to recover by setting it to zero
Error in <TBasket::TBasket::Streamer>: The value of fNevBufSize (-866934573) or fIOBits (227) is incorrect ; setting the buffer to a zombie.
Error in <TCollectionLessSTLReader::GetCP()>: Read error in TBranchProxy.
Error in <TBasket::Streamer>: The value of fKeylen is incorrect (-19191) ; trying to recover by setting it to zero
Error in <TBasket::TBasket::Streamer>: The value of fNevBufSize (-1344425860) or fIOBits (0) is incorrect ; setting the buffer to a zombie.
Error in <TCollectionLessSTLReader::GetCP()>: Read error in TBranchProxy.
Error in <TBasket::Streamer>: The value of fKeylen is incorrect (-24948) ; trying to recover by setting it to zero
Error in <TBasket::Streamer>: The value of fObjlen is incorrect (-710856305) ; trying to recover by setting it to zero
Error in <TCollectionLessSTLReader::GetCP()>: Read error in TBranchProxy.
Error R__unzip_header: error in header.  Values: ab6
Error in <TBasket::ReadBasketBuffers>: Inconsistency found in header (nin=0, nbuf=0)
Error in <TBasket::ReadBasketBuffers>: fNbytes = 42079119, fKeylen = 6146, fObjlen = 1485380391, noutot = 0, nout=0, nin=0, nbuf=0
Error in <TCollectionLessSTLReader::GetCP()>: Read error in TBranchProxy.
Error in <TBasket::Streamer>: The value of fObjlen is incorrect (-1492237174) ; trying to recover by setting it to zero
Error in <TBasket::Streamer>: The value of fNbytes is incorrect (-45533579) ; trying to recover by setting it to zero
Error in <TCollectionLessSTLReader::GetCP()>: Read error in TBranchProxy.
Error in <TBasket::Streamer>: The value of fKeylen is incorrect (-31330) ; trying to recover by setting it to zero
Error in <TBasket::Streamer>: The value of fObjlen is incorrect (-1460296052) ; trying to recover by setting it to zero
Error in <TBasket::Streamer>: The value of fNbytes is incorrect (-845698399) ; trying to recover by setting it to zero
Error in <TCollectionLessSTLReader::GetCP()>: Read error in TBranchProxy.
Error in <TBasket::Streamer>: The value of fObjlen is incorrect (-1200424630) ; trying to recover by setting it to zero
Error in <TBasket::TBasket::Streamer>: The value of fNevBufSize (-866934573) or fIOBits (227) is incorrect ; setting the buffer to a zombie.
Error in <TCollectionLessSTLReader::GetCP()>: Read error in TBranchProxy.
Error in <TBasket::Streamer>: The value of fKeylen is incorrect (-19191) ; trying to recover by setting it to zero
Error in <TBasket::TBasket::Streamer>: The value of fNevBufSize (-1344425860) or fIOBits (0) is incorrect ; setting the buffer to a zombie.
Error in <TCollectionLessSTLReader::GetCP()>: Read error in TBranchProxy.
Error in <TBasket::Streamer>: The value of fKeylen is incorrect (-24948) ; trying to recover by setting it to zero
Error in <TBasket::Streamer>: The value of fObjlen is incorrect (-710856305) ; trying to recover by setting it to zero
Error in <TCollectionLessSTLReader::GetCP()>: Read error in TBranchProxy.
Error R__unzip_header: error in header.  Values: ab6
Error in <TBasket::ReadBasketBuffers>: Inconsistency found in header (nin=0, nbuf=0)
Error in <TBasket::ReadBasketBuffers>: fNbytes = 42079119, fKeylen = 6146, fObjlen = 1485380391, noutot = 0, nout=0, nin=0, nbuf=0
Error in <TCollectionLessSTLReader::GetCP()>: Read error in TBranchProxy.
Error in <TBasket::Streamer>: The value of fObjlen is incorrect (-1492237174) ; trying to recover by setting it to zero
Error in <TBasket::Streamer>: The value of fNbytes is incorrect (-45533579) ; trying to recover by setting it to zero
Error in <TCollectionLessSTLReader::GetCP()>: Read error in TBranchProxy.
Error in <TBasket::Streamer>: The value of fKeylen is incorrect (-31330) ; trying to recover by setting it to zero
Error in <TBasket::Streamer>: The value of fObjlen is incorrect (-1460296052) ; trying to recover by setting it to zero
Error in <TBasket::Streamer>: The value of fNbytes is incorrect (-845698399) ; trying to recover by setting it to zero
Error in <TCollectionLessSTLReader::GetCP()>: Read error in TBranchProxy.
Error in <TBasket::Streamer>: The value of fObjlen is incorrect (-1200424630) ; trying to recover by setting it to zero
Error in <TBasket::TBasket::Streamer>: The value of fNevBufSize (-866934573) or fIOBits (227) is incorrect ; setting the buffer to a zombie.
Error in <TCollectionLessSTLReader::GetCP()>: Read error in TBranchProxy.
Error in <TBasket::Streamer>: The value of fKeylen is incorrect (-19191) ; trying to recover by setting it to zero
Error in <TBasket::TBasket::Streamer>: The value of fNevBufSize (-1344425860) or fIOBits (0) is incorrect ; setting the buffer to a zombie.
Error in <TCollectionLessSTLReader::GetCP()>: Read error in TBranchProxy.
Error in <TBasket::Streamer>: The value of fKeylen is incorrect (-24948) ; trying to recover by setting it to zero
Error in <TBasket::Streamer>: The value of fObjlen is incorrect (-710856305) ; trying to recover by setting it to zero
Error in <TCollectionLessSTLReader::GetCP()>: Read error in TBranchProxy.
Error R__unzip_header: error in header.  Values: ab6
Error in <TBasket::ReadBasketBuffers>: Inconsistency found in header (nin=0, nbuf=0)
Error in <TBasket::ReadBasketBuffers>: fNbytes = 42079119, fKeylen = 6146, fObjlen = 1485380391, noutot = 0, nout=0, nin=0, nbuf=0
Error in <TCollectionLessSTLReader::GetCP()>: Read error in TBranchProxy.
Error in <TBasket::Streamer>: The value of fObjlen is incorrect (-1492237174) ; trying to recover by setting it to zero
Error in <TBasket::Streamer>: The value of fNbytes is incorrect (-45533579) ; trying to recover by setting it to zero
Error in <TCollectionLessSTLReader::GetCP()>: Read error in TBranchProxy.
Error in <TBasket::Streamer>: The value of fKeylen is incorrect (-31330) ; trying to recover by setting it to zero
Error in <TBasket::Streamer>: The value of fObjlen is incorrect (-1460296052) ; trying to recover by setting it to zero
Error in <TBasket::Streamer>: The value of fNbytes is incorrect (-845698399) ; trying to recover by setting it to zero
Error in <TCollectionLessSTLReader::GetCP()>: Read error in TBranchProxy.
Error in <TBasket::Streamer>: The value of fObjlen is incorrect (-1200424630) ; trying to recover by setting it to zero
Error in <TBasket::TBasket::Streamer>: The value of fNevBufSize (-866934573) or fIOBits (227) is incorrect ; setting the buffer to a zombie.
Error in <TCollectionLessSTLReader::GetCP()>: Read error in TBranchProxy.
Error in <TBasket::Streamer>: The value of fKeylen is incorrect (-19191) ; trying to recover by setting it to zero
Error in <TBasket::TBasket::Streamer>: The value of fNevBufSize (-1344425860) or fIOBits (0) is incorrect ; setting the buffer to a zombie.
Error in <TCollectionLessSTLReader::GetCP()>: Read error in TBranchProxy.
Error in <TBasket::Streamer>: The value of fKeylen is incorrect (-24948) ; trying to recover by setting it to zero
Error in <TBasket::Streamer>: The value of fObjlen is incorrect (-710856305) ; trying to recover by setting it to zero
Error in <TCollectionLessSTLReader::GetCP()>: Read error in TBranchProxy.
Error R__unzip_header: error in header.  Values: ab6
Error in <TBasket::ReadBasketBuffers>: Inconsistency found in header (nin=0, nbuf=0)
Error in <TBasket::ReadBasketBuffers>: fNbytes = 42079119, fKeylen = 6146, fObjlen = 1485380391, noutot = 0, nout=0, nin=0, nbuf=0
Error in <TCollectionLessSTLReader::GetCP()>: Read error in TBranchProxy.
Error in <TBasket::Streamer>: The value of fObjlen is incorrect (-1492237174) ; trying to recover by setting it to zero
Error in <TBasket::Streamer>: The value of fNbytes is incorrect (-45533579) ; trying to recover by setting it to zero
Error in <TCollectionLessSTLReader::GetCP()>: Read error in TBranchProxy.
Error in <TBasket::Streamer>: The value of fKeylen is incorrect (-31330) ; trying to recover by setting it to zero
Error in <TBasket::Streamer>: The value of fObjlen is incorrect (-1460296052) ; trying to recover by setting it to zero
Error in <TBasket::Streamer>: The value of fNbytes is incorrect (-845698399) ; trying to recover by setting it to zero
Error in <TCollectionLessSTLReader::GetCP()>: Read error in TBranchProxy.
Error in <TBasket::Streamer>: The value of fObjlen is incorrect (-1200424630) ; trying to recover by setting it to zero
Error in <TBasket::TBasket::Streamer>: The value of fNevBufSize (-866934573) or fIOBits (227) is incorrect ; setting the buffer to a zombie.
Error in <TCollectionLessSTLReader::GetCP()>: Read error in TBranchProxy.
Error in <TBasket::Streamer>: The value of fKeylen is incorrect (-19191) ; trying to recover by setting it to zero
Error in <TBasket::TBasket::Streamer>: The value of fNevBufSize (-1344425860) or fIOBits (0) is incorrect ; setting the buffer to a zombie.
Error in <TCollectionLessSTLReader::GetCP()>: Read error in TBranchProxy.
Error in <TBasket::Streamer>: The value of fKeylen is incorrect (-24948) ; trying to recover by setting it to zero
Error in <TBasket::Streamer>: The value of fObjlen is incorrect (-710856305) ; trying to recover by setting it to zero
Error in <TCollectionLessSTLReader::GetCP()>: Read error in TBranchProxy.
Error R__unzip_header: error in header.  Values: ab6
Error in <TBasket::ReadBasketBuffers>: Inconsistency found in header (nin=0, nbuf=0)
Error in <TBasket::ReadBasketBuffers>: fNbytes = 42079119, fKeylen = 6146, fObjlen = 1485380391, noutot = 0, nout=0, nin=0, nbuf=0
Error in <TCollectionLessSTLReader::GetCP()>: Read error in TBranchProxy.
Error in <TBasket::Streamer>: The value of fObjlen is incorrect (-1492237174) ; trying to recover by setting it to zero
Error in <TBasket::Streamer>: The value of fNbytes is incorrect (-45533579) ; trying to recover by setting it to zero
Error in <TCollectionLessSTLReader::GetCP()>: Read error in TBranchProxy.
Error in <TBasket::Streamer>: The value of fKeylen is incorrect (-31330) ; trying to recover by setting it to zero
Error in <TBasket::Streamer>: The value of fObjlen is incorrect (-1460296052) ; trying to recover by setting it to zero
Error in <TBasket::Streamer>: The value of fNbytes is incorrect (-845698399) ; trying to recover by setting it to zero
Error in <TCollectionLessSTLReader::GetCP()>: Read error in TBranchProxy.
Error in <TBasket::Streamer>: The value of fObjlen is incorrect (-1200424630) ; trying to recover by setting it to zero
Error in <TBasket::TBasket::Streamer>: The value of fNevBufSize (-866934573) or fIOBits (227) is incorrect ; setting the buffer to a zombie.
Error in <TCollectionLessSTLReader::GetCP()>: Read error in TBranchProxy.
Error in <TBasket::Streamer>: The value of fKeylen is incorrect (-19191) ; trying to recover by setting it to zero
Error in <TBasket::TBasket::Streamer>: The value of fNevBufSize (-1344425860) or fIOBits (0) is incorrect ; setting the buffer to a zombie.
Error in <TCollectionLessSTLReader::GetCP()>: Read error in TBranchProxy.
Error in <TBasket::Streamer>: The value of fKeylen is incorrect (-24948) ; trying to recover by setting it to zero
Error in <TBasket::Streamer>: The value of fObjlen is incorrect (-710856305) ; trying to recover by setting it to zero
Error in <TCollectionLessSTLReader::GetCP()>: Read error in TBranchProxy.
Error R__unzip_header: error in header.  Values: ab6
Error in <TBasket::ReadBasketBuffers>: Inconsistency found in header (nin=0, nbuf=0)
Error in <TBasket::ReadBasketBuffers>: fNbytes = 42079119, fKeylen = 6146, fObjlen = 1485380391, noutot = 0, nout=0, nin=0, nbuf=0
Error in <TCollectionLessSTLReader::GetCP()>: Read error in TBranchProxy.
Error in <TBasket::Streamer>: The value of fObjlen is incorrect (-1492237174) ; trying to recover by setting it to zero
Error in <TBasket::Streamer>: The value of fNbytes is incorrect (-45533579) ; trying to recover by setting it to zero
Error in <TCollectionLessSTLReader::GetCP()>: Read error in TBranchProxy.
Error in <TBasket::Streamer>: The value of fKeylen is incorrect (-31330) ; trying to recover by setting it to zero
Error in <TBasket::Streamer>: The value of fObjlen is incorrect (-1460296052) ; trying to recover by setting it to zero
Error in <TBasket::Streamer>: The value of fNbytes is incorrect (-845698399) ; trying to recover by setting it to zero
Error in <TCollectionLessSTLReader::GetCP()>: Read error in TBranchProxy.
Error in <TBasket::Streamer>: The value of fObjlen is incorrect (-1200424630) ; trying to recover by setting it to zero
Error in <TBasket::TBasket::Streamer>: The value of fNevBufSize (-866934573) or fIOBits (227) is incorrect ; setting the buffer to a zombie.
Error in <TCollectionLessSTLReader::GetCP()>: Read error in TBranchProxy.
Error in <TBasket::Streamer>: The value of fKeylen is incorrect (-19191) ; trying to recover by setting it to zero
Error in <TBasket::TBasket::Streamer>: The value of fNevBufSize (-1344425860) or fIOBits (0) is incorrect ; setting the buffer to a zombie.
Error in <TCollectionLessSTLReader::GetCP()>: Read error in TBranchProxy.
Error in <TBasket::Streamer>: The value of fKeylen is incorrect (-24948) ; trying to recover by setting it to zero
Error in <TBasket::Streamer>: The value of fObjlen is incorrect (-710856305) ; trying to recover by setting it to zero
Error in <TCollectionLessSTLReader::GetCP()>: Read error in TBranchProxy.
Error R__unzip_header: error in header.  Values: ab6
Error in <TBasket::ReadBasketBuffers>: Inconsistency found in header (nin=0, nbuf=0)
Error in <TBasket::ReadBasketBuffers>: fNbytes = 42079119, fKeylen = 6146, fObjlen = 1485380391, noutot = 0, nout=0, nin=0, nbuf=0
Error in <TCollectionLessSTLReader::GetCP()>: Read error in TBranchProxy.
Error in <TBasket::Streamer>: The value of fObjlen is incorrect (-1492237174) ; trying to recover by setting it to zero
Error in <TBasket::Streamer>: The value of fNbytes is incorrect (-45533579) ; trying to recover by setting it to zero
Error in <TCollectionLessSTLReader::GetCP()>: Read error in TBranchProxy.
Error in <TBasket::Streamer>: The value of fKeylen is incorrect (-31330) ; trying to recover by setting it to zero
Error in <TBasket::Streamer>: The value of fObjlen is incorrect (-1460296052) ; trying to recover by setting it to zero
Error in <TBasket::Streamer>: The value of fNbytes is incorrect (-845698399) ; trying to recover by setting it to zero
Error in <TCollectionLessSTLReader::GetCP()>: Read error in TBranchProxy.
Error in <TBasket::Streamer>: The value of fObjlen is incorrect (-1200424630) ; trying to recover by setting it to zero
Error in <TBasket::TBasket::Streamer>: The value of fNevBufSize (-866934573) or fIOBits (227) is incorrect ; setting the buffer to a zombie.
Error in <TCollectionLessSTLReader::GetCP()>: Read error in TBranchProxy.
Error in <TBasket::Streamer>: The value of fKeylen is incorrect (-19191) ; trying to recover by setting it to zero
Error in <TBasket::TBasket::Streamer>: The value of fNevBufSize (-1344425860) or fIOBits (0) is incorrect ; setting the buffer to a zombie.
Error in <TCollectionLessSTLReader::GetCP()>: Read error in TBranchProxy.
Error in <TBasket::Streamer>: The value of fKeylen is incorrect (-24948) ; trying to recover by setting it to zero
Error in <TBasket::Streamer>: The value of fObjlen is incorrect (-710856305) ; trying to recover by setting it to zero
Error in <TCollectionLessSTLReader::GetCP()>: Read error in TBranchProxy.
Error R__unzip_header: error in header.  Values: ab6
Error in <TBasket::ReadBasketBuffers>: Inconsistency found in header (nin=0, nbuf=0)
Error in <TBasket::ReadBasketBuffers>: fNbytes = 42079119, fKeylen = 6146, fObjlen = 1485380391, noutot = 0, nout=0, nin=0, nbuf=0
Error in <TCollectionLessSTLReader::GetCP()>: Read error in TBranchProxy.
Error in <TBasket::Streamer>: The value of fObjlen is incorrect (-1492237174) ; trying to recover by setting it to zero
Error in <TBasket::Streamer>: The value of fNbytes is incorrect (-45533579) ; trying to recover by setting it to zero
Error in <TCollectionLessSTLReader::GetCP()>: Read error in TBranchProxy.
Error in <TBasket::Streamer>: The value of fKeylen is incorrect (-31330) ; trying to recover by setting it to zero
Error in <TBasket::Streamer>: The value of fObjlen is incorrect (-1460296052) ; trying to recover by setting it to zero
Error in <TBasket::Streamer>: The value of fNbytes is incorrect (-845698399) ; trying to recover by setting it to zero
Error in <TCollectionLessSTLReader::GetCP()>: Read error in TBranchProxy.
Error in <TBasket::Streamer>: The value of fObjlen is incorrect (-1200424630) ; trying to recover by setting it to zero
Error in <TBasket::TBasket::Streamer>: The value of fNevBufSize (-866934573) or fIOBits (227) is incorrect ; setting the buffer to a zombie.
Error in <TCollectionLessSTLReader::GetCP()>: Read error in TBranchProxy.
Error in <TBasket::Streamer>: The value of fKeylen is incorrect (-19191) ; trying to recover by setting it to zero
Error in <TBasket::TBasket::Streamer>: The value of fNevBufSize (-1344425860) or fIOBits (0) is incorrect ; setting the buffer to a zombie.
Error in <TCollectionLessSTLReader::GetCP()>: Read error in TBranchProxy.
Error in <TBasket::Streamer>: The value of fKeylen is incorrect (-24948) ; trying to recover by setting it to zero
Error in <TBasket::Streamer>: The value of fObjlen is incorrect (-710856305) ; trying to recover by setting it to zero
Error in <TCollectionLessSTLReader::GetCP()>: Read error in TBranchProxy.
Error R__unzip_header: error in header.  Values: ab6
Error in <TBasket::ReadBasketBuffers>: Inconsistency found in header (nin=0, nbuf=0)
Error in <TBasket::ReadBasketBuffers>: fNbytes = 42079119, fKeylen = 6146, fObjlen = 1485380391, noutot = 0, nout=0, nin=0, nbuf=0
Error in <TCollectionLessSTLReader::GetCP()>: Read error in TBranchProxy.
Error in <TBasket::Streamer>: The value of fObjlen is incorrect (-1492237174) ; trying to recover by setting it to zero
Error in <TBasket::Streamer>: The value of fNbytes is incorrect (-45533579) ; trying to recover by setting it to zero
Error in <TCollectionLessSTLReader::GetCP()>: Read error in TBranchProxy.
Error in <TBasket::Streamer>: The value of fKeylen is incorrect (-31330) ; trying to recover by setting it to zero
Error in <TBasket::Streamer>: The value of fObjlen is incorrect (-1460296052) ; trying to recover by setting it to zero
Error in <TBasket::Streamer>: The value of fNbytes is incorrect (-845698399) ; trying to recover by setting it to zero
Error in <TCollectionLessSTLReader::GetCP()>: Read error in TBranchProxy.
Error in <TBasket::Streamer>: The value of fObjlen is incorrect (-1200424630) ; trying to recover by setting it to zero
Error in <TBasket::TBasket::Streamer>: The value of fNevBufSize (-866934573) or fIOBits (227) is incorrect ; setting the buffer to a zombie.
Error in <TCollectionLessSTLReader::GetCP()>: Read error in TBranchProxy.
Error in <TBasket::Streamer>: The value of fKeylen is incorrect (-19191) ; trying to recover by setting it to zero
Error in <TBasket::TBasket::Streamer>: The value of fNevBufSize (-1344425860) or fIOBits (0) is incorrect ; setting the buffer to a zombie.
Error in <TCollectionLessSTLReader::GetCP()>: Read error in TBranchProxy.
Error in <TBasket::Streamer>: The value of fKeylen is incorrect (-24948) ; trying to recover by setting it to zero
Error in <TBasket::Streamer>: The value of fObjlen is incorrect (-710856305) ; trying to recover by setting it to zero
Error in <TCollectionLessSTLReader::GetCP()>: Read error in TBranchProxy.
Error R__unzip_header: error in header.  Values: ab6
Error in <TBasket::ReadBasketBuffers>: Inconsistency found in header (nin=0, nbuf=0)
Error in <TBasket::ReadBasketBuffers>: fNbytes = 42079119, fKeylen = 6146, fObjlen = 1485380391, noutot = 0, nout=0, nin=0, nbuf=0
Error in <TCollectionLessSTLReader::GetCP()>: Read error in TBranchProxy.
Error in <TBasket::Streamer>: The value of fObjlen is incorrect (-1492237174) ; trying to recover by setting it to zero
Error in <TBasket::Streamer>: The value of fNbytes is incorrect (-45533579) ; trying to recover by setting it to zero
Error in <TCollectionLessSTLReader::GetCP()>: Read error in TBranchProxy.
Error in <TBasket::Streamer>: The value of fKeylen is incorrect (-31330) ; trying to recover by setting it to zero
Error in <TBasket::Streamer>: The value of fObjlen is incorrect (-1460296052) ; trying to recover by setting it to zero
Error in <TBasket::Streamer>: The value of fNbytes is incorrect (-845698399) ; trying to recover by setting it to zero
Error in <TCollectionLessSTLReader::GetCP()>: Read error in TBranchProxy.
Error in <TBasket::Streamer>: The value of fObjlen is incorrect (-1200424630) ; trying to recover by setting it to zero
Error in <TBasket::TBasket::Streamer>: The value of fNevBufSize (-866934573) or fIOBits (227) is incorrect ; setting the buffer to a zombie.
Error in <TCollectionLessSTLReader::GetCP()>: Read error in TBranchProxy.
Error in <TBasket::Streamer>: The value of fKeylen is incorrect (-19191) ; trying to recover by setting it to zero
Error in <TBasket::TBasket::Streamer>: The value of fNevBufSize (-1344425860) or fIOBits (0) is incorrect ; setting the buffer to a zombie.
Error in <TCollectionLessSTLReader::GetCP()>: Read error in TBranchProxy.
Error in <TBasket::Streamer>: The value of fKeylen is incorrect (-24948) ; trying to recover by setting it to zero
Error in <TBasket::Streamer>: The value of fObjlen is incorrect (-710856305) ; trying to recover by setting it to zero
Error in <TCollectionLessSTLReader::GetCP()>: Read error in TBranchProxy.
Error R__unzip_header: error in header.  Values: ab6
Error in <TBasket::ReadBasketBuffers>: Inconsistency found in header (nin=0, nbuf=0)
Error in <TBasket::ReadBasketBuffers>: fNbytes = 42079119, fKeylen = 6146, fObjlen = 1485380391, noutot = 0, nout=0, nin=0, nbuf=0
Error in <TCollectionLessSTLReader::GetCP()>: Read error in TBranchProxy.
Error in <TBasket::Streamer>: The value of fObjlen is incorrect (-1492237174) ; trying to recover by setting it to zero
Error in <TBasket::Streamer>: The value of fNbytes is incorrect (-45533579) ; trying to recover by setting it to zero
Error in <TCollectionLessSTLReader::GetCP()>: Read error in TBranchProxy.
Error in <TBasket::Streamer>: The value of fKeylen is incorrect (-31330) ; trying to recover by setting it to zero
Error in <TBasket::Streamer>: The value of fObjlen is incorrect (-1460296052) ; trying to recover by setting it to zero
Error in <TBasket::Streamer>: The value of fNbytes is incorrect (-845698399) ; trying to recover by setting it to zero
Error in <TCollectionLessSTLReader::GetCP()>: Read error in TBranchProxy.
Error in <TBasket::Streamer>: The value of fObjlen is incorrect (-1200424630) ; trying to recover by setting it to zero
Error in <TBasket::TBasket::Streamer>: The value of fNevBufSize (-866934573) or fIOBits (227) is incorrect ; setting the buffer to a zombie.
Error in <TCollectionLessSTLReader::GetCP()>: Read error in TBranchProxy.
Error in <TBasket::Streamer>: The value of fKeylen is incorrect (-19191) ; trying to recover by setting it to zero
Error in <TBasket::TBasket::Streamer>: The value of fNevBufSize (-1344425860) or fIOBits (0) is incorrect ; setting the buffer to a zombie.
Error in <TCollectionLessSTLReader::GetCP()>: Read error in TBranchProxy.
Error in <TBasket::Streamer>: The value of fKeylen is incorrect (-24948) ; trying to recover by setting it to zero
Error in <TBasket::Streamer>: The value of fObjlen is incorrect (-710856305) ; trying to recover by setting it to zero
Error in <TCollectionLessSTLReader::GetCP()>: Read error in TBranchProxy.
Error R__unzip_header: error in header.  Values: ab6
Error in <TBasket::ReadBasketBuffers>: Inconsistency found in header (nin=0, nbuf=0)
Error in <TBasket::ReadBasketBuffers>: fNbytes = 42079119, fKeylen = 6146, fObjlen = 1485380391, noutot = 0, nout=0, nin=0, nbuf=0
Error in <TCollectionLessSTLReader::GetCP()>: Read error in TBranchProxy.
Error in <TBasket::Streamer>: The value of fObjlen is incorrect (-1492237174) ; trying to recover by setting it to zero
Error in <TBasket::Streamer>: The value of fNbytes is incorrect (-45533579) ; trying to recover by setting it to zero
Error in <TCollectionLessSTLReader::GetCP()>: Read error in TBranchProxy.
Error in <TBasket::Streamer>: The value of fKeylen is incorrect (-31330) ; trying to recover by setting it to zero
Error in <TBasket::Streamer>: The value of fObjlen is incorrect (-1460296052) ; trying to recover by setting it to zero
Error in <TBasket::Streamer>: The value of fNbytes is incorrect (-845698399) ; trying to recover by setting it to zero
Error in <TCollectionLessSTLReader::GetCP()>: Read error in TBranchProxy.
Error in <TBasket::Streamer>: The value of fObjlen is incorrect (-1200424630) ; trying to recover by setting it to zero
Error in <TBasket::TBasket::Streamer>: The value of fNevBufSize (-866934573) or fIOBits (227) is incorrect ; setting the buffer to a zombie.
Error in <TCollectionLessSTLReader::GetCP()>: Read error in TBranchProxy.
Error in <TBasket::Streamer>: The value of fKeylen is incorrect (-19191) ; trying to recover by setting it to zero
Error in <TBasket::TBasket::Streamer>: The value of fNevBufSize (-1344425860) or fIOBits (0) is incorrect ; setting the buffer to a zombie.
Error in <TCollectionLessSTLReader::GetCP()>: Read error in TBranchProxy.
Error in <TBasket::Streamer>: The value of fKeylen is incorrect (-24948) ; trying to recover by setting it to zero
Error in <TBasket::Streamer>: The value of fObjlen is incorrect (-710856305) ; trying to recover by setting it to zero
Error in <TCollectionLessSTLReader::GetCP()>: Read error in TBranchProxy.
Error R__unzip_header: error in header.  Values: ab6
Error in <TBasket::ReadBasketBuffers>: Inconsistency found in header (nin=0, nbuf=0)
Error in <TBasket::ReadBasketBuffers>: fNbytes = 42079119, fKeylen = 6146, fObjlen = 1485380391, noutot = 0, nout=0, nin=0, nbuf=0
Error in <TCollectionLessSTLReader::GetCP()>: Read error in TBranchProxy.
Error in <TBasket::Streamer>: The value of fObjlen is incorrect (-1492237174) ; trying to recover by setting it to zero
Error in <TBasket::Streamer>: The value of fNbytes is incorrect (-45533579) ; trying to recover by setting it to zero
Error in <TCollectionLessSTLReader::GetCP()>: Read error in TBranchProxy.
Error in <TBasket::Streamer>: The value of fKeylen is incorrect (-31330) ; trying to recover by setting it to zero
Error in <TBasket::Streamer>: The value of fObjlen is incorrect (-1460296052) ; trying to recover by setting it to zero
Error in <TBasket::Streamer>: The value of fNbytes is incorrect (-845698399) ; trying to recover by setting it to zero
Error in <TCollectionLessSTLReader::GetCP()>: Read error in TBranchProxy.
Error in <TBasket::Streamer>: The value of fObjlen is incorrect (-1200424630) ; trying to recover by setting it to zero
Error in <TBasket::TBasket::Streamer>: The value of fNevBufSize (-866934573) or fIOBits (227) is incorrect ; setting the buffer to a zombie.
Error in <TCollectionLessSTLReader::GetCP()>: Read error in TBranchProxy.
Error in <TBasket::Streamer>: The value of fKeylen is incorrect (-19191) ; trying to recover by setting it to zero
Error in <TBasket::TBasket::Streamer>: The value of fNevBufSize (-1344425860) or fIOBits (0) is incorrect ; setting the buffer to a zombie.
Error in <TCollectionLessSTLReader::GetCP()>: Read error in TBranchProxy.
Error in <TBasket::Streamer>: The value of fKeylen is incorrect (-24948) ; trying to recover by setting it to zero
Error in <TBasket::Streamer>: The value of fObjlen is incorrect (-710856305) ; trying to recover by setting it to zero
Error in <TCollectionLessSTLReader::GetCP()>: Read error in TBranchProxy.
Error R__unzip_header: error in header.  Values: ab6
Error in <TBasket::ReadBasketBuffers>: Inconsistency found in header (nin=0, nbuf=0)
Error in <TBasket::ReadBasketBuffers>: fNbytes = 42079119, fKeylen = 6146, fObjlen = 1485380391, noutot = 0, nout=0, nin=0, nbuf=0
Error in <TCollectionLessSTLReader::GetCP()>: Read error in TBranchProxy.
Error in <TBasket::Streamer>: The value of fObjlen is incorrect (-1492237174) ; trying to recover by setting it to zero
Error in <TBasket::Streamer>: The value of fNbytes is incorrect (-45533579) ; trying to recover by setting it to zero
Error in <TCollectionLessSTLReader::GetCP()>: Read error in TBranchProxy.
Error in <TBasket::Streamer>: The value of fKeylen is incorrect (-31330) ; trying to recover by setting it to zero
Error in <TBasket::Streamer>: The value of fObjlen is incorrect (-1460296052) ; trying to recover by setting it to zero
Error in <TBasket::Streamer>: The value of fNbytes is incorrect (-845698399) ; trying to recover by setting it to zero
Error in <TCollectionLessSTLReader::GetCP()>: Read error in TBranchProxy.
Error in <TBasket::Streamer>: The value of fObjlen is incorrect (-1200424630) ; trying to recover by setting it to zero
Error in <TBasket::TBasket::Streamer>: The value of fNevBufSize (-866934573) or fIOBits (227) is incorrect ; setting the buffer to a zombie.
Error in <TCollectionLessSTLReader::GetCP()>: Read error in TBranchProxy.
Error in <TBasket::Streamer>: The value of fKeylen is incorrect (-19191) ; trying to recover by setting it to zero
Error in <TBasket::TBasket::Streamer>: The value of fNevBufSize (-1344425860) or fIOBits (0) is incorrect ; setting the buffer to a zombie.
Error in <TCollectionLessSTLReader::GetCP()>: Read error in TBranchProxy.
Error in <TBasket::Streamer>: The value of fKeylen is incorrect (-24948) ; trying to recover by setting it to zero
Error in <TBasket::Streamer>: The value of fObjlen is incorrect (-710856305) ; trying to recover by setting it to zero
Error in <TCollectionLessSTLReader::GetCP()>: Read error in TBranchProxy.
Error R__unzip_header: error in header.  Values: ab6
Error in <TBasket::ReadBasketBuffers>: Inconsistency found in header (nin=0, nbuf=0)
Error in <TBasket::ReadBasketBuffers>: fNbytes = 42079119, fKeylen = 6146, fObjlen = 1485380391, noutot = 0, nout=0, nin=0, nbuf=0
Error in <TCollectionLessSTLReader::GetCP()>: Read error in TBranchProxy.
Error in <TBasket::Streamer>: The value of fObjlen is incorrect (-1492237174) ; trying to recover by setting it to zero
Error in <TBasket::Streamer>: The value of fNbytes is incorrect (-45533579) ; trying to recover by setting it to zero
Error in <TCollectionLessSTLReader::GetCP()>: Read error in TBranchProxy.
Error in <TBasket::Streamer>: The value of fKeylen is incorrect (-31330) ; trying to recover by setting it to zero
Error in <TBasket::Streamer>: The value of fObjlen is incorrect (-1460296052) ; trying to recover by setting it to zero
Error in <TBasket::Streamer>: The value of fNbytes is incorrect (-845698399) ; trying to recover by setting it to zero
Error in <TCollectionLessSTLReader::GetCP()>: Read error in TBranchProxy.
Error in <TBasket::Streamer>: The value of fObjlen is incorrect (-1200424630) ; trying to recover by setting it to zero
Error in <TBasket::TBasket::Streamer>: The value of fNevBufSize (-866934573) or fIOBits (227) is incorrect ; setting the buffer to a zombie.
Error in <TCollectionLessSTLReader::GetCP()>: Read error in TBranchProxy.
Error in <TBasket::Streamer>: The value of fKeylen is incorrect (-19191) ; trying to recover by setting it to zero
Error in <TBasket::TBasket::Streamer>: The value of fNevBufSize (-1344425860) or fIOBits (0) is incorrect ; setting the buffer to a zombie.
Error in <TCollectionLessSTLReader::GetCP()>: Read error in TBranchProxy.
Error in <TBasket::Streamer>: The value of fKeylen is incorrect (-24948) ; trying to recover by setting it to zero
Error in <TBasket::Streamer>: The value of fObjlen is incorrect (-710856305) ; trying to recover by setting it to zero
Error in <TCollectionLessSTLReader::GetCP()>: Read error in TBranchProxy.
Error R__unzip_header: error in header.  Values: ab6
Error in <TBasket::ReadBasketBuffers>: Inconsistency found in header (nin=0, nbuf=0)
Error in <TBasket::ReadBasketBuffers>: fNbytes = 42079119, fKeylen = 6146, fObjlen = 1485380391, noutot = 0, nout=0, nin=0, nbuf=0
Error in <TCollectionLessSTLReader::GetCP()>: Read error in TBranchProxy.
Error in <TBasket::Streamer>: The value of fObjlen is incorrect (-1492237174) ; trying to recover by setting it to zero
Error in <TBasket::Streamer>: The value of fNbytes is incorrect (-45533579) ; trying to recover by setting it to zero
Error in <TCollectionLessSTLReader::GetCP()>: Read error in TBranchProxy.
Error in <TBasket::Streamer>: The value of fKeylen is incorrect (-31330) ; trying to recover by setting it to zero
Error in <TBasket::Streamer>: The value of fObjlen is incorrect (-1460296052) ; trying to recover by setting it to zero
Error in <TBasket::Streamer>: The value of fNbytes is incorrect (-845698399) ; trying to recover by setting it to zero
Error in <TCollectionLessSTLReader::GetCP()>: Read error in TBranchProxy.
Error in <TBasket::Streamer>: The value of fObjlen is incorrect (-1200424630) ; trying to recover by setting it to zero
Error in <TBasket::TBasket::Streamer>: The value of fNevBufSize (-866934573) or fIOBits (227) is incorrect ; setting the buffer to a zombie.
Error in <TCollectionLessSTLReader::GetCP()>: Read error in TBranchProxy.
Error in <TBasket::Streamer>: The value of fKeylen is incorrect (-19191) ; trying to recover by setting it to zero
Error in <TBasket::TBasket::Streamer>: The value of fNevBufSize (-1344425860) or fIOBits (0) is incorrect ; setting the buffer to a zombie.
Error in <TCollectionLessSTLReader::GetCP()>: Read error in TBranchProxy.
Error in <TBasket::Streamer>: The value of fKeylen is incorrect (-24948) ; trying to recover by setting it to zero
Error in <TBasket::Streamer>: The value of fObjlen is incorrect (-710856305) ; trying to recover by setting it to zero
Error in <TCollectionLessSTLReader::GetCP()>: Read error in TBranchProxy.
Error R__unzip_header: error in header.  Values: ab6
Error in <TBasket::ReadBasketBuffers>: Inconsistency found in header (nin=0, nbuf=0)
Error in <TBasket::ReadBasketBuffers>: fNbytes = 42079119, fKeylen = 6146, fObjlen = 1485380391, noutot = 0, nout=0, nin=0, nbuf=0
Error in <TCollectionLessSTLReader::GetCP()>: Read error in TBranchProxy.
Error in <TBasket::Streamer>: The value of fObjlen is incorrect (-1492237174) ; trying to recover by setting it to zero
Error in <TBasket::Streamer>: The value of fNbytes is incorrect (-45533579) ; trying to recover by setting it to zero
Error in <TCollectionLessSTLReader::GetCP()>: Read error in TBranchProxy.
Error in <TBasket::Streamer>: The value of fKeylen is incorrect (-31330) ; trying to recover by setting it to zero
Error in <TBasket::Streamer>: The value of fObjlen is incorrect (-1460296052) ; trying to recover by setting it to zero
Error in <TBasket::Streamer>: The value of fNbytes is incorrect (-845698399) ; trying to recover by setting it to zero
Error in <TCollectionLessSTLReader::GetCP()>: Read error in TBranchProxy.
Error in <TBasket::Streamer>: The value of fObjlen is incorrect (-1200424630) ; trying to recover by setting it to zero
Error in <TBasket::TBasket::Streamer>: The value of fNevBufSize (-866934573) or fIOBits (227) is incorrect ; setting the buffer to a zombie.
Error in <TCollectionLessSTLReader::GetCP()>: Read error in TBranchProxy.
Error in <TBasket::Streamer>: The value of fKeylen is incorrect (-19191) ; trying to recover by setting it to zero
Error in <TBasket::TBasket::Streamer>: The value of fNevBufSize (-1344425860) or fIOBits (0) is incorrect ; setting the buffer to a zombie.
Error in <TCollectionLessSTLReader::GetCP()>: Read error in TBranchProxy.
Error in <TBasket::Streamer>: The value of fKeylen is incorrect (-24948) ; trying to recover by setting it to zero
Error in <TBasket::Streamer>: The value of fObjlen is incorrect (-710856305) ; trying to recover by setting it to zero
Error in <TCollectionLessSTLReader::GetCP()>: Read error in TBranchProxy.
Error R__unzip_header: error in header.  Values: ab6
Error in <TBasket::ReadBasketBuffers>: Inconsistency found in header (nin=0, nbuf=0)
Error in <TBasket::ReadBasketBuffers>: fNbytes = 42079119, fKeylen = 6146, fObjlen = 1485380391, noutot = 0, nout=0, nin=0, nbuf=0
Error in <TCollectionLessSTLReader::GetCP()>: Read error in TBranchProxy.
Error in <TBasket::Streamer>: The value of fObjlen is incorrect (-1492237174) ; trying to recover by setting it to zero
Error in <TBasket::Streamer>: The value of fNbytes is incorrect (-45533579) ; trying to recover by setting it to zero
Error in <TCollectionLessSTLReader::GetCP()>: Read error in TBranchProxy.
Error in <TBasket::Streamer>: The value of fKeylen is incorrect (-31330) ; trying to recover by setting it to zero
Error in <TBasket::Streamer>: The value of fObjlen is incorrect (-1460296052) ; trying to recover by setting it to zero
Error in <TBasket::Streamer>: The value of fNbytes is incorrect (-845698399) ; trying to recover by setting it to zero
Error in <TCollectionLessSTLReader::GetCP()>: Read error in TBranchProxy.
Error in <TBasket::Streamer>: The value of fObjlen is incorrect (-1200424630) ; trying to recover by setting it to zero
Error in <TBasket::TBasket::Streamer>: The value of fNevBufSize (-866934573) or fIOBits (227) is incorrect ; setting the buffer to a zombie.
Error in <TCollectionLessSTLReader::GetCP()>: Read error in TBranchProxy.
Error in <TBasket::Streamer>: The value of fKeylen is incorrect (-19191) ; trying to recover by setting it to zero
Error in <TBasket::TBasket::Streamer>: The value of fNevBufSize (-1344425860) or fIOBits (0) is incorrect ; setting the buffer to a zombie.
Error in <TCollectionLessSTLReader::GetCP()>: Read error in TBranchProxy.
Error in <TBasket::Streamer>: The value of fKeylen is incorrect (-24948) ; trying to recover by setting it to zero
Error in <TBasket::Streamer>: The value of fObjlen is incorrect (-710856305) ; trying to recover by setting it to zero
Error in <TCollectionLessSTLReader::GetCP()>: Read error in TBranchProxy.
Error R__unzip_header: error in header.  Values: ab6
Error in <TBasket::ReadBasketBuffers>: Inconsistency found in header (nin=0, nbuf=0)
Error in <TBasket::ReadBasketBuffers>: fNbytes = 42079119, fKeylen = 6146, fObjlen = 1485380391, noutot = 0, nout=0, nin=0, nbuf=0
Error in <TCollectionLessSTLReader::GetCP()>: Read error in TBranchProxy.
Error in <TBasket::Streamer>: The value of fObjlen is incorrect (-1492237174) ; trying to recover by setting it to zero
Error in <TBasket::Streamer>: The value of fNbytes is incorrect (-45533579) ; trying to recover by setting it to zero
Error in <TCollectionLessSTLReader::GetCP()>: Read error in TBranchProxy.
Error in <TBasket::Streamer>: The value of fKeylen is incorrect (-31330) ; trying to recover by setting it to zero
Error in <TBasket::Streamer>: The value of fObjlen is incorrect (-1460296052) ; trying to recover by setting it to zero
Error in <TBasket::Streamer>: The value of fNbytes is incorrect (-845698399) ; trying to recover by setting it to zero
Error in <TCollectionLessSTLReader::GetCP()>: Read error in TBranchProxy.
Error in <TBasket::Streamer>: The value of fObjlen is incorrect (-1200424630) ; trying to recover by setting it to zero
Error in <TBasket::TBasket::Streamer>: The value of fNevBufSize (-866934573) or fIOBits (227) is incorrect ; setting the buffer to a zombie.
Error in <TCollectionLessSTLReader::GetCP()>: Read error in TBranchProxy.
Error in <TBasket::Streamer>: The value of fKeylen is incorrect (-19191) ; trying to recover by setting it to zero
Error in <TBasket::TBasket::Streamer>: The value of fNevBufSize (-1344425860) or fIOBits (0) is incorrect ; setting the buffer to a zombie.
Error in <TCollectionLessSTLReader::GetCP()>: Read error in TBranchProxy.
Error in <TBasket::Streamer>: The value of fKeylen is incorrect (-24948) ; trying to recover by setting it to zero
Error in <TBasket::Streamer>: The value of fObjlen is incorrect (-710856305) ; trying to recover by setting it to zero
Error in <TCollectionLessSTLReader::GetCP()>: Read error in TBranchProxy.
Error R__unzip_header: error in header.  Values: ab6
Error in <TBasket::ReadBasketBuffers>: Inconsistency found in header (nin=0, nbuf=0)
Error in <TBasket::ReadBasketBuffers>: fNbytes = 42079119, fKeylen = 6146, fObjlen = 1485380391, noutot = 0, nout=0, nin=0, nbuf=0
Error in <TCollectionLessSTLReader::GetCP()>: Read error in TBranchProxy.
Error in <TBasket::Streamer>: The value of fObjlen is incorrect (-1492237174) ; trying to recover by setting it to zero
Error in <TBasket::Streamer>: The value of fNbytes is incorrect (-45533579) ; trying to recover by setting it to zero
Error in <TCollectionLessSTLReader::GetCP()>: Read error in TBranchProxy.
Error in <TBasket::Streamer>: The value of fKeylen is incorrect (-31330) ; trying to recover by setting it to zero
Error in <TBasket::Streamer>: The value of fObjlen is incorrect (-1460296052) ; trying to recover by setting it to zero
Error in <TBasket::Streamer>: The value of fNbytes is incorrect (-845698399) ; trying to recover by setting it to zero
Error in <TCollectionLessSTLReader::GetCP()>: Read error in TBranchProxy.
Error in <TBasket::Streamer>: The value of fObjlen is incorrect (-1200424630) ; trying to recover by setting it to zero
Error in <TBasket::TBasket::Streamer>: The value of fNevBufSize (-866934573) or fIOBits (227) is incorrect ; setting the buffer to a zombie.
Error in <TCollectionLessSTLReader::GetCP()>: Read error in TBranchProxy.
Error in <TBasket::Streamer>: The value of fKeylen is incorrect (-19191) ; trying to recover by setting it to zero
Error in <TBasket::TBasket::Streamer>: The value of fNevBufSize (-1344425860) or fIOBits (0) is incorrect ; setting the buffer to a zombie.
Error in <TCollectionLessSTLReader::GetCP()>: Read error in TBranchProxy.
Error in <TBasket::Streamer>: The value of fKeylen is incorrect (-24948) ; trying to recover by setting it to zero
Error in <TBasket::Streamer>: The value of fObjlen is incorrect (-710856305) ; trying to recover by setting it to zero
Error in <TCollectionLessSTLReader::GetCP()>: Read error in TBranchProxy.
Error R__unzip_header: error in header.  Values: ab6
Error in <TBasket::ReadBasketBuffers>: Inconsistency found in header (nin=0, nbuf=0)
Error in <TBasket::ReadBasketBuffers>: fNbytes = 42079119, fKeylen = 6146, fObjlen = 1485380391, noutot = 0, nout=0, nin=0, nbuf=0
Error in <TCollectionLessSTLReader::GetCP()>: Read error in TBranchProxy.
Error in <TBasket::Streamer>: The value of fObjlen is incorrect (-1492237174) ; trying to recover by setting it to zero
Error in <TBasket::Streamer>: The value of fNbytes is incorrect (-45533579) ; trying to recover by setting it to zero
Error in <TCollectionLessSTLReader::GetCP()>: Read error in TBranchProxy.
Error in <TBasket::Streamer>: The value of fKeylen is incorrect (-31330) ; trying to recover by setting it to zero
Error in <TBasket::Streamer>: The value of fObjlen is incorrect (-1460296052) ; trying to recover by setting it to zero
Error in <TBasket::Streamer>: The value of fNbytes is incorrect (-845698399) ; trying to recover by setting it to zero
Error in <TCollectionLessSTLReader::GetCP()>: Read error in TBranchProxy.
Error in <TBasket::Streamer>: The value of fObjlen is incorrect (-1200424630) ; trying to recover by setting it to zero
Error in <TBasket::TBasket::Streamer>: The value of fNevBufSize (-866934573) or fIOBits (227) is incorrect ; setting the buffer to a zombie.
Error in <TCollectionLessSTLReader::GetCP()>: Read error in TBranchProxy.
Error in <TBasket::Streamer>: The value of fKeylen is incorrect (-19191) ; trying to recover by setting it to zero
Error in <TBasket::TBasket::Streamer>: The value of fNevBufSize (-1344425860) or fIOBits (0) is incorrect ; setting the buffer to a zombie.
Error in <TCollectionLessSTLReader::GetCP()>: Read error in TBranchProxy.
Error in <TBasket::Streamer>: The value of fKeylen is incorrect (-24948) ; trying to recover by setting it to zero
Error in <TBasket::Streamer>: The value of fObjlen is incorrect (-710856305) ; trying to recover by setting it to zero
Error in <TCollectionLessSTLReader::GetCP()>: Read error in TBranchProxy.
Error R__unzip_header: error in header.  Values: ab6
Error in <TBasket::ReadBasketBuffers>: Inconsistency found in header (nin=0, nbuf=0)
Error in <TBasket::ReadBasketBuffers>: fNbytes = 42079119, fKeylen = 6146, fObjlen = 1485380391, noutot = 0, nout=0, nin=0, nbuf=0
Error in <TCollectionLessSTLReader::GetCP()>: Read error in TBranchProxy.
Error in <TBasket::Streamer>: The value of fObjlen is incorrect (-1492237174) ; trying to recover by setting it to zero
Error in <TBasket::Streamer>: The value of fNbytes is incorrect (-45533579) ; trying to recover by setting it to zero
Error in <TCollectionLessSTLReader::GetCP()>: Read error in TBranchProxy.
Error in <TBasket::Streamer>: The value of fKeylen is incorrect (-31330) ; trying to recover by setting it to zero
Error in <TBasket::Streamer>: The value of fObjlen is incorrect (-1460296052) ; trying to recover by setting it to zero
Error in <TBasket::Streamer>: The value of fNbytes is incorrect (-845698399) ; trying to recover by setting it to zero
Error in <TCollectionLessSTLReader::GetCP()>: Read error in TBranchProxy.
Error in <TBasket::Streamer>: The value of fObjlen is incorrect (-1200424630) ; trying to recover by setting it to zero
Error in <TBasket::TBasket::Streamer>: The value of fNevBufSize (-866934573) or fIOBits (227) is incorrect ; setting the buffer to a zombie.
Error in <TCollectionLessSTLReader::GetCP()>: Read error in TBranchProxy.
Error in <TBasket::Streamer>: The value of fKeylen is incorrect (-19191) ; trying to recover by setting it to zero
Error in <TBasket::TBasket::Streamer>: The value of fNevBufSize (-1344425860) or fIOBits (0) is incorrect ; setting the buffer to a zombie.
Error in <TCollectionLessSTLReader::GetCP()>: Read error in TBranchProxy.
Error in <TBasket::Streamer>: The value of fKeylen is incorrect (-24948) ; trying to recover by setting it to zero
Error in <TBasket::Streamer>: The value of fObjlen is incorrect (-710856305) ; trying to recover by setting it to zero
Error in <TCollectionLessSTLReader::GetCP()>: Read error in TBranchProxy.
Error R__unzip_header: error in header.  Values: ab6
Error in <TBasket::ReadBasketBuffers>: Inconsistency found in header (nin=0, nbuf=0)
Error in <TBasket::ReadBasketBuffers>: fNbytes = 42079119, fKeylen = 6146, fObjlen = 1485380391, noutot = 0, nout=0, nin=0, nbuf=0
Error in <TCollectionLessSTLReader::GetCP()>: Read error in TBranchProxy.
Error in <TBasket::Streamer>: The value of fObjlen is incorrect (-1492237174) ; trying to recover by setting it to zero
Error in <TBasket::Streamer>: The value of fNbytes is incorrect (-45533579) ; trying to recover by setting it to zero
Error in <TCollectionLessSTLReader::GetCP()>: Read error in TBranchProxy.
Error in <TBasket::Streamer>: The value of fKeylen is incorrect (-31330) ; trying to recover by setting it to zero
Error in <TBasket::Streamer>: The value of fObjlen is incorrect (-1460296052) ; trying to recover by setting it to zero
Error in <TBasket::Streamer>: The value of fNbytes is incorrect (-845698399) ; trying to recover by setting it to zero
Error in <TCollectionLessSTLReader::GetCP()>: Read error in TBranchProxy.
Error in <TBasket::Streamer>: The value of fObjlen is incorrect (-1200424630) ; trying to recover by setting it to zero
Error in <TBasket::TBasket::Streamer>: The value of fNevBufSize (-866934573) or fIOBits (227) is incorrect ; setting the buffer to a zombie.
Error in <TCollectionLessSTLReader::GetCP()>: Read error in TBranchProxy.
Error in <TBasket::Streamer>: The value of fKeylen is incorrect (-19191) ; trying to recover by setting it to zero
Error in <TBasket::TBasket::Streamer>: The value of fNevBufSize (-1344425860) or fIOBits (0) is incorrect ; setting the buffer to a zombie.
Error in <TCollectionLessSTLReader::GetCP()>: Read error in TBranchProxy.
Error in <TBasket::Streamer>: The value of fKeylen is incorrect (-24948) ; trying to recover by setting it to zero
Error in <TBasket::Streamer>: The value of fObjlen is incorrect (-710856305) ; trying to recover by setting it to zero
Error in <TCollectionLessSTLReader::GetCP()>: Read error in TBranchProxy.
Error R__unzip_header: error in header.  Values: ab6
Error in <TBasket::ReadBasketBuffers>: Inconsistency found in header (nin=0, nbuf=0)
Error in <TBasket::ReadBasketBuffers>: fNbytes = 42079119, fKeylen = 6146, fObjlen = 1485380391, noutot = 0, nout=0, nin=0, nbuf=0
Error in <TCollectionLessSTLReader::GetCP()>: Read error in TBranchProxy.
Error in <TBasket::Streamer>: The value of fObjlen is incorrect (-1492237174) ; trying to recover by setting it to zero
Error in <TBasket::Streamer>: The value of fNbytes is incorrect (-45533579) ; trying to recover by setting it to zero
Error in <TCollectionLessSTLReader::GetCP()>: Read error in TBranchProxy.
Error in <TBasket::Streamer>: The value of fKeylen is incorrect (-31330) ; trying to recover by setting it to zero
Error in <TBasket::Streamer>: The value of fObjlen is incorrect (-1460296052) ; trying to recover by setting it to zero
Error in <TBasket::Streamer>: The value of fNbytes is incorrect (-845698399) ; trying to recover by setting it to zero
Error in <TCollectionLessSTLReader::GetCP()>: Read error in TBranchProxy.
Error in <TBasket::Streamer>: The value of fObjlen is incorrect (-1200424630) ; trying to recover by setting it to zero
Error in <TBasket::TBasket::Streamer>: The value of fNevBufSize (-866934573) or fIOBits (227) is incorrect ; setting the buffer to a zombie.
Error in <TCollectionLessSTLReader::GetCP()>: Read error in TBranchProxy.
Error in <TBasket::Streamer>: The value of fKeylen is incorrect (-19191) ; trying to recover by setting it to zero
Error in <TBasket::TBasket::Streamer>: The value of fNevBufSize (-1344425860) or fIOBits (0) is incorrect ; setting the buffer to a zombie.
Error in <TCollectionLessSTLReader::GetCP()>: Read error in TBranchProxy.
Error in <TBasket::Streamer>: The value of fKeylen is incorrect (-24948) ; trying to recover by setting it to zero
Error in <TBasket::Streamer>: The value of fObjlen is incorrect (-710856305) ; trying to recover by setting it to zero
Error in <TCollectionLessSTLReader::GetCP()>: Read error in TBranchProxy.
Error R__unzip_header: error in header.  Values: ab6
Error in <TBasket::ReadBasketBuffers>: Inconsistency found in header (nin=0, nbuf=0)
Error in <TBasket::ReadBasketBuffers>: fNbytes = 42079119, fKeylen = 6146, fObjlen = 1485380391, noutot = 0, nout=0, nin=0, nbuf=0
Error in <TCollectionLessSTLReader::GetCP()>: Read error in TBranchProxy.
Error in <TBasket::Streamer>: The value of fObjlen is incorrect (-1492237174) ; trying to recover by setting it to zero
Error in <TBasket::Streamer>: The value of fNbytes is incorrect (-45533579) ; trying to recover by setting it to zero
Error in <TCollectionLessSTLReader::GetCP()>: Read error in TBranchProxy.
Error in <TBasket::Streamer>: The value of fKeylen is incorrect (-31330) ; trying to recover by setting it to zero
Error in <TBasket::Streamer>: The value of fObjlen is incorrect (-1460296052) ; trying to recover by setting it to zero
Error in <TBasket::Streamer>: The value of fNbytes is incorrect (-845698399) ; trying to recover by setting it to zero
Error in <TCollectionLessSTLReader::GetCP()>: Read error in TBranchProxy.
Error in <TBasket::Streamer>: The value of fObjlen is incorrect (-1200424630) ; trying to recover by setting it to zero
Error in <TBasket::TBasket::Streamer>: The value of fNevBufSize (-866934573) or fIOBits (227) is incorrect ; setting the buffer to a zombie.
Error in <TCollectionLessSTLReader::GetCP()>: Read error in TBranchProxy.
Error in <TBasket::Streamer>: The value of fKeylen is incorrect (-19191) ; trying to recover by setting it to zero
Error in <TBasket::TBasket::Streamer>: The value of fNevBufSize (-1344425860) or fIOBits (0) is incorrect ; setting the buffer to a zombie.
Error in <TCollectionLessSTLReader::GetCP()>: Read error in TBranchProxy.
Error in <TBasket::Streamer>: The value of fKeylen is incorrect (-24948) ; trying to recover by setting it to zero
Error in <TBasket::Streamer>: The value of fObjlen is incorrect (-710856305) ; trying to recover by setting it to zero
Error in <TCollectionLessSTLReader::GetCP()>: Read error in TBranchProxy.
Error R__unzip_header: error in header.  Values: ab6
Error in <TBasket::ReadBasketBuffers>: Inconsistency found in header (nin=0, nbuf=0)
Error in <TBasket::ReadBasketBuffers>: fNbytes = 42079119, fKeylen = 6146, fObjlen = 1485380391, noutot = 0, nout=0, nin=0, nbuf=0
Error in <TCollectionLessSTLReader::GetCP()>: Read error in TBranchProxy.
Error in <TBasket::Streamer>: The value of fObjlen is incorrect (-1492237174) ; trying to recover by setting it to zero
Error in <TBasket::Streamer>: The value of fNbytes is incorrect (-45533579) ; trying to recover by setting it to zero
Error in <TCollectionLessSTLReader::GetCP()>: Read error in TBranchProxy.
Error in <TBasket::Streamer>: The value of fKeylen is incorrect (-31330) ; trying to recover by setting it to zero
Error in <TBasket::Streamer>: The value of fObjlen is incorrect (-1460296052) ; trying to recover by setting it to zero
Error in <TBasket::Streamer>: The value of fNbytes is incorrect (-845698399) ; trying to recover by setting it to zero
Error in <TCollectionLessSTLReader::GetCP()>: Read error in TBranchProxy.
Error in <TBasket::Streamer>: The value of fObjlen is incorrect (-1200424630) ; trying to recover by setting it to zero
Error in <TBasket::TBasket::Streamer>: The value of fNevBufSize (-866934573) or fIOBits (227) is incorrect ; setting the buffer to a zombie.
Error in <TCollectionLessSTLReader::GetCP()>: Read error in TBranchProxy.
Error in <TBasket::Streamer>: The value of fKeylen is incorrect (-19191) ; trying to recover by setting it to zero
Error in <TBasket::TBasket::Streamer>: The value of fNevBufSize (-1344425860) or fIOBits (0) is incorrect ; setting the buffer to a zombie.
Error in <TCollectionLessSTLReader::GetCP()>: Read error in TBranchProxy.
Error in <TBasket::Streamer>: The value of fKeylen is incorrect (-24948) ; trying to recover by setting it to zero
Error in <TBasket::Streamer>: The value of fObjlen is incorrect (-710856305) ; trying to recover by setting it to zero
Error in <TCollectionLessSTLReader::GetCP()>: Read error in TBranchProxy.
Error R__unzip_header: error in header.  Values: ab6
Error in <TBasket::ReadBasketBuffers>: Inconsistency found in header (nin=0, nbuf=0)
Error in <TBasket::ReadBasketBuffers>: fNbytes = 42079119, fKeylen = 6146, fObjlen = 1485380391, noutot = 0, nout=0, nin=0, nbuf=0
Error in <TCollectionLessSTLReader::GetCP()>: Read error in TBranchProxy.
Error in <TBasket::Streamer>: The value of fObjlen is incorrect (-1492237174) ; trying to recover by setting it to zero
Error in <TBasket::Streamer>: The value of fNbytes is incorrect (-45533579) ; trying to recover by setting it to zero
Error in <TCollectionLessSTLReader::GetCP()>: Read error in TBranchProxy.
Error in <TBasket::Streamer>: The value of fKeylen is incorrect (-31330) ; trying to recover by setting it to zero
Error in <TBasket::Streamer>: The value of fObjlen is incorrect (-1460296052) ; trying to recover by setting it to zero
Error in <TBasket::Streamer>: The value of fNbytes is incorrect (-845698399) ; trying to recover by setting it to zero
Error in <TCollectionLessSTLReader::GetCP()>: Read error in TBranchProxy.
Error in <TBasket::Streamer>: The value of fObjlen is incorrect (-1200424630) ; trying to recover by setting it to zero
Error in <TBasket::TBasket::Streamer>: The value of fNevBufSize (-866934573) or fIOBits (227) is incorrect ; setting the buffer to a zombie.
Error in <TCollectionLessSTLReader::GetCP()>: Read error in TBranchProxy.
Error in <TBasket::Streamer>: The value of fKeylen is incorrect (-19191) ; trying to recover by setting it to zero
Error in <TBasket::TBasket::Streamer>: The value of fNevBufSize (-1344425860) or fIOBits (0) is incorrect ; setting the buffer to a zombie.
Error in <TCollectionLessSTLReader::GetCP()>: Read error in TBranchProxy.
Error in <TBasket::Streamer>: The value of fKeylen is incorrect (-24948) ; trying to recover by setting it to zero
Error in <TBasket::Streamer>: The value of fObjlen is incorrect (-710856305) ; trying to recover by setting it to zero
Error in <TCollectionLessSTLReader::GetCP()>: Read error in TBranchProxy.
Error R__unzip_header: error in header.  Values: ab6
Error in <TBasket::ReadBasketBuffers>: Inconsistency found in header (nin=0, nbuf=0)
Error in <TBasket::ReadBasketBuffers>: fNbytes = 42079119, fKeylen = 6146, fObjlen = 1485380391, noutot = 0, nout=0, nin=0, nbuf=0
Error in <TCollectionLessSTLReader::GetCP()>: Read error in TBranchProxy.
Error in <TBasket::Streamer>: The value of fObjlen is incorrect (-1492237174) ; trying to recover by setting it to zero
Error in <TBasket::Streamer>: The value of fNbytes is incorrect (-45533579) ; trying to recover by setting it to zero
Error in <TCollectionLessSTLReader::GetCP()>: Read error in TBranchProxy.
Error in <TBasket::Streamer>: The value of fKeylen is incorrect (-31330) ; trying to recover by setting it to zero
Error in <TBasket::Streamer>: The value of fObjlen is incorrect (-1460296052) ; trying to recover by setting it to zero
Error in <TBasket::Streamer>: The value of fNbytes is incorrect (-845698399) ; trying to recover by setting it to zero
Error in <TCollectionLessSTLReader::GetCP()>: Read error in TBranchProxy.
Error in <TBasket::Streamer>: The value of fObjlen is incorrect (-1200424630) ; trying to recover by setting it to zero
Error in <TBasket::TBasket::Streamer>: The value of fNevBufSize (-866934573) or fIOBits (227) is incorrect ; setting the buffer to a zombie.
Error in <TCollectionLessSTLReader::GetCP()>: Read error in TBranchProxy.
Error in <TBasket::Streamer>: The value of fKeylen is incorrect (-19191) ; trying to recover by setting it to zero
Error in <TBasket::TBasket::Streamer>: The value of fNevBufSize (-1344425860) or fIOBits (0) is incorrect ; setting the buffer to a zombie.
Error in <TCollectionLessSTLReader::GetCP()>: Read error in TBranchProxy.
Error in <TBasket::Streamer>: The value of fKeylen is incorrect (-24948) ; trying to recover by setting it to zero
Error in <TBasket::Streamer>: The value of fObjlen is incorrect (-710856305) ; trying to recover by setting it to zero
Error in <TCollectionLessSTLReader::GetCP()>: Read error in TBranchProxy.
Error R__unzip_header: error in header.  Values: ab6
Error in <TBasket::ReadBasketBuffers>: Inconsistency found in header (nin=0, nbuf=0)
Error in <TBasket::ReadBasketBuffers>: fNbytes = 42079119, fKeylen = 6146, fObjlen = 1485380391, noutot = 0, nout=0, nin=0, nbuf=0
Error in <TCollectionLessSTLReader::GetCP()>: Read error in TBranchProxy.
Error in <TBasket::Streamer>: The value of fObjlen is incorrect (-1492237174) ; trying to recover by setting it to zero
Error in <TBasket::Streamer>: The value of fNbytes is incorrect (-45533579) ; trying to recover by setting it to zero
Error in <TCollectionLessSTLReader::GetCP()>: Read error in TBranchProxy.
Error in <TBasket::Streamer>: The value of fKeylen is incorrect (-31330) ; trying to recover by setting it to zero
Error in <TBasket::Streamer>: The value of fObjlen is incorrect (-1460296052) ; trying to recover by setting it to zero
Error in <TBasket::Streamer>: The value of fNbytes is incorrect (-845698399) ; trying to recover by setting it to zero
Error in <TCollectionLessSTLReader::GetCP()>: Read error in TBranchProxy.
Error in <TBasket::Streamer>: The value of fObjlen is incorrect (-1200424630) ; trying to recover by setting it to zero
Error in <TBasket::TBasket::Streamer>: The value of fNevBufSize (-866934573) or fIOBits (227) is incorrect ; setting the buffer to a zombie.
Error in <TCollectionLessSTLReader::GetCP()>: Read error in TBranchProxy.
Error in <TBasket::Streamer>: The value of fKeylen is incorrect (-19191) ; trying to recover by setting it to zero
Error in <TBasket::TBasket::Streamer>: The value of fNevBufSize (-1344425860) or fIOBits (0) is incorrect ; setting the buffer to a zombie.
Error in <TCollectionLessSTLReader::GetCP()>: Read error in TBranchProxy.
Error in <TBasket::Streamer>: The value of fKeylen is incorrect (-24948) ; trying to recover by setting it to zero
Error in <TBasket::Streamer>: The value of fObjlen is incorrect (-710856305) ; trying to recover by setting it to zero
Error in <TCollectionLessSTLReader::GetCP()>: Read error in TBranchProxy.
Error R__unzip_header: error in header.  Values: ab6
Error in <TBasket::ReadBasketBuffers>: Inconsistency found in header (nin=0, nbuf=0)
Error in <TBasket::ReadBasketBuffers>: fNbytes = 42079119, fKeylen = 6146, fObjlen = 1485380391, noutot = 0, nout=0, nin=0, nbuf=0
Error in <TCollectionLessSTLReader::GetCP()>: Read error in TBranchProxy.
Error in <TBasket::Streamer>: The value of fObjlen is incorrect (-1492237174) ; trying to recover by setting it to zero
Error in <TBasket::Streamer>: The value of fNbytes is incorrect (-45533579) ; trying to recover by setting it to zero
Error in <TCollectionLessSTLReader::GetCP()>: Read error in TBranchProxy.
Error in <TBasket::Streamer>: The value of fKeylen is incorrect (-31330) ; trying to recover by setting it to zero
Error in <TBasket::Streamer>: The value of fObjlen is incorrect (-1460296052) ; trying to recover by setting it to zero
Error in <TBasket::Streamer>: The value of fNbytes is incorrect (-845698399) ; trying to recover by setting it to zero
Error in <TCollectionLessSTLReader::GetCP()>: Read error in TBranchProxy.
Error in <TBasket::Streamer>: The value of fObjlen is incorrect (-1200424630) ; trying to recover by setting it to zero
Error in <TBasket::TBasket::Streamer>: The value of fNevBufSize (-866934573) or fIOBits (227) is incorrect ; setting the buffer to a zombie.
Error in <TCollectionLessSTLReader::GetCP()>: Read error in TBranchProxy.
Error in <TBasket::Streamer>: The value of fKeylen is incorrect (-19191) ; trying to recover by setting it to zero
Error in <TBasket::TBasket::Streamer>: The value of fNevBufSize (-1344425860) or fIOBits (0) is incorrect ; setting the buffer to a zombie.
Error in <TCollectionLessSTLReader::GetCP()>: Read error in TBranchProxy.
Error in <TBasket::Streamer>: The value of fKeylen is incorrect (-24948) ; trying to recover by setting it to zero
Error in <TBasket::Streamer>: The value of fObjlen is incorrect (-710856305) ; trying to recover by setting it to zero
Error in <TCollectionLessSTLReader::GetCP()>: Read error in TBranchProxy.
Error R__unzip_header: error in header.  Values: ab6
Error in <TBasket::ReadBasketBuffers>: Inconsistency found in header (nin=0, nbuf=0)
Error in <TBasket::ReadBasketBuffers>: fNbytes = 42079119, fKeylen = 6146, fObjlen = 1485380391, noutot = 0, nout=0, nin=0, nbuf=0
Error in <TCollectionLessSTLReader::GetCP()>: Read error in TBranchProxy.
Error in <TBasket::Streamer>: The value of fObjlen is incorrect (-1492237174) ; trying to recover by setting it to zero
Error in <TBasket::Streamer>: The value of fNbytes is incorrect (-45533579) ; trying to recover by setting it to zero
Error in <TCollectionLessSTLReader::GetCP()>: Read error in TBranchProxy.
Error in <TBasket::Streamer>: The value of fKeylen is incorrect (-31330) ; trying to recover by setting it to zero
Error in <TBasket::Streamer>: The value of fObjlen is incorrect (-1460296052) ; trying to recover by setting it to zero
Error in <TBasket::Streamer>: The value of fNbytes is incorrect (-845698399) ; trying to recover by setting it to zero
Error in <TCollectionLessSTLReader::GetCP()>: Read error in TBranchProxy.
Error in <TBasket::Streamer>: The value of fObjlen is incorrect (-1200424630) ; trying to recover by setting it to zero
Error in <TBasket::TBasket::Streamer>: The value of fNevBufSize (-866934573) or fIOBits (227) is incorrect ; setting the buffer to a zombie.
Error in <TCollectionLessSTLReader::GetCP()>: Read error in TBranchProxy.
Error in <TBasket::Streamer>: The value of fKeylen is incorrect (-19191) ; trying to recover by setting it to zero
Error in <TBasket::TBasket::Streamer>: The value of fNevBufSize (-1344425860) or fIOBits (0) is incorrect ; setting the buffer to a zombie.
Error in <TCollectionLessSTLReader::GetCP()>: Read error in TBranchProxy.
Error in <TBasket::Streamer>: The value of fKeylen is incorrect (-24948) ; trying to recover by setting it to zero
Error in <TBasket::Streamer>: The value of fObjlen is incorrect (-710856305) ; trying to recover by setting it to zero
Error in <TCollectionLessSTLReader::GetCP()>: Read error in TBranchProxy.
Error R__unzip_header: error in header.  Values: ab6
Error in <TBasket::ReadBasketBuffers>: Inconsistency found in header (nin=0, nbuf=0)
Error in <TBasket::ReadBasketBuffers>: fNbytes = 42079119, fKeylen = 6146, fObjlen = 1485380391, noutot = 0, nout=0, nin=0, nbuf=0
Error in <TCollectionLessSTLReader::GetCP()>: Read error in TBranchProxy.
Error in <TBasket::Streamer>: The value of fObjlen is incorrect (-1492237174) ; trying to recover by setting it to zero
Error in <TBasket::Streamer>: The value of fNbytes is incorrect (-45533579) ; trying to recover by setting it to zero
Error in <TCollectionLessSTLReader::GetCP()>: Read error in TBranchProxy.
Error in <TBasket::Streamer>: The value of fKeylen is incorrect (-31330) ; trying to recover by setting it to zero
Error in <TBasket::Streamer>: The value of fObjlen is incorrect (-1460296052) ; trying to recover by setting it to zero
Error in <TBasket::Streamer>: The value of fNbytes is incorrect (-845698399) ; trying to recover by setting it to zero
Error in <TCollectionLessSTLReader::GetCP()>: Read error in TBranchProxy.
Error in <TBasket::Streamer>: The value of fObjlen is incorrect (-1200424630) ; trying to recover by setting it to zero
Error in <TBasket::TBasket::Streamer>: The value of fNevBufSize (-866934573) or fIOBits (227) is incorrect ; setting the buffer to a zombie.
Error in <TCollectionLessSTLReader::GetCP()>: Read error in TBranchProxy.
Error in <TBasket::Streamer>: The value of fKeylen is incorrect (-19191) ; trying to recover by setting it to zero
Error in <TBasket::TBasket::Streamer>: The value of fNevBufSize (-1344425860) or fIOBits (0) is incorrect ; setting the buffer to a zombie.
Error in <TCollectionLessSTLReader::GetCP()>: Read error in TBranchProxy.
Error in <TBasket::Streamer>: The value of fKeylen is incorrect (-24948) ; trying to recover by setting it to zero
Error in <TBasket::Streamer>: The value of fObjlen is incorrect (-710856305) ; trying to recover by setting it to zero
Error in <TCollectionLessSTLReader::GetCP()>: Read error in TBranchProxy.
Error R__unzip_header: error in header.  Values: ab6
Error in <TBasket::ReadBasketBuffers>: Inconsistency found in header (nin=0, nbuf=0)
Error in <TBasket::ReadBasketBuffers>: fNbytes = 42079119, fKeylen = 6146, fObjlen = 1485380391, noutot = 0, nout=0, nin=0, nbuf=0
Error in <TCollectionLessSTLReader::GetCP()>: Read error in TBranchProxy.
Error in <TBasket::Streamer>: The value of fObjlen is incorrect (-1492237174) ; trying to recover by setting it to zero
Error in <TBasket::Streamer>: The value of fNbytes is incorrect (-45533579) ; trying to recover by setting it to zero
Error in <TCollectionLessSTLReader::GetCP()>: Read error in TBranchProxy.
Error in <TBasket::Streamer>: The value of fKeylen is incorrect (-31330) ; trying to recover by setting it to zero
Error in <TBasket::Streamer>: The value of fObjlen is incorrect (-1460296052) ; trying to recover by setting it to zero
Error in <TBasket::Streamer>: The value of fNbytes is incorrect (-845698399) ; trying to recover by setting it to zero
Error in <TCollectionLessSTLReader::GetCP()>: Read error in TBranchProxy.
Error in <TBasket::Streamer>: The value of fObjlen is incorrect (-1200424630) ; trying to recover by setting it to zero
Error in <TBasket::TBasket::Streamer>: The value of fNevBufSize (-866934573) or fIOBits (227) is incorrect ; setting the buffer to a zombie.
Error in <TCollectionLessSTLReader::GetCP()>: Read error in TBranchProxy.
Error in <TBasket::Streamer>: The value of fKeylen is incorrect (-19191) ; trying to recover by setting it to zero
Error in <TBasket::TBasket::Streamer>: The value of fNevBufSize (-1344425860) or fIOBits (0) is incorrect ; setting the buffer to a zombie.
Error in <TCollectionLessSTLReader::GetCP()>: Read error in TBranchProxy.
Error in <TBasket::Streamer>: The value of fKeylen is incorrect (-24948) ; trying to recover by setting it to zero
Error in <TBasket::Streamer>: The value of fObjlen is incorrect (-710856305) ; trying to recover by setting it to zero
Error in <TCollectionLessSTLReader::GetCP()>: Read error in TBranchProxy.
Error R__unzip_header: error in header.  Values: ab6
Error in <TBasket::ReadBasketBuffers>: Inconsistency found in header (nin=0, nbuf=0)
Error in <TBasket::ReadBasketBuffers>: fNbytes = 42079119, fKeylen = 6146, fObjlen = 1485380391, noutot = 0, nout=0, nin=0, nbuf=0
Error in <TCollectionLessSTLReader::GetCP()>: Read error in TBranchProxy.
Error in <TBasket::Streamer>: The value of fObjlen is incorrect (-1492237174) ; trying to recover by setting it to zero
Error in <TBasket::Streamer>: The value of fNbytes is incorrect (-45533579) ; trying to recover by setting it to zero
Error in <TCollectionLessSTLReader::GetCP()>: Read error in TBranchProxy.
Error in <TBasket::Streamer>: The value of fKeylen is incorrect (-31330) ; trying to recover by setting it to zero
Error in <TBasket::Streamer>: The value of fObjlen is incorrect (-1460296052) ; trying to recover by setting it to zero
Error in <TBasket::Streamer>: The value of fNbytes is incorrect (-845698399) ; trying to recover by setting it to zero
Error in <TCollectionLessSTLReader::GetCP()>: Read error in TBranchProxy.
Error in <TBasket::Streamer>: The value of fObjlen is incorrect (-1200424630) ; trying to recover by setting it to zero
Error in <TBasket::TBasket::Streamer>: The value of fNevBufSize (-866934573) or fIOBits (227) is incorrect ; setting the buffer to a zombie.
Error in <TCollectionLessSTLReader::GetCP()>: Read error in TBranchProxy.
Error in <TBasket::Streamer>: The value of fKeylen is incorrect (-19191) ; trying to recover by setting it to zero
Error in <TBasket::TBasket::Streamer>: The value of fNevBufSize (-1344425860) or fIOBits (0) is incorrect ; setting the buffer to a zombie.
Error in <TCollectionLessSTLReader::GetCP()>: Read error in TBranchProxy.
Error in <TBasket::Streamer>: The value of fKeylen is incorrect (-24948) ; trying to recover by setting it to zero
Error in <TBasket::Streamer>: The value of fObjlen is incorrect (-710856305) ; trying to recover by setting it to zero
Error in <TCollectionLessSTLReader::GetCP()>: Read error in TBranchProxy.
Error R__unzip_header: error in header.  Values: ab6
Error in <TBasket::ReadBasketBuffers>: Inconsistency found in header (nin=0, nbuf=0)
Error in <TBasket::ReadBasketBuffers>: fNbytes = 42079119, fKeylen = 6146, fObjlen = 1485380391, noutot = 0, nout=0, nin=0, nbuf=0
Error in <TCollectionLessSTLReader::GetCP()>: Read error in TBranchProxy.
Error in <TBasket::Streamer>: The value of fObjlen is incorrect (-1492237174) ; trying to recover by setting it to zero
Error in <TBasket::Streamer>: The value of fNbytes is incorrect (-45533579) ; trying to recover by setting it to zero
Error in <TCollectionLessSTLReader::GetCP()>: Read error in TBranchProxy.
Error in <TBasket::Streamer>: The value of fKeylen is incorrect (-31330) ; trying to recover by setting it to zero
Error in <TBasket::Streamer>: The value of fObjlen is incorrect (-1460296052) ; trying to recover by setting it to zero
Error in <TBasket::Streamer>: The value of fNbytes is incorrect (-845698399) ; trying to recover by setting it to zero
Error in <TCollectionLessSTLReader::GetCP()>: Read error in TBranchProxy.
Error in <TBasket::Streamer>: The value of fObjlen is incorrect (-1200424630) ; trying to recover by setting it to zero
Error in <TBasket::TBasket::Streamer>: The value of fNevBufSize (-866934573) or fIOBits (227) is incorrect ; setting the buffer to a zombie.
Error in <TCollectionLessSTLReader::GetCP()>: Read error in TBranchProxy.
Error in <TBasket::Streamer>: The value of fKeylen is incorrect (-19191) ; trying to recover by setting it to zero
Error in <TBasket::TBasket::Streamer>: The value of fNevBufSize (-1344425860) or fIOBits (0) is incorrect ; setting the buffer to a zombie.
Error in <TCollectionLessSTLReader::GetCP()>: Read error in TBranchProxy.
Error in <TBasket::Streamer>: The value of fKeylen is incorrect (-24948) ; trying to recover by setting it to zero
Error in <TBasket::Streamer>: The value of fObjlen is incorrect (-710856305) ; trying to recover by setting it to zero
Error in <TCollectionLessSTLReader::GetCP()>: Read error in TBranchProxy.
Error R__unzip_header: error in header.  Values: ab6
Error in <TBasket::ReadBasketBuffers>: Inconsistency found in header (nin=0, nbuf=0)
Error in <TBasket::ReadBasketBuffers>: fNbytes = 42079119, fKeylen = 6146, fObjlen = 1485380391, noutot = 0, nout=0, nin=0, nbuf=0
Error in <TCollectionLessSTLReader::GetCP()>: Read error in TBranchProxy.
Error in <TBasket::Streamer>: The value of fObjlen is incorrect (-1492237174) ; trying to recover by setting it to zero
Error in <TBasket::Streamer>: The value of fNbytes is incorrect (-45533579) ; trying to recover by setting it to zero
Error in <TCollectionLessSTLReader::GetCP()>: Read error in TBranchProxy.
Error in <TBasket::Streamer>: The value of fKeylen is incorrect (-31330) ; trying to recover by setting it to zero
Error in <TBasket::Streamer>: The value of fObjlen is incorrect (-1460296052) ; trying to recover by setting it to zero
Error in <TBasket::Streamer>: The value of fNbytes is incorrect (-845698399) ; trying to recover by setting it to zero
Error in <TCollectionLessSTLReader::GetCP()>: Read error in TBranchProxy.
Error in <TBasket::Streamer>: The value of fObjlen is incorrect (-1200424630) ; trying to recover by setting it to zero
Error in <TBasket::TBasket::Streamer>: The value of fNevBufSize (-866934573) or fIOBits (227) is incorrect ; setting the buffer to a zombie.
Error in <TCollectionLessSTLReader::GetCP()>: Read error in TBranchProxy.
Error in <TBasket::Streamer>: The value of fKeylen is incorrect (-19191) ; trying to recover by setting it to zero
Error in <TBasket::TBasket::Streamer>: The value of fNevBufSize (-1344425860) or fIOBits (0) is incorrect ; setting the buffer to a zombie.
Error in <TCollectionLessSTLReader::GetCP()>: Read error in TBranchProxy.
Error in <TBasket::Streamer>: The value of fKeylen is incorrect (-24948) ; trying to recover by setting it to zero
Error in <TBasket::Streamer>: The value of fObjlen is incorrect (-710856305) ; trying to recover by setting it to zero
Error in <TCollectionLessSTLReader::GetCP()>: Read error in TBranchProxy.
Error R__unzip_header: error in header.  Values: ab6
Error in <TBasket::ReadBasketBuffers>: Inconsistency found in header (nin=0, nbuf=0)
Error in <TBasket::ReadBasketBuffers>: fNbytes = 42079119, fKeylen = 6146, fObjlen = 1485380391, noutot = 0, nout=0, nin=0, nbuf=0
Error in <TCollectionLessSTLReader::GetCP()>: Read error in TBranchProxy.
Error in <TBasket::Streamer>: The value of fObjlen is incorrect (-1492237174) ; trying to recover by setting it to zero
Error in <TBasket::Streamer>: The value of fNbytes is incorrect (-45533579) ; trying to recover by setting it to zero
Error in <TCollectionLessSTLReader::GetCP()>: Read error in TBranchProxy.
Error in <TBasket::Streamer>: The value of fKeylen is incorrect (-31330) ; trying to recover by setting it to zero
Error in <TBasket::Streamer>: The value of fObjlen is incorrect (-1460296052) ; trying to recover by setting it to zero
Error in <TBasket::Streamer>: The value of fNbytes is incorrect (-845698399) ; trying to recover by setting it to zero
Error in <TCollectionLessSTLReader::GetCP()>: Read error in TBranchProxy.
Error in <TBasket::Streamer>: The value of fObjlen is incorrect (-1200424630) ; trying to recover by setting it to zero
Error in <TBasket::TBasket::Streamer>: The value of fNevBufSize (-866934573) or fIOBits (227) is incorrect ; setting the buffer to a zombie.
Error in <TCollectionLessSTLReader::GetCP()>: Read error in TBranchProxy.
Error in <TBasket::Streamer>: The value of fKeylen is incorrect (-19191) ; trying to recover by setting it to zero
Error in <TBasket::TBasket::Streamer>: The value of fNevBufSize (-1344425860) or fIOBits (0) is incorrect ; setting the buffer to a zombie.
Error in <TCollectionLessSTLReader::GetCP()>: Read error in TBranchProxy.
Error in <TBasket::Streamer>: The value of fKeylen is incorrect (-24948) ; trying to recover by setting it to zero
Error in <TBasket::Streamer>: The value of fObjlen is incorrect (-710856305) ; trying to recover by setting it to zero
Error in <TCollectionLessSTLReader::GetCP()>: Read error in TBranchProxy.
Error R__unzip_header: error in header.  Values: ab6
Error in <TBasket::ReadBasketBuffers>: Inconsistency found in header (nin=0, nbuf=0)
Error in <TBasket::ReadBasketBuffers>: fNbytes = 42079119, fKeylen = 6146, fObjlen = 1485380391, noutot = 0, nout=0, nin=0, nbuf=0
Error in <TCollectionLessSTLReader::GetCP()>: Read error in TBranchProxy.
Error in <TBasket::Streamer>: The value of fObjlen is incorrect (-1492237174) ; trying to recover by setting it to zero
Error in <TBasket::Streamer>: The value of fNbytes is incorrect (-45533579) ; trying to recover by setting it to zero
Error in <TCollectionLessSTLReader::GetCP()>: Read error in TBranchProxy.
Error in <TBasket::Streamer>: The value of fObjlen is incorrect (-774529378) ; trying to recover by setting it to zero
Error in <TBasket::Streamer>: The value of fNbytes is incorrect (-640456518) ; trying to recover by setting it to zero
Error in <TCollectionLessSTLReader::GetCP()>: Read error in TBranchProxy.
Error in <TBasket::Streamer>: The value of fKeylen is incorrect (-31330) ; trying to recover by setting it to zero
Error in <TBasket::Streamer>: The value of fObjlen is incorrect (-1460296052) ; trying to recover by setting it to zero
Error in <TBasket::Streamer>: The value of fNbytes is incorrect (-845698399) ; trying to recover by setting it to zero
Error in <TCollectionLessSTLReader::GetCP()>: Read error in TBranchProxy.
Error in <TBasket::Streamer>: The value of fObjlen is incorrect (-1200424630) ; trying to recover by setting it to zero
Error in <TBasket::TBasket::Streamer>: The value of fNevBufSize (-866934573) or fIOBits (227) is incorrect ; setting the buffer to a zombie.
Error in <TCollectionLessSTLReader::GetCP()>: Read error in TBranchProxy.
Error in <TBasket::Streamer>: The value of fKeylen is incorrect (-19191) ; trying to recover by setting it to zero
Error in <TBasket::TBasket::Streamer>: The value of fNevBufSize (-1344425860) or fIOBits (0) is incorrect ; setting the buffer to a zombie.
Error in <TCollectionLessSTLReader::GetCP()>: Read error in TBranchProxy.
Error in <TBasket::Streamer>: The value of fKeylen is incorrect (-24948) ; trying to recover by setting it to zero
Error in <TBasket::Streamer>: The value of fObjlen is incorrect (-710856305) ; trying to recover by setting it to zero
Error in <TCollectionLessSTLReader::GetCP()>: Read error in TBranchProxy.
Error R__unzip_header: error in header.  Values: ab6
Error in <TBasket::ReadBasketBuffers>: Inconsistency found in header (nin=0, nbuf=0)
Error in <TBasket::ReadBasketBuffers>: fNbytes = 42079119, fKeylen = 6146, fObjlen = 1485380391, noutot = 0, nout=0, nin=0, nbuf=0
Error in <TCollectionLessSTLReader::GetCP()>: Read error in TBranchProxy.
Error in <TBasket::Streamer>: The value of fObjlen is incorrect (-1492237174) ; trying to recover by setting it to zero
Error in <TBasket::Streamer>: The value of fNbytes is incorrect (-45533579) ; trying to recover by setting it to zero
Error in <TCollectionLessSTLReader::GetCP()>: Read error in TBranchProxy.
Error in <TBasket::Streamer>: The value of fObjlen is incorrect (-774529378) ; trying to recover by setting it to zero
Error in <TBasket::Streamer>: The value of fNbytes is incorrect (-640456518) ; trying to recover by setting it to zero
Error in <TCollectionLessSTLReader::GetCP()>: Read error in TBranchProxy.
Error in <TBasket::Streamer>: The value of fKeylen is incorrect (-31330) ; trying to recover by setting it to zero
Error in <TBasket::Streamer>: The value of fObjlen is incorrect (-1460296052) ; trying to recover by setting it to zero
Error in <TBasket::Streamer>: The value of fNbytes is incorrect (-845698399) ; trying to recover by setting it to zero
Error in <TCollectionLessSTLReader::GetCP()>: Read error in TBranchProxy.
Error in <TBasket::Streamer>: The value of fObjlen is incorrect (-1200424630) ; trying to recover by setting it to zero
Error in <TBasket::TBasket::Streamer>: The value of fNevBufSize (-866934573) or fIOBits (227) is incorrect ; setting the buffer to a zombie.
Error in <TCollectionLessSTLReader::GetCP()>: Read error in TBranchProxy.
Error in <TBasket::Streamer>: The value of fKeylen is incorrect (-19191) ; trying to recover by setting it to zero
Error in <TBasket::TBasket::Streamer>: The value of fNevBufSize (-1344425860) or fIOBits (0) is incorrect ; setting the buffer to a zombie.
Error in <TCollectionLessSTLReader::GetCP()>: Read error in TBranchProxy.
Error in <TBasket::Streamer>: The value of fKeylen is incorrect (-24948) ; trying to recover by setting it to zero
Error in <TBasket::Streamer>: The value of fObjlen is incorrect (-710856305) ; trying to recover by setting it to zero
Error in <TCollectionLessSTLReader::GetCP()>: Read error in TBranchProxy.
Error R__unzip_header: error in header.  Values: ab6
Error in <TBasket::ReadBasketBuffers>: Inconsistency found in header (nin=0, nbuf=0)
Error in <TBasket::ReadBasketBuffers>: fNbytes = 42079119, fKeylen = 6146, fObjlen = 1485380391, noutot = 0, nout=0, nin=0, nbuf=0
Error in <TCollectionLessSTLReader::GetCP()>: Read error in TBranchProxy.
Error in <TBasket::Streamer>: The value of fObjlen is incorrect (-1492237174) ; trying to recover by setting it to zero
Error in <TBasket::Streamer>: The value of fNbytes is incorrect (-45533579) ; trying to recover by setting it to zero
Error in <TCollectionLessSTLReader::GetCP()>: Read error in TBranchProxy.
Error in <TBasket::Streamer>: The value of fObjlen is incorrect (-774529378) ; trying to recover by setting it to zero
Error in <TBasket::Streamer>: The value of fNbytes is incorrect (-640456518) ; trying to recover by setting it to zero
Error in <TCollectionLessSTLReader::GetCP()>: Read error in TBranchProxy.
Error in <TBasket::Streamer>: The value of fKeylen is incorrect (-31330) ; trying to recover by setting it to zero
Error in <TBasket::Streamer>: The value of fObjlen is incorrect (-1460296052) ; trying to recover by setting it to zero
Error in <TBasket::Streamer>: The value of fNbytes is incorrect (-845698399) ; trying to recover by setting it to zero
Error in <TCollectionLessSTLReader::GetCP()>: Read error in TBranchProxy.
Error in <TBasket::Streamer>: The value of fObjlen is incorrect (-1200424630) ; trying to recover by setting it to zero
Error in <TBasket::TBasket::Streamer>: The value of fNevBufSize (-866934573) or fIOBits (227) is incorrect ; setting the buffer to a zombie.
Error in <TCollectionLessSTLReader::GetCP()>: Read error in TBranchProxy.
Error in <TBasket::Streamer>: The value of fKeylen is incorrect (-19191) ; trying to recover by setting it to zero
Error in <TBasket::TBasket::Streamer>: The value of fNevBufSize (-1344425860) or fIOBits (0) is incorrect ; setting the buffer to a zombie.
Error in <TCollectionLessSTLReader::GetCP()>: Read error in TBranchProxy.
Error in <TBasket::Streamer>: The value of fKeylen is incorrect (-24948) ; trying to recover by setting it to zero
Error in <TBasket::Streamer>: The value of fObjlen is incorrect (-710856305) ; trying to recover by setting it to zero
Error in <TCollectionLessSTLReader::GetCP()>: Read error in TBranchProxy.
Error R__unzip_header: error in header.  Values: ab6
Error in <TBasket::ReadBasketBuffers>: Inconsistency found in header (nin=0, nbuf=0)
Error in <TBasket::ReadBasketBuffers>: fNbytes = 42079119, fKeylen = 6146, fObjlen = 1485380391, noutot = 0, nout=0, nin=0, nbuf=0
Error in <TCollectionLessSTLReader::GetCP()>: Read error in TBranchProxy.
Error in <TBasket::Streamer>: The value of fObjlen is incorrect (-1492237174) ; trying to recover by setting it to zero
Error in <TBasket::Streamer>: The value of fNbytes is incorrect (-45533579) ; trying to recover by setting it to zero
Error in <TCollectionLessSTLReader::GetCP()>: Read error in TBranchProxy.
Error in <TBasket::Streamer>: The value of fObjlen is incorrect (-774529378) ; trying to recover by setting it to zero
Error in <TBasket::Streamer>: The value of fNbytes is incorrect (-640456518) ; trying to recover by setting it to zero
Error in <TCollectionLessSTLReader::GetCP()>: Read error in TBranchProxy.
Error in <TBasket::Streamer>: The value of fKeylen is incorrect (-31330) ; trying to recover by setting it to zero
Error in <TBasket::Streamer>: The value of fObjlen is incorrect (-1460296052) ; trying to recover by setting it to zero
Error in <TBasket::Streamer>: The value of fNbytes is incorrect (-845698399) ; trying to recover by setting it to zero
Error in <TCollectionLessSTLReader::GetCP()>: Read error in TBranchProxy.
Error in <TBasket::Streamer>: The value of fObjlen is incorrect (-1200424630) ; trying to recover by setting it to zero
Error in <TBasket::TBasket::Streamer>: The value of fNevBufSize (-866934573) or fIOBits (227) is incorrect ; setting the buffer to a zombie.
Error in <TCollectionLessSTLReader::GetCP()>: Read error in TBranchProxy.
Error in <TBasket::Streamer>: The value of fKeylen is incorrect (-19191) ; trying to recover by setting it to zero
Error in <TBasket::TBasket::Streamer>: The value of fNevBufSize (-1344425860) or fIOBits (0) is incorrect ; setting the buffer to a zombie.
Error in <TCollectionLessSTLReader::GetCP()>: Read error in TBranchProxy.
Error in <TBasket::Streamer>: The value of fKeylen is incorrect (-24948) ; trying to recover by setting it to zero
Error in <TBasket::Streamer>: The value of fObjlen is incorrect (-710856305) ; trying to recover by setting it to zero
Error in <TCollectionLessSTLReader::GetCP()>: Read error in TBranchProxy.
Error R__unzip_header: error in header.  Values: ab6
Error in <TBasket::ReadBasketBuffers>: Inconsistency found in header (nin=0, nbuf=0)
Error in <TBasket::ReadBasketBuffers>: fNbytes = 42079119, fKeylen = 6146, fObjlen = 1485380391, noutot = 0, nout=0, nin=0, nbuf=0
Error in <TCollectionLessSTLReader::GetCP()>: Read error in TBranchProxy.
Error in <TBasket::Streamer>: The value of fObjlen is incorrect (-1492237174) ; trying to recover by setting it to zero
Error in <TBasket::Streamer>: The value of fNbytes is incorrect (-45533579) ; trying to recover by setting it to zero
Error in <TCollectionLessSTLReader::GetCP()>: Read error in TBranchProxy.
Error in <TBasket::Streamer>: The value of fObjlen is incorrect (-774529378) ; trying to recover by setting it to zero
Error in <TBasket::Streamer>: The value of fNbytes is incorrect (-640456518) ; trying to recover by setting it to zero
Error in <TCollectionLessSTLReader::GetCP()>: Read error in TBranchProxy.
Error in <TBasket::Streamer>: The value of fKeylen is incorrect (-31330) ; trying to recover by setting it to zero
Error in <TBasket::Streamer>: The value of fObjlen is incorrect (-1460296052) ; trying to recover by setting it to zero
Error in <TBasket::Streamer>: The value of fNbytes is incorrect (-845698399) ; trying to recover by setting it to zero
Error in <TCollectionLessSTLReader::GetCP()>: Read error in TBranchProxy.
Error in <TBasket::Streamer>: The value of fObjlen is incorrect (-1200424630) ; trying to recover by setting it to zero
Error in <TBasket::TBasket::Streamer>: The value of fNevBufSize (-866934573) or fIOBits (227) is incorrect ; setting the buffer to a zombie.
Error in <TCollectionLessSTLReader::GetCP()>: Read error in TBranchProxy.
Error in <TBasket::Streamer>: The value of fKeylen is incorrect (-19191) ; trying to recover by setting it to zero
Error in <TBasket::TBasket::Streamer>: The value of fNevBufSize (-1344425860) or fIOBits (0) is incorrect ; setting the buffer to a zombie.
Error in <TCollectionLessSTLReader::GetCP()>: Read error in TBranchProxy.
Error in <TBasket::Streamer>: The value of fKeylen is incorrect (-24948) ; trying to recover by setting it to zero
Error in <TBasket::Streamer>: The value of fObjlen is incorrect (-710856305) ; trying to recover by setting it to zero
Error in <TCollectionLessSTLReader::GetCP()>: Read error in TBranchProxy.
Error R__unzip_header: error in header.  Values: ab6
Error in <TBasket::ReadBasketBuffers>: Inconsistency found in header (nin=0, nbuf=0)
Error in <TBasket::ReadBasketBuffers>: fNbytes = 42079119, fKeylen = 6146, fObjlen = 1485380391, noutot = 0, nout=0, nin=0, nbuf=0
Error in <TCollectionLessSTLReader::GetCP()>: Read error in TBranchProxy.
Error in <TBasket::Streamer>: The value of fObjlen is incorrect (-1492237174) ; trying to recover by setting it to zero
Error in <TBasket::Streamer>: The value of fNbytes is incorrect (-45533579) ; trying to recover by setting it to zero
Error in <TCollectionLessSTLReader::GetCP()>: Read error in TBranchProxy.
Error in <TBasket::Streamer>: The value of fObjlen is incorrect (-774529378) ; trying to recover by setting it to zero
Error in <TBasket::Streamer>: The value of fNbytes is incorrect (-640456518) ; trying to recover by setting it to zero
Error in <TCollectionLessSTLReader::GetCP()>: Read error in TBranchProxy.
Error in <TBasket::Streamer>: The value of fKeylen is incorrect (-31330) ; trying to recover by setting it to zero
Error in <TBasket::Streamer>: The value of fObjlen is incorrect (-1460296052) ; trying to recover by setting it to zero
Error in <TBasket::Streamer>: The value of fNbytes is incorrect (-845698399) ; trying to recover by setting it to zero
Error in <TCollectionLessSTLReader::GetCP()>: Read error in TBranchProxy.
Error in <TBasket::Streamer>: The value of fObjlen is incorrect (-1200424630) ; trying to recover by setting it to zero
Error in <TBasket::TBasket::Streamer>: The value of fNevBufSize (-866934573) or fIOBits (227) is incorrect ; setting the buffer to a zombie.
Error in <TCollectionLessSTLReader::GetCP()>: Read error in TBranchProxy.
Error in <TBasket::Streamer>: The value of fKeylen is incorrect (-19191) ; trying to recover by setting it to zero
Error in <TBasket::TBasket::Streamer>: The value of fNevBufSize (-1344425860) or fIOBits (0) is incorrect ; setting the buffer to a zombie.
Error in <TCollectionLessSTLReader::GetCP()>: Read error in TBranchProxy.
Error in <TBasket::Streamer>: The value of fKeylen is incorrect (-24948) ; trying to recover by setting it to zero
Error in <TBasket::Streamer>: The value of fObjlen is incorrect (-710856305) ; trying to recover by setting it to zero
Error in <TCollectionLessSTLReader::GetCP()>: Read error in TBranchProxy.
Error R__unzip_header: error in header.  Values: ab6
Error in <TBasket::ReadBasketBuffers>: Inconsistency found in header (nin=0, nbuf=0)
Error in <TBasket::ReadBasketBuffers>: fNbytes = 42079119, fKeylen = 6146, fObjlen = 1485380391, noutot = 0, nout=0, nin=0, nbuf=0
Error in <TCollectionLessSTLReader::GetCP()>: Read error in TBranchProxy.
Error in <TBasket::Streamer>: The value of fObjlen is incorrect (-1492237174) ; trying to recover by setting it to zero
Error in <TBasket::Streamer>: The value of fNbytes is incorrect (-45533579) ; trying to recover by setting it to zero
Error in <TCollectionLessSTLReader::GetCP()>: Read error in TBranchProxy.
Error in <TBasket::Streamer>: The value of fObjlen is incorrect (-774529378) ; trying to recover by setting it to zero
Error in <TBasket::Streamer>: The value of fNbytes is incorrect (-640456518) ; trying to recover by setting it to zero
Error in <TCollectionLessSTLReader::GetCP()>: Read error in TBranchProxy.
Error in <TBasket::Streamer>: The value of fKeylen is incorrect (-31330) ; trying to recover by setting it to zero
Error in <TBasket::Streamer>: The value of fObjlen is incorrect (-1460296052) ; trying to recover by setting it to zero
Error in <TBasket::Streamer>: The value of fNbytes is incorrect (-845698399) ; trying to recover by setting it to zero
Error in <TCollectionLessSTLReader::GetCP()>: Read error in TBranchProxy.
Error in <TBasket::Streamer>: The value of fObjlen is incorrect (-1200424630) ; trying to recover by setting it to zero
Error in <TBasket::TBasket::Streamer>: The value of fNevBufSize (-866934573) or fIOBits (227) is incorrect ; setting the buffer to a zombie.
Error in <TCollectionLessSTLReader::GetCP()>: Read error in TBranchProxy.
Error in <TBasket::Streamer>: The value of fKeylen is incorrect (-19191) ; trying to recover by setting it to zero
Error in <TBasket::TBasket::Streamer>: The value of fNevBufSize (-1344425860) or fIOBits (0) is incorrect ; setting the buffer to a zombie.
Error in <TCollectionLessSTLReader::GetCP()>: Read error in TBranchProxy.
Error in <TBasket::Streamer>: The value of fKeylen is incorrect (-24948) ; trying to recover by setting it to zero
Error in <TBasket::Streamer>: The value of fObjlen is incorrect (-710856305) ; trying to recover by setting it to zero
Error in <TCollectionLessSTLReader::GetCP()>: Read error in TBranchProxy.
Error R__unzip_header: error in header.  Values: ab6
Error in <TBasket::ReadBasketBuffers>: Inconsistency found in header (nin=0, nbuf=0)
Error in <TBasket::ReadBasketBuffers>: fNbytes = 42079119, fKeylen = 6146, fObjlen = 1485380391, noutot = 0, nout=0, nin=0, nbuf=0
Error in <TCollectionLessSTLReader::GetCP()>: Read error in TBranchProxy.
Error in <TBasket::Streamer>: The value of fObjlen is incorrect (-1492237174) ; trying to recover by setting it to zero
Error in <TBasket::Streamer>: The value of fNbytes is incorrect (-45533579) ; trying to recover by setting it to zero
Error in <TCollectionLessSTLReader::GetCP()>: Read error in TBranchProxy.
Error in <TBasket::Streamer>: The value of fObjlen is incorrect (-774529378) ; trying to recover by setting it to zero
Error in <TBasket::Streamer>: The value of fNbytes is incorrect (-640456518) ; trying to recover by setting it to zero
Error in <TCollectionLessSTLReader::GetCP()>: Read error in TBranchProxy.
Error in <TBasket::Streamer>: The value of fKeylen is incorrect (-31330) ; trying to recover by setting it to zero
Error in <TBasket::Streamer>: The value of fObjlen is incorrect (-1460296052) ; trying to recover by setting it to zero
Error in <TBasket::Streamer>: The value of fNbytes is incorrect (-845698399) ; trying to recover by setting it to zero
Error in <TCollectionLessSTLReader::GetCP()>: Read error in TBranchProxy.
Error in <TBasket::Streamer>: The value of fObjlen is incorrect (-1396645875) ; trying to recover by setting it to zero
Error in <TBasket::Streamer>: The value of fNbytes is incorrect (-1364292174) ; trying to recover by setting it to zero
Error in <TBasket::TBasket::Streamer>: The value of fNevBufSize (-1012215716) or fIOBits (193) is incorrect ; setting the buffer to a zombie.
Error in <TCollectionLessSTLReader::GetCP()>: Read error in TBranchProxy.
Error in <TBasket::Streamer>: The value of fObjlen is incorrect (-866005053) ; trying to recover by setting it to zero
Error in <TBasket::TBasket::Streamer>: The value of fNevBufSize (-932583648) or fIOBits (204) is incorrect ; setting the buffer to a zombie.
Error in <TCollectionLessSTLReader::GetCP()>: Read error in TBranchProxy.
Error in <TBasket::Streamer>: The value of fKeylen is incorrect (-8828) ; trying to recover by setting it to zero
Error in <TBasket::Streamer>: The value of fObjlen is incorrect (-413829232) ; trying to recover by setting it to zero
Error in <TBasket::Streamer>: The value of fNbytes is incorrect (-190145588) ; trying to recover by setting it to zero
Error in <TBasket::TBasket::Streamer>: The value of fNevBufSize (-300200739) or fIOBits (135) is incorrect ; setting the buffer to a zombie.
Error in <TCollectionLessSTLReader::GetCP()>: Read error in TBranchProxy.
Error in <TBasket::Streamer>: The value of fObjlen is incorrect (-1200424630) ; trying to recover by setting it to zero
Error in <TBasket::TBasket::Streamer>: The value of fNevBufSize (-866934573) or fIOBits (227) is incorrect ; setting the buffer to a zombie.
Error in <TCollectionLessSTLReader::GetCP()>: Read error in TBranchProxy.
Error in <TBasket::Streamer>: The value of fKeylen is incorrect (-19191) ; trying to recover by setting it to zero
Error in <TBasket::TBasket::Streamer>: The value of fNevBufSize (-1344425860) or fIOBits (0) is incorrect ; setting the buffer to a zombie.
Error in <TCollectionLessSTLReader::GetCP()>: Read error in TBranchProxy.
Error in <TBasket::Streamer>: The value of fKeylen is incorrect (-24948) ; trying to recover by setting it to zero
Error in <TBasket::Streamer>: The value of fObjlen is incorrect (-710856305) ; trying to recover by setting it to zero
Error in <TCollectionLessSTLReader::GetCP()>: Read error in TBranchProxy.
Error R__unzip_header: error in header.  Values: ab6
Error in <TBasket::ReadBasketBuffers>: Inconsistency found in header (nin=0, nbuf=0)
Error in <TBasket::ReadBasketBuffers>: fNbytes = 42079119, fKeylen = 6146, fObjlen = 1485380391, noutot = 0, nout=0, nin=0, nbuf=0
Error in <TCollectionLessSTLReader::GetCP()>: Read error in TBranchProxy.
Error in <TBasket::Streamer>: The value of fObjlen is incorrect (-1492237174) ; trying to recover by setting it to zero
Error in <TBasket::Streamer>: The value of fNbytes is incorrect (-45533579) ; trying to recover by setting it to zero
Error in <TCollectionLessSTLReader::GetCP()>: Read error in TBranchProxy.
Error in <TBasket::Streamer>: The value of fObjlen is incorrect (-774529378) ; trying to recover by setting it to zero
Error in <TBasket::Streamer>: The value of fNbytes is incorrect (-640456518) ; trying to recover by setting it to zero
Error in <TCollectionLessSTLReader::GetCP()>: Read error in TBranchProxy.
Error in <TBasket::Streamer>: The value of fKeylen is incorrect (-31330) ; trying to recover by setting it to zero
Error in <TBasket::Streamer>: The value of fObjlen is incorrect (-1460296052) ; trying to recover by setting it to zero
Error in <TBasket::Streamer>: The value of fNbytes is incorrect (-845698399) ; trying to recover by setting it to zero
Error in <TCollectionLessSTLReader::GetCP()>: Read error in TBranchProxy.
Error in <TBasket::Streamer>: The value of fObjlen is incorrect (-1396645875) ; trying to recover by setting it to zero
Error in <TBasket::Streamer>: The value of fNbytes is incorrect (-1364292174) ; trying to recover by setting it to zero
Error in <TBasket::TBasket::Streamer>: The value of fNevBufSize (-1012215716) or fIOBits (193) is incorrect ; setting the buffer to a zombie.
Error in <TCollectionLessSTLReader::GetCP()>: Read error in TBranchProxy.
Error in <TBasket::Streamer>: The value of fObjlen is incorrect (-866005053) ; trying to recover by setting it to zero
Error in <TBasket::TBasket::Streamer>: The value of fNevBufSize (-932583648) or fIOBits (204) is incorrect ; setting the buffer to a zombie.
Error in <TCollectionLessSTLReader::GetCP()>: Read error in TBranchProxy.
Error in <TBasket::Streamer>: The value of fKeylen is incorrect (-8828) ; trying to recover by setting it to zero
Error in <TBasket::Streamer>: The value of fObjlen is incorrect (-413829232) ; trying to recover by setting it to zero
Error in <TBasket::Streamer>: The value of fNbytes is incorrect (-190145588) ; trying to recover by setting it to zero
Error in <TBasket::TBasket::Streamer>: The value of fNevBufSize (-300200739) or fIOBits (135) is incorrect ; setting the buffer to a zombie.
Error in <TCollectionLessSTLReader::GetCP()>: Read error in TBranchProxy.
Error in <TBasket::Streamer>: The value of fObjlen is incorrect (-1200424630) ; trying to recover by setting it to zero
Error in <TBasket::TBasket::Streamer>: The value of fNevBufSize (-866934573) or fIOBits (227) is incorrect ; setting the buffer to a zombie.
Error in <TCollectionLessSTLReader::GetCP()>: Read error in TBranchProxy.
Error in <TBasket::Streamer>: The value of fKeylen is incorrect (-19191) ; trying to recover by setting it to zero
Error in <TBasket::TBasket::Streamer>: The value of fNevBufSize (-1344425860) or fIOBits (0) is incorrect ; setting the buffer to a zombie.
Error in <TCollectionLessSTLReader::GetCP()>: Read error in TBranchProxy.
Error in <TBasket::Streamer>: The value of fKeylen is incorrect (-24948) ; trying to recover by setting it to zero
Error in <TBasket::Streamer>: The value of fObjlen is incorrect (-710856305) ; trying to recover by setting it to zero
Error in <TCollectionLessSTLReader::GetCP()>: Read error in TBranchProxy.
Error R__unzip_header: error in header.  Values: ab6
Error in <TBasket::ReadBasketBuffers>: Inconsistency found in header (nin=0, nbuf=0)
Error in <TBasket::ReadBasketBuffers>: fNbytes = 42079119, fKeylen = 6146, fObjlen = 1485380391, noutot = 0, nout=0, nin=0, nbuf=0
Error in <TCollectionLessSTLReader::GetCP()>: Read error in TBranchProxy.
Error in <TBasket::Streamer>: The value of fObjlen is incorrect (-1492237174) ; trying to recover by setting it to zero
Error in <TBasket::Streamer>: The value of fNbytes is incorrect (-45533579) ; trying to recover by setting it to zero
Error in <TCollectionLessSTLReader::GetCP()>: Read error in TBranchProxy.
Error in <TBasket::Streamer>: The value of fObjlen is incorrect (-774529378) ; trying to recover by setting it to zero
Error in <TBasket::Streamer>: The value of fNbytes is incorrect (-640456518) ; trying to recover by setting it to zero
Error in <TCollectionLessSTLReader::GetCP()>: Read error in TBranchProxy.
Error in <TBasket::Streamer>: The value of fKeylen is incorrect (-31330) ; trying to recover by setting it to zero
Error in <TBasket::Streamer>: The value of fObjlen is incorrect (-1460296052) ; trying to recover by setting it to zero
Error in <TBasket::Streamer>: The value of fNbytes is incorrect (-845698399) ; trying to recover by setting it to zero
Error in <TCollectionLessSTLReader::GetCP()>: Read error in TBranchProxy.
Error in <TBasket::Streamer>: The value of fObjlen is incorrect (-1396645875) ; trying to recover by setting it to zero
Error in <TBasket::Streamer>: The value of fNbytes is incorrect (-1364292174) ; trying to recover by setting it to zero
Error in <TBasket::TBasket::Streamer>: The value of fNevBufSize (-1012215716) or fIOBits (193) is incorrect ; setting the buffer to a zombie.
Error in <TCollectionLessSTLReader::GetCP()>: Read error in TBranchProxy.
Error in <TBasket::Streamer>: The value of fObjlen is incorrect (-866005053) ; trying to recover by setting it to zero
Error in <TBasket::TBasket::Streamer>: The value of fNevBufSize (-932583648) or fIOBits (204) is incorrect ; setting the buffer to a zombie.
Error in <TCollectionLessSTLReader::GetCP()>: Read error in TBranchProxy.
Error in <TBasket::Streamer>: The value of fKeylen is incorrect (-8828) ; trying to recover by setting it to zero
Error in <TBasket::Streamer>: The value of fObjlen is incorrect (-413829232) ; trying to recover by setting it to zero
Error in <TBasket::Streamer>: The value of fNbytes is incorrect (-190145588) ; trying to recover by setting it to zero
Error in <TBasket::TBasket::Streamer>: The value of fNevBufSize (-300200739) or fIOBits (135) is incorrect ; setting the buffer to a zombie.
Error in <TCollectionLessSTLReader::GetCP()>: Read error in TBranchProxy.
Error in <TBasket::Streamer>: The value of fObjlen is incorrect (-1200424630) ; trying to recover by setting it to zero
Error in <TBasket::TBasket::Streamer>: The value of fNevBufSize (-866934573) or fIOBits (227) is incorrect ; setting the buffer to a zombie.
Error in <TCollectionLessSTLReader::GetCP()>: Read error in TBranchProxy.
Error in <TBasket::Streamer>: The value of fKeylen is incorrect (-19191) ; trying to recover by setting it to zero
Error in <TBasket::TBasket::Streamer>: The value of fNevBufSize (-1344425860) or fIOBits (0) is incorrect ; setting the buffer to a zombie.
Error in <TCollectionLessSTLReader::GetCP()>: Read error in TBranchProxy.
Error in <TBasket::Streamer>: The value of fKeylen is incorrect (-24948) ; trying to recover by setting it to zero
Error in <TBasket::Streamer>: The value of fObjlen is incorrect (-710856305) ; trying to recover by setting it to zero
Error in <TCollectionLessSTLReader::GetCP()>: Read error in TBranchProxy.
Error R__unzip_header: error in header.  Values: ab6
Error in <TBasket::ReadBasketBuffers>: Inconsistency found in header (nin=0, nbuf=0)
Error in <TBasket::ReadBasketBuffers>: fNbytes = 42079119, fKeylen = 6146, fObjlen = 1485380391, noutot = 0, nout=0, nin=0, nbuf=0
Error in <TCollectionLessSTLReader::GetCP()>: Read error in TBranchProxy.
Error in <TBasket::Streamer>: The value of fObjlen is incorrect (-1492237174) ; trying to recover by setting it to zero
Error in <TBasket::Streamer>: The value of fNbytes is incorrect (-45533579) ; trying to recover by setting it to zero
Error in <TCollectionLessSTLReader::GetCP()>: Read error in TBranchProxy.
Error in <TBasket::Streamer>: The value of fObjlen is incorrect (-774529378) ; trying to recover by setting it to zero
Error in <TBasket::Streamer>: The value of fNbytes is incorrect (-640456518) ; trying to recover by setting it to zero
Error in <TCollectionLessSTLReader::GetCP()>: Read error in TBranchProxy.
Error in <TBasket::Streamer>: The value of fKeylen is incorrect (-31330) ; trying to recover by setting it to zero
Error in <TBasket::Streamer>: The value of fObjlen is incorrect (-1460296052) ; trying to recover by setting it to zero
Error in <TBasket::Streamer>: The value of fNbytes is incorrect (-845698399) ; trying to recover by setting it to zero
Error in <TCollectionLessSTLReader::GetCP()>: Read error in TBranchProxy.
Error in <TBasket::Streamer>: The value of fObjlen is incorrect (-1396645875) ; trying to recover by setting it to zero
Error in <TBasket::Streamer>: The value of fNbytes is incorrect (-1364292174) ; trying to recover by setting it to zero
Error in <TBasket::TBasket::Streamer>: The value of fNevBufSize (-1012215716) or fIOBits (193) is incorrect ; setting the buffer to a zombie.
Error in <TCollectionLessSTLReader::GetCP()>: Read error in TBranchProxy.
Error in <TBasket::Streamer>: The value of fObjlen is incorrect (-866005053) ; trying to recover by setting it to zero
Error in <TBasket::TBasket::Streamer>: The value of fNevBufSize (-932583648) or fIOBits (204) is incorrect ; setting the buffer to a zombie.
Error in <TCollectionLessSTLReader::GetCP()>: Read error in TBranchProxy.
Error in <TBasket::Streamer>: The value of fKeylen is incorrect (-8828) ; trying to recover by setting it to zero
Error in <TBasket::Streamer>: The value of fObjlen is incorrect (-413829232) ; trying to recover by setting it to zero
Error in <TBasket::Streamer>: The value of fNbytes is incorrect (-190145588) ; trying to recover by setting it to zero
Error in <TBasket::TBasket::Streamer>: The value of fNevBufSize (-300200739) or fIOBits (135) is incorrect ; setting the buffer to a zombie.
Error in <TCollectionLessSTLReader::GetCP()>: Read error in TBranchProxy.
Error in <TBasket::Streamer>: The value of fObjlen is incorrect (-1200424630) ; trying to recover by setting it to zero
Error in <TBasket::TBasket::Streamer>: The value of fNevBufSize (-866934573) or fIOBits (227) is incorrect ; setting the buffer to a zombie.
Error in <TCollectionLessSTLReader::GetCP()>: Read error in TBranchProxy.
Error in <TBasket::Streamer>: The value of fKeylen is incorrect (-19191) ; trying to recover by setting it to zero
Error in <TBasket::TBasket::Streamer>: The value of fNevBufSize (-1344425860) or fIOBits (0) is incorrect ; setting the buffer to a zombie.
Error in <TCollectionLessSTLReader::GetCP()>: Read error in TBranchProxy.
Error in <TBasket::Streamer>: The value of fKeylen is incorrect (-24948) ; trying to recover by setting it to zero
Error in <TBasket::Streamer>: The value of fObjlen is incorrect (-710856305) ; trying to recover by setting it to zero
Error in <TCollectionLessSTLReader::GetCP()>: Read error in TBranchProxy.
Error R__unzip_header: error in header.  Values: ab6
Error in <TBasket::ReadBasketBuffers>: Inconsistency found in header (nin=0, nbuf=0)
Error in <TBasket::ReadBasketBuffers>: fNbytes = 42079119, fKeylen = 6146, fObjlen = 1485380391, noutot = 0, nout=0, nin=0, nbuf=0
Error in <TCollectionLessSTLReader::GetCP()>: Read error in TBranchProxy.
Error in <TBasket::Streamer>: The value of fObjlen is incorrect (-1492237174) ; trying to recover by setting it to zero
Error in <TBasket::Streamer>: The value of fNbytes is incorrect (-45533579) ; trying to recover by setting it to zero
Error in <TCollectionLessSTLReader::GetCP()>: Read error in TBranchProxy.
Error in <TBasket::Streamer>: The value of fObjlen is incorrect (-774529378) ; trying to recover by setting it to zero
Error in <TBasket::Streamer>: The value of fNbytes is incorrect (-640456518) ; trying to recover by setting it to zero
Error in <TCollectionLessSTLReader::GetCP()>: Read error in TBranchProxy.
Error in <TBasket::Streamer>: The value of fKeylen is incorrect (-31330) ; trying to recover by setting it to zero
Error in <TBasket::Streamer>: The value of fObjlen is incorrect (-1460296052) ; trying to recover by setting it to zero
Error in <TBasket::Streamer>: The value of fNbytes is incorrect (-845698399) ; trying to recover by setting it to zero
Error in <TCollectionLessSTLReader::GetCP()>: Read error in TBranchProxy.
Error in <TBasket::Streamer>: The value of fObjlen is incorrect (-1396645875) ; trying to recover by setting it to zero
Error in <TBasket::Streamer>: The value of fNbytes is incorrect (-1364292174) ; trying to recover by setting it to zero
Error in <TBasket::TBasket::Streamer>: The value of fNevBufSize (-1012215716) or fIOBits (193) is incorrect ; setting the buffer to a zombie.
Error in <TCollectionLessSTLReader::GetCP()>: Read error in TBranchProxy.
Error in <TBasket::Streamer>: The value of fObjlen is incorrect (-866005053) ; trying to recover by setting it to zero
Error in <TBasket::TBasket::Streamer>: The value of fNevBufSize (-932583648) or fIOBits (204) is incorrect ; setting the buffer to a zombie.
Error in <TCollectionLessSTLReader::GetCP()>: Read error in TBranchProxy.
Error in <TBasket::Streamer>: The value of fKeylen is incorrect (-8828) ; trying to recover by setting it to zero
Error in <TBasket::Streamer>: The value of fObjlen is incorrect (-413829232) ; trying to recover by setting it to zero
Error in <TBasket::Streamer>: The value of fNbytes is incorrect (-190145588) ; trying to recover by setting it to zero
Error in <TBasket::TBasket::Streamer>: The value of fNevBufSize (-300200739) or fIOBits (135) is incorrect ; setting the buffer to a zombie.
Error in <TCollectionLessSTLReader::GetCP()>: Read error in TBranchProxy.
Error in <TBasket::Streamer>: The value of fObjlen is incorrect (-1200424630) ; trying to recover by setting it to zero
Error in <TBasket::TBasket::Streamer>: The value of fNevBufSize (-866934573) or fIOBits (227) is incorrect ; setting the buffer to a zombie.
Error in <TCollectionLessSTLReader::GetCP()>: Read error in TBranchProxy.
Error in <TBasket::Streamer>: The value of fKeylen is incorrect (-19191) ; trying to recover by setting it to zero
Error in <TBasket::TBasket::Streamer>: The value of fNevBufSize (-1344425860) or fIOBits (0) is incorrect ; setting the buffer to a zombie.
Error in <TCollectionLessSTLReader::GetCP()>: Read error in TBranchProxy.
Error in <TBasket::Streamer>: The value of fKeylen is incorrect (-24948) ; trying to recover by setting it to zero
Error in <TBasket::Streamer>: The value of fObjlen is incorrect (-710856305) ; trying to recover by setting it to zero
Error in <TCollectionLessSTLReader::GetCP()>: Read error in TBranchProxy.
Error R__unzip_header: error in header.  Values: ab6
Error in <TBasket::ReadBasketBuffers>: Inconsistency found in header (nin=0, nbuf=0)
Error in <TBasket::ReadBasketBuffers>: fNbytes = 42079119, fKeylen = 6146, fObjlen = 1485380391, noutot = 0, nout=0, nin=0, nbuf=0
Error in <TCollectionLessSTLReader::GetCP()>: Read error in TBranchProxy.
Error in <TBasket::Streamer>: The value of fObjlen is incorrect (-1492237174) ; trying to recover by setting it to zero
Error in <TBasket::Streamer>: The value of fNbytes is incorrect (-45533579) ; trying to recover by setting it to zero
Error in <TCollectionLessSTLReader::GetCP()>: Read error in TBranchProxy.
Error in <TBasket::Streamer>: The value of fObjlen is incorrect (-774529378) ; trying to recover by setting it to zero
Error in <TBasket::Streamer>: The value of fNbytes is incorrect (-640456518) ; trying to recover by setting it to zero
Error in <TCollectionLessSTLReader::GetCP()>: Read error in TBranchProxy.
Error in <TBasket::Streamer>: The value of fKeylen is incorrect (-31330) ; trying to recover by setting it to zero
Error in <TBasket::Streamer>: The value of fObjlen is incorrect (-1460296052) ; trying to recover by setting it to zero
Error in <TBasket::Streamer>: The value of fNbytes is incorrect (-845698399) ; trying to recover by setting it to zero
Error in <TCollectionLessSTLReader::GetCP()>: Read error in TBranchProxy.
Error in <TBasket::Streamer>: The value of fObjlen is incorrect (-1396645875) ; trying to recover by setting it to zero
Error in <TBasket::Streamer>: The value of fNbytes is incorrect (-1364292174) ; trying to recover by setting it to zero
Error in <TBasket::TBasket::Streamer>: The value of fNevBufSize (-1012215716) or fIOBits (193) is incorrect ; setting the buffer to a zombie.
Error in <TCollectionLessSTLReader::GetCP()>: Read error in TBranchProxy.
Error in <TBasket::Streamer>: The value of fObjlen is incorrect (-866005053) ; trying to recover by setting it to zero
Error in <TBasket::TBasket::Streamer>: The value of fNevBufSize (-932583648) or fIOBits (204) is incorrect ; setting the buffer to a zombie.
Error in <TCollectionLessSTLReader::GetCP()>: Read error in TBranchProxy.
Error in <TBasket::Streamer>: The value of fKeylen is incorrect (-8828) ; trying to recover by setting it to zero
Error in <TBasket::Streamer>: The value of fObjlen is incorrect (-413829232) ; trying to recover by setting it to zero
Error in <TBasket::Streamer>: The value of fNbytes is incorrect (-190145588) ; trying to recover by setting it to zero
Error in <TBasket::TBasket::Streamer>: The value of fNevBufSize (-300200739) or fIOBits (135) is incorrect ; setting the buffer to a zombie.
Error in <TCollectionLessSTLReader::GetCP()>: Read error in TBranchProxy.
Error in <TBasket::Streamer>: The value of fObjlen is incorrect (-1200424630) ; trying to recover by setting it to zero
Error in <TBasket::TBasket::Streamer>: The value of fNevBufSize (-866934573) or fIOBits (227) is incorrect ; setting the buffer to a zombie.
Error in <TCollectionLessSTLReader::GetCP()>: Read error in TBranchProxy.
Error in <TBasket::Streamer>: The value of fKeylen is incorrect (-19191) ; trying to recover by setting it to zero
Error in <TBasket::TBasket::Streamer>: The value of fNevBufSize (-1344425860) or fIOBits (0) is incorrect ; setting the buffer to a zombie.
Error in <TCollectionLessSTLReader::GetCP()>: Read error in TBranchProxy.
Error in <TBasket::Streamer>: The value of fKeylen is incorrect (-24948) ; trying to recover by setting it to zero
Error in <TBasket::Streamer>: The value of fObjlen is incorrect (-710856305) ; trying to recover by setting it to zero
Error in <TCollectionLessSTLReader::GetCP()>: Read error in TBranchProxy.
Error R__unzip_header: error in header.  Values: ab6
Error in <TBasket::ReadBasketBuffers>: Inconsistency found in header (nin=0, nbuf=0)
Error in <TBasket::ReadBasketBuffers>: fNbytes = 42079119, fKeylen = 6146, fObjlen = 1485380391, noutot = 0, nout=0, nin=0, nbuf=0
Error in <TCollectionLessSTLReader::GetCP()>: Read error in TBranchProxy.
Error in <TBasket::Streamer>: The value of fObjlen is incorrect (-1492237174) ; trying to recover by setting it to zero
Error in <TBasket::Streamer>: The value of fNbytes is incorrect (-45533579) ; trying to recover by setting it to zero
Error in <TCollectionLessSTLReader::GetCP()>: Read error in TBranchProxy.
Error in <TBasket::Streamer>: The value of fObjlen is incorrect (-774529378) ; trying to recover by setting it to zero
Error in <TBasket::Streamer>: The value of fNbytes is incorrect (-640456518) ; trying to recover by setting it to zero
Error in <TCollectionLessSTLReader::GetCP()>: Read error in TBranchProxy.
Error in <TBasket::Streamer>: The value of fKeylen is incorrect (-31330) ; trying to recover by setting it to zero
Error in <TBasket::Streamer>: The value of fObjlen is incorrect (-1460296052) ; trying to recover by setting it to zero
Error in <TBasket::Streamer>: The value of fNbytes is incorrect (-845698399) ; trying to recover by setting it to zero
Error in <TCollectionLessSTLReader::GetCP()>: Read error in TBranchProxy.
Error in <TBasket::Streamer>: The value of fObjlen is incorrect (-1396645875) ; trying to recover by setting it to zero
Error in <TBasket::Streamer>: The value of fNbytes is incorrect (-1364292174) ; trying to recover by setting it to zero
Error in <TBasket::TBasket::Streamer>: The value of fNevBufSize (-1012215716) or fIOBits (193) is incorrect ; setting the buffer to a zombie.
Error in <TCollectionLessSTLReader::GetCP()>: Read error in TBranchProxy.
Error in <TBasket::Streamer>: The value of fObjlen is incorrect (-866005053) ; trying to recover by setting it to zero
Error in <TBasket::TBasket::Streamer>: The value of fNevBufSize (-932583648) or fIOBits (204) is incorrect ; setting the buffer to a zombie.
Error in <TCollectionLessSTLReader::GetCP()>: Read error in TBranchProxy.
Error in <TBasket::Streamer>: The value of fKeylen is incorrect (-8828) ; trying to recover by setting it to zero
Error in <TBasket::Streamer>: The value of fObjlen is incorrect (-413829232) ; trying to recover by setting it to zero
Error in <TBasket::Streamer>: The value of fNbytes is incorrect (-190145588) ; trying to recover by setting it to zero
Error in <TBasket::TBasket::Streamer>: The value of fNevBufSize (-300200739) or fIOBits (135) is incorrect ; setting the buffer to a zombie.
Error in <TCollectionLessSTLReader::GetCP()>: Read error in TBranchProxy.
Error in <TBasket::Streamer>: The value of fObjlen is incorrect (-1200424630) ; trying to recover by setting it to zero
Error in <TBasket::TBasket::Streamer>: The value of fNevBufSize (-866934573) or fIOBits (227) is incorrect ; setting the buffer to a zombie.
Error in <TCollectionLessSTLReader::GetCP()>: Read error in TBranchProxy.
Error in <TBasket::Streamer>: The value of fKeylen is incorrect (-19191) ; trying to recover by setting it to zero
Error in <TBasket::TBasket::Streamer>: The value of fNevBufSize (-1344425860) or fIOBits (0) is incorrect ; setting the buffer to a zombie.
Error in <TCollectionLessSTLReader::GetCP()>: Read error in TBranchProxy.
Error in <TBasket::Streamer>: The value of fKeylen is incorrect (-24948) ; trying to recover by setting it to zero
Error in <TBasket::Streamer>: The value of fObjlen is incorrect (-710856305) ; trying to recover by setting it to zero
Error in <TCollectionLessSTLReader::GetCP()>: Read error in TBranchProxy.
Error R__unzip_header: error in header.  Values: ab6
Error in <TBasket::ReadBasketBuffers>: Inconsistency found in header (nin=0, nbuf=0)
Error in <TBasket::ReadBasketBuffers>: fNbytes = 42079119, fKeylen = 6146, fObjlen = 1485380391, noutot = 0, nout=0, nin=0, nbuf=0
Error in <TCollectionLessSTLReader::GetCP()>: Read error in TBranchProxy.
Error in <TBasket::Streamer>: The value of fObjlen is incorrect (-1492237174) ; trying to recover by setting it to zero
Error in <TBasket::Streamer>: The value of fNbytes is incorrect (-45533579) ; trying to recover by setting it to zero
Error in <TCollectionLessSTLReader::GetCP()>: Read error in TBranchProxy.
Error in <TBasket::Streamer>: The value of fObjlen is incorrect (-774529378) ; trying to recover by setting it to zero
Error in <TBasket::Streamer>: The value of fNbytes is incorrect (-640456518) ; trying to recover by setting it to zero
Error in <TCollectionLessSTLReader::GetCP()>: Read error in TBranchProxy.
Error in <TBasket::Streamer>: The value of fKeylen is incorrect (-31330) ; trying to recover by setting it to zero
Error in <TBasket::Streamer>: The value of fObjlen is incorrect (-1460296052) ; trying to recover by setting it to zero
Error in <TBasket::Streamer>: The value of fNbytes is incorrect (-845698399) ; trying to recover by setting it to zero
Error in <TCollectionLessSTLReader::GetCP()>: Read error in TBranchProxy.
Error in <TBasket::Streamer>: The value of fObjlen is incorrect (-1396645875) ; trying to recover by setting it to zero
Error in <TBasket::Streamer>: The value of fNbytes is incorrect (-1364292174) ; trying to recover by setting it to zero
Error in <TBasket::TBasket::Streamer>: The value of fNevBufSize (-1012215716) or fIOBits (193) is incorrect ; setting the buffer to a zombie.
Error in <TCollectionLessSTLReader::GetCP()>: Read error in TBranchProxy.
Error in <TBasket::Streamer>: The value of fObjlen is incorrect (-866005053) ; trying to recover by setting it to zero
Error in <TBasket::TBasket::Streamer>: The value of fNevBufSize (-932583648) or fIOBits (204) is incorrect ; setting the buffer to a zombie.
Error in <TCollectionLessSTLReader::GetCP()>: Read error in TBranchProxy.
Error in <TBasket::Streamer>: The value of fKeylen is incorrect (-8828) ; trying to recover by setting it to zero
Error in <TBasket::Streamer>: The value of fObjlen is incorrect (-413829232) ; trying to recover by setting it to zero
Error in <TBasket::Streamer>: The value of fNbytes is incorrect (-190145588) ; trying to recover by setting it to zero
Error in <TBasket::TBasket::Streamer>: The value of fNevBufSize (-300200739) or fIOBits (135) is incorrect ; setting the buffer to a zombie.
Error in <TCollectionLessSTLReader::GetCP()>: Read error in TBranchProxy.
Error in <TBasket::Streamer>: The value of fObjlen is incorrect (-1200424630) ; trying to recover by setting it to zero
Error in <TBasket::TBasket::Streamer>: The value of fNevBufSize (-866934573) or fIOBits (227) is incorrect ; setting the buffer to a zombie.
Error in <TCollectionLessSTLReader::GetCP()>: Read error in TBranchProxy.
Error in <TBasket::Streamer>: The value of fKeylen is incorrect (-19191) ; trying to recover by setting it to zero
Error in <TBasket::TBasket::Streamer>: The value of fNevBufSize (-1344425860) or fIOBits (0) is incorrect ; setting the buffer to a zombie.
Error in <TCollectionLessSTLReader::GetCP()>: Read error in TBranchProxy.
Error in <TBasket::Streamer>: The value of fKeylen is incorrect (-24948) ; trying to recover by setting it to zero
Error in <TBasket::Streamer>: The value of fObjlen is incorrect (-710856305) ; trying to recover by setting it to zero
Error in <TCollectionLessSTLReader::GetCP()>: Read error in TBranchProxy.
Error R__unzip_header: error in header.  Values: ab6
Error in <TBasket::ReadBasketBuffers>: Inconsistency found in header (nin=0, nbuf=0)
Error in <TBasket::ReadBasketBuffers>: fNbytes = 42079119, fKeylen = 6146, fObjlen = 1485380391, noutot = 0, nout=0, nin=0, nbuf=0
Error in <TCollectionLessSTLReader::GetCP()>: Read error in TBranchProxy.
Error in <TBasket::Streamer>: The value of fObjlen is incorrect (-1492237174) ; trying to recover by setting it to zero
Error in <TBasket::Streamer>: The value of fNbytes is incorrect (-45533579) ; trying to recover by setting it to zero
Error in <TCollectionLessSTLReader::GetCP()>: Read error in TBranchProxy.
Error in <TBasket::Streamer>: The value of fObjlen is incorrect (-774529378) ; trying to recover by setting it to zero
Error in <TBasket::Streamer>: The value of fNbytes is incorrect (-640456518) ; trying to recover by setting it to zero
Error in <TCollectionLessSTLReader::GetCP()>: Read error in TBranchProxy.
Error in <TBasket::Streamer>: The value of fKeylen is incorrect (-31330) ; trying to recover by setting it to zero
Error in <TBasket::Streamer>: The value of fObjlen is incorrect (-1460296052) ; trying to recover by setting it to zero
Error in <TBasket::Streamer>: The value of fNbytes is incorrect (-845698399) ; trying to recover by setting it to zero
Error in <TCollectionLessSTLReader::GetCP()>: Read error in TBranchProxy.
Error in <TBasket::Streamer>: The value of fObjlen is incorrect (-1396645875) ; trying to recover by setting it to zero
Error in <TBasket::Streamer>: The value of fNbytes is incorrect (-1364292174) ; trying to recover by setting it to zero
Error in <TBasket::TBasket::Streamer>: The value of fNevBufSize (-1012215716) or fIOBits (193) is incorrect ; setting the buffer to a zombie.
Error in <TCollectionLessSTLReader::GetCP()>: Read error in TBranchProxy.
Error in <TBasket::Streamer>: The value of fObjlen is incorrect (-866005053) ; trying to recover by setting it to zero
Error in <TBasket::TBasket::Streamer>: The value of fNevBufSize (-932583648) or fIOBits (204) is incorrect ; setting the buffer to a zombie.
Error in <TCollectionLessSTLReader::GetCP()>: Read error in TBranchProxy.
Error in <TBasket::Streamer>: The value of fKeylen is incorrect (-8828) ; trying to recover by setting it to zero
Error in <TBasket::Streamer>: The value of fObjlen is incorrect (-413829232) ; trying to recover by setting it to zero
Error in <TBasket::Streamer>: The value of fNbytes is incorrect (-190145588) ; trying to recover by setting it to zero
Error in <TBasket::TBasket::Streamer>: The value of fNevBufSize (-300200739) or fIOBits (135) is incorrect ; setting the buffer to a zombie.
Error in <TCollectionLessSTLReader::GetCP()>: Read error in TBranchProxy.
Error in <TBasket::Streamer>: The value of fObjlen is incorrect (-1200424630) ; trying to recover by setting it to zero
Error in <TBasket::TBasket::Streamer>: The value of fNevBufSize (-866934573) or fIOBits (227) is incorrect ; setting the buffer to a zombie.
Error in <TCollectionLessSTLReader::GetCP()>: Read error in TBranchProxy.
Error in <TBasket::Streamer>: The value of fKeylen is incorrect (-19191) ; trying to recover by setting it to zero
Error in <TBasket::TBasket::Streamer>: The value of fNevBufSize (-1344425860) or fIOBits (0) is incorrect ; setting the buffer to a zombie.
Error in <TCollectionLessSTLReader::GetCP()>: Read error in TBranchProxy.
Error in <TBasket::Streamer>: The value of fKeylen is incorrect (-24948) ; trying to recover by setting it to zero
Error in <TBasket::Streamer>: The value of fObjlen is incorrect (-710856305) ; trying to recover by setting it to zero
Error in <TCollectionLessSTLReader::GetCP()>: Read error in TBranchProxy.
Error R__unzip_header: error in header.  Values: ab6
Error in <TBasket::ReadBasketBuffers>: Inconsistency found in header (nin=0, nbuf=0)
Error in <TBasket::ReadBasketBuffers>: fNbytes = 42079119, fKeylen = 6146, fObjlen = 1485380391, noutot = 0, nout=0, nin=0, nbuf=0
Error in <TCollectionLessSTLReader::GetCP()>: Read error in TBranchProxy.
Error in <TBasket::Streamer>: The value of fObjlen is incorrect (-1492237174) ; trying to recover by setting it to zero
Error in <TBasket::Streamer>: The value of fNbytes is incorrect (-45533579) ; trying to recover by setting it to zero
Error in <TCollectionLessSTLReader::GetCP()>: Read error in TBranchProxy.
Error in <TBasket::Streamer>: The value of fObjlen is incorrect (-774529378) ; trying to recover by setting it to zero
Error in <TBasket::Streamer>: The value of fNbytes is incorrect (-640456518) ; trying to recover by setting it to zero
Error in <TCollectionLessSTLReader::GetCP()>: Read error in TBranchProxy.
Error in <TBasket::Streamer>: The value of fKeylen is incorrect (-31330) ; trying to recover by setting it to zero
Error in <TBasket::Streamer>: The value of fObjlen is incorrect (-1460296052) ; trying to recover by setting it to zero
Error in <TBasket::Streamer>: The value of fNbytes is incorrect (-845698399) ; trying to recover by setting it to zero
Error in <TCollectionLessSTLReader::GetCP()>: Read error in TBranchProxy.
Error in <TBasket::Streamer>: The value of fObjlen is incorrect (-1396645875) ; trying to recover by setting it to zero
Error in <TBasket::Streamer>: The value of fNbytes is incorrect (-1364292174) ; trying to recover by setting it to zero
Error in <TBasket::TBasket::Streamer>: The value of fNevBufSize (-1012215716) or fIOBits (193) is incorrect ; setting the buffer to a zombie.
Error in <TCollectionLessSTLReader::GetCP()>: Read error in TBranchProxy.
Error in <TBasket::Streamer>: The value of fObjlen is incorrect (-866005053) ; trying to recover by setting it to zero
Error in <TBasket::TBasket::Streamer>: The value of fNevBufSize (-932583648) or fIOBits (204) is incorrect ; setting the buffer to a zombie.
Error in <TCollectionLessSTLReader::GetCP()>: Read error in TBranchProxy.
Error in <TBasket::Streamer>: The value of fKeylen is incorrect (-8828) ; trying to recover by setting it to zero
Error in <TBasket::Streamer>: The value of fObjlen is incorrect (-413829232) ; trying to recover by setting it to zero
Error in <TBasket::Streamer>: The value of fNbytes is incorrect (-190145588) ; trying to recover by setting it to zero
Error in <TBasket::TBasket::Streamer>: The value of fNevBufSize (-300200739) or fIOBits (135) is incorrect ; setting the buffer to a zombie.
Error in <TCollectionLessSTLReader::GetCP()>: Read error in TBranchProxy.
Error in <TBasket::Streamer>: The value of fObjlen is incorrect (-1200424630) ; trying to recover by setting it to zero
Error in <TBasket::TBasket::Streamer>: The value of fNevBufSize (-866934573) or fIOBits (227) is incorrect ; setting the buffer to a zombie.
Error in <TCollectionLessSTLReader::GetCP()>: Read error in TBranchProxy.
Error in <TBasket::Streamer>: The value of fKeylen is incorrect (-19191) ; trying to recover by setting it to zero
Error in <TBasket::TBasket::Streamer>: The value of fNevBufSize (-1344425860) or fIOBits (0) is incorrect ; setting the buffer to a zombie.
Error in <TCollectionLessSTLReader::GetCP()>: Read error in TBranchProxy.
Error in <TBasket::Streamer>: The value of fKeylen is incorrect (-24948) ; trying to recover by setting it to zero
Error in <TBasket::Streamer>: The value of fObjlen is incorrect (-710856305) ; trying to recover by setting it to zero
Error in <TCollectionLessSTLReader::GetCP()>: Read error in TBranchProxy.
Error R__unzip_header: error in header.  Values: ab6
Error in <TBasket::ReadBasketBuffers>: Inconsistency found in header (nin=0, nbuf=0)
Error in <TBasket::ReadBasketBuffers>: fNbytes = 42079119, fKeylen = 6146, fObjlen = 1485380391, noutot = 0, nout=0, nin=0, nbuf=0
Error in <TCollectionLessSTLReader::GetCP()>: Read error in TBranchProxy.
Error in <TBasket::Streamer>: The value of fObjlen is incorrect (-1492237174) ; trying to recover by setting it to zero
Error in <TBasket::Streamer>: The value of fNbytes is incorrect (-45533579) ; trying to recover by setting it to zero
Error in <TCollectionLessSTLReader::GetCP()>: Read error in TBranchProxy.
Error in <TBasket::Streamer>: The value of fObjlen is incorrect (-774529378) ; trying to recover by setting it to zero
Error in <TBasket::Streamer>: The value of fNbytes is incorrect (-640456518) ; trying to recover by setting it to zero
Error in <TCollectionLessSTLReader::GetCP()>: Read error in TBranchProxy.
Error in <TBasket::Streamer>: The value of fKeylen is incorrect (-31330) ; trying to recover by setting it to zero
Error in <TBasket::Streamer>: The value of fObjlen is incorrect (-1460296052) ; trying to recover by setting it to zero
Error in <TBasket::Streamer>: The value of fNbytes is incorrect (-845698399) ; trying to recover by setting it to zero
Error in <TCollectionLessSTLReader::GetCP()>: Read error in TBranchProxy.
Error in <TBasket::Streamer>: The value of fObjlen is incorrect (-1396645875) ; trying to recover by setting it to zero
Error in <TBasket::Streamer>: The value of fNbytes is incorrect (-1364292174) ; trying to recover by setting it to zero
Error in <TBasket::TBasket::Streamer>: The value of fNevBufSize (-1012215716) or fIOBits (193) is incorrect ; setting the buffer to a zombie.
Error in <TCollectionLessSTLReader::GetCP()>: Read error in TBranchProxy.
Error in <TBasket::Streamer>: The value of fObjlen is incorrect (-866005053) ; trying to recover by setting it to zero
Error in <TBasket::TBasket::Streamer>: The value of fNevBufSize (-932583648) or fIOBits (204) is incorrect ; setting the buffer to a zombie.
Error in <TCollectionLessSTLReader::GetCP()>: Read error in TBranchProxy.
Error in <TBasket::Streamer>: The value of fKeylen is incorrect (-8828) ; trying to recover by setting it to zero
Error in <TBasket::Streamer>: The value of fObjlen is incorrect (-413829232) ; trying to recover by setting it to zero
Error in <TBasket::Streamer>: The value of fNbytes is incorrect (-190145588) ; trying to recover by setting it to zero
Error in <TBasket::TBasket::Streamer>: The value of fNevBufSize (-300200739) or fIOBits (135) is incorrect ; setting the buffer to a zombie.
Error in <TCollectionLessSTLReader::GetCP()>: Read error in TBranchProxy.
Error in <TBasket::Streamer>: The value of fObjlen is incorrect (-1200424630) ; trying to recover by setting it to zero
Error in <TBasket::TBasket::Streamer>: The value of fNevBufSize (-866934573) or fIOBits (227) is incorrect ; setting the buffer to a zombie.
Error in <TCollectionLessSTLReader::GetCP()>: Read error in TBranchProxy.
Error in <TBasket::Streamer>: The value of fKeylen is incorrect (-19191) ; trying to recover by setting it to zero
Error in <TBasket::TBasket::Streamer>: The value of fNevBufSize (-1344425860) or fIOBits (0) is incorrect ; setting the buffer to a zombie.
Error in <TCollectionLessSTLReader::GetCP()>: Read error in TBranchProxy.
Error in <TBasket::Streamer>: The value of fKeylen is incorrect (-24948) ; trying to recover by setting it to zero
Error in <TBasket::Streamer>: The value of fObjlen is incorrect (-710856305) ; trying to recover by setting it to zero
Error in <TCollectionLessSTLReader::GetCP()>: Read error in TBranchProxy.
Error R__unzip_header: error in header.  Values: ab6
Error in <TBasket::ReadBasketBuffers>: Inconsistency found in header (nin=0, nbuf=0)
Error in <TBasket::ReadBasketBuffers>: fNbytes = 42079119, fKeylen = 6146, fObjlen = 1485380391, noutot = 0, nout=0, nin=0, nbuf=0
Error in <TCollectionLessSTLReader::GetCP()>: Read error in TBranchProxy.
Error in <TBasket::Streamer>: The value of fObjlen is incorrect (-1492237174) ; trying to recover by setting it to zero
Error in <TBasket::Streamer>: The value of fNbytes is incorrect (-45533579) ; trying to recover by setting it to zero
Error in <TCollectionLessSTLReader::GetCP()>: Read error in TBranchProxy.
Error in <TBasket::Streamer>: The value of fObjlen is incorrect (-774529378) ; trying to recover by setting it to zero
Error in <TBasket::Streamer>: The value of fNbytes is incorrect (-640456518) ; trying to recover by setting it to zero
Error in <TCollectionLessSTLReader::GetCP()>: Read error in TBranchProxy.
Error in <TBasket::Streamer>: The value of fKeylen is incorrect (-31330) ; trying to recover by setting it to zero
Error in <TBasket::Streamer>: The value of fObjlen is incorrect (-1460296052) ; trying to recover by setting it to zero
Error in <TBasket::Streamer>: The value of fNbytes is incorrect (-845698399) ; trying to recover by setting it to zero
Error in <TCollectionLessSTLReader::GetCP()>: Read error in TBranchProxy.
Error in <TBasket::Streamer>: The value of fObjlen is incorrect (-1396645875) ; trying to recover by setting it to zero
Error in <TBasket::Streamer>: The value of fNbytes is incorrect (-1364292174) ; trying to recover by setting it to zero
Error in <TBasket::TBasket::Streamer>: The value of fNevBufSize (-1012215716) or fIOBits (193) is incorrect ; setting the buffer to a zombie.
Error in <TCollectionLessSTLReader::GetCP()>: Read error in TBranchProxy.
Error in <TBasket::Streamer>: The value of fObjlen is incorrect (-866005053) ; trying to recover by setting it to zero
Error in <TBasket::TBasket::Streamer>: The value of fNevBufSize (-932583648) or fIOBits (204) is incorrect ; setting the buffer to a zombie.
Error in <TCollectionLessSTLReader::GetCP()>: Read error in TBranchProxy.
Error in <TBasket::Streamer>: The value of fKeylen is incorrect (-8828) ; trying to recover by setting it to zero
Error in <TBasket::Streamer>: The value of fObjlen is incorrect (-413829232) ; trying to recover by setting it to zero
Error in <TBasket::Streamer>: The value of fNbytes is incorrect (-190145588) ; trying to recover by setting it to zero
Error in <TBasket::TBasket::Streamer>: The value of fNevBufSize (-300200739) or fIOBits (135) is incorrect ; setting the buffer to a zombie.
Error in <TCollectionLessSTLReader::GetCP()>: Read error in TBranchProxy.
Error in <TBasket::Streamer>: The value of fObjlen is incorrect (-1200424630) ; trying to recover by setting it to zero
Error in <TBasket::TBasket::Streamer>: The value of fNevBufSize (-866934573) or fIOBits (227) is incorrect ; setting the buffer to a zombie.
Error in <TCollectionLessSTLReader::GetCP()>: Read error in TBranchProxy.
Error in <TBasket::Streamer>: The value of fKeylen is incorrect (-19191) ; trying to recover by setting it to zero
Error in <TBasket::TBasket::Streamer>: The value of fNevBufSize (-1344425860) or fIOBits (0) is incorrect ; setting the buffer to a zombie.
Error in <TCollectionLessSTLReader::GetCP()>: Read error in TBranchProxy.
Error in <TBasket::Streamer>: The value of fKeylen is incorrect (-24948) ; trying to recover by setting it to zero
Error in <TBasket::Streamer>: The value of fObjlen is incorrect (-710856305) ; trying to recover by setting it to zero
Error in <TCollectionLessSTLReader::GetCP()>: Read error in TBranchProxy.
Error R__unzip_header: error in header.  Values: ab6
Error in <TBasket::ReadBasketBuffers>: Inconsistency found in header (nin=0, nbuf=0)
Error in <TBasket::ReadBasketBuffers>: fNbytes = 42079119, fKeylen = 6146, fObjlen = 1485380391, noutot = 0, nout=0, nin=0, nbuf=0
Error in <TCollectionLessSTLReader::GetCP()>: Read error in TBranchProxy.
Error in <TBasket::Streamer>: The value of fObjlen is incorrect (-1492237174) ; trying to recover by setting it to zero
Error in <TBasket::Streamer>: The value of fNbytes is incorrect (-45533579) ; trying to recover by setting it to zero
Error in <TCollectionLessSTLReader::GetCP()>: Read error in TBranchProxy.
Error in <TBasket::Streamer>: The value of fObjlen is incorrect (-774529378) ; trying to recover by setting it to zero
Error in <TBasket::Streamer>: The value of fNbytes is incorrect (-640456518) ; trying to recover by setting it to zero
Error in <TCollectionLessSTLReader::GetCP()>: Read error in TBranchProxy.
Error in <TBasket::Streamer>: The value of fKeylen is incorrect (-31330) ; trying to recover by setting it to zero
Error in <TBasket::Streamer>: The value of fObjlen is incorrect (-1460296052) ; trying to recover by setting it to zero
Error in <TBasket::Streamer>: The value of fNbytes is incorrect (-845698399) ; trying to recover by setting it to zero
Error in <TCollectionLessSTLReader::GetCP()>: Read error in TBranchProxy.
Error in <TBasket::Streamer>: The value of fObjlen is incorrect (-1396645875) ; trying to recover by setting it to zero
Error in <TBasket::Streamer>: The value of fNbytes is incorrect (-1364292174) ; trying to recover by setting it to zero
Error in <TBasket::TBasket::Streamer>: The value of fNevBufSize (-1012215716) or fIOBits (193) is incorrect ; setting the buffer to a zombie.
Error in <TCollectionLessSTLReader::GetCP()>: Read error in TBranchProxy.
Error in <TBasket::Streamer>: The value of fObjlen is incorrect (-866005053) ; trying to recover by setting it to zero
Error in <TBasket::TBasket::Streamer>: The value of fNevBufSize (-932583648) or fIOBits (204) is incorrect ; setting the buffer to a zombie.
Error in <TCollectionLessSTLReader::GetCP()>: Read error in TBranchProxy.
Error in <TBasket::Streamer>: The value of fKeylen is incorrect (-8828) ; trying to recover by setting it to zero
Error in <TBasket::Streamer>: The value of fObjlen is incorrect (-413829232) ; trying to recover by setting it to zero
Error in <TBasket::Streamer>: The value of fNbytes is incorrect (-190145588) ; trying to recover by setting it to zero
Error in <TBasket::TBasket::Streamer>: The value of fNevBufSize (-300200739) or fIOBits (135) is incorrect ; setting the buffer to a zombie.
Error in <TCollectionLessSTLReader::GetCP()>: Read error in TBranchProxy.
Error in <TBasket::Streamer>: The value of fObjlen is incorrect (-1200424630) ; trying to recover by setting it to zero
Error in <TBasket::TBasket::Streamer>: The value of fNevBufSize (-866934573) or fIOBits (227) is incorrect ; setting the buffer to a zombie.
Error in <TCollectionLessSTLReader::GetCP()>: Read error in TBranchProxy.
Error in <TBasket::Streamer>: The value of fKeylen is incorrect (-19191) ; trying to recover by setting it to zero
Error in <TBasket::TBasket::Streamer>: The value of fNevBufSize (-1344425860) or fIOBits (0) is incorrect ; setting the buffer to a zombie.
Error in <TCollectionLessSTLReader::GetCP()>: Read error in TBranchProxy.
Error in <TBasket::Streamer>: The value of fKeylen is incorrect (-24948) ; trying to recover by setting it to zero
Error in <TBasket::Streamer>: The value of fObjlen is incorrect (-710856305) ; trying to recover by setting it to zero
Error in <TCollectionLessSTLReader::GetCP()>: Read error in TBranchProxy.
Error R__unzip_header: error in header.  Values: ab6
Error in <TBasket::ReadBasketBuffers>: Inconsistency found in header (nin=0, nbuf=0)
Error in <TBasket::ReadBasketBuffers>: fNbytes = 42079119, fKeylen = 6146, fObjlen = 1485380391, noutot = 0, nout=0, nin=0, nbuf=0
Error in <TCollectionLessSTLReader::GetCP()>: Read error in TBranchProxy.
Error in <TBasket::Streamer>: The value of fObjlen is incorrect (-1492237174) ; trying to recover by setting it to zero
Error in <TBasket::Streamer>: The value of fNbytes is incorrect (-45533579) ; trying to recover by setting it to zero
Error in <TCollectionLessSTLReader::GetCP()>: Read error in TBranchProxy.
Error in <TBasket::Streamer>: The value of fObjlen is incorrect (-774529378) ; trying to recover by setting it to zero
Error in <TBasket::Streamer>: The value of fNbytes is incorrect (-640456518) ; trying to recover by setting it to zero
Error in <TCollectionLessSTLReader::GetCP()>: Read error in TBranchProxy.
Error in <TBasket::Streamer>: The value of fKeylen is incorrect (-31330) ; trying to recover by setting it to zero
Error in <TBasket::Streamer>: The value of fObjlen is incorrect (-1460296052) ; trying to recover by setting it to zero
Error in <TBasket::Streamer>: The value of fNbytes is incorrect (-845698399) ; trying to recover by setting it to zero
Error in <TCollectionLessSTLReader::GetCP()>: Read error in TBranchProxy.
Error in <TBasket::Streamer>: The value of fObjlen is incorrect (-1396645875) ; trying to recover by setting it to zero
Error in <TBasket::Streamer>: The value of fNbytes is incorrect (-1364292174) ; trying to recover by setting it to zero
Error in <TBasket::TBasket::Streamer>: The value of fNevBufSize (-1012215716) or fIOBits (193) is incorrect ; setting the buffer to a zombie.
Error in <TCollectionLessSTLReader::GetCP()>: Read error in TBranchProxy.
Error in <TBasket::Streamer>: The value of fObjlen is incorrect (-866005053) ; trying to recover by setting it to zero
Error in <TBasket::TBasket::Streamer>: The value of fNevBufSize (-932583648) or fIOBits (204) is incorrect ; setting the buffer to a zombie.
Error in <TCollectionLessSTLReader::GetCP()>: Read error in TBranchProxy.
Error in <TBasket::Streamer>: The value of fKeylen is incorrect (-8828) ; trying to recover by setting it to zero
Error in <TBasket::Streamer>: The value of fObjlen is incorrect (-413829232) ; trying to recover by setting it to zero
Error in <TBasket::Streamer>: The value of fNbytes is incorrect (-190145588) ; trying to recover by setting it to zero
Error in <TBasket::TBasket::Streamer>: The value of fNevBufSize (-300200739) or fIOBits (135) is incorrect ; setting the buffer to a zombie.
Error in <TCollectionLessSTLReader::GetCP()>: Read error in TBranchProxy.
Error in <TBasket::Streamer>: The value of fObjlen is incorrect (-1200424630) ; trying to recover by setting it to zero
Error in <TBasket::TBasket::Streamer>: The value of fNevBufSize (-866934573) or fIOBits (227) is incorrect ; setting the buffer to a zombie.
Error in <TCollectionLessSTLReader::GetCP()>: Read error in TBranchProxy.
Error in <TBasket::Streamer>: The value of fKeylen is incorrect (-19191) ; trying to recover by setting it to zero
Error in <TBasket::TBasket::Streamer>: The value of fNevBufSize (-1344425860) or fIOBits (0) is incorrect ; setting the buffer to a zombie.
Error in <TCollectionLessSTLReader::GetCP()>: Read error in TBranchProxy.
Error in <TBasket::Streamer>: The value of fKeylen is incorrect (-24948) ; trying to recover by setting it to zero
Error in <TBasket::Streamer>: The value of fObjlen is incorrect (-710856305) ; trying to recover by setting it to zero
Error in <TCollectionLessSTLReader::GetCP()>: Read error in TBranchProxy.
Error R__unzip_header: error in header.  Values: ab6
Error in <TBasket::ReadBasketBuffers>: Inconsistency found in header (nin=0, nbuf=0)
Error in <TBasket::ReadBasketBuffers>: fNbytes = 42079119, fKeylen = 6146, fObjlen = 1485380391, noutot = 0, nout=0, nin=0, nbuf=0
Error in <TCollectionLessSTLReader::GetCP()>: Read error in TBranchProxy.
Error in <TBasket::Streamer>: The value of fObjlen is incorrect (-1492237174) ; trying to recover by setting it to zero
Error in <TBasket::Streamer>: The value of fNbytes is incorrect (-45533579) ; trying to recover by setting it to zero
Error in <TCollectionLessSTLReader::GetCP()>: Read error in TBranchProxy.
Error in <TBasket::Streamer>: The value of fObjlen is incorrect (-774529378) ; trying to recover by setting it to zero
Error in <TBasket::Streamer>: The value of fNbytes is incorrect (-640456518) ; trying to recover by setting it to zero
Error in <TCollectionLessSTLReader::GetCP()>: Read error in TBranchProxy.
Error in <TBasket::Streamer>: The value of fKeylen is incorrect (-31330) ; trying to recover by setting it to zero
Error in <TBasket::Streamer>: The value of fObjlen is incorrect (-1460296052) ; trying to recover by setting it to zero
Error in <TBasket::Streamer>: The value of fNbytes is incorrect (-845698399) ; trying to recover by setting it to zero
Error in <TCollectionLessSTLReader::GetCP()>: Read error in TBranchProxy.
Error in <TBasket::Streamer>: The value of fObjlen is incorrect (-1396645875) ; trying to recover by setting it to zero
Error in <TBasket::Streamer>: The value of fNbytes is incorrect (-1364292174) ; trying to recover by setting it to zero
Error in <TBasket::TBasket::Streamer>: The value of fNevBufSize (-1012215716) or fIOBits (193) is incorrect ; setting the buffer to a zombie.
Error in <TCollectionLessSTLReader::GetCP()>: Read error in TBranchProxy.
Error in <TBasket::Streamer>: The value of fObjlen is incorrect (-866005053) ; trying to recover by setting it to zero
Error in <TBasket::TBasket::Streamer>: The value of fNevBufSize (-932583648) or fIOBits (204) is incorrect ; setting the buffer to a zombie.
Error in <TCollectionLessSTLReader::GetCP()>: Read error in TBranchProxy.
Error in <TBasket::Streamer>: The value of fKeylen is incorrect (-8828) ; trying to recover by setting it to zero
Error in <TBasket::Streamer>: The value of fObjlen is incorrect (-413829232) ; trying to recover by setting it to zero
Error in <TBasket::Streamer>: The value of fNbytes is incorrect (-190145588) ; trying to recover by setting it to zero
Error in <TBasket::TBasket::Streamer>: The value of fNevBufSize (-300200739) or fIOBits (135) is incorrect ; setting the buffer to a zombie.
Error in <TCollectionLessSTLReader::GetCP()>: Read error in TBranchProxy.
Error in <TBasket::Streamer>: The value of fObjlen is incorrect (-1200424630) ; trying to recover by setting it to zero
Error in <TBasket::TBasket::Streamer>: The value of fNevBufSize (-866934573) or fIOBits (227) is incorrect ; setting the buffer to a zombie.
Error in <TCollectionLessSTLReader::GetCP()>: Read error in TBranchProxy.
Error in <TBasket::Streamer>: The value of fKeylen is incorrect (-19191) ; trying to recover by setting it to zero
Error in <TBasket::TBasket::Streamer>: The value of fNevBufSize (-1344425860) or fIOBits (0) is incorrect ; setting the buffer to a zombie.
Error in <TCollectionLessSTLReader::GetCP()>: Read error in TBranchProxy.
Error in <TBasket::Streamer>: The value of fKeylen is incorrect (-24948) ; trying to recover by setting it to zero
Error in <TBasket::Streamer>: The value of fObjlen is incorrect (-710856305) ; trying to recover by setting it to zero
Error in <TCollectionLessSTLReader::GetCP()>: Read error in TBranchProxy.
Error in <TBasket::Streamer>: The value of fKeylen is incorrect (-4762) ; trying to recover by setting it to zero
Error in <TBasket::Streamer>: The value of fObjlen is incorrect (-1466274708) ; trying to recover by setting it to zero
Error in <TBasket::Streamer>: The value of fNbytes is incorrect (-292349271) ; trying to recover by setting it to zero
Error in <TCollectionLessSTLReader::GetCP()>: Read error in TBranchProxy.
Error in <TBasket::Streamer>: The value of fKeylen is incorrect (-12243) ; trying to recover by setting it to zero
Error in <TBasket::Streamer>: The value of fObjlen is incorrect (-1906915184) ; trying to recover by setting it to zero
Error in <TCollectionLessSTLReader::GetCP()>: Read error in TBranchProxy.
Error in <TBasket::Streamer>: The value of fObjlen is incorrect (-361353569) ; trying to recover by setting it to zero
Error in <TBasket::Streamer>: The value of fNbytes is incorrect (-1042477899) ; trying to recover by setting it to zero
Error in <TCollectionLessSTLReader::GetCP()>: Read error in TBranchProxy.
Error in <TBasket::Streamer>: The value of fObjlen is incorrect (-174074340) ; trying to recover by setting it to zero
Error in <TBasket::Streamer>: The value of fNbytes is incorrect (-1139193937) ; trying to recover by setting it to zero
Error in <TCollectionLessSTLReader::GetCP()>: Read error in TBranchProxy.
Error in <TBasket::Streamer>: The value of fKeylen is incorrect (-8982) ; trying to recover by setting it to zero
Error in <TCollectionLessSTLReader::GetCP()>: Read error in TBranchProxy.
Error in <TBasket::Streamer>: The value of fObjlen is incorrect (-1745926211) ; trying to recover by setting it to zero
Error in <TCollectionLessSTLReader::GetCP()>: Read error in TBranchProxy.
Error in <TBasket::TBasket::Streamer>: The value of fNevBufSize (-692463372) or fIOBits (157) is incorrect ; setting the buffer to a zombie.
Error in <TCollectionLessSTLReader::GetCP()>: Read error in TBranchProxy.
Error R__unzip_header: error in header.  Values: ab6
Error in <TBasket::ReadBasketBuffers>: Inconsistency found in header (nin=0, nbuf=0)
Error in <TBasket::ReadBasketBuffers>: fNbytes = 42079119, fKeylen = 6146, fObjlen = 1485380391, noutot = 0, nout=0, nin=0, nbuf=0
Error in <TCollectionLessSTLReader::GetCP()>: Read error in TBranchProxy.
Error in <TBasket::Streamer>: The value of fObjlen is incorrect (-1492237174) ; trying to recover by setting it to zero
Error in <TBasket::Streamer>: The value of fNbytes is incorrect (-45533579) ; trying to recover by setting it to zero
Error in <TCollectionLessSTLReader::GetCP()>: Read error in TBranchProxy.
Error in <TBasket::Streamer>: The value of fObjlen is incorrect (-774529378) ; trying to recover by setting it to zero
Error in <TBasket::Streamer>: The value of fNbytes is incorrect (-640456518) ; trying to recover by setting it to zero
Error in <TCollectionLessSTLReader::GetCP()>: Read error in TBranchProxy.
Error in <TBasket::Streamer>: The value of fKeylen is incorrect (-31330) ; trying to recover by setting it to zero
Error in <TBasket::Streamer>: The value of fObjlen is incorrect (-1460296052) ; trying to recover by setting it to zero
Error in <TBasket::Streamer>: The value of fNbytes is incorrect (-845698399) ; trying to recover by setting it to zero
Error in <TCollectionLessSTLReader::GetCP()>: Read error in TBranchProxy.
Error in <TBasket::Streamer>: The value of fObjlen is incorrect (-1396645875) ; trying to recover by setting it to zero
Error in <TBasket::Streamer>: The value of fNbytes is incorrect (-1364292174) ; trying to recover by setting it to zero
Error in <TBasket::TBasket::Streamer>: The value of fNevBufSize (-1012215716) or fIOBits (193) is incorrect ; setting the buffer to a zombie.
Error in <TCollectionLessSTLReader::GetCP()>: Read error in TBranchProxy.
Error in <TBasket::Streamer>: The value of fObjlen is incorrect (-866005053) ; trying to recover by setting it to zero
Error in <TBasket::TBasket::Streamer>: The value of fNevBufSize (-932583648) or fIOBits (204) is incorrect ; setting the buffer to a zombie.
Error in <TCollectionLessSTLReader::GetCP()>: Read error in TBranchProxy.
Error in <TBasket::Streamer>: The value of fKeylen is incorrect (-8828) ; trying to recover by setting it to zero
Error in <TBasket::Streamer>: The value of fObjlen is incorrect (-413829232) ; trying to recover by setting it to zero
Error in <TBasket::Streamer>: The value of fNbytes is incorrect (-190145588) ; trying to recover by setting it to zero
Error in <TBasket::TBasket::Streamer>: The value of fNevBufSize (-300200739) or fIOBits (135) is incorrect ; setting the buffer to a zombie.
Error in <TCollectionLessSTLReader::GetCP()>: Read error in TBranchProxy.
Error in <TBasket::Streamer>: The value of fObjlen is incorrect (-1200424630) ; trying to recover by setting it to zero
Error in <TBasket::TBasket::Streamer>: The value of fNevBufSize (-866934573) or fIOBits (227) is incorrect ; setting the buffer to a zombie.
Error in <TCollectionLessSTLReader::GetCP()>: Read error in TBranchProxy.
Error in <TBasket::Streamer>: The value of fKeylen is incorrect (-19191) ; trying to recover by setting it to zero
Error in <TBasket::TBasket::Streamer>: The value of fNevBufSize (-1344425860) or fIOBits (0) is incorrect ; setting the buffer to a zombie.
Error in <TCollectionLessSTLReader::GetCP()>: Read error in TBranchProxy.
Error in <TBasket::Streamer>: The value of fKeylen is incorrect (-24948) ; trying to recover by setting it to zero
Error in <TBasket::Streamer>: The value of fObjlen is incorrect (-710856305) ; trying to recover by setting it to zero
Error in <TCollectionLessSTLReader::GetCP()>: Read error in TBranchProxy.
Error in <TBasket::Streamer>: The value of fKeylen is incorrect (-4762) ; trying to recover by setting it to zero
Error in <TBasket::Streamer>: The value of fObjlen is incorrect (-1466274708) ; trying to recover by setting it to zero
Error in <TBasket::Streamer>: The value of fNbytes is incorrect (-292349271) ; trying to recover by setting it to zero
Error in <TCollectionLessSTLReader::GetCP()>: Read error in TBranchProxy.
Error in <TBasket::Streamer>: The value of fKeylen is incorrect (-12243) ; trying to recover by setting it to zero
Error in <TBasket::Streamer>: The value of fObjlen is incorrect (-1906915184) ; trying to recover by setting it to zero
Error in <TCollectionLessSTLReader::GetCP()>: Read error in TBranchProxy.
Error in <TBasket::Streamer>: The value of fObjlen is incorrect (-361353569) ; trying to recover by setting it to zero
Error in <TBasket::Streamer>: The value of fNbytes is incorrect (-1042477899) ; trying to recover by setting it to zero
Error in <TCollectionLessSTLReader::GetCP()>: Read error in TBranchProxy.
Error in <TBasket::Streamer>: The value of fObjlen is incorrect (-174074340) ; trying to recover by setting it to zero
Error in <TBasket::Streamer>: The value of fNbytes is incorrect (-1139193937) ; trying to recover by setting it to zero
Error in <TCollectionLessSTLReader::GetCP()>: Read error in TBranchProxy.
Error in <TBasket::Streamer>: The value of fKeylen is incorrect (-8982) ; trying to recover by setting it to zero
Error in <TCollectionLessSTLReader::GetCP()>: Read error in TBranchProxy.
Error in <TBasket::Streamer>: The value of fObjlen is incorrect (-1745926211) ; trying to recover by setting it to zero
Error in <TCollectionLessSTLReader::GetCP()>: Read error in TBranchProxy.
Error in <TBasket::TBasket::Streamer>: The value of fNevBufSize (-692463372) or fIOBits (157) is incorrect ; setting the buffer to a zombie.
Error in <TCollectionLessSTLReader::GetCP()>: Read error in TBranchProxy.
Error R__unzip_header: error in header.  Values: ab6
Error in <TBasket::ReadBasketBuffers>: Inconsistency found in header (nin=0, nbuf=0)
Error in <TBasket::ReadBasketBuffers>: fNbytes = 42079119, fKeylen = 6146, fObjlen = 1485380391, noutot = 0, nout=0, nin=0, nbuf=0
Error in <TCollectionLessSTLReader::GetCP()>: Read error in TBranchProxy.
Error in <TBasket::Streamer>: The value of fObjlen is incorrect (-1492237174) ; trying to recover by setting it to zero
Error in <TBasket::Streamer>: The value of fNbytes is incorrect (-45533579) ; trying to recover by setting it to zero
Error in <TCollectionLessSTLReader::GetCP()>: Read error in TBranchProxy.
Error in <TBasket::Streamer>: The value of fObjlen is incorrect (-774529378) ; trying to recover by setting it to zero
Error in <TBasket::Streamer>: The value of fNbytes is incorrect (-640456518) ; trying to recover by setting it to zero
Error in <TCollectionLessSTLReader::GetCP()>: Read error in TBranchProxy.
Error in <TBasket::Streamer>: The value of fKeylen is incorrect (-31330) ; trying to recover by setting it to zero
Error in <TBasket::Streamer>: The value of fObjlen is incorrect (-1460296052) ; trying to recover by setting it to zero
Error in <TBasket::Streamer>: The value of fNbytes is incorrect (-845698399) ; trying to recover by setting it to zero
Error in <TCollectionLessSTLReader::GetCP()>: Read error in TBranchProxy.
Error in <TBasket::Streamer>: The value of fObjlen is incorrect (-1396645875) ; trying to recover by setting it to zero
Error in <TBasket::Streamer>: The value of fNbytes is incorrect (-1364292174) ; trying to recover by setting it to zero
Error in <TBasket::TBasket::Streamer>: The value of fNevBufSize (-1012215716) or fIOBits (193) is incorrect ; setting the buffer to a zombie.
Error in <TCollectionLessSTLReader::GetCP()>: Read error in TBranchProxy.
Error in <TBasket::Streamer>: The value of fObjlen is incorrect (-866005053) ; trying to recover by setting it to zero
Error in <TBasket::TBasket::Streamer>: The value of fNevBufSize (-932583648) or fIOBits (204) is incorrect ; setting the buffer to a zombie.
Error in <TCollectionLessSTLReader::GetCP()>: Read error in TBranchProxy.
Error in <TBasket::Streamer>: The value of fKeylen is incorrect (-8828) ; trying to recover by setting it to zero
Error in <TBasket::Streamer>: The value of fObjlen is incorrect (-413829232) ; trying to recover by setting it to zero
Error in <TBasket::Streamer>: The value of fNbytes is incorrect (-190145588) ; trying to recover by setting it to zero
Error in <TBasket::TBasket::Streamer>: The value of fNevBufSize (-300200739) or fIOBits (135) is incorrect ; setting the buffer to a zombie.
Error in <TCollectionLessSTLReader::GetCP()>: Read error in TBranchProxy.
Error in <TBasket::Streamer>: The value of fObjlen is incorrect (-1200424630) ; trying to recover by setting it to zero
Error in <TBasket::TBasket::Streamer>: The value of fNevBufSize (-866934573) or fIOBits (227) is incorrect ; setting the buffer to a zombie.
Error in <TCollectionLessSTLReader::GetCP()>: Read error in TBranchProxy.
Error in <TBasket::Streamer>: The value of fKeylen is incorrect (-19191) ; trying to recover by setting it to zero
Error in <TBasket::TBasket::Streamer>: The value of fNevBufSize (-1344425860) or fIOBits (0) is incorrect ; setting the buffer to a zombie.
Error in <TCollectionLessSTLReader::GetCP()>: Read error in TBranchProxy.
Error in <TBasket::Streamer>: The value of fKeylen is incorrect (-24948) ; trying to recover by setting it to zero
Error in <TBasket::Streamer>: The value of fObjlen is incorrect (-710856305) ; trying to recover by setting it to zero
Error in <TCollectionLessSTLReader::GetCP()>: Read error in TBranchProxy.
Error in <TBasket::Streamer>: The value of fKeylen is incorrect (-4762) ; trying to recover by setting it to zero
Error in <TBasket::Streamer>: The value of fObjlen is incorrect (-1466274708) ; trying to recover by setting it to zero
Error in <TBasket::Streamer>: The value of fNbytes is incorrect (-292349271) ; trying to recover by setting it to zero
Error in <TCollectionLessSTLReader::GetCP()>: Read error in TBranchProxy.
Error in <TBasket::Streamer>: The value of fKeylen is incorrect (-12243) ; trying to recover by setting it to zero
Error in <TBasket::Streamer>: The value of fObjlen is incorrect (-1906915184) ; trying to recover by setting it to zero
Error in <TCollectionLessSTLReader::GetCP()>: Read error in TBranchProxy.
Error in <TBasket::Streamer>: The value of fObjlen is incorrect (-361353569) ; trying to recover by setting it to zero
Error in <TBasket::Streamer>: The value of fNbytes is incorrect (-1042477899) ; trying to recover by setting it to zero
Error in <TCollectionLessSTLReader::GetCP()>: Read error in TBranchProxy.
Error in <TBasket::Streamer>: The value of fObjlen is incorrect (-174074340) ; trying to recover by setting it to zero
Error in <TBasket::Streamer>: The value of fNbytes is incorrect (-1139193937) ; trying to recover by setting it to zero
Error in <TCollectionLessSTLReader::GetCP()>: Read error in TBranchProxy.
Error in <TBasket::Streamer>: The value of fKeylen is incorrect (-8982) ; trying to recover by setting it to zero
Error in <TCollectionLessSTLReader::GetCP()>: Read error in TBranchProxy.
Error in <TBasket::Streamer>: The value of fObjlen is incorrect (-1745926211) ; trying to recover by setting it to zero
Error in <TCollectionLessSTLReader::GetCP()>: Read error in TBranchProxy.
Error in <TBasket::TBasket::Streamer>: The value of fNevBufSize (-692463372) or fIOBits (157) is incorrect ; setting the buffer to a zombie.
Error in <TCollectionLessSTLReader::GetCP()>: Read error in TBranchProxy.
Error R__unzip_header: error in header.  Values: ab6
Error in <TBasket::ReadBasketBuffers>: Inconsistency found in header (nin=0, nbuf=0)
Error in <TBasket::ReadBasketBuffers>: fNbytes = 42079119, fKeylen = 6146, fObjlen = 1485380391, noutot = 0, nout=0, nin=0, nbuf=0
Error in <TCollectionLessSTLReader::GetCP()>: Read error in TBranchProxy.
Error in <TBasket::Streamer>: The value of fObjlen is incorrect (-1492237174) ; trying to recover by setting it to zero
Error in <TBasket::Streamer>: The value of fNbytes is incorrect (-45533579) ; trying to recover by setting it to zero
Error in <TCollectionLessSTLReader::GetCP()>: Read error in TBranchProxy.
Error in <TBasket::Streamer>: The value of fObjlen is incorrect (-774529378) ; trying to recover by setting it to zero
Error in <TBasket::Streamer>: The value of fNbytes is incorrect (-640456518) ; trying to recover by setting it to zero
Error in <TCollectionLessSTLReader::GetCP()>: Read error in TBranchProxy.
Error in <TBasket::Streamer>: The value of fKeylen is incorrect (-31330) ; trying to recover by setting it to zero
Error in <TBasket::Streamer>: The value of fObjlen is incorrect (-1460296052) ; trying to recover by setting it to zero
Error in <TBasket::Streamer>: The value of fNbytes is incorrect (-845698399) ; trying to recover by setting it to zero
Error in <TCollectionLessSTLReader::GetCP()>: Read error in TBranchProxy.
Error in <TBasket::Streamer>: The value of fObjlen is incorrect (-1396645875) ; trying to recover by setting it to zero
Error in <TBasket::Streamer>: The value of fNbytes is incorrect (-1364292174) ; trying to recover by setting it to zero
Error in <TBasket::TBasket::Streamer>: The value of fNevBufSize (-1012215716) or fIOBits (193) is incorrect ; setting the buffer to a zombie.
Error in <TCollectionLessSTLReader::GetCP()>: Read error in TBranchProxy.
Error in <TBasket::Streamer>: The value of fObjlen is incorrect (-866005053) ; trying to recover by setting it to zero
Error in <TBasket::TBasket::Streamer>: The value of fNevBufSize (-932583648) or fIOBits (204) is incorrect ; setting the buffer to a zombie.
Error in <TCollectionLessSTLReader::GetCP()>: Read error in TBranchProxy.
Error in <TBasket::Streamer>: The value of fKeylen is incorrect (-8828) ; trying to recover by setting it to zero
Error in <TBasket::Streamer>: The value of fObjlen is incorrect (-413829232) ; trying to recover by setting it to zero
Error in <TBasket::Streamer>: The value of fNbytes is incorrect (-190145588) ; trying to recover by setting it to zero
Error in <TBasket::TBasket::Streamer>: The value of fNevBufSize (-300200739) or fIOBits (135) is incorrect ; setting the buffer to a zombie.
Error in <TCollectionLessSTLReader::GetCP()>: Read error in TBranchProxy.
Error in <TBasket::Streamer>: The value of fObjlen is incorrect (-1200424630) ; trying to recover by setting it to zero
Error in <TBasket::TBasket::Streamer>: The value of fNevBufSize (-866934573) or fIOBits (227) is incorrect ; setting the buffer to a zombie.
Error in <TCollectionLessSTLReader::GetCP()>: Read error in TBranchProxy.
Error in <TBasket::Streamer>: The value of fKeylen is incorrect (-19191) ; trying to recover by setting it to zero
Error in <TBasket::TBasket::Streamer>: The value of fNevBufSize (-1344425860) or fIOBits (0) is incorrect ; setting the buffer to a zombie.
Error in <TCollectionLessSTLReader::GetCP()>: Read error in TBranchProxy.
Error in <TBasket::Streamer>: The value of fKeylen is incorrect (-24948) ; trying to recover by setting it to zero
Error in <TBasket::Streamer>: The value of fObjlen is incorrect (-710856305) ; trying to recover by setting it to zero
Error in <TCollectionLessSTLReader::GetCP()>: Read error in TBranchProxy.
Error in <TBasket::Streamer>: The value of fKeylen is incorrect (-4762) ; trying to recover by setting it to zero
Error in <TBasket::Streamer>: The value of fObjlen is incorrect (-1466274708) ; trying to recover by setting it to zero
Error in <TBasket::Streamer>: The value of fNbytes is incorrect (-292349271) ; trying to recover by setting it to zero
Error in <TCollectionLessSTLReader::GetCP()>: Read error in TBranchProxy.
Error in <TBasket::Streamer>: The value of fKeylen is incorrect (-12243) ; trying to recover by setting it to zero
Error in <TBasket::Streamer>: The value of fObjlen is incorrect (-1906915184) ; trying to recover by setting it to zero
Error in <TCollectionLessSTLReader::GetCP()>: Read error in TBranchProxy.
Error in <TBasket::Streamer>: The value of fObjlen is incorrect (-361353569) ; trying to recover by setting it to zero
Error in <TBasket::Streamer>: The value of fNbytes is incorrect (-1042477899) ; trying to recover by setting it to zero
Error in <TCollectionLessSTLReader::GetCP()>: Read error in TBranchProxy.
Error in <TBasket::Streamer>: The value of fObjlen is incorrect (-174074340) ; trying to recover by setting it to zero
Error in <TBasket::Streamer>: The value of fNbytes is incorrect (-1139193937) ; trying to recover by setting it to zero
Error in <TCollectionLessSTLReader::GetCP()>: Read error in TBranchProxy.
Error in <TBasket::Streamer>: The value of fKeylen is incorrect (-8982) ; trying to recover by setting it to zero
Error in <TCollectionLessSTLReader::GetCP()>: Read error in TBranchProxy.
Error in <TBasket::Streamer>: The value of fObjlen is incorrect (-1745926211) ; trying to recover by setting it to zero
Error in <TCollectionLessSTLReader::GetCP()>: Read error in TBranchProxy.
Error in <TBasket::TBasket::Streamer>: The value of fNevBufSize (-692463372) or fIOBits (157) is incorrect ; setting the buffer to a zombie.
Error in <TCollectionLessSTLReader::GetCP()>: Read error in TBranchProxy.
Error R__unzip_header: error in header.  Values: ab6
Error in <TBasket::ReadBasketBuffers>: Inconsistency found in header (nin=0, nbuf=0)
Error in <TBasket::ReadBasketBuffers>: fNbytes = 42079119, fKeylen = 6146, fObjlen = 1485380391, noutot = 0, nout=0, nin=0, nbuf=0
Error in <TCollectionLessSTLReader::GetCP()>: Read error in TBranchProxy.
Error in <TBasket::Streamer>: The value of fObjlen is incorrect (-1492237174) ; trying to recover by setting it to zero
Error in <TBasket::Streamer>: The value of fNbytes is incorrect (-45533579) ; trying to recover by setting it to zero
Error in <TCollectionLessSTLReader::GetCP()>: Read error in TBranchProxy.
Error in <TBasket::Streamer>: The value of fObjlen is incorrect (-774529378) ; trying to recover by setting it to zero
Error in <TBasket::Streamer>: The value of fNbytes is incorrect (-640456518) ; trying to recover by setting it to zero
Error in <TCollectionLessSTLReader::GetCP()>: Read error in TBranchProxy.
Error in <TBasket::Streamer>: The value of fKeylen is incorrect (-31330) ; trying to recover by setting it to zero
Error in <TBasket::Streamer>: The value of fObjlen is incorrect (-1460296052) ; trying to recover by setting it to zero
Error in <TBasket::Streamer>: The value of fNbytes is incorrect (-845698399) ; trying to recover by setting it to zero
Error in <TCollectionLessSTLReader::GetCP()>: Read error in TBranchProxy.
Error in <TBasket::Streamer>: The value of fObjlen is incorrect (-1396645875) ; trying to recover by setting it to zero
Error in <TBasket::Streamer>: The value of fNbytes is incorrect (-1364292174) ; trying to recover by setting it to zero
Error in <TBasket::TBasket::Streamer>: The value of fNevBufSize (-1012215716) or fIOBits (193) is incorrect ; setting the buffer to a zombie.
Error in <TCollectionLessSTLReader::GetCP()>: Read error in TBranchProxy.
Error in <TBasket::Streamer>: The value of fObjlen is incorrect (-866005053) ; trying to recover by setting it to zero
Error in <TBasket::TBasket::Streamer>: The value of fNevBufSize (-932583648) or fIOBits (204) is incorrect ; setting the buffer to a zombie.
Error in <TCollectionLessSTLReader::GetCP()>: Read error in TBranchProxy.
Error in <TBasket::Streamer>: The value of fKeylen is incorrect (-8828) ; trying to recover by setting it to zero
Error in <TBasket::Streamer>: The value of fObjlen is incorrect (-413829232) ; trying to recover by setting it to zero
Error in <TBasket::Streamer>: The value of fNbytes is incorrect (-190145588) ; trying to recover by setting it to zero
Error in <TBasket::TBasket::Streamer>: The value of fNevBufSize (-300200739) or fIOBits (135) is incorrect ; setting the buffer to a zombie.
Error in <TCollectionLessSTLReader::GetCP()>: Read error in TBranchProxy.
Error in <TBasket::Streamer>: The value of fObjlen is incorrect (-1200424630) ; trying to recover by setting it to zero
Error in <TBasket::TBasket::Streamer>: The value of fNevBufSize (-866934573) or fIOBits (227) is incorrect ; setting the buffer to a zombie.
Error in <TCollectionLessSTLReader::GetCP()>: Read error in TBranchProxy.
Error in <TBasket::Streamer>: The value of fKeylen is incorrect (-19191) ; trying to recover by setting it to zero
Error in <TBasket::TBasket::Streamer>: The value of fNevBufSize (-1344425860) or fIOBits (0) is incorrect ; setting the buffer to a zombie.
Error in <TCollectionLessSTLReader::GetCP()>: Read error in TBranchProxy.
Error in <TBasket::Streamer>: The value of fKeylen is incorrect (-24948) ; trying to recover by setting it to zero
Error in <TBasket::Streamer>: The value of fObjlen is incorrect (-710856305) ; trying to recover by setting it to zero
Error in <TCollectionLessSTLReader::GetCP()>: Read error in TBranchProxy.
Error in <TBasket::Streamer>: The value of fKeylen is incorrect (-4762) ; trying to recover by setting it to zero
Error in <TBasket::Streamer>: The value of fObjlen is incorrect (-1466274708) ; trying to recover by setting it to zero
Error in <TBasket::Streamer>: The value of fNbytes is incorrect (-292349271) ; trying to recover by setting it to zero
Error in <TCollectionLessSTLReader::GetCP()>: Read error in TBranchProxy.
Error in <TBasket::Streamer>: The value of fKeylen is incorrect (-12243) ; trying to recover by setting it to zero
Error in <TBasket::Streamer>: The value of fObjlen is incorrect (-1906915184) ; trying to recover by setting it to zero
Error in <TCollectionLessSTLReader::GetCP()>: Read error in TBranchProxy.
Error in <TBasket::Streamer>: The value of fObjlen is incorrect (-361353569) ; trying to recover by setting it to zero
Error in <TBasket::Streamer>: The value of fNbytes is incorrect (-1042477899) ; trying to recover by setting it to zero
Error in <TCollectionLessSTLReader::GetCP()>: Read error in TBranchProxy.
Error in <TBasket::Streamer>: The value of fObjlen is incorrect (-174074340) ; trying to recover by setting it to zero
Error in <TBasket::Streamer>: The value of fNbytes is incorrect (-1139193937) ; trying to recover by setting it to zero
Error in <TCollectionLessSTLReader::GetCP()>: Read error in TBranchProxy.
Error in <TBasket::Streamer>: The value of fKeylen is incorrect (-8982) ; trying to recover by setting it to zero
Error in <TCollectionLessSTLReader::GetCP()>: Read error in TBranchProxy.
Error in <TBasket::Streamer>: The value of fObjlen is incorrect (-1745926211) ; trying to recover by setting it to zero
Error in <TCollectionLessSTLReader::GetCP()>: Read error in TBranchProxy.
Error in <TBasket::TBasket::Streamer>: The value of fNevBufSize (-692463372) or fIOBits (157) is incorrect ; setting the buffer to a zombie.
Error in <TCollectionLessSTLReader::GetCP()>: Read error in TBranchProxy.
Error R__unzip_header: error in header.  Values: ab6
Error in <TBasket::ReadBasketBuffers>: Inconsistency found in header (nin=0, nbuf=0)
Error in <TBasket::ReadBasketBuffers>: fNbytes = 42079119, fKeylen = 6146, fObjlen = 1485380391, noutot = 0, nout=0, nin=0, nbuf=0
Error in <TCollectionLessSTLReader::GetCP()>: Read error in TBranchProxy.
Error in <TBasket::Streamer>: The value of fObjlen is incorrect (-1492237174) ; trying to recover by setting it to zero
Error in <TBasket::Streamer>: The value of fNbytes is incorrect (-45533579) ; trying to recover by setting it to zero
Error in <TCollectionLessSTLReader::GetCP()>: Read error in TBranchProxy.
Error in <TBasket::Streamer>: The value of fObjlen is incorrect (-774529378) ; trying to recover by setting it to zero
Error in <TBasket::Streamer>: The value of fNbytes is incorrect (-640456518) ; trying to recover by setting it to zero
Error in <TCollectionLessSTLReader::GetCP()>: Read error in TBranchProxy.
Error in <TBasket::Streamer>: The value of fKeylen is incorrect (-31330) ; trying to recover by setting it to zero
Error in <TBasket::Streamer>: The value of fObjlen is incorrect (-1460296052) ; trying to recover by setting it to zero
Error in <TBasket::Streamer>: The value of fNbytes is incorrect (-845698399) ; trying to recover by setting it to zero
Error in <TCollectionLessSTLReader::GetCP()>: Read error in TBranchProxy.
Error in <TBasket::Streamer>: The value of fObjlen is incorrect (-1396645875) ; trying to recover by setting it to zero
Error in <TBasket::Streamer>: The value of fNbytes is incorrect (-1364292174) ; trying to recover by setting it to zero
Error in <TBasket::TBasket::Streamer>: The value of fNevBufSize (-1012215716) or fIOBits (193) is incorrect ; setting the buffer to a zombie.
Error in <TCollectionLessSTLReader::GetCP()>: Read error in TBranchProxy.
Error in <TBasket::Streamer>: The value of fObjlen is incorrect (-866005053) ; trying to recover by setting it to zero
Error in <TBasket::TBasket::Streamer>: The value of fNevBufSize (-932583648) or fIOBits (204) is incorrect ; setting the buffer to a zombie.
Error in <TCollectionLessSTLReader::GetCP()>: Read error in TBranchProxy.
Error in <TBasket::Streamer>: The value of fKeylen is incorrect (-8828) ; trying to recover by setting it to zero
Error in <TBasket::Streamer>: The value of fObjlen is incorrect (-413829232) ; trying to recover by setting it to zero
Error in <TBasket::Streamer>: The value of fNbytes is incorrect (-190145588) ; trying to recover by setting it to zero
Error in <TBasket::TBasket::Streamer>: The value of fNevBufSize (-300200739) or fIOBits (135) is incorrect ; setting the buffer to a zombie.
Error in <TCollectionLessSTLReader::GetCP()>: Read error in TBranchProxy.
Error in <TBasket::Streamer>: The value of fObjlen is incorrect (-1200424630) ; trying to recover by setting it to zero
Error in <TBasket::TBasket::Streamer>: The value of fNevBufSize (-866934573) or fIOBits (227) is incorrect ; setting the buffer to a zombie.
Error in <TCollectionLessSTLReader::GetCP()>: Read error in TBranchProxy.
Error in <TBasket::Streamer>: The value of fKeylen is incorrect (-19191) ; trying to recover by setting it to zero
Error in <TBasket::TBasket::Streamer>: The value of fNevBufSize (-1344425860) or fIOBits (0) is incorrect ; setting the buffer to a zombie.
Error in <TCollectionLessSTLReader::GetCP()>: Read error in TBranchProxy.
Error in <TBasket::Streamer>: The value of fKeylen is incorrect (-24948) ; trying to recover by setting it to zero
Error in <TBasket::Streamer>: The value of fObjlen is incorrect (-710856305) ; trying to recover by setting it to zero
Error in <TCollectionLessSTLReader::GetCP()>: Read error in TBranchProxy.
Error in <TBasket::Streamer>: The value of fKeylen is incorrect (-4762) ; trying to recover by setting it to zero
Error in <TBasket::Streamer>: The value of fObjlen is incorrect (-1466274708) ; trying to recover by setting it to zero
Error in <TBasket::Streamer>: The value of fNbytes is incorrect (-292349271) ; trying to recover by setting it to zero
Error in <TCollectionLessSTLReader::GetCP()>: Read error in TBranchProxy.
Error in <TBasket::Streamer>: The value of fKeylen is incorrect (-12243) ; trying to recover by setting it to zero
Error in <TBasket::Streamer>: The value of fObjlen is incorrect (-1906915184) ; trying to recover by setting it to zero
Error in <TCollectionLessSTLReader::GetCP()>: Read error in TBranchProxy.
Error in <TBasket::Streamer>: The value of fObjlen is incorrect (-361353569) ; trying to recover by setting it to zero
Error in <TBasket::Streamer>: The value of fNbytes is incorrect (-1042477899) ; trying to recover by setting it to zero
Error in <TCollectionLessSTLReader::GetCP()>: Read error in TBranchProxy.
Error in <TBasket::Streamer>: The value of fObjlen is incorrect (-174074340) ; trying to recover by setting it to zero
Error in <TBasket::Streamer>: The value of fNbytes is incorrect (-1139193937) ; trying to recover by setting it to zero
Error in <TCollectionLessSTLReader::GetCP()>: Read error in TBranchProxy.
Error in <TBasket::Streamer>: The value of fKeylen is incorrect (-8982) ; trying to recover by setting it to zero
Error in <TCollectionLessSTLReader::GetCP()>: Read error in TBranchProxy.
Error in <TBasket::Streamer>: The value of fObjlen is incorrect (-1745926211) ; trying to recover by setting it to zero
Error in <TCollectionLessSTLReader::GetCP()>: Read error in TBranchProxy.
Error in <TBasket::TBasket::Streamer>: The value of fNevBufSize (-692463372) or fIOBits (157) is incorrect ; setting the buffer to a zombie.
Error in <TCollectionLessSTLReader::GetCP()>: Read error in TBranchProxy.
Error R__unzip_header: error in header.  Values: ab6
Error in <TBasket::ReadBasketBuffers>: Inconsistency found in header (nin=0, nbuf=0)
Error in <TBasket::ReadBasketBuffers>: fNbytes = 42079119, fKeylen = 6146, fObjlen = 1485380391, noutot = 0, nout=0, nin=0, nbuf=0
Error in <TCollectionLessSTLReader::GetCP()>: Read error in TBranchProxy.
Error in <TBasket::Streamer>: The value of fObjlen is incorrect (-1492237174) ; trying to recover by setting it to zero
Error in <TBasket::Streamer>: The value of fNbytes is incorrect (-45533579) ; trying to recover by setting it to zero
Error in <TCollectionLessSTLReader::GetCP()>: Read error in TBranchProxy.
Error in <TBasket::Streamer>: The value of fObjlen is incorrect (-774529378) ; trying to recover by setting it to zero
Error in <TBasket::Streamer>: The value of fNbytes is incorrect (-640456518) ; trying to recover by setting it to zero
Error in <TCollectionLessSTLReader::GetCP()>: Read error in TBranchProxy.
Error in <TBasket::Streamer>: The value of fKeylen is incorrect (-31330) ; trying to recover by setting it to zero
Error in <TBasket::Streamer>: The value of fObjlen is incorrect (-1460296052) ; trying to recover by setting it to zero
Error in <TBasket::Streamer>: The value of fNbytes is incorrect (-845698399) ; trying to recover by setting it to zero
Error in <TCollectionLessSTLReader::GetCP()>: Read error in TBranchProxy.
Error in <TBasket::Streamer>: The value of fObjlen is incorrect (-1396645875) ; trying to recover by setting it to zero
Error in <TBasket::Streamer>: The value of fNbytes is incorrect (-1364292174) ; trying to recover by setting it to zero
Error in <TBasket::TBasket::Streamer>: The value of fNevBufSize (-1012215716) or fIOBits (193) is incorrect ; setting the buffer to a zombie.
Error in <TCollectionLessSTLReader::GetCP()>: Read error in TBranchProxy.
Error in <TBasket::Streamer>: The value of fObjlen is incorrect (-866005053) ; trying to recover by setting it to zero
Error in <TBasket::TBasket::Streamer>: The value of fNevBufSize (-932583648) or fIOBits (204) is incorrect ; setting the buffer to a zombie.
Error in <TCollectionLessSTLReader::GetCP()>: Read error in TBranchProxy.
Error in <TBasket::Streamer>: The value of fKeylen is incorrect (-8828) ; trying to recover by setting it to zero
Error in <TBasket::Streamer>: The value of fObjlen is incorrect (-413829232) ; trying to recover by setting it to zero
Error in <TBasket::Streamer>: The value of fNbytes is incorrect (-190145588) ; trying to recover by setting it to zero
Error in <TBasket::TBasket::Streamer>: The value of fNevBufSize (-300200739) or fIOBits (135) is incorrect ; setting the buffer to a zombie.
Error in <TCollectionLessSTLReader::GetCP()>: Read error in TBranchProxy.
Error in <TBasket::Streamer>: The value of fObjlen is incorrect (-1200424630) ; trying to recover by setting it to zero
Error in <TBasket::TBasket::Streamer>: The value of fNevBufSize (-866934573) or fIOBits (227) is incorrect ; setting the buffer to a zombie.
Error in <TCollectionLessSTLReader::GetCP()>: Read error in TBranchProxy.
Error in <TBasket::Streamer>: The value of fKeylen is incorrect (-19191) ; trying to recover by setting it to zero
Error in <TBasket::TBasket::Streamer>: The value of fNevBufSize (-1344425860) or fIOBits (0) is incorrect ; setting the buffer to a zombie.
Error in <TCollectionLessSTLReader::GetCP()>: Read error in TBranchProxy.
Error in <TBasket::Streamer>: The value of fKeylen is incorrect (-24948) ; trying to recover by setting it to zero
Error in <TBasket::Streamer>: The value of fObjlen is incorrect (-710856305) ; trying to recover by setting it to zero
Error in <TCollectionLessSTLReader::GetCP()>: Read error in TBranchProxy.
Error in <TBasket::Streamer>: The value of fKeylen is incorrect (-4762) ; trying to recover by setting it to zero
Error in <TBasket::Streamer>: The value of fObjlen is incorrect (-1466274708) ; trying to recover by setting it to zero
Error in <TBasket::Streamer>: The value of fNbytes is incorrect (-292349271) ; trying to recover by setting it to zero
Error in <TCollectionLessSTLReader::GetCP()>: Read error in TBranchProxy.
Error in <TBasket::Streamer>: The value of fKeylen is incorrect (-12243) ; trying to recover by setting it to zero
Error in <TBasket::Streamer>: The value of fObjlen is incorrect (-1906915184) ; trying to recover by setting it to zero
Error in <TCollectionLessSTLReader::GetCP()>: Read error in TBranchProxy.
Error in <TBasket::Streamer>: The value of fObjlen is incorrect (-361353569) ; trying to recover by setting it to zero
Error in <TBasket::Streamer>: The value of fNbytes is incorrect (-1042477899) ; trying to recover by setting it to zero
Error in <TCollectionLessSTLReader::GetCP()>: Read error in TBranchProxy.
Error in <TBasket::Streamer>: The value of fObjlen is incorrect (-174074340) ; trying to recover by setting it to zero
Error in <TBasket::Streamer>: The value of fNbytes is incorrect (-1139193937) ; trying to recover by setting it to zero
Error in <TCollectionLessSTLReader::GetCP()>: Read error in TBranchProxy.
Error in <TBasket::Streamer>: The value of fKeylen is incorrect (-8982) ; trying to recover by setting it to zero
Error in <TCollectionLessSTLReader::GetCP()>: Read error in TBranchProxy.
Error in <TBasket::Streamer>: The value of fObjlen is incorrect (-1745926211) ; trying to recover by setting it to zero
Error in <TCollectionLessSTLReader::GetCP()>: Read error in TBranchProxy.
Error in <TBasket::TBasket::Streamer>: The value of fNevBufSize (-692463372) or fIOBits (157) is incorrect ; setting the buffer to a zombie.
Error in <TCollectionLessSTLReader::GetCP()>: Read error in TBranchProxy.
Error R__unzip_header: error in header.  Values: ab6
Error in <TBasket::ReadBasketBuffers>: Inconsistency found in header (nin=0, nbuf=0)
Error in <TBasket::ReadBasketBuffers>: fNbytes = 42079119, fKeylen = 6146, fObjlen = 1485380391, noutot = 0, nout=0, nin=0, nbuf=0
Error in <TCollectionLessSTLReader::GetCP()>: Read error in TBranchProxy.
Error in <TBasket::Streamer>: The value of fObjlen is incorrect (-1492237174) ; trying to recover by setting it to zero
Error in <TBasket::Streamer>: The value of fNbytes is incorrect (-45533579) ; trying to recover by setting it to zero
Error in <TCollectionLessSTLReader::GetCP()>: Read error in TBranchProxy.
Error in <TBasket::Streamer>: The value of fObjlen is incorrect (-774529378) ; trying to recover by setting it to zero
Error in <TBasket::Streamer>: The value of fNbytes is incorrect (-640456518) ; trying to recover by setting it to zero
Error in <TCollectionLessSTLReader::GetCP()>: Read error in TBranchProxy.
Error in <TBasket::Streamer>: The value of fKeylen is incorrect (-31330) ; trying to recover by setting it to zero
Error in <TBasket::Streamer>: The value of fObjlen is incorrect (-1460296052) ; trying to recover by setting it to zero
Error in <TBasket::Streamer>: The value of fNbytes is incorrect (-845698399) ; trying to recover by setting it to zero
Error in <TCollectionLessSTLReader::GetCP()>: Read error in TBranchProxy.
Error in <TBasket::Streamer>: The value of fObjlen is incorrect (-1396645875) ; trying to recover by setting it to zero
Error in <TBasket::Streamer>: The value of fNbytes is incorrect (-1364292174) ; trying to recover by setting it to zero
Error in <TBasket::TBasket::Streamer>: The value of fNevBufSize (-1012215716) or fIOBits (193) is incorrect ; setting the buffer to a zombie.
Error in <TCollectionLessSTLReader::GetCP()>: Read error in TBranchProxy.
Error in <TBasket::Streamer>: The value of fObjlen is incorrect (-866005053) ; trying to recover by setting it to zero
Error in <TBasket::TBasket::Streamer>: The value of fNevBufSize (-932583648) or fIOBits (204) is incorrect ; setting the buffer to a zombie.
Error in <TCollectionLessSTLReader::GetCP()>: Read error in TBranchProxy.
Error in <TBasket::Streamer>: The value of fKeylen is incorrect (-8828) ; trying to recover by setting it to zero
Error in <TBasket::Streamer>: The value of fObjlen is incorrect (-413829232) ; trying to recover by setting it to zero
Error in <TBasket::Streamer>: The value of fNbytes is incorrect (-190145588) ; trying to recover by setting it to zero
Error in <TBasket::TBasket::Streamer>: The value of fNevBufSize (-300200739) or fIOBits (135) is incorrect ; setting the buffer to a zombie.
Error in <TCollectionLessSTLReader::GetCP()>: Read error in TBranchProxy.
Error in <TBasket::Streamer>: The value of fObjlen is incorrect (-1200424630) ; trying to recover by setting it to zero
Error in <TBasket::TBasket::Streamer>: The value of fNevBufSize (-866934573) or fIOBits (227) is incorrect ; setting the buffer to a zombie.
Error in <TCollectionLessSTLReader::GetCP()>: Read error in TBranchProxy.
Error in <TBasket::Streamer>: The value of fKeylen is incorrect (-19191) ; trying to recover by setting it to zero
Error in <TBasket::TBasket::Streamer>: The value of fNevBufSize (-1344425860) or fIOBits (0) is incorrect ; setting the buffer to a zombie.
Error in <TCollectionLessSTLReader::GetCP()>: Read error in TBranchProxy.
Error in <TBasket::Streamer>: The value of fKeylen is incorrect (-24948) ; trying to recover by setting it to zero
Error in <TBasket::Streamer>: The value of fObjlen is incorrect (-710856305) ; trying to recover by setting it to zero
Error in <TCollectionLessSTLReader::GetCP()>: Read error in TBranchProxy.
Error in <TBasket::Streamer>: The value of fKeylen is incorrect (-4762) ; trying to recover by setting it to zero
Error in <TBasket::Streamer>: The value of fObjlen is incorrect (-1466274708) ; trying to recover by setting it to zero
Error in <TBasket::Streamer>: The value of fNbytes is incorrect (-292349271) ; trying to recover by setting it to zero
Error in <TCollectionLessSTLReader::GetCP()>: Read error in TBranchProxy.
Error in <TBasket::Streamer>: The value of fKeylen is incorrect (-12243) ; trying to recover by setting it to zero
Error in <TBasket::Streamer>: The value of fObjlen is incorrect (-1906915184) ; trying to recover by setting it to zero
Error in <TCollectionLessSTLReader::GetCP()>: Read error in TBranchProxy.
Error in <TBasket::Streamer>: The value of fObjlen is incorrect (-361353569) ; trying to recover by setting it to zero
Error in <TBasket::Streamer>: The value of fNbytes is incorrect (-1042477899) ; trying to recover by setting it to zero
Error in <TCollectionLessSTLReader::GetCP()>: Read error in TBranchProxy.
Error in <TBasket::Streamer>: The value of fObjlen is incorrect (-174074340) ; trying to recover by setting it to zero
Error in <TBasket::Streamer>: The value of fNbytes is incorrect (-1139193937) ; trying to recover by setting it to zero
Error in <TCollectionLessSTLReader::GetCP()>: Read error in TBranchProxy.
Error in <TBasket::Streamer>: The value of fKeylen is incorrect (-8982) ; trying to recover by setting it to zero
Error in <TCollectionLessSTLReader::GetCP()>: Read error in TBranchProxy.
Error in <TBasket::Streamer>: The value of fObjlen is incorrect (-1745926211) ; trying to recover by setting it to zero
Error in <TCollectionLessSTLReader::GetCP()>: Read error in TBranchProxy.
Error in <TBasket::TBasket::Streamer>: The value of fNevBufSize (-692463372) or fIOBits (157) is incorrect ; setting the buffer to a zombie.
Error in <TCollectionLessSTLReader::GetCP()>: Read error in TBranchProxy.
Error R__unzip_header: error in header.  Values: ab6
Error in <TBasket::ReadBasketBuffers>: Inconsistency found in header (nin=0, nbuf=0)
Error in <TBasket::ReadBasketBuffers>: fNbytes = 42079119, fKeylen = 6146, fObjlen = 1485380391, noutot = 0, nout=0, nin=0, nbuf=0
Error in <TCollectionLessSTLReader::GetCP()>: Read error in TBranchProxy.
Error in <TBasket::Streamer>: The value of fObjlen is incorrect (-1492237174) ; trying to recover by setting it to zero
Error in <TBasket::Streamer>: The value of fNbytes is incorrect (-45533579) ; trying to recover by setting it to zero
Error in <TCollectionLessSTLReader::GetCP()>: Read error in TBranchProxy.
Error in <TBasket::Streamer>: The value of fObjlen is incorrect (-774529378) ; trying to recover by setting it to zero
Error in <TBasket::Streamer>: The value of fNbytes is incorrect (-640456518) ; trying to recover by setting it to zero
Error in <TCollectionLessSTLReader::GetCP()>: Read error in TBranchProxy.
Error in <TBasket::Streamer>: The value of fKeylen is incorrect (-31330) ; trying to recover by setting it to zero
Error in <TBasket::Streamer>: The value of fObjlen is incorrect (-1460296052) ; trying to recover by setting it to zero
Error in <TBasket::Streamer>: The value of fNbytes is incorrect (-845698399) ; trying to recover by setting it to zero
Error in <TCollectionLessSTLReader::GetCP()>: Read error in TBranchProxy.
Error in <TBasket::Streamer>: The value of fObjlen is incorrect (-1396645875) ; trying to recover by setting it to zero
Error in <TBasket::Streamer>: The value of fNbytes is incorrect (-1364292174) ; trying to recover by setting it to zero
Error in <TBasket::TBasket::Streamer>: The value of fNevBufSize (-1012215716) or fIOBits (193) is incorrect ; setting the buffer to a zombie.
Error in <TCollectionLessSTLReader::GetCP()>: Read error in TBranchProxy.
Error in <TBasket::Streamer>: The value of fObjlen is incorrect (-866005053) ; trying to recover by setting it to zero
Error in <TBasket::TBasket::Streamer>: The value of fNevBufSize (-932583648) or fIOBits (204) is incorrect ; setting the buffer to a zombie.
Error in <TCollectionLessSTLReader::GetCP()>: Read error in TBranchProxy.
Error in <TBasket::Streamer>: The value of fKeylen is incorrect (-8828) ; trying to recover by setting it to zero
Error in <TBasket::Streamer>: The value of fObjlen is incorrect (-413829232) ; trying to recover by setting it to zero
Error in <TBasket::Streamer>: The value of fNbytes is incorrect (-190145588) ; trying to recover by setting it to zero
Error in <TBasket::TBasket::Streamer>: The value of fNevBufSize (-300200739) or fIOBits (135) is incorrect ; setting the buffer to a zombie.
Error in <TCollectionLessSTLReader::GetCP()>: Read error in TBranchProxy.
Error in <TBasket::Streamer>: The value of fObjlen is incorrect (-1200424630) ; trying to recover by setting it to zero
Error in <TBasket::TBasket::Streamer>: The value of fNevBufSize (-866934573) or fIOBits (227) is incorrect ; setting the buffer to a zombie.
Error in <TCollectionLessSTLReader::GetCP()>: Read error in TBranchProxy.
Error in <TBasket::Streamer>: The value of fKeylen is incorrect (-19191) ; trying to recover by setting it to zero
Error in <TBasket::TBasket::Streamer>: The value of fNevBufSize (-1344425860) or fIOBits (0) is incorrect ; setting the buffer to a zombie.
Error in <TCollectionLessSTLReader::GetCP()>: Read error in TBranchProxy.
Error in <TBasket::Streamer>: The value of fKeylen is incorrect (-24948) ; trying to recover by setting it to zero
Error in <TBasket::Streamer>: The value of fObjlen is incorrect (-710856305) ; trying to recover by setting it to zero
Error in <TCollectionLessSTLReader::GetCP()>: Read error in TBranchProxy.
Error in <TBasket::Streamer>: The value of fKeylen is incorrect (-4762) ; trying to recover by setting it to zero
Error in <TBasket::Streamer>: The value of fObjlen is incorrect (-1466274708) ; trying to recover by setting it to zero
Error in <TBasket::Streamer>: The value of fNbytes is incorrect (-292349271) ; trying to recover by setting it to zero
Error in <TCollectionLessSTLReader::GetCP()>: Read error in TBranchProxy.
Error in <TBasket::Streamer>: The value of fKeylen is incorrect (-12243) ; trying to recover by setting it to zero
Error in <TBasket::Streamer>: The value of fObjlen is incorrect (-1906915184) ; trying to recover by setting it to zero
Error in <TCollectionLessSTLReader::GetCP()>: Read error in TBranchProxy.
Error in <TBasket::Streamer>: The value of fObjlen is incorrect (-361353569) ; trying to recover by setting it to zero
Error in <TBasket::Streamer>: The value of fNbytes is incorrect (-1042477899) ; trying to recover by setting it to zero
Error in <TCollectionLessSTLReader::GetCP()>: Read error in TBranchProxy.
Error in <TBasket::Streamer>: The value of fObjlen is incorrect (-174074340) ; trying to recover by setting it to zero
Error in <TBasket::Streamer>: The value of fNbytes is incorrect (-1139193937) ; trying to recover by setting it to zero
Error in <TCollectionLessSTLReader::GetCP()>: Read error in TBranchProxy.
Error in <TBasket::Streamer>: The value of fKeylen is incorrect (-8982) ; trying to recover by setting it to zero
Error in <TCollectionLessSTLReader::GetCP()>: Read error in TBranchProxy.
Error in <TBasket::Streamer>: The value of fObjlen is incorrect (-1745926211) ; trying to recover by setting it to zero
Error in <TCollectionLessSTLReader::GetCP()>: Read error in TBranchProxy.
Error in <TBasket::TBasket::Streamer>: The value of fNevBufSize (-692463372) or fIOBits (157) is incorrect ; setting the buffer to a zombie.
Error in <TCollectionLessSTLReader::GetCP()>: Read error in TBranchProxy.
Error R__unzip_header: error in header.  Values: ab6
Error in <TBasket::ReadBasketBuffers>: Inconsistency found in header (nin=0, nbuf=0)
Error in <TBasket::ReadBasketBuffers>: fNbytes = 42079119, fKeylen = 6146, fObjlen = 1485380391, noutot = 0, nout=0, nin=0, nbuf=0
Error in <TCollectionLessSTLReader::GetCP()>: Read error in TBranchProxy.
Error in <TBasket::Streamer>: The value of fObjlen is incorrect (-1492237174) ; trying to recover by setting it to zero
Error in <TBasket::Streamer>: The value of fNbytes is incorrect (-45533579) ; trying to recover by setting it to zero
Error in <TCollectionLessSTLReader::GetCP()>: Read error in TBranchProxy.
Error in <TBasket::Streamer>: The value of fObjlen is incorrect (-774529378) ; trying to recover by setting it to zero
Error in <TBasket::Streamer>: The value of fNbytes is incorrect (-640456518) ; trying to recover by setting it to zero
Error in <TCollectionLessSTLReader::GetCP()>: Read error in TBranchProxy.
Error in <TBasket::Streamer>: The value of fKeylen is incorrect (-31330) ; trying to recover by setting it to zero
Error in <TBasket::Streamer>: The value of fObjlen is incorrect (-1460296052) ; trying to recover by setting it to zero
Error in <TBasket::Streamer>: The value of fNbytes is incorrect (-845698399) ; trying to recover by setting it to zero
Error in <TCollectionLessSTLReader::GetCP()>: Read error in TBranchProxy.
Error in <TBasket::Streamer>: The value of fObjlen is incorrect (-1155220270) ; trying to recover by setting it to zero
Error in <TBasket::TBasket::Streamer>: The value of fNevBufSize (-1165087858) or fIOBits (239) is incorrect ; setting the buffer to a zombie.
Fatal in <TBuffer::TBuffer>: Request to create a buffer with a negative size, likely due to an integer overflow: 0xfd915d92 for a max of 0x7ffffffe.
aborting

Thread 69 (Thread 0x7cdf89ffb640 (LWP 4365) "python3"):
#0  __futex_abstimed_wait_common64 (private=<optimized out>, cancel=true, abstime=0x0, op=393, expected=0, futex_word=0x58c6704af720) at ./nptl/futex-internal.c:57
#1  __futex_abstimed_wait_common (cancel=true, private=<optimized out>, abstime=0x0, clockid=0, expected=0, futex_word=0x58c6704af720) at ./nptl/futex-internal.c:87
#2  __GI___futex_abstimed_wait_cancelable64 (futex_word=futex_word
entry=0x58c6704af720, expected=expected
entry=0, clockid=clockid
entry=0, abstime=abstime
entry=0x0, private=<optimized out>) at ./nptl/futex-internal.c:139
#3  0x00007ce05249cbdf in do_futex_wait (sem=sem
entry=0x58c6704af720, abstime=0x0, clockid=0) at ./nptl/sem_waitcommon.c:111
#4  0x00007ce05249cc78 in __new_sem_wait_slow64 (sem=0x58c6704af720, abstime=0x0, clockid=0) at ./nptl/sem_waitcommon.c:183
#5  0x00007cdf8e00edd6 in XrdCl::JobManager::RunJobs() () from /home/aegis/Titan0/programs/lib/libXrdCl.so.3
#6  0x00007cdf8e00ee8d in RunRunnerThread () from /home/aegis/Titan0/programs/lib/libXrdCl.so.3
#7  0x00007ce052494ac3 in start_thread (arg=<optimized out>) at ./nptl/pthread_create.c:442
#8  0x00007ce0525268c0 in clone3 () at ../sysdeps/unix/sysv/linux/x86_64/clone3.S:81

Thread 68 (Thread 0x7cdf8a7fc640 (LWP 4364) "python3"):
#0  __futex_abstimed_wait_common64 (private=<optimized out>, cancel=true, abstime=0x0, op=393, expected=0, futex_word=0x58c6704af720) at ./nptl/futex-internal.c:57
#1  __futex_abstimed_wait_common (cancel=true, private=<optimized out>, abstime=0x0, clockid=0, expected=0, futex_word=0x58c6704af720) at ./nptl/futex-internal.c:87
#2  __GI___futex_abstimed_wait_cancelable64 (futex_word=futex_word
entry=0x58c6704af720, expected=expected
entry=0, clockid=clockid
entry=0, abstime=abstime
entry=0x0, private=<optimized out>) at ./nptl/futex-internal.c:139
#3  0x00007ce05249cbdf in do_futex_wait (sem=sem
entry=0x58c6704af720, abstime=0x0, clockid=0) at ./nptl/sem_waitcommon.c:111
#4  0x00007ce05249cc78 in __new_sem_wait_slow64 (sem=0x58c6704af720, abstime=0x0, clockid=0) at ./nptl/sem_waitcommon.c:183
#5  0x00007cdf8e00edd6 in XrdCl::JobManager::RunJobs() () from /home/aegis/Titan0/programs/lib/libXrdCl.so.3
#6  0x00007cdf8e00ee8d in RunRunnerThread () from /home/aegis/Titan0/programs/lib/libXrdCl.so.3
#7  0x00007ce052494ac3 in start_thread (arg=<optimized out>) at ./nptl/pthread_create.c:442
#8  0x00007ce0525268c0 in clone3 () at ../sysdeps/unix/sysv/linux/x86_64/clone3.S:81

Thread 67 (Thread 0x7cdf8affd640 (LWP 4363) "python3"):
#0  __futex_abstimed_wait_common64 (private=<optimized out>, cancel=true, abstime=0x0, op=393, expected=0, futex_word=0x58c6704af720) at ./nptl/futex-internal.c:57
#1  __futex_abstimed_wait_common (cancel=true, private=<optimized out>, abstime=0x0, clockid=0, expected=0, futex_word=0x58c6704af720) at ./nptl/futex-internal.c:87
#2  __GI___futex_abstimed_wait_cancelable64 (futex_word=futex_word
entry=0x58c6704af720, expected=expected
entry=0, clockid=clockid
entry=0, abstime=abstime
entry=0x0, private=<optimized out>) at ./nptl/futex-internal.c:139
#3  0x00007ce05249cbdf in do_futex_wait (sem=sem
entry=0x58c6704af720, abstime=0x0, clockid=0) at ./nptl/sem_waitcommon.c:111
#4  0x00007ce05249cc78 in __new_sem_wait_slow64 (sem=0x58c6704af720, abstime=0x0, clockid=0) at ./nptl/sem_waitcommon.c:183
#5  0x00007cdf8e00edd6 in XrdCl::JobManager::RunJobs() () from /home/aegis/Titan0/programs/lib/libXrdCl.so.3
#6  0x00007cdf8e00ee8d in RunRunnerThread () from /home/aegis/Titan0/programs/lib/libXrdCl.so.3
#7  0x00007ce052494ac3 in start_thread (arg=<optimized out>) at ./nptl/pthread_create.c:442
#8  0x00007ce0525268c0 in clone3 () at ../sysdeps/unix/sysv/linux/x86_64/clone3.S:81

Thread 66 (Thread 0x7cdf8b7fe640 (LWP 4362) "python3"):
#0  0x00007ce0524e57f8 in __GI___clock_nanosleep (clock_id=clock_id
entry=0, flags=flags
entry=0, req=0x7cdf8b7fdce0, rem=0x7cdf8b7fdcf0) at ../sysdeps/unix/sysv/linux/clock_nanosleep.c:78
#1  0x00007ce0524ea677 in __GI___nanosleep (req=<optimized out>, rem=<optimized out>) at ../sysdeps/unix/sysv/linux/nanosleep.c:25
#2  0x00007cdfee9245f8 in XrdSysTimer::Wait(int) () from /home/aegis/Titan0/programs/lib/libXrdUtils.so.3
#3  0x00007cdf8df75779 in XrdCl::TaskManager::RunTasks() () from /home/aegis/Titan0/programs/lib/libXrdCl.so.3
#4  0x00007cdf8df7590d in RunRunnerThread () from /home/aegis/Titan0/programs/lib/libXrdCl.so.3
#5  0x00007ce052494ac3 in start_thread (arg=<optimized out>) at ./nptl/pthread_create.c:442
#6  0x00007ce0525268c0 in clone3 () at ../sysdeps/unix/sysv/linux/x86_64/clone3.S:81

Thread 65 (Thread 0x7cdf8bfff640 (LWP 4361) "python3"):
#0  0x00007ce052525e9e in epoll_wait (epfd=9, events=0x58c67051e000, maxevents=1024, timeout=-1) at ../sysdeps/unix/sysv/linux/epoll_wait.c:30
#1  0x00007cdfee91e14a in XrdSys::IOEvents::PollE::Begin(XrdSysSemaphore*, int&, char const**) () from /home/aegis/Titan0/programs/lib/libXrdUtils.so.3
#2  0x00007cdfee91a5c1 in XrdSys::IOEvents::BootStrap::Start(void*) () from /home/aegis/Titan0/programs/lib/libXrdUtils.so.3
#3  0x00007cdfee923adc in XrdSysThread_Xeq () from /home/aegis/Titan0/programs/lib/libXrdUtils.so.3
#4  0x00007ce052494ac3 in start_thread (arg=<optimized out>) at ./nptl/pthread_create.c:442
#5  0x00007ce0525268c0 in clone3 () at ../sysdeps/unix/sysv/linux/x86_64/clone3.S:81

Thread 64 (Thread 0x7cdf935ff640 (LWP 4347) "python3"):
#0  __futex_abstimed_wait_common64 (private=0, cancel=true, abstime=0x0, op=393, expected=0, futex_word=0x7ce035decce0 <thread_status+8032>) at ./nptl/futex-internal.c:57
#1  __futex_abstimed_wait_common (cancel=true, private=0, abstime=0x0, clockid=0, expected=0, futex_word=0x7ce035decce0 <thread_status+8032>) at ./nptl/futex-internal.c:87
#2  __GI___futex_abstimed_wait_cancelable64 (futex_word=futex_word
entry=0x7ce035decce0 <thread_status+8032>, expected=expected
entry=0, clockid=clockid
entry=0, abstime=abstime
entry=0x0, private=private
entry=0) at ./nptl/futex-internal.c:139
#3  0x00007ce052493a41 in __pthread_cond_wait_common (abstime=0x0, clockid=0, mutex=0x7ce035decc90 <thread_status+7952>, cond=0x7ce035deccb8 <thread_status+7992>) at ./nptl/pthread_cond_wait.c:503
#4  ___pthread_cond_wait (cond=0x7ce035deccb8 <thread_status+7992>, mutex=0x7ce035decc90 <thread_status+7952>) at ./nptl/pthread_cond_wait.c:627
#5  0x00007ce03415bf8b in blas_thread_server () from /home/aegis/.local/lib/python3.10/site-packages/numpy/_core/../../numpy.libs/libscipy_openblas64_-99b71e71.so
#6  0x00007ce052494ac3 in start_thread (arg=<optimized out>) at ./nptl/pthread_create.c:442
#7  0x00007ce0525268c0 in clone3 () at ../sysdeps/unix/sysv/linux/x86_64/clone3.S:81

Thread 63 (Thread 0x7cdf95fff640 (LWP 4346) "python3"):
#0  __futex_abstimed_wait_common64 (private=0, cancel=true, abstime=0x0, op=393, expected=0, futex_word=0x7ce035decc60 <thread_status+7904>) at ./nptl/futex-internal.c:57
#1  __futex_abstimed_wait_common (cancel=true, private=0, abstime=0x0, clockid=0, expected=0, futex_word=0x7ce035decc60 <thread_status+7904>) at ./nptl/futex-internal.c:87
#2  __GI___futex_abstimed_wait_cancelable64 (futex_word=futex_word
entry=0x7ce035decc60 <thread_status+7904>, expected=expected
entry=0, clockid=clockid
entry=0, abstime=abstime
entry=0x0, private=private
entry=0) at ./nptl/futex-internal.c:139
#3  0x00007ce052493a41 in __pthread_cond_wait_common (abstime=0x0, clockid=0, mutex=0x7ce035decc10 <thread_status+7824>, cond=0x7ce035decc38 <thread_status+7864>) at ./nptl/pthread_cond_wait.c:503
#4  ___pthread_cond_wait (cond=0x7ce035decc38 <thread_status+7864>, mutex=0x7ce035decc10 <thread_status+7824>) at ./nptl/pthread_cond_wait.c:627
#5  0x00007ce03415bf8b in blas_thread_server () from /home/aegis/.local/lib/python3.10/site-packages/numpy/_core/../../numpy.libs/libscipy_openblas64_-99b71e71.so
#6  0x00007ce052494ac3 in start_thread (arg=<optimized out>) at ./nptl/pthread_create.c:442
#7  0x00007ce0525268c0 in clone3 () at ../sysdeps/unix/sysv/linux/x86_64/clone3.S:81

Thread 62 (Thread 0x7cdf989ff640 (LWP 4345) "python3"):
#0  __futex_abstimed_wait_common64 (private=0, cancel=true, abstime=0x0, op=393, expected=0, futex_word=0x7ce035decbe0 <thread_status+7776>) at ./nptl/futex-internal.c:57
#1  __futex_abstimed_wait_common (cancel=true, private=0, abstime=0x0, clockid=0, expected=0, futex_word=0x7ce035decbe0 <thread_status+7776>) at ./nptl/futex-internal.c:87
#2  __GI___futex_abstimed_wait_cancelable64 (futex_word=futex_word
entry=0x7ce035decbe0 <thread_status+7776>, expected=expected
entry=0, clockid=clockid
entry=0, abstime=abstime
entry=0x0, private=private
entry=0) at ./nptl/futex-internal.c:139
#3  0x00007ce052493a41 in __pthread_cond_wait_common (abstime=0x0, clockid=0, mutex=0x7ce035decb90 <thread_status+7696>, cond=0x7ce035decbb8 <thread_status+7736>) at ./nptl/pthread_cond_wait.c:503
#4  ___pthread_cond_wait (cond=0x7ce035decbb8 <thread_status+7736>, mutex=0x7ce035decb90 <thread_status+7696>) at ./nptl/pthread_cond_wait.c:627
#5  0x00007ce03415bf8b in blas_thread_server () from /home/aegis/.local/lib/python3.10/site-packages/numpy/_core/../../numpy.libs/libscipy_openblas64_-99b71e71.so
#6  0x00007ce052494ac3 in start_thread (arg=<optimized out>) at ./nptl/pthread_create.c:442
#7  0x00007ce0525268c0 in clone3 () at ../sysdeps/unix/sysv/linux/x86_64/clone3.S:81

Thread 61 (Thread 0x7cdf9b3ff640 (LWP 4344) "python3"):
#0  __futex_abstimed_wait_common64 (private=0, cancel=true, abstime=0x0, op=393, expected=0, futex_word=0x7ce035decb60 <thread_status+7648>) at ./nptl/futex-internal.c:57
#1  __futex_abstimed_wait_common (cancel=true, private=0, abstime=0x0, clockid=0, expected=0, futex_word=0x7ce035decb60 <thread_status+7648>) at ./nptl/futex-internal.c:87
#2  __GI___futex_abstimed_wait_cancelable64 (futex_word=futex_word
entry=0x7ce035decb60 <thread_status+7648>, expected=expected
entry=0, clockid=clockid
entry=0, abstime=abstime
entry=0x0, private=private
entry=0) at ./nptl/futex-internal.c:139
#3  0x00007ce052493a41 in __pthread_cond_wait_common (abstime=0x0, clockid=0, mutex=0x7ce035decb10 <thread_status+7568>, cond=0x7ce035decb38 <thread_status+7608>) at ./nptl/pthread_cond_wait.c:503
#4  ___pthread_cond_wait (cond=0x7ce035decb38 <thread_status+7608>, mutex=0x7ce035decb10 <thread_status+7568>) at ./nptl/pthread_cond_wait.c:627
#5  0x00007ce03415bf8b in blas_thread_server () from /home/aegis/.local/lib/python3.10/site-packages/numpy/_core/../../numpy.libs/libscipy_openblas64_-99b71e71.so
#6  0x00007ce052494ac3 in start_thread (arg=<optimized out>) at ./nptl/pthread_create.c:442
#7  0x00007ce0525268c0 in clone3 () at ../sysdeps/unix/sysv/linux/x86_64/clone3.S:81

Thread 60 (Thread 0x7cdf9ddff640 (LWP 4343) "python3"):
#0  __futex_abstimed_wait_common64 (private=0, cancel=true, abstime=0x0, op=393, expected=0, futex_word=0x7ce035decae0 <thread_status+7520>) at ./nptl/futex-internal.c:57
#1  __futex_abstimed_wait_common (cancel=true, private=0, abstime=0x0, clockid=0, expected=0, futex_word=0x7ce035decae0 <thread_status+7520>) at ./nptl/futex-internal.c:87
#2  __GI___futex_abstimed_wait_cancelable64 (futex_word=futex_word
entry=0x7ce035decae0 <thread_status+7520>, expected=expected
entry=0, clockid=clockid
entry=0, abstime=abstime
entry=0x0, private=private
entry=0) at ./nptl/futex-internal.c:139
#3  0x00007ce052493a41 in __pthread_cond_wait_common (abstime=0x0, clockid=0, mutex=0x7ce035deca90 <thread_status+7440>, cond=0x7ce035decab8 <thread_status+7480>) at ./nptl/pthread_cond_wait.c:503
#4  ___pthread_cond_wait (cond=0x7ce035decab8 <thread_status+7480>, mutex=0x7ce035deca90 <thread_status+7440>) at ./nptl/pthread_cond_wait.c:627
#5  0x00007ce03415bf8b in blas_thread_server () from /home/aegis/.local/lib/python3.10/site-packages/numpy/_core/../../numpy.libs/libscipy_openblas64_-99b71e71.so
#6  0x00007ce052494ac3 in start_thread (arg=<optimized out>) at ./nptl/pthread_create.c:442
#7  0x00007ce0525268c0 in clone3 () at ../sysdeps/unix/sysv/linux/x86_64/clone3.S:81

Thread 59 (Thread 0x7cdfa07ff640 (LWP 4342) "python3"):
#0  __futex_abstimed_wait_common64 (private=0, cancel=true, abstime=0x0, op=393, expected=0, futex_word=0x7ce035deca60 <thread_status+7392>) at ./nptl/futex-internal.c:57
#1  __futex_abstimed_wait_common (cancel=true, private=0, abstime=0x0, clockid=0, expected=0, futex_word=0x7ce035deca60 <thread_status+7392>) at ./nptl/futex-internal.c:87
#2  __GI___futex_abstimed_wait_cancelable64 (futex_word=futex_word
entry=0x7ce035deca60 <thread_status+7392>, expected=expected
entry=0, clockid=clockid
entry=0, abstime=abstime
entry=0x0, private=private
entry=0) at ./nptl/futex-internal.c:139
#3  0x00007ce052493a41 in __pthread_cond_wait_common (abstime=0x0, clockid=0, mutex=0x7ce035deca10 <thread_status+7312>, cond=0x7ce035deca38 <thread_status+7352>) at ./nptl/pthread_cond_wait.c:503
#4  ___pthread_cond_wait (cond=0x7ce035deca38 <thread_status+7352>, mutex=0x7ce035deca10 <thread_status+7312>) at ./nptl/pthread_cond_wait.c:627
#5  0x00007ce03415bf8b in blas_thread_server () from /home/aegis/.local/lib/python3.10/site-packages/numpy/_core/../../numpy.libs/libscipy_openblas64_-99b71e71.so
#6  0x00007ce052494ac3 in start_thread (arg=<optimized out>) at ./nptl/pthread_create.c:442
#7  0x00007ce0525268c0 in clone3 () at ../sysdeps/unix/sysv/linux/x86_64/clone3.S:81

Thread 58 (Thread 0x7cdfa31ff640 (LWP 4341) "python3"):
#0  __futex_abstimed_wait_common64 (private=0, cancel=true, abstime=0x0, op=393, expected=0, futex_word=0x7ce035dec9e0 <thread_status+7264>) at ./nptl/futex-internal.c:57
#1  __futex_abstimed_wait_common (cancel=true, private=0, abstime=0x0, clockid=0, expected=0, futex_word=0x7ce035dec9e0 <thread_status+7264>) at ./nptl/futex-internal.c:87
#2  __GI___futex_abstimed_wait_cancelable64 (futex_word=futex_word
entry=0x7ce035dec9e0 <thread_status+7264>, expected=expected
entry=0, clockid=clockid
entry=0, abstime=abstime
entry=0x0, private=private
entry=0) at ./nptl/futex-internal.c:139
#3  0x00007ce052493a41 in __pthread_cond_wait_common (abstime=0x0, clockid=0, mutex=0x7ce035dec990 <thread_status+7184>, cond=0x7ce035dec9b8 <thread_status+7224>) at ./nptl/pthread_cond_wait.c:503
#4  ___pthread_cond_wait (cond=0x7ce035dec9b8 <thread_status+7224>, mutex=0x7ce035dec990 <thread_status+7184>) at ./nptl/pthread_cond_wait.c:627
#5  0x00007ce03415bf8b in blas_thread_server () from /home/aegis/.local/lib/python3.10/site-packages/numpy/_core/../../numpy.libs/libscipy_openblas64_-99b71e71.so
#6  0x00007ce052494ac3 in start_thread (arg=<optimized out>) at ./nptl/pthread_create.c:442
#7  0x00007ce0525268c0 in clone3 () at ../sysdeps/unix/sysv/linux/x86_64/clone3.S:81

Thread 57 (Thread 0x7cdfa5bff640 (LWP 4340) "python3"):
#0  __futex_abstimed_wait_common64 (private=0, cancel=true, abstime=0x0, op=393, expected=0, futex_word=0x7ce035dec960 <thread_status+7136>) at ./nptl/futex-internal.c:57
#1  __futex_abstimed_wait_common (cancel=true, private=0, abstime=0x0, clockid=0, expected=0, futex_word=0x7ce035dec960 <thread_status+7136>) at ./nptl/futex-internal.c:87
#2  __GI___futex_abstimed_wait_cancelable64 (futex_word=futex_word
entry=0x7ce035dec960 <thread_status+7136>, expected=expected
entry=0, clockid=clockid
entry=0, abstime=abstime
entry=0x0, private=private
entry=0) at ./nptl/futex-internal.c:139
#3  0x00007ce052493a41 in __pthread_cond_wait_common (abstime=0x0, clockid=0, mutex=0x7ce035dec910 <thread_status+7056>, cond=0x7ce035dec938 <thread_status+7096>) at ./nptl/pthread_cond_wait.c:503
#4  ___pthread_cond_wait (cond=0x7ce035dec938 <thread_status+7096>, mutex=0x7ce035dec910 <thread_status+7056>) at ./nptl/pthread_cond_wait.c:627
#5  0x00007ce03415bf8b in blas_thread_server () from /home/aegis/.local/lib/python3.10/site-packages/numpy/_core/../../numpy.libs/libscipy_openblas64_-99b71e71.so
#6  0x00007ce052494ac3 in start_thread (arg=<optimized out>) at ./nptl/pthread_create.c:442
#7  0x00007ce0525268c0 in clone3 () at ../sysdeps/unix/sysv/linux/x86_64/clone3.S:81

Thread 56 (Thread 0x7cdfa85ff640 (LWP 4339) "python3"):
#0  __futex_abstimed_wait_common64 (private=0, cancel=true, abstime=0x0, op=393, expected=0, futex_word=0x7ce035dec8e0 <thread_status+7008>) at ./nptl/futex-internal.c:57
#1  __futex_abstimed_wait_common (cancel=true, private=0, abstime=0x0, clockid=0, expected=0, futex_word=0x7ce035dec8e0 <thread_status+7008>) at ./nptl/futex-internal.c:87
#2  __GI___futex_abstimed_wait_cancelable64 (futex_word=futex_word
entry=0x7ce035dec8e0 <thread_status+7008>, expected=expected
entry=0, clockid=clockid
entry=0, abstime=abstime
entry=0x0, private=private
entry=0) at ./nptl/futex-internal.c:139
#3  0x00007ce052493a41 in __pthread_cond_wait_common (abstime=0x0, clockid=0, mutex=0x7ce035dec890 <thread_status+6928>, cond=0x7ce035dec8b8 <thread_status+6968>) at ./nptl/pthread_cond_wait.c:503
#4  ___pthread_cond_wait (cond=0x7ce035dec8b8 <thread_status+6968>, mutex=0x7ce035dec890 <thread_status+6928>) at ./nptl/pthread_cond_wait.c:627
#5  0x00007ce03415bf8b in blas_thread_server () from /home/aegis/.local/lib/python3.10/site-packages/numpy/_core/../../numpy.libs/libscipy_openblas64_-99b71e71.so
#6  0x00007ce052494ac3 in start_thread (arg=<optimized out>) at ./nptl/pthread_create.c:442
#7  0x00007ce0525268c0 in clone3 () at ../sysdeps/unix/sysv/linux/x86_64/clone3.S:81

Thread 55 (Thread 0x7cdfaafff640 (LWP 4338) "python3"):
#0  __futex_abstimed_wait_common64 (private=0, cancel=true, abstime=0x0, op=393, expected=0, futex_word=0x7ce035dec860 <thread_status+6880>) at ./nptl/futex-internal.c:57
#1  __futex_abstimed_wait_common (cancel=true, private=0, abstime=0x0, clockid=0, expected=0, futex_word=0x7ce035dec860 <thread_status+6880>) at ./nptl/futex-internal.c:87
#2  __GI___futex_abstimed_wait_cancelable64 (futex_word=futex_word
entry=0x7ce035dec860 <thread_status+6880>, expected=expected
entry=0, clockid=clockid
entry=0, abstime=abstime
entry=0x0, private=private
entry=0) at ./nptl/futex-internal.c:139
#3  0x00007ce052493a41 in __pthread_cond_wait_common (abstime=0x0, clockid=0, mutex=0x7ce035dec810 <thread_status+6800>, cond=0x7ce035dec838 <thread_status+6840>) at ./nptl/pthread_cond_wait.c:503
#4  ___pthread_cond_wait (cond=0x7ce035dec838 <thread_status+6840>, mutex=0x7ce035dec810 <thread_status+6800>) at ./nptl/pthread_cond_wait.c:627
#5  0x00007ce03415bf8b in blas_thread_server () from /home/aegis/.local/lib/python3.10/site-packages/numpy/_core/../../numpy.libs/libscipy_openblas64_-99b71e71.so
#6  0x00007ce052494ac3 in start_thread (arg=<optimized out>) at ./nptl/pthread_create.c:442
#7  0x00007ce0525268c0 in clone3 () at ../sysdeps/unix/sysv/linux/x86_64/clone3.S:81

Thread 54 (Thread 0x7cdfad9ff640 (LWP 4337) "python3"):
#0  __futex_abstimed_wait_common64 (private=0, cancel=true, abstime=0x0, op=393, expected=0, futex_word=0x7ce035dec7e0 <thread_status+6752>) at ./nptl/futex-internal.c:57
#1  __futex_abstimed_wait_common (cancel=true, private=0, abstime=0x0, clockid=0, expected=0, futex_word=0x7ce035dec7e0 <thread_status+6752>) at ./nptl/futex-internal.c:87
#2  __GI___futex_abstimed_wait_cancelable64 (futex_word=futex_word
entry=0x7ce035dec7e0 <thread_status+6752>, expected=expected
entry=0, clockid=clockid
entry=0, abstime=abstime
entry=0x0, private=private
entry=0) at ./nptl/futex-internal.c:139
#3  0x00007ce052493a41 in __pthread_cond_wait_common (abstime=0x0, clockid=0, mutex=0x7ce035dec790 <thread_status+6672>, cond=0x7ce035dec7b8 <thread_status+6712>) at ./nptl/pthread_cond_wait.c:503
#4  ___pthread_cond_wait (cond=0x7ce035dec7b8 <thread_status+6712>, mutex=0x7ce035dec790 <thread_status+6672>) at ./nptl/pthread_cond_wait.c:627
#5  0x00007ce03415bf8b in blas_thread_server () from /home/aegis/.local/lib/python3.10/site-packages/numpy/_core/../../numpy.libs/libscipy_openblas64_-99b71e71.so
#6  0x00007ce052494ac3 in start_thread (arg=<optimized out>) at ./nptl/pthread_create.c:442
#7  0x00007ce0525268c0 in clone3 () at ../sysdeps/unix/sysv/linux/x86_64/clone3.S:81

Thread 53 (Thread 0x7cdfb03ff640 (LWP 4336) "python3"):
#0  __futex_abstimed_wait_common64 (private=0, cancel=true, abstime=0x0, op=393, expected=0, futex_word=0x7ce035dec760 <thread_status+6624>) at ./nptl/futex-internal.c:57
#1  __futex_abstimed_wait_common (cancel=true, private=0, abstime=0x0, clockid=0, expected=0, futex_word=0x7ce035dec760 <thread_status+6624>) at ./nptl/futex-internal.c:87
#2  __GI___futex_abstimed_wait_cancelable64 (futex_word=futex_word
entry=0x7ce035dec760 <thread_status+6624>, expected=expected
entry=0, clockid=clockid
entry=0, abstime=abstime
entry=0x0, private=private
entry=0) at ./nptl/futex-internal.c:139
#3  0x00007ce052493a41 in __pthread_cond_wait_common (abstime=0x0, clockid=0, mutex=0x7ce035dec710 <thread_status+6544>, cond=0x7ce035dec738 <thread_status+6584>) at ./nptl/pthread_cond_wait.c:503
#4  ___pthread_cond_wait (cond=0x7ce035dec738 <thread_status+6584>, mutex=0x7ce035dec710 <thread_status+6544>) at ./nptl/pthread_cond_wait.c:627
#5  0x00007ce03415bf8b in blas_thread_server () from /home/aegis/.local/lib/python3.10/site-packages/numpy/_core/../../numpy.libs/libscipy_openblas64_-99b71e71.so
#6  0x00007ce052494ac3 in start_thread (arg=<optimized out>) at ./nptl/pthread_create.c:442
#7  0x00007ce0525268c0 in clone3 () at ../sysdeps/unix/sysv/linux/x86_64/clone3.S:81

Thread 52 (Thread 0x7cdfb2dff640 (LWP 4335) "python3"):
#0  __futex_abstimed_wait_common64 (private=0, cancel=true, abstime=0x0, op=393, expected=0, futex_word=0x7ce035dec6e0 <thread_status+6496>) at ./nptl/futex-internal.c:57
#1  __futex_abstimed_wait_common (cancel=true, private=0, abstime=0x0, clockid=0, expected=0, futex_word=0x7ce035dec6e0 <thread_status+6496>) at ./nptl/futex-internal.c:87
#2  __GI___futex_abstimed_wait_cancelable64 (futex_word=futex_word
entry=0x7ce035dec6e0 <thread_status+6496>, expected=expected
entry=0, clockid=clockid
entry=0, abstime=abstime
entry=0x0, private=private
entry=0) at ./nptl/futex-internal.c:139
#3  0x00007ce052493a41 in __pthread_cond_wait_common (abstime=0x0, clockid=0, mutex=0x7ce035dec690 <thread_status+6416>, cond=0x7ce035dec6b8 <thread_status+6456>) at ./nptl/pthread_cond_wait.c:503
#4  ___pthread_cond_wait (cond=0x7ce035dec6b8 <thread_status+6456>, mutex=0x7ce035dec690 <thread_status+6416>) at ./nptl/pthread_cond_wait.c:627
#5  0x00007ce03415bf8b in blas_thread_server () from /home/aegis/.local/lib/python3.10/site-packages/numpy/_core/../../numpy.libs/libscipy_openblas64_-99b71e71.so
#6  0x00007ce052494ac3 in start_thread (arg=<optimized out>) at ./nptl/pthread_create.c:442
#7  0x00007ce0525268c0 in clone3 () at ../sysdeps/unix/sysv/linux/x86_64/clone3.S:81

Thread 51 (Thread 0x7cdfb57ff640 (LWP 4334) "python3"):
#0  __futex_abstimed_wait_common64 (private=0, cancel=true, abstime=0x0, op=393, expected=0, futex_word=0x7ce035dec660 <thread_status+6368>) at ./nptl/futex-internal.c:57
#1  __futex_abstimed_wait_common (cancel=true, private=0, abstime=0x0, clockid=0, expected=0, futex_word=0x7ce035dec660 <thread_status+6368>) at ./nptl/futex-internal.c:87
#2  __GI___futex_abstimed_wait_cancelable64 (futex_word=futex_word
entry=0x7ce035dec660 <thread_status+6368>, expected=expected
entry=0, clockid=clockid
entry=0, abstime=abstime
entry=0x0, private=private
entry=0) at ./nptl/futex-internal.c:139
#3  0x00007ce052493a41 in __pthread_cond_wait_common (abstime=0x0, clockid=0, mutex=0x7ce035dec610 <thread_status+6288>, cond=0x7ce035dec638 <thread_status+6328>) at ./nptl/pthread_cond_wait.c:503
#4  ___pthread_cond_wait (cond=0x7ce035dec638 <thread_status+6328>, mutex=0x7ce035dec610 <thread_status+6288>) at ./nptl/pthread_cond_wait.c:627
#5  0x00007ce03415bf8b in blas_thread_server () from /home/aegis/.local/lib/python3.10/site-packages/numpy/_core/../../numpy.libs/libscipy_openblas64_-99b71e71.so
#6  0x00007ce052494ac3 in start_thread (arg=<optimized out>) at ./nptl/pthread_create.c:442
#7  0x00007ce0525268c0 in clone3 () at ../sysdeps/unix/sysv/linux/x86_64/clone3.S:81

Thread 50 (Thread 0x7cdfb81ff640 (LWP 4333) "python3"):
#0  __futex_abstimed_wait_common64 (private=0, cancel=true, abstime=0x0, op=393, expected=0, futex_word=0x7ce035dec5e0 <thread_status+6240>) at ./nptl/futex-internal.c:57
#1  __futex_abstimed_wait_common (cancel=true, private=0, abstime=0x0, clockid=0, expected=0, futex_word=0x7ce035dec5e0 <thread_status+6240>) at ./nptl/futex-internal.c:87
#2  __GI___futex_abstimed_wait_cancelable64 (futex_word=futex_word
entry=0x7ce035dec5e0 <thread_status+6240>, expected=expected
entry=0, clockid=clockid
entry=0, abstime=abstime
entry=0x0, private=private
entry=0) at ./nptl/futex-internal.c:139
#3  0x00007ce052493a41 in __pthread_cond_wait_common (abstime=0x0, clockid=0, mutex=0x7ce035dec590 <thread_status+6160>, cond=0x7ce035dec5b8 <thread_status+6200>) at ./nptl/pthread_cond_wait.c:503
#4  ___pthread_cond_wait (cond=0x7ce035dec5b8 <thread_status+6200>, mutex=0x7ce035dec590 <thread_status+6160>) at ./nptl/pthread_cond_wait.c:627
#5  0x00007ce03415bf8b in blas_thread_server () from /home/aegis/.local/lib/python3.10/site-packages/numpy/_core/../../numpy.libs/libscipy_openblas64_-99b71e71.so
#6  0x00007ce052494ac3 in start_thread (arg=<optimized out>) at ./nptl/pthread_create.c:442
#7  0x00007ce0525268c0 in clone3 () at ../sysdeps/unix/sysv/linux/x86_64/clone3.S:81

Thread 49 (Thread 0x7cdfbabff640 (LWP 4332) "python3"):
#0  __futex_abstimed_wait_common64 (private=0, cancel=true, abstime=0x0, op=393, expected=0, futex_word=0x7ce035dec560 <thread_status+6112>) at ./nptl/futex-internal.c:57
#1  __futex_abstimed_wait_common (cancel=true, private=0, abstime=0x0, clockid=0, expected=0, futex_word=0x7ce035dec560 <thread_status+6112>) at ./nptl/futex-internal.c:87
#2  __GI___futex_abstimed_wait_cancelable64 (futex_word=futex_word
entry=0x7ce035dec560 <thread_status+6112>, expected=expected
entry=0, clockid=clockid
entry=0, abstime=abstime
entry=0x0, private=private
entry=0) at ./nptl/futex-internal.c:139
#3  0x00007ce052493a41 in __pthread_cond_wait_common (abstime=0x0, clockid=0, mutex=0x7ce035dec510 <thread_status+6032>, cond=0x7ce035dec538 <thread_status+6072>) at ./nptl/pthread_cond_wait.c:503
#4  ___pthread_cond_wait (cond=0x7ce035dec538 <thread_status+6072>, mutex=0x7ce035dec510 <thread_status+6032>) at ./nptl/pthread_cond_wait.c:627
#5  0x00007ce03415bf8b in blas_thread_server () from /home/aegis/.local/lib/python3.10/site-packages/numpy/_core/../../numpy.libs/libscipy_openblas64_-99b71e71.so
#6  0x00007ce052494ac3 in start_thread (arg=<optimized out>) at ./nptl/pthread_create.c:442
#7  0x00007ce0525268c0 in clone3 () at ../sysdeps/unix/sysv/linux/x86_64/clone3.S:81

Thread 48 (Thread 0x7cdfbd5ff640 (LWP 4331) "python3"):
#0  __futex_abstimed_wait_common64 (private=0, cancel=true, abstime=0x0, op=393, expected=0, futex_word=0x7ce035dec4e0 <thread_status+5984>) at ./nptl/futex-internal.c:57
#1  __futex_abstimed_wait_common (cancel=true, private=0, abstime=0x0, clockid=0, expected=0, futex_word=0x7ce035dec4e0 <thread_status+5984>) at ./nptl/futex-internal.c:87
#2  __GI___futex_abstimed_wait_cancelable64 (futex_word=futex_word
entry=0x7ce035dec4e0 <thread_status+5984>, expected=expected
entry=0, clockid=clockid
entry=0, abstime=abstime
entry=0x0, private=private
entry=0) at ./nptl/futex-internal.c:139
#3  0x00007ce052493a41 in __pthread_cond_wait_common (abstime=0x0, clockid=0, mutex=0x7ce035dec490 <thread_status+5904>, cond=0x7ce035dec4b8 <thread_status+5944>) at ./nptl/pthread_cond_wait.c:503
#4  ___pthread_cond_wait (cond=0x7ce035dec4b8 <thread_status+5944>, mutex=0x7ce035dec490 <thread_status+5904>) at ./nptl/pthread_cond_wait.c:627
#5  0x00007ce03415bf8b in blas_thread_server () from /home/aegis/.local/lib/python3.10/site-packages/numpy/_core/../../numpy.libs/libscipy_openblas64_-99b71e71.so
#6  0x00007ce052494ac3 in start_thread (arg=<optimized out>) at ./nptl/pthread_create.c:442
#7  0x00007ce0525268c0 in clone3 () at ../sysdeps/unix/sysv/linux/x86_64/clone3.S:81

Thread 47 (Thread 0x7cdfbffff640 (LWP 4330) "python3"):
#0  __futex_abstimed_wait_common64 (private=0, cancel=true, abstime=0x0, op=393, expected=0, futex_word=0x7ce035dec460 <thread_status+5856>) at ./nptl/futex-internal.c:57
#1  __futex_abstimed_wait_common (cancel=true, private=0, abstime=0x0, clockid=0, expected=0, futex_word=0x7ce035dec460 <thread_status+5856>) at ./nptl/futex-internal.c:87
#2  __GI___futex_abstimed_wait_cancelable64 (futex_word=futex_word
entry=0x7ce035dec460 <thread_status+5856>, expected=expected
entry=0, clockid=clockid
entry=0, abstime=abstime
entry=0x0, private=private
entry=0) at ./nptl/futex-internal.c:139
#3  0x00007ce052493a41 in __pthread_cond_wait_common (abstime=0x0, clockid=0, mutex=0x7ce035dec410 <thread_status+5776>, cond=0x7ce035dec438 <thread_status+5816>) at ./nptl/pthread_cond_wait.c:503
#4  ___pthread_cond_wait (cond=0x7ce035dec438 <thread_status+5816>, mutex=0x7ce035dec410 <thread_status+5776>) at ./nptl/pthread_cond_wait.c:627
#5  0x00007ce03415bf8b in blas_thread_server () from /home/aegis/.local/lib/python3.10/site-packages/numpy/_core/../../numpy.libs/libscipy_openblas64_-99b71e71.so
#6  0x00007ce052494ac3 in start_thread (arg=<optimized out>) at ./nptl/pthread_create.c:442
#7  0x00007ce0525268c0 in clone3 () at ../sysdeps/unix/sysv/linux/x86_64/clone3.S:81

Thread 46 (Thread 0x7cdfc29ff640 (LWP 4329) "python3"):
#0  __futex_abstimed_wait_common64 (private=0, cancel=true, abstime=0x0, op=393, expected=0, futex_word=0x7ce035dec3e0 <thread_status+5728>) at ./nptl/futex-internal.c:57
#1  __futex_abstimed_wait_common (cancel=true, private=0, abstime=0x0, clockid=0, expected=0, futex_word=0x7ce035dec3e0 <thread_status+5728>) at ./nptl/futex-internal.c:87
#2  __GI___futex_abstimed_wait_cancelable64 (futex_word=futex_word
entry=0x7ce035dec3e0 <thread_status+5728>, expected=expected
entry=0, clockid=clockid
entry=0, abstime=abstime
entry=0x0, private=private
entry=0) at ./nptl/futex-internal.c:139
#3  0x00007ce052493a41 in __pthread_cond_wait_common (abstime=0x0, clockid=0, mutex=0x7ce035dec390 <thread_status+5648>, cond=0x7ce035dec3b8 <thread_status+5688>) at ./nptl/pthread_cond_wait.c:503
#4  ___pthread_cond_wait (cond=0x7ce035dec3b8 <thread_status+5688>, mutex=0x7ce035dec390 <thread_status+5648>) at ./nptl/pthread_cond_wait.c:627
#5  0x00007ce03415bf8b in blas_thread_server () from /home/aegis/.local/lib/python3.10/site-packages/numpy/_core/../../numpy.libs/libscipy_openblas64_-99b71e71.so
#6  0x00007ce052494ac3 in start_thread (arg=<optimized out>) at ./nptl/pthread_create.c:442
#7  0x00007ce0525268c0 in clone3 () at ../sysdeps/unix/sysv/linux/x86_64/clone3.S:81

Thread 45 (Thread 0x7cdfc53ff640 (LWP 4328) "python3"):
#0  __futex_abstimed_wait_common64 (private=0, cancel=true, abstime=0x0, op=393, expected=0, futex_word=0x7ce035dec360 <thread_status+5600>) at ./nptl/futex-internal.c:57
#1  __futex_abstimed_wait_common (cancel=true, private=0, abstime=0x0, clockid=0, expected=0, futex_word=0x7ce035dec360 <thread_status+5600>) at ./nptl/futex-internal.c:87
#2  __GI___futex_abstimed_wait_cancelable64 (futex_word=futex_word
entry=0x7ce035dec360 <thread_status+5600>, expected=expected
entry=0, clockid=clockid
entry=0, abstime=abstime
entry=0x0, private=private
entry=0) at ./nptl/futex-internal.c:139
#3  0x00007ce052493a41 in __pthread_cond_wait_common (abstime=0x0, clockid=0, mutex=0x7ce035dec310 <thread_status+5520>, cond=0x7ce035dec338 <thread_status+5560>) at ./nptl/pthread_cond_wait.c:503
#4  ___pthread_cond_wait (cond=0x7ce035dec338 <thread_status+5560>, mutex=0x7ce035dec310 <thread_status+5520>) at ./nptl/pthread_cond_wait.c:627
#5  0x00007ce03415bf8b in blas_thread_server () from /home/aegis/.local/lib/python3.10/site-packages/numpy/_core/../../numpy.libs/libscipy_openblas64_-99b71e71.so
#6  0x00007ce052494ac3 in start_thread (arg=<optimized out>) at ./nptl/pthread_create.c:442
#7  0x00007ce0525268c0 in clone3 () at ../sysdeps/unix/sysv/linux/x86_64/clone3.S:81

Thread 44 (Thread 0x7cdfc7dff640 (LWP 4327) "python3"):
#0  __futex_abstimed_wait_common64 (private=0, cancel=true, abstime=0x0, op=393, expected=0, futex_word=0x7ce035dec2e0 <thread_status+5472>) at ./nptl/futex-internal.c:57
#1  __futex_abstimed_wait_common (cancel=true, private=0, abstime=0x0, clockid=0, expected=0, futex_word=0x7ce035dec2e0 <thread_status+5472>) at ./nptl/futex-internal.c:87
#2  __GI___futex_abstimed_wait_cancelable64 (futex_word=futex_word
entry=0x7ce035dec2e0 <thread_status+5472>, expected=expected
entry=0, clockid=clockid
entry=0, abstime=abstime
entry=0x0, private=private
entry=0) at ./nptl/futex-internal.c:139
#3  0x00007ce052493a41 in __pthread_cond_wait_common (abstime=0x0, clockid=0, mutex=0x7ce035dec290 <thread_status+5392>, cond=0x7ce035dec2b8 <thread_status+5432>) at ./nptl/pthread_cond_wait.c:503
#4  ___pthread_cond_wait (cond=0x7ce035dec2b8 <thread_status+5432>, mutex=0x7ce035dec290 <thread_status+5392>) at ./nptl/pthread_cond_wait.c:627
#5  0x00007ce03415bf8b in blas_thread_server () from /home/aegis/.local/lib/python3.10/site-packages/numpy/_core/../../numpy.libs/libscipy_openblas64_-99b71e71.so
#6  0x00007ce052494ac3 in start_thread (arg=<optimized out>) at ./nptl/pthread_create.c:442
#7  0x00007ce0525268c0 in clone3 () at ../sysdeps/unix/sysv/linux/x86_64/clone3.S:81

Thread 43 (Thread 0x7cdfca7ff640 (LWP 4326) "python3"):
#0  __futex_abstimed_wait_common64 (private=0, cancel=true, abstime=0x0, op=393, expected=0, futex_word=0x7ce035dec260 <thread_status+5344>) at ./nptl/futex-internal.c:57
#1  __futex_abstimed_wait_common (cancel=true, private=0, abstime=0x0, clockid=0, expected=0, futex_word=0x7ce035dec260 <thread_status+5344>) at ./nptl/futex-internal.c:87
#2  __GI___futex_abstimed_wait_cancelable64 (futex_word=futex_word
entry=0x7ce035dec260 <thread_status+5344>, expected=expected
entry=0, clockid=clockid
entry=0, abstime=abstime
entry=0x0, private=private
entry=0) at ./nptl/futex-internal.c:139
#3  0x00007ce052493a41 in __pthread_cond_wait_common (abstime=0x0, clockid=0, mutex=0x7ce035dec210 <thread_status+5264>, cond=0x7ce035dec238 <thread_status+5304>) at ./nptl/pthread_cond_wait.c:503
#4  ___pthread_cond_wait (cond=0x7ce035dec238 <thread_status+5304>, mutex=0x7ce035dec210 <thread_status+5264>) at ./nptl/pthread_cond_wait.c:627
#5  0x00007ce03415bf8b in blas_thread_server () from /home/aegis/.local/lib/python3.10/site-packages/numpy/_core/../../numpy.libs/libscipy_openblas64_-99b71e71.so
#6  0x00007ce052494ac3 in start_thread (arg=<optimized out>) at ./nptl/pthread_create.c:442
#7  0x00007ce0525268c0 in clone3 () at ../sysdeps/unix/sysv/linux/x86_64/clone3.S:81

Thread 42 (Thread 0x7cdfcd1ff640 (LWP 4325) "python3"):
#0  __futex_abstimed_wait_common64 (private=0, cancel=true, abstime=0x0, op=393, expected=0, futex_word=0x7ce035dec1e0 <thread_status+5216>) at ./nptl/futex-internal.c:57
#1  __futex_abstimed_wait_common (cancel=true, private=0, abstime=0x0, clockid=0, expected=0, futex_word=0x7ce035dec1e0 <thread_status+5216>) at ./nptl/futex-internal.c:87
#2  __GI___futex_abstimed_wait_cancelable64 (futex_word=futex_word
entry=0x7ce035dec1e0 <thread_status+5216>, expected=expected
entry=0, clockid=clockid
entry=0, abstime=abstime
entry=0x0, private=private
entry=0) at ./nptl/futex-internal.c:139
#3  0x00007ce052493a41 in __pthread_cond_wait_common (abstime=0x0, clockid=0, mutex=0x7ce035dec190 <thread_status+5136>, cond=0x7ce035dec1b8 <thread_status+5176>) at ./nptl/pthread_cond_wait.c:503
#4  ___pthread_cond_wait (cond=0x7ce035dec1b8 <thread_status+5176>, mutex=0x7ce035dec190 <thread_status+5136>) at ./nptl/pthread_cond_wait.c:627
#5  0x00007ce03415bf8b in blas_thread_server () from /home/aegis/.local/lib/python3.10/site-packages/numpy/_core/../../numpy.libs/libscipy_openblas64_-99b71e71.so
#6  0x00007ce052494ac3 in start_thread (arg=<optimized out>) at ./nptl/pthread_create.c:442
#7  0x00007ce0525268c0 in clone3 () at ../sysdeps/unix/sysv/linux/x86_64/clone3.S:81

Thread 41 (Thread 0x7cdfcfbff640 (LWP 4324) "python3"):
#0  __futex_abstimed_wait_common64 (private=0, cancel=true, abstime=0x0, op=393, expected=0, futex_word=0x7ce035dec160 <thread_status+5088>) at ./nptl/futex-internal.c:57
#1  __futex_abstimed_wait_common (cancel=true, private=0, abstime=0x0, clockid=0, expected=0, futex_word=0x7ce035dec160 <thread_status+5088>) at ./nptl/futex-internal.c:87
#2  __GI___futex_abstimed_wait_cancelable64 (futex_word=futex_word
entry=0x7ce035dec160 <thread_status+5088>, expected=expected
entry=0, clockid=clockid
entry=0, abstime=abstime
entry=0x0, private=private
entry=0) at ./nptl/futex-internal.c:139
#3  0x00007ce052493a41 in __pthread_cond_wait_common (abstime=0x0, clockid=0, mutex=0x7ce035dec110 <thread_status+5008>, cond=0x7ce035dec138 <thread_status+5048>) at ./nptl/pthread_cond_wait.c:503
#4  ___pthread_cond_wait (cond=0x7ce035dec138 <thread_status+5048>, mutex=0x7ce035dec110 <thread_status+5008>) at ./nptl/pthread_cond_wait.c:627
#5  0x00007ce03415bf8b in blas_thread_server () from /home/aegis/.local/lib/python3.10/site-packages/numpy/_core/../../numpy.libs/libscipy_openblas64_-99b71e71.so
#6  0x00007ce052494ac3 in start_thread (arg=<optimized out>) at ./nptl/pthread_create.c:442
#7  0x00007ce0525268c0 in clone3 () at ../sysdeps/unix/sysv/linux/x86_64/clone3.S:81

Thread 40 (Thread 0x7cdfd45fe640 (LWP 4323) "python3"):
#0  __futex_abstimed_wait_common64 (private=0, cancel=true, abstime=0x0, op=393, expected=0, futex_word=0x7ce035dec0e0 <thread_status+4960>) at ./nptl/futex-internal.c:57
#1  __futex_abstimed_wait_common (cancel=true, private=0, abstime=0x0, clockid=0, expected=0, futex_word=0x7ce035dec0e0 <thread_status+4960>) at ./nptl/futex-internal.c:87
#2  __GI___futex_abstimed_wait_cancelable64 (futex_word=futex_word
entry=0x7ce035dec0e0 <thread_status+4960>, expected=expected
entry=0, clockid=clockid
entry=0, abstime=abstime
entry=0x0, private=private
entry=0) at ./nptl/futex-internal.c:139
#3  0x00007ce052493a41 in __pthread_cond_wait_common (abstime=0x0, clockid=0, mutex=0x7ce035dec090 <thread_status+4880>, cond=0x7ce035dec0b8 <thread_status+4920>) at ./nptl/pthread_cond_wait.c:503
#4  ___pthread_cond_wait (cond=0x7ce035dec0b8 <thread_status+4920>, mutex=0x7ce035dec090 <thread_status+4880>) at ./nptl/pthread_cond_wait.c:627
#5  0x00007ce03415bf8b in blas_thread_server () from /home/aegis/.local/lib/python3.10/site-packages/numpy/_core/../../numpy.libs/libscipy_openblas64_-99b71e71.so
#6  0x00007ce052494ac3 in start_thread (arg=<optimized out>) at ./nptl/pthread_create.c:442
#7  0x00007ce0525268c0 in clone3 () at ../sysdeps/unix/sysv/linux/x86_64/clone3.S:81

Thread 39 (Thread 0x7cdfd4dff640 (LWP 4322) "python3"):
#0  __futex_abstimed_wait_common64 (private=0, cancel=true, abstime=0x0, op=393, expected=0, futex_word=0x7ce035dec060 <thread_status+4832>) at ./nptl/futex-internal.c:57
#1  __futex_abstimed_wait_common (cancel=true, private=0, abstime=0x0, clockid=0, expected=0, futex_word=0x7ce035dec060 <thread_status+4832>) at ./nptl/futex-internal.c:87
#2  __GI___futex_abstimed_wait_cancelable64 (futex_word=futex_word
entry=0x7ce035dec060 <thread_status+4832>, expected=expected
entry=0, clockid=clockid
entry=0, abstime=abstime
entry=0x0, private=private
entry=0) at ./nptl/futex-internal.c:139
#3  0x00007ce052493a41 in __pthread_cond_wait_common (abstime=0x0, clockid=0, mutex=0x7ce035dec010 <thread_status+4752>, cond=0x7ce035dec038 <thread_status+4792>) at ./nptl/pthread_cond_wait.c:503
#4  ___pthread_cond_wait (cond=0x7ce035dec038 <thread_status+4792>, mutex=0x7ce035dec010 <thread_status+4752>) at ./nptl/pthread_cond_wait.c:627
#5  0x00007ce03415bf8b in blas_thread_server () from /home/aegis/.local/lib/python3.10/site-packages/numpy/_core/../../numpy.libs/libscipy_openblas64_-99b71e71.so
#6  0x00007ce052494ac3 in start_thread (arg=<optimized out>) at ./nptl/pthread_create.c:442
#7  0x00007ce0525268c0 in clone3 () at ../sysdeps/unix/sysv/linux/x86_64/clone3.S:81

Thread 38 (Thread 0x7cdfd77ff640 (LWP 4321) "python3"):
#0  __futex_abstimed_wait_common64 (private=0, cancel=true, abstime=0x0, op=393, expected=0, futex_word=0x7ce035debfe0 <thread_status+4704>) at ./nptl/futex-internal.c:57
#1  __futex_abstimed_wait_common (cancel=true, private=0, abstime=0x0, clockid=0, expected=0, futex_word=0x7ce035debfe0 <thread_status+4704>) at ./nptl/futex-internal.c:87
#2  __GI___futex_abstimed_wait_cancelable64 (futex_word=futex_word
entry=0x7ce035debfe0 <thread_status+4704>, expected=expected
entry=0, clockid=clockid
entry=0, abstime=abstime
entry=0x0, private=private
entry=0) at ./nptl/futex-internal.c:139
#3  0x00007ce052493a41 in __pthread_cond_wait_common (abstime=0x0, clockid=0, mutex=0x7ce035debf90 <thread_status+4624>, cond=0x7ce035debfb8 <thread_status+4664>) at ./nptl/pthread_cond_wait.c:503
#4  ___pthread_cond_wait (cond=0x7ce035debfb8 <thread_status+4664>, mutex=0x7ce035debf90 <thread_status+4624>) at ./nptl/pthread_cond_wait.c:627
#5  0x00007ce03415bf8b in blas_thread_server () from /home/aegis/.local/lib/python3.10/site-packages/numpy/_core/../../numpy.libs/libscipy_openblas64_-99b71e71.so
#6  0x00007ce052494ac3 in start_thread (arg=<optimized out>) at ./nptl/pthread_create.c:442
#7  0x00007ce0525268c0 in clone3 () at ../sysdeps/unix/sysv/linux/x86_64/clone3.S:81

Thread 37 (Thread 0x7cdfda1ff640 (LWP 4320) "python3"):
#0  __futex_abstimed_wait_common64 (private=0, cancel=true, abstime=0x0, op=393, expected=0, futex_word=0x7ce035debf60 <thread_status+4576>) at ./nptl/futex-internal.c:57
#1  __futex_abstimed_wait_common (cancel=true, private=0, abstime=0x0, clockid=0, expected=0, futex_word=0x7ce035debf60 <thread_status+4576>) at ./nptl/futex-internal.c:87
#2  __GI___futex_abstimed_wait_cancelable64 (futex_word=futex_word
entry=0x7ce035debf60 <thread_status+4576>, expected=expected
entry=0, clockid=clockid
entry=0, abstime=abstime
entry=0x0, private=private
entry=0) at ./nptl/futex-internal.c:139
#3  0x00007ce052493a41 in __pthread_cond_wait_common (abstime=0x0, clockid=0, mutex=0x7ce035debf10 <thread_status+4496>, cond=0x7ce035debf38 <thread_status+4536>) at ./nptl/pthread_cond_wait.c:503
#4  ___pthread_cond_wait (cond=0x7ce035debf38 <thread_status+4536>, mutex=0x7ce035debf10 <thread_status+4496>) at ./nptl/pthread_cond_wait.c:627
#5  0x00007ce03415bf8b in blas_thread_server () from /home/aegis/.local/lib/python3.10/site-packages/numpy/_core/../../numpy.libs/libscipy_openblas64_-99b71e71.so
#6  0x00007ce052494ac3 in start_thread (arg=<optimized out>) at ./nptl/pthread_create.c:442
#7  0x00007ce0525268c0 in clone3 () at ../sysdeps/unix/sysv/linux/x86_64/clone3.S:81

Thread 36 (Thread 0x7cdfdcbff640 (LWP 4319) "python3"):
#0  __futex_abstimed_wait_common64 (private=0, cancel=true, abstime=0x0, op=393, expected=0, futex_word=0x7ce035debee0 <thread_status+4448>) at ./nptl/futex-internal.c:57
#1  __futex_abstimed_wait_common (cancel=true, private=0, abstime=0x0, clockid=0, expected=0, futex_word=0x7ce035debee0 <thread_status+4448>) at ./nptl/futex-internal.c:87
#2  __GI___futex_abstimed_wait_cancelable64 (futex_word=futex_word
entry=0x7ce035debee0 <thread_status+4448>, expected=expected
entry=0, clockid=clockid
entry=0, abstime=abstime
entry=0x0, private=private
entry=0) at ./nptl/futex-internal.c:139
#3  0x00007ce052493a41 in __pthread_cond_wait_common (abstime=0x0, clockid=0, mutex=0x7ce035debe90 <thread_status+4368>, cond=0x7ce035debeb8 <thread_status+4408>) at ./nptl/pthread_cond_wait.c:503
#4  ___pthread_cond_wait (cond=0x7ce035debeb8 <thread_status+4408>, mutex=0x7ce035debe90 <thread_status+4368>) at ./nptl/pthread_cond_wait.c:627
#5  0x00007ce03415bf8b in blas_thread_server () from /home/aegis/.local/lib/python3.10/site-packages/numpy/_core/../../numpy.libs/libscipy_openblas64_-99b71e71.so
#6  0x00007ce052494ac3 in start_thread (arg=<optimized out>) at ./nptl/pthread_create.c:442
#7  0x00007ce0525268c0 in clone3 () at ../sysdeps/unix/sysv/linux/x86_64/clone3.S:81

Thread 35 (Thread 0x7cdfdf5ff640 (LWP 4318) "python3"):
#0  __futex_abstimed_wait_common64 (private=0, cancel=true, abstime=0x0, op=393, expected=0, futex_word=0x7ce035debe60 <thread_status+4320>) at ./nptl/futex-internal.c:57
#1  __futex_abstimed_wait_common (cancel=true, private=0, abstime=0x0, clockid=0, expected=0, futex_word=0x7ce035debe60 <thread_status+4320>) at ./nptl/futex-internal.c:87
#2  __GI___futex_abstimed_wait_cancelable64 (futex_word=futex_word
entry=0x7ce035debe60 <thread_status+4320>, expected=expected
entry=0, clockid=clockid
entry=0, abstime=abstime
entry=0x0, private=private
entry=0) at ./nptl/futex-internal.c:139
#3  0x00007ce052493a41 in __pthread_cond_wait_common (abstime=0x0, clockid=0, mutex=0x7ce035debe10 <thread_status+4240>, cond=0x7ce035debe38 <thread_status+4280>) at ./nptl/pthread_cond_wait.c:503
#4  ___pthread_cond_wait (cond=0x7ce035debe38 <thread_status+4280>, mutex=0x7ce035debe10 <thread_status+4240>) at ./nptl/pthread_cond_wait.c:627
#5  0x00007ce03415bf8b in blas_thread_server () from /home/aegis/.local/lib/python3.10/site-packages/numpy/_core/../../numpy.libs/libscipy_openblas64_-99b71e71.so
#6  0x00007ce052494ac3 in start_thread (arg=<optimized out>) at ./nptl/pthread_create.c:442
#7  0x00007ce0525268c0 in clone3 () at ../sysdeps/unix/sysv/linux/x86_64/clone3.S:81

Thread 34 (Thread 0x7cdfe1fff640 (LWP 4317) "python3"):
#0  __futex_abstimed_wait_common64 (private=0, cancel=true, abstime=0x0, op=393, expected=0, futex_word=0x7ce035debde0 <thread_status+4192>) at ./nptl/futex-internal.c:57
#1  __futex_abstimed_wait_common (cancel=true, private=0, abstime=0x0, clockid=0, expected=0, futex_word=0x7ce035debde0 <thread_status+4192>) at ./nptl/futex-internal.c:87
#2  __GI___futex_abstimed_wait_cancelable64 (futex_word=futex_word
entry=0x7ce035debde0 <thread_status+4192>, expected=expected
entry=0, clockid=clockid
entry=0, abstime=abstime
entry=0x0, private=private
entry=0) at ./nptl/futex-internal.c:139
#3  0x00007ce052493a41 in __pthread_cond_wait_common (abstime=0x0, clockid=0, mutex=0x7ce035debd90 <thread_status+4112>, cond=0x7ce035debdb8 <thread_status+4152>) at ./nptl/pthread_cond_wait.c:503
#4  ___pthread_cond_wait (cond=0x7ce035debdb8 <thread_status+4152>, mutex=0x7ce035debd90 <thread_status+4112>) at ./nptl/pthread_cond_wait.c:627
#5  0x00007ce03415bf8b in blas_thread_server () from /home/aegis/.local/lib/python3.10/site-packages/numpy/_core/../../numpy.libs/libscipy_openblas64_-99b71e71.so
#6  0x00007ce052494ac3 in start_thread (arg=<optimized out>) at ./nptl/pthread_create.c:442
#7  0x00007ce0525268c0 in clone3 () at ../sysdeps/unix/sysv/linux/x86_64/clone3.S:81

Thread 33 (Thread 0x7cdfe49ff640 (LWP 4316) "python3"):
#0  __futex_abstimed_wait_common64 (private=0, cancel=true, abstime=0x0, op=393, expected=0, futex_word=0x7ce035debd60 <thread_status+4064>) at ./nptl/futex-internal.c:57
#1  __futex_abstimed_wait_common (cancel=true, private=0, abstime=0x0, clockid=0, expected=0, futex_word=0x7ce035debd60 <thread_status+4064>) at ./nptl/futex-internal.c:87
#2  __GI___futex_abstimed_wait_cancelable64 (futex_word=futex_word
entry=0x7ce035debd60 <thread_status+4064>, expected=expected
entry=0, clockid=clockid
entry=0, abstime=abstime
entry=0x0, private=private
entry=0) at ./nptl/futex-internal.c:139
#3  0x00007ce052493a41 in __pthread_cond_wait_common (abstime=0x0, clockid=0, mutex=0x7ce035debd10 <thread_status+3984>, cond=0x7ce035debd38 <thread_status+4024>) at ./nptl/pthread_cond_wait.c:503
#4  ___pthread_cond_wait (cond=0x7ce035debd38 <thread_status+4024>, mutex=0x7ce035debd10 <thread_status+3984>) at ./nptl/pthread_cond_wait.c:627
#5  0x00007ce03415bf8b in blas_thread_server () from /home/aegis/.local/lib/python3.10/site-packages/numpy/_core/../../numpy.libs/libscipy_openblas64_-99b71e71.so
#6  0x00007ce052494ac3 in start_thread (arg=<optimized out>) at ./nptl/pthread_create.c:442
#7  0x00007ce0525268c0 in clone3 () at ../sysdeps/unix/sysv/linux/x86_64/clone3.S:81

Thread 32 (Thread 0x7cdfe73ff640 (LWP 4315) "python3"):
#0  __futex_abstimed_wait_common64 (private=0, cancel=true, abstime=0x0, op=393, expected=0, futex_word=0x7ce035debce0 <thread_status+3936>) at ./nptl/futex-internal.c:57
#1  __futex_abstimed_wait_common (cancel=true, private=0, abstime=0x0, clockid=0, expected=0, futex_word=0x7ce035debce0 <thread_status+3936>) at ./nptl/futex-internal.c:87
#2  __GI___futex_abstimed_wait_cancelable64 (futex_word=futex_word
entry=0x7ce035debce0 <thread_status+3936>, expected=expected
entry=0, clockid=clockid
entry=0, abstime=abstime
entry=0x0, private=private
entry=0) at ./nptl/futex-internal.c:139
#3  0x00007ce052493a41 in __pthread_cond_wait_common (abstime=0x0, clockid=0, mutex=0x7ce035debc90 <thread_status+3856>, cond=0x7ce035debcb8 <thread_status+3896>) at ./nptl/pthread_cond_wait.c:503
#4  ___pthread_cond_wait (cond=0x7ce035debcb8 <thread_status+3896>, mutex=0x7ce035debc90 <thread_status+3856>) at ./nptl/pthread_cond_wait.c:627
#5  0x00007ce03415bf8b in blas_thread_server () from /home/aegis/.local/lib/python3.10/site-packages/numpy/_core/../../numpy.libs/libscipy_openblas64_-99b71e71.so
#6  0x00007ce052494ac3 in start_thread (arg=<optimized out>) at ./nptl/pthread_create.c:442
#7  0x00007ce0525268c0 in clone3 () at ../sysdeps/unix/sysv/linux/x86_64/clone3.S:81

Thread 31 (Thread 0x7cdfe9dff640 (LWP 4314) "python3"):
#0  __futex_abstimed_wait_common64 (private=0, cancel=true, abstime=0x0, op=393, expected=0, futex_word=0x7ce035debc60 <thread_status+3808>) at ./nptl/futex-internal.c:57
#1  __futex_abstimed_wait_common (cancel=true, private=0, abstime=0x0, clockid=0, expected=0, futex_word=0x7ce035debc60 <thread_status+3808>) at ./nptl/futex-internal.c:87
#2  __GI___futex_abstimed_wait_cancelable64 (futex_word=futex_word
entry=0x7ce035debc60 <thread_status+3808>, expected=expected
entry=0, clockid=clockid
entry=0, abstime=abstime
entry=0x0, private=private
entry=0) at ./nptl/futex-internal.c:139
#3  0x00007ce052493a41 in __pthread_cond_wait_common (abstime=0x0, clockid=0, mutex=0x7ce035debc10 <thread_status+3728>, cond=0x7ce035debc38 <thread_status+3768>) at ./nptl/pthread_cond_wait.c:503
#4  ___pthread_cond_wait (cond=0x7ce035debc38 <thread_status+3768>, mutex=0x7ce035debc10 <thread_status+3728>) at ./nptl/pthread_cond_wait.c:627
#5  0x00007ce03415bf8b in blas_thread_server () from /home/aegis/.local/lib/python3.10/site-packages/numpy/_core/../../numpy.libs/libscipy_openblas64_-99b71e71.so
#6  0x00007ce052494ac3 in start_thread (arg=<optimized out>) at ./nptl/pthread_create.c:442
#7  0x00007ce0525268c0 in clone3 () at ../sysdeps/unix/sysv/linux/x86_64/clone3.S:81

Thread 30 (Thread 0x7cdfec7ff640 (LWP 4313) "python3"):
#0  __futex_abstimed_wait_common64 (private=0, cancel=true, abstime=0x0, op=393, expected=0, futex_word=0x7ce035debbe0 <thread_status+3680>) at ./nptl/futex-internal.c:57
#1  __futex_abstimed_wait_common (cancel=true, private=0, abstime=0x0, clockid=0, expected=0, futex_word=0x7ce035debbe0 <thread_status+3680>) at ./nptl/futex-internal.c:87
#2  __GI___futex_abstimed_wait_cancelable64 (futex_word=futex_word
entry=0x7ce035debbe0 <thread_status+3680>, expected=expected
entry=0, clockid=clockid
entry=0, abstime=abstime
entry=0x0, private=private
entry=0) at ./nptl/futex-internal.c:139
#3  0x00007ce052493a41 in __pthread_cond_wait_common (abstime=0x0, clockid=0, mutex=0x7ce035debb90 <thread_status+3600>, cond=0x7ce035debbb8 <thread_status+3640>) at ./nptl/pthread_cond_wait.c:503
#4  ___pthread_cond_wait (cond=0x7ce035debbb8 <thread_status+3640>, mutex=0x7ce035debb90 <thread_status+3600>) at ./nptl/pthread_cond_wait.c:627
#5  0x00007ce03415bf8b in blas_thread_server () from /home/aegis/.local/lib/python3.10/site-packages/numpy/_core/../../numpy.libs/libscipy_openblas64_-99b71e71.so
#6  0x00007ce052494ac3 in start_thread (arg=<optimized out>) at ./nptl/pthread_create.c:442
#7  0x00007ce0525268c0 in clone3 () at ../sysdeps/unix/sysv/linux/x86_64/clone3.S:81

Thread 29 (Thread 0x7cdfef1ff640 (LWP 4312) "python3"):
#0  __futex_abstimed_wait_common64 (private=0, cancel=true, abstime=0x0, op=393, expected=0, futex_word=0x7ce035debb60 <thread_status+3552>) at ./nptl/futex-internal.c:57
#1  __futex_abstimed_wait_common (cancel=true, private=0, abstime=0x0, clockid=0, expected=0, futex_word=0x7ce035debb60 <thread_status+3552>) at ./nptl/futex-internal.c:87
#2  __GI___futex_abstimed_wait_cancelable64 (futex_word=futex_word
entry=0x7ce035debb60 <thread_status+3552>, expected=expected
entry=0, clockid=clockid
entry=0, abstime=abstime
entry=0x0, private=private
entry=0) at ./nptl/futex-internal.c:139
#3  0x00007ce052493a41 in __pthread_cond_wait_common (abstime=0x0, clockid=0, mutex=0x7ce035debb10 <thread_status+3472>, cond=0x7ce035debb38 <thread_status+3512>) at ./nptl/pthread_cond_wait.c:503
#4  ___pthread_cond_wait (cond=0x7ce035debb38 <thread_status+3512>, mutex=0x7ce035debb10 <thread_status+3472>) at ./nptl/pthread_cond_wait.c:627
#5  0x00007ce03415bf8b in blas_thread_server () from /home/aegis/.local/lib/python3.10/site-packages/numpy/_core/../../numpy.libs/libscipy_openblas64_-99b71e71.so
#6  0x00007ce052494ac3 in start_thread (arg=<optimized out>) at ./nptl/pthread_create.c:442
#7  0x00007ce0525268c0 in clone3 () at ../sysdeps/unix/sysv/linux/x86_64/clone3.S:81

Thread 28 (Thread 0x7cdff1bff640 (LWP 4311) "python3"):
#0  __futex_abstimed_wait_common64 (private=0, cancel=true, abstime=0x0, op=393, expected=0, futex_word=0x7ce035debae0 <thread_status+3424>) at ./nptl/futex-internal.c:57
#1  __futex_abstimed_wait_common (cancel=true, private=0, abstime=0x0, clockid=0, expected=0, futex_word=0x7ce035debae0 <thread_status+3424>) at ./nptl/futex-internal.c:87
#2  __GI___futex_abstimed_wait_cancelable64 (futex_word=futex_word
entry=0x7ce035debae0 <thread_status+3424>, expected=expected
entry=0, clockid=clockid
entry=0, abstime=abstime
entry=0x0, private=private
entry=0) at ./nptl/futex-internal.c:139
#3  0x00007ce052493a41 in __pthread_cond_wait_common (abstime=0x0, clockid=0, mutex=0x7ce035deba90 <thread_status+3344>, cond=0x7ce035debab8 <thread_status+3384>) at ./nptl/pthread_cond_wait.c:503
#4  ___pthread_cond_wait (cond=0x7ce035debab8 <thread_status+3384>, mutex=0x7ce035deba90 <thread_status+3344>) at ./nptl/pthread_cond_wait.c:627
#5  0x00007ce03415bf8b in blas_thread_server () from /home/aegis/.local/lib/python3.10/site-packages/numpy/_core/../../numpy.libs/libscipy_openblas64_-99b71e71.so
#6  0x00007ce052494ac3 in start_thread (arg=<optimized out>) at ./nptl/pthread_create.c:442
#7  0x00007ce0525268c0 in clone3 () at ../sysdeps/unix/sysv/linux/x86_64/clone3.S:81

Thread 27 (Thread 0x7cdff45ff640 (LWP 4310) "python3"):
#0  __futex_abstimed_wait_common64 (private=0, cancel=true, abstime=0x0, op=393, expected=0, futex_word=0x7ce035deba60 <thread_status+3296>) at ./nptl/futex-internal.c:57
#1  __futex_abstimed_wait_common (cancel=true, private=0, abstime=0x0, clockid=0, expected=0, futex_word=0x7ce035deba60 <thread_status+3296>) at ./nptl/futex-internal.c:87
#2  __GI___futex_abstimed_wait_cancelable64 (futex_word=futex_word
entry=0x7ce035deba60 <thread_status+3296>, expected=expected
entry=0, clockid=clockid
entry=0, abstime=abstime
entry=0x0, private=private
entry=0) at ./nptl/futex-internal.c:139
#3  0x00007ce052493a41 in __pthread_cond_wait_common (abstime=0x0, clockid=0, mutex=0x7ce035deba10 <thread_status+3216>, cond=0x7ce035deba38 <thread_status+3256>) at ./nptl/pthread_cond_wait.c:503
#4  ___pthread_cond_wait (cond=0x7ce035deba38 <thread_status+3256>, mutex=0x7ce035deba10 <thread_status+3216>) at ./nptl/pthread_cond_wait.c:627
#5  0x00007ce03415bf8b in blas_thread_server () from /home/aegis/.local/lib/python3.10/site-packages/numpy/_core/../../numpy.libs/libscipy_openblas64_-99b71e71.so
#6  0x00007ce052494ac3 in start_thread (arg=<optimized out>) at ./nptl/pthread_create.c:442
#7  0x00007ce0525268c0 in clone3 () at ../sysdeps/unix/sysv/linux/x86_64/clone3.S:81

Thread 26 (Thread 0x7cdff6fff640 (LWP 4309) "python3"):
#0  __futex_abstimed_wait_common64 (private=0, cancel=true, abstime=0x0, op=393, expected=0, futex_word=0x7ce035deb9e0 <thread_status+3168>) at ./nptl/futex-internal.c:57
#1  __futex_abstimed_wait_common (cancel=true, private=0, abstime=0x0, clockid=0, expected=0, futex_word=0x7ce035deb9e0 <thread_status+3168>) at ./nptl/futex-internal.c:87
#2  __GI___futex_abstimed_wait_cancelable64 (futex_word=futex_word
entry=0x7ce035deb9e0 <thread_status+3168>, expected=expected
entry=0, clockid=clockid
entry=0, abstime=abstime
entry=0x0, private=private
entry=0) at ./nptl/futex-internal.c:139
#3  0x00007ce052493a41 in __pthread_cond_wait_common (abstime=0x0, clockid=0, mutex=0x7ce035deb990 <thread_status+3088>, cond=0x7ce035deb9b8 <thread_status+3128>) at ./nptl/pthread_cond_wait.c:503
#4  ___pthread_cond_wait (cond=0x7ce035deb9b8 <thread_status+3128>, mutex=0x7ce035deb990 <thread_status+3088>) at ./nptl/pthread_cond_wait.c:627
#5  0x00007ce03415bf8b in blas_thread_server () from /home/aegis/.local/lib/python3.10/site-packages/numpy/_core/../../numpy.libs/libscipy_openblas64_-99b71e71.so
#6  0x00007ce052494ac3 in start_thread (arg=<optimized out>) at ./nptl/pthread_create.c:442
#7  0x00007ce0525268c0 in clone3 () at ../sysdeps/unix/sysv/linux/x86_64/clone3.S:81

Thread 25 (Thread 0x7cdff99ff640 (LWP 4308) "python3"):
#0  __futex_abstimed_wait_common64 (private=0, cancel=true, abstime=0x0, op=393, expected=0, futex_word=0x7ce035deb960 <thread_status+3040>) at ./nptl/futex-internal.c:57
#1  __futex_abstimed_wait_common (cancel=true, private=0, abstime=0x0, clockid=0, expected=0, futex_word=0x7ce035deb960 <thread_status+3040>) at ./nptl/futex-internal.c:87
#2  __GI___futex_abstimed_wait_cancelable64 (futex_word=futex_word
entry=0x7ce035deb960 <thread_status+3040>, expected=expected
entry=0, clockid=clockid
entry=0, abstime=abstime
entry=0x0, private=private
entry=0) at ./nptl/futex-internal.c:139
#3  0x00007ce052493a41 in __pthread_cond_wait_common (abstime=0x0, clockid=0, mutex=0x7ce035deb910 <thread_status+2960>, cond=0x7ce035deb938 <thread_status+3000>) at ./nptl/pthread_cond_wait.c:503
#4  ___pthread_cond_wait (cond=0x7ce035deb938 <thread_status+3000>, mutex=0x7ce035deb910 <thread_status+2960>) at ./nptl/pthread_cond_wait.c:627
#5  0x00007ce03415bf8b in blas_thread_server () from /home/aegis/.local/lib/python3.10/site-packages/numpy/_core/../../numpy.libs/libscipy_openblas64_-99b71e71.so
#6  0x00007ce052494ac3 in start_thread (arg=<optimized out>) at ./nptl/pthread_create.c:442
#7  0x00007ce0525268c0 in clone3 () at ../sysdeps/unix/sysv/linux/x86_64/clone3.S:81

Thread 24 (Thread 0x7cdffc3ff640 (LWP 4307) "python3"):
#0  __futex_abstimed_wait_common64 (private=0, cancel=true, abstime=0x0, op=393, expected=0, futex_word=0x7ce035deb8e0 <thread_status+2912>) at ./nptl/futex-internal.c:57
#1  __futex_abstimed_wait_common (cancel=true, private=0, abstime=0x0, clockid=0, expected=0, futex_word=0x7ce035deb8e0 <thread_status+2912>) at ./nptl/futex-internal.c:87
#2  __GI___futex_abstimed_wait_cancelable64 (futex_word=futex_word
entry=0x7ce035deb8e0 <thread_status+2912>, expected=expected
entry=0, clockid=clockid
entry=0, abstime=abstime
entry=0x0, private=private
entry=0) at ./nptl/futex-internal.c:139
#3  0x00007ce052493a41 in __pthread_cond_wait_common (abstime=0x0, clockid=0, mutex=0x7ce035deb890 <thread_status+2832>, cond=0x7ce035deb8b8 <thread_status+2872>) at ./nptl/pthread_cond_wait.c:503
#4  ___pthread_cond_wait (cond=0x7ce035deb8b8 <thread_status+2872>, mutex=0x7ce035deb890 <thread_status+2832>) at ./nptl/pthread_cond_wait.c:627
#5  0x00007ce03415bf8b in blas_thread_server () from /home/aegis/.local/lib/python3.10/site-packages/numpy/_core/../../numpy.libs/libscipy_openblas64_-99b71e71.so
#6  0x00007ce052494ac3 in start_thread (arg=<optimized out>) at ./nptl/pthread_create.c:442
#7  0x00007ce0525268c0 in clone3 () at ../sysdeps/unix/sysv/linux/x86_64/clone3.S:81

Thread 23 (Thread 0x7cdffedff640 (LWP 4306) "python3"):
#0  __futex_abstimed_wait_common64 (private=0, cancel=true, abstime=0x0, op=393, expected=0, futex_word=0x7ce035deb860 <thread_status+2784>) at ./nptl/futex-internal.c:57
#1  __futex_abstimed_wait_common (cancel=true, private=0, abstime=0x0, clockid=0, expected=0, futex_word=0x7ce035deb860 <thread_status+2784>) at ./nptl/futex-internal.c:87
#2  __GI___futex_abstimed_wait_cancelable64 (futex_word=futex_word
entry=0x7ce035deb860 <thread_status+2784>, expected=expected
entry=0, clockid=clockid
entry=0, abstime=abstime
entry=0x0, private=private
entry=0) at ./nptl/futex-internal.c:139
#3  0x00007ce052493a41 in __pthread_cond_wait_common (abstime=0x0, clockid=0, mutex=0x7ce035deb810 <thread_status+2704>, cond=0x7ce035deb838 <thread_status+2744>) at ./nptl/pthread_cond_wait.c:503
#4  ___pthread_cond_wait (cond=0x7ce035deb838 <thread_status+2744>, mutex=0x7ce035deb810 <thread_status+2704>) at ./nptl/pthread_cond_wait.c:627
#5  0x00007ce03415bf8b in blas_thread_server () from /home/aegis/.local/lib/python3.10/site-packages/numpy/_core/../../numpy.libs/libscipy_openblas64_-99b71e71.so
#6  0x00007ce052494ac3 in start_thread (arg=<optimized out>) at ./nptl/pthread_create.c:442
#7  0x00007ce0525268c0 in clone3 () at ../sysdeps/unix/sysv/linux/x86_64/clone3.S:81

Thread 22 (Thread 0x7ce0017ff640 (LWP 4305) "python3"):
#0  __futex_abstimed_wait_common64 (private=0, cancel=true, abstime=0x0, op=393, expected=0, futex_word=0x7ce035deb7e0 <thread_status+2656>) at ./nptl/futex-internal.c:57
#1  __futex_abstimed_wait_common (cancel=true, private=0, abstime=0x0, clockid=0, expected=0, futex_word=0x7ce035deb7e0 <thread_status+2656>) at ./nptl/futex-internal.c:87
#2  __GI___futex_abstimed_wait_cancelable64 (futex_word=futex_word
entry=0x7ce035deb7e0 <thread_status+2656>, expected=expected
entry=0, clockid=clockid
entry=0, abstime=abstime
entry=0x0, private=private
entry=0) at ./nptl/futex-internal.c:139
#3  0x00007ce052493a41 in __pthread_cond_wait_common (abstime=0x0, clockid=0, mutex=0x7ce035deb790 <thread_status+2576>, cond=0x7ce035deb7b8 <thread_status+2616>) at ./nptl/pthread_cond_wait.c:503
#4  ___pthread_cond_wait (cond=0x7ce035deb7b8 <thread_status+2616>, mutex=0x7ce035deb790 <thread_status+2576>) at ./nptl/pthread_cond_wait.c:627
#5  0x00007ce03415bf8b in blas_thread_server () from /home/aegis/.local/lib/python3.10/site-packages/numpy/_core/../../numpy.libs/libscipy_openblas64_-99b71e71.so
#6  0x00007ce052494ac3 in start_thread (arg=<optimized out>) at ./nptl/pthread_create.c:442
#7  0x00007ce0525268c0 in clone3 () at ../sysdeps/unix/sysv/linux/x86_64/clone3.S:81

Thread 21 (Thread 0x7ce0041ff640 (LWP 4304) "python3"):
#0  __futex_abstimed_wait_common64 (private=0, cancel=true, abstime=0x0, op=393, expected=0, futex_word=0x7ce035deb760 <thread_status+2528>) at ./nptl/futex-internal.c:57
#1  __futex_abstimed_wait_common (cancel=true, private=0, abstime=0x0, clockid=0, expected=0, futex_word=0x7ce035deb760 <thread_status+2528>) at ./nptl/futex-internal.c:87
#2  __GI___futex_abstimed_wait_cancelable64 (futex_word=futex_word
entry=0x7ce035deb760 <thread_status+2528>, expected=expected
entry=0, clockid=clockid
entry=0, abstime=abstime
entry=0x0, private=private
entry=0) at ./nptl/futex-internal.c:139
#3  0x00007ce052493a41 in __pthread_cond_wait_common (abstime=0x0, clockid=0, mutex=0x7ce035deb710 <thread_status+2448>, cond=0x7ce035deb738 <thread_status+2488>) at ./nptl/pthread_cond_wait.c:503
#4  ___pthread_cond_wait (cond=0x7ce035deb738 <thread_status+2488>, mutex=0x7ce035deb710 <thread_status+2448>) at ./nptl/pthread_cond_wait.c:627
#5  0x00007ce03415bf8b in blas_thread_server () from /home/aegis/.local/lib/python3.10/site-packages/numpy/_core/../../numpy.libs/libscipy_openblas64_-99b71e71.so
#6  0x00007ce052494ac3 in start_thread (arg=<optimized out>) at ./nptl/pthread_create.c:442
#7  0x00007ce0525268c0 in clone3 () at ../sysdeps/unix/sysv/linux/x86_64/clone3.S:81

Thread 20 (Thread 0x7ce006bff640 (LWP 4303) "python3"):
#0  __futex_abstimed_wait_common64 (private=0, cancel=true, abstime=0x0, op=393, expected=0, futex_word=0x7ce035deb6e0 <thread_status+2400>) at ./nptl/futex-internal.c:57
#1  __futex_abstimed_wait_common (cancel=true, private=0, abstime=0x0, clockid=0, expected=0, futex_word=0x7ce035deb6e0 <thread_status+2400>) at ./nptl/futex-internal.c:87
#2  __GI___futex_abstimed_wait_cancelable64 (futex_word=futex_word
entry=0x7ce035deb6e0 <thread_status+2400>, expected=expected
entry=0, clockid=clockid
entry=0, abstime=abstime
entry=0x0, private=private
entry=0) at ./nptl/futex-internal.c:139
#3  0x00007ce052493a41 in __pthread_cond_wait_common (abstime=0x0, clockid=0, mutex=0x7ce035deb690 <thread_status+2320>, cond=0x7ce035deb6b8 <thread_status+2360>) at ./nptl/pthread_cond_wait.c:503
#4  ___pthread_cond_wait (cond=0x7ce035deb6b8 <thread_status+2360>, mutex=0x7ce035deb690 <thread_status+2320>) at ./nptl/pthread_cond_wait.c:627
#5  0x00007ce03415bf8b in blas_thread_server () from /home/aegis/.local/lib/python3.10/site-packages/numpy/_core/../../numpy.libs/libscipy_openblas64_-99b71e71.so
#6  0x00007ce052494ac3 in start_thread (arg=<optimized out>) at ./nptl/pthread_create.c:442
#7  0x00007ce0525268c0 in clone3 () at ../sysdeps/unix/sysv/linux/x86_64/clone3.S:81

Thread 19 (Thread 0x7ce0095ff640 (LWP 4302) "python3"):
#0  __futex_abstimed_wait_common64 (private=0, cancel=true, abstime=0x0, op=393, expected=0, futex_word=0x7ce035deb660 <thread_status+2272>) at ./nptl/futex-internal.c:57
#1  __futex_abstimed_wait_common (cancel=true, private=0, abstime=0x0, clockid=0, expected=0, futex_word=0x7ce035deb660 <thread_status+2272>) at ./nptl/futex-internal.c:87
#2  __GI___futex_abstimed_wait_cancelable64 (futex_word=futex_word
entry=0x7ce035deb660 <thread_status+2272>, expected=expected
entry=0, clockid=clockid
entry=0, abstime=abstime
entry=0x0, private=private
entry=0) at ./nptl/futex-internal.c:139
#3  0x00007ce052493a41 in __pthread_cond_wait_common (abstime=0x0, clockid=0, mutex=0x7ce035deb610 <thread_status+2192>, cond=0x7ce035deb638 <thread_status+2232>) at ./nptl/pthread_cond_wait.c:503
#4  ___pthread_cond_wait (cond=0x7ce035deb638 <thread_status+2232>, mutex=0x7ce035deb610 <thread_status+2192>) at ./nptl/pthread_cond_wait.c:627
#5  0x00007ce03415bf8b in blas_thread_server () from /home/aegis/.local/lib/python3.10/site-packages/numpy/_core/../../numpy.libs/libscipy_openblas64_-99b71e71.so
#6  0x00007ce052494ac3 in start_thread (arg=<optimized out>) at ./nptl/pthread_create.c:442
#7  0x00007ce0525268c0 in clone3 () at ../sysdeps/unix/sysv/linux/x86_64/clone3.S:81

Thread 18 (Thread 0x7ce00bfff640 (LWP 4301) "python3"):
#0  __futex_abstimed_wait_common64 (private=0, cancel=true, abstime=0x0, op=393, expected=0, futex_word=0x7ce035deb5e0 <thread_status+2144>) at ./nptl/futex-internal.c:57
#1  __futex_abstimed_wait_common (cancel=true, private=0, abstime=0x0, clockid=0, expected=0, futex_word=0x7ce035deb5e0 <thread_status+2144>) at ./nptl/futex-internal.c:87
#2  __GI___futex_abstimed_wait_cancelable64 (futex_word=futex_word
entry=0x7ce035deb5e0 <thread_status+2144>, expected=expected
entry=0, clockid=clockid
entry=0, abstime=abstime
entry=0x0, private=private
entry=0) at ./nptl/futex-internal.c:139
#3  0x00007ce052493a41 in __pthread_cond_wait_common (abstime=0x0, clockid=0, mutex=0x7ce035deb590 <thread_status+2064>, cond=0x7ce035deb5b8 <thread_status+2104>) at ./nptl/pthread_cond_wait.c:503
#4  ___pthread_cond_wait (cond=0x7ce035deb5b8 <thread_status+2104>, mutex=0x7ce035deb590 <thread_status+2064>) at ./nptl/pthread_cond_wait.c:627
#5  0x00007ce03415bf8b in blas_thread_server () from /home/aegis/.local/lib/python3.10/site-packages/numpy/_core/../../numpy.libs/libscipy_openblas64_-99b71e71.so
#6  0x00007ce052494ac3 in start_thread (arg=<optimized out>) at ./nptl/pthread_create.c:442
#7  0x00007ce0525268c0 in clone3 () at ../sysdeps/unix/sysv/linux/x86_64/clone3.S:81

Thread 17 (Thread 0x7ce00e9ff640 (LWP 4300) "python3"):
#0  __futex_abstimed_wait_common64 (private=0, cancel=true, abstime=0x0, op=393, expected=0, futex_word=0x7ce035deb560 <thread_status+2016>) at ./nptl/futex-internal.c:57
#1  __futex_abstimed_wait_common (cancel=true, private=0, abstime=0x0, clockid=0, expected=0, futex_word=0x7ce035deb560 <thread_status+2016>) at ./nptl/futex-internal.c:87
#2  __GI___futex_abstimed_wait_cancelable64 (futex_word=futex_word
entry=0x7ce035deb560 <thread_status+2016>, expected=expected
entry=0, clockid=clockid
entry=0, abstime=abstime
entry=0x0, private=private
entry=0) at ./nptl/futex-internal.c:139
#3  0x00007ce052493a41 in __pthread_cond_wait_common (abstime=0x0, clockid=0, mutex=0x7ce035deb510 <thread_status+1936>, cond=0x7ce035deb538 <thread_status+1976>) at ./nptl/pthread_cond_wait.c:503
#4  ___pthread_cond_wait (cond=0x7ce035deb538 <thread_status+1976>, mutex=0x7ce035deb510 <thread_status+1936>) at ./nptl/pthread_cond_wait.c:627
#5  0x00007ce03415bf8b in blas_thread_server () from /home/aegis/.local/lib/python3.10/site-packages/numpy/_core/../../numpy.libs/libscipy_openblas64_-99b71e71.so
#6  0x00007ce052494ac3 in start_thread (arg=<optimized out>) at ./nptl/pthread_create.c:442
#7  0x00007ce0525268c0 in clone3 () at ../sysdeps/unix/sysv/linux/x86_64/clone3.S:81

Thread 16 (Thread 0x7ce0113ff640 (LWP 4299) "python3"):
#0  __futex_abstimed_wait_common64 (private=0, cancel=true, abstime=0x0, op=393, expected=0, futex_word=0x7ce035deb4e0 <thread_status+1888>) at ./nptl/futex-internal.c:57
#1  __futex_abstimed_wait_common (cancel=true, private=0, abstime=0x0, clockid=0, expected=0, futex_word=0x7ce035deb4e0 <thread_status+1888>) at ./nptl/futex-internal.c:87
#2  __GI___futex_abstimed_wait_cancelable64 (futex_word=futex_word
entry=0x7ce035deb4e0 <thread_status+1888>, expected=expected
entry=0, clockid=clockid
entry=0, abstime=abstime
entry=0x0, private=private
entry=0) at ./nptl/futex-internal.c:139
#3  0x00007ce052493a41 in __pthread_cond_wait_common (abstime=0x0, clockid=0, mutex=0x7ce035deb490 <thread_status+1808>, cond=0x7ce035deb4b8 <thread_status+1848>) at ./nptl/pthread_cond_wait.c:503
#4  ___pthread_cond_wait (cond=0x7ce035deb4b8 <thread_status+1848>, mutex=0x7ce035deb490 <thread_status+1808>) at ./nptl/pthread_cond_wait.c:627
#5  0x00007ce03415bf8b in blas_thread_server () from /home/aegis/.local/lib/python3.10/site-packages/numpy/_core/../../numpy.libs/libscipy_openblas64_-99b71e71.so
#6  0x00007ce052494ac3 in start_thread (arg=<optimized out>) at ./nptl/pthread_create.c:442
#7  0x00007ce0525268c0 in clone3 () at ../sysdeps/unix/sysv/linux/x86_64/clone3.S:81

Thread 15 (Thread 0x7ce015dfe640 (LWP 4298) "python3"):
#0  __futex_abstimed_wait_common64 (private=0, cancel=true, abstime=0x0, op=393, expected=0, futex_word=0x7ce035deb460 <thread_status+1760>) at ./nptl/futex-internal.c:57
#1  __futex_abstimed_wait_common (cancel=true, private=0, abstime=0x0, clockid=0, expected=0, futex_word=0x7ce035deb460 <thread_status+1760>) at ./nptl/futex-internal.c:87
#2  __GI___futex_abstimed_wait_cancelable64 (futex_word=futex_word
entry=0x7ce035deb460 <thread_status+1760>, expected=expected
entry=0, clockid=clockid
entry=0, abstime=abstime
entry=0x0, private=private
entry=0) at ./nptl/futex-internal.c:139
#3  0x00007ce052493a41 in __pthread_cond_wait_common (abstime=0x0, clockid=0, mutex=0x7ce035deb410 <thread_status+1680>, cond=0x7ce035deb438 <thread_status+1720>) at ./nptl/pthread_cond_wait.c:503
#4  ___pthread_cond_wait (cond=0x7ce035deb438 <thread_status+1720>, mutex=0x7ce035deb410 <thread_status+1680>) at ./nptl/pthread_cond_wait.c:627
#5  0x00007ce03415bf8b in blas_thread_server () from /home/aegis/.local/lib/python3.10/site-packages/numpy/_core/../../numpy.libs/libscipy_openblas64_-99b71e71.so
#6  0x00007ce052494ac3 in start_thread (arg=<optimized out>) at ./nptl/pthread_create.c:442
#7  0x00007ce0525268c0 in clone3 () at ../sysdeps/unix/sysv/linux/x86_64/clone3.S:81

Thread 14 (Thread 0x7ce0165ff640 (LWP 4297) "python3"):
#0  __futex_abstimed_wait_common64 (private=0, cancel=true, abstime=0x0, op=393, expected=0, futex_word=0x7ce035deb3e0 <thread_status+1632>) at ./nptl/futex-internal.c:57
#1  __futex_abstimed_wait_common (cancel=true, private=0, abstime=0x0, clockid=0, expected=0, futex_word=0x7ce035deb3e0 <thread_status+1632>) at ./nptl/futex-internal.c:87
#2  __GI___futex_abstimed_wait_cancelable64 (futex_word=futex_word
entry=0x7ce035deb3e0 <thread_status+1632>, expected=expected
entry=0, clockid=clockid
entry=0, abstime=abstime
entry=0x0, private=private
entry=0) at ./nptl/futex-internal.c:139
#3  0x00007ce052493a41 in __pthread_cond_wait_common (abstime=0x0, clockid=0, mutex=0x7ce035deb390 <thread_status+1552>, cond=0x7ce035deb3b8 <thread_status+1592>) at ./nptl/pthread_cond_wait.c:503
#4  ___pthread_cond_wait (cond=0x7ce035deb3b8 <thread_status+1592>, mutex=0x7ce035deb390 <thread_status+1552>) at ./nptl/pthread_cond_wait.c:627
#5  0x00007ce03415bf8b in blas_thread_server () from /home/aegis/.local/lib/python3.10/site-packages/numpy/_core/../../numpy.libs/libscipy_openblas64_-99b71e71.so
#6  0x00007ce052494ac3 in start_thread (arg=<optimized out>) at ./nptl/pthread_create.c:442
#7  0x00007ce0525268c0 in clone3 () at ../sysdeps/unix/sysv/linux/x86_64/clone3.S:81

Thread 13 (Thread 0x7ce01affe640 (LWP 4296) "python3"):
#0  __futex_abstimed_wait_common64 (private=0, cancel=true, abstime=0x0, op=393, expected=0, futex_word=0x7ce035deb360 <thread_status+1504>) at ./nptl/futex-internal.c:57
#1  __futex_abstimed_wait_common (cancel=true, private=0, abstime=0x0, clockid=0, expected=0, futex_word=0x7ce035deb360 <thread_status+1504>) at ./nptl/futex-internal.c:87
#2  __GI___futex_abstimed_wait_cancelable64 (futex_word=futex_word
entry=0x7ce035deb360 <thread_status+1504>, expected=expected
entry=0, clockid=clockid
entry=0, abstime=abstime
entry=0x0, private=private
entry=0) at ./nptl/futex-internal.c:139
#3  0x00007ce052493a41 in __pthread_cond_wait_common (abstime=0x0, clockid=0, mutex=0x7ce035deb310 <thread_status+1424>, cond=0x7ce035deb338 <thread_status+1464>) at ./nptl/pthread_cond_wait.c:503
#4  ___pthread_cond_wait (cond=0x7ce035deb338 <thread_status+1464>, mutex=0x7ce035deb310 <thread_status+1424>) at ./nptl/pthread_cond_wait.c:627
#5  0x00007ce03415bf8b in blas_thread_server () from /home/aegis/.local/lib/python3.10/site-packages/numpy/_core/../../numpy.libs/libscipy_openblas64_-99b71e71.so
#6  0x00007ce052494ac3 in start_thread (arg=<optimized out>) at ./nptl/pthread_create.c:442
#7  0x00007ce0525268c0 in clone3 () at ../sysdeps/unix/sysv/linux/x86_64/clone3.S:81

Thread 12 (Thread 0x7ce01b7ff640 (LWP 4295) "python3"):
#0  __futex_abstimed_wait_common64 (private=0, cancel=true, abstime=0x0, op=393, expected=0, futex_word=0x7ce035deb2e0 <thread_status+1376>) at ./nptl/futex-internal.c:57
#1  __futex_abstimed_wait_common (cancel=true, private=0, abstime=0x0, clockid=0, expected=0, futex_word=0x7ce035deb2e0 <thread_status+1376>) at ./nptl/futex-internal.c:87
#2  __GI___futex_abstimed_wait_cancelable64 (futex_word=futex_word
entry=0x7ce035deb2e0 <thread_status+1376>, expected=expected
entry=0, clockid=clockid
entry=0, abstime=abstime
entry=0x0, private=private
entry=0) at ./nptl/futex-internal.c:139
#3  0x00007ce052493a41 in __pthread_cond_wait_common (abstime=0x0, clockid=0, mutex=0x7ce035deb290 <thread_status+1296>, cond=0x7ce035deb2b8 <thread_status+1336>) at ./nptl/pthread_cond_wait.c:503
#4  ___pthread_cond_wait (cond=0x7ce035deb2b8 <thread_status+1336>, mutex=0x7ce035deb290 <thread_status+1296>) at ./nptl/pthread_cond_wait.c:627
#5  0x00007ce03415bf8b in blas_thread_server () from /home/aegis/.local/lib/python3.10/site-packages/numpy/_core/../../numpy.libs/libscipy_openblas64_-99b71e71.so
#6  0x00007ce052494ac3 in start_thread (arg=<optimized out>) at ./nptl/pthread_create.c:442
#7  0x00007ce0525268c0 in clone3 () at ../sysdeps/unix/sysv/linux/x86_64/clone3.S:81

Thread 11 (Thread 0x7ce01e1ff640 (LWP 4294) "python3"):
#0  __futex_abstimed_wait_common64 (private=0, cancel=true, abstime=0x0, op=393, expected=0, futex_word=0x7ce035deb260 <thread_status+1248>) at ./nptl/futex-internal.c:57
#1  __futex_abstimed_wait_common (cancel=true, private=0, abstime=0x0, clockid=0, expected=0, futex_word=0x7ce035deb260 <thread_status+1248>) at ./nptl/futex-internal.c:87
#2  __GI___futex_abstimed_wait_cancelable64 (futex_word=futex_word
entry=0x7ce035deb260 <thread_status+1248>, expected=expected
entry=0, clockid=clockid
entry=0, abstime=abstime
entry=0x0, private=private
entry=0) at ./nptl/futex-internal.c:139
#3  0x00007ce052493a41 in __pthread_cond_wait_common (abstime=0x0, clockid=0, mutex=0x7ce035deb210 <thread_status+1168>, cond=0x7ce035deb238 <thread_status+1208>) at ./nptl/pthread_cond_wait.c:503
#4  ___pthread_cond_wait (cond=0x7ce035deb238 <thread_status+1208>, mutex=0x7ce035deb210 <thread_status+1168>) at ./nptl/pthread_cond_wait.c:627
#5  0x00007ce03415bf8b in blas_thread_server () from /home/aegis/.local/lib/python3.10/site-packages/numpy/_core/../../numpy.libs/libscipy_openblas64_-99b71e71.so
#6  0x00007ce052494ac3 in start_thread (arg=<optimized out>) at ./nptl/pthread_create.c:442
#7  0x00007ce0525268c0 in clone3 () at ../sysdeps/unix/sysv/linux/x86_64/clone3.S:81

Thread 10 (Thread 0x7ce022bff640 (LWP 4293) "python3"):
#0  __futex_abstimed_wait_common64 (private=0, cancel=true, abstime=0x0, op=393, expected=0, futex_word=0x7ce035deb1e0 <thread_status+1120>) at ./nptl/futex-internal.c:57
#1  __futex_abstimed_wait_common (cancel=true, private=0, abstime=0x0, clockid=0, expected=0, futex_word=0x7ce035deb1e0 <thread_status+1120>) at ./nptl/futex-internal.c:87
#2  __GI___futex_abstimed_wait_cancelable64 (futex_word=futex_word
entry=0x7ce035deb1e0 <thread_status+1120>, expected=expected
entry=0, clockid=clockid
entry=0, abstime=abstime
entry=0x0, private=private
entry=0) at ./nptl/futex-internal.c:139
#3  0x00007ce052493a41 in __pthread_cond_wait_common (abstime=0x0, clockid=0, mutex=0x7ce035deb190 <thread_status+1040>, cond=0x7ce035deb1b8 <thread_status+1080>) at ./nptl/pthread_cond_wait.c:503
#4  ___pthread_cond_wait (cond=0x7ce035deb1b8 <thread_status+1080>, mutex=0x7ce035deb190 <thread_status+1040>) at ./nptl/pthread_cond_wait.c:627
#5  0x00007ce03415bf8b in blas_thread_server () from /home/aegis/.local/lib/python3.10/site-packages/numpy/_core/../../numpy.libs/libscipy_openblas64_-99b71e71.so
#6  0x00007ce052494ac3 in start_thread (arg=<optimized out>) at ./nptl/pthread_create.c:442
#7  0x00007ce0525268c0 in clone3 () at ../sysdeps/unix/sysv/linux/x86_64/clone3.S:81

Thread 9 (Thread 0x7ce0255fe640 (LWP 4292) "python3"):
#0  __futex_abstimed_wait_common64 (private=0, cancel=true, abstime=0x0, op=393, expected=0, futex_word=0x7ce035deb160 <thread_status+992>) at ./nptl/futex-internal.c:57
#1  __futex_abstimed_wait_common (cancel=true, private=0, abstime=0x0, clockid=0, expected=0, futex_word=0x7ce035deb160 <thread_status+992>) at ./nptl/futex-internal.c:87
#2  __GI___futex_abstimed_wait_cancelable64 (futex_word=futex_word
entry=0x7ce035deb160 <thread_status+992>, expected=expected
entry=0, clockid=clockid
entry=0, abstime=abstime
entry=0x0, private=private
entry=0) at ./nptl/futex-internal.c:139
#3  0x00007ce052493a41 in __pthread_cond_wait_common (abstime=0x0, clockid=0, mutex=0x7ce035deb110 <thread_status+912>, cond=0x7ce035deb138 <thread_status+952>) at ./nptl/pthread_cond_wait.c:503
#4  ___pthread_cond_wait (cond=0x7ce035deb138 <thread_status+952>, mutex=0x7ce035deb110 <thread_status+912>) at ./nptl/pthread_cond_wait.c:627
#5  0x00007ce03415bf8b in blas_thread_server () from /home/aegis/.local/lib/python3.10/site-packages/numpy/_core/../../numpy.libs/libscipy_openblas64_-99b71e71.so
#6  0x00007ce052494ac3 in start_thread (arg=<optimized out>) at ./nptl/pthread_create.c:442
#7  0x00007ce0525268c0 in clone3 () at ../sysdeps/unix/sysv/linux/x86_64/clone3.S:81

Thread 8 (Thread 0x7ce025dff640 (LWP 4291) "python3"):
#0  __futex_abstimed_wait_common64 (private=0, cancel=true, abstime=0x0, op=393, expected=0, futex_word=0x7ce035deb0e0 <thread_status+864>) at ./nptl/futex-internal.c:57
#1  __futex_abstimed_wait_common (cancel=true, private=0, abstime=0x0, clockid=0, expected=0, futex_word=0x7ce035deb0e0 <thread_status+864>) at ./nptl/futex-internal.c:87
#2  __GI___futex_abstimed_wait_cancelable64 (futex_word=futex_word
entry=0x7ce035deb0e0 <thread_status+864>, expected=expected
entry=0, clockid=clockid
entry=0, abstime=abstime
entry=0x0, private=private
entry=0) at ./nptl/futex-internal.c:139
#3  0x00007ce052493a41 in __pthread_cond_wait_common (abstime=0x0, clockid=0, mutex=0x7ce035deb090 <thread_status+784>, cond=0x7ce035deb0b8 <thread_status+824>) at ./nptl/pthread_cond_wait.c:503
#4  ___pthread_cond_wait (cond=0x7ce035deb0b8 <thread_status+824>, mutex=0x7ce035deb090 <thread_status+784>) at ./nptl/pthread_cond_wait.c:627
#5  0x00007ce03415bf8b in blas_thread_server () from /home/aegis/.local/lib/python3.10/site-packages/numpy/_core/../../numpy.libs/libscipy_openblas64_-99b71e71.so
#6  0x00007ce052494ac3 in start_thread (arg=<optimized out>) at ./nptl/pthread_create.c:442
#7  0x00007ce0525268c0 in clone3 () at ../sysdeps/unix/sysv/linux/x86_64/clone3.S:81

Thread 7 (Thread 0x7ce02a7ff640 (LWP 4290) "python3"):
#0  __futex_abstimed_wait_common64 (private=0, cancel=true, abstime=0x0, op=393, expected=0, futex_word=0x7ce035deb060 <thread_status+736>) at ./nptl/futex-internal.c:57
#1  __futex_abstimed_wait_common (cancel=true, private=0, abstime=0x0, clockid=0, expected=0, futex_word=0x7ce035deb060 <thread_status+736>) at ./nptl/futex-internal.c:87
#2  __GI___futex_abstimed_wait_cancelable64 (futex_word=futex_word
entry=0x7ce035deb060 <thread_status+736>, expected=expected
entry=0, clockid=clockid
entry=0, abstime=abstime
entry=0x0, private=private
entry=0) at ./nptl/futex-internal.c:139
#3  0x00007ce052493a41 in __pthread_cond_wait_common (abstime=0x0, clockid=0, mutex=0x7ce035deb010 <thread_status+656>, cond=0x7ce035deb038 <thread_status+696>) at ./nptl/pthread_cond_wait.c:503
#4  ___pthread_cond_wait (cond=0x7ce035deb038 <thread_status+696>, mutex=0x7ce035deb010 <thread_status+656>) at ./nptl/pthread_cond_wait.c:627
#5  0x00007ce03415bf8b in blas_thread_server () from /home/aegis/.local/lib/python3.10/site-packages/numpy/_core/../../numpy.libs/libscipy_openblas64_-99b71e71.so
#6  0x00007ce052494ac3 in start_thread (arg=<optimized out>) at ./nptl/pthread_create.c:442
#7  0x00007ce0525268c0 in clone3 () at ../sysdeps/unix/sysv/linux/x86_64/clone3.S:81

Thread 6 (Thread 0x7ce02d1fe640 (LWP 4289) "python3"):
#0  __futex_abstimed_wait_common64 (private=0, cancel=true, abstime=0x0, op=393, expected=0, futex_word=0x7ce035deafe0 <thread_status+608>) at ./nptl/futex-internal.c:57
#1  __futex_abstimed_wait_common (cancel=true, private=0, abstime=0x0, clockid=0, expected=0, futex_word=0x7ce035deafe0 <thread_status+608>) at ./nptl/futex-internal.c:87
#2  __GI___futex_abstimed_wait_cancelable64 (futex_word=futex_word
entry=0x7ce035deafe0 <thread_status+608>, expected=expected
entry=0, clockid=clockid
entry=0, abstime=abstime
entry=0x0, private=private
entry=0) at ./nptl/futex-internal.c:139
#3  0x00007ce052493a41 in __pthread_cond_wait_common (abstime=0x0, clockid=0, mutex=0x7ce035deaf90 <thread_status+528>, cond=0x7ce035deafb8 <thread_status+568>) at ./nptl/pthread_cond_wait.c:503
#4  ___pthread_cond_wait (cond=0x7ce035deafb8 <thread_status+568>, mutex=0x7ce035deaf90 <thread_status+528>) at ./nptl/pthread_cond_wait.c:627
#5  0x00007ce03415bf8b in blas_thread_server () from /home/aegis/.local/lib/python3.10/site-packages/numpy/_core/../../numpy.libs/libscipy_openblas64_-99b71e71.so
#6  0x00007ce052494ac3 in start_thread (arg=<optimized out>) at ./nptl/pthread_create.c:442
#7  0x00007ce0525268c0 in clone3 () at ../sysdeps/unix/sysv/linux/x86_64/clone3.S:81

Thread 5 (Thread 0x7ce02d9ff640 (LWP 4288) "python3"):
#0  __futex_abstimed_wait_common64 (private=0, cancel=true, abstime=0x0, op=393, expected=0, futex_word=0x7ce035deaf60 <thread_status+480>) at ./nptl/futex-internal.c:57
#1  __futex_abstimed_wait_common (cancel=true, private=0, abstime=0x0, clockid=0, expected=0, futex_word=0x7ce035deaf60 <thread_status+480>) at ./nptl/futex-internal.c:87
#2  __GI___futex_abstimed_wait_cancelable64 (futex_word=futex_word
entry=0x7ce035deaf60 <thread_status+480>, expected=expected
entry=0, clockid=clockid
entry=0, abstime=abstime
entry=0x0, private=private
entry=0) at ./nptl/futex-internal.c:139
#3  0x00007ce052493a41 in __pthread_cond_wait_common (abstime=0x0, clockid=0, mutex=0x7ce035deaf10 <thread_status+400>, cond=0x7ce035deaf38 <thread_status+440>) at ./nptl/pthread_cond_wait.c:503
#4  ___pthread_cond_wait (cond=0x7ce035deaf38 <thread_status+440>, mutex=0x7ce035deaf10 <thread_status+400>) at ./nptl/pthread_cond_wait.c:627
#5  0x00007ce03415bf8b in blas_thread_server () from /home/aegis/.local/lib/python3.10/site-packages/numpy/_core/../../numpy.libs/libscipy_openblas64_-99b71e71.so
#6  0x00007ce052494ac3 in start_thread (arg=<optimized out>) at ./nptl/pthread_create.c:442
#7  0x00007ce0525268c0 in clone3 () at ../sysdeps/unix/sysv/linux/x86_64/clone3.S:81

Thread 4 (Thread 0x7ce0323fd640 (LWP 4287) "python3"):
#0  __futex_abstimed_wait_common64 (private=0, cancel=true, abstime=0x0, op=393, expected=0, futex_word=0x7ce035deaee0 <thread_status+352>) at ./nptl/futex-internal.c:57
#1  __futex_abstimed_wait_common (cancel=true, private=0, abstime=0x0, clockid=0, expected=0, futex_word=0x7ce035deaee0 <thread_status+352>) at ./nptl/futex-internal.c:87
#2  __GI___futex_abstimed_wait_cancelable64 (futex_word=futex_word
entry=0x7ce035deaee0 <thread_status+352>, expected=expected
entry=0, clockid=clockid
entry=0, abstime=abstime
entry=0x0, private=private
entry=0) at ./nptl/futex-internal.c:139
#3  0x00007ce052493a41 in __pthread_cond_wait_common (abstime=0x0, clockid=0, mutex=0x7ce035deae90 <thread_status+272>, cond=0x7ce035deaeb8 <thread_status+312>) at ./nptl/pthread_cond_wait.c:503
#4  ___pthread_cond_wait (cond=0x7ce035deaeb8 <thread_status+312>, mutex=0x7ce035deae90 <thread_status+272>) at ./nptl/pthread_cond_wait.c:627
#5  0x00007ce03415bf8b in blas_thread_server () from /home/aegis/.local/lib/python3.10/site-packages/numpy/_core/../../numpy.libs/libscipy_openblas64_-99b71e71.so
#6  0x00007ce052494ac3 in start_thread (arg=<optimized out>) at ./nptl/pthread_create.c:442
#7  0x00007ce0525268c0 in clone3 () at ../sysdeps/unix/sysv/linux/x86_64/clone3.S:81

Thread 3 (Thread 0x7ce032bfe640 (LWP 4286) "python3"):
#0  __futex_abstimed_wait_common64 (private=0, cancel=true, abstime=0x0, op=393, expected=0, futex_word=0x7ce035deae60 <thread_status+224>) at ./nptl/futex-internal.c:57
#1  __futex_abstimed_wait_common (cancel=true, private=0, abstime=0x0, clockid=0, expected=0, futex_word=0x7ce035deae60 <thread_status+224>) at ./nptl/futex-internal.c:87
#2  __GI___futex_abstimed_wait_cancelable64 (futex_word=futex_word
entry=0x7ce035deae60 <thread_status+224>, expected=expected
entry=0, clockid=clockid
entry=0, abstime=abstime
entry=0x0, private=private
entry=0) at ./nptl/futex-internal.c:139
#3  0x00007ce052493a41 in __pthread_cond_wait_common (abstime=0x0, clockid=0, mutex=0x7ce035deae10 <thread_status+144>, cond=0x7ce035deae38 <thread_status+184>) at ./nptl/pthread_cond_wait.c:503
#4  ___pthread_cond_wait (cond=0x7ce035deae38 <thread_status+184>, mutex=0x7ce035deae10 <thread_status+144>) at ./nptl/pthread_cond_wait.c:627
#5  0x00007ce03415bf8b in blas_thread_server () from /home/aegis/.local/lib/python3.10/site-packages/numpy/_core/../../numpy.libs/libscipy_openblas64_-99b71e71.so
#6  0x00007ce052494ac3 in start_thread (arg=<optimized out>) at ./nptl/pthread_create.c:442
#7  0x00007ce0525268c0 in clone3 () at ../sysdeps/unix/sysv/linux/x86_64/clone3.S:81

Thread 2 (Thread 0x7ce0333ff640 (LWP 4285) "python3"):
#0  __futex_abstimed_wait_common64 (private=0, cancel=true, abstime=0x0, op=393, expected=0, futex_word=0x7ce035deade0 <thread_status+96>) at ./nptl/futex-internal.c:57
#1  __futex_abstimed_wait_common (cancel=true, private=0, abstime=0x0, clockid=0, expected=0, futex_word=0x7ce035deade0 <thread_status+96>) at ./nptl/futex-internal.c:87
#2  __GI___futex_abstimed_wait_cancelable64 (futex_word=futex_word
entry=0x7ce035deade0 <thread_status+96>, expected=expected
entry=0, clockid=clockid
entry=0, abstime=abstime
entry=0x0, private=private
entry=0) at ./nptl/futex-internal.c:139
#3  0x00007ce052493a41 in __pthread_cond_wait_common (abstime=0x0, clockid=0, mutex=0x7ce035dead90 <thread_status+16>, cond=0x7ce035deadb8 <thread_status+56>) at ./nptl/pthread_cond_wait.c:503
#4  ___pthread_cond_wait (cond=0x7ce035deadb8 <thread_status+56>, mutex=0x7ce035dead90 <thread_status+16>) at ./nptl/pthread_cond_wait.c:627
#5  0x00007ce03415bf8b in blas_thread_server () from /home/aegis/.local/lib/python3.10/site-packages/numpy/_core/../../numpy.libs/libscipy_openblas64_-99b71e71.so
#6  0x00007ce052494ac3 in start_thread (arg=<optimized out>) at ./nptl/pthread_create.c:442
#7  0x00007ce0525268c0 in clone3 () at ../sysdeps/unix/sysv/linux/x86_64/clone3.S:81

Thread 1 (Thread 0x7ce052710280 (LWP 4276) "python3"):
#0  0x00007ce0524ea42f in __GI___wait4 (pid=140800, stat_loc=stat_loc
entry=0x7fff46e45ce8, options=options
entry=0, usage=usage
entry=0x0) at ../sysdeps/unix/sysv/linux/wait4.c:30
#1  0x00007ce0524ea3ab in __GI___waitpid (pid=<optimized out>, stat_loc=stat_loc
entry=0x7fff46e45ce8, options=options
entry=0) at ./posix/waitpid.c:38
#2  0x00007ce052450bdb in do_system (line=<optimized out>) at ../sysdeps/posix/system.c:171
#3  0x00007ce05185e9f6 in TUnixSystem::StackTrace() () from /home/aegis/Titan0/programs/lib/libCore.so
#4  0x00007ce05171b3e2 in DefaultErrorHandler(int, bool, char const*, char const*) () from /home/aegis/Titan0/programs/lib/libCore.so
#5  0x00007ce0517e24a9 in ErrorHandler () from /home/aegis/Titan0/programs/lib/libCore.so
#6  0x00007ce05172ea7d in TObject::Fatal(char const*, char const*, ...) const () from /home/aegis/Titan0/programs/lib/libCore.so
#7  0x00007ce051705100 in TBuffer::TBuffer(TBuffer::EMode, int) () from /home/aegis/Titan0/programs/lib/libCore.so
#8  0x00007ce050ee78dd in TBufferIO::TBufferIO(TBuffer::EMode, int) () from /home/aegis/Titan0/programs/lib/libRIO.so
#9  0x00007ce050ee122d in TBufferFile::TBufferFile(TBuffer::EMode, int) () from /home/aegis/Titan0/programs/lib/libRIO.so
#10 0x00007ce03730aa9d in TBasket::Streamer(TBuffer&) () from /home/aegis/Titan0/programs/lib/libTree.so
#11 0x00007ce0373095c4 in TBasket::ReadBasketBuffers(long long, int, TFile*) () from /home/aegis/Titan0/programs/lib/libTree.so
#12 0x00007ce037314b2c in TBranch::GetBasketImpl(int, TBuffer*) () from /home/aegis/Titan0/programs/lib/libTree.so
#13 0x00007ce03731628d in TBranch::GetBasketAndFirst(TBasket*&, long long&, TBuffer*) () from /home/aegis/Titan0/programs/lib/libTree.so
#14 0x00007ce03731649d in TBranch::GetEntry(long long, int) () from /home/aegis/Titan0/programs/lib/libTree.so
#15 0x00007ce037329405 in TBranchElement::GetEntry(long long, int) () from /home/aegis/Titan0/programs/lib/libTree.so
#16 0x00007cdff3d468b9 in (anonymous namespace)::TCollectionLessSTLReader::GetSize(ROOT::Detail::TBranchProxy*) () from /home/aegis/Titan0/programs/lib/libTreePlayer.so
#17 0x00007ce024cd838f in ?? ()
#18 0x000058c88a1ca7b0 in ?? ()
#19 0x000058c88b3b03c0 in ?? ()
#20 0x000058c8890f3cc0 in ?? ()
#21 0x000058c88abe25c0 in ?? ()
#22 0x000058c887243920 in ?? ()
#23 0x000058c8817eb080 in ?? ()
#24 0x000058c889244a60 in ?? ()
#25 0x000058c88b942280 in ?? ()
#26 0x000058c88b9bacf0 in ?? ()
#27 0x000058c88b6aeb90 in ?? ()
#28 0x000058c88b92a650 in ?? ()
#29 0x000058c883f1cee0 in ?? ()
#30 0x000058c8896f6f90 in ?? ()
#31 0x00007fff46e48c08 in ?? ()
#32 0x0000000c00000000 in ?? ()
#33 0x0000000000000000 in ?? ()
/var/lib/slurm/slurmd/job10657/slurm_script: line 14:  4276 Aborted                 (core dumped) python3 make_MC_script.py -process Wjets
