pT_j1 eta_j1 phi_j1 pT_j2 eta_j2 phi_j2 m_jj sm_jj tau21_j1 tau21_j2 tau32_j1 tau32_j2 met phi_met min_dPhi ht pt_balance weight
386.469 0.982036 1.3899 349.368 2.36656 -1.79604 940.521 844.574 0.748395 0.63454 0.668854 0.748916 27.9907 -1.75117 0.127155 727.208 0.100525 0.0996691
392.03 2.65928 0.103484 374.138 2.06899 -2.86211 813.45 758.19 0.485543 0.737054 0.670169 0.704787 55.2606 2.00151 1.42696 763.96 0.120617 0.0996691
1177.98 -1.24794 -0.2708 477.156 1.34242 1.84526 2869.89 2603.08 0.54049 0.345171 0.372403 0.581103 746.43 2.90945 0.265913 2193.73 0.755362 0.0996691
1651.19 0.274806 -1.82541 1211.31 -0.543386 1.37874 3083.93 3080.83 0.613209 0.605026 0.822893 0.567557 133.45 -0.121819 1.50367 3300.78 0.150324 0.0996691
2313.95 -1.03356 1.77043 2004.33 1.19779 -1.90817 7203.92 7251.55 0.131442 0.46939 0.5364 0.574779 104.028 -1.89246 0.0182813 5598.28 0.277314 0.0996691
1276.46 0.342293 2.28295 1174.8 -0.869879 -0.742486 2929.12 2903.76 0.706578 0.639755 0.88905 0.741347 203.483 -0.748254 0.0010047 2648.47 0.0725059 0.0996691
1346.2 0.235859 2.4166 1072.39 -1.22272 0.0990344 2930.37 2948.2 0.697308 0.450157 0.726568 0.443345 184.984 -1.17247 0.582823 3770.03 0.963015 0.0996691
1686.86 -1.15925 0.59362 801.253 0.480376 -2.53365 3189.08 3083.02 0.670107 0.542829 0.744173 0.888484 903.835 -2.58154 0.0439236 2492.44 0.389538 0.0996691
596.289 1.25883 0.799691 513.782 1.61603 -2.52357 1191.87 877.029 0.332036 0.312363 0.672617 0.751983 37.3479 1.28144 0.29551 1385.97 0.112035 0.0996691
1693.94 1.27959 1.51954 1123.18 -0.52389 -0.55785 3709.87 3739.57 0.525245 0.323801 0.764335 0.749887 386.3 -0.842485 0.282023 4473.75 0.536599 0.0996691
513.807 0.234852 2.0241 357.024 1.71412 -1.58615 1097.15 1028.84 0.786792 0.699991 0.742723 0.810439 152.31 -0.228729 0.0303729 1227.04 0.933714 0.0996691
1589.37 -0.0271515 -2.00394 1170.75 0.628183 1.50653 3036.59 2230.17 0.143401 0.672698 0.568362 0.671789 26.2919 1.64693 0.140277 3587.88 0.250066 0.0996691
1443.75 -0.637281 0.746563 414.915 -0.0572947 -2.32276 1622.7 1593.01 0.147381 0.678167 0.751099 0.558612 939.048 -2.32196 0.0129592 2159.87 0.887303 0.0996691
677.451 1.38266 -2.58149 661.843 -0.279945 0.582038 1845.84 1787.56 0.726548 0.78484 0.645642 0.704317 13.8394 0.233572 0.329269 1352.54 0.911165 0.0996691
551.651 -1.50464 -2.08144 431.299 -0.667978 1.03286 1104.23 880.661 0.628963 0.849488 0.78277 0.660093 128.061 1.26411 0.166602 976.858 0.551161 0.0996691
1046.38 0.159349 -0.97387 713.221 0.897494 2.08615 1870.15 1780.93 0.342073 0.734741 0.826373 0.807528 1110.5 2.0405 0.0466123 3022.91 0.243596 0.0996691
681.641 -0.172411 1.83829 420.49 2.85778 -2.0139 2531.78 2494.8 0.736015 0.699323 0.836145 0.74172 94.6684 -1.1207 0.394086 1554.83 0.401939 0.0996691
3254.2 0.0103897 1.77042 657.283 -1.43286 -1.87916 3661.65 3568.81 0.485981 0.828192 0.62239 0.782986 2660.99 -1.14632 0.187043 4921.79 0.823582 -0.0996691
1647.17 0.0616854 -0.625384 1355.46 0.50713 2.13999 3038.73 2970.33 0.615809 0.648099 0.621689 0.710988 22.9287 2.82381 0.597005 3620.29 0.817691 0.0996691
1367.87 -0.200884 2.83983 1316.09 -0.374012 -0.299857 2883 1966.21 0.351904 0.419721 0.762033 0.697722 45.9377 -3.12988 0.220351 2927.98 0.183944 0.0996691
592.775 -0.970542 2.52955 444.432 -1.8877 -0.392681 1176.94 913.952 0.392138 0.530693 0.639907 0.697096 115.1 -0.733821 0.327494 1174.6 0.1929 0.0996691
1602.72 0.726092 1.09834 1466.91 -0.0271615 -2.08266 3311.97 3277.33 0.679678 0.771431 0.789738 0.817018 136.73 -1.71454 0.00403309 3092.1 0.958904 0.0996691
1600.09 0.0437584 -2.79541 1390.9 0.241001 0.410298 3012.84 3015.7 0.715713 0.697365 0.660017 0.796391 365.128 -0.256943 0.0917851 3196.89 0.772356 0.0996691
472.693 2.16842 -1.49273 433.409 -0.346209 1.64566 1733.02 1640.37 0.801719 0.648663 0.716564 0.746907 12.9848 1.07805 0.548897 892.873 0.0583889 0.0996691
1279.75 -0.82183 2.35343 689.257 -2.31692 -1.98549 2192.12 2214.17 0.467274 0.606899 0.320386 0.681574 854.266 -0.447993 0.0456939 2413.4 0.911769 0.0996691
299.834 -0.670759 2.74305 268.66 -2.71149 -0.466253 909.447 818.437 0.628964 0.279504 0.576175 0.804457 39.5544 0.502143 0.607632 545.359 0.846839 0.0996691
397.187 0.619081 -1.43555 294.905 -0.767621 0.93937 828.27 789.445 0.755923 0.731354 0.763199 0.650328 23.4395 -2.41085 0.708725 999.14 0.635403 0.0996691
499.954 -0.747232 -0.650407 278.348 0.734436 2.92721 973.317 821.718 0.615348 0.630133 0.83853 0.773502 92.5869 2.29937 0.339734 1175.31 0.652505 0.0996691
1969.36 0.637035 -1.87213 1152.39 -1.00798 0.289176 3844.41 3863.07 0.256175 0.733929 0.637294 0.807864 1033.22 2.44661 0.172738 4431.89 0.607379 -0.0996691
1593 1.38584 2.26598 1236.22 -0.234255 -0.63399 3788.62 3823.88 0.179534 0.341151 0.802888 0.545587 239.535 -0.935711 0.302259 3196.13 0.170485 0.0996691
2554.34 -0.823173 -2.48168 1363.21 -0.182491 -1.25169 2482.1 2513.84 0.0912912 0.659312 0.74375 0.783555 1815.49 1.07827 0.121735 5430.2 0.443184 0.0996691
1788.09 -0.365916 -1.56968 1505.07 -0.704418 1.81728 3446.47 2676.43 0.207184 0.478804 0.595412 0.639684 248.344 -0.790463 0.141023 4063.22 0.930809 0.0996691
1524.6 -0.690458 -1.13906 1389.73 1.1503 -2.18182 3420.89 3378.36 0.691339 0.530163 0.805846 0.783732 116.203 -2.14263 0.041635 5630.47 0.167019 0.0996691
521.005 0.951304 -2.01787 461.581 -0.513434 1.5949 1241.87 1247 0.779933 0.539501 0.668876 0.354245 11.269 0.0787113 0.0058447 1235.51 0.820336 0.0996691
1175.51 0.781964 1.35518 456.071 -0.206246 -1.24872 1612.22 1591.86 0.762131 0.778715 0.538774 0.790803 789.422 -1.56165 0.299693 2158.08 0.510876 0.0996691
652.627 1.55878 -0.589994 648.515 0.634835 2.57027 1462.69 1424.64 0.733838 0.706253 0.715086 0.766925 13.9052 1.4089 1.1651 1301.02 0.93803 0.0996691
2538.65 -0.365381 -2.67607 1998.2 -0.0312895 0.067286 4678.73 3926.79 0.180095 0.469343 0.850059 0.738831 341.825 -0.0639532 0.114021 6314.66 0.766531 -0.0996691
2559.13 0.350067 2.38596 1986.54 0.281098 -0.112523 4649.66 3205.61 0.168725 0.264394 0.543823 0.734801 124.124 -0.370558 0.229135 6250.19 0.272768 0.0996691
749.49 -1.41188 2.29115 714.107 0.636467 0.212535 2222.8 2016.27 0.333314 0.603487 0.64155 0.784802 635.367 -1.67197 1.1645 1619.7 0.814534 0.0996691
595.146 -0.511983 1.83916 483.242 0.25279 -1.67365 1151.3 1116.03 0.590338 0.744465 0.679211 0.828826 52.5937 0.0696567 0.338519 1272.18 0.780955 0.0996691
1514.94 -0.55351 -0.551643 1386.15 0.444096 2.20802 3232.44 3234.9 0.727662 0.51118 0.854601 0.612086 523.612 -2.55726 0.0976825 2938.6 0.974209 0.0996691
1536.65 -0.385811 -0.404913 1348.83 -0.698156 2.27955 2953.29 2611.39 0.546775 0.578289 0.689485 0.682274 229.034 -2.47235 0.0273602 3378.97 0.895601 0.0996691
1257.55 -0.405416 -1.52167 697.666 1.73602 1.93213 3086.15 2540.95 0.270191 0.396029 0.637517 0.640816 636.926 1.26122 0.0849538 2018.43 0.729517 0.0996691
296.851 1.23941 1.37514 285.05 -0.211314 -1.81285 750.825 731.165 0.671698 0.581295 0.686576 0.699825 10.3082 -0.40822 1.41867 572.833 0.033017 0.0996691
1129.26 -0.352432 1.63677 959.191 -0.307898 -1.6115 2124.17 1918.25 0.654226 0.787898 0.496051 0.803102 175.851 -0.975921 0.0516031 2113.11 0.134924 0.0996691
1379.89 0.448488 -1.27121 1246.25 0.109872 1.98004 2671.1 2683.06 0.504252 0.438105 0.695821 0.735206 553.424 2.99237 0.562854 3994.07 0.520433 0.0996691
278.262 1.52061 2.91226 269.76 0.882697 0.0546599 590.923 500.093 0.781244 0.740614 0.794899 0.749628 16.2001 -1.67926 0.494632 576.516 0.77568 0.0996691
988.739 0.153581 -2.77131 344.007 0.206079 0.31481 1234.47 1370.42 0.500675 0.374692 0.749388 0.760482 396.563 0.838857 0.170616 1684.38 0.727361 0.0996691
1893.89 0.664229 0.732261 1194.84 0.264216 2.96204 2799.65 2804.53 0.282285 0.386069 0.650426 0.751828 354.706 -3.04576 0.273085 4596.63 0.48447 -0.0996691
473.872 -0.581558 0.0626817 305.836 -1.23463 2.85639 800.248 802.137 0.536008 0.678224 0.743737 0.613914 47.0459 0.0326536 0.0296168 1114.76 0.411658 0.0996691
1462.17 -0.520696 1.78975 1355.61 0.561389 -1.44976 3347 2655.02 0.783643 0.653803 0.627545 0.523061 136.894 -0.528547 0.277148 2950.32 0.72655 0.0996691
728.691 -0.943713 0.247952 554.648 2.03331 -2.7026 2960.55 2967.86 0.311311 0.716791 0.89193 0.861286 31.7075 2.96349 0.0909748 1488.11 0.944834 0.0996691
451.304 -0.560153 2.33436 403.859 0.337477 -0.550671 977.586 757.345 0.752179 0.40485 0.628725 0.794575 82.3101 2.21629 0.114893 1058.01 0.587427 0.0996691
1260.83 0.144707 -2.31457 492.598 -1.11765 -2.14217 1194.41 869.238 0.313197 0.637976 0.772457 0.748499 1702.25 0.905992 0.168073 1845.34 0.824954 0.0996691
843.625 2.25709 -0.102269 576.867 0.235112 -2.18967 2088.17 1992.46 0.461177 0.612242 0.660495 0.615742 423.759 2.08747 0.177387 2284.58 0.436118 0.0996691
295.283 -3.0344 -1.73623 263.468 -2.36631 1.74275 607.702 520.631 0.276001 0.849841 0.391666 0.669716 59.0957 0.447879 0.972339 532.419 0.805981 0.0996691
1023.99 0.452113 2.51497 723.358 1.12389 -0.677819 1836.32 1744.21 0.616379 0.628139 0.755686 0.844833 303.313 -0.451022 0.226306 1742.66 0.218055 0.0996691
387.253 -0.752057 2.93136 363.231 -2.84633 -0.108632 1228.6 822.075 0.817831 0.476095 0.870634 0.559387 47.2756 -1.12641 0.910008 703.465 0.79016 0.0996691
1489.71 1.15155 0.463228 1203.86 -0.787925 -2.35236 4021.79 4051.43 0.63842 0.632367 0.603329 0.796838 295.238 -2.67224 0.013695 4782.27 0.966902 0.0996691
1960.98 -0.107253 1.72539 1025.56 1.53315 -1.75575 3856.75 3200.51 0.731509 0.42774 0.814833 0.542124 1289.16 -1.42993 0.0294924 3515.97 0.677145 0.0996691
1555.86 0.958189 0.665862 1009.06 -0.668151 -2.96211 3372.06 3189.97 0.612057 0.717039 0.797703 0.903435 679.115 -1.80264 0.0138111 2779.3 0.628536 0.0996691
1358.62 1.1639 -2.04389 844.647 -1.19327 1.25943 3850.44 2301.85 0.311845 0.252253 0.410289 0.880423 330.717 1.66184 0.148873 3535.32 0.557274 0.0996691
423.62 0.0633296 -2.84494 402.974 2.21571 0.354561 1388.19 1136.64 0.779762 0.327411 0.523608 0.661349 25.6536 0.0441608 0.293202 845.906 0.612389 0.0996691
727.663 1.2159 1.58827 361.083 -1.14041 -1.28049 1827.35 1803.43 0.621022 0.58657 0.840032 0.690318 64.1719 -2.75423 0.447385 1731.92 0.532297 0.0996691
313.953 -1.47746 2.84235 313.303 0.14022 -0.338373 857.975 795.915 0.506025 0.729906 0.727744 0.732835 19.2757 -1.9216 1.53634 593.589 0.0221389 0.0996691
1216.92 -0.290256 2.3266 1068.69 -1.0043 -0.613766 2501.6 2064.95 0.321335 0.637129 0.532799 0.682303 1214.26 -0.965024 0.0230114 3349.44 0.750205 0.0996691
2672.06 -0.136312 0.654077 1035.78 -1.14042 -1.88523 3715.62 3075.37 0.324993 0.434521 0.54097 0.803439 1600.84 -2.71182 0.0356808 4254.8 0.832947 0.0996691
1337.2 0.44498 -3.03729 1240.94 -0.454574 -0.113678 2865.6 2635.3 0.604053 0.471674 0.765172 0.607852 223.439 0.911369 0.594018 2756.87 0.743302 0.0996691
608.355 -1.40306 1.93569 327.092 1.84273 -2.1333 2348.52 1701.38 0.474713 0.399441 0.606679 0.646245 170.216 -0.39466 0.0861517 1538.7 0.878485 0.0996691
1325.71 0.452958 2.67235 751.004 -0.67791 -0.178818 2323.01 2305.59 0.551184 0.762703 0.502154 0.802029 163.923 -1.82475 0.252574 2659.81 0.969519 0.0996691
330.427 1.38151 -3.03501 294.573 2.26846 0.153071 701.291 638.544 0.648934 0.699771 0.654249 0.763873 44.2087 0.349427 0.191534 608.691 0.115876 0.0996691
1813.61 -1.0301 -0.833079 1529.65 -0.96087 1.255 2921.8 2913.19 0.49958 0.530996 0.883577 0.783345 333.73 1.14022 0.111844 5305.51 0.435621 0.0996691
1820.98 0.632393 1.47394 1636.57 -0.424029 -1.95173 3933.76 3942.51 0.584428 0.714575 0.615079 0.776997 285.868 1.96588 0.237458 5765.83 0.912895 0.0996691
2169.49 0.0383499 1.7923 1254.45 -0.819786 -0.621436 3413.16 3459.1 0.508616 0.236862 0.752587 0.686368 424.783 -1.46712 0.121879 4618.22 0.972183 -0.0996691
860.116 -0.82231 0.488934 560.491 -1.48031 -0.908747 1070.34 847.119 0.537919 0.29587 0.68818 0.487347 694.653 -2.83036 0.0972908 2059.67 0.485558 0.0996691
498.507 -1.65528 1.36924 485.448 -2.06785 -1.78273 1022.25 986.125 0.467835 0.705248 0.747064 0.798741 19.1936 -0.891945 0.422832 979.332 0.922499 0.0996691
1948.48 0.742846 -2.19541 1166.11 1.32481 0.503309 3088.64 3064.34 0.331663 0.521508 0.531526 0.810568 279.716 1.56596 0.394629 4068.61 0.705634 0.0996691
295.136 2.51384 2.16652 279.576 2.05256 -0.968631 612.464 531.706 0.681201 0.676097 0.819168 0.797394 18.631 -0.589105 0.316234 558.957 0.842236 0.0996691
1288 1.60906 -2.28423 1040.54 -0.356307 1.01466 3539.77 3455.11 0.728952 0.769883 0.803786 0.812538 287.915 0.659879 0.364244 2438.53 0.134474 0.0996691
2614.24 0.190632 0.430606 2006.38 -0.0287455 -2.38238 4775.36 3867.89 0.167631 0.361324 0.830842 0.824313 340.749 -2.79473 0.0955482 5617.62 0.839757 0.0996691
3035.07 0.0276544 1.64673 2585.97 1.02383 -1.0967 6307.82 5455.9 0.632072 0.299046 0.40761 0.451941 464.005 -1.71245 0.303344 6649.09 0.971269 0.0996691
1744.11 -1.43813 -0.776759 1525.05 0.733685 1.15931 5127.88 2814.32 0.190988 0.486027 0.532974 0.795614 663.834 3.0699 0.0195155 4614.56 0.807749 0.0996691
598.297 0.670704 -1.9814 406.107 0.766013 0.761059 1015.51 745.405 0.538383 0.610079 0.802714 0.788174 42.8263 1.06442 0.037228 1253.24 0.850609 0.0996691
1551.13 -0.121122 1.18696 1083.66 1.13743 -2.18195 3139.79 3062.8 0.493263 0.33474 0.82741 0.693227 177.352 -1.34174 0.367258 3261.43 0.380554 0.0996691
1236.24 0.422842 -0.692754 1096.58 -0.598672 3.1089 2580.51 2316.92 0.285887 0.605823 0.262908 0.583003 189.534 1.32142 0.0708823 2957.72 0.897425 0.0996691
829.269 0.903534 2.48764 820.631 1.35327 -0.526039 1705.97 1696.49 0.672956 0.659612 0.703973 0.859825 55.587 -0.855198 0.323651 1725 0.0589715 0.0996691
1916.51 -1.3024 0.321556 1199.08 -0.108991 -2.34113 3564.03 3525.47 0.353639 0.428514 0.815377 0.609836 472.59 2.621 0.138191 3986.55 0.983072 0.0996691
1758.76 -0.151152 0.48407 1619.85 -0.473628 -2.92809 3427.13 3239.92 0.492441 0.684455 0.787131 0.761598 195.023 -2.6716 0.254982 3847.68 0.159659 0.0996691
1651.86 0.608031 -2.48277 981.674 0.0180917 2.55285 1707.27 1716.19 0.523256 0.574426 0.738166 0.630572 1637.3 -0.112963 0.186058 3750.18 0.526156 0.0996691
1901.28 0.0173762 -0.64603 1282.55 -0.459442 1.82084 3048.32 3084.3 0.15332 0.188946 0.793344 0.737502 45.4397 -0.0619685 0.583537 4467.89 0.404275 0.0996691
333.676 -2.05852 1.01807 267.591 0.511798 -1.94877 1171.45 1149.41 0.661218 0.681231 0.557473 0.642753 36.3341 -2.20005 0.25128 616.108 0.134948 0.0996691
1148.03 0.359022 -3.06119 1122.99 0.780334 0.423077 2333.44 2016.73 0.699985 0.200688 0.807275 0.912603 93.982 -1.27137 0.0262527 2541.65 0.974164 0.0996691
2297.65 0.106184 1.32497 2113.08 1.22984 -1.49632 5088.26 5107.63 0.668022 0.767044 0.506266 0.761101 619.942 1.52502 0.203208 5620.49 0.164879 0.0996691
285.595 -0.427043 -2.05227 257.354 -2.71091 1.18084 949.874 884.489 0.764199 0.695397 0.52416 0.57607 43.3308 0.00224055 1.17623 529.547 0.110241 0.0996691
483.476 -1.81818 -1.64442 333.421 -1.60698 1.4302 819.368 771.861 0.25776 0.734365 0.608176 0.57361 163.727 1.54487 0.149731 823.056 0.239747 0.0996691
1088.17 -0.768011 -1.752 1062.87 -0.122219 1.54585 2296.55 2231.36 0.703646 0.382688 0.736467 0.65007 84.5523 1.27736 0.237935 2560.69 0.0689257 0.0996691
606.917 0.819991 -1.43681 391.3 0.21868 1.88663 1039.14 961.666 0.667009 0.391905 0.841795 0.705094 179.02 1.72761 0.251402 1097.58 0.298299 0.0996691
312.654 -0.242069 -0.502028 257.901 1.09241 1.70011 676.942 565.326 0.487371 0.377753 0.624777 0.456206 76.2499 1.57928 0.120516 887.316 0.619347 0.0996691
1504.07 0.0255538 2.50964 1289.25 -0.42764 -0.773206 2863.05 2875.78 0.644689 0.112155 0.50262 0.840824 112.134 -3.08025 0.690336 4924.54 0.975676 -0.0996691
439.597 -0.988846 -2.82266 435.695 -0.21442 0.329403 953.805 915.036 0.688621 0.718142 0.596846 0.499353 4.61058 -0.221116 0.0900929 876.661 0.88358 0.0996691
748.226 1.32691 -2.20105 739.479 0.663032 0.879187 1586.61 1556.04 0.569118 0.775404 0.741319 0.836062 37.175 2.73915 1.33799 1467.55 0.0262342 0.0996691
679.854 1.66333 -2.50597 471.93 -1.2612 0.8285 2581.81 2476.02 0.682926 0.690883 0.756317 0.713224 31.4704 2.55516 1.23001 1451.78 0.645614 0.0996691
662.782 0.941303 0.984012 561.652 -1.03945 -1.79473 1874.27 1723.55 0.481567 0.66812 0.750965 0.676728 65.2651 1.78578 0.798348 1449.26 0.933577 0.0996691
1974.25 1.52373 -0.127979 1452.62 -0.0782781 0.930847 3474.54 3500.4 0.369715 0.616397 0.74721 0.839675 639.685 3.02921 0.0190372 6122.34 0.39311 0.0996691
658.301 1.64242 -1.22189 606.063 1.23244 1.9192 1319.16 1179.46 0.671047 0.567398 0.844972 0.892528 60.9261 1.91188 0.0388737 1263 0.157946 0.0996691
1766.68 0.452353 3.10936 318.456 -1.03117 0.160174 1935.74 1924.8 0.607876 0.809928 0.683796 0.791413 1156.97 -0.144438 0.242151 2393.29 0.975006 0.0996691
1118.52 1.14239 1.7591 944.479 -0.656637 -0.854351 2966.68 2354.3 0.0828982 0.819172 0.890768 0.672825 414.669 -2.37556 0.0824993 2257.23 0.693838 0.0996691
1582.93 -0.241173 -2.03437 832.424 -1.22415 -0.461212 2079.58 2147.22 0.61065 0.376756 0.789745 0.371363 308.966 0.706499 0.279179 4572.54 0.938855 0.0996691
2882.63 -0.0905883 1.55799 2300.74 -0.141504 -2.01339 5387.16 4226.34 0.232843 0.17102 0.611605 0.781225 85.2368 -1.14097 0.469842 6469.78 0.455024 -0.0996691
707.222 0.607631 1.37467 391.729 -2.74292 -2.09063 2966.49 2444.02 0.332775 0.436986 0.721263 0.728064 161.658 -1.424 0.00321269 1286.61 0.626874 0.0996691
2196.86 -0.860553 2.56451 1736.31 -0.849299 -0.424283 3982.39 3763.37 0.242215 0.456955 0.576828 0.532869 594.842 -1.10051 0.10647 4095.39 0.736084 0.0996691
1297.54 0.154556 1.30237 810.005 -1.2226 -1.82828 2585.95 2471.83 0.704444 0.795418 0.709584 0.752833 520.269 -1.89892 0.0895107 2136.58 0.253002 0.0996691
315.293 1.03023 1.68847 270.772 1.19722 -1.58188 604.272 567.095 0.68993 0.790805 0.822006 0.727594 33.1096 -0.493376 0.166191 581.284 0.899467 0.0996691
1880.19 -0.302163 -0.608164 1326.6 0.0678981 -2.21485 2401.61 2786.69 0.798154 0.678588 0.554152 0.597281 414.568 1.03241 0.495598 5650.26 0.294921 -0.0996691
921.24 -0.0469005 2.11832 321.557 -0.536014 -1.03717 1180.74 1039.74 0.328012 0.783402 0.704569 0.744567 570.96 -1.07414 0.0329176 1295.12 0.441236 0.0996691
2507.85 0.737634 -3.07681 2135.46 -0.726938 0.580537 5823.25 5823.68 0.481531 0.411137 0.758828 0.845862 484.352 -0.128146 0.0363178 5902.09 0.78062 0.0996691
1305.37 -0.180673 -1.48317 1237.52 1.05468 1.53922 3051.43 3055.91 0.814017 0.876827 0.760867 0.928363 20.6071 0.441395 1.09587 2730.59 0.982543 0.0996691
3563.27 0.0456084 -2.85884 2608.55 0.638094 0.070766 6347.32 6411.81 0.37634 0.39973 0.429789 0.741748 347.231 0.94566 0.220553 7065.96 0.860503 0.0996691
841.477 -1.04704 -0.760028 560.801 -0.466291 2.87178 1405.8 1379.85 0.6725 0.732802 0.810159 0.582171 267.052 2.11117 0.758514 1573.11 0.30852 0.0996691
645.264 0.449398 -3.06228 534.8 0.728809 0.0366753 1210.22 1131.1 0.735178 0.638863 0.795631 0.806852 99.2291 0.101698 0.0967131 1184.12 0.111704 0.0996691
2196.35 0.0563811 2.21784 1673.54 0.633523 -0.848288 4072.65 3077.11 0.439277 0.214813 0.752394 0.801943 533.2 -1.17966 0.00688744 3970.56 0.505016 0.0996691
347.288 -0.473853 0.273142 335.059 -0.501189 -2.82316 711.461 642.532 0.731689 0.823394 0.814458 0.704582 24.3326 2.28066 1.16715 655.846 0.886869 0.0996691
2202.51 0.646918 -0.195004 1859.24 0.13781 2.33339 4100.49 2976.31 0.105013 0.300076 0.906967 0.780676 266.973 3.11876 0.79123 5189.94 0.412424 0.0996691
347.301 -1.34594 -1.64637 336.789 -1.81132 1.49683 721.475 669.37 0.696997 0.748449 0.608152 0.637504 23.2531 1.18135 0.259441 696.495 0.0180479 0.0996691
728.455 0.989766 1.02344 726.258 1.3728 -2.16742 1500.01 1457.27 0.781498 0.613702 0.890795 0.793262 43.5139 -0.684627 1.48105 1423.84 0.0266279 0.0996691
1672.54 0.277729 -0.465653 1386.97 0.771978 -2.96669 3002.09 3022.83 0.354552 0.523698 0.730293 0.846957 965.963 0.631396 0.139485 4344.93 0.793591 -0.0996691
830.945 -0.63831 2.64673 710.633 0.951162 -0.47273 2079.38 1952.95 0.577046 0.771786 0.756713 0.714268 129.912 -0.47315 0.0016582 1507.73 0.112338 0.0996691
1610.9 1.0653 -1.3235 1330.23 -0.578287 0.419196 3614.68 2301.14 0.14299 0.669046 0.730797 0.749547 588.696 2.57279 0.00428486 4330.2 0.96225 0.0996691
497.953 1.20301 2.05243 429.334 -0.184267 -0.815588 1158.35 1133.29 0.667835 0.701117 0.576043 0.680756 21.9372 -1.75837 0.366855 1034.35 0.730308 0.0996691
3000.7 0.124454 -1.00534 2964.01 0.436533 2.05145 6424.99 5249.28 0.0859195 0.507278 0.420947 0.799897 240.694 -2.71154 1.42328 6317.74 0.906779 0.0996691
2448.4 0.728468 -2.62268 1580.41 0.86274 -0.1284 4064.47 3185.01 0.0651459 0.522357 0.448983 0.829047 202.893 -0.574344 0.447905 5710.61 0.965916 0.0996691
259.953 -1.37178 2.15404 257.27 1.22459 -0.914713 1023.03 980.828 0.57163 0.565098 0.711335 0.857385 21.3826 -2.70501 1.41759 503.226 0.0344785 0.0996691
1158.45 -0.63383 -2.97587 425.783 0.497704 -0.0403509 1706.33 1531.83 0.423542 0.568125 0.492601 0.89234 715.694 0.367457 0.40762 1721.58 0.445328 0.0996691
263.815 -0.978921 1.72638 255.044 -0.75063 -1.42233 539.777 494.479 0.409085 0.616751 0.801437 0.602418 11.3706 -1.14736 0.314817 512.069 0.0842153 0.0996691
2173.36 -0.0350684 1.29948 267.863 -0.652616 -1.64504 1940.87 1007.13 0.158873 0.499001 0.539564 0.399299 1894.27 -1.84511 0.197939 2855.24 0.718107 0.0996691
1865.18 0.322464 0.599557 1610.1 -0.139121 1.98857 2390.24 2398.64 0.173277 0.193982 0.697421 0.818213 2219.01 -1.88473 0.174764 4049.1 0.975343 0.0996691
997.997 0.860832 0.732262 880.796 -0.623428 -2.63659 2528.33 1510.91 0.78778 0.298697 0.847869 0.699549 65.3601 3.0379 0.0371282 2348.58 0.857669 0.0996691
1027.58 -0.516275 0.347976 736.974 0.571745 -2.72664 2074.09 1707.55 0.399656 0.517807 0.680547 0.795393 227.703 -2.51973 0.141513 1989.52 0.106749 0.0996691
1134.93 -0.0392529 -1.63233 1031.08 1.06294 -0.133952 1986.26 1895.68 0.610305 0.783353 0.752078 0.836732 1210.88 1.75622 0.028486 3606.72 0.298061 0.0996691
394.071 -1.5326 1.01262 352.675 -2.69799 -2.31287 888.571 798.862 0.691616 0.453628 0.720933 0.867493 78.4652 -1.20477 0.609769 736.168 0.792487 0.0996691
351.159 -1.30668 1.99984 343.338 -0.606853 -1.09163 750.922 703.8 0.756872 0.694112 0.74669 0.729991 12.3137 -2.35933 1.26522 657.676 0.0418929 0.0996691
395.021 -0.851334 1.73376 387.735 -2.65812 -1.50627 1142.25 1089.91 0.646837 0.544489 0.798073 0.767513 29.3441 -0.0940045 1.17268 764.657 0.854952 0.0996691
1511.54 -0.113956 2.7863 1239.08 0.677721 0.086074 2911.37 2855.64 0.588883 0.624553 0.527311 0.755372 42.4405 -1.32379 0.0117652 3433.75 0.842694 0.0996691
2253.64 -0.16725 -0.0453072 2219.9 0.686273 -2.52607 4870.37 3768.63 0.217943 0.330456 0.598044 0.836285 104.671 0.0473577 0.273636 6070.72 0.43968 0.0996691
317.042 1.03503 1.07301 314.885 0.0420253 -2.01748 725.475 696.782 0.672959 0.794372 0.915753 0.777656 11.9711 2.84637 1.4205 613.472 0.0412429 0.0996691
788.496 0.502432 1.96962 629.577 0.607168 -1.16278 1431.7 1415.45 0.528676 0.740922 0.718355 0.762124 170.035 -0.692116 0.450747 1481.75 0.123699 0.0996691
1375.78 0.163099 -0.0133433 1368.21 -0.420365 3.01684 2978.19 2160.29 0.697596 0.300217 0.757685 0.371417 54.01 -0.676483 0.534138 2961.67 0.88923 0.0996691
493.511 -1.60483 -1.27623 343.804 -0.841691 1.56393 909.24 782.224 0.746676 0.495807 0.75314 0.833024 23.0511 -0.236169 1.02697 1309.1 0.582709 0.0996691
878.371 1.23792 2.23841 635.959 -1.14657 -1.31093 2700.84 2046.83 0.171109 0.560339 0.866653 0.731835 12.0322 -0.0231471 0.131152 1898.08 0.288204 0.0996691
2903.24 -0.463729 1.65652 1287.53 1.07933 -1.805 5059.87 5053.84 0.37658 0.438477 0.816061 0.67958 950.674 -1.5188 0.287448 5063.65 0.412519 0.0996691
2039.78 -0.0345965 0.983198 1585.5 -0.812282 -2.68294 3766.39 3791.49 0.551594 0.693153 0.527584 0.70992 106.518 -2.20553 0.381766 5685.48 0.461904 0.0996691
903.144 -0.432932 -2.82589 664.747 0.584709 0.86436 1743.95 1577.62 0.254107 0.439795 0.737795 0.600703 562.694 0.123661 0.0375359 2307.39 0.783021 0.0996691
1608.29 -0.417701 1.88203 1332.69 1.41465 -0.242033 4030.38 3886.52 0.629165 0.261433 0.613318 0.77443 1356.01 -2.19146 0.41749 3149.6 0.681437 0.0996691
650.781 -0.819746 2.72201 311.143 -0.637977 -0.425381 923.087 855.698 0.80945 0.790861 0.656653 0.734936 327.161 -0.360834 0.0790441 955.093 0.403065 0.0996691
1351.25 0.0655808 1.20261 1039.62 0.989684 -1.61881 2607.58 2622.22 0.683621 0.329663 0.694408 0.618792 294.273 -2.46441 0.390068 2586 0.938268 0.0996691
1236 1.31022 -2.22276 1192.85 0.0112566 1.19355 2994.38 2433.67 0.25312 0.582462 0.733397 0.511023 27.9432 -0.0176231 0.37339 2804.1 0.461646 0.0996691
1166.62 1.33333 2.13857 557.381 -1.22261 -2.21743 2988.38 2942.69 0.297063 0.741428 0.784747 0.825204 133.179 -0.231146 0.0532499 2697.64 0.875662 0.0996691
464.542 0.751359 0.027261 438.773 0.0702516 -3.07816 973.22 914.793 0.726762 0.782807 0.751327 0.753548 25.0533 3.08822 0.0978127 902.879 0.03719 0.0996691
1553.35 -0.194665 0.815765 1394.74 0.880425 -2.80155 3388.34 1676.33 0.305171 0.144696 0.366126 0.79365 1169.53 -2.72732 0.0663037 4363.43 0.429299 0.0996691
984.18 -0.650202 -1.72078 974.68 -0.0138387 1.4378 2086.63 2034.88 0.869062 0.64339 0.734086 0.770904 41.7939 0.444254 0.478428 1950.32 0.949026 0.0996691
582.021 -1.58763 2.20396 306.556 0.0502399 -0.925067 1163.14 1087.88 0.671568 0.743554 0.833308 0.771518 281.416 -0.884342 0.0590015 887.224 0.348841 0.0996691
451.097 0.378439 -0.540191 424.282 2.6062 2.03614 1481.56 1277.34 0.83482 0.725211 0.676693 0.827863 49.7902 0.312491 0.856301 1117.78 0.567816 0.0996691
1342.76 -0.164061 -0.337945 1326.41 0.198163 2.60684 2710.99 2733.55 0.530292 0.688835 0.72196 0.605302 341.504 -0.336704 0.00338018 4127.77 0.0977386 0.0996691
1556.64 -0.555379 1.66547 983.872 0.616555 -1.9576 2859.3 2897.61 0.0771705 0.593295 0.888771 0.740018 168.619 0.113395 0.832369 3379.94 0.854468 0.0996691
2623.3 -0.0279349 -1.03169 1877.42 -0.430222 1.05777 4204.82 3306.59 0.567478 0.137074 0.553983 0.591643 1835.71 2.83716 0.153919 5159.42 0.741347 -0.0996691
1408.58 0.438915 0.79328 433.561 -0.771068 -2.70043 1871.78 1655.14 0.538726 0.71959 0.6991 0.764249 772.406 -2.28674 0.283109 2104.97 0.840494 0.0996691
1724.68 -0.369272 -0.942065 1682.37 -0.0467281 1.3716 3184.07 3197.97 0.30992 0.871751 0.964367 0.752865 45.7308 1.06279 0.307736 5476.07 0.94863 -0.0996691
588.814 -0.076266 1.92364 515.249 -0.661256 -1.20828 1168.24 1108.54 0.621746 0.801103 0.524344 0.826109 84.164 -1.21511 0.00678182 1109.16 0.0902892 0.0996691
2090.41 0.159787 -2.84042 1830.79 0.208518 1.71999 2992.22 3005.6 0.0986598 0.597997 0.713628 0.787525 1557.2 0.141179 0.0768867 5598.92 0.898115 -0.0996691
625.039 -0.0797075 0.417285 603.081 1.65103 -2.7765 1734.32 1670.13 0.665376 0.692237 0.770289 0.844328 26.6465 -2.66499 0.134729 1229.98 0.0434281 0.0996691
525.282 0.00789122 1.32856 511.494 -1.43247 -1.81285 1335.45 1273.84 0.733635 0.785914 0.802689 0.697251 20.6564 -0.558342 0.73301 1018.33 0.919821 0.0996691
319.144 0.214359 -2.67584 312.111 1.02426 0.422312 699.811 634.067 0.638876 0.693727 0.69794 0.443896 8.01047 -0.347722 0.761 645.57 0.869195 0.0996691
1208.51 1.46164 0.346703 921.399 -0.0152874 2.91326 2665.61 2598.38 0.646783 0.623519 0.837458 0.631548 358.117 -2.1094 0.178222 2467.19 0.822255 0.0996691
392.106 0.127118 -0.20312 256.032 0.221174 2.9292 652.945 582.565 0.674488 0.499555 0.781847 0.670789 132.406 2.90871 0.0934718 655.828 0.254882 0.0996691
1616.66 -0.685447 1.14898 1274.65 -0.256953 -2.40926 2981.63 2223.01 0.211155 0.318764 0.696671 0.688816 150.434 0.269643 0.851254 3859.83 0.585041 0.0996691
2089.89 -0.299323 2.01826 1074.58 1.14629 -1.11304 3831.28 3839.41 0.559096 0.683839 0.300475 0.723675 119.514 -1.13653 0.0186052 4085.89 0.33117 0.0996691
620.02 -1.33733 -2.10457 583.363 -1.43621 0.601131 1207.92 1085.58 0.297348 0.735406 0.842607 0.864913 65.064 1.24431 0.646736 1447.57 0.240812 0.0996691
1212.29 0.965834 2.51222 891.23 -0.75487 -0.925711 2901.73 2807.36 0.380957 0.744184 0.811203 0.756338 146.907 -0.168315 0.313618 2452.24 0.64057 0.0996691
1193.37 -0.58984 2.88003 978.003 0.7931 -0.181416 2704.72 2710.51 0.712546 0.825374 0.745965 0.843055 417.315 -0.249861 0.0675078 2566.7 0.105623 0.0996691
1097.65 -1.48334 0.840845 780.305 -0.432639 -1.79705 2109.35 1940.55 0.503784 0.292643 0.655111 0.674428 68.5905 2.97577 0.283544 2406.39 0.769516 0.0996691
1101.22 0.553852 -1.79089 970.45 -0.850501 1.33988 2620.02 2573.28 0.504354 0.725152 0.655275 0.813428 72.409 1.77407 0.431923 2107.66 0.080865 0.0996691
1372.08 -0.100295 -2.56986 821.906 -1.35729 0.74065 2789.9 1786.22 0.269887 0.647708 0.45833 0.778121 342.878 0.484305 0.219768 3380.99 0.568393 0.0996691
2049.09 0.300366 0.761052 1592.59 -0.722839 -2.57239 4149.91 4060.78 0.338194 0.728731 0.74106 0.856873 11.7508 -1.45858 0.401145 4227.98 0.608497 0.0996691
2351.25 0.222237 2.59375 837.175 -0.537927 -0.453974 3165.37 2769.03 0.364701 0.455197 0.428761 0.791738 1416.22 -0.598908 0.131142 3399.97 0.458569 0.0996691
1463.66 0.565213 2.20251 1246.83 0.470998 -1.19893 2697.28 2668.69 0.354373 0.3159 0.738371 0.67038 573.951 2.34438 0.141931 4695.82 0.931165 -0.0996691
2824.06 -0.210739 2.60089 1409.94 0.261425 -0.28796 4137.05 4060.81 0.295894 0.645976 0.705816 0.773048 331.513 0.337725 0.629936 5691.4 0.892858 0.0996691
611.651 2.18211 2.36205 427.92 -0.228664 -0.488684 1890.91 1721.52 0.326944 0.384793 0.643455 0.808154 126.447 -0.951074 0.474556 1189.64 0.110745 0.0996691
295.465 3.00172 0.907425 262.975 0.461736 -2.16688 1115.85 956.254 0.383559 0.83934 0.602882 0.697017 8.80363 2.11674 0.73551 534.734 0.781961 0.0996691
1439.14 0.929251 -1.20571 348.696 1.40798 2.40345 1550.1 491.04 0.199847 0.757924 0.763249 0.789145 1089.71 1.78565 0.068588 1878.71 0.830418 0.0996691
1820.07 0.573054 -2.10412 1489.41 0.370674 1.61194 3241.24 2938.8 0.310168 0.547866 0.610216 0.625509 1029.27 0.104839 1.51111 3429.68 0.953004 0.0996691
767.155 -1.41236 0.581732 674.034 0.293939 -1.57658 1906.65 1825.56 0.615492 0.828487 0.459973 0.84236 150.899 2.60422 0.0572543 2027.13 0.6474 0.0996691
2186.95 -0.730636 0.756195 1889.02 0.0773917 -3.07142 4204.43 4201.64 0.843615 0.197415 0.633256 0.324956 346.313 2.74793 0.460963 5900.65 0.794514 0.0996691
397.803 -0.0104498 0.460977 340.62 1.2877 -2.69338 909.366 882.566 0.765428 0.743811 0.750158 0.562184 52.0061 -3.05439 0.318949 745.679 0.0985443 0.0996691
2528.52 0.261604 0.637685 1898.9 -0.878183 -2.3243 5341.4 4605.93 0.269068 0.803239 0.425207 0.782433 402.107 1.60483 0.422217 5562.37 0.962516 -0.0996691
1178.39 0.53707 1.62742 863.287 -0.0608189 -1.25071 2129.13 2043.3 0.58222 0.625377 0.749658 0.79371 217.26 -0.677709 0.0459241 2561.99 0.780832 0.0996691
465.127 -1.01066 0.550742 423.1 -1.89478 -2.73693 993.513 924.369 0.645898 0.683551 0.78416 0.785805 27.1029 -1.63483 0.00235808 911.663 0.915742 0.0996691
562.707 1.87509 1.68432 525.613 0.213664 -1.44936 1505.79 1425.01 0.814484 0.657701 0.764527 0.887133 34.2449 -1.27297 0.200542 1081.76 0.913433 0.0996691
780.691 0.773151 -0.376 579.829 -0.877416 2.2587 1839.64 1481.09 0.755304 0.517694 0.845049 0.764831 46.4592 0.623076 0.999812 1923.62 0.937209 0.0996691
346.552 0.104519 -0.237921 337.963 -2.56261 2.83222 1400.15 1352.11 0.558172 0.68603 0.675911 0.7223 19.8772 -2.22876 1.23943 667.324 0.0385889 0.0996691
1657.82 0.355378 -3.10415 1528.27 -1.27025 0.448912 4385.79 3062.53 0.299953 0.174102 0.560401 0.933443 358.8 0.171368 0.261574 4094.11 0.355468 -0.0996691
1321.34 1.79042 1.34141 1172.74 0.166684 -2.29245 3335.38 4909.11 0.73508 0.792748 0.84443 0.77129 1199.16 -0.666954 0.111288 4285.45 0.32932 0.0996691
564.803 1.64786 -2.34713 560.591 0.539228 0.759368 1311.24 1293.14 0.490639 0.543232 0.57554 0.691427 16.7719 1.71159 0.924529 1144.14 0.0292539 0.0996691
2555.76 -0.547965 -2.63789 1171.97 -0.743357 0.556206 3519.86 3391.74 0.858538 0.429461 0.748519 0.824241 1687.36 0.797921 0.0661715 4371.35 0.937323 0.0996691
724.917 0.55239 -2.97162 697.909 0.616783 0.264864 1437.27 1403.12 0.583074 0.524579 0.864937 0.829471 26.3901 -0.000974803 0.261113 1455.84 0.0564446 0.0996691
1523.14 -0.368882 -0.0720151 1136.91 1.65559 2.55498 4065.12 4067.7 0.41811 0.393726 0.396396 0.650074 156.613 2.46366 0.0869012 3663.26 0.296811 0.0996691
577.126 0.0577255 2.54272 502.124 1.54509 -0.586345 1412.36 1357.63 0.635447 0.548388 0.648489 0.650174 65.8131 -0.536865 0.049256 1105.34 0.0473956 0.0996691
1412.34 -1.24186 -0.787605 891.023 0.239353 1.77711 2853.25 2677.38 0.698584 0.747791 0.507489 0.737737 131.248 1.86396 0.0885391 3101.9 0.321605 0.0996691
426.217 -0.493752 2.18245 410 -0.0011467 -0.700749 876.136 839.501 0.458343 0.840873 0.81218 0.800415 12.4843 2.98593 0.235452 1230.99 0.772101 0.0996691
1451.09 -0.273026 1.35931 1161.34 0.453975 -2.04445 2788.69 2721.72 0.443565 0.755717 0.733484 0.798314 233.602 -1.98674 0.0636909 3005.15 0.164316 0.0996691
1031.06 0.988655 -0.493526 889.359 -0.998815 2.61096 2954.31 2933.31 0.395275 0.80581 0.662713 0.757038 77.5665 2.37482 0.234504 2000.93 0.090542 0.0996691
1058.31 1.55924 3.0719 549.931 -1.05545 -0.0693331 3040.27 2963.96 0.758937 0.544109 0.802895 0.805375 204.026 -0.0752312 0.00140699 1911.02 0.598412 0.0996691
377.796 1.43394 1.96553 346.575 2.68281 -1.21927 876.963 842.606 0.572458 0.588485 0.668539 0.550954 43.592 -0.711137 0.011141 726.519 0.894739 0.0996691
1487.03 0.332351 -0.0681124 1421.74 -0.0582305 3.06619 2982.44 2981.35 0.347365 0.53083 0.72025 0.777137 72.7518 -1.77933 1.43354 2998.8 0.983325 0.0996691
1180.19 0.94911 2.05831 693.552 -0.740784 -1.67777 2447.62 2441.04 0.688505 0.669644 0.539224 0.869023 544.697 -0.511875 0.429117 2176.24 0.635335 0.0996691
1778.8 0.0201263 0.395635 1563.22 0.882656 -1.65469 3236.15 3239.54 0.274115 0.364203 0.669348 0.760777 158.457 3.11945 0.586972 5966.25 0.260751 0.0996691
1429.18 1.25445 -0.474748 1266.26 0.11023 2.72491 3149.64 3180.42 0.527248 0.737342 0.542035 0.707535 117.983 2.26856 0.0333519 3647.83 0.841112 0.0996691
3504.71 -0.476777 -0.784312 2315.18 0.145516 2.4071 6463.24 4412.75 0.424658 0.304084 0.500779 0.574321 1217.13 2.34094 0.159989 6232.15 0.0865503 0.0996691
367.926 -0.688559 -0.845979 280.561 -0.202963 1.74271 664.992 613.15 0.590018 0.641118 0.763411 0.768617 7.14831 0.70671 1.0472 827.143 0.76311 0.0996691
467.19 0.329755 1.70514 404.955 1.58057 -1.35639 1061.73 1002.83 0.710213 0.635245 0.713435 0.519679 47.7857 -1.62648 0.279797 863.404 0.0986383 0.0996691
4051.93 0.149859 2.1567 2941.03 0.113007 -0.593955 6790.75 6836.12 0.115099 0.592011 0.719873 0.559802 586.274 -1.44559 0.347318 8279.77 0.645995 0.0996691
326.464 0.140238 -2.08665 319.325 -1.00932 1.04205 772.468 723.921 0.631805 0.727724 0.698172 0.73367 10.5277 3.01633 1.16682 668.068 0.793771 0.0996691
2021.07 -0.483642 -2.6926 1888.99 0.307788 0.863047 4181.09 4135.99 0.778517 0.722605 0.660362 0.701103 373.109 -1.75588 0.935868 4644.93 0.973453 -0.0996691
1501.8 0.145727 -1.96156 1325.72 -0.3455 0.799541 2911.2 2766.46 0.619382 0.597371 0.765244 0.459755 163.185 2.54736 0.178663 3247.87 0.945194 0.0996691
519.607 -2.33217 0.788114 404.962 -1.24385 -2.26308 1068.61 1031.23 0.729314 0.699701 0.7483 0.697315 91.8645 -2.43966 0.176474 938.481 0.0986298 0.0996691
2450.88 0.820567 0.193015 1800.45 -0.217241 -2.25824 4656.54 2269.03 0.280035 0.355208 0.599434 0.645541 192.939 -0.317668 0.227529 6135.16 0.282159 0.0996691
1968.84 -0.638636 2.01595 1178.29 0.821407 -1.65672 3828.18 3805.96 0.826716 0.26855 0.628066 0.702234 299.278 -1.12797 0.154282 5052.54 0.977491 0.0996691
294.282 -1.43093 0.771449 276.412 -1.13202 -1.58387 577.712 436.535 0.610987 0.167179 0.624417 0.815809 26.8405 2.35986 0.148735 770.151 0.544772 0.0996691
1211.41 0.997826 -2.36552 1204.16 -0.416479 0.940312 3065.49 2996.16 0.673875 0.737643 0.610879 0.791509 79.15 0.947154 0.00637341 2706.13 0.0724496 0.0996691
598.731 1.96043 2.038 537.119 1.22171 -1.07753 1242.54 1156.35 0.794999 0.668964 0.81555 0.767572 66.7676 -1.26735 0.0730458 1115.73 0.86885 0.0996691
1178.49 0.325852 -3.01192 483.479 -0.907869 2.61479 1142.89 1057.82 0.438639 0.793376 0.475753 0.830177 1256.3 0.0389795 0.059498 2396.06 0.563867 0.0996691
1964.48 1.13399 -1.93844 1844.18 -0.742664 1.14601 5712.25 3909.29 0.577138 0.521909 0.514349 0.399464 112.886 2.02739 0.421288 3959.87 0.957645 0.0996691
1529.85 -0.185873 1.43491 377.184 -2.3639 0.165467 2380.06 829.217 0.459361 0.722387 0.710043 0.820524 1406.29 -1.70075 0.183291 2870.74 0.595415 0.0996691
1520.17 0.728852 -1.95277 960.225 0.0540391 1.21222 2597.6 2492.41 0.662996 0.545952 0.742725 0.591967 563.964 1.15396 0.07011 2522.94 0.214177 0.0996691
2277.22 0.223326 -2.76951 1727.32 1.1568 1.32689 4038.69 3993.88 0.773264 0.413729 0.670596 0.699568 1292.48 -0.465958 0.109668 4595.16 0.809834 0.0996691
1617.48 0.577221 -0.375076 1110.88 -1.37305 1.65898 3813.54 3825.78 0.582805 0.332482 0.697838 0.692333 78.518 2.90064 0.103129 4636.35 0.320234 0.0996691
1404.58 0.255422 0.990565 686.428 0.39609 -2.41471 1961.89 1963.95 0.472775 0.505566 0.70831 0.728688 228.299 -1.18514 0.170547 2929.86 0.655938 0.0996691
621.89 1.10488 -1.30354 343.061 -0.148406 1.48593 1109.12 1090.09 0.583765 0.441062 0.706768 0.615067 24.3882 0.629581 0.844129 1310.63 0.84006 0.0996691
331.722 -2.66019 0.876085 326.589 -0.849716 -2.30974 960.101 933.31 0.379633 0.661506 0.377849 0.821191 31.5182 -0.967306 1.34306 649.643 0.0217592 0.0996691
1153.8 0.0273296 -2.32504 1149.68 0.147479 0.981959 2322.69 2275.49 0.702646 0.733788 0.600588 0.76545 23.2328 -1.22093 0.00702 2511.19 0.969988 0.0996691
476.414 -0.276586 1.96405 475.57 -0.355081 -1.20696 960.784 945.972 0.714165 0.702877 0.783918 0.771258 16.2881 0.205854 1.3938 962.829 0.996279 0.0996691
1257.65 0.549805 -1.81921 1179.48 -0.75116 1.61737 2958.57 2994.67 0.456525 0.256843 0.707319 0.599091 202.39 0.351805 0.567963 2635.96 0.888081 0.0996691
2696.64 -0.496735 1.01777 1668.32 0.874392 -1.95627 5299.13 5255.07 0.701815 0.650608 0.793796 0.57675 140.712 -2.87539 0.380503 6849.6 0.960126 0.0996691
1782.66 -1.0293 2.41045 1032.53 1.47967 -0.232777 5195.25 4564.45 0.157752 0.833218 0.587146 0.808431 231.976 -2.0024 0.433985 3992.2 0.553016 0.0996691
447.927 -1.75418 1.94856 306.513 1.69654 -1.30578 2152.44 2033.86 0.660478 0.768759 0.80104 0.76957 10.2853 2.4647 0.400716 856.888 0.625792 0.0996691
735.953 0.787231 -1.28228 733.482 0.394941 1.82795 1521.88 1484.24 0.673375 0.802671 0.697371 0.80251 33.1234 -3.05759 1.4072 1448.04 0.0253582 0.0996691
421.228 1.18568 -2.09517 346.089 1.951 1.17107 841.338 790.908 0.780377 0.856486 0.69518 0.807281 20.2717 0.671757 0.236636 765.719 0.880888 0.0996691
298.24 0.113829 0.490858 268.156 0.556533 -2.66974 599.145 530.229 0.648911 0.779951 0.767981 0.742164 31.5505 -2.35625 0.133394 564.464 0.849081 0.0996691
1287.67 0.475454 1.94262 1215.37 -0.91223 -1.34426 3179.35 2971.62 0.373458 0.459674 0.835139 0.777792 130.434 -0.375017 0.261366 2609.08 0.961813 0.0996691
1241.48 1.71758 -1.827 989.128 0.124154 0.841691 2941.77 2884.05 0.5455 0.700547 0.481278 0.796 96.0615 -3.0674 1.16297 2812.21 0.942579 0.0996691
2178.89 -0.355259 0.825368 1652.07 -0.172985 -2.87872 3692.1 3681.38 0.446244 0.376593 0.490642 0.782256 956.512 -0.988132 0.326496 4508.87 0.696815 0.0996691
1361.36 -0.436022 1.99314 978.515 -0.576406 -0.913045 2308.27 2301.32 0.682516 0.51354 0.865097 0.785883 135.08 -1.16933 0.266509 2715.33 0.213232 0.0996691
1383.14 1.36843 1.19012 1338.64 0.549614 -2.50076 2878.71 2889.22 0.390935 0.603852 0.36967 0.411646 134.916 -1.438 0.690674 3388.14 0.722484 0.0996691
374.052 1.3575 -2.48485 358.487 -0.0451964 0.667063 935.574 901.746 0.56519 0.747758 0.803394 0.824744 5.99345 2.35383 1.43614 705.888 0.0328336 0.0996691
1522.91 0.0972759 -0.474498 1381.44 0.478428 2.69111 2987.53 2884.05 0.653148 0.764766 0.751811 0.82084 138.766 2.66112 0.032989 2931.45 0.0853843 0.0996691
332.489 -0.282872 2.42935 308.175 1.79121 -0.718935 1024.71 947.661 0.668593 0.794839 0.669624 0.747234 27.733 -0.429444 0.215358 649.969 0.112422 0.0996691
364.365 0.282064 1.43049 361.961 -0.285962 -1.80655 773.201 741.474 0.652435 0.773936 0.649628 0.832659 17.9509 -0.113473 1.53318 707.71 0.0455426 0.0996691
2459.36 0.0791304 1.63766 1449.09 -1.12744 -1.00311 4396.72 4450.5 0.404046 0.260899 0.797805 0.638744 193.769 -1.42023 0.416474 5198.06 0.353606 -0.0996691
402.778 0.714113 -1.83812 363.608 -1.13521 1.17237 1127.63 1073.92 0.771797 0.510368 0.675049 0.886924 20.6429 2.36555 0.110154 773.501 0.888077 0.0996691
304.004 0.95195 2.47818 298.135 -1.6557 -0.6836 1195.95 1188.32 0.749461 0.561756 0.668578 0.804184 6.06743 0.589882 1.27421 599.397 0.00800754 0.0996691
1778.05 0.185497 -0.465655 1595.69 -0.383364 2.76413 3809.81 2284.33 0.190155 0.136854 0.788264 0.623713 284.417 1.50179 0.785581 3695.84 0.941806 0.0996691
311.169 0.121287 0.0896401 299.439 1.5172 -3.11103 776.842 748.825 0.742781 0.788614 0.655739 0.775776 14.5753 -1.75316 1.36842 593.808 0.0343319 0.0996691
2614.54 0.391456 -1.90221 1688.94 -0.274528 0.829656 4481.19 3503.98 0.420929 0.37887 0.741214 0.792421 37.8184 1.1306 0.288894 5642.88 0.371154 0.0996691
330.129 -0.430245 -2.85732 290.053 -0.262278 0.564133 630.439 596.519 0.716154 0.610543 0.753852 0.745713 2.24419 0.757699 0.167532 692.362 0.156716 0.0996691
1545.42 -0.179203 -0.0424552 899.302 1.135 2.55797 2828.65 2834.31 0.594388 0.327174 0.756697 0.525109 412.385 -2.74579 0.208762 2932.41 0.60392 0.0996691
2458.86 0.570734 1.95703 1889.99 0.078642 -1.50788 4522.9 3269.71 0.35631 0.265633 0.762103 0.576194 416.974 -0.386849 0.200171 5166.13 0.606429 -0.0996691
2378.52 -0.641874 -1.3592 2153.8 -0.621544 1.85954 4757.09 3277.7 0.123025 0.429255 0.608467 0.576382 155.119 -1.05189 0.281721 5001.68 0.310273 0.0996691
298.254 0.705884 -2.97695 264.528 -0.708905 0.173926 718.43 681.01 0.65834 0.728311 0.699074 0.637708 21.3913 -0.175457 0.360697 570.556 0.0460445 0.0996691
1939.37 -0.895766 0.69178 1296.33 0.107607 -0.967066 2919.12 2857.49 0.546431 0.675003 0.738298 0.597185 1857.69 3.08608 0.0652356 3733.38 0.89616 -0.0996691
2153.39 0.739748 2.83764 1111.09 0.932685 -0.225252 3236.23 2927.8 0.0643848 0.825954 0.420746 0.835587 1745.53 -0.316127 0.0828663 4231.24 0.93957 0.0996691
1619.2 -0.358828 -1.84708 1291.07 -0.309951 1.76989 2830.54 2808.39 0.708698 0.705264 0.626783 0.661191 397.235 0.33397 0.114186 3334.94 0.725996 0.0996691
906.018 -0.399349 2.29135 867.297 -0.35629 -0.752221 1797.04 1731.58 0.757961 0.319648 0.765233 0.75335 90.4718 -1.5078 0.754938 1771.4 0.0639053 0.0996691
449.218 -1.07413 -0.938484 447.915 1.07035 2.18599 1474.26 1389.78 0.875322 0.72369 0.742091 0.741438 12.9632 -1.04239 0.0947444 886.355 0.0294797 0.0996691
437.596 -0.316335 1.74508 281.374 0.365538 -2.32378 710.059 504.8 0.470178 0.475244 0.86392 0.781617 252.922 -1.16021 0.140779 915.059 0.754933 0.0996691
522.793 1.33119 -1.95275 440.959 0.357634 1.29457 1091.86 1051.05 0.565037 0.364548 0.690065 0.789834 22.282 -1.88427 0.0988163 1469.84 0.0871382 0.0996691
835.939 1.55383 0.242127 250.358 -0.848538 1.90483 1557.64 1430.92 0.770229 0.646494 0.768036 0.837356 682.732 -2.61688 0.0836952 1209.38 0.696673 0.0996691
1055.39 0.906606 1.50293 760.826 -0.745619 -1.65751 2445.17 2445.46 0.0934843 0.524701 0.705506 0.587442 272.304 -1.4739 0.186014 1865.28 0.176022 0.0996691
1594.17 -0.0121999 -2.93826 1205.71 0.469918 0.628137 2945.27 2291.96 0.0958692 0.465867 0.772931 0.7366 342.946 -0.105423 0.381649 3610.69 0.417207 0.0996691
2453.11 0.120028 0.83105 2076.09 -0.426346 -1.70984 4687.56 3633.1 0.212242 0.271676 0.731399 0.561886 10.8635 -1.25384 0.455999 6045.63 0.391614 0.0996691
2450.53 -0.155547 -1.8927 893.177 1.61311 2.06375 4303.82 2891.72 0.180265 0.751443 0.750479 0.845557 1247.63 0.949221 0.0680508 4220.33 0.892185 0.0996691
663.605 1.1667 0.099485 466.886 1.51361 -3.09834 1146.09 1114.75 0.682829 0.721103 0.639949 0.605828 202.215 -2.91331 0.184556 1155.57 0.150378 0.0996691
375.621 -1.6473 -2.06574 264.916 -0.806851 1.57686 691.661 599.036 0.67527 0.554145 0.757948 0.81625 36.7757 0.532341 0.216925 758.933 0.560849 0.0996691
1281.46 -1.44408 -0.271024 1041.14 1.23767 0.650194 4244.53 4257.82 0.422938 0.0734114 0.769577 0.740645 1003.37 -3.10901 0.236766 3753.46 0.942238 0.0996691
644.623 -0.700448 -0.815032 640.582 -1.75401 2.21573 1483.99 1432.19 0.540913 0.636601 0.845523 0.645721 50.3179 -2.51333 1.18187 1267.15 0.934885 0.0996691
260.375 0.581582 -1.05494 250.09 -0.658769 2.04529 619.357 609.909 0.451353 0.77314 0.529792 0.759706 27.696 -2.77784 1.44699 507.091 0.0372342 0.0996691
3228.54 0.799788 -1.51753 2371.06 -0.497163 1.8191 6738.54 6815.76 0.40602 0.544865 0.799682 0.579922 880.092 1.65737 0.16181 6146.1 0.180206 0.0996691
1742.72 0.236991 -2.50311 1338.91 -0.509392 0.272665 3259.43 3140.08 0.528804 0.551927 0.617398 0.398851 243.637 1.01066 0.119395 3708.91 0.768645 0.0996691
1441.56 -0.233759 -1.2213 278.186 -0.637808 0.169098 891.403 792.692 0.752785 0.638136 0.658346 0.635478 1357.32 2.10836 0.0389221 2131.72 0.231612 0.0996691
1525.41 0.0328855 2.65472 317.567 -0.347033 -0.264668 1496.65 1338.27 0.39114 0.737533 0.754237 0.695958 1174.68 -0.304145 0.0503177 2176.85 0.632832 0.0996691
1068.4 1.26818 2.52118 1041 -0.59496 -1.12894 3063.29 2993.87 0.541209 0.713946 0.708088 0.816225 39.5891 0.458008 0.208525 2637.6 0.937141 0.0996691
2316.37 0.211139 1.74421 2066.66 0.166487 -2.53093 3873.97 3587.82 0.48703 0.205619 0.771767 0.651371 38.8436 0.801643 0.818647 7006.8 0.483405 0.0996691
1944.52 -0.408995 1.5851 1290.37 -0.761541 -0.960191 3103.33 3144.76 0.526179 0.545699 0.686594 0.559219 117.103 -0.514145 0.226656 4651.78 0.982321 0.0996691
2143.46 0.927418 -2.65472 1218.48 -0.801428 -1.25236 3799.44 3816.69 0.480271 0.527749 0.682429 0.801643 2050.15 0.571628 0.00166273 4767.14 0.714954 0.0996691
1342.02 1.07686 2.92567 1314.02 -0.560675 1.61289 2940.02 3049.01 0.718999 0.534957 0.696117 0.420717 2093.83 -1.44219 0.0437332 4125.03 0.762085 -0.0996691
583.6 1.12586 0.804456 575.149 0.946269 -2.48364 1185.61 1131.84 0.491354 0.776101 0.776766 0.818323 79.8085 -1.35692 0.535204 1153.52 0.951997 0.0996691
746.649 0.248909 2.12529 700.427 0.393306 -1.08437 1549.08 1223.17 0.327652 0.199645 0.842798 0.569414 34.414 -1.03728 0.104654 1539.62 0.0402338 0.0996691
601.057 0.865582 2.34263 511.337 0.956311 -0.566163 1114.34 1115.19 0.535245 0.630288 0.604174 0.689461 23.7832 -2.27133 0.564763 1274.13 0.890152 0.0996691
285.136 -0.396325 2.0217 280.68 0.25611 -1.23122 613.355 564.508 0.626051 0.731329 0.71 0.813386 34.213 0.0768094 1.26813 529.381 0.0571126 0.0996691
2438.85 0.548948 -1.09734 2012.42 -1.36551 2.75936 6449.18 6408.95 0.33297 0.609844 0.639339 0.811002 536.831 1.0489 0.0727464 5579.22 0.961444 0.0996691
1136.34 -0.458113 2.04772 359.163 0.301855 -0.447087 1335.75 1222.25 0.784753 0.769494 0.721688 0.847771 817.059 -1.44729 0.0418561 1688.64 0.811253 0.0996691
1624.24 0.367261 -1.61114 1337.65 0.229606 1.22349 2966.43 2780.33 0.490075 0.588678 0.413326 0.811581 101.495 1.75335 0.289503 3449.64 0.940135 0.0996691
2639.29 0.205487 1.09465 1447.37 0.0247582 -2.00147 3988.87 3965.09 0.323942 0.436613 0.506014 0.651233 208.615 -2.18032 0.0909832 5110.03 0.445729 0.0996691
1326.82 0.10864 2.09896 374.178 -1.24733 0.700397 1424.05 1214.31 0.399313 0.510165 0.687195 0.781048 1380.26 -1.29007 0.27464 1759.94 0.929613 0.0996691
3380.55 -0.0167282 -2.7565 425.838 -1.1522 0.565761 2796.16 2768.22 0.731981 0.748511 0.706052 0.779145 3222.15 0.370808 0.0651833 4279.52 0.97682 0.0996691
460.857 -0.0648741 0.919926 362.432 -2.07526 -2.18801 1276.5 1190.95 0.69993 0.60349 0.748512 0.562274 102.584 -2.49742 0.121981 820.635 0.84514 0.0996691
1395.23 -0.840261 -0.710236 550.419 -0.809235 2.67183 1751.61 1733.2 0.5321 0.815715 0.824762 0.83458 489.051 2.24215 0.0665467 2343.29 0.585142 0.0996691
1621.76 0.212721 -3.06408 1290.01 0.956002 0.028679 3110.7 3078.7 0.552374 0.687239 0.705631 0.883634 358.334 0.286064 0.257531 2950.36 0.13245 0.0996691
1507.09 0.335666 1.44302 338.891 -0.655408 -1.23682 1592.99 1529.61 0.3119 0.735295 0.583879 0.799407 1210.26 -1.81273 0.546885 1851.85 0.682162 0.0996691
275.7 1.41983 -0.817761 253.988 0.514438 2.30231 605.2 549.179 0.778744 0.692577 0.752055 0.593025 14.2001 3.05001 0.192655 516.776 0.876039 0.0996691
415.341 0.133438 2.38656 353.503 -1.74474 -0.731642 1143.79 1091.24 0.674204 0.609378 0.766981 0.774155 34.0572 -0.581954 0.139623 776.104 0.134561 0.0996691
607.567 0.123939 -1.83866 448.157 -0.753602 1.19739 1170.11 906.261 0.686671 0.384138 0.65476 0.795686 73.8235 1.65719 0.296449 1170.47 0.536786 0.0996691
1417.56 1.53212 0.0945581 1224.27 0.770408 -2.87151 2834.01 2846.88 0.298475 0.633567 0.605236 0.787358 265.383 -3.11636 0.244427 2849.19 0.117422 0.0996691
1396.63 -0.468678 1.14395 771.371 0.287612 -2.15474 2232.96 2224.88 0.110102 0.777722 0.70488 0.806954 673.117 -2.2693 0.110593 2484.11 0.307713 0.0996691
1635.88 -0.231582 1.77886 1358.89 0.0260325 -1.29108 3030.64 3030.26 0.656949 0.500398 0.663201 0.30215 99.7886 -2.39538 0.998134 3241.51 0.745862 0.0996691
1154.96 -0.842268 -2.26969 1098.35 -0.164291 0.645697 2424.39 2314.81 0.828416 0.483624 0.40524 0.724954 65.4642 -1.40745 0.110034 2730.28 0.619324 0.0996691
1573.24 0.554242 -1.96959 1548.44 0.584656 1.70543 3026.1 3016.63 0.760176 0.608234 0.88634 0.686597 148.029 -0.402198 0.463543 5457.25 0.296288 0.0996691
431.483 0.198083 -1.29102 403.189 1.33263 1.88705 989.73 922.685 0.691025 0.661972 0.810966 0.720355 32.9607 1.76243 0.0975107 819.421 0.0692491 0.0996691
265.971 0.565787 -0.665496 257.76 -1.56371 2.4844 858.175 813.053 0.712493 0.757564 0.662837 0.735552 4.61483 -2.54551 1.22867 495.463 0.0432304 0.0996691
2225.44 -0.830855 0.126126 1460.29 -0.611885 3.04735 3665.05 3532.11 0.625481 0.543437 0.547552 0.426224 981.026 -2.52429 0.418375 4375.18 0.452651 -0.0996691
1580.81 0.801588 -1.95396 758.622 1.10133 1.42056 2267.65 2353.49 0.530322 0.170261 0.449308 0.759019 272.368 1.40754 0.220534 3013.08 0.559229 0.0996691
946.61 -1.22429 2.31279 385.637 0.721331 -0.407168 1874.2 1412.26 0.142076 0.613865 0.850341 0.608974 512.102 -0.661272 0.255536 1659.09 0.303152 0.0996691
2229.08 -0.728535 -2.6671 1199.74 1.16614 -0.267572 4822.17 4040.15 0.171066 0.87726 0.761334 0.790339 534.404 0.763666 0.373578 4639.12 0.211147 -0.0996691
289.709 -0.0573504 -2.99618 285.631 -1.44744 0.127514 730.667 717.626 0.458078 0.606405 0.762739 0.687638 8.51952 -0.188158 0.29028 592.943 0.0274119 0.0996691
1629.21 0.192213 0.899353 1389.78 -0.420941 -2.18081 3159.74 3187.73 0.57924 0.598699 0.436062 0.776394 216.408 -2.53393 0.355565 3073.77 0.0879081 0.0996691
316.724 -0.127349 -2.37466 252.954 -1.98822 0.696435 850.624 738.711 0.744597 0.528661 0.785359 0.540917 72.0208 1.15941 0.449557 533.158 0.157234 0.0996691
523.57 0.752871 0.654286 321.067 0.734725 -2.39313 836.43 795.074 0.727382 0.489147 0.786232 0.724087 173.172 -2.5809 0.0980415 833.394 0.917527 0.0996691
311.451 1.17837 1.11712 295.041 -1.06904 -2.04011 1046.07 968.433 0.459276 0.613316 0.56722 0.656696 11.115 -1.47318 0.552959 598.24 0.114611 0.0996691
406.68 0.641722 -1.25297 348.386 -0.0265185 1.88917 829.984 713.358 0.740273 0.79169 0.867588 0.690149 63.5541 1.68023 0.151647 711.217 0.14829 0.0996691
671.539 0.189873 -2.9278 453.113 0.0832674 0.180942 1132.71 1040.28 0.824977 0.810739 0.839501 0.814015 209.553 0.140478 0.0281571 1101.6 0.933726 0.0996691
2949.33 0.269906 1.4422 1334.36 -0.695219 -1.37172 4549.58 3673.1 0.397854 0.655301 0.655376 0.68202 1624.56 -1.921 0.0548809 4539.04 0.811574 -0.0996691
975.03 -1.22187 -1.0989 789.657 0.224841 1.64661 2254.9 2127.46 0.516588 0.280316 0.849589 0.84963 102.999 2.05131 0.396505 2069.99 0.191186 0.0996691
1039.58 0.557544 2.83171 917.387 -0.356555 -0.967226 2081.95 2061.7 0.680588 0.550654 0.817906 0.834855 75.46 1.90525 0.530613 3304.77 0.598863 -0.0996691
1096.67 -1.54913 -2.06736 811.436 -1.23986 1.30115 1903.57 1917.84 0.583705 0.58717 0.335721 0.786367 39.0791 -2.82554 0.758782 3250.4 0.18941 -0.0996691
1849.15 -0.159301 -1.46442 1455.01 0.954056 1.48462 3801.26 3855.4 0.27113 0.516989 0.598924 0.723679 254.744 1.26549 0.219174 3760.42 0.153407 -0.0996691
444.415 2.01052 2.95231 414.109 1.19925 0.170767 937.15 831.896 0.672172 0.817716 0.589685 0.663956 130.093 -1.27621 1.44145 849.026 0.213644 0.0996691
1169.19 0.979661 -1.72189 453.157 0.313985 0.864385 1577.43 1204.07 0.460566 0.721388 0.677021 0.806708 962.305 0.933524 0.0735499 2276.64 0.540285 0.0996691
2137.19 0.612244 2.03034 1691.08 0.103237 -0.737175 4151.26 2802.29 0.20492 0.716931 0.527144 0.723691 339.582 1.41146 0.416797 5045.42 0.943893 -0.0996691
1363.28 -1.32285 -2.88401 1339.75 -0.106746 0.715617 3163.67 3197.39 0.501616 0.555098 0.608686 0.677588 607.331 -0.0312466 0.746989 3475.76 0.22733 0.0996691
293.405 0.604008 0.987164 292.207 -1.4911 -2.05159 955.387 776.874 0.772218 0.745179 0.66905 0.779949 62.2342 0.718443 0.215538 618.108 0.592646 0.0996691
2723.45 0.178386 -0.896217 2583.56 0.699497 2.91749 5381.38 3645.31 0.204302 0.237563 0.70589 0.511121 199.728 -1.17054 0.0460925 7433.25 0.494631 0.0996691
1481.66 -0.75604 -2.49115 1253.07 -0.772132 0.935156 2739.01 2567.85 0.328321 0.55091 0.641905 0.763411 268.969 0.130225 0.0333408 3026.12 0.965157 0.0996691
2425.17 0.155448 -2.01858 2155.86 -0.235638 -0.130982 3848.63 3870.45 0.308544 0.419241 0.644981 0.680983 113.52 1.24109 0.237832 7724.72 0.277645 0.0996691
313.871 0.579216 -0.386033 303.182 0.836875 2.72691 641.094 566.322 0.711418 0.792941 0.678262 0.708025 17.1274 -2.62777 0.917141 580.944 0.0439935 0.0996691
1369.22 -0.338527 2.85653 1178.02 0.399708 -0.368718 2730.49 2701.12 0.611999 0.849959 0.587191 0.728881 44.8857 -1.43033 0.152352 3037.89 0.687138 0.0996691
896.801 -0.801368 1.49532 501.545 -1.78917 -0.622073 1380.5 1304.01 0.564782 0.741581 0.701006 0.560169 224.488 -2.09378 0.0385981 1961.51 0.804243 0.0996691
1696.57 0.0319893 -2.19422 1628.48 -0.358139 0.403739 3278.76 3298.05 0.579332 0.56741 0.760496 0.629249 720.631 1.29536 0.140334 4537.35 0.708638 -0.0996691
1178.73 0.0723561 2.03774 408.781 -2.72462 1.57192 2936.93 546.556 0.266428 0.447441 0.471188 0.569161 1466.39 -1.21313 0.16125 1681.09 0.776567 0.0996691
1088.02 0.21687 0.479155 486.333 2.2214 0.252972 1736.36 1712.1 0.354822 0.811059 0.737327 0.584988 1399.08 -2.76618 0.122975 1766.35 0.722074 0.0996691
2517.5 -0.727035 -0.681976 1693.29 0.829304 2.04871 5467.5 4640.62 0.153097 0.578774 0.874982 0.701632 264.922 2.57562 0.134811 5220.53 0.951131 -0.0996691
1505.42 -0.330513 1.96493 735.126 -0.566464 -1.26098 2215.3 1677.68 0.216601 0.695366 0.671106 0.599442 769.545 -1.09778 0.201249 2299 0.244846 0.0996691
2039.63 -0.85065 2.8247 1476.67 -0.674582 0.596983 3159.64 3144.17 0.744766 0.6472 0.52394 0.780584 1083.38 -0.252602 0.158236 5097.44 0.769689 0.0996691
447.266 1.14553 -0.587584 416.001 1.58097 2.57333 906.692 831.204 0.578207 0.809527 0.700206 0.727293 48.2869 2.05169 0.528558 837.122 0.046383 0.0996691
2080.11 0.449879 -2.22489 1620.2 -0.692659 1.498 4196.08 3600.52 0.20782 0.606921 0.80463 0.60668 540.864 1.33394 0.0639681 5325.2 0.347759 0.0996691
2418.35 -0.284234 2.62832 2176.51 0.452732 -0.667712 4906.7 4964.51 0.332148 0.490685 0.651575 0.90175 1177.04 0.799684 1.46698 5446.6 0.807633 0.0996691
501.64 0.0559203 -0.496088 478.564 -0.944978 2.61445 1126.58 1022.72 0.733114 0.815467 0.688204 0.704055 18.3484 -2.65646 0.61406 947.455 0.848967 0.0996691
526.873 1.21581 0.357615 444.741 0.81567 -2.80283 1005.41 969.302 0.705848 0.704444 0.799604 0.600261 84.5581 -2.85614 0.00997138 1001.71 0.1132 0.0996691
358.451 -0.125154 -0.348909 318.443 -1.18058 2.85962 785.828 770.989 0.766391 0.582834 0.750261 0.642541 28.0475 2.44914 0.363893 686.52 0.8964 0.0996691
1115.27 -0.746511 0.663604 1104.94 0.755148 -2.36727 2889.47 2849.91 0.658735 0.674948 0.587323 0.760033 88.9213 2.56301 0.704177 2486.06 0.219514 0.0996691
773.933 0.37822 -1.24457 661.156 -0.688301 1.85558 1666.42 1523.57 0.489481 0.541362 0.535431 0.755992 109.545 2.14439 0.182156 1524.62 0.754747 0.0996691
351.646 0.124133 -1.92232 339.225 1.29897 1.27777 824.798 787.829 0.585059 0.864583 0.660439 0.712279 11.5782 2.41232 0.693945 688.647 0.887413 0.0996691
278.064 -0.933855 -2.83995 269.026 -1.31419 0.266892 569.468 502.011 0.404195 0.722075 0.556151 0.734825 18.0598 1.71911 1.43686 554.505 0.940055 0.0996691
999.336 0.83238 -1.02057 490.913 0.492047 1.98334 1429.1 1420.03 0.561022 0.733936 0.729938 0.878762 86.3982 2.39733 0.09483 2050.45 0.395904 0.0996691
1466.72 1.43943 2.62896 356.107 -0.327665 -0.775264 2122.3 1703.32 0.565262 0.695388 0.677579 0.806443 941.467 -0.543637 0.208915 2056.01 0.593977 0.0996691
1593.45 -0.225458 3.01532 1462.81 -0.469433 0.0811107 3105.74 2904.39 0.555021 0.664489 0.596647 0.65325 81.331 -1.39813 0.304523 3347.77 0.81524 0.0996691
2464.27 0.497358 -1.26905 1492.08 0.23304 1.45024 3880.06 2879.96 0.270412 0.154086 0.700653 0.721154 36.1809 1.5484 0.0949773 5344.47 0.124264 0.0996691
1486.2 0.370821 2.0112 1258.85 -0.571735 -0.588939 2969.52 2966.84 0.690508 0.436443 0.748469 0.829567 75.0387 -1.93358 0.499073 4281.85 0.296234 0.0996691
429.095 -0.0977171 -0.563631 425.937 0.605716 2.61565 931.769 848.976 0.622088 0.740426 0.860547 0.836457 19.7035 0.0374206 0.589894 831.011 0.0369365 0.0996691
1504.93 -0.420006 1.2868 1113.38 0.797485 -1.14931 3023.66 2353.74 0.645162 0.237305 0.824527 0.751618 61.4849 2.0234 0.109336 3819.11 0.802772 -0.0996691
707.673 -0.242411 -2.3607 704.206 2.11411 0.966426 2603.59 1502.69 0.208393 0.616061 0.879606 0.526233 8.0213 -2.49994 0.130805 1547.33 0.875446 0.0996691
1748.49 0.54952 2.65809 1456.6 0.135115 0.209895 3171.45 2890.66 0.404803 0.347407 0.557949 0.678758 617.414 -0.0383343 0.220404 4439.54 0.380318 -0.0996691
1525.88 -0.786079 -0.382086 1222.37 -1.41504 2.82465 2879.96 2915.55 0.527973 0.712671 0.432953 0.591702 269.817 2.54003 0.283853 2807.13 0.113695 0.0996691
1518.35 -0.361171 1.05692 1401.61 -0.244151 -2.18152 2969.79 2839.96 0.646944 0.506112 0.576236 0.707656 146.906 -0.96781 1.21813 2961.28 0.852921 0.0996691
742.516 0.848698 -2.99374 406.153 -1.62675 -0.850441 1992.75 1988.97 0.596392 0.537559 0.71586 0.745836 277.191 0.849976 0.23478 1473.78 0.441198 0.0996691
904.693 -0.905232 -2.32547 643.186 0.244808 0.996876 1837.48 1479.77 0.461226 0.600778 0.599562 0.698653 638.93 0.315921 0.664253 2252.26 0.641335 -0.0996691
1595.82 0.188858 0.254682 1281.89 0.01959 -1.3536 2100.25 2109.76 0.335295 0.394185 0.72361 0.413511 1215.89 2.06685 0.0274966 4945.71 0.293142 -0.0996691
1250.79 0.210247 2.85761 377.431 -1.27222 -0.409811 1795.85 1418.24 0.536173 0.324293 0.596543 0.697611 883.795 -0.242483 0.159316 1672.3 0.685331 0.0996691
345.408 -0.452819 -1.71544 336.959 0.746774 1.44477 819.514 757.886 0.583809 0.815975 0.749119 0.785775 16.6329 -1.2333 0.484957 697.607 0.0654217 0.0996691
583.198 1.25995 0.370469 527.359 0.0756952 -2.63882 1319.05 1292.21 0.709217 0.477699 0.73357 0.635692 40.2357 -3.08179 0.453395 1162.2 0.0909104 0.0996691
1548.02 0.174482 -2.03291 809.918 0.232096 1.52413 2232.64 2173.98 0.661838 0.624571 0.609289 0.696063 554.223 1.56876 0.0860007 3181.57 0.368794 0.0996691
2508.11 0.628897 -2.93025 1810.03 0.195734 0.590013 4335.64 4252.79 0.512711 0.484473 0.753275 0.659373 523.667 -0.0670993 0.174452 4988.23 0.982926 0.0996691
366.598 0.694573 -2.27351 325.729 1.53776 1.03506 780.7 591.659 0.822183 0.41336 0.723649 0.712029 34.6918 0.723454 0.100582 703.307 0.51515 0.0996691
2078.4 0.620694 2.84955 1183.15 -0.714153 -0.674682 3845.47 3732.27 0.290383 0.407148 0.566935 0.807683 1462.87 -0.740399 0.0649715 5130.86 0.0677764 0.0996691
1860.46 -1.27923 0.25027 1617.23 0.760446 -2.63093 5567.96 3680.43 0.13782 0.256237 0.789791 0.817975 389.654 0.411288 0.091686 4392.21 0.0353427 0.0996691
366.65 0.500156 -2.50385 335.231 -0.32137 0.697181 787.215 694.644 0.676708 0.808554 0.811679 0.648748 4.80292 -0.941192 1.39055 676.711 0.996492 0.0996691
1630.67 -0.867203 -1.5718 1310.2 -1.00465 1.59203 3009.83 2780.91 0.50005 0.303787 0.530111 0.680659 274.495 1.56277 0.046666 3012.81 0.172609 0.0996691
1591.26 -1.21233 -3.10473 1462.63 -0.631732 0.948674 2907.05 2860.26 0.711176 0.505602 0.657271 0.254465 586.051 0.687817 0.151264 4886.52 0.936102 -0.0996691
2009 0.3393 -0.6015 1532.89 -1.15099 1.76408 4343.13 4370.99 0.504172 0.292316 0.544698 0.80986 1042.28 -2.05523 0.128279 5166.05 0.661483 0.0996691
2056.01 0.824647 1.29852 1508.58 0.618198 -1.33433 3488.91 3087.66 0.229736 0.580488 0.47709 0.559555 190.755 -0.661713 0.657849 4771.92 0.683934 0.0996691
456.428 1.19942 2.80538 450.626 -0.0789158 -0.320068 1118.5 1009.54 0.711799 0.690595 0.75429 0.624383 13.6172 -1.65029 0.846427 882.482 0.90487 0.0996691
276.009 0.41867 -0.294565 265.165 -0.352613 2.88526 590.573 564.087 0.753527 0.669843 0.547599 0.718243 10.3804 1.29814 1.57461 528.047 0.0231673 0.0996691
1341.56 -0.355541 3.00016 1332.5 0.892897 -0.593811 3171.53 3102.64 0.631677 0.55249 0.730571 0.671633 140.662 0.621263 0.690542 3174.56 0.755319 0.0996691
2679.31 -0.160448 -0.729627 2164.61 -0.502128 1.74028 4672.11 4696.49 0.52744 0.454092 0.757564 0.729553 129.055 2.39164 0.650403 6484.16 0.343832 -0.0996691
305.562 -2.74606 1.39106 292.395 -0.297555 -1.79306 1114.93 1104.48 0.590743 0.619074 0.476244 0.696468 17.6499 -0.223443 1.56669 595.559 0.0366232 0.0996691
1811.5 -0.454066 1.51022 1192.82 -0.552816 -1.33516 3089.59 2280.49 0.67569 0.197338 0.618594 0.890155 374.492 -1.39327 0.180198 3614.27 0.510709 0.0996691
840.805 0.59784 -3.11863 827.56 -1.23401 -0.0558463 2425.51 2418.71 0.656302 0.700431 0.725401 0.83063 40.5743 1.62598 1.54017 1671.31 0.045991 0.0996691
1346.25 -0.237416 -0.518276 1319.44 0.338948 2.40659 2804.91 2701.64 0.550801 0.665819 0.523352 0.53822 151.111 -1.91027 0.489651 2868.36 0.949835 0.0996691
529.017 0.946712 1.72143 528.73 0.983626 -1.75052 1062.71 936.857 0.850703 0.34324 0.740688 0.680733 296.822 -1.90935 0.146668 1435.11 0.295714 0.0996691
2041.07 -0.0360856 2.14549 1948.97 -0.188668 -1.47041 3901.02 3939.1 0.632793 0.522743 0.80104 0.721599 132.058 1.58383 0.563752 5964.89 0.236853 0.0996691
1560.56 -0.834697 1.48244 1319.1 -0.778318 -1.68334 2979.65 2077.85 0.522859 0.197611 0.845744 0.774333 211.154 -1.49206 0.183428 2883.61 0.39348 0.0996691
379.531 -0.0129722 -3.06184 352.892 -1.33354 0.0802094 927.954 781.908 0.745731 0.78808 0.877334 0.828917 5.64257 2.91031 0.331058 713.614 0.032646 0.0996691
1553.97 0.580228 -2.05218 1283.27 1.30904 1.39631 3014.81 2952.19 0.721652 0.53666 0.615749 0.74115 423.871 3.08841 0.0198059 4132.66 0.728322 0.0996691
274.389 -1.33675 2.60473 259.296 -2.04469 -0.426306 587.62 511.35 0.685415 0.694504 0.861901 0.599889 22.1235 -2.39537 1.26077 507.745 0.806611 0.0996691
1253.89 -0.985871 0.284797 1003.23 0.235815 -2.55719 2708.43 2366 0.467455 0.680907 0.517783 0.721346 406.92 2.65582 0.544999 2272.69 0.903928 0.0996691
1654.26 -0.191937 -0.796352 1389.79 -0.407965 2.96631 3034.16 2262.69 0.812224 0.286008 0.584743 0.733617 444.78 2.04104 0.0237975 4043.41 0.731569 0.0996691
1725.07 -1.05679 -2.94306 1228.83 -1.1847 -0.120942 2896.13 2891.29 0.563151 0.516122 0.706309 0.483573 206.093 -2.37623 0.336837 3870.7 0.94498 0.0996691
1932.21 0.756975 1.45234 1762.16 -0.316851 -2.30095 4177.04 3070.05 0.228544 0.509529 0.661656 0.6588 73.0995 0.254011 0.8368 4850.92 0.865766 -0.0996691
758.158 1.19087 2.07079 705.802 0.748477 -0.976796 1576.42 1236.57 0.210471 0.709094 0.719315 0.704302 60.2724 -1.55884 0.238742 1492.5 0.884347 0.0996691
1557.24 -0.417168 1.11014 901.786 0.339773 -1.8783 2562.26 2511.41 0.720917 0.608119 0.762456 0.698171 533.112 -2.00619 0.144267 2669.84 0.291901 0.0996691
447.938 -0.319251 -0.909624 446.165 0.870068 2.23443 1067.05 1019.81 0.712907 0.642869 0.704434 0.828268 22.0234 -0.573805 0.321567 887.043 0.0122408 0.0996691
2115.27 -0.154584 -0.251309 1747.98 -0.536091 1.3573 2948.45 2707.24 0.291629 0.571894 0.652624 0.894614 2004.14 -2.51314 0.0664115 4800.8 0.793782 0.0996691
358.563 -1.28841 0.935907 350.642 -0.208877 -2.19866 846.564 629.128 0.72584 0.542475 0.744488 0.768274 10.8021 -1.26715 0.770272 693.947 0.244828 0.0996691
405.238 0.975296 0.931404 259.934 -1.36669 -2.04164 1155.47 1095.81 0.602462 0.587662 0.829692 0.537354 137.917 -2.07099 0.0239744 662.984 0.219705 0.0996691
1756.02 0.0624743 -2.68885 1680.04 -1.02008 0.425435 4118.69 3342.8 0.69083 0.0374097 0.784118 0.796597 80.5382 0.853322 0.056677 3541.72 0.450773 0.0996691
3616.92 0.0835061 -2.1664 2107.01 -0.664641 1.02018 5927.05 5976.9 0.467001 0.196543 0.60224 0.688846 1193.17 0.277926 0.136137 6789.25 0.972376 -0.0996691
289.743 -0.342564 -0.251007 264.978 -0.674629 2.73962 605.858 332.016 0.752493 0.585349 0.789083 0.709852 10.7314 -3.10578 0.197323 524.749 0.442464 0.0996691
622.607 -1.31509 -1.04346 608.501 -0.155873 2.10073 1465.22 1396.74 0.72312 0.830187 0.745885 0.675916 26.3628 1.9659 0.0839896 1211.07 0.907244 0.0996691
1056.54 0.85186 1.55239 937.522 -1.11817 -1.41411 3043.96 2995.51 0.704995 0.60926 0.854647 0.727399 20.6155 -1.49477 0.0896636 2174.13 0.103791 0.0996691
1245.19 0.529494 -1.64621 552.263 -1.55028 1.69528 2679.63 2581.77 0.682098 0.528538 0.504223 0.728716 233.923 1.25949 0.143552 2319.87 0.683654 0.0996691
2430.4 0.180457 3.04795 2033.91 -0.697264 -0.0667617 4903.21 4908.44 0.641092 0.530489 0.769556 0.463649 252.462 -2.02625 0.0280664 5940.79 0.219274 0.0996691
631.905 -1.02517 3.12864 446.365 -0.760138 0.571004 1043.29 1011.84 0.704739 0.680194 0.69955 0.845192 141.554 3.06894 0.0605435 1630.59 0.660452 0.0996691
1106.85 1.03428 0.187279 900.845 -0.90511 2.8781 3059.99 2077.76 0.204775 0.277082 0.626735 0.584146 124.91 -2.74272 0.412237 2523.38 0.310421 0.0996691
1135.27 0.926511 1.87218 735.221 -1.1092 -0.992744 2866.49 2826.35 0.730769 0.782678 0.725147 0.622346 398.739 -1.71435 0.0666271 1998.38 0.54049 0.0996691
672.779 0.839669 -2.68862 475.772 0.282988 0.482265 1236.22 899.956 0.698274 0.475668 0.698059 0.700197 192.333 0.304625 0.11308 1126.03 0.408409 0.0996691
429.887 -1.1827 -1.36117 370.684 -1.74084 1.49936 842.837 761.188 0.709374 0.746088 0.5416 0.654139 87.4639 0.328147 0.652675 1014.71 0.292434 0.0996691
2991.61 -0.848912 -2.20043 2318.2 -0.448873 1.36112 5400.3 4409.61 0.177363 0.332742 0.587834 0.625385 139.166 0.815536 0.546304 6612.1 0.273775 0.0996691
1349.71 -0.5974 -1.03297 780.414 -1.36637 2.15416 2237.57 2146.52 0.878124 0.659493 0.752267 0.702867 47.2733 3.06311 0.889788 2704.47 0.943597 0.0996691
535.224 1.7691 -0.470427 336.348 -0.240118 2.38449 1358.81 1097.77 0.651736 0.688325 0.857452 0.632193 222.664 0.183107 0.146407 1366.45 0.146217 0.0996691
288.744 -2.07827 1.3507 286.611 0.0792813 -1.76281 966.585 837.78 0.74698 0.689526 0.846215 0.710787 29.226 -2.23871 0.199744 547.419 0.749428 0.0996691
2495.72 0.748032 1.21254 1831.95 -0.784375 -1.31574 5566.36 4976.01 0.425748 0.709335 0.486687 0.759545 318.105 2.60027 0.547572 6011.29 0.709029 -0.0996691
425.145 -1.1517 0.937476 373.183 -1.78426 -2.22084 858.988 763.535 0.829836 0.631182 0.709331 0.739286 48.762 -2.22548 0.00398016 773.242 0.135991 0.0996691
510.533 -0.602522 2.88614 509.398 -0.950871 -0.242973 1047.64 1030.5 0.639931 0.581986 0.741531 0.721725 5.27171 -1.52773 1.28041 1032.35 0.023742 0.0996691
1152.72 0.253448 0.913399 522.877 -0.839244 -2.34764 1793.19 1747.67 0.436199 0.716858 0.729099 0.707955 945.435 -2.31349 0.0408912 2018.84 0.408139 0.0996691
313.07 0.873698 0.89415 310.802 -1.07794 -2.40298 955.353 924.534 0.699553 0.752831 0.697698 0.517074 15.6852 0.487391 0.41569 750.363 0.0842345 0.0996691
703.739 0.694597 -2.3453 370.402 1.03247 1.00758 1050.13 1001.3 0.725554 0.772224 0.786005 0.783214 15.1767 2.8651 0.0316815 1464.21 0.708606 0.0996691
2603.05 -0.231988 1.04104 2262.25 0.539276 -2.56966 5277.69 4741.5 0.203804 0.593627 0.66042 0.347789 179.358 0.995158 0.128957 6359.26 0.14964 -0.0996691
370.499 -1.41885 -0.00228245 346.964 -1.06936 3.1292 748.109 681.987 0.732595 0.806189 0.585706 0.804792 18.1736 2.48287 0.483226 693.839 0.869956 0.0996691
585.447 1.2173 2.66643 551.727 1.04685 -0.432459 1157.24 1093.79 0.665357 0.553823 0.90562 0.536737 42.5262 -0.775087 0.00082022 1125.09 0.877877 0.0996691
1051.97 -0.641194 -2.65044 763.208 -0.764146 0.976864 1767.49 1709.33 0.775107 0.466555 0.522558 0.86751 282.588 0.155515 0.785487 2066.45 0.763592 0.0996691
914.627 -0.82274 -0.450616 591.155 1.96306 2.738 3156.46 3048.07 0.498627 0.614768 0.722851 0.7299 139.038 2.83572 0.105316 1677.38 0.209084 0.0996691
1351.89 0.135872 2.1415 373.09 -0.880898 0.45093 1338.19 1289.31 0.669872 0.459977 0.846465 0.829337 1115.31 -1.31079 0.765301 2240.22 0.481343 0.0996691
1275.74 -0.477468 -2.92849 982.063 1.30423 -0.561574 3146.15 2864.3 0.189892 0.783676 0.537756 0.634724 130.154 -0.455606 0.119555 3276.32 0.324776 0.0996691
1085.27 1.03699 -0.442141 957.148 -0.710668 2.51461 2900.44 2344.54 0.267487 0.551934 0.748425 0.775815 181.29 -2.72628 0.231356 2083.22 0.83496 0.0996691
1310.27 -1.14928 0.223879 1071.25 -0.113088 -1.78297 2418.52 2346.24 0.550589 0.626487 0.744005 0.786912 2030.23 2.19255 0.0073812 3712.04 0.213115 0.0996691
1079.25 -1.16883 -1.95874 302.998 1.38362 1.95216 2175.62 2128.73 0.835361 0.639344 0.75564 0.855491 573.146 1.02032 0.0216777 1710.73 0.871622 0.0996691
2613.69 -0.842642 -0.756665 2155.42 0.782397 1.65433 6190.31 6213.27 0.574339 0.598443 0.693381 0.720023 290.431 3.08983 0.673572 7046.66 0.463781 -0.0996691
421.564 0.320176 0.6752 333.18 -0.021266 -2.36183 826.829 494.51 0.607055 0.650917 0.616126 0.66648 102.76 2.34768 1.07078 931.751 0.696345 0.0996691
451.798 -0.796449 1.57076 372.875 1.64991 2.10561 1311.94 1212.94 0.732306 0.780172 0.725992 0.874539 658.863 -1.48752 1.32943 1259.2 0.891567 0.0996691
2872.2 0.477848 -2.06237 2802.86 -0.611726 1.29741 6659.13 5507.96 0.363536 0.560175 0.380751 0.728115 526.425 -1.94165 0.210431 6716.94 0.208429 0.0996691
965.337 1.27322 3.09861 630.191 0.569665 2.13269 947.446 885.056 0.720013 0.854349 0.790051 0.793395 1123.57 -0.382057 0.237064 1893.42 0.632164 0.0996691
567.133 0.792189 2.34791 398.008 -0.78613 -0.450375 1266.33 1190.86 0.76673 0.687225 0.851034 0.789047 63.646 -0.586163 0.132007 1115.32 0.233172 0.0996691
1016.17 -1.02549 -1.07277 425.514 -0.201505 2.04688 1467.04 1377.45 0.55505 0.800518 0.917407 0.828539 598.352 2.03815 0.00616765 1437.58 0.433715 0.0996691
1484.42 -0.368379 -1.86029 1283.54 0.411814 1.57809 2967.24 2903.58 0.579232 0.70769 0.553696 0.784093 31.6246 -0.270841 0.678016 3198.68 0.877096 0.0996691
515.478 1.69638 1.68891 504.738 0.570438 -1.48764 1198.42 1170.36 0.716318 0.619647 0.769413 0.77534 7.39445 -3.06303 1.52483 1007.21 0.0218898 0.0996691
1593.75 0.157899 0.631389 1470.68 0.0789977 -1.8695 2936.2 2952.55 0.451022 0.332043 0.867178 0.81034 520.222 2.60059 0.0618241 3574.22 0.889894 0.0996691
1264.53 1.2664 2.99966 1065.39 -0.228827 -0.217929 3016.32 3002.74 0.742158 0.395037 0.738268 0.801772 148.701 0.0763367 0.142937 2415.99 0.0476972 0.0996691
2032 0.724031 -3.0526 1267.3 -1.37014 0.145207 5157.89 4921.56 0.553364 0.54494 0.514739 0.504324 252.648 -2.65281 0.400792 4493.78 0.85757 0.0996691
760.77 -1.50219 1.33881 552.453 -0.997869 -1.97278 1357.3 1308.48 0.442947 0.661229 0.795516 0.748017 111.687 -1.26922 0.0134331 1431.56 0.940636 0.0996691
534.832 -0.325104 -1.8961 317.931 -2.28314 1.35925 1268.05 1248.13 0.786317 0.444121 0.724678 0.706712 173.665 1.20715 0.157173 880.502 0.253759 0.0996691
1621.63 -0.0353056 2.01049 1175.71 -0.515071 -1.11772 2876.91 2746.37 0.647849 0.783292 0.789476 0.726565 438.046 -1.21224 0.0709025 2805.62 0.171229 0.0996691
777.772 1.45141 0.604293 649.151 -1.27901 -2.19343 2960.57 2914.5 0.68577 0.693636 0.654727 0.743922 101.851 -2.2986 0.104321 1766.55 0.194725 0.0996691
573.867 0.885359 -2.93234 560.481 1.05725 0.256915 1145.35 1151.65 0.650316 0.73317 0.758159 0.582094 27.6798 -1.14339 1.39741 1142.27 0.0254071 0.0996691
445.825 0.0637955 -3.04399 316.368 -1.93619 0.0609737 1173.41 1111.25 0.785334 0.752824 0.793306 0.792264 58.7837 -0.221953 0.268006 804.064 0.152837 0.0996691
704.991 -1.59134 -1.76207 405.896 1.30488 1.24746 2409.69 2356.81 0.781646 0.35413 0.826642 0.789709 324.016 1.1994 0.0402533 1281.27 0.808555 0.0996691
338.375 0.150409 -1.10183 338.101 1.73264 1.99208 920.444 831.547 0.721622 0.54893 0.694003 0.699665 6.04547 -1.5712 0.493933 962.346 0.0561204 0.0996691
1966.74 0.0214453 -0.802864 1254.74 -1.25871 1.73127 3706.33 3707.95 0.389906 0.263462 0.623175 0.509474 955.909 3.02162 0.114709 3488.48 0.906995 -0.0996691
1369.58 0.282173 -3.01337 911.008 -1.3337 -2.98971 2014.73 2034.06 0.344902 0.231158 0.769015 0.813925 1741.85 0.0803027 1.04111 3669.98 0.606341 0.0996691
2109.34 -0.007693 0.913676 1767.38 0.0126668 -2.21453 4072.24 3299.43 0.951352 0.206438 0.813084 0.783003 332.75 -2.26837 0.125371 3968.16 0.265007 0.0996691
1085.7 0.0400825 -1.68353 967.062 0.524705 1.15497 2111.42 2084.97 0.540118 0.386676 0.81597 0.450814 161.293 2.99177 0.209694 3323.15 0.806645 0.0996691
489.01 1.56379 -3.11313 263.773 0.596036 0.969169 758.973 715.218 0.802578 0.848466 0.773937 0.783255 10.9399 0.368438 0.583678 1135.3 0.516084 0.0996691
1937.57 -1.05738 -2.66467 1243.39 -0.470132 -0.104069 3125.49 3160.73 0.46879 0.196729 0.381299 0.589159 183.632 1.44724 0.00652993 4443.08 0.565266 -0.0996691
1264.38 -1.20751 -2.18465 1198.72 0.433584 1.6368 3294.24 2607.43 0.161566 0.429863 0.76711 0.666823 343.796 0.187827 0.653997 3058.82 0.646994 0.0996691
1301.54 0.032839 1.32411 1293.51 1.20317 -1.49782 3063.15 3025.36 0.445493 0.525312 0.648174 0.667649 341.22 -2.75076 0.208119 2919.09 0.193519 -0.0996691
774.609 -1.64282 -2.78356 588.994 0.185868 0.346791 1996.36 1727.02 0.419766 0.635656 0.364883 0.739847 256.793 0.339244 0.0173267 1739.05 0.107158 0.0996691
298.982 2.57228 -2.50741 290.468 1.68704 0.626494 666.109 586.082 0.608747 0.758452 0.627427 0.638883 45.314 -0.455914 1.08287 584.885 0.889814 0.0996691
1791.73 -0.0177001 2.99612 1467.61 0.263416 -1.00835 3129.32 2699.75 0.409967 0.636105 0.803715 0.460398 68.3277 1.66029 0.172263 4754.45 0.955676 -0.0996691
1389.84 0.235005 1.64682 301.265 1.60573 -0.969068 1585.36 1567.55 0.504444 0.674834 0.851578 0.799923 1038.63 -1.66838 0.160344 1823.64 0.900017 0.0996691
1271.56 0.708603 1.57551 362.616 -0.38819 -2.32242 1514.78 1434.38 0.564618 0.618665 0.674721 0.759405 750.76 -1.32685 0.00276482 1937.18 0.748912 0.0996691
1108.3 -0.0462877 -2.80084 1060.39 0.262422 0.180915 2252.08 2016.92 0.632106 0.273783 0.697638 0.787047 83.2662 0.82354 0.413491 2993.72 0.703701 0.0996691
1127.21 -0.209715 2.15739 858.601 0.681338 0.936658 1463.76 1445.37 0.663753 0.54743 0.743426 0.445812 970.636 -1.50586 0.0696187 2633.9 0.872639 -0.0996691
1658.3 -0.478536 3.03557 986.404 -0.125303 -1.05356 2392.7 2550.52 0.691553 0.333701 0.620928 0.837145 474.137 0.0712811 0.66104 3644.06 0.474215 0.0996691
1323.03 -0.566419 2.2416 1308.07 -1.02623 -0.80521 2784.43 2627.09 0.621653 0.32224 0.666696 0.204858 61.8727 0.155767 0.959097 2863.05 0.785561 0.0996691
1364.85 0.937261 1.86577 790.499 -0.578452 -1.06506 2706.99 2688.66 0.387909 0.664669 0.664003 0.77305 265.475 -1.03149 0.0194482 2543.01 0.296485 0.0996691
1444.85 -0.29774 -1.78403 1422.18 0.499612 0.427828 2840.68 2832.81 0.729803 0.628175 0.747722 0.604731 152.492 -1.04552 0.738833 4319.79 0.655575 -0.0996691
1996.93 0.439212 1.77213 1678.78 -0.427963 -2.0987 3812.34 3782.93 0.334701 0.589451 0.6139 0.712433 216.688 0.214208 0.343577 5751.65 0.351671 0.0996691
507.456 0.280702 2.49031 317.165 -1.12188 -0.674481 1042.1 938.528 0.455071 0.778121 0.521965 0.72288 385.894 -0.603979 0.104854 1005.57 0.237058 0.0996691
637.412 0.0317391 -1.62738 310.803 -0.565487 1.54097 958.308 786.261 0.634126 0.574132 0.721581 0.829561 330.829 1.51782 0.00169265 936.444 0.428723 0.0996691
1865.79 -0.268539 -0.424931 1419.48 -0.653556 2.47076 3375.26 3079.31 0.161621 0.315741 0.862724 0.778447 1060.43 3.12831 0.10878 4340.76 0.764143 0.0996691
1719.85 -0.670103 0.332399 928.839 0.481426 2.97252 2904.33 3036.59 0.552892 0.684356 0.656362 0.783314 638.57 2.94283 0.0399094 3969.62 0.386526 -0.0996691
2691.47 -0.638887 2.11047 1311.78 0.419365 -0.826121 4299.9 4318.55 0.280292 0.447943 0.681403 0.602131 761.164 -0.91462 0.10315 6089.16 0.365728 -0.0996691
1856.87 -0.862212 -2.49403 1346.96 -0.838924 0.114736 3060.97 3088.04 0.470829 0.614045 0.784228 0.754915 120.999 0.730664 0.594655 4714.55 0.810494 0.0996691
653.835 0.286804 0.304862 515.297 -0.339104 -1.34477 953.25 912.124 0.722172 0.787632 0.666696 0.796312 603.935 2.87931 0.0199583 1515.39 0.47818 0.0996691
1456.3 0.411664 0.216911 489.668 -0.75033 -3.05247 1987.23 1989.59 0.551755 0.567181 0.705026 0.706792 608.421 -3.06255 0.0061357 2399.48 0.505012 0.0996691
1366.01 0.102339 -2.20926 1287.13 -0.69655 1.32366 2846.25 2789.56 0.717313 0.621977 0.666682 0.7033 59.1576 2.54127 1.21401 3298.06 0.705764 0.0996691
1213.84 -0.950631 0.0966379 265.593 -0.310434 1.40972 826.433 778.171 0.760443 0.532 0.704287 0.754394 1114.03 -2.80053 0.160004 1728.74 0.757744 0.0996691
290.373 0.399404 -2.87737 278.088 -0.499647 0.354557 634.552 607.139 0.775415 0.60379 0.633563 0.558699 9.37422 -1.37927 1.35907 571.915 0.993999 0.0996691
1685.99 -0.133996 -0.794039 1660.04 0.44453 1.27745 3056.12 3073.46 0.452519 0.347374 0.716713 0.568068 489.62 -3.10678 0.124507 4940.87 0.39998 0.0996691
1563.04 0.456532 -2.16163 1560.65 -0.867213 1.72223 3690.98 3423.19 0.384041 0.412906 0.689532 0.641401 78.4637 -1.50195 0.657592 4303.88 0.393082 0.0996691
441.216 -1.71336 2.16395 270.327 -1.95464 -2.52751 541.471 1394.36 0.617014 0.535697 0.63854 0.605227 23.5672 -0.00628646 0.0315643 1235.53 0.29119 0.0996691
1732.73 0.396392 -2.58411 1380.62 0.470777 0.74424 3091.27 3109.86 0.621544 0.74554 0.491159 0.581282 317.066 0.123953 0.46778 3280.47 0.883061 0.0996691
605.915 0.237843 1.54814 465.727 0.782341 -1.46721 1135.78 1011.08 0.609222 0.783647 0.723228 0.903371 22.9443 -0.799933 0.0569235 1408.61 0.696841 -0.0996691
990.275 -0.515566 0.916969 415.787 -0.121763 2.47342 1085.29 907.842 0.203715 0.760071 0.860614 0.828395 820.316 -1.84008 0.0493068 1694.75 0.222756 0.0996691
771.762 0.229512 0.725088 744.974 -0.319819 -2.49037 1611.06 1550.09 0.709114 0.568324 0.71195 0.541063 52.4421 -1.17326 1.32144 1476.38 0.0420535 0.0996691
562.469 1.14318 1.70206 386.63 1.26261 -1.23565 988.309 569.959 0.42257 0.552809 0.870373 0.548391 49.1459 -1.51025 0.18873 1095.29 0.631515 0.0996691
1126.85 -0.48309 -2.14816 1105.45 1.36572 1.16228 3255.85 3291.98 0.222357 0.243872 0.631313 0.750784 221.65 -2.33879 0.0700884 3487.95 0.26488 0.0996691
931.348 -1.7777 -0.715473 725.547 1.4591 0.367835 4091.49 3864.79 0.647502 0.593949 0.737687 0.57452 846.854 2.64762 0.0607133 3052.81 0.300669 0.0996691
454.176 0.506922 3.09812 425.785 1.48767 -0.0668606 1006.21 967.056 0.663901 0.769444 0.593096 0.661588 123.441 -0.0701808 0.0190333 1055.4 0.0327817 0.0996691
447.38 0.0939351 0.984349 295.905 2.29526 -2.22111 1223.84 1153.83 0.877119 0.664824 0.765726 0.565954 47.4133 -2.47083 0.223105 819.125 0.233722 0.0996691
367.605 1.65014 -0.701464 348.257 0.553755 2.31548 850.791 716.91 0.578774 0.705418 0.777787 0.786355 37.5841 2.82597 0.00388837 754.428 0.290824 0.0996691
1219.3 0.843763 -2.17065 692.491 -1.36737 0.422719 3047.78 3032.77 0.701981 0.405226 0.792771 0.754816 90.8394 1.39919 0.0819386 2569.82 0.385184 0.0996691
3602.05 -0.0249906 -1.92846 3089.49 0.0636886 0.777498 6584.39 6665.47 0.152827 0.318164 0.473366 0.447505 258.52 0.997101 0.219459 8334.85 0.228914 0.0996691
398.514 0.6079 -0.0756662 274.877 0.382425 3.02086 688.712 595.109 0.653632 0.731044 0.676304 0.750129 145.266 3.11453 0.0418117 647.165 0.301986 0.0996691
1607.08 0.168104 -3.0262 1472.26 -1.01986 0.421133 3613.84 3628.03 0.409733 0.303379 0.615237 0.785126 126.068 0.278332 0.145105 4574.29 0.155574 0.0996691
383.927 -0.863576 -2.26511 367.593 -1.41189 0.587564 800.581 727.363 0.729169 0.658327 0.78105 0.708188 29.4191 -1.24487 0.405622 843.493 0.663085 0.0996691
1178 -0.782832 0.711757 1030.99 0.733502 -3.02938 2815.43 2781.13 0.634221 0.50753 0.761013 0.715269 99.644 -2.52516 0.497984 3543.32 0.298334 0.0996691
1824.09 0.333369 -0.59758 1788.08 0.311804 2.68963 3616.34 3627.86 0.612433 0.479138 0.761465 0.799807 262.618 2.19934 0.297113 3922.73 0.97547 0.0996691
1047.81 0.268702 0.0703724 871.962 -1.05276 0.943482 1605.42 1565.71 0.606658 0.271644 0.600779 0.702368 2392.99 -2.772 1.06341 2721.79 0.63521 0.0996691
3188.15 0.436569 -2.37491 2926.85 -0.0133824 0.936492 6288.53 6229.92 0.23991 0.712952 0.477786 0.801889 234.755 -1.34077 1.0166 7114.59 0.386107 0.0996691
725.608 1.92812 1.31876 567.911 -0.987496 -1.85028 2923.47 2581.68 0.470953 0.520917 0.774656 0.849046 61.9505 1.54999 0.2436 1553.36 0.273242 0.0996691
1257.38 -0.573926 2.89668 784.959 1.33667 0.433919 2913.38 2830.91 0.832889 0.473687 0.808632 0.57109 76.7049 -0.382616 0.558546 2796.38 0.403899 0.0996691
1897.62 -0.266096 0.335028 1697.4 -0.622199 -3.13724 3616.69 3617.12 0.529977 0.645002 0.415287 0.757255 219.894 -0.543328 0.868414 4309.11 0.165666 0.0996691
1879.84 1.06443 -2.89736 1331.46 0.859819 -1.28164 2324.08 2350.52 0.282536 0.113126 0.698555 0.660534 1053.31 0.520139 0.225642 4565.86 0.962099 0.0996691
412.265 -0.71324 -1.97008 410.021 -2.45306 1.13649 1171.84 1119.32 0.701981 0.777595 0.506521 0.716735 20.6318 -3.13053 1.00036 806.664 0.883878 0.0996691
553.144 0.839368 -2.83414 370.627 -1.24363 0.999885 1420.11 1372.22 0.621959 0.79852 0.736412 0.740098 27.5555 -0.187733 0.780435 1421.6 0.399254 0.0996691
1502.08 -0.81777 2.37947 886.753 0.592046 -1.8076 2731.93 2405.59 0.543848 0.607991 0.666327 0.79012 705.084 -0.195938 0.0137534 3001.75 0.844211 0.0996691
291.987 0.676594 2.34915 286.3 1.03741 -0.77932 597.148 552.706 0.607535 0.616662 0.712426 0.692631 1.92984 0.0550963 0.83205 582.033 0.0723523 0.0996691
792.624 1.51345 2.2247 524.924 0.0629233 0.217771 1505.34 1479.6 0.580548 0.558045 0.821742 0.559729 506.815 -1.59013 0.0678246 1557.33 0.669409 0.0996691
453.017 -0.199155 -0.515023 265.932 -0.955785 -2.10291 591.262 454.735 0.643185 0.619868 0.557307 0.798359 379.711 2.1451 0.127624 819.258 0.661983 0.0996691
2008.35 0.932772 0.724366 1650.82 -0.108547 3.02631 4012.61 2373.59 0.197477 0.308662 0.500118 0.690177 292.202 -0.513848 0.930147 5469.12 0.557433 0.0996691
1287.14 0.478351 0.756446 500.665 -0.808336 -2.51711 1964.39 1930.16 0.810158 0.638271 0.624551 0.806858 794.044 -2.34413 0.170731 1843.46 0.446303 0.0996691
1103.12 0.660391 0.958941 763.912 -1.48716 -3.06639 2914.14 2855.15 0.394813 0.836879 0.702896 0.637653 391.906 -1.25664 0.435797 2806.36 0.442575 -0.0996691
322.227 1.99245 -1.82707 301.818 -2.30898 1.4653 2720.19 2406.54 0.833331 0.513874 0.771315 0.797603 5.10763 2.06806 0.0912595 1033.52 0.827003 0.0996691
266.259 2.12971 2.26623 263.404 0.631633 -0.803192 696.896 682.588 0.615994 0.739614 0.59002 0.737032 15.9602 -2.17394 1.3937 519.078 0.0528089 0.0996691
1183.2 0.931907 0.539095 773.839 -0.994554 -2.07324 2837.43 2756.85 0.25798 0.742952 0.856959 0.799396 35.9668 -1.42345 0.506114 2871.38 0.145992 0.0996691
326.95 0.39183 -1.20729 297.366 1.08045 1.92121 686.884 625.947 0.699214 0.754804 0.894674 0.596543 30.5201 1.96907 0.0751694 605.722 0.0587113 0.0996691
664.355 -1.64218 -2.74285 657.809 1.462 0.233104 3284.99 3042.22 0.584608 0.379245 0.875411 0.450401 30.0603 -2.18549 0.560419 1474.54 0.721431 0.0996691
1992.42 0.995268 0.916375 1957.07 -0.047056 -2.80699 4420.96 4159.59 0.281033 0.411092 0.760759 0.606026 376.988 0.0833262 0.0665913 5085.69 0.784507 0.0996691
2236.68 0.141038 -3.02037 2057.05 0.258576 0.138946 4415.79 3092.78 0.242728 0.184023 0.74192 0.820195 184.283 -0.232364 0.128313 4415.2 0.980881 0.0996691
1488.03 1.00807 -0.245235 1283.53 0.0607281 2.30786 2985.95 3016.06 0.507142 0.752632 0.516883 0.702345 159.129 -0.978875 0.0541682 4266.13 0.445407 0.0996691
1385.16 -0.838092 1.79243 1383.45 1.03307 -1.33112 4231.74 2858.32 0.287849 0.526293 0.505464 0.798665 23.5019 -3.1092 0.935639 2946.24 0.919747 0.0996691
1284.85 -0.00800407 -0.72048 586.361 1.37556 2.2273 2167.64 2181.52 0.648383 0.570931 0.639748 0.788365 292.209 2.17787 0.0499773 2847.06 0.384238 -0.0996691
2672.02 0.512177 -1.94641 1518.3 -0.154258 0.878045 4358.33 3384.11 0.477688 0.71493 0.710374 0.792423 435.585 0.829432 0.0503898 5342.4 0.366339 -0.0996691
942.318 0.932145 -0.264852 731.865 1.14987 0.797635 889.647 859.152 0.433122 0.802033 0.787558 0.66034 917.432 -3.11689 0.131585 2407.1 0.872573 0.0996691
3139.2 0.016184 -2.71544 2768.45 0.749703 0.253345 6396.1 5595.26 0.47603 0.296117 0.659674 0.768453 368.818 1.48509 0.0672281 6353.33 0.990501 0.0996691
1279.8 -0.340881 -0.886296 1279.56 0.789635 2.20755 3001.06 2970.1 0.638475 0.621132 0.884029 0.84754 46.047 -2.18091 1.09602 2601.17 0.123783 0.0996691
1276.34 -0.333228 1.79954 1229.16 1.6275 -1.45057 3897.21 2744.68 0.306206 0.126487 0.583671 0.754413 77.308 -1.86664 0.190108 2758.67 0.568946 0.0996691
1825.76 -0.651094 -1.16529 1282.53 0.69515 2.35671 3747.68 3751.25 0.515442 0.576006 0.474955 0.8006 731.008 1.35105 0.00277722 3236.05 0.326728 0.0996691
1525.79 0.0905426 2.76003 1470.42 -0.332822 -0.0896576 3060.36 3052.32 0.373536 0.658139 0.729718 0.750417 120.264 -1.80571 0.477718 3483.94 0.747727 0.0996691
1458.63 -0.106526 2.74655 1277.09 0.601636 -0.769142 2906.25 2709.7 0.497413 0.17126 0.877064 0.870166 477.816 0.63661 0.201259 2856.25 0.955493 0.0996691
924.845 0.429476 -2.51149 841.183 -0.069817 0.889859 1893.32 1527.22 0.712457 0.527449 0.751912 0.914227 87.8335 0.316709 0.0237436 1996.21 0.699599 0.0996691
3040.73 0.838011 -0.821693 2198.05 -0.753057 1.49043 6637.76 5891.71 0.571415 0.311589 0.728948 0.709867 2034.04 3.12535 0.104645 5547.24 0.702647 0.0996691
1560.66 0.676889 -3.13835 551.218 -0.504586 0.00017555 2280.45 1847.58 0.166123 0.59705 0.595379 0.879951 939.104 0.00621149 0.0473088 2180.01 0.526711 0.0996691
972.669 1.73942 -3.01835 919.237 -2.24448 0.629071 7051.48 7001.4 0.713691 0.325016 0.689711 0.662731 100.591 -3.00215 0.0401628 3596.25 0.598287 0.0996691
1629.57 1.35199 0.279577 1341.47 0.235193 -2.6479 3438.55 3381.53 0.248959 0.53603 0.842852 0.769478 1134.72 -2.46618 0.141799 4013.79 0.920905 0.0996691
320.962 0.374973 -0.433159 304.919 0.948763 2.69241 665.289 609.478 0.565573 0.730035 0.487106 0.661332 23.7166 1.97694 0.200883 632.074 0.852619 0.0996691
1590.04 1.19055 0.636073 1571.73 0.109058 -0.741998 2720.15 2713.12 0.758123 0.678552 0.880127 0.792507 629.307 3.09164 0.00858426 4981.08 0.389222 0.0996691
402.65 1.18441 -0.763737 342.598 -0.846057 2.38261 1176.86 1074.24 0.82331 0.764135 0.689922 0.769542 52.147 2.57897 0.00599742 708.437 0.893973 0.0996691
1751.33 -0.321153 -2.37502 1275.43 1.03572 2.08089 3245.38 3244.21 0.501485 0.801499 0.832311 0.801798 70.4687 1.96906 0.114142 5182.95 0.966486 0.0996691
493.641 -0.541563 -2.61874 460.979 0.784034 0.554843 1181.3 1150.48 0.450819 0.609408 0.672115 0.583228 41.6598 0.306065 0.288633 965.991 0.0725172 0.0996691
1409.87 0.547271 0.402253 1348.27 0.54834 2.51379 2413.79 2402.5 0.527698 0.541794 0.387182 0.711828 1126.05 -1.69709 0.211646 3050.92 0.96572 0.0996691
577.355 -1.26855 0.828846 399.246 -0.141247 -2.66052 1138.47 965.042 0.388045 0.627085 0.702594 0.788895 72.0508 1.53787 0.0989321 1324.4 0.458126 0.0996691
446.997 2.33682 1.31052 406.498 0.511629 -0.505813 1135.4 1127.92 0.283747 0.746097 0.831682 0.710411 67.0917 -1.66729 0.648354 1431.45 0.261382 0.0996691
349.642 1.3867 1.10466 343.876 1.19643 -2.02891 710.604 683.087 0.613774 0.65506 0.787678 0.670069 14.8201 2.75576 1.50718 673.852 0.0261079 0.0996691
1447.79 0.834971 -2.11124 1385.83 -0.215069 1.01873 3325.41 2851.82 0.689064 0.379221 0.680719 0.847101 46.8226 0.890962 0.0150279 2890.04 0.157838 0.0996691
2564.96 1.15543 0.554457 2259.69 -0.206447 -2.34006 6058.25 5219.39 0.310496 0.651457 0.741923 0.599423 211.354 0.17787 0.289514 5747.69 0.979024 0.0996691
696.371 0.560129 -0.0675002 429.523 -0.436856 -3.11341 1279.72 952.826 0.596792 0.543759 0.738652 0.537365 257.361 2.97007 0.138521 1172.74 0.43532 0.0996691
2478.69 -0.326564 -2.48743 1225.33 -0.899405 0.102162 3746.99 3135.96 0.357894 0.501622 0.620658 0.783344 377.136 1.03441 0.0481191 5096.51 0.294575 0.0996691
263.898 -0.913752 2.9875 252.085 -2.15806 -0.0605121 627.731 604.548 0.688373 0.586106 0.713166 0.746574 12.487 -1.4126 1.35461 499.653 0.069551 0.0996691
2066.15 -0.0921569 -2.11482 1051.51 0.551736 1.32416 3104.06 3064.29 0.648272 0.604101 0.598982 0.724721 780.65 1.56355 0.110997 4469.4 0.700468 -0.0996691
2372.11 0.611038 -0.98529 2187.47 0.323435 1.39582 4305.66 4300.46 0.62338 0.703547 0.49336 0.782317 670.417 -2.04053 0.908574 6062.38 0.957829 0.0996691
2935.36 0.358663 -3.02267 1045.16 -0.442354 -0.925113 3442.31 3224.72 0.78576 0.703338 0.63829 0.581826 2061.16 0.453121 0.190921 4540.02 0.744531 0.0996691
1649.01 -0.44759 0.0715206 886.36 0.501034 2.90434 2687.57 2664.97 0.400463 0.74411 0.733203 0.844327 180.685 2.8829 0.0296593 3524.98 0.336813 0.0996691
1886.41 -0.490578 2.81132 1611.65 -0.124133 -1.26281 3292.37 2834.64 0.487066 0.233839 0.672849 0.697522 634.467 -0.217663 0.689995 4795.57 0.761762 -0.0996691
2762.74 -0.194886 -3.13549 693.663 -1.73988 0.827672 3506.31 3404.45 0.193611 0.618823 0.779877 0.681098 1847.35 -0.21235 0.0430347 3961.52 0.720976 0.0996691
978.908 -0.147243 -0.318919 970.094 1.61869 2.828 2791.82 2656.09 0.636814 0.690826 0.578331 0.786649 195.41 -0.0300375 0.263286 2188.32 0.670849 0.0996691
2851.79 0.151141 1.82686 2726.25 0.0796389 -1.33536 5910.08 3056.57 0.141184 0.243829 0.735026 0.671272 149.487 -1.30179 0.148891 5719.93 0.0821596 -0.0996691
350.084 -2.15023 1.5863 256.949 -1.5211 -0.798896 599.327 583.25 0.868549 0.827138 0.878135 0.806104 54.9263 -2.1905 0.274523 817.729 0.504792 0.0996691
2068.3 -0.462662 2.11189 1672.6 -0.757892 -0.329719 3588.17 3607.21 0.683964 0.453561 0.801262 0.281782 139.486 -2.78504 0.262704 6282.83 0.492947 0.0996691
1597.28 -0.260046 -0.122248 1461.15 -0.0480332 1.86163 2593.56 2582.3 0.344488 0.458042 0.709079 0.845352 91.4581 3.05772 0.855411 4707.36 0.704296 0.0996691
1350.1 0.073049 -0.555114 1336.36 -0.61827 2.43592 2856.76 2863.46 0.1897 0.475456 0.813615 0.450789 194.874 -3.07122 0.785493 3241.25 0.836134 0.0996691
307.845 2.85519 -0.967015 275.376 0.317929 2.33281 1135.32 1087.03 0.536 0.623921 0.472356 0.73494 45.7392 1.01485 1.31377 581.047 0.102479 0.0996691
524.629 -0.533835 -1.90301 316.857 -0.194487 1.06963 846.247 814.466 0.284197 0.705057 0.796955 0.73461 17.0852 -3.01984 1.11685 1146.21 0.679596 0.0996691
1416.18 0.486122 -1.38826 1282.15 -0.590371 1.77442 3145.69 3012.43 0.6367 0.365928 0.538116 0.606322 92.2754 1.52574 0.314604 2791.92 0.0937852 0.0996691
2011.73 0.64928 -0.80259 1641.31 -0.205598 2.69455 3940.74 3956.26 0.321818 0.352742 0.736281 0.775416 311.334 -2.54645 1.04356 5585.63 0.974534 -0.0996691
1143.93 0.00381163 1.29451 299.813 -0.55385 -2.11083 1213.35 1216.91 0.704433 0.508588 0.570979 0.828699 801.168 -1.81685 0.0179464 1872.11 0.690575 0.0996691
1539.45 0.166213 -0.616136 827.681 0.0679104 2.33566 2278.29 2242.16 0.74093 0.679508 0.615852 0.652375 704.722 2.58262 0.248903 2483.56 0.3209 0.0996691
541.995 0.836039 2.0569 522.478 -0.496122 -1.04219 1320.86 1299.5 0.294313 0.65062 0.546961 0.71805 21.2137 -1.24957 0.200547 1076.02 0.0222483 0.0996691
2972.75 -0.541687 1.27633 2167.84 -0.882951 -1.52053 5181.86 4351.15 0.295031 0.406091 0.673062 0.693988 82.1211 1.98038 0.644698 6437.09 0.421387 0.0996691
305.246 1.84426 -2.85156 291.459 0.397775 0.285347 770.351 730.365 0.690584 0.582227 0.73291 0.716757 6.21666 1.4954 1.18723 566.64 0.0155652 0.0996691
436.248 0.693011 1.21956 435.376 1.65394 -1.95857 990.775 940.672 0.702731 0.795564 0.66421 0.727102 5.87534 -0.636051 1.28865 838.204 0.011183 0.0996691
1268.45 -1.13328 1.64996 874.687 -0.674045 -0.98453 2116.25 2094.16 0.778737 0.589688 0.747068 0.732569 173.967 -1.76831 0.354891 2675.09 0.96314 0.0996691
1806.18 0.132862 -0.286453 1514.47 0.0368044 2.92778 3319.05 3350.79 0.559656 0.598472 0.478313 0.870065 420.134 1.42257 0.334175 5246.18 0.206124 -0.0996691
704.143 0.315327 2.74873 309.6 0.90001 1.12962 759.792 693.324 0.753374 0.803825 0.707522 0.77788 486.877 -0.809086 0.0194995 1239.24 0.49167 0.0996691
857.391 1.41469 -2.18862 620.53 -1.32759 -0.139278 2975.92 2869.53 0.650254 0.751761 0.568599 0.766257 720.653 1.64962 0.187133 1525.01 0.919411 0.0996691
538.997 -0.492837 -2.09399 522.377 -1.21118 1.03716 1143.44 1080.26 0.723731 0.790812 0.730549 0.719513 32.3662 1.47926 0.149934 1078.22 0.919612 0.0996691
2281.76 0.693159 0.139106 1351.87 -0.441087 3.06677 4119.11 4118.48 0.581206 0.412086 0.422702 0.655072 413.262 2.72817 0.34189 5183.4 0.88576 -0.0996691
1364.68 0.144941 -2.71395 1064.22 1.53158 0.770254 2995.2 3024.53 0.415316 0.148504 0.564482 0.460421 553.539 0.993905 0.223829 3200.59 0.207615 -0.0996691
2051.87 0.0663463 0.897297 647.983 -0.13076 -2.12929 2341.61 2217.3 0.911306 0.584315 0.713848 0.786469 1406.71 -2.29192 0.241142 2744.5 0.565861 0.0996691
2281.07 0.178705 -1.60414 1739.77 -0.503576 1.58831 4233.2 4220.14 0.360954 0.312248 0.600935 0.929338 371.509 2.16216 0.523217 4679.67 0.925746 0.0996691
1250.39 -0.470665 2.05515 1120.82 1.09586 -1.076 3214.77 2383.07 0.404898 0.256865 0.767184 0.547935 127.657 -0.886569 0.125238 2481.67 0.332101 0.0996691
1093.86 -0.676337 1.36616 827.405 1.36478 -1.86855 3006.31 2861.56 0.730707 0.675593 0.83246 0.77639 171.049 -0.639651 0.0485821 2214.83 0.941252 0.0996691
1346.76 -0.723833 -0.219656 1178.96 -0.459573 -2.70042 2415.39 2423.86 0.317876 0.635698 0.708682 0.783566 890.35 2.00221 0.136414 3169.12 0.851963 0.0996691
1610.62 -0.453009 3.05423 795.425 -0.753537 1.03981 1965.73 1963.55 0.614491 0.638286 0.764328 0.695028 925.79 -0.561151 0.106249 2957.09 0.562693 0.0996691
531.721 0.703304 2.69813 400.593 -1.31208 -0.4243 1452.77 1167.45 0.727593 0.623171 0.882961 0.841437 96.4775 -0.213423 0.00156979 963.98 0.669389 0.0996691
351.09 -2.43252 1.61697 323.168 1.85233 -1.00122 2907.86 2729.36 0.92051 0.830375 0.625635 0.644172 34.5227 -2.28805 0.558718 756.92 0.898374 0.0996691
2525.12 -0.342855 -1.65142 1531.36 0.541144 2.14232 4175.09 4169.33 0.598552 0.851981 0.698748 0.78985 152.865 0.3229 0.0804757 5557.58 0.986052 0.0996691
1142.94 -0.584101 2.30413 765.109 0.317168 -1.39993 2027.63 1930.58 0.746927 0.65079 0.721689 0.782282 44.3363 -2.85328 0.475733 2770.94 0.943589 0.0996691
1692.08 1.29399 -2.22752 1150.08 0.259187 1.7741 3021.7 2571.4 0.323943 0.640261 0.746474 0.721119 464.903 0.202892 0.0522985 4061.99 0.483471 0.0996691
485.543 0.556055 -2.84705 378.718 1.43026 1.07079 894.104 865.39 0.702142 0.735163 0.906654 0.8102 76.5358 1.68186 0.599972 1277.74 0.47989 0.0996691
1253.19 0.326258 -2.47502 1034.82 0.777363 0.593376 2387.66 2196.71 0.611655 0.562466 0.635195 0.803799 146.745 0.424825 0.105532 2537.14 0.86904 0.0996691
3078.04 0.368083 0.963965 3020.91 -0.790025 -1.49307 6858.57 6938.86 0.263262 0.63632 0.894499 0.779339 1316.03 3.01389 0.0593491 6957.86 0.897914 0.0996691
2103.48 0.137678 -1.657 1677.94 0.0387777 2.48769 3313.7 3353.1 0.505321 0.366869 0.679398 0.477015 481.356 -2.5612 0.903771 6258.57 0.529433 0.0996691
337.1 0.395367 1.56824 284.353 -0.293156 -1.34099 693.576 537.163 0.302315 0.649153 0.772804 0.880036 7.03004 -1.86095 0.0492853 1176.94 0.485082 0.0996691
1263.73 0.688747 2.68088 1105.41 0.239699 -0.268094 2461.51 2372.77 0.473755 0.372 0.492311 0.602528 160.978 0.155892 0.0335455 2981.58 0.80935 0.0996691
1914.66 0.127179 0.400892 1558.6 0.524484 -1.83559 3202.96 3206.38 0.363554 0.380394 0.831371 0.647681 276.081 -3.07571 0.679196 4818.4 0.51026 0.0996691
330.322 1.73652 -1.3104 314.253 1.17452 1.83338 682.817 635.604 0.488674 0.691186 0.677379 0.779623 33.091 1.44639 0.385333 630.132 0.0627716 0.0996691
1074.92 -0.855455 -1.5406 978.545 -0.0584135 1.77646 2263.16 2067.25 0.440879 0.504861 0.829793 0.627448 167.024 2.56857 0.234105 3013.79 0.487905 0.0996691
1155.54 1.06168 3.07092 974.619 -0.628696 -0.42675 2914.52 2904.38 0.592347 0.377254 0.753384 0.50699 370.638 0.812459 0.0915655 2202.98 0.397597 0.0996691
1546.84 -0.00941659 -0.206831 1255.8 0.132107 2.99281 2807.11 2769.71 0.856106 0.56775 0.803127 0.749779 34.9042 2.90316 0.101857 3365.04 0.127389 0.0996691
441.741 -0.0393525 -2.8564 392.867 -1.47716 0.27073 1076.91 1014.12 0.813544 0.674347 0.651792 0.570746 66.7916 0.265991 0.0169048 814.746 0.0659291 0.0996691
1993.43 -0.0244921 -1.72794 1620.42 -0.493348 2.02586 3580.9 3585.96 0.44935 0.242587 0.687843 0.631943 363.284 -2.72151 0.990571 5202.95 0.467787 0.0996691
373.908 -0.12302 -0.250959 350.109 -1.30521 2.86234 880.653 786.293 0.745266 0.82336 0.905071 0.767334 30.3056 2.82382 0.00510502 683.778 0.881227 0.0996691
397.2 -1.85677 1.07786 391.619 -0.849729 -2.03089 927.199 820.001 0.611756 0.604754 0.498966 0.707728 4.23313 2.2006 1.10181 789.98 0.794484 0.0996691
2631.09 -0.277377 2.3104 1977.23 -1.16821 -0.648217 5013.14 5066.84 0.228125 0.660461 0.673144 0.414005 552.923 -1.98673 0.213787 6577.84 0.244044 0.0996691
1935.94 0.455353 -1.19882 1769.35 -0.0395555 0.923679 3369.13 3408.34 0.666289 0.191128 0.744354 0.721893 11.5386 0.399834 0.523205 5929.75 0.963517 0.0996691
307.199 1.17325 0.268464 250.471 -0.094159 -2.30776 672.59 610.269 0.70971 0.788606 0.638668 0.706807 56.4558 -2.76089 0.0548115 876.612 0.488942 0.0996691
1210.82 0.416062 -0.734911 1009.75 -1.26297 2.69914 3039.55 3021.76 0.438123 0.599679 0.648887 0.732982 26.5354 1.71491 0.184249 2567.47 0.662708 0.0996691
514.408 0.0289161 2.16357 359.931 -0.167546 -0.950609 880.425 816.238 0.569382 0.84603 0.77515 0.714251 152.217 -1.01419 0.0781664 864.965 0.877433 0.0996691
1347.64 0.288597 -0.976554 1125.07 -1.08438 2.61016 3044.4 2800.1 0.486263 0.41951 0.72314 0.758377 63.2775 2.65539 0.122636 3117.6 0.257695 0.0996691
1423.13 0.132298 -0.0674441 570.021 -2.72008 -2.8583 3962.14 3870.87 0.137991 0.471624 0.83006 0.790486 468.735 -3.00424 0.0842016 2994.79 0.963307 0.0996691
567.264 -0.616298 -0.423193 382.15 -0.0101366 -2.95619 964.094 880.628 0.74112 0.52848 0.706075 0.824638 44.6185 -2.28368 0.675288 1324.64 0.773173 0.0996691
1835.14 0.777827 -2.17768 1330.45 0.0896901 -0.121142 2902.88 2927.52 0.677958 0.0793746 0.612322 0.567179 316.139 0.439643 0.560864 5031.15 0.533739 0.0996691
587.839 -1.43997 -0.237248 494.883 -0.943132 2.32853 1143.15 1595.11 0.649911 0.496117 0.794034 0.71001 117.885 0.0365637 0.239686 1569.83 0.430979 0.0996691
1583.61 -1.04283 2.74504 1450.88 0.137019 -0.502362 3702.84 2189.08 0.4198 0.153206 0.6359 0.881777 383.015 -0.527609 0.12755 3452.2 0.176649 0.0996691
1090.16 1.45034 -0.25649 731.29 -0.753642 -3.03747 2978.1 2990.81 0.515876 0.474909 0.700575 0.785898 269.683 2.28714 0.0156081 2055.55 0.741707 0.0996691
2044.09 -0.228736 0.474681 1336.67 -0.550019 2.10854 2484.32 2488.78 0.292944 0.743802 0.710356 0.746945 1269.91 -1.77816 0.060079 4587.01 0.790037 -0.0996691
1721.41 -0.82833 -2.17306 1571.21 0.045472 0.701259 3592.18 3633.72 0.654064 0.764169 0.631587 0.734805 230.657 1.51809 0.271641 3675.74 0.879182 0.0996691
933.445 -1.82829 1.48751 794.535 0.16128 -1.62004 2662.6 2628.1 0.489787 0.600769 0.672616 0.902769 220.685 -1.40996 0.207136 1827.81 0.0877075 0.0996691
2037.2 0.676674 0.292887 939.654 1.23616 3.06513 2841.23 2842.87 0.322238 0.61009 0.808309 0.478293 587.616 -2.79636 0.116265 4489.5 0.975598 0.0996691
1702.66 -0.661028 1.96536 1319.79 -0.245567 -0.661829 2980.1 2988.29 0.413803 0.537279 0.851923 0.811788 685.669 -2.06971 0.153274 3473.53 0.404334 0.0996691
432.71 -0.947473 -1.48241 274.977 -1.87874 1.97258 769.546 730.344 0.553409 0.744553 0.787367 0.705459 15.2588 2.53265 0.560906 869.841 0.287388 0.0996691
342.895 -2.2043 1.98038 308.572 -1.50366 -1.15292 730.793 621.371 0.761709 0.641776 0.775908 0.662262 41.1675 -1.76409 0.545582 615.185 0.087063 0.0996691
1699.42 0.406316 -0.218932 1617.86 -0.0388458 1.77051 2999.29 2530.05 0.251487 0.468057 0.686495 0.67918 384.407 -0.37806 0.291221 5663.07 0.177253 0.0996691
1698.89 -1.0993 2.1785 1542.15 0.275023 -1.48488 3958.49 3995.64 0.466329 0.291723 0.588405 0.560563 911.006 -0.261613 0.0528054 5006 0.928645 0.0996691
2271.97 0.325625 -2.30873 1182.37 0.417491 1.51054 3128.07 3114.93 0.558018 0.496499 0.794025 0.493977 860.63 0.515927 0.37723 4212.91 0.875746 0.0996691
1633.21 0.703003 -0.768379 1510.07 -1.22353 2.28886 4847.88 3859.94 0.261924 0.83303 0.756811 0.617499 116.013 3.12548 0.17018 3307.82 0.96531 0.0996691
569.158 0.0422309 -0.794719 523.728 -0.726718 2.74728 1173.45 1101.47 0.752975 0.70905 0.751625 0.78178 86.9689 -0.910798 0.126398 1341.09 0.194431 0.0996691
2414.03 -1.11424 3.05161 537.484 -0.609446 -0.443784 2402.88 2147.49 0.498175 0.724586 0.474921 0.831537 1807.73 -0.0203051 0.341612 3079.89 0.935764 0.0996691
471.915 -1.45061 -1.36022 422.138 -1.81433 1.74521 963.893 679.747 0.614744 0.395621 0.774711 0.792397 47.1348 2.30771 0.223552 884.161 0.341002 0.0996691
1109.43 -0.484989 0.827762 1063.13 1.12994 -2.21049 2937.6 2804.76 0.472272 0.614201 0.65028 0.65617 131.119 2.87129 1.20693 2198.64 0.0816719 0.0996691
304.205 3.03982 -2.8902 261.856 1.57934 -0.127585 743.696 502.113 0.456451 0.49339 0.641247 0.845166 75.2438 -1.61968 0.304517 909.456 0.653097 0.0996691
2503.12 0.419511 -0.968521 2316.93 1.09146 1.859 5117.82 4217.35 0.175185 0.288413 0.879571 0.25151 418.877 0.247133 1.07961 6139.55 0.523897 0.0996691
315.829 0.336763 3.06045 282.287 -1.04573 -0.148067 762.083 697.896 0.763241 0.575139 0.708401 0.680723 26.0409 0.891325 0.708114 597.15 0.926237 0.0996691
1317.55 0.0692768 -2.39485 687.394 1.55961 1.52043 2357.63 2360.95 0.451139 0.729017 0.89376 0.639111 753.626 0.316456 0.528918 2216.77 0.801728 0.0996691
2825.69 0.354363 0.989152 379.808 0.169667 -0.489781 1652.07 1390.51 0.352946 0.834947 0.633505 0.854177 2600.53 -2.27807 0.138639 3519.89 0.882348 -0.0996691
2534.87 0.770197 2.41748 1715.24 -0.37484 -2.02152 4179.72 4228.18 0.350699 0.644603 0.727697 0.654799 874.54 -0.391551 0.0142557 6174.81 0.961261 0.0996691
286.483 -0.020223 -3.03563 274.631 -1.85318 0.0700424 838.323 707.651 0.638221 0.746208 0.774903 0.613626 14.6547 1.41223 1.33133 569.228 0.845135 0.0996691
1175.05 -0.231803 -1.43133 1166.2 0.911103 1.39619 2753.21 1976.95 0.506029 0.356477 0.400259 0.66551 314.153 3.10806 1.65018 2406.76 0.998571 0.0996691
945.657 -0.541171 1.06372 870.446 0.131944 -1.68058 1911.47 1817.28 0.739185 0.875305 0.774532 0.913041 14.5274 0.751824 0.0112299 2287.83 0.442296 0.0996691
1815.11 0.667223 2.48874 692.039 -1.85689 0.0983987 4202.57 4261.56 0.315171 0.519719 0.564755 0.716403 703.528 -1.24099 0.0149789 3398.33 0.646552 -0.0996691
1674.36 0.177637 1.80638 1342.39 0.0308206 -1.14654 3018.57 3011 0.377042 0.647952 0.585559 0.797701 97.4649 -0.413229 0.725119 3468.97 0.153295 0.0996691
1059.05 -1.19473 2.06751 507.48 0.288389 -2.27966 1814.24 970.733 0.481868 0.218578 0.534152 0.657311 956.725 -0.55874 0.423917 1663.35 0.822328 0.0996691
2095.66 0.464459 0.835233 1831.3 -0.624244 -2.96071 4491.01 3480.63 0.159919 0.642533 0.797191 0.864195 268.208 0.792894 0.309226 5584.59 0.455544 0.0996691
1425.96 0.909613 2.29667 770.686 -0.748318 -1.12007 2896.51 2524.54 0.632047 0.419161 0.805987 0.610746 701.526 -0.546674 0.07944 2233.49 0.557772 0.0996691
1644.37 -0.161186 -2.00359 1513.89 0.200062 0.641611 3135.12 3129.79 0.430093 0.869696 0.725566 0.704159 38.9235 1.2741 0.0387021 3951.4 0.973305 0.0996691
1261.08 0.24401 -0.595087 1093.18 -1.67994 2.57977 3585.32 2621.54 0.260364 0.685313 0.683923 0.814204 241.169 -0.175334 0.242885 2792.51 0.300762 0.0996691
1355.06 1.12177 -2.77428 776.553 -0.995161 -1.13446 3017.39 2996.15 0.734116 0.773923 0.769576 0.71823 133.747 0.713658 0.132349 3605.29 0.320427 0.0996691
1177.06 -1.05929 -1.64269 1175.05 0.268733 1.55785 2997.28 2567.72 0.312089 0.408879 0.652208 0.798268 128.899 1.5389 0.163158 2574.92 0.159115 0.0996691
1979.63 -0.438442 1.44145 1857.45 -0.0407885 -0.600096 3369.78 3405.02 0.379444 0.344179 0.798365 0.741234 225.483 3.12372 0.0820608 6105.35 0.353929 0.0996691
2213.35 0.376431 1.78973 1657.72 0.222599 -1.86347 3738.7 3726.85 0.407249 0.747864 0.507311 0.645753 727.665 -2.07608 0.203798 5424 0.480805 0.0996691
453.164 -0.350507 0.760051 453.05 -0.423741 -2.32353 926.697 875.885 0.454427 0.846179 0.734412 0.922577 12.809 3.03569 0.518181 893.458 0.914009 0.0996691
1506.26 0.535756 0.0510148 1486.94 0.282263 2.77951 2978.02 2995.8 0.75351 0.689595 0.765759 0.637715 76.6325 -2.47501 0.819584 3589.78 0.739226 0.0996691
378.93 -0.255649 -1.80955 356.372 -1.78481 1.34595 966.47 938.376 0.788779 0.76314 0.564118 0.656229 24.8183 0.616526 0.52984 740.463 0.88805 0.0996691
2793.14 0.897615 -2.79596 2160.06 -0.457134 0.522324 6181.46 5896.24 0.232788 0.612008 0.586736 0.782806 286.056 0.0142828 0.328096 6977.73 0.380723 0.0996691
314.751 -0.0575212 -0.69134 302.459 -1.65569 2.35898 843.566 789.225 0.705901 0.745515 0.732317 0.856409 27.9176 -2.94215 0.989367 610.472 0.0517629 0.0996691
1776.38 -0.279657 -1.188 1101.4 0.025862 1.5503 2886.47 2454.28 0.329153 0.61879 0.770649 0.573674 128.567 1.97159 0.108774 3690.11 0.910531 0.0996691
1742.07 0.150373 1.06591 1474.76 -0.679776 -1.87985 3549.16 2960.54 0.219135 0.101912 0.432596 0.666688 60.4626 -1.80179 0.239721 3679.11 0.239874 0.0996691
1799.66 0.452938 1.54469 979.783 -1.68167 -0.688376 4171.46 4072.2 0.632849 0.582509 0.507861 0.820743 100.22 -2.70721 0.13679 4479.35 0.911209 0.0996691
1705.39 0.0191065 -0.0314785 1657.98 -0.207435 3.14052 3493.17 2629.36 0.176823 0.520966 0.509657 0.696676 50.0792 2.18816 0.908209 3411.41 0.938589 0.0996691
1182.8 -0.712004 0.567698 1170.03 1.29836 -2.59992 3660.78 3671.9 0.537159 0.415941 0.812636 0.754151 41.1883 -0.304901 0.875511 2388.68 0.0168915 0.0996691
774.237 -0.44787 -2.82079 316.725 0.75188 0.710532 1193.37 470.187 0.95004 0.66345 0.849849 0.819566 693.567 0.397897 0.0261122 1349.37 0.920787 0.0996691
522.559 -0.142365 -0.530762 462.096 -1.86953 2.57217 1386.08 1290.45 0.745325 0.781191 0.783447 0.717883 57.133 3.07338 0.0414913 955.11 0.922476 0.0996691
979.218 -1.32056 -1.43715 811.892 1.04769 0.741226 3088.78 3067.35 0.591449 0.747676 0.851728 0.864639 692.372 2.58129 0.0473518 1911.18 0.824724 0.0996691
1328.78 0.529738 1.34931 1110.95 -0.393118 -1.68305 2733.92 2651.74 0.366001 0.413929 0.839686 0.552844 192.013 0.432017 0.911949 3929.56 0.887188 0.0996691
1283.25 0.63283 0.251593 1230.8 -0.944872 -3.02895 3438.51 2833.75 0.27881 0.735006 0.813681 0.7677 48.776 0.863009 0.380416 2826.75 0.708424 0.0996691
404.642 0.4914 -0.490793 255.772 0.340127 3.06367 643.774 629.933 0.558324 0.641434 0.841135 0.764119 42.9159 3.07203 0.0099647 830.673 0.317371 0.0996691
788.048 2.35144 -0.558827 696.902 -1.88401 -2.29094 6184.78 5686.49 0.459228 0.66713 0.854103 0.434687 252.3 1.817 0.0897156 2248.12 0.85408 0.0996691
2361.62 0.115167 2.29264 1968.06 -0.431178 -1.5573 4348.16 4126.71 0.476614 0.537407 0.734272 0.757584 239.214 2.24936 0.0325568 6207.6 0.540757 0.0996691
2322.44 -0.376993 3.07348 1837.72 -0.525522 -0.483443 4075.74 4130.68 0.156174 0.441282 0.721644 0.759891 1115.31 1.25319 0.395507 6338.05 0.245377 0.0996691
900.285 0.568079 -0.426788 671.757 1.3349 2.64998 1722.92 1518.45 0.534636 0.758409 0.825176 0.685616 606.567 2.43535 0.0139289 2179.21 0.579222 0.0996691
358.063 1.06046 -1.19685 348.845 2.63891 1.84487 953.833 913.087 0.744692 0.507962 0.66721 0.738319 14.2221 -1.69092 0.48837 707.682 0.0633107 0.0996691
2114.55 -0.419692 -1.29424 1187.78 0.956562 2.25959 3956.14 3640.19 0.646397 0.41899 0.700965 0.569025 52.2331 0.698239 0.738009 4459.17 0.376108 0.0996691
1107.79 1.27608 1.21321 872.544 0.515294 -1.61055 2163.24 1853.94 0.359472 0.706186 0.720093 0.774554 31.4186 2.15453 0.407162 2567.57 0.747121 0.0996691
2167.18 0.834551 -2.35374 1406.35 -0.0506167 1.72574 3521.44 3526.43 0.576562 0.680664 0.660466 0.792929 392.469 2.02656 0.29189 5831.27 0.482796 0.0996691
464.047 0.0244118 2.74003 280.661 1.12798 -1.40422 772.613 720.312 0.693385 0.574976 0.603402 0.790456 16.7439 -2.3724 0.938241 1187.51 0.448974 0.0996691
1942.55 0.222667 -3.09038 1487.58 0.401627 1.01422 3070.33 2987.36 0.59527 0.767421 0.422794 0.747308 128.2 2.8538 0.339079 5250.92 0.922932 -0.0996691
1333.99 -0.991375 -1.76445 1327.02 0.19415 1.80051 3118.07 3097.28 0.682978 0.53 0.647174 0.792118 96.5426 2.01417 0.207065 3312.27 0.213485 0.0996691
1335.05 -0.619506 -2.00105 303.386 0.494836 0.980702 1587.76 1234.03 0.304017 0.628383 0.610947 0.699902 1027.03 1.17917 0.0576594 1662.78 0.651596 0.0996691
489.894 1.50971 -1.86139 468.39 0.499162 1.32979 1118.02 1001.16 0.82095 0.557287 0.696871 0.761638 19.3918 1.12003 0.290866 945.022 0.0774913 0.0996691
487.135 -0.340657 -0.0084301 306.299 -0.975372 3.10423 832.236 731.334 0.474569 0.404671 0.801114 0.523967 181.152 3.10034 0.00343156 825.384 0.130063 0.0996691
1408.28 1.04142 0.249782 1330.78 0.125118 2.37261 2776.12 2717.32 0.418453 0.369914 0.723367 0.510456 58.5674 -2.78798 0.120707 4120.02 0.939604 0.0996691
400.204 0.0329186 0.350863 396.503 0.681574 -2.79406 848.913 846.127 0.610485 0.220781 0.749967 0.656214 7.84879 2.07999 1.41061 799.076 0.0110147 0.0996691
509.905 -0.971428 -3.07086 301.184 0.130526 0.689561 911.78 714.46 0.385806 0.524466 0.79801 0.759743 206.893 0.713746 0.0163966 1130.53 0.272577 0.0996691
521.999 -0.347859 -2.55793 509.303 -1.01363 0.58727 1105.58 1068.86 0.750826 0.685223 0.803275 0.697832 14.1899 0.447466 0.166279 1030.37 0.0260665 0.0996691
791.604 -0.948068 0.167375 665.771 -0.814661 -3.015 1487.46 1395.1 0.762699 0.726516 0.755295 0.712605 133.745 -2.94554 0.0800996 1480.05 0.0976864 0.0996691
1367.95 -0.409203 -1.67709 1359.78 -0.724141 1.45897 2799.63 2695.73 0.79738 0.661123 0.692342 0.451861 73.2758 -2.43207 0.228276 2856.87 0.183456 0.0996691
1763.09 -1.34377 0.823148 1330.08 0.954179 -2.74003 5371.29 4471.52 0.489486 0.245438 0.661256 0.776086 563.168 -2.74066 0.12067 4964.62 0.463319 0.0996691
1435.11 0.46106 -1.53583 1322.89 -0.450007 1.2777 3028.18 3024.46 0.782781 0.520194 0.792537 0.939192 188.608 1.45281 0.177034 3185.06 0.166147 0.0996691
2431.28 -0.641454 -0.900389 876.791 -1.96822 1.80186 3780.23 3348.28 0.331691 0.565871 0.796317 0.740491 1618.14 2.46091 0.0260415 3505.57 0.115147 0.0996691
1356.06 -0.438919 -0.790683 910.937 -0.393661 1.91291 2200.6 2135.96 0.712087 0.694189 0.833673 0.716448 29.2751 0.401838 1.03562 3283.97 0.555002 0.0996691
1875.95 0.736749 2.51492 1242.25 -0.886727 -0.261224 4113.11 4002.81 0.532781 0.693281 0.88035 0.526809 1337.95 -0.215813 0.0460671 4265.19 0.298817 0.0996691
2721.48 -0.393869 -1.54486 2450.58 -0.756589 1.03416 5352.46 4502.88 0.271818 0.519897 0.504951 0.241891 452.265 0.728786 0.305799 7187.55 0.181268 0.0996691
2653.1 -0.0524427 -0.632215 1320.51 0.319547 1.12541 2981.69 3023.16 0.0629099 0.583143 0.752329 0.721872 1570.87 2.62323 0.0654755 6184.59 0.43418 0.0996691
517.033 0.983315 1.90143 280.781 2.0136 1.23914 543.4 385.625 0.777256 0.767609 0.682137 0.837696 714.23 -1.3269 0.0789529 986.399 0.590585 0.0996691
1527.11 0.433822 0.47094 1025.6 -0.64964 -2.19555 2840.26 2818.67 0.44746 0.604211 0.572288 0.839439 165.085 3.083 0.187001 3189.91 0.534755 0.0996691
1239.61 -0.888751 -0.303431 1190.77 0.337117 3.05453 2972.6 2332.92 0.450858 0.501134 0.471593 0.704129 179.354 2.21125 0.846882 2692 0.971571 0.0996691
280.209 -2.45936 1.86732 275.061 -0.443521 -1.20032 873.564 830.134 0.696238 0.580179 0.665805 0.76591 12.9344 -2.75438 1.55268 527.849 0.0439764 0.0996691
1295.51 -0.220502 3.01627 1018.7 -0.338623 -0.142798 2312.83 2313.85 0.61897 0.436099 0.539321 0.799207 163.224 1.71011 0.255633 3438.27 0.354787 0.0996691
1694.23 0.514049 -1.83306 1561.26 -0.390808 1.75661 3530.5 3555.08 0.202934 0.514504 0.767815 0.670542 391.624 1.58317 0.174317 5544.86 0.179265 0.0996691
1721.64 0.54789 -2.55226 771.973 0.429091 1.82916 1966.39 1683.33 0.575685 0.388289 0.79106 0.791193 1322.67 0.827016 0.256257 3678.74 0.860425 -0.0996691
1471.05 0.564937 -1.60723 957.318 0.36811 -2.81102 1397.8 1397.54 0.64861 0.45052 0.753404 0.627255 1811.16 1.65279 1.69172 3532.88 0.737704 0.0996691
1203.03 0.248236 0.713225 808.646 0.879774 1.88762 1300.59 1226.11 0.625639 0.38595 0.500038 0.571817 1245.4 -1.9905 0.0155891 2467.29 0.502715 0.0996691
265.875 0.39712 1.6845 265.338 -2.4967 -1.52585 1195.55 1202.96 0.812476 0.576962 0.789082 0.502452 17.9554 0.292678 1.39553 532.78 0.0379067 0.0996691
834.872 -1.12698 3.06631 455.458 1.73109 0.206888 2731.37 2572.59 0.419141 0.804156 0.732756 0.775738 15.2484 2.15793 0.904949 1716.82 0.86995 0.0996691
2115.56 0.0293717 1.36009 1605.95 0.68211 -1.80897 4071.31 2830.88 0.637359 0.16324 0.793029 0.735121 460.135 -2.20286 0.00783229 4257.48 0.948467 0.0996691
1686.88 -0.662886 2.32383 1480.98 -0.869005 0.331663 2693.82 2698.57 0.699102 0.667927 0.779374 0.716689 662.064 2.57101 0.251678 5557.1 0.315773 0.0996691
840.725 1.55377 1.51607 821.186 0.974255 -1.0016 1688.57 1638.94 0.407252 0.353124 0.661345 0.69325 23.876 2.16031 0.205554 2807.43 0.914319 0.0996691
2322.62 -0.535905 -1.7449 1963.3 -0.465118 0.791741 4105.47 4109.17 0.890369 0.753176 0.761243 0.62597 148.624 1.26477 0.181222 6331.67 0.953521 0.0996691
924.254 0.34061 2.28973 886.651 0.403704 -2.31215 1410.86 1271.05 0.612105 0.695433 0.702879 0.806669 374.698 -0.0556254 0.0448647 2644.37 0.344299 0.0996691
2273.45 -0.599394 -3.12653 1800.02 -1.24175 0.63011 4088.69 4140.84 0.766309 0.311851 0.717014 0.654079 236.305 0.95546 0.326513 5553.96 0.927587 0.0996691
322.888 -0.839833 2.35135 308.215 0.0340178 -0.784029 709.762 622.154 0.733478 0.654337 0.822917 0.719676 3.75902 2.93976 0.58061 613.683 0.842411 0.0996691
1469.45 -0.214686 0.771891 1199.03 -0.670161 -2.31113 2748.89 2709.2 0.854048 0.679683 0.680178 0.712637 208.583 -2.30746 0.0150571 2882.92 0.1043 0.0996691
1485.03 0.553665 -2.50969 1195.06 1.43992 1.00231 2900.79 2905.53 0.732744 0.369923 0.678016 0.66561 980.703 -0.385243 0.0291533 3527.82 0.358353 -0.0996691
1334.77 -0.385328 -2.86806 1218.84 1.02582 0.166064 3255.06 2954.48 0.42826 0.346129 0.775191 0.799175 111.02 -0.335468 0.430724 3192.83 0.940097 0.0996691
1672.64 0.419299 -2.01759 1609.63 0.370742 1.65559 3176.33 3216.56 0.190392 0.318875 0.602763 0.83274 110.734 2.28469 0.627969 4269.63 0.837934 -0.0996691
2249.49 -0.534805 2.27099 1603.55 -0.307558 0.124053 3386.22 3381.84 0.689231 0.774604 0.58506 0.648814 76.9622 2.79256 0.521244 5845.51 0.983323 0.0996691
2694.31 -0.363729 1.87054 1833.38 0.0249348 -1.47799 4768.02 3690.8 0.281329 0.303181 0.626161 0.638659 467.873 -0.922784 0.0537109 5114.12 0.587884 0.0996691
1653.98 0.217347 1.94536 1259 -0.469274 -1.07615 3195.66 2202.8 0.497205 0.166232 0.591066 0.516422 424.678 -1.56947 0.440945 2976.97 0.51516 0.0996691
2902.26 0.734023 -1.46837 1658.79 -1.11263 1.74453 6407.23 6477.42 0.100774 0.610816 0.807427 0.537097 487.085 1.92938 0.182435 5884.41 0.277054 0.0996691
2828.18 0.673759 3.00245 2683.34 -0.181581 -0.344232 6178.17 5333.42 0.222146 0.57019 0.582801 0.659322 266.886 2.33584 0.505299 6518.64 0.101411 0.0996691
299.77 -0.790083 2.25658 284.115 -1.64904 -0.855044 648.934 586.269 0.744058 0.696556 0.711987 0.66795 15.5347 -1.12228 0.0728953 590.32 0.663528 0.0996691
1951.84 0.246881 -1.35156 1141.12 -0.245332 2.25406 3011.06 3023.35 0.804362 0.641742 0.7379 0.77145 491.575 1.34717 0.0853251 3657.73 0.608059 0.0996691
1047.82 -0.384934 -1.33475 849.697 0.604167 1.03294 2018.94 1982.77 0.622608 0.692618 0.593316 0.714273 109.494 -2.70651 0.150576 3345.32 0.243666 0.0996691
1568.94 0.876414 -0.902753 284.746 0.459072 1.89919 1380.01 1297.74 0.382539 0.728004 0.773743 0.645674 1302.96 2.32185 0.337171 1876.12 0.960545 0.0996691
300.892 -2.31573 0.495576 274.917 -2.03188 -2.65888 602.647 538.762 0.737302 0.665207 0.726243 0.782563 19.4183 -2.51053 0.090652 554.607 0.827624 0.0996691
1659.48 0.631241 0.613322 1625.52 -0.58857 -2.46598 4057.57 2560.28 0.581725 0.548103 0.674362 0.655946 76.1051 1.98322 0.994707 3672.26 0.917329 0.0996691
912.187 0.948495 -1.72338 780.661 -1.53198 1.23298 3164.57 3049.54 0.556376 0.543354 0.67367 0.524856 327.662 2.07889 0.365264 2146.51 0.89193 0.0996691
2537.72 0.304335 -1.71437 2136.55 0.0447872 2.06974 4661.89 4027.57 0.240302 0.33683 0.482003 0.739993 779.266 1.93377 0.138229 6581.79 0.59359 -0.0996691
323.972 0.355799 2.04809 316.913 -0.683802 -1.26642 744.696 615.13 0.587995 0.589285 0.800475 0.757989 18.0084 0.241315 0.0417214 649.633 0.913264 0.0996691
355.499 0.551569 -0.891406 269.946 -0.939348 2.14223 831.386 654.875 0.615835 0.447812 0.546302 0.860963 113.104 2.57372 0.323716 626.401 0.699333 0.0996691
2745.55 -0.272106 -2.00525 2323.46 0.56207 1.35011 5524.21 5401.68 0.606609 0.218405 0.508356 0.614214 566.8 0.626016 0.724536 5444.9 0.867188 0.0996691
1193.9 1.26566 -1.1566 593.48 -0.46311 2.8919 2259.59 2188.16 0.669481 0.837357 0.655936 0.718227 981.68 1.43957 0.153023 1891.17 0.274312 0.0996691
2617.28 0.424903 2.32552 1060.11 -1.38654 -1.09951 4937.23 3614.36 0.112567 0.240567 0.818545 0.889945 772.482 -0.347077 0.491968 4729.62 0.340466 0.0996691
790.317 0.461678 -1.62455 748.126 0.835454 -3.08124 1084.3 1056.42 0.815146 0.580903 0.714584 0.730883 108.921 -0.797893 0.829601 2928.65 0.105609 0.0996691
553.404 -0.373549 0.955955 538.887 0.945275 -2.18529 1357.03 1289.28 0.749858 0.706354 0.679625 0.775735 13.5672 -0.774886 1.4123 1078.89 0.0171152 0.0996691
2545.65 -0.194371 0.429556 1742.11 -1.05499 -2.1616 4542.72 4175.95 0.516133 0.281151 0.588675 0.661639 82.8498 -1.09817 0.315562 6260.53 0.900193 0.0996691
1176.95 -1.1489 1.33929 939.073 0.511504 -1.8915 2874.24 2913.46 0.52912 0.44844 0.508445 0.798535 70.2094 -2.08374 0.192212 2406.39 0.12147 0.0996691
1520.72 -0.0941618 0.860314 1483.08 0.630695 -1.50806 3090.69 2571.64 0.288092 0.602061 0.897355 0.664008 1552.54 2.75241 0.00784039 4574.67 0.316725 -0.0996691
395.838 -1.84575 2.87674 330.032 1.4955 -0.231408 1996.65 1932.25 0.760394 0.522572 0.674382 0.494389 70.2931 -0.405358 0.138386 734.319 0.873589 0.0996691
1638.66 -0.474334 1.6571 1387.68 0.226599 -2.82131 2611.45 2642.71 0.70165 0.810057 0.572336 0.692932 489.731 -0.832161 0.267961 5241.87 0.970562 0.0996691
560.479 0.892185 -0.599121 557.575 -0.443336 1.96019 1401.78 1136.33 0.272457 0.545307 0.701682 0.551259 149.603 1.62828 0.225313 1751.55 0.790367 0.0996691
1416.71 -0.991045 -0.074649 1275.28 -0.0466642 2.85842 3005.92 2921.84 0.456249 0.493941 0.68141 0.760403 279.346 -2.17759 0.87394 2727.72 0.952112 0.0996691
1938.09 0.182838 -2.27192 1667.75 -0.705512 0.904381 3989.84 3756.39 0.385119 0.247535 0.407329 0.745031 138.186 1.28579 0.380828 4248.13 0.712652 0.0996691
1409.48 1.07049 1.50009 1368.76 0.0430423 -2.46173 2977.52 2847.57 0.543677 0.7306 0.395112 0.59378 937.058 -0.507944 0.00141561 2973.95 0.579408 0.0996691
2403.18 0.54973 -1.07742 1561.55 -0.823136 1.19204 4637.07 3979.16 0.574627 0.528651 0.584376 0.695027 1118.06 2.69967 0.187603 4777.76 0.26503 -0.0996691
2653.86 0.566898 0.548294 2043.3 0.410471 -2.90618 4716.34 4315.43 0.652903 0.466891 0.488462 0.846222 1354.01 -2.56252 0.0604169 5655.66 0.793769 0.0996691
326.391 1.94767 1.84804 288.127 1.54221 -1.28292 645.131 597.859 0.760211 0.808238 0.681091 0.733341 20.8885 -1.71938 0.379876 605.843 0.119259 0.0996691
351.169 -0.470113 -1.85161 269.355 -2.82756 1.37127 1107.74 969.569 0.735166 0.473194 0.609529 0.753727 84.438 1.03468 0.320262 612.391 0.667552 0.0996691
1113.93 -0.440704 1.04725 1064.92 -0.0414803 -2.06509 2245.65 2225.16 0.660768 0.739251 0.598119 0.83299 54.2575 -2.67829 0.606643 2190.05 0.037634 0.0996691
1203.22 -1.37533 -0.548917 579.305 -1.27431 1.61076 1531.41 1383.63 0.661329 0.446349 0.759143 0.710988 627.416 -2.88594 0.17832 2405.43 0.775145 -0.0996691
1707.81 -1.34267 -1.22734 1016.94 0.49151 2.70557 3742.32 3106.86 0.238522 0.505175 0.825763 0.528462 1055.98 1.29412 0.0167868 2957.91 0.482548 0.0996691
2082.66 0.756726 1.3459 1568.98 0.315755 -1.80066 3715.93 3735.85 0.0751568 0.767164 0.699135 0.77635 52.2789 0.00468329 0.0760386 6122.11 0.21694 0.0996691
334.8 1.45744 -1.3004 328.782 0.100199 1.78983 841.711 754.147 0.792846 0.692757 0.652321 0.806082 4.25422 3.01501 1.27351 606.908 0.0705397 0.0996691
889.269 -1.78083 1.98547 831.335 0.70801 0.393483 3018.56 2965.75 0.329435 0.708281 0.796678 0.856968 223.219 -1.88657 0.183893 2711.02 0.484048 0.0996691
434.172 -0.74932 -1.25141 423.413 0.450518 1.817 1032.46 962.443 0.784815 0.607468 0.719538 0.784903 32.0458 3.05682 1.25638 836.32 0.0465994 0.0996691
1073.23 -0.87221 -2.01334 328.857 0.884206 1.19448 1721.01 1391.18 0.51285 0.376537 0.608885 0.560962 626.623 1.29434 0.0966771 1675.08 0.255792 0.0996691
790.659 -1.00962 1.89249 637.645 0.777397 -0.906602 2048.17 1755.04 0.451439 0.684268 0.808761 0.835762 32.4281 -0.840378 0.0756766 1756.56 0.583591 0.0996691
387.267 -1.79139 -1.94049 311.677 -0.645065 0.976316 845 789.542 0.753144 0.845535 0.66259 0.59334 63.691 2.03085 0.35602 740.134 0.761255 0.0996691
581.301 -0.0520942 -3.04833 436.366 0.925991 -0.0933264 1149.18 1098.8 0.592254 0.687976 0.833762 0.840032 167.309 0.615921 0.713556 1007.28 0.194924 0.0996691
2505.86 -0.0261169 1.63067 1415.54 -0.843831 -1.82581 4066.71 4096.35 0.711224 0.314086 0.652833 0.67525 499.313 -1.83392 0.00856137 4891.82 0.31427 0.0996691
1464.83 -0.0841229 -3.11613 1418.13 0.498755 0.0825822 3154.44 2639.83 0.332913 0.572141 0.481939 0.723479 95.8105 -1.12483 1.13627 2995.09 0.697537 0.0996691
1444.57 -0.84619 0.902427 1165.19 0.31659 -2.64755 3046.01 2799.41 0.561009 0.770059 0.820937 0.686666 624.191 -1.45209 1.19475 2710.21 0.756618 0.0996691
1248.45 1.0022 1.11732 1193.79 -0.202015 -2.48796 2848.38 2883.96 0.495746 0.565295 0.622966 0.671181 153.218 -1.1471 0.711436 3041.97 0.782427 0.0996691
328.37 -2.00439 -2.73005 304.788 -0.487919 1.16577 802.188 786.713 0.655204 0.691425 0.433915 0.728978 31.8856 -2.03245 0.701643 817.628 0.369444 0.0996691
699.531 -1.45835 2.91224 681.541 -0.101062 -0.575504 1739.37 1581.67 0.460303 0.720525 0.81446 0.754785 37.8769 1.16146 0.240552 1646.24 0.338909 0.0996691
1674.31 1.04156 1.77212 1624.69 -1.03183 -2.01316 5136.4 5204.48 0.766079 0.701262 0.754265 0.736139 287.31 1.58489 0.187199 5769.71 0.281319 0.0996691
360.217 -2.50473 -1.11597 273.613 -1.27762 1.95545 786.865 661.188 0.617593 0.673833 0.523295 0.693365 92.6196 1.7437 0.167333 876.338 0.23611 0.0996691
384.034 0.538892 2.003 258.518 1.55172 -1.12719 732.603 642.975 0.741221 0.658305 0.763755 0.670264 111.777 -1.14793 0.0358546 606.183 0.274666 0.0996691
1095.94 -0.638934 0.127325 785.372 1.48467 -2.84399 3015.55 2990.58 0.458495 0.573651 0.70576 0.512476 149.939 2.32651 0.7314 2161.01 0.788858 0.0996691
430.32 1.87909 0.972634 429.945 -0.0911529 -2.1919 1327.23 1259.78 0.624854 0.717424 0.786282 0.672916 23.4063 -1.96827 0.215809 838.174 0.0183244 0.0996691
1683.26 0.346102 0.722045 1338.35 0.0110574 -2.45252 3103.7 3079.5 0.397774 0.309293 0.796833 0.709891 342.34 -2.59316 0.136683 3146.39 0.969506 0.0996691
3154.97 -0.543205 2.74902 2994.08 -0.230197 -1.01347 6026.68 6073.47 0.509132 0.332995 0.664273 0.684357 791.687 0.563541 0.365584 7360.47 0.720744 0.0996691
1663.6 0.367718 -2.00641 1162.75 -0.931776 0.970011 3407.46 3340.32 0.308108 0.763335 0.781603 0.699912 353.64 2.70659 0.152122 4845.93 0.474645 0.0996691
1158.53 -0.428927 2.84073 817.406 -0.820158 -0.520035 2023.73 2260.48 0.42207 0.633076 0.71087 0.829715 330.975 2.99581 0.0255375 3077.11 0.702214 0.0996691
1541.92 0.678588 -0.306621 1475.93 0.0113406 2.64025 3190.17 3195.99 0.469344 0.688416 0.496514 0.6585 928.784 -2.5787 0.0905025 4949.33 0.348222 -0.0996691
272.524 -0.795724 -2.43804 264.53 0.834682 0.719872 740.02 680.521 0.725524 0.760005 0.666753 0.844611 28.7143 -0.268989 0.951827 520.487 0.0193236 0.0996691
1671.69 -0.219372 0.965615 1224.13 0.421348 -1.76302 2973.22 2947.63 0.621363 0.461461 0.74777 0.605694 251.298 -1.54275 0.219663 4757.92 0.31116 -0.0996691
1118.15 0.935977 -1.5423 1092.44 -0.905839 1.63335 3233.39 3220.13 0.664379 0.709436 0.76687 0.752553 43.9011 0.459687 0.876139 2232.84 0.939168 0.0996691
1592.29 -0.218782 -0.376014 1001.35 0.461238 2.58057 2722.64 2685.99 0.34622 0.670689 0.6949 0.676527 422.974 3.01355 0.0735192 2849.2 0.744861 0.0996691
513.565 -0.583093 -1.80558 295.949 -1.34671 1.25381 846.366 797.077 0.697423 0.66881 0.618234 0.754521 223.556 1.14357 0.0619435 852.914 0.318344 0.0996691
425.963 -1.48392 -1.10457 414.041 0.442805 2.01903 1286.71 1158.35 0.731487 0.714088 0.816506 0.751002 11.2164 2.28633 0.027437 841.713 0.752559 0.0996691
1049.05 1.63085 1.64128 1006.91 -0.0292761 -1.31506 2806.91 2808.95 0.523841 0.405347 0.622176 0.673275 78.4261 0.215794 1.41821 2417.38 0.73163 0.0996691
462.743 -0.107318 -0.641574 393.05 1.35948 2.35935 1096.15 1088.15 0.546336 0.624668 0.560671 0.848308 39.7276 2.91789 0.554955 891.72 0.114679 0.0996691
1588.87 0.0456004 -2.06244 1169.43 0.77051 0.983137 2941.1 2895.83 0.649749 0.605393 0.839405 0.706666 25.4045 2.6764 0.836892 3916.34 0.430256 0.0996691
360.265 0.0322602 -2.38438 277.784 0.783993 0.76436 695.04 572.118 0.376174 0.67661 0.790602 0.794128 87.5053 0.848104 0.111754 634.186 0.775325 0.0996691
720.245 -1.82715 1.30329 385.075 1.51896 -1.60708 2906.55 2839.19 0.390661 0.715997 0.832311 0.776917 103.052 -2.07733 0.119195 1324.33 0.554146 0.0996691
2681.37 0.437671 2.5691 2459.26 0.505008 -1.29989 4845.15 4820.3 0.445916 0.630686 0.798119 0.77809 89.6655 -1.67917 0.152621 7201.84 0.890116 0.0996691
1517.52 0.415481 2.83008 1230.97 0.581684 -0.23676 2794.4 2588.17 0.435593 0.490312 0.60723 0.856302 208.726 -0.728462 0.0581025 2818.3 0.837509 0.0996691
1459.98 -0.309022 2.517 425.012 -0.051241 -0.923864 1599.28 1522.9 0.655354 0.699951 0.820057 0.664817 955.377 -0.408164 0.0520627 2247.48 0.755352 0.0996691
2218.14 -0.336526 1.62623 1996.5 0.215058 -2.3602 4270.9 2994.64 0.534402 0.236891 0.763498 0.68305 726.009 0.0193079 0.605021 5524.35 0.636358 -0.0996691
746.311 -1.56399 -1.67681 540.242 0.851505 1.10389 2325.02 2214.04 0.558635 0.611754 0.605328 0.790237 256.709 1.73178 0.210764 2032.08 0.121672 0.0996691
319.73 -0.863498 2.77455 301.132 1.7341 -0.404633 1230.62 1158.22 0.753231 0.813932 0.849628 0.7452 118.152 -1.68986 1.26149 705.123 0.767723 0.0996691
613.278 -0.553672 2.98332 610.754 0.617017 -0.117783 1465.64 1381.47 0.73113 0.731983 0.75814 0.824203 11.4525 -1.689 1.57391 1215.37 0.863113 0.0996691
392.939 0.0840997 1.97056 389.388 -1.99912 -1.2056 1259.53 1220.99 0.575292 0.65606 0.699809 0.622156 13.1398 -0.171638 1.03415 787.62 0.0436483 0.0996691
1646.47 -0.134021 1.52385 1099.61 -1.1996 -2.35674 2950.14 2946.8 0.193325 0.456634 0.654603 0.833816 137.487 -1.76605 0.592586 3949.36 0.409767 0.0996691
1873.24 -0.0774661 -2.5158 1616.63 -0.292749 0.386633 3609.44 2975.17 0.617201 0.317611 0.738755 0.920177 6.13845 1.95917 0.703472 4231.19 0.869943 0.0996691
454.032 -1.08321 -2.72254 321.986 2.06921 1.4877 1891.66 1873.74 0.666384 0.711193 0.865885 0.876245 227.426 -0.112243 0.527091 940.513 0.644824 0.0996691
1418.28 0.895584 0.582597 1190.08 0.131189 -3.01973 2767.33 2727.71 0.613735 0.642341 0.837015 0.725689 16.8046 1.94505 1.30692 3300.47 0.782045 0.0996691
383.73 -0.241091 3.14029 268.955 -0.251769 -0.0175305 676.231 527.972 0.735335 0.594883 0.687402 0.726317 110.256 0.0505558 0.0690387 647.13 0.346439 0.0996691
1377.59 -0.529671 2.82702 905.71 0.626565 0.00950851 2626.84 2394.74 0.527682 0.483535 0.679087 0.515392 444.378 -0.416973 0.38003 2558.4 0.291867 0.0996691
1421.38 -0.0670698 1.5318 1244.85 0.827129 -0.961871 2814.37 2840.88 0.355385 0.559053 0.547274 0.862854 509.273 1.0057 0.525628 4846.11 0.139603 -0.0996691
1629.19 0.151584 -1.86293 1489.1 -0.168579 1.97802 2984.9 3007.08 0.435379 0.599914 0.570611 0.484575 78.5229 -0.790457 0.139809 4384.64 0.968249 0.0996691
370.482 1.22609 2.70884 363.171 1.2032 -0.448615 746.092 719.36 0.644325 0.64766 0.416942 0.718991 11.8949 1.3336 1.37815 717.065 0.0386715 0.0996691
1660.1 -0.350722 1.94089 1619.12 0.622545 -0.281096 3380.21 3412.26 0.330715 0.376078 0.795935 0.565122 294.715 -1.69946 0.82853 4738.12 0.624657 -0.0996691
1738.13 0.634882 -0.645228 855.098 0.426211 -3.00614 2282.6 2257.04 0.532673 0.781615 0.660196 0.761749 1072.45 2.01356 0.00195646 2823.78 0.79852 0.0996691
2409.14 0.341751 -1.43457 1849.48 0.0501038 2.20619 4221.48 3448.62 0.162843 0.272164 0.898965 0.753664 1034.51 2.11194 0.00257897 5678 0.981174 0.0996691
1442.94 1.46757 -1.14106 956.644 -0.0248176 1.42449 2997.64 2826.68 0.627951 0.554347 0.905602 0.649097 347.227 -2.94301 0.157652 3113.86 0.7472 -0.0996691
1745.06 -0.653919 -2.88681 1537.29 -0.667371 0.913238 3119.06 3105.46 0.38497 0.625514 0.415688 0.716215 154.518 0.338216 0.584006 4329.25 0.334898 0.0996691
3019.79 0.473398 -1.2415 2922.64 0.000337737 1.95857 6757.82 4265.24 0.164685 0.150835 0.470225 0.537323 179.042 0.849833 0.499111 6609.27 0.0802888 -0.0996691
807.49 1.36954 -0.470214 698.125 -1.36835 1.60243 3055.17 3025.56 0.576091 0.640513 0.711096 0.582259 378.725 -2.78379 0.207002 1971.08 0.515471 0.0996691
974.491 -1.51825 2.68714 803.424 0.112205 -0.267807 2398.99 2368.74 0.726408 0.702153 0.657562 0.692839 103.894 -0.601262 0.140986 1949.63 0.944614 0.0996691
966.986 -0.747888 -1.67826 960.781 0.159758 1.17287 2132.44 2095.11 0.898043 0.83402 0.820613 0.791122 246.611 -1.6266 0.0612265 3055.35 0.138851 0.0996691
1391.44 0.566029 -1.32429 1251.91 -0.930163 -3.06329 2980.6 2948.28 0.501298 0.61493 0.300612 0.760615 1195.17 0.38804 0.183735 3671.72 0.943655 -0.0996691
1900.71 -0.816665 2.17845 1768.31 0.887859 -0.439265 5158.07 3162.56 0.132186 0.0570709 0.75108 0.799528 592.142 3.02006 0.508092 5524.3 0.899606 0.0996691
2014.17 0.871877 2.75249 1067.98 0.677224 0.390108 2845.51 3003.04 0.172598 0.567284 0.719147 0.34045 530.132 -0.693932 0.178315 4172.39 0.811789 0.0996691
388.066 0.724086 -2.21984 329.182 -0.287189 0.50423 804.069 774.636 0.666414 0.578763 0.840581 0.913675 15.4549 2.31958 0.0126312 1150.1 0.626842 0.0996691
1491.71 0.325692 -0.128862 1458.37 0.805183 -2.65636 2916.28 2903.22 0.469085 0.776613 0.607045 0.653222 284.87 1.12179 0.908057 3693.47 0.741884 0.0996691
417.305 0.64159 2.54137 384.581 2.59954 -0.668154 1237.27 1116.08 0.694645 0.591149 0.853474 0.736385 59.6021 -0.644681 0.0587968 767.085 0.0927997 0.0996691
1267.88 -0.812316 3.06119 773.002 -0.759464 0.55186 1910.86 1878.71 0.677123 0.74143 0.743448 0.829607 258.214 -1.1398 0.641637 2581.57 0.432771 0.0996691
368.442 -1.58533 0.936496 353.842 -0.472372 -2.17551 850.553 804.901 0.720307 0.705929 0.683895 0.644547 23.7702 2.89402 1.21433 686.335 0.022943 0.0996691
1929.97 0.119223 1.5522 1691.74 -0.609278 -0.880168 3670.43 3636.92 0.602096 0.490531 0.628902 0.414607 260.285 2.87165 0.156576 5476.37 0.54509 0.0996691
1816.4 -0.21818 -2.72893 1701.03 -0.476659 0.326489 3707.59 2597.22 0.689779 0.307571 0.891678 0.579006 169.678 0.77153 0.158089 3676.71 0.971112 0.0996691
3076.73 0.296004 1.94075 1866.21 -0.375097 -2.25422 4522.36 4300 0.602473 0.440631 0.760605 0.617846 1607.39 -0.759939 0.513747 6211.31 0.621741 0.0996691
1182.1 1.24026 -2.40202 845.277 -0.244257 1.71657 2407.65 2421.54 0.369153 0.631548 0.613091 0.553989 199.587 2.2485 0.220382 3650.74 0.394688 0.0996691
1816.19 0.503159 2.85453 1262.17 1.11863 -1.07543 2976.67 2962.65 0.574515 0.676121 0.694304 0.913358 617.661 0.00147047 0.00377218 3895.42 0.949144 0.0996691
1557.75 0.259831 1.48665 1412.28 0.659323 -1.80137 3081.16 2934.5 0.626378 0.484929 0.694414 0.70108 145.102 -0.315521 0.630622 3152.93 0.766295 0.0996691
3031.44 -0.2311 0.280788 1709.67 -0.868123 -2.18847 4595.75 4722.19 0.691154 0.527914 0.769004 0.651527 371.063 -2.87266 0.194198 6510.14 0.982153 0.0996691
574.021 -1.75066 1.5418 538.723 -0.0200213 -1.61539 1590.78 1453.47 0.699769 0.778332 0.69758 0.81281 53.2447 -1.0674 0.560425 1096.41 0.0808076 0.0996691
1833.68 -0.148492 -2.84371 1249.73 -0.20555 -0.189614 2962 2965.09 0.500355 0.514425 0.858711 0.691396 358.817 0.934299 0.0835573 3758.15 0.974244 0.0996691
328.255 -0.955228 1.8499 284.508 0.959183 -1.30732 950.338 716.352 0.691093 0.50724 0.734413 0.79798 29.6613 -2.02132 0.473248 602.942 0.273601 0.0996691
1498.66 0.877161 -1.21438 1174.8 0.719116 2.0183 2698.44 2697.58 0.348722 0.481598 0.752702 0.509674 78.3008 0.264169 0.0305236 3230.61 0.746994 0.0996691
962 -1.45507 -2.28588 785.121 0.612142 1.02908 2769.6 2644.28 0.79906 0.735107 0.837018 0.798169 229.83 0.256587 0.546196 1735.52 0.938142 0.0996691
2103.41 -0.376861 2.87649 1146.75 0.825069 1.1822 3067 3107.13 0.0955598 0.457338 0.723357 0.695471 1924.93 -0.788697 0.0466444 3646.37 0.741343 0.0996691
841.582 0.774781 -0.106454 439.505 -0.95397 3.0393 1702.97 1710.65 0.350709 0.322308 0.629293 0.565735 285.644 -3.11852 0.125305 1683.1 0.308805 0.0996691
946.967 -1.40312 1.65346 844.189 0.641542 -1.50262 2821.13 2778.73 0.780074 0.478364 0.786482 0.678792 126.363 -1.71453 0.20373 1825.55 0.955029 0.0996691
339.418 -0.973078 0.622782 328.094 -0.98713 -2.42107 680.855 638.285 0.653682 0.837185 0.631786 0.630598 26.0092 2.11839 1.49396 666.703 0.0882213 0.0996691
1545.23 -1.29089 -0.372201 1391.37 1.02665 -2.56939 4975.92 4846.94 0.546873 0.669378 0.833156 0.699071 189.58 1.10911 0.192631 4356.15 0.634102 0.0996691
440.287 -1.50445 0.513827 423.292 -0.0564494 -2.61373 1121.53 1072.58 0.826392 0.743105 0.694169 0.834832 29.2721 2.59222 1.04203 855.449 0.0638105 0.0996691
1457.89 0.165581 1.79783 383.995 0.196962 -1.0704 1506.81 1444.21 0.300013 0.559578 0.843379 0.856696 1104.83 -1.44065 0.109177 1848.76 0.971722 0.0996691
1936.63 -0.827885 -2.82243 1203.53 -0.278575 1.51234 2700.47 2634.81 0.696863 0.819574 0.678299 0.836617 442.811 1.53728 0.0168128 5455.09 0.866501 0.0996691
2233.38 -0.726627 2.0096 1796.89 0.24961 -0.62666 4437.41 4405.17 0.487406 0.331709 0.786699 0.819949 666.843 -0.923906 0.0872349 5502.12 0.773902 0.0996691
1461.9 0.459868 2.03699 842.645 -1.26936 -1.69365 3042.39 3000.43 0.574785 0.563332 0.738077 0.642393 229.827 -0.628377 0.0618704 2984.06 0.46842 0.0996691
345.642 -0.869605 -1.2008 277.668 -1.76179 -3.12625 599.607 553.583 0.539141 0.721318 0.699129 0.737325 34.0821 1.76875 0.137216 1123.25 0.456089 0.0996691
1241.6 -0.483395 0.176272 789.857 -1.35414 -2.21924 2059.44 2071 0.795349 0.475327 0.677316 0.729144 141.127 2.94911 0.546641 2859 0.668444 0.0996691
2583.29 -0.342082 2.53643 2277.3 0.244042 0.23583 4740.11 4641.54 0.173301 0.47154 0.627308 0.60012 94.8159 0.458595 0.121936 7117.11 0.982062 0.0996691
2386.26 0.571935 0.570357 2250.93 0.980226 -3.09059 4654.79 3369.96 0.515645 0.252413 0.804515 0.834898 266.282 -2.5143 0.177366 5828.02 0.982837 0.0996691
1895.55 -0.0327689 0.806162 1790.89 -0.230494 -2.00592 3663.65 3682.11 0.667428 0.165942 0.79888 0.871989 50.2188 1.13685 0.328122 4736.67 0.164069 0.0996691
692.183 -1.55394 -0.587705 375.431 1.85303 2.52113 2915.83 1582.37 0.748147 0.446166 0.577408 0.638586 126.422 2.50719 0.142309 1257.67 0.584291 0.0996691
1864.52 -1.07337 -0.0617451 1541.11 -0.567703 -2.59474 3440.36 2904.16 0.52837 0.379467 0.809082 0.864192 511.047 1.8798 0.230983 4203.76 0.751292 0.0996691
2221.46 -0.687772 1.5836 1102.48 -0.0717235 -1.53133 3538.69 2543.51 0.322483 0.805355 0.519378 0.374221 1506.77 -1.7585 0.26753 4047.97 0.809764 0.0996691
2302.14 -0.0614203 -1.48199 1983.2 1.11577 2.05288 5012.24 4890.21 0.151029 0.635642 0.80852 0.570137 219.999 -0.461014 0.0669269 6073.37 0.682278 -0.0996691
916.387 1.33384 1.65323 574.393 -1.3166 -1.78313 2938.18 2766.23 0.499864 0.570216 0.569829 0.799178 65.0025 -1.00054 0.126806 1941.98 0.592592 0.0996691
1268.54 1.49928 0.457765 1225.34 -0.192972 -2.73622 3488.08 3080.36 0.430557 0.278491 0.843793 0.692276 53.4523 0.133847 0.0335058 2637.69 0.579559 0.0996691
879.963 0.826128 -1.93579 678.562 -1.02195 -1.6495 1711.33 1297.5 0.50831 0.673425 0.789281 0.53608 1385.89 1.32612 0.107931 1686.03 0.727552 0.0996691
334.907 1.36733 -2.82154 317.045 1.0063 0.34644 680.037 624.18 0.726698 0.771232 0.655195 0.806663 23.9599 0.370939 0.0528561 631.483 0.0791343 0.0996691
921.172 0.20779 0.585143 860.991 -1.07438 -2.67161 2172.41 2137.78 0.693113 0.562294 0.636065 0.589283 643.796 2.50107 0.00297832 2695.79 0.831374 0.0996691
1346.74 -1.20325 0.890179 392.539 -0.166366 -2.2438 1694.2 1575.48 0.196589 0.693997 0.467321 0.657799 1094.31 -2.25241 0.0275803 1880.45 0.588511 0.0996691
1827.93 1.14808 -1.73888 1650.86 0.389292 0.912345 3671.52 3627.09 0.794379 0.555382 0.773754 0.72507 418.388 0.871591 0.0488209 4567.57 0.24075 -0.0996691
1746.82 0.738518 -3.0063 1282.83 1.33579 0.068744 3174.82 2957.81 0.587457 0.322055 0.606176 0.828607 477.506 0.317348 0.0165208 3055.4 0.816674 0.0996691
1494.99 1.14571 -2.56587 888.436 -1.34101 -0.849474 4066.26 4083.2 0.57321 0.582551 0.733832 0.798619 1260.03 1.10084 0.164443 2961.94 0.733058 -0.0996691
1232.89 -0.0429059 0.380849 770.276 -0.378458 -2.46052 2111.65 1569.91 0.114477 0.66683 0.690681 0.858991 153.34 -2.902 0.0982411 2485.35 0.754549 0.0996691
1668.24 -0.758396 -0.621326 1212.81 0.680501 1.05416 3085.47 3104.42 0.678145 0.748568 0.531631 0.609011 750.099 -2.94828 0.0729008 4261.65 0.515848 0.0996691
502.73 0.620455 0.919771 458.125 -1.63581 -2.04195 1661.45 1377.03 0.542568 0.482696 0.784786 0.758909 92.6538 2.88383 0.872865 975.941 0.874281 0.0996691
1621.27 0.145885 1.35152 1323.43 1.05922 -0.798136 2944.78 2931.02 0.85358 0.375033 0.653744 0.695539 253.682 -0.768882 0.0290487 4968.61 0.311057 0.0996691
2023.92 0.749853 1.35958 912.302 0.559653 -2.06501 2718.34 2719.87 0.657817 0.696427 0.740665 0.584632 1267.1 -0.95943 0.298808 3923.37 0.636274 0.0996691
288.6 -1.45474 0.30533 265.047 -2.18728 -2.81846 610.02 550.601 0.768506 0.795717 0.923328 0.802962 13.8384 1.94653 1.48511 511.974 0.0571191 0.0996691
2573.26 0.928859 2.3917 2406.05 -0.339285 -0.127282 5825.63 5881.56 0.672917 0.13443 0.508865 0.670677 323.527 2.441 0.0507803 6762.53 0.307974 -0.0996691
1184.16 -0.16939 0.895373 1162.54 0.24596 -2.28973 2424.11 2369.42 0.527829 0.618115 0.787213 0.613361 76.672 -0.301778 0.826458 2396.71 0.266365 0.0996691
2508.74 -0.225004 1.99262 2308.51 -1.46402 -1.19635 5936.37 4862.68 0.333164 0.222811 0.600904 0.704827 243 1.73445 0.231374 5389.92 0.180794 0.0996691
1545.88 0.374036 0.577093 1350.97 0.859576 -2.18872 2953.42 2924.38 0.33728 0.599691 0.455357 0.768022 432.202 2.79205 0.407072 3084.37 0.673478 0.0996691
1602.59 -0.502711 -2.78579 1109.4 0.270382 0.500557 2882.9 2876.3 0.610347 0.7682 0.733971 0.792155 136.932 0.733429 0.23624 3167.21 0.199223 0.0996691
480.272 0.314445 -3.08438 323.126 -2.06072 0.0222723 1423.9 1362.74 0.493345 0.704233 0.739079 0.682364 96.1184 -0.094257 0.100489 867.5 0.217261 0.0996691
2399.74 -0.264367 0.038145 2132.67 0.548493 2.86275 4861.94 4908.88 0.336633 0.139269 0.325359 0.743614 534.979 -2.67748 0.0398064 5359.08 0.805203 0.0996691
1928.14 -0.762818 -0.934212 1564.86 -0.148756 -2.54196 2743.67 2762.7 0.255013 0.150898 0.606599 0.856387 264.864 1.87601 0.295536 5763.94 0.965673 0.0996691
311.992 1.12123 -0.935763 310.213 1.30442 2.18646 640.428 582.468 0.615462 0.450549 0.794422 0.853009 29.3324 -2.1203 1.15177 610.183 0.0773387 0.0996691
695.095 0.466773 0.727611 326.246 0.788407 -2.44063 989.397 932.291 0.746964 0.643 0.794869 0.714201 360.55 -2.42686 0.00339556 1005.86 0.371159 0.0996691
1732.54 0.264186 0.43931 1182.71 -0.147691 -2.57651 2973.38 2788.68 0.402516 0.682999 0.771734 0.534821 553.781 -2.9063 0.145532 2958.74 0.870488 0.0996691
1284.28 0.111288 -3.06422 1218.58 0.401792 0.413769 2647.4 2036.53 0.497127 0.407543 0.684528 0.682413 56.0864 0.964481 0.364758 3343.53 0.529975 0.0996691
1841.79 0.200501 -0.39131 1518.67 0.106129 -1.79714 2280.25 1767.35 0.623406 0.289756 0.725677 0.77329 1369.32 2.18897 0.13798 4567.87 0.403216 0.0996691
1446.52 -0.166299 -0.283442 1406.53 -0.337007 2.99907 2877.66 2892.01 0.344447 0.766633 0.683357 0.682531 77.2281 2.80288 0.205325 3082.91 0.0774038 0.0996691
1026.48 0.454618 0.320882 296.893 -0.516857 -3.11477 1241.87 1200.56 0.394015 0.70135 0.165576 0.765766 452.037 -2.63677 0.0684636 1654.32 0.598167 0.0996691
1846.16 -0.608362 2.1406 1495.29 0.317959 -2.70033 2741.93 2678.92 0.424811 0.243533 0.806019 0.860113 1299.08 0.107604 0.166255 5033 0.711727 0.0996691
2104.67 -0.269171 1.44205 1490.75 0.346005 -0.550257 3203.86 3102.28 0.432955 0.632751 0.242435 0.833315 218.74 -0.364733 0.191806 5813.03 0.967141 0.0996691
1223.83 -0.799592 -3.01443 545.616 -0.856617 0.44052 1665.15 1497.82 0.698745 0.872938 0.746302 0.788858 541.305 -0.156006 0.019646 1950.15 0.539393 0.0996691
1460.6 -0.321093 -2.3513 1414.19 0.329249 0.527531 3022.29 2991.82 0.775675 0.596057 0.925274 0.532661 335.012 1.39877 0.249121 3158.5 0.958977 0.0996691
3053.54 0.713864 2.83363 3011.44 0.156954 -0.265086 6682.84 4734.52 0.196817 0.166572 0.55262 0.537559 138.583 -1.52756 0.634351 6473.09 0.490049 0.0996691
356.38 -1.03782 1.22541 281.826 -2.59652 -1.92509 853.203 778.542 0.790924 0.670532 0.715712 0.678645 44.5819 -2.09028 0.208228 617.9 0.134868 0.0996691
1754.44 -0.993501 -2.13509 1287.07 -0.881277 2.06253 2659.91 2553.09 0.685917 0.703029 0.641317 0.845347 254.468 -0.26032 0.0108594 4696.94 0.475179 0.0996691
610.576 1.2035 0.0381516 600.808 -0.251329 -1.17985 1198.06 1180.08 0.809669 0.68425 0.791613 0.726658 285.612 2.58194 0.0396149 1926.16 0.274112 0.0996691
1414.77 0.568322 -0.4862 1152.33 -0.629888 2.85834 3032.81 3052.02 0.482985 0.537039 0.604253 0.573662 237.27 1.8239 0.413287 2959.09 0.839595 0.0996691
2881.98 -0.422908 2.49919 2071.35 -0.583105 -0.849427 4919.56 4706.45 0.537076 0.563772 0.752532 0.553068 245.186 -0.667006 0.146355 8024.06 0.230509 0.0996691
293.082 2.21716 1.16486 277.391 1.36767 -1.95443 651.308 578.019 0.703431 0.609292 0.664224 0.736798 10.0904 -0.707229 0.912455 558.911 0.793765 0.0996691
1688.63 -0.229264 1.31862 1630.6 0.58743 -1.08645 3416.31 3413.69 0.398944 0.713088 0.684531 0.464769 105.767 -0.546311 0.532127 4683.9 0.954191 0.0996691
462.624 -1.36396 1.5069 315.432 0.123192 -1.60666 1025.28 697.62 0.788055 0.487936 0.805633 0.682003 40.6618 -1.77657 0.0102644 831.216 0.745367 0.0996691
2084.67 0.107892 1.99331 1448.68 0.298062 -2.13871 3095.04 3100.23 0.50288 0.7642 0.560932 0.669027 164.544 -2.15527 0.0162251 5518.78 0.96738 0.0996691
2707.93 -0.283609 -1.16545 1519.43 0.136685 2.82392 3848.48 3812.65 0.467667 0.219952 0.731334 0.472629 46.435 -1.4873 0.13702 6404.87 0.966862 0.0996691
269.155 1.12268 1.26799 256.925 -0.950348 -1.87701 842.067 800.312 0.744671 0.652781 0.619278 0.746976 18.6591 -1.84309 0.0560154 516.33 0.0426277 0.0996691
1109.6 -0.495178 2.50057 525.681 -0.398032 -2.16013 1125.24 1127.26 0.716328 0.642555 0.65135 0.698662 948.569 -0.695665 1.0647 2258.24 0.822113 0.0996691
430.838 -1.88815 -0.243313 423.924 -0.141822 2.8886 1216.54 1163.75 0.807676 0.770515 0.812215 0.753772 21.5594 -1.55442 1.31723 828.632 0.0113067 0.0996691
1955.69 -0.0437456 -2.01758 1201.9 -0.230246 1.42566 3053.79 3098.6 0.186441 0.59495 0.656986 0.647765 135.311 2.60919 0.719423 5091.63 0.503522 0.0996691
1494.27 0.0473606 0.765293 1446.01 -0.358557 -2.32015 3017.39 3027.54 0.323881 0.397699 0.752571 0.840568 67.7795 2.96926 0.00840521 3005.49 0.977902 0.0996691
364.468 -1.14123 2.69909 352.413 -1.32546 -0.377924 734.604 702.826 0.728124 0.750723 0.751233 0.698524 8.22876 -1.75427 1.39864 696.344 0.0579508 0.0996691
2516.85 -0.463269 0.416326 2498.43 -0.654936 -3.06685 5121.9 4560.53 0.431438 0.214651 0.681265 0.378797 568.506 1.07934 0.123443 6559.39 0.441112 0.0996691
671.034 -0.54583 -3.01626 542.624 1.63096 -1.43176 1812.45 1791.34 0.724708 0.39917 0.782078 0.542361 429.682 0.69703 0.488436 1689.94 0.551599 0.0996691
486.429 0.607384 2.84474 469.117 0.216521 -0.267764 1015.58 862.901 0.715442 0.724618 0.73137 0.745241 30.3524 -0.825652 0.521978 928.186 0.756232 0.0996691
595.699 1.25523 -3.10091 591.431 0.940204 -0.00796887 1227.63 1170.31 0.546063 0.615049 0.72554 0.744153 23.6361 1.61368 1.29468 1164.22 0.929413 0.0996691
699.695 0.170692 1.31292 606.313 -0.0430532 -1.81356 1331.55 1289.88 0.678528 0.547515 0.835922 0.623907 76.2416 -2.07572 0.243428 1315.13 0.0879276 0.0996691
1968.88 -0.335325 2.6355 1533.48 -0.293095 -0.456126 3581.44 2554.23 0.126781 0.524025 0.686368 0.766977 484.174 -0.480858 0.0188313 3651.73 0.235946 0.0996691
295.637 3.34341 0.267179 269.615 1.84234 -2.98998 745.123 727.151 0.587015 0.537857 0.638063 0.464437 54.8408 -1.71266 1.27509 569.17 0.103756 0.0996691
663.993 1.49199 1.36508 653.855 1.83053 -1.72607 1349.94 1337.42 0.587569 0.649387 0.700292 0.707482 41.8359 -3.11041 1.38578 1312.7 0.0289384 0.0996691
1611.38 -0.0968086 -2.2278 1124.13 0.646178 0.92776 2890.35 2919.81 0.739835 0.365278 0.776531 0.699212 467.748 1.3441 0.0176862 3788.32 0.651793 -0.0996691
911.069 -0.321179 -0.413419 872.172 0.475286 2.75868 1945.87 1890.77 0.765589 0.779966 0.799004 0.678238 17.7972 -2.75803 0.759497 1804.79 0.0375648 0.0996691
1784.16 -1.08798 1.16125 1040.44 0.563521 -2.38418 3750.43 2989.5 0.157096 0.655424 0.729336 0.800383 723.933 -2.51554 0.128938 3673.42 0.177673 0.0996691
2070.12 -0.854603 -2.87894 788.931 0.741294 -0.364223 3342.47 3325.28 0.562638 0.797654 0.764017 0.810502 868.363 0.230821 0.578147 3732.8 0.533117 0.0996691
594.179 -1.26265 -0.629287 566.743 -1.2828 2.44272 1232.83 1000.04 0.435826 0.682473 0.703951 0.633072 8.92787 0.703232 1.22116 1207.04 0.451275 0.0996691
1330.76 -0.870443 -0.812661 530.643 0.645427 1.98195 2220.54 1843.1 0.434509 0.174563 0.744953 0.683306 839.103 2.50921 0.370332 1880.85 0.719209 0.0996691
866.31 1.16335 2.25276 772.286 -0.796343 -0.599251 2486.46 2468.78 0.615742 0.645508 0.775152 0.659598 235.509 2.26402 0.0258613 2216.28 0.473598 0.0996691
1404.58 -0.471569 2.69944 1286.38 -0.986274 -0.429323 2784.94 2817.82 0.302456 0.574338 0.575217 0.665995 97.9107 -1.49766 0.181999 3035.01 0.974304 0.0996691
1011.04 0.945811 -0.812104 815.096 -1.01553 2.70703 2743.54 2751.77 0.647329 0.349992 0.660796 0.628953 292.614 1.37315 0.345951 1942.74 0.834026 0.0996691
681.507 -1.29825 -0.108723 380.285 -0.260386 2.70725 1151.7 1156.63 0.699942 0.85198 0.598736 0.657648 289.554 2.8912 0.184287 1592.22 0.317575 0.0996691
351.702 -0.709482 -1.43807 312.887 1.1256 1.62956 979.378 865.406 0.681331 0.634669 0.906813 0.757818 24.7401 1.86481 0.14646 679.314 0.841231 0.0996691
1248.04 0.202133 1.6767 1181.61 -1.2468 -1.39203 3131.98 2766.8 0.618611 0.586548 0.600526 0.599215 99.7784 -2.34158 0.57481 2453.06 0.725347 0.0996691
1539.75 -0.0420344 2.87683 1114.36 1.00541 0.262818 2922.86 2938.24 0.563459 0.311341 0.843276 0.673791 1372.6 -1.40958 0.00447297 4134.76 0.485638 0.0996691
532.386 1.95572 2.23518 508.407 1.18509 -0.937332 1144.32 1086.52 0.710594 0.754162 0.78278 0.830033 21.3029 -0.592291 0.220487 1026.59 0.911484 0.0996691
1156.23 1.16272 0.195202 522.157 0.508074 -2.90089 1673.77 1591.5 0.709082 0.70383 0.691876 0.760228 647.847 -2.97859 0.0976787 1663.75 0.411065 0.0996691
960.243 0.636373 -2.00048 908.659 -1.05783 1.41417 2587.58 2510.61 0.670415 0.621176 0.907249 0.863742 209.255 1.43241 0.0141585 2191.24 0.144292 0.0996691
1059.41 0.574787 1.30459 302.078 0.119226 -1.93011 1195.87 956.699 0.660931 0.423129 0.765064 0.724195 752.046 -1.8015 0.0825006 1365.96 0.676938 0.0996691
372.211 -1.04514 0.590797 261.439 0.29158 -2.45817 787.344 685.089 0.753324 0.763095 0.806059 0.715215 94.1136 -2.70967 0.141476 618.265 0.869901 0.0996691
2278.36 -0.173521 -0.822468 2223.8 -0.849619 3.07694 4541.03 3590.93 0.231455 0.44844 0.533548 0.474616 214.093 0.535061 0.708778 6190.4 0.556707 -0.0996691
2268.59 -0.674362 2.42288 1129.38 0.259968 -2.16987 2878.15 2860.05 0.604134 0.559533 0.641161 0.705153 1978.57 -0.258325 0.262953 3839.7 0.768866 0.0996691
469.976 0.576093 -0.666145 447.816 0.56382 2.39526 942.776 865.438 0.792469 0.692964 0.610595 0.803296 35.9164 -2.72848 0.651659 907.719 0.116491 0.0996691
1989.13 0.305055 -1.26067 1109.67 1.17496 2.18716 3235.02 3259.18 0.508674 0.716473 0.374781 0.841975 94.5358 0.552314 0.766553 4254.69 0.840974 -0.0996691
1444.23 0.627355 2.36439 1111.34 -0.595622 -0.530396 3018.31 3014.04 0.183077 0.8028 0.739374 0.740082 31.5828 -1.42726 0.259832 3193.2 0.631977 0.0996691
1100.75 1.31579 0.794558 981.165 -0.362422 -2.61305 2854.86 2838.34 0.401346 0.647924 0.559562 0.861443 78.8299 -2.94297 0.332855 2396.57 0.148919 0.0996691
1084.16 -0.087408 2.13989 592.456 1.17967 -1.30533 1949.55 1875.44 0.710348 0.506361 0.744426 0.857357 775.5 -1.14149 0.160286 2484.9 0.315728 0.0996691
363.853 0.654404 1.81444 301.279 1.3032 -1.41643 727.568 620.296 0.774885 0.77768 0.721045 0.811647 66.8286 -0.669574 0.752532 651.419 0.740904 0.0996691
1492.52 -0.0630367 -1.38052 1466.71 -0.652997 1.78782 3160.7 2554.2 0.53955 0.184325 0.696329 0.877026 47.4076 1.504 0.1394 3051.84 0.12761 0.0996691
716.295 0.622942 -0.0599027 714.992 -0.0654803 -3.1047 1575.56 1291.9 0.562022 0.375455 0.761272 0.679077 22.8536 1.6504 0.171384 1498.7 0.748849 0.0996691
785.469 -0.964116 0.749721 777.668 0.343568 -2.40981 1918.63 1922.42 0.708917 0.611171 0.761876 0.814883 26.3487 -0.75356 1.50377 1570.34 0.0132761 0.0996691
369.133 -1.65991 2.54244 325.015 -2.12437 -0.253263 713.198 658.47 0.505342 0.664085 0.795741 0.781278 50.9979 0.465338 0.371346 1244.29 0.289486 0.0996691
360.821 1.41537 1.30797 358.137 0.711481 -1.84485 784.22 713.76 0.80124 0.674356 0.879717 0.784176 4.97941 2.88593 1.0912 695.078 0.992352 0.0996691
349.651 0.402102 3.10824 335.247 1.5084 1.39329 684.843 593.687 0.605691 0.802323 0.614451 0.77884 176.32 -0.0725635 0.0249962 1136.57 0.566334 0.0996691
1318.47 0.171417 2.02173 1207.97 0.533973 -0.954703 2591.54 2463.51 0.357247 0.661545 0.805066 0.65332 920.121 -2.91402 0.46883 3441.03 0.885885 -0.0996691
724.312 -0.393344 0.218623 677.609 -0.396178 -2.9099 1435.66 1325.28 0.577935 0.595284 0.785699 0.833193 42.5128 -0.470264 0.470037 1766.6 0.498513 0.0996691
1739.65 -0.177553 2.37661 1257.57 -0.276888 -0.783203 3016.73 2733.05 0.723304 0.19142 0.555775 0.720864 105.219 -0.897957 0.108658 3399.2 0.251528 0.0996691
290.312 -0.12947 0.551905 289.807 1.53659 -2.55061 806.791 725.41 0.753792 0.777785 0.780613 0.838194 11.5973 2.41239 1.29781 542.264 0.0105808 0.0996691
297.653 -0.415076 -1.20799 274.207 -0.845803 1.73945 608.547 515.354 0.703628 0.648844 0.748841 0.677248 41.6696 2.75331 1.05899 529.743 0.147479 0.0996691
1254.82 -0.927282 1.09012 682.378 0.0267349 -2.78234 1963.91 1970.56 0.639895 0.641276 0.741647 0.723166 747.07 -1.52414 0.110634 2079.92 0.926823 0.0996691
409.32 -0.178554 -2.13815 388.376 -0.407336 1.0737 807.067 803.084 0.761359 0.670927 0.746272 0.733858 17.129 -0.676132 1.44476 795.628 0.0288404 0.0996691
812.697 1.44787 -0.662825 775.237 -1.09696 2.35358 3059.29 3063.85 0.751171 0.696995 0.84297 0.590063 60.7135 -2.7509 0.254507 1609.5 0.957406 0.0996691
1518.04 0.258874 2.4269 1382.92 -0.142444 -0.887413 3006.97 2754.99 0.45271 0.307277 0.892149 0.806678 136.845 -0.934465 0.0921379 3181.32 0.153327 0.0996691
511.27 1.46294 0.0638717 482.585 -0.203681 -2.98598 1380.2 1274.79 0.849212 0.498526 0.830373 0.703915 40.911 2.1576 0.385031 973.818 0.897162 0.0996691
2108.77 -0.341904 1.2726 1946.79 0.469314 -2.38436 4281.63 4299.03 0.289532 0.564384 0.673962 0.545712 187.049 -1.43218 0.0147599 5409.35 0.58205 0.0996691
3189.84 0.348269 2.88493 1532.04 -0.214971 -0.551262 4721.24 6055.94 0.488065 0.269261 0.613637 0.803679 622.846 -0.369661 0.0114592 6075.52 0.551236 0.0996691
1547.5 0.274419 -1.65255 1105.87 -0.900156 2.06754 3011.37 2952.68 0.520081 0.862155 0.637655 0.726113 94.531 0.555031 0.2636 3860.12 0.196063 0.0996691
2491.7 0.541418 -0.0895683 886.19 -0.47899 -3.02151 3368.15 3392.79 0.303069 0.514017 0.36638 0.757269 1805.81 -3.0931 0.0694244 5300.26 0.153416 0.0996691
1378.92 -1.44517 0.600213 687.198 0.57085 -2.78751 3042.51 2730.84 0.395411 0.674836 0.796731 0.789232 128.623 -1.90782 0.457383 2716.54 0.267593 0.0996691
516.771 -0.479844 0.0335722 404.163 0.915424 -3.08236 1162.34 1058.07 0.789589 0.798103 0.710662 0.628884 105.788 -3.08534 0.0167468 886.964 0.170806 0.0996691
609.199 0.282369 1.14748 518.916 1.61635 -1.33472 1352.11 1317.78 0.712269 0.735502 0.741374 0.791907 56.6343 -2.00798 0.664888 1440.16 0.332818 0.0996691
763.947 1.90271 -2.57041 761.717 -0.0983739 0.542358 2372.14 2317.89 0.549972 0.757013 0.706817 0.778945 18.264 1.80626 1.26034 1529.57 0.0382547 0.0996691
1619.76 0.427063 1.94123 1254.43 -0.535893 -0.620287 3097.29 3066.55 0.298266 0.677816 0.706255 0.699922 248.396 -1.122 0.00359964 4768.59 0.965246 0.0996691
487.149 1.57294 2.7238 375.468 1.1589 -0.416623 899.718 829.461 0.623111 0.785141 0.491443 0.718895 124.101 -0.408784 0.0221093 844.686 0.158115 0.0996691
1524.91 -0.323193 0.776492 1511.11 -0.488769 -2.16517 3040.71 3062.52 0.0707864 0.403317 0.622962 0.768096 69.2061 3.01159 0.67566 3318 0.87083 0.0996691
561.391 -1.01447 2.65918 552.094 0.291077 -0.486081 1383.01 1300.06 0.564404 0.857209 0.954313 0.733241 19.6337 -0.962915 0.121392 1117.25 0.922879 0.0996691
2387.42 0.752463 1.80818 1722.21 -0.456659 -2.39094 4371.1 4424.65 0.40807 0.408267 0.862217 0.504997 81.8048 1.21387 0.592843 6657.04 0.522375 0.0996691
2052.54 -0.320098 -1.50488 1943.53 -0.382209 0.703584 3597.21 3567.22 0.243785 0.730071 0.680222 0.632135 194.425 -1.72538 0.2218 6380.84 0.325904 0.0996691
1851.33 -0.565577 2.68422 1772.13 0.775199 0.183096 4340.49 4311.75 0.506408 0.536235 0.586641 0.517888 430.853 -2.98293 0.0794663 5214.77 0.960474 0.0996691
453.038 0.285745 1.56669 362.442 -0.12631 -1.57173 853.485 738.873 0.753305 0.696762 0.699863 0.836067 91.2434 -1.56468 0.00456953 797.079 0.236523 0.0996691
1981.21 -0.0433462 1.49102 1919.25 0.240594 -2.73224 3403.49 3420.57 0.464761 0.551321 0.731703 0.869042 137.253 -1.71007 0.536258 6275.38 0.972593 0.0996691
1902.16 0.726867 -2.79273 1294.75 -0.0414862 1.78658 2705.66 2620.49 0.521229 0.677258 0.445374 0.719482 63.073 -0.971781 0.397709 5429.54 0.373119 0.0996691
2041.87 0.978818 -1.85115 1673.42 -0.0543173 1.9757 4028.61 4047.38 0.619389 0.476574 0.635657 0.596551 454.217 -1.44748 0.399314 5356.41 0.345075 0.0996691
2019.06 0.496307 -1.50425 1486.96 0.62013 1.48796 3497.34 3424.66 0.578636 0.60693 0.714729 0.77812 109.243 -0.393641 1.09406 4579.92 0.794892 0.0996691
917.315 0.0518147 -2.52446 379.004 1.88223 0.71774 1776.14 1472.34 0.532999 0.753704 0.647826 0.76144 413.693 0.735722 0.0272109 1402.5 0.408117 0.0996691
358.784 -1.06749 1.30511 348.049 -0.00976067 1.74669 450.757 411.823 0.509363 0.751042 0.796689 0.789145 98.593 -1.40746 0.0120039 1322.14 0.253102 0.0996691
263.115 0.245956 -2.35504 253.303 -1.98381 0.830724 882.966 862.849 0.641453 0.770303 0.757262 0.740286 9.966 -0.657172 1.48433 512.873 0.0252887 0.0996691
2573.4 -0.0773877 -0.438643 2571.73 -0.163888 2.85874 5139.53 5212.35 0.472898 0.662164 0.338328 0.602378 67.6871 -0.183132 0.255516 7074.09 0.0777994 -0.0996691
520.434 1.12042 -2.2202 306.631 1.92933 0.842932 886.001 851.995 0.821288 0.504981 0.790409 0.710637 202.139 0.75046 0.0985057 829.548 0.233723 0.0996691
2421.13 -0.659869 1.30162 1920.36 0.286264 -1.46752 4747.75 4800.37 0.273286 0.271326 0.520228 0.804359 533.205 -1.81734 0.34894 5522.45 0.217454 0.0996691
1522.4 0.0800989 0.256146 1394.73 0.54493 -0.984781 1846.72 1864.48 0.167423 0.341504 0.582272 0.428267 1428.78 2.73897 0.117194 3899.68 0.736111 0.0996691
1390.16 -0.167393 -2.15617 1371.38 0.528295 0.90472 2938.57 2951.15 0.220016 0.387119 0.834225 0.69599 81.1663 2.40973 1.50016 3029.65 0.999125 0.0996691
1384.14 0.659598 0.471062 1222.21 0.404146 -2.9413 2627.2 2614.34 0.438699 0.460472 0.675456 0.713529 354.883 -1.5867 0.25472 2967.88 0.30223 0.0996691
2320.63 -0.152918 1.01764 2156.28 0.244927 -1.53781 4394.28 4383.61 0.695561 0.780838 0.787636 0.46801 37.3279 0.644868 0.372869 6438.64 0.956439 0.0996691
1039.76 -1.11078 -3.13191 945.26 0.733081 0.648532 2834.15 2766.8 0.738516 0.267356 0.790781 0.851402 101.616 2.47772 0.669543 2718.26 0.954301 0.0996691
1457.76 0.545506 -2.97175 1379.33 0.241425 -0.0276408 2874.51 2884.15 0.630553 0.524553 0.836873 0.751626 251.084 1.29308 0.172546 2926.89 0.979571 0.0996691
2472.86 -0.568329 2.89659 1227.23 -0.902853 -0.338087 3566.94 3461.13 0.674263 0.658599 0.713593 0.653287 287.081 -0.578955 0.141934 4965.5 0.933771 -0.0996691
385.251 -1.32674 1.82473 369.666 -2.06929 -1.35309 828.523 749.063 0.717324 0.656011 0.782936 0.788151 19.4209 -0.455812 0.851006 739.385 0.025705 0.0996691
472.105 0.206083 0.406293 466.403 0.179807 -2.69154 955.155 912.959 0.700312 0.543456 0.72464 0.745635 20.3447 2.02664 1.54413 932.058 0.995407 0.0996691
1067.32 -0.385645 -2.11128 918.872 1.35504 0.737881 2789.88 2719.12 0.74444 0.804059 0.818265 0.83166 8.64036 -1.298 0.806276 2355.08 0.65832 0.0996691
2285.53 0.100092 -1.84601 2035.55 0.573041 0.180373 3887.4 3849.62 0.243593 0.584611 0.641621 0.692858 750.93 2.14168 0.140133 5991.54 0.504331 -0.0996691
1325.83 -0.237824 0.616608 1204.17 1.06204 -2.14089 3093.25 2598.49 0.132157 0.807851 0.665122 0.817932 368.059 2.64307 0.0479343 2662 0.765034 0.0996691
553.017 -0.993994 -1.14865 524.959 -0.943973 1.997 1111.15 964.606 0.344447 0.677912 0.662015 0.465565 12.2015 1.25467 0.70292 1082.3 0.14988 0.0996691
341.716 -1.56582 1.37336 303.581 -0.792415 -0.895147 650.637 612.699 0.67121 0.656404 0.699774 0.644126 20.3942 0.728154 0.664135 1012.1 0.597946 0.0996691
1387.3 0.643197 0.404161 1044.94 -0.585676 -2.37026 2866.24 2856.17 0.272755 0.737156 0.74656 0.743318 187.169 3.00192 0.296113 2824.51 0.659173 0.0996691
523.995 -0.698785 2.14731 309.652 0.355871 1.90328 547.071 345.417 0.220315 0.575016 0.877523 0.783615 640.962 -1.15588 0.0110086 1099.29 0.268912 0.0996691
420.298 0.0238161 2.63021 407.566 -0.235329 -0.517421 856.757 796.021 0.80063 0.759746 0.775017 0.926293 20.927 0.134093 0.633715 806.968 0.019099 0.0996691
1204.46 -0.681551 -3.07753 1093.52 0.533564 -0.280078 2717.82 2698 0.622015 0.290975 0.702242 0.726001 97.311 1.13829 0.514197 3102.9 0.595218 0.0996691
631.244 -0.12759 2.11774 605.348 1.70899 -1.64711 1774.97 1744.95 0.34928 0.658973 0.712053 0.885191 116.522 1.45144 0.0702852 1699.97 0.877455 0.0996691
336.187 -1.85288 -0.117587 324.459 -2.14056 2.97276 689.511 626.045 0.62121 0.719875 0.798954 0.834223 17.6009 -2.35144 0.391344 641 0.863749 0.0996691
750.148 -1.97577 1.78126 624.36 0.869934 -2.024 2979.34 2976.67 0.422581 0.775969 0.822059 0.725234 346.312 -0.427645 0.0617052 1489.25 0.811567 0.0996691
1241.85 0.0188246 0.420457 1233.55 0.969864 1.45136 1739.67 1750.23 0.673152 0.544488 0.553841 0.828239 130.937 0.348121 0.0726686 4771.63 0.902974 -0.0996691
1853.99 -0.65725 -1.28152 950.026 1.17093 2.5158 3755.59 3771.88 0.262624 0.658324 0.861898 0.779168 245.976 1.89121 0.434037 3894.08 0.469714 0.0996691
1237.67 -0.588134 2.58009 1198.27 -0.0664415 1.25739 1715.28 1568.93 0.429008 0.483917 0.681602 0.68229 1723.84 -1.37715 0.035357 3906.37 0.706442 0.0996691
2029.13 0.564303 -1.99462 1910.31 0.293069 0.384769 3961.11 2858.49 0.398043 0.45484 0.518397 0.772999 205.314 -1.43257 0.336339 5952.16 0.402756 0.0996691
1893.4 1.35392 2.80787 1131.54 -0.236567 0.959903 3564.2 6618.57 0.274317 0.469354 0.490756 0.778016 319.807 0.839066 0.0601421 5127.72 0.527648 0.0996691
2901.06 -0.465278 -2.26708 2774 -0.231164 0.909103 5918.4 4933.4 0.12769 0.391384 0.57183 0.687509 199.9 -1.92705 0.213907 6110.38 0.147508 -0.0996691
1392.56 -1.72077 1.65717 1286.13 -0.424423 -2.12771 3225.08 2849.7 0.198996 0.402475 0.64139 0.683176 162.22 -1.35648 0.560599 3977.15 0.386739 0.0996691
2732.11 0.213468 -3.00828 1776.07 -1.39362 0.196521 5914.82 5964.12 0.632869 0.378747 0.661843 0.650023 811.128 -1.07486 1.27106 5524.77 0.942981 0.0996691
2182.42 -0.160865 1.97077 1860.46 -0.00055306 -1.15424 4059.84 4085.93 0.578531 0.70179 0.659713 0.690615 152.832 -1.91967 0.320696 4342.72 0.984951 0.0996691
1816.34 -0.855253 -0.790909 1353.77 -0.346554 0.628011 2208.56 2224.18 0.104935 0.590583 0.780962 0.685415 437.715 2.89509 0.0108678 5206.58 0.335665 0.0996691
2450.03 0.312278 2.0581 1196 -0.786341 -0.898684 4152.69 827.507 0.0584609 0.219969 0.7995 0.887579 175.824 -0.980989 0.128004 5044.67 0.256827 0.0996691
1233.39 0.72369 0.676915 558.985 -1.25335 -2.28083 2563.56 2537.56 0.577761 0.716278 0.613071 0.765535 154.457 -2.40497 0.116708 2314.13 0.392483 0.0996691
800.553 -1.44056 -0.102585 606.291 1.26589 2.27551 2845.28 1412.65 0.798958 0.556388 0.662792 0.72657 83.252 2.96551 0.311558 1893.81 0.947846 0.0996691
2963.33 -0.416324 -1.09578 2516.78 0.0374654 2.38199 5707.73 4838.1 0.208514 0.441299 0.54801 0.773873 359.966 1.98508 0.399247 6531.78 0.259379 -0.0996691
378.242 -2.08707 -2.2449 335.83 1.23725 1.1666 1963.72 1642.46 0.762044 0.429376 0.773641 0.902034 47.2809 1.25886 0.0235605 798.035 0.236344 0.0996691
3425.58 0.162797 -0.967115 3109.56 0.46022 2.57445 6653.78 6047.76 0.401985 0.324677 0.690959 0.441292 247.707 1.61234 0.0838681 7839.59 0.96232 0.0996691
1182.56 0.669342 1.93302 878.732 0.275485 -1.22242 2098.5 2070.07 0.561487 0.818576 0.697529 0.63886 303.902 -1.18567 0.0289272 2073.01 0.157584 0.0996691
410.506 1.05953 -0.60393 389.029 0.506963 2.6349 851.79 783.889 0.739472 0.60301 0.840639 0.83059 16.6073 1.381 0.78889 774.025 0.888728 0.0996691
1932.73 -0.884552 -1.55021 1849.95 0.731062 1.82192 5076.36 5099.89 0.487934 0.429664 0.650738 0.715932 1019.02 1.44975 0.0908092 5017.72 0.969223 -0.0996691
1928.59 -0.785373 3.0799 1290.9 0.17287 -0.980563 3247.33 3268.48 0.376428 0.324961 0.540912 0.540161 338.366 -1.29436 0.312702 5418.18 0.334135 0.0996691
306.501 -0.787378 0.286215 298.361 -1.34522 -2.84912 646.514 605.156 0.665807 0.714335 0.819655 0.758916 15.9504 1.96831 1.46658 574.508 0.0157803 0.0996691
838.488 0.763093 0.441405 514.432 0.782825 -2.85369 1348.11 1153.99 0.671676 0.398371 0.724179 0.739393 49.4512 -1.6557 0.724218 1758.11 0.951896 0.0996691
1343.02 0.328602 2.57785 782.081 0.966833 -0.208004 2139.96 2139.43 0.698954 0.305121 0.704658 0.476056 38.5483 -1.01687 0.249096 3036.54 0.448327 0.0996691
817.558 0.839851 0.776069 408.248 -1.15334 -0.290753 1532.87 931.515 0.355852 0.695621 0.700345 0.675928 807.827 -2.60547 0.0902474 1592.42 0.517945 0.0996691
825.032 1.07983 0.850869 819.854 -1.33335 -2.62938 2999.25 2761.11 0.301619 0.806365 0.485608 0.864797 46.6623 2.80116 0.842711 1948.95 0.721807 0.0996691
299.953 -0.461391 2.69295 256.211 -0.899225 -0.546103 586.824 481.755 0.757015 0.629875 0.730297 0.59054 52.8637 -0.517335 0.0290419 542.309 0.180035 0.0996691
2134.25 0.0187951 0.787844 1309.43 0.0355915 -1.55729 3103.65 3064.44 0.528029 0.597275 0.396161 0.526373 252.758 -2.50121 0.136503 5430.7 0.96248 0.0996691
300.237 0.178223 0.861574 296.372 -1.60322 2.19446 729.103 625.854 0.623035 0.847935 0.542617 0.736469 476.273 -1.16585 0.0185229 1049.76 0.710743 0.0996691
1771.19 1.31275 2.17962 1443 -1.12949 -1.55751 5933.73 4865.68 0.30966 0.391948 0.739232 0.57329 185.272 0.923514 0.344851 4428.21 0.573656 0.0996691
378.836 -0.316633 -1.77069 348.673 0.791793 1.29024 859.606 768.062 0.685077 0.577062 0.714171 0.837742 15.7419 0.923782 0.0769601 727.936 0.831631 0.0996691
539.445 1.05824 1.49862 490.966 1.69563 -1.50983 1106.58 1057.56 0.672621 0.696001 0.72933 0.577911 88.8827 -2.60308 1.08819 1039.5 0.0860068 0.0996691
279.549 -0.824884 -3.01867 267.116 -1.38209 0.10252 590.836 511.795 0.687747 0.767301 0.738667 0.722454 8.54616 -1.3314 1.18354 519.662 0.983646 0.0996691
460.126 0.288727 2.47753 347.251 0.883411 -0.6924 855.829 778.143 0.77831 0.643072 0.729982 0.679796 111.572 -0.574418 0.167349 775.657 0.151022 0.0996691
2223.31 -1.1356 2.44356 1168.06 1.72507 -0.187945 7171.82 6436.32 0.269316 0.779377 0.761579 0.74643 231.465 -1.35012 0.242833 4555.35 0.326385 0.0996691
1426.39 -0.896421 0.0862235 1166.81 -0.050849 3.03244 2828.76 2778.68 0.51935 0.76119 0.57734 0.686716 165.724 -2.15695 0.582166 2898.25 0.914079 0.0996691
1895.11 -0.114824 -2.60729 1563.79 -0.424153 -0.779628 2888.41 2723.78 0.400196 0.286806 0.59019 0.773166 730.13 1.36229 0.107892 4960.39 0.674119 0.0996691
1100.87 0.579379 2.2486 1015.15 1.23854 -0.851816 2288.83 2084.88 0.616056 0.450008 0.788863 0.654787 85.4613 -1.35908 0.145338 2162.06 0.765598 0.0996691
607.625 1.98663 1.11784 463.865 -0.74589 -2.73045 2191.56 2198.88 0.534988 0.712959 0.742945 0.755017 3.82468 1.57669 0.467748 1467.48 0.469493 0.0996691
321.383 -0.0805423 -0.735222 296.307 1.14007 2.55194 754.169 681.315 0.749307 0.616042 0.71945 0.868698 48.0659 1.43879 1.11309 604.184 0.0814608 0.0996691
540.634 -1.92588 -1.14494 530.777 -1.57394 1.9558 1106.83 1069.47 0.611154 0.669985 0.879873 0.798619 38.8415 -2.87205 1.47137 1044.24 0.0507804 0.0996691
811.299 -1.67328 0.0779892 712.169 0.910294 2.91669 2975.37 2947.35 0.558346 0.692422 0.707447 0.682779 100.106 -1.87228 0.38351 1654.49 0.756173 0.0996691
357.722 -1.78303 0.3334 294.4 0.584789 -3.11428 1164.31 1118.59 0.675175 0.766782 0.846191 0.813213 39.1103 -3.1275 0.0139899 766.219 0.173834 0.0996691
2211.19 -0.287254 0.288562 1989.02 -0.581456 2.54601 3854.51 3896.51 0.544173 0.308297 0.822188 0.525479 136.202 -0.829071 0.715313 6093.3 0.583032 -0.0996691
2577.1 0.761298 2.35187 1351.89 0.559726 -1.94043 3177.79 3170.51 0.443633 0.617219 0.874515 0.696477 927.48 -0.0579595 0.0006232 5494.95 0.984287 0.0996691
2087.39 1.17654 -3.09462 2030.65 -0.659056 0.138667 6180.07 5230.63 0.343237 0.133151 0.531717 0.62496 57.4393 -1.00936 0.146445 4401.98 0.961152 0.0996691
616.464 -0.0917279 1.60499 418.377 0.541011 -1.53184 1092.36 957.624 0.565989 0.818004 0.756878 0.800184 35.8905 -1.40676 0.123666 1229.63 0.118686 0.0996691
953.14 -0.0643586 2.41969 923.498 -0.680933 -0.919426 1975.22 1945.02 0.716776 0.54221 0.835762 0.841069 78.6845 0.995194 0.689154 1983.64 0.938502 0.0996691
3662.36 -0.658419 1.36453 2046.59 0.155445 -2.08335 6075.23 5413.08 0.0919548 0.406812 0.680078 0.228937 1093.69 -1.90011 0.183239 6992.16 0.20868 0.0996691
614.575 1.34759 -2.22623 555.78 0.790491 0.852567 1247.18 1160.61 0.609195 0.621443 0.795126 0.78238 76.0228 1.10909 0.230621 1152.43 0.0902221 0.0996691
974.353 0.711967 -2.21924 759.911 1.31108 1.37176 1797.04 1717.55 0.791567 0.771164 0.823766 0.707931 379.607 0.0916745 0.0453121 1807.71 0.9358 0.0996691
775.078 0.687729 -2.00948 667.412 2.20467 1.2147 1961.95 1383.11 0.125132 0.736274 0.83474 0.817565 28.6993 1.20332 0.00960004 1559.04 0.32575 0.0996691
2683.32 0.772369 -1.05756 2199.18 0.672892 1.9425 5048.77 3954.05 0.0835183 0.394989 0.781047 0.913296 107.745 2.97599 0.395762 5604.63 0.386893 0.0996691
1961.52 0.149542 -0.671293 1741.5 -0.970818 -2.59644 3751.14 3757.68 0.618418 0.590538 0.566377 0.766379 492.56 2.32402 0.0242813 5772.89 0.938741 0.0996691
540.213 -0.0222672 -0.0430735 440.178 0.904569 -1.96989 970.734 742.08 0.792505 0.450568 0.868462 0.762266 123.867 1.91589 0.352147 1525.18 0.240842 0.0996691
932.961 -0.998156 2.55045 836.581 0.143852 -0.981632 2073.48 1938.36 0.551431 0.713828 0.676184 0.68786 225.113 0.916969 0.0157021 2950.38 0.146507 0.0996691
544.196 0.242735 -1.28223 364.948 1.97111 1.07368 1217.08 1160.44 0.798589 0.676504 0.832261 0.698493 356.52 2.54385 0.438525 1193.69 0.283857 0.0996691
363.545 -0.51276 -0.992518 354.048 -1.26147 2.20344 784.596 739.73 0.670426 0.565534 0.821604 0.7689 26.3358 0.724114 1.4771 686.103 0.0310911 0.0996691
2571.18 -0.489939 -2.98254 1705.28 -0.302971 0.590432 4479.7 2931.09 0.0524719 0.611189 0.686979 0.791602 228.303 -2.28059 0.217332 5947.04 0.0947399 -0.0996691
1667.38 -0.653949 -1.03416 254.474 -1.12223 1.29114 1311.79 382.365 0.277065 0.786176 0.741285 0.876238 1367.38 2.31435 0.794517 2146.3 0.756232 0.0996691
1393.24 1.02804 1.45306 1103.25 0.608759 0.23755 1602.49 3044.7 0.647335 0.358245 0.722725 0.84112 52.7439 -2.31626 0.0328779 4568.11 0.947515 -0.0996691
453.344 1.68148 1.50252 253.61 -1.45442 0.243858 1608.78 1608.2 0.602144 0.623852 0.700265 0.820266 383.262 -2.2814 0.0267191 919.388 0.679023 0.0996691
1583.89 -0.332522 3.12708 932.375 0.0500961 0.0523694 2540.62 2173.12 0.325702 0.731421 0.565771 0.721924 689.768 0.0786346 0.0309912 2651.22 0.37601 0.0996691
791.856 1.22554 2.57298 421.756 -1.96581 -1.00107 2960.27 2910.61 0.501949 0.717023 0.857748 0.804922 406.154 -0.181109 0.136087 1255.92 0.922972 0.0996691
556.3 -1.39953 -0.378722 544.155 -0.212135 2.7174 1321.83 1170.28 0.638269 0.782792 0.763269 0.641361 32.7337 -2.46871 1.09451 1070.06 0.111285 0.0996691
622.359 1.00934 2.63853 381.343 2.98448 -0.235164 1496.76 1422.6 0.533306 0.699265 0.855243 0.62761 55.1988 1.38023 1.25777 1319.95 0.94346 0.0996691
1544.79 -1.20426 -3.12115 1253.68 -0.353788 0.177471 3054.62 3019.66 0.599621 0.630888 0.377993 0.781456 283.036 -0.582671 0.152277 2883.72 0.258213 0.0996691
1048.42 -0.821231 2.16895 763.816 1.83269 -0.966101 3650.26 2673.57 0.670222 0.526627 0.724428 0.574828 23.3519 1.50706 0.668288 2126.86 0.581428 0.0996691
1689.81 0.234429 -2.71168 949.508 0.625323 0.0593566 2553.15 2495.64 0.372586 0.708319 0.736282 0.681592 446.421 0.231805 0.192178 3240.02 0.358171 0.0996691
2376.26 0.366656 -1.01462 1823.4 -1.5238 1.98186 6194.75 6153.96 0.607024 0.146357 0.399253 0.753668 165.71 -2.16995 0.169662 5692.54 0.294064 0.0996691
1699.56 -1.0229 -2.17695 374.21 -0.0172166 1.01897 1815.79 1742.99 0.305111 0.633726 0.669209 0.632309 1307.21 0.950839 0.0845351 2097.97 0.671483 0.0996691
3719.59 -0.0788245 0.874937 2738.73 -0.45185 -2.83064 6267.16 6346.98 0.321258 0.548596 0.552518 0.753212 404.201 -2.8299 0.00070858 8561.27 0.314398 0.0996691
468.443 -0.675153 -3.09342 455.273 -1.7269 -0.787786 1029.96 1049.46 0.786399 0.379533 0.660324 0.742501 31.45 -0.733251 0.0744852 1280.7 0.529104 0.0996691
1727.86 -0.762928 -0.726936 1525.57 0.0265626 2.53168 3540.62 3450.53 0.855225 0.695561 0.882507 0.862364 53.8145 -0.486347 0.011541 4644.03 0.956348 0.0996691
440.683 1.43883 -2.01593 422.475 1.57321 1.27452 905.418 766.406 0.603044 0.4917 0.647607 0.78225 9.97271 1.03341 0.100615 914.692 0.887618 0.0996691
2608.17 -0.0235726 1.87487 519.31 -2.05203 1.08834 2934.15 2943.14 0.330207 0.575891 0.77138 0.821666 2657.68 -1.3885 0.152484 3476.59 0.853716 0.0996691
2089.64 -0.131721 -1.66176 1710.34 -0.828921 1.35174 4084.13 3583.14 0.263818 0.605211 0.685823 0.418977 267.599 2.53288 0.00113654 4631.14 0.349377 0.0996691
2361.53 -0.676106 1.43503 2131.82 0.579543 -2.26902 5450.94 4292.88 0.663852 0.139238 0.778975 0.522932 190.246 -1.74333 0.0994514 5952.71 0.524391 0.0996691
3212.99 0.191912 0.658074 2703.82 0.890909 -2.65724 6298.17 6356.5 0.286893 0.268937 0.750874 0.636444 363.008 2.50287 1.11991 6922.47 0.863114 0.0996691
1222.73 -0.494083 1.04556 587.02 2.62976 -2.15017 4227.27 1662.14 0.735163 0.556801 0.633322 0.57722 38.3775 1.21666 0.172558 2557.4 0.387295 0.0996691
2501.95 -0.785461 0.139413 2165.02 -0.570644 -3.07408 4988.58 3166.89 0.162981 0.361746 0.548115 0.748473 96.3952 2.9869 0.0317028 5049.52 0.357363 0.0996691
565.252 1.16408 2.23417 563.603 1.07794 -0.845218 1142.95 1128.95 0.727025 0.688589 0.681852 0.788149 33.2956 -2.33483 1.49992 1122.91 0.0376986 0.0996691
1451.47 1.35494 2.56949 1108.16 0.438937 -0.63975 2820.91 2818.74 0.209426 0.66777 0.748552 0.579734 329.71 -0.329887 0.146177 2588.56 0.970252 0.0996691
1518.05 0.164011 -1.30122 1313.12 -0.048963 1.79561 2881.75 2617.58 0.411538 0.294473 0.622594 0.819421 161.576 0.407873 0.0601467 3243.42 0.798299 0.0996691
1227.22 1.59758 -1.33148 1123.3 0.226316 1.54238 2912 2946.79 0.472444 0.548588 0.290976 0.673398 746.229 1.52709 0.0161018 3750.88 0.140507 0.0996691
1621.75 0.418061 -2.56937 994.726 -0.212246 0.313044 2674.72 2583.84 0.62565 0.536684 0.637209 0.340736 75.7966 0.49097 0.170955 3274.89 0.277616 0.0996691
2272.06 -0.470857 -2.66382 1631.9 -0.218729 0.796164 4154.27 2773.68 0.0567514 0.261683 0.868852 0.783127 168.538 -2.04717 0.346983 5092.46 0.158837 0.0996691
1275.61 -0.530972 -1.73131 958.453 -1.48964 0.836022 2400.48 2407.26 0.721539 0.654261 0.73469 0.53025 253.555 0.613635 0.217446 3840.64 0.317497 -0.0996691
1252.32 -0.537485 1.67988 797.144 1.0028 -1.63451 2630.52 2624.63 0.50361 0.374404 0.924071 0.691392 236.403 -1.70074 0.0673515 2363.44 0.229271 0.0996691
2198.69 -0.166056 -1.93119 1563.31 0.961951 0.831754 4291.8 4203.69 0.801221 0.62307 0.610732 0.686145 369.531 -1.75248 0.18649 5100.99 0.843746 0.0996691
1447.21 -0.15542 1.78203 379.447 0.0985163 -1.31493 1510.38 1474.39 0.647674 0.774952 0.668454 0.66611 1006.36 -1.28548 0.00260437 1958.86 0.596516 0.0996691
1985.37 0.249741 -2.23606 1816.75 0.927457 -0.444543 3249.94 3283.35 0.757829 0.377541 0.710403 0.770116 322.738 0.253421 0.699375 6520.7 0.626321 0.0996691
1486.12 1.2419 -2.40608 1237.55 0.414087 -0.366285 2664.42 2465.84 0.170796 0.386116 0.482812 0.751292 866.198 1.7161 0.139542 4083.9 0.839392 0.0996691
1530.04 -0.546813 -1.27267 1529.91 -0.560509 1.6345 3056.37 3015.27 0.636876 0.76783 0.776724 0.710145 262.339 2.47825 0.11368 4859.28 0.149456 0.0996691
2034.51 0.74932 -0.914184 1158.31 -0.0223554 1.72938 3369.02 2451.71 0.164168 0.535136 0.731333 0.607649 17.7086 -1.80606 0.313734 4634.11 0.863707 0.0996691
2172.94 -0.770454 -0.858445 1887.33 -0.23676 3.09532 3907.32 3959.13 0.281559 0.750893 0.589841 0.72205 125.597 0.974055 0.335781 5636.84 0.63349 -0.0996691
2205.91 -0.0613187 -1.0047 1429.04 -0.582532 1.38591 3547.2 3628.78 0.596026 0.155974 0.707986 0.678509 195.331 -1.2545 0.254502 5749.61 0.520892 -0.0996691
476.68 -0.0402329 1.45501 474.513 -0.627216 -1.74121 1004.47 993.576 0.644629 0.709266 0.698883 0.761316 18.8287 -0.337482 1.39685 971.895 0.900798 0.0996691
1488.95 0.123842 0.0594286 278.934 0.675628 2.2585 1223.52 1193.55 0.201993 0.678816 0.614203 0.667572 1220.22 -2.9251 0.0342598 1865.54 0.87685 0.0996691
2406.11 -0.0244112 1.17446 1483.02 0.668707 -2.35245 3961.24 3978.3 0.419303 0.473317 0.743965 0.809911 688.821 -2.34771 0.0011394 5336.91 0.30056 0.0996691
413.506 0.824998 0.182626 257.882 1.19652 2.85389 660.428 619.904 0.696276 0.653009 0.828866 0.749922 7.70888 2.04488 0.816744 843.542 0.87853 0.0996691
2638.13 -0.307359 0.594741 1728.77 0.537775 3.07701 4609.9 2266.96 0.0969594 0.527103 0.842302 0.772434 81.567 2.3475 0.730995 6201.99 0.766717 -0.0996691
2201.81 0.444441 -0.0698289 1182.57 -0.779483 -2.2618 3576.63 3540.78 0.665705 0.666047 0.758647 0.857461 47.4207 -2.08363 0.166848 5372.55 0.585334 -0.0996691
1746.24 -0.52848 1.61361 1260.98 0.0361305 -1.22988 3065.81 3084.73 0.340562 0.578912 0.859456 0.875232 643.628 -2.13113 0.164048 3056.02 0.9777 0.0996691
1450.22 0.0449455 2.25826 1272.38 -0.967893 -0.75863 3082.3 3092.83 0.747035 0.58681 0.576135 0.64682 172.765 -1.12542 0.371297 2875.27 0.0942346 0.0996691
472.921 -0.770147 1.24416 460.098 -0.840014 -1.83774 942.156 933.415 0.714034 0.510082 0.776073 0.822634 33.9544 3.07004 1.37582 929.325 0.0277329 0.0996691
1715.05 0.37847 1.72778 1164.05 -0.253884 -1.74582 2938.03 2973.52 0.506278 0.467238 0.43706 0.498879 268.912 -1.30098 0.444821 3426.41 0.249858 0.0996691
461.084 -0.470523 1.53535 449.669 0.0301545 -1.52855 955.685 917.992 0.741098 0.682746 0.65273 0.692416 27.729 -2.89941 1.3594 885.464 0.0398089 0.0996691
456.225 0.432214 -2.09615 321.681 1.0389 0.997932 816.582 751.346 0.70781 0.654669 0.691482 0.912491 143.951 1.15221 0.162596 772.963 0.905983 0.0996691
2809.11 -0.1411 2.76462 2343.13 1.02998 -0.500369 6036.31 6085.68 0.586381 0.44578 0.752416 0.796195 109.499 -0.832565 0.330714 7333.75 0.112707 0.0996691
744.547 0.331649 -2.7801 741.867 0.0597294 0.447869 1520.43 1486.59 0.637033 0.775976 0.719619 0.756362 57.0347 -0.93048 0.626902 1525.51 0.0394576 0.0996691
1706.92 0.126395 1.34787 1696.31 -0.0388533 -1.92124 3480.42 3183.31 0.283973 0.550329 0.716136 0.683743 219.466 -0.359918 1.34456 3448.54 0.738108 0.0996691
2379.46 0.692623 0.546939 1886.49 -0.150899 -2.77132 4724.37 2849.06 0.074689 0.610895 0.679887 0.58808 935.968 2.74891 0.277158 6477.04 0.963367 0.0996691
1414.03 -0.358363 1.15143 1116.88 -1.03514 -2.20704 2663.5 2654.1 0.665591 0.713215 0.542304 0.640277 247.313 -2.11293 0.094409 2856.82 0.149784 0.0996691
666.983 0.806467 -1.71832 542.016 1.01823 -2.796 660.248 643.322 0.781151 0.795146 0.713089 0.819512 993.933 1.08944 0.028182 1502.32 0.536613 0.0996691
730.744 -0.0105705 -0.669561 706.576 -0.245388 2.48279 1458.9 1447.42 0.717934 0.456668 0.724502 0.72895 352.311 -0.632851 0.0319477 2398.75 0.0152389 0.0996691
1252.02 -1.5776 -1.15921 992.62 1.12653 2.34092 4583.65 4637.12 0.230672 0.652315 0.74051 0.5443 178.346 1.87283 0.468013 3263.22 0.212376 0.0996691
364.608 -2.08121 -0.303969 345.174 -0.714898 2.49364 895.744 767.588 0.39398 0.46178 0.679734 0.681425 21.5534 0.818411 0.372467 854.521 0.450894 0.0996691
1219.79 0.534008 2.97135 1017.97 -1.60444 -0.153498 3709.15 2691.76 0.423854 0.379597 0.730285 0.649413 198.551 -0.199397 0.031452 2250.5 0.115212 0.0996691
602.957 -0.448745 -0.00376175 483.339 -0.164028 2.93288 1116.23 1039.02 0.76749 0.760507 0.804767 0.872404 3.4066 1.37256 0.0945848 1359.29 0.787478 0.0996691
2054.6 -1.29974 0.355989 1569.34 0.428817 2.03773 4431.1 4470.23 0.424009 0.46013 0.636672 0.467472 1286.6 -2.37268 0.0922911 5068.71 0.978032 0.0996691
1566.12 -0.0177173 -2.91328 1513.78 -0.523289 0.45086 3292.61 2682.03 0.399164 0.236086 0.420475 0.86152 310.406 -1.01137 0.852722 3172.86 0.992732 0.0996691
2346.52 1.02792 3.06036 2313.21 -0.0505316 0.145556 5367.38 5341.22 0.193151 0.625041 0.737191 0.25844 234.989 0.0216763 0.147218 6419.69 0.125141 0.0996691
1073.28 -0.0956838 -0.737951 389.528 1.04331 -2.25867 1234.98 1126.31 0.82964 0.708991 0.686118 0.744495 959.864 1.96499 0.0452534 1789.4 0.77788 0.0996691
315.198 -2.26055 1.99673 259.445 -1.93674 -0.957108 582.4 566.905 0.741597 0.559167 0.825883 0.672534 17.4569 -1.63061 0.310077 613.563 0.758035 0.0996691
291.633 0.290755 -2.25142 278.779 -1.68115 0.963044 880.013 813.159 0.676178 0.565583 0.650679 0.70808 19.4313 -0.383869 1.35299 552.272 0.0494097 0.0996691
2215.29 -0.842897 -1.59903 1740.89 -0.310222 1.7375 4100.5 4053.42 0.183878 0.435574 0.859256 0.738134 1034.08 1.7956 0.0560892 4751.62 0.169286 0.0996691
458.658 -0.522708 0.661598 287.166 1.21242 -1.79477 997.223 965.794 0.721285 0.56866 0.842357 0.702262 31.1127 -1.79898 0.0142546 993.037 0.389974 0.0996691
562.835 1.31244 -2.85602 289.248 0.953901 0.403059 837.119 800.942 0.774394 0.731346 0.7786 0.694799 282.765 0.215306 0.237419 860.352 0.358322 0.0996691
332.782 2.10587 1.4629 289.794 -1.32309 -1.64379 1789.98 1514.33 0.76237 0.711926 0.654192 0.720043 49.7246 -1.77282 0.0855932 584.538 0.769586 0.0996691
641.223 -1.9255 1.88592 527.417 -0.247862 2.53907 1210.56 861.073 0.556551 0.426457 0.530446 0.804091 820.566 -0.980094 0.0136992 1451.04 0.168314 0.0996691
1960.91 0.034773 -1.34297 1152.37 -0.663213 1.20365 3074.6 3090.2 0.728924 0.587173 0.841528 0.704684 93.2471 1.32454 0.120248 4521.07 0.387509 0.0996691
1095.69 0.103191 -1.47263 277.736 -2.0388 2.20079 1785.24 1771.07 0.603597 0.271529 0.647632 0.688804 628.022 1.52764 0.0600104 1661.24 0.771712 0.0996691
2165.88 0.0670805 -0.256984 1503.42 -0.207794 2.79778 3659.9 3658.17 0.448142 0.67038 0.715646 0.675684 96.5122 0.42004 0.642787 4570.62 0.795509 0.0996691
1576.21 0.629258 -2.89841 1289.9 -0.108867 0.322836 3067.57 3032.22 0.635317 0.753946 0.770101 0.659217 36.3267 1.60093 1.10786 3216.79 0.946064 0.0996691
757.767 -0.659137 -1.44822 750.726 -0.0346126 1.69254 1595.14 1583.04 0.644714 0.641729 0.865213 0.823538 9.61243 0.244115 1.44083 1506.8 0.0109538 0.0996691
562.892 -1.46342 0.736271 259.781 2.63539 -2.96757 3012.31 2998.55 0.399538 0.341693 0.479065 0.67943 536.578 -2.01829 0.273573 1069.24 0.694261 0.0996691
957.809 -0.315707 0.656903 475.415 -1.26338 -2.08366 1513.74 1442.53 0.526201 0.812238 0.755758 0.697138 417.089 -2.07515 0.025044 2320.24 0.114532 0.0996691
1721.07 0.517094 -2.7468 1523.25 0.876813 1.0775 3147.85 3085.2 0.386204 0.474071 0.654437 0.82779 203.08 -1.50778 0.206332 5293.37 0.869341 0.0996691
1592.19 -0.0319595 -0.474756 1156.66 0.543923 2.32291 2802.56 2819.79 0.520021 0.325096 0.745517 0.824069 211.111 2.65053 0.327327 3265.9 0.233535 0.0996691
1475.82 0.347794 -3.05151 293.191 0.780426 -0.0212884 1354.69 1320.94 0.0933253 0.749653 0.75992 0.682552 902.983 0.0139686 0.0510922 2092.43 0.690909 0.0996691
1442.82 -0.898937 -2.54032 1391.56 -0.661463 0.744749 2857.64 2880.14 0.610807 0.586731 0.809167 0.710241 282.102 0.649305 0.00557619 3928.89 0.569002 -0.0996691
1514.83 -0.254308 1.48235 1193.79 -0.232177 -1.53324 2701.95 2717.73 0.32925 0.599769 0.715929 0.816255 289.158 -2.04609 0.144964 2801.78 0.918683 0.0996691
275.835 -0.88827 -2.53623 256.611 -1.82362 0.639567 611.395 540.518 0.826275 0.690323 0.69184 0.701694 20.0516 -0.87942 1.45504 511.432 0.981441 0.0996691
1891.34 -0.184771 1.57333 861.509 -1.35321 -1.99998 3158.57 799.361 0.109619 0.736209 0.641235 0.712272 386.306 -0.877802 0.45106 3599.48 0.270745 -0.0996691
1756.36 -0.259426 2.41614 993.263 0.529632 -0.225213 2793 2710.08 0.633365 0.700264 0.752083 0.737611 1090.48 -0.938028 0.0615458 3099.94 0.960142 0.0996691
661.714 -1.05829 -0.575701 508.097 -1.9296 -2.32134 1065.07 920.011 0.790407 0.491024 0.76363 0.619169 182.545 1.18502 0.16617 2093.13 0.23377 0.0996691
370.301 0.0479697 1.1366 346.771 -1.97974 -2.11281 1135.41 1062.13 0.676491 0.784959 0.778501 0.78931 17.7933 -1.91716 0.209234 751.293 0.0792686 0.0996691
312.887 1.74657 1.64688 282.605 -1.03828 -2.04806 1268.81 1202.09 0.629162 0.503322 0.736656 0.774688 12.8755 -1.12951 0.56817 782.031 0.858857 0.0996691
2396.92 -0.0371061 -2.32569 2081.16 -0.17137 1.52023 4403.4 3626.45 0.281367 0.448417 0.578861 0.76315 219.587 -1.32989 0.39872 6217.53 0.523893 -0.0996691
2431.22 -0.801196 0.417656 1200.74 1.7305 -1.82537 6377.8 6436.72 0.637906 0.786956 0.396236 0.626673 529.041 -3.05255 0.0360539 5405.95 0.940808 0.0996691
520.473 -2.36847 1.87187 518.3 -0.508663 -1.27987 1571.34 933.707 0.405311 0.775509 0.79599 0.735503 16.1799 1.46902 0.02948 1067.97 0.329952 0.0996691
1477.85 0.37211 -2.45883 1140.46 -0.444111 0.370578 2805.11 2790.52 0.70143 0.714997 0.730868 0.713876 32.2671 -3.13963 0.681049 3138.73 0.202707 0.0996691
1424.77 -0.175162 0.761339 1202.95 -0.577584 -2.4303 2798.34 2204.44 0.295617 0.510052 0.774614 0.811194 177.329 -1.72806 0.703206 2771.21 0.119746 0.0996691
532.545 0.0130543 2.8885 255.979 1.90565 0.0320723 1108.94 1035.88 0.717091 0.655076 0.77982 0.698991 58.5075 0.113019 0.0636434 1031.63 0.399408 0.0996691
2760.15 0.800509 -1.30831 2230 0.42482 1.63159 5383.52 3652.68 0.172772 0.322665 0.525311 0.626904 692.58 2.47699 0.0681729 5226.3 0.610297 0.0996691
1363.27 -0.84137 -2.85758 1312.13 -0.297046 -1.29654 2068.08 1934.32 0.668681 0.554797 0.794964 0.633618 1074.6 1.22254 0.13711 3584.61 0.946653 -0.0996691
1679.27 -0.385781 -1.98599 1224.34 0.119309 1.81794 2939.08 2041.66 0.334659 0.295543 0.658395 0.619802 921.764 0.0543497 0.0349004 3754.97 0.811284 0.0996691
523.308 -0.658665 -2.15528 357.658 -0.510248 0.577473 860.595 829.531 0.710324 0.720518 0.646144 0.701661 15.2819 -1.43214 0.326582 1269.56 0.789994 0.0996691
1352.4 0.415692 -2.22658 1174.3 -0.151282 0.574654 2609.67 2537.68 0.629499 0.505769 0.737651 0.706203 497.164 0.774563 0.180447 4040.62 0.190259 0.0996691
1149.3 0.568181 -0.513123 1107.96 -0.682026 2.51862 2769.15 2499.89 0.66054 0.343404 0.886465 0.543152 21.7579 0.257388 0.0951096 2691.12 0.152456 0.0996691
1997.28 -0.794409 3.01641 1788.67 -0.465053 -0.764647 3781.46 3019.23 0.28392 0.712276 0.823424 0.809579 765.554 -0.892361 0.110307 5418.06 0.392005 -0.0996691
1255.11 -1.081 0.948935 349.718 0.493838 -2.49003 1761.22 1685.26 0.634754 0.650265 0.821467 0.726924 754.356 -2.3208 0.204737 1863.98 0.603504 0.0996691
1809.84 0.0978575 2.11927 979.453 0.962671 -0.917809 2981.11 2782.46 0.236227 0.499997 0.545531 0.788529 844.418 -1.1382 0.0285674 2816.97 0.849126 0.0996691
2534.59 0.78146 -0.451533 2471.61 -0.520157 -2.85404 5924.87 5344.25 0.0847707 0.304663 0.69524 0.497789 311.662 1.57722 0.0736421 6664.23 0.98621 0.0996691
1247.9 0.624975 2.22021 788.572 -0.204768 -0.096283 2054.23 1663.09 0.735367 0.333438 0.742346 0.908395 559.408 -1.91323 0.110854 2940.4 0.505757 0.0996691
552.012 -0.649176 -1.65474 414.466 1.73617 1.67495 1726.92 1703.4 0.281466 0.675355 0.750178 0.681872 396.289 1.94635 0.277265 1358.48 0.36333 0.0996691
2704.43 -0.0369224 -2.2814 2120.76 -0.593912 1.04458 5140.61 4129.5 0.411097 0.391791 0.644344 0.709705 270.55 -1.80244 0.100245 5901.44 0.217116 0.0996691
1498.34 0.80121 -0.963751 1378.15 0.324743 2.28186 2968.65 2974.43 0.620027 0.470254 0.418163 0.633242 740.037 2.304 0.0203798 3970.87 0.0701817 -0.0996691
1330.08 -0.29984 2.32295 1151.38 -1.83279 0.195559 3018.88 3037.75 0.621529 0.173404 0.61306 0.810132 37.3915 -1.77883 0.34793 3941.82 0.324484 0.0996691
1179.79 1.26639 2.32878 1058.93 -0.00136095 -1.01842 2710.18 2666.56 0.556542 0.756045 0.75342 0.802879 160.772 -1.02403 0.00807345 2489.01 0.12441 0.0996691
359.252 -0.15907 2.08977 352.882 1.60468 -1.0843 1041.01 823.727 0.703638 0.519498 0.713366 0.813998 21.3701 -0.644129 0.298673 732.468 0.538769 0.0996691
430.053 2.01808 -2.85834 367.729 -2.27578 0.218528 3457.83 2623.35 0.429439 0.572174 0.71499 0.697496 62.5089 -0.167841 0.370197 843.921 0.0693721 0.0996691
2534.71 -0.088094 -1.30666 1418.84 -1.13106 2.33455 4379.55 2862.99 0.131692 0.6109 0.757728 0.720999 606.202 2.57535 0.153425 5463.55 0.964646 0.0996691
529.024 0.338996 -0.136956 525.036 -1.36835 3.09131 1471.52 1466.57 0.576582 0.532162 0.551932 0.849978 33.1035 1.46084 1.59737 1051.66 0.0424032 0.0996691
999.811 -0.880573 -1.30118 808.489 1.32775 1.98786 3013.6 3025.19 0.585325 0.747628 0.67484 0.692523 57.4035 0.2482 1.39166 2013.42 0.9904 0.0996691
890.802 -0.168935 -2.69782 863.939 -0.637801 0.447646 1829.45 1783.96 0.830715 0.613427 0.721833 0.541988 22.177 0.105791 0.245349 1753.41 0.937965 0.0996691
420.833 -0.674801 0.969715 314.749 -0.17359 -2.27575 768.127 724.719 0.702721 0.667786 0.755108 0.671266 113.301 -2.35622 0.0476046 754.495 0.158582 0.0996691
2189.92 -0.616387 1.86195 1527.23 -1.23332 -0.894301 3777.05 3820.76 0.467962 0.763324 0.788685 0.784725 271.042 -1.43184 0.0997372 4596.74 0.734488 0.0996691
279.413 -0.380074 0.45151 272.501 0.712237 -2.55457 647.02 632.06 0.591761 0.441796 0.448153 0.756717 23.2858 2.41501 1.31117 544.104 0.04173 0.0996691
1130.81 0.0343089 0.0239475 1063.26 -1.67974 2.77781 3048.34 2820.62 0.315652 0.468075 0.672926 0.604234 57.3599 -2.58299 0.501469 2590.16 0.964063 0.0996691
367.788 1.29585 -1.24113 284.768 0.121754 1.13536 738.333 650.665 0.875237 0.611391 0.724636 0.589259 20.0145 1.21351 0.0753186 948.103 0.41402 0.0996691
1490 -0.175841 -0.500252 1467.96 -0.537198 -2.24141 2336.45 2367.31 0.630122 0.277315 0.616408 0.307096 120.572 -3.08564 0.844669 4911.21 0.64455 0.0996691
931.622 1.06877 -0.400478 910.312 -1.20981 2.80173 3182.67 3123.67 0.482733 0.810103 0.668375 0.885891 52.7924 1.24291 1.55871 1824.37 0.0436498 0.0996691
1199.49 -1.12715 1.40758 1152.65 0.954393 -2.21385 3711.8 3707.44 0.62963 0.546325 0.826751 0.891892 122.087 1.03571 0.375284 3864.23 0.240326 0.0996691
521.263 0.548773 2.1764 356.194 -2.69039 -0.26057 2262.43 1746.19 0.734348 0.544555 0.756977 0.787203 16.5849 -2.8671 1.0499 1145.81 0.83284 0.0996691
816.991 -1.0565 -2.34336 676.277 -0.650376 0.873101 1543.33 1469.17 0.53909 0.511821 0.567414 0.479033 152.138 0.531444 0.313032 1521.91 0.856704 0.0996691
1594.39 -0.325582 1.69146 1523.08 -0.862548 -1.39667 3262.53 3226.4 0.616586 0.487372 0.592856 0.799264 111.193 -2.32704 0.61574 3155.41 0.922774 0.0996691
2895.09 -0.170812 2.92189 1947.92 0.259065 -0.135778 4866.84 4906.15 0.553752 0.493851 0.894775 0.594041 405.204 -0.23189 0.095877 5803.12 0.19745 0.0996691
947.297 1.23187 1.45283 635.188 -0.956036 -1.47889 2577.35 2578.63 0.619543 0.541204 0.730623 0.753077 96.8883 -0.480902 0.998557 1937.32 0.214856 0.0996691
2861.53 0.781103 -1.25575 1487.08 -1.1151 1.81355 6144.69 6190.94 0.460481 0.366649 0.422766 0.410227 420.288 1.99074 0.123662 5596.04 0.979972 -0.0996691
1850.23 -0.270455 1.1484 999.026 -0.13619 2.68436 1928.54 1909.34 0.615504 0.536536 0.67381 0.571271 1931.61 -1.12275 0.214465 4321.32 0.865213 0.0996691
543.491 -0.825447 -2.23266 384.921 0.821875 0.0929515 1204.21 941.87 0.275958 0.754679 0.812939 0.664137 347.243 1.3692 0.17194 1489.19 0.1326 0.0996691
876.559 -0.739328 3.10701 546.918 -0.802488 -2.04348 766.377 769.473 0.589009 0.621787 0.650817 0.754624 769.466 0.285766 0.253618 1865.65 0.868143 0.0996691
603.178 -0.719216 2.72432 332.901 -1.80147 -0.575253 1057.45 2334.81 0.75698 0.555851 0.823681 0.636292 18.6156 -0.457952 0.113499 1211.23 0.763453 0.0996691
324.96 -1.27672 -0.889382 324.177 -2.34261 2.34218 753.973 727.434 0.592882 0.683285 0.632371 0.663387 20.3785 0.823619 1.52437 635.71 0.0552119 0.0996691
1448.21 -0.257393 0.0105407 1018.68 -0.562971 2.71192 2441.82 2323.91 0.63387 0.690525 0.701017 0.620336 93.5099 -2.40828 0.423756 3629.37 0.594722 0.0996691
1488.69 -0.149952 2.51043 1177.94 -0.359949 -0.549093 2679.58 2641.64 0.575132 0.644075 0.729149 0.729348 242.788 -0.592588 0.0552213 2890.46 0.142376 0.0996691
1228.05 1.31414 0.578592 1171.52 -0.111064 -2.72396 3050.13 3007.44 0.559988 0.682503 0.539838 0.571803 166.645 -2.47373 0.0633059 3358.67 0.944316 -0.0996691
1751.16 -1.23599 -1.63867 1730.67 -0.152996 3.02276 3233.26 3248.03 0.586586 0.464415 0.445886 0.719954 404.272 1.07394 0.286271 5614.7 0.354817 0.0996691
729.287 0.423301 1.44812 679.921 0.946711 -1.72833 1502.45 1338.18 0.733943 0.745452 0.832658 0.713548 22.7831 -2.97649 1.21445 1444.45 0.963531 0.0996691
1885.24 -0.239481 -1.31148 1130.95 -1.51758 1.13334 3430.17 3196.81 0.445547 0.701498 0.662504 0.651257 235.037 2.32808 0.166123 4208.85 0.545602 -0.0996691
1884.73 0.313621 2.0268 1342.96 0.87756 -0.790083 3288.73 3268.13 0.734936 0.494364 0.760419 0.530373 111.021 0.347987 0.799096 4976.02 0.5657 -0.0996691
1381.24 0.650521 0.628734 1168.27 0.0181168 -3.05749 2588.32 2610.72 0.611776 0.578228 0.660695 0.607377 141.422 2.17609 1.05549 3783.8 0.453273 0.0996691
698.892 -1.05637 2.424 442.115 2.16036 -1.98074 2851.98 2033.62 0.237485 0.727791 0.700485 0.732629 619.928 -0.316754 0.835621 1660.43 0.484671 0.0996691
1529.7 0.216336 -0.054376 1364.05 0.457776 -3.00077 3001.25 2171.27 0.670185 0.243773 0.715965 0.719282 103.158 1.75567 0.470651 3176.37 0.79172 0.0996691
2785.02 -0.242597 3.04968 1862.65 -0.754268 0.653887 4461.87 4119.43 0.600701 0.163972 0.582734 0.494883 254.662 -0.818879 0.555592 6670.46 0.466491 0.0996691
2183.09 -0.646359 -2.12672 984.107 0.344876 1.49613 3274.12 4057.03 0.207399 0.663959 0.330174 0.79828 426.119 0.507001 0.262527 4174.61 0.402377 0.0996691
1824.6 0.218593 2.17072 1299.79 0.756719 -0.109658 2930.47 2957.88 0.542687 0.511468 0.463262 0.56211 57.5424 -0.599827 0.488653 4534.38 0.444127 0.0996691
2075.05 -0.24504 -2.83354 2055.11 -0.800769 0.187131 4368.72 2989.89 0.138943 0.196039 0.749666 0.601429 249.072 1.70083 1.37685 4180.09 0.34323 0.0996691
1316.2 -0.231558 2.50041 1199.12 1.04869 1.29534 2240.86 2263.97 0.216173 0.350945 0.790941 0.82175 1608.44 -0.650107 0.0292342 3886.18 0.703046 -0.0996691
1486.75 0.260704 -0.352969 496.04 2.65435 -2.55063 3026.14 1194.33 0.488879 0.428623 0.496481 0.48667 849.084 2.70144 0.1389 2612.92 0.690472 0.0996691
407.512 -0.588136 -0.45583 396.063 -1.34334 2.67902 873.571 840.874 0.47291 0.799369 0.746964 0.776511 40.1562 -0.584549 0.118836 1183.73 0.0351197 0.0996691
531.27 2.55071 -0.802335 356.596 1.05038 2.38084 1140.95 1108.97 0.3461 0.664293 0.448019 0.534022 172.19 2.17425 0.153138 889.356 0.91252 0.0996691
1855.05 0.939148 2.20991 1611.34 0.522764 -1.44871 3523.53 2883.75 0.236627 0.62333 0.691828 0.599089 296.657 -1.2193 0.22982 5072.61 0.511132 0.0996691
1481.84 0.0134481 0.342816 1216.24 0.221473 2.91459 2789.89 1446.55 0.236368 0.628234 0.613255 0.555681 53.6205 2.17107 0.280246 3555.15 0.937873 0.0996691
453.998 -0.494983 0.108357 303.961 -1.59476 2.93304 880.926 622.6 0.628062 0.344582 0.72307 0.717232 185.413 -2.39765 0.384912 777.195 0.596291 0.0996691
1814.58 -0.541453 -2.14662 1781.07 1.04419 0.901588 4820.74 3008.77 0.137949 0.270814 0.838179 0.774733 212.761 1.17765 0.164858 6792.76 0.118266 -0.0996691
1338.07 -0.795276 0.183179 432.015 0.491817 -2.90083 1979.41 1441.92 0.256386 0.746245 0.770571 0.757438 1075.89 -2.95608 0.101803 1990.99 0.456962 0.0996691
2280.68 -0.810873 -2.23389 976.214 -0.642991 0.451404 2974.17 4156.31 0.556725 0.772809 0.653325 0.88021 171.137 1.3768 0.0806617 4625.74 0.981991 0.0996691
1513.26 0.222039 -0.396104 974.556 -0.769978 2.57376 2747.52 2709.6 0.758117 0.674207 0.782299 0.868586 437.752 2.54716 0.0217068 2816.5 0.224889 0.0996691
698.05 -0.296709 -0.538668 506.304 0.16796 2.96322 1295.7 826.16 0.251911 0.40233 0.818018 0.722209 16.3361 2.45877 0.213904 1680.75 0.714819 0.0996691
587.472 -0.0839997 2.72166 463.97 -0.60157 -0.554578 1111.85 1026.13 0.736818 0.68814 0.724358 0.757673 23.0358 0.417953 0.322101 1137.06 0.629387 0.0996691
280.753 -0.596065 0.503843 280.38 0.353172 -2.69464 631.903 622.332 0.257911 0.677952 0.701088 0.785133 10.3784 -1.36914 1.33123 554.172 0.0398242 0.0996691
1770.39 -0.116716 1.47197 1581.86 -1.5426 -2.88523 3793.37 3827.12 0.689916 0.333919 0.701306 0.436495 1279.9 -0.968476 0.148351 4077.39 0.947322 0.0996691
2073.51 -0.253144 -2.09953 1454.12 -0.287485 1.5345 3567.27 2794.23 0.403962 0.68317 0.448342 0.650907 56.5912 -2.03437 0.18485 4751.74 0.749413 0.0996691
972.159 -0.360322 0.156647 893.326 -2.2973 -3.05735 2832.41 2790.51 0.685335 0.395802 0.689924 0.576342 80.3322 1.87849 0.882671 2683.66 0.309583 0.0996691
1310.59 0.703023 -1.79826 992.02 1.61633 -2.40544 1314.07 1295.66 0.533636 0.470243 0.671759 0.584834 1883.87 0.940584 0.373426 2804.99 0.812652 0.0996691
614.572 -1.0901 0.944782 365.065 -0.0071035 -2.1497 1139.27 980.502 0.420067 0.407695 0.60935 0.677362 126.463 -2.34623 0.0960884 1139.66 0.735216 0.0996691
1490.95 -1.15801 -2.91572 1230.97 -0.191098 -0.287896 2964.97 2975.44 0.421905 0.647316 0.630975 0.581527 108.355 1.72514 0.608726 3374.22 0.78898 0.0996691
1005.28 0.947113 -1.01921 719.478 -0.630614 1.63545 2235.29 2220.52 0.437411 0.634389 0.585223 0.639905 278.129 2.74638 0.212415 1934.72 0.729565 0.0996691
1414.17 1.45114 1.85367 885.773 -0.872639 -1.61524 3931.74 3869.37 0.577238 0.667579 0.516849 0.667441 455.06 -1.65054 0.024963 3230.94 0.949395 0.0996691
1684.74 0.144888 -2.24882 1561.2 -0.250611 0.860275 3435.03 2940.5 0.470938 0.241684 0.799983 0.741577 137.98 1.32616 0.300467 3263.43 0.389291 0.0996691
1812.58 0.941068 2.84089 693.255 0.846571 0.298738 2159.59 2143.58 0.193482 0.610062 0.424707 0.751922 486.892 -0.127395 0.0437112 3699.58 0.565555 -0.0996691
2103.71 0.440903 -1.6355 924.665 0.298709 1.4457 2866.57 2630.85 0.564477 0.828504 0.642191 0.537016 583.845 1.43576 0.00513649 3685.84 0.382954 0.0996691
431.557 0.759166 -1.37358 405.191 -0.395003 1.77958 1030.26 706.238 0.624302 0.520125 0.812602 0.776965 30.7721 1.97555 0.0430788 827.356 0.459918 0.0996691
2015.04 -0.75666 1.50678 1955.46 1.05398 -2.20031 5707.77 4889.12 0.177885 0.147182 0.690707 0.464068 202.849 1.15162 0.132989 5247.81 0.237681 0.0996691
772.68 -1.13932 1.50051 571.845 1.66621 -1.18146 2936.64 2424.78 0.338871 0.570206 0.487808 0.802098 34.3238 -2.3191 0.091733 1692.32 0.31874 0.0996691
478.316 1.10489 3.07756 341.176 1.19909 0.371907 847.593 640.496 0.741584 0.413461 0.799751 0.749891 215.304 -0.710813 0.42718 821.34 0.657038 0.0996691
1144.47 0.452541 0.246701 913.561 -0.892475 -2.26708 2491.43 2249.45 0.639822 0.581547 0.712442 0.644738 40.4461 1.67456 0.681101 2772.87 0.881973 0.0996691
518.864 1.04606 2.16149 472.352 0.11771 -0.90219 1109.29 1086.01 0.626927 0.670858 0.803609 0.73968 58.8595 -1.68389 0.781868 994.716 0.0790813 0.0996691
2251.5 0.842588 -1.48432 716.918 0.940656 1.61929 2577.56 2497.05 0.625892 0.741858 0.759623 0.761918 1102.21 1.56094 0.0589807 3641.01 0.534149 0.0996691
1698.68 -0.0237031 2.88174 594.243 -0.753476 -0.235496 2181.84 2066.26 0.588675 0.786424 0.54731 0.677833 714.134 -0.144975 0.0711027 2694.7 0.810057 0.0996691
358.174 0.520225 2.69493 349.283 -2.0059 -0.519697 1357.12 1326.54 0.457142 0.766803 0.804611 0.627485 14.9512 1.45253 1.24017 714.88 0.902221 0.0996691
304.11 0.435285 -0.538448 256.395 -1.60707 2.9097 881.777 846.924 0.809056 0.586553 0.705746 0.666028 70.8376 1.91243 0.995114 585.719 0.17942 0.0996691
831.9 -0.670492 -2.88516 404.173 0.345398 0.459724 1338.21 1186.08 0.788325 0.659594 0.568118 0.742481 396.54 0.542105 0.053291 1446.76 0.585344 0.0996691
2051.99 -0.0551643 0.541945 1608.85 0.770615 -2.60945 3967.52 4008.77 0.459279 0.666121 0.808824 0.738439 163.429 0.769748 0.2277 4737.01 0.905105 0.0996691
2336.23 0.520667 -3.07171 864.696 -0.141125 0.0313333 3034.18 2946.52 0.929715 0.841685 0.862861 0.606529 1093.27 0.029599 0.00839575 3609.37 0.488672 0.0996691
352.258 0.116974 -0.869875 287.856 -0.445385 1.7718 665.199 589.516 0.730891 0.786629 0.781134 0.775936 57.9238 -0.727484 0.093482 837.214 0.366206 0.0996691
1620.81 1.01648 -2.88639 372.356 1.01588 -0.0919557 1635.67 1215.46 0.36501 0.445266 0.78689 0.780928 1277.58 0.344092 0.01238 2010.82 0.84509 0.0996691
1541.83 0.154074 1.11663 1262.88 -0.327277 -1.53645 2984.58 2207.15 0.319911 0.233154 0.472692 0.80733 100.633 -0.310867 0.131334 3918.61 0.0914476 0.0996691
2097.74 0.787368 -2.06059 1904.17 0.164081 0.502745 4067.36 4042.39 0.523879 0.698637 0.289758 0.807559 43.5017 1.40138 0.90179 5602.57 0.291835 -0.0996691
550.138 -0.396643 2.29543 533.157 1.73913 -0.828606 1774.06 1701.42 0.774646 0.670738 0.822893 0.729182 6.07786 -1.50439 0.504551 1072.39 0.926093 0.0996691
2399.42 0.791759 -2.49154 1727.62 1.12654 1.50058 3792.35 3811.57 0.353707 0.369227 0.430603 0.521941 566.051 -0.211914 0.0839368 5410.51 0.983474 0.0996691
1644.51 0.43409 -1.6352 1333.1 -0.436629 0.588404 2993.48 2940.3 0.432569 0.728986 0.555151 0.786731 1449.32 2.38001 0.0354526 4778.1 0.0825777 0.0996691
1165.93 0.744611 -2.53833 1164.25 -1.12566 0.58362 3438.99 3437.88 0.378279 0.722515 0.769254 0.828138 13.9261 2.06513 1.48047 2334.99 0.0101014 0.0996691
578.279 -0.938838 2.47811 453.335 -1.56558 -0.596384 1087.97 1061.28 0.708819 0.77664 0.911127 0.869821 38.1309 -0.975411 0.367825 1111.68 0.138937 0.0996691
917.69 -0.946558 0.626071 806.086 1.38785 -2.69874 3032.96 3041.65 0.563986 0.402622 0.739584 0.713454 32.1977 -1.21461 0.476407 1894.75 0.756728 0.0996691
523.709 0.923989 0.214875 385.204 1.83017 -2.93696 1076.21 160.891 0.338972 0.466788 0.740699 0.69824 38.3749 -2.65921 0.0346575 1014.65 0.133071 0.0996691
1512 0.231416 2.94371 1238.86 -0.656905 -0.769813 2940.49 2898.24 0.809487 0.635318 0.798269 0.552197 679.906 0.761106 0.0113414 2846.77 0.96933 0.0996691
1079.15 -0.457573 1.66258 1055.7 0.827487 -1.68012 2636.61 2335.23 0.821401 0.582268 0.731174 0.432707 509.571 1.67399 0.0325688 3040.56 0.187999 0.0996691
424.947 0.0150414 2.14965 392.625 1.47866 -1.03302 1070.16 986.062 0.560173 0.692382 0.779151 0.782391 41.4227 -0.67489 0.363117 814.038 0.0624496 0.0996691
2744.8 -0.620206 0.459935 1504.47 -0.339803 -1.07377 2897.28 2910.93 0.549382 0.766249 0.760786 0.831589 2699.93 3.12128 0.0454782 4771.29 0.786029 0.0996691
1517.12 -0.39134 -3.05949 774.147 -0.357085 -0.967856 1949.09 1688.98 0.203872 0.524429 0.731651 0.648557 1252.99 0.629333 0.134173 2386.86 0.439541 0.0996691
3047.26 -0.582269 2.32027 2620.13 0.50814 -1.30147 6438.53 6227.88 0.68175 0.704393 0.627854 0.672171 333.191 -0.613562 0.19212 6995.75 0.366429 0.0996691
1925.1 0.0470532 -2.21405 845.977 1.0155 1.21438 2852.54 2861.31 0.599555 0.770866 0.648595 0.736241 422.523 0.643076 0.104355 3531.89 0.450532 0.0996691
1367.89 0.536925 2.90124 1018 -1.04215 -1.35186 2923.9 2827.17 0.647587 0.705058 0.718167 0.698737 805.794 0.771924 0.0101705 3142.8 0.884612 0.0996691
3127.11 -0.406406 2.73604 2364.22 -0.468126 -0.738275 5447.78 4352.05 0.260829 0.629025 0.564276 0.617035 192.528 -0.634871 0.107828 6654.21 0.366702 0.0996691
2006.58 0.464675 1.86085 940.026 -1.11375 -2.29317 3438.19 3074.2 0.196691 0.537418 0.744178 0.7671 1275.51 -0.842222 0.142263 3431.82 0.977289 0.0996691
822.107 1.26232 2.41253 657.712 -0.613552 -1.06476 2168.86 2078.96 0.535884 0.665466 0.69728 0.610819 427.663 -1.07564 0.0250887 2082.33 0.439769 0.0996691
327.022 0.546441 -1.32625 284.007 -1.32954 1.95885 910.028 791.012 0.524546 0.424779 0.690432 0.682736 59.5357 1.0392 0.876091 604.261 0.24277 0.0996691
1375.95 -0.79329 2.87178 777.789 0.307585 -0.167378 2436.72 2024.18 0.63479 0.415141 0.733324 0.737696 605.314 -0.395388 0.0985042 2199.7 0.389701 0.0996691
2270.41 0.483253 0.196791 1909.23 -0.306578 2.81301 4559 3025.16 0.192337 0.229108 0.837925 0.805058 125.728 3.12678 0.15887 5409.75 0.156049 0.0996691
3389.07 -0.803515 0.264771 2749.61 0.172617 -2.83647 6867.18 6894.45 0.390906 0.738062 0.319237 0.551219 795.031 -1.79509 0.737006 7232.98 0.926243 0.0996691
349.597 0.858491 1.25659 344.189 -2.3856 -1.9209 1848.36 1468.5 0.719736 0.755051 0.745209 0.785356 10.1601 0.0073394 1.00838 669.951 0.693953 0.0996691
1547.38 -0.599788 1.9236 871.146 0.985964 -1.69949 3049.98 3043.67 0.76117 0.757031 0.847102 0.720517 42.0323 -1.01054 0.304737 3272.26 0.380344 0.0996691
3835.51 -0.542296 0.863946 1951.27 0.473984 -2.13694 6190.75 6282.18 0.503358 0.0762577 0.810329 0.787535 1183.04 -2.0699 0.0670426 7106.35 0.332192 0.0996691
282.764 0.689919 -2.58669 282.313 -1.07068 0.543928 804.479 797.423 0.649312 0.69795 0.609865 0.770068 22.1273 -1.44759 0.97313 587.305 0.861982 0.0996691
1192.24 0.434631 -1.81303 981.35 -1.23139 1.58398 3044.95 2351.7 0.763875 0.178895 0.775545 0.772974 306.356 0.56011 0.389177 2302.58 0.507906 0.0996691
407.762 -2.75678 0.774297 368.489 -1.56242 -2.21689 940.121 825.985 0.604291 0.507421 0.713309 0.690091 68.7012 2.6962 1.29852 759.51 0.118503 0.0996691
1800.63 -0.263211 3.05651 1770.84 0.883801 -0.0985085 4252.67 3091.4 0.366363 0.439492 0.521518 0.821262 28.0981 0.864052 0.331568 3639.78 0.956521 0.0996691
1357.06 -1.05725 -1.29691 1099.77 -0.161381 1.79123 2725.63 2647.57 0.446574 0.613012 0.784709 0.64679 235.038 2.03892 0.193188 2470.13 0.913033 0.0996691
536.841 0.811106 -0.475826 346.747 -2.51064 2.38451 2361.49 1144.91 0.478095 0.416935 0.672909 0.589678 16.18 3.11044 0.137079 1127.57 0.552728 0.0996691
808.865 1.55664 -2.64728 748.876 0.762082 0.514243 1703.09 1667.09 0.649166 0.74264 0.794363 0.68043 67.3621 0.151754 0.363332 1560.72 0.068762 0.0996691
302.283 1.37235 2.28232 297.713 2.10805 -0.80702 660.487 566.281 0.710457 0.813811 0.809738 0.679415 25.042 -2.45854 1.19912 567.002 0.990392 0.0996691
1273.14 0.530599 -0.58872 1037.94 -0.957437 2.66291 2975.52 2969.27 0.41899 0.508273 0.759946 0.794619 238.871 2.28567 0.381166 2378.56 0.120846 0.0996691
1768.49 -0.603576 2.39369 1212.34 -0.0164756 -0.675184 3170.47 2734.79 0.608695 0.658079 0.789235 0.763729 942.405 -1.27657 0.0461324 3594.73 0.5051 0.0996691
1409.12 -0.879804 -1.84575 1261.49 0.424603 1.70764 3214.62 3238.98 0.201965 0.452511 0.780426 0.598505 793.93 1.5263 0.183286 3714.29 0.213326 -0.0996691
2631.2 0.140186 -3.03425 1542.13 0.30585 0.225071 4225.73 3079.18 0.642577 0.144628 0.634896 0.611349 1523.84 0.604077 0.00828004 5293.02 0.525804 0.0996691
1418.97 -0.274034 -0.840261 853.642 -0.362857 2.69399 2185.15 2146.7 0.745056 0.505 0.868403 0.729497 188.609 2.62266 0.0618596 3320.28 0.937662 0.0996691
2775.47 0.0372678 2.20707 2674.69 -0.552987 -1.31554 5657.94 5409.68 0.355061 0.707144 0.436691 0.735241 486.494 1.40532 0.466545 6430.23 0.854152 0.0996691
1818.45 -0.609841 -3.10004 1784.49 -0.139439 -0.22885 3803.55 2758.89 0.076518 0.428854 0.654 0.811085 83.6422 0.191928 0.314166 4229.74 0.962414 0.0996691
591.68 -1.11671 -1.0916 412.845 -1.20777 2.02975 1033.94 795.89 0.493235 0.70102 0.387991 0.699953 165.307 2.13771 0.054215 1033.1 0.349171 0.0996691
1347.15 -0.431962 2.40426 665.676 1.64063 -0.919714 3011.87 2977.62 0.595927 0.510317 0.411168 0.582596 386.48 -1.09096 0.0125114 2883.09 0.657505 -0.0996691
602.868 -1.27744 -1.0468 283.956 -1.24736 2.0669 856.4 600.041 0.82873 0.346066 0.735772 0.868403 233.271 1.8454 0.11347 990.108 0.654582 0.0996691
381.035 1.26085 -0.94449 268.104 -0.0447713 2.1092 799.172 744.601 0.703513 0.671631 0.800868 0.602483 114.563 2.35642 0.209954 645.426 0.185143 0.0996691
1673.35 -0.108531 -2.76077 1276.32 -0.337474 0.711036 3071.25 2513.53 0.285542 0.666727 0.815282 0.886374 126.169 3.02709 0.034523 4251.79 0.27967 0.0996691
1702.73 1.02812 -1.51756 1372.57 -0.549363 2.07768 4126.69 3740.31 0.236531 0.128101 0.818047 0.682737 1017.97 1.61473 0.0357796 4268.92 0.662921 0.0996691
1360.02 0.164469 -3.05358 1250.43 -0.716886 -0.0603468 2871.08 2910.24 0.54704 0.165449 0.711269 0.569595 22.8709 -1.70304 1.35113 2883.83 0.920103 0.0996691
1651.18 0.774053 2.04966 1319.45 0.0144382 -1.78154 3016.24 3032.18 0.365711 0.681125 0.738902 0.690059 156.436 -0.511234 0.223552 3948.43 0.972891 0.0996691
1621.28 -0.655441 -2.68942 1187.38 -0.356087 0.272656 2815.93 2843.04 0.164803 0.508588 0.798947 0.790475 299.224 0.229409 0.0439544 3166.78 0.179201 0.0996691
438.36 -0.847128 0.702226 375.836 0.346888 -2.40829 982.032 877.719 0.774143 0.789647 0.839587 0.819629 26.9809 -2.49444 0.0878935 831.658 0.0159459 0.0996691
1417.51 -0.265914 -1.13201 1395.83 0.41975 2.29839 2970.07 2965.54 0.491836 0.803558 0.824854 0.901479 390.96 0.629541 1.66905 2817.62 0.142551 0.0996691
1527.73 -0.829607 2.76094 1297.12 -0.0690892 -0.113951 3031.18 2895.58 0.770077 0.721212 0.695803 0.767421 84.9223 1.75897 0.983851 3387.54 0.851498 0.0996691
574.961 -0.526274 3.13991 442.978 0.649275 -0.0463939 1219.1 900.709 0.711776 0.264322 0.853451 0.850305 137.184 0.137513 0.121693 1024.68 0.555485 0.0996691
2061.27 -0.396127 2.56216 1356.69 0.829234 -1.6995 3620.68 3626.94 0.247205 0.19643 0.846537 0.913959 978.193 0.105531 0.00971889 4378.48 0.490773 0.0996691
1147.86 0.960827 -1.40329 479.538 -0.333721 0.24241 1520.74 1398.11 0.611693 0.632934 0.729916 0.691039 1121.73 2.13482 0.263587 1670.79 0.946116 0.0996691
1027.49 0.873115 1.62908 673.698 -1.28862 -1.29214 2754.53 2518.94 0.430016 0.704142 0.76931 0.827512 76.0961 -0.341348 0.954437 2069.74 0.59057 0.0996691
1324.28 0.348287 -0.919458 480.731 -0.39424 2.04566 1732.29 1647.9 0.68729 0.776853 0.801812 0.67594 945.055 2.04643 0.00782108 2071.02 0.480562 0.0996691
1069.94 0.656337 0.444561 791.033 0.704946 -2.73824 1867.59 1793.43 0.612896 0.657614 0.643551 0.515237 296.031 -2.63875 0.0873115 1910.13 0.145485 0.0996691
821.144 0.40164 -0.447438 820.204 0.114057 2.53354 1673.21 1636.35 0.592371 0.741103 0.635544 0.628407 10.7794 2.86009 0.0708067 1774.31 0.940066 0.0996691
2902.26 0.778294 -0.476951 1542.67 -0.346807 2.2052 4848.68 4857 0.447474 0.802193 0.840188 0.858001 466.427 2.00785 0.205877 6397.01 0.377556 0.0996691
668.012 0.884516 -1.68118 383.766 0.205429 1.56448 1083.78 1051.49 0.755371 0.622326 0.668707 0.702214 372.754 1.85149 0.0521655 1268.38 0.941137 0.0996691
1719.19 -0.0357856 0.619302 1239.84 -0.0934767 -2.88495 2886.06 2891.28 0.312452 0.645831 0.620622 0.503794 180.971 -2.08761 0.129841 3524.24 0.7581 0.0996691
298.812 2.06511 -1.26227 296.239 2.70516 1.93206 645.276 590.083 0.786061 0.442289 0.776719 0.460662 18.6068 -0.116942 1.14154 579.097 0.0720486 0.0996691
1589.39 -0.346706 1.57947 793.827 1.17848 -1.40148 2971.83 2881.01 0.612376 0.679978 0.614031 0.732567 587.814 -1.40934 0.0216265 2709.5 0.359404 0.0996691
1557.12 -0.118189 1.3061 1240.33 0.0300295 -1.30704 2735.89 2654.4 0.581539 0.350833 0.595593 0.803447 71.8661 -3.06615 0.337607 3577.02 0.935317 0.0996691
360.891 0.016378 2.05822 352.601 -2.3498 -1.04471 1301.3 1171.22 0.75381 0.699633 0.821366 0.783702 13.3577 -2.56211 1.53591 655.486 0.0593929 0.0996691
451.387 0.547906 -2.7145 290.864 -1.18995 0.632036 1020.99 937.951 0.649351 0.585865 0.714616 0.660585 94.5285 0.643359 0.0462112 823.981 0.333556 0.0996691
646.486 -1.62645 1.65232 258.732 -0.849362 -1.17088 886.715 856.037 0.767831 0.759552 0.706282 0.761261 348.732 -1.43035 0.259309 1000.4 0.472249 0.0996691
1334.13 0.915904 0.49094 307.43 -0.224704 -2.6187 1548.22 1212.72 0.714458 0.753107 0.800714 0.82287 1018.94 -2.68995 0.00662398 1619.24 0.731101 0.0996691
2143.67 -0.331029 -3.11212 1418.18 0.979727 -0.288103 4235.93 4289.1 0.302044 0.667655 0.20526 0.844259 672.728 1.73786 0.117535 4834.72 0.753661 0.0996691
1998.3 -0.904619 -0.294656 1451.4 0.318457 2.13957 3930.3 3788.13 0.517604 0.369732 0.283416 0.26167 862.513 -2.56865 0.0599921 3957.2 0.890051 0.0996691
632.5 0.783014 2.10114 454.141 0.447704 -1.23561 1126.83 890.752 0.607581 0.69544 0.819553 0.919244 43.6447 1.32161 0.443469 1270.41 0.281191 0.0996691
1797.33 0.154884 2.78026 1620.99 -0.497243 0.0788446 3536.4 3515.11 0.790392 0.790159 0.76155 0.655685 508.827 -1.13343 0.84638 3784.11 0.863208 0.0996691
2293.18 0.399446 -2.72241 2102.76 0.107072 1.30622 4306.99 3071.95 0.0920314 0.597585 0.745014 0.503219 322.125 -0.676331 0.0535834 6172.54 0.370774 0.0996691
478.356 0.25558 2.65676 384.262 0.84914 -0.403736 918.893 669.845 0.735305 0.474306 0.809603 0.690843 22.0649 2.32667 0.328375 1192.04 0.34811 0.0996691
909.965 -1.56289 -2.95778 738.179 -1.11179 0.530222 1684.89 1614.8 0.604331 0.653559 0.469528 0.664741 203.592 -0.223578 0.143166 1852.56 0.288382 0.0996691
379.936 -2.51343 -0.0899579 277.017 -2.04739 3.0171 694.624 537.89 0.662786 0.459588 0.837832 0.715318 103.01 3.07981 0.162213 671.152 0.36632 0.0996691
1369.32 0.118736 0.379653 1342.58 -0.889378 3.11507 3040.57 2962.14 0.745326 0.621665 0.816197 0.63537 80.2332 -1.55781 0.0751172 3177.69 0.705139 0.0996691
2590.25 0.310158 2.41913 1926.68 -0.980633 -0.651303 5465.46 5502.85 0.449678 0.584161 0.534657 0.737071 309.937 -0.571936 0.08065 5079.02 0.155575 -0.0996691
584.624 0.350223 -2.62761 574.088 1.33431 0.553381 1317.69 1290.45 0.70148 0.615112 0.625705 0.767152 22.6633 -0.835394 1.37699 1142.31 0.00858141 0.0996691
376.558 -1.18577 1.65217 288.191 1.48178 -1.54885 1343.01 1296.03 0.69797 0.543691 0.786347 0.518915 83.7572 -1.43822 0.0708394 659.546 0.153368 0.0996691
1295.98 -0.162546 -1.32784 949.604 0.561635 2.05659 2366.21 2315.23 0.601132 0.649486 0.621519 0.646064 79.6389 0.575577 0.560313 2878.65 0.919046 0.0996691
1541.63 -0.230059 -2.79146 524.663 -0.184848 -0.987369 1468.67 1786.12 0.383386 0.689536 0.518462 0.76821 978.028 0.624515 0.163939 2578.76 0.533045 0.0996691
1630.02 1.16182 3.08706 1405.08 0.498864 -0.199213 3241.29 3000.83 0.420733 0.360257 0.587685 0.646645 220.041 0.370588 0.0720311 3230.73 0.752655 0.0996691
3370.77 -0.110786 0.100956 3321.26 0.488899 -3.05572 7282.17 5540.47 0.199991 0.224535 0.70981 0.459283 83.7394 -2.14735 0.893901 6847.68 0.0581084 0.0996691
1611.36 0.668861 -0.18646 1155.52 0.462229 2.66473 2761.28 2711.64 0.451017 0.663302 0.607051 0.703012 72.7324 1.68263 0.967622 3423 0.88586 0.0996691
1508.5 0.513719 -1.12388 324.121 1.31565 -0.247888 837.107 840.116 0.163995 0.220367 0.662165 0.698679 1399.31 2.257 0.0606847 2237.72 0.823748 0.0996691
2003.87 -1.13107 -2.19736 1387.26 0.543309 -0.140062 4255.74 4237.3 0.23814 0.753653 0.731418 0.764517 1022.72 1.69286 0.0271133 4185.72 0.533222 0.0996691
1754.54 0.111116 2.48273 1453.77 -0.144555 -2.42008 2094.71 2097.78 0.535453 0.757696 0.657455 0.771003 120.212 -3.05324 0.632521 5867.69 0.368249 0.0996691
383.298 -0.942316 -0.563245 376.833 0.0960086 -2.30995 729.133 699.114 0.799772 0.718128 0.696653 0.754694 9.76559 2.32124 0.110751 1234.52 0.279675 0.0996691
2584.21 0.0924189 0.0881789 1936.7 -1.27222 -2.5095 5481.68 5337.41 0.722264 0.519517 0.750677 0.664296 62.6627 1.86657 0.565891 5917.75 0.793044 0.0996691
557.455 -1.36324 -2.88476 458.972 2.50516 0.560769 3573.77 3444.39 0.712188 0.705175 0.733093 0.837048 2.96256 -2.98242 0.0963659 1245.13 0.909959 0.0996691
1539.48 -0.709709 -1.26562 1229.12 -0.229371 1.73523 2852.39 2831.67 0.489072 0.730079 0.810929 0.802992 209.382 1.83614 0.102138 3033.64 0.145452 0.0996691
2155.63 -0.313087 0.116976 997.336 0.217679 -2.71784 3135.02 2639.2 0.230887 0.830359 0.778252 0.885997 734.195 -2.74521 0.00593543 3986.42 0.411984 0.0996691
1824.13 0.0416121 -0.972945 1420.42 0.298055 -2.78754 2593.11 2585.78 0.483088 0.820186 0.883124 0.774462 122.736 2.46086 0.915621 5302.99 0.368624 0.0996691
705.474 0.483228 -1.63377 542.778 0.880368 1.96584 1275.99 1116.54 0.720483 0.606222 0.774796 0.863655 31.4757 -0.809866 0.198418 2245.78 0.32884 0.0996691
1487.29 0.657141 2.54484 698.892 0.0319517 -0.62062 2153.85 2133.78 0.398567 0.512297 0.714821 0.616417 629.36 -0.764977 0.13105 2399.09 0.3775 0.0996691
1655.89 0.809069 0.771454 1008.22 1.1864 -2.49833 2646.57 2574.07 0.320283 0.673084 0.790381 0.789657 674.177 -2.16563 0.187156 2685.75 0.963583 0.0996691
2200.83 -0.666868 -3.10779 1051.6 -0.463407 0.195807 3094.44 2979.11 0.488473 0.632232 0.787042 0.679727 732.221 0.560698 0.26113 4274.3 0.890891 0.0996691
2466.98 0.433118 2.39344 2219.37 1.20502 -0.69197 5083.05 4066.11 0.260729 0.126951 0.657607 0.631111 251.073 0.628804 1.04146 5204.71 0.791299 0.0996691
2521.63 -0.404231 -2.61775 2348.27 0.697589 1.05714 5490.03 5479.22 0.683166 0.598407 0.709186 0.695198 118.3 -0.6477 0.846802 6979.15 0.872848 0.0996691
1600.16 -0.442274 -0.277257 1498.71 -0.790857 2.17212 2996.1 2910.7 0.362338 0.463282 0.587709 0.379378 457.372 -0.77879 0.501957 4259.46 0.338653 0.0996691
1311.08 0.717456 -2.5199 1231.41 -0.469889 0.614951 3007.11 3033.83 0.499032 0.397491 0.506203 0.559524 71.1448 1.64646 0.225606 2750.19 0.458943 0.0996691
400.444 0.0458702 -2.65337 386.478 0.549679 -0.192018 832.789 616.735 0.588313 0.71975 0.660554 0.748475 117.005 1.10874 0.763871 938.081 0.445877 0.0996691
472.734 -0.570251 0.798377 419.088 -2.66519 -2.35435 1460.65 1386.31 0.842962 0.425042 0.70054 0.565939 50.9983 -2.36845 0.0372243 875.756 0.060942 0.0996691
516.006 -0.578662 2.52612 488.1 -0.910004 -0.751272 1029.75 997.055 0.396371 0.715096 0.727778 0.70191 35.8868 0.10613 0.366083 1027.43 0.889934 0.0996691
899.416 -1.57334 2.30024 400.613 1.60855 -0.535494 3071.43 2589.25 0.663141 0.464189 0.72392 0.704623 530.766 -0.950287 0.26265 1340.89 0.728147 0.0996691
3823.41 -0.0566524 2.44234 3383.15 0.280128 -0.706628 7509.42 5667.09 0.177241 0.282431 0.796367 0.762071 448.126 -0.655972 0.120604 7379.31 0.0627822 -0.0996691
1856.87 -0.559263 1.08943 1327.52 -0.0330333 -1.75296 3224.28 3247.51 0.643449 0.480189 0.628019 0.258313 424.654 -2.4985 0.287016 3546.57 0.760672 0.0996691
662.679 -1.10316 2.44825 622.835 -0.375876 -0.700871 1467.48 1122.54 0.565137 0.371818 0.792451 0.796596 53.6384 -0.757775 0.15243 1324.44 0.151469 0.0996691
1638.48 -0.319114 1.02186 583.872 0.141703 -1.942 2061.25 1629.82 0.498434 0.185769 0.574658 0.653331 1064.75 -2.22066 0.0509977 2277.74 0.623305 0.0996691
2177.03 -0.104279 0.241568 2112.6 -0.615228 -2.87176 4476.95 4406.16 0.349597 0.271023 0.485391 0.720438 268.31 -2.91708 0.0450342 5315.06 0.0249822 0.0996691
1765.46 -1.11014 0.226702 1763.78 0.956661 -2.19391 5469.99 5378.36 0.702931 0.664646 0.633523 0.767954 103.187 0.446621 0.207626 5615.89 0.353117 -0.0996691
1308.19 0.000232836 3.01321 1202.33 1.15063 0.0954535 2960.06 2469.97 0.180565 0.437305 0.705932 0.754028 59.5684 2.11489 0.783835 2900.12 0.468492 0.0996691
2593.7 -0.856235 -1.77253 1890.97 -0.542056 1.79415 4532.87 3314.43 0.124502 0.524902 0.71379 0.761119 73.9111 -2.15905 0.0412278 5868.06 0.0474529 0.0996691
2394.19 0.953791 -2.41729 2374.6 -0.971083 0.503505 7145.38 7230.82 0.652383 0.542167 0.375784 0.878499 206.624 -3.10707 0.679645 7054.13 0.203262 0.0996691
2347.89 0.52664 2.55538 2143.3 -0.5204 -1.67869 4617.72 4490.17 0.292456 0.585211 0.604531 0.837503 654.265 0.579688 0.024842 6346.94 0.719592 0.0996691
1447.12 -0.72399 -2.1604 1149.67 1.09718 -2.98753 2940.43 3027.58 0.371809 0.495725 0.70362 0.842139 870.156 0.841721 0.0948926 4547.42 0.137169 0.0996691
1063.95 0.902433 -1.18398 722.438 -1.78174 1.86101 3603.01 2964.51 0.456683 0.356947 0.631709 0.682796 343.925 2.21624 0.0894623 1846.29 0.621446 0.0996691
291.07 -1.42099 2.47778 261.606 -1.87618 -0.705153 581.423 442.311 0.726348 0.486569 0.739896 0.839593 18.8526 -1.28338 0.5614 537.955 0.291375 0.0996691
347.904 0.0953835 -2.01333 345.584 -0.219133 1.16176 713.203 690.159 0.839869 0.720293 0.743116 0.793789 9.35153 2.39396 1.23785 679.715 0.0252961 0.0996691
441.728 -0.259295 2.93145 357.661 0.534075 -0.201666 880.448 824.249 0.561983 0.764226 0.678496 0.90132 86.8939 -0.214661 0.0495479 787.751 0.156467 0.0996691
1261.48 1.33655 -0.803265 779.901 0.619917 2.34864 2129.99 2083.06 0.214917 0.576766 0.653643 0.631799 50.0394 3.02336 0.132616 2792.09 0.872105 0.0996691
1284.62 0.0625257 -0.810609 685.075 0.148736 2.36246 1888.79 1892.12 0.449363 0.296711 0.681458 0.584802 106.818 -3.08873 0.464661 2879.36 0.428659 0.0996691
1939.32 0.298753 -1.12911 1435.56 1.5429 2.27988 4054.34 4026.46 0.344109 0.680693 0.597898 0.748311 79.9538 3.09888 0.817198 4481.35 0.961283 0.0996691
1551.96 0.368342 1.7424 1398.66 -0.218505 -2.04173 3015.31 2683.89 0.262891 0.876927 0.731272 0.562362 22.685 0.315865 0.625488 3993.88 0.660414 0.0996691
2754.79 0.373397 0.276767 2174.85 0.0886383 -3.03544 4963.34 4943.12 0.50925 0.447592 0.590644 0.754341 153.463 2.51259 0.0171533 6413.62 0.889534 0.0996691
273.43 0.150913 1.18949 266.449 -0.735817 -2.00971 615.232 536.585 0.701143 0.754713 0.755436 0.794042 25.6263 -0.710159 1.2806 486.776 0.069767 0.0996691
1901.1 0.16216 -1.65558 1545.97 0.110347 2.56946 2955.84 4630.48 0.196044 0.508913 0.578212 0.765569 175.275 0.317212 0.678431 5582.02 0.977977 -0.0996691
658.048 -1.81183 0.856631 573.524 -0.293449 -2.30623 1616.04 1526.71 0.474361 0.577715 0.709469 0.568091 79.789 -2.09772 0.200106 1235.64 0.120548 0.0996691
706.218 -0.143446 2.46213 549.594 0.949309 -0.490412 1457.92 1305.64 0.760479 0.368443 0.618554 0.752437 58.9053 -0.86308 0.0306941 1410.11 0.940338 0.0996691
2259.91 -0.981571 2.33105 2218.33 0.644701 -0.683232 6099.24 5671.75 0.774074 0.44632 0.729621 0.654294 109.254 3.02419 0.217206 6153.56 0.927871 0.0996691
689.56 1.50943 2.53774 651.857 1.05803 -0.656358 1399.89 1338.75 0.452631 0.841342 0.716908 0.617118 38.4551 -1.13105 0.47931 1985.3 0.935446 -0.0996691
603.186 -1.13148 -0.236033 584.49 0.127467 2.88906 1446.49 1384.63 0.775258 0.723326 0.785953 0.557508 20.8146 2.43543 0.436626 1181.76 0.0514865 0.0996691
1478.86 -0.551898 0.852588 1460.5 -0.0441668 -3.01556 2853.86 2881.08 0.68635 0.319371 0.702172 0.871529 326.321 0.796757 0.0596299 5439.48 0.127061 -0.0996691
1237.15 0.654345 -2.45174 441.782 1.38254 2.90923 885.946 825.896 0.72342 0.595506 0.711968 0.680736 1009.04 0.449163 0.10806 2195.39 0.658165 0.0996691
3129.35 -0.149012 -0.795477 2447.88 1.18644 2.52866 6948.53 6153.4 0.561289 0.309731 0.46142 0.397071 247.502 1.84962 0.105954 6314.01 0.641929 0.0996691
1297.38 -0.184893 -0.358693 1034.77 1.05281 2.48393 2896.71 2146.2 0.528065 0.287619 0.461738 0.485523 60.6065 1.84126 0.642424 2914.42 0.580568 0.0996691
703.26 -0.180707 0.6096 564.505 -1.22791 -2.30849 1445.43 1398.76 0.792578 0.734632 0.863815 0.811819 104.821 -2.32769 0.0374277 2077.64 0.313287 0.0996691
1980.86 -0.250042 2.51922 1502.5 1.33611 -0.79086 4595.04 4648.06 0.173841 0.245442 0.734299 0.820499 220.482 -0.429371 0.361268 6129.66 0.16099 0.0996691
745.533 1.96496 0.754117 618.68 -0.0919163 -2.30251 2163.96 2135.28 0.387659 0.8193 0.647486 0.71736 117.545 -2.78699 0.468101 1374.14 0.107224 0.0996691
2954.62 0.120577 -0.91888 2331.38 -0.646683 2.39941 5637.38 5669.59 0.21633 0.681313 0.912987 0.695578 105.05 2.21291 0.182767 6501.88 0.150966 0.0996691
2510.8 0.201643 -0.312823 1137.37 0.548027 3.05643 3465.94 3326.41 0.743967 0.649372 0.780105 0.720037 1974.09 3.12273 0.0108602 4916.48 0.66484 -0.0996691
2389.45 0.183493 -0.600515 1483.39 -0.245349 -2.73695 3407.21 3447.24 0.240358 0.36719 0.497966 0.639742 849.2 2.29549 0.305987 5295.86 0.641666 0.0996691
267.322 0.332038 1.81545 259.483 0.204015 -1.30566 541.173 519.587 0.607375 0.723833 0.521751 0.698448 9.61814 -2.53164 1.23885 512.94 0.038603 0.0996691
2886.89 0.418106 1.19549 2632.51 0.536972 -2.21786 5658.76 4817.1 0.157295 0.30177 0.526029 0.754444 319.485 -2.23343 0.0154231 6506.77 0.571547 0.0996691
717.279 0.14928 1.42495 689.098 -0.182305 -1.68264 1439.03 1424.62 0.584821 0.741676 0.611017 0.571368 37.9884 -2.29505 0.205852 1423.78 0.951525 0.0996691
358.81 -1.86551 1.63872 348.876 -0.26316 -1.50519 962.992 896.243 0.717156 0.808948 0.78634 0.638275 17.362 -0.718506 0.724463 704.888 0.0137352 0.0996691
1294.02 -0.151153 -1.58366 1015.56 0.792913 1.54137 2573.75 2557.08 0.703654 0.680381 0.696444 0.804816 339.787 2.84655 1.31193 2656.05 0.907734 0.0996691
641.408 0.500672 1.6735 491.403 -0.52779 -1.47054 1290.73 1186.13 0.678799 0.602028 0.744795 0.530269 153.792 -1.42722 0.034762 1121.8 0.104356 0.0996691
1872.81 -0.0501245 2.89291 1198.84 -0.869147 0.462159 3091.22 3127.52 0.230552 0.532142 0.625197 0.744917 71.2716 1.5335 1.07175 4420.06 0.807677 0.0996691
948.54 -0.84577 -0.449838 722.584 -1.73605 2.86469 1834.37 1791.21 0.173494 0.715109 0.83238 0.899581 36.3184 -2.68889 0.704141 1901.99 0.188933 0.0996691
1570.95 0.218116 0.0679398 1442.5 0.107666 -2.85603 3026.83 3000.54 0.116122 0.52015 0.806805 0.699017 246.624 1.95029 0.165735 3186.55 0.582989 0.0996691
788.648 -0.265398 -0.604981 606.745 0.882889 2.1026 1609.49 1565.82 0.88133 0.795319 0.65351 0.858285 146.067 -0.610197 0.00805867 1899.72 0.66551 0.0996691
1438.56 0.954341 1.03915 1198.51 -1.64828 -0.925434 4975.79 5027.94 0.137145 0.510582 0.891403 0.765907 175.717 -2.87902 0.11143 3963.15 0.49045 0.0996691
431.205 -0.0443532 2.59248 384.954 -1.12853 -0.516519 953.279 894.878 0.801485 0.804591 0.741681 0.658809 39.7041 -0.750574 0.205702 798.224 0.0690609 0.0996691
1427.89 0.517249 -2.75484 700.155 0.594878 -0.869356 1684.37 1518.84 0.289407 0.294638 0.691552 0.864116 1177.26 0.875943 0.0152469 2334.26 0.846518 0.0996691
1904.27 0.249897 -2.90493 1262.96 0.858879 -0.284411 3167.22 3126.15 0.740123 0.825095 0.572649 0.825147 132.962 -1.24525 0.950554 4906.46 0.92236 0.0996691
1836.3 0.645777 -3.07999 1244.44 -1.16814 -0.006244 4472.14 3781.77 0.326553 0.681732 0.443853 0.658262 590.661 0.243959 0.260393 3207.69 0.90416 0.0996691
3090.64 0.836547 1.10515 1973.76 -0.548276 -2.09163 6486.35 4762.37 0.183897 0.196744 0.592311 0.694042 1130.81 -1.94863 0.0650774 5367.71 0.938961 0.0996691
1367.15 0.600503 1.1385 1090.64 0.0465841 -1.70771 2537.52 2511.72 0.659379 0.569462 0.584833 0.717323 294.095 -2.66525 0.149462 2616.64 0.942733 0.0996691
456.464 -0.750092 -0.119116 444.695 0.80922 3.06501 1198.74 1161.64 0.585041 0.600239 0.727233 0.609835 30.7694 1.81387 1.15849 905.228 0.839043 0.0996691
3670.01 0.158025 -2.66899 2936.39 0.0110364 0.304309 6783.81 6322.4 0.157136 0.543237 0.322014 0.790394 1045.28 0.622141 0.117366 7452.63 0.985239 0.0996691
489.263 1.93904 0.769738 405.478 0.491228 -2.33868 1160.77 790.681 0.365554 0.386183 0.678452 0.529284 71.781 -2.48313 0.137456 885.278 0.449558 0.0996691
1023.17 0.845779 1.80225 1001.44 0.0428492 -1.50727 2189.73 2208.16 0.543986 0.727843 0.697572 0.768774 285.78 0.129261 1.0962 2287.66 0.495739 0.0996691
1700.87 -0.050923 2.78367 929.229 -1.21165 -1.48655 2638.67 2663.49 0.557303 0.799352 0.508992 0.674493 967.273 0.497084 0.0947651 3359.62 0.888571 0.0996691
360.963 -0.23674 -0.458703 328.697 -1.6917 2.73301 894.811 796.489 0.784856 0.707454 0.770413 0.72549 37.7598 2.66187 0.0196433 680.417 0.124407 0.0996691
302.273 1.20976 -2.54494 292.984 0.966884 0.584731 613.366 577.878 0.712191 0.521274 0.734653 0.6467 38.7932 -1.27863 1.25181 602.173 0.902451 0.0996691
897.186 1.25321 1.29293 598.893 -0.959484 -1.43497 2468.55 2206.7 0.478055 0.566302 0.604842 0.718886 54.1008 0.0312106 1.19368 1948.54 0.460474 0.0996691
334.658 -1.29605 -2.7202 322.477 0.332654 0.410448 902.229 832.09 0.67104 0.75447 0.697721 0.826981 13.8512 1.84749 1.23765 639.834 0.991441 0.0996691
753.358 -1.61534 1.34763 736.331 0.0640612 -1.99553 2050.33 2021.67 0.733764 0.536113 0.579213 0.594314 40.5906 -0.701815 0.21437 1622.24 0.840706 0.0996691
2742.16 -0.686361 0.717207 1193.25 0.167077 -2.28563 4181.56 3235.88 0.140675 0.724802 0.806689 0.652115 688.635 -2.29736 0.00863075 4900.41 0.278481 0.0996691
1659.35 -0.268272 -1.36813 1347.72 0.16613 2.36825 2943.92 2956.69 0.258317 0.534574 0.782122 0.794992 87.1577 -2.13334 0.76416 4029.73 0.499734 0.0996691
1879.75 -0.0271846 2.04008 1312.12 -0.280474 -1.81286 3013.91 3134.54 0.374941 0.430478 0.305092 0.758068 69.0364 -2.81391 0.948534 4533.84 0.710579 0.0996691
744.333 -0.162923 -0.811487 649.414 0.182662 1.96279 1399.57 1396.42 0.638622 0.721535 0.624071 0.733442 33.8221 -2.25996 0.165764 1643.51 0.830615 0.0996691
1550.85 -0.583591 -2.01894 1005.04 -0.953158 1.51805 2506.94 2484.16 0.61542 0.643636 0.661203 0.760651 322.557 1.77331 0.262137 3241.34 0.292343 0.0996691
364.305 -0.16286 2.72783 325.065 -1.4667 -0.77803 842.309 785.032 0.655651 0.610147 0.559327 0.667166 47.7814 -0.115447 0.685505 801.084 0.852966 0.0996691
2269.28 -0.359326 -0.253857 2130.51 0.892113 3.09034 5406.38 5069.71 0.488108 0.669684 0.452388 0.696788 230.898 0.843993 0.383876 4883.91 0.761132 0.0996691
1830.37 0.240759 1.7251 1395.99 0.460553 -0.834104 3138.41 3017.08 0.259155 0.589529 0.836395 0.63225 130.289 0.756149 0.961919 4500.51 0.476027 0.0996691
2429.53 1.1316 1.03009 1908.45 0.30239 -2.02677 4941.35 3198.96 0.0829377 0.527688 0.517282 0.782438 553.164 -2.29445 0.167505 4642.52 0.696922 0.0996691
1526.99 -0.393561 -2.39074 1467.13 -0.325081 0.828014 3022.16 3004.54 0.568567 0.405257 0.607012 0.804748 114.338 0.276965 0.553081 3110.21 0.0507836 0.0996691
2136.53 -0.539398 2.30344 2081.8 0.551391 -0.972652 4895.23 4863.41 0.460714 0.48995 0.554095 0.747725 129.725 0.940968 0.721429 4384.32 0.886739 0.0996691
308.137 0.192202 2.74644 270.497 2.09924 -0.711758 878.517 729.915 0.839054 0.472402 0.734639 0.766079 20.8535 -0.901233 0.00526118 936.855 0.673293 0.0996691
1039.17 0.593694 -2.05196 944.278 -1.3091 1.10886 2966.47 2920.05 0.683249 0.483105 0.663526 0.595764 92.5849 0.970834 0.165814 2003.35 0.077371 0.0996691
506.141 1.28592 0.374562 498.699 -0.00331416 -2.725 1229.88 1215.86 0.844911 0.436477 0.86242 0.358321 27.7223 1.56427 1.18907 1017.26 0.0224949 0.0996691
384.314 1.78696 2.97388 358.595 0.633036 -0.151768 896.786 813.29 0.777533 0.602885 0.709913 0.769026 21.62 -1.35611 1.22268 692.909 0.0702943 0.0996691
1942.86 -0.132173 -1.96499 1108.09 -0.3991 1.90799 2790.13 2797.94 0.319075 0.418873 0.875006 0.410308 1336.23 0.454627 0.474638 3409.73 0.485847 -0.0996691
335.418 0.238408 -2.38676 330.007 1.52346 0.804264 816.705 815.225 0.611976 0.758008 0.74606 0.637405 6.71878 2.54549 1.35057 667.231 0.0310272 0.0996691
1282.89 -0.335858 -1.95519 1149.78 0.75448 0.934514 2912.85 2252.33 0.35025 0.243143 0.603148 0.571514 81.2499 0.0264218 0.796473 3013.27 0.554751 0.0996691
1768.12 -0.356952 -1.54179 1748.56 0.164754 1.12766 3554.1 3566.65 0.201064 0.809359 0.585788 0.801891 384.861 -1.73465 0.192652 5164.16 0.235752 0.0996691
560.48 -0.587347 0.393563 461.832 -1.39429 -2.92057 1115.89 1085.61 0.70861 0.566767 0.692125 0.785014 127.418 -2.68375 0.231157 1088.65 0.11987 0.0996691
3056.94 -0.390214 -0.934867 1279.52 -1.3603 2.50587 4407.27 4427.66 0.904732 0.642899 0.694369 0.781149 1173.83 1.76162 0.531468 5203.98 0.613126 0.0996691
848.609 -1.02691 0.583761 658.035 1.15339 -3.05007 2465.39 2398.81 0.558889 0.692674 0.645364 0.731061 305.136 -3.02471 0.0337739 1936.73 0.91064 0.0996691
325.348 -1.32134 2.20162 307.31 -0.470407 -0.891218 704.733 666.038 0.716468 0.676503 0.590771 0.580305 4.55484 2.02046 0.130004 636.654 0.0412222 0.0996691
1888.71 0.548099 1.61385 1180.54 -0.869648 -0.512359 3518.02 3368.35 0.417408 0.572026 0.558036 0.506452 1513.48 -1.92913 0.0730251 3933.87 0.802763 -0.0996691
941.206 0.500333 1.35641 648.576 -0.177286 -1.758 1678.84 1615.33 0.755835 0.83616 0.886963 0.862045 279.734 -1.80606 0.0506213 1595.78 0.189755 0.0996691
933.521 1.83405 -2.5136 848.502 -1.25942 -2.14871 4017.08 3289.39 0.199493 0.586136 0.564799 0.772706 1788.02 0.515175 0.172815 2398.29 0.873127 0.0996691
2502.43 -0.389732 2.39474 1753.59 -0.400857 -1.02263 4221.85 3028.31 0.19232 0.611691 0.365575 0.679279 556.344 -0.186831 0.113871 4777.7 0.579986 0.0996691
1644.08 -0.266406 0.357786 751.47 1.3039 -2.69167 2949.53 2966.77 0.869034 0.671619 0.730828 0.872846 1010.88 2.81182 0.0401666 3348.01 0.818498 0.0996691
553.545 1.91918 0.683061 410.887 -1.66856 -2.68245 2958.75 2314.09 0.695267 0.326482 0.728507 0.792627 39.4146 -3.10457 0.0438271 1118.17 0.707907 0.0996691
2655.63 0.211969 0.0552532 1837.85 0.640042 3.10373 4990.15 1368.78 0.0938758 0.34772 0.622083 0.831658 821.807 -2.85027 0.0833268 5329.96 0.607185 0.0996691
1221.81 -0.187721 0.417398 1186.45 0.630472 -2.39011 2604.57 2580.11 0.594835 0.807246 0.618467 0.764103 76.3848 -1.81029 0.574035 3454.56 0.171826 0.0996691
530.246 -1.69625 -0.412635 475.761 2.39005 1.85795 3923.84 3813.47 0.750702 0.789919 0.840902 0.780437 34.2061 -0.659564 0.219925 1674.45 0.474732 0.0996691
1748.7 -0.98041 -2.15643 1295.88 -0.742566 0.752863 3066.38 2975.34 0.585466 0.633487 0.601091 0.741923 891.257 0.719522 0.0347898 4785.71 0.264911 0.0996691
2743.23 -0.19769 -2.99886 2528.05 0.261549 0.435327 5382.34 5447.28 0.217524 0.55473 0.427645 0.840834 194.177 1.1272 0.692655 6280.96 0.764077 0.0996691
1616.91 -0.251227 3.02385 1412.76 0.0913672 0.577941 2921.16 2889.16 0.605791 0.471018 0.502335 0.717493 67.0847 -1.90412 0.488502 4190.06 0.883355 0.0996691
382.748 0.373144 0.732744 381.671 1.58996 -2.35149 960.449 677.719 0.570877 0.787456 0.709997 0.829433 17.8214 2.79783 1.13024 765.433 0.858143 0.0996691
1186.33 1.94271 0.808445 996.04 -1.25031 -2.86958 5557.9 5623.94 0.07742 0.625881 0.837258 0.584107 244.495 -2.76488 0.105453 3387.44 0.523994 0.0996691
2351.78 0.430947 -3.10817 1088.8 0.865813 0.765099 3086.75 3118.39 0.679527 0.673429 0.742273 0.510517 1171.52 -0.217202 0.097422 4154.13 0.752914 0.0996691
1765.03 0.480913 -1.9698 1637.7 -0.594514 0.802046 3888.4 3815.05 0.777539 0.452899 0.875825 0.842023 74.8025 2.12536 0.20497 3974.47 0.782632 0.0996691
1152.5 1.21595 -0.647771 420.557 -0.507598 2.65204 1965.36 1775.14 0.702655 0.672106 0.800675 0.819754 357.307 2.06609 0.130961 2150.02 0.634074 0.0996691
1442.29 0.149722 -0.935807 1073.54 -0.95607 2.12458 2897.84 2837.02 0.72716 0.672012 0.843061 0.76196 381.549 2.43799 0.164089 2515.61 0.960714 0.0996691
2285.41 0.331266 -1.45533 2064.63 0.2756 2.30645 4384.49 2816.38 0.380376 0.195519 0.502358 0.409964 529.893 2.10609 0.245121 5860.3 0.489662 0.0996691
1806.77 0.577714 -1.28837 1286.67 0.344188 2.12157 3056.5 3069.58 0.863296 0.56572 0.858382 0.705913 32.9126 2.03121 0.0936079 3699.9 0.219919 0.0996691
522.381 0.924514 0.756205 505.106 1.82737 -2.45264 1151.66 1092.57 0.58732 0.530619 0.746863 0.72432 32.7172 -1.27247 0.755084 1033.07 0.825812 0.0996691
1252.69 1.35122 -1.3138 1032.82 -0.113468 1.73004 2935.21 2915.68 0.217868 0.512699 0.66099 0.356226 257.445 2.29541 0.16617 2319.47 0.925231 0.0996691
889.101 -1.99532 1.43105 854.796 0.321345 -1.33744 3049.22 2998.02 0.614175 0.645134 0.589749 0.800386 20.3118 -1.45708 0.111609 2081.31 0.176942 0.0996691
1434.44 0.0626778 0.177826 856.21 -0.793256 -3.08902 2500.91 1953.95 0.262865 0.520543 0.820044 0.662664 184.549 -2.86568 0.213155 2737.89 0.724043 0.0996691
305.335 -0.943683 -2.01016 289.662 0.52069 1.12373 780.965 689.082 0.539371 0.544149 0.825773 0.738565 5.50422 -0.165119 1.22363 585.551 0.149387 0.0996691
1553.45 -0.644988 2.73114 1312.75 1.07394 1.82383 3055.99 3065.14 0.540594 0.564275 0.839549 0.326084 2400.89 -0.441886 0.0536648 4071.33 0.817587 0.0996691
458.52 1.64306 -2.84048 327.529 -0.648033 0.385309 1361.16 1147.44 0.703522 0.474836 0.639692 0.700388 132.534 0.845815 0.306915 875.976 0.316708 0.0996691
765.399 -0.708763 2.74556 669.748 0.0819322 -0.288293 1550.72 1546.96 0.57963 0.294538 0.840977 0.266921 100.788 -0.946941 0.0870022 1461.63 0.941532 0.0996691
1936.29 0.796666 -2.79542 1817.9 0.560044 -0.842224 3173.07 3184.84 0.207918 0.406539 0.629849 0.522278 682.284 1.59553 0.0596491 5356.36 0.889612 0.0996691
2206.53 -0.413928 1.00233 2185.28 0.92019 -2.87865 5173.23 5235.58 0.414957 0.821536 0.741305 0.785468 249.254 -1.8775 0.250552 5944.24 0.975487 0.0996691
1202.23 0.148679 2.54203 1042.55 -1.2836 -0.369324 2836.37 2841.44 0.307447 0.711061 0.884274 0.707112 122.01 -2.3646 0.440826 2929.16 0.373598 0.0996691
831.623 1.31601 -1.29957 663.633 -1.32484 2.07098 2994.85 2621.03 0.605725 0.39532 0.786938 0.726231 285.137 1.65602 0.0135652 1695.67 0.91124 0.0996691
330.501 1.16687 -2.12125 275.081 -0.0890324 1.13845 772.143 554.012 0.802263 0.675323 0.654544 0.646269 24.9279 -1.71713 0.372288 678.069 0.25897 0.0996691
1242.12 0.0264589 1.18594 1095.21 0.540166 -2.19391 2438.89 2350.51 0.835405 0.270167 0.809124 0.563456 21.2586 3.10103 0.98623 2637.16 0.927111 0.0996691
1727.29 -0.144569 1.2383 916.216 0.157106 -2.18051 2534.69 2535.47 0.559411 0.74074 0.550962 0.745348 643.479 -1.66482 0.227609 2949.05 0.754881 0.0996691
2831.01 0.619978 0.563465 2339.66 0.557928 -2.49488 5369.56 4431.44 0.775188 0.133392 0.869631 0.473554 250.936 -2.0885 0.250049 5715.84 0.270649 0.0996691
2592.17 -0.244185 -0.129182 2142.08 -0.349203 -2.9738 4734.38 4736.71 0.257607 0.506357 0.915396 0.705174 248.371 1.7747 0.3281 5399.96 0.986864 0.0996691
2602.42 0.271216 -0.40042 1724.77 0.443537 2.05822 4145.66 3033.36 0.241127 0.273391 0.742316 0.60649 504.921 2.72809 0.39394 5706.25 0.970074 0.0996691
1019.22 1.10543 -0.93366 1009.98 -0.0513618 2.08424 2435.58 2114.36 0.603787 0.251694 0.597111 0.700991 29.4242 1.02514 0.969713 2453.69 0.609838 0.0996691
1501.79 -0.00881227 2.52445 783.106 -0.172575 0.82072 1654.96 1654.45 0.320975 0.674411 0.791815 0.699031 1388.84 -1.10524 0.0321276 2514.49 0.77407 0.0996691
2033.15 0.139298 -1.5772 1733.94 -0.449123 1.00539 3963.92 3352.77 0.298528 0.245344 0.690252 0.850295 553.105 -2.93104 1.03401 4716.03 0.567418 -0.0996691
994.814 0.975634 0.255354 785.997 -1.09962 -2.77777 2854.63 2135.49 0.334024 0.272884 0.657842 0.695492 12.0954 -2.73528 0.00710559 1994.59 0.288562 0.0996691
1865.26 0.0397995 0.907165 1111.72 0.257315 -2.46661 2889.76 2914.49 0.414363 0.574335 0.794527 0.711692 238.923 -2.89143 0.0411928 3788.3 0.921337 0.0996691
787.374 0.977677 2.08589 612.244 -0.95489 -2.11594 1987.43 1874.3 0.780118 0.637565 0.794773 0.79093 57.3949 -0.825223 0.153541 2120.65 0.735721 0.0996691
1930.15 -0.397407 2.42165 1048.12 1.70868 -1.82387 4352.56 4369.4 0.551396 0.309945 0.712484 0.607414 1766.22 -0.116842 0.0883496 3107.96 0.576171 0.0996691
2230.51 1.04224 1.60699 1276.29 0.700273 -1.85683 3472.03 3110.38 0.646448 0.234308 0.760612 0.859331 1574.09 -1.72752 0.0675095 4467.17 0.838546 -0.0996691
1517.95 0.118676 -0.555971 1387.02 0.629676 2.31706 2983.46 3004.9 0.449074 0.474664 0.490897 0.714175 94.1272 0.893906 1.42518 3468.25 0.825308 0.0996691
373.498 1.00573 1.0075 344.842 2.80961 -2.25604 1062.95 974.01 0.643287 0.312495 0.773998 0.545815 55.4725 -1.06086 0.781547 696.96 0.839657 0.0996691
1309.91 -1.20516 -2.11951 573.805 -0.0600105 1.27824 2075.77 1697.38 0.334279 0.530569 0.637624 0.681313 682.056 1.08443 0.0813011 2161.4 0.959596 0.0996691
2124.3 0.105743 1.87956 1758.42 0.515641 -0.0451675 3550.28 2002.54 0.438256 0.236007 0.708543 0.845946 913.842 -2.13018 0.00270224 5391.97 0.883287 -0.0996691
1561.77 0.556696 -2.54799 1084.11 0.070605 0.0643449 2624.24 2632.67 0.494508 0.753449 0.714869 0.751387 388.068 0.113256 0.0540214 3413.69 0.319572 0.0996691
305.187 0.486876 0.344611 294.481 1.50635 3.08703 676.097 668.508 0.74672 0.836134 0.857067 0.797677 139.539 -1.07259 0.0242171 736.947 0.387291 0.0996691
2336.3 0.156821 2.85648 1905.9 -0.0761827 -0.859622 4277.68 3011.82 0.159287 0.204302 0.507787 0.859817 264.645 -0.486103 0.0549919 5817.17 0.462134 0.0996691
1432.63 0.730218 0.589477 1275.83 -0.0112551 -2.70989 2893.65 2920.85 0.441268 0.0716224 0.824409 0.779923 190.248 -0.546492 1.13481 2995.11 0.0954126 0.0996691
2990.41 -0.465793 -2.68639 2887.13 -0.395328 0.158214 5889.05 5435.33 0.073484 0.582906 0.592791 0.514984 253.506 -1.32908 0.464414 7236.7 0.948513 0.0996691
1573.62 0.846979 2.26717 1548.92 -0.0922138 0.587329 2840.82 2724.79 0.451952 0.481856 0.674454 0.853479 215.234 0.215862 0.337331 5847.91 0.118295 -0.0996691
528.92 1.51771 -3.04332 445.057 0.625898 0.161854 1089.31 1033.03 0.774774 0.726969 0.720231 0.818445 92.0693 -0.214432 0.135702 973.182 0.0858123 0.0996691
436.381 1.24282 1.72339 420.375 0.885382 -1.43438 890.038 821.097 0.411435 0.606057 0.784351 0.722201 14.3354 -1.21909 0.221305 844.621 0.0824011 0.0996691
1788.93 0.574157 -1.11154 1214.03 0.912293 2.13136 3027.63 2858.72 0.689136 0.519351 0.61266 0.653082 578.419 1.83753 0.0150619 3028.67 0.859897 0.0996691
339.454 -1.74283 -1.66419 315.958 -1.49965 1.41525 697.586 578.061 0.396813 0.734362 0.807908 0.751702 108.54 1.78772 0.333568 780.378 0.0386796 0.0996691
1174.14 0.303695 -1.24219 1046.54 -1.66002 1.97805 3412.27 3126.04 0.484462 0.755583 0.604555 0.743662 152.442 1.31946 0.108595 2254.9 0.904888 0.0996691
2048.74 0.564106 0.565256 1346.56 -0.542684 -2.48862 3855.46 3852.73 0.399073 0.401363 0.636945 0.914189 62.5408 -2.9459 0.00609922 4879.96 0.942759 0.0996691
288.908 2.20666 2.43372 279.439 0.229805 -0.72044 882.139 871.616 0.64575 0.741661 0.824555 0.694803 14.7685 -2.4983 1.3461 563.721 0.0312042 0.0996691
1643.4 0.859957 2.35487 985.27 0.0530608 -0.377507 2752.29 2653.96 0.417695 0.745393 0.64955 0.761417 324.496 -0.692527 0.307082 3259.42 0.303159 0.0996691
1689.93 -0.791926 -1.38639 1630.45 -0.0140471 1.74582 3623.94 3362.08 0.459006 0.407484 0.8243 0.797428 70.5436 1.90329 0.0566826 3336.2 0.96271 0.0996691
568.588 0.460926 0.755226 550.153 1.1353 -2.31999 1202.12 1132.09 0.772141 0.71289 0.682277 0.803634 40.554 2.73374 1.23992 1095.98 0.923191 0.0996691
2844.56 0.299635 -2.0423 2771.88 -0.310112 1.08983 6461.65 3832.3 0.228542 0.201617 0.637274 0.65273 73.1523 1.48318 0.084821 5953.68 0.0630149 0.0996691
1333.81 0.515707 1.94336 761.981 -0.879886 -1.22633 2573.64 2498.27 0.527171 0.553766 0.608528 0.65016 139.419 -1.19868 0.0273278 2883.91 0.230755 -0.0996691
685.431 1.56846 -2.52816 512.025 -1.61617 1.2105 3051.19 1129.03 0.859661 0.339845 0.795798 0.506841 83.9175 0.225865 0.505154 1534.71 0.537949 0.0996691
1311.93 -0.132979 -1.31153 837.259 0.209283 1.83898 2136.73 2142.24 0.278199 0.573864 0.7198 0.786244 53.3421 0.78253 0.0397305 3561.76 0.349618 0.0996691
1351.85 0.624093 -2.33484 1320.38 0.933205 0.986024 2720.97 2724.37 0.651155 0.79916 0.784858 0.833902 60.4205 1.03332 0.0511146 3291.79 0.087517 0.0996691
3292.76 -0.254113 1.71396 2940.41 0.00236357 -1.71934 6247.91 6321.71 0.417698 0.415133 0.744257 0.190883 295.794 -0.747708 0.524608 7517.3 0.723468 0.0996691
1400.25 0.156011 2.68389 531.938 2.5805 -0.32902 3197.39 3126.98 0.753705 0.544741 0.791801 0.377938 847.554 -0.715521 0.0704685 2984.75 0.665841 0.0996691
575.254 -0.00667789 0.434348 564.811 -1.24595 -2.76606 1373.41 1384.86 0.470305 0.764651 0.757458 0.749525 35.4033 -1.55634 1.20927 1151.31 0.0318038 0.0996691
412.026 -2.46914 2.85612 377.676 1.14367 -0.344463 2497.1 1918.31 0.761491 0.275521 0.786363 0.798779 34.1473 0.387462 0.484933 783.485 0.187378 0.0996691
2433.8 -0.522473 0.854204 1460.37 1.60379 -1.46115 5932.73 5879.42 0.341149 0.739804 0.721882 0.672278 1206.27 2.86898 0.0788572 5038.94 0.907113 0.0996691
437.069 1.86604 -3.11093 423.759 0.424325 0.0200621 1117.09 1048.45 0.765966 0.707362 0.832526 0.662736 16.6291 -0.293201 0.290175 841.336 0.037315 0.0996691
1707.65 -0.0848167 2.86849 1419.4 0.12334 0.397774 2973.75 2992.57 0.680489 0.734123 0.769341 0.638703 79.8606 0.703566 0.303517 4618.75 0.51872 0.0996691
1605.5 0.343121 -0.439236 1591.24 -0.269935 1.2664 2642.05 2574.34 0.264456 0.476609 0.741801 0.727659 320.116 2.85126 0.0874939 5303.19 0.954818 0.0996691
1614.8 0.146378 -1.94521 1549.53 1.06047 0.866314 3532.25 2850.16 0.569109 0.362359 0.58159 0.722429 146.185 0.727997 0.0793563 3778.74 0.671473 0.0996691
360.065 -2.15758 -2.15489 260.248 -1.16842 0.651562 711.418 630.1 0.367742 0.706382 0.624183 0.767479 153.406 1.42304 0.119311 762.274 0.324704 0.0996691
1348.01 0.109437 -0.391249 998.408 -0.466922 2.55137 2482.37 1970.65 0.392856 0.687349 0.360618 0.681263 187.931 -3.08982 0.1919 2897.11 0.85888 0.0996691
2183.65 0.16898 -1.95402 1409.08 0.16026 0.21787 3114.11 3140.96 0.111828 0.432851 0.595912 0.757322 326.074 1.57882 0.778348 5643.68 0.57487 0.0996691
863.017 1.3403 -2.33581 847.338 -0.0546883 0.2822 2112.99 2080.39 0.464143 0.749711 0.56788 0.706153 199.986 -2.45896 0.129227 2321.8 0.266125 0.0996691
358.636 0.848126 -0.939744 285.021 0.872031 1.41332 609.871 646.866 0.748632 0.518717 0.709115 0.751734 39.163 -0.120527 0.814878 908.688 0.430894 0.0996691
1502.37 -0.67736 0.0178061 1169.83 -1.55653 2.88775 2908.9 2928.94 0.46656 0.320231 0.605148 0.825893 120.089 -0.986333 0.906531 3187.72 0.967577 -0.0996691
602.482 -0.323367 0.635928 582.745 0.32377 -2.53812 1261.59 1229.51 0.72503 0.543418 0.896549 0.73302 28.604 -1.29198 1.25247 1162.94 0.033896 0.0996691
1304.86 -0.160137 -2.08271 1003.92 1.3298 1.12847 2962.67 2956.25 0.602614 0.759833 0.839987 0.798937 28.3057 -1.47979 0.601276 2655.31 0.954157 0.0996691
536.764 0.257761 3.1179 525.762 0.649132 -0.0355969 1089.47 1089.07 0.740435 0.442288 0.75266 0.788075 13.4683 1.77686 1.34561 1066.88 0.00907935 0.0996691
1764.38 -0.776787 -2.8587 1737.51 -0.688604 0.27188 3674.93 3055.58 0.462817 0.269531 0.673124 0.750185 32.1053 0.627157 0.226098 3670.24 0.91556 0.0996691
1961.49 -0.488533 -2.48365 943.979 0.456505 0.272899 2995.42 3011.02 0.590887 0.560493 0.845693 0.790325 613.146 0.927177 0.0661026 3438.37 0.60937 0.0996691
1675.93 -0.115071 1.51126 1412.84 0.0246885 -1.02135 2979.36 2895.03 0.622254 0.279275 0.691514 0.845145 176.29 2.62086 0.222183 4708.16 0.460351 0.0996691
733.645 -0.736149 -0.297662 524.677 2.36424 2.31397 3046.59 3042.05 0.748582 0.297214 0.766758 0.637033 9.88831 1.44292 0.870789 1693.56 0.79017 0.0996691
1420.71 0.606117 -0.572506 1420.44 -0.400486 2.52997 3223.58 3250.37 0.642699 0.687047 0.60659 0.511809 39.5652 -2.78683 0.966101 2898.68 0.0168653 0.0996691
1330.91 -0.265333 0.235691 1213.47 -0.842774 -2.48526 2611.41 2572.44 0.75544 0.561884 0.828973 0.678007 336.037 -2.84577 0.06057 3419.65 0.917125 0.0996691
314.422 -0.412286 -2.61945 310.666 -1.13824 0.447577 685.713 619.785 0.641199 0.776492 0.703006 0.699594 8.65072 0.384541 0.115432 604.78 0.0585505 0.0996691
1508.94 -0.195763 -0.605379 1062.61 -0.821224 3.02742 2638.01 2221.35 0.794056 0.216906 0.857718 0.651304 153.2 0.499681 1.10576 3348.82 0.718236 0.0996691
782.684 -0.559056 0.825626 525.944 1.57491 -2.03948 2104.4 1741.14 0.546889 0.500039 0.419501 0.734449 406.819 -3.04243 0.598818 1464.68 0.612719 0.0996691
627.728 -0.834786 -2.19112 584.223 0.458123 1.06507 1488.49 1428.13 0.678958 0.711122 0.824551 0.622926 48.3405 -0.607539 0.208056 1418.51 0.392569 0.0996691
322.507 -1.27992 1.19528 300.954 -1.36703 -1.9652 643.911 579.596 0.770144 0.720127 0.818747 0.862229 3.095 2.44204 1.25633 604.815 0.0826373 0.0996691
2549.74 0.795954 -0.428347 1670.37 0.352728 -3.04157 4204.77 2901.83 0.138063 0.458503 0.596478 0.758398 298.618 3.0377 0.209207 5535.32 0.246657 0.0996691
1595.12 -0.607452 -1.78686 1342.53 -0.14581 1.14539 3010.95 3022.04 0.443689 0.362424 0.661424 0.788855 77.1392 -0.548089 1.23944 3428.64 0.646261 0.0996691
2105.84 0.829418 2.37142 2103.39 -1.71235 -0.484971 8094.49 7946.94 0.657513 0.832531 0.652974 0.596824 640.475 2.52121 0.00332451 5186.53 0.95467 0.0996691
1725.75 -0.549012 0.273635 1600.12 -0.259817 -2.94941 3383.51 3372.78 0.622081 0.625493 0.776393 0.871339 99.1249 0.14243 0.128561 4829.32 0.0544876 -0.0996691
393.891 0.9198 0.978701 302.398 0.196889 -2.22524 749.276 697.888 0.721914 0.764616 0.643292 0.693982 90.2505 -2.01227 0.0309623 686.973 0.897279 0.0996691
1884.16 -0.267193 -1.3309 1522.46 -1.65403 2.23321 4192.3 4210.59 0.805963 0.174756 0.738355 0.68128 479.234 -0.32976 0.296919 4493 0.459101 0.0996691
932.041 0.237723 -1.10448 928.487 -0.777176 2.00267 2120.77 2113.57 0.658847 0.646094 0.771316 0.725151 38.1386 -3.04918 1.22862 1863.21 0.0204505 0.0996691
913.119 1.5615 1.43964 842.692 0.542876 -1.71338 2050.59 1721.87 0.515502 0.493273 0.715429 0.741668 104.914 -1.87021 0.228592 1775.94 0.0678249 0.0996691
1392.17 0.0306548 -0.0470954 1061.08 -1.06781 2.96882 2891.24 2533.5 0.313194 0.831713 0.604378 0.746088 23.8021 2.39735 0.249347 2866.51 0.816656 0.0996691
2488.8 -0.107452 -1.11077 1962.52 -0.679838 1.66747 4692.73 2776.31 0.480866 0.233128 0.61873 0.535975 157.79 -1.30886 0.00664485 5654.1 0.0146787 0.0996691
1817.68 -0.876972 0.932427 1606.38 1.19161 -2.20534 5490.33 4100.49 0.254356 0.455142 0.852354 0.465988 225.851 0.708705 0.223952 4160.48 0.739878 0.0996691
953.732 -0.93331 2.95673 835.719 1.25303 0.331723 2991.05 1781.96 0.805888 0.474462 0.833411 0.319004 39.5463 -2.54319 0.788168 2250.21 0.626091 0.0996691
2849.77 -0.168309 1.18102 738.476 -0.367732 -1.59725 2885.84 2909.27 0.239044 0.504411 0.837239 0.634279 2306.82 -2.23109 0.440991 4085.52 0.986971 0.0996691
1466.11 0.763655 -1.60602 1375.04 -0.478023 0.580895 3164.25 3126.31 0.646681 0.419378 0.801984 0.776381 225.998 -2.95424 0.219214 5415.54 0.0895375 -0.0996691
2576.66 0.122714 -0.611205 2021.92 0.541885 -2.87941 4394.22 3354.36 0.203996 0.210248 0.606132 0.743349 525.977 1.14602 0.663384 6289.82 0.973609 -0.0996691
1344.26 0.218539 -2.50372 1324.77 1.16065 0.627676 3017.53 2873.55 0.69815 0.592276 0.824572 0.667165 53.6285 -0.955076 1.37247 2744.97 0.616917 0.0996691
1510.77 0.20347 2.99781 419.235 -0.356934 1.29575 1308.24 1282.28 0.664308 0.567592 0.72757 0.753886 1468.15 -0.420085 0.329684 1963.78 0.140183 0.0996691
325.074 1.48868 1.49914 307.356 1.37692 -1.62033 648.09 576.272 0.507655 0.475848 0.317819 0.651221 23.6063 -1.68307 0.0328336 628.735 0.139353 0.0996691
1270.7 0.925019 -1.41913 1113.86 -0.934258 1.71564 3502.46 3436.16 0.844701 0.481864 0.857091 0.68629 176.122 1.81373 0.10216 2373.85 0.0757606 0.0996691
531.992 -1.94761 -0.447459 308.047 -1.2705 2.45776 867.732 817.916 0.778979 0.789583 0.852292 0.700217 40.835 -0.966447 0.510526 1104.99 0.292932 0.0996691
2052.39 -1.01319 -1.11774 1635.28 -0.0145851 2.24396 4133.71 4145.57 0.65511 0.443328 0.637805 0.51195 118.09 -1.6694 0.251477 5470.32 0.39768 0.0996691
1663.33 -0.089126 0.238995 930.073 -0.554755 -2.89632 2631.53 1960.25 0.606784 0.362168 0.615948 0.745869 738.276 -2.92018 0.0857828 2631.77 0.463737 0.0996691
1286.07 -0.166249 1.56587 458.044 0.31001 -1.71033 1641.5 923.476 0.442903 0.636679 0.581246 0.833771 1247.13 -1.61249 0.0548515 2175.75 0.504697 0.0996691
429.05 -0.445918 -1.58247 350.978 -2.09348 1.64098 1059.63 1046.61 0.551733 0.590673 0.617701 0.807733 45.7332 1.30712 0.329603 848.586 0.125449 0.0996691
2161.34 0.663284 1.13202 1549.67 0.644349 -2.85742 3352.88 3379.5 0.388868 0.518193 0.809127 0.657904 362.991 -0.977403 0.124381 5249.41 0.922614 0.0996691
976.595 0.618607 2.35756 756.317 -0.314312 -2.04494 1622.73 1641.27 0.157214 0.468879 0.874563 0.602596 326.188 -0.239092 0.292186 2474.51 0.438058 0.0996691
2700.92 0.466876 -0.776739 521.297 0.836051 2.288 2499.52 1921.07 0.238954 0.202227 0.752437 0.831079 2173.77 2.37326 0.125066 3265.51 0.847074 0.0996691
979.723 -0.0736686 -1.20834 878.789 1.7511 -1.20066 2013.9 1838.14 0.704806 0.51498 0.766688 0.731966 1323.35 1.98933 0.41563 2624.44 0.268129 0.0996691
791.6 0.825261 1.32207 600.097 -0.926467 -2.07129 1962.25 1713.49 0.822647 0.410226 0.75326 0.79911 26.2683 -2.59571 0.0755162 1627.53 0.747883 0.0996691
1132.54 0.649627 -2.42376 1049.58 -0.993312 0.609533 2962.32 2946.61 0.8244 0.74766 0.777522 0.666241 37.1152 -2.44341 0.0195282 2605.24 0.0770103 0.0996691
1499.5 -0.208524 1.00535 1080.76 0.823963 -2.92886 2738.35 2739.42 0.691115 0.720301 0.746044 0.639211 57.9662 -2.50584 0.425122 3651.96 0.413062 0.0996691
2228.82 -0.834498 -1.49599 1242.5 1.3339 2.15156 5433.63 3176.29 0.399867 0.454565 0.771906 0.754216 119.698 1.7323 0.0117898 5642.61 0.670535 -0.0996691
665.775 0.266139 0.881636 574.429 0.109359 -2.21167 1258 1198.9 0.67612 0.665882 0.805515 0.806274 179.744 -2.30551 0.0656047 1287.09 0.0830945 0.0996691
282.487 -1.86026 -2.20247 266.217 -0.304558 1.16142 729.048 704.588 0.766769 0.597847 0.743853 0.803164 87.6592 -0.253114 1.40654 560.771 0.927239 0.0996691
1992.55 0.180634 0.23877 1746.32 -0.0897088 2.68324 3564.69 3555.74 0.278875 0.649659 0.431535 0.601757 140.48 -0.931256 0.0120431 5312.83 0.629105 0.0996691
1694.14 -0.427451 1.36268 1511.58 -0.146048 -1.00059 3007.8 3008.65 0.467076 0.662332 0.65335 0.70342 91.5948 1.40656 0.0436894 4505.78 0.38805 0.0996691
2298.33 0.524404 2.1373 2145.02 0.370675 -1.89369 4166.91 3898.75 0.288173 0.718603 0.718648 0.83512 1416.42 0.5377 0.260722 5644.91 0.915908 0.0996691
1271.14 0.867762 0.449623 953.889 0.555593 -2.961 2405.5 1577.43 0.283452 0.691346 0.607736 0.806008 443.728 -2.94096 0.0185399 2675.01 0.2232 0.0996691
308.783 -0.749638 -1.12928 272.431 -1.14916 2.02337 616.49 453.908 0.69653 0.619977 0.69815 0.806951 33.512 1.99614 0.15966 585.318 0.780169 0.0996691
1031.12 -0.667374 -1.50665 892.322 1.36358 1.25217 2979.24 2982.95 0.307361 0.726187 0.506808 0.768338 257.343 2.70315 0.107971 2062.5 0.829341 0.0996691
1726 -1.41277 -1.8499 498.22 0.44392 -2.26732 2082.23 2440.63 0.610553 0.392855 0.354357 0.944716 1900.66 1.21594 0.0690756 3362.95 0.608781 0.0996691
1703.02 0.523999 2.29341 1518.24 0.289525 -0.840113 3313.18 2932.09 0.526243 0.639485 0.853742 0.660657 73.4194 -0.261207 0.137304 3433.87 0.895166 0.0996691
1189.14 -1.4287 1.6641 780.043 2.32199 -1.65007 6433 6296.03 0.65179 0.787357 0.599721 0.921689 67.9359 -2.44443 0.595265 3157.5 0.622802 0.0996691
1587.14 -0.452031 0.78788 1307.79 0.665927 -2.24211 3361.41 3283.54 0.678593 0.631755 0.785366 0.784969 160.153 0.378113 0.00394592 3396.23 0.797755 0.0996691
437.738 2.04067 -0.289338 393.652 0.725274 2.87057 1038.78 991.034 0.693683 0.736284 0.796634 0.754054 44.4025 2.94871 0.0304868 822.928 0.907198 0.0996691
2563.28 0.574925 1.31375 1938.58 -0.551152 -1.91068 5195.75 5216.42 0.2633 0.609916 0.661107 0.319706 607.344 -1.93532 0.0332317 6523.18 0.149649 0.0996691
767.328 -0.427362 1.14048 761.845 -0.442497 -1.97654 1549.25 1511.1 0.81293 0.747152 0.84867 0.668104 85.9546 1.89159 0.47752 1611.07 0.444095 0.0996691
357.252 -2.02291 1.78318 342.007 -0.628232 -1.39443 893.235 845.526 0.525046 0.739584 0.87038 0.867101 13.8028 0.0709988 1.45887 676.954 0.0285878 0.0996691
359.735 -0.285503 1.93412 346.119 0.989787 -1.21487 863.807 823.2 0.499626 0.701886 0.702093 0.754263 26.9961 -1.11285 0.0634085 704.016 0.0605052 0.0996691
2466.49 -0.744751 2.60088 2065.44 0.0426714 -1.36247 4538.62 4577.38 0.444321 0.479677 0.73679 0.84937 121.513 -3.13926 0.54334 7096.99 0.428789 0.0996691
684.101 -0.1595 1.79533 506.152 -1.62056 -1.28672 1521.24 1418.27 0.667432 0.859684 0.720871 0.84229 199.006 -1.68763 0.142769 1185.55 0.93092 0.0996691
1436.39 -0.275486 0.798549 880.514 -0.641601 -2.53644 2317.17 2261.05 0.483343 0.730996 0.801196 0.716254 611.224 -2.43703 0.0968421 2530.55 0.235158 0.0996691
1326.61 -0.185845 -2.95383 479.027 -0.339843 -0.594887 1506.44 1474.5 0.845241 0.80887 0.666896 0.797374 930.743 0.74902 0.0928149 2141.42 0.889499 0.0996691
1831.07 0.876386 -2.49188 1175.79 -0.966468 1.29338 4270.53 3444.06 0.180253 0.499087 0.522131 0.67163 148.561 1.05757 0.231203 4297.74 0.343179 -0.0996691
2184.44 0.585972 -0.814856 1663.68 -0.609311 -2.60565 3844.75 3870.53 0.629011 0.523951 0.827275 0.609421 1669.52 1.63662 0.169015 4812.24 0.892249 0.0996691
1128.76 -0.296258 0.067507 425.628 1.73095 -1.85322 2021.3 1969.85 0.589857 0.72774 0.801164 0.709978 931.341 2.8499 0.00156951 1745.85 0.95061 0.0996691
2382.58 -0.879818 3.12688 1946.5 0.187191 0.938505 4667.4 3521.1 0.221313 0.352516 0.690762 0.456432 216.882 -1.20018 0.321432 6275.21 0.347478 0.0996691
2052.68 0.560768 2.71528 1346.71 -1.31907 -0.855741 4947.65 3834.52 0.146427 0.744747 0.477012 0.791554 191.061 2.61394 0.126726 4678.65 0.103269 0.0996691
591.632 -1.66325 0.470899 549.397 1.40168 -3.13962 2755.45 2585.54 0.635785 0.557319 0.839264 0.823111 103.559 -1.94946 0.76356 1319.64 0.715165 0.0996691
1217.5 -0.657435 -0.0268639 1051.99 -1.26456 3.06505 2379.2 2383.17 0.732757 0.541404 0.814535 0.850947 75.5607 -2.4328 0.0723059 2551.7 0.695239 0.0996691
366.519 0.491486 -0.10305 264.943 0.00831557 1.27154 446.249 410.888 0.663337 0.573219 0.800438 0.837354 211.964 -2.95545 0.212135 874.528 0.760168 0.0996691
525.296 0.394331 -2.39405 318.918 2.35533 0.758806 1252.11 1217.39 0.575832 0.563846 0.73944 0.738588 198.855 0.779279 0.0123615 852.023 0.294571 0.0996691
1918.66 -0.387758 2.56136 1819.19 -0.946055 -1.29751 3670.35 3700.98 0.508069 0.34612 0.634998 0.653745 196.841 1.57986 0.244152 5890.96 0.348137 0.0996691
652.032 1.74427 -2.77874 645.874 1.59961 0.429216 1316.23 1287.98 0.669919 0.550505 0.739313 0.738148 28.7936 -1.05285 1.48264 1280.06 0.0263607 0.0996691
390.751 -1.55448 1.46513 379.251 -1.49303 -1.75468 799.183 661.953 0.745421 0.755539 0.736791 0.709175 21.2353 -2.70947 0.874652 784.234 0.933862 0.0996691
286.304 -2.6575 -1.84454 277.771 -1.69124 1.39438 643.093 627.005 0.577295 0.745421 0.310873 0.836228 23.1486 -0.0361514 1.42977 553.028 0.0679822 0.0996691
1705.62 0.74826 1.83953 1368.39 -0.346444 -2.27101 3294.72 3041.13 0.498278 0.580723 0.775448 0.82131 149.627 -1.73619 0.0308299 4600.02 0.876717 0.0996691
315.123 -0.455773 1.05471 298.994 0.185344 -2.34505 661.977 572.552 0.681541 0.677163 0.799168 0.729561 2.47319 -2.60754 0.21228 650.553 0.157636 0.0996691
479.05 -0.777319 2.41568 336.531 -1.35571 -0.147178 823.828 793.95 0.75167 0.751872 0.563919 0.579475 20.0059 -0.074101 0.0718176 1072.16 0.316165 0.0996691
437.337 -0.332635 -1.78672 434.453 -0.276347 1.3033 886.181 851.149 0.476421 0.746273 0.63874 0.785596 35.7956 2.54891 1.26031 847.052 0.0423416 0.0996691
1457.16 -1.16005 -1.93689 1407.58 0.772617 0.28762 4222.94 2941.56 0.836379 0.241278 0.829588 0.86998 839.152 3.00851 0.0104253 4110.16 0.616377 -0.0996691
775.322 -0.950862 1.03745 681.896 -0.541921 -2.01052 1502.76 1382.31 0.723471 0.513967 0.68686 0.513331 112.364 -2.54949 0.132002 1466.58 0.842878 0.0996691
777.781 1.37019 -2.68632 440.418 -0.937066 0.649742 2058.89 1684.44 0.623035 0.326669 0.684428 0.645885 46.6879 0.408765 0.069905 2013.24 0.396051 0.0996691
929.582 0.796254 -2.96097 909.528 0.419085 0.248047 1897.15 1796.37 0.707381 0.642896 0.747153 0.58099 74.6558 -1.11821 1.12336 1839.04 0.835366 0.0996691
566.258 0.65892 2.15284 465.534 -0.143441 -0.291556 1091.11 852.724 0.617558 0.146205 0.770517 0.831671 338.185 -1.90881 0.135308 1096.45 0.930385 0.0996691
1630.63 -0.529004 -0.595576 353.377 0.270411 2.77658 1649.32 1611.05 0.16063 0.66174 0.838427 0.747613 1273.56 2.51483 0.285286 2014.93 0.665197 0.0996691
2043.93 -0.831271 2.19034 1873.01 0.576158 -2.57136 4035.25 4064.78 0.699492 0.237572 0.886302 0.741897 486.412 -0.318891 0.0211613 6587.43 0.608558 0.0996691
1770.07 0.260274 0.221738 1355.23 -1.14614 2.69229 3771.52 3771.59 0.144471 0.720238 0.613128 0.69018 306.702 2.37079 0.315911 5304.74 0.950588 -0.0996691
1654.19 -0.9339 0.759376 1347.01 0.771295 -1.45143 3983.87 1973.24 0.346948 0.770123 0.838285 0.792939 136.976 -2.22333 0.353609 4449.21 0.902124 0.0996691
1467.84 0.725446 2.27837 303.148 -1.34061 1.09737 1802.01 1805.3 0.495639 0.688543 0.724838 0.891793 1406.4 -1.0287 0.0260692 1948.01 0.830965 0.0996691
3123.82 -0.59827 1.72805 2019.73 -0.0484393 -1.67344 5301.37 4616.1 0.123645 0.575122 0.635277 0.807743 609.969 -1.63506 0.0388284 6085.8 0.15517 0.0996691
359.345 0.718278 -1.68821 336.941 -1.33693 1.41466 1104.78 1062.18 0.673345 0.618213 0.74636 0.785611 14.7099 2.68486 1.28388 673.704 0.0291902 0.0996691
2286.86 -0.13096 -3.0138 1009.57 0.397471 -0.553571 2991.06 2974.06 0.835574 0.745726 0.779668 0.829403 370.423 0.614716 0.0318575 4557.57 0.923842 0.0996691
684.028 1.80491 -3.08311 489.552 -0.306354 0.420626 1868.69 1803.02 0.437511 0.711497 0.635815 0.697709 209.023 0.865513 0.439863 1476.54 0.277513 0.0996691
455.976 1.89998 2.87539 447.197 1.39922 -0.43394 947.697 920.233 0.72125 0.723706 0.773279 0.71452 27.1012 1.25486 0.6513 935.205 0.952558 0.0996691
308.953 1.3158 0.608181 292.533 2.63003 -2.51918 754.932 693.856 0.703851 0.724398 0.814357 0.615754 13.1987 -1.32046 1.15664 592.344 0.0601361 0.0996691
462.085 -0.726628 2.58709 445.61 -1.08087 -0.593126 934.472 905.904 0.88184 0.85441 0.833839 0.775161 16.7859 1.03793 1.55294 911.628 0.917863 0.0996691
1729.64 -0.558405 -0.296583 1576.64 -0.909467 -1.72746 2289.33 2229.76 0.786812 0.57716 0.676654 0.767585 522.978 1.77103 0.153682 5834.78 0.16379 0.0996691
2126.87 -0.907509 2.84104 1866.89 0.311481 0.557948 4654.46 2960.15 0.142501 0.291472 0.810318 0.875501 215.216 2.94008 0.150977 5907.49 0.388784 0.0996691
2003.73 0.0220035 -0.393878 1241.29 -1.31195 2.48578 3883.58 3877.26 0.583202 0.650165 0.796181 0.717173 94.7791 2.90597 0.342475 4683.04 0.39693 0.0996691
1479.6 -0.08563 -0.395872 1464.3 -1.12193 2.75428 3413.34 3144.65 0.360809 0.532908 0.580854 0.721252 19.9818 1.78891 0.575583 2956.58 0.742118 0.0996691
1777.64 0.331768 1.34366 1234.58 0.482544 -2.04953 2973.29 2935.59 0.726155 0.744104 0.693224 0.655006 192.378 -1.2301 0.142687 3506.42 0.602977 0.0996691
2346.89 0.427503 -1.06957 1585.29 -0.122196 2.04224 4012.74 4058.31 0.756045 0.233967 0.780021 0.567227 75.2747 0.223187 1.19467 5116 0.69707 0.0996691
1660.49 -0.152735 2.52538 1562.88 -0.271505 -0.628095 3294.81 2875.23 0.444211 0.269663 0.856914 0.857726 99.348 -0.514456 0.00959361 3294.84 0.165732 0.0996691
2165.11 -0.126366 1.63016 1782.78 -0.538921 -1.77908 3994.39 4010.09 0.534365 0.78107 0.813194 0.785017 285.329 -1.74284 0.0384817 5906.24 0.170407 0.0996691
1812.51 -0.3503 -0.996642 1294.78 0.681001 -3.06401 3124.35 3109.68 0.412582 0.800643 0.649535 0.686626 124.969 0.591815 0.0157186 4930.13 0.493115 0.0996691
1077.97 -1.29911 2.49336 972.346 -0.458293 -1.24966 2166.67 2148.05 0.653724 0.824846 0.581435 0.757812 337.285 -0.106248 0.0427556 2472.21 0.890945 0.0996691
1470.63 -0.0533627 1.76207 1360.43 0.661734 -1.31074 3049.05 2851.08 0.74342 0.486309 0.808185 0.686006 58.6084 -2.12621 0.154515 2939.15 0.910783 0.0996691
694.032 -0.925886 -0.638796 552.646 -1.33916 2.38716 1287.72 1217.39 0.601135 0.675836 0.788616 0.688724 120.34 2.79546 0.111935 1226.23 0.931269 0.0996691
389.163 0.00826149 -1.12595 378.351 -0.907414 3.00737 788.304 742.676 0.751927 0.639043 0.630997 0.814116 22.7692 2.63604 0.376151 1288.46 0.537021 0.0996691
1310.3 0.331619 -0.916618 623.404 -0.94641 1.89937 2184.24 1887.81 0.175905 0.490825 0.645168 0.824482 565.102 1.99328 0.039263 2284.22 0.850163 0.0996691
738.245 1.79644 1.71073 600.341 -0.615249 -0.843824 2418.53 2164.47 0.673343 0.736106 0.743073 0.785669 191.178 -1.33442 0.118255 1738.47 0.896459 0.0996691
1761.18 0.212573 -2.1882 1370.77 0.310092 1.10199 3140.25 2961.52 0.2383 0.572938 0.369041 0.606685 446.939 0.500535 0.213872 3163.24 0.85009 0.0996691
1487.23 -0.490893 -2.91072 1051.77 -1.27889 0.138519 2704.22 2730.67 0.663492 0.675831 0.580143 0.639188 231.584 3.13987 0.230029 3289.08 0.175525 0.0996691
1811.74 0.718462 -1.95029 1582.21 -0.712005 0.952916 4276.98 4305.29 0.799063 0.664258 0.818636 0.703572 410.609 1.85378 0.900142 3555.67 0.136947 0.0996691
455.507 1.13239 0.680449 442.422 0.7647 -2.56143 921.826 916.993 0.661208 0.481222 0.761227 0.747857 45.0259 -1.24737 1.31035 896.353 0.0555092 0.0996691
2337.64 1.00804 -1.38463 2053.49 -0.754641 1.91187 6284.78 5698.86 0.193633 0.710069 0.708252 0.639719 306.864 -1.16639 0.341568 5758.96 0.130249 0.0996691
377.646 1.28385 -1.83014 314.165 1.85927 1.29196 741.3 702.351 0.761306 0.713814 0.76246 0.685884 57.1141 1.21238 0.0766511 696.868 0.0554687 0.0996691
1536.02 -0.346513 2.37635 1198.14 0.0227453 0.434625 2313.92 2340.24 0.330399 0.428585 0.363211 0.436101 952.276 -1.19343 0.834435 3538.21 0.650398 0.0996691
1554.49 0.21984 -0.31505 1490.29 -0.124447 2.83608 3183.49 2947.75 0.607314 0.768949 0.649862 0.722973 62.1547 2.32104 0.197351 3116.3 0.637534 0.0996691
468.788 -0.475101 0.98986 389.362 0.855264 -2.16836 1068.48 1012.62 0.848269 0.74394 0.750208 0.739193 39.9409 -1.68851 0.485646 843.371 0.0928397 0.0996691
1069.98 -0.456756 1.56936 411.139 -1.09059 -2.0521 1407.31 1271.82 0.603728 0.463687 0.638928 0.880538 680.613 -1.28699 0.126536 1507.68 0.954044 0.0996691
1469.13 0.744082 -2.04591 921.455 0.275716 0.88477 2395.61 2376.91 0.272274 0.699122 0.726041 0.8336 544.297 1.40149 0.370453 2430.26 0.957108 0.0996691
2251.55 -0.689216 -1.76603 1437.09 -0.912093 1.61959 3766.89 3119.21 0.179435 0.653647 0.728302 0.750763 419.131 -1.0453 0.204215 5029.45 0.399967 -0.0996691
2494.19 0.554512 1.9895 1306.67 -0.71629 -0.574957 4264.49 4247.83 0.653738 0.381874 0.498596 0.502293 160.521 -1.93078 0.256553 5250.25 0.599119 0.0996691
1507.39 0.490356 1.05044 1362.03 0.594104 -2.04474 2965.98 2662.64 0.41313 0.506503 0.738783 0.836632 125.534 0.442658 0.0651754 3282.91 0.803896 0.0996691
2043.27 -0.875067 -0.818304 1799.5 0.151223 1.94028 4531.07 3418.39 0.30212 0.123126 0.782065 0.698441 490.341 2.06773 0.296086 4904.59 0.337078 0.0996691
2434.38 0.294117 -0.0977925 1388.16 1.13289 3.04158 4423.19 3050.23 0.128331 0.413631 0.703154 0.790747 90.0917 -1.87094 0.673751 5217.19 0.977874 0.0996691
1929.55 -0.288515 2.33952 1859.76 0.413095 -0.434022 4063.77 2781.85 0.288268 0.198054 0.74215 0.391632 153.913 -2.45856 0.49131 4423.34 0.809445 0.0996691
326.124 1.18667 0.224499 312.484 -0.360338 2.91703 835.222 821.624 0.623283 0.555609 0.753107 0.604601 52.3729 -1.04788 0.988439 739.444 0.843509 0.0996691
367.328 1.11694 2.22507 366.066 0.0671197 -0.822174 866.037 748.429 0.859485 0.632612 0.685604 0.697509 10.7981 -0.792438 0.0515317 757 0.857139 0.0996691
2492.68 0.837416 -2.18462 568.776 -1.54514 2.38968 4015.77 3838.89 0.785352 0.507554 0.551648 0.738268 2481.92 0.724919 1.32012 3112.06 0.712518 0.0996691
1996.36 -0.79915 -0.988465 898.169 0.497806 2.46263 3286.01 3041.78 0.284713 0.744306 0.493236 0.770408 423.375 2.13864 0.0936439 3716.64 0.70633 0.0996691
527.195 -1.03352 -1.27877 253.907 0.916598 1.91368 1120.53 1048.71 0.746107 0.788272 0.67602 0.773973 21.0871 1.60348 0.315067 1153.22 0.347255 0.0996691
1074.94 0.487303 2.72064 827.495 0.529909 0.57676 1783.67 969.95 0.259998 0.451156 0.832454 0.713923 838.099 -1.27228 0.178676 2035.06 0.694062 0.0996691
372.697 1.19599 2.12116 300.207 -1.01631 -0.974589 1136.04 1004.01 0.58384 0.739711 0.662124 0.748378 71.2142 -1.04402 0.0153257 674.744 0.231142 0.0996691
1119.8 -1.27007 -0.322287 903.143 0.502923 2.20378 2815.18 2645.5 0.735992 0.812059 0.722385 0.49864 86.2553 -1.17146 0.489674 2659.5 0.825185 0.0996691
1590.54 -1.02378 -1.65236 992.533 -0.923131 0.718959 2358.57 2317.39 0.128684 0.677415 0.801114 0.810746 257.627 0.468724 0.239023 3982.58 0.930589 0.0996691
1123.1 0.72014 0.292063 1032.3 -0.648391 -3.06926 2679.02 2650.77 0.358874 0.547373 0.78695 0.866584 197.765 -2.94776 0.126031 2415.28 0.123125 0.0996691
1374.45 0.169282 -1.16733 1201.98 -1.30433 0.728873 2949.59 2943.19 0.429381 0.5932 0.375762 0.718158 172.303 -1.05676 0.118971 4377.64 0.307282 0.0996691
388.559 -2.41635 1.61465 290.704 1.92908 -1.48994 2994.53 2758.93 0.849877 0.839483 0.812777 0.790562 55.5594 -1.5475 0.0451303 700.604 0.120991 0.0996691
1025.32 0.514276 -0.537047 464.46 -0.178235 2.82467 1486.06 1451.99 0.289826 0.757498 0.852048 0.803415 536.673 2.85022 0.0313737 1728.19 0.389877 0.0996691
1426.09 1.44516 -2.91852 1372.9 -0.370931 0.432678 4047.45 3874.14 0.473665 0.514599 0.663596 0.69153 360.621 -1.56901 0.166285 3252.56 0.307834 0.0996691
315.16 0.026104 -0.301682 313.67 -0.255521 2.84776 651.813 597.66 0.711195 0.688357 0.852177 0.729587 8.66739 -1.95242 1.48776 590.206 0.066094 0.0996691
584.299 1.99746 -1.92897 378.116 0.709811 1.13003 1179.97 982.091 0.48199 0.620362 0.875544 0.677782 120.665 1.17819 0.0805101 1063.35 0.152149 0.0996691
885.256 -0.175859 0.498784 483.433 1.08503 2.33343 1399.53 1172.14 0.321754 0.677464 0.881759 0.697641 779.745 -2.09645 0.148163 1870.92 0.658482 0.0996691
369.462 -1.9914 -2.78655 354.977 0.389904 0.298086 1313.55 1249.16 0.452329 0.655802 0.733063 0.589982 27.4198 1.83946 1.12975 719.756 0.875326 0.0996691
999.401 -1.54632 -2.53545 502.134 0.727059 0.940658 2458.65 2218.24 0.510148 0.543434 0.512231 0.792875 624.589 0.131734 0.0877602 1679.46 0.880474 0.0996691
2302.15 -0.230791 -1.29113 1854.64 1.28766 1.60846 5370.54 5400.27 0.422632 0.680295 0.599259 0.719089 52.7173 2.93588 0.801006 6029.05 0.848891 0.0996691
1919.93 0.0805087 -0.673557 832.94 0.470729 2.90773 2540.09 2457.85 0.41081 0.732798 0.699175 0.839252 428.876 2.75942 0.132042 3740.5 0.96397 0.0996691
2037.23 -0.962271 -1.95395 2011.2 0.823421 1.1662 5788.5 5801.04 0.719331 0.33568 0.566292 0.471903 183.563 0.938335 0.227676 5830.77 0.00894934 0.0996691
440.258 -0.814428 -1.65493 417.216 -1.9738 1.57362 1011.93 987.54 0.390896 0.732433 0.592334 0.556004 15.8178 0.164862 0.600261 879.472 0.87114 0.0996691
1576.1 -0.29197 -2.98723 1249.48 0.530739 0.645588 2982.36 2984.58 0.643275 0.466571 0.925426 0.823008 97.7666 -0.1358 0.250406 3511.04 0.905875 0.0996691
851.66 -0.91488 1.5807 785.339 0.73167 -1.30841 2241.64 1764.88 0.33099 0.573967 0.7895 0.790566 348.785 -2.49727 0.155498 1977.17 0.0668036 0.0996691
571.205 0.140912 0.897961 554.166 -0.381938 -2.36081 1174.62 1162.24 0.601453 0.732534 0.768706 0.734584 12.455 -1.37041 0.29923 1181.32 0.870699 0.0996691
1556.09 0.81924 2.6711 1164.97 -0.951543 -1.26666 3761.56 3013.4 0.768526 0.213992 0.675327 0.862126 333.456 0.291653 0.0339909 4307.16 0.356028 -0.0996691
450.366 0.359558 -0.594098 375.113 -0.34065 2.52829 890.098 833.806 0.687567 0.759886 0.768464 0.75532 63.3825 2.44276 0.0812552 839.109 0.074732 0.0996691
498.774 1.85734 -0.785365 313.169 0.584424 2.39638 979.752 851.493 0.484986 0.597802 0.476944 0.785244 168.192 2.22036 0.0739753 821.307 0.356389 0.0996691
1997.28 0.0870803 1.42106 1652.5 0.0656497 -1.1494 3689.7 2580.68 0.0897035 0.574152 0.599535 0.835011 44.4337 1.91018 0.469855 4809.94 0.353206 0.0996691
1718.76 0.184144 -2.42461 874.358 -1.19767 0.392603 3058.11 2918.02 0.728112 0.579179 0.719687 0.747052 150.464 1.08065 0.250009 4553.73 0.932377 -0.0996691
1332.26 -1.07351 0.953203 413.751 2.65426 1.62086 4702.3 4598.99 0.209289 0.366773 0.790627 0.540571 1464.54 -2.0311 0.143177 1988.1 0.683896 0.0996691
2887.01 -0.352704 -2.89809 1692.2 -1.24009 0.211461 4877.61 4874.08 0.354077 0.466555 0.42044 0.682585 1139.83 0.255834 0.0373002 4732.85 0.270547 0.0996691
1184.77 -1.50336 -0.0484671 1066.59 0.0530323 3.05783 2969.2 2991.15 0.628347 0.521626 0.790061 0.854656 64.5884 3.01311 0.0456157 2301.9 0.0537058 0.0996691
649.326 0.487307 1.60844 340.761 1.3506 -1.4949 1077.97 941.885 0.371628 0.629992 0.774063 0.639754 321.825 -1.40494 0.088039 1052.34 0.237329 0.0996691
437.125 2.4436 -1.00498 325.664 -1.63111 2.49426 2960.63 2385.57 0.650591 0.252827 0.744004 0.836811 162.089 1.46963 0.81755 750.129 0.40009 0.0996691
1570.56 -0.0405275 -1.3579 1570.4 -0.240097 1.92491 3227.93 3052.11 0.57256 0.357332 0.77041 0.754243 120.168 -1.08123 0.268452 3445.04 0.106988 0.0996691
376.445 -1.78662 0.932678 300.033 0.826369 -2.68524 1340.27 1066.63 0.803295 0.676718 0.736796 0.649404 71.6848 -2.93617 0.130406 910.283 0.436312 0.0996691
1639.6 0.811998 2.16194 1106.1 0.0661862 -1.1162 2895.67 2860.39 0.719713 0.573511 0.743343 0.763232 43.9741 0.109224 0.895322 3420.39 0.921493 0.0996691
2197.47 -0.085916 -2.31951 1652.06 0.766313 1.57091 3985.58 3612.16 0.563152 0.741694 0.348536 0.687494 149.095 0.601345 0.614753 5693.79 0.644821 0.0996691
1449.29 -0.471358 1.01051 1372.91 -0.855739 -2.12709 2902.93 2881.54 0.701852 0.54383 0.764758 0.611027 79.7398 -0.349841 0.632546 2944.44 0.576131 0.0996691
1205.87 0.646479 2.23906 1177.9 1.51782 -0.94552 2633.15 2644.25 0.460431 0.444502 0.625438 0.758744 106.635 -3.05474 0.989387 2582.16 0.870275 0.0996691
1073.36 -0.909242 -1.58166 952.347 0.758362 1.51415 2784.77 2733.89 0.639881 0.46602 0.732785 0.716008 112.618 -1.25109 0.339501 2451.14 0.958411 0.0996691
3391.12 -1.06566 1.72075 2750.2 0.232497 -1.03776 7497.92 6888.49 0.125092 0.55743 0.683471 0.495479 688.785 -1.41589 0.378175 7469.53 0.131226 0.0996691
1499.85 -0.587272 2.00202 1081.25 1.33332 -0.0697986 3592.91 3605.36 0.678118 0.61134 0.727884 0.560395 25.3119 -1.36228 0.21805 4053.3 0.860073 0.0996691
1721.46 -0.779169 0.96332 906.825 -0.547899 -1.59915 2427.87 2414.28 0.351878 0.609002 0.562487 0.715707 1060.64 -2.64801 0.371065 2670.44 0.973386 0.0996691
1545.05 -0.250848 1.37266 1473.41 -0.30058 -1.14836 2893.14 2898.86 0.596175 0.616997 0.799004 0.604082 157.309 -2.51153 0.530669 3831.75 0.649466 0.0996691
2426.02 0.23132 0.29019 2001.93 -0.312761 -2.68462 4829.18 3377.73 0.533793 0.101898 0.444889 0.746691 957.812 -2.40621 0.0497515 5402.97 0.65594 0.0996691
1624.63 0.165438 -0.0335064 1012.29 -0.260426 2.71539 2599.23 2575.11 0.735229 0.706795 0.737945 0.762262 445.793 -3.01231 0.0904837 3915.06 0.955769 -0.0996691
1634.48 -0.641942 -1.11486 1409.02 -0.00356223 2.67653 3062.05 3045.42 0.426491 0.748548 0.326345 0.62392 144.012 -0.111455 1.00295 4000.45 0.333619 0.0996691
343.141 -0.371275 2.17845 286.456 -0.527664 -0.980821 646.856 589.941 0.721001 0.63995 0.62074 0.787829 174.739 -1.7709 0.789004 968.02 0.877673 0.0996691
1788.19 1.22485 2.51968 1635.78 -0.489341 0.4922 4404.57 4467.56 0.474079 0.625405 0.704731 0.551145 84.6042 0.0044122 0.487927 5939.78 0.291504 0.0996691
1276.51 -0.530907 0.84616 1223.2 0.527812 -2.21766 2869.88 2835.42 0.728875 0.655387 0.682362 0.735398 123.752 -2.48563 0.120812 2571.99 0.953937 0.0996691
1623.83 0.404494 -2.20536 383.666 1.26076 1.39958 1806.67 1525.41 0.509531 0.612781 0.695688 0.788085 1304.02 0.811163 0.141286 2025.22 0.935458 0.0996691
1499.36 -0.12719 -2.91645 1180.14 0.845722 0.152932 3095.13 2693.77 0.337423 0.181908 0.627871 0.532191 201.768 0.0196168 0.133863 3002.27 0.871198 0.0996691
295.605 2.22775 1.61843 278.629 0.303668 -1.43529 874.763 818.853 0.684326 0.665168 0.791721 0.889099 24.6347 -2.77133 1.35063 547.292 0.0590204 0.0996691
1501.04 0.675593 -0.623407 1342.38 -0.7637 2.1812 3620.6 3087.52 0.687444 0.355524 0.7807 0.582693 217.02 -3.03539 0.637044 3159 0.806336 0.0996691
1439.5 0.240979 1.16623 841.67 0.476797 -0.395688 1634.79 1538.99 0.457022 0.73994 0.667604 0.762452 966.372 -2.47094 0.0836453 2963.76 0.806019 0.0996691
1701.45 0.261187 -0.0384694 1638.87 -0.490881 -1.97236 3044.84 3056.46 0.310864 0.597649 0.778203 0.468116 250.629 2.9937 0.339932 5334.71 0.967537 0.0996691
452.194 -0.205052 -2.09445 357.306 -0.879369 0.883477 866.834 808.125 0.700849 0.582903 0.822231 0.426906 54.0803 0.742006 0.0887426 883.748 0.169753 0.0996691
531.792 0.9962 0.914999 378.501 -1.52909 -1.25423 1666.39 1650.52 0.815945 0.532594 0.542339 0.586167 63.8431 -1.30192 0.0487196 1326 0.705899 0.0996691
326.876 0.0644196 -2.36168 322.275 1.06672 0.809776 751.414 676.982 0.80813 0.670117 0.820364 0.797685 22.1349 -0.37441 1.15139 603.237 0.0104231 0.0996691
1712.76 1.31388 3.10194 1345.37 0.365855 -1.23169 2950.42 2952.71 0.29034 0.572059 0.739207 0.775337 1522.27 0.526495 0.113517 5014.09 0.353904 0.0996691
293.053 -0.0436657 -0.951845 253.634 -2.66061 1.94231 1093.74 1033.43 0.711608 0.605848 0.673042 0.398335 51.4541 -2.70817 0.231809 574.742 0.850081 0.0996691
340.506 0.617936 -1.62779 309.126 0.533105 1.37352 666.759 611.727 0.828635 0.655953 0.665188 0.583031 55.0109 1.46037 0.105482 637.482 0.125841 0.0996691
630.055 0.530701 -3.02461 591.283 -0.417458 0.147264 1389.33 1281.35 0.478739 0.78582 0.43042 0.735823 15.9432 1.06736 0.85736 1239.37 0.123595 0.0996691
1579.69 -0.401725 -0.987441 1282.69 0.0975605 2.52442 2934.16 2823.63 0.681278 0.510993 0.745167 0.726285 54.9877 -1.27742 0.278839 3487.19 0.947637 0.0996691
492.101 -2.15399 -0.249459 489.408 -1.75421 2.9201 1019.29 964.508 0.716945 0.888558 0.798675 0.759042 9.9727 0.0605038 0.289953 967.226 0.025068 0.0996691
1678.3 -0.735024 -2.53132 572.598 -1.23509 -0.230746 1861.62 1868.89 0.37198 0.870099 0.796408 0.7591 1260.24 0.925529 0.660343 2518.02 0.877812 0.0996691
1634.34 0.361625 1.40796 1428.91 -0.734196 -0.463225 3046.47 3015.32 0.722461 0.369562 0.829427 0.637924 272.042 2.32386 0.757137 5376.38 0.262235 -0.0996691
1378.5 0.329323 0.132938 560.921 -0.214293 -3.03911 1902.39 414.368 0.218675 0.758615 0.725578 0.686173 617.561 -2.5987 0.410366 2305.47 0.130009 0.0996691
965.725 -0.661908 2.53297 606.427 1.37076 -0.541027 2409.83 2284.23 0.727342 0.739628 0.782383 0.918622 187.815 2.54005 0.0215545 2157.26 0.264115 0.0996691
1832.63 0.948552 -0.682477 1096.17 -0.0343352 1.967 3123.03 3152.32 0.685253 0.662715 0.613771 0.589851 589.587 1.85417 0.0870959 4547.23 0.621807 -0.0996691
516.287 0.567406 1.68569 275.934 -0.289117 -1.58695 841.847 763.317 0.764329 0.598454 0.765204 0.588429 244.178 -1.50818 0.0812575 811.411 0.285434 0.0996691
1054.69 0.436546 -1.77357 794.256 -0.983969 1.95221 2389.73 1622.44 0.14681 0.521277 0.666494 0.719205 267.331 0.509185 0.0687312 2254.09 0.447753 0.0996691
877.84 -1.35152 -1.141 773.748 0.439994 1.83179 2371.69 2283.04 0.412317 0.615125 0.64437 0.763499 160.816 2.11635 0.284924 1729.45 0.115823 0.0996691
3281.21 0.548491 -0.774126 1929.1 -0.303828 2.89181 5489.85 4868.61 0.742115 0.42824 0.690101 0.472176 890.884 2.17568 0.157188 6696.97 0.950973 0.0996691
1688.49 0.169471 1.67245 1518.05 -1.31978 -2.15829 4032.62 3060.55 0.529693 0.277011 0.698286 0.629076 177.743 -0.6449 0.302748 4175.01 0.586445 0.0996691
1997.44 0.507688 1.63064 1194.33 0.669214 -1.8618 3059.24 3083.98 0.54831 0.687662 0.659752 0.789732 12.613 -0.975106 0.883095 5324.91 0.306719 -0.0996691
627.03 0.612542 -2.99094 252.884 -0.050484 0.168245 872.92 763.822 0.59374 0.766429 0.775926 0.767547 380.653 0.118322 0.00329968 849.75 0.497448 0.0996691
1240.77 0.54087 2.53456 1238.05 -0.0208337 0.0381647 2514.22 2392.77 0.618634 0.34015 0.566744 0.49351 225.702 2.33958 0.137455 3487.28 0.462358 0.0996691
1241.31 -0.152942 -3.14031 1001.25 -1.15408 -0.235575 2514.43 2475.48 0.822509 0.583928 0.815965 0.610809 634.006 0.420619 0.185573 3568.84 0.951011 0.0996691
540.175 1.10065 1.13496 407.341 -0.425547 -1.51782 1227.77 1131.57 0.668456 0.697446 0.761629 0.69904 48.3877 -1.2488 0.27246 1265.61 0.584891 0.0996691
2272.31 -0.368927 1.22682 944.497 0.380683 -2.1222 3311.69 827.3 0.189184 0.652965 0.820388 0.678181 977.435 -1.93846 0.258297 3688.33 0.161917 0.0996691
1336.05 0.801501 1.25787 684.089 1.75618 -2.00706 2188.72 2057.7 0.754132 0.488981 0.603253 0.728685 222.613 -2.34695 0.227196 2973.23 0.735913 0.0996691
2977.99 0.0493255 2.38431 2626.89 -0.229539 -1.43261 5602.46 4701.07 0.07648 0.676632 0.693387 0.72704 293.682 -1.2879 0.143845 7738.19 0.265429 -0.0996691
1332.77 0.68829 2.09249 928.787 -0.80035 -0.761106 2874.16 2831.01 0.800346 0.676956 0.777269 0.713095 63.0258 -1.2384 0.46987 2842.18 0.223552 0.0996691
291.81 -0.48532 -0.484343 289.754 -1.11647 2.67068 624.108 588.379 0.662493 0.751208 0.558882 0.834356 12.8161 0.950607 1.43354 555.207 0.0629541 0.0996691
903.627 -1.16464 0.153307 890.076 -0.723892 -3.02619 1851.12 1864.35 0.459094 0.538031 0.705046 0.706564 34.3579 -1.72887 1.29678 1810.13 0.0216807 0.0996691
1285.4 -1.273 -1.28779 998.094 0.263704 1.4887 2962.62 2879.79 0.779199 0.40411 0.716323 0.801719 484.879 2.61816 0.0544965 2312.01 0.969029 0.0996691
418.998 -0.47453 0.481877 394.569 -1.63423 -2.77305 995.279 721.037 0.7523 0.335205 0.636891 0.775665 46.3961 -2.14724 0.0524738 811.948 0.614736 0.0996691
1081.37 -1.72123 2.00004 683.633 0.59641 -1.29457 3026.68 2534.49 0.366548 0.594165 0.399571 0.728818 87.5476 -0.996346 0.125897 2096.75 0.382618 0.0996691
353.917 1.28402 3.13861 259.318 0.805676 0.762599 589.143 582.511 0.591277 0.806187 0.76929 0.709983 15.6597 1.39778 0.629706 846.655 0.697212 0.0996691
522.886 -1.46765 2.03347 352.188 0.0865227 -0.817787 1137.77 1102.97 0.798719 0.698505 0.748468 0.717856 146.104 -1.72615 0.0992856 1106.59 0.274429 0.0996691
1424.87 0.238812 -0.39423 437.269 -2.29404 1.8803 2959.2 1542.07 0.18696 0.772649 0.828251 0.814028 836.351 -2.99442 0.432778 2580.94 0.748487 0.0996691
1678.62 -0.179062 0.661156 1128.48 0.274682 -2.19974 2808.27 2815.1 0.595951 0.406157 0.891402 0.699651 196.947 -1.9905 0.212159 3420.98 0.239314 0.0996691
1773.13 -0.0643767 -1.78038 1317.28 0.652596 -0.126322 2522.01 2550.19 0.758799 0.207548 0.684599 0.663988 810.663 1.45598 0.0104388 4935.95 0.497829 0.0996691
386.08 -0.103994 1.89002 344.214 1.14 -1.30145 917.263 653.583 0.705558 0.192259 0.846229 0.705016 42.9295 -0.70351 0.366317 744.247 0.154967 0.0996691
2824.92 -0.583711 -0.771438 2184.94 0.579331 1.87065 5719.64 5788.4 0.153624 0.469433 0.68509 0.743518 406.7 -3.02812 0.188466 7057.22 0.944695 0.0996691
3585.73 -0.596329 1.6659 3444.46 -0.0168532 -1.68333 7307.22 7392.02 0.582928 0.416029 0.606827 0.735763 214.467 3.05985 1.39391 8156.93 0.776137 0.0996691
990.382 -0.783121 -0.593609 790.302 0.255813 1.72927 1895.41 1903.52 0.463745 0.509239 0.700366 0.657503 26.0968 -2.8147 0.0680418 2497.58 0.460983 0.0996691
1516.72 0.0609754 1.14173 1345.69 -0.461202 -2.04623 2984.07 2914.51 0.564969 0.52193 0.566279 0.693571 10.7706 -2.27599 0.231337 3085.44 0.0323501 0.0996691
1549.38 1.52518 -1.31622 1164.41 0.108061 0.109366 2734.09 2714.39 0.436396 0.631978 0.512215 0.629568 1640.6 2.35814 0.397093 3269.11 0.902286 0.0996691
1973.72 0.57861 -2.12406 1765.5 -0.0308877 1.29461 4124.5 3040.98 0.343752 0.0587818 0.508897 0.839151 122.439 2.28328 0.988788 4664.24 0.801825 0.0996691
1262.17 -0.679644 2.0505 638.245 0.370226 1.93394 1057.74 980.249 0.718209 0.700172 0.798728 0.72372 1735.02 -1.3417 0.0294348 2658.11 0.389194 0.0996691
2207.59 0.117504 -3.06065 1819.64 0.179972 0.448944 3961.96 3978.94 0.182995 0.370442 0.735972 0.703262 127.28 -1.26788 0.42693 5139.57 0.711085 0.0996691
1771.64 0.544143 2.99962 1524.8 -0.000293945 0.318545 3344.58 3350.89 0.744808 0.744346 0.798797 0.649925 171.595 1.00219 0.683165 4549.73 0.628561 0.0996691
632 1.2228 -1.5203 593.222 0.977871 1.50103 1259.2 1143.87 0.600159 0.617003 0.742178 0.796135 16.6455 -1.51507 0.0446627 1312.07 0.914058 0.0996691
781.472 2.05591 -2.91447 341.439 -0.7902 0.157621 2285.44 2151.45 0.841992 0.802542 0.916835 0.69807 252.05 0.21366 0.0293364 1308.59 0.945526 0.0996691
1292.69 -0.827664 -2.99317 955.91 0.0434811 -0.28444 2502.5 1243.51 0.421391 0.38759 0.658849 0.837596 177.395 0.0558477 0.309054 3857.39 0.443302 0.0996691
299.839 -0.733974 -2.63927 293.77 0.388582 0.135555 693.161 641.75 0.799147 0.736155 0.798218 0.767287 26.4572 -2.27681 0.275916 709.721 0.471173 0.0996691
1474.88 0.934168 -1.32537 1371.8 0.472482 1.75035 3022.47 2252.28 0.715594 0.123722 0.808503 0.671439 138.906 2.3391 0.299008 2913.49 0.401212 0.0996691
523.111 1.17987 1.33129 402.156 -0.882549 -1.62736 1476.48 1250.48 0.756921 0.539219 0.708122 0.791717 138.467 -2.19242 0.142012 940.024 0.782894 0.0996691
1522.62 -1.07491 1.84264 1439.38 0.0139078 -1.35735 3586.77 3057.93 0.217444 0.155259 0.614363 0.652836 116.017 -0.50983 0.276329 3110.26 0.572419 0.0996691
1683.37 0.73067 0.54093 746.136 -1.63489 -2.02149 3980.75 3881.94 0.589524 0.323285 0.769552 0.484455 129.316 2.00267 0.719219 3889.16 0.70331 -0.0996691
391.064 -0.133574 -1.00677 379.534 -1.58473 2.05872 994.167 971.656 0.476705 0.64029 0.703535 0.74555 31.9562 -2.63208 1.59445 765.339 0.0369044 0.0996691
1054.22 0.654666 -1.53956 586.48 -1.84054 1.74512 3052.37 2005.34 0.254912 0.668036 0.633317 0.750958 53.0766 1.33502 0.120061 2073.07 0.120807 0.0996691
1612.43 -0.873118 -1.793 1441.21 -1.05636 1.58141 3083.13 2957.96 0.63173 0.53025 0.804421 0.418809 118.415 0.384999 0.115552 3375.62 0.793194 0.0996691
3100.08 -0.448497 0.365765 2185.6 -0.845863 -2.45293 5659.05 4553.28 0.162714 0.60857 0.475829 0.652632 164.071 -2.3964 0.0402944 6519.75 0.146233 0.0996691
300.68 1.19052 0.57372 271.001 -0.739118 3.05401 848.877 743.713 0.578605 0.667494 0.641301 0.766714 133.404 -2.15055 1.09488 678.644 0.364561 0.0996691
969.949 0.429646 -0.201427 701.029 -0.733851 -2.81156 1914.03 1793.72 0.655064 0.64285 0.772928 0.803668 659.092 2.53467 0.0405915 2026.21 0.222604 0.0996691
1516.04 -0.493769 -1.80616 587.74 -0.666821 1.44217 2074.63 490.577 0.350374 0.473807 0.547064 0.776356 1082.04 1.13213 0.114216 2498.94 0.516679 0.0996691
591.102 1.13566 0.693937 470.327 -1.06436 -3.10129 1780.31 653.51 0.501175 0.773064 0.300292 0.832435 35.3929 0.406745 0.31787 1475.51 0.428114 0.0996691
1027.69 -0.703984 -3.09165 924.579 1.24419 0.0195496 2967.73 2921.6 0.613039 0.586071 0.406329 0.763726 116.484 0.27338 0.155382 1955.81 0.953115 0.0996691
776.04 0.355136 -2.7275 544.968 1.06258 0.574753 1424.91 928.81 0.258671 0.501605 0.777419 0.702722 210.561 0.194905 0.208239 1396.47 0.504149 0.0996691
2622.97 -0.352628 -2.96346 2424.55 -0.563483 -0.45702 4852.94 4804 0.593698 0.527184 0.569723 0.330801 415.3 -1.77388 1.18305 7220.06 0.63284 0.0996691
1042.8 1.66376 1.67492 580.9 -0.664086 -0.91189 2711.01 2743.35 0.242169 0.748284 0.747173 0.865461 559.077 -2.14406 1.14159 1769.33 0.801728 0.0996691
701.417 -1.36918 0.0795725 302.028 0.240685 -2.69491 1251.33 1183.2 0.741085 0.378977 0.642968 0.552023 276.966 2.82347 0.01895 1163.75 0.908094 0.0996691
457.752 -0.143612 1.72001 407.689 -1.27322 -1.38215 1037.43 925.149 0.724874 0.648449 0.764493 0.764421 13.1829 -2.06255 0.0469487 890.217 0.675046 0.0996691
2513.14 -0.133717 1.0534 2202.3 0.711242 -1.39552 4897.07 4936.05 0.754412 0.457188 0.785065 0.68838 667.229 -2.52509 0.700896 5918.57 0.764285 0.0996691
2067.86 0.650694 0.425365 1466.64 -0.547009 -1.45369 3605.26 3570.47 0.251042 0.645981 0.509828 0.803644 136.291 -0.890603 0.487436 6845.23 0.370592 0.0996691
1046.03 1.33136 -0.476 657.488 -2.13713 2.53984 4859.98 1849.42 0.697847 0.368396 0.932016 0.652492 538.945 1.88963 0.406214 2246.79 0.895892 0.0996691
2426.89 0.766873 -0.0440074 2057.76 0.152967 2.25339 4323.56 4344.66 0.668246 0.278142 0.44357 0.715141 727.427 2.38008 0.126689 6779.64 0.964502 0.0996691
1450.8 0.264963 0.952636 1133.06 1.01 -2.99805 2564.98 2534.95 0.346392 0.61358 0.706773 0.488305 108.847 2.07325 1.11622 3943.1 0.360397 0.0996691
333.026 -0.419611 0.0547047 332.086 -0.653207 -3.10733 686.726 641.651 0.784179 0.591948 0.755549 0.736306 9.87421 -1.47969 1.54202 634.425 0.0149434 0.0996691
1458.29 0.866945 -2.18615 1044.17 0.823502 0.076212 2249.87 2253.29 0.292741 0.426888 0.496827 0.635382 1080.88 1.74672 0.0644641 2786.36 0.135546 0.0996691
3101.43 0.749378 -2.72817 1268.23 0.632758 0.859797 3900.83 3900.27 0.670191 0.700275 0.600033 0.771435 1451.18 0.492642 0.371476 5359.75 0.467087 0.0996691
709.704 -0.881704 -3.02747 282.863 0.738797 0.0423316 1241.19 989.491 0.736976 0.191087 0.82242 0.570072 419.966 0.140725 0.0279215 997.124 0.67351 0.0996691
303.532 -0.442335 1.88774 288.184 1.64153 -1.27988 959.636 832.727 0.798022 0.706703 0.790456 0.753315 37.2533 -0.805713 0.44779 548.942 0.842667 0.0996691
616.822 -1.10669 0.556125 409.115 1.58389 2.86244 2021.57 2020.84 0.809021 0.554367 0.742628 0.63215 207.642 2.73899 0.12323 1566.51 0.505201 0.0996691
1706.58 -0.409976 1.63979 1234.56 -0.544411 -0.753795 2754.06 2647.05 0.62367 0.463247 0.737019 0.641099 629.681 -1.34054 0.574053 4022.4 0.943563 -0.0996691
2586.44 0.618396 2.08002 1429.22 -0.471189 -1.16205 4505.63 3598.51 0.308262 0.767142 0.480576 0.812947 640.057 -1.27219 0.104277 4721.35 0.129431 0.0996691
366.837 -1.84121 -2.95777 324.076 0.467924 0.209566 1217.46 1135.09 0.734714 0.696336 0.742279 0.716413 37.028 0.0413132 0.0390651 678.323 0.864078 0.0996691
2298.76 -0.433736 3.10745 1727.93 1.07421 0.822589 4918.11 4968.94 0.478753 0.359748 0.260032 0.832361 638.107 -1.30563 0.00851774 5474.75 0.652391 0.0996691
1731 0.180437 -2.04032 1144.34 0.822968 0.792248 2933.7 2960.47 0.362674 0.605463 0.763704 0.80279 57.3871 0.415351 0.375986 3618.1 0.256062 0.0996691
2044.9 -0.84121 0.30602 754.344 1.74909 -2.77451 4877.79 4933.93 0.231049 0.427053 0.81848 0.718334 676.865 -2.57225 0.200897 4112.76 0.462674 0.0996691
1401.26 0.18903 -1.83957 780.501 -1.31684 1.5421 2727.62 2600.4 0.73717 0.662493 0.771116 0.823372 33.7984 0.455389 0.347068 2977.52 0.593594 0.0996691
1424.5 -0.200539 -3.0242 1083.01 0.606062 -0.441621 2626.58 2608.83 0.61786 0.514914 0.753705 0.677647 377.832 -2.81733 0.209858 3692.6 0.881713 0.0996691
1688.17 0.448595 -1.66688 557.841 -0.675621 1.60823 2299.17 1893.49 0.57741 0.586053 0.813918 0.677842 700.967 1.51304 0.0495007 2698 0.951624 0.0996691
605.959 0.429363 -2.32552 594.107 0.124912 0.836096 1239.74 1166.68 0.747083 0.829116 0.988624 0.869543 23.4771 -0.943839 0.927791 1170.63 0.92295 0.0996691
2706.38 0.0340456 2.02997 1729.39 0.152843 -0.630577 4287.76 3101.86 0.238612 0.401586 0.734939 0.824225 290.977 -1.78289 0.0886201 5632.25 0.273711 -0.0996691
1578.6 0.901552 3.02421 1295.68 0.560751 0.289236 2859.92 2862.51 0.567541 0.2169 0.747832 0.805838 143.7 3.04918 0.0231056 5094.28 0.220123 0.0996691
428.781 1.87897 -2.91616 251.981 0.651275 -0.290333 793.488 696.816 0.636842 0.827066 0.766997 0.808525 36.3382 -2.40417 0.0550947 1141.51 0.754046 0.0996691
516.298 1.56374 2.46374 443.01 1.97351 -1.13243 1014.95 815.822 0.720481 0.474987 0.648697 0.713574 126.946 2.51038 0.0247476 1404.49 0.237007 0.0996691
1762.45 1.00725 2.88013 1443.68 0.767536 -0.94144 3066.26 3011.75 0.596051 0.457321 0.567168 0.61749 448.09 -1.19404 0.250123 4600.5 0.964464 0.0996691
1737.02 -0.364369 0.823514 981.954 -1.56965 -1.73935 3026.81 2978.14 0.409349 0.525551 0.614504 0.796294 642.024 -2.60744 0.117179 3270.18 0.463085 0.0996691
547.711 0.334087 -1.8494 375.901 -0.205418 1.6045 969.417 877.38 0.80073 0.402249 0.763617 0.894754 129 1.72856 0.10707 1187.73 0.55487 0.0996691
845.064 -0.953561 1.06543 487.813 0.117388 -1.88735 1483.94 1451.88 0.566433 0.453028 0.517749 0.743726 138.751 -0.0193829 1.08522 2085.42 0.633569 0.0996691
432.852 -0.529151 -1.90194 373.568 1.80437 1.10265 1450.28 1040.18 0.533607 0.580715 0.856704 0.68052 71.1795 2.04607 0.943643 804.837 0.900917 0.0996691
2904.64 -0.268379 -3.00869 2888.33 0.449666 0.107159 6589.44 4317.81 0.275353 0.135205 0.627819 0.804336 78.9685 1.45208 1.24814 6067.7 0.725416 -0.0996691
664.166 -1.70969 -1.98985 653.32 0.965201 0.474988 2654.66 2623.3 0.606129 0.524613 0.842207 0.673167 153.841 2.53706 0.28156 1582.99 0.703259 0.0996691
1732.86 0.53086 1.56138 932.893 -0.724982 -1.56635 3077.27 3026.49 0.65544 0.591141 0.605573 0.784441 793.318 -1.58727 0.0180285 2702.52 0.92644 0.0996691
820.797 -0.532123 -2.16953 585.54 0.416495 0.842568 1575.81 1479.64 0.830964 0.742844 0.713879 0.814252 6.65028 -0.425595 0.439224 1944.62 0.789286 0.0996691
1542.41 -0.103023 0.966641 1465.29 0.116084 -2.22997 3071.99 2984.82 0.62072 0.741971 0.768097 0.697403 93.2443 1.78799 0.809198 3239.88 0.778985 0.0996691
1893.46 -1.01691 -2.93015 1492.63 -0.521534 -0.463564 3329.17 3280 0.702967 0.567608 0.570889 0.712892 53.1524 -0.869619 0.418917 5114.13 0.970775 0.0996691
665.915 2.54303 -0.806405 443.293 -0.523769 2.61825 2654.39 2546.61 0.258588 0.608363 0.555189 0.765168 93.7648 1.67324 0.200784 1299.36 0.648804 0.0996691
1834.94 -0.267617 -0.615193 1809.83 -0.620641 -2.43493 2977.6 2956.05 0.482682 0.752665 0.714414 0.804783 125.717 -2.08742 0.342415 6544.17 0.19421 0.0996691
1105.6 -1.41022 -0.580219 641.318 0.18323 -2.87227 2147.45 2129.03 0.539142 0.741287 0.652234 0.801151 496.074 3.01046 0.395672 2504.21 0.9143 -0.0996691
258.736 0.732474 1.42871 251.557 -0.179783 -1.71486 573.663 533.24 0.751714 0.603169 0.582525 0.63291 2.52895 0.766336 0.639587 506.766 0.0510361 0.0996691
1218.96 0.83669 1.64318 1136.91 -0.872913 -2.03606 3301.79 1291.07 0.673516 0.251739 0.725278 0.812707 639.233 -1.93475 0.0822697 3325.05 0.805618 0.0996691
1820.94 -0.582617 -2.18509 1570.28 -0.423622 0.974402 3497.61 2930.65 0.138131 0.136467 0.895704 0.804541 943.46 0.633429 0.18055 4227.16 0.127296 -0.0996691
437.795 0.00368303 -0.355782 342.796 0.964871 -1.42028 620.85 396.736 0.394269 0.348609 0.842345 0.660913 575.202 2.47226 0.0301769 931.036 0.350185 0.0996691
1647.88 -0.82571 0.771085 911.594 -0.266698 -2.24269 2630.83 1897.57 0.518742 0.169159 0.461199 0.796379 758.014 -2.53732 0.00913644 2617.51 0.602764 0.0996691
1167.82 -0.516772 0.104156 950.134 0.849485 -2.75626 2651.9 2083.06 0.265913 0.750353 0.82793 0.859443 251.945 2.52863 0.694033 2322.16 0.766555 0.0996691
1478.54 -0.552396 2.07881 724.386 -0.148913 -1.03193 2144.56 1998.83 0.760269 0.745346 0.82232 0.832733 770.011 -1.07368 0.00585055 2203.88 0.396017 0.0996691
270.203 0.714569 2.51899 269.435 0.474976 -0.52337 558.422 523.149 0.73678 0.617472 0.729931 0.572224 18.8334 2.47889 0.0387058 536.434 0.075104 0.0996691
565.959 -1.13821 -0.579551 565.669 -1.54733 2.41711 1171.49 1146.31 0.691712 0.653305 0.760491 0.686559 30.0024 -1.9522 0.46827 1140.75 0.966376 0.0996691
1070.64 -0.929957 -2.17815 299.251 -0.281906 0.796069 1245.59 1020.07 0.392441 0.58988 0.81123 0.654622 768.648 1.02332 0.0815607 1364.63 0.670964 0.0996691
2763.74 0.269133 2.74806 1219.4 1.21929 -0.284944 4302.97 3743.15 0.219778 0.325817 0.67545 0.686705 1386.15 -0.433331 0.0596421 4389.1 0.864173 -0.0996691
1814.39 -0.154491 0.108667 1795.24 0.386448 -1.83013 3149.97 3154.85 0.38832 0.300178 0.665344 0.806702 316.916 2.10375 0.0515466 5791 0.36301 0.0996691
2207.42 0.0265901 1.58229 1238.85 -0.231222 -1.5829 3463.07 3046.55 0.726692 0.620726 0.602784 0.555161 1496.94 -1.74434 0.0447439 4082.54 0.80743 -0.0996691
801.559 -0.981498 0.683003 402.108 -0.678027 -1.13569 973.953 1751.19 0.527926 0.317098 0.400648 0.668137 407.676 -3.14049 0.0363204 1722.47 0.482254 0.0996691
1481.82 -0.133916 1.40934 1320.32 -0.623484 -1.61433 2930.77 2493.7 0.480832 0.294409 0.733 0.679186 212.248 -2.27034 0.541782 2894.46 0.197448 0.0996691
1037.77 0.285792 1.36559 738.95 -0.747861 -1.91607 2091.68 1785.93 0.414834 0.620398 0.77897 0.661036 533.988 -1.96824 0.0571058 2254.86 0.0574294 0.0996691
1248.29 -0.669193 -2.36442 1091.24 0.611528 2.84374 2029.92 2007.85 0.735259 0.202545 0.752881 0.618031 1096.67 0.577243 0.630206 3910.8 0.600032 0.0996691
397.738 -0.126626 1.15477 314.523 1.01018 -2.03052 864.303 603.174 0.165159 0.561529 0.726854 0.64277 24.188 -2.61415 0.593617 789.721 0.298038 0.0996691
522.702 0.287615 0.471649 396.012 1.04829 2.79432 929.198 889.596 0.760572 0.718966 0.786832 0.812932 35.5939 -2.88945 0.603055 1258.14 0.41885 0.0996691
1354.7 -0.246141 -1.14963 1217.76 0.780964 0.54255 2473.21 1968.99 0.459995 0.543077 0.908541 0.735168 1269.46 2.768 0.24735 3202.04 0.937604 0.0996691
1321.93 0.316423 -2.76353 1299.2 1.01289 2.69888 1415.71 1417.51 0.631011 0.526077 0.779491 0.54293 675.507 -0.286809 0.186068 4438.55 0.494465 0.0996691
339.096 1.98485 -0.654332 287.736 1.74015 2.67822 638.786 606.14 0.706252 0.704537 0.713095 0.750271 6.53537 -2.07946 1.42496 674.236 0.729239 0.0996691
1542.51 0.215059 -1.78194 394.622 1.71689 0.298739 2049.58 650.225 0.124431 0.78038 0.647045 0.742444 1388.47 1.60694 1.28557 1979.56 0.717512 0.0996691
573.695 -0.291919 1.49176 504.035 -0.0511773 -1.20273 1076.22 1014.64 0.798759 0.794048 0.661929 0.767752 20.3315 2.77166 0.0214858 1362.96 0.701972 0.0996691
1545.34 -1.15539 -0.976119 1420.13 0.0439873 2.05361 3575.67 3078.77 0.359429 0.373572 0.720147 0.436318 52.7651 -3.08466 0.27233 3154.48 0.602478 0.0996691
1235.5 -0.267297 0.296705 775.311 1.98448 -3.09351 3393.02 2584.6 0.25081 0.546391 0.482324 0.646405 339.782 -2.28139 0.0377131 2402.84 0.587835 0.0996691
1773.31 -0.6131 -2.51889 1099.93 0.0425741 0.322641 2942.24 2902.57 0.697144 0.639026 0.597573 0.526113 37.202 -1.09247 1.40103 3706.3 0.930088 0.0996691
1512.11 -0.564723 2.71557 1440.14 -0.294004 -0.445988 3026.25 2934.3 0.4669 0.442056 0.684698 0.350371 85.289 -0.0671597 0.322575 3020.61 0.0568158 0.0996691
804.725 0.413569 0.407412 702.823 -1.86763 -2.77469 2610.93 2465.49 0.760848 0.532552 0.612432 0.827817 80.4053 -2.51058 0.304729 1557.83 0.114507 0.0996691
1572.29 -0.270448 1.30143 1538.32 -0.9908 -2.73787 3035.81 3060.72 0.732424 0.214902 0.6898 0.639544 69.849 0.98662 0.315651 5286.29 0.22448 0.0996691
1926.28 -0.281437 -3.03509 581.311 1.56661 -1.40072 2738.08 2728.86 0.767408 0.739215 0.674626 0.656688 1356.18 0.595216 0.149371 3355.75 0.780829 -0.0996691
1741.04 0.721533 -1.09856 1471.02 0.326918 1.25615 3041.26 3036.02 0.489754 0.843273 0.573394 0.728199 1044.16 2.1506 0.0103662 5384.77 0.419548 0.0996691
2086.34 0.289072 -0.230433 2058.62 -0.629395 2.94451 4768.45 3145.2 0.630102 0.222372 0.744802 0.772917 71.4523 1.50481 1.2001 4222.24 0.375162 0.0996691
735.438 1.61236 1.27298 702.628 -1.6933 -1.83601 3927.07 2692.79 0.12254 0.426674 0.650968 0.470149 33.9118 -1.809 0.0765145 1519.09 0.162195 0.0996691
2411.5 -0.362857 1.33306 1808.27 0.108193 -1.48089 4437.78 3572.01 0.129135 0.7405 0.633793 0.577564 299.953 0.791445 0.0289176 5687.57 0.1383 0.0996691
391.914 1.72674 0.491143 326.279 0.636788 -2.84489 866.777 716.53 0.749893 0.810911 0.791892 0.679019 4.22367 -1.02457 0.748876 866.826 0.654342 0.0996691
1964.26 0.0685036 2.56147 1555.28 -0.986847 -1.12478 3890.28 3927.77 0.44681 0.606972 0.53869 0.7303 328.745 -0.979401 0.0068832 5751.21 0.446647 0.0996691
1046.13 0.892745 -1.95503 685.167 -0.796451 1.51289 2347.84 1946.08 0.7321 0.415317 0.57423 0.73774 315.098 2.79772 1.0307 2410.83 0.92517 0.0996691
1454.73 -0.200889 -2.04658 1433.88 -0.365031 1.15468 2929.47 2885.6 0.670696 0.494278 0.629657 0.81661 63.3941 -1.11043 0.50568 2977.68 0.458735 0.0996691
1977.63 -0.877323 0.224878 1348.55 -0.1412 2.062 2898.85 2881.13 0.16968 0.659837 0.633957 0.818274 1494.37 -2.6023 0.277078 5462.54 0.717358 0.0996691
1316.65 1.09374 1.24891 788.604 -1.13707 -0.818036 3285.45 3316.03 0.407765 0.263154 0.624031 0.595494 610.663 -2.354 0.319941 2669.83 0.545857 0.0996691
520.247 1.38446 -0.460353 372.607 -2.15014 2.92728 2655 2635.79 0.385881 0.716219 0.84948 0.620389 46.066 0.132633 0.594313 1148.47 0.69422 0.0996691
1448.55 -0.769762 -2.56394 1296.92 -0.0155348 0.594995 3002.2 2887.34 0.422315 0.529024 0.818793 0.782638 107.6 -1.77785 0.784181 3031.08 0.968741 0.0996691
373.472 -1.19107 1.67541 365.418 -1.6658 -1.55777 767.058 752.769 0.709485 0.487151 0.752311 0.742402 19.0489 -0.174103 1.37974 728.376 0.0340049 0.0996691
706.619 -0.74382 -1.28124 626.455 2.05677 2.18032 2862.4 2829.49 0.556231 0.48216 0.63302 0.694743 79.9705 3.07406 0.892676 1591.91 0.720474 0.0996691
2220.22 -0.319784 0.111163 1895.82 0.822735 3.03921 4885.71 3378.74 0.272803 0.571189 0.506241 0.518361 223.59 -1.2018 1.29846 4646.16 0.681059 0.0996691
2098.01 -0.796086 -1.23302 2086.58 0.424533 2.67191 4744.68 4779.34 0.714134 0.080728 0.609937 0.483564 593.615 1.76052 0.671608 5970.73 0.570811 0.0996691
402.401 2.0885 -0.113194 309.589 -2.37563 2.47406 3327.8 2950.18 0.733344 0.589036 0.831006 0.766115 235.599 -1.99387 0.289158 827.008 0.29424 0.0996691
1005.41 0.892332 -2.19779 980.895 1.14836 0.961189 2122.75 1629.72 0.137871 0.497373 0.69016 0.786463 2.00574 1.71403 0.691792 2083.52 0.461462 0.0996691
559.916 -2.11529 1.13671 554.918 0.41155 -1.84762 2145.59 2083.04 0.497488 0.564641 0.822553 0.722493 72.8409 2.77205 0.86503 1141.47 0.920118 0.0996691
2451.96 -0.540543 -0.612966 2153.83 -0.044127 2.84773 4710.25 4747.42 0.481036 0.330737 0.595813 0.577464 457.837 2.62192 0.0211611 6343.39 0.590734 0.0996691
862.725 1.44571 -0.284121 460.767 -0.91112 2.98351 2294.41 1616.66 0.318101 0.437838 0.691327 0.594566 310.524 3.03278 0.0397532 1553.4 0.858631 0.0996691
329.418 -0.495575 -3.08609 303.77 -1.3598 0.0476143 718.179 661.551 0.724187 0.665169 0.737312 0.767592 29.1204 -1.60787 0.808617 643.371 0.166462 0.0996691
1697.08 0.311133 1.69496 1610.69 -0.21346 -1.31844 3450.22 3311.44 0.294862 0.674416 0.675335 0.788727 31.2482 -1.26546 0.052488 3543.04 0.0578492 0.0996691
1296.72 0.18902 -2.80645 1235.11 0.0593845 0.578532 2655.2 2094.03 0.595055 0.215491 0.767219 0.575084 221.625 -0.574949 0.669805 2713 0.587538 0.0996691
2272.53 -0.739655 -0.525006 1750.69 0.170959 2.63963 4528.86 3062.3 0.257439 0.457778 0.851462 0.665299 108.781 3.13958 0.50439 4504.69 0.970692 0.0996691
1377.58 -0.966392 -0.453507 1166.36 0.357794 2.1763 3051.95 3062.04 0.782976 0.649053 0.792469 0.561086 45.2292 2.56752 0.390436 3225.28 0.264715 0.0996691
1350.21 1.10765 1.66407 673.926 -0.351451 -1.36407 2492.54 2355.57 0.415074 0.536448 0.537975 0.54408 452.136 -1.27101 0.0786588 2387.22 0.344847 0.0996691
1407.12 -1.12117 -2.84141 1247.32 0.628018 -0.414135 3690.06 2659.48 0.298762 0.334296 0.470922 0.692121 37.9317 -0.368708 0.0477027 3838.7 0.947487 -0.0996691
1552.46 -0.87526 -0.0389526 966.634 0.453909 2.96003 3069.04 2787.32 0.723004 0.390615 0.728197 0.737393 36.596 -0.546364 0.483058 3858.7 0.898727 0.0996691
1507.92 0.980129 -2.27747 1262.68 0.160329 0.75627 3004.78 3010.08 0.770165 0.424719 0.617664 0.751312 26.9399 0.373927 0.386366 3049.71 0.103206 0.0996691
490.331 1.8246 -0.432528 250.617 -0.732799 2.17977 1365.06 1245.48 0.556216 0.642933 0.563793 0.69815 72.414 -3.01845 0.170098 968.869 0.865339 0.0996691
605.688 0.317986 -0.107142 274.898 0.479279 -3.12002 879.277 593.49 0.643818 0.587869 0.759996 0.813229 343.664 2.98284 0.151992 871.792 0.561597 0.0996691
750.746 0.228605 -2.63896 525.338 1.07473 -0.0679412 1374.07 1038.99 0.316228 0.750973 0.651855 0.675423 70.2583 -2.2403 0.150779 1812.65 0.687655 0.0996691
1779.73 -0.141029 2.55904 955.115 -0.47237 0.480618 2297.18 2325.29 0.0719684 0.6467 0.816434 0.655269 577.151 0.18469 0.296359 4443.4 0.569862 0.0996691
1162.21 0.323781 1.27479 732.722 0.88917 2.20128 1016.81 971.087 0.41078 0.578575 0.525835 0.727242 1168.73 -1.40932 0.135715 2594.69 0.9422 0.0996691
471.158 1.23686 -0.146395 414.519 0.0916492 -3.05481 1061.97 944.116 0.771256 0.499397 0.8271 0.814665 76.6733 3.07299 0.105824 1063.06 0.909352 0.0996691
1774.87 -0.594337 -0.173956 1303.45 1.66933 2.69768 5204.41 2320.55 0.347098 0.745559 0.617197 0.845351 96.8178 2.17195 0.0780175 5582.54 0.956619 0.0996691
2003.55 0.197058 2.03386 1148.71 0.686961 -1.47256 3101.33 3063.2 0.677285 0.653811 0.491392 0.789196 121.248 -2.74396 0.757395 4273.69 0.642826 0.0996691
1832.39 0.438305 -1.80649 1758.51 -0.80572 1.46044 4395.8 3042.21 0.462077 0.379434 0.850981 0.637535 102.734 -0.310362 0.769633 3876.6 0.838011 0.0996691
1115.67 1.36244 1.14911 261.656 0.467291 -1.83021 1223.66 1098.77 0.588448 0.555847 0.749956 0.710505 897.715 -1.91122 0.0141519 1542.6 0.669981 0.0996691
1296.96 0.258263 -1.1883 1244.97 1.36932 2.00279 2960.89 2940.65 0.677343 0.572313 0.57671 0.879425 47.3323 -0.52897 0.412133 2629.47 0.957997 0.0996691
1339.89 -1.06098 1.887 758.085 1.39099 -1.35719 3833.45 3022.2 0.269099 0.801287 0.803451 0.734891 54.9798 -2.33533 0.980052 2950.07 0.872448 0.0996691
1325.25 -0.470323 2.32221 1205.62 -0.435892 -1.65856 2330.45 2298.7 0.516216 0.775581 0.835959 0.602589 811.879 2.3356 0.00992155 4245.32 0.212716 0.0996691
1108.42 1.17047 2.85755 1090.55 -0.491783 -0.210473 3030.47 2865.89 0.531954 0.535513 0.498284 0.724465 122.442 -2.18745 1.22042 2253.85 0.907789 0.0996691
565.617 0.581815 0.532294 530.575 -0.56924 -2.55763 1299.13 1255.08 0.757604 0.656717 0.840342 0.616316 42.1081 -3.01262 0.317617 1094.2 0.902617 0.0996691
1802.08 0.330648 0.599925 1536.66 -1.27045 2.91386 4260.53 4261.12 0.699406 0.849374 0.690719 0.772097 96.7439 -2.48646 0.361594 5157.54 0.81066 -0.0996691
2148.69 0.45588 2.93979 1564.95 0.391054 -0.389365 3812.26 3311.3 0.707136 0.369338 0.619104 0.499298 813.768 0.180985 0.0485573 3980.15 0.539303 0.0996691
386.398 -1.70202 2.10706 286.227 0.697928 -0.0350129 1167.85 1152.48 0.867903 0.64062 0.774954 0.628136 73.7898 -2.00379 0.164865 913.454 0.442046 0.0996691
836.685 -0.443297 -1.72067 814.718 -1.54478 1.44705 2057.55 1413.05 0.19513 0.266524 0.647223 0.823038 24.301 -1.16374 0.329871 1803.39 0.504578 0.0996691
517.632 0.741471 0.483907 495.675 0.791561 -3.07717 1007.43 972.148 0.737524 0.888475 0.860456 0.797951 92.0031 -1.20409 0.126753 1076.11 0.937197 0.0996691
504.312 1.47076 1.54996 474.482 -1.27975 -1.60047 2088.23 1867.15 0.851146 0.595037 0.825041 0.796665 17.8341 -2.25062 0.568446 1021.12 0.879172 0.0996691
1145.79 0.813128 0.46112 1107.92 -0.860046 -2.44327 3125 2149.31 0.494436 0.160117 0.823615 0.788384 193.464 2.45745 0.23888 2378.16 0.946796 0.0996691
639.416 -0.246758 2.35545 596.951 -0.00951087 -1.04921 1250.01 1224.01 0.426717 0.744678 0.553169 0.531659 37.2681 0.656346 0.382178 1346.65 0.87954 0.0996691
1838.28 -0.565785 -3.04886 1797.55 0.00144038 1.40392 3096.34 3115.83 0.501358 0.390502 0.373035 0.801469 1109.61 -0.361967 0.268569 5411.26 0.580299 0.0996691
1126.05 1.08833 2.71904 944.785 -0.786126 -0.41716 3045.21 3058.82 0.382852 0.369186 0.553696 0.681774 176.325 0.128938 0.202848 2300.61 0.936477 0.0996691
972.296 0.470847 -3.11499 511.682 -1.95582 -0.559476 2565.43 2490.4 0.569158 0.866892 0.7726 0.600027 50.0239 0.220971 0.114966 2141.73 0.760368 0.0996691
1960.42 0.0479313 0.226453 1673.17 0.0468228 2.89966 3561.95 3612.68 0.168108 0.321522 0.522138 0.683798 41.3129 -0.886708 0.17049 5018.87 0.57951 0.0996691
954.972 -0.551248 -0.285863 894.703 1.40978 2.14725 2751.59 2685.23 0.506601 0.67731 0.573837 0.865944 594.366 -1.9695 0.076875 2329.44 0.148189 0.0996691
1869.93 0.492548 -0.523359 1551.6 -0.301665 3.13046 3590.09 3618.86 0.700579 0.634596 0.864256 0.61182 134.898 2.50742 0.594172 5315.07 0.48355 0.0996691
2808.45 0.215326 0.212627 1754.82 -0.878862 -2.6219 5334.81 3704.26 0.178629 0.19046 0.702784 0.654867 119.75 -3.01336 0.123664 5920.92 0.20581 0.0996691
2627.97 -0.238969 -1.11758 1730.35 0.195988 2.31923 4371.3 4324.75 0.459062 0.519161 0.483031 0.763831 1009.92 2.43832 0.122582 5928.64 0.969537 0.0996691
2575.41 -0.755101 -2.90357 1789.94 -0.719041 0.111202 4303.49 4325.28 0.23225 0.371089 0.831947 0.645463 52.2391 1.95919 0.629542 6644.99 0.372096 0.0996691
553.043 -0.20206 0.568222 280.049 0.364257 -1.05051 646.723 560.628 0.624665 0.645845 0.805305 0.682667 359.831 2.83116 0.0578313 1229.32 0.519677 0.0996691
1690.67 -0.377735 -2.18195 1137.8 0.166537 1.08563 2880.88 2901.32 0.548685 0.199912 0.846454 0.810343 99.5167 1.34965 0.263387 4487.51 0.204366 0.0996691
1493 0.144193 -2.82931 1460.64 0.508008 0.158779 3065.69 2890.45 0.23703 0.487706 0.642088 0.677556 201.242 2.80608 0.650584 3538.02 0.120412 0.0996691
389.803 -2.29627 1.45504 388.149 -0.811603 -1.71532 1024.45 997.888 0.645394 0.815596 0.514978 0.789758 14.8171 -0.414055 1.28524 759.211 0.0151157 0.0996691
1271.34 0.164386 -1.88405 1191.02 1.37313 1.28932 2935.02 2935.09 0.545994 0.639052 0.71993 0.73052 21.1794 -1.00579 0.878091 2679.27 0.0397644 0.0996691
1234.54 1.52654 1.01806 377.902 -1.28225 2.92551 2857.47 2723.19 0.394811 0.800396 0.699555 0.812183 960.949 -1.61702 0.101161 1876.29 0.961285 0.0996691
1538.91 0.557468 -2.59031 1513.94 1.11977 0.58397 3215.98 3125.45 0.827128 0.415871 0.622789 0.748644 34.2562 -0.408553 0.253578 3139.02 0.739711 0.0996691
1460.42 -0.271796 0.678312 1391.37 -0.680993 -2.60732 2929.71 2940.81 0.625243 0.41271 0.683018 0.724082 38.1006 -0.445612 1.11433 3050.93 0.0702947 0.0996691
431.402 -2.53873 0.244548 422.543 -1.5496 -2.8416 973.966 923.406 0.789515 0.554438 0.725507 0.754697 25.4111 2.19518 1.24853 821.189 0.0362025 0.0996691
1531.31 -0.0434906 0.273634 1373.97 0.223084 -3.02957 2935.82 2917.47 0.490424 0.80716 0.781395 0.651345 249.079 -1.98472 0.260832 2955.04 0.9779 0.0996691
435.138 0.927642 -1.65711 420.769 -0.545966 1.51063 1132.53 948.273 0.781842 0.633288 0.735214 0.624834 14.8553 -0.716156 0.933613 876.119 0.12051 0.0996691
1377.26 0.754625 2.89991 1300.63 -0.143175 0.0313481 2942.66 2952.03 0.4691 0.578199 0.595837 0.877654 93.5436 -0.936962 0.578093 3000.48 0.979928 0.0996691
659.536 1.27924 -0.247822 257.048 -0.119763 2.99393 1107.55 285.406 0.367468 0.473383 0.81071 0.805786 390.388 2.85496 0.123573 948.814 0.779144 0.0996691
1628.77 -0.594086 2.58928 1552.37 -1.05585 -0.219526 3266.56 3221.71 0.750738 0.427208 0.731797 0.641104 58.0106 -2.12336 0.143256 3827.98 0.364882 0.0996691
1879.74 0.307168 -1.24834 1510.86 -0.439174 2.27272 3730.76 2348.13 0.088844 0.466815 0.617442 0.65679 705.75 1.02309 0.183621 3483.05 0.946549 0.0996691
316.259 0.305753 -0.906441 311.955 1.39571 2.22 745.065 669.159 0.642606 0.816082 0.771892 0.699181 11.7256 -2.76407 1.27271 607.837 0.982775 0.0996691
3135.6 0.448439 -0.82141 2092.05 -0.420195 2.13016 5611.89 5653.31 0.238328 0.563975 0.80286 0.745436 358.483 -2.96857 0.353095 6235.08 0.836338 0.0996691
3086 -0.193176 1.53184 2393.16 1.18494 -1.67519 7031.35 6217.56 0.105992 0.760646 0.695151 0.642826 527.223 -1.40422 0.0161953 5957.72 0.86448 0.0996691
2591.91 -0.251651 2.32757 1158.68 -0.289876 -0.94701 3597.89 2019.02 0.231895 0.219751 0.576371 0.714399 1271.3 -0.511621 0.070701 5288.25 0.578374 0.0996691
280.012 1.28423 0.939078 278.989 2.36532 -2.15549 671.06 635.88 0.698639 0.686379 0.771385 0.83088 3.14853 2.66846 1.46377 536.576 0.0323873 0.0996691
1267.71 0.66854 -1.87079 1172.81 -0.221246 1.26637 2700.1 2705.01 0.252558 0.70943 0.717755 0.696919 278.381 2.37108 0.634686 2980.94 0.920385 0.0996691
2264.74 -0.12648 -1.384 2078.95 1.15612 2.37399 5333.43 4466.25 0.354643 0.610521 0.735679 0.756441 51.2251 -0.92994 0.307642 5882.25 0.241116 0.0996691
2170.53 0.0721488 -0.0460375 1571.82 -0.16981 -2.94557 3918.98 2859.6 0.182427 0.46051 0.683206 0.471238 112.084 -1.13998 0.686211 4778.95 0.859251 0.0996691
1512.2 -0.429608 0.0727682 1437.08 -0.426032 -2.89193 2956.22 2933.8 0.48924 0.816379 0.735249 0.72249 154.044 -3.01673 0.118197 3269.4 0.0926826 0.0996691
2152.78 -0.362036 2.39018 1226.1 -0.496212 -0.532198 3279.86 3003.26 0.345867 0.532336 0.711662 0.682658 1177.99 -0.179138 0.0843514 4324.77 0.840906 -0.0996691
794.491 -0.35202 -2.16534 675.394 -0.522217 0.956188 1498.22 1272.82 0.647538 0.311381 0.630012 0.759657 131.893 1.19376 0.127494 1497.18 0.625572 0.0996691
1275.64 -0.813751 -2.33378 572.98 -1.34724 1.25925 1772.37 1756.54 0.415807 0.618255 0.631402 0.680855 533.32 0.364964 0.033224 2434.81 0.884532 0.0996691
978.275 0.628983 -0.482235 921.711 -1.41728 2.85647 2989.57 2945.29 0.429329 0.610543 0.497666 0.819538 115.827 1.27936 0.283264 1980.91 0.930569 0.0996691
1381.74 -0.0389785 0.626392 1301.21 1.06407 -2.63926 3121.9 3080.45 0.210254 0.588065 0.831654 0.703674 33.8869 -0.671868 0.963343 2865.07 0.945143 0.0996691
1512.97 0.677975 2.1594 1168.48 -0.209398 -0.771746 2929.7 2899.87 0.255464 0.595073 0.793809 0.70929 122.462 -1.68146 0.188711 3036.97 0.962229 0.0996691
2490.13 -0.476193 -1.36696 2280.07 -0.227882 2.20659 4746.68 4681.89 0.50378 0.158228 0.596498 0.396269 686.1 0.725032 0.242237 5211.93 0.733811 -0.0996691
446.258 -1.45272 1.96044 379.058 1.85071 -1.94162 2211.26 2114.29 0.692806 0.699765 0.568217 0.605715 126.005 -0.400978 0.260011 1017.05 0.916929 0.0996691
1428.02 -0.490648 -2.26061 341.049 -2.49543 1.43756 2153.62 2146.27 0.324076 0.817479 0.81875 0.702136 863.856 0.824071 0.47087 2100.16 0.850865 -0.0996691
1682.43 0.741238 2.40383 1452.27 -0.636264 -1.11407 3897.32 3525.18 0.487954 0.394124 0.780742 0.805564 253.254 0.449514 0.77468 5422.52 0.971648 0.0996691
1558.24 0.44673 2.5717 1115.4 -0.955048 0.583611 2989.31 3028.5 0.330187 0.163136 0.776977 0.882296 1191.51 -0.925096 0.00126165 4187.49 0.411644 0.0996691
1392.79 -0.000876629 0.415019 1359.45 1.02403 -2.6936 3152.96 3002.74 0.495437 0.62164 0.484276 0.750057 32.2019 2.93195 0.592019 2812.95 0.0655889 0.0996691
387.136 -0.132282 -2.20458 297.445 1.68291 0.514839 981.612 886.307 0.483443 0.725148 0.599192 0.734829 23.1245 -2.72054 0.111015 942.665 0.464212 0.0996691
390.83 -0.231739 -0.32552 285.339 -0.64944 2.90208 716.113 600.84 0.767861 0.331394 0.707046 0.717104 100.34 2.72665 0.365828 699.376 0.785386 0.0996691
2508.95 0.0470202 -0.336067 2134.78 -0.753759 2.46718 5178.75 4065.47 0.310605 0.497364 0.790866 0.62063 53.9255 1.05231 0.956908 5710.94 0.942989 -0.0996691
2262.3 -0.260875 0.646845 1363.61 -0.499297 -1.62861 3399.9 2673.36 0.448216 0.291551 0.784686 0.851355 514.32 -2.69417 0.0441182 5080.73 0.815108 0.0996691
1818.05 1.1689 -1.53392 1136.22 0.948845 1.51669 2966.88 2361.9 0.496378 0.173705 0.702431 0.778215 175.276 2.86585 0.522247 4213.77 0.542431 0.0996691
629.797 1.18348 -1.59431 542.504 -1.8491 2.39906 2754.83 2719.29 0.706357 0.652807 0.771406 0.714872 49.8035 2.73657 0.206704 1897.62 0.778776 0.0996691
1767.84 0.699681 -2.22498 1365.55 0.637088 0.20178 2943.39 2899.55 0.751609 0.700998 0.625003 0.839921 36.0431 0.917229 0.715721 4416.17 0.369671 0.0996691
1185.08 0.87007 -0.545689 384.864 -0.352373 1.36232 1478.87 1076.08 0.723756 0.287465 0.723432 0.854472 1040.68 2.93827 0.0744798 1637.12 0.949458 0.0996691
672.997 -1.74692 -0.981956 614.633 1.23984 2.65103 2995.14 3002.62 0.782443 0.587899 0.773398 0.571267 117.896 1.0411 0.0293193 1476.92 0.71454 0.0996691
2519.75 -0.427572 -2.3423 2457.95 0.17512 0.800367 5280.84 5020.69 0.669193 0.537768 0.805841 0.249368 388.381 2.05717 0.240018 6436.69 0.283831 0.0996691
298.527 0.835641 -2.59433 293.542 -2.70065 0.427179 1794.14 1537.55 0.798855 0.621638 0.675036 0.803883 51.7671 2.09757 1.26058 602.298 0.69766 0.0996691
2132.58 0.572727 2.40114 1740.51 -0.237414 -0.612969 4352.42 2858.43 0.16076 0.235851 0.728951 0.577719 458.938 -0.62147 0.23246 4228.68 0.41778 0.0996691
2293.92 -0.417928 -1.56906 1372.18 0.336545 1.10424 3787.3 1962.4 0.226847 0.445192 0.782102 0.678625 244.227 0.34404 0.737034 5284.12 0.858179 0.0996691
2211.78 -0.577913 -0.786404 1711.14 -0.325263 1.84793 3815.31 3826.48 0.391548 0.339393 0.66765 0.822835 125.982 1.3991 0.449987 5109 0.856459 0.0996691
1299.51 0.110809 -0.693832 959.305 -1.45764 1.82635 2939.03 2498.58 0.508132 0.584522 0.774003 0.940028 25.3053 1.3745 0.445984 3026.93 0.275256 0.0996691
990.971 1.48009 -2.9466 773.536 0.5892 0.753004 1894.03 1822.96 0.571275 0.69642 0.764456 0.763704 460.647 -0.623204 0.13945 1839.33 0.429469 0.0996691
1654.23 0.316106 0.969558 1295.08 -0.679323 -2.14664 3318.95 3223.29 0.365296 0.65506 0.805612 0.879898 308.887 -2.19888 0.0598013 3000.6 0.15051 0.0996691
1030.12 -0.788319 -2.02592 934.503 0.191486 2.11492 2036.02 1889.94 0.646626 0.731977 0.556073 0.721766 64.4539 -2.23355 0.239486 3670.34 0.362549 0.0996691
435.108 0.413633 -2.80057 431.68 0.500414 0.351246 899.906 793.103 0.771747 0.685107 0.559214 0.718182 8.277 -0.502189 0.554627 843.167 0.880955 0.0996691
1031.56 0.528602 -1.28152 1017.08 -0.573922 -1.4771 1227.3 1208.87 0.904942 0.535104 0.824265 0.868501 768.268 1.96868 0.0483828 3740.82 0.939776 0.0996691
293.996 -1.55179 -1.95507 285.404 0.863708 1.19832 1067.28 928.342 0.721967 0.656989 0.573348 0.743047 14.9911 1.14191 0.00691521 567.266 0.0152497 0.0996691
2117.05 0.334719 0.959866 1221.17 -0.227351 -1.84725 3306.83 3347.19 0.196256 0.531621 0.80137 0.651146 1681.37 -3.03468 0.417328 4506.17 0.802643 0.0996691
1540.4 0.245358 0.739615 1398.02 -0.178078 -2.21849 3005.81 3005.39 0.439132 0.697552 0.725747 0.772503 243.73 2.81455 0.00258851 3045.94 0.959597 0.0996691
2277.35 -0.670703 -0.581051 1311.29 1.01745 2.14571 4738.26 4548.26 0.594024 0.160332 0.611281 0.4326 1157.39 3.01398 0.13087 3685.79 0.73326 0.0996691
2310.84 0.120823 -1.11788 1492.42 0.552544 -3.06793 3190.13 3227.26 0.711612 0.343539 0.451735 0.588396 950.817 0.937067 0.0451424 5550.54 0.534458 0.0996691
1903.02 -0.864704 1.60385 1434.04 0.449068 -3.08773 3391.77 2947.96 0.0911781 0.520263 0.951564 0.346962 1215.89 -1.01009 0.101553 4632.02 0.633844 -0.0996691
1569.86 0.512887 3.02464 1450.59 -0.610374 -1.78205 2715.78 2730.92 0.565464 0.576674 0.647131 0.681694 106.48 -0.764466 1.00384 5432.98 0.250538 0.0996691
481.532 0.685444 -2.3415 427.863 1.05955 0.898597 938.026 894.435 0.819504 0.764822 0.771219 0.669668 60.4426 0.315562 0.0474559 929.974 0.915273 0.0996691
697.749 0.862964 1.79564 456.075 0.706516 -1.25978 1145.64 1098 0.548371 0.543439 0.479653 0.736062 237.469 -1.50828 0.219132 1147.23 0.241983 0.0996691
597.37 0.925627 -2.96615 342.914 0.621898 0.245445 940.368 879.633 0.729254 0.708609 0.725792 0.716484 183.944 0.371603 0.133458 1363.13 0.249247 0.0996691
1586.19 -0.428725 1.07138 1533.82 -0.282073 -2.07939 3153.62 3079.33 0.585778 0.594179 0.762683 0.617264 43.7704 -2.08416 0.0309746 3175.22 0.0376279 0.0996691
1091.81 -0.954035 -2.05211 852.111 0.886949 1.16731 2820.43 2733.33 0.618331 0.414279 0.663645 0.807423 66.2113 -2.54452 0.0152805 2532.5 0.673042 0.0996691
402.567 -2.71045 -1.64984 390.103 -2.07529 1.62919 844.389 811.759 0.747441 0.733387 0.478994 0.583033 55.9594 0.123579 1.50171 767.818 0.0752456 0.0996691
1120.89 -0.884349 -1.89392 1055.04 0.706469 0.988495 2923.07 2676.48 0.547032 0.278256 0.717151 0.817167 263.599 2.48916 1.39633 2215.23 0.973851 0.0996691
1623.37 0.230468 -0.325961 1130.95 -0.67669 1.93871 2797.88 2622.7 0.367746 0.208739 0.721892 0.294088 890.687 3.0081 0.347719 3615.55 0.771766 0.0996691
1232.41 0.730845 -0.443145 946.266 -0.755677 2.56307 2790.88 2819.96 0.682237 0.265315 0.849064 0.707707 321.893 3.06651 0.503714 2226.06 0.14631 0.0996691
271.885 -0.222838 0.0753592 266.878 2.02147 3.07553 924.116 887.354 0.717092 0.347501 0.728026 0.724596 26.7022 -1.64033 1.56047 519.379 0.0857417 0.0996691
1603.34 0.567007 1.65685 1431.02 0.571973 -1.29838 3024.71 3057.89 0.202596 0.741551 0.619506 0.650577 135.856 2.84274 1.18585 3646.8 0.956958 0.0996691
1905.72 -0.553285 0.038244 1172.44 1.02432 2.21152 3722.77 3760.22 0.264543 0.469393 0.636871 0.45003 30.984 -0.277998 0.316004 5239.71 0.466008 0.0996691
1032.31 1.14136 0.499889 668.591 1.06311 2.67916 1506.64 1464.39 0.459993 0.563721 0.856567 0.882185 158.587 -2.02484 0.233264 2587.52 0.292809 0.0996691
542.278 -0.600811 0.974648 505.053 0.455845 -2.02603 1207.51 1175.96 0.647675 0.672597 0.787079 0.714788 45.7124 2.49069 0.821117 1098.26 0.971763 0.0996691
378.434 0.49008 1.10855 366.507 1.17453 -2.11153 807.044 756.954 0.7215 0.481443 0.717633 0.640907 23.1763 -0.128157 1.22834 734.097 0.0327376 0.0996691
806.035 0.796271 -0.63636 705.784 0.544821 2.50563 1556.41 1457.83 0.758375 0.677026 0.80867 0.780781 61.6078 2.74289 0.238587 1526.44 0.063646 0.0996691
756.545 -0.639953 -0.797401 305.163 -1.39741 2.11162 1062.36 720.649 0.737388 0.33206 0.733182 0.631299 364.769 2.22878 0.0153909 1192.83 0.630045 0.0996691
1831.77 -0.242305 -2.97301 1520.18 -0.366569 -0.119187 3335.25 3293.26 0.483292 0.686877 0.59301 0.804289 1198.32 0.203212 0.0754899 4279.79 0.968028 0.0996691
798.83 1.63643 -2.0922 427.731 -1.58745 -0.478169 2946.83 2787.27 0.555866 0.430776 0.719997 0.566245 833.495 1.42795 0.0842605 1525.15 0.741462 0.0996691
598.117 0.997696 -1.51497 504.963 -1.27578 1.44035 1891.32 1864.27 0.669711 0.607898 0.699293 0.675718 128.431 2.1625 0.73153 1116.32 0.126888 0.0996691
1099.87 0.474065 1.5929 1088.45 -1.11934 -1.18356 2899.66 2933.25 0.347062 0.684744 0.613334 0.813496 49.2035 -0.230925 0.951641 2817.82 0.802491 0.0996691
525.415 -0.281204 2.45993 525.315 -0.452374 -0.722008 1067.61 1049.88 0.700956 0.570511 0.773479 0.765298 22.9342 0.930281 1.52145 1042.12 0.0287609 0.0996691
1519.56 -0.540351 2.8296 1396.82 -0.0427309 -0.599785 3002.49 2994.44 0.3847 0.709992 0.457469 0.718872 137.292 -0.76222 0.159588 3393 0.958849 0.0996691
1285.89 0.185985 -1.53953 1210.72 -0.690616 1.56991 2886.98 2184.37 0.520151 0.382483 0.622314 0.610198 46.7963 1.89555 0.0431182 2603.71 0.947881 0.0996691
885.191 1.16058 -2.94566 654.478 -0.962324 0.561139 2460.6 2385.62 0.609518 0.383144 0.812373 0.808738 273.862 0.162898 0.396926 1754.39 0.213462 0.0996691
1624.16 -0.178043 2.5072 1538.02 -0.682873 0.287896 2974.89 2954.7 0.628778 0.407506 0.680072 0.277837 193.86 2.66885 0.15423 4833.67 0.529816 -0.0996691
1993.34 0.451891 -1.95753 1990.82 -0.062572 0.739902 4149.47 3008.49 0.0549836 0.730581 0.760441 0.739817 144.341 0.985593 0.241523 5547.74 0.432827 -0.0996691
3112 -0.186852 2.26153 2588.91 -0.281277 -1.40908 5745.43 4619.7 0.514359 0.119219 0.660333 0.682767 249.094 -0.836217 0.51211 7240.91 0.833886 -0.0996691
1793.85 -0.269828 -0.448223 1477.96 -0.0248101 2.88005 3308.08 3167.55 0.382627 0.325263 0.540531 0.350946 181.913 2.84521 0.0887506 3788.52 0.178503 0.0996691
1048.95 -0.526964 0.0340857 390.221 -1.11048 3.06119 1346.34 1350.37 0.623228 0.572658 0.837795 0.58579 592.019 -3.12639 0.0965419 1534.11 0.457855 0.0996691
1727.25 0.205572 1.30531 1353.66 0.30935 -0.412254 2516.59 2355.83 0.09298 0.630843 0.388413 0.637922 1121.78 -1.92392 0.535301 4463.87 0.74971 -0.0996691
1438.03 -0.532296 1.82726 1247.81 -0.470802 -0.247501 2318.82 2329.8 0.135989 0.793513 0.7543 0.883505 830.115 -2.17291 0.121673 3264.84 0.629326 0.0996691
1076.59 0.517594 3.05827 898.876 -1.31559 2.0631 2338.14 1663.49 0.382639 0.615557 0.730404 0.777708 1537.96 -0.529589 0.0310319 2206.07 0.856895 0.0996691
321.262 0.997211 0.00746326 319.537 -0.779081 3.12261 922.146 835.424 0.695448 0.667165 0.844863 0.661493 9.9344 -0.217329 0.21665 614.732 0.0425808 0.0996691
558.567 0.257136 -1.77978 547.402 -0.359804 1.31505 1179.71 1123.57 0.713039 0.725062 0.696918 0.774292 28.5749 -2.9346 0.65747 1086.43 0.914364 0.0996691
286.155 -3.0931 -0.55108 260.239 -1.85215 2.56436 676.335 597.82 0.580756 0.662054 0.652578 0.726002 51.3244 3.10801 0.498563 519.423 0.0655224 0.0996691
404.993 1.82863 -0.719257 382.543 -1.90884 -2.80143 2591.17 2288.49 0.739284 0.653591 0.592746 0.788332 92.2862 1.78404 0.473476 1086.92 0.533964 0.0996691
463.391 2.41635 -2.562 312.67 1.31065 0.652459 894.91 835.328 0.569106 0.732288 0.740359 0.656267 147.396 0.613221 0.0734791 769.011 0.237184 0.0996691
1659.16 -0.783731 1.99037 333.019 1.01046 -0.821653 2327.05 721.744 0.166645 0.422783 0.669002 0.530255 1180.9 -1.20076 0.0188937 2396.25 0.887353 0.0996691
1575.64 0.433105 -2.15688 1208.93 -0.444715 1.7249 2881.11 2876.16 0.399291 0.688132 0.58909 0.894481 1247.8 -0.0533504 0.082883 3371.12 0.485185 0.0996691
1603.6 0.0941953 -2.42042 1250.26 0.882511 0.981855 3055.58 2996.94 0.731868 0.487663 0.775934 0.80446 98.3098 2.86277 0.2767 3470.2 0.247292 0.0996691
489.186 1.65033 1.75585 403.351 -0.108249 -1.13832 1261.51 1209.77 0.74381 0.801819 0.853606 0.714378 197.462 -1.68833 0.551475 939.526 0.172249 0.0996691
2434.2 -0.00507261 2.6849 2057.16 0.283542 -1.1061 4309.96 4324.63 0.869599 0.163566 0.74496 0.608847 112.537 0.705999 0.221204 5930.6 0.923184 -0.0996691
1754.03 0.271483 -1.87999 1696.13 -0.188609 1.30477 3612.02 3112.59 0.213715 0.308826 0.684392 0.299104 81.7207 0.34054 0.967638 3508.79 0.132264 0.0996691
415.485 -0.232893 -1.84724 309.359 1.77919 0.958299 1128.75 906.969 0.423392 0.445755 0.867377 0.82324 103.882 1.3908 0.273377 926.723 0.150965 0.0996691
392.169 0.205233 2.51968 302.767 -2.38825 -0.572683 1366.23 1323.85 0.785917 0.547639 0.775391 0.498199 94.6161 -0.409482 0.156237 697.81 0.130346 0.0996691
821.245 -0.020212 0.264531 744.335 -0.375229 -2.94226 1621.87 1539.68 0.835495 0.738216 0.819908 0.819363 80.5499 -2.43171 0.492949 1558.86 0.95004 0.0996691
1410.03 -0.284764 -0.757179 1303.74 -0.117914 2.92788 2644.17 2618.61 0.41535 0.653612 0.344619 0.743188 631.503 1.4007 0.676787 2840.37 0.986278 -0.0996691
1088.2 0.313402 1.22173 1057.84 1.29024 -2.17048 2465.92 1814.18 0.694955 0.143811 0.744783 0.755568 761.548 -0.660881 1.1751 2744.41 0.54148 0.0996691
1472.59 -0.159381 3.11447 254.015 1.28914 -0.0638504 1593.59 1219.46 0.290539 0.602319 0.849713 0.719335 1219.25 0.00543865 0.0539245 1729.26 0.791313 0.0996691
1848.96 0.088619 -2.20509 970.235 0.410692 -0.0536483 2440.51 3490.15 0.599138 0.646605 0.76258 0.788219 665.676 -0.0848226 0.0691381 4552.41 0.555897 0.0996691
1867.1 0.00199945 0.7871 1372.21 -0.208799 -2.54764 3268.1 3140.18 0.205213 0.507628 0.729505 0.704982 420.985 -2.04954 0.261325 3468.68 0.913912 0.0996691
1697.76 0.0694183 0.95897 1221.86 -0.852776 -1.54819 3088.6 3087.46 0.223765 0.459972 0.744138 0.510058 105.519 -2.05126 0.35395 4910.99 0.416974 0.0996691
722.972 -0.818883 -0.904958 635.09 2.05713 2.69599 3016.21 2834.68 0.539322 0.754721 0.626434 0.77104 120.454 1.16666 0.312588 1814.16 0.687186 0.0996691
458.058 -2.08687 -2.26961 424.902 -0.0954287 0.0957724 1356.87 1134.36 0.343286 0.698399 0.548308 0.741501 5.51304 0.0488152 0.0628795 1205.73 0.266719 0.0996691
2078.72 -0.140537 -2.08058 1043.35 -0.968544 -3.00085 1830.61 1856.99 0.264542 0.639002 0.592391 0.798089 1902.91 0.400108 0.0436954 4831.42 0.289308 0.0996691
1567.75 -0.0759565 -2.69848 1269 0.72131 0.286695 3061.24 3049.37 0.289613 0.565605 0.751686 0.613959 26.34 -0.59107 0.87784 3251.45 0.968106 0.0996691
1598.59 0.535435 3.05828 1523.01 0.642681 -0.598711 3061.44 2961.96 0.570499 0.424576 0.631501 0.658445 78.6869 0.836743 0.316401 4170.95 0.754053 0.0996691
2534.74 -0.205292 -1.45099 1310.53 -1.07101 2.56474 3700.74 3736.62 0.408893 0.508835 0.771722 0.673344 407.543 1.42359 0.0344254 5875.88 0.5326 -0.0996691
1161.04 -0.851385 -1.84596 957.47 0.881181 0.555455 2857.53 2871.9 0.529693 0.609676 0.58853 0.748446 716.494 2.24556 0.343436 2203.26 0.927802 0.0996691
2250.65 -1.12802 0.454887 2004.22 0.457243 -3.03936 5617.92 5622.92 0.270231 0.556917 0.769616 0.690725 62.3446 -0.475378 0.109196 5719.68 0.980033 0.0996691
1582.58 0.967844 -0.570829 1533.5 -0.0485089 2.38264 3527.36 3548.26 0.425516 0.69985 0.7285 0.622661 133.141 0.121746 0.695416 3879.29 0.886922 0.0996691
400.388 -0.212439 0.0988851 382.521 1.58491 -3.08229 1136.47 1063.62 0.721195 0.658289 0.700123 0.735581 22.4526 -1.96931 0.717508 762.874 0.886013 0.0996691
1855.58 -0.257312 -0.315758 1443.69 -1.25407 2.57473 3748.39 3405.15 0.441235 0.321194 0.728441 0.616502 114.016 3.00607 0.133724 4875.72 0.857373 0.0996691
389.047 0.735994 2.90308 362.006 0.282618 -0.310459 795.752 682.746 0.73721 0.6934 0.745468 0.636422 27.9009 -0.155492 0.12405 740.258 0.0305249 0.0996691
1983.2 0.464109 2.21956 1684.74 1.43748 -0.716573 4400.45 3016.77 0.0912148 0.524976 0.71614 0.741772 744.668 2.8527 0.170229 4845.1 0.312604 0.0996691
1874.9 0.0455949 -0.589028 1837.3 -0.917296 0.972974 3223.08 3260.14 0.357369 0.232555 0.403844 0.418324 883.352 3.1367 0.46591 5691.29 0.514617 0.0996691
2194.36 -0.239631 -1.23904 1610.97 0.344157 1.13647 3870.82 3079.47 0.0966423 0.348723 0.78632 0.622444 164.287 -1.34144 0.00419712 6007.75 0.876142 -0.0996691
1707.09 0.167666 0.106443 1613.25 -0.612802 2.91508 3581.52 3481.63 0.583363 0.743072 0.641022 0.665766 419.045 2.7515 0.161108 4918.94 0.948702 0.0996691
1484.77 -0.332737 -2.8535 1279.05 -0.341004 0.391322 2776.05 2781.2 0.302639 0.405229 0.642791 0.69141 208.008 0.443429 0.0541122 2930.78 0.0901781 0.0996691
1127.21 1.07804 3.07048 1038.96 -0.412404 0.632525 2722.72 2580.76 0.678919 0.829387 0.57435 0.807444 518.115 -1.13844 0.163327 2402.86 0.824223 0.0996691
1383.79 0.326228 -1.47854 1124.76 0.370129 2.02654 2484.56 2424.95 0.298805 0.636495 0.633355 0.674103 536.002 2.11839 0.0838606 3158.5 0.222923 0.0996691
1467.11 -0.376535 2.52107 500.326 0.682643 -0.591333 1978.38 1904.35 0.713339 0.684786 0.794119 0.645944 962.058 -0.634335 0.0626778 1972.14 0.51937 0.0996691
329.887 2.14243 0.455015 305.312 -0.339919 -2.66389 1202.56 1102.13 0.639697 0.680864 0.7841 0.804086 29.8171 -2.68285 0.0347755 636.49 0.0431255 0.0996691
831.894 1.48229 -0.469493 739.759 0.914901 2.70722 1679.64 1568.05 0.890982 0.655991 0.840657 0.738335 65.7946 2.18473 0.245614 1557.09 0.94566 0.0996691
2294.88 1.11001 -1.30851 1036.47 -1.42477 0.0794889 5473.17 4469.98 0.728882 0.247624 0.806405 0.865013 2353.97 2.22365 0.0181909 3733.55 0.869816 0.0996691
583.356 -0.673809 1.1865 378.464 -0.271324 -1.92165 981.664 891.653 0.737747 0.589885 0.851081 0.721855 182.5 -1.97852 0.120632 948.245 0.264772 0.0996691
1903.34 -0.279716 1.6929 1674.3 0.569865 -0.438502 3510.94 3519.31 0.204434 0.621501 0.599892 0.477395 701.759 -1.70338 0.00700295 5071.85 0.712567 0.0996691
273.384 2.69611 1.9043 260.931 -0.0231069 -1.08763 1120.78 1068.52 0.439979 0.737962 0.756867 0.799833 27.087 -3.06989 1.30868 510.921 0.0921346 0.0996691
367.438 -0.279495 -2.30068 302.096 0.760317 1.64959 723.044 671.685 0.827274 0.811354 0.846992 0.801286 13.9343 -0.781892 0.533293 879.557 0.576518 0.0996691
940.862 0.91613 2.17454 908.931 -1.64954 -0.902662 3617.05 3024.28 0.403673 0.282951 0.707162 0.672487 49.0551 -2.50393 0.719426 1902.19 0.981463 0.0996691
1551.25 -0.839378 -1.44998 1495.08 -1.20013 2.02313 3075.07 3081.32 0.537 0.315398 0.751966 0.483142 193.041 -2.16467 0.70862 5972.22 0.0864677 0.0996691
1482.43 0.467385 -0.797907 1143.25 0.814197 2.03952 2627.84 2647.53 0.328642 0.507081 0.508542 0.78177 423.91 2.86829 0.824968 2779.81 0.198646 0.0996691
282.602 -0.182366 -1.14825 260.348 1.50442 2.10887 766.861 677.442 0.460512 0.460965 0.707243 0.747368 1.9342 -2.89284 1.15106 585.184 0.927465 0.0996691
2084.62 0.238937 -2.64504 1114.42 0.980828 0.642168 3484.19 2477.84 0.129437 0.807679 0.65075 0.807512 509.859 0.543601 0.0994605 3910.74 0.137517 0.0996691
327.8 -0.210561 1.31449 321.773 -0.775061 -1.73896 693.361 636.282 0.661577 0.773553 0.808282 0.584055 53.3587 -3.01897 1.22602 631.102 0.979984 0.0996691
1493.85 0.403063 2.45163 1037 1.46449 -0.0856081 2790.02 2768.37 0.703103 0.502757 0.847661 0.804134 43.7131 1.52429 0.307067 3454.29 0.950575 0.0996691
2415.72 -0.24395 1.17787 1388.32 -1.52016 -2.17514 4804.43 3773.41 0.141898 0.648663 0.800574 0.881593 76.6985 0.371685 0.2349 5408.27 0.527418 0.0996691
429.655 -1.79084 -3.02726 384.137 -1.44041 0.456703 841.862 752.277 0.611975 0.545368 0.789183 0.855461 29.2652 -1.0281 0.0179768 883.441 0.799728 0.0996691
277.424 2.85296 -1.53544 269.737 0.213588 1.6926 1114.7 850.703 0.357468 0.563189 0.643802 0.665742 26.2038 0.814588 0.880349 551.648 0.188511 0.0996691
1892.96 1.3233 1.48141 1759.95 -0.270727 -1.33184 5015.18 4122.8 0.317373 0.356308 0.805982 0.648275 79.6395 3.03947 0.0230839 4293.2 0.754942 0.0996691
359.177 -1.42388 2.16722 285.908 0.497275 -0.94747 979.825 880.566 0.57769 0.694668 0.663752 0.744394 26.7824 -1.01415 0.0414776 680.743 0.0567435 0.0996691
1440.01 0.358148 -1.88995 1180.2 -0.522611 1.17872 2887.9 2854.64 0.531461 0.499655 0.661208 0.694435 55.9358 2.15709 0.874391 2936.57 0.682763 0.0996691
1874.06 0.260455 -0.959584 1287.3 0.183286 -2.89052 2579.87 2581.41 0.392032 0.639282 0.879454 0.808376 84.4505 -0.153368 0.806928 5427.54 0.945877 0.0996691
2750.16 -0.140296 -1.27418 862.8 0.383148 1.56095 3224.98 4350.18 0.507581 0.520091 0.654574 0.7104 1189.23 2.23069 0.0409303 4530.07 0.0398448 0.0996691
1499.84 1.03234 1.29123 286.625 -0.521343 -2.0241 1741.63 1713.24 0.602026 0.566338 0.733195 0.601049 1153.89 -1.80367 0.101945 1843.34 0.919726 0.0996691
946.914 0.568591 -3.12871 588.684 0.317287 0.205806 1553.74 1330.27 0.626302 0.423644 0.720874 0.728027 378.513 -0.274028 0.119399 1560.75 0.75448 0.0996691
412.307 -0.386499 2.76344 376.384 0.463697 -0.443318 873.018 824.791 0.590708 0.826634 0.680363 0.715596 41.1565 -0.114992 0.31462 779.508 0.0806174 0.0996691
2090.29 -0.646772 1.51955 1206.8 1.27611 -0.652858 4558.96 2577.55 0.247221 0.426514 0.651267 0.507732 66.8745 1.42764 0.0923061 5498.16 0.358181 -0.0996691
1647.04 -0.531751 2.91188 1246.4 -0.364287 0.105561 2863.16 2767.38 0.376317 0.592032 0.826356 0.454458 119.599 -1.20743 0.355269 3410.45 0.586777 0.0996691
1282.82 0.750515 1.64044 967.7 -0.568435 -1.30988 2764.94 2085.79 0.293325 0.719316 0.763197 0.905921 172.513 -1.51471 0.199445 2485.57 0.177439 0.0996691
1938.42 -0.0113458 2.49976 1783.8 -0.734832 -0.683974 4067.35 2863.22 0.548693 0.130454 0.584101 0.620161 192.966 -0.199209 0.172419 3837.62 0.374859 0.0996691
403.803 1.6784 -1.84401 286.253 0.116991 1.10249 913.743 852.345 0.693979 0.744318 0.802503 0.834433 34.2463 1.10557 0.0277636 783.453 0.183431 0.0996691
1499.86 -0.455541 -0.381585 927.469 0.588191 2.40735 2813.85 2394.83 0.486055 0.743417 0.573635 0.809367 345.322 2.99955 0.427436 2850.98 0.65462 0.0996691
2770.28 -0.205311 -1.79001 2283.37 0.357925 0.815863 5174.96 4270.72 0.162833 0.086537 0.719466 0.743878 243.583 2.39078 0.0899479 6337.83 0.411651 0.0996691
2344.68 0.473344 2.49192 2006.35 0.977316 -0.171543 4381.33 4357.26 0.257825 0.776875 0.71496 0.742355 313.876 -3.03958 0.753351 5466.82 0.982336 0.0996691
954.042 -0.624931 -2.7448 528.736 -0.261941 0.352794 1456.89 1420.44 0.573546 0.805182 0.706701 0.63974 418.848 0.440611 0.0706596 1495.18 0.938159 0.0996691
593.835 0.0329718 0.698853 503.11 0.0658762 -2.47005 1115.01 1048.93 0.618252 0.807175 0.780677 0.691867 83.3992 -2.30791 0.15312 1070.8 0.0831885 0.0996691
343.988 0.493592 1.64773 329.138 1.35515 -1.87626 754.464 673.133 0.591226 0.739595 0.770408 0.816444 20.2826 -0.0179386 0.116416 695.186 0.903279 0.0996691
1459.73 1.15016 0.960456 1376.06 -0.10498 -3.00843 3305.11 3642.03 0.661567 0.282888 0.822005 0.300924 931.377 -2.51311 0.193077 4271.64 0.675493 -0.0996691
415.787 -1.06629 1.20686 399.622 -0.357357 -1.87188 906.877 695.894 0.703837 0.429215 0.7465 0.749976 14.7993 2.97238 1.1734 806.218 0.449341 0.0996691
879.216 -1.92401 -1.73261 706.276 0.605599 1.73288 3052.58 2751.13 0.89257 0.662779 0.670459 0.851867 300.915 0.600727 1.05126 1588.2 0.252712 0.0996691
2714.82 -1.08591 1.3693 1536.35 0.954084 -1.44964 6483.76 5723.24 0.245714 0.396888 0.839142 0.549413 239.706 -2.03644 0.127289 5430.12 0.172449 0.0996691
1309.52 0.928491 -0.465921 857.872 -0.920017 -2.82335 3010 2929.61 0.755059 0.651817 0.831184 0.77028 1128.74 2.19284 0.0312984 2508.59 0.0556025 0.0996691
1975.44 0.944172 0.533048 1655.61 -0.0529932 2.81664 3914.3 3070.45 0.141831 0.674249 0.67577 0.777424 1448.53 -1.65369 1.78623 3758.28 0.982624 0.0996691
609.067 0.983129 1.84953 416.883 1.54751 -0.314033 951.264 892.645 0.456928 0.428329 0.756284 0.90581 219.3 -1.4765 0.0276898 1463.51 0.871859 0.0996691
669.882 -0.123581 3.08879 441.957 -0.444878 -0.484788 1104.81 1036.35 0.64093 0.646296 0.637232 0.694547 22.1957 -2.17051 0.549479 1614.74 0.813467 0.0996691
1996.11 0.344694 0.0465936 1344.3 -0.503838 2.05594 3173.87 2561.85 0.488494 0.303896 0.788894 0.760884 451.52 -1.48629 0.406338 5662 0.342263 0.0996691
763.149 1.98386 2.57119 546.349 -0.574464 -0.985187 2516.15 2266.94 0.708722 0.41954 0.639489 0.578694 202.924 -0.85859 0.23956 1663.21 0.886608 0.0996691
1339.62 0.367751 2.20976 546.595 0.281566 -0.328518 1643.92 1641.75 0.260747 0.51013 0.666678 0.591639 810.302 -1.24801 0.158287 2045.93 0.817432 0.0996691
629.702 -0.797151 3.09468 561.467 -1.60884 0.527952 1270.55 1199.88 0.785037 0.756259 0.918332 0.701546 2.17526 -1.75797 0.0772849 1650.28 0.768043 0.0996691
529.657 0.131527 -2.27671 466.214 -1.31364 1.75333 1206.99 1168.01 0.691392 0.822318 0.643878 0.799826 33.9314 0.484094 0.666029 1373.68 0.514074 0.0996691
1690.88 -0.166084 -0.614204 1463.52 -0.557876 -3.09535 3060.6 3051.12 0.35164 0.454538 0.675211 0.45871 179.027 1.31396 0.307416 5300.96 0.934322 -0.0996691
2874.28 -0.827349 -2.12558 2135.3 0.882043 0.031238 6502.77 6435.1 0.475807 0.550379 0.552589 0.464678 1699.75 1.73234 0.281371 5845.74 0.923468 -0.0996691
2088.74 -0.444233 -1.46553 1974.6 0.133691 1.75603 4404.58 3389.12 0.133502 0.071273 0.557101 0.475641 213.552 0.741929 0.524583 4268.26 0.468827 0.0996691
2030.81 0.0356862 -2.55094 1945.89 0.0671995 1.4453 3832.97 3004.87 0.492658 0.332224 0.563075 0.567544 847.937 -1.10557 0.168352 5310.92 0.64435 -0.0996691
2387.31 0.55315 1.38701 1951.18 0.435384 -0.87929 3947.22 3931.35 0.599945 0.908397 0.611892 0.736192 398.667 -0.543944 0.343098 6679.55 0.510818 0.0996691
1865.16 -0.616999 -0.867262 1852.79 0.178209 2.22776 4079.81 2944.14 0.189542 0.19109 0.714216 0.794045 94.4616 -2.87886 1.0731 3798.4 0.983493 0.0996691
2065.23 0.814114 0.210189 1028.34 -0.755282 2.51918 3734.38 3568.92 0.292937 0.476524 0.369316 0.768189 382.858 -2.16369 0.0326822 4496.16 0.528946 0.0996691
1154.66 -1.36057 0.988445 884.535 0.55299 -2.93872 2933.93 2895.81 0.180022 0.921562 0.636458 0.830777 30.1445 -0.713782 0.564557 2840.62 0.674047 0.0996691
2131.67 -0.264767 -2.66564 1320.19 -0.304925 1.49379 2961.84 2885.76 0.245029 0.598 0.780118 0.51171 272.75 -1.07756 0.816107 5176.66 0.869502 -0.0996691
841.772 1.74706 2.91265 808.546 0.0588432 -0.803911 2269.46 2054.79 0.63811 0.53733 0.540424 0.801564 74.4344 1.9744 0.0307825 2574.43 0.28669 0.0996691
2460.39 -0.333592 1.27094 1931.79 -0.458147 -1.01605 3984.12 4024.76 0.229034 0.414263 0.589169 0.718543 1387.91 -2.98347 0.21207 5055.31 0.966168 0.0996691
611.945 0.87334 0.0177812 514.47 1.32049 3.06566 1207.33 856.371 0.813838 0.414421 0.743997 0.808787 93.9908 -2.5385 0.306833 1108.39 0.505174 0.0996691
747.611 -1.20975 -0.549052 443.979 -0.540732 2.68363 1237.4 1169.36 0.737788 0.707199 0.790228 0.77718 289.297 2.47705 0.234336 1180.19 0.274092 0.0996691
2025.64 -0.0587723 -1.80461 1882.84 -0.652789 2.00473 3891.94 3884.62 0.377608 0.60573 0.759912 0.653331 136.599 1.0509 0.418891 5173.08 0.966691 0.0996691
568.18 -1.49309 1.25758 535.415 -1.52672 -1.84649 1120.89 1071.48 0.843686 0.699911 0.756912 0.853685 30.3858 -2.1052 0.25328 1087.69 0.0427908 0.0996691
852.126 -0.710669 0.175282 813.169 1.67436 2.77569 2968.22 2953.54 0.671837 0.868525 0.577375 0.733105 233.405 -2.04343 0.323956 1911.3 0.806711 0.0996691
1686.14 1.14763 -0.5895 781.137 0.819173 2.19558 2317.24 2306.2 0.179482 0.621132 0.692269 0.838317 638.075 2.04599 0.157924 3236.01 0.404916 0.0996691
1302.42 0.637137 -2.17352 1130.5 -1.06239 2.51327 2922.98 2895.47 0.791017 0.243481 0.728291 0.787015 272.902 0.197895 0.0846827 3884.76 0.387442 0.0996691
646.696 -0.673176 -1.88377 630.518 -0.817901 1.25872 1313.9 1234.96 0.745696 0.847469 0.764164 0.70751 15.5917 -3.03941 1.15779 1283.46 0.920978 0.0996691
2356.98 0.22358 -0.370795 1590.15 0.480517 -2.72587 3860.75 3530.52 0.354705 0.292707 0.700345 0.58421 622.652 2.03531 0.00928974 5024.83 0.505954 -0.0996691
1274.07 0.835884 -1.51049 1217.27 -0.518728 1.98299 3063.77 3077.73 0.200261 0.73729 0.894838 0.671579 54.1577 -1.42515 0.0854905 2960.68 0.17878 0.0996691
1283.82 -0.50598 -0.24577 1174.17 0.259294 3.10689 2644.11 2623.22 0.654246 0.551889 0.628488 0.659487 381.282 3.03291 0.0682769 3159.95 0.119108 0.0996691
2077.79 0.214335 -2.50123 1911.47 0.504581 0.477834 4043.49 3983.61 0.490104 0.775475 0.524655 0.661179 893.851 1.37786 0.53135 4592.98 0.778588 0.0996691
627.792 -0.492197 -2.95161 603.984 -0.0506726 0.183384 1279.53 1224.71 0.703665 0.671063 0.80537 0.63576 23.7636 -0.223504 0.0149369 1219.51 0.914635 0.0996691
689.534 -0.962777 1.80538 515.88 -1.05516 -1.31892 1208.52 1165.98 0.581617 0.660513 0.736563 0.831356 188.886 -1.3299 0.0289015 1197.65 0.17183 0.0996691
1731.08 -0.147623 -3.05519 1169.92 0.102225 0.111621 2911.68 2835.49 0.500894 0.461157 0.69498 0.66531 65.7003 1.42461 0.255502 4002.23 0.819646 0.0996691
2115.57 0.098438 -2.81539 1875.74 0.534938 -1.11571 3141.82 3165.92 0.734127 0.342593 0.737029 0.744261 154.024 -0.134907 0.978271 6706.84 0.660217 0.0996691
1978.18 -1.00037 3.00591 1506.62 1.10035 -0.00393505 5695.63 4620.82 0.228493 0.338822 0.506499 0.727957 536.952 0.127202 0.0467187 3985.44 0.711118 -0.0996691
1713.92 0.038785 1.86641 1086.73 -0.452356 -1.45834 2870.97 2669.81 0.478782 0.600693 0.699839 0.808855 280.154 0.548654 0.457598 4874.85 0.489192 0.0996691
423.195 -1.89276 -1.34254 360.629 1.01128 1.52354 1768.08 1616.68 0.828792 0.570272 0.751507 0.695423 13.6617 -0.884058 0.0117472 895.768 0.718455 0.0996691
1331.17 0.863569 1.3434 1280.76 1.36597 -2.79167 2410.5 2437.95 0.575676 0.248036 0.675768 0.734747 165.271 -1.17936 0.74479 4283.41 0.961311 0.0996691
2877.44 -0.173771 0.918393 1819.84 -1.11039 -2.1349 5223.77 4255.75 0.468161 0.120831 0.812309 0.817557 567.102 -1.91535 0.0138104 5632.24 0.384404 0.0996691
1560.95 0.47643 0.846931 1406.9 0.712157 -2.1563 2989.59 3000.41 0.697833 0.48768 0.834188 0.410884 65.4573 -2.42277 0.266212 3203.66 0.0848084 0.0996691
433.664 -1.41722 0.813449 355.831 -0.384522 -2.03256 900.578 870.305 0.690732 0.61522 0.803945 0.595236 148.495 2.91734 0.180808 1003.07 0.182451 0.0996691
775.944 1.01158 2.69459 767.764 1.46936 -0.438633 1604.51 1539.56 0.660701 0.733098 0.8626 0.869518 11.198 -2.35424 1.23804 1517.96 0.943802 0.0996691
1413.54 -0.23522 0.319141 1397.47 -0.221957 -2.98199 2890.53 2652.64 0.420359 0.718589 0.721978 0.670502 35.4138 0.414331 0.0211759 3246.61 0.600714 0.0996691
1086.58 -0.655993 -1.4237 837.031 1.12728 2.33251 2708.22 2469.55 0.284454 0.629528 0.716597 0.858059 221.995 0.781945 0.184276 2397.04 0.857131 0.0996691
1673.14 0.431636 2.14091 1506.15 -0.345296 -1.92667 3126.86 3139.81 0.20762 0.500784 0.527218 0.808632 566.769 0.446949 0.158771 4187.56 0.951421 -0.0996691
1670.15 -0.739806 2.5889 1561.98 -0.630317 0.443513 2895.79 2841.96 0.363631 0.795712 0.698823 0.657396 703.428 -1.79278 0.104632 4837.3 0.430302 0.0996691
1737.81 -0.569394 1.90753 912.078 0.154912 -1.29398 2720.09 2546.97 0.492412 0.71868 0.603499 0.552516 821.869 -1.18083 0.181798 2681.66 0.373362 0.0996691
878.978 1.56668 0.398523 270.506 -0.621712 0.304622 1308.55 1262 0.724249 0.635359 0.825355 0.719465 873.647 -2.72617 0.0463767 1399.65 0.719451 0.0996691
2379.94 0.366145 -2.69918 2261.4 -0.0771905 0.0134475 4965.34 3631.69 0.867287 0.102935 0.832508 0.540409 147.615 0.977506 0.613361 5732.81 0.96405 0.0996691
1823.43 -0.157003 2.59432 1628.52 1.05123 -0.725028 4240.86 2779.88 0.328069 0.38184 0.816535 0.677418 157.811 1.72386 0.408236 3909.13 0.906695 0.0996691
2427.63 -0.842936 0.0350285 1883.39 -0.0652038 2.46511 4377.78 4363.68 0.370053 0.721366 0.737505 0.648673 250.605 -1.98999 0.0367707 6459.04 0.652623 0.0996691
423.779 -0.691993 0.00441957 410.571 -2.23614 2.92814 1137.71 1047.64 0.756621 0.727155 0.824744 0.783308 11.2323 -1.81457 0.077181 880.095 0.470358 0.0996691
2415.85 -0.497213 -1.65807 1491.56 0.209069 1.03713 3991.1 3977.91 0.203101 0.601778 0.79249 0.804304 44.4307 2.17722 0.166058 5184.85 0.963067 0.0996691
2054.17 0.13553 0.63429 1564.77 -0.593589 2.96327 3591.32 3611.02 0.64033 0.546034 0.605844 0.512278 78.1053 -2.12957 0.264517 5249.22 0.664039 0.0996691
987.136 1.17233 1.03663 499.698 -0.869089 -1.97351 2211.52 2203.04 0.377771 0.771713 0.528064 0.723093 365.094 -1.95745 0.00714934 1620.3 0.342593 0.0996691
1327.96 1.4055 -0.318916 969.55 -0.037497 -2.9468 2894.73 2623.72 0.372255 0.879613 0.64349 0.75402 136.648 2.99605 0.329889 3068.99 0.325133 0.0996691
1291.56 0.747976 2.52169 301.985 0.249205 0.0994164 1230.41 1168.11 0.699481 0.659957 0.719511 0.654038 959.753 -0.727149 0.558093 1679.98 0.865847 0.0996691
2502.81 0.661915 -2.29741 2202.2 -0.199318 0.300112 5173.85 4246.24 0.1178 0.752761 0.70922 0.819787 209.783 -0.928707 0.776123 6466.47 0.977333 -0.0996691
756.609 0.867749 2.20388 684.936 -1.25548 0.0489198 2244.69 2147.35 0.610368 0.62344 0.706378 0.591033 121.674 -1.25283 0.0389479 2576.06 0.158857 0.0996691
2886.3 -0.181762 -2.75332 1261.24 -0.691862 -0.617002 3772.02 2997.07 0.201164 0.692861 0.58878 0.810545 2277.76 0.83365 0.0176032 4456.46 0.659734 0.0996691
1367.5 0.646691 -2.14921 563.118 0.761839 0.908941 1779.4 1716.47 0.409658 0.536944 0.6882 0.878148 816.64 0.977266 0.030758 2015.69 0.452273 0.0996691
441.317 -0.747032 1.86804 432.602 0.855059 -1.09966 1185.79 1117.51 0.77795 0.535135 0.614416 0.76604 55.51 -2.39674 1.11306 869.854 0.972454 0.0996691
1464.66 -0.52402 -0.101364 1201.22 0.479631 -3.03025 2998.89 2980.79 0.525189 0.443104 0.542817 0.710322 73.3078 2.3331 0.0152841 3466.13 0.374372 0.0996691
3030.07 -0.329393 0.945404 2003.47 -0.653123 -2.74563 4818.4 4876.78 0.623468 0.410817 0.601445 0.550087 1209.25 -2.03186 0.197721 6013.26 0.969118 -0.0996691
334.817 0.300887 2.60369 288.901 -3.23085 -0.476324 1904.78 1627.62 0.642849 0.613488 0.640998 0.744143 31.8957 -0.612291 0.188332 608.727 0.145767 0.0996691
2549.83 -0.976193 0.310059 1993.04 -0.514641 -2.40622 4707.02 3553.17 0.166273 0.577989 0.763032 0.615657 79.6578 -1.79203 0.614027 5840.66 0.349284 0.0996691
1219.18 1.07423 -1.97054 1030.75 -0.124256 0.634134 2607.22 2585.9 0.603519 0.607202 0.586457 0.838809 310.641 1.77074 0.628839 2608.74 0.895823 0.0996691
353.255 -1.32453 -2.3296 348.91 -0.9429 0.769959 729.86 685.858 0.67655 0.761438 0.927728 0.773755 26.2265 1.96758 1.2078 669.805 0.0251549 0.0996691
2620.86 -0.0837975 -0.400662 735.874 -0.763967 3.1111 3165.55 1073.84 0.170023 0.558735 0.647287 0.72573 1437.99 2.6983 0.156505 4140.63 0.956051 -0.0996691
1364.12 -0.611392 1.92768 941.306 0.73575 -2.19041 2653.17 2440.94 0.601421 0.399454 0.721595 0.443815 1422.35 -0.782763 0.0113111 3347.05 0.74099 0.0996691
1823.16 0.322649 1.05411 1617.2 1.20373 -2.00076 4044.02 3039.66 0.205695 0.71232 0.639177 0.757925 95.5422 -1.74203 0.258082 3802.43 0.460622 0.0996691
1550.16 0.575365 -2.42262 1031.36 0.203708 0.45539 2586.18 2546.64 0.512131 0.408732 0.839359 0.607735 528.364 1.07861 0.0166497 2838.85 0.164727 0.0996691
650.476 -0.0150514 -0.646877 608.604 1.90819 3.09325 1863.73 1793.3 0.594531 0.702222 0.724341 0.599903 79.9233 -0.480148 0.164493 1677.37 0.288006 0.0996691
3109.18 0.866111 -0.534346 2820.95 0.530807 2.42828 6189.43 4989.41 0.395547 0.652981 0.586624 0.762809 228.803 -2.71084 0.0129578 6426.46 0.764796 0.0996691
1643.6 -0.173913 3.10366 1540.11 -0.157252 -0.201167 3190.18 3196.25 0.623525 0.54473 0.698943 0.382148 98.2574 -0.534053 0.333125 3471.28 0.969966 0.0996691
328.907 -1.25518 2.2254 321.104 -0.398795 -0.884086 717.958 706.81 0.541542 0.588829 0.681422 0.691024 12.2962 -2.89608 1.16144 645.208 0.0310671 0.0996691
2410.44 0.97612 -0.0671023 1759.29 0.656726 3.08055 4259.54 3672.48 0.108299 0.4981 0.744625 0.634045 665.477 2.99376 0.0899942 4290.17 0.0716578 0.0996691
704.386 -0.0823244 -0.125206 503.462 0.324963 -3.09464 1271.01 1127.78 0.390928 0.646838 0.827825 0.428218 67.9722 -2.88552 0.210505 1487.53 0.0784948 0.0996691
1854.47 0.053133 2.00552 1820.92 0.902293 -0.753442 4045.91 2961.47 0.773277 0.179748 0.802986 0.668923 80.5549 -0.56763 0.0694415 4433.4 0.338283 -0.0996691
1486.78 0.808374 -0.0476805 642.576 -0.253686 -2.5136 2184.94 2208.32 0.462809 0.72024 0.699557 0.811243 611.094 -3.08619 0.0386801 2744.83 0.968309 0.0996691
1368.41 0.0244086 1.19645 951.962 1.41632 -1.62525 3068.5 2176.24 0.281855 0.578844 0.78452 0.465149 192.954 1.29403 0.0219357 3111.81 0.103119 -0.0996691
1834.83 0.422612 1.23825 1052.15 -0.461472 -2.35513 3002.22 3006.67 0.531176 0.703948 0.721125 0.873129 74.8441 -2.57541 0.218742 3918.98 0.348181 -0.0996691
2560.26 -0.0121856 1.85963 1399.87 -1.51545 -1.33365 5259.6 4148.04 0.458181 0.562395 0.694578 0.747098 75.3982 -0.69448 0.561332 5354.09 0.399917 0.0996691
1601.04 -0.214536 -2.40805 1175.53 -0.140832 -0.466542 2287.12 2294.9 0.558634 0.604138 0.695969 0.678854 958.495 1.86861 0.332128 4100.62 0.744007 0.0996691
642.001 -0.321001 2.6592 401.557 0.333659 -0.741644 1096.63 1003.36 0.762193 0.271956 0.829934 0.736521 496.454 0.657022 1.2851 1527.36 0.930544 0.0996691
453.016 -1.03707 -2.12006 357.108 -2.14329 1.17193 940.601 938.765 0.733681 0.670539 0.715705 0.638497 112.082 1.057 0.112389 869.599 0.134695 0.0996691
1450.23 0.257503 -0.395137 1414.77 0.773041 2.83141 2968.19 2987.25 0.101551 0.398341 0.737259 0.762161 20.2526 1.76226 0.223968 2998.71 0.909652 0.0996691
523.393 -1.57191 0.426053 285.385 -0.592491 -0.319228 511.272 476.175 0.55289 0.765965 0.688436 0.654878 662.139 -2.92423 0.162471 881.199 0.880145 0.0996691
1196.07 1.59856 1.84875 1108.12 0.357419 2.66362 1984.65 1709.81 0.660635 0.316047 0.767831 0.706093 1087.33 -1.01186 0.120708 3376.35 0.414486 0.0996691
897.295 0.51538 0.772483 406.31 0.454587 -2.54441 1220.88 1212.54 0.569067 0.703579 0.60835 0.747012 342.102 -1.88798 0.649197 1569.31 0.390792 0.0996691
1415.26 0.249929 2.71908 1201.12 -0.54869 -0.412029 2831.52 2810.91 0.454126 0.754059 0.757211 0.873206 102.306 -1.06327 0.65087 3775.01 0.0692156 0.0996691
955.93 -1.6978 -0.299311 409.971 -1.13701 3.03552 1329.88 1235.98 0.72876 0.795622 0.825122 0.683322 550.055 2.70399 0.291512 1352.08 0.439304 0.0996691
2100.06 -0.286932 0.206927 1522.35 0.145692 -2.77782 3703.23 3583.49 0.717167 0.632152 0.608696 0.804146 611.18 3.00052 0.311005 3685.5 0.510763 0.0996691
300.342 -1.97766 1.29426 296.632 -1.26232 -1.95089 642.858 631.828 0.519389 0.52966 0.694044 0.685154 26.9317 -0.0474843 1.32892 590.504 0.0462032 0.0996691
378.436 -0.189735 2.92178 374.073 -2.74211 -0.202728 1464.94 1381.54 0.661314 0.401576 0.720448 0.456592 22.1863 -1.66899 1.03071 753.279 0.817623 0.0996691
1451.32 0.359734 0.672355 1341.52 0.340168 2.68891 2383.39 2365.06 0.736464 0.442129 0.605742 0.643356 342.748 -1.59479 0.217835 4024.69 0.432952 0.0996691
924.173 -0.758179 -1.79067 531.359 1.94859 1.13098 2937.27 2823.71 0.565502 0.726685 0.525194 0.769752 187.572 2.01021 0.0445651 1826.55 0.215775 0.0996691
2923.24 0.963231 -2.61838 2388.93 0.116543 0.913044 5766.57 5276.63 0.439053 0.214523 0.662613 0.713303 381.574 0.390922 0.521615 6361.22 0.214488 0.0996691
393.446 1.4171 0.638816 364.061 1.61559 -2.49679 777.578 725.959 0.625517 0.763254 0.774589 0.772471 52.9623 -1.8959 0.585756 763.363 0.0686387 0.0996691
2179.13 -0.807438 2.87265 2078.34 -0.739038 -0.00947743 4312.25 3268.05 0.13918 0.711747 0.555398 0.629909 743.096 -2.94255 0.172322 5263.75 0.384398 0.0996691
501.192 1.33333 1.11404 425.178 0.241085 -1.96395 1077.51 1058.02 0.72233 0.738469 0.807761 0.733833 68.0628 -1.58617 0.385227 947.706 0.106234 0.0996691
1607.92 -0.157127 -0.83354 1503.55 0.079078 2.30495 3197.84 3034.73 0.580769 0.301976 0.723048 0.723332 78.4728 -0.26384 0.561839 3408.38 0.902241 0.0996691
323.934 -0.676532 2.68933 316.296 -1.38282 -0.407538 684.78 683.37 0.458475 0.715381 0.540883 0.601169 21.5075 -1.88506 1.46895 639.335 0.0314486 0.0996691
1596.61 -0.434388 -2.32225 757.677 0.000727404 1.10874 2248.96 2236.26 0.594891 0.617414 0.812138 0.840902 253.502 1.10442 0.00590026 3040.59 0.378116 0.0996691
2097.21 -0.212313 -3.09696 1467.67 -0.362165 0.460506 3522.74 2984.34 0.177949 0.45834 0.778131 0.67633 51.6458 -1.50276 0.284605 4752.7 0.840162 0.0996691
586.552 0.671574 -1.33465 333.441 0.574095 0.862749 821.023 970.168 0.750964 0.505655 0.816139 0.703959 72.9935 1.965 0.188599 1551.11 0.889848 0.0996691
1196.15 -0.239189 2.53915 1192.96 0.0216528 -0.633232 2432.1 2388.67 0.687071 0.508999 0.666333 0.646698 53.6764 0.844648 1.47961 2409.16 0.926908 0.0996691
1156.31 0.746297 -1.14303 1131.35 -0.221437 2.01355 2573.29 2562.64 0.608178 0.657901 0.656387 0.652831 38.0549 1.21662 0.70498 2311.93 0.939976 0.0996691
1314.33 0.190985 2.55996 1278.34 -0.74242 -1.15964 2818 2742.61 0.702225 0.654195 0.795551 0.668311 44.8423 -1.19842 0.0382977 3588.52 0.962529 0.0996691
337.19 -1.66931 1.61051 253.279 -0.375012 -1.5244 754.604 576.071 0.615022 0.582305 0.625985 0.761069 84.5884 -1.49876 0.236686 595.756 0.765443 0.0996691
1245.99 1.10981 -1.37171 712.076 -0.445974 2.23403 2480 1722.5 0.703665 0.588776 0.523916 0.751302 65.6694 1.40834 0.769581 3145.48 0.814091 0.0996691
3267.04 -0.840183 -1.94132 1790.79 0.174402 1.32548 5636.89 5061.12 0.601908 0.660824 0.718458 0.578364 1585.65 1.56207 0.229277 6068.94 0.908904 0.0996691
1648.26 -0.993577 -1.24174 1442.31 0.977194 0.991292 4579.79 2444.69 0.261529 0.668658 0.653015 0.47167 225.186 2.59954 0.255373 4622.85 0.954754 -0.0996691
656.852 -1.4253 -0.984607 574.544 -1.67852 2.34986 1252.87 1204.18 0.687292 0.675848 0.847169 0.789489 63.9167 -1.94627 0.966001 1550.06 0.612725 0.0996691
2258.56 0.337968 -0.143865 1462.94 0.43871 -2.95944 3637.66 3659.79 0.470278 0.425125 0.509182 0.667399 151.15 -2.79294 0.0115237 4927.01 0.981578 -0.0996691
482.766 1.30793 -2.95081 472.996 1.38773 0.248774 967.588 943.371 0.63421 0.469614 0.630259 0.715111 26.2374 -1.05936 1.3069 966.261 0.885411 0.0996691
305.026 -0.550634 3.08293 295.125 -2.66549 -0.18123 984.856 864.572 0.580331 0.442779 0.557596 0.59425 29.3267 1.36534 1.20785 600.366 0.722933 0.0996691
1772.62 -0.170469 -1.50271 1651.88 0.259567 0.540745 3069.77 2926.67 0.54716 0.38626 0.354603 0.57267 332.061 -2.75876 0.0950792 5418.52 0.685528 0.0996691
470.225 2.47168 1.61319 317.923 -1.32831 -2.04702 2641.67 2524.58 0.429941 0.704772 0.656868 0.60866 5.04753 2.53945 0.876494 1073.58 0.548493 0.0996691
386.022 -1.18336 -1.66273 320.754 1.02663 1.76621 1184.65 1128.39 0.634977 0.600286 0.619578 0.80648 18.9342 0.955392 0.363392 809.598 0.646463 0.0996691
2275.05 -0.440548 -1.05633 1584.39 0.0710871 2.3794 3910.01 3825.87 0.718008 0.67142 0.657194 0.792189 364.005 1.94202 0.365693 4490.28 0.980722 0.0996691
1074.35 -1.34166 1.72281 494.235 -0.57818 -0.585791 1476.15 1480.99 0.228467 0.627989 0.711494 0.768742 487.76 -1.84405 0.0468626 1897.5 0.587311 0.0996691
769.097 -0.597707 -1.45925 290.535 0.915389 1.71894 1259.65 1100.43 0.547979 0.737003 0.456493 0.802874 318.965 1.72137 0.0315175 1193.13 0.477167 0.0996691
708.562 -0.411294 -0.250173 612.709 0.254514 2.22204 1347.81 1324.7 0.780118 0.612282 0.705144 0.690265 35.3544 -2.61608 0.0321937 1765.54 0.557048 0.0996691
1437.87 -0.161761 -2.19121 1346.59 -0.393733 1.0496 2835.19 2727.97 0.456383 0.64287 0.738603 0.449547 143.363 -0.0296007 1.04404 2821.66 0.061559 0.0996691
2005.52 0.0518106 1.867 1847.71 -0.865234 -2.10034 4170.99 2408.8 0.381272 0.180366 0.717633 0.722704 93.4851 0.8319 0.902804 5482.94 0.427604 -0.0996691
264.889 0.998883 -2.97618 250.576 2.3993 0.21168 656.091 641.962 0.777804 0.530792 0.776772 0.821957 13.1993 -1.00488 1.21721 502.407 0.0178806 0.0996691
414.171 0.332881 -2.74874 357.754 -1.03039 -0.234202 938.448 892.793 0.524629 0.919229 0.775466 0.753879 18.4527 0.481889 0.0903807 1176.6 0.903871 0.0996691
2228.37 -0.226387 3.14099 1470.35 1.15482 -0.0433563 4525.36 4565.77 0.749718 0.248156 0.559608 0.814244 170.57 0.286738 0.328388 5792.14 0.207918 0.0996691
732.28 1.33686 0.555991 371.149 -1.96517 2.90915 2794.8 2715.5 0.876219 0.749631 0.755043 0.873844 295.042 -2.13608 0.136209 1333.18 0.532111 0.0996691
1111.75 0.490057 1.52149 723.246 -1.62478 -1.92439 2896.93 2857.61 0.627921 0.718865 0.839693 0.801649 51.752 -3.0166 1.09549 2449.47 0.773115 0.0996691
766.725 -0.444199 0.0392603 602.724 1.65007 -2.41843 2156.02 1964.5 0.707236 0.554717 0.737091 0.75274 230 3.11416 0.108196 2096.57 0.917832 0.0996691
496.092 0.478101 -1.09046 467.764 1.82415 2.08313 1220.17 1139.27 0.80782 0.683355 0.768355 0.78063 23.602 0.269918 1.36881 905.438 0.0323119 0.0996691
1475.2 0.248255 -0.936532 1310.9 -0.456761 1.80186 2945.03 2800.59 0.354358 0.493686 0.661187 0.618574 88.8064 -2.12314 1.00679 3339.97 0.806057 0.0996691
1163.31 -0.657635 0.360459 437.565 -2.1653 -1.92922 1796.02 1307.94 0.750278 0.610922 0.753733 0.644589 739.666 -2.99754 0.0583215 2100.64 0.912158 0.0996691
2345.71 -0.706133 2.25539 1137.1 1.17705 -0.498243 4920.45 3791.08 0.22489 0.743109 0.491268 0.789007 65.373 -1.23022 0.228371 5082.97 0.220811 0.0996691
1650.55 0.842649 -1.81215 720.19 1.09073 1.0108 2226.75 2190.55 0.413701 0.736453 0.774416 0.678772 705.085 1.60327 0.0902052 2632.71 0.84974 0.0996691
394.845 -0.582115 2.10847 390.726 0.540694 -1.04221 925.985 892.724 0.608761 0.624111 0.783906 0.514285 11.8105 -0.0983586 0.937521 789.631 0.0409278 0.0996691
2288.11 1.03109 -2.75232 1986.17 -0.530089 -1.0226 4924.63 4978.31 0.684528 0.380455 0.648449 0.503485 1477.67 0.984482 0.0513162 5673.11 0.920611 0.0996691
2315.35 0.145737 2.71329 1525.49 0.279204 -0.766914 3886.51 3225.12 0.223126 0.227346 0.475428 0.759011 543.419 -0.967127 0.142711 4940.22 0.858759 0.0996691
308.624 0.838687 1.72683 278.4 2.36008 -1.39215 789.157 709.857 0.661786 0.708465 0.899472 0.681197 16.7086 -1.28134 0.0724226 556.625 0.0490473 0.0996691
1516.46 1.25093 -1.3969 1398.32 0.743786 1.11008 2876.98 2896.19 0.756351 0.116668 0.574607 0.5563 225.193 2.8636 0.299444 4243.02 0.97785 0.0996691
1120.33 0.363194 -1.45227 821.143 -1.59195 1.65197 2919.17 2912.01 0.68645 0.615807 0.829682 0.647924 96.3192 -1.23706 0.207028 2835.95 0.888812 0.0996691
1478.64 -0.107803 2.89281 1105.7 0.383332 0.360125 2570.79 2164.46 0.65975 0.489968 0.73448 0.657052 1395.02 -1.2642 0.268361 3950.2 0.395684 0.0996691
2494.46 0.62382 -0.839086 1893.58 0.0386848 1.9467 4641.69 3479.69 0.204161 0.865551 0.770805 0.765987 273.13 -0.85902 0.27589 5773.19 0.305582 0.0996691
1815.9 0.202864 3.03736 1292.74 -1.23289 0.735659 3709.09 3630.96 0.676062 0.196511 0.732498 0.693438 333.077 -1.72215 0.240609 4357.01 0.951988 -0.0996691
3603.51 0.169037 -1.91019 3193.67 -0.469907 1.42667 7233.57 6564.16 0.666831 0.313071 0.72185 0.545165 452.732 1.07299 0.263467 7477.07 0.152294 0.0996691
1907.59 -0.020818 -1.7024 1489.54 0.153409 -2.78096 1763.28 1786.97 0.314366 0.643033 0.72753 0.623716 1726.46 1.25187 0.0456668 4835.58 0.824107 -0.0996691
1668.4 0.689471 0.952118 1309.92 0.232586 -2.64157 2970.06 2969.95 0.537583 0.692236 0.885995 0.82625 328.764 -1.61773 0.0394182 5167.23 0.275777 0.0996691
537.151 -0.868116 -2.73208 400.439 -1.64284 0.392039 1024.52 931.998 0.692386 0.797426 0.757491 0.532109 120.834 0.33943 0.0671908 900.511 0.159784 0.0996691
1688.44 0.133165 1.50839 476.877 -1.09829 3.00883 1732.17 1656.61 0.240911 0.406202 0.388804 0.654197 1487.85 -1.38582 0.0605285 2478.45 0.833971 0.0996691
1440.71 -0.288717 0.073805 1381.9 0.274533 2.86873 2923.47 2882.24 0.650464 0.81015 0.730478 0.693283 296.63 -1.86829 0.0396711 3032.49 0.57821 0.0996691
1707.74 -0.885547 2.92226 1677.99 -0.278122 -1.09335 3398.25 5772.3 0.498795 0.0604621 0.763452 0.757506 310.26 2.09596 0.364113 4886.1 0.947068 0.0996691
1303.2 0.597012 0.192031 1302.42 0.143178 -2.93262 2694.86 2672.13 0.836836 0.499363 0.711804 0.415259 11.0607 1.85092 1.49377 2615.98 0.99815 0.0996691
1364.29 0.0470063 0.225038 331.923 -0.947952 -2.85224 1541.34 1403.55 0.195295 0.783547 0.608731 0.693451 782.981 -2.9339 0.0111151 1957.09 0.660407 0.0996691
449.814 1.78582 -2.00993 343.558 2.74165 0.602804 877.49 680.018 0.559704 0.21733 0.828357 0.475055 49.7418 1.77088 0.273393 974.442 0.570173 0.0996691
1898.08 0.574785 -1.17117 1829.19 -0.418483 -2.67408 3223.36 3165.66 0.347593 0.550223 0.706287 0.42545 1345.4 1.1613 0.121424 5118.15 0.399552 -0.0996691
1397.22 -0.0985211 2.87462 1165.87 -1.10646 -0.060613 2884.08 2880.43 0.728477 0.599492 0.664904 0.609752 365.2 -0.448262 0.080503 3693.18 0.96481 0.0996691
1375.95 -0.780617 0.722068 1314.4 0.513274 -2.14688 3401.55 2267.29 0.191577 0.640394 0.633541 0.871579 176.285 3.01626 0.598587 3249.81 0.680014 0.0996691
420.044 0.257775 1.83593 265.904 -0.802748 -1.37495 803.342 546.875 0.565087 0.37568 0.613656 0.786436 134.602 -1.15295 0.113659 694.253 0.842803 0.0996691
929.501 -1.3189 -0.43214 654.339 0.860589 2.57886 2593.1 2517.82 0.515365 0.464326 0.765012 0.636097 236.32 2.73717 0.163525 2511.21 0.182648 0.0996691
2499.89 0.278535 2.76092 2399.24 -0.632285 0.0259847 5358.85 5408.81 0.557003 0.366677 0.68009 0.705489 244.022 2.88884 0.127954 6038.05 0.201843 -0.0996691
1584.38 0.194041 2.53792 864.559 -0.489377 -0.698425 2586.47 1992.4 0.610048 0.229704 0.664353 0.889588 733.286 -0.473725 0.126991 2537.5 0.510675 0.0996691
2271.35 0.171328 -2.61407 1420.98 0.580977 1.49274 3437.79 2667.35 0.708922 0.541093 0.68455 0.377604 1109.49 -0.334186 0.244121 4699.34 0.268847 -0.0996691
618.918 0.0247772 2.37022 592.257 1.01083 -1.15532 1363.12 1308.22 0.697996 0.450029 0.852148 0.811535 71.7124 -0.932784 0.195253 1440.34 0.181284 0.0996691
311.465 0.471278 -0.0802881 311.056 2.23765 3.05486 900.865 881.221 0.706976 0.575074 0.544091 0.547836 5.70955 1.10151 0.664697 628.138 0.88011 0.0996691
1789.46 -0.63514 1.64197 1067.04 -0.581354 -1.60744 2884.38 2556.94 0.535167 0.268719 0.789128 0.873897 161.125 -2.36796 0.0615048 4701.3 0.378979 0.0996691
591.5 -0.848852 -1.02245 589.258 -0.708041 1.99964 1200.77 1171.2 0.76628 0.687882 0.659363 0.817886 18.2844 0.0560707 1.08602 1233.75 0.928529 0.0996691
2386.03 -0.735037 0.393181 2179.29 0.25274 2.81683 4984.11 3197.14 0.386518 0.170034 0.662355 0.643937 247.992 -1.46103 0.226905 5999.94 0.628961 0.0996691
1474.15 0.748643 -0.765308 1156.15 0.224379 2.25024 2731.54 2707.87 0.397312 0.654048 0.802515 0.736705 467.213 2.24679 0.00585389 5305.83 0.915227 -0.0996691
392.998 -1.55802 0.528232 337.888 -0.392999 -2.6558 888.857 757.155 0.739518 0.766289 0.826076 0.890572 56.3641 -2.44718 0.146524 676.582 0.12729 0.0996691
1473.97 0.0540029 3.05529 1062.01 -0.226339 1.62042 1801.23 3097.49 0.731722 0.425151 0.435987 0.271476 878.065 -0.231159 0.020417 3823.67 0.76217 0.0996691
1361.81 1.04157 -2.41079 1073.58 -0.331216 1.68138 2812.97 2820.87 0.502739 0.38303 0.393788 0.754067 161.056 -0.420946 0.32719 3446.68 0.632115 0.0996691
3435.78 0.256639 2.49229 2042.69 -0.118373 -0.75847 5415.42 5410.62 0.852314 0.63317 0.827681 0.758789 1190 -0.702713 0.0559984 7536.4 0.266975 0.0996691
1971.61 -0.458716 1.6036 1850.36 -1.07235 -2.00323 3928.86 3929.32 0.613504 0.731347 0.602096 0.905249 266.873 -0.371207 0.0281285 5284.5 0.439251 0.0996691
359.039 -0.96987 3.02147 325.711 1.19677 -0.309196 1135.35 1045.31 0.523411 0.749064 0.749594 0.745359 56.4148 0.945121 0.215008 710.017 0.878795 0.0996691
1415.23 -0.684877 -0.211086 1245.74 0.245339 2.86274 2961.16 2954.76 0.32616 0.620628 0.615186 0.692755 45.4091 -1.14052 0.930572 2887.52 0.074059 0.0996691
1487.86 0.266122 0.901157 947.132 -0.187468 -1.92662 2486.42 2073.38 0.63365 0.348547 0.82725 0.342965 196.387 -2.60357 0.146595 2916.92 0.570764 0.0996691
1090.08 0.891236 -1.27934 295.824 -0.99175 2.0135 1685.51 1592.02 0.40578 0.694004 0.607245 0.654012 660.18 2.02981 0.0272377 1605.62 0.614277 0.0996691
1646.74 -0.475219 2.14565 1217.07 -0.734773 -1.17638 2933.23 2687.01 0.420726 0.523443 0.638314 0.562085 657.57 -0.566201 0.018474 3529.9 0.0559486 0.0996691
1670.31 -0.546619 -2.47441 1006.5 -0.289726 0.679561 2673.35 2436.85 0.469613 0.822189 0.653625 0.858861 490.019 0.632899 0.0586167 3409.48 0.247005 0.0996691
1270.6 -0.498199 1.68012 1227.14 0.961146 -1.43098 3256.46 2545.12 0.346172 0.449822 0.670215 0.466273 58.9254 -2.40539 0.785136 2548.7 0.741888 0.0996691
3068.24 -0.166457 0.327656 2315.36 -0.710237 2.75465 5336.44 4571.46 0.753279 0.280662 0.781816 0.720671 194.358 -1.06489 0.970896 7410.05 0.70521 0.0996691
423.36 -0.867266 1.17828 409.853 1.49821 -1.93962 1495.35 1400.52 0.570729 0.674768 0.775107 0.783106 32.3598 -0.109883 0.904177 844.275 0.540471 0.0996691
1871.65 0.471435 1.34541 1504.17 -0.805706 -1.47743 4111.73 2011.97 0.340958 0.517627 0.825715 0.743016 1116.47 -0.726775 0.0405482 4935.92 0.862448 0.0996691
549.983 0.359881 -1.47783 269.32 -1.38792 1.63491 1103.07 840.431 0.802867 0.60485 0.794824 0.833319 259.882 1.74204 0.0138574 800.015 0.597395 0.0996691
1484.15 0.41976 -2.04473 460.752 -0.14045 1.03449 1783.33 1351.62 0.507715 0.515013 0.3365 0.655586 916.287 1.18844 0.00929356 2065.51 0.673864 0.0996691
1416.62 -0.2747 -2.92942 1109.38 0.375307 0.0757459 2714.44 2294.53 0.737767 0.345556 0.649611 0.734308 260.051 -0.725058 0.284669 3009.88 0.695259 0.0996691
691.53 -1.37828 1.07349 630.122 0.749575 -2.55368 2128.14 2047.79 0.688407 0.327261 0.88847 0.709667 59.0359 -1.24865 0.04493 1655.69 0.548692 0.0996691
1197.6 0.766635 1.45474 1177.61 -0.459608 -1.67756 2852.52 2799.84 0.548587 0.819697 0.694145 0.767085 158.755 -2.09704 0.41862 2569.86 0.801469 0.0996691
1886.47 -0.153254 1.4802 1713.32 1.07368 -1.52565 4328.05 4116.11 0.311024 0.450927 0.678143 0.661146 375.419 1.66696 0.187258 5684.25 0.14588 -0.0996691
1750.07 -0.103405 2.99765 832.599 0.0788163 -0.822158 2338.97 2343.11 0.218056 0.711279 0.589055 0.823833 881.467 -0.266893 0.556863 3347.07 0.473835 0.0996691
3138.9 0.0249033 2.28636 2431.41 -0.960387 -0.712938 6457.09 5434.03 0.173907 0.484079 0.764648 0.588867 97.5036 -2.83885 1.13089 6480.49 0.106621 -0.0996691
334.703 0.73572 -2.53282 331.352 1.63279 0.676358 738.441 738.045 0.694024 0.800789 0.577519 0.714392 20.8484 -0.961377 1.57081 667.008 0.0366889 0.0996691
2573.35 -0.125581 -0.00121707 2362.98 0.0253317 2.95312 4936.99 4972.74 0.625113 0.718008 0.821187 0.731399 57.2876 -3.04779 0.281279 6571.74 0.101583 0.0996691
386.214 0.0339116 -0.719637 290.831 0.522683 2.6115 702.513 637.893 0.744335 0.749708 0.791765 0.72144 15.8269 0.433455 0.0613043 943.586 0.705642 0.0996691
1426.57 0.196466 -2.95632 937.017 0.204366 -0.836155 2127.09 1497.33 0.189549 0.756127 0.662071 0.692673 976.476 0.946954 0.0133727 2727.13 0.659339 0.0996691
2165.26 0.363971 2.25893 2010.71 0.0779841 -1.57385 4229.35 3231.41 0.648967 0.284888 0.67501 0.426402 70.8876 -0.868622 0.240983 5729.5 0.970658 0.0996691
1120.7 0.588468 -1.75847 814.446 -1.23001 1.6441 2775.91 2567.51 0.641242 0.785045 0.704064 0.744117 36.3749 2.26875 0.612748 2862.36 0.176159 0.0996691
859.166 1.32649 -0.253648 714.153 -1.23872 -2.47711 2969.25 2927.01 0.408094 0.756871 0.819347 0.825256 71.7949 2.59893 0.138246 2247.17 0.786047 -0.0996691
817.554 -1.45962 -0.996409 608.788 1.32743 2.02421 3029.53 2767.66 0.381263 0.583872 0.724979 0.646745 79.626 2.79465 0.30755 1607.92 0.51564 0.0996691
1601.71 -1.36984 1.4849 1179.51 -0.231171 -2.70458 2945.5 2255.97 0.317159 0.726283 0.724679 0.623932 902.132 -1.64431 0.0442551 4522.82 0.134204 0.0996691
1749.35 -0.859941 -1.44582 478.604 -0.877688 0.32756 1439.26 1435.13 0.272531 0.630538 0.517941 0.707336 1337.72 1.94504 0.0843065 2639.35 0.649198 0.0996691
1568.53 1.44877 2.06355 1239.23 -0.657237 -0.590898 4443.02 4467.98 0.305278 0.291982 0.752581 0.690248 393.855 -2.11432 0.102175 4975.89 0.236081 -0.0996691
1598.63 -0.0150158 -2.46408 1400.56 0.221292 0.388586 3027.75 2946.18 0.310561 0.859058 0.807538 0.82476 328.077 1.63589 0.0991668 3148.52 0.896208 0.0996691
1134.71 -0.646501 0.223716 1038.57 0.838053 -2.77817 2835.66 2523.08 0.314485 0.605085 0.732554 0.756149 164.231 3.02477 0.258024 2277 0.478325 0.0996691
514.708 1.07165 2.11748 511.255 1.02854 -1.07187 1041.34 1016.87 0.54345 0.770361 0.590392 0.713959 20.8195 0.829085 1.27761 1010.98 0.0304576 0.0996691
1429.74 0.0531641 -0.891581 534.952 -1.17056 1.30233 1933.39 1945.98 0.488027 0.74688 0.682671 0.65482 1159.23 2.61816 0.0905056 2008.18 0.970306 0.0996691
748.208 1.32313 1.49739 733.403 1.46209 -1.70628 1501.57 1464.64 0.694332 0.761555 0.716729 0.694539 47.9215 -0.379622 1.33441 1455.55 0.0355186 0.0996691
2161.73 0.0368537 0.926192 1704.98 1.03597 -1.75309 4394.12 3174.22 0.426052 0.503901 0.811098 0.35503 50.1945 -1.30885 0.102744 5008.44 0.779002 -0.0996691
323.526 0.344991 2.07108 321.062 1.33945 -1.12456 742.969 695.595 0.685536 0.56478 0.636899 0.640041 12.9229 -0.529367 0.30837 635.541 0.827936 0.0996691
1211.53 -0.348798 -3.04195 941.754 1.33889 -0.223714 2936.65 2896.46 0.527664 0.855536 0.732977 0.653998 124.544 -0.152375 0.0849061 2702.22 0.949189 0.0996691
1587.56 -0.224228 0.363629 1292.87 -0.767038 -2.78929 2995.26 2951.63 0.845147 0.600781 0.797361 0.812243 166.555 -3.04552 0.135581 3066.55 0.959808 0.0996691
2231.91 -0.629597 2.08828 2103.33 -0.545054 -1.0427 4568.93 3234.29 0.314144 0.184738 0.599774 0.701017 146.364 -1.14338 0.0020752 4378.54 0.393586 0.0996691
384.193 -0.507649 2.55306 319.723 -0.861399 -0.564331 726.021 640.596 0.455912 0.363609 0.595573 0.687521 69.106 -0.804713 0.118785 706.935 0.200878 0.0996691
1102.54 -0.158294 -2.69891 1016.39 0.817936 0.128323 2365.22 2343.2 0.551138 0.701934 0.756284 0.778392 146.544 -0.0511647 0.179775 2529.05 0.942271 0.0996691
783.352 1.64017 2.98265 370.004 -1.43295 -0.584255 2615.05 2557.07 0.735722 0.634458 0.807276 0.694102 30.2454 0.188748 0.328786 1627.7 0.435247 0.0996691
569.295 -0.403344 -1.5009 527.816 -0.12498 1.61673 1132.68 1054.75 0.715124 0.617721 0.683362 0.723724 40.2394 1.31864 0.218847 1114.67 0.0161288 0.0996691
310.318 0.956695 1.099 301.089 -1.39269 -1.89406 1093.09 918.468 0.62222 0.610135 0.83818 0.797172 27.8593 3.03488 0.887 581.538 0.712679 0.0996691
815.577 -0.452931 1.16954 605.165 -0.00352151 -1.94504 1463.86 1413.92 0.51521 0.543101 0.593303 0.62696 69.0456 -2.80214 0.261288 1661.5 0.615318 0.0996691
1241.84 1.66442 -1.45844 1096.33 -0.0809558 1.63354 3325.63 3213.42 0.572878 0.642145 0.616335 0.737852 152.505 2.00567 0.358167 2338.06 0.0829701 0.0996691
1197.38 -0.0174797 2.06761 709.943 1.11244 -0.796239 2161.97 1906.56 0.739538 0.319326 0.82491 0.845088 43.0359 -0.539697 0.161371 2510.18 0.421734 0.0996691
1093.69 0.0862431 -2.34638 1023.66 -1.48302 0.798157 2821.72 2720.16 0.602765 0.839835 0.441968 0.713058 166.191 1.49521 0.173718 2200.37 0.598286 0.0996691
2119.64 -0.07028 1.36539 1444.92 -0.83762 -2.38658 3900.46 2665.95 0.150663 0.498047 0.676819 0.48769 191.739 1.17109 0.0934165 5206.45 0.180194 -0.0996691
3567.95 0.341016 -2.07143 3538.12 0.623581 1.12831 7429.4 6517 0.446926 0.214209 0.777136 0.512451 199.029 -0.300063 1.28872 7340.02 0.978357 0.0996691
373.641 -0.424787 -2.53243 337.809 0.228965 0.0803034 773.969 554.381 0.396347 0.693693 0.606501 0.610428 48.5675 -0.171412 0.241068 949.043 0.227657 0.0996691
525.111 0.863072 1.70634 514.753 -0.249331 -1.4576 1215.73 1201.22 0.418371 0.700245 0.605841 0.837429 7.54732 0.27696 1.41895 1031.78 0.0140876 0.0996691
2460.74 0.165166 -1.03067 2244.75 -0.0738457 2.63675 4603.02 4607.42 0.43984 0.779856 0.640613 0.658914 211.702 2.5105 0.125262 6275.09 0.26261 -0.0996691
2301.66 0.396028 -0.0444935 2146.22 0.512482 -2.55393 4275.64 4212.19 0.747427 0.433166 0.769767 0.186619 304.588 -2.13905 0.40214 6751.07 0.381208 0.0996691
1366.99 -0.348452 -0.631733 1175.39 -1.48902 -1.12929 1658.08 1668.35 0.417888 0.192286 0.769845 0.898518 1192.22 2.56964 0.266692 4170.96 0.476023 0.0996691
680.447 -0.707301 3.06039 632.63 -1.31476 -0.18005 1428.92 1104.89 0.515983 0.404876 0.728334 0.746197 14.2552 1.95358 1.10928 1404.57 0.600607 0.0996691
473.942 0.370338 -2.78399 472.679 1.89316 0.332614 1319.18 1063.52 0.431316 0.852297 0.794883 0.652637 15.3369 1.35399 1.00957 932.037 0.242077 0.0996691
649.7 1.5767 -1.06467 545.646 -1.52168 2.10815 2934.39 2908.38 0.425646 0.571138 0.599038 0.794182 50.2438 1.69004 0.418099 1249.84 0.0859038 0.0996691
1453.36 0.0733303 -1.06356 652.639 -1.95118 1.95669 3048.55 3006.93 0.508522 0.464414 0.746725 0.760399 194.598 1.3644 0.426169 2984.21 0.515143 0.0996691
1694.65 -0.0337597 -0.862155 915.687 1.2186 2.64823 2988.99 2437.59 0.668779 0.17076 0.858151 0.484479 50.3856 2.60686 0.0296679 3499.41 0.516948 0.0996691
1437.44 -0.251589 1.85758 1419.08 -0.203766 -0.0826252 2370.36 2374.95 0.503569 0.729818 0.885624 0.533894 348.471 -1.73661 0.010094 4191.09 0.973015 0.0996691
1275.98 -1.19552 0.594717 1084.28 0.620946 -2.61813 3458.35 2988.95 0.177228 0.778563 0.802365 0.770833 23.5944 -1.24231 0.193622 2798.62 0.878924 0.0996691
1604.58 0.228934 2.72666 1327.38 0.522797 -0.550568 3039.44 2090.12 0.559177 0.400009 0.648749 0.748321 354.531 0.177535 0.524887 2954.33 0.415059 0.0996691
2181.49 -0.35407 -1.86924 1609.78 0.267114 0.844726 3854.81 3898.27 0.24455 0.390352 0.672325 0.727057 887.447 0.901277 0.0577798 5183.34 0.592846 -0.0996691
1786.2 0.141298 -2.6396 753.934 0.839207 0.476341 2570.41 1994.17 0.5534 0.20033 0.927777 0.929653 1028.98 0.511165 0.0760494 2556.49 0.712302 0.0996691
719.27 1.95855 -1.60293 709.273 -0.575779 1.57962 2744.47 2760.17 0.381452 0.751229 0.511802 0.865369 15.4474 -0.164789 1.43934 1434.43 0.0279058 0.0996691
367.261 0.514219 0.969369 356.953 -1.8975 -2.41237 1331.01 1292.5 0.691347 0.659826 0.619904 0.750924 78.1283 -0.628401 1.60332 722.757 0.126146 0.0996691
326.533 -1.41755 2.37555 326.391 0.443455 -0.879086 970.739 880.014 0.784342 0.666334 0.737428 0.696814 20.3064 0.932033 0.447708 631.051 0.855195 0.0996691
2002.39 -0.37731 -2.04172 1994.3 0.42764 0.324397 4074.09 4054.93 0.548945 0.864464 0.424368 0.691731 890.977 2.64992 0.831997 4808.27 0.796109 -0.0996691
1592.12 -0.526493 -2.50773 1022.04 -0.329201 0.539089 2584.27 2565.33 0.567623 0.658257 0.487356 0.79232 590.241 0.786497 0.217552 2641.2 0.968706 0.0996691
2247.5 -0.350008 1.67603 853.701 1.21423 2.92706 2904.65 2916.68 0.281573 0.470004 0.586301 0.689071 2041.1 -1.06932 0.0301052 3906.12 0.29106 -0.0996691
532.616 0.684231 -2.62551 511.863 0.908477 -0.132495 1013.21 978.095 0.70075 0.642766 0.690589 0.556555 142.625 -2.22352 0.3893 1473.1 0.667204 0.0996691
739.396 -1.20799 0.146028 536.289 1.69251 3.13471 2842.51 2827.7 0.300122 0.749249 0.685386 0.826214 58.4707 -2.62406 0.511443 1583.12 0.188249 0.0996691
1514.46 0.0429865 -1.14767 1453.35 -0.658706 1.99011 3177.18 3112.11 0.621943 0.528822 0.764795 0.466958 134.867 1.93806 0.072879 3043.9 0.926352 0.0996691
1304.75 -0.60163 1.59041 1078.79 -0.499732 -1.26601 2385.9 2385.05 0.379612 0.779879 0.522317 0.691407 45.7075 -1.08361 0.182866 2786.93 0.167806 0.0996691
2328.96 0.286231 -2.87848 1384.93 1.38904 0.283134 4154.42 4202.98 0.470793 0.783906 0.37079 0.832417 240.238 0.348966 0.0646665 5084.09 0.256568 0.0996691
958.338 1.05263 2.57462 865.175 1.8543 -0.548899 1979.48 1970.68 0.556024 0.637415 0.752948 0.850373 91.2831 -0.724026 0.182768 1842.66 0.0650917 0.0996691
1795.62 0.215753 0.494574 624.068 -0.247458 -2.69867 2185.87 2155.66 0.269803 0.834706 0.632113 0.713429 749.48 -2.68149 0.0117517 2844.78 0.501001 0.0996691
2950.33 -0.0393444 -0.582002 2490.65 -0.49705 2.55261 5572.03 5640.11 0.568487 0.308208 0.653614 0.541711 326.911 -2.52972 0.440749 6823.93 0.326222 0.0996691
2102.03 0.184939 -0.850505 1407.04 0.755983 2.38046 3596.69 3559.17 0.663319 0.458916 0.688964 0.576259 44.2017 0.0851983 0.309572 6170.14 0.303445 0.0996691
3294.51 -0.160624 -0.268401 2454.24 -0.0226828 2.9053 5831.51 5462.98 0.445518 0.546453 0.379281 0.613809 372.368 2.92924 0.0910425 6337.69 0.203637 0.0996691
342.915 2.44418 2.82871 252.585 2.10431 -0.714937 619.704 500.759 0.62085 0.743473 0.741038 0.829027 13.8346 -2.90483 0.0655117 772.772 0.434644 0.0996691
2194.11 0.246605 1.17417 1392.71 1.273 -2.20147 4299.15 2862.4 0.479375 0.697335 0.154438 0.806529 38.315 -0.676377 0.260474 4694.77 0.912252 0.0996691
1553.16 0.0880551 -0.805966 1468.44 0.526408 2.70654 3071.44 3025.67 0.633904 0.610346 0.785708 0.74187 914.802 -2.89779 0.671535 4405.06 0.47913 0.0996691
1600.77 -0.800664 -1.84974 1159.73 -0.0635303 1.65955 2893.55 2858.45 0.765498 0.643266 0.69973 0.523526 104.367 -1.56884 0.263536 3596.22 0.234823 0.0996691
1146.22 1.16408 -1.86516 666.871 -1.32978 1.83857 3319.84 2774.33 0.484964 0.629276 0.659039 0.84021 749.058 1.15679 0.579484 2455.45 0.311421 0.0996691
394.454 1.52084 -2.75002 365.788 -2.65363 0.775709 3111.79 2855.56 0.751155 0.420496 0.683887 0.468109 89.5637 -1.15657 0.390967 1100.63 0.706345 0.0996691
432.513 -0.103843 -0.989761 365.213 -0.464734 1.92582 821.72 760.839 0.76734 0.679456 0.755209 0.685352 8.45757 -1.60968 0.621174 1449.13 0.180335 0.0996691
2274.65 0.764205 -1.33072 1879.49 0.0165834 1.51822 4401.6 4424.9 0.440204 0.524848 0.716773 0.844999 1445.24 -2.87262 0.0798333 6065.69 0.879373 0.0996691
542.686 1.17582 0.184114 513.548 1.35342 -2.97872 1077.58 1040.09 0.78066 0.761042 0.677231 0.546011 24.8659 -2.52327 0.41984 1056.51 0.0390293 0.0996691
840.513 1.35425 0.428427 748.683 -1.05834 -2.96603 2904.13 2613.27 0.764583 0.404665 0.76439 0.65668 124.146 -1.17116 0.762997 1755.68 0.803792 0.0996691
1431.86 -0.708148 0.175386 1178.02 0.68997 -2.63208 3244.97 3231.25 0.769389 0.647411 0.855739 0.822706 388.484 2.56585 0.533948 2828.99 0.892478 0.0996691
1274.03 0.650861 -2.1911 484.265 -1.10983 0.809167 2243.35 2040.77 0.248002 0.589405 0.419227 0.706375 572.31 0.696572 0.202478 2100.06 0.863736 0.0996691
2195.92 -1.36146 -0.629223 553.978 0.410886 2.12779 3316.77 487.841 0.411351 0.535581 0.241956 0.726829 1666.35 2.58581 0.458896 3133.78 0.249267 0.0996691
542.251 -1.64891 -0.116633 276.466 -0.0571837 2.05336 984.857 921.761 0.521911 0.69744 0.663129 0.826882 267.568 -2.957 0.00437975 1012.47 0.525658 0.0996691
1470.18 -0.238401 0.780358 1248 -1.39893 2.88353 2887.27 2915.71 0.337556 0.792141 0.492157 0.807627 1242.05 -1.77388 0.0164473 3439.59 0.760736 0.0996691
781.788 0.339663 1.5424 753.486 -0.167825 -1.56428 1603.58 1556.34 0.668394 0.713027 0.676894 0.788612 41.9264 -1.92626 0.0515857 1525.17 0.947552 0.0996691
2209.12 1.0654 1.34075 2189.35 -0.942525 -1.39783 6801.56 6200.92 0.743493 0.142123 0.630444 0.727551 101.404 1.3438 0.00294626 5389.18 0.622927 -0.0996691
1890.24 1.02846 -2.17927 788.005 1.36941 1.5003 2403.69 2396.72 0.569456 0.818045 0.660187 0.680236 174.337 0.902974 0.223852 4360.23 0.810582 0.0996691
1974.76 -0.130364 -1.11853 1099.63 -0.627223 2.94473 2808.21 2458.64 0.163996 0.656391 0.721249 0.610088 726.053 1.21299 0.48012 4326.95 0.855922 0.0996691
1329.73 -1.52233 0.145672 1234.07 -0.166888 2.81575 3204.34 2658.63 0.276003 0.738264 0.746348 0.72012 481.457 1.27536 0.632338 4112.85 0.326108 0.0996691
1879.56 -0.966094 -0.829246 899.307 -1.64868 1.02159 2275.91 2301.66 0.384238 0.478955 0.722675 0.48265 1050.76 2.68124 0.187017 3613.83 0.976064 0.0996691
1714.78 -0.473834 0.799353 791.649 0.620613 -2.89328 2636.95 2592.41 0.222872 0.746522 0.8167 0.622141 1147.94 -2.48659 0.0249231 3587.28 0.834547 0.0996691
411.903 0.029313 2.52837 377.412 -0.733967 -0.572808 866.657 762.582 0.811039 0.671481 0.652326 0.817532 38.3943 -1.21648 0.603022 759.847 0.781556 0.0996691
557.03 -0.251552 1.14061 392.915 -2.16739 -1.33913 1471.52 721.022 0.229272 0.720194 0.81451 0.816802 2.4733 -1.20056 0.134838 1269.96 0.368656 0.0996691
2347.74 0.0447063 -2.18425 1642.71 0.166453 1.54301 3778.99 3814.88 0.267906 0.692928 0.794168 0.650887 24.9543 -1.01178 0.923491 5461.01 0.719535 -0.0996691
1134.23 -0.23439 -0.573692 958.853 1.37505 2.16086 2775.74 2771.73 0.701269 0.459817 0.818375 0.712139 64.3765 3.00014 0.604828 2500.04 0.645209 0.0996691
544.119 0.681292 -1.48557 499.959 1.33332 1.81896 1110.85 1093.54 0.777957 0.600986 0.769992 0.837122 59.0441 1.78768 0.0278767 1090.75 0.0911529 0.0996691
1368.11 -0.67714 -1.86073 1272.74 0.941945 1.2923 3702.18 2996.01 0.315619 0.720534 0.76497 0.870993 98.5193 1.30341 0.00202799 2760.01 0.96205 0.0996691
2078.46 0.819331 2.34621 1778.26 -0.899207 -0.95439 5510.89 4800.83 0.680291 0.186304 0.575238 0.871479 103.52 -1.49736 0.0752716 4447.67 0.624808 0.0996691
434.851 1.39457 1.15671 293.266 2.50386 -1.3755 814.012 783.57 0.792536 0.490389 0.703706 0.892261 145.326 -2.61232 0.265946 807.86 0.714541 0.0996691
303.755 2.02501 -2.9279 273.012 0.765934 0.271031 729.243 658.49 0.733364 0.690471 0.754714 0.639216 32.8886 -0.542018 0.747722 565.81 0.124946 0.0996691
1177.54 1.03468 0.630121 1022.48 -0.189023 -1.47718 2391.23 2933.82 0.313017 0.679992 0.700034 0.67934 83.0194 2.47428 0.389645 3244.84 0.565636 0.0996691
1640.96 -0.219674 0.675742 902.938 0.643561 2.79547 2429.42 2148.77 0.307455 0.746661 0.850827 0.853801 612.547 -2.04001 0.310197 3346.33 0.940749 0.0996691
1783.88 0.0323119 0.757657 1052.23 -0.822935 -0.392914 1938.44 1947.87 0.47043 0.32947 0.556295 0.709315 1517.4 -2.62918 0.0844183 3904.2 0.662686 0.0996691
1496.35 -0.0218362 1.05805 1405.59 0.4462 -2.22363 3001.08 3008.78 0.351983 0.814031 0.513233 0.797557 13.9992 -0.412523 0.621477 3113.2 0.930708 0.0996691
374.459 0.549444 0.530729 320.306 -1.02683 -2.99346 945.987 714.829 0.643306 0.515124 0.727946 0.686874 17.3925 -2.68529 0.142852 791.288 0.520823 0.0996691
1570.6 0.518666 -2.35867 1499.72 0.142899 1.4787 2967.48 2957.35 0.665393 0.723449 0.84738 0.810707 198.308 -2.23071 0.121338 4229.92 0.340046 0.0996691
265.541 -0.847646 1.12064 264.732 0.482175 -1.97368 661.427 626.079 0.601073 0.742507 0.689161 0.774949 17.2097 2.25388 0.211743 615.119 0.0578615 0.0996691
1799.23 -0.146609 1.09799 1094.73 1.06428 -1.34775 3220.29 3065.7 0.738578 0.689613 0.700096 0.74261 699.049 -1.91788 0.0411621 4055.1 0.712267 -0.0996691
608.132 -0.299016 0.987905 421.792 0.487773 2.56076 852.305 784.279 0.763675 0.642436 0.506801 0.793553 563.758 -1.71282 0.167529 1338.6 0.929893 0.0996691
962.884 -0.97393 -0.31359 937.743 -0.507937 2.70621 2019.16 2165.11 0.564235 0.673752 0.808408 0.762538 233.565 -0.855573 0.276842 3467.06 0.551516 0.0996691
1269.33 -0.960668 0.939013 1227.03 -0.105757 -2.62833 2692.01 2679.58 0.396053 0.711947 0.676012 0.790216 118.279 2.91409 0.177905 3218.19 0.888964 0.0996691
751.755 0.654616 -2.967 597.482 -0.325831 0.220302 1524.37 1500.31 0.522756 0.477275 0.496783 0.755544 157.51 0.0460849 0.17657 1361.51 0.140442 0.0996691
3370.78 0.738761 0.4179 2717.8 -0.642779 -2.47891 7541.51 7594.51 0.257289 0.467989 0.699682 0.646647 1588.25 2.23414 0.0596192 7296.44 0.879494 0.0996691
3079.61 0.639069 2.89793 1036.58 1.18844 0.0840355 3702.96 3669.74 0.617713 0.689371 0.688952 0.701156 2258.97 -0.498319 0.570475 4396.7 0.517514 -0.0996691
1343.5 -0.878821 1.31944 1296.39 -1.07609 -2.11516 2762.97 2173.08 0.656714 0.282515 0.551011 0.770901 100.397 2.54242 0.111871 3263.56 0.897889 -0.0996691
1406.36 -0.084251 -1.87708 1141.13 -1.3754 1.86449 3015.03 2978.52 0.477443 0.323521 0.70193 0.537383 392.898 -0.492046 0.159341 3745.63 0.715941 -0.0996691
279.968 -0.62538 0.606313 253.995 -0.319966 -0.845456 367.31 366.229 0.196518 0.688938 0.618747 0.758865 343.142 2.48286 0.694352 805.939 0.801282 0.0996691
1535.11 0.354226 -2.59872 1294.88 0.0264978 0.466564 2972.4 2540.48 0.626164 0.187695 0.748182 0.778667 76.1322 -0.378098 0.344732 3484.16 0.841575 0.0996691
340.085 -1.73676 3.11258 339.001 -0.040957 -0.0455483 960.149 781.369 0.462879 0.578746 0.84545 0.750822 72.5733 -1.30101 1.25837 770.308 0.843514 0.0996691
1774.18 0.303186 1.96548 909.497 -0.664794 -1.3426 2858.03 2858.2 0.654761 0.313022 0.695737 0.943839 166.493 -0.636643 0.545962 3792.64 0.791761 0.0996691
626.643 0.497085 2.66845 624.356 0.260149 -0.510691 1279.52 1241.24 0.685826 0.857645 0.82774 0.784868 29.5478 0.838878 1.35145 1227.85 0.0258806 0.0996691
668.443 -0.0777916 1.28832 554.196 -1.3558 -2.49725 1438.11 1382.11 0.678973 0.555598 0.759383 0.718498 19.2727 -1.57939 0.628411 1793.21 0.542325 0.0996691
1173.92 -0.568911 -1.41145 1066.24 -0.559595 -0.0613841 1407.43 1417.2 0.0834616 0.514883 0.716058 0.684563 1535.38 2.35739 0.0978451 2469.79 0.945896 0.0996691
2595.24 -0.692091 2.63758 1853.64 1.32454 -0.773794 6806.72 6887.82 0.50901 0.325697 0.752311 0.522024 1171 0.989687 0.27667 5544.55 0.952987 0.0996691
1099.65 -0.397905 1.09086 1074.06 1.42792 -2.14167 3155.05 3135.93 0.622246 0.640044 0.583072 0.823429 40.5169 -0.856362 0.0863454 2221.99 0.972894 0.0996691
315.32 -2.54897 -2.54604 306.425 -1.31704 2.44587 560.375 540.8 0.731421 0.297198 0.811042 0.75786 539.644 0.478656 0.099494 953.398 0.8644 0.0996691
1390.28 -0.434267 1.44629 1355.23 1.45834 -1.72726 4123.32 2776.98 0.417758 0.185987 0.562378 0.672551 57.7783 -0.582559 1.13294 2769.24 0.281435 0.0996691
1236.67 -0.520203 0.833408 437.591 0.419725 -1.97789 1636.52 1593.61 0.54633 0.855676 0.640964 0.709591 924.004 -2.06287 0.0813344 2172.37 0.519535 0.0996691
2436.45 -0.656554 -0.413106 1923.36 0.0542287 1.99296 4408.43 4431.04 0.500596 0.259135 0.298034 0.789751 241.701 2.37933 0.387647 5981.87 0.377003 -0.0996691
1602.16 0.120399 -0.084233 1545.53 0.117041 -2.34387 2879.63 2739.71 0.565767 0.51966 0.676942 0.724398 98.0557 -3.12886 0.6285 5290.91 0.871378 0.0996691
663.212 -1.55746 2.97467 641.589 -1.52995 -0.0985621 1409.12 984.071 0.750863 0.178563 0.648941 0.74017 32.0834 0.19574 0.046843 1414.92 0.304695 0.0996691
1587.69 0.498139 3.01012 1145.29 -0.917469 -0.816811 3305.94 3177 0.711987 0.627344 0.602186 0.678938 54.0826 0.491152 0.173794 3740.95 0.895509 -0.0996691
944.708 -0.0530181 0.667792 447.904 -1.22849 -3.09686 1485.13 1491.51 0.477239 0.396492 0.456818 0.306481 400.956 -2.05248 0.538793 1801.89 0.668899 0.0996691
3400.93 0.0773896 2.87149 2556.1 1.05147 0.057318 6639.59 6016.8 0.443122 0.543292 0.724046 0.81562 367.893 -0.673004 0.411602 7021.45 0.977715 0.0996691
343.192 -0.3234 -1.30699 302.504 1.88083 1.78392 1099.6 980.921 0.878272 0.734088 0.693457 0.785978 43.945 1.36221 0.424572 636.417 0.824726 0.0996691
1460.95 -0.849341 1.9786 1276.52 0.121944 -0.76241 3022.57 3044.89 0.370535 0.558956 0.689557 0.651488 86.0449 1.25045 0.726835 3453.84 0.571715 0.0996691
806.573 0.0693655 0.848507 482.951 0.374421 -2.23741 1271.51 1272.96 0.554506 0.656701 0.774254 0.710565 296.037 -2.26662 0.0306528 1367.08 0.249351 0.0996691
1860.3 -0.277663 0.0708917 1042.86 0.40735 2.91507 2955.86 2871.23 0.663413 0.609261 0.709634 0.831501 749.808 2.56619 0.354098 4482.95 0.916211 0.0996691
1908.78 0.574907 -0.749843 651.805 -0.744397 -2.76793 2538.49 2283.41 0.167619 0.654743 0.87455 0.706449 1668.24 2.05074 0.41349 2619.64 0.951721 0.0996691
1463.6 -0.875681 -3.09301 1233.22 0.149841 0.517804 2997.56 2984.22 0.271859 0.763263 0.951873 0.811435 120.701 -0.110086 0.639021 3272.16 0.253972 0.0996691
1634.12 0.687076 -0.05821 746.344 -0.208012 2.13494 2234.51 2254.67 0.550707 0.457022 0.442172 0.559322 1346.83 3.01236 0.21784 3168.27 0.973176 0.0996691
433.487 -0.826066 -0.610283 332.762 0.615966 2.55052 982.072 846.018 0.709348 0.625282 0.680234 0.733332 89.2516 2.6791 0.145303 781.407 0.217702 0.0996691
1896.57 -0.291467 0.557258 1868.18 -0.351997 -2.42195 4002.89 2853.13 0.201024 0.599203 0.656245 0.579122 94.9606 1.05112 0.340514 4133.44 0.267069 0.0996691
2254.36 -0.240088 -3.05323 1708.6 1.19628 0.101144 5123.01 4261.8 0.530755 0.253928 0.733918 0.743869 287.398 0.104151 0.186153 4431.81 0.854997 0.0996691
1696.75 -1.5242 -0.215589 1337.49 -0.106977 -1.66518 3067.44 3104.66 0.287068 0.586157 0.735899 0.466592 1582.48 2.21829 0.120597 3775.32 0.818506 0.0996691
601.673 0.30798 -0.0856742 271.444 -0.0542082 -3.06523 829.866 809.395 0.54554 0.672239 0.620249 0.623579 336.094 3.08777 0.128873 895.286 0.393001 0.0996691
2430.02 -0.227979 -0.899575 1708.22 -0.1609 1.67335 4212.95 2978.55 0.113142 0.690282 0.381791 0.724612 244.139 2.85095 0.166361 5470.03 0.276573 0.0996691
997.413 -0.702543 0.993599 945.96 -1.36152 -2.0336 2143.08 1398.28 0.631811 0.423784 0.650448 0.678037 42.6629 -3.05978 0.675404 2085.62 0.76834 0.0996691
676.846 1.54212 3.12562 575.989 1.7484 -0.00248067 1264.59 1233.44 0.609604 0.62651 0.691613 0.689194 106.854 0.0061773 0.00117533 1254.14 0.110051 0.0996691
2851.36 -0.128085 2.10794 2813.07 0.31777 -1.0007 6380.83 3848.25 0.0985366 0.172877 0.589944 0.709503 87.7367 -1.90711 0.56546 6035.67 0.231133 -0.0996691
544.821 -0.804735 -1.6543 537.187 -0.766962 1.45336 1097.56 1064.97 0.783915 0.784155 0.695967 0.75707 1.16447 2.67471 1.22845 1081.23 0.0299255 0.0996691
2501.99 -0.0402811 -0.394772 2302 -0.617556 2.59175 5089.59 4289.1 0.666323 0.38541 0.823148 0.605696 214.487 -2.50065 0.508306 6609.89 0.940167 0.0996691
1447.5 -1.30606 0.422468 1271.28 0.971414 -2.02068 4657.64 1896.19 0.64468 0.312383 0.713622 0.383597 210.824 -2.20306 0.0852928 3783.08 0.330554 0.0996691
263.052 -1.53513 -0.938608 259.736 -0.398211 2.15729 626.648 562.026 0.7475 0.638055 0.608868 0.759558 4.79433 -2.77577 1.32284 506.642 0.0530309 0.0996691
1463.1 -0.241522 -2.80842 569.746 -0.907604 -1.06312 1579.81 1425.15 0.542371 0.79806 0.734171 0.70874 1312.7 0.723351 0.0488008 2188.77 0.106487 0.0996691
1437.08 0.746383 1.42629 1279.08 -0.224842 -2.20484 2983.39 2986.97 0.692495 0.254554 0.679701 0.693699 330.793 -1.80232 0.397474 4815.59 0.249326 -0.0996691
2532.02 -0.689838 0.556204 1841.88 0.298841 -2.48852 5016.03 3948.26 0.0711678 0.603957 0.607857 0.524742 484.103 -2.71823 0.231743 4853.89 0.40831 0.0996691
701.407 2.12459 0.0135999 657.653 -1.36905 -2.21124 3985.36 1262.31 0.168016 0.795039 0.31725 0.744329 46.0985 0.869446 0.619915 1952.74 0.65719 0.0996691
1079.19 -0.183969 -0.586434 831.628 0.765583 0.488553 1465.16 1096.57 0.263736 0.396793 0.866154 0.90358 905.632 2.55712 0.0994189 3236.04 0.261332 0.0996691
618.364 -0.487913 2.03256 573.918 -0.687821 -1.05402 1207.73 1146.1 0.741446 0.560468 0.808746 0.766971 67.0003 -1.78588 0.349338 1196.27 0.847106 0.0996691
1685.51 0.556059 -0.0980409 1141.49 0.299617 -2.79357 2903.46 1882.04 0.202632 0.213707 0.776582 0.800972 545.824 -2.86305 0.154813 5090.93 0.191328 0.0996691
376.738 0.0221214 -2.79002 339.905 -0.0563094 0.284822 733.522 677.6 0.611338 0.793125 0.774313 0.787381 35.8562 0.934145 0.233233 702.504 0.885826 0.0996691
1527.55 0.126234 2.70737 1435.18 0.38829 -1.81183 2338.71 2353.49 0.366208 0.383143 0.632016 0.75175 115.795 -0.12346 0.267368 4999.51 0.290405 0.0996691
2310.94 0.0932484 1.41823 1204.49 0.660214 -2.55851 3198.98 3244.03 0.587235 0.266096 0.896759 0.461619 1510.61 -1.62144 0.0285623 4476.41 0.873596 0.0996691
1741.54 0.349701 2.94828 1087.16 -0.784774 -0.247178 3236.24 3209.22 0.655321 0.812121 0.519595 0.746415 687.366 0.0554744 0.301521 2933.65 0.244256 0.0996691
2863.84 0.801599 1.94799 2649.63 0.0172795 -1.24865 6108.72 4982.69 0.156724 0.630614 0.438345 0.571491 206.423 -0.519691 0.305539 5765.99 0.761539 0.0996691
428.5 -2.0147 -2.27976 341.965 0.111355 0.901211 1268.09 1145.37 0.701159 0.70101 0.920951 0.81418 24.9177 0.435857 0.0228701 771.013 0.902567 0.0996691
400.174 0.457055 -1.25577 313.677 0.220926 1.97257 716.825 718.085 0.685722 0.457036 0.639497 0.664177 96.4572 1.78666 0.190753 1160.58 0.131271 0.0996691
1244.2 0.320978 -2.74914 1208.53 -0.989267 0.38606 3030.9 2864.68 0.633331 0.632382 0.849593 0.690268 51.7823 0.624463 0.153708 2437.72 0.905735 0.0996691
533.656 -1.49452 -2.94402 460.474 1.23551 0.100133 2075.57 1997.11 0.681826 0.752208 0.701163 0.819679 20.3598 -1.57973 0.106131 1353.17 0.662657 0.0996691
2489.82 -0.23712 -0.335775 2237.48 0.544901 -2.95577 5040.8 3859 0.444711 0.166624 0.52142 0.690749 234.181 1.9821 0.347147 5880.94 0.667447 -0.0996691
1776.13 0.531553 0.619357 1526.04 1.32747 2.66767 3122.89 3158.81 0.644136 0.259105 0.54332 0.741207 459.284 -2.24401 0.0750921 4799.85 0.849207 0.0996691
2467.68 -0.890897 -0.443373 1226.67 0.852082 2.3022 4899.4 4148.01 0.388059 0.750119 0.881665 0.666619 580.906 2.426 0.122848 4723.31 0.444736 0.0996691
2283.45 -0.210691 1.29754 2255.32 -0.0959836 -1.30352 4409.38 4416.15 0.409886 0.722666 0.596607 0.730797 106.663 0.179343 1.11933 6116.59 0.719057 0.0996691
940.179 -1.92454 0.0409523 550.665 0.75724 3.1073 2943.32 2956.19 0.657339 0.538965 0.704598 0.756251 81.4899 2.58781 0.520306 1929.38 0.269445 0.0996691
2835.86 0.0771126 2.63442 2123.63 0.00842845 0.424458 4439.64 4379.58 0.424857 0.652703 0.849127 0.435956 377.039 -1.62385 0.0822331 7145.26 0.95719 -0.0996691
1116.74 0.385048 0.468935 1010.59 -0.931089 -2.5029 2625.26 2555.42 0.694944 0.266082 0.780904 0.777395 73.8731 -0.723463 1.1893 2465.76 0.657997 0.0996691
2370.14 -0.671723 2.33563 1809.74 -1.00532 -0.159098 4199.77 2841.9 0.352324 0.262023 0.852402 0.671242 1436.09 -1.65986 1.03613 4397.07 0.443863 0.0996691
1607.86 -0.627293 -2.37734 1055.86 0.347782 0.271855 2967.86 2497 0.221263 0.563408 0.719696 0.722185 94.5719 -0.529056 0.798063 3876.17 0.939038 0.0996691
2124.57 -0.801101 0.629811 1823.08 0.0525351 -3.08878 4174.47 4164.14 0.503179 0.209206 0.783468 0.748054 75.8191 2.18222 1.01398 6186.63 0.375683 0.0996691
304.133 0.678067 -0.755276 287.074 -1.54585 2.52487 1010.85 856.247 0.577817 0.646316 0.729609 0.812413 17.5786 2.09677 0.413826 818.091 0.121064 0.0996691
1274.66 0.666262 1.32826 1027.51 0.260204 2.59717 1447.34 1450.78 0.610618 0.728775 0.822831 0.763806 965.361 -1.65449 0.571115 3355.49 0.885416 0.0996691
1703.38 0.946402 1.13052 1260.27 0.29381 3.08285 2624.52 2656.36 0.303396 0.200614 0.826499 0.472164 695.225 -2.73985 0.46002 5263.85 0.800323 0.0996691
2316.95 0.841089 -0.389204 2103.72 -0.571493 2.90288 5687.8 4899.54 0.634809 0.216413 0.702737 0.744204 30.5494 0.702641 1.08834 4914.91 0.732258 0.0996691
1088.82 -0.479436 0.667545 822.045 -0.159915 2.52302 1570.04 1521.45 0.733366 0.457373 0.683344 0.670401 482.571 -2.17885 0.110651 2864.14 0.581788 0.0996691
385.489 -0.311848 1.69882 311.208 0.234359 -1.896 714.039 696.552 0.61041 0.672674 0.759932 0.866665 72.158 -0.388172 0.279724 891.808 0.585611 0.0996691
1973.18 -0.370711 -0.363491 1336.04 -0.246385 1.13565 2266.27 2278.91 0.25631 0.227045 0.86395 0.792326 1950.2 -3.12379 0.0680954 4030.33 0.968374 -0.0996691
2489 0.514554 1.96074 1633.33 0.513496 -1.00277 4194.53 3119.01 0.115188 0.833567 0.586846 0.857942 709.585 -1.48851 0.013694 4402.92 0.752187 0.0996691
2630.15 -0.0543514 -2.00602 1746.36 -0.0608476 1.20002 4567.68 3270.58 0.106892 0.479614 0.739546 0.799513 132.534 2.79416 1.16235 5581.16 0.978316 0.0996691
2134.46 0.0231443 2.41 1393.81 -1.17016 -1.27426 4216.52 2799.06 0.154572 0.486134 0.770615 0.559349 49.1848 2.36329 0.356661 4941.01 0.958222 -0.0996691
1310.39 0.889918 2.51329 782.881 -0.986275 -0.685548 2995.07 3011.4 0.556413 0.211808 0.847873 0.654055 447.643 -0.527288 0.0072245 2179.39 0.898298 0.0996691
1165.6 0.866174 0.0387654 687.453 -0.931989 -3.03771 2624.04 2252.17 0.722722 0.455406 0.66031 0.878517 511.069 3.09189 0.289233 1897.37 0.303961 0.0996691
1505.19 -0.614874 1.54647 964.983 0.770705 -1.07915 3020 2704.58 0.188262 0.274114 0.750206 0.844912 470.132 -2.09631 0.157272 2921.77 0.105172 0.0996691
1426.53 -0.246805 -2.70381 473.966 -0.369303 0.561988 1660.57 1643.22 0.157792 0.678525 0.783225 0.756066 922.492 0.415074 0.154244 1938.16 0.517726 0.0996691
1492.6 -0.191147 2.34847 1149.6 -0.0856212 -0.534538 2651.56 2571.48 0.590791 0.777209 0.363083 0.691421 356.969 -1.02801 0.263447 2960.04 0.962156 0.0996691
1966.52 -0.308908 1.04899 1740.1 0.553451 -2.33525 4130.17 3008.93 0.175707 0.267797 0.729529 0.755953 560.457 0.785584 0.0603323 4706.17 0.31345 0.0996691
3160.23 0.395457 0.622712 2518.03 -0.106465 -3.10871 5776.1 5013.71 0.495088 0.312388 0.495598 0.625507 624.437 -2.60955 0.488937 7280.67 0.351848 0.0996691
1660.47 1.35311 2.16696 1229.95 -1.13078 -1.45041 5341.31 4546.48 0.48802 0.547328 0.633006 0.434946 548.312 1.88645 0.0667495 4126.46 0.885725 0.0996691
1768.54 -0.557403 -2.55975 1648.6 0.846349 -1.52105 3123.04 3113.1 0.499373 0.809058 0.579587 0.799172 2462.15 1.22 0.25233 4082.21 0.975839 0.0996691
1117.02 -0.730854 -2.83891 892.807 1.13876 0.608193 2939.09 2879.82 0.581251 0.668856 0.62905 0.881118 63.7128 -2.73282 0.119728 2467.17 0.189919 0.0996691
2071.97 0.363868 -0.187458 1160.6 -0.635068 2.52905 3697.42 2951.47 0.134924 0.527771 0.780512 0.592986 951.445 -2.90817 0.0833025 3472.63 0.709453 0.0996691
324.798 2.76719 -0.563303 259.945 0.723849 2.76682 957.684 833.116 0.0651005 0.678252 0.728439 0.666524 71.5949 1.96209 0.235279 580.18 0.874381 0.0996691
2238.64 1.05589 0.285798 1650.65 0.153033 -2.23533 4122.53 4157.07 0.234687 0.454134 0.696652 0.72759 169.183 -1.90802 0.331938 5304.18 0.337999 0.0996691
1136.47 0.529379 -2.42233 1018.69 1.03054 0.0422494 2163.5 1950.65 0.618155 0.6816 0.608287 0.487871 616.214 -2.98531 0.120173 3148.08 0.78597 0.0996691
877.881 -1.71987 2.0246 877.782 0.474909 -0.89139 2961.34 2498.91 0.17892 0.76457 0.737073 0.766452 115.194 -1.59304 0.704634 1973.92 0.55931 0.0996691
395.534 1.09322 2.35489 352.033 1.79523 -0.861703 820.994 725.203 0.718227 0.674917 0.759429 0.719334 39.5399 -0.149642 0.689495 707.242 0.101088 0.0996691
1973.51 -0.843524 1.0459 1899.45 -0.980452 -2.15961 4097.12 3086.49 0.177105 0.666979 0.776667 0.59761 147.092 -1.19947 0.875075 4062.6 0.906949 0.0996691
998.876 1.37266 2.16019 389.587 0.257727 -1.91864 1369.16 1207.04 0.388415 0.726227 0.816371 0.79134 755.289 -0.693116 0.0677583 2084.99 0.58111 0.0996691
599.813 0.495882 -1.27735 522.45 -0.702497 1.60461 1349.45 1287.06 0.487881 0.680292 0.749749 0.718233 41.1021 0.142037 1.4195 1305.36 0.912582 0.0996691
1332.58 -0.177336 2.87813 800.157 -0.714732 0.824061 1878.18 1836.14 0.257973 0.729128 0.812817 0.858753 707.992 -1.0095 0.253088 2627.27 0.517828 0.0996691
350.896 0.817466 -3.09773 337.315 0.772474 0.0478726 727.07 593.211 0.738685 0.562845 0.578349 0.747424 23.9782 0.729247 0.567905 684.903 0.179796 0.0996691
1678.23 0.266792 2.17055 1335.54 -0.0754238 -1.26415 3017.93 3028.77 0.633691 0.605294 0.878118 0.37379 283.167 -1.17636 0.0879711 4210.11 0.179005 -0.0996691
1426.49 0.468121 -2.20677 1204.56 -0.536696 0.726251 2950.73 2980.95 0.853204 0.270449 0.767314 0.824735 280.376 1.0062 0.279288 2902.15 0.130183 0.0996691
948.916 0.113386 1.55938 792.104 0.0168911 -1.58446 1750.25 1709.21 0.715818 0.799965 0.701025 0.729274 149.74 -1.41203 0.174862 1759.66 0.0772704 0.0996691
806.861 0.769067 -0.201926 716.601 -1.82625 2.91944 3003.93 2951.53 0.701847 0.506951 0.776783 0.776878 16.931 0.921625 1.12116 1624.18 0.813882 0.0996691
1923.44 -1.11114 0.76501 1619.4 -1.17565 -2.08189 3522.51 3443.33 0.278038 0.665991 0.509527 0.649494 475.67 2.74588 0.247704 4424.51 0.628757 0.0996691
818.81 -0.749458 -1.75732 455.894 2.35923 1.22404 3051 2618.63 0.371633 0.824868 0.476887 0.750833 110.637 1.53217 0.3334 1584.81 0.19349 0.0996691
1640.11 -0.97168 1.97709 768.589 1.55675 -0.11927 4161.09 3859.27 0.837177 0.344558 0.669848 0.653248 539.002 -2.06917 0.0077498 3750.27 0.724045 -0.0996691
1347.99 -0.659058 2.75613 1283.71 1.00695 -2.43752 2843.46 2721.01 0.392466 0.633435 0.479555 0.646619 1381.65 0.562421 0.0536315 3968.67 0.654283 0.0996691
1270.26 0.736541 1.87406 1066.07 -1.01746 -1.27593 3442.59 1693.74 0.372525 0.375056 0.588519 0.771135 338.4 -1.06001 0.192345 2495.05 0.453814 0.0996691
2792.15 0.302559 3.13924 2306.34 -0.332667 -0.0797914 5677.98 4036.84 0.328211 0.12288 0.633559 0.643418 527.161 0.401237 0.0116669 5453.61 0.387215 0.0996691
397.159 -1.04517 -2.96931 271.941 1.84412 -0.110837 1476.63 1319.25 0.720281 0.727201 0.568829 0.535032 40.8991 0.386071 0.462423 864.483 0.271171 0.0996691
1506.79 -0.649887 0.041225 1342.26 -0.356278 -2.52477 2770.82 2790.56 0.267315 0.730719 0.680852 0.612209 318.754 -2.91316 0.388497 4185.5 0.960081 0.0996691
2329.03 0.0716862 -0.369618 1221.85 0.884939 2.98186 3718.82 3749.45 0.366479 0.213615 0.797513 0.714835 176.526 2.64004 0.173199 5169.23 0.486406 -0.0996691
2199.6 -0.354118 -0.680783 1364.94 1.33865 3.04891 4681.5 4725.27 0.199237 0.512182 0.776796 0.799112 563.208 2.16557 0.511536 4413.87 0.872682 0.0996691
1704.53 -0.599273 -0.196731 1221.14 -1.14493 2.36511 2911.4 2766.11 0.450114 0.512593 0.653605 0.749522 235.649 3.04861 0.113567 3897.5 0.970968 0.0996691
1656.84 0.851998 0.169021 1214.36 -0.777756 2.96589 3944.22 2351.08 0.256806 0.138099 0.768303 0.256375 148.288 -2.25577 0.0462258 3551.06 0.882935 0.0996691
417.116 0.217693 -2.39028 259.865 1.58806 1.25364 827.703 723.35 0.826379 0.651076 0.765481 0.671503 92.1584 1.56419 0.292152 894.783 0.818158 0.0996691
1168.04 0.628501 -2.49674 770.957 -1.36022 1.20459 2890.67 2630.43 0.275264 0.346216 0.615847 0.571358 530.546 -0.0581455 0.0458657 2100.32 0.840983 0.0996691
1262.26 0.290778 2.54144 852.696 1.16884 -0.572559 2284.28 2299.08 0.475293 0.319934 0.45201 0.564456 61.2385 1.06766 0.367095 3056.67 0.458518 0.0996691
886.695 1.64674 -0.16466 736.112 0.266582 2.03867 1940.42 1547.8 0.381195 0.666223 0.788496 0.879842 235.57 -2.56176 0.271599 2132.01 0.473643 0.0996691
277.434 2.70007 1.56274 262.102 1.31994 -1.68442 702.229 627.647 0.392234 0.820363 0.654043 0.683394 34.085 -0.149275 1.56379 496.05 0.0857301 0.0996691
2490.35 0.521235 -0.249268 1853.56 -0.199816 2.05626 4459.01 3534.73 0.392358 0.219268 0.359736 0.811967 432.791 2.84056 0.0312345 6379.96 0.964977 0.0996691
633.909 -0.540195 -2.39434 502.759 -1.02043 0.746376 1185.9 1080.34 0.696968 0.745808 0.547975 0.841714 123.587 0.752261 0.0268095 1148.28 0.174734 0.0996691
1438.72 -1.01579 2.9333 1265.87 -0.40573 0.0218203 2874.38 2401.53 0.450796 0.41724 0.641675 0.55219 315.18 -1.15191 0.000650525 2799.07 0.329966 0.0996691
886.14 -0.438433 -2.41535 528.922 -0.617334 0.985778 1382.22 1344.03 0.382775 0.691271 0.646894 0.788093 377.962 0.84034 0.129811 1563.2 0.306382 0.0996691
1468.64 0.0375439 0.481997 822.657 -0.78598 -3.0379 2377.21 2308.35 0.584476 0.680288 0.682847 0.705241 949.013 -2.21138 0.0389774 2892.52 0.78948 0.0996691
1150.49 1.78144 1.09839 1064.88 0.568022 -2.72681 2542.72 2537.35 0.692503 0.662597 0.774333 0.773401 1511.39 -0.653157 0.335365 3334.27 0.826393 0.0996691
2735.67 -0.672326 1.12337 2339.71 -0.693253 -2.00992 5272.41 4597.14 0.137605 0.593567 0.719196 0.73252 148.298 -2.37556 0.363828 5590.95 0.101078 0.0996691
1705.36 0.436286 2.12734 1358.76 -0.449519 0.436298 2679.66 2697.46 0.671936 0.17274 0.688163 0.820351 664.724 -2.38806 0.0827169 5057.86 0.35741 -0.0996691
2947.78 -0.790098 2.78321 2602.47 0.64882 -0.376163 7326.45 5665.87 0.229271 0.0917419 0.674504 0.808016 329.305 -0.319119 0.244051 5718.59 0.174376 0.0996691
925.026 -0.719846 -1.05046 646.817 -0.079697 2.23195 1706.87 1248.21 0.251382 0.408636 0.698192 0.702979 418.514 2.16991 0.034693 1771.53 0.345319 0.0996691
811.161 0.341743 -1.3462 282.874 1.54663 1.82628 1144.47 1082.48 0.688163 0.743402 0.860791 0.795978 536.609 1.79432 0.0497459 1104.57 0.522956 0.0996691
1429.25 -0.713103 2.20583 500.799 0.163666 -0.948359 1913.13 1349.03 0.255792 0.512817 0.369811 0.788612 941.74 -0.907445 0.0118834 1951.57 0.965626 0.0996691
654.704 0.440117 -2.99058 642.147 0.282865 0.135824 1335.87 1242.61 0.797722 0.65412 0.854044 0.822439 8.04296 -1.02532 1.16115 1261.17 0.006902 0.0996691
2639.41 -0.309519 1.88067 1815.87 0.148946 -1.52756 4650.69 4154.6 0.409712 0.171918 0.77054 0.724444 21.5142 0.299923 1.07706 5523.21 0.928318 0.0996691
400.006 1.25059 2.16265 352.385 1.16739 -0.810273 765.723 727.195 0.709707 0.709275 0.804456 0.610033 21.0933 -1.97802 0.380936 793.345 0.822462 0.0996691
1305.42 0.971399 -1.32871 1249.08 -0.597352 1.8223 3415.62 2985.55 0.50989 0.488658 0.572542 0.840647 40.035 1.7386 0.0171672 2584.95 0.907414 0.0996691
1399.13 0.278869 -0.767724 625.906 -0.702151 2.56415 2144.33 1733.08 0.550703 0.447488 0.706508 0.846937 792.482 2.21992 0.174998 2044.37 0.567635 0.0996691
1280.02 -0.158046 1.29701 1226.39 -0.586764 -0.848056 2333.81 1961.88 0.434221 0.670102 0.628953 0.655993 885.663 2.51097 0.628734 3491.83 0.953252 0.0996691
1599.21 -0.579109 -2.47205 1573.15 -0.123201 0.620842 3492.76 2456.37 0.758771 0.26974 0.700494 0.780026 66.7882 0.233837 0.138428 3969.67 0.281258 0.0996691
2377.95 -0.148732 -0.817538 1897 -1.25131 2.01027 4946.27 3969.35 0.524981 0.340214 0.363006 0.723945 275.722 2.31678 0.093719 5512.7 0.576979 0.0996691
1233.73 0.262146 2.17698 873.252 -0.805508 -0.931334 2505.9 1689.42 0.210208 0.637007 0.747043 0.738134 254.366 -2.08019 0.245548 2623.79 0.58744 0.0996691
1206.22 0.761019 2.57704 1167.49 -0.74032 -0.127646 3068.8 2292.61 0.263997 0.717609 0.883101 0.833633 59.2987 -0.619762 0.499923 2850.51 0.304506 0.0996691
2893.77 0.247628 2.68137 1501.95 0.679821 -1.72105 3511.37 3524.45 0.22768 0.213534 0.827169 0.787092 1759.52 -0.0882303 0.166457 5661.59 0.947518 0.0996691
908.856 -1.15396 2.71492 578.691 -0.327741 -0.848679 1554.69 1563.57 0.539435 0.605039 0.743238 0.870587 34.5264 -1.32531 0.476785 1936.63 0.302123 0.0996691
1181.53 1.07254 -2.04781 569.409 1.77494 0.287888 1631.2 1611.72 0.266968 0.721185 0.589248 0.586458 807.313 1.55741 0.183628 1825.36 0.936342 0.0996691
1673.85 -0.348466 2.24102 837.122 -0.0862194 -1.02427 2397.73 2386.05 0.598697 0.805818 0.772355 0.741518 422.808 -1.12897 0.108805 4607.57 0.349251 0.0996691
2474.38 0.342713 -1.28176 2077.39 -0.466071 1.04594 4594.11 4613.3 0.116472 0.666184 0.527527 0.495523 87.9989 -0.128319 1.15352 6900.98 0.677242 -0.0996691
489.656 1.74086 1.02469 296.347 -0.349447 -2.29629 1229.38 1171.27 0.758244 0.729767 0.779865 0.70022 10.1427 2.12589 1.11119 989.567 0.427318 0.0996691
1225.06 -0.661592 -0.252784 1121.2 -0.556559 2.85609 2364.95 2354.86 0.844242 0.301968 0.714082 0.668902 938.737 -1.30733 0.780201 3554.78 0.808728 0.0996691
2452.72 -0.776954 2.30071 2415.42 0.257258 -0.800032 5679.33 4766.63 0.12922 0.58932 0.869307 0.643409 100.941 -1.24882 0.448965 5087.23 0.208073 0.0996691
1183.58 1.12615 -1.16314 462.885 -0.0988583 1.34275 1754.27 1541.54 0.38986 0.547853 0.618097 0.717943 749.142 2.24031 0.310812 1790.71 0.779707 0.0996691
1546.09 -0.172039 2.19394 1443.28 -0.407421 -1.25012 2997.52 2998.38 0.597218 0.285674 0.736531 0.742884 330.759 0.315069 0.204856 3138.4 0.878593 0.0996691
2235.02 -0.337905 2.15864 1926.75 0.557276 -1.71606 4470.7 3406.97 0.131085 0.593731 0.505186 0.735193 578.7 0.0515861 0.0976348 5270.04 0.409136 0.0996691
769.339 1.32822 1.70162 557.292 1.31182 -1.84727 1295.07 1285.46 0.742348 0.701288 0.674555 0.712288 16.5568 0.89443 0.794673 1658.53 0.246671 0.0996691
1155.15 -0.574109 -2.72131 1133.46 0.522822 1.10287 2563.17 2404.02 0.799678 0.656945 0.815265 0.600554 266.011 -1.97126 0.573916 2987.19 0.94681 0.0996691
1826.63 0.43444 -0.531309 1229.86 0.0653542 2.19138 3049.86 2894.09 0.855851 0.698993 0.815645 0.791939 529.299 2.8367 0.182903 3605.8 0.971131 0.0996691
3604 0.163628 0.763566 1609.93 0.869473 -3.07138 4872.35 4911.12 0.409027 0.433015 0.718412 0.631572 1447.55 -2.46207 0.0414324 7368.09 0.602195 0.0996691
278.67 -1.4289 -2.26904 256.993 -2.40676 0.940548 614.409 520.159 0.630765 0.773202 0.754764 0.765952 9.00246 0.837237 0.108104 533.116 0.171652 0.0996691
1154.23 -0.193231 2.67971 253.403 -0.571307 -0.477038 1135.17 921.34 0.759694 0.533541 0.785203 0.792175 890.156 -0.442236 0.0160855 1377.82 0.730437 0.0996691
2706.66 -0.39109 -2.18556 2091.75 0.137492 0.793718 4945.49 4988.64 0.252756 0.244254 0.791857 0.639317 84.8724 2.51107 1.19359 5534.03 0.974974 0.0996691
616.066 -0.106958 0.376538 552.563 -0.121082 -2.83304 1189.15 1141.53 0.697716 0.778352 0.712624 0.811717 49.8071 3.01793 0.445731 1219.24 0.0701169 0.0996691
3595.49 0.345777 2.37589 3447.55 0.0169234 -0.621059 7150.93 7143.17 0.579494 0.675221 0.539696 0.836558 165.525 -1.86995 0.0883138 8952.29 0.206225 0.0996691
1124.13 1.2974 1.4265 625.872 -0.659204 -1.68269 2579.65 2181.29 0.494346 0.48312 0.740794 0.663011 495.13 -1.72831 0.0983775 1748.79 0.374651 0.0996691
476.886 -1.87597 -1.8611 397.419 1.09418 0.522629 2016.4 1725.54 0.671471 0.579122 0.833498 0.673059 41.6445 2.17688 0.0453715 1159.79 0.806719 0.0996691
449.73 -0.556078 0.783361 380.777 0.149663 -2.14895 885.398 850.302 0.541948 0.784954 0.575706 0.903864 60.3437 -1.7444 0.407498 932.45 0.152312 0.0996691
307.395 0.866444 -2.52361 259.096 0.0142349 0.660595 637.164 559.611 0.556736 0.64758 0.77148 0.82006 47.7918 0.950102 0.187089 554.176 0.777944 0.0996691
1906.82 0.0353017 -1.13289 1349.89 0.632016 2.30154 3346.03 3286.84 0.32565 0.661377 0.767565 0.822448 325.717 2.38606 0.0832546 5209.26 0.968025 0.0996691
1942.58 -0.835736 1.81979 1674.02 0.687372 -2.11567 4518.68 4550.71 0.480246 0.457726 0.694297 0.574868 356.787 -1.76522 0.350426 5204 0.391534 0.0996691
297.547 -0.575679 1.05553 294.423 -2.70651 -1.79776 970.433 903.624 0.538161 0.278071 0.466023 0.727372 83.9134 2.97035 1.54844 582.185 0.176996 0.0996691
815.315 -2.0512 1.37739 491.592 -0.878173 -1.67652 1512.01 1411.97 0.499551 0.605006 0.562986 0.583986 319.163 -1.91456 0.205453 1447.29 0.389595 0.0996691
948.335 -1.599 1.97997 783.276 0.726019 -0.781846 3017.2 2999.33 0.506341 0.529244 0.578256 0.574355 76.9795 2.29457 0.313142 2215.65 0.209039 0.0996691
353.837 1.9326 2.69377 347.027 2.10842 -0.437163 718.924 676.231 0.680712 0.810234 0.640783 0.804572 15.0482 -1.00271 0.562097 695.079 0.0679558 0.0996691
3101.48 0.0805169 1.40917 3033.72 -0.277862 -1.89398 6227.37 6270.7 0.407099 0.723582 0.826704 0.760732 781.014 -0.244288 0.109144 6581.13 0.865481 -0.0996691
2346.98 -0.382338 2.70044 1955.1 1.06011 -0.964407 5352.4 5356.29 0.552482 0.208619 0.468407 0.682632 30.7441 1.47958 0.414171 5623.82 0.859953 0.0996691
1607.86 -0.528515 0.0222205 1604.44 0.0511005 -3.11583 3517.29 2890.68 0.693314 0.256391 0.770855 0.645209 33.7502 2.4402 0.522439 3331.93 0.156562 0.0996691
1917.39 0.296385 2.93868 997.552 0.942111 0.093864 2898.11 2888.35 0.769417 0.789617 0.63672 0.705834 925.51 -0.473076 0.302308 2998.88 0.933142 0.0996691
2146.33 -0.26813 1.73774 1354.77 -1.20677 -0.816625 3876.89 3034.88 0.150826 0.687976 0.866782 0.697987 1193.06 -2.04025 0.269428 3589.59 0.948547 -0.0996691
3302.14 0.00518566 2.87099 1079.18 -0.866106 -0.403056 4526.87 3729.92 0.0514879 0.670579 0.712217 0.817067 1472.73 -0.264287 0.133013 5300.81 0.375098 0.0996691
2959.44 0.634361 1.7011 972.815 -1.32784 -0.182829 4810.51 4510.26 0.308822 0.425054 0.758954 0.60046 2538.01 -1.56219 0.0467311 5030.22 0.936383 0.0996691
3546.1 0.678434 1.48103 3223.31 -0.329639 -1.25154 7556.06 7342.42 0.609589 0.219565 0.386713 0.287711 334.949 2.75832 0.667739 8087.44 0.870865 0.0996691
357.253 -0.312493 -2.93058 351.928 -0.750523 0.217953 745.6 670.29 0.720002 0.773548 0.796568 0.783855 1.50924 1.83501 1.53047 689.13 0.999403 0.0996691
349.435 1.2523 2.28531 280.228 0.414532 -0.807612 702.575 613.695 0.626438 0.66099 0.780023 0.748562 70.0657 -0.963214 0.103997 632.245 0.874969 0.0996691
445.616 0.8742 1.87689 403.83 1.81459 -1.32061 970.497 888.567 0.678297 0.505139 0.648333 0.651212 44.8867 -0.324056 1.01334 843.833 0.886925 0.0996691
1425.23 -0.821013 -2.07844 570.154 0.630275 -0.0585933 2102.42 2075.43 0.75418 0.601509 0.840337 0.790204 861.47 1.05616 0.193216 2629.56 0.892062 0.0996691
2419.73 -0.526364 -0.644847 1209.27 0.386187 -3.11189 3621.18 3636.69 0.735265 0.726035 0.832958 0.777602 823.293 2.30339 0.378186 4796.43 0.984199 0.0996691
605.378 1.36454 1.71773 314.375 0.346523 -1.61683 994.965 995.338 0.635506 0.730418 0.46515 0.696464 93.9924 -1.66641 0.0515114 1171.46 0.335549 0.0996691
1337.13 -0.177907 -2.09604 1336.92 -0.81508 0.837941 2816.28 2810.59 0.594651 0.702756 0.395661 0.743923 35.591 1.36983 0.469782 2983.76 0.966602 0.0996691
269.575 -2.73344 0.317704 260.749 -2.49186 -2.90116 545.225 495.101 0.659955 0.696741 0.718643 0.727448 16.1205 0.475097 0.0651563 513.979 0.850793 0.0996691
2171.87 0.0413208 0.811639 1290.02 0.129264 -2.68575 3313.42 3342.23 0.566181 0.283381 0.635762 0.42337 303.999 -1.89731 0.415585 5023.25 0.520996 0.0996691
1240.05 -0.165788 2.57532 1209.92 0.0514822 -0.664758 2490.68 2452.9 0.483995 0.690353 0.752846 0.756231 501.665 -0.546946 0.107439 2957.43 0.0448445 0.0996691
501.947 0.163074 1.99995 461.015 0.790884 -1.18227 1028.57 957.452 0.782711 0.672559 0.760994 0.780208 41.616 -0.9909 0.236952 983.212 0.863311 0.0996691
438.156 -1.33012 -3.08298 345.995 -0.427872 0.0862294 888.654 795.501 0.622973 0.689341 0.787277 0.824314 81.9625 -0.0389344 0.149462 785.35 0.199752 0.0996691
2240.9 -0.587322 -1.90432 2167.06 0.388278 0.631917 4828.58 3826.36 0.335584 0.466049 0.577935 0.688421 163.873 -2.07629 0.0468864 5855.61 0.306547 0.0996691
1457.68 -1.03477 -0.312909 1261.29 -0.0841149 3.06891 3011.71 3042.42 0.578233 0.189354 0.786213 0.710487 88.049 2.84494 0.224132 3071.91 0.139527 0.0996691
2574.02 -0.702012 2.02815 1739.72 1.14572 -1.3779 6237.38 5479.06 0.165002 0.502277 0.949067 0.75549 58.7931 1.90676 0.0785508 5431.03 0.163965 -0.0996691
3066.22 -0.0578923 -0.633592 1832.78 -0.439592 2.15297 4863.3 4725.63 0.467759 0.382367 0.798238 0.838906 379.946 2.52246 0.116251 6712.82 0.978961 0.0996691
1267.86 -0.366005 0.0760644 872.952 -0.488513 -3.0359 2121.38 2111.19 0.432369 0.873141 0.724446 0.765527 235.821 -0.314308 0.390497 2842.25 0.436105 0.0996691
461.551 0.455175 2.35994 444.901 0.731936 -0.740055 927.893 890.958 0.615354 0.762908 0.65716 0.709787 27.9173 -1.88732 1.14573 908.485 0.0390955 0.0996691
1786.04 -0.552968 -1.60223 1674.03 0.498406 1.51705 3956.59 3984.65 0.638718 0.495942 0.821312 0.743092 1256.72 -0.119043 0.176552 5086.94 0.720031 0.0996691
508.604 -0.182625 -1.81307 491.31 0.685583 1.3627 1134.34 978.096 0.791766 0.808299 0.800505 0.838559 26.1285 2.99645 1.43581 1001.78 0.753383 0.0996691
1447.41 0.89619 -1.54772 1218.87 0.576841 1.7626 2707.83 2698.93 0.255276 0.568655 0.782056 0.741389 210.318 0.797187 0.291948 2875.74 0.954565 0.0996691
4246.12 0.00519331 -0.613364 3648.53 0.0600921 2.6008 7991.67 7473.59 0.214824 0.399766 0.529984 0.0846057 233.802 2.88466 0.283951 8611.52 0.00717245 0.0996691
527.331 -0.362042 -0.489562 466.886 -1.66301 1.60542 1116.39 1080.48 0.444987 0.728814 0.597946 0.835041 336.45 2.98101 0.00127792 1833.58 0.652922 0.0996691
2367.8 0.170118 3.07245 1865.35 -0.276095 -0.263962 4319.8 4280.95 0.631653 0.643008 0.747261 0.713962 445.418 0.560959 0.351336 4431.14 0.978796 -0.0996691
1098.65 1.44256 -0.00514329 937.705 0.873364 2.47775 2057.42 1723.26 0.243847 0.53285 0.626526 0.706282 576.182 -2.18395 0.211591 2154.2 0.843772 0.0996691
2392.01 -0.257285 0.485574 1899.09 0.440603 2.91934 4291 4323.78 0.591043 0.367985 0.696109 0.765393 850.439 -2.74486 0.617552 5682.21 0.362035 -0.0996691
2709.24 0.124839 0.397858 1719.33 -0.463641 -2.62005 4694.55 4253.85 0.656569 0.580509 0.503455 0.734588 187.799 -0.107107 0.056055 5831.04 0.570251 0.0996691
1967.71 0.218603 -0.756007 1125.93 0.848815 1.86989 3038.86 3069.74 0.209566 0.679261 0.849418 0.472389 204.364 2.61904 0.215756 4177.29 0.416153 0.0996691
1657.06 0.414405 -0.107292 1509.9 -0.332056 -2.51513 3207.81 3217.44 0.240427 0.335314 0.75373 0.669531 136.253 -3.09637 0.049053 5645.09 0.975118 0.0996691
331.784 -0.201526 1.30949 320.668 1.16962 -1.93756 820.932 782.689 0.673667 0.745041 0.680054 0.660658 22.9173 2.94623 1.37805 676.736 0.918152 0.0996691
2022.84 -0.141037 -1.73216 2013.2 -0.559171 2.2297 3818.44 3850.07 0.555416 0.0723759 0.420345 0.752483 56.1563 2.16143 0.0683391 5761.1 0.399167 -0.0996691
518.875 0.314154 -2.58391 427.332 -0.623111 0.600368 1080.64 847.8 0.650654 0.42989 0.8177 0.736134 74.6458 0.222269 0.181418 942.136 0.595048 0.0996691
772.641 1.00912 -0.428855 433.817 0.42272 2.97844 1207.9 1204.49 0.65248 0.535375 0.736987 0.59926 12.0864 2.40447 0.0781422 1629.13 0.765567 0.0996691
332.486 -0.0168293 -1.13057 314.214 0.109064 2.14006 676.626 578.398 0.693502 0.65245 0.701142 0.670403 24.1913 2.35501 0.257927 639.314 0.772693 0.0996691
2127.04 -0.505842 -2.21585 1430.4 0.733521 1.0229 4259.64 3950.87 0.314195 0.562505 0.662048 0.759048 15.1131 2.07522 1.04982 4951.87 0.157738 0.0996691
817.649 0.825785 0.81679 808.332 -0.939766 -2.34437 2307.39 2306.51 0.557969 0.636918 0.731762 0.660161 24.08 -0.990088 1.3532 1630.65 0.013118 0.0996691
1197.01 1.02727 1.71046 595.005 -0.233343 -1.68418 2111.49 1803.49 0.550771 0.628332 0.770692 0.771591 528.42 -1.84846 0.0619233 2199.44 0.450377 0.0996691
1084.15 0.899018 2.18553 982.704 -0.883151 -1.63543 2868.89 2870.22 0.722647 0.338099 0.850281 0.730436 765.624 -0.0881386 1.5461 2266.79 0.336439 0.0996691
900.19 1.54918 2.39343 854.094 1.25534 -0.380969 1754.23 1745.44 0.697857 0.373962 0.814197 0.904144 51.9941 2.8749 0.152103 2413.02 0.534939 0.0996691
299.9 2.68883 -0.173343 274.007 1.00919 2.88128 802.435 742.524 0.593473 0.593335 0.575682 0.855066 35.6901 -2.65957 0.740866 561.785 0.0578865 0.0996691
550.063 -0.518439 -2.87852 547.223 0.0241691 0.292768 1160.36 1105.29 0.772719 0.768912 0.826727 0.81487 26.3968 -1.64199 1.22945 1060.54 0.0152638 0.0996691
503.594 -0.888839 -2.34897 471.143 -2.52352 0.810101 1344.16 1265.15 0.696107 0.722342 0.710045 0.818309 16.0421 -0.455663 1.29291 945.013 0.870222 0.0996691
1808.12 0.539012 0.713047 1796.74 -0.714662 -0.927304 3584.84 3622.36 0.543708 0.449047 0.719896 0.508263 447.449 2.74154 0.0486939 5849.38 0.32452 -0.0996691
1297.98 -0.182788 -0.632429 1219.18 0.901048 2.47391 2914.56 2872.74 0.579293 0.609386 0.602248 0.755876 65.8317 -0.278691 0.329818 2693.32 0.798913 0.0996691
1906.97 -0.435773 -2.81998 1287.35 0.0253152 0.596973 3215.64 3152.94 0.780771 0.658398 0.834584 0.829228 304.153 0.274338 0.324849 3703.07 0.2361 0.0996691
2298.14 -0.368853 -0.111656 2195.58 -0.254102 2.73571 4463.03 4510.7 0.308648 0.31687 0.588786 0.673965 113.504 -1.09322 0.0574445 5608.23 0.68462 0.0996691
348.732 0.180442 -1.5223 346.177 -1.04368 1.70118 836.853 814.049 0.833829 0.565608 0.72232 0.637863 28.0917 -0.122078 1.38138 683.228 0.0380874 0.0996691
1162.78 0.183209 -1.92353 1017.33 -0.907874 2.329 2296.26 2109.27 0.799556 0.70869 0.785549 0.696954 458.077 2.18852 0.158758 3889.12 0.820544 0.0996691
1754 0.752682 1.79365 1702.37 0.345212 -2.41229 3115.16 3081.81 0.28957 0.67451 0.709062 0.646044 1527.21 -0.746326 0.127768 4504.92 0.849351 0.0996691
2430.69 -0.304786 2.15767 1850.46 0.305851 -1.36251 4414.28 4221.71 0.442712 0.454405 0.614539 0.629483 243.543 -1.08161 0.241813 7335.26 0.418447 -0.0996691
2830.65 -0.0323383 1.475 2231.15 -0.417799 -1.06526 5133.03 3989.26 0.34918 0.181738 0.784801 0.640668 384.041 -2.62722 0.0714188 6504.15 0.568651 -0.0996691
1763.69 1.21111 -0.653262 1466.97 0.24916 1.33741 3165.67 3154.49 0.555388 0.779149 0.668049 0.616174 538.157 2.6537 0.127221 4945.06 0.718454 0.0996691
1519.94 0.3489 0.412166 261.236 0.933235 -2.85296 1342.01 1285.44 0.634041 0.470906 0.586061 0.726572 1180.65 -2.84287 0.00674605 1958.28 0.685581 0.0996691
1884.25 0.463071 3.01721 1574.11 -0.651831 -1.21502 3657.59 3608.6 0.525091 0.397872 0.543318 0.505608 1258.35 0.921225 0.0121671 4201.27 0.311512 -0.0996691
2174.52 0.594563 1.724 1320.44 -1.61874 -1.11027 5674 5693.73 0.840847 0.450352 0.878588 0.566571 209.36 2.45833 0.733466 5348.44 0.531807 0.0996691
1611.86 -0.428993 1.38289 1476.33 0.334231 -2.95098 2921.02 2237.36 0.359783 0.389184 0.587274 0.840523 162.5 -2.80475 0.0331938 5871.58 0.158607 0.0996691
1673.97 0.146706 -2.10566 908.049 -1.13191 1.04173 3007.57 2957.46 0.243593 0.88699 0.600057 0.844157 35.0698 -0.711171 1.39527 3415.42 0.925665 0.0996691
397.273 -0.36186 -0.873454 373.133 0.335093 2.37956 827.82 802.541 0.536998 0.687268 0.769056 0.69961 47.9026 1.1289 1.25863 753.538 0.0598836 0.0996691
1842.32 -0.231677 1.8515 1149.21 0.535057 -0.447114 2900.97 2928.69 0.54156 0.54506 0.702978 0.603053 344.961 2.50655 0.658526 5220.14 0.460447 -0.0996691
402.754 -2.08805 1.40583 392.093 -0.839556 -1.79483 983.921 892.074 0.774031 0.510922 0.752139 0.718246 11.1277 -0.42169 0.583602 759.39 0.901152 0.0996691
298.733 -1.91957 1.93967 270.076 -0.225615 -1.34874 787.114 780.855 0.700825 0.609125 0.785049 0.618729 258.037 -1.28823 0.0600295 903.389 0.083858 0.0996691
2142.36 0.0936206 -3.00668 1235.11 -0.477979 0.29853 3436.43 3236.42 0.722529 0.557779 0.825235 0.715683 856.96 -0.114149 0.0558125 3529.34 0.867691 0.0996691
1493.79 -0.0434663 1.01937 1445.24 0.168906 -1.7486 2936.66 2914.6 0.609721 0.710193 0.706719 0.694963 77.8606 2.64874 0.0915534 3633.31 0.782467 0.0996691
2920.76 -0.588076 1.29679 1457.87 -0.0461649 -1.83908 4314.2 4289.32 0.508625 0.720515 0.427469 0.835689 2128.66 -1.72744 0.109697 5119.05 0.349986 0.0996691
2992.46 -0.192115 2.04079 1543.88 -1.13155 -0.72223 5015.42 3184.94 0.579873 0.528927 0.572748 0.816789 63.2135 0.200549 0.00574489 7444.86 0.97188 0.0996691
351.614 0.563682 -0.940999 333.364 -0.59518 1.62427 789.978 744.019 0.836957 0.671873 0.730202 0.768768 197.793 -2.68643 1.74684 654.704 0.289285 0.0996691
1128.4 0.651542 -2.45422 1065.5 -0.99123 0.411655 2978.54 2944.83 0.617463 0.599201 0.644571 0.702939 47.9867 -1.49154 0.913562 2534.15 0.889616 0.0996691
1578.82 0.612853 -2.30671 1340.06 1.12146 0.792677 3033.04 3000.24 0.479727 0.430164 0.754458 0.725422 42.2586 -1.26687 0.581686 3202.57 0.69261 0.0996691
1786.33 -0.64647 0.17438 1013.95 1.97829 -2.77139 5377.94 4999.29 0.488426 0.54994 0.37434 0.730536 100.635 -1.64914 0.956679 3640.93 0.954951 0.0996691
2001.74 -0.572377 0.736467 1617.4 1.2241 3.10981 4995.35 5005.38 0.640832 0.341228 0.803853 0.504593 176.542 -1.34684 0.143851 4898.29 0.488947 -0.0996691
1707.45 1.15014 -0.471112 1235.73 -0.430716 -2.66806 3644.4 3667.83 0.127287 0.832055 0.835945 0.784078 97.714 -2.99033 0.320583 5021.8 0.477679 0.0996691
2462.12 0.628758 -2.87175 1999.95 -0.773984 -0.38035 5575.07 4734.93 0.509592 0.770414 0.424071 0.691838 134.317 2.11717 0.596341 6133.47 0.874879 -0.0996691
1826.69 -0.820752 2.84865 763.818 0.664573 -0.298719 3060.06 2972.8 0.23794 0.605727 0.299153 0.749324 750.351 -0.310431 0.00348258 2943.95 0.452618 0.0996691
417.525 -0.128517 -2.1155 365.032 -2.17082 1.06808 1233.2 1197.08 0.700112 0.615929 0.779769 0.618629 37.5796 1.55791 0.480765 789.908 0.0926266 0.0996691
330.378 1.0721 -1.5716 256.56 1.42379 2.00917 591.289 555.81 0.663241 0.583404 0.748195 0.749835 17.8677 1.39787 0.615731 701.533 0.244232 0.0996691
1495.24 -0.455307 -0.472825 1419.84 -1.07474 0.984545 2156.56 2177.3 0.283035 0.227649 0.772446 0.714843 1178.64 -2.67511 0.0293283 4132.38 0.492944 0.0996691
279.909 0.466324 -1.64853 268.867 -0.243446 1.44885 591.56 575.329 0.815951 0.528846 0.67432 0.622941 26.7914 -3.03103 1.3869 538.81 0.0269382 0.0996691
1451.41 -0.567699 2.27465 935.712 1.05504 -0.10534 3032.19 3027.67 0.654394 0.548033 0.527234 0.751222 91.6744 -1.97025 0.453598 3292.35 0.392089 0.0996691
1231.96 0.258484 1.36692 1216.64 0.837262 -1.82302 2560.81 2566.69 0.801367 0.296742 0.778517 0.75413 114.532 -1.31016 0.513497 2624.5 0.0268535 0.0996691
2166.29 0.300638 -2.55254 1580.54 0.572176 0.592145 3889.86 2995.69 0.797893 0.175793 0.832393 0.72206 710.576 0.511831 0.401881 4027.04 0.37877 0.0996691
1962.77 -0.142612 2.30307 1280.82 0.950734 -1.19629 3625.17 3650.08 0.371885 0.408407 0.585886 0.854437 76.3432 -0.727844 0.0257488 4903.23 0.974979 0.0996691
777.384 1.51837 -0.420672 764.025 0.23496 2.69493 1899.04 1805.77 0.578544 0.51766 0.747544 0.756807 18.6458 -3.03105 0.110552 1554.71 0.842463 0.0996691
646.037 -1.13465 -3.11451 582.24 1.30631 1.08511 2180.87 2147.39 0.660395 0.620057 0.724348 0.747709 333.629 -1.43574 0.259231 1546.91 0.938598 0.0996691
1605.53 0.253434 1.31328 1383.58 -1.08188 -0.551639 3259.05 3208.06 0.789947 0.476943 0.714899 0.722222 530.755 -2.36616 0.44297 4795.81 0.959614 0.0996691
2755.28 0.280314 -1.40705 1777.57 0.423789 1.83499 4764.89 2997.51 0.211152 0.289468 0.704437 0.66947 129.138 -0.53892 0.543973 5825.83 0.447798 0.0996691
390.394 0.937757 -3.00531 388.811 -1.11879 0.132196 1247.85 1108.81 0.814388 0.62613 0.780391 0.703683 23.9019 0.0422571 0.0721079 741.967 0.018564 0.0996691
1620.58 -0.152294 -1.5886 1409.03 0.814179 0.917523 3281.73 3075.78 0.665346 0.674725 0.738084 0.648793 256.243 1.36762 0.220649 5331.13 0.313032 0.0996691
1747.36 -1.17957 0.767006 998.472 0.447348 -1.1281 3238.67 3144.71 0.277722 0.608525 0.770526 0.689502 168.206 -1.76906 0.2495 4640.01 0.975988 -0.0996691
3563.07 0.0603201 2.96094 894.586 0.633656 -0.914462 3793.15 3383.99 0.17131 0.374766 0.747203 0.205497 2023.58 -0.178198 0.0631915 6693.79 0.930488 0.0996691
1970.73 -0.466724 -2.75875 705.919 -0.757052 1.01511 2350.97 1770.87 0.275053 0.226113 0.824827 0.629861 1137.6 0.01116 0.453828 3052.5 0.736727 0.0996691
1420.13 -0.848068 -2.80764 1316.89 -0.555872 0.557921 2766.72 2757.72 0.666695 0.819338 0.651806 0.851146 219.456 -2.69199 0.112688 3338.32 0.618207 0.0996691
1699.41 -0.320048 -2.13532 927.659 -0.831242 1.13045 2603.35 2606.38 0.502174 0.673896 0.900924 0.662225 500.8 1.00577 0.128681 2997.75 0.300214 0.0996691
361.117 0.741129 -1.85461 355.802 0.56973 1.29872 740.349 692.746 0.733682 0.787639 0.693303 0.730534 8.19636 -0.0648058 1.39238 684.098 0.0517721 0.0996691
534.803 -1.48653 -2.17252 328.304 0.0209417 1.19781 1093.77 1070.87 0.397832 0.708031 0.804972 0.764955 172.003 1.01881 0.100261 1096.3 0.845289 0.0996691
1621.81 -0.123287 0.786561 1574.04 -0.563494 -2.34359 3352.61 3050.98 0.434159 0.411784 0.796772 0.79763 50.6967 -2.7918 0.420938 3201.32 0.0790128 0.0996691
1947.01 0.409519 0.324221 1783.42 0.219212 2.14367 2985.1 2997.26 0.775216 0.724927 0.662072 0.677902 86.846 -3.07524 0.0728419 6459.96 0.976345 0.0996691
533.507 -0.00766402 1.28799 349.218 1.52455 -2.48775 1115.7 1010.54 0.593518 0.735741 0.4475 0.779479 20.0672 -1.62779 0.326101 1214.54 0.327259 0.0996691
290.108 1.4096 1.46414 266.381 0.440157 -1.74222 641.693 579.871 0.79451 0.663157 0.547094 0.774575 8.63114 -1.67811 0.0280508 538.234 0.0673267 0.0996691
1380.06 0.627714 0.955292 1339.9 0.376451 2.5395 2000.49 1954.49 0.744555 0.262226 0.759312 0.636839 281.509 -2.00669 0.163711 4699.53 0.212874 0.0996691
1330.78 -0.809923 -2.81828 1243.71 0.33564 1.47773 2685.83 2642.68 0.808215 0.638108 0.688804 0.536506 921.772 0.276457 0.190051 3992.89 0.918804 0.0996691
1754.4 0.863164 -2.65238 966.342 -1.15923 -0.211216 3999.1 3694.1 0.444084 0.346156 0.616837 0.556389 1110.08 1.09145 0.5807 2908.11 0.51825 0.0996691
1307.48 -0.857997 -0.945823 253.434 1.69595 1.10642 2166.3 2128.4 0.5031 0.429509 0.529181 0.427643 812.258 2.32395 0.110038 1963.4 0.776781 0.0996691
566.531 0.431176 1.74608 548.603 -0.0118486 -1.3821 1157.99 1112.97 0.608811 0.727358 0.853526 0.697795 30.2934 -1.77119 0.378382 1110.51 0.896935 0.0996691
905.67 0.962523 -0.307228 688.42 0.047991 -2.92315 1714.48 1677.61 0.705297 0.722344 0.75987 0.75134 480.154 1.60879 0.0706176 2058.85 0.395089 0.0996691
1592.79 -0.966231 1.81891 1286.19 0.706041 -0.805918 4008.92 2919.85 0.383968 0.295326 0.532506 0.677773 443.226 -0.225367 0.389052 4030.54 0.970065 0.0996691
1900.32 -0.324042 2.73325 1648.29 0.861962 -0.807268 4139.38 4142.69 0.176134 0.617777 0.711962 0.754106 416.303 1.28871 0.36405 4161.42 0.0910474 0.0996691
1713.5 -1.08681 -1.85242 901.037 -0.995246 1.46958 2518.45 2407.74 0.567787 0.558739 0.822327 0.760645 129.668 0.978859 0.139775 3344.87 0.834397 0.0996691
1371.27 0.686046 0.956692 1267.65 0.529252 -2.24201 2813.22 1948.45 0.289286 0.698101 0.593855 0.740733 121.154 -1.57061 0.0588651 2834.55 0.101101 0.0996691
1124.66 -0.144451 2.54086 942.718 0.144969 -0.464649 2101.29 2049.15 0.732411 0.648303 0.803588 0.789866 44.9964 -0.792977 0.329774 2249.67 0.839464 0.0996691
1326.27 0.902868 0.673541 1029.82 -0.565324 -3.018 2939.45 2946.77 0.630379 0.572734 0.7464 0.742282 17.2846 -1.39148 0.447903 3608.64 0.862449 -0.0996691
1687.16 -0.863519 0.561116 1312.55 -0.363466 2.74172 2956.63 2413.8 0.187057 0.74923 0.676314 0.762182 1534.47 -1.45367 0.127973 4085.05 0.411132 -0.0996691
291.208 -0.296442 -1.16613 272.063 1.08287 1.98931 714.313 656.433 0.46312 0.667471 0.569926 0.759783 20.352 1.63679 0.290813 558.962 0.146081 0.0996691
2095.63 -0.0428222 2.3948 1518.94 1.28286 0.10985 4162.08 4020.86 0.464051 0.574782 0.768809 0.513734 1163.83 -2.11348 0.198145 4628.15 0.478321 -0.0996691
2594.46 -0.152369 0.317896 2040.33 -0.447186 -2.69291 4704.93 3872.34 0.139869 0.728422 0.648326 0.731814 138.009 1.91359 0.774286 5263.42 0.995623 0.0996691
1772.63 0.780273 0.751611 1290.45 0.177592 -1.99179 3123.03 3139.73 0.64478 0.346081 0.86223 0.830197 313.793 2.9285 0.498961 3545.19 0.63419 -0.0996691
1180.32 -0.783479 -0.924918 729.706 0.993031 2.5834 2626.33 2583.66 0.447064 0.576044 0.772215 0.64589 574.98 1.74027 0.843281 1925.65 0.322391 0.0996691
1998.99 0.486553 -0.617612 1191.69 -0.420816 2.02697 3419.09 3103.28 0.55794 0.508781 0.576618 0.762255 771.123 2.84621 0.0955954 4121.49 0.737574 0.0996691
1923.67 -0.423548 -2.86265 1640.47 0.619484 -0.497683 3846.1 3800.96 0.362283 0.698576 0.714299 0.818053 366.898 2.48541 0.769269 5065.2 0.630207 0.0996691
2475.3 0.825694 -3.13009 2264.45 -0.0880012 0.606658 5155.13 4961.46 0.402128 0.674916 0.455156 0.662191 466.168 -0.773226 0.331649 5854.03 0.940692 -0.0996691
376.183 -1.59919 1.21217 374.48 -2.29852 -1.9581 812.379 766.072 0.660358 0.654294 0.695167 0.831108 7.30768 0.0767562 1.02477 745.739 0.819553 0.0996691
461.614 -0.0549603 -2.14766 361.167 1.21271 1.14169 1012.25 911.397 0.704266 0.584125 0.81552 0.67155 100.783 0.794782 0.352506 834.41 0.137653 0.0996691
1999.14 0.392182 2.60241 1433.22 -1.55154 -0.95227 5101.24 4975.54 0.724305 0.594954 0.665355 0.733991 489.06 -0.826636 0.0192559 5266.19 0.728377 0.0996691
270.539 -0.770741 2.42646 268.996 -0.0518481 -0.167344 578.929 438.65 0.537198 0.444229 0.576608 0.686231 21.814 2.12745 0.112347 688.751 0.545378 0.0996691
1623.73 0.461671 1.96273 917.431 -0.859162 -1.00603 2997 2964.28 0.210521 0.606943 0.735654 0.703741 651.713 -1.67484 0.10362 3027.62 0.95131 0.0996691
1588.93 -0.580588 2.07008 1470.87 0.197277 -1.01434 3367.02 2201.78 0.496203 0.703005 0.338059 0.78709 113.075 -1.79091 0.000387669 3148.6 0.880574 0.0996691
1279.49 -1.22804 2.11433 774.547 0.369982 -0.308795 2584.07 2473.63 0.907256 0.714605 0.61439 0.608226 192.758 -0.721654 0.114415 2827.97 0.946416 0.0996691
582.339 0.69047 0.630427 256.213 1.81883 -2.49076 904.621 881.491 0.611122 0.647393 0.699094 0.756221 148.408 2.8365 0.106323 1296.49 0.288344 0.0996691
452.836 -0.233359 -1.97231 426.674 -2.46714 1.21196 1511.78 1385.62 0.721577 0.800124 0.767892 0.603586 56.5585 0.52178 0.63377 860.772 0.0536895 0.0996691
1288.11 0.570099 -1.96756 1096.3 -0.636607 0.975528 2869.55 2440.44 0.437676 0.668185 0.397649 0.676963 310.385 1.91777 0.93946 2425.19 0.759365 0.0996691
1592.16 -0.360649 2.9078 1562.2 -0.195526 -0.766212 3063.6 3090.54 0.256321 0.522232 0.68897 0.635334 267.794 1.0548 0.484831 3825.1 0.70743 -0.0996691
1635.09 -0.569166 2.35285 903.457 1.04314 -1.85489 3092.46 2778.88 0.586229 0.466111 0.542609 0.833029 653.638 -0.331255 0.22828 3376.18 0.699995 0.0996691
1505.51 0.541632 -0.756175 1140.94 -0.754726 1.68863 3070.51 3069.68 0.23914 0.397305 0.86513 0.700065 110.398 1.03113 0.655659 3705.73 0.677277 -0.0996691
827.322 1.74377 -0.977607 648.544 -0.889918 2.18619 2946.45 2819.86 0.544982 0.535152 0.706476 0.448579 8.99569 -1.66781 0.144364 2084.37 0.20404 0.0996691
578.766 -1.62334 1.69081 524.692 -0.397462 -0.926234 1304.35 1240.07 0.682725 0.814836 0.761818 0.775905 91.0545 -1.06032 0.122304 1360.66 0.259616 0.0996691
590.301 -0.0110769 1.25428 583.082 0.0619935 -2.01395 1213.22 1039.66 0.716338 0.515069 0.843004 0.708192 18.4082 -2.36132 0.244631 1237.3 0.129654 0.0996691
2252.76 -1.02815 -1.01631 377.413 1.4285 -2.95335 3348.98 2801.69 0.361075 0.706737 0.535196 0.790262 1920.77 2.02596 0.0134907 3106.22 0.744728 0.0996691
1443.6 -0.747818 2.53954 1068.19 -0.500607 0.598226 2079.33 2100.72 0.593853 0.505919 0.773333 0.394663 593.958 -1.53132 0.0635259 3528.14 0.509932 -0.0996691
640.8 0.945627 1.15664 621.032 -0.136279 -1.97248 1461.93 1441.03 0.520221 0.767665 0.77904 0.797852 29.6581 -2.04768 0.0932375 1277.48 0.0405935 0.0996691
1872.22 -0.145337 -2.55889 1110.85 0.0132393 0.812315 2905.67 2856.83 0.39551 0.537309 0.762363 0.595591 80.4193 -0.643901 0.338501 4111.85 0.629115 0.0996691
2523.64 0.230916 2.54404 1572.9 -0.196817 -0.752233 4076.39 4112.28 0.176922 0.476006 0.928688 0.351782 432.389 -0.11206 0.126618 4975.85 0.964363 0.0996691
1118.28 -1.18331 0.655204 946.624 0.384204 -2.231 2733.95 2730.24 0.640703 0.61128 0.745342 0.654273 69.1226 1.32345 0.667552 2547.35 0.148778 0.0996691
1415.21 -0.0156511 -1.34921 1365.12 0.977196 1.77595 3152.72 3079.23 0.582473 0.735814 0.639415 0.74063 88.0781 0.897394 0.30926 2975.48 0.36523 0.0996691
1013.12 1.04377 0.597142 866.176 -0.378992 -1.3444 2148.2 2126.78 0.562099 0.177989 0.555128 0.855087 341.534 2.21738 0.107083 3195.83 0.265971 0.0996691
347.249 -0.895416 1.70178 289.208 -0.392202 2.79611 394.824 349.675 0.691165 0.295326 0.832592 0.819707 506.031 -0.962678 0.324247 667.274 0.0976837 0.0996691
1470.33 -0.152885 -2.23161 1066.55 -1.53142 1.68838 2979.7 3010.97 0.680222 0.786741 0.620528 0.809307 464.455 -0.833702 0.844118 3714.96 0.728672 0.0996691
657.846 -1.50532 -3.09781 652.641 1.27402 -0.514208 2775.91 2756.88 0.838673 0.329008 0.818464 0.2559 259.364 1.37909 0.0931102 1404.14 0.83461 0.0996691
2643.03 0.815398 1.7317 1351.87 -1.50247 -1.88226 6622.36 5856.15 0.497802 0.357366 0.389772 0.713684 1518.6 -0.998442 0.011727 4132.84 0.972316 0.0996691
2224.57 0.480012 1.92815 1218.46 0.852289 -0.769099 3530.37 2471.08 0.130344 0.49029 0.71462 0.522994 884.684 -0.94689 0.177031 4301.15 0.199149 0.0996691
895.42 0.337254 -2.01152 863.902 -1.8837 1.33175 2963.4 2958.35 0.229557 0.766106 0.848381 0.676769 22.3938 2.82466 1.44525 1950.58 0.799605 0.0996691
692.161 0.156362 -2.37574 461.44 -0.207408 0.761874 1184.79 1094.33 0.769149 0.832366 0.760274 0.799743 226.618 0.76893 0.0427547 1154.15 0.236371 0.0996691
305.054 -1.59907 1.592 303.135 0.478669 -1.46784 981.066 903.758 0.663382 0.624667 0.815822 0.686192 17.0682 -3.0509 1.05568 580.326 0.864011 0.0996691
3058.78 -0.284684 0.256614 2597.87 -0.354738 -2.81615 5969.51 4481.35 0.259698 0.418091 0.379324 0.732812 534.676 2.98277 0.360334 6046.4 0.079479 0.0996691
1671.63 1.02069 -1.33883 1288.33 0.390695 0.962483 2862.35 2831.4 0.541092 0.568191 0.6853 0.697436 100.034 1.1576 0.198651 4241.63 0.428416 0.0996691
1277.91 0.885355 0.914095 722.683 -0.94046 -2.61054 2765.38 2760.99 0.509436 0.849097 0.763306 0.689876 167.603 -2.22253 0.38696 2513.75 0.327866 0.0996691
1871 0.962507 -0.92403 730.487 0.546117 1.77972 2394.26 2276.79 0.344664 0.469864 0.569393 0.790468 418.6 1.7553 0.00493777 3647.95 0.94272 0.0996691
1525.1 -0.87525 -0.1204 1494.88 -0.866864 2.54258 2955.1 2933.31 0.610343 0.771065 0.906482 0.824617 49.0913 -2.07577 0.296483 5391.54 0.942431 0.0996691
1547.13 -0.0735057 -0.471539 855.631 -0.169128 2.97347 2338.81 2163.3 0.466417 0.217207 0.558516 0.483084 646.293 2.9492 0.0311725 2900.93 0.617325 0.0996691
1722.06 0.251485 2.40851 1275.59 -0.0735713 -0.779638 3023.99 2988.3 0.574253 0.559411 0.839084 0.501571 221.095 -1.03048 0.235024 3335.06 0.167691 0.0996691
1587.26 0.744888 -1.09197 1555.14 -1.0515 1.81338 4488.85 4492.28 0.943298 0.726428 0.672053 0.70905 546.516 2.25053 0.44049 6190.56 0.121827 0.0996691
585.748 0.221899 -2.88125 443.857 0.0806897 0.803248 997.764 960.873 0.647379 0.655245 0.753405 0.496173 58.9797 -1.89942 0.9778 1288.24 0.308533 0.0996691
1624.56 0.0218753 -0.117861 1440.83 -0.452172 2.06686 2831.85 2833.65 0.839907 0.533021 0.923625 0.787353 481.636 -1.85652 0.0798893 5185.15 0.359878 0.0996691
1209.48 0.463925 -1.62673 722.34 -1.22544 1.32875 2582.68 2566.5 0.479774 0.486386 0.681218 0.629816 52.7047 -0.551787 0.815349 2877.76 0.617987 0.0996691
681.634 -1.00386 2.3545 421.142 1.79695 -0.895986 2309.55 2311.2 0.356933 0.510889 0.523251 0.626743 378.586 -0.149418 0.746997 1292.98 0.750357 0.0996691
1653.82 0.219819 -2.10085 1216.76 -0.349397 1.12003 2969.88 2938.41 0.750424 0.52311 0.683246 0.82721 25.6755 -0.301983 0.962742 3319.3 0.974486 0.0996691
1602.21 0.818981 -0.616262 1288.59 -0.319776 -2.12565 2622.56 2650.06 0.320138 0.0917656 0.718321 0.714046 1213.77 1.98233 0.0172622 3908.16 0.779923 0.0996691
1725.66 -0.133868 -0.187491 1720.96 -0.558445 2.95311 3663.97 3036.89 0.269531 0.19392 0.749623 0.74455 15.1503 -1.59297 1.25689 3479.98 0.948362 0.0996691
1219.29 -0.058684 -3.03023 1094.51 -0.881198 1.46598 2157.08 1581.96 0.381707 0.572811 0.714077 0.783131 684.641 -0.837785 0.168683 3205.45 0.473043 0.0996691
474.118 0.690323 2.9172 311.723 1.51149 -0.106572 860.135 693.425 0.486877 0.482131 0.642281 0.759462 169.421 -0.483277 0.114975 795.974 0.377551 0.0996691
3083.83 -0.0942904 -1.17609 2291.15 0.00356996 2.56461 5119.09 5058.53 0.564327 0.583613 0.72906 0.802708 676.368 1.80794 0.729183 6786.68 0.812799 0.0996691
2162.68 -0.275728 2.16815 1576.37 -0.00378311 -1.26641 3704.12 3712.04 0.679574 0.783445 0.614058 0.834839 92.0597 2.45902 0.291876 5218.43 0.45461 0.0996691
2825.26 0.0263306 1.27751 2537.26 0.595018 -1.10012 5327.37 4723.12 0.601555 0.380525 0.721364 0.699031 501.366 -1.45258 0.0101244 8273.02 0.789621 0.0996691
627.072 -0.0612132 -1.64549 536.921 -0.552381 0.744172 1130.66 1090.09 0.688843 0.649118 0.612764 0.781176 8.84376 -1.61067 0.0327034 1602.38 0.935735 0.0996691
1162.88 0.280845 -2.92627 1011.85 -0.552756 -0.226288 2323.5 2317.84 0.373549 0.45211 0.785073 0.840535 647.999 3.04863 0.302016 4009.22 0.224751 0.0996691
860.53 -1.20406 -2.388 635.864 -0.439441 0.834565 1625.27 1264.89 0.49975 0.462665 0.669149 0.802417 227.146 0.538232 0.114506 1512.63 0.372013 0.0996691
1381.12 -0.0568426 -2.75038 985.558 1.23107 1.81284 2516.47 2092.07 0.211118 0.695276 0.76699 0.676636 689.952 -0.099534 0.169287 3482.34 0.114851 0.0996691
1013.04 0.254467 -1.2899 890.349 -1.80363 1.72027 3081.3 2569.2 0.707465 0.563236 0.724275 0.678023 168.619 2.57911 0.166375 1953.32 0.730052 0.0996691
945.753 2.05661 -0.580785 640.708 1.21418 1.14502 1461.75 1187.16 0.390909 0.324568 0.721686 0.83196 545.769 -2.70332 0.0517135 2285.49 0.508802 0.0996691
2044.1 -0.393113 -0.905956 1263.6 1.81254 1.5542 5491.95 4461.39 0.223398 0.839379 0.590576 0.78002 72.6405 1.0772 0.478946 5004.81 0.930613 0.0996691
1539.61 0.0109308 -0.0979836 1019.43 -0.964568 2.8243 2829.52 2575.42 0.572484 0.561466 0.688006 0.429595 86.6865 -1.11232 0.296327 3333.36 0.740977 0.0996691
326.045 -0.387831 0.156277 316.35 1.15461 -2.92027 864.693 790.526 0.756455 0.5781 0.823583 0.702019 15.7306 1.92759 1.15878 641.647 0.984604 0.0996691
1494.92 -1.11107 -0.331627 986.365 -0.115841 -2.95537 2718.97 2405.47 0.298485 0.633455 0.702908 0.751716 14.7132 1.1033 0.709548 3331.77 0.980474 0.0996691
1180.06 -0.989829 2.30712 1055.06 -0.134889 -0.876466 2509.04 2333.95 0.584476 0.418413 0.70524 0.700808 116.829 -0.515316 0.275022 2284.5 0.122068 0.0996691
1699.22 0.171679 -1.22177 1643.69 0.0374335 1.30002 3274.64 3105.8 0.636922 0.545342 0.764464 0.557838 394.57 2.23686 0.107413 4265.29 0.904046 0.0996691
2264.85 0.122334 -0.341032 1904.98 0.375686 -2.67171 3905.75 3714.99 0.461331 0.388916 0.682116 0.854862 592.599 2.08197 0.245519 5352.14 0.445211 0.0996691
1170.33 -0.934423 -0.136195 953.846 0.63878 3.05713 2873.99 2435.63 0.366565 0.534273 0.589437 0.536902 68.7327 -1.33499 0.883305 2481 0.380567 0.0996691
1236.1 -1.10876 0.641849 449.464 1.13152 1.34061 2148.05 1661.49 0.477125 0.556679 0.416911 0.769828 1304.95 -2.3028 0.0296564 2049.69 0.170515 0.0996691
3026.73 -0.130991 -1.48511 1962.78 0.427425 2.84206 4283.42 4337.44 0.518064 0.468969 0.625163 0.57093 1337.68 1.18187 0.338329 6699.31 0.490973 -0.0996691
775.603 -0.142635 2.8588 681.976 -0.0553394 -0.281098 1464.52 1475.69 0.542385 0.716128 0.68373 0.73054 102.932 -0.0316932 0.24878 1497.57 0.0619895 0.0996691
702.079 1.31318 -2.34402 565.814 -1.5952 0.003951 2817.63 2646.18 0.68174 0.794024 0.784167 0.857658 126.839 -0.171952 0.16625 1804.63 0.533237 0.0996691
1535.28 0.759688 -0.0931024 780.635 -1.23407 -3.08079 3370.72 3391.82 0.744037 0.215224 0.825838 0.740883 528.917 3.14035 0.0603669 2744.76 0.334755 0.0996691
2872.49 0.0826657 -2.53428 840.949 -0.196226 0.728803 3231.87 2783.16 0.224137 0.381343 0.307732 0.6967 2000.37 0.502017 0.117576 3871.1 0.854211 0.0996691
831.697 0.423481 -2.56908 776.992 -1.07895 0.441331 2098.66 1966.48 0.481575 0.59654 0.858192 0.802799 48.8621 2.50202 0.765511 1720.56 0.975999 0.0996691
813.047 -1.11461 -0.0441284 726.72 1.15394 3.07893 2649.77 2588.61 0.681623 0.737743 0.708683 0.732495 84.1281 2.69689 0.37286 1592.95 0.0851099 0.0996691
1646.99 0.0341636 1.23424 1182.4 0.317063 -1.85361 3025.94 2429.73 0.380658 0.479651 0.759009 0.529265 460.945 -1.9949 0.148504 2999.2 0.179712 0.0996691
1363.6 -0.734854 -1.42791 995.68 0.6484 1.9988 2899.7 2903.32 0.762991 0.259735 0.684706 0.7198 66.7292 -0.434384 0.992378 3021.38 0.832219 0.0996691
416.757 -0.650264 -1.98569 406.625 0.450142 1.06588 953.866 964.551 0.446622 0.407563 0.740715 0.439395 36.0927 2.56581 1.4999 834.101 0.0454015 0.0996691
1238.06 0.367883 2.02523 1224.52 -1.46051 -1.08788 3652.63 2990.55 0.23019 0.161579 0.774047 0.777021 33.6477 -2.42375 0.924667 2537.91 0.442252 0.0996691
1138.27 -0.492175 1.89909 1032.65 0.736928 -0.938222 2583.99 2538.87 0.628282 0.262093 0.717768 0.344347 393.552 -2.55104 0.8652 3069.72 0.677513 -0.0996691
1286.01 -0.22415 -3.05888 1266.74 0.474966 0.0556712 2739.23 2657.23 0.493631 0.402255 0.841799 0.272544 223.652 1.29173 1.2017 2775.01 0.876191 0.0996691
1639.09 0.0213379 1.46988 1567.17 -0.538087 -1.69885 3404.51 3271.55 0.405925 0.59416 0.693262 0.443806 66.9929 -0.824542 0.812381 3290.01 0.0530287 0.0996691
2789.15 -0.303922 -0.225209 2667.11 -0.696136 2.60441 5671.28 4593.86 0.688948 0.0932554 0.745745 0.86335 787.62 2.66886 0.0312583 6694.05 0.56831 -0.0996691
1978.88 -0.0793518 -1.33015 1485.3 -0.637865 2.86505 3146.18 3129.02 0.563936 0.649202 0.726669 0.677822 22.0164 -0.0469061 0.455522 5547.36 0.425098 0.0996691
1884.93 -0.681808 1.93487 543.522 0.0423902 -1.71952 2182.18 1901.7 0.661259 0.273841 0.81139 0.670779 1284.83 -1.20946 0.144648 2738.89 0.97785 0.0996691
1333.11 -0.0191857 0.355543 877.45 -1.81857 -2.6735 3111.6 2392.8 0.589191 0.36911 0.471884 0.746585 468.909 -2.78441 0.0439501 2329.13 0.521158 0.0996691
618.992 -0.692147 0.919941 533.946 -1.87299 -2.22594 1385.13 1317.18 0.882919 0.804479 0.855813 0.834978 86.1835 -2.31192 0.103884 1133.99 0.085494 0.0996691
1577.8 0.503658 1.72428 1277.46 1.21412 -1.31239 3063.31 2931.76 0.329391 0.640063 0.752612 0.638188 322.491 -1.81592 0.152662 2899.54 0.196308 0.0996691
398.021 0.594589 0.571498 385.448 0.0131881 -2.42598 850.928 750.716 0.753633 0.573124 0.698627 0.543812 16.8776 -0.408471 0.981611 827.877 0.668842 0.0996691
1874.54 1.01426 2.03799 1460.09 -0.829258 -1.82027 4755.29 3624.13 0.20154 0.315819 0.864235 0.629122 1167.85 -0.217083 0.336139 3438.86 0.936642 -0.0996691
770.435 1.43886 -2.34645 363.12 0.442504 0.238622 1171.94 1132.78 0.706253 0.704465 0.632745 0.457789 265.31 1.39614 0.233054 1573.57 0.785747 0.0996691
779.762 -0.119679 -1.13437 719.837 -0.0767409 1.68525 1482.77 1495.91 0.569049 -1 0.623195 -1 62.6206 -1.1616 0.0229287 2489.67 0.161751 0.0996691
704.581 -1.49699 -0.984877 675.943 -1.53722 2.11459 1396.04 1351.41 0.666083 0.851826 0.570185 0.77833 35.4956 3.09542 0.967397 1388.22 0.0609372 0.0996691
1342.72 0.394585 -0.442045 1272.21 -0.0550811 2.35607 2660.58 2650.61 0.660269 0.576712 0.831544 0.784727 66.7672 -2.67887 0.101825 3018.09 0.965718 0.0996691
320.835 1.58252 -0.989739 260.979 2.27754 2.04864 624.839 612.374 0.506524 0.448023 0.849969 0.457845 52.6962 1.91303 0.140087 618.489 0.10629 0.0996691
1508.02 -0.611202 -1.50413 803.732 -0.578422 1.936 2193.42 2221.12 0.351448 0.373876 0.744614 0.512568 65.5604 1.993 0.0579284 3058.6 0.336228 0.0996691
287.205 -0.37863 -2.22056 273.153 0.00540548 0.858995 587.357 513.771 0.637647 0.75636 0.609612 0.813447 13.3491 2.16743 1.2376 535.842 0.101155 0.0996691
1864.9 -0.216607 3.00772 1480.38 1.15549 -0.961493 4083.89 3083.55 0.182733 0.327265 0.741711 0.600991 1020.64 0.420005 0.560996 4075.07 0.885373 0.0996691
3378.64 -0.260722 -2.61045 2373.97 0.430444 0.956325 5904.64 5922.35 0.432741 0.550454 0.608218 0.375852 597.063 0.368603 0.152781 7109.36 0.98319 0.0996691
333.017 -1.80037 -1.81706 322.362 0.457334 1.18234 1130.12 1072.89 0.72172 0.81369 0.569697 0.839738 19.1889 2.31973 0.433719 677.835 0.924009 0.0996691
1378.15 0.247813 -2.02391 1307.07 1.22258 1.08134 3049.96 2564.93 0.333709 0.375607 0.654255 0.597702 60.0499 1.64092 0.476104 2725.24 0.646485 0.0996691
1927.12 0.454543 -1.99453 1724.12 -0.832098 1.32625 4431.69 4458.67 0.195436 0.291327 0.751755 0.679183 498.178 0.906097 0.417111 5210.77 0.936228 0.0996691
1087.01 -1.12778 -1.01188 900.864 -0.648583 0.660361 1557.23 1558.15 0.471364 0.318637 0.572937 0.642143 375.493 2.29125 0.0684369 3429.89 0.256704 0.0996691
1577.04 0.0112793 -2.58448 1507.56 0.623521 0.860779 3258.44 3011.27 0.697373 0.451844 0.812332 0.779847 142.508 -2.12751 0.0381641 4332.42 0.959479 0.0996691
767.132 0.800886 -2.0323 360.868 0.590835 2.11489 995.062 674.537 0.233841 0.575056 0.643569 0.544125 608.685 0.730678 0.0342312 1317.27 0.610012 0.0996691
2453.85 -0.0380221 -1.72052 2018.03 -0.0240308 1.77855 4403.45 4436.8 0.755377 0.476805 0.644041 0.751022 236.312 1.39827 0.381645 5282.35 0.202748 0.0996691
1114.29 1.81331 2.09463 979.426 0.891614 -0.603888 2287.73 2274.54 0.682176 0.553127 0.57032 0.627836 801.926 -2.10141 0.190155 2610.69 0.610332 0.0996691
823.852 0.709189 0.484404 823.175 0.743676 -2.59495 1665.91 1657.11 0.803331 0.732137 0.762476 0.781382 37.652 2.01022 1.5275 1648.31 0.0394937 0.0996691
1054.11 1.35701 0.0835434 641.028 -1.12825 -2.88595 3093.25 3022.09 0.855743 0.523142 0.768762 0.749559 32.2666 1.79988 1.19324 2096.34 0.430497 0.0996691
3381.76 -0.480139 -0.587278 882.254 -0.180014 1.60044 3389.13 3010.26 0.465749 0.731506 0.603853 0.838473 2568.92 2.8164 0.0307882 4931.42 0.288097 0.0996691
1322.39 -0.956591 -1.35677 1308.14 -0.326048 1.67689 2824.72 2668.88 0.633167 0.500386 0.852948 0.67209 58.1063 -2.61378 0.668154 2719.93 0.700141 0.0996691
2681.72 -0.860661 3.02726 2303.27 0.321171 0.759278 5487.7 5519.05 0.564136 0.425405 0.760274 0.543751 876.359 -0.637339 0.0768856 6808.86 0.277506 -0.0996691
1340.96 0.989756 1.71451 1107.25 -0.136831 -1.99471 2782.33 2693.27 0.683198 0.62951 0.677944 0.461543 425.106 -0.434478 0.0551986 2741.22 0.776278 0.0996691
1338.1 -0.0993878 2.03545 538.619 0.740916 3.01681 1115.95 1118.72 0.416542 0.146332 0.507347 0.813408 1161.92 -0.881551 0.0669354 2430.29 0.903751 0.0996691
624.666 -1.45672 1.3619 431.545 0.416291 -1.63034 1543.29 1458.81 0.670882 0.696591 0.629003 0.665209 223.28 -1.75296 0.0619408 1279.79 0.879588 0.0996691
598.091 0.0881589 -2.85112 582.564 1.25576 0.323895 1395.1 1392.94 0.384824 0.750168 0.73597 0.757059 41.5638 -1.36956 1.4798 1182.16 0.023424 0.0996691
1960.06 -0.0184255 1.99849 1706.77 1.1561 -1.85439 4245.36 2976.49 0.214323 0.161235 0.727378 0.789763 217.449 2.08159 0.0830287 5526.69 0.575699 0.0996691
1673.86 -1.3732 -2.30893 722.955 1.22913 -0.657768 4079.19 4120.72 0.439753 0.339663 0.703748 0.622216 1296.71 1.21897 0.0630233 2919.62 0.895268 0.0996691
971.285 -0.848164 -2.22781 864.762 0.885391 1.33447 2568.43 2270.33 0.715213 0.431963 0.834857 0.897426 266.488 -0.665496 0.613498 2096.96 0.567911 0.0996691
2280.05 -0.0997428 2.05926 2111.55 -0.229128 -2.53894 3306.95 3345.01 0.49355 0.548378 0.613095 0.793265 2216.72 -0.256731 0.615549 5306.09 0.632262 0.0996691
2664.99 0.239358 -2.4117 1984.49 0.0649205 1.28013 4717.54 3256.82 0.58298 0.461268 0.746756 0.757365 1393.44 -0.0382711 0.607274 5066.3 0.773824 -0.0996691
2240.64 0.3257 2.93991 1308.43 0.630671 -0.413104 3793.45 2396.48 0.397364 0.625545 0.695163 0.82055 153.43 -0.530621 0.116319 4756.29 0.128373 0.0996691
984.933 1.01808 -0.440203 853.822 -1.10933 2.52082 2986.67 2976.56 0.388866 0.479188 0.572714 0.754244 99.5733 -2.0021 1.29527 2015.79 0.995501 0.0996691
1412.3 -1.03852 -0.168958 998.663 -1.35928 -2.723 2312.35 2330.09 0.509712 0.208698 0.44628 0.698565 797.902 1.06971 0.798526 3330.32 0.971304 0.0996691
2361.19 -0.599517 -0.928151 1967.82 0.0731884 2.48272 4674.15 3701.01 0.376354 0.555548 0.507568 0.68378 571.951 1.32498 0.271411 4547.69 0.879697 0.0996691
485.764 -0.872689 0.307872 409.643 -1.24949 -2.52035 934.283 608.314 0.189566 0.739626 0.538573 0.607994 55.5498 1.85951 0.178257 1075.08 0.667411 0.0996691
323.951 1.1597 1.65809 295.795 -0.430543 -0.418981 807.808 524.855 0.212829 0.64619 0.645279 0.782801 49.5597 2.32078 0.287447 909.737 0.73778 0.0996691
1036.72 0.440167 -3.10406 653.339 -2.15705 0.214116 3260.55 2947.49 0.570735 0.383852 0.757813 0.753344 30.9917 -0.126326 0.250813 2271.18 0.386283 0.0996691
854.13 -1.44128 2.20934 571.961 -1.44994 -0.920643 1426.6 1130.23 0.717037 0.31736 0.70911 0.615267 272.587 -0.930134 0.0333774 1444.64 0.375976 0.0996691
1318.16 0.621884 -1.96232 1300.27 -0.0513903 1.30961 2773.57 2792.08 0.479437 0.110902 0.60894 0.782507 174.445 -0.130315 1.43967 2638.96 0.0662984 0.0996691
361.329 1.4124 2.66816 323.258 1.92292 -0.56182 729.551 645.637 0.636531 0.495942 0.782596 0.538047 48.7701 -0.0332269 0.486123 661.212 0.0986837 0.0996691
548.923 -1.80702 -3.07032 476.477 -0.770261 0.0951848 1179.04 1156.21 0.501508 0.765617 0.702467 0.499615 63.5468 -0.144304 0.0515059 1049.94 0.0756677 0.0996691
1215.97 1.68105 -1.70779 1152.8 0.685296 0.0162403 2180.96 2203.79 0.651798 0.282502 0.838481 0.573887 571.728 2.49841 0.318422 3447.59 0.878502 0.0996691
1679.94 -0.519089 2.73507 1457.45 0.149018 -0.290578 3368.87 3060.69 0.393534 0.369788 0.747761 0.802337 101.64 -1.16688 0.43153 3387.23 0.793765 0.0996691
2593.25 -0.390901 0.735698 1860.17 0.0818386 -2.05897 4686.61 3547.67 0.115986 0.792747 0.69669 0.479578 112.995 -0.958042 0.867978 5831.56 0.942275 0.0996691
273.434 0.759763 -1.02786 270.247 -1.22128 2.28685 847.739 719.954 0.607248 0.745093 0.627659 0.744582 30.7999 0.0870633 0.883363 535.117 0.730465 0.0996691
1715.58 1.01581 2.73112 1647.85 -0.584335 -1.51643 4218.51 3066.35 0.279424 0.868115 0.628214 0.728304 284.948 -0.0449716 0.729241 5008.58 0.463192 0.0996691
637.216 1.1888 -1.22787 627.194 0.768113 1.8332 1317.94 1243.28 0.641651 0.640434 0.642818 0.494273 49.8257 3.00967 0.745803 1292.74 0.934156 0.0996691
1710.34 -0.391402 2.95295 988.707 0.564951 -0.316247 2917.08 2893.74 0.660631 0.604866 0.569471 0.708785 79.0249 -0.432089 0.0582319 3604.78 0.957504 0.0996691
301.05 0.00176202 0.89743 281.892 0.782197 -2.35385 643.784 595.512 0.800482 0.75063 0.757792 0.716185 37.3896 -1.6768 0.67849 577.381 0.0533407 0.0996691
1902.76 0.993894 0.949978 801.388 1.01929 -2.3724 2721.63 895.694 0.177868 0.719275 0.852426 0.613851 820.091 -2.07627 0.0559011 3087.14 0.498603 0.0996691
1936.82 -0.475457 -0.661819 1383.89 1.98659 2.25547 6081.54 6154.46 0.385844 0.665366 0.361462 0.764127 369.91 -2.24616 0.424254 3957.57 0.540785 0.0996691
1233.8 -0.180924 2.63969 1139.04 -0.098388 -1.30256 2207.24 2171.5 0.835016 0.847061 0.82862 0.733213 347.657 -0.590871 0.162683 3225.74 0.95099 0.0996691
1646.73 -0.942379 -0.890502 1373.81 0.616393 1.70773 3906.58 3828.41 0.603113 0.644415 0.394045 0.54953 111.868 1.99049 0.283456 3934.47 0.25901 0.0996691
1280.99 0.943297 -0.585809 1247.29 -0.646222 2.55522 3468.42 2934.35 0.210072 0.302139 0.531331 0.850846 40.8213 2.14362 0.0916927 2636.03 0.574877 0.0996691
1312.78 0.14255 1.17184 1181.25 -0.372694 -2.11586 2659.8 2429.47 0.590721 0.523936 0.703762 0.700272 280.408 -1.79253 0.247263 2845.43 0.132159 0.0996691
655.639 -2.26156 0.763545 574.178 0.721746 3.03305 2826.38 2774.14 0.760084 0.771558 0.862915 0.818018 436.509 -1.85952 0.0223092 1814.38 0.702083 0.0996691
589.374 0.449475 1.04662 585.186 0.564606 -2.03348 1179.89 1190.93 0.840627 0.226006 0.72797 0.57935 37.8141 2.84686 1.40287 1186.37 0.0295103 0.0996691
1483 0.20202 2.88907 1333.98 -0.823614 -0.210012 3245.93 3091.09 0.729533 0.714397 0.594188 0.655501 165.289 -2.38995 0.261493 3194.59 0.645466 0.0996691
376.541 2.19424 2.58252 333.186 0.0419173 -0.41171 1175.66 1083.4 0.698792 0.52874 0.776764 0.800973 69.445 2.56157 0.00376987 915.893 0.401501 0.0996691
1116.35 1.04369 0.789081 468.256 -0.114255 -0.946981 1484.05 1206.76 0.396437 0.74468 0.640485 0.840349 1096.06 -2.75719 0.0214441 1630.52 0.940201 0.0996691
1334.77 1.06195 -2.48943 1302.39 1.76263 0.948863 2803.76 2823.3 0.32398 0.533234 0.778784 0.769983 63.0243 -1.80921 0.679486 3623.34 0.147428 0.0996691
270.403 -1.89698 -2.94756 270.204 -1.89381 0.205367 552.812 532.975 0.604799 0.728834 0.688098 0.713434 10.1282 -1.67736 1.26085 526.877 0.00427597 0.0996691
564.534 1.11286 -2.53096 562.051 0.203106 0.623302 1256.84 1241.19 0.672916 0.825772 0.829278 0.676596 22.5179 -0.556511 1.18137 1121.53 0.0108257 0.0996691
1530.54 1.02873 -1.64102 1191.99 1.03631 1.67974 2706.05 2694.28 0.610637 0.401482 0.569303 0.580167 321.504 1.56262 0.108643 4822.29 0.162015 0.0996691
1422.11 -0.461572 -1.35684 539.384 -1.74625 2.09835 2119.89 2087.03 0.400574 0.626432 0.377395 0.697464 555.142 2.07224 0.00951719 2478.07 0.486799 0.0996691
1924.2 0.536175 1.09481 1291.22 0.259689 -1.59298 3122.7 3136.17 0.432077 0.666893 0.704049 0.787836 39.3002 0.748762 0.345018 4897.16 0.446546 0.0996691
756.995 -0.420697 0.441611 678.943 -0.517357 -2.6985 1455.1 1414.17 0.641898 0.71894 0.777309 0.722609 108.011 -2.70995 0.00378847 1441.35 0.074659 0.0996691
1679.23 0.34721 0.0688818 1023.52 -0.105094 3.13873 2752.83 1938.48 0.480441 0.168711 0.497403 0.859523 730.454 -2.93965 0.0276718 2814.52 0.780726 0.0996691
861.308 0.955529 2.67956 732.452 1.6474 -0.580789 1697 1678.1 0.571726 0.700501 0.68923 0.818683 10.6589 -1.04743 0.460748 1721.67 0.1086 0.0996691
1220.38 -0.64592 -1.97842 969.903 1.46196 1.18519 3540.14 2951.27 0.554479 0.170749 0.919217 0.794671 241.301 1.06627 0.0363969 2215.38 0.492141 0.0996691
1431.22 -0.157443 -0.895981 1122.69 0.769914 2.05055 2811.84 2812.51 0.348411 0.488647 0.843326 0.614743 128.069 1.94011 0.116596 2972.91 0.157194 0.0996691
1678.55 0.133166 -0.23046 1579.31 -0.324331 -3.03705 3308.77 3310.16 0.355702 0.733314 0.637243 0.748812 425.734 2.97482 0.270969 4984.6 0.171551 0.0996691
458.761 -2.00604 2.57722 305.003 -0.623089 -0.632759 966.623 861.307 0.662776 0.664329 0.755139 0.544633 153.49 -0.685883 0.0332029 768.448 0.274884 0.0996691
1495.56 0.196182 1.61801 1488.2 0.630761 -1.10397 3022.79 2939.04 0.49691 0.62149 0.650418 0.568146 392.248 -2.95913 0.245472 3277.57 0.590729 0.0996691
1481.3 0.522296 1.38016 1101.02 -0.527811 -1.93023 2939.01 2850.08 0.552719 0.582362 0.571238 0.571828 141.1 -0.0219974 1.37667 2986.94 0.965604 0.0996691
279.045 2.49558 1.82141 265.068 1.23129 -1.38406 686.764 615.841 0.59022 0.741791 0.78304 0.738576 16.9485 -1.2458 0.0907885 512.247 0.0477276 0.0996691
533.969 1.32733 -2.32374 457.077 -1.55572 2.29635 2115.26 2082.53 0.747169 0.321001 0.795716 0.632205 24.4782 2.96454 0.318197 1720.05 0.821784 0.0996691
1812.39 0.450582 2.78088 250.016 0.0620132 -0.279938 1636.68 738.878 0.17215 0.476744 0.850393 0.768137 1588.33 -0.370376 0.334077 2204.36 0.859245 0.0996691
1656.05 -0.678769 -2.67869 1177.83 -0.0652326 0.600343 2978.41 2694.98 0.487655 0.68396 0.735445 0.714 54.9561 0.495169 0.115144 3365.41 0.144806 0.0996691
1490.71 -0.645206 -0.0248126 1430.02 0.710328 -2.21143 3449.85 2358.47 0.264778 0.660116 0.679002 0.863889 1080.75 2.15092 0.476152 3283.36 0.707166 -0.0996691
1571.4 -0.25246 1.82816 1513.08 0.213856 -0.459882 2981.81 2226.51 0.31285 0.355784 0.890797 0.810724 53.0677 -0.196119 0.160922 5272.94 0.236242 -0.0996691
2559.24 0.0464842 2.91248 2405.28 -0.260371 -0.100087 5035.1 5070.49 0.346712 0.55138 0.597786 0.471385 175.724 -3.13638 0.23674 7520.46 0.0728381 0.0996691
2815.87 0.84322 0.507884 2393.35 -0.137174 -3.11357 5908.78 5039.27 0.196037 0.430728 0.661831 0.649665 673.494 -1.71119 0.121014 6001.18 0.642961 -0.0996691
910.883 -0.189348 -0.119752 673.711 -1.33668 3.00105 1847.59 1830.75 0.579591 0.566576 0.52705 0.619935 112.86 -3.10328 0.120712 1710.36 0.757571 0.0996691
812.593 -1.03609 0.000734413 713.455 -0.215658 -2.98341 1717.89 1397.51 0.450275 0.598452 0.830258 0.79788 158.278 2.67368 0.620798 1582.93 0.933595 0.0996691
1694.05 0.281682 -0.334988 1493.43 0.763321 -2.81564 3129.19 3047.14 0.500787 0.479946 0.299351 0.784735 52.397 -0.202461 0.132718 4335.93 0.324016 0.0996691
695.763 -0.53615 -0.993961 687.678 -0.490342 2.17995 1402.72 1364.43 0.547655 0.775167 0.733947 0.777478 26.1274 0.952231 0.695356 1382.3 0.936952 0.0996691
274.878 2.66213 -1.20151 272.898 -0.225146 1.99791 1239.7 1092.39 0.732585 0.733239 0.735836 0.576326 20.4483 0.430021 1.50537 533.776 0.987236 0.0996691
498.067 1.27248 1.70375 420.271 1.24798 -1.13621 914.449 908.633 0.518438 0.735719 0.581409 0.725283 123.362 2.03487 0.335696 1349.77 0.171222 0.0996691
811.232 0.0175817 3.06613 789.595 0.386429 -0.0113576 1651.3 1611.4 0.521989 0.784785 0.690098 0.828519 31.7618 -1.29682 0.404258 1620.03 0.974914 0.0996691
1184.11 0.479414 2.73964 330.497 1.26986 -0.0730161 1413.51 1217.2 0.434776 0.594409 0.722875 0.691533 744.028 -0.521262 0.0406903 1665.19 0.945952 0.0996691
1422.3 0.294572 1.59702 813.019 -0.731197 -1.40949 2449.43 2408.5 0.827098 0.659751 0.664626 0.745207 588.115 -1.39258 0.00783432 2410.52 0.296263 0.0996691
1606.41 -0.16745 2.10157 1571.91 0.943244 -1.27443 3696.65 3704.21 0.442077 0.725137 0.588992 0.738775 379.145 2.29319 0.00991106 4987.86 0.973739 -0.0996691
2378.58 -0.564544 -2.14848 2095.88 -0.805058 1.11432 4541.08 4528.69 0.135158 0.33204 0.790592 0.662371 348.711 0.321005 0.784647 4514.54 0.0957729 -0.0996691
380.414 1.47696 -2.75983 357.083 0.454835 0.220974 846.873 825.021 0.642018 0.542 0.760288 0.521509 24.5018 1.52388 0.553669 747.583 0.943071 0.0996691
870.057 1.54886 0.249869 689.123 -1.13766 2.89411 3154.56 3099.18 0.192844 0.754931 0.785777 0.891083 251.095 -2.13241 0.386609 1731.64 0.774183 0.0996691
2139.94 -0.469421 1.28947 1534.43 -0.200652 -2.08436 3646.01 3684.09 0.823755 0.537642 0.734513 0.692334 546.782 -1.86394 0.221492 4443.41 0.201242 0.0996691
577.224 -0.552777 0.169692 376.188 0.198694 -3.10703 1026.25 785.923 0.679581 0.490666 0.751192 0.698319 209.003 -2.83512 0.0746648 955.853 0.610372 0.0996691
2054.95 -0.0927543 -0.41023 2021.48 0.728993 2.5077 4588.11 3426.07 0.361168 0.503025 0.722741 0.312767 670.691 -0.51809 0.0238725 4965.64 0.587624 0.0996691
2487.06 -0.701326 -2.66588 2398.1 -0.483581 0.177035 4927.57 4943.77 0.27019 0.64204 0.650029 0.693606 192.332 -0.0302225 0.132272 5866.55 0.81374 0.0996691
433.646 -1.13241 -0.568705 412.962 0.852671 2.5298 1314.01 1188.52 0.751709 0.598199 0.779259 0.64325 29.4112 3.06951 0.462777 834.091 0.116094 0.0996691
502.308 -1.3778 -1.57681 472.13 0.0609002 1.72062 1258.34 1142.13 0.667609 0.770676 0.849766 0.694619 38.5689 1.40101 0.315104 1016.68 0.902026 0.0996691
321.797 2.51105 0.460727 283.391 0.778795 -2.73111 858.127 821.741 0.11778 0.726574 0.31408 0.662606 24.4728 -2.46673 0.171967 612.176 0.869251 0.0996691
3410.65 0.152469 2.89227 2765.96 0.567003 -0.093902 6449.32 5626.75 0.352033 0.540647 0.668372 0.615143 765.147 -0.793776 0.020736 6335.53 0.888339 0.0996691
2978.41 0.0647225 -1.32955 2000.78 -0.150007 1.01204 4561.63 4504.43 0.272625 0.337572 0.381338 0.798983 198.442 1.02916 0.0186939 7335.42 0.914632 -0.0996691
741.238 -0.857463 2.17452 322.14 1.86491 -1.52519 2022.77 1853.85 0.549056 0.360062 0.716462 0.802883 217.843 -0.75877 0.177384 1353.03 0.933562 0.0996691
283.07 -0.431192 0.0945233 267.003 0.604549 -3.01652 636.822 599.324 0.625139 0.736784 0.727971 0.742485 19.6038 1.82218 1.46217 524 0.0288069 0.0996691
417.274 0.984536 1.28445 396.34 -2.28607 -2.06483 2174.15 2059.5 0.458284 0.777983 0.793451 0.846647 20.2798 3.00738 1.20685 903.012 0.778285 0.0996691
500.51 -0.627102 1.60458 408.025 0.700088 -1.50999 1124.25 1064.33 0.799071 0.621263 0.592275 0.708914 111.926 0.176565 0.00739752 1139.66 0.136707 0.0996691
1550.38 0.556664 -2.00904 1536.54 -0.717836 1.14492 3861.86 3095.55 0.178088 0.507995 0.695039 0.721812 30.3526 -1.35686 0.629793 3128.88 0.958372 0.0996691
499.265 -1.75223 -0.652193 426.321 -0.537169 2.2875 1127.14 986.999 0.873994 0.669025 0.567581 0.750488 103.442 -3.03099 0.964877 901.154 0.877338 0.0996691
1639.09 0.286219 -3.05601 1218.97 -1.09986 -0.770944 3359.68 3563.91 0.525133 0.551191 0.869624 0.502069 303.895 2.08025 0.435413 5212.79 0.865763 0.0996691
294.778 1.75058 0.43962 284.576 0.372388 -2.7004 756.149 623.718 0.715956 0.79869 0.841917 0.798942 17.0935 0.22601 0.185603 553.454 0.0394389 0.0996691
1261.13 0.609681 2.51035 444.438 -1.64052 0.087704 2504.73 2335.08 0.480821 0.604447 0.569183 0.742798 939.772 -0.924118 0.1552 1748.06 0.943118 0.0996691
1533.41 -0.00977694 2.53014 1451.45 0.278353 -0.621975 3048.91 2969.82 0.563853 0.69004 0.691355 0.889899 134.526 -0.574356 0.0519877 3152.77 0.0245331 0.0996691
392.007 -0.941165 1.67065 366.568 -0.382787 -1.46988 812.123 754.169 0.726067 0.712429 0.861852 0.726336 30.4885 -1.60436 0.107196 745.975 0.0381099 0.0996691
1168.98 -1.15793 -0.541563 1114.93 -0.0944592 -3.1032 2547.54 2531.92 0.775058 0.592402 0.720451 0.723683 76.9895 1.89391 0.0460591 3686.24 0.440671 0.0996691
1606.48 -0.255181 1.56093 813.336 -0.205332 -1.46649 2329.36 2209.36 0.537964 0.739225 0.619837 0.892746 793.485 -1.69573 0.0116092 2427.85 0.949668 0.0996691
1235.76 -0.00293066 -3.08961 1044.65 -1.66078 0.182235 3129.88 2802.43 0.373872 0.339016 0.873667 0.532388 245.155 -0.530835 0.595646 2287.87 0.843714 0.0996691
622.112 0.648466 -2.53243 345.868 1.3499 1.01381 986.461 956.133 0.666361 0.415775 0.836441 0.909429 302.98 0.108602 0.0874278 1281.05 0.800509 0.0996691
1555.8 1.26702 -1.49834 1540.09 0.152351 1.04058 3582.01 2195.02 0.0990627 0.680846 0.643748 0.654721 215.997 -0.732897 0.393021 4395.29 0.393608 0.0996691
736.196 -0.785229 -1.22178 674.686 -1.08206 1.8837 1535.7 1088.85 0.363012 0.458491 0.728501 0.715702 10.9258 0.774289 0.750439 1567.97 0.160484 0.0996691
1387.6 0.650409 -1.26324 1067.56 1.16208 1.72018 2545.69 2439.84 0.775811 0.491193 0.780559 0.742617 706.16 -2.94431 0.342791 3873.88 0.906554 0.0996691
1464.53 0.135296 0.246005 1354.09 -0.666307 -2.36923 2968.04 2972.05 0.657337 0.259209 0.784198 0.684927 756.244 2.57915 0.0185359 3755.27 0.294289 0.0996691
1442.07 1.03289 -2.67757 1094.82 0.771898 0.551823 2556.94 2553.2 0.27679 0.514968 0.654033 0.779759 820.391 1.32396 0.0813104 3583.48 0.731293 0.0996691
1341.78 0.827454 2.32724 484.921 -1.15231 -0.96541 2502.43 1659.8 0.711352 0.236286 0.661193 0.781006 833.206 -0.757839 0.0173937 1888.61 0.656067 0.0996691
2276.5 0.863933 1.27412 645.094 -2.09471 1.21689 5055.4 5100.04 0.379282 0.346373 0.428063 0.549388 2605.74 -1.89881 0.331686 3316.71 0.564572 -0.0996691
1454.63 -0.663709 -0.425339 1385.7 0.0256092 2.66597 3013.98 3051.37 0.337322 0.538497 0.715928 0.855546 9.10427 2.37806 0.287382 2977.27 0.0353405 0.0996691
2335.04 -0.456839 2.01207 1258.66 0.968282 -1.9831 4111.47 4085.6 0.624107 0.567621 0.40224 0.462358 179.471 -0.956771 0.197177 5651.08 0.415072 -0.0996691
331.853 -0.522307 2.16121 324.447 -2.01115 -0.902977 869.094 812.169 0.725421 0.667109 0.720851 0.775204 9.7877 -2.17357 1.256 626.364 0.0466049 0.0996691
346.464 1.16567 2.8442 338.569 -0.869235 -0.285766 1087.75 966.15 0.645326 0.66292 0.758611 0.821271 13.9089 -0.904786 0.60678 637.221 0.0278319 0.0996691
2955.54 0.450274 3.05147 2034.04 0.444212 0.122395 5077.01 4509.75 0.10477 0.580947 0.755744 0.665472 1055.17 -0.478283 0.12877 5301.04 0.176613 0.0996691
2761.17 -0.409891 2.93586 1970.2 -0.642022 -0.17723 5114.92 3851.28 0.268458 0.623885 0.690793 0.700635 105.426 -0.969701 0.0455585 5892.83 0.94645 0.0996691
1293.18 -0.780635 -1.13923 1254.71 0.477375 2.17099 3072.92 3078.46 0.46597 0.571339 0.768961 0.751787 210.285 0.688781 1.48638 2563.04 0.0883478 0.0996691
1361.81 -0.195139 -2.70588 987.649 -1.07098 -0.970929 2085.1 1982.97 0.561352 0.661057 0.708393 0.690176 725.368 0.233992 0.0221273 4546.63 0.282489 0.0996691
2438.18 -0.334587 1.50741 1809.32 -0.178692 -1.5464 4294.54 4278.77 0.421302 0.729834 0.830974 0.73348 740.772 -1.74147 0.206674 4481.47 0.16815 0.0996691
565.527 -1.33546 2.65987 338.806 0.172337 -0.065544 1129.37 1126.36 0.278791 0.671076 0.738173 0.771828 291.873 -1.16791 1.09778 1052.54 0.326724 0.0996691
1230.11 -1.37224 -2.73659 708.305 -1.62407 0.109726 1876.59 1850.55 0.365648 0.327976 0.477849 0.581854 741.225 1.25839 0.316394 2519.91 0.634103 0.0996691
1480.05 0.251957 1.98864 1443.23 -0.460094 -1.80529 3001.92 2921.51 0.562564 0.563296 0.734287 0.599737 128.736 0.972896 0.523226 5027.96 0.899698 0.0996691
2139.63 0.766816 -2.95239 1192.73 -0.330418 1.68282 3002.74 3023.28 0.629193 0.528412 0.50179 0.616724 1084.97 -0.810524 0.0450296 5290.84 0.368919 0.0996691
469.924 -2.05565 2.01474 468.754 -0.456277 -1.18272 1274.97 1215.09 0.759236 0.845212 0.761594 0.743891 22.8543 0.786651 1.21203 926.732 0.0237419 0.0996691
431.966 -1.15397 0.655816 261.015 -2.72866 -2.06514 893.657 841.75 0.71171 0.776237 0.682077 0.783907 43.1741 2.86601 0.18843 879.697 0.621502 0.0996691
2346.98 -1.29461 -0.0126693 1790.77 0.772718 2.69903 6494.95 5896.26 0.518936 0.650045 0.74809 0.867541 524.786 -2.8355 0.370281 4868.66 0.738731 0.0996691
480.862 -0.984735 2.59746 412.559 -0.612724 0.254175 876.419 758.459 0.614433 0.70634 0.851594 0.832186 250.523 -1.28699 0.744874 984.633 0.743335 0.0996691
1452.74 0.0892866 2.05124 1407.41 0.354235 -1.38747 2935.36 2337.97 0.272213 0.728316 0.801111 0.514348 60.2575 -3.09599 0.77598 3469.82 0.702787 0.0996691
2462.18 -0.107072 1.50743 2087.1 0.198288 -1.65584 4668.08 3293.57 0.518752 0.322168 0.857121 0.716197 534.823 -1.80776 0.052006 4950.08 0.669659 0.0996691
1851.13 0.479337 -1.55888 1609.7 0.152312 1.65931 3544.61 3358.83 0.425634 0.331898 0.642358 0.773947 279.166 1.13529 0.486001 3500.09 0.837513 0.0996691
992.014 -1.19887 2.52189 932.661 0.418358 -0.528668 2609.53 2538.93 0.444962 0.57855 0.600438 0.777903 359.526 -0.712356 0.206306 2229.19 0.0855991 0.0996691
1267.89 0.0892831 -2.25607 861.381 0.874291 1.01475 2337.56 2139.43 0.242191 0.636003 0.835872 0.736728 661.878 1.03429 0.010908 2685.25 0.200855 0.0996691
1538.93 0.386617 -3.04146 1273.74 0.698741 -1.07624 2508.43 2077.79 0.480977 0.710186 0.571179 0.630712 572.949 0.953924 0.0298653 3855.52 0.376864 0.0996691
737.705 -1.36548 -2.22945 563.779 -0.222828 0.907308 1524.19 1500.66 0.579617 0.509577 0.70441 0.907503 53.363 -2.38219 0.167732 1517.28 0.123243 0.0996691
1412.06 0.399506 -2.55009 978.373 0.0640783 0.564419 2431.18 2285.01 0.699766 0.6438 0.813934 0.636506 424.292 0.576491 0.00508964 2422.2 0.211359 0.0996691
1126.81 -1.01659 -2.36323 659.589 -0.848515 0.265833 1692.48 1647.96 0.343733 0.761849 0.726055 0.809524 75.838 1.08516 0.0500916 2586.7 0.937471 0.0996691
2541.81 -0.0553241 1.30502 2397.35 -0.26227 -2.15549 4930.64 4875.34 0.676881 0.59257 0.820906 0.881566 135.792 3.00832 0.927521 6782.64 0.497861 0.0996691
1526.4 0.261692 1.41627 1033.62 0.740883 -2.18131 2537.62 2505.81 0.333637 0.540399 0.638643 0.630426 785.235 -0.62106 0.164645 3434.4 0.399702 0.0996691
1802.66 -0.883755 -0.617829 1789.03 1.16446 2.56334 5653.83 5703.91 0.733788 0.459183 0.723543 0.800707 1239.47 -0.189967 0.136968 4923.86 0.947491 0.0996691
386.165 -0.852325 0.425363 300.035 -2.28334 -2.77877 870.384 842.735 0.447298 0.582114 0.832428 0.518573 87.5291 -2.47987 0.263395 692.524 0.153103 0.0996691
1365.39 0.364482 0.783138 1306.08 1.55201 -1.46983 3110.82 2879.79 0.143222 0.225143 0.778204 0.779435 148.017 1.46125 0.219226 4527.94 0.426244 0.0996691
619.091 -0.0540676 -0.962755 600.943 0.179177 2.11687 1320.39 834.507 0.538508 0.445219 0.514316 0.460933 23.2182 -1.97978 0.556409 1299.86 0.239307 0.0996691
295.661 1.69037 -2.58473 291.85 -0.790124 0.624342 1113.22 1005.87 0.801377 0.60466 0.733784 0.821886 6.14788 1.86564 0.676561 572.078 0.829087 0.0996691
1763.43 -0.965616 2.75948 1496.57 -0.320304 0.0405669 3367.83 3365.16 0.823601 0.687895 0.886909 0.628532 103.442 -0.870921 0.42045 4369.57 0.809905 0.0996691
935.632 -1.85005 -3.08021 781.302 0.270926 -0.094348 2770.75 2773.55 0.547696 0.622253 0.893937 0.689952 152.617 0.0331804 0.132084 1834.85 0.124969 0.0996691
976.833 1.56743 -1.19212 970.686 1.32374 1.96189 1984.97 1956.83 0.692255 0.742893 0.710948 0.833948 9.66914 0.643935 0.734472 1961.36 0.945219 0.0996691
2759.49 0.0332275 -1.27842 1460.64 0.779504 1.08013 4035.6 3999.98 0.845945 0.696868 0.80834 0.691425 39.4709 2.64291 0.0181618 6326.43 0.9528 -0.0996691
973.148 1.85412 3.12501 840.022 -0.268918 -0.0295668 2965.79 2774.53 0.534938 0.682646 0.743741 0.842094 50.1014 -0.207089 0.193441 1935.87 0.0290999 0.0996691
799.247 -0.87362 2.35039 447.757 -1.46705 -0.169948 1212.06 1172.69 0.584801 0.763077 0.839731 0.799405 142.929 -0.159997 0.0111323 1656.25 0.414202 0.0996691
1096.86 0.582725 1.14498 635.291 -1.8134 -1.624 3013.6 2866.07 0.735383 0.649086 0.559383 0.68995 38.0273 2.45629 0.921808 2282.39 0.894168 0.0996691
2178.88 0.357427 2.56803 1604.01 -1.65437 0.340069 5586.84 5577.49 0.858334 0.376069 0.75867 0.795457 426.813 -0.739945 0.400344 5282.05 0.980201 0.0996691
863.131 1.19932 -2.86929 577.259 -1.63801 -1.68865 2872.32 2767.59 0.80253 0.585237 0.894875 0.646801 830.391 0.700265 0.062318 1826.55 0.4736 0.0996691
1096.81 0.691479 1.64157 903.584 -1.4397 -1.78268 3246.17 2977.24 0.530441 0.641242 0.62457 0.501301 32.1227 0.00403505 0.441684 2326.85 0.903237 0.0996691
1854.06 -0.0101843 1.53066 703.054 -1.53686 -0.913588 2899.96 2905.52 0.808479 0.601781 0.691202 0.765648 1196.46 -2.29204 0.0582073 3108.82 0.176935 0.0996691
641.154 0.209648 2.5354 321.089 -0.248329 -0.609298 969.079 762.69 0.574182 0.289887 0.602089 0.737164 323.512 -0.547207 0.0992281 966.704 0.492151 0.0996691
2006 0.0809891 1.00126 1297.3 -0.829166 -1.26394 3318.02 3310.85 0.365318 0.52846 0.873129 0.825861 690.705 -2.6282 0.169755 4319.64 0.719379 -0.0996691
778.885 -0.0613859 -0.98506 700.539 -0.325877 2.15824 1553.1 1292.95 0.631452 0.360425 0.677871 0.881343 73.1644 1.9637 0.0109897 1494.38 0.94807 0.0996691
1436.76 0.660582 -0.552962 1157.2 -0.482743 2.11741 3023.62 2574.97 0.28861 0.784204 0.665769 0.827641 286.842 -2.59397 0.402955 3007.23 0.118003 0.0996691
753.391 -1.78745 -2.37967 392.967 1.52607 -2.58315 2755.8 2758.52 0.591294 0.736076 0.872149 0.751192 639.28 0.551313 0.0332594 1780.78 0.26157 0.0996691
1802.14 -0.250509 -3.05196 1735.22 -0.369788 0.320688 3682.26 3054.4 0.348349 0.611467 0.554662 0.800861 1317.29 -2.69442 0.116622 5026.05 0.554054 0.0996691
2799.63 -0.583926 2.08704 2739.16 -0.14568 -0.627425 5560.96 5608.83 0.623753 0.283328 0.634214 0.748333 118.362 -1.56808 0.775676 6781.61 0.703294 -0.0996691
361.313 1.57034 -2.65431 359.229 0.874673 0.725895 766.171 761.306 0.529265 0.683278 0.67147 0.630061 63.7192 -1.0159 1.63841 720.848 0.124646 0.0996691
450.694 -0.857478 -1.8527 387.297 -1.83615 1.16054 947.578 890.834 0.601544 0.573269 0.658761 0.627553 73.9873 1.67438 0.495582 835.482 0.157069 0.0996691
405.152 1.02478 2.02964 352.759 0.925963 -1.61674 756.277 657.865 0.635203 0.691706 0.679768 0.855941 194.075 -1.95666 0.287732 1090.32 0.737423 0.0996691
2037.34 -0.0261823 2.13505 1672.26 0.723238 -0.128002 3671.66 3552.98 0.692451 0.632337 0.834925 0.743366 97.6341 -0.831011 0.17791 5795.97 0.933036 -0.0996691
326.06 -0.787512 -2.08929 285.618 1.75653 0.905316 1183.38 1131.68 0.795537 0.696883 0.827707 0.796424 32.5946 0.606259 0.296111 614.58 0.111952 0.0996691
1125.73 -0.789399 -2.19292 1031.94 0.431183 0.576354 2549.31 2567.55 0.287352 0.155853 0.31026 0.839911 126.453 1.97172 0.453843 2605.8 0.78609 0.0996691
350.788 1.50508 -1.60082 311.488 -0.53578 2.24927 1026.65 830.218 0.480493 0.777699 0.76341 0.839617 25.6803 0.16732 0.320647 832.895 0.651577 0.0996691
1018 0.393771 -1.19209 341.894 -1.73971 2.04527 1928.55 1791.59 0.580434 0.807867 0.589884 0.817864 673.383 1.92974 0.12524 1369.35 0.533964 0.0996691
2336.72 0.377767 1.55015 2109.78 0.80373 -1.72302 4811.01 3700.38 0.308979 0.139298 0.443897 0.780241 501.015 -1.35867 0.00807559 5008.79 0.290803 0.0996691
909.903 0.0185467 2.89702 653.34 0.536569 0.450468 1526.58 1485.15 0.7712 0.824924 0.776789 0.840526 204.931 0.581835 0.12429 2169.49 0.379727 0.0996691
386.649 0.999392 -0.851538 385.153 -1.14416 2.26306 1269.77 1212.71 0.709289 0.809191 0.768463 0.867952 11.4756 -0.660039 0.18307 759.946 0.0238316 0.0996691
297.847 1.00419 -2.22515 276.04 -1.32968 0.981951 1024.72 853.962 0.847587 0.777193 0.895256 0.815244 20.4235 0.218527 0.681795 530.184 0.144331 0.0996691
307.542 1.28346 2.16646 289.606 -0.0732986 -0.636788 755.444 706.612 0.665752 0.745114 0.859973 0.738758 59.5368 -1.02955 0.381908 620.832 0.169589 0.0996691
2545.13 0.463354 -2.47305 2292.15 -0.788507 0.564103 6084.64 3469.76 0.212987 0.261168 0.687103 0.665728 365.489 1.39893 0.627873 5095.78 0.309897 -0.0996691
1684.51 -0.0221098 -2.75187 1099.57 1.06179 1.64374 2717.09 2689.68 0.490144 0.597396 0.677105 0.626604 1398.32 -0.306219 0.158001 3073.21 0.729874 0.0996691
1101.78 0.575402 0.968023 712.296 -1.51341 -2.39815 2831.04 2801.83 0.315883 0.626912 0.717578 0.750163 73.511 2.0086 1.03668 2295.4 0.444084 0.0996691
432.76 2.14056 -2.7613 405.79 0.480115 0.372338 1169.08 1112.21 0.613318 0.608711 0.845415 0.626703 44.4292 0.870216 0.475363 828.448 0.0738261 0.0996691
2228.53 0.580532 -0.81259 1602.19 0.954685 -3.10432 3531.54 3545.49 0.362293 0.628686 0.769332 0.788439 58.2399 -0.623976 0.187701 6067.48 0.605815 0.0996691
3068.8 -0.160371 -2.29864 1781.15 0.354248 0.435456 5079.48 3815.16 0.107364 0.0869594 0.78995 0.758957 172.176 1.29318 0.0135977 6665.24 0.0365873 -0.0996691
907.323 -0.503885 0.387526 771.584 0.811433 -1.75017 1904.32 1871.09 0.536016 0.886851 0.532535 0.796564 528.081 3.041 0.0780175 2216.07 0.659267 0.0996691
1400.85 1.10214 0.747087 981.418 -0.406196 -2.40323 3067.7 3017.91 0.622118 0.704783 0.844579 0.797237 21.8553 -0.898018 0.912883 2808.24 0.902868 0.0996691
754.076 0.492946 -2.86676 521.659 -0.747063 0.250367 1516.2 1443.94 0.631984 0.62615 0.604136 0.637042 228.801 0.343127 0.0754562 1273.99 0.909564 0.0996691
430.398 -0.726683 1.64633 428.707 1.2594 -1.6192 1328.55 1245.34 0.837424 0.655346 0.787419 0.7328 35.7633 0.27016 1.3845 814.645 0.0667254 0.0996691
1605.22 -0.628018 0.58062 1130.74 0.222376 -2.08217 2899.74 2854.57 0.546843 0.766664 0.691776 0.818736 332.188 -3.13174 0.108053 3215.59 0.973264 0.0996691
1416.04 -0.286714 -1.86011 1103.08 0.260535 1.08241 2604.55 2556.09 0.389951 0.73854 0.870664 0.69598 72.8157 -1.29274 0.266736 3212.15 0.700654 0.0996691
446.149 -0.1538 0.258912 406.007 -0.981137 -1.93997 859.178 816.193 0.65433 0.661711 0.812953 0.78575 11.8755 1.12994 0.650497 1351.73 0.838674 0.0996691
328.974 0.0116939 0.77009 327.76 0.335522 -2.42045 685.019 634.098 0.630609 0.683225 0.679964 0.725265 10.4199 -0.630958 1.39272 619.509 0.0408696 0.0996691
1653.5 0.185548 2.13929 1603.27 -0.114937 0.0548393 2867.56 2877.09 0.68173 0.321973 0.811074 0.797277 463.858 -0.881724 0.421166 5493.92 0.973339 0.0996691
1939 -0.618435 -0.270143 1762.28 -0.268242 -2.40297 3386.96 3244.97 0.741152 0.541934 0.853434 0.74811 237.243 0.507534 0.134431 5750.05 0.941248 0.0996691
1532.33 1.03878 -0.188894 1528.66 -0.410729 -1.91832 3400.28 2934.51 0.36478 0.667532 0.659174 0.586299 915 2.10529 0.0575862 4220.35 0.375609 0.0996691
508.1 0.904966 -1.96093 468.848 -0.183374 1.17104 1144.18 1073.43 0.71813 0.764803 0.820517 0.729188 36.3762 1.25319 0.0106663 951.61 0.904844 0.0996691
1911.52 -0.355644 -2.84026 1242.6 -0.739361 0.839127 3046.77 3047.55 0.405968 0.376057 0.67307 0.625094 641.442 -0.416191 0.0173517 4401.94 0.396266 -0.0996691
2027.8 0.652368 2.96839 1110.77 -1.83652 0.316495 5739.81 4773.88 0.156938 0.721833 0.823887 0.756354 1119.97 -0.679716 0.00428903 3613.14 0.736372 0.0996691
621.529 0.381008 -2.45886 431.654 2.18003 2.39877 1306.28 1224.52 0.768006 0.583218 0.843373 0.84874 690.93 0.138348 0.0196638 1143.56 0.760061 0.0996691
597.312 0.104283 0.937535 421.12 0.467271 -1.69849 1025.94 885.604 0.404773 0.526792 0.713886 0.606883 144.034 -2.64714 0.269356 1143.09 0.836958 0.0996691
1243.47 0.233919 -2.73715 1195.58 1.34983 0.282724 2846.25 2782.25 0.315145 0.813665 0.723488 0.691926 166.225 1.97788 1.10562 2698.18 0.31209 0.0996691
359.377 1.84033 -2.19378 264.776 0.424907 0.261432 773.147 710.118 0.718611 0.695388 0.839682 0.89691 28.6787 2.70348 0.289743 776.201 0.876116 0.0996691
1659.46 -0.623871 -1.82876 1190.07 0.209989 0.920202 3032.24 2964.11 0.269159 0.724382 0.683644 0.819114 64.3962 3.08761 1.17705 3549.41 0.887171 0.0996691
626.123 0.830083 -0.0878689 625.242 0.832224 3.02882 1268.78 1236.6 0.807315 0.752251 0.874408 0.592041 22.7537 -1.98141 1.27048 1230.15 0.00759832 0.0996691
1711.98 -0.449524 -0.0975204 1093.36 0.742326 2.02277 2972.71 2960.9 0.559978 0.537634 0.679459 0.782419 885.464 -3.02411 0.0667729 4514.52 0.13217 -0.0996691
859.322 1.14935 1.02396 847.756 1.3303 -2.15801 1825.29 1284 0.231101 0.49402 0.806499 0.841038 25.3294 -1.02062 1.14194 1725.17 0.433097 0.0996691
1307.43 0.64402 -0.767975 1266.91 -0.30753 2.27999 2879.94 2862.1 0.855353 0.779114 0.857124 0.794688 39.6385 -2.62089 0.231635 2709.26 0.904744 0.0996691
1882.67 0.225871 -0.743424 1442.51 -1.35898 -3.06479 4195.91 4210.56 0.815296 0.593661 0.629314 0.522944 254.097 -0.0626975 0.682273 4858.87 0.415993 0.0996691
756.599 0.784728 -0.75314 656.89 0.135589 2.53688 1491.33 1484.97 0.607116 0.648503 0.829038 0.711233 124.258 2.66352 0.119962 1530.06 0.111075 0.0996691
353.891 -0.506841 -0.640592 310.276 -1.4257 2.66616 745.471 711.619 0.785218 0.692509 0.844203 0.64201 50.9595 2.42048 0.253883 669.073 0.0936132 0.0996691
324.661 -0.174924 0.621378 289.433 -1.71605 -2.32411 811.043 796.831 0.605082 0.610199 0.832376 0.74152 86.9054 -2.29102 0.0562809 933.349 0.109679 0.0996691
426.327 -1.97625 -2.99011 395.889 0.0133356 0.0102265 1310.52 1125.37 0.31779 0.670827 0.681308 0.714579 35.1269 0.711637 0.169729 842.67 0.792983 0.0996691
1683.46 0.254591 1.15313 1340.43 0.0840518 -0.983622 2662.77 2659.86 0.220867 0.586784 0.77739 0.854358 484.765 -1.48327 0.355701 4567.77 0.959597 0.0996691
535.238 1.55557 -1.31763 473.27 -0.849706 2.85678 1770.32 1727.05 0.289019 0.770852 0.799549 0.818649 55.5142 0.917311 0.127582 1412.73 0.506065 0.0996691
1976.66 0.409955 -2.53947 1276.31 -0.553155 -0.299303 3316.7 3220.75 0.75641 0.650232 0.737848 0.452172 57.3266 -2.99248 0.293375 5245.94 0.930117 0.0996691
976.089 0.637551 1.50096 891.616 0.264719 -1.53625 1964.24 1508.33 0.188629 0.411176 0.466446 0.749708 181.307 -1.10344 0.43067 2236.14 0.196187 0.0996691
445.594 0.219895 0.748171 377.495 1.97668 -2.42111 1169.14 1102.66 0.531009 0.649632 0.899769 0.562127 80.0432 -2.15643 0.210871 827.243 0.143257 0.0996691
345.344 -0.128077 2.05111 335.904 -1.01226 -1.11772 770.649 662.781 0.771994 0.5862 0.647533 0.733334 9.56042 -0.432682 0.676655 625.744 0.0320201 0.0996691
1129.5 0.631523 1.89956 1127.27 1.04456 -1.29142 2320.41 2297.32 0.695662 0.803534 0.730081 0.760145 63.8683 0.0340936 0.874609 2267.16 0.991842 -0.0996691
1201.81 -0.110681 1.96566 775.144 -1.02174 -0.82411 2151.37 1633.18 0.8913 0.154697 0.684205 0.806997 103.675 -1.59583 0.110157 2369.9 0.549803 0.0996691
419.216 0.077012 1.26975 273.164 -0.263207 -1.68069 702.747 639.004 0.381732 0.621145 0.848043 0.8306 23.8311 -0.855646 0.81846 838.017 0.173834 0.0996691
1557.94 0.448706 -2.47471 1435.17 -0.23648 0.0624701 3053.53 3067.67 0.480942 0.505137 0.745367 0.768634 190.588 1.45543 0.442642 3718.54 0.654302 0.0996691
372.751 1.25328 -0.819694 349.332 1.36797 2.31611 740.572 695.698 0.66854 0.761078 0.841412 0.807515 8.58517 -2.13525 1.28355 713.936 0.0126981 0.0996691
2858.17 -1.03595 2.32729 541.632 2.10887 -1.30106 6232.41 6209.17 0.538014 0.636154 0.805814 0.728019 1732.33 -0.773397 0.0425128 4162.93 0.764755 0.0996691
1654.04 0.0911927 0.373707 427.656 -1.52593 -2.00749 2229.41 2066.26 0.714928 0.341551 0.53528 0.69155 1090.47 -3.07995 0.174727 2435.48 0.845671 -0.0996691
1749.14 0.0522943 0.807968 1011.08 -1.04449 -2.00787 3050.47 3061.45 0.653852 0.291972 0.729808 0.806938 221.965 -2.67753 0.151469 3424.02 0.788617 0.0996691
2276.53 0.766621 -0.190382 1092.54 0.112644 2.51845 3401.3 2897.27 0.624976 0.60746 0.665914 0.677063 1316.7 -2.9809 0.0247567 3451.17 0.645076 0.0996691
2979.08 -0.100828 1.05276 2913.57 0.0623082 -2.04071 6379.4 3788.05 0.189613 0.316049 0.759275 0.758201 213.227 3.05032 0.742616 6425.28 0.942546 -0.0996691
1330.41 -0.104263 -2.72776 1258.78 0.189123 0.439885 2771.33 2026.53 0.192846 0.322093 0.727815 0.784053 71.4412 -1.25018 0.44226 3161.95 0.710285 0.0996691
2626.16 -0.448115 1.63413 1424.62 -0.00316527 -2.04526 4139.6 2907.89 0.132152 0.473532 0.830246 0.397643 42.2997 -0.612213 0.390446 5935.36 0.225977 0.0996691
1814.62 -0.238188 -2.40473 1419.97 -0.874026 0.947071 3399.3 3084.35 0.493429 0.548781 0.698321 0.57858 211.071 0.625389 0.308648 3603.43 0.250533 0.0996691
1511.18 -0.636132 -2.12793 1458.58 1.43958 1.65887 4759.37 3805.24 0.201551 0.27369 0.667072 0.837723 111.841 -0.774428 0.686226 3982.4 0.673812 0.0996691
2311.16 -0.516446 -0.354297 1180.9 0.779278 -2.57175 3896.48 3569.25 0.452475 0.225443 0.471461 0.839939 1235.64 2.27951 0.0941215 4298.09 0.591451 -0.0996691
1178.61 1.35757 0.438791 328.875 -0.889566 -2.50369 2130.5 1696.38 0.543682 0.40615 0.555554 0.826313 843.933 -2.77629 0.0855258 1517.88 0.835459 0.0996691
447.559 0.287413 -1.99484 379.012 -2.91635 1.26181 2153.44 2103.46 0.70917 0.617131 0.629944 0.627717 66.9402 0.546425 0.716291 827.719 0.0916036 0.0996691
262.476 -0.710602 2.60538 261.58 1.06316 -0.772667 755.918 686.904 0.820589 0.930777 0.717196 0.763032 21.0138 2.06102 0.558782 522.172 0.142851 0.0996691
311.737 -1.65231 -1.268 296.734 0.0355716 1.89078 856.78 803.878 0.750028 0.691517 0.791977 0.612366 15.333 0.593278 1.26024 594.699 0.037601 0.0996691
329.025 1.01227 1.9679 326.408 0.306811 -1.16145 707.437 693.238 0.738691 0.767263 0.710309 0.738728 13.9871 -2.84222 1.47967 645.419 0.0106681 0.0996691
364.454 -0.0267437 -2.91774 292.6 -0.550521 -0.214635 692.75 599.898 0.762649 0.820734 0.825286 0.744334 22.2064 1.54753 0.556023 1068.79 0.213109 0.0996691
1547.86 -0.57759 -0.793615 968.694 0.993928 2.51921 3274.92 2845.85 0.469737 0.339366 0.75464 0.797437 193.273 -0.408175 0.3814 3841.36 0.813132 -0.0996691
2054.73 -0.261276 2.00795 1790.39 0.167577 -1.29929 3918.55 3965.11 0.0963283 0.325096 0.84013 0.81978 75.2509 1.94054 0.0665928 5086.29 0.107359 0.0996691
3351.47 -0.154097 -0.0848684 2884.18 -0.427116 2.72319 6208.9 6245.12 0.353771 0.29651 0.637441 0.948996 329.994 -2.40629 0.417432 7287.81 0.711116 0.0996691
1801.76 0.00889374 0.648536 1721.34 -0.0438466 2.32781 2656.08 2610.75 0.506466 0.464664 0.321585 0.627173 228.189 0.0575828 0.594479 6383.11 0.959949 0.0996691
366.895 0.635181 2.56617 363.486 -0.506095 -0.53452 879.856 761.286 0.375192 0.713967 0.827792 0.847621 11.7323 -0.706925 0.148778 719.366 0.0964527 0.0996691
999.491 0.451284 -2.3094 827.822 -0.726274 0.925357 2183.58 1499.43 0.285272 0.491498 0.635086 0.803177 106.262 0.979917 0.116547 2022.88 0.477301 0.0996691
903.395 -0.870216 -0.418751 309.196 1.68324 2.73868 2051.18 1952.89 0.256714 0.782202 0.734199 0.664248 799.377 2.78013 0.0906892 1480.46 0.52801 0.0996691
1557.17 0.0176319 1.02317 1535.39 -0.664474 -2.76059 3169.72 3180.9 0.341234 0.741353 0.543065 0.875246 146.664 2.55657 0.966137 5160 0.721888 -0.0996691
1736.71 0.0727383 -1.45935 1592.56 0.0135219 1.62971 3407.27 2892.79 0.355223 0.42989 0.718289 0.759942 184.805 2.22424 0.251546 3404.05 0.646446 0.0996691
830.923 0.870671 0.284574 614.929 1.28974 -2.73006 1505.87 1065.76 0.585035 0.341238 0.776669 0.799284 195.833 -2.94531 0.124371 1478.78 0.475638 0.0996691
1148.28 0.0717932 1.14753 509.404 -0.452723 -2.24547 1623.13 1096.83 0.695486 0.167507 0.861642 0.783182 558.877 -1.9982 0.00400114 1833.81 0.628069 0.0996691
402.292 1.40202 0.185147 384.712 0.139489 -2.96846 976.628 896.278 0.774384 0.578469 0.7823 0.767051 27.4222 -2.14108 0.805304 770.022 0.772449 0.0996691
789.056 0.845882 -2.16145 754.772 -1.00841 1.17091 2305.69 1718.93 0.69704 0.241137 0.686976 0.548829 28.6496 -1.73677 0.42573 1705.32 0.593072 0.0996691
388.741 0.772363 -2.98708 358.723 -1.56966 0.091257 1334.35 1205.46 0.825261 0.697636 0.742287 0.773488 23.0834 -0.011437 0.100437 752.753 0.0757847 0.0996691
818.282 -0.114669 0.137663 579.199 -0.432881 -2.64262 1502.02 868.788 0.525754 0.555627 0.576244 0.839737 41.9722 0.133539 0.144445 2086.81 0.804675 0.0996691
557.888 0.402751 -1.12844 539.585 1.73214 1.11961 1283.73 1251.99 0.704894 0.566326 0.859327 0.704556 58.1122 -0.208471 0.925011 1648.18 0.861215 0.0996691
2499.82 0.265876 -1.98901 1828.74 -0.11409 1.24158 4530.45 3362.11 0.456518 0.116066 0.555625 0.63247 955.802 1.04532 0.130968 4738.59 0.530421 -0.0996691
564.843 2.10022 -2.07578 550.647 1.40338 1.0622 1206.3 1129.12 0.78122 0.755971 0.805748 0.810377 8.27175 1.78376 0.464264 1115.34 0.164981 0.0996691
1610.18 0.0493936 -0.481848 1461.15 0.577354 -2.12874 2416.24 2437.21 0.535727 0.474729 0.545088 0.371606 1416.94 1.85005 0.32661 3833.66 0.542168 -0.0996691
380.737 1.42708 0.651459 254.435 1.02474 2.43795 549.943 402.004 0.498587 0.557915 0.531766 0.824136 191.614 -2.016 0.160253 959.967 0.218396 0.0996691
2595.01 0.510929 0.800579 1620.39 -0.644085 -2.97607 4808.12 4054.66 0.154135 0.63956 0.90251 0.726472 453.758 -0.513835 0.0358579 6075.76 0.805168 -0.0996691
2085.37 0.881047 2.66693 1334.28 -1.22731 -1.49373 5191.25 5042.05 0.511939 0.695968 0.560347 0.822034 1270.15 0.249057 0.0354413 4072.3 0.573713 0.0996691
1112.35 -1.38515 -0.695152 267.328 -1.3824 -2.29909 829.195 756.048 0.718302 0.679258 0.765061 0.734361 1072.74 2.04997 1.43463 1596.15 0.773781 0.0996691
1962.79 -0.988997 -1.36452 1740.8 -0.479805 1.26183 3862.2 3394.87 0.574521 0.469456 0.742763 0.720177 65.0532 0.444566 0.729776 5303.68 0.871657 0.0996691
694.299 0.213697 -2.28925 693.994 1.52086 0.817688 1707.78 1687.17 0.676745 0.679101 0.746917 0.839879 20.1119 -3.11141 0.79966 1404.68 0.014019 0.0996691
2146.87 0.728856 2.95005 1414.1 -0.259209 1.16785 3286.13 3262.31 0.44432 0.497125 0.454414 0.714199 176.351 -0.683525 0.433418 6046.27 0.355764 0.0996691
491.954 0.677779 2.26119 398.153 -2.16544 -0.0538105 1948.53 382.376 0.395456 0.762001 0.661124 0.770005 19.0174 2.65358 0.106305 1495.91 0.405599 0.0996691
2323.18 0.695263 1.09785 1311 -0.804821 -2.0147 4546.24 4467.92 0.563519 0.535327 0.704891 0.797844 990.735 -2.06566 0.0678831 3664.31 0.302153 0.0996691
1454.2 0.448024 -1.65453 1093.1 -1.7984 2.82862 4034.67 3833.53 0.572339 0.45724 0.588215 0.662483 247.007 -1.49359 0.159318 4571.2 0.604387 0.0996691
552.173 0.33699 -2.95266 470.815 0.364332 0.163748 1067.29 843.905 0.831269 0.403392 0.781014 0.810053 66.264 0.105673 0.138564 1014.19 0.264969 0.0996691
849.566 0.366253 -0.267094 655.833 -2.41437 1.5011 3045.94 3055.04 0.178063 0.551809 0.605308 0.623639 88.064 2.92901 0.315946 2499.42 0.387091 -0.0996691
2473.75 0.344628 -1.88548 1559.34 0.271903 2.05792 3634.17 3648.24 0.199178 0.626436 0.529171 0.551311 642.803 0.918725 0.0719085 5324.64 0.886544 -0.0996691
930.766 -0.793351 -2.30095 728.824 -0.301846 0.596847 1775.28 1251.82 0.14896 0.558941 0.673962 0.570198 64.7569 2.88509 0.954581 1974.51 0.922421 0.0996691
425.222 -1.68402 0.0556662 321.799 -1.22879 3.06473 780.136 725.861 0.681326 0.643896 0.718893 0.718487 103.486 -2.89133 0.300348 733.284 0.19106 0.0996691
2403.7 0.728674 -1.94201 2003.12 -1.22987 0.439436 6557.74 4373.57 0.296138 0.56772 0.66627 0.816613 49.7287 3.0654 0.920064 6088.84 0.661417 0.0996691
1790.02 0.639905 -1.94818 1617.65 0.963522 0.667535 3342.12 3372.33 0.563911 0.61116 0.706438 0.65152 266.519 -2.56128 0.614889 4558.51 0.265052 0.0996691
1175.09 -0.93443 2.83895 677.773 1.14599 -1.12407 2755.65 2764.5 0.439072 0.594648 0.775219 0.62477 903.096 0.238613 0.0673074 2547.89 0.125248 0.0996691
669.335 -0.446472 2.08253 336.523 -1.57378 -0.264821 1053.86 1014.11 0.643777 0.591239 0.803506 0.686853 202.192 -1.76792 0.354706 1315.21 0.409349 0.0996691
534.734 -0.697939 -2.99202 473.576 0.713803 -0.0618625 1291.58 1168.46 0.800614 0.502697 0.772828 0.554765 106.576 -0.0266514 0.0201395 1237.05 0.909178 0.0996691
1160.11 -0.912113 -0.994995 1027.47 0.460168 2.12296 2766.46 2586.04 0.634758 0.795645 0.733535 0.663942 190.326 2.68515 0.182749 2479.83 0.965807 0.0996691
1204.67 0.79904 1.10362 1128.31 -0.716178 -2.27308 3039.92 3017.37 0.496009 0.664759 0.786698 0.723814 54.6051 0.311778 0.801717 2615.91 0.126971 0.0996691
2266.06 -0.113897 0.588131 2192.58 0.549083 3.03034 4568.82 3460.89 0.355774 0.199839 0.731736 0.405409 258.829 1.24954 0.650005 6356.44 0.529114 0.0996691
1042.24 0.13533 -0.819223 688.995 -0.283473 2.48842 1788.47 1510.74 0.683215 0.325548 0.762336 0.752004 244.012 2.52124 0.00146484 1933.15 0.694719 0.0996691
432.015 -1.27001 2.53785 272.928 -0.216652 -0.122167 786.946 711.448 0.657905 0.831391 0.69098 0.815114 27.2765 1.39816 0.666205 907.211 0.802137 0.0996691
625.054 0.414796 2.63026 365.449 0.63651 -1.23909 912.459 904.844 0.740071 0.743727 0.728013 0.799318 40.6761 -1.61233 0.380771 1438.73 0.920537 0.0996691
1045.96 -1.43704 0.972708 743.408 0.859774 -2.93144 2990.87 3023.4 0.315947 0.795261 0.572071 0.750503 66.3118 -3.13339 0.202248 2626.57 0.403628 0.0996691
1577.3 0.419789 -0.0695768 564.713 -0.888066 2.9937 2313.73 2295.51 0.609835 0.655071 0.827465 0.608943 515.297 2.9815 0.00937176 2670.14 0.484386 0.0996691
595.253 -0.589279 0.945212 591.93 0.83501 -2.18291 1512.73 1443.66 0.723368 0.800254 0.759713 0.557944 8.84407 2.92426 0.814199 1195.25 0.907106 0.0996691
302.03 1.40476 -2.01222 298.207 2.27355 1.07487 672.272 622.141 0.538451 0.63518 0.777544 0.541662 11.3786 2.32453 0.824082 599.793 0.804942 0.0996691
1508.1 0.3704 1.93465 1309.68 1.21508 -1.65642 3027.32 3017.34 0.682667 0.757857 0.440161 0.757033 76.4108 -0.785199 0.871061 3958.37 0.232322 -0.0996691
902.396 -1.14997 0.504418 625.611 0.268753 -2.01908 1864.4 1832.63 0.676871 0.559089 0.849006 0.83604 109.679 -1.91388 0.102027 2360.57 0.611506 0.0996691
304.534 0.922371 -2.69482 301.892 -0.145627 -2.8824 381.888 337.662 0.597524 0.708437 0.73761 0.711182 556.594 0.596658 1.03855 738.965 0.682166 0.0996691
2893.62 -0.0317439 -1.32451 2135.15 -0.170146 2.03429 5030.77 4157.44 0.112071 0.710149 0.48072 0.499392 393.271 1.467 0.277375 5667.44 0.615008 0.0996691
490.401 -0.251482 -0.65446 485.76 -0.760092 2.51895 1037.68 920.245 0.789832 0.65094 0.816374 0.839708 11.694 2.1037 0.267619 967.974 0.907404 0.0996691
577.338 0.316825 0.422632 387.695 0.24831 -2.50928 945.74 947.251 0.647875 0.256215 0.764227 0.334972 6.98818 1.93359 0.366574 1280.93 0.36928 0.0996691
1626.26 0.393464 0.98205 1172.21 -0.749719 -0.956948 2843.69 2817.36 0.436565 0.516091 0.646691 0.605026 202.336 -2.83667 0.00405502 4346.13 0.97568 -0.0996691
1770.68 -0.74856 0.759867 933.148 0.6289 2.88875 2973.52 2939.56 0.404235 0.42728 0.87193 0.87947 452.588 -1.83273 0.214001 3820.4 0.51263 0.0996691
501.415 1.29273 -1.27478 417.134 -2.1414 1.89671 2640.33 2387.19 0.679804 0.760054 0.458632 0.727112 92.8449 1.98832 0.0815628 1022.22 0.0628158 0.0996691
1179.05 -1.0997 3.13246 802.001 0.94098 -0.473771 3046.67 2764.15 0.434143 0.798256 0.765564 0.768409 54.4239 2.22789 0.412826 2596.4 0.579619 0.0996691
1490.37 -0.313487 -0.118676 1106.59 0.776536 -3.12786 2983 2936.41 0.407624 0.603792 0.475676 0.679299 305.78 3.06495 0.0940924 2786.98 0.144363 0.0996691
1879.01 -0.391867 1.68532 1583.52 -0.429916 -2.80209 2720.7 2701.89 0.420819 0.854988 0.86117 0.804261 127.773 -2.48543 0.0719447 5748.47 0.764628 0.0996691
1252.88 0.158149 1.87543 1238.66 0.459736 -1.24681 2552.46 2478.72 0.450949 0.715618 0.760486 0.711323 14.1537 -1.69764 0.241115 2510.29 0.920797 0.0996691
1070.35 -1.16527 -0.752858 780.018 1.30325 2.43266 3450.06 2513.82 0.466159 0.311459 0.657519 0.799461 282.144 2.28709 0.0324147 1882.31 0.342324 0.0996691
1707.4 0.525494 3.06111 1433.88 0.154882 -1.57695 2411.21 2421.57 0.224159 0.487611 0.437901 0.631577 1789.74 0.613167 0.434794 3573.89 0.192655 0.0996691
328.053 -0.865365 -2.68339 318.807 -2.06575 0.407604 787.223 734.043 0.642619 0.630393 0.725187 0.660157 13.393 1.82831 1.32735 641.865 0.989293 0.0996691
1735.55 0.784563 -2.03553 1283.36 -1.61406 0.537994 5341.52 5392.57 0.298616 0.739956 0.86439 0.596444 136.533 2.36828 0.0583849 4333.01 0.820006 -0.0996691
2358.99 0.486685 1.62983 2033.52 -0.186335 -2.2068 4395.45 4429.28 0.646162 0.219429 0.712773 0.673729 70.8719 -1.44745 0.654194 6117.04 0.506709 0.0996691
1371.14 0.493894 2.20318 1290.84 -0.309141 -1.12093 2916.78 2846.27 0.636547 0.673541 0.484811 0.604402 208.592 0.402876 0.340285 2710.61 0.107949 0.0996691
3077.89 -0.0417638 0.410976 2946.06 0.164909 -2.79865 6153.4 5560.89 0.588427 0.526613 0.435261 0.645527 316.546 -2.78344 0.0961533 6481.63 0.134554 0.0996691
1788.5 0.163828 2.67005 1314.09 -0.430817 -0.0860524 3430.49 2147.7 0.423095 0.216463 0.545 0.819329 1023.96 -0.574612 0.115861 3987.21 0.757636 0.0996691
1484.71 0.252303 1.40018 1423.16 1.06156 -1.11198 3036.42 3053.75 0.690052 0.937452 0.662701 0.591128 38.1656 -2.7703 0.181179 3811.09 0.61758 0.0996691
1314.29 0.341583 -0.660451 753.032 -1.02638 1.77612 2417.05 2154.3 0.632118 0.523349 0.757354 0.676727 90.0094 1.64555 0.0413383 3090.15 0.501222 0.0996691
278.896 0.214712 1.21004 264.432 0.652828 -1.98813 574.809 490.431 0.728799 0.678432 0.79362 0.669504 16.2796 -0.946512 1.01568 500.654 0.0887442 0.0996691
1988.63 0.956756 -0.795569 1906.69 -0.412903 1.4913 4613.97 4502.25 0.351186 0.695156 0.406106 0.697008 70.3242 -1.61349 0.1259 6080.77 0.622009 0.0996691
1639.64 -0.140822 1.42731 1162.8 -0.574661 -1.12851 2736.84 2713.3 0.636227 0.679465 0.812902 0.6212 192.008 -2.24702 0.123061 3597.88 0.518593 0.0996691
2162.37 -0.590074 -2.18955 1714.57 0.65086 0.928795 4673.97 4560.89 0.487309 0.394706 0.384103 0.638943 339.287 -2.85665 0.0633795 6285.87 0.896497 0.0996691
544.733 0.672324 -1.90068 460.618 1.71426 1.29422 1241.03 806.002 0.492386 0.69456 0.526642 0.677559 34.8876 3.09644 0.687243 1133.72 0.144052 0.0996691
1817.63 0.308901 -0.644884 1386.1 0.347345 2.80865 3160.3 3148.92 0.6072 0.670177 0.853523 0.837867 503.553 1.79351 0.0537919 3335.1 0.887805 0.0996691
2535.96 -0.540582 2.86844 1867.62 0.223231 -1.8212 3770.6 2935.8 0.232048 0.240834 0.548022 0.626698 2371.62 0.361849 0.0190454 5344.2 0.505703 0.0996691
2220.04 -0.55689 0.486799 2187.88 0.448192 -1.71293 4570.31 4615.29 0.45369 0.42324 0.576357 0.54835 471.843 2.38806 0.234028 6011.67 0.5818 0.0996691
1988.58 0.618764 2.28625 1787.21 0.00711536 -1.42386 3978.45 3392.75 0.28247 0.247004 0.838345 0.674748 571.655 -1.5334 0.0716459 5173.51 0.645724 0.0996691
1367.24 -0.217398 2.21006 304.366 -1.56858 -1.28556 1596.15 1494.17 0.319668 0.669553 0.728803 0.763389 893.812 -0.615718 0.648742 1916.62 0.678449 0.0996691
477.995 1.14421 2.07249 345.995 -1.13772 -1.91274 1388 1176.4 0.57457 0.547237 0.804035 0.866201 10.4328 -1.06054 0.762833 1185.55 0.47367 0.0996691
1476.43 -0.837346 1.80961 1415.91 -0.386742 -1.49295 2969.91 2978.53 0.568468 0.7088 0.846858 0.69979 296.331 -3.13243 1.34074 3452.17 0.722976 0.0996691
440.2 1.35966 2.28874 404.334 -2.05393 -0.448647 2404.7 2235.26 0.709111 0.722581 0.721244 0.723391 72.8431 -2.37581 0.769169 1194.35 0.208547 0.0996691
660.091 2.04288 -2.18334 547.105 1.53408 0.563048 1227.42 1224.5 0.625189 0.692642 0.841001 0.76539 27.0608 2.14052 0.00631094 1544.58 0.382065 0.0996691
1855.24 -0.787682 2.53532 1324.83 -0.474913 -1.0734 3107.52 3117.97 0.730474 0.473803 0.653608 0.605334 96.159 0.198546 0.073714 4031.48 0.506123 0.0996691
2089.46 -0.34724 -2.85622 1075.38 0.0802025 0.513494 3075.92 2991.86 0.143419 0.725624 0.828108 0.813186 1531.99 0.691784 0.103054 4121.47 0.940464 0.0996691
1353.26 -0.576283 0.402764 829.412 -0.0257751 2.70669 2088.83 1952.04 0.520286 0.694539 0.55377 0.67102 646.93 -2.71471 0.149218 3054.36 0.962901 0.0996691
269.169 -2.03212 -0.372721 262.017 -1.72592 2.7658 547.273 525.815 0.709888 0.750818 0.740435 0.811112 20.3312 1.61905 1.14168 516.71 0.0210006 0.0996691
1784.07 0.972406 -1.9828 1519.92 -0.647508 1.12572 4626.02 3013.95 0.562799 0.20152 0.81726 0.748985 288.632 1.32945 0.0379514 3340.84 0.911733 0.0996691
947.29 0.824409 -3.10069 851.162 0.482572 0.0412285 1873.13 1687.59 0.556737 0.709099 0.81013 0.65527 350.734 0.144518 0.105372 2064.65 0.0571823 0.0996691
1031.61 -0.990306 2.03542 915.112 -1.54809 -0.429309 1920.63 1939.3 0.445393 0.512279 0.798892 0.439812 52.8121 -0.636598 0.0656828 2725.64 0.830996 0.0996691
1546.56 0.140364 -0.102868 1246.89 -0.594963 -2.85834 2933.5 2933.86 0.3613 0.425096 0.728548 0.621292 298.758 1.19435 0.418311 3409.13 0.920355 0.0996691
1830.01 0.859619 0.400716 1634.83 0.542987 -2.61299 3512.03 3524.9 0.166972 0.436465 0.853876 0.631896 764.03 -2.45517 0.160373 5003.96 0.0862015 0.0996691
2056.89 -0.345715 2.10289 1307.73 -1.44258 -2.02241 3706.29 3047.71 0.133282 0.724519 0.550104 0.795667 61.5742 -0.587512 0.613506 5999.35 0.438662 0.0996691
883.615 0.165151 2.88281 819.978 -0.328111 -1.59081 1428.5 1434.91 0.463792 0.771393 0.808777 0.75462 82.0768 -1.28279 0.304818 2838.22 0.330778 0.0996691
336.097 -0.26918 -2.75174 316.48 -1.22725 0.687303 727.729 727.882 0.582361 0.707968 0.897699 0.848282 25.0622 0.443513 0.253922 744.903 0.158274 0.0996691
306.768 -2.6355 -1.75445 256.459 2.04736 1.58179 2946.71 2697.88 0.798037 0.697752 0.747134 0.711235 102.597 1.84916 0.166729 721.73 0.668171 0.0996691
2080.67 -0.659936 1.42466 1662.55 0.156493 -1.37166 4039.59 3598.59 0.379418 0.435008 0.801139 0.254965 720.456 -2.81587 0.643966 4102.42 0.706776 0.0996691
1407.07 0.71334 -0.80402 1263.71 1.41572 2.63644 2829.08 2810.92 0.593536 0.521469 0.820865 0.725066 23.1957 -0.534986 0.279574 3131.18 0.162815 0.0996691
360.726 -0.439598 1.08693 353.396 -0.248923 -2.02073 730.744 690.154 0.711256 0.622517 0.707965 0.77006 21.8115 2.81927 1.45731 684.663 0.0329253 0.0996691
370.159 -0.810761 -0.134161 316.764 -1.97538 3.03094 825.607 700.758 0.687426 0.668769 0.851495 0.732067 26.8298 -2.40827 0.767155 728.845 0.858629 0.0996691
393.976 -0.310482 -0.0840619 378.189 2.47247 3.01239 1658.25 1562.08 0.688372 0.740857 0.836284 0.726589 26.4342 -2.67585 0.600762 758.729 0.0672835 0.0996691
1433.7 0.0934509 1.7278 856.444 -1.07822 -1.32205 2624.95 2604.45 0.704663 0.695581 0.717012 0.822612 171.063 -0.92985 0.390745 2771.22 0.258907 0.0996691
1218.5 0.590622 -1.85106 1167.11 1.30615 1.06251 2641.36 2182.38 0.24924 0.668319 0.781225 0.696718 408.445 1.37483 0.287464 3241.96 0.116061 0.0996691
666.004 -1.06152 -2.54331 640.66 -1.80597 0.579965 1434.7 1345.86 0.651176 0.784864 0.671713 0.740895 35.1228 1.82695 1.20672 1339.87 0.97944 0.0996691
1351.26 -0.426812 0.247104 1237.97 0.538843 -2.75995 2910.17 2927.22 0.62997 0.517853 0.787305 0.509173 91.5062 2.64932 0.417454 2739.48 0.880665 0.0996691
2012.56 0.627671 2.15933 1844.04 0.504595 -1.09765 3870.18 3898.29 0.631952 0.521279 0.745083 0.472734 400.093 1.50447 0.322242 4750.41 0.213479 -0.0996691
419.97 -0.0798586 -0.259644 414.233 -0.325842 2.90975 883.144 719.78 0.491853 0.743271 0.786893 0.763681 10.0747 1.25513 1.02738 843.758 0.593038 0.0996691
1560.51 0.01551 2.72799 1085.35 -0.806806 -0.0948872 2810.52 2814.34 0.654195 0.698982 0.635292 0.628952 206.308 -0.771269 0.133496 3410.79 0.63646 0.0996691
1083.1 0.628153 -1.88025 1017.11 -1.11623 0.785655 2929.92 2797.09 0.634886 0.694638 0.864865 0.65936 33.991 0.0967455 0.643016 2648.18 0.664114 0.0996691
1356.27 0.0300345 1.44895 747.549 0.523269 -1.38377 2084.65 1886.25 0.5191 0.401184 0.604093 0.698923 669.338 -1.96787 0.17419 2167.54 0.811224 0.0996691
532.189 1.29828 2.63572 476.766 2.08636 -0.502155 1101.32 1076.24 0.726364 0.693048 0.83724 0.904645 4.84285 -0.458864 0.0478221 1027.08 0.057502 0.0996691
617.194 1.77689 2.66046 609.804 0.580009 -0.567394 1471.49 1431.52 0.680188 0.531432 0.77716 0.752695 56.8549 0.79479 0.879184 1226.07 0.92567 0.0996691
1638.71 0.27225 -1.32403 1385.64 -0.470191 -0.481807 1694.38 1701.91 0.484816 0.622461 0.857525 0.591263 629.894 2.54036 0.0600734 5357.86 0.180506 -0.0996691
1531.02 -0.537785 -2.314 1120.64 0.64759 1.2681 3064.71 3047.08 0.67868 0.360365 0.629252 0.522298 66.2744 2.64881 1.3171 3400.15 0.494438 0.0996691
895.65 0.533378 0.00120099 839.638 1.03519 3.08913 1841.79 1617.77 0.802796 0.557682 0.812328 0.702223 50.9334 2.7516 0.27331 1814.77 0.126021 0.0996691
293.781 2.01536 -0.808775 287.297 0.721788 2.3825 727.864 663.823 0.768429 0.736733 0.711892 0.640791 19.6474 0.902955 1.45156 536.599 0.0563942 0.0996691
2751.35 0.188553 0.0542493 1810.89 -1.13931 2.27658 5135.81 5151.16 0.285868 0.681804 0.563492 0.62499 1188.83 -2.42422 0.0766845 5595.22 0.841313 0.0996691
1443.23 -1.26107 -1.48691 1024.02 0.0203235 1.03583 2883.67 2641.71 0.114436 0.585602 0.785877 0.736733 140.027 0.709664 0.0887214 3518.02 0.48265 0.0996691
273.142 -0.416096 -2.72064 266.348 0.230149 0.427272 585.555 527.37 0.651009 0.523223 0.716361 0.773552 11.891 -1.22628 1.48019 496.652 0.0122674 0.0996691
543.444 1.50048 -1.03088 414.769 0.687769 2.12138 1061.13 955.792 0.771784 0.601457 0.725109 0.763708 116.514 2.03358 0.128627 941.051 0.230898 0.0996691
1518.03 -0.661217 -2.72562 1220.56 -0.322049 1.48217 2404.76 2404.57 0.496393 0.429786 0.642822 0.762828 68.0719 2.14005 0.653991 4272.19 0.49625 -0.0996691
1680.55 -0.393729 1.37202 1142.07 0.614138 -1.26071 3070.14 3064.83 0.616016 0.533246 0.921151 0.281118 435.424 -1.6944 0.433607 3487.84 0.303219 0.0996691
1906.6 0.458394 1.63547 1571.2 -0.580073 0.133666 3030.4 3057.66 0.258156 0.536637 0.61769 0.591937 1077.21 -2.16018 0.1187 5138.7 0.599676 0.0996691
1493.35 0.692227 3.02508 1408.51 0.683222 -0.0978186 2935.59 2942.43 0.482072 0.372748 0.707719 0.64596 159.131 2.19585 0.146858 3193.92 0.590971 0.0996691
1599.32 0.627256 1.50867 968.194 -0.566479 -1.82124 2954.49 2914.22 0.629744 0.523814 0.72995 0.698811 1.98402 -2.69864 0.485169 3366.4 0.693911 0.0996691
1391.69 1.24786 2.18947 1077.61 -0.0501383 -0.0102681 2828.97 3908.93 0.667436 0.561509 0.630538 0.770561 159.19 -2.94198 0.37759 3661.48 0.840332 0.0996691
532.476 -0.897616 -2.53929 449.553 -1.86083 3.04756 641.294 570.7 0.752767 0.770981 0.689315 0.813419 792.94 0.284726 0.00297961 1118.79 0.653052 0.0996691
1954.24 0.52142 -2.52238 1680.22 1.43782 0.252019 3979.15 3955.18 0.696256 0.543237 0.618798 0.74618 190.322 -2.88097 0.356656 5097.99 0.19279 0.0996691
2135.45 -0.712246 -2.72747 1159.14 0.54732 1.87227 3174.18 3199.47 0.260514 0.508402 0.758043 0.782376 1944.3 0.0447167 0.013831 4512.33 0.531777 -0.0996691
1127.09 -0.243374 1.53131 951.393 1.53732 -1.53443 2980.61 2164.82 0.849215 0.150512 0.530482 0.714293 9.68376 -2.1352 0.0805793 2281.18 0.94945 0.0996691
286.803 -1.24634 -2.5562 269.95 -1.40851 0.583364 571.636 519.861 0.533977 0.770827 0.871192 0.652028 21.5662 1.03575 0.437775 548.203 0.116091 0.0996691
1896.44 0.93841 3.0162 1514.14 -0.512336 0.494626 4291.61 4052.43 0.331735 0.523034 0.835288 0.684819 236.484 1.26843 0.548274 5776.16 0.952545 0.0996691
1707.45 -0.0579652 2.86025 1255.97 -0.684498 0.0878892 3078.46 2814.44 0.560381 0.416077 0.893355 0.752016 462.357 -2.49319 0.155589 3948.77 0.341738 -0.0996691
1542.64 0.528795 -2.61229 1468.97 -0.769672 -0.243146 3549.73 3459.82 0.392493 0.428888 0.785982 0.690507 361.871 -2.61468 0.00776601 4374.02 0.375005 0.0996691
1268.49 0.642906 1.65564 1235.69 -0.992964 -1.86607 3377.34 3144.18 0.282345 0.58759 0.606457 0.596323 20.0255 -1.07897 0.764238 2985.59 0.190746 0.0996691
726.946 1.41909 -1.17399 478.209 -1.32434 1.71184 2485.38 2336.51 0.694346 0.648625 0.652306 0.776002 159.466 1.62837 0.0419203 1410.16 0.303828 0.0996691
1675.73 0.559368 2.53624 1502.07 0.584896 -0.67558 3247.22 2824.44 0.583396 0.390772 0.624591 0.798935 33.7932 1.99726 0.534392 3486.75 0.667369 0.0996691
1513.58 -0.195977 2.36796 1375.12 -0.800841 -0.590266 3047.73 2917.91 0.688963 0.71378 0.688814 0.466145 162.404 -1.83908 0.0293657 3018.01 0.874094 0.0996691
1481.83 0.431339 -0.711926 857.128 1.53657 2.7253 2964.7 1963.46 0.484717 0.703221 0.48817 0.830858 24.0212 -0.365512 0.0314128 3280.2 0.145616 0.0996691
339.438 0.0335576 -0.687218 287.562 -0.186078 2.37964 654.169 520.832 0.777752 0.565116 0.790807 0.745332 25.9402 2.09432 0.260038 627.479 0.166955 0.0996691
531.028 -0.0628832 -0.918809 321.714 1.19887 2.39696 1082.14 625.679 0.247333 0.454225 0.777927 0.684655 130.926 2.36926 0.0254283 986.392 0.0638368 0.0996691
1438.97 -0.32338 -0.455771 463.266 0.943013 2.41804 1968.05 1981.95 0.565525 0.674135 0.68735 0.847601 601.53 2.55414 0.0104134 2408.23 0.784314 0.0996691
1308.55 -1.22088 -0.894741 851.124 0.749954 2.07682 3228.69 3228.04 0.820388 0.581356 0.696128 0.496394 113.415 2.51344 0.0275166 2546.8 0.567302 0.0996691
1529.22 0.746863 2.89314 1435.76 0.492912 -0.265893 3033.79 2956.82 0.357318 0.606218 0.778531 0.757092 70.8257 -0.376997 0.110221 3013.7 0.0640093 0.0996691
2552.79 0.263456 0.612364 1536.32 0.137222 -1.62689 3598.63 3611.77 0.19485 0.534743 0.866332 0.607608 1633.77 2.90545 0.137505 5246.24 0.773865 -0.0996691
318.921 0.105839 -0.574513 262.375 0.179038 2.56254 609.74 488.072 0.53168 0.740817 0.833492 0.792498 36.8713 -2.97247 0.0186393 563.129 0.828461 0.0996691
2128.64 0.384298 2.4264 1500.39 0.574559 0.121766 3537.72 2814.34 0.107713 0.423595 0.525461 0.552805 43.956 -1.90295 0.315353 5368.89 0.346171 -0.0996691
719.344 -1.4148 -2.58392 279.023 -2.06577 -0.217632 935.536 685.921 0.611897 0.527393 0.807814 0.772659 371.842 0.808022 0.111872 1430 0.677816 0.0996691
824.211 -0.173293 0.739686 784.577 2.44971 -2.41719 3218.47 3057.39 0.662182 0.505885 0.688603 0.748147 38.1297 -2.16435 0.297958 1621.54 0.809198 0.0996691
1150.22 -0.757747 0.406565 1129.31 0.702133 -2.75757 2929.69 2910.45 0.322016 0.709362 0.781762 0.762591 54.0743 -2.1175 0.327174 2478.35 0.963766 0.0996691
1624.84 0.31909 0.216406 1330.46 1.2197 2.91042 3199.63 3159.41 0.703283 0.537506 0.725772 0.405999 57.0858 2.35286 0.534654 4968.92 0.383475 -0.0996691
2339.56 -0.751424 2.57934 2027.61 -0.443738 -0.51594 4756.16 3222.91 0.19861 0.674621 0.800324 0.823056 100.167 2.12695 0.0230567 5015.52 0.761308 0.0996691
3256.25 0.145322 -2.69631 1211.87 -1.67573 0.563769 5772.81 5750.92 0.600577 0.470043 0.478342 0.608875 950.671 0.319171 0.0648404 5709.61 0.505911 0.0996691
2080.51 0.341173 2.06287 1390.14 -0.807566 -1.6983 4070.23 2980.38 0.242777 0.532151 0.858229 0.890276 815.839 -0.381758 0.015455 3948.32 0.336829 0.0996691
449.917 0.0225678 0.241874 321.371 -1.19768 3.10791 961.388 706.219 0.14438 0.844636 0.797001 0.837146 24.7803 -0.218182 0.403291 1003.16 0.208382 0.0996691
1543.57 -0.821246 2.57119 1440.86 -0.177607 -1.07119 3065.29 3077.44 0.657468 0.709972 0.756622 0.647987 224.405 0.646561 0.0537314 3530.35 0.688993 0.0996691
858.462 -1.67896 -2.87662 813.319 0.179109 0.399339 2458.59 2416.66 0.682074 0.691842 0.642533 0.829317 42.8985 0.22597 0.183326 1740.05 0.0860631 0.0996691
290.774 -0.970757 -2.93157 290.346 1.02371 0.181515 906.254 780.371 0.772915 0.638218 0.612243 0.66085 21.8931 1.11308 0.930427 582.871 0.126384 0.0996691
1831.54 0.802164 3.11711 1624.66 0.166694 -0.830033 3377.84 3376.67 0.56293 0.791051 0.708072 0.611389 224.616 1.79134 0.893225 6395.55 0.27385 -0.0996691
2092.29 -0.680526 -0.341125 1955.61 0.147423 -2.61316 4066.69 4084.5 0.406875 0.238716 0.687242 0.445829 102.637 2.07636 0.329156 6230.4 0.412795 0.0996691
293.821 1.81183 2.11792 282.538 0.0636887 -0.955716 840.494 743.63 0.728005 0.615483 0.753609 0.523399 7.4765 -2.5756 1.52892 549.218 0.99876 0.0996691
1819.98 -0.232722 -0.559125 759.168 -1.11084 -2.94603 2435.39 2469.66 0.358752 0.810981 0.731501 0.661771 897.23 -3.05037 0.104337 3949.91 0.530732 -0.0996691
1702.92 -0.225547 2.94654 1609.5 -0.339217 0.174737 3300.92 3224.15 0.586986 0.646685 0.850289 0.854026 10.2129 -1.07936 0.272074 4075.44 0.860753 0.0996691
1610.76 -0.0449234 2.91585 1502.4 0.333975 -0.183286 3261.45 2911.85 0.363472 0.241804 0.682173 0.777268 113.909 -0.896941 0.648971 3144.1 0.120535 0.0996691
792.237 -0.017687 -2.35752 476.028 2.37029 2.00475 2120.99 2013.7 0.824802 0.584021 0.767985 0.945024 505.447 0.184824 0.059937 1514.37 0.765241 0.0996691
1313.9 0.716767 2.85017 770.577 1.03557 -1.52231 1743.85 1513.82 0.470851 0.475118 0.67503 0.7149 163.317 -1.74612 0.220629 3552.47 0.429184 -0.0996691
3358.39 -0.398821 -2.8549 2823.31 0.0984222 0.570449 6331.75 6319.81 0.738371 0.677091 0.769978 0.668862 167.937 0.211011 0.151637 7996.28 0.987186 0.0996691
858.624 0.773643 -0.539498 712.393 -1.74883 2.46979 2998.45 2847.7 0.435541 0.571558 0.784278 0.703003 22.4882 2.76965 0.301233 1738.15 0.0946712 0.0996691
485.094 -1.83957 0.753972 286.705 0.108605 -2.64176 1149.14 1037.49 0.782695 0.723592 0.760405 0.721903 37.7844 -1.6593 0.15286 951.143 0.917096 0.0996691
333.565 0.628436 -2.01113 308.008 1.20619 1.17085 690.907 621.816 0.682496 0.719709 0.86141 0.752224 24.8341 0.714142 0.331779 610.316 0.868987 0.0996691
1772.73 -0.0746177 1.13368 829.172 1.30077 -2.20003 3024.4 3023.66 0.175776 0.6846 0.712033 0.691266 371.275 -1.76349 0.434431 3838.47 0.382334 0.0996691
515.19 0.0098371 2.5002 456.312 1.09595 -1.01506 1119.88 1037.66 0.636885 0.470082 0.51226 0.729307 29.9051 0.945936 0.868184 1103.12 0.870894 0.0996691
1743.37 0.333776 -2.3681 1181.49 -1.42826 0.0921734 3957.08 3966.57 0.31561 0.666571 0.765177 0.659312 48.1834 0.324008 0.233601 4045.24 0.380111 0.0996691
2204.68 0.963649 1.75965 1749.25 0.692207 -0.595295 3737.32 3157.65 0.15593 0.575258 0.697561 0.71329 178.685 -1.73028 0.616143 5470.78 0.474805 0.0996691
1784.65 0.267472 -0.000801525 1622.79 0.067166 2.93014 3460.64 3284.59 0.336553 0.445399 0.655266 0.687703 178.87 1.38216 0.381759 6230.22 0.783154 0.0996691
2127.98 -0.554154 -2.31942 1276.04 0.644951 2.01944 3454.87 3469.09 0.563973 0.714934 0.430718 0.693187 787.065 0.578372 0.0850241 5121.13 0.4634 0.0996691
317.848 -2.54886 -2.60549 298.159 -1.26509 0.569043 766.906 747.853 0.587396 0.789296 0.529942 0.721553 4.41029 -1.23129 1.37051 605.962 0.0516747 0.0996691
339.446 0.0156362 -1.64385 309.277 2.06695 1.45336 1037.13 944.635 0.750228 0.659048 0.721328 0.593074 4.34071 -3.10817 1.11798 666.904 0.984591 0.0996691
1446.89 -0.240769 -2.53789 423.292 -0.35448 0.815417 1586.47 1395.37 0.814996 0.623063 0.787132 0.739211 825.293 0.650274 0.0689954 2163.24 0.93536 0.0996691
979.253 0.296804 1.00436 783.08 -0.601587 -2.16821 1945.45 1916.1 0.482396 0.675172 0.840456 0.738852 207.104 -1.98901 0.190337 1767.27 0.124221 0.0996691
739.618 1.46163 -2.66589 691.305 0.185913 0.466974 1748.92 1698.92 0.623506 0.690917 0.754872 0.704089 43.8251 0.680931 0.176818 1430.27 0.912226 0.0996691
643.444 -0.547158 -2.08481 292.79 -0.654534 0.544115 873.559 392.439 0.784489 0.636601 0.759109 0.770567 459.912 0.48262 0.0942208 1373.21 0.176167 0.0996691
1373.22 0.171038 1.11767 1205.11 -0.0429623 -2.19172 2604.03 2591.5 0.467604 0.815821 0.64142 0.521707 109.156 2.57323 0.780369 4068.63 0.891985 -0.0996691
798.953 0.894942 2.81357 387.208 2.22756 -0.368145 1382.52 1293.17 0.64232 0.303876 0.82501 0.689913 400.452 -0.344181 0.128491 1207.87 0.406858 0.0996691
1348.1 0.281171 2.80537 1289.63 -0.994109 0.249225 3135.68 3038.74 0.393255 0.729599 0.50377 0.734071 161.183 -1.04266 0.458504 3277.86 0.129372 0.0996691
507.121 0.0414764 -3.07096 252.74 -0.866852 -0.19789 804.43 750.714 0.671923 0.719803 0.781452 0.900095 245.952 -0.212558 0.019375 872.72 0.365991 0.0996691
1916.07 0.0359167 -1.59454 1703.39 0.245951 1.6463 3641.88 3671.8 0.578855 0.379601 0.744764 0.827998 415.692 0.994017 0.149025 4460.97 0.188649 -0.0996691
399.055 2.43841 2.41887 273.406 1.59579 -0.705175 745.429 672.18 0.462962 0.738527 0.835709 0.781675 115.594 -0.73095 0.0790057 658.416 0.260183 0.0996691
1338.3 -0.134471 -2.99503 935.67 -0.609723 -0.278741 2344.61 2109.65 0.563657 0.503412 0.71917 0.559586 170.896 2.19646 0.193379 3014.19 0.954269 0.0996691
1615.91 -0.533161 0.111699 1508.7 -0.732869 3.02081 3136.27 3086.44 0.288203 0.420731 0.426816 0.401652 134.068 -2.28625 0.967842 4704.21 0.956652 -0.0996691
2542.14 -0.744113 1.72158 1909.38 0.334019 -1.72897 5034.88 5097.26 0.458451 0.514091 0.290235 0.392532 105.491 0.869712 0.592873 6146.61 0.661339 0.0996691
1841.21 0.278392 -0.419891 1467.23 -0.360908 2.84248 3460.49 3468.58 0.614366 0.639684 0.57732 0.442443 1027.17 -3.05222 0.0674596 4279 0.941076 0.0996691
1561 -0.160689 2.98115 1257.48 0.826682 -0.849488 3013.37 3047.62 0.599167 0.534759 0.603454 0.64674 42.321 -2.25427 1.04654 3960.41 0.521898 0.0996691
486.982 2.10587 -2.68063 276.477 -0.127769 0.803019 1245.32 1203.06 0.661722 0.731701 0.697138 0.801958 52.1274 0.0505288 0.0103246 959.416 0.490374 0.0996691
1237.38 0.194778 1.51873 1214.98 1.26638 -1.50738 2817.19 2843.77 0.739145 0.376006 0.678239 0.62971 34.2982 2.62425 0.969164 2613.39 0.943176 0.0996691
3444.61 -0.398312 1.7055 3296.09 0.258844 -1.28833 7131.43 7103.81 0.516298 0.136245 0.539489 0.780027 79.1495 -2.89621 0.578921 7743.16 0.983297 0.0996691
1968.1 0.640842 -1.57748 1580.37 -0.81279 2.54282 4210.92 4157.03 0.562113 0.670173 0.735791 0.646296 556.605 0.129918 0.0944291 5660.77 0.945633 -0.0996691
306.509 0.419725 1.85501 298.702 2.05967 -1.30654 832.576 762.918 0.700671 0.710094 0.811458 0.670757 29.5079 -1.00818 0.237866 597.413 0.07061 0.0996691
377.881 1.76093 3.07247 330.143 0.632189 -0.0734126 840.013 801.909 0.650781 0.544578 0.618267 0.673123 27.6358 1.09782 1.19081 685.566 0.0722812 0.0996691
545.143 -1.65324 2.71556 339.095 1.32776 -0.0841315 2004.17 1990.81 0.576437 0.293787 0.670315 0.795544 256.733 -0.751062 0.667186 922.438 0.274623 0.0996691
1449.63 -0.236504 0.0675489 1253.21 0.367785 -1.95496 2474.03 2391.69 0.85838 0.678266 0.456553 0.513824 321.514 -2.18163 0.206627 4661.68 0.309807 0.0996691
986.12 0.247357 -1.96732 839.846 -1.21335 1.05858 2351.86 1788.38 0.654884 0.516833 0.704347 0.674104 647.496 -2.03547 0.0466886 2662.02 0.118224 0.0996691
519.185 0.75192 -1.19962 443.741 -0.815849 1.90462 1291.54 1106.76 0.495805 0.462082 0.611339 0.676811 64.0931 2.31416 0.342214 962.885 0.576808 0.0996691
2091.72 -0.832777 2.11836 1607.38 -0.767181 -0.791055 3663.99 3648.43 0.347411 0.414915 0.794161 0.349689 224.808 -1.21257 0.183132 4972.54 0.963804 -0.0996691
1785.79 0.129328 -2.87271 1162.89 0.775599 2.14507 2030.82 1926.76 0.39944 0.222956 0.812328 0.703606 2194.98 -0.261244 0.168794 3258.15 0.66723 0.0996691
558.055 -2.04812 0.113966 320.616 0.740162 3.11905 1858.78 1575.64 0.56072 0.28129 0.677794 0.660897 144.82 2.97079 0.00848079 1029.66 0.620607 0.0996691
1736.77 0.122565 1.76002 1495.13 0.190777 -2.02923 3069.19 3084.53 0.803335 0.478915 0.643683 0.808395 693.285 -1.66078 0.211108 4731.76 0.828603 -0.0996691
683.306 0.292163 -1.23482 354.489 1.0559 2.3843 1115.79 756.663 0.219165 0.627004 0.748525 0.709017 13.266 0.843987 0.247736 1476.17 0.263815 0.0996691
1638.91 -0.478044 1.14802 1188.12 -0.493243 -1.88327 2807.89 2790.3 0.303929 0.692135 0.586193 0.735184 453.812 0.795403 0.163662 4296.85 0.925083 0.0996691
1869.6 -0.775087 2.70747 1761.55 0.75205 -0.189839 4722.1 4789.68 0.481214 0.811596 0.707435 0.789952 166.879 -3.08496 0.113997 5802.35 0.563925 0.0996691
829.201 -0.272892 2.31003 817.14 -0.2602 -0.857184 1665.24 1603.74 0.780658 0.806282 0.68398 0.742247 19.3675 0.0938837 0.389622 1659.75 0.305386 0.0996691
314.733 -0.118389 -0.955133 282.45 0.176128 2.1684 618.468 575.713 0.857273 0.624859 0.778358 0.711665 31.2404 2.60262 0.428679 587.952 0.0132473 0.0996691
1290.57 0.250909 -0.611203 842.458 -0.899745 2.59471 2461.73 2326.3 0.613943 0.485155 0.497525 0.641414 426.209 2.70002 0.126268 2289.11 0.276716 0.0996691
378.068 0.265403 0.725505 275.24 0.210664 -2.4351 663.771 635.556 0.541004 0.552981 0.652077 0.702533 100.591 -2.40394 0.0633073 660.118 0.181349 0.0996691
735.891 -1.10274 -1.31661 544.564 -0.841567 1.83135 1292.09 1251.98 0.81308 0.694491 0.653656 0.55284 226.055 1.75171 0.109044 1316.53 0.163419 0.0996691
1755.37 -0.0074504 1.78325 760.122 0.79742 -0.28064 2227.25 2141.23 0.65821 0.819443 0.680181 0.784356 1034.87 -1.6106 0.581807 3047.64 0.649631 0.0996691
693.642 0.0516043 0.587963 582.37 -0.421062 -2.40235 1314.25 1314.93 0.552368 0.338663 0.650788 0.785571 61.5357 2.53806 1.08526 1389.31 0.736204 0.0996691
438.6 0.0688886 0.0802163 271.995 -0.158631 -2.78511 709.495 628.302 0.658714 0.765851 0.659538 0.672208 64.9207 2.51835 0.395902 867.703 0.53791 0.0996691
370.936 -0.927966 1.27252 328.263 -0.380043 -1.90106 762.411 621.223 0.81979 0.726071 0.800908 0.786002 48.01 -1.7899 0.073966 677.342 0.205834 0.0996691
463.149 2.06131 0.240595 453.853 -0.762871 -2.95635 2015.28 1899.98 0.566086 0.62082 0.705449 0.774178 6.79463 -2.64978 0.285176 889.554 0.0539609 0.0996691
1860.71 -0.316056 2.0054 1172.92 -0.00879914 -1.48825 2964.66 2907.18 0.687021 0.753426 0.662695 0.75181 85.0073 -1.42976 0.0612106 3860.04 0.905792 0.0996691
494.39 1.20892 3.12475 393.686 1.44459 0.389438 909.036 732.129 0.504953 0.736242 0.727197 0.79848 202.336 3.05036 0.0938067 1264.23 0.286685 0.0996691
442.245 -1.04357 2.5027 393.086 1.26139 -0.470177 1472.59 1261.71 0.482829 0.759397 0.820462 0.747051 19.7275 -0.580736 0.0468823 1057.19 0.895512 0.0996691
253.646 0.214371 2.09412 252.182 0.328346 -1.02074 525.76 461.469 0.670341 0.686723 0.708759 0.780499 44.8754 -0.633901 0.42613 478.427 0.84584 0.0996691
2397.17 -0.244595 2.6861 2258.62 0.247295 -0.500443 4848.39 4658.47 0.510232 0.736719 0.724718 0.641216 384.628 -1.44301 0.405271 6581.96 0.198481 -0.0996691
1289.66 0.202559 3.10719 909.782 0.486695 0.412165 2236.93 1848.73 0.375603 0.796082 0.858922 0.855953 768.101 0.492112 0.0800628 3035.79 0.581841 0.0996691
2330.29 -0.153157 -2.58643 1210.41 0.22556 1.52637 3303.12 2336.01 0.194565 0.774467 0.776547 0.835425 1142.71 -0.104789 0.023201 4419.02 0.957564 0.0996691
2826.68 -0.709043 0.659354 1962.87 -0.406597 -2.10911 4983.39 3527.46 0.185683 0.510197 0.602945 0.444219 767.86 -2.87157 0.0154765 5480.94 0.702771 0.0996691
294.553 0.494861 2.28013 292.031 -1.85232 -0.946243 1054.91 962.187 0.618068 0.740136 0.627406 0.742222 23.9728 0.0607797 0.971709 583.425 0.809793 0.0996691
1158.95 0.595505 -2.64649 586.908 -0.233768 0.46243 1812.08 1798.63 0.577041 0.535994 0.695968 0.894707 200.778 0.291173 0.167827 2111.7 0.330968 0.0996691
315.179 1.16126 0.835518 252.243 0.556752 -2.27135 629.45 423.939 0.754604 0.721476 0.725052 0.774365 38.5875 -2.03006 0.0397032 540.098 0.753351 0.0996691
1933.72 -0.544999 -2.56555 1931.59 0.347089 0.586806 4511.91 2345.97 0.129601 0.0766725 0.854211 0.84893 33.8818 0.379214 0.117006 4103.1 0.0359177 0.0996691
2934.15 -0.164685 2.47715 2824.75 0.481966 -0.0530827 5863.23 5646.51 0.684722 0.34295 0.607848 0.767182 298.833 -2.44758 0.513721 7380.79 0.681148 0.0996691
1089.07 -0.902478 1.5988 499.452 1.03538 -1.45319 2244.26 2136.71 0.628404 0.735863 0.515825 0.756385 586.52 -1.34006 0.067 1724.88 0.420877 0.0996691
1413.9 1.45721 -1.23159 1166.97 -0.15598 1.40238 3407.64 3426.28 0.723648 0.455343 0.798881 0.719691 281.042 1.25722 0.146474 3537.22 0.878462 0.0996691
396.208 2.05907 1.96843 393.857 0.474715 -1.50835 1068.82 987.11 0.753199 0.78247 0.742153 0.762715 15.6425 -2.98999 1.28967 939.955 0.62324 0.0996691
1049.95 0.404001 -1.43255 799.873 -1.54228 1.84717 2789.13 2763.44 0.819698 0.647497 0.795373 0.774489 172.66 1.92887 0.0763819 2017.39 0.144947 0.0996691
431.51 0.843387 2.92115 289.87 1.54459 -0.0419421 761.072 733.334 0.566521 0.721779 0.689575 0.768055 17.0503 -0.974638 0.336768 841.178 0.545848 0.0996691
786.449 -0.476857 1.77111 726.238 -1.32887 -1.01142 1642.18 1618.55 0.745174 0.746541 0.752219 0.878744 278.432 -2.67715 1.65973 1498.36 0.176092 0.0996691
1172.34 1.07908 -1.82474 1006.79 -0.51611 1.21172 2924.54 2760.05 0.308059 0.543416 0.712151 0.665812 154.15 1.75552 0.163741 2201.05 0.862493 0.0996691
695.808 1.23759 -2.15659 650.143 1.96896 1.02637 1457.11 1412.05 0.707006 0.627796 0.767737 0.763852 37.9202 0.940012 0.0907865 1356.58 0.0303064 0.0996691
1640.59 -0.25188 -0.164112 1146.51 -1.99279 2.85381 3878.34 3817.88 0.707621 0.657796 0.825375 0.677882 68.0369 1.75541 0.212922 3682.32 0.305962 0.0996691
1563.87 -0.195631 -2.3687 1531.34 0.0819907 0.750135 3156.61 3041.05 0.434926 0.56963 0.476992 0.824049 43.0569 1.32719 0.549745 3147.09 0.0504398 0.0996691
2389.46 0.0474382 0.584275 2335.78 0.27728 2.93275 4402.47 4440.41 0.387209 0.386369 0.51529 0.797647 200.341 -0.0993475 0.564341 6930.55 0.983184 -0.0996691
368.057 -1.66406 -1.6403 329.279 -0.834482 1.23862 775.134 687.603 0.573807 0.697296 0.739737 0.59366 15.1934 -2.62168 0.971451 885.248 0.878234 0.0996691
1374.37 1.18856 1.63597 1229.37 -1.05053 -0.322309 4184.94 4102.36 0.685532 0.73454 0.725018 0.789428 99.1135 1.60395 0.0351756 4232.59 0.889209 0.0996691
1755.07 1.05383 1.5394 1156.05 -0.0409066 -1.27168 3382.32 2448.46 0.218955 0.536508 0.326297 0.741403 604.422 -2.01407 0.19783 3383.13 0.869284 0.0996691
1414.57 0.160913 1.35802 1387.85 0.179229 -1.8101 2824.44 2822.53 0.49137 0.778161 0.61813 0.620132 19.9256 0.106092 0.760245 2862.02 0.988647 0.0996691
1792.03 0.522125 0.319421 1322.08 -1.07196 2.33047 3802.17 3632.7 0.577477 0.874863 0.64358 0.765108 1588.01 -2.0583 0.0587958 3273.64 0.892681 0.0996691
316.31 -0.285543 -2.38335 310.509 -0.818512 0.828377 664.392 625.933 0.653299 0.713661 0.858693 0.681889 12.2857 -0.925239 1.46862 598.588 0.0431172 0.0996691
796.672 -1.57626 -0.735623 407.319 0.730767 2.28278 1995.38 1901.74 0.404025 0.691651 0.52381 0.834997 334.918 2.84047 0.55851 1349.82 0.355596 0.0996691
1572.38 -0.638137 0.344511 1281.27 0.418921 -1.97272 3086.48 2390.32 0.16283 0.621822 0.607136 0.740211 80.072 2.69394 0.203005 4127.96 0.277093 0.0996691
282.535 2.83933 0.922622 262.925 2.03224 -2.21946 625.413 466.46 0.765208 0.664618 0.790604 0.585983 24.2604 -2.5162 0.13538 532.629 0.291502 0.0996691
570.813 0.0954681 2.5195 438.565 0.0327717 -0.610214 1021.17 967.27 0.779387 0.573355 0.784616 0.695731 144.155 -0.668421 0.0331206 1011.09 0.173469 0.0996691
295.824 -1.20355 2.4984 289.423 -1.22463 -0.600802 614.19 486.59 0.646208 0.69171 0.684261 0.629184 20.282 0.445636 0.94559 576.197 0.936341 0.0996691
2069.76 -0.720163 1.99222 1827.29 1.00675 -1.17164 5457.84 5427.65 0.293638 0.712345 0.695349 0.829075 944.228 -2.03549 0.0202193 5305.34 0.576711 0.0996691
2675.72 0.66946 0.633189 2323.51 -0.57816 -2.74076 5993.48 5932.39 0.751376 0.642437 0.785842 0.738042 247.303 1.59182 0.639265 5932.51 0.945485 0.0996691
304.198 -1.30155 2.86134 271.338 -0.239615 -0.829276 656.626 608.139 0.800489 0.37861 0.675698 0.624506 31.8708 2.25823 0.595688 725.983 0.315878 0.0996691
284.816 -0.873732 2.42543 268.008 -0.71569 0.144182 522.416 471.449 0.609158 0.706009 0.647905 0.678833 42.9482 -1.89132 0.686604 927.866 0.772938 0.0996691
1893.46 -0.237735 -2.32031 1368.68 -1.37636 1.97747 3364.96 2573.53 0.527448 0.597735 0.745949 0.862132 67.0146 1.42078 0.449907 5598.68 0.983252 0.0996691
767.268 0.417814 -2.07315 646.973 0.425157 1.31282 1436.55 1335.53 0.627337 0.629392 0.757332 0.710699 123.145 1.55908 0.267365 1636.32 0.937149 0.0996691
343.462 2.65944 -3.11982 330.844 0.90021 0.0535178 989.204 891.549 0.176215 0.632126 0.584476 0.722649 21.8377 -0.0946047 0.127387 658.612 0.064186 0.0996691
1002.98 0.52239 -1.52226 973.279 -1.32589 1.57034 2901.87 2853.03 0.441641 0.455304 0.762921 0.744752 15.5743 1.9022 0.331562 2094.7 0.030421 0.0996691
466.934 1.26257 -1.64537 437.769 1.83693 1.52809 966.266 894.791 0.776571 0.796431 0.764318 0.745136 35.9985 1.77874 0.0619338 872.434 0.907625 0.0996691
1394.67 -1.16559 -1.52162 1382.64 -0.387579 1.53832 3076.97 2770.7 0.60386 0.617003 0.738154 0.718208 71.5063 -0.724685 0.799857 3607.49 0.903822 0.0996691
2141.5 -0.729257 -0.375844 1925.95 0.214993 2.29249 4580.2 3064.83 0.182333 0.369024 0.802853 0.453646 106.528 -1.59277 0.483997 5088.63 0.978396 -0.0996691
495.081 -0.187252 0.88606 482.335 -1.21624 -2.26623 1132.65 1051.57 0.693591 0.624026 0.823717 0.596447 11.7955 -1.49846 0.451321 981.67 0.0663616 0.0996691
1023.48 1.47786 2.00147 955.763 -0.350111 -0.994315 2873.47 2851.43 0.505312 0.58359 0.598438 0.878227 83.8801 -1.69361 0.701975 2061.9 0.0808459 0.0996691
1473.61 -0.249447 -2.94246 1124.81 1.57773 -1.94778 2968.24 2989.04 0.151637 0.651165 0.841763 0.856079 769.519 0.273605 0.0729721 4359.22 0.372161 0.0996691
1875.33 -0.667563 -2.04353 1752.66 -0.22615 0.323084 3468.79 3484.54 0.526099 0.412096 0.792584 0.227849 192.275 -2.43396 0.388218 5125.14 0.377805 0.0996691
1373.55 0.0381896 -1.80977 678.409 -0.397752 1.28984 2055.61 1703.29 0.248545 0.740009 0.680142 0.704141 698.259 1.27752 0.00922024 2166.46 0.253225 0.0996691
2710.82 0.262184 -2.34607 1642.14 0.275906 1.28987 4176.47 4042.43 0.31135 0.517549 0.715925 0.373306 297.734 0.919196 0.368787 5774.03 0.926491 0.0996691
704.293 -0.596617 1.96713 469.044 -0.75207 -1.12323 1199.26 1035.83 0.553884 0.724533 0.681477 0.814146 234.584 -1.19674 0.0724944 1172.66 0.180971 0.0996691
1615.56 0.638819 -0.59692 1412.6 0.53791 2.92542 3084.8 2678.34 0.286458 0.798076 0.709018 0.778471 129.739 0.401193 0.866348 3696.59 0.953469 0.0996691
2915.62 -0.399089 -0.967646 1861.14 0.190055 2.80998 4778.44 3926.39 0.39411 0.187471 0.645267 0.289302 488.046 2.5817 0.0853822 6476.17 0.904532 0.0996691
1889.02 -0.218792 -1.31604 1421.36 -0.336073 2.64278 3216.26 2808.37 0.425016 0.203065 0.676628 0.509419 163.144 0.917084 0.0767295 4806.04 0.38875 0.0996691
318.49 0.817312 2.82034 278.104 1.81412 -0.242159 770.142 472.967 0.514058 0.704924 0.825684 0.859463 32.5004 -0.522183 0.122334 602.085 0.728721 0.0996691
1023.35 -1.24921 3.08818 653.181 0.436196 -0.197838 2261.91 2245.36 0.863228 0.702661 0.709405 0.765941 365.32 -0.125146 0.0810959 1962.15 0.229678 0.0996691
1763.24 0.0733162 -2.11789 916.467 0.513328 1.12544 2632.79 2630.4 0.42025 0.723661 0.602039 0.743593 451.701 1.01374 0.1192 3077.34 0.326772 0.0996691
1461.65 0.926932 -2.60161 1168.61 0.178638 0.588799 2822.98 2788.18 0.651849 0.501005 0.665435 0.712546 281.227 0.324714 0.251918 2633.37 0.108075 0.0996691
2487.84 0.361606 -0.508086 1790.71 -0.820902 1.9237 4832.2 4799.24 0.394856 0.777708 0.61501 0.602614 115.739 -0.934947 0.427181 6026.52 0.381628 -0.0996691
2458.86 -0.374514 -1.4101 1525.31 1.14071 1.87324 5051.55 5086.56 0.324806 0.297549 0.57274 0.695862 359.742 2.06665 0.191797 5146.59 0.246387 0.0996691
816.05 0.224368 2.42131 804.464 1.07126 -0.766879 1795.89 1743.46 0.868805 0.501887 0.793717 0.824541 39.3885 0.59113 1.36181 1608.1 0.943861 0.0996691
1472.36 -1.02748 -2.57207 976.013 1.82722 -0.769163 5071.97 5125.47 0.19819 0.488824 0.485639 0.482182 330.451 0.916477 0.244972 4545.81 0.490438 0.0996691
2025.31 0.0236546 2.11208 2005.47 0.486544 -1.02281 4212.08 2959.35 0.904017 0.364466 0.917294 0.691803 60.0228 -2.36913 0.832754 4150.27 0.588149 0.0996691
1556.28 0.747833 3.14031 1523.38 0.398566 -0.758177 2922.43 2947.46 0.55826 0.608243 0.609492 0.806857 603.455 0.688412 0.205525 3925.28 0.80314 0.0996691
2149.5 0.0311536 0.0323287 1883.25 -0.652025 -3.05263 4468.33 3311.27 0.303163 0.22278 0.789438 0.906119 287.318 2.88945 0.119508 4226.34 0.457581 0.0996691
1828.03 1.05364 -1.31346 772.394 -1.67501 2.36847 4924.66 4859.25 0.633102 0.354794 0.531803 0.717194 1036.86 1.23086 0.0551715 3254.37 0.677711 0.0996691
2193.49 0.207317 -1.99507 2026.59 0.339729 1.93708 4210.35 3413.6 0.147238 0.555493 0.804974 0.611571 150.288 2.78916 0.823938 6066.55 0.571412 0.0996691
1691.02 0.448575 -1.00058 1511.52 -0.0102269 2.13389 3426.86 2943.71 0.599864 0.27384 0.71024 0.550432 171.987 2.23172 0.201771 3262.46 0.187815 0.0996691
1398.96 -0.83782 0.661221 1094.32 -0.383094 -2.39616 2563.72 2510.49 0.584958 0.591277 0.778929 0.720382 105.286 -2.13535 0.268334 2724.08 0.124402 0.0996691
456.898 -0.339009 -0.0902113 440.954 0.742718 3.01277 1061.79 816.253 0.417447 0.644505 0.829408 0.759799 16.3669 -0.280318 0.0155623 901.793 0.180849 0.0996691
3078.67 0.833988 -2.39975 2469.53 -0.397329 0.763632 6801.89 4477.13 0.156229 0.281107 0.612325 0.750469 620.741 0.627261 0.125195 5620.1 0.189319 0.0996691
1433.46 -1.24808 -2.70616 1395.89 0.636354 0.423315 4192.79 4220.08 0.315312 0.489217 0.786046 0.631337 35.4747 -2.95974 0.252796 4248.49 0.0183796 0.0996691
1677.23 -0.640624 2.13906 1465.21 1.28057 -2.18221 4369.84 4382.55 0.620236 0.825845 0.776051 0.665074 386.151 0.151045 0.240778 4556.56 0.517387 -0.0996691
2202.12 -0.744877 2.9099 1923.56 -0.139901 -1.25468 3813.85 3856.04 0.256766 0.314943 0.546979 0.606313 925.622 0.488578 0.0917406 5336.89 0.867006 0.0996691
1658.22 0.356899 2.69568 1602.04 1.00686 -0.74752 3418.63 3411.74 0.411508 0.86437 0.82257 0.824279 381.285 2.44854 0.252028 5695.28 0.156488 0.0996691
2410.5 0.579005 2.54435 1320.32 0.319287 -1.96936 2815.83 2827.41 0.150582 0.525646 0.722397 0.694291 259.569 -0.765647 0.522472 6198.77 0.513098 0.0996691
1502.39 0.129481 -0.586714 1101.19 -0.37744 2.39085 2669.92 2622.28 0.307205 0.600357 0.768033 0.66434 291.001 2.3236 0.0357218 2917.46 0.198256 0.0996691
2224.02 0.484338 -1.38833 1386.26 -0.421421 2.98008 3330.18 3297.85 0.363483 0.621841 0.620118 0.547373 857.538 1.35606 0.399805 5019.45 0.449998 0.0996691
846.274 0.307811 0.409535 841.895 0.320635 -2.71182 1708 1671.29 0.737528 0.750198 0.704832 0.805353 10.8516 2.3822 1.19087 1666.24 0.0220002 0.0996691
842.457 0.245286 1.12495 763.732 -0.639239 -1.98418 1813.3 1684.91 0.28839 0.375587 0.733222 0.510247 70.841 -2.47772 0.49294 1631.76 0.0626389 0.0996691
1302.71 -0.0430192 0.0349064 304.699 -1.38868 2.85642 1589.09 1136.48 0.823968 0.415857 0.827067 0.736091 898.975 -2.93363 0.0163898 1943.77 0.799693 0.0996691
838.962 0.385032 1.57923 785.929 0.267163 -1.17885 1672.37 1303.02 0.130674 0.827912 0.938915 0.756546 28.7169 1.38255 0.00482225 2361.07 0.311513 0.0996691
579.329 -1.62565 0.703652 376.381 -1.77094 -2.39284 960.952 861.71 0.709192 0.743415 0.679063 0.823355 207.821 -2.49599 0.133636 931.725 0.247864 0.0996691
1999.24 -0.128729 0.0775361 1954.43 0.761143 -2.99493 4364.81 4408.04 0.411805 0.577616 0.72499 0.776651 108.467 2.15525 0.411862 4046.85 0.978838 0.0996691
309.798 -0.404351 -0.687345 309.764 1.19918 2.42166 869.872 663.566 0.708262 0.830865 0.737347 0.773306 3.34742 -0.116702 0.373879 603.282 0.160178 0.0996691
2676.23 -0.372448 2.84968 1846.34 0.953003 0.0119514 5630.43 4722.35 0.131429 0.731207 0.838925 0.73961 139.468 2.72641 0.1356 5819.27 0.829786 0.0996691
320.907 0.615278 1.38952 292.32 1.46472 -1.70673 686.365 603.412 0.696735 0.816822 0.798435 0.722559 19.8433 -1.85673 0.173944 578.057 0.0923858 0.0996691
891.408 0.747869 -2.65615 874.644 -0.0638 0.411153 1935.04 1893.44 0.66764 0.843342 0.745547 0.701651 34.604 1.81236 0.125052 1777.89 0.947169 0.0996691
1256.87 -0.37555 -0.416954 550.106 1.77768 1.83784 2644.05 2609.41 0.686219 0.609276 0.726631 0.656138 480.993 3.08891 0.0208752 2691.02 0.56127 0.0996691
2709.53 -0.320114 2.16859 1766.16 0.598207 -0.451839 5022.62 3812.47 0.131142 0.564298 0.514609 0.510723 188.184 2.44084 0.07973 6413.37 0.105655 0.0996691
925.591 -0.562038 -2.45091 554.552 1.44544 0.312241 2208.61 2149.85 0.537952 0.791015 0.556544 0.840143 441.221 1.04542 0.759731 1525.75 0.337002 0.0996691
623.494 1.35934 0.461094 469.503 -0.496179 -2.65203 1657.43 1163.98 0.478142 0.360536 0.515439 0.639695 50.1483 2.51784 0.867527 1260.25 0.975934 0.0996691
2031.51 -0.0388892 2.61226 1298.52 0.168511 -0.416648 3329.38 2880.66 0.819647 0.242592 0.875019 0.554071 1093.49 -0.186206 0.0756598 3914.79 0.732497 0.0996691
1487.73 -1.13096 0.0333986 1072.68 1.01065 2.50382 4056.47 4027.84 0.57757 0.652801 0.846971 0.775717 115.592 -1.301 0.603456 3500.19 0.715386 0.0996691
1540 -0.0477269 3.08298 1373.09 0.663728 -0.0536937 3147.32 3074.09 0.35049 0.456787 0.74667 0.728123 71.973 -0.319622 0.243842 3003.04 0.0816119 0.0996691
1815.8 -0.130724 0.956149 1138.59 0.850913 -1.58133 3122.7 3155.19 0.499662 0.583132 0.686901 0.696595 156.694 -2.34046 0.568083 4073.04 0.444257 0.0996691
1986.59 0.146806 0.994478 1133.8 -0.716925 -2.47887 3298.25 3086.07 0.432458 0.376523 0.760297 0.563538 981.738 -1.78263 0.0716885 3170.58 0.896326 0.0996691
1848.21 -0.541779 -1.13638 1426.31 0.364289 2.00068 3606.3 3585.27 0.739373 0.744619 0.905234 0.659413 362.038 1.99301 0.00254142 3341.51 0.142719 0.0996691
516.821 0.0493474 -0.591438 408.525 -0.180435 2.75503 940.761 862 0.660184 0.663717 0.833403 0.584283 132.834 2.16994 0.395442 923.769 0.915489 0.0996691
1951.3 -0.572714 -2.60745 1850.62 -0.30664 0.798361 4040.17 2839.21 0.156742 0.528223 0.834275 0.642017 121.92 -1.94169 0.455352 4344.47 0.279308 -0.0996691
3376.29 0.290873 -2.2655 866.578 -0.253852 0.79973 3835.61 3141.17 0.193711 0.741658 0.530335 0.736117 2499.76 0.898168 0.125097 4301.87 0.0662186 -0.0996691
3306.04 0.226424 0.798117 2059.05 0.562204 -3.02256 5133.95 4726.1 0.268162 0.135613 0.803116 0.287912 1460.92 -1.47987 0.0701053 6351.77 0.825024 0.0996691
1339.64 0.581489 -1.99356 1221.39 0.32743 1.4135 2573.26 2541.49 0.762618 0.841388 0.857067 0.695472 398.766 1.47029 0.0583619 3192 0.138956 0.0996691
314.482 -2.37108 -1.66994 305.362 -2.61264 1.51688 667.45 428.198 0.857264 0.271466 0.771366 0.691493 14.6983 1.08105 0.0689994 602.912 0.293388 0.0996691
600.023 1.48572 0.564684 458.222 -0.258477 -2.56828 1487.38 1417.32 0.623501 0.681857 0.819138 0.679031 139.914 -2.40421 0.165851 1084.3 0.159275 0.0996691
1626.33 0.678854 -1.65667 1049.47 -0.595213 1.604 3181.83 3055.29 0.0822412 0.462885 0.907232 0.785054 441.978 1.27206 0.0984442 2861.83 0.84095 0.0996691
1661.03 -0.565178 2.52009 1192.06 -0.359352 0.109141 2668.55 2631.58 0.690294 0.478122 0.590023 0.779981 330.15 0.223738 0.115619 4532.37 0.406747 0.0996691
576.698 -1.76064 1.59365 526.41 -1.80689 -1.50886 1126.58 1046.24 0.775675 0.867746 0.670904 0.797877 54.7643 -2.17301 0.652743 1067.65 0.0690442 0.0996691
2561.6 0.073999 -1.15862 2078.1 0.884339 1.65899 4957.06 5002.7 0.513067 0.668377 0.757628 0.636232 1026.12 -1.2272 0.0665537 6802.66 0.237814 0.0996691
2365.17 0.402244 -0.793905 2135.65 -0.551454 1.51489 4803.47 3805.86 0.447081 0.588684 0.618754 0.592862 299.568 1.18347 0.141358 6671.17 0.967277 -0.0996691
602.796 1.33565 2.71386 522.246 1.19834 -0.441714 1134.68 1114.9 0.644773 0.792588 0.601742 0.712255 95.88 -0.208425 0.215354 1137.42 0.921583 0.0996691
369.12 -1.31693 0.956068 305.581 0.0775109 -2.28598 856.742 806.279 0.610183 0.763041 0.720703 0.788049 41.0388 -1.62073 0.336721 663.268 0.891675 0.0996691
1987.32 0.462083 0.151499 1285.8 -0.540821 -2.21055 3423.13 3380.19 0.532369 0.406321 0.458503 0.688944 2041.3 2.01499 0.118938 4586.63 0.405935 0.0996691
2024.75 -1.07984 0.297168 1808.28 0.143924 -2.8963 4582.73 4618.04 0.72124 0.54968 0.688316 0.840435 875.29 -2.35967 0.417455 4634.45 0.880169 0.0996691
1096.15 1.0774 2.92382 1007.55 1.37232 0.0831245 2106.05 2123.91 0.514944 0.713076 0.571083 0.710413 604.808 -1.68523 0.426117 2890.65 0.461238 0.0996691
1303.67 -0.961749 2.45677 835.401 0.647533 -1.06057 2778.89 2796.43 0.388361 0.796497 0.662137 0.780017 164.881 -1.26333 0.202339 2721.12 0.290216 0.0996691
2346.17 -0.764237 1.40892 562.017 1.8246 -0.353312 4264.83 4310.09 0.46042 0.730928 0.733842 0.595174 1886.95 -2.04648 0.449667 3366.97 0.698074 -0.0996691
1564.06 0.141501 2.03253 761.487 -0.461942 -0.852814 2343.6 2056.96 0.512363 0.312289 0.73172 0.856303 1181.75 -1.72238 0.152335 3077.82 0.515363 0.0996691
512.716 0.185478 -2.00968 498.437 1.08986 1.15791 1131.76 1096.87 0.449172 0.741388 0.558906 0.763902 15.4821 1.34472 0.149745 1016.27 0.0525439 0.0996691
1119.63 0.789977 -1.56125 753.42 -1.36817 1.81636 3035.07 2868.22 0.543413 0.530089 0.522029 0.412515 106.638 1.41679 0.354609 2206.94 0.576818 0.0996691
1983.36 -0.202984 -2.33749 1785.8 -0.398172 1.2686 3696.65 3712.15 0.702606 0.392974 0.782081 0.428406 582.772 1.40574 0.108392 5173.96 0.900911 0.0996691
2082.13 0.442823 0.314954 1962.1 -0.0725754 -2.17277 4000.78 3937.37 0.547858 0.289418 0.29825 0.630157 1114.87 1.3898 0.375005 5192.77 0.908846 0.0996691
1358.77 -1.00235 0.789803 1262.52 0.124116 -2.1516 3051.49 3064.71 0.515678 0.1731 0.58768 0.67076 51.2444 -0.233486 1.01953 2983.41 0.952427 0.0996691
1323.48 -0.744242 -2.59777 388.264 -1.67759 0.623259 1674.23 1466.68 0.766023 0.784511 0.598707 0.798822 1021.86 0.693018 0.0826283 1958.03 0.553295 0.0996691
1041.65 -0.887588 2.01431 959.208 0.614928 -0.995755 2612.72 2505.45 0.737596 0.528487 0.6919 0.853248 16.1081 -2.16824 0.0894575 2875.69 0.600754 0.0996691
728.882 -2.2767 0.643173 456.953 -0.321566 -2.16291 1753.54 1743.99 0.221673 0.707437 0.409872 0.742963 78.3657 -1.25446 0.899153 1534.43 0.861515 0.0996691
375.25 1.60136 -0.481238 255.639 -0.248696 2.12223 908.206 843.418 0.652303 0.810968 0.698195 0.862859 22.4749 2.88241 0.565292 791.174 0.514297 0.0996691
2745.57 -0.374438 -2.54645 2273.46 -0.243886 0.937201 5263.87 4067.61 0.0597355 0.623628 0.494849 0.646085 169.216 -2.47913 0.364891 6435.28 0.322316 0.0996691
1505.36 -0.44072 -3.09857 1500.09 -0.154112 -0.0982827 3098.3 2978.98 0.629414 0.189586 0.458322 0.703523 105.926 0.694018 0.79256 3215.04 0.104149 0.0996691
285.993 0.240105 2.38685 268.969 2.01511 -0.753269 803.05 730.108 0.771222 0.594335 0.831492 0.810107 13.0791 0.95037 1.43804 515.989 0.0150489 0.0996691
1568.59 -0.224194 2.68113 1351.24 0.862663 0.109626 3270.61 3246.65 0.448537 0.598365 0.711964 0.607292 290.925 0.10439 0.00370281 4142.78 0.456314 0.0996691
1274.19 -0.0269142 -0.443311 638.948 0.22648 3.05998 1871.95 1999.9 0.686105 0.380775 0.578932 0.721271 1065.79 2.31556 0.550354 2704.65 0.787183 -0.0996691
2445.31 -0.690447 1.88876 2026.51 -0.720273 -0.618029 4415.75 3240.85 0.197946 0.15931 0.766383 0.418613 130.844 -2.69264 0.49503 5877.37 0.718517 0.0996691
925.183 -1.57428 1.60628 911.434 -0.830056 -1.49488 1976.57 1984.13 0.699659 0.763344 0.883118 0.769126 39.3609 -2.70184 1.20614 1847.92 0.0222467 0.0996691
1336.32 0.0229791 1.99783 823.434 -1.48563 -1.65478 2693.57 2671.4 0.756712 0.743769 0.727381 0.846528 487.151 -0.619807 0.196462 2381.73 0.769006 0.0996691
382.431 -0.931845 1.72193 376.433 -1.63194 -0.983913 817.34 693.102 0.127373 0.758373 0.718472 0.652026 13.203 2.49064 0.622151 938.966 0.223373 0.0996691
961.864 1.4263 -2.46081 640.901 1.31554 1.41423 1499.43 1426.53 0.659733 0.652783 0.870736 0.727449 117.625 0.0634161 0.138597 2127.6 0.439988 0.0996691
1393.13 -0.472276 1.03117 1328.47 -0.591436 -1.67148 2707.49 2608.31 0.634009 0.791592 0.545619 0.799848 288.347 -1.63259 0.0305623 3400.32 0.228866 0.0996691
666.622 0.856844 1.81057 402.755 0.933805 -0.449943 950.64 931.74 0.39282 0.587819 0.763162 0.812809 188.573 -2.14426 0.235256 1398.46 0.431565 0.0996691
1860.29 0.553318 0.794375 1795.17 -0.980374 -2.56393 4863.54 4171.13 0.161846 0.104837 0.708629 0.793827 46.5866 -1.88136 0.477601 4178.45 0.212225 -0.0996691
519.598 -1.99104 -0.00908858 260.67 0.202353 -2.78669 1250.93 2493.95 0.355806 0.679685 0.537016 0.6558 24.363 2.35742 0.127012 1051.75 0.893472 0.0996691
1527.54 -0.43788 0.42074 924.312 -0.271514 -3.05041 2372.31 2344.06 0.186048 0.697659 0.875307 0.838057 459.017 3.13187 0.0852252 2958.27 0.31088 0.0996691
1088.57 -1.07078 1.54764 867.738 0.726321 -2.18429 2734.18 2739.11 0.613119 0.31643 0.675191 0.932506 222.281 -2.74541 0.565043 2725.29 0.69087 0.0996691
369.538 -0.259927 2.7445 305.31 -1.10733 -0.361241 752.821 662.81 0.767557 0.735709 0.765131 0.75734 70.3967 -0.777045 0.0348231 647.665 0.861087 0.0996691
1558.49 -1.37418 0.459255 1269.23 0.112549 1.80052 2912.92 2846.64 0.463401 0.493281 0.587112 0.774101 1801.29 -2.09056 0.0345275 3977.55 0.395078 0.0996691
636.856 0.66069 -1.28879 631.906 1.26199 1.83974 1354.13 1248.1 0.715626 0.704797 0.736382 0.651888 19.2619 -1.14222 0.17257 1274.2 0.0176163 0.0996691
362.008 1.3029 0.0834446 340.656 2.69886 3.09589 896.849 751.138 0.588416 0.56169 0.931802 0.697858 15.1725 -2.19991 0.728214 680.953 0.652737 0.0996691
1143.02 0.879277 2.84312 1026.75 -0.948939 0.155091 3107.2 3121.97 0.869298 0.665533 0.694905 0.784901 164.715 -0.969027 0.589816 2555.44 0.722481 0.0996691
553.298 1.94817 -0.748502 296.336 -0.441691 1.95376 1472 1406.24 0.560302 0.602318 0.792922 0.705113 30.3498 2.64163 0.199834 1163.02 0.90937 0.0996691
1846.97 0.537348 -0.843877 1185.16 -0.536339 2.42658 3452.59 3351.18 0.221723 0.736531 0.816559 0.741024 452.824 2.43369 0.0434096 3381.57 0.262351 0.0996691
350.268 -0.0701564 -2.84833 315.577 1.58296 0.430693 913.386 893.184 0.678533 0.596217 0.682455 0.776736 27.1397 0.285956 0.0517465 1129.23 0.723406 0.0996691
706.03 0.464242 0.993657 573.281 -1.44217 -2.08329 1938.25 1389.27 0.30051 0.324066 0.818138 0.671843 147.861 -2.55116 0.439731 1399.09 0.83725 0.0996691
987.845 -1.57441 0.851383 807.936 1.61573 -2.49058 4606.34 3057.58 0.27421 0.62103 0.54935 0.850698 218.483 -1.55368 0.0712211 1839.93 0.880224 0.0996691
2028.29 -0.270486 -1.44694 377.791 -0.435019 1.61556 1855.02 1237.28 0.716623 0.371601 0.57852 0.733279 1642.08 1.71472 0.143444 2438.6 0.833149 0.0996691
602.406 1.63968 1.89545 264.914 0.25452 -1.20539 1027.68 916.899 0.646518 0.552338 0.818033 0.606758 341.572 -1.29207 0.0284424 864.218 0.453409 0.0996691
946.09 -1.59147 2.11369 793.297 1.09301 -1.2236 3589.21 2730.97 0.319774 0.602644 0.694333 0.720271 199.266 -0.221106 0.94965 1755.18 0.112873 0.0996691
902.803 -0.538182 0.745491 803.963 1.89212 -2.05487 3141.72 2991.28 0.688356 0.590182 0.63221 0.421363 61.3966 -2.47091 0.427668 2018.14 0.150848 0.0996691
1698.79 0.217218 1.83732 829.878 -0.996967 -1.2629 2846.14 2800.45 0.708343 0.671203 0.88816 0.675692 627.364 -1.20522 0.0538802 2898.79 0.338077 0.0996691
2294.15 0.734452 1.63113 2217.01 0.285473 -1.59119 4656.98 4695.74 0.493533 0.410451 0.557584 0.190097 85.3998 -0.732154 0.819349 4834.52 0.977888 0.0996691
320.301 -1.462 0.604362 251.482 -2.129 -2.59056 611.353 580.572 0.744538 0.81263 0.757509 0.592446 73.4124 -2.33281 0.243881 569.839 0.112915 0.0996691
1073.68 -0.191464 -0.812 796.946 -0.121121 -2.02051 1159.16 929.819 0.386998 0.387657 0.669848 0.689912 1304.82 1.78607 0.181662 2524.68 0.58481 0.0996691
1224.39 -1.17921 -2.40108 1168.07 0.147427 1.47369 2936.18 1709.73 0.603001 0.218221 0.764735 0.789289 448.933 1.10177 0.0929161 4647.9 0.238372 -0.0996691
2443.57 1.16084 2.92458 1016.34 -0.609364 -2.48438 3442.36 3485.54 0.614293 0.33867 0.693321 0.557649 1735.95 0.0528201 0.0663165 5016.97 0.580112 -0.0996691
1670.29 -0.50629 -2.18042 595.619 -1.06453 0.469581 2076.49 1759.34 0.232279 0.559509 0.87764 0.853184 1194.1 1.20487 0.0140916 2272.47 0.892453 0.0996691
3201.7 -0.369766 -0.282662 1339.39 1.03409 2.93275 5238.82 5061.66 0.627608 0.470128 0.71054 0.764442 683.954 2.88305 0.0241909 5835.09 0.458599 0.0996691
1400.51 0.699959 1.52508 992.458 -1.55223 -1.53886 4032.62 3926.55 0.613447 0.515802 0.747026 0.547654 504.922 1.84104 0.31468 3280.12 0.290453 -0.0996691
1933.68 0.543303 -2.33117 1540.04 0.197582 1.42799 3433.84 2989.79 0.684427 0.417379 0.856101 0.808535 147.548 0.0678235 0.651898 4964.24 0.976978 0.0996691
364.321 0.989646 2.07227 359.065 -1.42689 -1.12018 1329.5 1207.97 0.683155 0.781271 0.722957 0.797243 15.487 0.183341 1.30248 702.889 0.833319 0.0996691
2149.89 -0.486284 0.953517 1935.49 0.268647 -1.29667 4239.69 3171.66 0.167724 0.339249 0.785228 0.707122 154.036 2.79183 0.0438042 5757.12 0.982069 0.0996691
397.08 -1.48254 -0.546009 337.3 1.68149 2.56114 1868.21 1538.74 0.682657 0.739752 0.802406 0.806525 67.2119 2.70959 0.136679 713.945 0.218233 0.0996691
594.632 -0.583693 1.03256 534.605 1.71279 -2.39628 1968.92 1905.82 0.779134 0.632286 0.824227 0.929185 272.001 -2.48197 0.0859454 1464.07 0.925449 0.0996691
1481.46 1.08501 1.83394 1320.42 0.264024 -1.18384 3054.81 3022.68 0.19605 0.654673 0.762291 0.72232 81.5521 0.0759256 1.16074 3085.12 0.961845 0.0996691
2658.37 1.03098 -0.538159 1813.56 0.211497 1.98894 4806.63 3402.12 0.153289 0.377209 0.690593 0.603934 1070.24 -2.93933 0.0749915 5063.23 0.923488 0.0996691
832.341 -0.563636 1.49219 628.687 -0.678351 -1.41888 1498.11 1269.32 0.773539 0.480073 0.822347 0.63738 103.776 -1.89778 0.402415 1727.9 0.696401 0.0996691
1506.33 1.53763 0.287295 1358.86 0.652095 -2.6848 3160.2 3159.65 0.270248 0.441473 0.494132 0.836227 96.27 -3.0311 0.349217 5259.46 0.104708 0.0996691
806.45 -0.969442 1.24992 635.337 0.648052 -1.97403 1964.84 1551.59 0.729301 0.448093 0.675482 0.659071 94.9981 1.49246 0.217887 1878.18 0.576068 0.0996691
1464.22 0.0063657 -2.49394 551.462 -0.0502786 0.83975 1808.47 1765.14 0.428841 0.686194 0.540538 0.737042 1026.63 0.775605 0.0322543 2299.79 0.481716 0.0996691
1465.87 -0.456671 -1.66476 1094.94 0.528397 1.29319 3000.77 2234.72 0.170855 0.264735 0.417771 0.919383 310.521 1.58366 0.121157 2785.97 0.238305 0.0996691
2246.52 -0.244293 -1.3144 611.462 1.49046 3.08102 3007.92 2573.86 0.581668 0.348885 0.334593 0.579772 1729.34 1.55493 0.00305545 3316.15 0.698779 0.0996691
2267.26 0.518612 -0.736877 1923.69 0.167204 1.38628 3732.56 3780.01 0.722646 0.597085 0.600878 0.561245 591.483 3.05802 0.02459 5843.62 0.568891 0.0996691
1963.41 0.10955 -3.08723 1417.66 -0.501627 0.218094 3591.01 3031.69 0.255478 0.482555 0.605132 0.779579 512.104 -0.334766 0.0314109 3547.92 0.927281 0.0996691
1367.21 0.530342 -2.57853 1352.08 -0.370504 0.451632 3012.07 2978.01 0.472834 0.525447 0.781835 0.685546 130.466 2.04885 1.60054 2710.44 0.0560898 0.0996691
2147.13 -0.576394 2.43084 1699.85 1.53834 -0.0929748 6076.58 6044.9 0.655599 0.889208 0.63274 0.744506 84.8666 -1.98188 0.205354 5120.53 0.769256 0.0996691
1081.53 1.08871 0.883386 900.976 -2.28841 -2.24215 5530.99 5500.29 0.412991 0.84877 0.669802 0.658712 47.3225 1.3261 0.442134 2222.74 0.676507 0.0996691
360.486 0.638074 1.90478 355.732 2.51218 -1.34069 1073.47 1022.71 0.808143 0.466504 0.796746 0.557478 24.7072 0.0547898 1.39029 688.383 0.0339203 0.0996691
935.514 -1.58398 0.450663 251.759 -1.07704 -2.66475 1022.2 996.657 0.781873 0.854272 0.768963 0.723689 481.36 -2.68208 0.0142984 1502.09 0.58094 0.0996691
1204.2 1.31334 -0.0473509 1142.98 -0.0600684 3.0243 2959.64 2875.71 0.704453 0.622478 0.879925 0.811551 72.5899 -2.15034 0.467558 2393.44 0.956573 0.0996691
3173.44 -0.495934 -3.02383 1009 0.934368 0.309154 4576.22 4203.09 0.401821 0.771444 0.182018 0.94679 1676.41 0.271056 0.0315774 4878.13 0.493079 0.0996691
1344.16 1.19389 0.970917 1303.36 0.196897 -2.0869 3000.53 2966.65 0.738323 0.700501 0.739674 0.605896 72.5666 -2.63024 0.542924 2721.75 0.966539 0.0996691
1272.77 -0.644793 0.47613 1175.62 -0.85378 -2.36273 2468.49 2375.71 0.705227 0.60278 0.775253 0.680239 620.075 -0.135941 0.0469437 3763.83 0.0148939 0.0996691
1481.02 -0.487362 -1.02072 1369.77 -0.309318 2.02724 2924.42 2714.96 0.609178 0.630307 0.516072 0.619308 29.6613 0.550803 1.16903 3096.7 0.847369 0.0996691
1719.15 -0.0561074 2.5275 760.241 1.14593 -0.00882025 2671.4 2643.96 0.416627 0.793264 0.793052 0.708077 1067.18 -1.00314 0.0652733 2556.71 0.929708 0.0996691
2056.83 -0.427937 -0.659318 1413.03 -1.25108 3.12434 3570.98 3538.76 0.640232 0.564506 0.790404 0.785862 39.3873 0.406969 0.186849 4887.86 0.889176 0.0996691
2322.88 -0.251063 -1.41907 1942.8 0.769089 1.97851 4974.14 4296.3 0.49688 0.280948 0.803151 0.58001 88.7415 -2.18081 0.759787 5831.9 0.514743 0.0996691
491.896 -0.538262 -1.59709 300.956 0.579302 1.37043 906.172 805.778 0.737051 0.689393 0.833555 0.700885 111.831 1.4343 0.103528 874.253 0.318512 0.0996691
1353.18 0.303211 -0.268135 959.705 0.530937 2.57691 2304.65 2178.83 0.784213 0.418562 0.629553 0.641961 493.316 3.03245 0.216278 2606.53 0.790013 0.0996691
414.533 0.562593 2.53708 305.884 1.08315 -0.525268 752.724 690.258 0.782461 0.576767 0.663925 0.552786 79.368 -0.788054 0.264214 703.795 0.170466 0.0996691
1860.62 -0.545824 1.60545 1111.7 -0.196691 -2.16024 2793.99 2794.08 0.532354 0.593844 0.483583 0.639079 281.65 -1.84305 0.325524 3996.73 0.398347 0.0996691
396.268 -0.609722 2.15703 315.642 0.353981 -0.601939 814.256 625.196 0.78829 0.792048 0.727411 0.74909 98.2675 -1.47502 0.462542 760.357 0.835824 0.0996691
2457.08 0.809757 1.61409 1646.99 -0.0361887 -0.646124 4146.82 2224.3 0.107214 0.573259 0.680558 0.555844 458.691 -2.40164 0.183167 5589.44 0.335932 0.0996691
1162.31 -1.50541 -1.85737 901.92 0.417661 1.77398 3033.59 3048.32 0.746655 0.595574 0.806907 0.572872 77.3623 0.864332 0.589938 2911.09 0.540339 0.0996691
434.152 0.322358 -0.233637 424.387 0.0270337 2.97393 887.953 838.848 0.746692 0.737335 0.856337 0.734197 28.8692 1.72914 1.22271 843.302 0.0361597 0.0996691
1756.55 0.0656964 1.87826 1264.6 0.247196 -1.31785 3004.48 3016.96 0.660463 0.170192 0.678449 0.692444 59.5161 2.74696 0.873946 3624.92 0.524747 0.0996691
438.012 1.10609 -1.42335 429.962 0.697591 1.6571 894.946 879.157 0.673577 0.496057 0.692907 0.713706 32.368 2.99128 1.32534 856.978 0.0256446 0.0996691
2194.15 -0.654999 -2.18939 1748.26 0.439351 0.892003 4554.33 4445.05 0.260589 0.745732 0.69954 0.579028 314.927 -0.673543 0.074741 6611.65 0.269932 0.0996691
343.209 -1.04747 1.81966 324.571 -1.85019 -1.29574 741.6 678.613 0.773197 0.399752 0.759354 0.804777 16.2571 -0.388415 0.907053 671.592 0.943242 0.0996691
1851.41 1.07749 0.45735 1744.77 -0.344844 2.53207 4173.89 4188.05 0.494706 0.536012 0.429465 0.663796 344.485 -2.42469 0.273442 5650.4 0.36877 0.0996691
2855.95 -0.374405 1.5723 1593.04 -0.827965 -0.28535 3566.6 3588.6 0.74341 0.256203 0.810979 0.734497 408.001 -1.83995 0.103556 7011.67 0.982512 0.0996691
1316.94 -0.392833 -0.0542214 985.931 0.868604 2.53489 2692.43 2683.81 0.590425 0.404567 0.463002 0.66637 122.292 2.44436 0.0862203 3005.46 0.304588 0.0996691
1824.11 -0.0468226 -0.529293 1328.26 0.0792323 3.05614 3119.2 2822.56 0.633226 0.450016 0.664156 0.819974 669.093 2.02054 0.134142 3450.08 0.952789 0.0996691
656.494 0.973807 -0.260057 604.452 1.28505 2.90904 1299.05 1193.08 0.629999 0.735225 0.743536 0.801536 56.513 2.4088 0.126251 1238.42 0.905323 0.0996691
1340.53 0.957484 -3.11564 1102.24 -0.464083 -0.0342354 3115.64 2975.37 0.446408 0.675069 0.765675 0.553496 241.876 0.239123 0.284747 2476.26 0.956943 0.0996691
1898.93 -1.13329 1.04901 1635.41 0.00435858 -2.5535 4178.55 2945.12 0.196491 0.671373 0.806576 0.668323 58.6949 -2.10753 0.453614 4577.63 0.434801 -0.0996691
615.981 0.168434 -3.0952 398.309 0.855514 0.193884 1079.58 947.686 0.631047 0.383511 0.677438 0.64878 143.882 0.114395 0.0287852 1201.97 0.32706 0.0996691
1695.1 -0.917481 0.58339 1502.91 -0.138436 2.90949 3216.61 3215.45 0.583175 0.626671 0.522804 0.689399 476.296 3.1227 0.218826 4606.7 0.403643 0.0996691
1467.42 0.295547 -1.30784 1392.25 0.626158 2.09644 2938.95 2654 0.779279 0.516601 0.746392 0.662905 22.9637 -0.0717411 0.713988 3271.83 0.784395 0.0996691
1588.08 -0.251527 1.06679 467.746 -0.599872 -1.28895 1655.97 1493.07 0.296423 0.5364 0.431756 0.730774 944.061 -2.21473 0.149616 2456.61 0.953911 0.0996691
844.665 1.21601 1.62012 716.995 0.87041 -2.20377 1515.15 1499.56 0.640024 0.371315 0.553897 0.705672 449.109 -0.555663 0.0279525 1656.66 0.470917 0.0996691
2196.23 -0.437271 2.07116 1529.68 -1.42412 -1.90603 3869.02 3657.13 0.378134 0.343427 0.664002 0.525738 258.097 -0.376035 0.260488 5181.94 0.568566 0.0996691
1561.15 -0.549055 1.59546 1414.77 0.623187 -1.30072 3501.89 3443.72 0.720226 0.771971 0.689382 0.802216 507.821 -2.0655 0.14618 3290.15 0.383467 0.0996691
1348.89 0.338164 0.633553 1258.64 1.00608 -2.72085 2912.68 1934.32 0.111405 0.809702 0.819752 0.585054 30.2939 2.79778 0.763465 3186.64 0.286069 0.0996691
843.346 -2.01402 -2.75602 510.72 -0.550141 -0.613166 1588.84 1553.15 0.536907 0.709717 0.642755 0.790363 374 1.11714 0.0373065 1681.37 0.620224 0.0996691
2153.74 -0.364418 -1.99086 1609.57 -0.314971 2.07236 3359.45 3349.89 0.316905 0.607521 0.69531 0.811274 357.766 -0.00264796 0.189712 5352.01 0.845385 -0.0996691
1051.04 0.514487 0.615486 633.757 -1.56149 -2.62873 2612.17 2240.12 0.302167 0.412 0.501981 0.649663 441.644 -2.39215 0.170837 1710.98 0.335212 0.0996691
354.718 1.21632 -0.385052 268.376 -0.975506 -2.44492 990.705 872.456 0.624909 0.812712 0.734234 0.753227 43.4907 2.12927 0.0264025 858 0.783345 0.0996691
489.435 -0.739375 -1.05227 295.51 -0.945793 2.79011 747.113 629.971 0.645495 0.516342 0.846184 0.704305 67.0323 1.0727 0.192878 1037.06 0.888306 0.0996691
2169.9 -0.375168 1.64989 1881.57 0.606306 -1.27752 4530.56 4578.42 0.326676 0.526948 0.493058 0.654904 783.579 2.62954 0.0302398 5106.54 0.810235 0.0996691
1154.3 -0.870661 2.33974 1068.21 0.673381 -0.386401 2906.72 2826.26 0.659181 0.669274 0.562115 0.693513 30.4488 -1.42513 0.507744 2820.52 0.676463 0.0996691
569.233 -0.707325 0.734584 427.832 1.54291 -2.18575 1681.01 1692.79 0.541237 0.488277 0.750595 0.772547 56.0073 -2.42292 0.240446 1192.76 0.182652 0.0996691
2780.36 0.331905 2.78212 2624.48 0.731506 0.114664 5654.56 4914.86 0.319957 0.513306 0.57774 0.679178 40.3862 0.263806 0.0381887 6993.79 0.895238 0.0996691
997.218 -0.157512 2.2125 806.842 0.0492964 -1.65059 1767.28 1373.71 0.638331 0.195655 0.378612 0.662646 562.004 -0.693604 0.0876737 2534.76 0.925292 0.0996691
2343.07 0.197258 -0.205488 1626.43 -0.660049 2.75464 4299.29 4094.22 0.635473 0.743457 0.650763 0.711496 257.038 0.300768 0.506702 5079.84 0.908131 0.0996691
1840.72 0.0757599 -1.08094 1518.81 0.0613047 2.99614 2995.07 3027.64 0.247699 0.405178 0.437472 0.709977 77.6891 -1.51344 0.43681 5108.57 0.94752 0.0996691
445.701 1.91832 0.43559 429.462 -1.85633 -1.87379 2938.16 2770.12 0.397436 0.830864 0.818477 0.846945 61.1323 2.74819 0.39416 1138.35 0.604911 0.0996691
1223.49 0.528388 2.04098 1220.78 0.258389 -1.8343 2398.73 1743.04 0.235049 0.522036 0.872895 0.651221 66.4548 2.43634 0.074357 3487.81 0.48757 0.0996691
287.248 -0.783495 0.636202 266.884 0.568703 -2.43656 699.187 614.285 0.722187 0.48173 0.666121 0.739286 10.4567 2.69088 1.1558 534.988 0.0942491 0.0996691
1838.39 -0.28572 2.31892 1306.61 -0.485077 -0.654522 3147.83 3162.29 0.319778 0.442057 0.657278 0.771598 407.259 -0.259298 0.290423 3717.19 0.894436 0.0996691
2470.16 -0.340204 0.619063 1918.16 -0.183191 -2.8377 4353.46 4234.23 0.649185 0.387389 0.632933 0.685761 511.809 -2.0617 0.775883 5440.88 0.186156 0.0996691
691.02 0.218732 0.83626 491.606 -0.731657 -2.3178 1326.99 1238.66 0.67066 0.800256 0.725784 0.732094 191.516 -2.31016 0.0156269 1182.05 0.175261 0.0996691
991.849 1.17174 -0.279663 476.315 -0.164111 2.17185 1653.45 1578.05 0.842609 0.647415 0.702256 0.774455 379.597 3.10415 0.0673462 1722.5 0.923986 0.0996691
1086.27 -0.645663 0.715472 831.3 1.21237 -2.40741 2830.52 2615.19 0.31717 0.339917 0.425411 0.809061 247.839 -2.47346 0.0759397 1952.03 0.225106 0.0996691
1613.72 -0.0510787 -2.54337 898.802 -0.476195 0.616175 2479.76 2451.95 0.320669 0.384759 0.712088 0.666182 485.037 0.37927 0.125945 2773.74 0.969841 0.0996691
2377.15 -1.03299 1.12933 1561.36 -0.28014 -1.80328 4218.14 3140.1 0.165002 0.70887 0.606993 0.77074 729.77 -2.3018 0.178606 4235.67 0.730265 0.0996691
1698.46 -0.125683 3.05945 288.772 -1.46661 -0.176829 1734.4 1751.4 0.469275 0.680015 0.812693 0.855492 1300.15 -0.0571967 0.00493473 2108.5 0.893663 0.0996691
578.919 0.173358 2.56477 499.762 0.357206 -0.599958 1191.28 690.92 0.406428 0.179079 0.79663 0.753977 22.7749 0.842559 0.417966 1223.64 0.655571 0.0996691
588.078 -0.693894 2.26408 527.817 1.49133 -0.0698232 1861.4 1023.74 0.280294 0.444203 0.606182 0.775831 118.125 -1.02064 0.37046 1605.42 0.683858 0.0996691
2199.54 0.475079 -0.0446433 1546.66 0.160264 1.72234 3010.07 2596.33 0.204706 0.386487 0.764247 0.514723 1324.46 -2.43079 0.171165 4926.15 0.537476 -0.0996691
3193.89 -0.394643 -0.966368 1883.54 -0.455517 2.35386 5045.3 4465.57 0.225875 0.838292 0.300152 0.729027 884.685 2.49652 0.141232 6059.08 0.501755 0.0996691
1242.2 -1.09644 -0.485368 1172.29 0.183127 2.70741 2938.27 2926.23 0.500572 0.437851 0.683718 0.633554 26.7318 -2.15126 1.15654 2557.14 0.56527 0.0996691
329.116 0.925938 2.6539 316.029 -0.674008 -0.50509 874.483 769.936 0.729691 0.686146 0.539116 0.758686 27.8759 0.369295 0.612974 632.023 0.822351 0.0996691
754.348 0.166641 -1.26875 730.837 -1.3166 2.69726 1828.66 1816.57 0.406831 0.532208 0.767095 0.702734 120.071 0.829599 0.101337 1948.1 0.57649 0.0996691
302.25 -0.518473 -1.87133 294.511 -2.79124 1.29678 1036.72 1020.99 0.742124 0.570088 0.699614 0.435168 21.5432 0.0946738 1.1949 590.135 0.013715 0.0996691
1624.35 -0.347296 2.41497 1201.51 -1.22947 -0.813199 3115.36 1446.6 0.518727 0.268378 0.706439 0.643055 1493.7 0.0505813 0.710243 4108.94 0.467546 0.0996691
1316.84 0.59077 -1.16751 1298.71 0.508531 2.04007 2651.18 2566.01 0.763528 0.725822 0.659037 0.742927 70.0253 0.674157 1.05651 2606.22 0.925752 0.0996691
1430.64 -0.559195 2.09317 780.539 0.589406 0.210287 2151.79 2145.23 0.674615 0.685827 0.559277 0.707935 1302.92 -1.56728 0.256153 2316.32 0.968569 0.0996691
1079 -0.83934 0.804711 415.644 1.90051 -1.84372 2799.32 2718.63 0.812275 0.504851 0.690367 0.766111 68.7157 -2.68502 0.425568 2276.86 0.822506 0.0996691
319.107 1.2493 -1.71767 267.861 2.62875 1.43989 746.127 660.306 0.710914 0.615478 0.909017 0.513744 42.4536 1.79495 0.34641 564.86 0.117093 0.0996691
1579.19 -0.254009 2.20971 1252.64 0.500213 -0.270267 2893.96 2864.93 0.315542 0.765348 0.686038 0.826086 727.865 -1.72328 0.33921 4238.95 0.0356828 0.0996691
1103.66 -0.592439 0.433153 774.577 1.36832 -3.05174 2812.74 2692.94 0.468992 0.738015 0.558023 0.682813 541.291 -2.15699 0.480613 2078.13 0.643583 0.0996691
527.003 1.03707 1.03005 514.163 -0.0251026 -2.09595 1228.06 1103.29 0.843057 0.79964 0.850826 0.806508 10.048 0.876925 0.154404 1047.56 0.886416 0.0996691
1129.88 -0.841504 -2.68748 952.351 0.963772 0.347324 3043.15 2369.57 0.351098 0.0767857 0.718441 0.623792 286.872 -0.0364354 0.103343 2355.01 0.919943 0.0996691
1265.26 -1.09706 3.01649 317.112 -0.556147 1.31645 1079.6 1230.54 0.741904 0.717192 0.642334 0.776139 1056.46 -0.442093 0.00193277 2023.6 0.595668 0.0996691
789.712 0.55773 -2.83204 717.847 1.14 0.338368 1590.62 1522.51 0.91301 0.683173 0.797453 0.727458 73.3441 0.521126 0.0104838 1529.79 0.178826 0.0996691
1107.09 -1.0069 2.11725 441.77 1.38449 -1.19315 2548.58 2073.82 0.382645 0.304623 0.762029 0.708052 681.955 -0.910909 0.30355 1582.59 0.767522 0.0996691
1644.53 -0.400655 2.17839 1588.3 0.639566 -1.28482 3651.08 3682.27 0.292635 0.422715 0.840453 0.854427 57.4316 -2.44039 0.512956 5706.2 0.954977 0.0996691
498.642 0.52704 -0.911634 469.092 1.23905 2.07826 1050.85 1001.24 0.774354 0.670701 0.782534 0.611295 65.3193 3.09909 0.0912979 969.538 0.899018 0.0996691
1431.15 0.151804 2.68467 1304.93 1.0276 -0.574469 3010.31 3026.97 0.818814 0.263108 0.82926 0.702711 173.401 -0.495338 0.0801507 2914.61 0.0741079 0.0996691
2487.12 -0.284325 2.91074 1897.08 0.60694 -0.199827 4913.52 3955.63 0.326098 0.530596 0.592967 0.624903 55.6614 0.770865 0.00201774 5200.2 0.980628 0.0996691
1352.26 -0.630911 -0.941741 1056.01 0.132441 2.20639 2592.99 2530.69 0.120845 0.730781 0.842039 0.794682 60.1696 -1.51451 0.572767 2767.89 0.697708 0.0996691
2068.85 0.838193 -0.882857 1658.29 0.199233 0.658692 2854.5 2890.64 0.748063 0.378169 0.778173 0.67898 371.706 2.62201 0.106455 6523.39 0.182895 0.0996691
2041.69 -0.547338 1.15739 1440.84 1.3515 -2.16631 5098.63 5102.03 0.163274 0.794721 0.738572 0.720911 422.033 1.0635 0.0962665 5213.08 0.200344 0.0996691
2149.33 0.435372 0.889537 1519.88 1.32239 -2.98889 4102.8 2799.67 0.104507 0.534795 0.815626 0.701038 315.888 -1.88741 0.530528 4827.91 0.960424 0.0996691
469.954 2.40572 -1.50135 346.748 1.80247 1.59291 900.075 739.889 0.718912 0.643577 0.57584 0.66559 108.906 1.64166 0.200133 830.896 0.270946 0.0996691
1820.21 0.552368 2.41743 643.119 -1.19299 0.647687 2778.71 2584.08 0.376825 0.650625 0.59494 0.755988 1569.11 -1.07619 0.00415397 2689.6 0.790853 0.0996691
2228.05 0.417965 -1.30102 1181.7 0.270922 -2.31019 1652.94 1575.59 0.762719 0.550725 0.737409 0.409533 1862.84 1.62737 0.1786 4683.44 0.789655 0.0996691
1312.79 -0.181514 -2.35139 1165.54 -1.39147 0.436786 2957.14 2727.51 0.552593 0.741374 0.726722 0.751249 303.879 1.66955 0.341721 2622.6 0.458178 0.0996691
2791.76 0.173253 0.00105245 1744.83 1.28295 -2.99576 5231.88 4304.79 0.589084 0.243173 0.534241 0.713078 237.84 -2.34486 0.448121 5709.19 0.385133 0.0996691
318.845 0.331649 -2.16999 302.503 1.60063 0.638457 758.048 705.805 0.732779 0.754161 0.750581 0.767801 33.7511 2.74241 0.250017 618.804 0.865508 0.0996691
2094.95 -1.04371 -0.646393 1767.08 -0.556222 2.25655 3960.93 3948.55 0.520304 0.551378 0.532818 0.771507 408.217 -2.77285 0.250036 6383.28 0.0719868 0.0996691
2490.74 -0.628158 0.570091 1319.67 0.660449 -0.915616 3546.23 3530.77 0.525429 0.315436 0.459663 0.644706 1875.7 -3.08652 0.187502 4981.04 0.693205 0.0996691
295.771 2.05835 -0.127418 269.543 2.12943 3.03366 591.194 518.946 0.613695 0.694576 0.727734 0.80575 34.0566 2.86618 0.16611 536.597 0.0703518 0.0996691
1798.42 -0.149319 2.67508 1274.95 -0.066882 -0.409315 3080.47 2793.67 0.328207 0.796224 0.658377 0.765419 79.0471 2.54579 0.0250227 4049.21 0.690653 -0.0996691
1095.92 0.261221 -0.249407 837.347 -0.960073 3.08183 2298.38 2175.78 0.274476 0.235128 0.788879 0.503287 457.972 -0.19889 0.0502052 2788.41 0.19258 0.0996691
881.689 -0.72191 0.352056 879.563 -0.915907 -2.84967 1785.42 1759.39 0.79382 0.602763 0.668065 0.70317 49.5303 -1.23645 1.24783 1767.91 0.953331 0.0996691
1645.64 -0.496405 2.27379 1563.11 -0.341541 -2.39105 2444.66 2294.19 0.253251 0.462971 0.695617 0.881672 1561.56 -0.121272 0.082571 4042.35 0.819113 -0.0996691
893.856 0.388925 2.06338 406.69 0.358198 -0.627174 1326.64 874.367 0.256036 0.580378 0.666669 0.870153 515.387 -1.33735 0.491637 1387.8 0.925198 0.0996691
1712.33 1.03169 -0.789707 306.908 1.22916 2.33178 1486.7 1226.82 0.280156 0.539442 0.86929 0.861398 1418.35 2.35553 0.0263903 2034.01 0.778395 0.0996691
328.688 -0.273372 2.46572 250.02 0.452272 -0.667948 624.676 576.256 0.777253 0.745017 0.81598 0.746635 87.7625 -0.262952 0.407343 584.425 0.155105 0.0996691
1436.47 0.863842 1.82527 716.765 -1.00575 -2.12797 2882.09 2835.42 0.243536 0.74741 0.907289 0.711359 442.211 -0.433211 0.0603043 2976.81 0.693576 0.0996691
1149.98 -0.704269 0.407784 887.462 0.974186 3.13662 2799.07 2588.92 0.435404 0.816831 0.793224 0.398961 519.325 -2.04196 0.499654 2116.91 0.628101 0.0996691
2631.86 -0.624035 0.726924 1353.1 -0.0518525 -2.33415 4073.21 2718.34 0.353069 0.343212 0.795154 0.469298 1508.69 -1.77807 0.171481 5442.27 0.705768 0.0996691
1774.25 0.307769 1.69156 1679.27 -0.153731 -1.14102 3636.01 2784.29 0.71479 0.187647 0.700943 0.630253 112.917 2.21436 0.51995 4279.39 0.54034 0.0996691
2719.66 -1.25195 0.854128 2242.91 0.54379 -2.26675 7299.76 5791.76 0.499092 0.438092 0.529934 0.495635 490.976 -2.39892 0.0152276 5264.89 0.180727 0.0996691
1271.56 -1.49794 -1.34912 1155.89 0.199374 1.81878 3424.97 2527.42 0.298141 0.217733 0.829376 0.750295 130.473 1.51085 0.172916 2467.4 0.40756 0.0996691
1840.77 -0.987042 0.593896 1634.09 0.889503 -2.39782 5116.56 5030.81 0.498408 0.726299 0.427347 0.730491 327.974 -2.06238 0.326926 5854.13 0.165639 0.0996691
287.187 0.918059 2.71782 276.022 0.620392 -0.443322 586.038 512.342 0.807997 0.722005 0.695045 0.693493 6.1798 2.54959 0.183928 548.806 0.0384831 0.0996691
1822.78 -0.0617646 1.19321 1013.45 1.69474 -2.29999 3822.74 3852.83 0.436731 0.337292 0.712808 0.74789 497.025 -2.26583 0.032975 3518.23 0.331753 0.0996691
1381.07 0.0167083 2.82937 758.697 0.73627 0.157038 2156.76 2031.06 0.53295 0.575406 0.550559 0.652577 283.309 0.00916379 0.0692172 3015.82 0.398384 0.0996691
2284.26 -0.104852 2.36654 865.001 -0.653952 -0.363917 2875.49 2889.59 0.394397 0.295684 0.345514 0.741139 765.226 -0.71064 0.346378 4213.49 0.480976 0.0996691
2084.48 -0.367049 0.0800001 820.298 -1.29444 2.6474 2855.03 3756.07 0.52719 0.559096 0.825113 0.791527 98.7148 -1.62918 0.661385 4554.59 0.768565 -0.0996691
299.171 -0.992497 2.99927 277.131 -3.31977 -0.161978 1032.39 980.354 0.532448 0.461748 0.828362 0.384907 33.9834 1.22315 0.988505 633.177 0.593885 0.0996691
466.289 -0.931957 -0.607903 401.172 -2.50366 2.57081 1190.75 1067.39 0.826661 0.758794 0.728396 0.770751 61.1879 2.5207 0.0667086 820.936 0.0613587 0.0996691
542.639 -0.688064 1.95932 410.523 1.08294 -1.11129 1349.73 1290.67 0.660891 0.70823 0.703485 0.714966 167.048 -1.34394 0.173425 935.061 0.921158 0.0996691
1330.99 -0.665974 1.35103 1076.7 -0.479024 -2.1703 2369.93 2383.46 0.566436 0.507716 0.317843 0.644904 362.209 -2.03548 0.136779 2908.46 0.217786 0.0996691
1519.19 -0.452346 2.20433 1325.46 0.292864 -1.29845 3011.48 3002.7 0.599223 0.590156 0.82924 0.664796 460.801 0.0954284 0.102662 2918.1 0.935499 0.0996691
1550.82 -0.0279064 2.28364 1281.17 0.325017 -1.14675 3000.02 2123.24 0.313947 0.533419 0.777959 0.826599 25.365 -1.01221 0.138209 3304.13 0.962687 0.0996691
318.718 1.49689 1.95257 311.781 1.99396 -1.23367 666.292 634.955 0.73301 0.568961 0.919959 0.82626 27.2151 0.216806 1.44746 609.27 0.0238081 0.0996691
1466.91 0.156488 2.10813 1360.47 0.667926 -1.1235 2957.98 2748.05 0.412965 0.368447 0.619631 0.675158 185.384 -0.206701 0.689231 2856.15 0.756609 0.0996691
1848.57 0.188532 3.01784 1004.88 0.514375 -0.325427 2863 1996.87 0.347528 0.252219 0.801225 0.755168 904.481 0.065875 0.0415545 2935.5 0.581796 0.0996691
1716.46 0.0990202 1.67124 1398.24 0.834265 -1.67951 3309.01 3314.02 0.444664 0.362853 0.459836 0.694745 435.631 -0.849262 0.621792 3158.95 0.978953 0.0996691
1383.03 0.765181 2.81492 808.236 -1.09036 -0.777657 3071.52 3023.89 0.731202 0.584042 0.84528 0.763397 494.8 0.119766 0.0870498 2486.6 0.703917 0.0996691
351.43 1.01536 -0.490626 287.674 1.99267 2.3296 716.421 678.433 0.69403 0.666454 0.72907 0.765422 29.4745 2.45053 0.139537 717.647 0.216514 0.0996691
1058.35 -0.724843 2.70197 959.625 0.692474 -0.0270265 2527.14 2519.93 0.578902 0.523666 0.692503 0.631353 119.785 2.32272 0.167611 3696.27 0.939433 -0.0996691
882.315 -2.00013 -1.80825 767.391 0.362011 0.263691 2829.82 2715.5 0.723816 0.560877 0.727398 0.718974 767.372 2.59515 0.138809 2096.6 0.805047 0.0996691
292.172 0.767153 -2.61596 283.763 1.32953 0.532166 615.892 536.036 0.770458 0.860672 0.649931 0.848343 5.9657 1.7448 1.20953 555.496 0.058368 0.0996691
396.982 -0.732082 -2.29528 332.328 -1.00718 0.537913 788.501 515.797 0.226325 0.799935 0.808417 0.854012 58.4564 1.28312 0.275415 787.714 0.752352 0.0996691
1594.03 -0.343426 -1.09787 1372.22 -0.666476 2.01464 3014.88 3002.65 0.596812 0.477111 0.733574 0.470059 35.2593 -2.79041 1.47628 3210.73 0.733626 0.0996691
1980.95 -0.110009 -2.9294 1473.72 0.976736 0.758353 3840.23 3846.38 0.585696 0.835876 0.35 0.803917 367.994 -1.88397 0.343348 4828.23 0.434319 0.0996691
1173.25 -1.13226 0.783429 405.902 1.57205 -2.87609 2837.65 2792.57 0.634496 0.83949 0.759294 0.74616 745.561 -2.1338 0.137696 1650.49 0.924816 0.0996691
329.531 -1.15839 2.13266 319.976 -1.78416 -1.05257 695.528 674.468 0.507323 0.671056 0.746554 0.733572 19.9121 0.342183 1.40861 634.877 0.0267222 0.0996691
1512.41 -0.855635 3.00004 1315.49 -0.0076629 -0.0415461 3095.43 3066.26 0.462814 0.6952 0.676438 0.733254 55.4519 -1.59725 0.021674 3201.38 0.974973 0.0996691
1729.8 0.958686 -0.807243 1711.42 0.312283 2.26281 3883.45 2931.54 0.453644 0.100944 0.72539 0.788264 86.7612 3.1186 0.297396 3633.99 0.419147 -0.0996691
1931.41 -0.331715 1.82319 1834.65 0.508514 -0.785551 3996.33 3983.2 0.161889 0.863901 0.865556 0.819288 160.561 -0.327163 0.451658 4953.66 0.607137 0.0996691
2280.93 0.331307 2.47641 1011.54 -0.560725 -1.64592 3216.21 2397.11 0.0864871 0.606381 0.522145 0.752633 1753.95 -0.216186 0.0414383 3569.31 0.83477 0.0996691
1646.87 -0.913248 -0.0776098 1332 0.845146 2.16367 3994.63 3957.56 0.629043 0.484578 0.888731 0.839598 364.359 -3.09979 0.283027 4165.11 0.973871 0.0996691
526.755 -0.905146 2.27655 378.863 0.0819534 -1.24918 1047.59 733.626 0.746286 0.447995 0.747536 0.77699 15.4726 0.499122 0.478605 1088.07 0.72318 0.0996691
541.461 1.74862 3.02901 485.452 1.60046 -0.363623 1048 912.891 0.480133 0.697016 0.220742 0.716636 29.1812 -1.32873 0.853008 1203.24 0.623127 0.0996691
3087.28 -0.1499 -2.94728 1641.17 0.762318 0.986483 4685.18 4708.97 0.863577 0.366865 0.740213 0.787625 1181.93 -0.316177 0.0560574 5826.08 0.548159 -0.0996691
1132.28 -0.216246 -0.627149 627.662 2.20595 2.90529 3066.01 3091.79 0.2502 0.596997 0.839751 0.684382 224.38 1.66778 0.0225366 2641.91 0.534341 0.0996691
622.936 0.0695103 2.49731 393.052 -1.23567 -0.180019 1196.17 1165.67 0.760498 0.842111 0.72669 0.716898 88.2298 -0.273388 0.0784273 1320.15 0.323403 0.0996691
3055.86 0.923909 -0.245179 2857.65 -0.925732 2.31537 8462.96 8552.89 0.707246 0.404004 0.849841 0.52528 733.888 -2.08028 0.227239 6949.08 0.768654 0.0996691
1713.86 0.533814 0.205871 1101.25 -0.668745 3.10277 3272.49 3210.14 0.528128 0.777125 0.664276 0.667658 696.577 -2.7138 0.46716 2946.42 0.235623 0.0996691
1059.42 -0.624794 -1.99981 765.958 0.944761 0.967212 2387.56 2407.67 0.320529 0.584049 0.534571 0.766135 53.3595 0.474048 0.491679 2160.03 0.186189 0.0996691
929.369 1.01481 -0.230077 746.727 -0.227563 2.84022 2004.43 2008.77 0.678336 0.564024 0.814269 0.726688 18.6101 1.11276 0.0778879 2235.94 0.113677 0.0996691
1666.99 0.0762958 1.83187 1208.29 -0.714241 -0.824956 2998.28 2998.02 0.341388 0.509242 0.788974 0.644049 81.1601 2.99457 1.07814 3771.5 0.793103 0.0996691
1620.65 -0.0533859 -0.326635 1447.41 -0.295541 -3.0179 3037.8 3042.82 0.243551 0.611551 0.802103 0.852986 680.737 1.70148 0.0367074 3411.99 0.0469601 0.0996691
394.324 1.02823 1.21257 357.429 -0.211149 -1.9813 918.634 853.508 0.771596 0.712964 0.693013 0.841742 26.3048 -2.62513 0.632689 767.764 0.0351372 0.0996691
1053.44 1.06504 3.01984 813.191 -0.652562 0.752799 2459.88 2474.32 0.670859 0.609598 0.857686 0.720358 257.031 -0.789259 0.139187 2459.66 0.758346 0.0996691
1316.65 0.514881 1.50721 1295.44 0.385686 -1.33834 2606.69 2604.22 0.758353 0.77544 0.685235 0.671893 1289.26 -1.37387 0.0407519 4658.9 0.5696 0.0996691
282.917 1.07524 -2.75977 260.996 1.6043 0.32551 586.005 495.186 0.626638 0.686788 0.694212 0.736316 11.2161 0.230746 0.0946549 518.524 0.0751171 0.0996691
2588.18 0.25354 0.629381 1905.64 0.423578 -2.8683 4630.11 3972 0.175515 0.62168 0.780738 0.717803 49.7006 -1.13316 0.556272 6420.35 0.695371 0.0996691
373.612 -0.796838 -3.06827 370.802 0.495869 0.122257 918.851 853.437 0.732401 0.672618 0.774516 0.698868 22.784 -0.936049 1.05857 724.357 0.0790645 0.0996691
1565.7 0.986796 -0.32421 344.009 -0.195244 -2.94466 1759.43 1476.29 0.312624 0.690074 0.652046 0.563733 1205.49 2.74113 0.61478 2003.72 0.532431 0.0996691
2209.89 -0.378837 0.0665108 1330.74 0.0692522 2.62888 3457.07 2471.9 0.504177 0.60005 0.810795 0.644786 1585.18 2.83053 0.188594 4988 0.87739 -0.0996691
768.292 -0.862096 -2.33734 607.643 0.913665 0.0499232 1891.01 1847.58 0.639512 0.482393 0.64277 0.816523 295.45 1.97606 0.454919 1621.47 0.728056 0.0996691
438.211 2.39682 2.69278 433.294 0.763016 -0.458542 1202.49 1168.35 0.614796 0.743045 0.684114 0.852662 13.2434 0.833073 1.29322 847.573 0.0321328 0.0996691
856.015 1.25434 -2.99104 605.895 0.546035 -1.35009 1208.99 1184.31 0.543331 0.661979 0.737538 0.769904 7.77876 0.898993 0.0357105 2448.52 0.465691 0.0996691
1617.65 -1.20435 -0.457195 1441.67 -0.101374 2.70594 3551.31 3475.9 0.700544 0.534012 0.581191 0.315029 200.603 1.76277 0.0451578 6117.17 0.0277464 0.0996691
1429.87 0.627551 -1.94121 1110.99 0.555115 1.01672 2573.71 2220.22 0.382045 0.618913 0.65618 0.746634 17.0186 0.0586295 0.787687 3018.2 0.280479 0.0996691
275.424 -0.952874 -1.47707 252.789 0.534071 1.62279 694.998 646.93 0.74014 0.68968 0.598967 0.716236 24.227 1.57276 0.0777824 758.667 0.0747062 0.0996691
2060.47 -0.158627 -2.74152 1247.28 -0.949196 0.603515 3458.8 3484.88 0.636289 0.264828 0.637148 0.928495 110.438 2.76784 0.774473 5420.97 0.752892 -0.0996691
911.97 -0.77067 -0.135484 810.551 1.58797 3.06297 3087.16 2925.12 0.789788 0.457054 0.849567 0.64128 107.558 2.7559 0.0823965 1721.47 0.911757 0.0996691
1161.77 -0.965108 -2.89911 792.338 0.857091 0.46131 2793.83 2574.92 0.714688 0.609818 0.780212 0.761422 500.756 0.0213416 0.368099 2157.95 0.252762 0.0996691
1900.69 -0.16437 2.14208 1253.78 1.10333 -1.14093 3735.87 3624.84 0.756353 0.595069 0.761551 0.778584 165.277 1.62004 0.523173 4298.27 0.523763 0.0996691
385.218 -0.459334 -2.19812 330.906 -0.925579 1.44311 726.711 700.795 0.538721 0.7716 0.559714 0.712166 78.9445 2.36992 0.918671 920.85 0.629591 0.0996691
690.479 1.0359 -0.981534 658.235 1.45098 2.15909 1403.58 1353.93 0.758535 0.526005 0.824796 0.703946 29.9263 2.67076 0.52374 1347.63 0.0176415 0.0996691
1623.14 -0.975414 -0.57141 1429.63 -0.319598 -2.00137 2271.59 2274.09 0.441199 0.594955 0.62631 0.619744 1014.35 2.1117 0.128372 4449.06 0.86483 0.0996691
1017.4 -0.17156 -1.45244 1014.54 1.28535 1.78196 2676.1 1868.93 0.779749 0.32024 0.65271 0.532522 89.9133 -0.254405 1.15535 2151.9 0.478759 0.0996691
512.563 0.310439 -1.00662 424.41 -0.590529 2.16691 1051.09 921.014 0.598552 0.583267 0.84798 0.456326 15.6219 2.57001 0.404473 1020.1 0.896269 0.0996691
1502.98 0.0431479 -1.00588 1409.66 0.153049 2.19172 2932.09 2902.8 0.654162 0.919256 0.682244 0.761334 79.2585 1.60186 0.589606 2956.86 0.0308323 0.0996691
619.174 -1.64811 -1.93458 432.503 -0.273991 1.13777 1310.39 1232.87 0.697571 0.70343 0.676674 0.760813 183.448 1.38221 0.041405 1057.04 0.89948 0.0996691
777.431 1.34902 -0.200943 324.107 2.17779 2.89013 1122.58 2803.7 0.734609 0.754934 0.685891 0.603793 59.699 2.91108 0.00120831 1620.7 0.435237 -0.0996691
1633.77 -1.00282 -1.08839 1551.31 -0.602126 2.00616 3347.79 2920.58 0.439474 0.657573 0.600702 0.76661 113.9 2.70609 0.506623 3204.46 0.732871 0.0996691
423.86 0.989533 -2.56606 411.27 -0.174415 0.623968 1003.77 907.663 0.6804 0.87907 0.817285 0.748909 22.8603 0.270035 0.356065 791.914 0.0670017 0.0996691
342.612 -1.00995 -0.195064 328.099 -1.00541 2.91803 682.962 639.797 0.69528 0.771014 0.670567 0.583411 6.64462 1.41586 1.44562 669.403 0.984331 0.0996691
1856.65 0.405753 1.83419 1412.74 -0.327488 -1.80306 3382.75 3381.62 0.55592 0.607715 0.482046 0.715191 189.401 1.64017 0.193846 4946.16 0.964036 -0.0996691
1244.99 0.703002 -1.84914 735.598 -0.651532 0.986581 2364.64 2386.25 0.436958 0.396184 0.633841 0.820975 453.97 0.979372 0.00256395 2378.52 0.300317 0.0996691
1042.78 -0.484496 0.133197 650.391 1.16248 -3.12304 2248.19 2221.29 0.556238 0.485318 0.604185 0.776123 519.147 -2.96036 0.151889 1825.48 0.248568 0.0996691
1623.93 0.0583668 2.45313 614.218 0.708404 0.356669 1868.39 1857.65 0.604123 0.676716 0.690323 0.734465 861.607 -0.779026 0.031946 2899.07 0.907252 0.0996691
2850.56 -0.115952 -2.75753 2341.72 0.0327848 0.991609 4959.88 5015.99 0.488222 0.184057 0.61019 0.290604 612.417 0.692544 0.302245 7025.15 0.314925 -0.0996691
2149.78 0.0570482 -1.33737 1741.65 1.54848 1.31436 4937.85 4897.15 0.574923 0.174051 0.581779 0.861312 123.315 0.811934 0.0216843 5764.52 0.597202 0.0996691
290.768 1.08791 0.985595 280.497 1.69097 -2.05581 626.644 531.195 0.662888 0.67172 0.640862 0.874371 15.5814 3.04072 1.17697 536.173 0.77372 0.0996691
1767.43 0.952574 -1.29515 1264.9 1.15707 1.82862 3018.95 3041.74 0.299901 0.384609 0.619443 0.804191 259.196 -0.432054 0.863485 5051.85 0.980691 0.0996691
1802.2 -0.455246 2.47541 1466.72 -0.708689 -0.669353 3325.77 2931.68 0.276624 0.41967 0.663815 0.73921 827.242 -1.00782 0.00740194 3982.77 0.509279 0.0996691
2031.69 -0.0839284 1.74428 1528.43 -0.0892877 -1.43762 3538.78 3550.7 0.715165 0.681738 0.825319 0.74676 408.72 -1.22647 0.206988 3683.76 0.148072 0.0996691
446.969 0.263559 3.04175 432.955 -1.81664 -0.0437796 1438.79 1272.22 0.812408 0.725813 0.686987 0.736233 31.6816 -2.25302 0.584044 854.486 0.896698 0.0996691
2235.35 0.166201 -1.77192 1741.06 -0.0933926 1.83236 3997.22 3009.73 0.207737 0.362176 0.631199 0.749826 224.386 -0.564402 0.873257 4976.15 0.978972 0.0996691
564.457 -1.69993 -1.29705 539.364 -0.481226 1.77558 1344.41 1287.22 0.712398 0.73032 0.74208 0.728016 20.5616 2.46845 0.117889 1138.87 0.901563 0.0996691
505.345 0.237957 2.42242 494.983 1.38795 -0.681355 1186.46 1155.85 0.3328 0.768667 0.80351 0.827854 28.8922 -2.49234 1.37491 984.865 0.0280341 0.0996691
1610.95 -0.540061 2.24121 1272.02 0.387024 -0.929178 3289.06 2248.57 0.704378 0.180699 0.718193 0.689718 337.668 -0.808306 0.12712 2917.19 0.375286 0.0996691
924.908 1.0803 -0.0662095 830.495 0.332582 -2.92931 1884.64 1845.49 0.766831 0.757337 0.625406 0.641621 276.713 -2.93986 0.00494647 2111.42 0.752965 0.0996691
1531.41 -1.38028 -0.00533108 1014.82 -0.178707 2.83147 2987.28 2738.92 0.398142 0.498579 0.750285 0.642563 294.384 2.28224 0.544686 3635.78 0.153063 0.0996691
1227.49 0.438583 -0.747272 438.62 0.261681 2.42906 1486.29 1454.28 0.341896 0.734375 0.748028 0.706993 919.425 2.44469 0.0275304 2204 0.491014 0.0996691
504.641 0.640249 2.72683 497.134 1.87112 -0.417345 1243.45 1070.91 0.760271 0.789234 0.766423 0.761372 3.5925 1.80661 0.719198 979.98 0.309507 0.0996691
371.056 0.359648 3.10701 357.085 0.264 -0.0588194 781.714 540.577 0.375178 0.554876 0.715209 0.590965 16.8982 1.1338 1.18818 694.745 0.462547 0.0996691
844.623 -2.35594 1.32772 581.574 0.286424 -0.800062 2766.74 2579.95 0.430497 0.737453 0.769201 0.717627 699.627 -1.93589 0.577803 2271.74 0.590606 0.0996691
1956.19 -0.13715 -1.35395 1729.28 -1.29399 2.84063 3983.09 2992.28 0.532532 0.193265 0.53764 0.791319 395.951 1.10665 0.0149553 5648.43 0.391398 0.0996691
371.967 0.199927 -2.68803 350.543 -1.07355 0.930566 886.03 686.143 0.529806 0.849753 0.660684 0.805149 32.4388 0.824455 0.0928304 958.286 0.229992 0.0996691
970.96 0.0109347 -0.265756 896.937 1.20235 2.70585 2319.35 1668.35 0.570812 0.156217 0.882782 0.825908 30.2804 2.70216 0.33664 2168.99 0.309686 0.0996691
1242.12 0.721363 -0.921847 628.42 -0.928889 1.32688 2291.74 2257.31 0.318225 0.534406 0.529967 0.72064 368.376 2.5591 0.00550246 2547.65 0.965979 0.0996691
1279.81 -0.764418 -1.22123 1190.98 0.364391 1.33385 2802.43 2780.4 0.763036 0.728993 0.597678 0.793285 155.379 2.40862 0.784521 3093.6 0.924393 0.0996691
1965.86 -0.0288934 1.00631 1799.26 0.125946 2.83437 3011.98 3038.63 0.561877 0.231719 0.70732 0.569077 187.04 -2.08561 0.327376 6095.65 0.971454 -0.0996691
2075.92 -0.0732087 2.31453 1997.38 0.579647 -2.05321 3631.01 3602.98 0.513458 0.365502 0.727062 0.679846 1224.66 0.984344 0.0421756 6739.43 0.466721 0.0996691
1297.06 0.0545636 -2.418 825.65 -0.645389 0.411603 2240.76 1902.34 0.425416 0.568335 0.846534 0.693207 138.573 0.189301 0.216881 2666.01 0.167141 0.0996691
1797.96 -0.549595 2.60096 1662.62 0.823454 -0.58343 4427.88 3053.16 0.670826 0.107068 0.748654 0.602416 159.151 -0.0723871 0.122486 3624.89 0.360639 0.0996691
705.064 -0.128088 -3.02716 700.993 0.804198 0.121752 1589.68 1463.86 0.846858 0.628656 0.763599 0.792346 14.4827 0.0904906 0.0229016 1404.13 0.0188594 0.0996691
1444.07 0.364894 2.92454 818.096 -0.0472507 0.0966543 2269.85 1709.18 0.133484 0.745229 0.76197 0.768328 607.766 0.220869 0.0760075 2780.26 0.956879 0.0996691
985.28 0.7994 2.36466 945.9 -1.05541 -0.904399 2848.87 2539.87 0.769976 0.457004 0.705523 0.668265 38.0533 0.0904243 0.351837 2033.91 0.886154 0.0996691
584.364 -0.0500713 0.397627 584.036 0.0610739 -2.68694 1181.85 1164.17 0.671354 0.410015 0.825842 0.793389 25.5466 1.80939 1.41483 1156.24 0.0383875 0.0996691
1028.23 1.03727 0.214238 1011.09 -0.51615 3.04381 2685.29 2627.63 0.722135 0.567895 0.70843 0.635183 311.906 -1.58664 1.65204 2018.6 0.961319 0.0996691
1043.16 0.525981 -0.936366 957.252 0.132165 1.83933 2062.56 1907.12 0.571208 0.833796 0.796114 0.830774 156.801 1.5984 0.120163 3261.72 0.939803 0.0996691
2408.12 0.112597 0.941574 1892.18 0.321366 -2.16946 4431.24 3206.4 0.715392 0.142557 0.808526 0.750727 512.915 -2.3062 0.156132 4447.33 0.409361 0.0996691
875.196 -0.403334 2.15098 782.91 2.01859 -0.790645 3062.06 2688.02 0.514987 0.450095 0.788479 0.671747 199.595 2.41277 0.194121 1993.04 0.0704406 0.0996691
283.306 1.86918 2.48803 257.956 2.40192 -0.670557 578.689 506.928 0.557687 0.697223 0.862864 0.869473 25.3343 -0.218215 0.123568 519.516 0.824063 0.0996691
278.249 2.53348 0.0537197 273.211 2.73988 -2.89907 569.4 510.821 0.654989 0.562206 0.686837 0.640199 50.0993 2.06564 1.32819 535.612 0.112433 0.0996691
1744.32 0.0247704 1.60434 1572.56 -0.511949 -1.47009 3454.51 3450.24 0.550045 0.523593 0.702716 0.602217 177.107 -1.73714 0.274131 3430.04 0.0696482 0.0996691
1298.16 0.56493 -0.143386 551.438 0.876457 2.92991 1728.59 1691.39 0.696578 0.529694 0.815166 0.703202 374.492 3.00247 0.0965629 2274.03 0.420899 0.0996691
1012.68 0.707276 0.254989 640.853 -1.48181 2.94111 2660.59 2646.23 0.345482 0.777865 0.502444 0.735249 164.379 3.0876 0.150732 2097.57 0.316336 0.0996691
1815.4 0.920024 -1.43419 1668.73 -0.434583 1.81853 4321.58 4322.39 0.725715 0.268939 0.720896 0.38274 77.6629 0.737144 1.07537 5513.78 0.0693613 0.0996691
474.715 2.68152 -0.19368 347.621 1.93371 1.96729 823.569 710.356 0.49865 0.536184 0.504381 0.634553 61.5056 -1.42981 0.564792 1234.43 0.890502 0.0996691
1538.24 0.395433 -0.658844 1246.41 0.469066 2.37994 2778.25 2790.42 0.716792 0.64043 0.740609 0.828146 181.671 2.84523 0.0794697 2919.35 0.869674 0.0996691
1481.68 0.251592 -2.33923 1134.54 -0.751295 0.650756 3002.68 2665.54 0.388554 0.371714 0.81925 0.820158 211.682 1.2938 0.0990207 2867.53 0.7562 0.0996691
525.999 -0.0346729 1.48153 479.54 -1.65022 -1.71844 1358.34 1356.34 0.458129 0.651525 0.629915 0.732813 30.9486 -2.20759 0.497224 1028.48 0.058045 0.0996691
1181.71 0.0533738 -2.37496 1170.03 0.376763 1.38608 2368.09 1643.47 0.0775744 0.663484 0.761563 0.639582 218.15 -1.3041 0.184794 3323.34 0.953616 0.0996691
1290 -0.848035 -2.09397 1074.84 0.611629 0.114709 2832.7 2793.17 0.855179 0.270277 0.890337 0.505796 266.823 2.7134 0.037812 3323.51 0.816516 0.0996691
584.385 1.17142 -0.0418294 526.842 1.09059 2.87209 1116.59 1095.93 0.248171 0.801077 0.785198 0.857581 32.1334 -0.43 0.386348 1252.7 0.127755 0.0996691
2705.28 0.735901 -1.82555 1980.34 0.288026 0.868146 4701.61 4622.72 0.570384 0.658469 0.840856 0.781636 192.905 0.906557 0.0394514 5921.27 0.262977 0.0996691
419.807 1.1432 -0.904009 373.611 -0.11302 2.46951 982.882 848.778 0.570344 0.78257 0.666203 0.722072 59.4359 1.38213 0.0298004 864.878 0.271558 0.0996691
2098.65 0.732203 1.1262 1830.53 -0.3473 -1.3152 4329.18 4365.02 0.192115 0.62464 0.561635 0.678147 857.928 3.04958 0.15158 4594.09 0.984799 0.0996691
1939.97 -0.195529 -0.655812 1926.73 -0.445181 2.99668 3810.45 3813.89 0.380232 0.519813 0.701296 0.586492 564.738 1.29403 0.230439 4369.16 0.898127 -0.0996691
975.222 1.14091 0.297671 513.264 -1.62444 -2.53062 2993.73 3001.9 0.472403 0.729202 0.731964 0.729791 476.908 3.09067 0.195182 1522.41 0.948025 0.0996691
281.205 -0.121054 -1.36787 250.82 -0.861987 1.60985 589.46 507.069 0.719461 0.60622 0.562858 0.770022 32.5244 1.73312 0.0402825 506.33 0.158461 0.0996691
2616.62 -0.0848735 0.629261 2322.79 -0.228357 -1.88074 4769.45 4617.77 0.556437 0.129752 0.198189 0.797363 547 2.76338 3.02792e-05 6055.1 0.738898 0.0996691
1646.91 0.382774 -0.784949 1227.36 -0.987364 1.97693 3512.91 3521.88 0.326699 0.421335 0.937223 0.555582 592.32 2.87086 0.890556 3084.45 0.236351 0.0996691
704.336 -0.39462 -0.603107 379.955 -1.8864 2.77443 1345.92 1314.83 0.719334 0.782879 0.857715 0.802748 326.726 2.7926 0.00786853 1397.57 0.312068 0.0996691
2434.59 -0.742402 -0.372895 1547.01 0.337654 1.21309 3540.79 3555.07 0.760307 0.591614 0.601701 0.812084 2413.27 -2.98853 0.0991707 4481.58 0.980276 0.0996691
2616.44 -0.129925 2.31925 2410.23 0.846493 -0.812298 5918.13 3561.3 0.216679 0.125972 0.56225 0.813648 217.497 -0.902743 0.157247 5317.56 0.209268 0.0996691
1250.65 0.731548 -1.42521 1228.54 -1.49 1.65359 4233.26 3764.72 0.326545 0.263469 0.810556 0.736522 42.8898 2.67047 0.0822246 2493 0.953458 0.0996691
1230.64 -1.28683 -1.48731 1141.66 -0.113521 1.34545 2833.88 2618.77 0.654234 0.378115 0.709991 0.578104 23.1231 -2.91105 0.429821 2779.22 0.451011 0.0996691
1509 -0.640958 -0.0767865 945.147 0.681296 -2.84617 2913.02 2917.9 0.604887 0.599221 0.470299 0.748674 72.7646 -1.99738 0.850699 3332.69 0.820013 0.0996691
367.423 -0.431596 -0.312016 255.166 -2.10832 2.86485 866.905 705.694 0.630036 0.876181 0.748 0.557384 108.184 2.79319 0.0937452 616.835 0.216734 0.0996691
2227.81 -0.398198 -0.269291 1814.11 -0.147582 2.03785 3725.16 3754.72 0.330571 0.0561776 0.657925 0.791195 189.995 0.446823 0.715981 6208.52 0.474543 0.0996691
503.022 0.669216 1.67516 399.088 -1.45761 -1.35608 1464.5 1382.01 0.716705 0.611396 0.810417 0.681055 109.939 -1.65031 0.288706 887.546 0.902968 0.0996691
1547.27 -0.532703 -2.50336 1443.94 -0.0577413 0.600169 3176.65 2479.83 0.679732 0.290561 0.639143 0.688408 96.8091 1.01769 0.255489 3124.96 0.197902 0.0996691
1458.27 -0.326766 0.290781 1210.43 -0.991662 -2.5179 2784.66 2790.41 0.700537 0.354335 0.846603 0.87071 99.1706 -2.31994 0.197848 3290.08 0.798015 0.0996691
1874.05 1.13766 -0.653151 1045.52 0.432578 2.14479 2957.72 2957.64 0.460278 0.604546 0.749631 0.546149 509.083 2.59942 0.0561574 3562.92 0.679537 0.0996691
1138.26 0.468642 0.994837 1000.45 -0.514497 -2.20478 2407.89 2404.93 0.434809 0.74867 0.793108 0.79039 155.759 -1.88873 0.317672 2162.51 0.0811123 0.0996691
3140.28 0.217821 0.00331029 2002.82 0.198919 2.90884 5069.91 4541.77 0.223594 0.660205 0.449735 0.729349 1299.62 -2.77048 0.042315 5241.38 0.924364 0.0996691
327.262 0.941629 1.61722 305.954 1.51592 -1.4839 681.467 592.674 0.662191 0.645004 0.787454 0.781418 21.4187 -1.55884 0.00816798 627.869 0.807186 0.0996691
1789.32 1.20545 0.172023 1759.82 -0.0375933 2.88487 4293.17 2964.5 0.205833 0.172058 0.820949 0.869323 110.137 0.435015 0.00608248 4419.01 0.492732 -0.0996691
1518.17 -0.371991 2.63171 1066.14 0.141097 0.0290572 2560 2519.93 0.597726 0.57872 0.459417 0.64053 650.825 -0.732452 0.763612 2982.71 0.319675 0.0996691
1080.97 -0.543851 0.762925 1067.92 1.08922 -2.28477 2945.2 2582.84 0.41805 0.518464 0.647652 0.420193 42.8223 2.52588 0.15753 2228.16 0.95313 0.0996691
2145.52 -0.423015 -1.61425 1133.62 1.30542 1.11012 4469.41 2909.74 0.430847 0.832487 0.270662 0.718422 31.2311 -0.550348 0.751925 4659.4 0.440723 0.0996691
1396.74 1.03565 -1.96194 1298.41 0.0474611 0.659869 2962.96 2952.55 0.54424 0.145726 0.858477 0.460066 85.5197 2.37353 0.0357356 3310.97 0.632364 0.0996691
1263.91 0.971905 -2.62684 920.688 0.0222157 0.455636 2442.44 2324.94 0.815274 0.506034 0.775771 0.575487 397.146 0.647523 0.200099 2262.91 0.156141 0.0996691
1310.25 0.310255 1.12914 470.745 0.168382 0.0940059 814.793 805.912 0.520965 0.808916 0.849036 0.752153 1074.01 -2.17296 0.220224 2451.34 0.601862 0.0996691
1863.12 -0.0544521 -1.21356 1843.02 0.403218 0.0639017 2597.74 1826.79 0.530126 0.197824 0.905225 0.695238 2023.57 2.61681 0.229908 4835.2 0.552732 0.0996691
2390.9 0.102816 -2.70436 2205.27 -0.439437 0.826564 4946.07 4001.55 0.269994 0.509206 0.391098 0.197207 582.928 -2.49004 0.0798903 5860.79 0.2318 -0.0996691
1525.85 -0.217896 2.73861 1502.22 -0.436789 -1.87673 2297.91 2254.64 0.122047 0.642249 0.822152 0.558159 1298.21 -0.161543 0.170408 4385.29 0.833997 -0.0996691
2307.69 -0.315885 -1.58745 698.747 0.711518 1.84487 2875.86 2897.03 0.345498 0.648218 0.444633 0.707073 1182.09 1.43414 0.00623941 3496.45 0.675428 0.0996691
1276.16 -0.496214 -0.414997 409.253 2.28112 2.31175 3077.95 2937.31 0.809145 0.558002 0.716064 0.672038 609.693 2.92694 0.0603614 1988.81 0.612428 0.0996691
1259.54 0.550045 -0.852078 1192.94 -0.417836 1.91887 2738.16 2653.72 0.594363 0.754179 0.65168 0.798107 385.532 -3.12851 0.492681 2830.06 0.583253 0.0996691
697.309 -0.20316 3.13523 672.517 1.21756 -0.0308606 1780.87 1552.31 0.443896 0.65403 0.755033 0.830406 45.4944 0.363868 0.127086 1389.46 0.910021 0.0996691
1533.35 0.15483 -0.293888 1172.99 0.128927 2.82839 2800.02 2345.31 0.395087 0.791108 0.740605 0.753497 396.364 2.70126 0.124619 2865.87 0.0487508 0.0996691
1658.74 -0.0841059 1.36416 1095.1 0.541788 -1.14536 2726.6 2653.33 0.797689 0.60651 0.606238 0.700734 126.489 -1.97342 0.310557 3651.4 0.951596 0.0996691
332.313 0.298921 -2.38857 296.667 0.947545 0.67882 670.423 621.714 0.685137 0.638969 0.885378 0.812034 41.3646 1.05016 0.141904 629.267 0.82487 0.0996691
1565.46 -0.518051 -1.4345 1084.34 0.437978 2.02016 2898.48 2897.32 0.765393 0.33852 0.669534 0.747676 196.14 0.827954 0.124112 3084.34 0.969278 0.0996691
3299.26 -0.22401 2.901 1201.97 -1.0472 -0.366396 4337.28 4376.85 0.599054 0.483421 0.775702 0.665097 957.318 -0.217272 0.14806 5881.43 0.470762 0.0996691
2409.2 0.487397 1.7876 837.46 0.159313 -1.3033 3075.59 893.528 0.169028 0.60267 0.3957 0.734968 1284.13 -1.33968 0.0316417 3668.87 0.323316 -0.0996691
859.439 -1.69895 0.579624 639.987 0.148011 -2.84281 2163.07 2130.86 0.748048 0.43828 0.780539 0.803212 69.2014 -1.49753 0.440306 1754.3 0.889575 0.0996691
1781.7 0.326843 2.18067 1608.51 -0.646124 -2.77064 2717.6 2741.35 0.145239 0.678155 0.848718 0.688562 896.432 0.037317 0.0463982 5653.73 0.414914 0.0996691
829.601 0.0136185 2.8186 794.469 0.176856 -0.311145 1651.44 1599.94 0.650938 0.742532 0.733481 0.824041 19.2843 -0.783969 0.468969 1612.92 0.0200244 0.0996691
1365.34 0.376812 -0.0568379 746.949 -0.744385 2.93095 2359.73 2329.43 0.28943 0.670764 0.846816 0.713134 624.9 -3.02797 0.330628 2127.35 0.320786 0.0996691
927.534 -0.491744 2.50764 304.916 -0.499247 -2.13127 793.503 1424.91 0.119204 0.716618 0.740274 0.636589 659.484 -0.220002 0.440604 1524.1 0.525705 0.0996691
1602.39 -0.0273437 2.90205 1521.98 0.33894 -2.00754 2091.18 2044.97 0.684056 0.339612 0.610926 0.682296 262.906 1.89883 0.618076 5625.55 0.11469 -0.0996691
1652.05 0.578773 -2.80113 1428.23 1.29868 0.454041 3288.17 3299.47 0.719628 0.600999 0.704938 0.557912 281.696 1.692 0.809159 5112.47 0.249174 0.0996691
1992.05 -0.0838081 0.0591122 1839.21 0.042007 3.09401 3923.75 2962.25 0.484443 0.22206 0.728406 0.595665 257.259 -2.12698 0.739994 3933.43 0.454066 0.0996691
1401.19 -0.757813 2.12657 1165.93 0.298662 -0.963162 2932.96 2961.16 0.231114 0.610155 0.677658 0.663751 76.8729 -1.1398 0.177344 3012.48 0.0955753 0.0996691
355.106 0.110831 0.836632 338.592 0.510697 -2.22568 726.728 631.292 0.558776 0.674843 0.570115 0.705378 17.746 2.59572 1.04368 671.854 0.750014 0.0996691
1377.08 0.880794 1.80121 1341.18 0.0341951 -0.523394 2782.29 2768.4 0.583988 0.623139 0.624637 0.581635 502.153 2.12922 0.327967 4049.41 0.403244 0.0996691
347.325 -1.0607 2.61836 298.833 -2.70883 -0.408941 887.457 864.303 0.26731 0.566033 0.62846 0.750189 48.8392 -1.15048 0.183397 656.584 0.88396 0.0996691
894.485 -1.45864 0.279633 864.604 0.526921 2.42385 2601.91 2376.32 0.405202 0.679316 0.658643 0.600772 104.677 -2.19694 0.694134 3427.37 0.103873 0.0996691
1953.6 0.236437 -3.05982 1659.37 0.568029 -0.261911 3612.81 3631.51 0.442707 0.517561 0.752193 0.604917 247.432 -0.311323 0.0479123 6089.18 0.189991 0.0996691
1392.46 0.879912 0.469144 360.851 -0.0368188 -2.85386 1606.18 1565.88 0.561081 0.66053 0.746663 0.535709 859.25 -2.81429 0.0145519 2089.02 0.354453 0.0996691
1887.19 -1.03118 2.80782 1082.59 -0.164289 0.188161 3060.6 3069.73 0.30316 0.803153 0.762394 0.698071 2035.65 -0.637824 0.139062 4023.03 0.311951 0.0996691
1002.28 -0.562625 0.131013 917.355 1.46793 -2.72889 2994.01 2884.85 0.235014 0.565379 0.787556 0.75003 30.2449 1.87797 0.394414 2233.13 0.926809 0.0996691
1716.2 0.424477 -1.99721 1429.15 0.276103 0.299893 2872.13 2907.4 0.132075 0.61395 0.582616 0.803921 687.193 1.93116 0.132749 4248.54 0.621995 -0.0996691
583.391 0.268292 -0.484386 529.32 -2.3139 2.54094 2223.5 1260.37 0.616626 0.425148 0.770505 0.709117 90.7689 -1.38161 0.0347368 1357.72 0.18824 0.0996691
1048.21 -0.254969 -2.13989 467.648 -0.0809881 0.609418 1392.28 1338.32 0.543776 0.594259 0.714136 0.727282 534.095 1.06991 0.00384414 1669.48 0.93375 0.0996691
1261.36 0.766666 -0.0357631 992.096 -0.843823 3.09505 3015.16 2996.88 0.763594 0.781742 0.899153 0.74648 270.147 -2.74979 0.333877 2759.53 0.933581 0.0996691
997.943 -1.66558 0.474778 762.159 1.07907 -1.95857 3639.59 4116.27 0.591642 0.782366 0.630136 0.713362 1161.38 2.52607 0.654249 2753.17 0.600131 0.0996691
410.95 0.603889 2.37915 364.092 1.29034 -0.845555 839.347 797.91 0.695775 0.859334 0.7355 0.80485 31.3487 -0.534771 0.207196 790.1 0.120319 0.0996691
748.281 -0.89015 -0.781971 497.068 0.0276659 -2.83973 1219.44 1139.03 0.714551 0.620748 0.738506 0.856957 674.207 2.23874 0.805026 1630.54 0.947865 0.0996691
495.064 1.653 -2.80378 468.87 -0.560468 0.286039 1639.2 1511.8 0.815518 0.730642 0.684863 0.789311 47.6743 0.883819 0.369138 954.472 0.026192 0.0996691
2201.28 0.777398 0.35105 1579.43 0.959644 -2.53389 4031.09 2880.64 0.102698 0.366928 0.883031 0.703268 232.939 -0.490748 0.417444 5068.85 0.123004 0.0996691
1231.95 0.132679 -2.51864 880.988 0.43043 0.350451 2103.55 2108.2 0.704647 0.748946 0.665328 0.847235 578.756 0.818511 0.466431 2529.87 0.647183 0.0996691
1475.16 -0.0978935 -1.47929 917.442 -0.246523 1.73427 2350.68 2335.56 0.447152 0.688746 0.364542 0.698067 562.374 1.85697 0.113909 2622.59 0.246016 0.0996691
1439.85 -0.0510794 -2.25338 729.662 1.51214 0.883715 2754.16 2094.55 0.527602 0.31122 0.337297 0.74681 611.042 0.82655 0.0201355 2256.2 0.487875 0.0996691
1571.79 -0.117814 0.705267 1362.31 0.407552 -2.20567 3025.27 3020.67 0.438609 0.607726 0.275386 0.742912 62.7838 1.42809 0.721891 3353.85 0.143177 0.0996691
1880.54 0.987139 0.0826163 1640.88 -1.08055 -2.98354 5590.64 5459.71 0.505463 0.58851 0.82142 0.724925 639.519 -2.89725 0.0800123 4327.96 0.845964 -0.0996691
1077.6 0.55153 1.68555 853.682 -0.798719 -1.50248 2384.41 2344.47 0.527177 0.608326 0.711367 0.752554 221.967 -1.30332 0.0497375 1998.55 0.955832 0.0996691
2029.47 -1.25465 1.01633 1599.06 -0.331186 -1.38673 3976.35 2710.68 0.547359 0.523449 0.518589 0.78234 305.328 -1.20407 0.181279 5330.6 0.475036 0.0996691
2399.42 -0.764593 -2.09899 1750.02 0.0764756 0.580202 4434.49 3825.08 0.166053 0.772327 0.506451 0.693418 405.291 -2.74187 0.407731 5480.07 0.468083 0.0996691
2097.84 0.146367 -1.98858 1327.81 -0.0335013 0.964245 3406.84 1916.74 0.397264 0.111572 0.733467 0.744138 1468.31 0.440366 0.0351576 4773.47 0.576752 0.0996691
315.23 1.0576 2.57192 292.783 -1.07624 -0.5227 1011.34 706.637 0.647037 0.582596 0.714154 0.724262 13.5166 -0.179271 0.000476971 620.989 0.132939 0.0996691
1451.95 0.611296 -1.66629 763.251 -1.11882 0.505968 2788.11 2740.17 0.548752 0.786894 0.464786 0.818028 1237.57 2.11764 0.0351965 2683.15 0.227317 0.0996691
1504.96 0.0764352 -2.85944 1453.33 0.458822 0.583671 3089.86 2817.96 0.318948 0.775272 0.639767 0.862395 438.905 -1.41075 0.135939 3400.4 0.405287 0.0996691
2199.51 -0.0679812 -0.287156 1333.18 0.0826128 -2.84247 3388 2969.27 0.226584 0.672874 0.812303 0.7332 63.8565 2.45053 0.190379 4860.68 0.529895 0.0996691
1050.95 0.685277 -2.03906 1043.98 0.213104 1.07928 2277.23 1668.05 0.365236 0.775435 0.795943 0.718268 29.2062 2.32976 1.2554 2091.86 0.50471 0.0996691
1010.83 -0.91783 -0.120519 431.612 -0.901084 2.88866 1517.46 893.945 0.583686 0.649053 0.575125 0.628306 852.976 2.9623 0.0435612 1863.75 0.888214 -0.0996691
422.892 -0.792244 -0.176021 325.487 -1.86842 -1.5044 643.048 631.003 0.324907 0.869969 0.746073 0.790919 297.712 2.89809 0.0675323 1110.38 0.800371 0.0996691
501.852 0.332683 1.72898 488.555 -1.3841 -1.33575 1395.33 1345.69 0.78858 0.721782 0.786518 0.680833 40.5661 -2.53898 1.00677 972.052 0.902282 0.0996691
1744.61 -0.943326 -3.04849 795.858 -0.295712 -0.0498823 2490.69 2484.21 0.230141 0.703103 0.742699 0.841672 406.296 0.328786 0.261808 3146.66 0.529037 0.0996691
2041.97 -1.12987 -2.48528 1033.22 -1.05688 -0.137171 2693.96 2715.16 0.203686 0.633186 0.715034 0.734976 139.225 -0.152753 0.0149173 4674.79 0.891566 0.0996691
422.523 1.56728 -2.74418 391.002 -0.507104 0.481735 1303.11 1237.85 0.803704 0.637879 0.877697 0.493044 30.5599 -0.0760865 0.556867 803.3 0.0710273 0.0996691
1622.02 -0.391668 2.0727 1345.29 -0.0453385 -0.96888 3009.61 3026.63 0.75942 0.42423 0.719986 0.749466 47.2843 -1.42908 0.0749424 3201.97 0.783711 0.0996691
3282 -0.0286261 0.891017 3159.87 0.636426 -2.00817 6782.3 6853.11 0.37527 0.195316 0.253621 0.814474 199.506 -3.13677 0.991812 7898.63 0.873472 0.0996691
886.433 0.46475 1.34146 710.646 -0.969825 -1.98035 2063.58 1743.55 0.0909362 0.431645 0.687298 0.884224 65.4005 1.17384 0.168257 1989.85 0.309821 0.0996691
1277.51 -0.655749 -2.65144 845.877 -0.00758211 -0.856726 1863.94 1144.26 0.224289 0.170769 0.647503 0.830694 994.394 0.898957 0.322337 2853.92 0.685426 0.0996691
280.389 -0.0277731 -2.14719 267.09 -1.07985 1.08094 633.249 610.241 0.698999 0.631528 0.643278 0.592981 10.4206 -0.336498 1.41943 532.422 0.0377467 0.0996691
1852.94 -0.0809547 -0.939026 1666.27 0.662914 2.20718 3801.36 2997.35 0.529486 0.27004 0.841979 0.721307 175.117 2.12191 0.0687134 3571.36 0.541228 0.0996691
494.945 0.733074 -2.38081 469.661 0.675198 0.72298 977.301 938.744 0.549892 0.756903 0.712651 0.758433 44.6738 1.77058 0.587409 958.791 0.914188 0.0996691
505.155 0.0771546 -1.73819 488.468 1.11696 1.4216 1145.98 1061.33 0.724273 0.710058 0.720656 0.647593 5.61583 1.50324 0.0821373 965.805 0.0468499 0.0996691
1457.69 1.73947 -0.112441 1071.29 0.325639 0.45868 2102.24 2011.85 0.577977 0.757112 0.67803 0.737356 2281.68 -2.95143 0.834681 2732.7 0.811268 0.0996691
2290.8 0.0363337 1.70248 1665.44 0.372104 -1.95915 4071.98 3136.79 0.24002 0.707496 0.640339 0.809766 424.467 -0.743732 0.0789763 4937.68 0.181373 0.0996691
2493.97 0.389965 -1.36514 1283.92 -0.81568 2.22305 4195.27 4194.41 0.537129 0.62274 0.699049 0.585085 702.026 0.796858 0.146341 4960.64 0.868447 0.0996691
2003.65 0.6335 -1.46587 1866.45 0.376028 1.07814 3909.5 2930.8 0.251572 0.204262 0.714778 0.61957 614.46 1.58688 0.0232259 5244.91 0.476337 -0.0996691
779.122 1.22208 2.83754 458.357 -0.194485 0.114677 1540.89 1366.85 0.224266 0.729282 0.823333 0.823368 90.1139 -0.567991 0.393894 1783.19 0.452226 0.0996691
2129.08 0.679526 -3.09058 1244.65 -1.1713 0.908575 4572.62 4611 0.619541 0.523043 0.679123 0.525277 33.5381 -2.46696 0.621849 5002.11 0.479457 -0.0996691
820.97 -0.41431 0.107047 698.019 -0.896515 2.37669 1443.49 1459.54 0.637895 0.632922 0.753972 0.608477 22.413 -1.97067 0.125612 2354.39 0.810696 0.0996691
1837.92 0.230497 1.70009 1214.57 0.853141 -1.16889 3136.14 3064.96 0.575785 0.507725 0.720747 0.706461 83.4865 -1.05859 0.100399 3808.33 0.24983 0.0996691
1524.97 0.951817 -2.70869 679.161 1.25389 -1.02175 1588.73 1564.86 0.348377 0.44988 0.626558 0.755519 866.26 1.15314 0.217635 3246.93 0.67443 -0.0996691
2590.64 0.554656 0.771997 2271.5 0.622468 2.86005 4209.3 4263.54 0.313748 0.290442 0.548982 0.839758 268.931 -1.33782 0.110049 7212.16 0.712931 -0.0996691
1223.99 -0.284978 -2.16782 1080.2 -1.64553 0.87532 2934.86 2514.68 0.640596 0.701708 0.683555 0.576409 75.3185 2.60113 1.24304 2429.65 0.198441 0.0996691
1305.81 0.794969 -1.11642 1201.91 0.0427223 2.03058 2701.82 2700.93 0.486982 0.705251 0.661583 0.663065 84.9827 3.09313 1.05748 2612.44 0.0414722 0.0996691
1262.14 -0.740114 -1.62311 1045.62 -0.349588 2.51063 2080.91 2075.85 0.313421 0.357817 0.335398 0.81443 617.391 1.56878 0.203505 3371.34 0.886711 0.0996691
1400.46 0.125873 0.986022 1011.3 1.68806 1.82214 2457.58 1842.77 0.118813 0.650468 0.698451 0.743484 850.948 -2.23272 0.00570464 4253.54 0.954214 0.0996691
851.345 1.12069 -1.78738 421.569 -2.04221 1.53448 3038.01 3029.69 0.435522 0.623237 0.811953 0.709413 258.291 1.40076 0.143812 1820.36 0.355178 0.0996691
2763.39 -0.117956 0.704599 1988.63 -0.25764 -2.0064 4688.48 4392.24 0.365611 0.509617 0.5522 0.606867 168.595 -0.33168 1.03804 6229.11 0.475447 -0.0996691
1806.73 -0.963035 -1.70482 1399.21 1.08457 2.50531 4737.54 4755.18 0.740024 0.668605 0.674601 0.755906 530.074 2.09586 0.407158 5396.55 0.969215 -0.0996691
1394.71 0.0400968 0.639419 1047.08 1.3927 -2.23178 2996.38 2907.18 0.314452 0.51921 0.787754 0.550688 123.325 -1.54611 0.64317 2967.06 0.22789 0.0996691
1985.96 -1.22932 -1.24825 1562.03 0.269795 3.10621 4164.06 3890.8 0.379567 0.457818 0.650479 0.666235 550.364 1.09719 0.0520409 5572.4 0.980388 0.0996691
1471.47 0.722687 -2.89515 1205.01 0.430235 -0.0210755 2688.92 2685.06 0.563407 0.75717 0.625752 0.870487 298.548 0.0816523 0.0997321 3041.47 0.169358 0.0996691
769.315 -1.08114 -0.259014 687.815 0.5975 -1.55112 1656.63 2924.73 0.579144 0.784102 0.707241 0.738637 87.7622 0.859235 1.03985 2639.67 0.97267 0.0996691
534.8 -0.731786 -2.03632 473.564 -1.61068 0.505889 1113.5 922.92 0.76493 0.312324 0.76823 0.783377 207.694 2.27207 3.17097e-05 1119.88 0.601928 0.0996691
1493.47 -0.0153012 2.95666 285.952 1.34272 1.19155 1416.95 1336.62 0.666496 0.730513 0.799693 0.722978 1393.99 -0.358933 0.113955 1804.72 0.942485 0.0996691
448.613 -1.92261 0.0751546 254.76 -0.180164 2.73037 970.806 793.677 0.750244 0.497589 0.701861 0.826321 204.912 -3.01935 0.0812802 805.606 0.717993 0.0996691
1224.29 0.340327 1.41586 912.73 -0.815717 -1.07527 2425.68 2320.39 0.203475 0.627961 0.738771 0.768319 77.4865 -0.273034 0.794981 2999.41 0.949932 0.0996691
2420.85 -0.980003 -2.0301 1707.87 -0.709756 1.10921 4288.29 3679.63 0.67505 0.247703 0.734053 0.855039 927.963 0.815805 0.0699926 5185.55 0.304093 0.0996691
1867.6 0.345035 0.538271 1768.76 -0.43822 -2.5979 3933.94 3951.12 0.474425 0.719082 0.338402 0.798114 110.52 -2.93033 0.330096 6842.11 0.0277972 -0.0996691
967.512 -0.27627 -0.416318 577.215 0.856275 2.87437 1801.9 1184.06 0.418551 0.292014 0.722089 0.633566 211.95 2.66927 0.0554051 1755.39 0.884992 0.0996691
380.086 2.03116 -0.153677 365.192 -0.870595 2.34612 1666.95 1610.53 0.756765 0.56144 0.732607 0.751258 40.38 -2.576 0.499621 899.464 0.678304 0.0996691
273.211 -2.18413 1.79867 266.443 -0.999594 -1.25001 654.956 588.995 0.662846 0.847574 0.686437 0.681828 19.8293 -2.34754 1.06683 513.662 0.0391986 0.0996691
303.554 -1.12679 1.11685 296.768 1.43493 -2.03433 1169.99 1088.65 0.552061 0.736795 0.71301 0.690218 13.1957 -2.8159 0.750822 600.363 0.0552901 0.0996691
1176.12 -0.737724 -3.10448 570.662 0.941528 -0.4293 2227.32 2217.14 0.541514 0.718848 0.685238 0.779681 572.38 -0.454164 0.0238656 2403.05 0.92328 0.0996691
592.177 -1.22414 1.51015 581.728 -0.661369 -1.62921 1244.43 1176.71 0.700561 0.726149 0.746324 0.637388 13.2559 -0.31968 0.690654 1173.19 0.930094 0.0996691
776.69 -0.184465 -0.997793 752.908 0.197632 2.12586 1574.52 1533.56 0.641846 0.779927 0.662345 0.880962 13.4816 3.13413 1.00978 1521.09 0.0308206 0.0996691
950.107 0.671487 2.03933 769.897 -0.904652 -0.767986 2263.9 2183.53 0.700836 0.598628 0.777768 0.713336 171.351 -1.38199 0.261686 1941.35 0.95211 0.0996691
2613.89 0.184113 1.70259 1448.84 -1.51691 -1.65492 5719.62 4732.41 0.154871 0.271394 0.536784 0.787493 70.2248 -2.16274 0.0814977 5333 0.943969 0.0996691
630.509 0.722107 -0.517144 521.559 1.87287 2.55386 1358.89 1335.83 0.834851 0.437717 0.817273 0.692028 79.8048 2.85107 0.00235009 1164.74 0.933351 0.0996691
1433.18 -0.477971 -1.63814 1419.83 -0.438892 2.17556 2712.17 2710.62 0.367467 0.866631 0.625991 0.636082 771.902 0.100432 0.00818034 3319.13 0.507405 -0.0996691
1144.48 -1.2567 0.719691 505.534 1.51336 2.3474 3071.53 2786.63 0.664394 0.660361 0.787264 0.70929 826.341 -2.0422 0.182454 2321.63 0.696921 0.0996691
301.787 -0.379092 2.53062 300.479 0.5685 -0.630672 689.09 643.796 0.608171 0.805309 0.522303 0.757951 15.2107 -2.39542 1.37415 571.336 0.05389 0.0996691
1026.23 1.16087 -2.21064 791.297 0.483499 0.249564 1831.02 1779.46 0.400961 0.534935 0.66441 0.853704 78.6374 -0.734423 0.568917 2556.38 0.917225 0.0996691
668.949 1.88483 0.808101 501.855 0.689756 -2.87039 1399.38 1215.94 0.522791 0.431477 0.678436 0.724235 59.4253 -2.78562 0.0820594 1506.14 0.93063 0.0996691
1893.41 0.366072 0.338675 1279.47 -0.643494 -2.74305 3523.3 3555.1 0.599286 0.231478 0.671882 0.919267 605.966 -2.86592 0.12263 3269.86 0.197321 0.0996691
1047.56 -1.29154 -2.94027 563.48 0.140603 0.972698 1887.74 1719.16 0.657295 0.481922 0.533847 0.703955 818.261 -0.551057 0.0137625 2010.25 0.566856 0.0996691
2747.63 -0.173693 0.927941 2708.81 0.653036 -2.55876 5882.09 5823.48 0.603959 0.245257 0.502257 0.73186 220.996 3.13861 0.585164 7126.11 0.557878 -0.0996691
312.545 0.619566 -1.62397 301.062 0.694661 2.83158 501.222 472.189 0.695754 0.783058 0.705903 0.719087 54.1713 0.304817 0.236584 1059.62 0.286079 0.0996691
1322.64 0.929677 0.523907 776.848 -0.282968 -2.69254 2442.68 2413.12 0.578092 0.629606 0.731787 0.672387 435.114 -2.73107 0.031688 2258.93 0.269451 0.0996691
733.469 1.56976 1.47992 558.886 0.404575 1.34598 808.69 808.697 0.736545 0.798959 0.905947 0.663764 683.249 -1.77424 0.397542 2024.11 0.209096 0.0996691
952.477 0.623473 -0.571535 755.587 -0.454134 2.99296 1933.71 1905.73 0.670739 0.631141 0.655462 0.742457 264.641 1.61702 0.0854449 1827.54 0.894834 0.0996691
1701.53 0.341336 -1.4996 1275.3 0.627747 1.67536 2996.04 2999.79 0.0699328 0.856268 0.88109 0.797797 116.562 1.89339 0.216688 3339.29 0.151477 0.0996691
411.056 0.451895 -1.37039 389.279 -1.14503 1.72128 1083.79 1013.33 0.734106 0.76466 0.81324 0.829759 44.3353 1.81556 0.0714585 787.734 0.0464314 0.0996691
1095.59 -0.326934 2.86401 805.632 0.328841 -2.47732 1131.25 1040.36 0.418756 0.444047 0.591357 0.775992 1481.99 -0.00437306 0.0229826 2420.44 0.573971 0.0996691
1476.31 -0.13949 0.399464 1463.1 -0.521609 -3.10467 2952.8 2982.53 0.544228 0.544925 0.74817 0.801286 56.2382 -1.23892 0.00818956 3498.27 0.964957 0.0996691
276.418 0.442707 1.45791 260.954 0.413195 -2.6032 492.606 474.568 0.75495 0.540516 0.645796 0.703202 3.21693 0.206132 0.83273 771.551 0.54788 0.0996691
1458.67 -0.279596 2.22068 1359.85 0.245862 -1.43905 2845.58 2848.29 0.680123 0.214834 0.773131 0.441993 121.46 1.97675 0.244752 4517.48 0.259458 -0.0996691
354.563 -1.88152 -0.498681 349.318 -0.14952 2.60344 992.973 941.667 0.526023 0.713239 0.691234 0.589905 10.6812 -1.73202 1.23334 702.518 0.864077 0.0996691
1322.26 0.962368 -2.95876 1301.39 1.25749 0.21037 2661.91 2682.76 0.562894 0.247425 0.752186 0.778769 12.6639 -1.55403 1.4029 2648.63 0.0137157 0.0996691
1428.68 0.115993 2.45771 1384.08 0.302892 -0.772283 2867.97 2706.53 0.582016 0.449779 0.57222 0.390261 183.272 2.26916 0.190223 3110 0.0635996 0.0996691
1456.76 0.203418 1.88826 998.267 -0.126021 -1.27269 2479.4 2404.01 0.616519 0.442284 0.650683 0.642548 213.452 -1.89663 0.0135043 3004.31 0.292141 0.0996691
2534.84 -0.193473 0.0101885 1376.28 -0.00677704 2.55035 3674.96 2598.73 0.207373 0.724903 0.741094 0.712248 371.298 -2.45002 0.228506 5275.13 0.134232 -0.0996691
1937.96 0.354301 -0.0606368 1904.82 -0.0826033 1.77797 3213.18 3183.76 0.657534 0.439923 0.73851 0.770915 1166.12 -2.66069 0.314557 6072.37 0.314279 -0.0996691
1927.43 0.0976374 1.53 1394.08 -0.379859 -1.11262 3321.46 3087.47 0.526915 0.731227 0.640752 0.668667 1063.89 -1.18389 0.0544462 4957.69 0.275042 -0.0996691
867.693 0.0731554 2.09066 512.45 0.269297 -0.892574 1367.55 1260.59 0.745668 0.800493 0.873563 0.732625 133.398 -0.999358 0.123198 1591.5 0.316 0.0996691
490.964 0.0599713 -2.16461 471.65 -1.99067 0.867219 1530.56 1479.86 0.725988 0.734154 0.871656 0.832666 8.2073 0.428204 0.447406 1001.33 0.920265 0.0996691
1514.43 -0.85483 -1.6674 1426.78 -0.345749 1.15802 3027.09 2955.92 0.476019 0.372741 0.861979 0.535498 106.436 0.987436 0.16781 3825.35 0.685952 0.0996691
1438.34 0.91239 2.74985 1413.68 -0.496516 -0.351309 3634.18 3421.01 0.505347 0.549753 0.700446 0.511983 64.6142 -1.62951 1.21876 2880.02 0.0649108 0.0996691
310.205 -2.50677 2.35388 296.585 -1.00546 -0.964454 804.533 770.148 0.620672 0.603664 0.721137 0.833811 32.405 -0.295915 0.660279 608.331 0.0978116 0.0996691
2026.69 -0.677966 -1.35129 1692.11 -0.668596 2.12176 3847.55 3032.07 0.346027 0.519251 0.692765 0.595131 349.466 1.94154 0.181943 6486.6 0.0628843 0.0996691
504.139 0.126833 -2.52489 480.297 -0.559441 0.611025 1065.84 932.523 0.734594 0.464918 0.738134 0.628792 11.4086 0.462745 0.188048 983.562 0.716098 0.0996691
317.873 -0.457026 -2.00795 281.123 -0.796095 0.950085 613.728 572.531 0.523075 0.584209 0.771281 0.590574 0.182811 1.7651 0.306979 672.372 0.716511 0.0996691
1364.35 0.483652 -1.48161 845.534 1.24753 0.552841 2056.66 1968.35 0.363347 0.653105 0.593651 0.719487 1194.27 2.49872 0.174138 2850.74 0.361167 -0.0996691
815.336 0.118296 0.0706837 785.42 -0.894994 3.11932 1838.88 1774.59 0.477385 0.838762 0.719236 0.842712 49.4361 -1.63532 0.561752 1627.54 0.3864 0.0996691
465.062 -0.306671 -3.00746 272.178 -0.166909 0.270829 721.807 710.683 0.699219 0.815074 0.710345 0.835983 11.6788 -0.974486 0.966847 890.816 0.56248 0.0996691
2139.2 -0.597086 -1.13482 1101.57 -1.03735 1.70287 3126.89 3137.03 0.110324 0.416209 0.874918 0.830569 227.813 2.56769 0.179889 4581.6 0.543902 0.0996691
338.296 -0.507276 -2.31858 298.7 0.0214755 0.776761 672.342 641.504 0.616317 0.584949 0.721935 0.581886 43.7238 0.963865 0.139777 641.105 0.104588 0.0996691
1274.55 -0.638591 -2.54715 510.164 -0.67104 -0.950858 1234.13 978.551 0.41316 0.599885 0.677535 0.667525 1223.83 1.01063 0.524195 1942.3 0.786379 0.0996691
702.693 -0.231914 0.295331 494.054 1.74714 -3.00605 1814.94 1757.38 0.716355 0.48646 0.709851 0.411024 80.289 -2.57379 0.128881 1322.76 0.62896 0.0996691
2681.29 -0.402825 -0.604351 1858.45 -0.845773 2.83013 4850.25 3723.44 0.315733 0.458206 0.611646 0.791955 623.385 2.07693 0.127043 5067.46 0.394493 0.0996691
1821.1 -0.309871 2.92205 875.518 -0.344352 -0.761948 2463.39 2400.77 0.597076 0.655007 0.638539 0.750175 388.025 -0.857829 0.0874885 3768.57 0.417485 0.0996691
1446.97 -0.32595 1.54822 1347.48 0.864437 -1.5965 3365.06 3154.9 0.505207 0.341238 0.496442 0.822218 84.1273 -1.38894 0.103776 2888.4 0.957412 0.0996691
2027.93 0.42216 -1.28926 1262.53 0.00602892 1.02302 3036.09 2449.41 0.771303 0.754099 0.748228 0.792243 64.5516 2.89955 0.363269 5585.21 0.67415 0.0996691
1218.98 0.657342 -2.27873 1183.86 -0.46447 0.932281 2833.3 2687.01 0.391015 0.824281 0.735783 0.855271 74.8335 0.515203 0.416838 2499.76 0.0520257 0.0996691
686.852 1.68569 -0.877867 564.781 -0.61947 -3.00178 2159.02 2652.85 0.58655 0.101833 0.809636 0.904931 28.1729 0.485584 0.072614 2272.69 0.24313 0.0996691
721.18 -0.892476 2.80718 697.067 0.34043 -0.260049 1709.97 1638.6 0.802051 0.474833 0.826051 0.685285 60.7123 -1.4552 1.19456 1399.25 0.0394202 0.0996691
1964.16 0.308178 0.0956142 1873.42 -0.113357 -3.0714 4053.22 2991.14 0.264285 0.183482 0.794049 0.599889 103.463 -2.45544 0.244449 4005.23 0.397604 0.0996691
896.519 0.526124 -2.34536 808.337 1.02777 0.844203 1773.52 1729.99 0.607827 0.665262 0.562839 0.72213 91.7635 0.594769 0.227982 1706.95 0.0654621 0.0996691
3214.84 -0.199573 -2.83681 1950.89 0.129298 0.63757 5182.23 4212.38 0.121539 0.456873 0.56562 0.794512 379.838 0.578738 0.060212 6613.36 0.294984 0.0996691
472.068 1.17376 -2.19662 468.246 -0.29334 0.892177 1218.17 1167.96 0.743616 0.799562 0.676762 0.756481 23.1142 2.3106 1.42182 942.695 0.905822 0.0996691
996.938 0.312535 -0.38376 889.43 -1.67064 2.51303 2888.28 2876.65 0.52737 0.702803 0.77537 0.778499 125.936 1.25107 0.162358 2455.36 0.889826 -0.0996691
2396.28 0.0230466 -1.46134 1786.88 0.240891 0.699543 3751.55 3642.69 0.581896 0.545686 0.760371 0.411776 520.089 2.05488 0.391399 5940.94 0.831885 0.0996691
2026.45 -0.0126913 0.785204 1407.3 0.949808 -2.0285 3837.92 3629.06 0.294991 0.571895 0.72783 0.552233 49.9573 -1.03358 0.65589 5498.37 0.254699 -0.0996691
433.046 -1.04305 -3.10581 374.376 -0.530652 0.248636 852.564 781.836 0.60508 0.676471 0.741413 0.831521 15.2354 2.15911 1.02337 887.325 0.62638 0.0996691
1796.74 -0.149701 2.0198 1080.57 -0.466264 -0.900607 2825.47 2844.98 0.685245 0.478909 0.727678 0.25567 89.4169 1.2802 0.740852 3791.96 0.386552 0.0996691
700.929 -0.965912 -2.69999 368.555 0.986114 -0.203278 1519.3 1460.47 0.698611 0.622482 0.837382 0.724471 267.298 0.88112 0.13083 1244.65 0.588685 0.0996691
1463.1 -0.664128 -0.984734 1192.64 -0.144397 1.86166 2725.04 2685.33 0.285373 0.60024 0.836935 0.673014 611.115 2.42989 0.0180891 3163.6 0.963029 0.0996691
394.25 -2.0528 0.817477 345.68 0.165944 -1.94844 1250.64 1166.1 0.322424 0.678066 0.617492 0.64559 96.1124 2.81493 0.0612307 842.964 0.543008 0.0996691
403.954 -0.997697 -1.21512 379.694 -2.4802 2.19554 1016.14 979.106 0.576222 0.759786 0.846368 0.723684 93.7259 0.778111 1.44725 762.97 0.159578 0.0996691
2591.38 -0.642821 -2.68848 2399.83 0.0826991 -0.266601 5045.37 5038.2 0.532556 0.431489 0.681334 0.518227 314.06 -2.47248 0.221638 7034.29 0.485472 -0.0996691
452.095 0.132936 -1.26039 440.982 -1.10731 1.81871 1078.2 1062.01 0.293657 0.722683 0.754101 0.649442 32.3522 -3.06073 1.40805 879.878 0.052987 0.0996691
1706.51 -0.665148 1.36457 841.977 0.331072 -1.2315 2645.23 2582.46 0.10093 0.662341 0.714322 0.689208 1109.52 -2.20313 0.197201 2587.16 0.95043 0.0996691
876.822 -1.42012 0.615952 785.642 -0.495495 -2.57365 1951.52 1647.85 0.693809 0.245461 0.603477 0.727415 89.3211 -2.17846 0.0622151 1705 0.533009 0.0996691
747.445 1.42954 -0.595042 666.402 0.0740392 -0.468407 1088.11 1016.41 0.534643 0.626225 0.822636 0.810679 848.205 2.49809 0.00916338 2034.3 0.236404 0.0996691
1737.88 -1.20611 -1.65045 1480.45 0.338223 1.30779 4308.7 3444.02 0.190251 0.666101 0.715455 0.756787 67.3387 2.48922 0.110564 3877.98 0.890086 0.0996691
2071.93 0.524819 0.396169 1910.9 -0.676458 1.84106 3661.27 3696.73 0.371283 0.274819 0.532956 0.883168 552.756 -1.83801 0.21768 6497.57 0.423493 -0.0996691
1677.69 1.27175 0.282138 1593.04 0.223293 -2.472 3946.45 3619.88 0.678212 0.102951 0.690674 0.660338 1096.8 -2.80337 0.193979 4608.63 0.359602 0.0996691
1666.58 -0.0254739 -3.10651 1223.79 -1.14053 0.973021 3062.4 3066.44 0.159872 0.392469 0.880391 0.756673 169.782 0.0614146 0.0402642 4589.6 0.436729 0.0996691
2635.24 0.137434 -0.119244 420.777 -0.485858 2.99666 2487.31 982.673 0.207259 0.437946 0.65614 0.753847 2214.3 3.02504 0.306895 3177.21 0.742994 -0.0996691
1098.29 -0.885584 1.31232 840.65 0.972495 -1.79131 2821.18 2822.95 0.718893 0.451178 0.751328 0.753399 127.66 -1.68581 0.105145 2087.5 0.124939 0.0996691
1491.28 -0.059991 0.0177295 1452.33 -0.375623 2.73476 2975.22 2293.86 0.255371 0.417057 0.460469 0.670618 26.3847 -0.218264 0.167767 3825.9 0.46799 -0.0996691
1589.01 0.930445 -1.47598 791.209 0.997826 -3.12218 1753.48 1539.01 0.254486 0.776664 0.767031 0.704797 1517.75 1.22069 0.331718 2693.08 0.527555 -0.0996691
1612.25 -0.395228 2.38405 1398.76 0.164968 -0.683576 3144.06 3051.58 0.586537 0.525932 0.459425 0.799601 125.704 1.65408 0.483531 3511.03 0.657283 0.0996691
1751.79 -0.0367984 -1.59492 1117.16 -0.416394 1.59443 2933.47 2488.54 0.253914 0.664185 0.644366 0.704785 634.321 1.46975 0.126998 2945.76 0.160379 0.0996691
366.696 1.76677 -3.14073 281.436 1.73682 0.0422711 657.11 610.397 0.685826 0.71868 0.653356 0.707341 78.3482 -0.207425 0.13594 640.631 0.877413 0.0996691
1858.04 -0.0332222 1.75191 1612.15 0.509785 -0.812475 3589.01 3176.38 0.504883 0.187729 0.672382 0.831223 500.473 -1.69288 0.138908 5144.7 0.468108 0.0996691
1431.92 -0.167216 -2.50462 1232.64 0.141248 0.402125 2702.15 2654.75 0.40483 0.421084 0.697164 0.293694 135.665 1.4755 0.982182 3109.42 0.72318 0.0996691
431.613 -1.73388 2.19131 336.225 -0.793713 -0.939124 919.36 739.459 0.381489 0.360343 0.715361 0.716312 99.7169 -1.08326 0.145297 756.837 0.538776 0.0996691
2679.7 0.515449 2.88212 838.589 0.519489 -0.105106 3002.08 2997.82 0.722173 0.63476 0.587452 0.733373 1949.89 -0.135777 0.035867 3930.99 0.536917 0.0996691
1820.95 0.301304 -0.206223 1468.29 -0.645755 2.93349 3690.09 3438.05 0.597082 0.533388 0.791705 0.635173 1029.21 -2.73475 0.108894 4876.84 0.901522 0.0996691
1469.32 1.08646 -2.73083 1232.06 0.132063 0.210102 3000.83 2997.75 0.517339 0.644717 0.901185 0.737206 257.221 0.267715 0.0650294 3233.18 0.139159 0.0996691
1281.67 -1.74091 0.540826 466.167 1.67207 -0.540693 4206.56 1613.29 0.531195 0.632626 0.791757 0.720001 1021.29 -3.13636 0.0347724 2576.31 0.251548 0.0996691
3445.99 0.174269 -0.339951 3293.14 -0.285964 2.72205 7352.73 5469.94 0.182867 0.2286 0.769095 0.321047 306.396 -2.41826 0.527791 7154.86 0.0650088 0.0996691
302.042 1.12273 -2.40783 271.687 1.81549 0.352511 653.975 528.888 0.372895 0.380072 0.78777 0.842161 18.3238 -1.22272 1.03659 700.918 0.802897 0.0996691
2209.79 -0.593817 -3.0771 1956.26 0.290952 0.33542 4555.33 4617 0.427929 0.228189 0.744976 0.664023 110.418 -1.95663 0.79477 4795.55 0.978272 -0.0996691
1513.41 0.373518 2.2202 1066.41 -1.12212 -1.30636 3302.02 2985.71 0.505672 0.831754 0.5833 0.590747 389.747 0.24072 1.01851 2946.31 0.589399 0.0996691
2331.26 0.905722 1.80964 2132.13 0.322532 -2.32903 4349.32 4776.46 0.535148 0.155607 0.490961 0.694446 253.411 -0.579624 0.285435 6452.19 0.506703 0.0996691
774.066 1.33922 1.07078 713.513 0.0894445 -1.90498 1818.44 1681.82 0.678411 0.720651 0.794487 0.792699 129.212 -2.9364 0.995009 1487.02 0.125648 0.0996691
2800.75 -0.232447 -1.42845 690.875 1.37771 1.32253 3798.36 698.954 0.210822 0.573145 0.632336 0.750751 2154.9 1.81337 0.44284 3611.18 0.967579 0.0996691
1374.38 -0.121254 -2.65588 1373.94 -0.178505 0.417155 2763.23 2783.01 0.749569 0.312365 0.834597 0.725979 106.888 2.02101 1.60069 2774.41 0.0338923 0.0996691
355.783 0.363809 -0.777023 322.221 -1.28975 2.3778 938.933 850.291 0.762019 0.812024 0.650168 0.69717 37.5136 1.55375 0.800431 673.632 0.846373 0.0996691
580.657 0.490723 -0.993951 512.078 -0.50073 2.11406 1286.23 867.551 0.698542 0.371454 0.762765 0.775421 32.0129 2.52452 0.0077033 1104.73 0.507573 0.0996691
3103.19 0.244309 -2.46421 1769.83 0.0374438 1.59017 4256.06 4265.2 0.716896 0.30729 0.648141 0.700897 924.664 0.85984 0.449504 7227.5 0.535185 0.0996691
725.42 -1.15295 3.04864 669.022 1.10646 -0.611018 2365 2300.21 0.819 0.730884 0.652598 0.829161 171.961 1.33084 0.348938 1819.88 0.416289 0.0996691
425.317 0.34114 0.327518 334.323 1.25533 -1.97799 792.919 714.799 0.802108 0.764618 0.698816 0.739125 32.1289 -1.59267 0.356011 1121.12 0.749452 0.0996691
467.361 1.37544 1.35526 457.916 1.5761 -1.8194 945.813 911.483 0.696197 0.780202 0.798184 0.75288 25.3438 -0.0136004 1.36021 902.72 0.00768957 0.0996691
534.001 1.15761 0.132354 396.23 0.671891 2.51683 907.02 864.223 0.634939 0.728162 0.718274 0.801333 10.7641 0.809186 0.671173 1322.08 0.72227 0.0996691
457.099 1.14622 0.596004 281.856 -0.725194 -2.43939 1074.82 993.098 0.541117 0.74549 0.795584 0.753882 75.3284 2.89236 0.76054 834.845 0.669309 0.0996691
595.326 1.55214 -2.5742 560.113 1.43399 0.543126 1176.43 1136.62 0.602438 0.680349 0.753795 0.710738 38.5744 0.313584 0.228279 1152.77 0.0568004 0.0996691
636.596 -0.673304 1.61094 415.988 -0.731278 -1.45978 1044.63 1005.27 0.587001 0.711726 0.755913 0.639154 196.822 -1.56871 0.138554 1080.52 0.239738 0.0996691
1254.54 0.0407926 -2.20784 252.134 -1.33583 1.08 1452.73 1265.86 0.321216 0.759497 0.839543 0.730116 1035.31 0.937493 0.145321 1525.71 0.641255 0.0996691
1686.27 0.645089 3.00215 1332.02 0.833869 0.453571 2896.55 2889.9 0.52089 0.581433 0.773779 0.771716 139.038 2.42245 0.579247 4163.85 0.962449 -0.0996691
1359.16 0.261448 2.60967 982.004 -0.979166 -0.824887 2775.53 2648.46 0.678766 0.493107 0.651879 0.771406 200.945 2.40609 0.205836 3039.74 0.229008 0.0996691
1667.55 -0.492245 -1.7754 1621.04 0.710448 1.17175 3935.98 3709.48 0.602327 0.624176 0.63771 0.689568 76.1556 1.22205 0.0638958 4226.49 0.0971891 0.0996691
412.128 0.785573 -0.11163 390.469 1.39507 2.95552 856.821 800.965 0.691791 0.633144 0.651297 0.807882 41.1297 -2.23083 1.08934 789.583 0.0412539 0.0996691
2110.36 0.110516 2.68023 1543.01 0.233093 -0.464345 3712.48 2637.31 0.318641 0.387489 0.795998 0.761769 530.238 -0.730054 0.275169 4000.53 0.16891 0.0996691
2387.27 0.0579962 -0.515845 1801.17 1.19016 2.96424 5012.27 3845.01 0.27365 0.562455 0.670043 0.584124 119.94 -1.50229 0.7255 5426.06 0.317245 0.0996691
820.333 1.43807 -2.38752 390.789 -1.36264 0.397017 2442.92 2276.59 0.783412 0.786178 0.786395 0.871918 290.57 0.584144 0.175332 1411.72 0.411443 0.0996691
2377.71 0.601002 0.556964 1943.87 0.234471 -2.67251 4387.33 4396.15 0.699462 0.366708 0.638636 0.781235 184.91 -2.08513 0.586511 4711.33 0.109148 0.0996691
2513.84 0.657433 1.8244 1794.36 -0.200348 -0.74385 4518.49 4410.64 0.0580553 0.518283 0.846807 0.531476 720.173 -0.552256 0.00119644 5917.69 0.945024 0.0996691
1487.65 -0.328984 -0.0777589 1223.85 0.528202 -2.85141 2922.9 2944.15 0.704407 0.059045 0.733551 0.750935 53.6158 1.31866 0.373289 3272.18 0.963508 0.0996691
1877.74 -0.019182 2.53488 1628.78 0.464293 -0.578047 3881.9 2836.15 0.115171 0.576461 0.790645 0.688005 230.738 -0.804158 0.134844 3746.89 0.825704 0.0996691
1701.85 -0.650438 -2.06077 1641.2 -0.351596 1.77982 3205.1 3181.5 0.554462 0.675815 0.701778 0.940199 57.7634 -1.55621 0.379442 4663.6 0.974788 0.0996691
474.73 -1.64804 1.16079 426.937 -1.88864 -1.76347 918.579 877.094 0.701708 0.74118 0.603852 0.730151 77.1403 -2.34207 0.271465 1528.45 0.697881 0.0996691
1721.51 -0.0445885 2.73524 1710.98 -0.662215 0.9206 2919.3 2954.18 0.165652 0.411211 0.301653 0.78063 145.715 0.890087 0.0284582 5940.02 0.274475 0.0996691
632.347 -0.950695 -1.88292 345.372 -0.899147 1.35285 1001.34 657.726 0.457482 0.796894 0.811158 0.680045 288.472 1.14054 0.236755 974.401 0.227877 0.0996691
2113.85 0.869067 1.35016 1900.51 -0.232169 -2.0653 4662.45 4591.87 0.36288 0.594598 0.810583 0.627519 165.326 1.61987 0.253921 4783.88 0.149266 -0.0996691
1609.81 -0.0506693 0.0171533 1602.88 -0.085564 2.94292 3224.94 3175.88 0.642516 0.815483 0.553047 0.769867 164.329 -0.322454 0.254185 3593.26 0.957409 0.0996691
1784.87 0.941854 -2.0851 1050.21 -0.0805002 1.43126 3083.86 3043.01 0.561116 0.825938 0.541561 0.848232 83.8653 0.429711 0.0109121 3763.05 0.918754 0.0996691
1888.09 -0.427098 -3.00469 1034.09 -0.913889 -0.0115168 2901.38 2638.13 0.443402 0.438195 0.886349 0.387928 850.71 0.32853 0.0433609 2999.43 0.0397912 0.0996691
486.762 0.441345 -1.50721 414.735 2.00963 1.93521 1193.5 1158.39 0.456479 0.629636 0.814823 0.701811 44.4894 -0.128542 0.187284 1047.9 0.345818 0.0996691
1547.61 -0.438252 0.503573 1220.85 0.648903 -2.18455 3113.17 3146.13 0.660747 0.800008 0.644754 0.568864 63.6163 -2.6861 0.501068 3432.22 0.253284 0.0996691
783.021 -1.00714 2.55823 771.688 -0.197258 -0.588082 1699.97 1670.21 0.5562 0.550687 0.690329 0.606174 20.5547 -0.0244666 0.371584 1553 0.944376 0.0996691
429.612 0.128337 1.43189 401.59 2.28354 -1.64084 1372.04 1307.15 0.767321 0.670806 0.805665 0.750736 21.7229 -2.54147 0.871609 832.879 0.0725165 0.0996691
2526.79 0.173111 2.68445 2133.12 -0.66203 -0.826089 5025.04 5061.76 0.543386 0.164601 0.746364 0.610148 103.014 -0.290141 0.536914 6806.98 0.20036 0.0996691
336.114 0.293922 -1.116 294.091 1.3705 2.48677 751.618 561.564 0.561659 0.699586 0.731751 0.807184 136.597 0.986808 0.0794145 650.551 0.425501 0.0996691
1124.3 -1.49861 -2.69424 327.839 1.14809 0.241052 2517.76 559.58 0.200428 0.451838 0.650249 0.508413 797.662 0.565339 0.328385 1615.66 0.475842 -0.0996691
1722.04 0.440736 1.21819 1513.22 0.45727 -1.17799 3012.89 3050.01 0.540911 0.21257 0.242016 0.899257 183.522 1.92382 0.705725 4608.13 0.369935 0.0996691
2238.52 0.985344 -2.34783 1798.8 -0.787697 0.0377099 5559.59 4897.5 0.172299 0.579222 0.483895 0.702213 646.666 1.89684 0.30915 5003.97 0.396975 0.0996691
2296.96 0.120536 -0.635882 1430.03 -0.25298 2.34127 3778.95 3568.92 0.512459 0.643623 0.518861 0.5686 957.115 2.26388 0.0668221 4561.54 0.816105 -0.0996691
314.218 2.12361 -1.90625 309.429 1.79933 1.24192 651.472 574.315 0.665812 0.774087 0.594949 0.674307 10.8056 0.301772 0.761725 612.342 0.794219 0.0996691
777.408 -0.766344 -1.67166 564.289 0.83366 1.48521 1774.8 1794.65 0.650621 0.0530399 0.797981 0.671041 19.8286 1.30054 0.115628 1538.86 0.62415 0.0996691
1760.82 -0.122554 -0.579477 1327.66 -0.392615 2.94254 3107.25 3088.22 0.682805 0.537041 0.454636 0.769755 645.656 -0.727579 0.125795 4495.88 0.237939 -0.0996691
2478.09 -0.214686 -0.793441 2211.57 0.203315 1.66384 4725.69 4204.56 0.220996 0.495176 0.558676 0.557104 1317.01 -2.44526 0.792454 5610.84 0.961898 0.0996691
1000.06 -0.436907 0.8376 672.861 1.40484 -2.49565 2409.16 2324.38 0.67166 0.61784 0.727469 0.693153 219.046 -2.83891 0.340343 1945.34 0.842295 0.0996691
1312.61 -0.617551 -1.93736 1019.82 -0.588399 1.81874 2445.82 2271.89 0.319953 0.489629 0.598549 0.522361 77.3638 2.24174 0.116819 3427.75 0.204317 0.0996691
1804 0.516757 -0.440717 1776.93 -0.244286 2.67109 3917.62 2912.11 0.163604 0.27464 0.521287 0.813824 57.6162 -2.50202 1.109 3636.36 0.30742 0.0996691
1528.18 0.234626 1.122 1175.37 -0.705146 -1.97383 3012.56 2904.04 0.589807 0.596472 0.683631 0.429404 378.928 -2.16208 0.10068 2719.74 0.925302 0.0996691
1074.93 -1.22129 -2.95007 831.01 0.911084 0.198672 3096.38 2816.15 0.489153 0.658924 0.513246 0.731987 212.843 0.21 0.0139004 1956.21 0.117529 0.0996691
616.942 -0.0271813 -2.52816 440.464 -1.31014 0.754502 1284.72 1181.18 0.701635 0.583988 0.639782 0.815508 22.2914 -1.75232 0.785326 1341.73 0.79625 0.0996691
1899.3 0.561247 -2.74254 1765.98 -1.5457 0.335546 6115.67 4063.63 0.688305 0.195101 0.446131 0.541867 169.455 0.809234 0.130087 3963.39 0.385294 0.0996691
947.298 0.163299 -1.34865 865.849 -0.899449 1.64925 2148.32 1818.51 0.757352 0.431443 0.702069 0.746349 40.694 3.06221 0.266423 2458.94 0.123271 0.0996691
2829.38 0.0474678 2.38894 2580.07 -0.423208 -0.352979 5522.67 4886.11 0.299549 0.571029 0.574734 0.448169 188.575 -2.73803 0.990295 6469.21 0.819713 0.0996691
1305.45 1.09272 -2.49888 1168.53 0.189434 -0.351943 2542.82 2252.25 0.641494 0.672075 0.476688 0.579763 1277 1.66273 1.71483 2560.05 0.909086 0.0996691
780.269 -0.964715 -2.86782 740.112 -0.547208 0.277389 1609.18 1198.42 0.478597 0.683467 0.755091 0.817943 59.9526 -0.436022 0.304889 1664.89 0.288179 0.0996691
2165.55 -0.33745 -0.2685 1357.88 -0.702399 1.74783 3057.49 3172.13 0.272821 0.27323 0.857338 0.692621 824.463 -3.1031 0.673352 5107.79 0.514566 -0.0996691
1851.78 -0.0735427 1.06644 1439.11 1.16141 -2.12108 3987.22 3817.61 0.520468 0.223792 0.713972 0.722625 190.708 -2.26567 0.146017 4702.52 0.799504 -0.0996691
1142.84 -0.288341 0.739514 1015.41 1.01436 -2.16698 2721.56 2170.36 0.33639 0.382572 0.66581 0.404875 706.408 0.828098 0.0140341 3340.88 0.0873201 -0.0996691
294.358 0.731547 -1.48477 273.551 0.534265 1.69211 585.668 530.443 0.624349 0.653178 0.687127 0.815526 16.3121 2.57424 0.868291 569.419 0.928498 0.0996691
1263.15 -0.828842 -0.247722 1016.69 0.867408 2.97194 3157.13 3077.77 0.649545 0.559547 0.771049 0.666739 117.429 0.72941 0.610013 2818.11 0.562854 0.0996691
1363.74 -0.500962 -2.7981 1287.93 -1.07387 -1.08563 2157.49 2170.92 0.790407 0.617467 0.675385 0.678861 1053.91 1.10415 0.0694203 3414.05 0.603949 -0.0996691
582.966 0.507712 -1.32602 432.172 -0.266703 1.6764 1099.92 1037.69 0.525767 0.459863 0.868245 0.812767 39.4329 -2.90694 0.713788 1291.23 0.703406 0.0996691
1507.52 -0.113731 2.19884 1357.35 -0.489856 -0.875854 3026.68 2441.97 0.327223 0.370306 0.745602 0.754397 163.617 -1.36073 0.435246 2967.38 0.0976878 0.0996691
436.962 0.282465 -2.1031 391.463 0.69792 1.07356 868.571 792.126 0.832917 0.627506 0.865124 0.603952 139.9 0.991862 0.106654 904.237 0.0710125 0.0996691
434.907 -0.140035 2.07924 361.945 0.420899 -1.10851 878.141 565.375 0.243541 0.806702 0.749911 0.711033 87.9786 -1.10918 0.0372765 817.163 0.154644 0.0996691
271.231 2.17446 -0.472873 263.723 2.03714 2.60705 557.317 482.904 0.712474 0.790979 0.79762 0.766367 11.8923 1.8652 0.526154 501.514 0.828338 0.0996691
1046.07 -1.66513 0.104245 1041.79 0.536491 -3.07563 3506.15 2996.05 0.39844 0.351494 0.845825 0.655398 4.67443 2.48696 0.720807 2173.94 0.944955 0.0996691
634.26 -1.76728 1.66691 459.252 2.08713 -1.81906 3789.59 724.553 0.845733 0.215788 0.851652 0.907141 12.1524 -2.88648 0.935438 1321.26 0.791863 0.0996691
618.242 0.58879 -2.04944 575.862 1.95553 1.10508 1497.31 1442.33 0.748543 0.718184 0.656428 0.862871 39.1247 0.747545 0.343758 1181.7 0.0758477 0.0996691
1436.73 -0.973518 -1.67363 1362.75 -0.213844 1.53658 3023.98 3014.28 0.589895 0.717546 0.441581 0.607735 46.2982 1.93066 0.395231 2887.22 0.0446236 0.0996691
2920.18 0.172936 -1.79152 2490.5 -0.981722 1.35991 6574.37 4853.59 0.285675 0.263754 0.423748 0.828722 368.188 1.23229 0.0334914 5806.67 0.0577915 0.0996691
381.229 -1.52725 1.26715 364.558 0.335722 -1.86453 1109.65 1049.82 0.773083 0.56316 0.731873 0.875701 16.7717 -1.85571 0.0431833 741.577 0.0693117 0.0996691
597.278 0.332392 0.764729 366.073 0.861941 -2.64919 982.839 922.964 0.548727 0.468327 0.641518 0.771625 263.396 -1.97058 0.219505 977.78 0.895601 0.0996691
377.283 1.3223 -1.84589 296.765 1.63872 1.33111 711.246 526.718 0.487655 0.615192 0.867937 0.6604 84.6679 1.04063 0.222538 701.956 0.407507 0.0996691
2130.54 0.653719 -1.8264 389.724 2.37414 1.12091 2537.28 2544.87 0.14984 0.623265 0.820868 0.816104 1591.14 1.353 0.0414954 2663.28 0.957269 0.0996691
1640.88 0.33765 2.74806 1265.68 -0.742629 -2.54288 2164.55 2161.04 0.473286 0.544974 0.488419 0.630107 533.283 0.17115 0.251717 5199.17 0.0931538 -0.0996691
963.65 1.14396 -1.75314 519.119 0.402619 1.47776 1524.28 1522.22 0.538451 0.711052 0.724114 0.861892 398.776 1.47066 0.0133476 1592.46 0.306603 0.0996691
2225.93 -0.121464 0.672968 1223.13 -0.147024 -2.38542 3313.01 3315.43 0.500861 0.521732 0.803269 0.692478 829.627 2.91125 0.31388 4441.03 0.439954 0.0996691
1890.65 0.583381 1.24274 1399.33 0.877674 -1.68597 3511.97 2631.61 0.175414 0.789429 0.573847 0.749013 169.549 -2.38068 0.133687 4853.02 0.607078 0.0996691
1347.79 0.494053 -0.316304 1163.62 0.738999 -2.52963 2268.4 2290.05 0.555661 0.497546 0.728194 0.55332 392.377 -0.294998 0.0244071 4212.27 0.242997 -0.0996691
631.21 1.84626 -2.15435 592.704 1.17903 1.15613 1317.63 1260.26 0.612201 0.718435 0.722626 0.712997 61.6102 0.330007 0.0753625 1268.04 0.938023 0.0996691
1109.81 -0.254713 -1.72177 590.643 0.602982 0.986615 1758.72 1704.71 0.718423 0.730052 0.490563 0.879465 413.915 2.12656 0.66568 1958.4 0.947566 0.0996691
462.87 0.0181422 -1.93169 315.47 -0.531581 1.26315 818.267 703.12 0.773188 0.624267 0.867099 0.80326 160.64 1.15371 0.016553 762.496 0.815915 0.0996691
1213.85 -0.580603 -3.0077 1149.47 0.577907 -0.0943669 2785.18 2692.41 0.66193 0.664985 0.697021 0.790151 151.028 -0.48841 0.121328 2935.37 0.83835 0.0996691
1574.56 0.818549 -2.73778 1116.35 0.35946 0.751226 2705.09 2700.04 0.28647 0.439494 0.532651 0.666725 111.191 -0.291193 0.155564 3321.92 0.667195 0.0996691
1674.79 -0.331183 -0.670527 901.951 0.477184 2.49552 2700.24 2586.08 0.77327 0.708992 0.642461 0.839227 522.526 2.46964 0.0148187 2836.7 0.333944 0.0996691
338.998 -0.77253 1.97238 334.974 -0.811237 -1.15062 682.467 669.453 0.609676 0.738739 0.783155 0.695339 21.234 -2.33906 1.1845 666.038 0.0141548 0.0996691
2486.82 -0.267267 0.825487 1273.7 -0.612878 -2.60425 3596.16 4840.7 0.396414 0.644501 0.430508 0.778435 219.072 -0.844573 0.115105 5918.12 0.600703 0.0996691
1523 -0.871844 2.15723 1500.76 -0.200925 0.624999 2356.57 2365.13 0.284449 0.657095 0.752013 0.556079 409.867 2.39502 0.237736 5582.42 0.220821 0.0996691
2265.03 -0.32902 -1.93523 1231.57 -0.97401 1.01348 3625.84 5493.63 0.685126 0.173831 0.716239 0.555831 91.2876 -0.534598 0.76529 4772.62 0.14494 0.0996691
674.891 0.367703 -0.291748 662.861 1.71182 -3.08552 1647.57 1635.09 0.764898 0.684534 0.761322 0.759837 62.7733 3.03987 0.147441 1963.17 0.171759 0.0996691
1571.11 0.209053 1.01219 437.959 -0.0506799 -2.30023 1737.71 1590.8 0.646575 0.746788 0.780191 0.791429 1028.39 -2.311 0.00570917 2305.75 0.600323 0.0996691
689.164 -0.328209 0.29622 651.1 -0.885809 -2.8557 1414.25 1295.72 0.673873 0.600929 0.698787 0.51917 33.9142 -2.76139 0.151955 1357.57 0.126824 0.0996691
494.927 -1.1864 -2.13527 262.806 0.41399 1.05626 979.318 921.815 0.39127 0.582985 0.451819 0.744476 241.401 0.964774 0.127919 752.032 0.357198 0.0996691
1094.23 -0.0597003 0.802374 427.462 0.0748444 -2.35288 1449.5 1120.96 0.753957 0.441897 0.799946 0.779907 427.714 -2.93659 0.000923872 2003.36 0.70866 0.0996691
1719.25 0.254535 -2.90295 1226.48 0.00333708 0.272001 2949.18 2938.24 0.276749 0.678443 0.68173 0.818005 421.679 0.306876 0.0305294 3203.6 0.179331 0.0996691
1069.48 0.922327 -0.096615 945.616 -2.09503 -3.09156 4791.68 4395.63 0.736305 0.501324 0.770345 0.82 442.316 -0.317463 0.231565 3703.46 0.888358 0.0996691
421.513 0.827134 -1.79094 331.055 1.01497 1.3152 760.407 720.578 0.70518 0.636842 0.726577 0.616168 97.2831 1.50041 0.164517 751.41 0.884379 0.0996691
1759.66 -0.63875 -2.5908 1417.65 -0.475687 -0.57811 2685.16 2721.35 0.216727 0.14707 0.756924 0.574988 729.359 2.09863 0.0743864 5406.96 0.286215 0.0996691
2356.82 -0.107051 2.41758 585.196 -2.24899 -1.14669 3819.56 3841.85 0.477511 0.469805 0.623819 0.743005 1101.75 -0.682626 0.033702 3744.98 0.8366 -0.0996691
1142.85 -0.442475 -1.90547 1091.45 1.16272 1.19607 3046.1 2746.24 0.729715 0.441606 0.822478 0.685162 103.705 2.67297 0.427083 3320.04 0.854809 0.0996691
2199.59 -0.468994 -2.66283 1980.27 0.867282 -0.0728648 5031.4 4979.64 0.366838 0.480691 0.542706 0.580375 518.405 -0.233891 0.15953 5755.7 0.283832 0.0996691
1297.06 -1.11421 -0.202508 1293.49 -0.146326 2.71897 2933.92 2413.83 0.31336 0.311678 0.762278 0.836098 102.231 1.74159 0.970871 2994.23 0.762445 -0.0996691
1275.62 -0.891941 -2.38438 618.413 1.02916 1.56716 2578.2 2572.09 0.577377 0.600835 0.722864 0.60369 236.962 0.907818 0.257292 2739.71 0.613519 0.0996691
282.678 0.151581 -0.592229 257.625 0.369199 2.49287 564.809 510.937 0.614338 0.54937 0.788739 0.662943 48.7948 -2.3147 0.96145 525.807 0.855306 0.0996691
1919.49 -0.0281044 2.44553 1898.75 -0.182712 -0.703183 3959.09 3005.42 0.816467 0.154875 0.741621 0.526197 16.3184 -1.2257 0.323221 3901.92 0.943331 0.0996691
918.847 -1.16645 0.426412 548.952 1.54077 -2.81573 2937.4 2932.27 0.507852 0.567375 0.41081 0.709878 67.0655 2.12133 1.34442 1874.73 0.988154 0.0996691
1337.88 0.300142 -2.72415 1237.41 -0.996105 0.40187 3154.62 3106.22 0.857725 0.667144 0.773464 0.885066 136.713 1.42858 0.159431 2768.28 0.696035 0.0996691
449.853 -1.3877 3.01399 260.506 -1.92967 -0.153904 735.843 604.73 0.787318 0.603008 0.793122 0.744623 198.05 -0.0555217 0.0306125 669.611 0.355545 0.0996691
1155.47 0.202216 2.0081 368.796 -1.40579 -1.14724 1774.3 1482.09 0.333806 0.461274 0.370275 0.677068 932.424 -1.11896 0.0675298 1650.77 0.593087 0.0996691
2285.74 0.659689 0.289502 1840.84 1.56112 3.10139 4542.1 4344.65 0.300421 0.169567 0.528354 0.919356 251.179 -1.3438 0.603471 4905.87 0.550693 0.0996691
1183.1 0.75778 -2.84313 927.031 -0.304965 0.0198288 2401.1 2357.48 0.486729 0.87114 0.82499 0.700204 55.0629 -2.49819 0.338149 2583.03 0.96092 0.0996691
995.142 1.15828 2.97339 604.737 0.24357 -0.395817 1775.88 1309.62 0.27974 0.730494 0.768553 0.763552 220.085 -0.486297 0.0293879 1909.22 0.194949 0.0996691
344.372 -1.22537 -2.18082 343.798 -1.85907 0.931345 744.714 677.192 0.721272 0.735608 0.788231 0.767927 12.2847 2.98694 1.1281 663.503 0.0383514 0.0996691
1967.44 1.07511 -0.944504 643.242 -0.569246 -3.0924 2895.11 2694.78 0.264528 0.641172 0.958737 0.701237 1755.91 2.09062 1.00093 3045.18 0.674825 0.0996691
2204.86 0.75234 2.92238 2023.35 0.581153 -0.938078 4107.49 3133.07 0.255639 0.759585 0.649033 0.852992 1449.49 0.855628 0.0357858 4628.49 0.163249 0.0996691
1215.04 0.538848 -2.2994 1115.32 -1.34032 1.30384 3422.81 3419.12 0.513781 0.612009 0.823017 0.865065 30.3036 -1.88576 0.421818 2865.26 0.235755 0.0996691
660.957 0.874518 0.732831 446.551 -0.260654 -1.55066 1204.82 1134.37 0.826727 0.733934 0.764818 0.785075 314.565 0.826676 0.117521 1888.82 0.275126 0.0996691
1495.93 -0.320738 0.544934 1494.06 0.750699 -2.62986 3627.36 2221.23 0.243661 0.27384 0.753 0.710438 55.2366 -1.11884 1.13271 3110.05 0.935866 0.0996691
601.999 2.50806 -0.507447 473.73 0.0881495 2.58618 2015.01 1898.32 0.729517 0.781727 0.567752 0.873929 29.6062 -2.37343 0.18133 1474.6 0.454722 0.0996691
1084.88 0.546039 2.63369 367.455 0.196768 -0.483515 1307.9 1206 0.582115 0.770056 0.746313 0.713704 684.575 -0.41207 0.0365458 1512.32 0.549789 0.0996691
1766.24 0.0861612 0.385537 1548.54 0.446288 2.67157 3080.48 3112.25 0.668022 0.147192 0.718892 0.819047 436.096 -2.06234 0.582178 4585.85 0.633418 0.0996691
631.156 -0.134545 0.509477 416.416 -1.13313 -1.54269 1036.52 1025.46 0.611881 0.917501 0.788346 0.797727 53.7367 2.12116 0.387086 1634.41 0.497416 0.0996691
2196.68 0.389317 2.10969 1861.43 0.0692844 -0.579671 4113.34 3341.73 0.591501 0.214913 0.380394 0.671123 81.6702 2.56554 0.0503948 5609.27 0.688985 0.0996691
2199.11 -0.110806 2.3685 1161.41 -0.0310014 0.701714 2537.69 2053.55 0.392666 0.434072 0.683254 0.564747 2277.06 -1.25464 0.452439 3483 0.922639 -0.0996691
426.273 0.363814 2.11865 322.714 -1.90917 -1.36623 1338.01 934.523 0.311132 0.756813 0.807143 0.733099 17.7179 0.561882 0.965736 901.345 0.893891 0.0996691
1524.4 0.248223 -2.81 1329.95 -0.0872378 -0.269343 2805.31 2383.02 0.323748 0.239266 0.764453 0.62588 253.066 0.0866882 0.356276 3820.8 0.574638 0.0996691
4469.66 0.270362 2.7293 3131.36 0.082972 -0.699601 7504.05 7345.02 0.724242 0.270141 0.717698 0.411375 1600.43 0.0193502 0.707924 7915.43 0.228483 -0.0996691
475.679 -1.1165 -0.983787 462.96 0.171284 2.15106 1155.35 1091.41 0.779826 0.810384 0.853597 0.658575 10.8507 0.537808 1.51681 928.23 0.867794 0.0996691
344.975 -1.57321 2.25774 333.825 0.956838 -0.912639 1316.27 1173.41 0.875029 0.683007 0.708473 0.720501 21.3367 0.755201 1.47194 649.83 0.993312 0.0996691
1880.39 -1.00814 1.60693 1794.4 -0.247266 -1.47285 4020.29 3805.89 0.56536 0.608105 0.481097 0.65941 174.938 -1.03134 0.341237 6164.44 0.974136 0.0996691
1529 0.607865 -1.428 451.354 1.40753 1.90825 1801.82 1454.35 0.295038 0.77679 0.782881 0.749049 864.155 2.02327 0.0839618 2402.95 0.595548 0.0996691
2287.82 -0.266408 2.47584 349.553 -0.707284 -0.855682 2064.27 856.036 0.288535 0.783765 0.542892 0.807179 1843.78 -0.605474 0.244753 2839.82 0.700237 0.0996691
1354.63 -1.37041 -1.82008 1320.06 -0.653298 1.24294 2855.09 2883.27 0.430579 0.454972 0.723764 0.573162 145.345 -0.322093 1.0212 3426.75 0.815377 -0.0996691
1523.19 0.929645 3.0924 1074.97 0.442485 0.260098 2635.08 2586.37 0.652091 0.617233 0.831547 0.468066 133.751 -2.87949 0.304994 3329.89 0.229421 0.0996691
1705.14 0.388109 -3.07351 1284.58 -0.318149 -0.664729 3070.55 1353.06 0.314901 0.627214 0.75805 0.836824 478.979 2.06451 0.196176 5145.87 0.358993 -0.0996691
1873.05 -0.769306 -0.435756 1286.38 -0.65482 2.20388 3039.51 3034.76 0.456718 0.629023 0.58353 0.796256 131.309 -3.02772 0.109314 4035.62 0.498694 0.0996691
1083.89 -0.265569 2.13257 573.927 1.60776 0.259898 2159.54 2098.63 0.798976 0.847867 0.61633 0.662574 531.718 -1.48135 0.136694 2176.05 0.429339 0.0996691
1610.82 -0.00567588 -1.03783 479.248 -0.550796 2.03038 1843.96 1765.35 0.526335 0.742734 0.633452 0.840588 1134.48 2.13373 0.082166 2099.33 0.574013 0.0996691
1792.66 -0.249626 -0.948559 1262.76 0.0345102 1.80387 2986.63 3028.98 0.658894 0.378381 0.434671 0.550545 440.205 2.66789 0.522634 3530.1 0.745901 0.0996691
1323.16 0.936445 2.1294 1300.64 -0.212138 -1.153 3158.99 2836.91 0.390636 0.542147 0.792057 0.54609 169.929 0.421467 0.727436 2720.19 0.768054 0.0996691
2434.21 0.581262 -2.10988 1409.45 0.763261 0.142159 3373.71 3372.9 0.214295 0.717581 0.838465 0.653352 762.951 1.45094 0.331782 5053.62 0.497458 0.0996691
1157.27 0.475228 -0.669316 1139.1 -1.26421 3.05574 3196.23 2987.32 0.335394 0.388096 0.66512 0.775688 86.709 0.121753 0.791361 2922.1 0.731441 0.0996691
1657.71 -0.747701 2.16095 1065.64 -0.383191 -0.480562 2637.56 2647.5 0.269171 0.763759 0.696043 0.80052 305.31 -0.295134 0.177601 3611.07 0.331805 0.0996691
2116.22 -0.245765 -0.805481 2085.75 -0.884399 2.40089 4626.36 3090.48 0.2123 0.237713 0.577155 0.410332 140.894 1.05434 0.942417 4353.42 0.448692 0.0996691
1762.99 0.176096 0.365828 1172.88 -0.0494853 -2.56114 2888.12 2910.06 0.582127 0.190236 0.626754 0.877466 50.4438 -3.00235 0.120562 3550.38 0.526007 0.0996691
2856.12 0.631821 -1.53365 719.861 0.13533 1.53172 3389.5 1455.01 0.220714 0.601967 0.584521 0.855165 1625.47 1.59287 0.0750797 4411.14 0.508229 0.0996691
1942.13 -0.151368 0.290032 1693.59 0.519843 -2.89909 3975.38 2257.72 0.322572 0.194029 0.748358 0.738999 268.932 -2.60086 0.168809 3736.8 0.223599 0.0996691
755.915 0.480994 -0.310023 618.281 0.978283 2.85576 1426.5 1389.96 0.643004 0.804977 0.707386 0.765342 135.657 2.85991 0.00421762 1399.01 0.0912301 0.0996691
2356.12 0.385065 1.82215 729.858 0.694966 0.431999 1769.38 1728.34 0.47646 0.548987 0.472901 0.662714 2187.65 -1.53625 0.372578 3526.64 0.726502 -0.0996691
1204.96 -0.250291 -0.856383 1127.58 -0.0641188 2.30204 2417.92 1835.05 0.680285 0.232518 0.763362 0.762742 98.0862 1.83737 0.121169 2383.44 0.45379 0.0996691
419.857 -1.69847 -1.52511 407.954 0.812818 1.64413 1599 1249.79 0.392893 0.325958 0.715747 0.679658 5.63017 -0.0704966 1.3899 824.085 0.965278 0.0996691
422.908 1.774 2.14621 265.649 -0.336418 -1.01671 1104.03 1001.42 0.717683 0.546114 0.755303 0.772854 161.221 -0.983883 0.112221 690.559 0.29295 0.0996691
346.079 0.490593 2.70972 254.103 0.496214 -0.5153 604.349 577.67 0.668627 0.427482 0.788224 0.82154 129.319 -0.833357 0.328736 730.873 0.155657 0.0996691
1035.7 -1.24665 -1.98316 885.142 1.17705 0.0103415 3354.48 3298.64 0.694768 0.614055 0.658199 0.683484 49.3249 0.865806 0.856247 3047.65 0.543755 0.0996691
2137.18 -0.64299 0.609864 1386.46 -0.877864 -1.68235 3202.53 3077.26 0.222588 0.567155 0.479035 0.821471 422.961 -2.32789 0.643798 5525.09 0.470017 0.0996691
2848.96 0.0328311 -0.555556 2831.35 -0.406558 2.3329 5835.79 5631.4 0.580189 0.3373 0.7 0.595776 172.43 -2.12598 0.0749524 7369.47 0.317519 0.0996691
2001.83 -0.162093 -2.2379 1376.83 -0.612208 0.382997 3315.85 3303.72 0.48792 0.820157 0.758191 0.884413 988.086 1.61358 0.0921609 3469.93 0.946043 0.0996691
488.766 -0.300563 1.26933 290.887 -2.28415 -1.5163 1165.98 1061.71 0.645586 0.720785 0.753067 0.818713 67.9194 -1.82103 0.380356 882.544 0.363958 0.0996691
2552.56 0.0864887 -1.48475 2179.13 -0.286685 1.69402 4821.62 4803.62 0.643067 0.721343 0.67956 0.777088 699.893 1.92894 0.235167 7173.87 0.0752997 0.0996691
2681.44 0.59377 0.707966 2272.32 0.0196692 -2.24021 5328.92 4068.34 0.215568 0.640369 0.842442 0.758121 244.267 0.188214 0.0665038 5919.47 0.934958 0.0996691
616.821 0.794647 -2.02928 360.187 0.995349 1.32872 1005.87 656.86 0.526877 0.416106 0.883937 0.830643 274.837 0.866706 0.0199615 976.496 0.552724 0.0996691
947.87 -0.856776 0.266486 875.042 0.531061 -2.06704 2227.34 1453.22 0.521525 0.245212 0.84879 0.677269 10.9393 -1.0232 0.0634483 2819.66 0.627807 0.0996691
441.872 0.12671 1.18739 430.723 0.853974 -1.94785 943.575 920.002 0.745457 0.769956 0.763725 0.670521 1.76699 2.89035 1.4559 860.383 0.0244797 0.0996691
2091.47 0.253948 -0.466745 1975.13 -0.243512 1.37432 3404.99 3416.66 0.679787 0.780975 0.760208 0.837196 768.397 -2.50244 0.411411 6858.04 0.768342 0.0996691
2281.03 -0.3359 -3.10196 1691 -0.321963 -0.355352 3888.59 3879.86 0.403662 0.651656 0.676615 0.533588 218.06 -0.625925 0.26526 4974.41 0.250701 -0.0996691
2317.87 1.20141 -0.100976 2157.13 -0.867881 -2.43083 6871.38 6945.86 0.594845 0.628556 0.510723 0.571774 1600.87 2.09643 0.374462 4990.08 0.928975 0.0996691
1735.94 0.368562 -0.425884 1313.34 -0.401295 -2.64203 2958.09 2998.16 0.222382 0.73981 0.866602 0.532859 656.724 2.32919 0.0877683 4263.47 0.539025 0.0996691
423.555 -0.82285 -1.81716 418.87 -2.18728 1.29112 1060.92 1037.59 0.687485 0.512771 0.627205 0.613808 15.1482 2.67878 1.3922 850.087 0.897516 0.0996691
418.229 1.28245 -0.524902 396.808 -0.184277 2.66371 1072.63 881.466 0.146078 0.809325 0.758712 0.744995 31.9254 1.97708 0.328607 843.837 0.545548 0.0996691
424.522 0.0186487 2.66944 423.605 0.949908 -0.496688 966.811 920.568 0.661723 0.622913 0.750219 0.866657 22.1616 1.38982 1.26283 845.941 0.88129 0.0996691
2117.08 0.0463605 0.10171 1691.17 -0.695386 3.11148 4052.63 4084.96 0.342346 0.579502 0.886929 0.660029 336.526 -3.09487 0.0818949 5779.11 0.133031 0.0996691
1079.12 0.0638655 -1.80838 1078.85 0.928506 1.00487 2416.07 2101.06 0.56408 0.578509 0.833427 0.844365 242.137 -2.26421 0.153654 2863.85 0.747502 0.0996691
646.121 0.0439021 -0.241851 379.341 -0.150843 1.26577 698.103 680.521 0.40463 0.642079 0.848593 0.652593 316.783 -2.70524 0.0135448 1562.64 0.443248 0.0996691
2777.69 0.0837876 1.17835 1308.95 1.20871 -2.21599 4620.03 3633.99 0.140243 0.578092 0.635085 0.720981 1508.73 -1.7648 0.361585 4292.72 0.957787 0.0996691
1030.21 -0.937188 -0.262689 794.673 0.806425 2.54786 2539.61 2506.76 0.639774 0.493865 0.72368 0.653223 287.253 2.36084 0.172404 2279.89 0.226369 0.0996691
1320.73 -0.711635 -1.82112 738.837 1.43769 0.673423 3182.2 3176.35 0.37081 0.302481 0.701158 0.765308 335.252 1.62963 0.405802 2598.51 0.532781 0.0996691
483.583 1.43094 2.5447 468.301 0.907166 -0.589832 1051.89 820.809 0.778041 0.437515 0.707956 0.743998 16.3594 0.637591 0.523874 1009.03 0.747142 0.0996691
1837.36 0.471618 -2.37483 1388.6 0.322671 0.575815 3255.4 3016.42 0.297548 0.826862 0.835552 0.789465 201.369 1.97534 0.474083 5827.34 0.166433 0.0996691
806.656 -0.42372 0.753624 655.444 0.957206 -2.42048 1831.65 1789.38 0.725048 0.778197 0.802813 0.765315 138.003 -2.22315 0.184526 1469.69 0.11102 0.0996691
1747.79 -0.118947 -2.68568 1309.21 -0.694754 0.00318372 3091.41 3102.49 0.618905 0.741367 0.648403 0.73408 240.958 0.433573 0.378452 4656.9 0.478047 0.0996691
1753.44 -0.388705 2.37484 591.107 0.868608 -1.06732 2451.65 2421.98 0.480788 0.717496 0.519362 0.750811 779.869 -0.239677 0.344302 2953.67 0.971554 0.0996691
369.123 1.04549 0.997515 338.551 0.965501 -2.17262 726.686 672.078 0.682497 0.776535 0.672611 0.705734 37.6593 -2.15755 0.0195231 693.114 0.0845603 0.0996691
435.681 -0.743889 -2.87738 392.02 -0.753331 -0.0425322 827.82 808.379 0.600822 0.689879 0.685549 0.721233 52.6827 1.08041 0.463789 880.887 0.844259 0.0996691
1483.35 -1.33974 -2.05983 1470.83 -0.24963 1.122 3457.08 2995.98 0.28572 0.133689 0.56901 0.690466 59.3984 -0.204991 1.33008 3042.4 0.570247 0.0996691
1870.59 0.343486 2.15096 1144.23 0.144505 -0.786753 2941.86 2935.73 0.694254 0.557164 0.720502 0.655718 52.5299 -1.1379 0.350723 4918.33 0.26784 0.0996691
2029.99 0.129357 -0.846761 1281.1 0.246572 2.10568 3237.79 3182.45 0.558596 0.518013 0.688487 0.695253 822.02 2.59966 0.123317 3361.09 0.933118 0.0996691
1426.4 0.00324011 -0.994589 1382.94 -0.58746 2.26942 2973.24 2172.31 0.677799 0.344802 0.826764 0.667868 127.185 0.677297 0.65691 2872.16 0.975838 0.0996691
607.139 0.0959963 0.293955 340.163 -1.27876 -2.86495 1172.57 986.537 0.463291 0.742897 0.719383 0.694997 78.4989 -2.99433 0.149829 1145.05 0.345609 0.0996691
341.72 1.31946 -1.42989 276.492 2.40291 1.78534 730.091 669.449 0.668344 0.698317 0.691456 0.86799 30.9449 1.89108 0.0966181 630.154 0.0825311 0.0996691
456.091 0.459107 1.60751 272.718 2.14531 -1.22012 983.404 838.407 0.575728 0.489313 0.581346 0.538857 204.646 -1.90843 0.248184 734.512 0.705841 0.0996691
2775.05 -0.138369 2.68775 964.186 0.321685 0.29258 3484.51 2904.33 0.157017 0.64715 0.453365 0.670864 1925.91 -0.75122 0.0361917 4210.69 0.543877 0.0996691
792.824 -1.20847 -2.5773 465.015 -1.43445 1.18009 1181.28 1159.92 0.742672 0.689113 0.692671 0.787178 51.573 -1.14905 0.60767 1823.39 0.680341 0.0996691
324.048 0.0564181 1.31682 318.482 1.27119 -1.86883 780.547 740.405 0.716575 0.728741 0.769857 0.786621 17.8515 -0.618217 1.25064 617.51 0.0286855 0.0996691
2193.6 -0.425641 -3.06652 2123.5 0.79631 0.0710671 5326.42 4147.48 0.539919 0.199638 0.889782 0.781984 88.61 0.39785 0.0415934 4354.6 0.974023 0.0996691
1114.45 0.694526 -2.06984 522.247 0.147345 1.01098 1606.41 1537.96 0.578251 0.642092 0.626368 0.70652 297.782 1.11902 0.0673056 1999.27 0.407939 0.0996691
3401.21 -0.533324 -1.34245 3188.63 -0.233279 1.01958 6180.17 6253.84 0.588763 0.783342 0.699896 0.762968 1479.56 -3.07907 0.676635 7927.57 0.954776 -0.0996691
1424.28 0.976507 2.17091 673.654 1.73473 -0.825988 2107.73 2069.52 0.358893 0.751577 0.353623 0.710233 566.563 -1.08604 0.0791476 2285.65 0.791652 0.0996691
2425.92 0.0913535 0.869756 1639.2 -0.692143 -2.89938 4350.54 2762.64 0.177083 0.652686 0.659269 0.660295 545.344 -2.30626 0.592167 5532.79 0.220544 0.0996691
507.743 -0.963484 -1.81005 468.999 -0.704263 1.38187 1043.92 789.445 0.197211 0.715919 0.791802 0.578001 39.5576 0.792475 0.273892 1053.83 0.172438 0.0996691
1494.6 -0.412318 -0.50097 563.12 0.0554773 2.58027 1948.68 1804.27 0.456859 0.791127 0.559266 0.691007 790.894 2.55579 0.0255733 2321.34 0.466715 0.0996691
1705.28 0.672452 -2.68058 1640.59 -0.0331234 0.129691 3595.87 2060.94 0.65791 0.350373 0.786736 0.737576 1008.64 -0.225603 0.00593051 4785.12 0.408762 0.0996691
2111.96 0.938546 -2.0503 1887 0.158719 0.64747 4226.06 4222.6 0.170817 0.652653 0.784441 0.816169 214.071 -3.13823 0.785426 7022.13 0.303965 0.0996691
263.984 -1.59713 0.485244 256.419 -2.71705 -2.58132 623.39 564.031 0.727372 0.482448 0.660532 0.7564 23.1353 2.45095 1.2493 522.661 0.836838 0.0996691
1798.64 1.08563 -0.817568 1545.59 -0.353842 2.65241 4237.44 4134.39 0.422957 0.411264 0.533197 0.563657 917.513 1.25554 0.0921254 4050.99 0.537203 0.0996691
329.153 0.880112 -2.14445 311.782 -1.15056 0.991428 1013.93 921.168 0.742194 0.630413 0.732098 0.763242 33.8916 0.490007 0.0887749 622.413 0.851048 0.0996691
543.835 1.81952 0.100864 397.367 1.33807 3.06869 961.856 946.973 0.772877 0.262849 0.752659 0.592702 107.819 2.95844 0.110255 1365.54 0.882699 0.0996691
593.188 -1.27337 1.9687 555.539 2.03865 -0.664123 3108.19 3093.02 0.663719 0.621765 0.674593 0.777382 40.848 1.85455 0.121919 1539.33 0.249881 0.0996691
1464.12 -0.20082 0.865486 1235.38 1.01813 -3.05093 3169.29 2304.86 0.269115 0.356823 0.749508 0.71072 384.027 -0.908834 0.00348097 4083.09 0.538444 0.0996691
962.1 -0.935162 0.977647 404.41 1.03634 -2.0056 1909.16 1903.87 0.311089 0.683334 0.662061 0.646549 596.136 -2.09842 0.092432 1467.25 0.421634 0.0996691
1410.29 -0.557504 0.775804 524.838 0.548189 -2.39357 2020.43 1896.52 0.720834 0.691072 0.644761 0.647763 880.119 -2.39041 0.0154083 1967.48 0.467301 0.0996691
1584.09 -0.420923 -0.659202 1274.42 -0.52412 2.52701 3012.74 2145.03 0.480686 0.400893 0.558631 0.725404 346.644 1.77203 0.0677476 3152.37 0.421638 0.0996691
2498.3 0.395134 1.10546 1247.15 -0.194966 -2.03178 3691.28 3735.04 0.0501036 0.582515 0.704174 0.685979 936.643 -2.3442 0.312725 5802.74 0.335673 0.0996691
2405.25 -0.0225653 1.81925 2137.7 -0.577233 -0.573022 4567.73 4381.61 0.260633 0.305052 0.836894 0.750768 250.693 2.53406 0.489651 6363.4 0.400573 -0.0996691
1397.09 0.842166 -1.12204 381.889 2.24339 -2.04624 1300.21 1264.53 0.607897 0.847736 0.646034 0.782007 1570.13 1.90288 0.827096 2049.04 0.954188 0.0996691
1361.65 -0.990509 1.67118 769.028 -0.734112 -1.01538 2043.39 1993.91 0.578336 0.675561 0.693068 0.744555 616.03 -1.50252 0.0225755 2451.02 0.953152 0.0996691
702.424 0.141954 -2.36859 697.968 1.33927 0.726704 1683.3 1591.43 0.670611 0.734043 0.6749 0.830833 18.4369 1.98926 1.23706 1368.06 0.0448922 0.0996691
1814.38 -0.262698 0.630655 1660 -0.685331 1.92914 2258.03 2235.15 0.617207 0.870395 0.613319 0.568637 439.252 -2.23516 0.133846 6007.35 0.965679 -0.0996691
338.506 -1.63283 -1.56944 338.467 0.195274 1.54707 995.326 922.369 0.692648 0.827034 0.73741 0.821869 8.64637 0.00375677 1.52817 635.859 0.0205267 0.0996691
2326.35 0.396495 -3.07037 1547.61 -1.59591 -0.00572639 5895.37 5202.85 0.481121 0.312137 0.748345 0.745882 81.3663 1.78285 1.16126 4813.44 0.971608 0.0996691
741.107 -0.246053 -0.10054 634.828 -1.69465 3.13819 1778.7 1566.79 0.636703 0.276486 0.810874 0.843119 114.285 -2.98401 0.236486 1486.64 0.575974 0.0996691
2489.52 0.439805 -2.83076 1521.3 1.04354 0.271815 4186.33 2583.8 0.542983 0.488771 0.514919 0.489876 318.644 0.407828 0.0125281 4665.52 0.597808 0.0996691
1039.98 0.244412 -2.16657 974.885 -0.315484 1.17196 2194.51 1785.02 0.305657 0.730062 0.748871 0.538077 37.4267 -0.887237 0.136402 2290.61 0.922905 0.0996691
968.156 0.223371 -2.36953 578.414 -0.24014 -0.254829 1371.69 1324.47 0.64735 0.187752 0.612793 0.766531 650.912 1.54674 0.337255 1728.67 0.960291 0.0996691
391.856 1.45647 -0.308029 267.068 0.539441 1.32787 600.103 484.592 0.665186 0.775718 0.833967 0.832683 5.65769 3.0656 0.364905 1271.74 0.785296 0.0996691
1341.53 -0.406329 2.37296 718.417 1.29121 -1.19987 2732.04 2096.45 0.225897 0.681303 0.801734 0.731111 218.044 -1.19803 0.000726104 2758.18 0.22197 0.0996691
1504.17 -0.0666609 -3.11246 1503.48 -0.190653 0.794125 2883.8 2029.38 0.569117 0.271417 0.878164 0.854232 222.736 -1.97282 0.248181 5527.14 0.962036 0.0996691
1301.39 0.360164 0.775888 298.47 -0.693217 -2.52087 1433.87 1444.54 0.6427 0.409158 0.703993 0.586778 966.288 -2.43151 0.0913558 1725.36 0.630918 0.0996691
483.786 -0.635441 -0.528615 252.385 -1.00749 3.03045 714.873 667.929 0.80808 0.916567 0.825296 0.765344 69.4464 2.20139 0.0437801 878.121 0.467188 0.0996691
1780.86 0.347192 2.20434 1499.7 0.66308 -0.973337 3333.22 3255.93 0.550816 0.508944 0.676724 0.548245 270.299 -1.05382 0.0816113 3468.8 0.88765 -0.0996691
1566.8 -0.380916 -2.9288 1276.95 0.0730282 0.782673 2841.74 2646.15 0.417369 0.55053 0.595416 0.641828 130.809 -2.7143 0.300549 3852.87 0.325125 0.0996691
2149.03 0.218485 0.454022 1038.36 -0.050425 -2.66237 3034.9 3024.43 0.640769 0.677132 0.694003 0.788777 91.7309 1.92019 0.986523 4362.95 0.106754 0.0996691
1539.41 -0.296848 -1.1424 956.112 -1.64307 2.77445 2867.69 2892.75 0.260284 0.545009 0.792593 0.676162 189.896 0.751411 0.413488 3464.48 0.964723 0.0996691
796.065 0.245965 1.28468 389.337 -1.04737 1.07741 864.032 646.614 0.564835 0.780024 0.800063 0.832619 831.369 -1.84194 0.0255648 1570.27 0.357374 0.0996691
482.125 -1.82672 -0.830092 472.346 -0.268586 2.23171 1286.41 1186.34 0.592892 0.733032 0.670717 0.747069 58.5924 -3.07112 0.972299 929.546 0.0545161 0.0996691
1931.8 -0.490107 -2.65019 1394.54 -0.663595 0.934457 3299.08 2973.42 0.187922 0.163477 0.768912 0.649512 508.43 -2.39757 0.254703 4671.7 0.618045 -0.0996691
1750.34 -0.075342 3.06025 1593.07 -0.233265 -0.19997 3357.65 3367.92 0.19595 0.621434 0.776005 0.714407 12.8387 0.690206 0.058018 3608.38 0.974067 0.0996691
1442.8 0.975647 -1.00284 1313.39 -0.972803 0.629182 3727.69 3692.66 0.307168 0.646588 0.954963 0.578765 1541.14 2.96315 0.0653834 3228.97 0.65699 0.0996691
1840.03 0.0843561 2.04766 1584.61 0.863007 -0.433278 3530.52 3475.4 0.339086 0.752423 0.73152 0.772597 939.608 -0.645685 0.210804 4870.29 0.337065 0.0996691
1520.11 0.0400138 1.44147 1461.61 -0.119882 -1.81265 3000.88 2984.04 0.353486 0.860589 0.861856 0.78607 113.25 -0.589464 0.0741594 3054.33 0.977212 0.0996691
1846.44 0.200293 1.28035 1411.16 -0.202022 -1.90547 3496.92 2826.23 0.300657 0.260823 0.356674 0.739905 87.2421 -2.931 0.401744 3957.73 0.953728 0.0996691
1110.62 1.23562 1.50905 307.403 -0.481383 -1.79596 1646.17 1574.55 0.674457 0.619668 0.792914 0.684993 857.276 -1.83553 0.00705314 1656.79 0.585033 0.0996691
1273.61 -1.2032 -1.53712 696.945 -0.0816875 2.31433 2209.85 1408.49 0.201567 0.789923 0.503423 0.593585 788.673 1.08899 0.265157 2077.17 0.805962 0.0996691
284.305 0.901136 3.02245 280.871 0.0542704 -0.115477 654.353 474.628 0.791016 0.496703 0.74981 0.749297 8.97263 1.3156 1.34612 533.868 0.290448 0.0996691
2174.35 -0.515565 -1.2699 1571.76 -1.02849 1.36164 3730.05 3721.02 0.552651 0.481045 0.570177 0.482936 536.729 2.49363 0.1064 4481.04 0.927562 0.0996691
1232.44 0.565452 -2.68462 291.18 0.044693 0.330429 1294.51 1187.5 0.693288 0.636842 0.617435 0.660285 961.932 0.269952 0.0588043 1770.07 0.620241 0.0996691
1828.85 -0.311408 -0.660723 1684.67 0.79648 3.12932 4044.57 3448.05 0.156601 0.449418 0.743422 0.774986 924.326 -0.0161468 0.0467198 4966.24 0.595314 -0.0996691
469.614 1.39695 -0.480778 450.258 1.62245 2.60361 958.376 809.969 0.786122 0.631671 0.871194 0.738841 41.6044 -2.97126 0.291603 875.591 0.735498 0.0996691
1801.92 -1.04692 -2.31999 1324.48 0.144967 0.871878 3838.96 2933.66 0.299336 0.472182 0.744391 0.561625 71.9158 0.98211 0.0884384 3660.3 0.0750978 0.0996691
1604.35 -0.481286 -1.98988 1249.82 0.0811677 1.09274 2957.29 2972.08 0.0639317 0.458997 0.748587 0.72557 140.596 0.0542691 0.873414 3232.04 0.941964 0.0996691
1617.45 0.262303 -2.22364 1377.49 -0.070557 2.51046 2165.51 2182.35 0.485337 0.496956 0.64984 0.610443 557.622 0.0492744 0.330483 5075.26 0.19126 -0.0996691
2306.48 0.0603579 -2.91334 1708.08 -0.511942 -0.0479901 4107.22 4153.23 0.269699 0.625975 0.84159 0.682888 536.342 1.41465 0.391495 4671.45 0.833142 -0.0996691
326.854 -1.24842 1.30641 256.416 -2.28104 -1.3181 643.599 646.95 0.534622 0.434117 0.73194 0.722166 55.7089 -1.36581 0.0485806 839.749 0.693329 0.0996691
990.089 0.757174 3.05288 839.98 -1.44078 -0.905719 2973.68 2955.64 0.272458 0.512671 0.643844 0.739863 112.733 0.520347 0.469375 2486.35 0.547095 0.0996691
292.842 -0.713605 -2.67509 276.09 -0.45769 0.378134 593.986 533.058 0.673188 0.655647 0.80111 0.736255 23.4506 0.697644 0.2851 547.58 0.0676937 0.0996691
2168.24 0.344648 2.94494 1420.59 1.13124 -1.14154 3544.94 3299.6 0.771235 0.280317 0.838247 0.699653 368.993 -1.09609 0.202895 5979.07 0.891256 0.0996691
2032.93 -0.25592 -2.70137 1632.33 1.42221 -0.472035 4880.14 3949.13 0.245335 0.0616788 0.811496 0.749827 134.577 1.18188 0.160381 5290.9 0.901898 0.0996691
579.613 -0.955669 0.964112 258.594 -0.818904 -2.24141 803.836 688.374 0.511647 0.726782 0.779994 0.743313 329.855 -2.1474 0.102443 858.935 0.475051 0.0996691
587.363 -1.4669 -2.49896 345.543 -1.65389 0.494373 966.066 715.216 0.341459 0.514687 0.665951 0.7031 93.1661 0.855975 0.128241 1141.33 0.130448 0.0996691
2916.52 0.938064 1.87722 1935.61 0.507474 -0.990989 4849.7 4764.82 0.522415 0.612963 0.864754 0.448618 929.429 -1.35816 0.042665 5364.07 0.94865 0.0996691
374.55 -1.2651 0.456446 273.93 -1.31558 2.41787 548.793 516.461 0.796529 0.866096 0.819963 0.809009 199.986 -1.37093 0.0141445 1413.34 0.314815 0.0996691
1135.82 -0.0602744 2.77666 838.637 1.12459 -0.365773 2321.51 2258.38 0.52052 0.721494 0.795323 0.685278 309.881 -0.383068 0.00220242 1955.68 0.168932 0.0996691
425.356 -1.48904 -1.47789 406.052 0.270278 1.24919 1182.52 1057.75 0.629999 0.597851 0.643131 0.767236 27.5695 -2.0436 0.569504 964.397 0.270168 0.0996691
684.394 1.32404 -2.20492 304.087 -1.93804 -2.39447 2245.96 2267.91 0.733707 0.36952 0.632946 0.684733 711.589 1.01418 0.0903275 1362.8 0.445336 0.0996691
2790.2 0.452005 -0.220446 2003.44 -1.257 -3.01018 6538.85 6511.59 0.573772 0.591427 0.768886 0.605073 943.071 2.14383 1.11464 5277.05 0.800459 0.0996691
1754.31 -0.126723 2.50438 818.233 0.895272 -0.41303 2712.91 2716.06 0.515984 0.749027 0.718449 0.830686 142.338 -0.512248 0.100437 3624.99 0.379565 -0.0996691
1016.42 -0.800768 -0.222096 906.417 -0.347412 2.06435 1829.85 1771 0.833602 0.791935 0.794 0.746295 156.809 -0.774631 0.0140353 2872.28 0.947325 0.0996691
371.558 -1.25376 -2.73625 358.847 -0.474981 0.460117 804.602 756.73 0.704131 0.732878 0.806522 0.829962 30.6407 -1.45688 1.2968 698.592 0.0395028 0.0996691
3000.72 0.25841 0.376015 2694.71 -0.0203592 -2.52848 6033.8 4915.99 0.229142 0.599956 0.546517 0.683084 240.254 0.55141 0.129517 6707.92 0.939059 -0.0996691
579.955 -0.225927 -0.262762 568.726 -0.0846381 2.88529 1166.95 1136.48 0.642681 0.820732 0.783484 0.621176 16.649 2.23639 0.0728726 1157.24 0.923365 0.0996691
387.994 -0.463499 -0.557357 313.951 1.18742 2.587 971.346 666.678 0.639518 0.361305 0.706331 0.85825 150.235 3.12106 0.1716 954.006 0.459331 0.0996691
594.796 -0.457303 2.35846 560.594 1.5244 -1.63572 1717.07 1666.88 0.651915 0.736345 0.604394 0.683481 54.9014 1.97116 0.278627 1673.48 0.923767 0.0996691
2257.25 -0.0858003 -0.719109 1931.72 0.0210145 2.50682 4504.79 3138.31 0.172717 0.518543 0.634342 0.746447 52.7258 2.1971 0.296586 4847.6 0.620107 0.0996691
387.215 0.112031 1.14314 364.712 1.46867 -0.795513 852.921 706.321 0.725193 0.667693 0.79066 0.676325 18.8879 -2.43373 0.192959 1271.1 0.0690513 0.0996691
485.67 -0.0508783 -3.0094 285.084 1.48118 1.61822 864.389 681.836 0.660459 0.638187 0.816748 0.637338 3.01437 -1.9481 0.962748 1331.43 0.512935 0.0996691
2056.64 -0.362276 2.87038 1700.54 -0.768054 0.261137 3828.98 3042.4 0.282343 0.268891 0.369108 0.793684 530.113 0.857304 0.172624 5321.68 0.48822 0.0996691
1902.23 0.0939971 3.12303 1101.67 1.50918 0.899718 3434.26 3419.81 0.829309 0.792062 0.805925 0.818552 1201.85 -0.28021 0.0435238 3996.69 0.652673 0.0996691
1445.25 -0.416959 2.18805 1404.5 0.23788 -0.779566 3003.05 3019.38 0.445977 0.74638 0.711575 0.812951 73.6755 -1.51382 0.735517 3062.37 0.0899229 0.0996691
1238.08 -0.229876 -2.24473 882.919 1.13784 1.43446 2553.06 2509.35 0.584133 0.639063 0.75081 0.601692 145.786 1.25742 0.179668 2744.64 0.939263 0.0996691
529.087 -0.903261 0.930098 505.445 -1.1639 -2.15844 1072.87 955.027 0.642461 0.592226 0.754418 0.674462 38.2807 -2.45446 0.258595 1047.57 0.521026 0.0996691
1647.14 -0.182952 2.23018 1512.78 0.524577 -0.57691 3366.11 3252.66 0.576068 0.350871 0.268856 0.804573 648.52 2.45844 0.192254 4512.15 0.763113 0.0996691
1369.84 -0.489362 2.95457 928.01 1.04581 0.078068 2984.3 2783.2 0.494179 0.46073 0.533027 0.535958 85.0382 -0.978998 0.20456 2817.17 0.56893 0.0996691
792.015 -0.143288 -0.160762 736.025 -0.738873 3.00182 1615.32 1514.84 0.558428 0.564642 0.639042 0.767915 66.3115 -3.09184 0.233978 1545.56 0.815386 0.0996691
2056.08 0.70781 -1.31647 2040.37 -0.57158 1.78052 5087.93 3679.13 0.627469 0.290605 0.498692 0.450451 447.598 -0.790596 0.109703 5974.32 0.312376 -0.0996691
283.171 1.48064 -1.76441 274.794 2.32491 1.41666 629.602 570.027 0.60262 0.649245 0.703978 0.868322 12.362 -0.0654577 1.47356 522.873 0.027604 0.0996691
1028.52 -1.47615 -1.48557 970.091 0.517708 1.64238 3115.09 2968.67 0.604351 0.549203 0.783989 0.773983 27.9515 2.25358 0.55866 2067.68 0.0884593 0.0996691
2180.13 0.282845 0.0564748 842.129 -0.343099 -2.60973 2789.24 2807.12 0.476675 0.758817 0.872243 0.854821 1214.64 -2.71898 0.108336 4291.42 0.486477 0.0996691
1079.54 1.51801 -0.956223 584.711 1.52661 2.40362 1604.87 1462.51 0.677515 0.84774 0.673008 0.765315 183.751 2.20561 0.00998497 2173.16 0.919726 0.0996691
929.346 -0.131884 0.581096 928.248 -0.653659 -2.51302 1946.43 1888.19 0.578083 0.664335 0.829901 0.804812 36.6702 2.05744 1.01494 1840.27 0.952045 0.0996691
944.959 0.249433 0.227502 926.955 -0.852355 3.01524 2184.16 1693.71 0.599659 0.283465 0.872987 0.795867 332.616 0.461674 0.232212 2899.17 0.36149 0.0996691
1590.29 0.679898 3.11747 1360.13 0.10193 0.257349 3062.87 2970.72 0.677662 0.604752 0.759284 0.748729 329.872 0.696914 0.23172 3983.36 0.759818 0.0996691
877.001 -0.962447 -3.0929 665.807 1.55291 1.24139 2787.93 2694.36 0.613113 0.668711 0.727975 0.732293 570.237 -0.406556 0.0682845 2202.67 0.844766 0.0996691
1932.48 -0.645266 2.02754 1838.83 -0.034808 0.0618919 3361.95 3394.74 0.123474 0.674537 0.868621 0.759341 1333.49 -1.8724 0.160177 4706.31 0.978087 0.0996691
1066.79 -0.695659 -1.29478 860.948 -0.829509 2.46711 1847.53 1821.06 0.514245 0.615917 0.299583 0.731753 200.043 -0.802899 0.0649027 3037.31 0.754204 0.0996691
604.802 -0.53969 -2.7664 511.22 0.13539 0.137303 1245.15 848.722 0.338808 0.547819 0.874681 0.866392 27.8648 0.562721 0.42339 1420.58 0.655302 0.0996691
321.299 0.557366 -0.384555 280.423 1.65833 2.25829 697.712 646.143 0.74173 0.777789 0.755675 0.606727 50.1575 -2.96121 0.302427 653.723 0.731318 0.0996691
2205.58 -0.02015 -1.27824 1985.02 0.111907 1.88263 4516.9 2921.35 0.283827 0.203031 0.670944 0.694091 27.5949 -2.77651 0.953874 4707.75 0.723715 0.0996691
817.804 0.159669 -2.94491 555.87 -0.0660826 0.214925 1380.41 1310.11 0.762284 0.375994 0.700187 0.586094 270.826 0.0833366 0.131246 1405.59 0.139717 0.0996691
1763.01 -0.462668 -3.07923 434.815 -1.11209 0.241483 1849.6 1833.72 0.448778 0.717375 0.579486 0.760832 1308.39 0.217343 0.038476 2495.74 0.619556 0.0996691
645.205 1.28071 2.017 453.043 -1.94544 -1.26809 2825.57 2802.59 0.421648 0.734775 0.878948 0.725667 24.7161 -1.28167 0.0139571 1348.67 0.185621 0.0996691
1730.63 0.55018 0.796243 1205.47 1.37263 -2.08824 3157.41 2904.52 0.325895 0.263043 0.559499 0.840681 345.367 -2.70913 0.273472 3266.91 0.759741 0.0996691
1593 0.345002 -2.51521 1552.24 -0.148788 0.68222 3344.9 3087.18 0.419113 0.355861 0.694641 0.340535 86.4843 -0.429718 0.445996 3245.65 0.746907 0.0996691
1742.14 -0.225774 -2.36544 1118.71 -0.928754 0.788117 2981.79 2996.13 0.648985 0.378616 0.480033 0.80991 192.644 1.77037 0.0857596 4734.13 0.959683 0.0996691
1204.66 0.381593 0.616438 1088.42 -1.32967 -2.52169 3230.3 2878.23 0.699882 0.348412 0.626302 0.810922 116.542 -2.30143 0.139771 2343.43 0.0942846 0.0996691
422.052 -0.695274 -0.46619 356.346 -1.78268 2.55845 919.011 867.731 0.822062 0.542455 0.613992 0.805442 77.9713 2.78196 0.231019 804.132 0.109679 0.0996691
2402.06 0.332889 -2.6096 2341.77 0.550307 0.402332 4955.96 4438.48 0.481045 0.36551 0.572805 0.580104 442.498 1.5048 0.817115 5167.93 0.669719 0.0996691
454.463 -1.55265 0.485328 446.672 0.19687 -1.70432 1216.99 1082.46 0.77535 0.661055 0.523235 0.750785 6.0132 0.861982 0.363099 1320.51 0.460296 0.0996691
326.915 1.90201 1.54218 321.09 1.50624 -1.56947 676.255 627.355 0.753742 0.763186 0.77321 0.645713 21.5074 -1.26057 0.29463 633.339 0.0443857 0.0996691
356.02 -0.148674 -1.21831 329.358 -2.61882 2.01309 1287.82 1159.42 0.479452 0.61446 0.737272 0.823583 53.36 2.01387 0.0124099 653.565 0.122994 0.0996691
834.879 -0.575971 -1.87211 660.079 -1.52281 0.249906 1525.46 1399.44 0.449009 0.711251 0.513434 0.671856 25.9545 -0.588229 0.0436469 2510.61 0.870142 0.0996691
2370.27 -0.108902 -2.67763 2283.42 -0.487328 0.43699 4751.83 4802.96 0.496095 0.687923 0.737049 0.678898 331.658 0.458276 0.0187197 7643.76 0.0244019 0.0996691
293.807 2.49517 2.91532 288.306 1.15719 -0.316805 736.333 698.405 0.829226 0.747115 0.695128 0.728003 28.5223 1.63478 1.24339 563.183 0.0380973 0.0996691
2204.4 0.559458 -2.98143 1395.06 0.0368907 -0.541609 3438.24 3464.13 0.555952 0.494505 0.720802 0.710113 120.629 0.127484 0.391527 5066.66 0.594149 0.0996691
312.346 -3.05452 -2.00587 305.122 0.0515937 1.12218 1584.17 1206.98 0.383167 0.704673 0.333025 0.773244 20.6965 1.25052 0.16412 607.895 0.146529 0.0996691
813.729 0.972584 2.11309 725.048 1.27716 -1.34988 1575.19 1329.12 0.482488 0.737606 0.784576 0.678982 77.7192 0.658673 0.766053 1797.38 0.776994 0.0996691
1215 -0.243065 -0.324099 732.912 0.595932 2.88206 2068.57 2063.65 0.520778 0.609955 0.675882 0.699855 108.106 1.95109 0.137065 3081.46 0.916961 0.0996691
467.933 -0.543823 1.97332 458.531 -0.961519 -1.15567 960.365 926.471 0.41809 0.67199 0.731423 0.610571 23.4578 -1.4481 0.00598836 934.454 0.899147 0.0996691
1183.31 -0.387462 2.3139 1103.93 0.217411 -0.926692 2435.29 1910.37 0.214565 0.632575 0.540094 0.734635 105.952 -3.10871 0.586647 2892.39 0.379494 0.0996691
352.366 -0.553851 1.66128 311.529 0.0399895 -1.5671 706.564 643.551 0.688408 0.659701 0.742607 0.697558 24.1792 -0.831372 0.323658 649.1 0.828014 0.0996691
1348.68 0.516761 -3.07974 992.279 1.0283 -0.0139866 2467.46 1911.51 0.15355 0.748182 0.26154 0.720222 36.3738 2.82605 0.00717711 3585.42 0.0453239 -0.0996691
280.029 0.0425693 0.907104 268.408 -1.22182 -2.25778 694.443 561.732 0.679089 0.482136 0.776344 0.559079 22.7791 -1.6458 0.154954 533.917 0.738549 0.0996691
830.559 -0.47989 -0.0926861 277.492 -1.13943 1.57123 815.07 756.489 0.705926 0.751165 0.842231 0.621274 764.737 -3.02726 0.190983 1356.87 0.707876 0.0996691
1238.63 -0.950569 1.14886 1237.52 0.626661 -2.05224 3303.23 3286.04 0.30578 0.710543 0.825789 0.808377 61.4538 -0.295749 1.43703 2494.38 0.997829 0.0996691
1752.52 -0.481371 -2.42427 1741.35 0.699096 0.985293 4115.59 4156.1 0.483824 0.758457 0.737072 0.456407 75.1062 2.87102 0.987987 4061.52 0.752119 0.0996691
1674.88 0.0580103 -1.26271 1641.89 1.14378 1.98811 3826.88 3836.03 0.425588 0.187786 0.836762 0.70522 111.672 -2.17799 0.916946 5658.37 0.0541616 0.0996691
2430.85 0.513237 2.06843 472.638 -0.468852 -0.826847 2744.52 1075.97 0.120959 0.268622 0.646385 0.876584 1863.95 -0.945306 0.355192 3335.69 0.783649 -0.0996691
2482.65 -0.0158971 -2.90829 1498.71 1.13728 0.332722 4527.54 4566.08 0.0881995 0.276748 0.663153 0.562973 630.034 0.0432831 0.180021 4391.03 0.793797 0.0996691
1920.53 -0.1765 -0.240626 1724.51 0.465618 -2.52746 3772.43 2716.5 0.152669 0.458734 0.584515 0.921657 207.983 1.19282 0.681297 5044.01 0.939871 0.0996691
1536.42 -0.0981403 0.604158 1357.27 -0.1589 -2.65068 2911.98 2776.82 0.654453 0.417899 0.722047 0.53279 53.0146 -2.31697 0.00679898 3182.67 0.849688 0.0996691
2709.15 -0.387242 0.615238 1955.3 0.254722 -2.74842 5077.27 4106.43 0.189606 0.0793335 0.557393 0.718781 273.772 -1.02576 1.18167 5678.11 0.928237 0.0996691
2637.45 0.751319 2.3571 1917.02 -0.874601 -0.524287 6219.05 5312.62 0.708346 0.278264 0.881716 0.472828 394.18 -1.23103 0.185365 5304.49 0.770707 0.0996691
304.561 -0.174992 -1.97042 301.646 1.15028 1.46456 755.803 670.921 0.590342 0.705929 0.667225 0.724117 22.8558 0.0991157 0.644377 620.458 0.925811 0.0996691
1271.18 1.25921 -1.16147 366.86 0.627584 2.03674 1449.72 1435.18 0.528944 0.640315 0.683953 0.710179 913.435 1.97091 0.058816 1686.44 0.554587 0.0996691
1305.68 0.0941701 1.29965 663.228 -0.589707 -1.67475 2021.38 1403.87 0.307281 0.649934 0.758604 0.758427 589.716 -1.91501 0.124039 2239.5 0.40027 0.0996691
944.315 -0.9643 2.61585 744.855 -0.35487 -0.508421 1792.04 1340.07 0.600854 0.349352 0.737413 0.783856 202.506 -0.619227 0.0897393 1707.83 0.472556 0.0996691
678.504 0.333271 -1.49708 587.529 -2.74551 1.62667 3118.23 1548.64 0.672909 0.34251 0.814139 0.604826 123.363 -1.09727 0.396596 1499.85 0.665745 0.0996691
989.836 1.1398 0.80299 711.825 0.898356 -2.89422 1662.41 1562.47 0.704953 0.861211 0.61644 0.604249 276.929 -3.13699 0.220574 2493.31 0.906008 0.0996691
1316.63 -0.207858 -0.234849 1040.38 0.914157 2.22229 2619.54 2611 0.433682 0.444869 0.794402 0.570125 549.187 -2.49089 0.0481203 3855.2 0.197788 0.0996691
1690.76 0.50336 2.60618 1523.04 0.514975 -0.531116 3326.26 2874.01 0.462506 0.361809 0.571192 0.787237 181.215 -0.591975 0.0322937 3353.52 0.119331 0.0996691
569.981 0.856101 0.0659484 307.696 0.418951 -2.82955 884.184 792.957 0.49111 0.778449 0.717229 0.832212 146.574 -3.04728 0.23462 1000.55 0.339179 0.0996691
432.321 -0.238683 1.33354 428.628 0.404659 -1.8242 918.913 887.235 0.556329 0.842695 0.764653 0.713948 10.4311 -0.185823 1.52261 842.552 0.0291295 0.0996691
470.419 -0.197551 1.16619 440.742 -0.166448 -1.94965 934.251 859.715 0.89118 0.788996 0.652943 0.781532 35.2026 -2.3844 0.0422308 886.253 0.887721 0.0996691
1650.6 0.281862 2.89249 1553.69 0.417681 -0.225653 3451.69 2270.42 0.187389 0.235623 0.643914 0.798145 96.3191 -0.488807 0.408101 3421.71 0.472577 0.0996691
345.422 1.67886 0.637717 344.491 -0.83447 -2.57444 1316.09 1267.26 0.702302 0.591002 0.616143 0.760894 39.9742 -0.9395 1.58652 676.839 0.0464884 0.0996691
560.554 1.02207 -1.82412 279.563 1.90672 2.01822 852.96 745.808 0.656558 0.456192 0.776648 0.804026 220.398 1.1575 0.0949802 1046.08 0.85839 0.0996691
1133.47 -0.00468872 -2.15052 828.849 0.951391 1.03825 2183.4 2153.32 0.762736 0.598839 0.691601 0.413852 331.507 1.24299 0.204475 2236.24 0.152496 0.0996691
2539.03 -0.565466 -0.282635 2423.46 -0.678816 -3.09386 5025.22 4819.81 0.291526 0.532004 0.796807 0.67519 155.341 1.30902 0.19068 5719.65 0.981629 0.0996691
760.216 -0.954066 0.942216 743.808 -1.68246 -2.19635 1643.58 1485.2 0.631716 0.703419 0.773399 0.90798 27.8845 -2.23511 0.0420105 1496.34 0.0524482 0.0996691
466.925 -0.0493475 0.0852116 361.884 0.482758 2.63953 842.589 749.613 0.576463 0.846808 0.678186 0.767676 128.822 -1.75828 0.704797 989.411 0.889203 0.0996691
2800.88 1.01374 1.67758 2439.4 -0.760511 -1.50268 7435.37 7518.06 0.487672 0.160792 0.657048 0.660622 423.265 -1.14118 0.361656 7405.09 0.0703727 0.0996691
2223.47 0.439584 -2.17713 1368.51 0.148452 2.52239 2553.55 2553.61 0.519787 0.699859 0.71356 0.689733 1510.19 0.373761 0.0755963 4712.11 0.60946 0.0996691
1770.53 -0.398124 -0.566382 1432.28 0.182497 2.58046 3331.09 3355.05 0.502654 0.445515 0.768737 0.739944 25.593 -2.81014 0.266491 5641.48 0.135397 0.0996691
663.112 0.0808742 -0.81903 406.54 -0.229784 2.31177 1085.87 952.643 0.38244 0.588035 0.809645 0.59906 263.512 2.36148 0.00580645 1073.02 0.233333 0.0996691
1810.23 0.106249 -0.247391 1292.35 -0.432113 1.3881 2466.27 2959.83 0.807204 0.271977 0.808842 0.73072 287.827 -2.63241 0.101734 4974.07 0.377639 -0.0996691
2707.76 0.165886 2.24508 2227.3 0.857619 -1.51881 5160.13 4066.55 0.258601 0.346532 0.683029 0.643758 159.667 -0.774933 0.218711 6650.95 0.559689 0.0996691
1403.71 0.951641 -1.62321 1358.95 -0.97542 1.786 4144.41 4151.39 0.319632 0.544004 0.540482 0.770937 843.947 -1.50851 0.113342 5037.07 0.132628 0.0996691
417.186 1.32538 2.71407 372.093 0.337873 -0.376288 895.719 876.239 0.765519 0.530614 0.680906 0.776557 13.6103 -0.484055 0.108617 809.757 0.0560965 0.0996691
2947.33 -0.722386 0.980988 2040.77 -0.0261441 -1.71144 5338.34 4313.2 0.128631 0.80861 0.571599 0.727909 105.745 -2.05177 0.339513 6655.66 0.0715887 0.0996691
1875.02 -0.0160422 -1.75192 1297.32 -0.679828 0.290154 2955.07 2686.94 0.374505 0.256287 0.629627 0.765627 1439.86 2.06101 0.0197504 3671.62 0.97503 -0.0996691
425.957 -0.957218 0.585677 375.086 2.0437 -2.52037 1897.68 1580.26 0.490275 0.627834 0.756169 0.712453 65.9406 -2.4614 0.063724 830.509 0.0721692 0.0996691
420.399 -1.14609 -0.287887 268.016 -2.04317 -3.11015 754.448 1283.58 0.827918 0.692589 0.83421 0.631454 356.88 3.11472 0.00370049 1068.53 0.729997 0.0996691
1839.99 0.290117 0.532591 358.089 -1.76998 -2.32218 2596 2523.47 0.626288 0.653069 0.72151 0.734519 1431.77 -2.69876 0.382856 2846.53 0.67126 -0.0996691
1533.17 1.04092 -1.16949 538.629 0.450349 1.92629 1940.83 1720.77 0.652655 0.555294 0.676545 0.715907 990.99 2.022 0.135505 2073.49 0.888806 0.0996691
2153.4 0.113163 -0.617313 1117.28 -0.245462 2.33031 3159.76 3170.13 0.423778 0.448529 0.709645 0.816172 354.431 1.82831 0.00282741 5098 0.565581 -0.0996691
1591.63 0.948759 -2.04209 933.501 -0.19895 0.652826 2818.7 2805.1 0.438174 0.652193 0.736241 0.701035 194.872 1.12033 0.403375 3450.2 0.972101 0.0996691
1570.39 0.240757 -2.91571 897.414 2.01642 1.33341 3146.42 3149.1 0.568716 0.550576 0.840661 0.779048 400.254 -0.0950939 0.0222689 3730.84 0.378862 0.0996691
651.93 0.307987 -2.01246 335.632 0.787797 1.31 1002.72 758.335 0.740704 0.650662 0.698977 0.6871 386.491 1.24156 0.132245 1100.81 0.925136 0.0996691
407.133 1.25457 2.20243 382.915 -0.210279 -0.954678 1033.9 961.584 0.703955 0.736448 0.603412 0.785987 12.137 -0.589287 0.269048 787.593 0.178338 0.0996691
384.587 -2.50857 3.05114 383.054 -0.282013 -0.00472125 1311.71 1280.6 0.572471 0.697039 0.499222 0.667175 26.6531 -1.50295 1.50116 759.449 0.042919 0.0996691
2300.73 -0.542615 -0.452146 1284.08 0.755467 2.52704 4288.17 3030.5 0.564062 0.210055 0.650322 0.771912 698.294 2.96339 0.047426 4076.94 0.842918 0.0996691
1425.73 -0.462538 1.17956 740.492 0.172658 -2.17047 2165.11 2121 0.657922 0.678579 0.675083 0.688322 328.161 -2.48806 0.310624 2749.18 0.915724 0.0996691
1642.4 0.184297 -1.93066 1110.27 -0.972708 2.1473 2936.94 2935.61 0.796855 0.415722 0.84042 0.675845 42.7737 -1.66746 0.256944 4773.02 0.248601 0.0996691
869.716 -1.43175 1.07608 834.308 0.658947 -2.50722 2712.41 2668.71 0.689344 0.666235 0.880178 0.728181 118.496 -2.46821 0.0423253 2105.44 0.22383 0.0996691
1605.24 -0.652614 2.43336 954.752 0.555096 -0.109917 2894.3 2561.39 0.575405 0.511389 0.562446 0.692429 938.615 -1.19058 0.784105 2746.46 0.934828 0.0996691
2629.54 -0.169527 0.461776 1992.61 -0.21369 -1.95696 4531.36 4256.43 0.183238 0.105158 0.854778 0.593649 39.335 -1.21732 0.45097 6567.53 0.619093 0.0996691
531.289 0.0371214 -0.931619 488.097 -0.316034 2.19184 1043.35 1019.16 0.638528 0.615762 0.757654 0.667637 45.288 2.4387 0.24198 1030.12 0.0657771 0.0996691
288.774 -0.839549 0.573491 275.477 -2.38775 -2.59068 782.015 724.747 0.6513 0.54133 0.664668 0.576965 11.2137 -1.71457 0.876498 577.237 0.0739831 0.0996691
632.353 1.38865 1.86841 489.664 0.228152 -1.54349 1317.55 1279.52 0.706324 0.349645 0.726527 0.598937 30.2796 -1.42508 0.132913 1284.9 0.20196 0.0996691
1409.67 0.761865 -1.80904 1379.7 0.852368 0.52672 2610.11 2597.63 0.608085 0.540155 0.875142 0.751967 27.2679 2.38312 0.24706 5128.56 0.0642039 0.0996691
704.526 0.310734 3.03384 521.683 -0.680282 -0.22758 1378.16 1311.25 0.713644 0.710215 0.692471 0.856991 68.4281 2.97592 0.0560238 1817.55 0.206885 0.0996691
448.869 -0.331404 1.54525 373.748 -0.695683 -1.40324 852.901 754.627 0.615919 0.705819 0.806621 0.606157 38.6901 0.684109 0.835265 1107.45 0.494414 0.0996691
2336.28 0.535271 -2.87892 2035.95 0.321751 0.67578 4342.09 4336.29 0.208777 0.257358 0.637434 0.797636 210.7 -0.162404 0.570915 5195.55 0.971103 0.0996691
1845.31 0.738949 2.62032 750.507 -0.0384212 -0.449923 2859.68 1497.8 0.632508 0.44894 0.370026 0.69074 807.738 -0.546466 0.0276089 3153.47 0.384425 -0.0996691
1199.45 -0.201763 -0.640263 1040.27 1.51934 -0.62968 2253.53 2124.38 0.430829 0.501615 0.409258 0.7628 1419.56 2.7867 0.0674231 3597.58 0.476475 -0.0996691
448.988 -1.60147 1.96492 419.617 -1.30161 -1.21077 893.616 829.156 0.761804 0.771972 0.714726 0.581946 33.2834 -1.25773 0.0569071 848.966 0.0609956 0.0996691
1808.64 -0.523567 -1.62505 1761.18 -0.961071 1.33543 3828.2 2747.42 0.217852 0.554031 0.647694 0.75756 30.3781 0.459052 0.876715 4017.56 0.940542 0.0996691
1594.2 0.343836 -0.802725 1361.87 0.420533 2.91928 2846.05 2833.47 0.569034 0.414059 0.704378 0.593123 341.608 -0.362108 0.0102753 4532.61 0.941533 0.0996691
2217.9 0.260816 -3.05772 520.951 0.315788 -0.273559 2379.83 1002.19 0.232673 0.726251 0.665337 0.654108 1614.47 0.122857 0.159431 3224.12 0.807821 0.0996691
786.36 1.59655 -1.26853 744.956 -0.97073 1.77642 3023.06 2711.8 0.665476 0.228545 0.836642 0.694029 49.8391 -0.699223 0.559858 1756.56 0.109508 0.0996691
936.226 1.46455 1.34675 657.48 0.239059 -1.13608 1824.49 1784.24 0.481609 0.735978 0.84242 0.861196 60.068 -1.96144 0.806815 2252.31 0.362249 0.0996691
2896.53 -0.274483 -0.698999 849.597 -0.424861 1.19406 2898.58 2498.82 0.112582 0.659211 0.571212 0.754715 2648.08 2.73715 0.176605 4128.2 0.770314 -0.0996691
607.6 -1.27486 -0.916929 607.457 0.486576 2.22491 1738.1 1661.3 0.662757 0.662221 0.794941 0.816438 6.75883 2.2903 0.0622277 1238.3 0.0122618 0.0996691
1331.28 0.444471 -1.07399 1041.76 -0.364924 1.76292 2583.62 2146.14 0.17591 0.559647 0.600581 0.729081 313.459 2.50952 0.51577 2556.2 0.970331 0.0996691
1703.47 -0.812001 -2.98351 1309.66 0.028566 -0.548477 3101.06 3115.39 0.567491 0.4588 0.786797 0.500703 863.116 0.260705 0.184177 4715.78 0.906483 -0.0996691
1971.03 0.152696 -0.417025 1254.39 0.636702 -3.11022 3181.08 3175.12 0.180769 0.410372 0.557497 0.901901 581.805 1.90998 0.0601372 3767.25 0.904054 -0.0996691
2258.59 -0.0174873 -2.49487 1783.48 0.639807 1.6474 4071.07 3047.63 0.194105 0.130672 0.730006 0.495473 1394.94 -0.216996 0.0300072 4695.04 0.484671 -0.0996691
433 -0.503489 1.47588 320.683 -1.93578 -1.71043 968.748 873.611 0.65629 0.668754 0.736629 0.720943 120.21 -1.46708 0.167115 750.331 0.213902 0.0996691
2287.12 -0.474177 2.19753 1244.02 -0.00329352 -1.04849 3618.81 1649.24 0.391538 0.443424 0.671361 0.78744 1969.13 -0.519475 0.107365 4615.04 0.544991 -0.0996691
2496.15 0.683038 -0.508165 1628.16 1.15892 2.92942 4293.13 3150.3 0.248731 0.519058 0.779329 0.851551 19.1953 1.61111 0.608186 5259.18 0.152323 0.0996691
834.733 0.285163 -1.83699 772.12 -0.0832541 1.02444 1675.45 1493.17 0.132242 0.670623 0.796232 0.856541 116.119 2.22096 0.404692 1827.02 0.529964 0.0996691
529.34 2.04953 0.474043 317.92 0.606234 -2.7027 1055.22 1016.5 0.7959 0.466845 0.757893 0.707811 216.59 -2.82145 0.112326 868.282 0.225796 0.0996691
1858.78 0.0982744 2.53024 1652.65 -0.513592 0.865025 2834.36 2809.57 0.763985 0.579286 0.745135 0.661765 239.943 -1.68666 0.105063 5982.21 0.96187 0.0996691
432.1 1.15968 -1.56465 295.936 -1.13333 1.40642 1249.61 1146.17 0.819974 0.732992 0.73554 0.80745 86.2861 1.97317 0.54935 721.279 0.260675 0.0996691
1675.28 -0.337573 2.73857 1022.44 0.249245 0.0485321 2680.1 2686.39 0.249208 0.516848 0.696263 0.655451 339.967 0.409739 0.357454 3609.49 0.32643 0.0996691
3129.06 -0.0174177 1.56135 2181.37 -0.148592 -1.83941 5330.29 4606.46 0.425913 0.35874 0.503134 0.77741 755.917 -1.3418 0.497402 5873.82 0.941762 0.0996691
1610.83 -0.73407 0.814309 1044.92 -1.23478 -0.806943 2089.35 1945.04 0.437808 0.702188 0.733274 0.826407 1259.5 -2.92894 0.139216 3288.28 0.61039 -0.0996691
1514.47 0.0575728 -0.0430243 1046.16 1.12782 -2.95404 2966.89 2398.3 0.200555 0.631527 0.632836 0.666133 559.003 2.66055 0.270823 2664.8 0.920871 0.0996691
1749.89 -1.02353 0.389341 1662.38 -0.619929 -1.93788 3228.04 3254.25 0.547879 0.541307 0.756908 0.758498 329.402 1.96732 0.129225 5400.1 0.84044 0.0996691
654.28 -1.65776 2.71787 266.996 0.484196 -0.306496 1381.99 1183.16 0.558733 0.556161 0.349914 0.702558 389.005 -0.529136 0.206306 938.347 0.558051 0.0996691
2062.63 0.0662232 -0.296283 1183.14 0.957252 2.85241 3463.74 3291.81 0.256701 0.496493 0.503515 0.420033 82.8823 3.04124 0.16134 4304.31 0.91457 0.0996691
1865.66 0.0264043 -2.37188 1365.07 0.481795 1.82829 2862.54 2891.76 0.660849 0.544684 0.804112 0.619054 1357.58 -0.514179 0.0756047 4722.39 0.574803 -0.0996691
535.653 -0.423118 1.28692 531.522 0.00945392 -1.79814 1113.6 1057.78 0.691439 0.689683 0.676663 0.872526 25.4123 -2.63517 0.828933 1072.09 0.0388648 0.0996691
975.227 0.236396 2.98977 696.025 2.27199 0.61707 2514.95 2495.71 0.670173 0.376752 0.764853 0.801757 252.086 0.0201601 0.595057 2460.26 0.400388 0.0996691
1678.93 -0.100627 -0.913342 1678.01 0.341689 2.25981 3509.24 3006.46 0.383353 0.344499 0.698524 0.625429 51.3931 0.564116 1.30019 3433.86 0.679557 0.0996691
1307.13 0.405747 0.952051 622.957 -0.151559 -2.23919 1901.7 1871.21 0.522526 0.674878 0.829206 0.777492 692.578 -2.16513 0.015167 2290.97 0.762308 0.0996691
1490.48 -0.372425 2.61483 1453.4 0.110166 -0.588287 3055.82 3065.28 0.531409 0.380871 0.271055 0.728578 76.8875 -0.467883 0.127292 3045.33 0.0400924 0.0996691
1268.3 -1.12058 1.87462 721.738 -2.25423 -2.32611 2019.82 2032.39 0.591064 0.0719625 0.686957 0.657213 720.278 -1.47007 0.662967 2851.79 0.923545 0.0996691
320.346 1.26923 -1.73045 303.051 0.070804 1.40607 774.174 630.964 0.649365 0.542545 0.714964 0.68094 160.461 1.97756 0.423281 756.049 0.452873 0.0996691
1000.75 -0.564006 -1.57067 529.218 0.934005 1.39829 1933.14 1750.48 0.42361 0.507952 0.717416 0.740011 470.595 1.34903 0.0428867 1714.82 0.229891 0.0996691
417.343 1.27241 -1.45653 358.427 0.763904 1.84178 806.08 792.162 0.620481 0.199949 0.61929 0.681504 79.9033 1.4077 0.433491 819.604 0.11179 0.0996691
484.258 0.46699 -2.47557 377.464 -0.255774 1.19335 898.074 854.31 0.477975 0.827465 0.641394 0.783709 171.807 -2.30273 0.155029 1229.77 0.739103 0.0996691
1552.84 0.172409 2.70126 866.246 -0.567305 0.0562983 2428.66 2422.8 0.270615 0.815578 0.785146 0.797898 697.317 -0.907217 0.186055 2621.06 0.85874 0.0996691
1342.14 0.0469996 2.36746 904.613 0.953707 -0.910533 2440.66 2417.14 0.116545 0.640633 0.728622 0.515038 531.519 -1.01278 0.0900384 2530.05 0.223775 0.0996691
1508.36 -0.706759 -2.76336 1434.63 -0.0791576 0.39911 3140.62 2963.77 0.512165 0.596767 0.635656 0.830968 63.475 0.0477649 0.0809222 2989.7 0.858123 0.0996691
1551.5 0.0153186 -0.288864 1140.83 1.03923 2.55732 3006.57 3003.14 0.368264 0.47884 0.825667 0.740182 79.0408 1.06406 1.35009 3336.98 0.529099 0.0996691
2316.12 -0.421824 0.640572 2150.51 -0.985544 -1.51975 4216.77 4213.22 0.193625 0.664752 0.670175 0.818882 313.098 1.3896 0.342023 6614.89 0.976825 0.0996691
1115.7 -0.892828 2.19465 498.182 -0.443971 0.546348 1196.39 1021.26 0.531915 0.398859 0.774395 0.550086 908.55 -1.33631 0.0409018 1916.7 0.665524 0.0996691
1194.81 -1.26969 -2.86577 1063.57 0.540301 -0.335826 3185.05 3147.49 0.591866 0.64625 0.829995 0.811415 33.0441 -0.172758 0.15994 2961.1 0.961227 0.0996691
302.764 -0.171779 -0.418092 267.688 -0.759 2.33277 603.281 546.58 0.676156 0.610093 0.795835 0.919499 86.7386 1.23784 1.09399 730.515 0.632473 0.0996691
644.147 -1.00266 -0.333616 543.989 -2.0721 2.79382 1491.39 1102.93 0.172854 0.541531 0.7326 0.774789 97.5122 2.88337 0.131597 1215.91 0.605188 0.0996691
606.506 1.06964 1.89008 409.161 0.000167427 -1.19121 1169.9 1040.54 0.679633 0.603901 0.70525 0.534958 206.526 -1.36554 0.142422 987.048 0.882006 0.0996691
2635.14 0.376455 0.0626751 2012.44 -0.569534 2.76794 5087.77 5019.47 0.275807 0.652862 0.7979 0.607333 59.3193 0.380708 0.31329 5952.69 0.98054 0.0996691
848.084 0.68252 2.57707 301.016 -1.65254 -1.1819 1761.31 1707.21 0.647028 0.661821 0.681311 0.473136 434.451 -0.197672 0.114383 1525.29 0.743642 0.0996691
3013.04 -0.237014 1.87054 1120.54 0.166564 -1.60829 3921.39 3139.37 0.26833 0.713985 0.751534 0.855748 1410.58 -1.66674 0.0684884 5383.9 0.153286 -0.0996691
1738.39 -0.608172 0.253447 1209.78 -0.531887 -1.80884 2517.53 2442.92 0.543295 0.265559 0.307927 0.762784 1360.18 2.63585 0.126919 3206.49 0.29203 -0.0996691
1490 0.26636 2.02417 393.148 0.969759 -0.792409 1636.32 1529.01 0.72701 0.672493 0.738125 0.770846 1097.6 -1.15043 0.341004 1915.73 0.626936 0.0996691
1420.27 1.61654 1.85581 1348.45 0.152443 -1.62281 3532.29 3535.43 0.364211 0.715938 0.641879 0.695234 73.6478 1.40949 0.439303 3259.92 0.165001 0.0996691
2690.97 0.388327 1.66728 2186.74 1.21532 -1.24648 5403.82 4411.1 0.380853 0.201367 0.603345 0.558089 107.548 0.545201 1.12205 5930.54 0.606748 -0.0996691
569.341 -0.344687 1.41495 390.066 -2.18013 -1.21437 1366.87 1322.49 0.781295 0.644928 0.811787 0.763891 76.0064 -1.2467 0.0258508 1434.17 0.305597 0.0996691
3191.1 -0.13738 3.04026 3142.43 -0.472396 -0.0689456 6441.14 6511.12 0.439028 0.179212 0.687407 0.81638 362.371 1.56426 1.47548 7004.54 0.989648 0.0996691
935.602 1.36728 -0.220324 503.478 -1.49581 3.03735 3042.34 2996.25 0.633048 0.70365 0.575593 0.780903 439.828 2.67544 0.0965207 1622.84 0.076708 0.0996691
353.372 -0.0910567 2.54689 346.566 -0.431143 -0.000869443 691.645 671.998 0.764581 0.65027 0.706654 0.786906 52.2181 -0.115652 0.107878 885.35 0.280535 0.0996691
773.788 1.58419 1.38317 773.687 1.19195 -1.66518 1587.46 1594.45 0.528363 0.536355 0.439495 0.692497 61.5376 -3.1158 1.45285 1560.12 0.0442745 0.0996691
622 1.82621 1.19962 557.997 0.93125 -1.98709 1353.16 1092.7 0.671323 0.395334 0.749572 0.808167 69.4657 -1.63296 0.0891043 1187.08 0.581095 0.0996691
481.144 1.57037 2.04141 468.933 -0.717199 -1.32989 1660.27 1181.41 0.399161 0.714669 0.787976 0.58229 51.5214 1.89853 0.00892913 1074.14 0.207252 0.0996691
987.19 -0.0838404 -0.356255 747.116 -0.985906 3.08485 1934.84 1486.55 0.503742 0.231927 0.833813 0.725914 37.2154 2.10279 0.125561 2106.73 0.629328 0.0996691
631.434 -1.81756 -2.75645 258.801 -0.463941 0.309513 1025.4 939.042 0.707991 0.733719 0.763566 0.756423 376.445 0.453676 0.170411 875.727 0.476842 0.0996691
1311.69 -0.177038 0.798455 1295.78 -1.09928 -0.923491 2402.91 2695.84 0.542766 0.31205 0.756103 0.476302 531.713 1.88402 0.488952 4381.96 0.675934 0.0996691
1314.74 -0.95894 -2.86562 1140.78 -0.0436603 0.500012 2767.24 2239.31 0.218104 0.726792 0.577398 0.843993 296.049 -0.33375 0.837766 2645.75 0.942123 0.0996691
1330.12 -1.21401 2.20995 1288.38 0.190241 -0.958901 3362.62 3047 0.407886 0.400052 0.584585 0.664603 55.5116 0.0219623 0.870394 2676.05 0.0893471 0.0996691
1430.36 0.0425983 2.13102 1311.22 -0.278348 -0.958818 2841.97 2530.04 0.569034 0.702508 0.725429 0.549829 250.393 2.15481 0.00846481 3146.26 0.0221115 0.0996691
1708.86 0.0817783 0.898449 634.737 -2.27731 2.64576 3462.3 3479.21 0.264455 0.652614 0.885473 0.850084 1379.53 -2.05765 0.0459831 3380.59 0.973745 0.0996691
364.25 -2.30516 -1.63534 300.058 1.1537 0.757256 1910.05 1869.06 0.769104 0.587377 0.684015 0.57672 38.1841 -0.178634 0.934531 928.589 0.6283 0.0996691
1327.08 -1.39362 -2.21756 1016.58 -0.598121 0.980275 2589.36 2191.12 0.258624 0.602562 0.601384 0.525407 51.5148 1.93471 0.954054 2731.36 0.0790212 0.0996691
473.411 0.00810948 -2.39548 364.195 -0.169818 0.728385 851.141 793.076 0.800334 0.607194 0.605852 0.732611 105.305 0.756894 0.0736893 827.62 0.170303 0.0996691
351.254 0.430272 -2.06662 347.948 -0.572704 1.09827 806.753 746.321 0.678419 0.748729 0.710889 0.675152 8.87529 2.6036 1.0472 677.651 0.868885 0.0996691
541.568 0.440212 0.333018 523.434 0.27159 -2.33353 1056.56 1027.09 0.772963 0.64726 0.791423 0.797512 56.2498 -2.16989 0.164985 1564.78 0.229613 0.0996691
284.747 -0.615042 1.15647 269.521 -1.98953 -2.03679 699.346 662.189 0.466612 0.790722 0.83905 0.742364 10.5868 -0.574178 1.44094 531.03 0.0638236 0.0996691
1634.32 0.0519439 0.585731 883.872 0.85276 -2.54507 2617 2606.49 0.509006 0.169878 0.634346 0.434766 537.81 -2.37251 0.172235 3042.79 0.291015 0.0996691
1331.57 -1.50245 1.8832 1180.84 0.58433 -1.52522 4030.16 3831.88 0.359378 0.674837 0.709087 0.598777 69.7585 2.44685 0.559171 2968.48 0.636774 -0.0996691
2598.52 -0.108592 -0.527012 1143.18 -1.0227 2.19647 3899.57 705.878 0.245847 0.655696 0.679551 0.745302 1625.17 2.90033 0.148985 3879.88 0.905498 0.0996691
442.839 0.203529 -2.96003 375.344 0.593412 0.281586 853.688 773.057 0.729157 0.607449 0.831656 0.846834 68.3883 0.123287 0.177549 817.166 0.123925 0.0996691
1593.38 -0.463061 0.0366268 844.461 -0.228544 2.79584 2374.08 1940.93 0.655195 0.376034 0.524206 0.667763 660.346 -2.39455 0.00353861 3188.92 0.686029 0.0996691
2654.18 0.351443 2.70861 1717.72 -0.433392 -1.50502 4077.89 4115.07 0.173816 0.68248 0.595048 0.725339 1186.99 0.209606 0.107945 5654.72 0.620424 -0.0996691
1355.48 -0.441596 -2.94787 629.631 1.82056 -0.93729 3004.1 3041.04 0.429847 0.588689 0.468853 0.800695 895.455 0.700473 0.0644931 2351.86 0.650614 0.0996691
489.124 -1.98628 1.66686 371.526 1.88374 -1.66768 3017.9 2903.4 0.566017 0.667385 0.599833 0.69897 119.285 -1.08299 0.0724992 897.088 0.901637 0.0996691
437.859 2.2401 -1.52016 431.507 1.00406 1.75811 1064.2 1005.15 0.668636 0.578741 0.760944 0.684022 23.7596 0.0444402 0.677223 867.615 0.965278 0.0996691
967.336 0.590476 2.53377 627.805 -0.823283 -1.2361 1926.52 1713.24 0.668103 0.600299 0.694616 0.516108 1352.04 0.544788 0.182897 2709.33 0.805431 0.0996691
1772.51 0.888249 0.394393 1530.11 -0.723566 -2.00598 4264.25 4317.71 0.529673 0.458447 0.899121 0.577257 1379.7 2.15974 0.0880775 4781.83 0.335295 0.0996691
1109.53 1.10495 -0.530268 837.556 2.02121 -2.86334 2003.86 2024.11 0.579607 0.499623 0.609802 0.660698 81.0863 -2.36711 0.495847 3049.06 0.439573 0.0996691
1265 0.048073 2.41205 393.404 -2.52626 -2.80002 2490.31 2437.55 0.630056 0.547586 0.63388 0.745584 1077.6 -0.57081 0.682577 2171.9 0.658826 0.0996691
1916.04 0.251826 -1.51064 1162.28 -1.20313 0.938725 3694.92 3664.3 0.583731 0.784764 0.313823 0.821248 297.614 2.36365 0.105467 4196.54 0.573719 0.0996691
2435.76 0.0749542 2.02574 1584.37 0.732071 -0.0781021 3672.47 3723.78 0.263786 0.393928 0.786065 0.782109 305.369 -2.32193 0.348868 6066.5 0.596814 0.0996691
2071.88 0.450421 2.38647 1694.93 1.19385 -1.27339 3920.3 3939.3 0.342783 0.295107 0.665784 0.770369 259.746 -1.35323 0.0813035 4895.69 0.972335 0.0996691
2350.5 0.0618289 -0.829256 1749.16 0.446326 1.61484 3898.77 3935.14 0.675553 0.812441 0.743492 0.803424 1524 -2.77969 0.139746 5793.41 0.331735 0.0996691
639.564 -1.68478 -0.909584 626.284 0.171413 2.22508 1874.49 1725.64 0.664324 0.707128 0.73319 0.763754 49.8331 2.89811 0.372426 1269.06 0.280188 0.0996691
1323.85 0.00187307 -3.07515 1062.57 0.291258 -0.767489 2225.35 2203.64 0.518447 0.534831 0.821499 0.781266 121.25 2.24295 0.664891 3851.35 0.9491 -0.0996691
1043.64 -1.03881 2.31402 764.546 0.930261 -0.626362 2728.26 2717.97 0.489417 0.527325 0.633119 0.610433 113.279 1.86363 0.443531 2280.42 0.450682 0.0996691
1817.31 -0.429577 -2.99752 1209.61 -0.00515091 0.0583933 3046.21 3071.62 0.339376 0.385144 0.752318 0.814813 87.096 -0.441557 0.311596 3751.94 0.656167 0.0996691
440.158 1.04628 -2.30252 348.388 0.279204 1.14957 852.426 774.33 0.789697 0.614498 0.790839 0.721511 19.3882 -0.683438 0.729058 929.119 0.869434 0.0996691
2098.75 0.731075 0.0681656 1883.8 -0.798594 -2.41786 5060.92 4909.1 0.340257 0.657048 0.36725 0.522298 1010.6 0.494854 0.427531 6055.36 0.347183 0.0996691
1709.07 0.431486 -3.11484 1268.86 1.50793 0.559207 3298.35 3342.16 0.56876 0.45615 0.612469 0.659446 88.174 -0.635796 0.436492 3945.34 0.6357 0.0996691
1693.03 0.999679 -2.91552 684.591 0.3247 0.18518 2375.08 1888.65 0.305459 0.817879 0.859383 0.761848 1040.66 0.209085 0.015334 2497.52 0.277719 0.0996691
1924.47 -0.584039 1.00721 1252.99 -0.624039 -1.58256 3038.46 2887.94 0.392617 0.13538 0.42745 0.844423 116.342 -1.87554 0.196625 4285.73 0.500624 0.0996691
1401.8 0.652326 0.64393 1075.51 -0.564244 -2.00551 2875.57 2882.96 0.464288 0.233551 0.609783 0.756023 149.577 1.62513 0.0126393 3205.24 0.962057 0.0996691
1712.94 0.423074 -2.7766 1625.65 -0.133908 0.128353 3482.72 3508.03 0.603136 0.495138 0.519492 0.81401 187.269 0.236531 0.108249 5456.04 0.120135 -0.0996691
3384.09 -0.570783 0.420564 2762.29 -0.0628592 -2.86556 6484.59 5666.68 0.379556 0.242934 0.348206 0.788354 195.787 -0.0665884 0.44168 7131.19 0.0664915 0.0996691
1595.66 -0.396256 2.73266 1277.59 -0.348307 -0.570719 2890.24 2817.65 0.713203 0.666643 0.727181 0.618102 78.1052 1.83809 0.893826 3260.27 0.162476 0.0996691
993.352 1.9238 -1.70337 783.13 -1.23463 1.41221 4501.46 3068.54 0.553969 0.580865 0.447105 0.771996 209.136 1.56592 0.114682 1799.4 0.672143 -0.0996691
1950.14 0.547807 -0.254083 789.355 -0.5635 2.51742 2848.54 2840.69 0.0702577 0.419144 0.650658 0.571291 1134 3.11359 0.00044179 2881.27 0.880485 0.0996691
1898.05 -0.209502 1.85863 1841.91 -1.41774 -1.16898 4470.18 4451.8 0.608188 0.810023 0.569357 0.675437 145.355 1.20216 0.655612 5092.06 0.0599301 0.0996691
548.413 -1.17204 0.600802 352.899 0.474923 -2.40028 1204.82 1008.13 0.759865 0.702453 0.748554 0.777643 27.0753 1.56953 0.975759 1531.46 0.748235 0.0996691
1483.37 -0.295428 -0.753635 1383.11 0.350392 1.88625 3077.12 2463.85 0.649333 0.30614 0.834416 0.765449 814.737 1.41454 0.278908 4658.77 0.528336 0.0996691
799.162 -0.766513 0.998443 301.812 -0.143861 -2.07293 1051.93 847.411 0.503488 0.566603 0.735023 0.541388 495.98 -2.17823 0.0571153 1110.05 0.594584 0.0996691
804.794 -0.512213 0.554354 505.657 -2.15456 -2.92581 1742.22 1616.91 0.739717 0.602988 0.638224 0.864296 69.3186 -2.91084 0.0137999 1595.74 0.341717 0.0996691
1934.87 -1.24478 -1.07125 1310.85 -0.470849 0.938938 2979.23 3008.98 0.48291 0.418433 0.553916 0.456129 2439.18 2.8101 0.0950966 4033.24 0.928103 0.0996691
1426.65 -0.971314 3.01054 1185.05 0.231086 0.0208153 3105.87 3054.82 0.617011 0.462229 0.622137 0.379352 52.233 0.483075 0.419268 2962.81 0.151145 0.0996691
2023.59 0.432241 1.11137 1462.64 -0.384003 -0.925963 3297.23 3266.33 0.752328 0.666968 0.565463 0.718476 963.23 -2.27406 0.0587749 5533.23 0.391393 0.0996691
634.144 -0.562419 1.81317 441.65 0.483929 -1.74996 1195.31 1189.22 0.368208 0.619487 0.650773 0.757433 303.248 -0.40196 0.0316607 1432.77 0.539801 0.0996691
1516.48 0.0530266 -0.426474 1221.14 -1.23111 1.6708 3026.35 3019.88 0.486967 0.71413 0.64762 0.566486 1469.54 -2.64461 0.127335 4586.18 0.0649971 0.0996691
330.009 -0.218895 -1.72712 321.611 -2.72775 1.59783 1263.2 1147.3 0.731456 0.698567 0.762316 0.586089 50.4048 -0.12044 1.43503 619.119 0.996226 0.0996691
508.935 0.711992 1.03496 303.962 1.69498 -1.61655 893.255 807.594 0.547979 0.77904 0.613465 0.661512 24.2375 -1.39413 0.211433 1123.99 0.348906 0.0996691
1840.02 -1.06043 -0.591626 1446.73 -0.262791 2.77835 3521.2 3566.18 0.15286 0.46059 0.84285 0.718999 425.233 2.88345 0.104823 4032.67 0.163595 0.0996691
1502.95 -0.25733 -2.85735 1317.91 -0.969794 1.26253 2709.7 2698.27 0.242804 0.436366 0.795223 0.855485 25.1581 1.13423 0.126949 4376.9 0.447844 -0.0996691
2257.39 0.452159 1.73529 1737.32 -0.167713 -1.32428 4249 3455.34 0.1915 0.623703 0.619956 0.638255 699.269 -1.06345 0.26018 4743.98 0.0466009 0.0996691
1810.82 -1.15213 -1.09505 1268.51 -0.513761 1.25846 2989.55 2943.28 0.229048 0.814541 0.672093 0.625084 531.814 -2.70685 0.114037 4404.97 0.80288 0.0996691
2492.94 0.419906 0.791769 1918.34 0.960394 -2.34783 4569.19 4613.08 0.387624 0.214633 0.317982 0.537963 99.0632 -1.33685 1.01227 4974.94 0.131926 0.0996691
460.782 -0.578216 1.15874 405.527 -1.9324 -1.98486 1101.98 992.942 0.76461 0.822153 0.801664 0.695475 60.291 -1.61845 0.00684392 856.311 0.00957732 0.0996691
362.952 -1.98244 -1.11565 360.036 -1.45894 1.91409 757.802 729.619 0.656951 0.696213 0.659609 0.535562 22.9515 -2.73224 1.60257 729.389 0.998585 0.0996691
2471.75 -0.547826 -2.91428 2184.76 0.372849 -0.143825 5403.12 3809.88 0.494597 0.518839 0.445449 0.605963 154.928 -1.82502 0.471255 6006.18 0.256215 -0.0996691
578.278 -0.330403 3.08325 473.242 -1.14507 -0.174719 1164.64 1046.83 0.570079 0.810241 0.746355 0.703614 24.2537 1.2959 0.907712 1131.88 0.93105 0.0996691
3035.96 -0.418065 0.817887 1838.24 0.57129 -2.11284 5491.47 3729.07 0.150292 0.294106 0.816753 0.700707 328.675 2.64759 0.374956 6615.57 0.930378 0.0996691
328.645 1.27398 -2.50386 327.909 1.31037 0.602298 676.495 621.979 0.700203 0.44323 0.727781 0.7966 25.8248 2.45198 1.28943 644.901 0.0672315 0.0996691
1815.9 0.535231 -1.73257 1407.88 -0.333223 2.76579 3066.77 2148.77 0.167367 0.51536 0.828997 0.658084 1410.07 0.808407 0.0342502 4367.19 0.93532 0.0996691
1856.63 -0.359006 -1.15513 1055.65 0.202083 -2.70487 2130.89 2160.51 0.286374 0.227805 0.481158 0.531999 903.674 1.79519 0.130842 4372.75 0.55518 0.0996691
485.548 1.32462 -1.66025 482.805 0.874488 1.49793 1016.39 936.126 0.810461 0.738648 0.677579 0.769976 24.5121 -0.391865 1.04926 938.509 0.873595 0.0996691
2143.45 0.435937 -0.299499 1203.73 -1.09614 2.88405 4245.8 3942.77 0.795498 0.540584 0.671008 0.670428 197.396 -2.90622 0.458246 4942.2 0.304743 0.0996691
1715.22 0.236464 2.09424 1203.02 -0.617207 -0.409561 3018.69 3034.82 0.713782 0.162332 0.64326 0.866021 71.0121 -2.28033 0.300482 4106.79 0.514272 0.0996691
2494.29 -0.247461 1.16935 1608.82 -0.856509 -1.45708 4093.19 4054.02 0.123342 0.566124 0.834811 0.821082 632.233 2.61479 0.018353 6317.13 0.355157 0.0996691
412.022 -1.68512 -0.06877 292.071 -1.1424 3.01063 747.934 609.402 0.676669 0.731752 0.818233 0.621303 121.295 3.10387 0.145447 671.188 0.174053 0.0996691
2470.58 -0.0453416 -0.172416 1481.07 1.64931 2.94076 5345.32 5288.28 0.438554 0.38103 0.643732 0.606267 266.11 0.268736 0.145423 5221.39 0.942075 0.0996691
648.543 -0.661344 -3.01758 555.813 0.637432 -0.190608 1468.73 1420.18 0.764742 0.689269 0.794633 0.738495 5.22962 1.34223 0.249751 1378.92 0.647824 0.0996691
1654.37 -0.26003 -1.92703 407.638 -0.57617 0.870773 1679.97 1595.45 0.420104 0.619018 0.897106 0.789833 1331.69 1.08041 0.219519 2388.29 0.600034 0.0996691
541.515 -0.443059 -2.09108 273.651 0.303378 -0.0600953 744.254 669.085 0.730021 0.751221 0.639672 0.793878 281.365 1.72824 0.187558 1033.87 0.916338 0.0996691
1341.93 -0.41301 1.31087 1122.6 0.474026 -1.81188 2717.74 2674.86 0.376616 0.764669 0.722459 0.74008 177.775 -1.88023 0.0708238 2492.9 0.112053 0.0996691
394.647 -0.408492 -0.165651 388.585 0.647052 2.94527 900.86 889.845 0.746485 0.394744 0.863711 0.6783 10.9445 1.16545 1.3233 778.186 0.0209491 0.0996691
367.49 -1.45486 1.48763 316.617 -0.615857 -1.6711 779.773 642.047 0.573884 0.585628 0.676014 0.800864 59.9714 -1.39088 0.0823127 672.089 0.704967 0.0996691
2799.43 -0.405097 2.73531 2091.89 -0.206975 -0.453847 5157.5 3823.15 0.301641 0.707494 0.738975 0.880392 194.376 -0.966861 0.511577 5770.48 0.331113 0.0996691
633.245 0.303373 -0.793944 447.522 -0.817776 2.37149 1276.08 1112.37 0.34435 0.397665 0.535616 0.776341 176.64 2.28241 0.00352693 1081.5 0.338072 0.0996691
1854.32 0.0595192 -1.37577 948.642 -0.347873 2.28991 2718.66 2152.98 0.22581 0.50727 0.798285 0.666915 894.907 1.37305 0.0592747 3105.99 0.837714 0.0996691
432.194 0.692161 2.85515 429.938 1.63495 -0.25014 968.991 940.812 0.633119 0.567579 0.690732 0.638975 10.4603 -1.9832 1.06003 871.285 0.878339 0.0996691
1509.45 -0.977957 -1.46537 1126.15 0.115205 2.19887 2950.62 2894.33 0.323458 0.776145 0.81243 0.679737 81.3482 0.94065 0.110576 3491.29 0.776503 0.0996691
1712.76 -0.833066 -2.69835 1557.2 -0.491508 0.391845 3339.47 3292.39 0.475028 0.775914 0.781756 0.612604 167.238 0.888613 0.129838 3282.22 0.965446 0.0996691
394.199 0.507075 1.5083 332.533 -0.254674 -0.983749 745.206 751.208 0.64651 0.392343 0.794487 0.738647 21.8161 1.71615 0.206376 1010.74 0.328278 0.0996691
432.177 -1.68254 -1.88023 416.089 -0.461686 1.26396 1031.25 961.009 0.756572 0.844548 0.750105 0.726147 15.8494 1.17784 0.0620184 844.289 0.0119242 0.0996691
352.752 -1.07529 2.58093 348.516 -0.565461 -0.536273 734.637 697.63 0.633363 0.587828 0.773701 0.769595 3.47585 -1.89688 1.3508 703.28 0.0413417 0.0996691
1516.58 -0.161879 2.1942 1267.06 0.961863 0.114748 2907.7 2921.48 0.323424 0.767691 0.842336 0.750683 293.787 -2.38693 0.0365379 4175.67 0.955661 0.0996691
1815.22 0.299282 2.54594 1484.03 -0.44002 -1.59721 3215.67 2694.42 0.613496 0.233726 0.679444 0.777654 1243.68 -0.202717 0.243644 4519.51 0.658084 0.0996691
829.669 1.21005 -1.11344 630.365 0.0518962 2.2188 1704.88 1690.43 0.339006 0.578964 0.704001 0.67956 204.819 1.25212 0.333948 1490.99 0.927878 0.0996691
1235.39 -0.822256 -2.90544 1084.65 0.815055 0.336155 3213.75 2650.68 0.465782 0.502298 0.605606 0.638286 149.027 -0.293298 0.160142 2482.58 0.871994 0.0996691
2271.39 -0.12864 1.01144 2099.47 0.911477 -1.64107 5035.33 3588.13 0.244621 0.284343 0.5851 0.815875 375.219 -0.00643831 0.770343 5953.49 0.584542 0.0996691
317.85 -0.124189 -1.31111 317.607 -0.0125323 1.80311 654.778 617.621 0.671971 0.599321 0.745551 0.756516 49.7067 -2.96617 1.50434 647.834 0.893562 0.0996691
392.198 -0.590982 -1.42883 391.664 -1.6374 1.70099 903.811 874.865 0.719708 0.694442 0.64808 0.670791 5.25826 2.91649 1.21566 794.507 0.857991 0.0996691
1689.49 -0.0884394 -1.16331 582.409 -0.377786 1.58667 1975.38 2001.4 0.434266 0.508311 0.471137 0.660656 632.668 2.16411 0.032758 2848.65 0.525841 0.0996691
393.158 -2.28668 -0.782293 364.004 -0.347926 -2.83209 1078.54 1070.6 0.394578 0.38284 0.611784 0.762816 48.7122 -0.602883 0.191614 1401.72 0.0941541 0.0996691
1904.82 -0.438617 0.290101 455.663 -1.62653 -3.11015 2217.65 2125.54 0.720589 0.637744 0.718597 0.83057 1068.48 -2.89197 0.11381 2807.37 0.744101 0.0996691
2487.52 -0.655118 -2.91863 1543.07 -0.940999 0.420159 3952.12 3981.92 0.72047 0.368959 0.770193 0.866618 265.49 -0.309359 0.488915 4838.09 0.586176 0.0996691
570.59 -0.452151 0.929863 480.546 0.289003 -2.15954 1198.69 928.06 0.474154 0.191563 0.79499 0.807491 87.9617 -2.06628 0.0309975 1037.4 0.292255 0.0996691
1413.07 -0.240225 -3.08013 1365.62 1.24198 -0.152503 3616.92 3361.74 0.320682 0.225472 0.643116 0.802531 282.035 1.46586 0.804109 2883.71 0.756651 0.0996691
717.804 1.09045 0.179838 279.604 0.526864 -2.87534 960.044 870.526 0.804454 0.803009 0.645241 0.708804 448.23 -3.02336 0.193489 977.654 0.502683 0.0996691
448.632 -0.387107 2.09446 323.908 -1.99811 -1.23787 1049.1 894.258 0.641033 0.695722 0.832831 0.748369 50.8827 -1.6368 0.341515 786.64 0.291099 0.0996691
2312.6 0.751046 -2.45449 1707.66 -0.67945 0.125848 5181.95 2529.46 0.434662 0.323305 0.311835 0.688633 556.819 0.0636265 0.0620794 5438.45 0.390143 -0.0996691
1073.15 -1.01607 -1.84189 991.579 -0.771716 1.32578 2099.27 2070.52 0.764101 0.71561 0.782089 0.755209 66.4799 1.09429 0.226475 2071.81 0.0309363 0.0996691
453.036 0.660497 -1.74913 276.92 1.50594 1.40834 865.371 503.574 0.278716 0.780969 0.854092 0.829029 4.19664 2.85386 0.739171 952.429 0.480386 0.0996691
668.985 2.22313 2.48506 532.82 -0.305448 -0.88387 2287.22 2284.28 0.432028 0.525396 0.704701 0.805843 198.354 -0.749273 0.126925 1958.77 0.173765 0.0996691
281.626 -0.0956102 0.726228 258.626 -1.76943 -2.43937 760.285 544.09 0.692836 0.532884 0.838301 0.711726 13.0489 -1.96911 0.235152 527.032 0.344198 0.0996691
893.979 1.16865 -1.314 747.832 -1.18536 1.40528 2906.02 2680.17 0.464148 0.714615 0.740771 0.745628 170.693 2.27183 0.821891 1856.72 0.823612 0.0996691
1108.25 -0.939962 0.241256 972.753 0.70019 -2.66989 2818.17 2806.79 0.597569 0.539394 0.616466 0.787878 38.0436 -3.13556 0.347422 2341.32 0.791218 0.0996691
1150.65 0.51702 -1.99565 1150.34 -1.63299 1.21842 3857.9 2533.88 0.201537 0.706469 0.828188 0.824472 29.7187 -1.31357 0.392616 2388.89 0.31811 0.0996691
1836.99 0.418497 -2.87105 1121.03 0.0259549 0.579489 2902.59 2926.44 0.1692 0.649273 0.544979 0.903756 275.179 0.693303 0.113384 3663.14 0.286425 0.0996691
678.391 -0.769869 -0.109787 503.738 -0.0123111 -1.87002 1063.78 1594.45 0.394098 0.532988 0.776034 0.831772 632.261 1.85948 0.356135 1629.65 0.564537 0.0996691
1731.91 0.798426 0.0759513 1284.5 -0.0789439 -2.68439 3238.49 3262.37 0.436068 0.674639 0.396063 0.779969 289.093 -2.83469 0.149021 4904.01 0.240536 0.0996691
944.361 -0.860021 -0.775412 790.967 1.40293 1.65231 2909.99 2866.56 0.463415 0.596696 0.607977 0.595008 424.783 -2.88329 0.283178 1951.43 0.741401 0.0996691
269.548 1.8506 2.01145 257.306 -0.931193 -1.42421 1127.84 1058.45 0.695052 0.669618 0.681798 0.829547 11.1479 -0.546363 0.733227 872.276 0.623564 0.0996691
294.82 -1.02268 -0.178629 290.519 -0.970682 2.94179 599.095 566.759 0.657077 0.608288 0.686563 0.706108 9.24965 2.10234 0.389658 580.307 0.866545 0.0996691
344.405 0.418953 -1.57571 278.885 -0.967055 1.4307 794.314 706.714 0.70277 0.7248 0.782004 0.690536 27.3071 0.738807 0.628004 660.085 0.794511 0.0996691
750.42 0.425566 -0.962795 641.457 -0.520545 1.97288 1603.64 1270.64 0.745314 0.381653 0.681199 0.687692 48.2944 1.38436 0.0468129 1584.68 0.614884 0.0996691
1951.09 1.0885 -0.222828 1307.55 0.449576 -2.6868 3213.8 3220.47 0.297848 0.687919 0.861396 0.734613 589.521 2.47384 0.453725 4239.98 0.75276 0.0996691
299.392 -0.974392 -0.571102 278.218 -1.25001 2.49105 598.213 553.147 0.765495 0.443184 0.701509 0.658072 33.795 -2.76045 1.02999 566.689 0.0533591 0.0996691
1038.42 -1.58862 0.0667896 252.342 0.536161 -2.85348 1710.58 223.595 0.370261 0.758392 0.734625 0.79199 787.052 3.13532 0.241602 1295.06 0.175116 -0.0996691
1854.98 -0.167339 -3.03743 1776.16 -0.612834 0.083952 3743.25 3737.5 0.785166 0.531284 0.729241 0.800452 90.9898 0.601885 0.514393 3661.98 0.971598 0.0996691
1884.39 -0.243357 -0.900804 1497.09 0.0307073 2.82034 3307.8 3566.92 0.214215 0.392919 0.684962 0.622682 808.615 -3.13545 0.11501 4941.55 0.779283 0.0996691
1737.19 0.0358699 3.02131 1321.04 0.0898961 0.697825 2817.82 2787.75 0.752889 0.522364 0.820165 0.707493 675.874 -1.11581 0.172006 3695.41 0.508628 0.0996691
430.157 -1.54746 2.85927 399.615 0.996383 -0.584909 1595.71 1570.66 0.476513 0.623433 0.771513 0.753057 11.4671 -2.02724 1.39565 981.346 0.651605 0.0996691
1698.58 0.957093 3.07081 1504.7 -0.78089 -0.270547 4480.15 4512.88 0.255841 0.597646 0.490369 0.716089 113.146 -1.27472 0.819755 6039.12 0.852656 0.0996691
293.956 1.47805 -2.68924 269.106 0.281833 0.63562 681.965 629.629 0.645548 0.562112 0.676541 0.682664 39.2003 -0.672642 1.2198 563.194 0.103401 0.0996691
634.059 1.41636 -2.38943 608.873 0.283267 0.77825 1472.35 1395.68 0.736874 0.700348 0.837422 0.67193 44.0409 -0.130075 0.571516 1249.53 0.936484 0.0996691
1450.39 -0.340827 0.378816 1271.37 -0.508974 -2.85326 2748.7 2699.46 0.331 0.670278 0.635357 0.834071 200.438 -2.95572 0.085813 2900.1 0.101026 0.0996691
1697.82 0.0236523 -0.14908 1440.89 -0.126615 -3.11746 3161.09 3101.22 0.774655 0.490663 0.854311 0.680016 41.5243 -2.83482 0.260521 3503 0.132849 0.0996691
1787.55 1.13188 3.0651 1591.18 0.108768 0.0426431 3853.67 3805 0.494615 0.602251 0.770034 0.708899 405.46 0.101965 0.0694422 4180.81 0.0836284 0.0996691
1047.93 0.08829 -0.567648 857.347 0.905412 2.74343 2135.22 1718.86 0.585571 0.234933 0.40388 0.780442 53.9308 -2.9159 0.3235 2218.26 0.352061 0.0996691
2206.54 -0.523188 0.148162 1354.9 0.825786 -2.85252 4282.54 4282.83 0.658116 0.301293 0.784947 0.734907 105.345 2.87156 0.149976 4774 0.506617 0.0996691
353.608 -1.6149 2.19287 251.954 -1.33828 -0.979188 622.915 543.728 0.773684 0.695994 0.585536 0.735854 98.2484 -0.976484 0.0224093 592.257 0.257325 0.0996691
1747.04 0.516501 0.971504 926.331 1.60971 2.20965 2085.49 2090.82 0.155726 0.789964 0.835439 0.887577 701.095 -1.77602 0.0938035 4251.64 0.453511 0.0996691
1770.46 -0.540592 2.16041 765.265 -0.610128 -1.16186 2357.6 2228.65 0.316521 0.538863 0.595924 0.725824 1028.79 -0.845767 0.12499 2578.71 0.901132 0.0996691
1356.77 -1.65238 1.34491 1107.34 1.5568 -0.905059 6259.23 6324.38 0.429172 0.277509 0.432274 0.731789 86.0726 1.89308 0.547198 3653.79 0.4417 0.0996691
3630.47 -0.044034 1.33221 3451.6 -0.240706 -2.01504 7104.75 7150.8 0.696601 0.068271 0.632844 0.841303 392.392 -1.32066 0.694892 8135.38 0.108646 0.0996691
1124.12 -0.429712 -0.689256 753.936 1.55692 2.64744 2846.7 2761.63 0.727224 0.419285 0.854957 0.760186 144.1 2.58336 0.0729952 2179.62 0.212461 0.0996691
2155.82 -0.167189 1.4655 2121.27 -0.985172 -0.843647 4345.96 4231.04 0.406163 0.797549 0.615651 0.67226 1078.39 -2.74671 0.148253 4945.4 0.642822 0.0996691
2019.96 -0.383879 -2.22872 1384.38 0.75037 0.493304 3845.36 3886.57 0.393703 0.394956 0.820052 0.70311 221.003 -0.714591 0.63738 5363.76 0.254683 0.0996691
969.05 0.41352 1.5022 832.014 -0.198567 -1.41671 1933.23 1704.1 0.270566 0.773441 0.659441 0.81991 39.1396 -2.33549 0.48619 2014.92 0.822735 0.0996691
1676.83 0.538651 -2.7222 1514.92 -0.0584505 0.0665325 3306.78 3299.65 0.869006 0.652367 0.756616 0.772817 181.513 0.355095 0.288135 3724.51 0.183877 0.0996691
2383.62 -0.04824 -2.71626 2057.69 -0.573965 0.665733 4596.5 4453.03 0.510764 0.572099 0.375978 0.525868 621.947 -0.482595 0.702503 4519.59 0.952436 0.0996691
442.75 0.464081 1.55388 358.661 2.06234 -1.57327 1107.5 707.744 0.580663 0.200383 0.783559 0.695949 16.86 -1.82593 0.233235 1253.86 0.107312 0.0996691
2881.21 -0.534891 0.000461038 2577.55 0.149937 -3.09785 5861.18 5041.33 0.661734 0.442562 0.581359 0.49604 194.593 -2.22179 0.8129 5857.16 0.194553 0.0996691
2055.7 0.86086 -1.0857 881.382 -0.947044 -2.84171 3478.14 3450.33 0.825172 0.521614 0.91301 0.510648 1229.61 1.59394 0.441063 4067.23 0.633783 0.0996691
2021.5 0.294287 -1.96603 870.836 -0.42298 1.39989 2874.21 2622.32 0.35744 0.768748 0.805715 0.695569 872.217 1.01681 0.0837768 3246.87 0.717001 0.0996691
1830.29 -0.11548 0.831376 1359.35 0.187703 -1.63417 3032.77 3014.55 0.614939 0.773281 0.313413 0.761442 75.925 2.50356 0.257716 4656.09 0.311719 -0.0996691
2373.3 -0.651415 0.467213 1486.67 0.44266 -2.27551 4512.15 2979.85 0.287345 0.587092 0.749898 0.752241 1011.74 3.09553 0.146617 4274.56 0.807161 -0.0996691
892.497 0.678625 0.541965 733.128 0.820986 -2.63984 1645.12 1617.26 0.771397 0.571562 0.684855 0.665112 86.5211 -2.35654 0.277197 1776.26 0.0882324 0.0996691
2122 -1.07123 1.08706 1836.66 0.0286628 -1.53329 4467.97 4409.23 0.372655 0.65975 0.753695 0.848376 217.58 1.62522 0.538469 5085.35 0.269881 0.0996691
585.27 0.683273 2.68878 527.049 0.821357 -0.273307 1130.51 1079.99 0.72465 0.756825 0.82101 0.809543 26.8272 -0.909587 0.64431 1179.68 0.110834 0.0996691
975.667 0.0627655 0.0266502 857.149 -0.431608 2.95376 1898.88 1843.45 0.70784 0.791087 0.710488 0.824469 166.871 -1.7275 0.369382 2079.36 0.120723 0.0996691
1398.34 0.0314176 0.711346 467.367 1.11286 -2.68327 2005.46 1676.74 0.325302 0.516138 0.611454 0.71941 970.866 -2.37304 0.307716 1933.36 0.39605 0.0996691
1470.4 1.5452 -1.61561 1225.41 0.00569942 1.5629 3536.66 3543.62 0.769391 0.596009 0.747024 0.631722 247.077 1.36635 0.0776991 2730.78 0.962778 0.0996691
2283.72 0.608899 0.304584 1767.52 0.687096 2.23803 3364.46 3192.16 0.31794 0.629128 0.834745 0.667576 476.292 -0.46733 0.460594 6851.44 0.468571 0.0996691
1846.13 0.542305 3.04816 1365.44 0.775382 -0.810679 3006.38 3041.17 0.0420553 0.15111 0.710319 0.699804 813.389 1.19979 0.0162876 4310.09 0.800402 0.0996691
1624.1 -0.562826 1.71632 1568.26 -0.358056 -1.34852 3240.33 3184.19 0.486385 0.500149 0.735734 0.81632 144.364 -2.52584 0.550888 3207.85 0.945421 0.0996691
282.503 -0.40026 2.0235 270.981 -1.75248 -1.06836 697.861 661.3 0.709681 0.558259 0.721633 0.850381 13.0288 -2.59423 1.51351 530.223 0.0233784 0.0996691
395.979 -0.197498 -1.99275 325.495 -1.87344 1.60881 983.075 935.066 0.74255 0.711487 0.818414 0.807852 14.5123 -0.738546 0.434183 945.404 0.623396 0.0996691
481.548 0.530715 -2.01257 357.108 -0.499344 1.03841 955.132 879.141 0.466481 0.787732 0.741588 0.688149 135.131 1.24653 0.210105 844.328 0.221869 0.0996691
391.481 1.50953 2.90062 283.775 1.01893 -0.319414 714.09 620.456 0.527693 0.693055 0.859497 0.848652 7.53855 -0.588789 0.128683 766.041 0.847792 0.0996691
920.957 1.39005 0.92376 405.567 -1.66436 -1.99997 2951.26 2885.55 0.558639 0.645673 0.506765 0.759554 408.214 -2.04125 0.0482225 1488.28 0.422704 0.0996691
1534.71 -0.142017 -0.262408 1307.33 0.591575 2.99855 3051.05 2995.52 0.522324 0.651583 0.691155 0.702444 112.561 1.36278 1.33887 3079.24 0.741273 0.0996691
697.143 -0.109271 -0.580145 661.517 -1.23922 2.54291 1593.22 1549.52 0.86354 0.64535 0.650604 0.622236 22.3542 2.8655 0.312694 1355.54 0.0414229 0.0996691
1251.59 -0.0188332 2.03107 1159.72 -1.48199 -1.75477 3010.2 2959.04 0.846305 0.633447 0.823768 0.715953 80.9234 -0.837736 0.882097 3121.77 0.592279 0.0996691
2103.78 0.640736 -1.48109 961.677 -0.462912 0.653922 3042.29 2904.08 0.433228 0.762165 0.722469 0.782165 633.096 1.80233 0.00814629 4394.17 0.677951 0.0996691
1234.51 -0.754432 1.61397 938.757 1.35641 -2.07441 3434.32 3349.74 0.357021 0.435419 0.657196 0.63025 156.656 1.8137 0.199904 3699.79 0.305015 0.0996691
547.649 0.984995 -0.354421 512.768 1.33677 2.7314 1095.93 1065.78 0.801937 0.658972 0.758508 0.775064 53.3997 -2.85468 0.694025 1074.1 0.0452373 0.0996691
2733.04 -0.764777 0.623011 2344.34 0.424941 -2.5796 6088.27 5288.24 0.369844 0.671724 0.694536 0.827871 133.489 -2.09055 0.12441 5445.25 0.828369 -0.0996691
566.045 0.470017 0.0623553 532.603 -1.72938 -2.99141 1849.51 1765.56 0.682525 0.793388 0.729395 0.676894 14.1771 -0.709724 0.0684821 1558.38 0.447462 0.0996691
771.033 -1.43353 -0.975469 706.239 -1.45427 0.754963 1135.23 1138.84 0.193116 0.528701 0.697814 0.783538 755.838 3.06312 0.0242736 1880.23 0.478144 0.0996691
328.404 -0.217065 0.186117 320.683 1.0304 -3.13445 781.583 780.17 0.369778 0.669831 0.375971 0.588528 55.1939 -1.95418 1.18336 673.822 0.0934986 0.0996691
2628.53 -0.646948 3.12608 1829.36 0.746216 -0.584056 5546.93 4682.87 0.253619 0.440916 0.79993 0.711291 292.254 -0.202056 0.378907 5997.73 0.212137 0.0996691
1336.15 -0.627574 1.47349 1238.53 0.856119 -0.287628 2892.7 2898.22 0.218895 0.726861 0.71136 0.779675 993.998 -2.11106 0.0987918 3407.77 0.864405 -0.0996691
601.789 0.927507 0.430557 276.609 0.737878 -2.6988 843.32 755.866 0.548465 0.641041 0.739058 0.701285 320.628 -2.67126 0.000174522 865.609 0.458728 0.0996691
781.995 0.0650462 -2.04761 681.897 0.393791 1.07571 1584.2 1081.5 0.406276 0.453853 0.488604 0.680404 92.5855 1.2139 0.0478404 1516.39 0.110954 0.0996691
2356.07 0.0979423 -0.579563 2310.79 0.0839429 -3.05419 4581.06 3535.96 0.51784 0.345457 0.70392 0.653385 191.198 -1.38243 0.797253 6605.44 0.84486 0.0996691
1524.57 0.0668453 2.40344 1275.75 -0.365114 -0.160181 2785.45 2236.45 0.27103 0.552239 0.522814 0.541335 248.804 0.0116927 0.160824 3748.96 0.490584 0.0996691
974.175 0.437709 1.77194 953.577 -0.575058 -1.2187 2217.07 2026.92 0.571236 0.68513 0.795789 0.62655 116.46 -2.50712 0.457503 1991.3 0.970719 0.0996691
393.915 -1.51403 -0.575907 300.039 -1.99862 2.43347 735.2 621.052 0.776051 0.524784 0.808646 0.760927 83.4802 2.67232 0.353253 672.958 0.271026 0.0996691
945.196 0.451437 1.05048 914.358 0.374151 -2.18812 1899.04 1765.38 0.629176 0.462541 0.570702 0.84199 80.823 -0.869848 0.946691 1932.3 0.331604 0.0996691
1691.17 0.630399 0.928076 1469.14 -0.575632 -2.13386 3831.69 3249.71 0.177939 0.186292 0.597024 0.548212 272.767 -2.69733 0.375212 3267.99 0.204943 0.0996691
1850.16 -0.546248 -2.75494 1290.79 -0.0737797 -0.478174 2937.97 2894.24 0.276023 0.616177 0.504423 0.77992 1051.49 1.26433 0.145267 4413.09 0.46402 0.0996691
1111.32 -0.245942 -1.91882 344.912 1.23115 -0.19857 1415.91 1276.43 0.665603 0.631571 0.599215 0.626907 957.529 1.54696 0.0500906 1625.71 0.188218 0.0996691
1333.19 -1.2544 0.350999 1207.28 -0.239128 -2.65962 2913.01 2270.23 0.240728 0.714359 0.787883 0.7391 39.0581 1.62007 0.597163 2758.42 0.979519 0.0996691
2089.75 -0.10734 -0.940315 1383.97 -0.0376155 1.27867 3076.4 3061.26 0.470975 0.860838 0.723586 0.657768 245.657 1.93885 0.319038 5075.12 0.980325 0.0996691
652.246 0.577187 -1.50474 323.088 0.297689 1.57578 950.67 900.21 0.826628 0.659581 0.638305 0.547502 349.339 1.68746 0.0630445 1007.48 0.367234 0.0996691
517.598 -0.968653 -2.53471 516.022 1.43696 0.601462 1934.61 975.08 0.614119 0.722545 0.629501 0.801003 9.10452 2.85902 0.354296 1040.87 0.705329 0.0996691
1699.83 0.17143 1.24662 1565.03 -0.721452 -0.8354 3208.52 3208.89 0.490477 0.455241 0.732671 0.699258 520.61 -0.964074 0.127531 5523.93 0.239518 0.0996691
1924.36 -0.946478 -1.09642 1514.27 0.416774 1.13208 4049.55 3134.08 0.482427 0.769479 0.635229 0.712988 366.785 2.78885 0.572863 5014.67 0.114926 0.0996691
1557.65 -0.415983 -1.90622 1507.48 0.56837 1.21997 3569.8 3145.44 0.743893 0.213987 0.73591 0.723339 63.6042 1.63207 0.0232406 3147.16 0.605352 0.0996691
548.643 0.821959 -0.625191 388.01 -2.12939 2.45785 2132.26 1944.16 0.475637 0.472198 0.641605 0.771827 89.4177 2.36449 0.0181763 969.917 0.261968 0.0996691
584.359 1.51206 -1.52342 381.477 -0.391456 1.25299 1452.26 817.789 0.24889 0.312333 0.883251 0.728325 3.69045 2.51759 0.0580673 1364.63 0.768097 0.0996691
1408.56 0.24751 -2.05144 1384.63 -0.635107 1.10428 3090.18 3076.51 0.804309 0.503136 0.782524 0.72892 71.8407 -1.40189 0.652038 3156.57 0.944459 0.0996691
549.556 0.914356 2.1343 514.722 1.65735 -1.04306 1155.49 1107.11 0.428308 0.668353 0.709767 0.812292 35.3741 0.0132836 0.952194 1094.52 0.882737 0.0996691
1843.88 0.368862 -2.21236 1660.55 -1.25741 1.46953 4699.97 3809.38 0.387708 0.288624 0.717925 0.858714 71.5972 -1.0319 0.909408 4486.51 0.636449 -0.0996691
596.718 0.518546 2.45411 264.156 -1.09345 -0.657887 1083.47 1024.8 0.467808 0.705787 0.716571 0.626837 215.135 -0.880025 0.117405 1052.93 0.827261 0.0996691
984.161 -0.88313 1.93826 623.87 -0.568805 -1.16053 1616.16 1543.32 0.613848 0.386132 0.777911 0.485431 133.484 -1.39021 0.112483 2006.63 0.955173 0.0996691
1511.59 1.18633 0.644961 1378.58 0.411063 -1.60073 2865.38 2855.26 0.682739 0.504419 0.605678 0.789097 122.367 -1.43467 0.159516 5768.01 0.741417 0.0996691
2391.4 0.596057 -1.015 1304.94 -1.17203 1.68977 4952.61 5023.48 0.239186 0.215393 0.369241 0.754697 1194.94 2.47508 0.658387 3898.93 0.912781 -0.0996691
2309.12 0.234243 1.41135 2259.53 0.231811 -1.47893 4567.19 4554.98 0.521485 0.144355 0.642738 0.431601 536.172 0.542281 0.371371 5819.45 0.932694 -0.0996691
1433.05 0.75481 2.86679 1123.22 0.459865 -0.386069 2601.57 3055.58 0.316222 0.371802 0.68743 0.603986 686.438 2.03658 0.193223 4053.67 0.591939 -0.0996691
363.042 0.70345 -0.85049 281.583 2.44516 2.19282 925.147 841.903 0.676282 0.719006 0.890129 0.708488 59.977 1.72796 0.451307 638.274 0.853156 0.0996691
801.489 1.23856 2.11803 293.305 -0.553709 -1.56187 1407.02 984.823 0.612186 0.508119 0.607672 0.753999 532.272 -0.677759 0.267256 1220.5 0.240359 0.0996691
1808.61 -0.641533 -0.858994 1713.63 -1.1289 1.3404 3423.34 4491.57 0.628232 0.126578 0.731584 0.869002 41.3202 0.823571 0.0873837 5355.28 0.87319 -0.0996691
502.663 -1.60961 -0.42946 272.329 -0.429346 2.7455 896.68 812.816 0.79221 0.609222 0.761733 0.846445 225.451 2.59225 0.116996 750.329 0.361737 0.0996691
540.658 0.146141 2.88375 475.951 -0.228767 -0.843281 1015.2 941.886 0.847995 0.677199 0.685026 0.71097 86.1097 1.73841 1.1254 1425.67 0.272066 0.0996691
795.587 0.213142 -1.92487 513.754 -2.04229 1.80283 2161.69 2174.53 0.703369 0.662521 0.593724 0.824086 26.0258 1.50012 0.146187 2196.72 0.387323 0.0996691
446.622 -0.961942 -1.27448 444.603 -1.0926 1.84808 907.24 866.176 0.53556 0.822918 0.566078 0.869711 17.1327 -2.72757 1.43056 884.926 0.988623 0.0996691
433.792 -0.884227 -3.0039 280.264 -0.234708 0.447773 741.238 719.505 0.734396 0.416166 0.924006 0.751854 48.344 -1.18185 0.0688715 888.877 0.603652 0.0996691
1825.62 -0.390295 -2.56817 824.216 -1.66196 -0.0429175 2896.86 3318.91 0.203895 0.460108 0.269693 0.879682 58.0444 0.105669 0.0288817 4250.64 0.773683 0.0996691
566.478 1.87115 -3.00225 546.652 -0.0206499 0.129767 1668.36 1638.72 0.726136 0.718607 0.595734 0.765547 6.01579 -1.19799 1.34712 1093.73 0.0288758 0.0996691
388.392 -1.24228 1.33585 377.13 0.429237 -1.83552 1057.3 1013.93 0.62529 0.71192 0.698408 0.685476 3.59956 -3.12187 1.28079 746.903 0.0422365 0.0996691
1241.82 0.981842 -1.53896 1237.57 -0.263952 1.87302 2969.85 2972.05 0.493989 0.6601 0.509857 0.909516 120.304 -1.29715 0.241429 2843.79 0.136989 0.0996691
2399.19 0.044362 -0.764032 1954.18 -0.368843 1.8268 4467.17 1679.53 0.173294 0.560724 0.698137 0.663898 523.994 -1.55202 0.430135 5852.63 0.236865 -0.0996691
2054.28 0.132726 -1.35647 1912.87 -0.367354 -0.401481 2092.07 2108.9 0.605654 0.179116 0.844787 0.790326 1619.45 2.41954 0.46117 6316.61 0.402376 -0.0996691
1744.1 -0.0193056 -0.280231 1518.45 -0.777312 2.67434 3603.22 1744.8 0.597338 0.114342 0.651517 0.581084 1490.19 2.27924 0.0207634 4876.06 0.47389 0.0996691
580.963 -0.835 -0.589057 457.08 0.770918 2.99727 1374.31 1337.87 0.832346 0.705955 0.689384 0.760403 66.4609 -2.06766 1.22592 1408.96 0.615948 0.0996691
2204.45 0.752956 -0.811103 1993.49 -0.657534 -2.58898 4578.63 4630.75 0.2029 0.332532 0.663505 0.647853 1178.65 1.32698 0.0476085 5771.33 0.953678 0.0996691
1970.49 0.158232 0.0971568 1250.59 -0.357626 2.94448 3317.5 2676.06 0.0484213 0.360861 0.823848 0.718037 1131.49 2.44162 0.0268824 4589.5 0.687166 -0.0996691
2379.19 0.0298246 2.39342 2089.71 0.34314 -1.45616 4464.37 3270.02 0.326494 0.24686 0.282981 0.808385 824.685 0.461604 0.105136 5394.6 0.973822 -0.0996691
842.599 -1.09489 -2.08028 800.305 -1.08846 1.11058 1685.31 1520.57 0.348212 0.717289 0.833518 0.79745 23.8008 0.670994 0.00185788 1668.81 0.926242 0.0996691
1412.29 0.947622 0.316301 854.867 1.36802 1.93954 1691.2 1528.38 0.412939 0.406451 0.887201 0.51361 1464.19 -2.16638 0.724601 2523.97 0.764691 0.0996691
1004.24 -1.47209 -2.88218 534.112 -0.501145 -0.225057 1677.77 1810.39 0.320008 0.60209 0.60931 0.712663 115.747 1.01595 0.30956 2199.04 0.593431 0.0996691
2332.64 0.250366 2.67217 1479.7 0.308209 -1.58936 3172.37 3169.85 0.665784 0.6441 0.781057 0.489249 588.489 -0.495029 0.0342669 6417.05 0.313888 0.0996691
1786.97 -0.082881 1.78385 1623.75 0.0547297 -0.427679 3060.87 3096.26 0.284093 0.515342 0.849563 0.710746 822.559 -1.43698 0.239694 4979.16 0.708566 -0.0996691
1052 -0.969873 -0.608862 892.697 0.761471 2.31168 2719.92 2675.46 0.234208 0.647958 0.583931 0.859608 130.629 2.74161 0.0397661 2141.21 0.954235 0.0996691
1194.36 -0.0728819 0.740006 1124.73 -1.00914 -2.72208 2568.38 2553.54 0.391283 0.473501 0.654852 0.746419 129.825 2.64296 0.910037 2786.12 0.723024 0.0996691
2390.77 0.219328 1.17491 1298.45 0.526297 2.42835 2185.78 2050.11 0.0898958 0.494129 0.83948 0.810961 2084.64 -1.53855 0.0356194 4708.05 0.503932 0.0996691
2655.86 0.16843 -0.057604 1542.77 -0.163913 -2.37882 3787.94 3829.56 0.464654 0.482245 0.447656 0.696731 187.827 -1.77155 0.604445 6464.96 0.600672 0.0996691
436.991 0.330269 -2.92601 421.263 0.994681 0.255123 915.435 895.279 0.69361 0.671707 0.79681 0.736684 23.5366 -0.150097 0.0916096 865.04 0.909699 0.0996691
1592.52 -0.348389 0.816139 1437.22 0.289324 -1.50179 2972.03 2914.29 0.729425 0.563568 0.78044 0.78727 300.756 -1.89087 0.382936 4712.97 0.964839 0.0996691
1454.33 -0.917691 -2.01542 1042.73 0.371977 1.20381 3008.38 2984.7 0.626665 0.619828 0.825324 0.498557 358.445 0.941483 0.134069 2647.16 0.864305 0.0996691
327.052 -1.37956 2.35216 252.852 -0.106916 -0.7758 731.209 624.768 0.667376 0.54775 0.553828 0.601545 94.3156 -0.88388 0.0119464 574.431 0.793408 0.0996691
663.818 -0.870509 3.0894 599.816 -1.5976 0.142991 1364.71 1317.74 0.647695 0.602227 0.76207 0.628541 62.9829 0.0996942 0.0400336 1385.92 0.0904636 0.0996691
2205.06 0.675511 0.93324 1621.2 -1.13605 -1.80126 5467.64 4764.98 0.183941 0.17013 0.547606 0.77347 607.022 1.26678 0.318933 5240.28 0.201322 0.0996691
2286.75 0.264615 1.24939 1597.04 0.217899 -0.664657 3154.34 3176.5 0.458298 0.55556 0.828174 0.570751 145.223 -2.4014 0.253201 6239.69 0.532234 -0.0996691
386.123 0.0716374 0.154263 347.77 0.520629 2.9455 757.961 714.788 0.72012 0.62352 0.717806 0.608191 41.4723 -2.94179 0.0480597 836.751 0.879501 0.0996691
489.017 -0.52355 -2.2446 485.266 -0.911451 0.930224 1007.83 968.175 0.638506 0.610278 0.835457 0.751499 24.4911 -0.809336 1.45661 945.134 0.0256485 0.0996691
303.409 -0.59245 -2.63257 283.15 -0.11018 0.595191 629.539 531.413 0.74681 0.806384 0.701859 0.663215 44.1894 0.214711 0.132259 557.344 0.752787 0.0996691
278.191 0.130064 0.965654 270.837 -0.204726 -1.64927 553.633 529.49 0.649941 0.472331 0.734802 0.706529 94.534 2.84301 0.529017 559.625 0.931336 0.0996691
1889.69 -0.710134 1.40855 1459.81 1.09414 -2.16736 4852.03 3995.24 0.286524 0.207523 0.603389 0.716723 436.935 -2.25391 0.15934 4352.01 0.43451 -0.0996691
878.525 -0.947372 0.542821 373.895 -0.452758 -2.73508 1223.2 1038.03 0.496677 0.610611 0.870877 0.845594 619.02 -2.25415 0.115542 1428.18 0.878517 0.0996691
1426.12 -0.0907545 -0.836276 1267.66 -0.519851 1.99409 2803.51 2361.74 0.340887 0.667502 0.672649 0.831899 99.5624 -3.11689 0.265967 3079.1 0.393531 0.0996691
483.802 -1.37809 0.0483305 368.612 2.55318 -3.00015 3093.57 2381.14 0.419326 0.505957 0.664938 0.54061 24.2976 2.95427 0.232714 963.569 0.869339 0.0996691
2065.01 0.614313 1.32843 1681.6 0.495682 -0.947482 3408.69 3447.8 0.148333 0.349322 0.648475 0.64855 247.86 -2.6398 0.436105 6944.82 0.976131 -0.0996691
1683.76 0.758693 -2.02884 1052.19 -0.423397 0.901891 3146.53 3132.14 0.680112 0.69858 0.802979 0.480782 279.735 2.66855 1.35431 3425.49 0.956794 0.0996691
542.806 -0.0747868 -0.158547 399.846 1.34445 2.37845 1194.52 867.402 0.320345 0.73271 0.78172 0.821445 45.9995 -2.89242 0.528608 1261.38 0.440577 0.0996691
286.607 1.76673 0.96065 270.278 2.74027 -2.13334 649.999 546.422 0.707416 0.692628 0.861985 0.637634 12.4806 -1.56631 0.554449 511.031 0.0731671 0.0996691
347.971 -0.782244 0.791784 329.927 0.714038 -2.33373 895.367 769.465 0.670557 0.801649 0.649742 0.622466 7.30068 -2.05833 0.292839 677.646 0.110871 0.0996691
823.346 -0.56061 -0.387789 790.348 -1.4086 2.71818 1777.8 1712.1 0.762645 0.799706 0.644391 0.74607 42.7595 -2.91437 0.287735 1617.78 0.932841 0.0996691
293.98 -2.49275 -3.06519 293.74 -2.01482 0.0622086 626.029 546.132 0.617367 0.800862 0.686741 0.761263 20.1661 0.695154 0.623174 547.532 0.0556964 0.0996691
641.183 0.513632 -0.865906 474.254 1.15477 2.2038 1173.88 1115.26 0.809527 0.752114 0.75851 0.753208 158.933 2.40383 0.199428 1099.86 0.196933 0.0996691
1735.68 0.424191 -2.03993 1722.99 0.256297 0.787078 3434.26 3478.32 0.127595 0.382138 0.859967 0.632811 128.412 1.41489 0.627696 6101.1 0.156618 0.0996691
2681.69 -0.774365 -0.312469 1939.51 0.92987 2.56948 6313.68 6296.01 0.411827 0.452524 0.792451 0.807195 848.143 -2.90895 0.0150464 4766.21 0.933924 0.0996691
1296.74 0.629951 -2.70659 347.639 0.311838 0.446078 1369.69 1331.65 0.175122 0.774378 0.624079 0.594798 805.952 0.279394 0.0488671 1852.93 0.912394 0.0996691
299.141 1.90324 2.95432 282.956 2.04342 -0.251035 591.312 580.04 0.518135 0.61852 0.748817 0.741405 21.5612 1.17763 1.4365 574.602 0.0565212 0.0996691
356.27 1.93261 1.06204 305.785 2.10309 -1.96254 676.593 635.889 0.772203 0.647696 0.782575 0.764985 36.4895 -2.21587 0.270423 662.469 0.0828523 0.0996691
294.122 -1.29561 1.027 293.83 -1.7847 -2.09814 624.378 549.158 0.751631 0.844493 0.766281 0.846419 16.7645 -2.97615 0.884703 548.661 0.0259646 0.0996691
446.555 1.76749 -2.94263 417.282 -0.109295 0.0964241 1287.17 1213.25 0.596522 0.368064 0.740391 0.662136 23.4188 0.861248 0.325428 862.724 0.37367 0.0996691
1769.73 -0.140665 -1.28277 1315.41 -0.767873 1.07815 3031.44 2369.21 0.775226 0.382921 0.75615 0.710614 124.241 1.51885 0.293758 4547.19 0.501162 0.0996691
2252.28 0.165141 -2.55593 1823.82 0.409083 1.20857 4018.24 3087.81 0.318955 0.228248 0.616296 0.61343 568.734 0.694275 0.121292 5400.7 0.548949 -0.0996691
1216.76 0.960752 0.368454 1076.58 -0.485905 -2.78976 2929.73 2920.76 0.637314 0.80665 0.630575 0.788922 38.0529 1.97701 1.13427 2465.27 0.972135 0.0996691
476.322 0.0421498 0.4692 436.572 1.23995 -2.43065 1080.93 1081.75 0.722868 0.736837 0.808889 0.75457 6.56579 -2.19343 0.238645 1038.44 0.130763 0.0996691
1905.01 -0.693116 0.949629 1875.32 -0.82939 -2.20262 3986.68 2799.16 0.211497 0.448903 0.843265 0.798021 40.5203 -1.56391 0.172454 3866.43 0.631162 0.0996691
699.822 0.752529 -1.27371 643.997 1.28888 1.71032 1455.6 1156.77 0.709688 0.273638 0.876681 0.835328 161.302 1.45648 0.247049 1493.29 0.259218 0.0996691
1141.49 -0.948805 -2.44947 1070.16 1.14944 0.897959 3629.05 3009.63 0.16341 0.489939 0.89769 0.747826 34.1588 2.75373 0.368084 2741.93 0.295946 0.0996691
1832.66 -0.0225936 -0.649852 1700.07 0.385948 2.54473 3780.88 2981.31 0.787584 0.208338 0.805502 0.853456 151.483 1.8715 0.055573 3648.94 0.940844 0.0996691
1270.48 -0.634533 -0.919606 858.112 0.690459 2.08435 2572.59 2542.21 0.533871 0.474701 0.757736 0.803536 321.86 2.2633 0.189364 2311.52 0.21337 0.0996691
1676.87 -0.0438223 2.92059 1071.9 0.162452 -0.235442 2712.29 2710.45 0.454259 0.700999 0.460477 0.784535 435.921 -0.0436461 0.189229 2942.7 0.231619 0.0996691
2365.79 -1.3407 3.12537 1945.8 0.76066 -0.137903 6892.64 6965.3 0.391162 0.607257 0.217753 0.762505 389.921 -0.151745 0.0152719 6224.83 0.117293 0.0996691
2514.05 -0.637049 -0.0918929 2299.02 0.918299 -2.84689 6367.69 6015.88 0.398868 0.341681 0.863578 0.460464 528.425 2.19186 0.526769 5787.44 0.939589 0.0996691
1341.63 -0.712955 -1.89746 865.463 -1.32334 1.27903 2263.48 2275.02 0.777822 0.530121 0.604145 0.673884 18.7637 -2.10189 0.20401 3060.77 0.220483 -0.0996691
665.062 0.235835 -0.0941668 654.778 1.04264 2.52926 1420.81 1243.34 0.327449 0.74602 0.824992 0.858035 81.0435 -0.304797 0.202544 1678.65 0.28024 0.0996691
2578.36 -0.575245 -1.137 2290.68 0.884579 1.72896 6335.36 4994.09 0.168566 0.264281 0.869165 0.816273 166.657 2.30705 0.221845 5713.27 0.295681 -0.0996691
1029.55 0.612928 0.424106 964.106 1.7984 -2.03767 2341.25 2069.7 0.24508 0.278765 0.828985 0.723419 390.778 0.571249 0.0350335 3449.29 0.284695 0.0996691
2659.46 -0.426834 -3.1147 1326.65 -1.51988 -0.113285 4380 4216.22 0.637735 0.584211 0.607209 0.792082 1188.52 0.182452 0.108454 4211.2 0.873393 -0.0996691
1644.66 0.138128 0.466458 1601.19 0.420833 2.78553 3066.61 2881.69 0.505728 0.669471 0.572039 0.545939 223.367 0.0307891 0.0721626 5572.03 0.705196 -0.0996691
1608.07 0.16338 -1.0548 1295.59 0.51146 2.15175 2981.43 2406.08 0.67815 0.36054 0.687616 0.668341 56.5962 0.968016 0.90433 3244.81 0.565457 0.0996691
2719.76 -1.0352 2.20178 1742.46 0.774861 -0.70157 6320.31 5464.74 0.404092 0.6406 0.44553 0.847244 203.032 -0.470826 0.11927 5576.01 0.646663 0.0996691
436.689 -0.707244 -2.37352 347.575 -1.61673 0.791469 878.904 793.175 0.492665 0.589006 0.724088 0.74364 87.3566 0.542352 0.0338259 793.894 0.291169 0.0996691
1561.45 -0.340895 -1.92552 1263.94 -1.1015 1.47677 3016.86 3021.88 0.484021 0.680964 0.421705 0.625076 244.092 0.842693 0.640883 3102.43 0.174307 0.0996691
2884.1 -0.440415 -2.86216 1443.2 -0.608771 1.14959 3737.5 3729.89 0.645103 0.598276 0.876507 0.69611 1014.31 0.309037 0.604855 6012.43 0.544434 0.0996691
1878.65 -1.17026 -1.26819 1027.53 0.675995 2.5081 4019.71 2765.26 0.0947819 0.564116 0.757808 0.763439 404.164 1.83505 0.674432 3862.64 0.23445 -0.0996691
1534.01 -0.352942 -1.33393 1380.06 -0.0275193 2.38709 2847.86 2852.35 0.394313 0.578503 0.625559 0.506375 151.984 -2.7242 0.0401478 4727.05 0.438671 -0.0996691
1824.07 0.822722 1.98482 1560.59 -0.162052 -1.32379 3888.45 3554.03 0.167183 0.372959 0.667684 0.720281 630.012 -1.46466 0.0399269 4017.67 0.319565 0.0996691
610.647 -1.37197 1.57695 322.768 -2.38827 -1.65009 1032.23 1017.19 0.323076 0.594861 0.768616 0.816286 22.4687 0.285979 1.29009 1205.09 0.44248 0.0996691
327.333 -0.151618 2.15315 288.573 0.0229702 -0.98443 651.525 520.053 0.719021 0.53959 0.750171 0.821281 25.6204 -0.964648 0.0933031 594.113 0.199113 0.0996691
829.01 -1.26636 0.922338 773.327 0.981955 -2.23581 2735.09 2673.87 0.758434 0.694298 0.814875 0.664608 60.145 -2.3431 0.0901148 1599.86 0.0462515 0.0996691
292.119 2.01488 -1.61587 250.334 1.45847 1.11448 566.041 540.317 0.793264 0.746951 0.720378 0.722709 36.5688 -1.42823 0.185386 837.037 0.853235 0.0996691
871.388 0.721172 -0.978993 585.67 -1.58974 2.21497 2500.34 2468.51 0.824691 0.556643 0.699775 0.523162 167.095 2.44169 0.23333 1841.32 0.197785 0.0996691
382.755 2.41087 1.22696 379.502 0.638857 -1.87712 1097.54 992.748 0.635501 0.671042 0.744946 0.718106 17.5045 2.60088 1.38789 739.618 0.848591 0.0996691
2359.2 -0.844954 -2.63066 1974.58 0.511089 1.16765 5191.71 5230.91 0.532461 0.280536 0.615921 0.734225 128.905 -0.831494 0.259589 6623.42 0.597554 -0.0996691
1154.42 -0.03595 -2.39706 255.656 1.35385 -0.100769 1313.4 1192.51 0.396465 0.541117 0.919245 0.759041 844.713 0.89078 0.305107 1606.49 0.747638 0.0996691
1197.6 0.385905 -0.562348 846.56 -1.60407 2.80859 3125.13 2365.94 0.57632 0.266942 0.81349 0.741071 489.15 2.58986 0.11223 2318.12 0.507409 0.0996691
384.121 -0.495883 1.54321 383.912 -0.354886 -1.63295 784.328 729.71 0.648953 0.658486 0.486624 0.759669 23.5173 0.535013 0.995155 747.546 0.0249466 0.0996691
2070.38 -0.136455 1.50823 1800.63 0.388866 -0.313696 3502.67 3446.6 0.718003 0.200503 0.484116 0.74361 960.082 -2.20671 0.404592 5415.78 0.494769 0.0996691
1148.08 0.908897 -1.22092 995.185 -0.548329 2.03815 2738.57 2746.25 0.592089 0.505143 0.484737 0.593783 77.9307 2.15769 0.116856 2271.82 0.09681 0.0996691
1335.52 0.0462471 1.44404 1178.74 1.12368 -1.51945 2915.78 2538.94 0.307935 0.592764 0.733554 0.764436 142.684 -1.88799 0.364417 3452.32 0.620305 0.0996691
1963.02 -0.330514 0.0761697 1030.81 0.61192 2.73676 3166.97 2719.8 0.819792 0.549103 0.698338 0.71175 1161.47 -2.63456 0.821036 2982.99 0.795931 0.0996691
2071.73 -0.340593 1.48235 1207.44 0.893895 -1.79986 3818.47 3053.5 0.236603 0.151404 0.489742 0.624366 909.322 -1.46538 0.0400629 3377.91 0.642278 0.0996691
1454.15 -0.638453 -2.427 334.716 -0.496033 1.98681 1160.18 1103.01 0.650712 0.719138 0.456593 0.721424 880.523 0.609852 0.0608487 2314.4 0.465888 0.0996691
1131.27 0.585967 -2.09555 1103.26 -0.978624 1.02717 2988.28 2734.97 0.411681 0.672173 0.830822 0.512738 6.89385 0.560699 0.0205382 2261.08 0.9506 0.0996691
2111.04 0.618937 -3.13427 1235.01 0.941822 0.397637 3233.88 3249.89 0.633705 0.300949 0.773778 0.563504 738.816 -0.0392191 0.327618 4444.57 0.559306 0.0996691
2521.27 -0.375172 1.77864 2157.89 -0.0349573 -1.98244 4842.2 2785.86 0.159132 0.576727 0.757811 0.679828 106.102 0.802849 0.75201 6237.26 0.29474 -0.0996691
854.147 -1.12136 1.21009 638.467 2.18848 -0.989535 3958.12 3848.14 0.910698 0.783853 0.644047 0.810723 86.8849 0.17103 0.59214 2466.1 0.849541 0.0996691
405.454 0.407161 -1.56604 393.747 -1.04136 1.55718 1035.33 979.073 0.673461 0.759803 0.825134 0.676895 6.8676 -2.83969 1.28109 792.131 0.0444956 0.0996691
738.918 0.0647433 0.982108 521.494 -2.83906 -2.28355 2801.08 2820.93 0.537954 0.303712 0.714628 0.589674 93.5426 -0.946766 0.77523 1889.86 0.188677 0.0996691
536.778 -0.404443 0.358791 475.682 -0.16988 -2.85263 1034.66 1007.57 0.586282 0.628136 0.787157 0.598287 86.301 -2.51261 0.317146 1018.61 0.0646719 0.0996691
1763.19 -0.580266 -2.72049 1671.15 -0.0853979 0.402237 3777.29 2840.19 0.315811 0.120275 0.855067 0.791862 94.9842 0.679123 0.267571 3653.43 0.444278 0.0996691
1624.61 -0.0356001 -0.96995 1155.05 -0.329276 2.33256 2768.57 2780.44 0.32928 0.28726 0.535015 0.609769 276.311 2.45418 0.12127 3128.06 0.182586 0.0996691
388.214 -1.14579 -2.98094 322.854 -0.232223 -0.583979 752.217 726.517 0.708389 0.510739 0.791876 0.488433 19.5339 3.00522 0.281188 1310.3 0.871126 0.0996691
918.118 0.877612 -2.18974 724.833 1.07453 1.32323 1627.23 1633.07 0.243441 0.37553 0.540594 0.497498 103.091 0.255713 0.992999 2169.8 0.601086 0.0996691
470.767 1.23978 1.59875 300.401 1.74348 -1.81957 793.215 541.86 0.506208 0.67535 0.695232 0.629981 217.439 -2.24572 0.0428572 1089.42 0.568262 0.0996691
1450.87 0.078817 1.50947 976.056 -1.94224 0.0835404 3383.42 2896.18 0.325884 0.567768 0.624359 0.839128 1691.81 -1.70271 0.0747322 3654.23 0.640466 0.0996691
1465.61 -0.362736 0.0306813 1219.68 -0.828383 -3.03455 2771.95 2727.51 0.756933 0.591124 0.808352 0.553537 274.279 2.83383 0.0446968 2748.41 0.133201 0.0996691
468.549 -0.532892 -0.131044 326.467 0.186153 2.69931 879.951 570.179 0.638878 0.394908 0.650057 0.805193 84.333 2.67448 0.0428224 977.887 0.177678 0.0996691
1340.71 -1.35005 2.16845 272.79 -0.508147 -1.02727 1333.64 1295.75 0.620397 0.874808 0.761929 0.80123 976.112 -1.06109 0.00904727 1743.18 0.681288 0.0996691
1591.64 -0.493517 0.392726 1145.8 0.753803 -1.70707 2967.38 2968.09 0.738472 0.554965 0.591166 0.598412 1441.26 2.91983 0.912112 3036.04 0.712213 0.0996691
1296.67 -0.533737 -1.09866 1295.49 -0.652297 1.97405 2612.31 2611.75 0.652218 0.28449 0.638566 0.717237 90.7336 -2.73444 1.57258 2599.77 0.0317317 0.0996691
1448.41 -0.572237 2.36502 1397.27 0.027091 -1.30025 2904.93 2860.87 0.422624 0.111307 0.71184 0.559275 211.893 -0.519959 0.782857 4939.65 0.266386 0.0996691
370.881 -1.17347 1.28916 330.623 -1.07817 -1.52836 742.091 575.769 0.801982 0.513238 0.686635 0.676568 25.1261 2.18991 0.911814 791.145 0.319126 0.0996691
1867.83 0.0705666 -1.22813 1849.89 0.545394 2.82444 3465.45 3509.81 0.63691 0.387305 0.743379 0.707595 98.3302 1.69584 0.0653616 6145.12 0.277751 0.0996691
461.302 -1.52536 2.10568 395.326 0.530169 -0.886853 1372.9 1091.57 0.79849 0.582051 0.626441 0.754872 105.062 -1.48351 0.204037 965.803 0.45573 0.0996691
1794.4 0.455968 2.41592 758.828 -0.532929 -0.994079 2660.53 2444.14 0.581599 0.366445 0.674903 0.72186 1098.58 -0.528832 0.0148044 2601.33 0.844894 0.0996691
2027.04 0.819614 0.809101 1600.17 -0.141932 3.01357 3707.26 3691 0.1382 0.480666 0.747481 0.755636 320.085 -1.9222 0.308609 5824.2 0.343302 -0.0996691
421.179 1.00864 -1.28011 322.521 1.38502 1.87237 766.998 717.447 0.680743 0.636028 0.798 0.725428 103.125 1.89274 0.049161 727.395 0.133129 0.0996691
1560.74 0.652962 0.45461 1487.84 1.00306 -2.71515 3171.72 2839.8 0.708217 0.563185 0.800091 0.712211 74.7479 -2.08952 0.0398295 3130.6 0.787869 0.0996691
417.254 -1.30809 -1.19813 399.001 -0.907271 2.0531 858.668 778.954 0.88716 0.769653 0.789141 0.688158 40.9401 0.57473 1.50285 760.947 0.0581701 0.0996691
695.562 -0.358821 0.61208 676.832 -1.61492 -2.33158 1657.95 1632.71 0.720037 0.752421 0.680479 0.813015 22.6675 2.47761 0.108483 1523.77 0.36061 0.0996691
1881.56 -0.572664 2.86588 1197 -0.304945 0.123163 3026.3 2719.13 0.356714 0.632021 0.609553 0.662925 138.969 -0.828886 0.848706 4883.17 0.296862 0.0996691
768.042 -1.69879 1.42718 739.916 0.910799 -1.81668 2990.96 2975.79 0.38245 0.533552 0.766636 0.546108 17.0151 -1.60228 0.221825 1557.21 0.0583043 0.0996691
1638.44 -0.355652 1.81034 893.325 0.129079 -1.5072 2572.43 1843.38 0.491549 0.210539 0.80795 0.700508 772.125 -1.12095 0.00706708 2594.94 0.603861 0.0996691
342.988 1.09241 -3.02871 276.171 -0.878287 0.0553581 953.04 895.603 0.565296 0.736064 0.76002 0.732672 7.37023 0.335028 0.265776 657.97 0.835696 0.0996691
2797.3 -0.170815 -1.64176 1941.36 -1.00902 1.42385 5391.58 4356.6 0.109498 0.586676 0.850621 0.692815 249.243 -1.15246 0.078209 6056.06 0.0861667 0.0996691
675.392 1.19839 -2.04241 634.492 -1.62867 1.0208 2857.51 2815.96 0.573861 0.385798 0.689074 0.660388 31.1268 1.82073 0.470888 1329.47 0.920827 0.0996691
2791.21 1.16754 2.38795 2361.46 0.381731 -0.678496 5691.6 4858.46 0.224213 0.247311 0.790169 0.600102 645.692 -0.632555 0.115672 5569.99 0.203615 0.0996691
280.342 0.0909156 -0.255727 267.341 0.433666 2.87125 563.991 539.478 0.612986 0.800044 0.51759 0.851975 15.7897 -2.23086 1.16261 551.904 0.851686 0.0996691
452.529 -1.23476 1.98711 290.299 -1.17083 -0.907132 727.361 714.983 0.796239 0.668016 0.831541 0.848472 52.574 -1.52737 0.105867 863.566 0.585888 0.0996691
288.828 0.381634 1.57341 283.039 1.85021 -2.65266 684.679 661.505 0.686962 0.357228 0.707412 0.672584 26.2945 0.0666149 0.756267 804.903 0.548414 0.0996691
1002.69 0.700708 3.13815 574.345 1.77256 0.390724 1732.97 1695.96 0.632965 0.726572 0.767414 0.853475 129.253 -1.01258 0.511127 2326.82 0.804235 0.0996691
396.901 -0.0327472 -0.0415129 289.392 2.29285 -2.49424 1185.59 1109.76 0.647269 0.699737 0.720523 0.650945 29.2588 -3.13814 0.0958207 1024.69 0.317671 0.0996691
1474.4 -0.177747 -2.63109 1055.21 -0.190649 0.629292 2525.83 2445.84 0.678966 0.939031 0.757946 0.723077 323.153 0.615376 0.012201 2764.53 0.154614 0.0996691
626.524 -0.947558 3.06035 602.143 -1.798 -0.107087 1367.83 1289.97 0.788376 0.65594 0.687575 0.772378 6.27552 1.04466 1.1537 1212.01 0.873402 0.0996691
1458.26 0.0684876 1.0087 763.395 -0.706206 -2.99271 2126.64 2059.4 0.582003 0.772723 0.677734 0.827193 1105.6 -1.4943 0.0576591 2630.42 0.743812 0.0996691
503.43 1.4703 -0.942844 377.887 1.49318 2.85944 850.483 744.222 0.522927 0.540098 0.696591 0.784713 40.672 1.30311 0.1555 1125.56 0.404474 0.0996691
457.504 0.782236 -1.30923 305.318 -1.14747 0.822055 1089.97 793.578 0.626609 0.647878 0.612741 0.702687 100.863 2.88417 0.14224 1053.7 0.458831 0.0996691
749.131 0.0336361 -0.909355 732.181 0.390916 2.24139 1525.75 1458.19 0.809358 0.704199 0.776547 0.699877 2.38745 1.61454 0.551084 1467.19 0.897583 0.0996691
653.272 -0.0614942 0.988039 328.459 -0.440905 -1.00635 807.877 804.298 0.752171 0.555178 0.734274 0.867899 370.858 -2.83343 0.0037632 1254.27 0.655922 0.0996691
1368.84 0.130694 -0.251607 1167.19 -0.512435 2.89321 2674.56 2646.41 0.809022 0.846884 0.70341 0.760541 195.548 2.81899 0.0634255 2544.9 0.0876335 0.0996691
638.542 -1.30084 -0.752329 368.679 1.02025 1.31151 1635.8 1585.62 0.777091 0.737166 0.758278 0.671177 380.953 3.04221 0.0489304 1208.19 0.762209 0.0996691
450.117 0.0243171 -2.77131 397.11 0.610287 1.41463 849.904 686.646 0.690815 0.330551 0.702147 0.768665 12.5986 1.90918 0.23601 1308.46 0.456323 0.0996691
436.039 -1.95027 3.10761 288.422 -1.75061 -0.156385 720.507 712.15 0.726606 0.687649 0.61353 0.894494 126.417 0.177299 0.327873 746.109 0.213607 0.0996691
1501.46 1.17303 1.26384 1262.33 0.372236 -2.54072 2868.3 2838.91 0.206354 0.448511 0.593459 0.624281 337.441 -0.77176 0.163578 3347.83 0.613402 0.0996691
299.554 -0.0350844 -0.410086 263.238 1.57136 2.8074 771.36 686.415 0.738558 0.548043 0.882252 0.888963 34.5378 2.76774 0.00784922 529.206 0.0808118 0.0996691
2030.57 -0.648039 1.11621 1587.65 0.301981 2.18583 2557.57 2572.39 0.782819 0.709573 0.789971 0.738017 2495.5 -1.52224 0.391949 4401.79 0.768144 0.0996691
1859.19 0.440845 1.22069 1839.15 -0.091996 -1.96917 3987.46 3076.68 0.766612 0.211794 0.529663 0.835085 133.363 -1.58246 0.335222 3848.27 0.507275 0.0996691
1251.9 0.625981 -1.01361 1163.13 -0.763087 2.21673 3050.43 2869.62 0.646313 0.695312 0.804085 0.640529 93.503 2.25463 0.0377338 2551.23 0.0386414 0.0996691
1174.66 1.59762 0.257057 901.125 -0.687824 2.80403 3511.8 3479.98 0.751287 0.521299 0.769497 0.714899 264.388 -0.237612 0.491935 2955.32 0.31309 0.0996691
1215.72 -0.338384 -0.126164 261.348 -1.02062 2.97277 1215.57 1072.5 0.643396 0.694543 0.739409 0.715197 946.398 3.02766 0.0551805 1465.65 0.699391 0.0996691
1138.35 -0.629623 2.24503 1117.39 0.893622 -1.00741 2968.42 2936.25 0.735383 0.693539 0.871613 0.52875 48.8856 0.854342 0.620444 2376.6 0.855437 0.0996691
721.308 -1.18908 -1.5664 643.879 0.691331 1.15736 2001.53 1957.99 0.650841 0.618007 0.793149 0.842017 47.0364 3.04009 0.807751 1706.13 0.681353 0.0996691
1029.4 1.99354 1.21042 676.236 0.284094 -1.46634 2329.13 2022.96 0.206793 0.666236 0.674604 0.78606 195.993 -1.94764 0.252132 2174.21 0.804786 0.0996691
435.008 1.48692 2.14611 413.66 1.86249 -0.999687 898.873 737.235 0.596269 0.696422 0.759553 0.797915 50.2605 -0.0785992 0.898731 835.673 0.905131 0.0996691
1676.05 -0.769512 -0.0850049 1663.75 0.199851 3.02759 3755.27 3766.11 0.302009 0.492916 0.762517 0.829531 45.2707 -2.17616 1.07142 3381.11 0.0145928 0.0996691
1934.07 0.809044 3.06508 1573.2 0.231198 0.753415 3376.12 3338.67 0.548989 0.782312 0.731801 0.731796 284.743 2.99769 0.0657854 5830.06 0.319367 0.0996691
2558.35 -0.470191 -2.54697 1093.97 -0.113748 -0.134093 3202.81 3190.81 0.223275 0.75181 0.640067 0.805587 960.245 -0.128719 0.00231764 5762.04 0.523503 0.0996691
323.314 -0.357144 1.97088 314.517 -0.43249 -1.25086 647.901 632.264 0.547054 0.613864 0.860974 0.537268 8.54083 0.211069 1.46457 627.121 0.0503421 0.0996691
1125.92 -0.107382 3.04988 972.858 0.72055 0.747298 2115.17 2142.04 0.510848 0.310725 0.387395 0.645167 278.034 -2.9126 0.320908 3545.53 0.550195 0.0996691
2098.09 -0.163171 0.985268 1227.52 0.720015 -0.787561 2913.61 2909.47 0.724422 0.537338 0.81548 0.535421 2005.35 3.01656 0.00559902 4643.9 0.835724 0.0996691
332.648 -0.553313 -2.91392 280.966 1.3314 0.479595 935.799 737.726 0.658496 0.374824 0.79209 0.698108 14.2779 0.704405 0.0429913 738.634 0.816812 0.0996691
1572.4 0.412044 -0.48532 1164.39 0.30257 1.33755 2171.69 2161.61 0.517183 0.360778 0.419187 0.588854 1046.98 -2.96382 0.0622346 3913.04 0.439429 0.0996691
2351.78 0.604402 2.14222 1263.31 0.945192 -0.686755 3683.79 2634.13 0.0926514 0.723033 0.751669 0.788969 359.283 0.0563561 0.334746 4873.06 0.9621 0.0996691
1879.12 0.386283 1.68022 1843.44 -0.811985 -1.61734 4561.51 3422.58 0.252109 0.414309 0.738815 0.548952 285.437 -1.76507 0.14757 4648.3 0.199306 -0.0996691
2211.67 0.0258987 1.01691 1753.03 -0.495003 -3.0549 3861.88 3280.16 0.264532 0.568462 0.658226 0.648421 351.122 -1.34484 0.115467 5651.01 0.965079 0.0996691
1640.04 -0.564596 0.460344 1045.59 1.25911 -0.839285 3203.6 2579.96 0.403331 0.439705 0.642075 0.748186 1307.99 2.96589 0.147416 3647.48 0.856947 0.0996691
351.97 1.53776 1.50854 280.156 0.508347 -1.48087 731.527 678.734 0.65613 0.573897 0.8023 0.57271 89.6311 -2.14138 0.0122771 635.611 0.857916 0.0996691
928.771 0.311951 0.0566531 899.125 -1.68026 -3.13857 2826.81 2785.39 0.556325 0.615962 0.710415 0.680849 32.8309 -2.18344 0.405032 1868.58 0.146869 0.0996691
2363.09 0.130528 -2.32719 2319.29 0.47219 1.13082 4880.38 3842.53 0.196158 0.313891 0.718321 0.626382 327.346 0.563067 0.531116 5383 0.253149 0.0996691
445.954 0.724409 -1.93103 432.306 0.543283 1.19187 896.653 860.445 0.735188 0.727683 0.716419 0.811649 2.46933 -0.338928 1.40707 871.765 0.99916 0.0996691
781.383 -0.746672 -1.09435 557.148 -0.768696 1.94239 1334.45 1299.07 0.491491 0.687162 0.493058 0.710588 118.025 -0.880587 0.198205 1677.91 0.628719 0.0996691
744.557 -0.53716 1.35637 736.168 -1.11967 -1.73761 1562.67 1542.03 0.729851 0.725401 0.674875 0.63044 37.2692 -2.96844 1.23226 1468.41 0.0288964 0.0996691
2113.44 0.683411 -1.25561 1501.79 0.877609 1.52307 3557.72 3573.61 0.405247 0.497029 0.578597 0.812437 79.4286 0.323965 1.20053 4635.46 0.983056 0.0996691
2303.67 0.700532 1.44521 1895.68 0.876534 -2.47777 4214.14 3443.32 0.0859876 0.558974 0.440797 0.803388 264.138 2.55736 0.687015 6413.63 0.971164 0.0996691
642.738 0.668884 -1.60773 282.916 -0.670022 1.61559 1078.41 873.55 0.638832 0.597205 0.830352 0.753545 257.529 1.61355 0.0892918 978.613 0.490785 0.0996691
1452.31 0.908593 -0.48861 314.04 -0.539308 -2.91518 1698.94 1511.16 0.712061 0.732033 0.585845 0.815026 1188.55 2.51268 0.00562716 1777.64 0.960579 0.0996691
1467.34 -0.46353 -2.70968 1142.19 -0.454313 0.507189 2631.66 2529.43 0.536734 0.721134 0.473807 0.794562 307.873 0.549001 0.0789822 2739.56 0.160236 0.0996691
604.236 -0.737258 -1.33452 319.781 0.84438 1.34586 1188.59 942.248 0.704265 0.625955 0.604641 0.646367 137.932 2.38727 0.220047 1208.44 0.720356 0.0996691
396.325 1.4432 -2.44008 378.61 1.82602 0.811763 821.368 692.476 0.63339 0.790542 0.699455 0.680944 21.1 -1.53111 0.894236 784.446 0.752199 0.0996691
2102.18 -0.197957 -0.706781 1552.55 0.390099 2.42687 3840.66 3452.14 0.375318 0.676955 0.749977 0.703855 981.569 2.13049 0.244049 4963.66 0.184399 -0.0996691
1493.93 -0.500525 -0.813211 1249.91 -0.547674 2.36197 2745.99 2757.71 0.598062 0.744292 0.847161 0.797046 214.124 2.41092 0.0534499 2818.65 0.0928292 0.0996691
689.766 -0.308281 1.81778 558.906 0.298894 -1.43172 1306.76 1305.32 0.286624 0.493142 0.632312 0.678323 134.118 -1.03955 0.381963 1276.86 0.122436 0.0996691
2731.52 -0.320591 -1.62368 1687.1 0.0295389 0.124434 3393.52 3412.04 0.294137 0.742914 0.760506 0.729343 2101.49 1.92257 0.148658 5694.18 0.668394 0.0996691
318.409 -1.31802 -1.96034 316.009 2.52317 0.90311 2215.07 2135.81 0.690663 0.700551 0.762263 0.604229 13.533 1.17472 0.271886 712.536 0.161656 0.0996691
311.845 -2.90518 -1.07476 309.202 -0.675359 2.19754 1078.22 922.891 0.5212 0.611347 0.26584 0.729213 28.1721 0.39156 1.1477 613.508 0.477081 0.0996691
610.315 -0.953622 -2.40997 417.726 -0.588712 0.70114 1044.49 1004.46 0.503014 0.824178 0.862674 0.675437 196.246 0.742341 0.0178735 1024.46 0.202984 0.0996691
1462.09 0.70858 -0.490296 1174.01 -0.369431 2.71872 3018.27 3045.18 0.698633 0.454192 0.759049 0.700475 169.979 1.65425 0.618148 2986.8 0.653521 0.0996691
384.398 1.47882 0.570227 273.855 -2.86143 -1.54871 2864.5 2767.16 0.60133 0.238244 0.698478 0.751675 284.434 3.08247 0.107228 950.348 0.301467 0.0996691
1280.2 -0.0449961 1.42482 1085.52 -0.0129983 -1.71354 2391.83 2251.11 0.54296 0.592659 0.578743 0.568432 186.284 -1.77673 0.0962125 2390.57 0.0973792 0.0996691
742.449 0.97872 0.521154 640.224 0.700484 -2.6168 1427.55 1343.61 0.700833 0.718355 0.844475 0.828245 103.172 -2.56131 0.0708282 1348.58 0.0717665 0.0996691
1820.1 0.424519 3.10261 1642.36 1.01882 0.743695 3459.67 3243.6 0.447586 0.385956 0.49938 0.599463 1035.76 -1.22773 0.0350617 5091.21 0.2281 0.0996691
1912 0.150051 2.34089 1269.53 0.430488 -1.42951 3033.52 2984.6 0.445111 0.732783 0.791032 0.645099 923.509 -0.0616783 0.0225533 3694.25 0.444379 0.0996691
369.849 -0.15444 0.432608 331.673 0.612116 -2.66354 772.203 697.416 0.581674 0.727355 0.639474 0.782448 43.771 -2.81245 0.103308 671.336 0.0790689 0.0996691
571.074 1.84795 -2.66554 564.276 -0.210417 0.485524 1864.94 1603.39 0.714519 0.467604 0.83434 0.770021 13.5537 -0.555414 0.863778 1143.82 0.15907 0.0996691
1859.28 0.429307 3.1336 1668.36 0.112132 -1.15806 3031.64 3039.88 0.648337 0.529024 0.514877 0.599131 70.459 1.03249 0.116333 5608.99 0.44413 0.0996691
592.836 -1.89381 -2.89585 588.433 -1.53597 0.312656 1217.66 1191.5 0.702591 0.78382 0.824222 0.786607 47.7854 -1.03011 1.33957 1168.11 0.0239478 0.0996691
329.269 -0.66548 2.59002 326.327 1.03122 -0.48533 919.333 867.281 0.564732 0.579883 0.701665 0.831976 30.3602 -2.80672 0.891432 669.742 0.0882118 0.0996691
1168.29 0.725527 2.26867 339.42 -2.37435 2.6836 2856.28 2520.5 0.603193 0.591614 0.666911 0.901966 1424.25 -0.877687 0.115548 1959.78 0.757705 0.0996691
2260.65 0.866602 -2.63066 2055.67 0.00242259 0.0943463 4805.42 3798.84 0.103877 0.546937 0.783422 0.84106 145.343 2.40487 0.864485 5355.81 0.800553 -0.0996691
524.402 1.77246 -3.03874 454.504 0.15022 0.292361 1331.46 1288.33 0.706188 0.699765 0.672406 0.902026 39.0862 -0.68298 0.208512 1036.71 0.885672 0.0996691
3252.43 -0.489285 2.02159 2275.66 0.738143 -0.778156 6463.74 6485.59 0.70606 0.463445 0.65182 0.864078 887.641 -0.133481 0.450056 7628.5 0.794641 0.0996691
1745.71 0.832852 -0.43353 1118.07 1.5437 2.67841 3001.05 2985.08 0.689037 0.346884 0.690882 0.717063 1498.06 2.3468 0.334721 3872.32 0.325735 0.0996691
1560.17 0.384923 -0.0950481 1265.56 -1.16288 2.34104 3570.84 3615.04 0.215369 0.674744 0.555905 0.6073 1096.87 -2.0737 0.0606108 3241.32 0.565458 0.0996691
631.541 0.576866 -2.50328 261.039 -0.989575 0.631942 1151.9 266.232 0.355394 0.418812 0.845055 0.769419 364.236 0.693866 0.0420446 893.76 0.315623 0.0996691
679.533 -1.44501 0.300534 485.587 1.71207 -2.02983 2872.1 2856.72 0.788273 0.437311 0.620947 0.850209 355.186 2.61053 0.0284655 1292.77 0.735794 0.0996691
281.885 -1.07853 -1.42748 281.665 1.09918 1.72518 940.627 844.553 0.677587 0.652416 0.683518 0.601362 4.98102 -3.11642 1.38918 562.14 0.0796646 0.0996691
2139.97 -1.173 2.88014 959.664 0.376655 1.02746 3381.34 3420.22 0.222901 0.541045 0.569255 0.735209 1595.37 -0.514086 0.0185841 3989.22 0.694829 0.0996691
438.809 -0.375138 0.0697888 365.341 -2.58845 -3.11548 1357.17 1261.05 0.729104 0.745541 0.857565 0.668229 51.3318 3.11548 0.0285328 797.579 0.14749 0.0996691
631.009 0.324929 2.5269 497.349 1.20312 -0.684329 1245.23 1191.48 0.569168 0.828969 0.686041 0.628253 136.092 -0.516458 0.131053 1129.75 0.143302 0.0996691
415.355 0.539077 0.06424 285.261 2.11135 -3.06381 931.358 897.908 0.757143 0.258152 0.811744 0.609967 106.989 -2.8882 0.175446 728.744 0.148655 0.0996691
1764.61 0.736854 -1.70608 1472.32 -1.14858 2.69942 4389.79 4351.39 0.215132 0.530265 0.78968 0.667272 118.7 -0.147308 0.677933 5164.69 0.910967 -0.0996691
439.281 -2.35613 -3.09682 424.362 -1.24147 0.846892 969.748 896.113 0.512158 0.706497 0.832749 0.798991 29.5081 1.60739 0.755685 1344.49 0.73853 0.0996691
667.499 -0.457442 -1.88249 642.153 -0.357502 0.96408 1304 1293.44 0.64628 0.349635 0.796227 0.589327 63.5352 -0.386317 1.34967 1563.12 0.808537 0.0996691
2068.5 -0.647189 3.10016 1981.31 -0.469436 0.21579 4060.72 4000.26 0.660471 0.357118 0.576281 0.592373 460.889 -2.164 0.806033 4520.62 0.933735 0.0996691
1699.18 0.719974 0.638549 1330.99 -0.957363 -0.963991 3622.45 3347.84 0.547742 0.421501 0.576267 0.753997 1535.15 3.06761 0.0806391 3724.94 0.9589 0.0996691
518.019 -0.365976 0.517463 483.8 -1.39383 -2.67859 1170.67 1062.08 0.700484 0.679175 0.723127 0.752605 52.5316 -1.7521 0.785939 998.491 0.943567 0.0996691
2202.34 -0.0657316 -1.98452 1530.83 0.570093 1.61525 3806.74 3727.2 0.684683 0.578495 0.882294 0.599232 685.502 1.71544 0.0778124 5685.49 0.303804 0.0996691
375.388 -0.924782 0.591239 356.457 -0.181668 -2.54822 798.895 722.7 0.832071 0.533933 0.726643 0.511243 21.8863 -2.80706 0.217501 733.255 0.826892 0.0996691
416.342 0.334001 1.82135 256.126 -2.13114 -1.33978 1225.63 1135.29 0.711801 0.745094 0.732762 0.669534 176.1 -1.31222 0.0300921 650.345 0.292213 0.0996691
656.755 -1.91916 -0.256202 322.548 0.774086 2.99348 1903.28 1750.77 0.503012 0.619562 0.499394 0.73059 439.93 -3.00645 0.292479 1263.02 0.700955 0.0996691
400.974 -0.702618 1.07923 373.439 -0.622759 -2.30795 784.388 753.015 0.625761 0.685292 0.743027 0.786632 36.7299 0.191986 0.851308 868.305 0.109825 0.0996691
983.998 -0.379794 3.04028 897.654 -1.4303 -0.176602 2169.72 2048.75 0.36618 0.66117 0.755591 0.843333 107.45 0.416705 0.163091 1884.76 0.957692 0.0996691
1725.36 0.0213347 -2.95212 864.994 0.353372 -1.84976 1411.53 1413.13 0.410089 0.271894 0.465995 0.608228 1623.66 0.888777 0.0945534 3705.6 0.478732 0.0996691
918.818 -0.836463 -0.0758963 818.882 1.39807 -2.83849 2969.17 2704.23 0.582765 0.269619 0.838654 0.60759 88.7485 2.42716 0.667878 1987.42 0.747383 0.0996691
2510.18 -0.0238261 1.334 2025.34 -0.915062 -2.29453 4933.52 3632.97 0.284544 0.418008 0.73465 0.792559 369.35 -0.234293 0.902876 5532.14 0.860978 0.0996691
332.856 0.70019 1.69997 276.401 1.22065 -2.51028 592.764 478.89 0.626299 0.673037 0.807204 0.875004 100.677 -0.418005 0.196994 836.089 0.74927 0.0996691
1837.98 0.081852 -2.1662 1570.42 -0.550702 0.889565 3595.61 3572.98 0.316635 0.532183 0.372807 0.77144 209.671 -0.157281 0.817049 4230.89 0.569012 0.0996691
497.829 -0.337167 2.9289 376.819 -1.88725 0.20332 1162.99 972.417 0.593971 0.53036 0.880364 0.803385 18.8803 3.00733 0.0617483 1050.12 0.24935 0.0996691
1697.08 0.386892 2.5119 1470.03 0.31331 0.0339422 3018.63 2956.27 0.583713 0.21892 0.859621 0.797449 184.996 0.889206 0.855559 5330.67 0.288936 0.0996691
2008.11 0.559885 -2.84053 1510.74 0.721249 0.117862 3493.58 3526.37 0.191189 0.498537 0.791085 0.518667 29.1382 1.21966 0.680776 4301.95 0.985757 0.0996691
1756.62 -0.352555 -2.63749 783.984 0.490572 0.833429 2577.19 2450.83 0.492593 0.666272 0.733785 0.809527 145.211 0.404157 0.256874 3614.76 0.974065 0.0996691
2158.35 0.907904 2.81515 2071.02 -0.544414 -0.373929 5423.91 5372.08 0.5661 0.583548 0.614837 0.814709 588.868 0.108163 0.483735 5596.5 0.544637 0.0996691
1191.19 -0.409579 1.57321 351.718 -0.790901 -1.24599 1355.25 1194.85 0.584495 0.762506 0.844826 0.79444 826.218 -1.69326 0.21261 1575.63 0.497451 0.0996691
551.274 0.665127 -0.817145 425.895 0.157901 2.38535 1017.04 976.211 0.466035 0.58687 0.700533 0.791836 4.8632 -1.97371 1.16348 1079.32 0.631651 0.0996691
2131.85 0.193041 -1.28951 1756.65 1.4425 2.35156 4598.82 4510.91 0.742906 0.41507 0.770869 0.733184 405.983 0.894123 0.372015 4638.89 0.67208 0.0996691
1437.3 0.0479418 -0.80902 1275.36 0.223341 1.30789 2381.26 2408.89 0.165413 0.565244 0.751567 0.313277 1307.49 -3.14091 1.90735e-05 3542.09 0.241338 0.0996691
913.997 1.89436 -1.28176 805.805 -0.372073 1.99393 3021.83 2126.96 0.642719 0.419188 0.39866 0.816102 115.77 2.00213 0.0681326 1927.96 0.722233 0.0996691
1675.19 -1.39006 1.96104 1636.88 1.20797 -2.53434 6241.01 5740.43 0.299065 0.607613 0.471858 0.610764 858.305 -0.867248 0.0277738 5136.79 0.526881 0.0996691
2512.19 0.404908 2.98174 1630.34 -1.10388 0.595574 5078.61 4705.09 0.642471 0.664752 0.544821 0.799309 345.076 -0.683881 0.154449 5929.88 0.975387 0.0996691
302.299 1.89285 -1.08858 277.773 -0.913559 2.06622 1264.1 1097.54 0.682627 0.773523 0.802673 0.715243 12.7338 1.09977 0.667117 540.706 0.850334 0.0996691
1929.79 -0.251884 -0.095164 1637.67 -0.358235 -3.13464 3573.97 3576.22 0.67288 0.642744 0.712013 0.709544 403.138 3.07982 0.0700582 5209.52 0.101562 -0.0996691
341.942 0.13385 -2.16638 296.088 2.09531 1.06059 998.145 868.085 0.775654 0.774315 0.772622 0.64531 30.5173 0.484961 0.488892 601.493 0.834313 0.0996691
502.057 -0.0168224 -0.577455 494.007 1.70951 2.56585 1451.16 968.247 0.492961 0.832872 0.851764 0.790147 16.6877 3.0378 0.460047 956.574 0.388994 0.0996691
2711.79 -0.160434 2.04153 2376.21 -0.268304 -1.25939 5336.46 4208.25 0.195775 0.902517 0.566566 0.745419 27.7433 1.88968 0.340265 5863.73 0.982628 -0.0996691
1852.13 0.110628 0.11856 1413.4 1.0186 2.13127 3150.89 3130.49 0.553838 0.574448 0.488589 0.692176 831.846 -2.66649 0.76914 4370.88 0.575563 0.0996691
1720.93 -0.334639 -1.47567 1212.18 0.383096 1.50333 3106.69 3044.81 0.115922 0.594938 0.899213 0.641878 141.306 1.90203 0.399419 3603.63 0.876744 0.0996691
732.174 0.445566 -1.08314 682.444 1.95599 2.26512 1870.56 1519.1 0.758998 0.392287 0.766475 0.737756 13.5997 1.02387 0.0976978 1555.92 0.366216 0.0996691
1560.18 -0.0508267 -2.99927 1366.72 -0.306553 0.206517 2983.28 2893.11 0.490568 0.5714 0.746573 0.554778 87.1057 1.04535 0.0761472 3287.37 0.113232 0.0996691
1597.73 0.747544 1.13512 1397.3 0.347901 -1.63869 3018.63 2983.98 0.371314 0.686243 0.697799 0.692165 121.84 -2.70685 0.400211 3475.22 0.700326 0.0996691
848.378 0.426556 -2.29622 820.996 0.174252 0.824282 1727.2 1611.14 0.76067 0.477398 0.832933 0.736261 37.2922 -0.172557 0.89908 1785.6 0.950797 0.0996691
1716.3 0.953729 -2.73723 799.637 1.91523 -0.484333 2465.95 2980.77 0.285819 0.305826 0.606629 0.588641 640.72 0.785358 0.177088 3380.96 0.89741 0.0996691
746.04 1.06779 0.538194 548.166 0.250022 -2.8768 1417.09 1304.03 0.70908 0.592286 0.71594 0.589919 229.785 -2.03985 0.0163639 1318.12 0.835364 0.0996691
511.15 1.57669 -3.03328 292.968 0.0156216 0.0796281 1040.72 970.569 0.636447 0.656896 0.646587 0.822461 255.561 0.0218649 0.0928058 793.513 0.293876 0.0996691
391.58 -0.00745166 0.66893 311.106 -0.999414 -3.03819 789.236 673.305 0.609189 0.641414 0.751568 0.784239 45.9163 -2.31445 0.739305 856.921 0.643181 0.0996691
273.336 0.575764 2.93068 252.546 0.370925 -0.252467 535.11 527.56 0.658523 0.472635 0.855583 0.471244 9.56981 -1.64663 1.41562 523.398 0.03727 0.0996691
625.913 1.47127 -2.72582 618.624 1.04266 0.425803 1297.14 1228.35 0.718478 0.838084 0.708044 0.773884 11.5505 1.8776 1.4435 1281.35 0.958325 0.0996691
283.781 -0.699677 1.81528 265.738 0.785046 -1.50721 714.434 666.324 0.527603 0.625457 0.717068 0.607838 52.1895 -0.557285 0.512449 544.328 0.824806 0.0996691
497.003 -0.68411 -1.4887 281.632 -2.45712 1.58256 1078.49 969.362 0.624312 0.4167 0.765503 0.520578 58.1539 1.47102 0.266896 979.458 0.346894 0.0996691
358.019 2.74584 0.0874114 256.632 1.74209 -2.95726 735.06 563.67 0.496819 0.730619 0.410371 0.736734 83.0915 2.97927 0.00522995 604.314 0.876518 0.0996691
1676.26 0.180241 -2.21767 414.853 -0.916801 0.934461 2026.56 518.816 0.256129 0.843411 0.727916 0.57622 1282.28 0.936463 0.0285905 2143.76 0.410169 0.0996691
1834.28 -0.434414 2.35086 1447.11 -0.632153 -0.116197 3113.61 3094.06 0.521333 0.864669 0.773732 0.838667 432.929 -2.30213 0.0114098 5725.31 0.284135 -0.0996691
504.259 -1.12583 2.03625 491.768 -1.16118 -1.12007 1004.6 991.153 0.665957 0.754279 0.383832 0.684695 17.4502 0.580517 1.45715 1010.02 0.942453 0.0996691
1339.4 -0.673656 -1.97384 1124.71 -0.559679 0.292689 2249.57 2213.62 0.411123 0.651452 0.604772 0.478795 1321.37 2.14923 0.142824 3054.4 0.635156 0.0996691
767.298 -0.21077 -0.555433 742.603 -0.0281154 2.59922 1536.1 1501.25 0.671518 0.733943 0.681681 0.858518 27.2875 2.501 0.0875599 1628.89 0.026035 0.0996691
1005.03 0.845606 3.04335 826.516 -1.2185 -0.429834 2881.03 2808.64 0.687441 0.649001 0.617464 0.853357 295.341 0.763764 0.0897881 1852.05 0.934415 0.0996691
1243.07 -0.0666099 -2.74348 1067.86 1.13537 0.6286 2836.61 2460.81 0.167954 0.830396 0.746229 0.744208 288.518 -0.175982 0.80565 2452.04 0.19133 0.0996691
1113.05 -0.774229 -2.36895 301.161 -1.21019 0.671621 1205.08 1199.44 0.557503 0.396153 0.784568 0.641487 622.305 0.820359 0.045275 1608.76 0.713668 0.0996691
1601.93 0.743131 0.747089 1315.71 0.517413 2.39324 2215.44 2026.66 0.326807 0.609822 0.747437 0.784321 434.766 -1.95098 0.452159 4935.56 0.336867 0.0996691
991.232 -1.08663 -1.21208 857.82 0.824107 1.38289 2713.2 2733.51 0.447173 0.689845 0.686305 0.822698 309.052 2.77492 0.461056 2012.64 0.851598 0.0996691
306.507 0.402825 -2.63157 290.462 -0.63035 0.434766 697.817 627.332 0.783112 0.833895 0.779419 0.819452 4.16536 2.15005 0.340881 581.539 0.928634 0.0996691
1283.54 -1.25647 1.09395 862.594 1.48336 -1.75999 4431.06 2887.38 0.726411 0.195822 0.739158 0.735846 63.8633 1.72464 0.631258 2897.04 0.578708 0.0996691
1026.83 -1.39392 -1.25016 723.161 0.829288 1.793 2913.54 2854.3 0.783315 0.617309 0.776466 0.728043 49.6319 -1.03625 0.206968 2121.47 0.749358 0.0996691
730.823 -0.827879 -0.967141 441.036 1.17366 2.39627 1779.03 1207.34 0.492048 0.308833 0.570329 0.700143 26.3087 -1.48036 0.360985 1734.72 0.893375 0.0996691
1516.92 0.268531 -1.14183 1429.82 0.0968718 1.98973 3008.98 2858.68 0.459424 0.582489 0.790739 0.6842 84.548 2.29936 0.255851 2995.65 0.081818 0.0996691
1572.15 1.20491 -1.79212 1129.82 -0.0556274 2.23458 3017.38 3005.03 0.675413 0.661931 0.808949 0.521937 1343.83 0.600094 0.0224237 4012.51 0.0824214 0.0996691
469.169 -1.52764 1.37539 336.759 -0.576111 -1.94509 931.107 732.248 0.878688 0.360064 0.720649 0.798486 102.141 -2.24316 0.0596259 939.892 0.378606 0.0996691
1058.52 0.733024 -2.0446 790.925 -0.973227 1.34606 2537.26 2527.26 0.813944 0.534954 0.633235 0.794405 274.05 1.32697 0.0159241 2099.22 0.195924 0.0996691
282.304 0.0228635 0.638921 262.196 -1.15169 -2.74112 655.51 606.721 0.700724 0.808196 0.727844 0.734561 47.3969 -1.03467 1.67518 513.185 0.136838 0.0996691
2088.46 0.160452 2.35019 1262.65 -1.2989 -1.22925 4118.95 4127.95 0.428856 0.649695 0.478518 0.669186 149.681 0.93506 0.385617 4586.55 0.956207 -0.0996691
546.006 -1.77451 -0.801656 527.133 -0.862152 2.35803 1203.45 1152.49 0.723395 0.683539 0.773375 0.764574 16.7349 1.82672 0.113145 1061.14 0.914324 0.0996691
1890.91 0.543897 1.501 1852.64 -0.152573 -1.64058 4084.11 3200.07 0.281468 0.580766 0.890696 0.590245 29.3754 -1.10518 0.182915 3856.52 0.602873 0.0996691
1114.17 0.324976 1.32283 1029.62 -1.35024 -2.00571 2993.08 2717.96 0.451428 0.268092 0.834425 0.577723 29.9267 -3.10054 0.779437 2439.22 0.596484 0.0996691
2200.27 0.57983 -2.0456 2196.94 -1.32528 1.27412 6634.57 5793.24 0.565536 0.230882 0.775871 0.608551 107.23 -0.169633 0.0678471 4763.77 0.773697 0.0996691
2047.58 -0.0233204 -2.01835 1298.7 -0.768258 0.159274 3167.02 3161.46 0.420726 0.693466 0.765951 0.584222 483.072 1.76876 0.192669 4616.99 0.529675 0.0996691
1393.6 -0.118088 -0.984566 1126.65 0.948286 1.63757 2826.29 2781.78 0.749129 0.505261 0.661188 0.503085 83.1399 -0.0669247 0.122615 3921.05 0.584303 0.0996691
1032.32 -0.725185 -2.59593 722.022 0.849814 2.50018 1826.1 1708.58 0.47887 0.738748 0.543147 0.736458 1206.1 0.110499 0.0805895 2051.97 0.662479 0.0996691
1451.06 0.464169 -1.81622 384.268 -0.454573 1.25812 1678.59 1593.43 0.335357 0.687756 0.66944 0.867739 1062.05 1.35607 0.153841 1852.63 0.623214 0.0996691
370.454 1.18276 -3.03545 302.893 1.18695 0.108273 693.906 606.149 0.647036 0.78551 0.813981 0.828217 67.7295 0.250596 0.173086 633.253 0.156771 0.0996691
1019.94 -1.35359 2.92482 923.357 0.396418 -0.761312 2697.95 2654.36 0.656997 0.719767 0.750096 0.799698 273.817 1.41497 0.807707 2283.14 0.888246 0.0996691
308.628 0.352988 -0.208122 281.792 -0.134482 -2.11874 533.806 462.161 0.490937 0.795037 0.790253 0.77995 16.9994 2.63391 0.0552313 1111.53 0.197469 0.0996691
1929.26 -0.232196 2.22611 1103.26 0.64524 -0.437437 3148.51 3051.23 0.235775 0.69227 0.815663 0.56459 144.426 -0.950514 0.374325 3992.9 0.975532 0.0996691
2669.76 0.47252 -2.19699 2182.4 0.238573 0.442097 4922.72 2294.51 0.434693 0.294777 0.321131 0.892045 514.209 -2.63762 0.0972409 6492.49 0.664307 0.0996691
1120.28 -0.242514 -1.96944 792.069 0.595734 0.179287 1871.74 1804.19 0.692568 0.927481 0.646137 0.453379 49.1052 1.43373 0.398166 2871.01 0.773523 0.0996691
1562.89 0.422055 1.46579 1202.36 -1.2422 -1.74756 3765.76 3771.44 0.467207 0.535158 0.767257 0.354698 109.378 -1.81303 0.0644708 3081.75 0.132627 0.0996691
430.239 -0.860163 -0.303795 371.489 -0.510961 2.91319 850.065 714.609 0.668363 0.790506 0.857111 0.746093 57.2257 2.3991 0.0466585 744.926 0.823098 0.0996691
1386.19 0.874002 0.860877 1206.05 -0.279476 -2.0303 3017.7 3051.93 0.557103 0.487398 0.428609 0.54732 17.1076 3.06367 0.05177 2973.78 0.711773 0.0996691
3098.94 0.297754 1.61691 2171.18 -0.513353 -0.619452 5161.03 5218.12 0.675757 0.234312 0.490427 0.812065 957.193 -2.23961 0.00065136 6878.03 0.715478 0.0996691
1619.05 0.444178 1.19604 1390.76 -1.00723 -2.15834 3824.33 3848.85 0.52771 0.3881 0.705673 0.797664 36.383 -1.57021 0.287193 4984.74 0.207484 -0.0996691
395.975 -0.0337855 2.48615 312.505 -0.301815 -0.634386 725.736 671.112 0.6922 0.641947 0.685007 0.64185 86.5639 -0.653523 0.0750474 703.318 0.162494 0.0996691
421.294 0.441807 -2.87292 369.605 -1.42641 -0.128894 1158.92 1135.56 0.452735 0.872914 0.558123 0.787139 10.5723 -2.63918 0.232479 982.481 0.759504 0.0996691
2426.48 1.02077 -3.09836 916.656 -0.0291142 -1.05244 3052.57 2990.61 0.53537 0.739672 0.349545 0.80544 902.079 0.0942702 0.14561 5334.48 0.923923 0.0996691
2096.69 -0.641177 2.96578 1270.08 -1.29981 1.01649 2930.3 2927.7 0.746452 0.276465 0.801976 0.516318 654.305 -0.365545 0.578675 4858.25 0.957873 0.0996691
396.716 0.807013 2.81351 392.064 -0.398286 -0.279993 950.886 899.376 0.818851 0.91758 0.715915 0.724434 24.3246 -1.97342 1.49647 757.516 0.0459718 0.0996691
1951.3 -0.157029 -1.54179 1308.48 -1.77135 0.974453 4198.68 4185.6 0.61195 0.21165 0.60269 0.739252 899.611 2.32063 0.0234845 3586.2 0.799936 0.0996691
2384.58 -0.347689 -2.77551 1666.35 -0.571604 0.500184 4283.81 2976.16 0.170319 0.482176 0.688961 0.588484 116.464 1.87989 1.23617 5134.86 0.476528 0.0996691
1264.6 0.370233 2.54011 1251.5 -0.470697 -0.434784 2745.63 2757.53 0.267136 0.557065 0.855687 0.724312 62.5583 -0.989891 0.558075 2705.95 0.0831693 0.0996691
912.81 -1.67199 0.838096 250.543 -0.0455676 -2.38821 1341.2 1154.07 0.435396 0.570838 0.467493 0.592125 638.768 -2.17101 0.209549 1236.34 0.532233 0.0996691
1339.32 0.467195 -0.45356 859.154 -1.13367 2.03944 2810.23 2159.14 0.37159 0.229369 0.839746 0.79373 223.373 -1.71174 1.26005 3032.1 0.455699 0.0996691
1457.17 -0.747721 -1.65307 1255.56 0.231331 1.38993 3072.93 3057.53 0.338824 0.604321 0.587725 0.752651 9.8284 2.90982 0.470745 3173.47 0.720591 0.0996691
3235.87 -0.304735 -2.80886 2677.13 0.205031 0.0625743 6164.44 5509.06 0.128385 0.792276 0.345776 0.708258 880.498 1.13201 0.310481 6103.85 0.94039 -0.0996691
434.186 0.581578 -3.06385 333.54 1.88883 -0.835668 901.21 841.087 0.761046 0.493764 0.807506 0.840115 8.09722 -1.39235 0.552376 1107.97 0.716561 0.0996691
982.031 0.147041 -1.93355 850.568 1.72147 1.35692 2424.37 2456.65 0.43742 0.298646 0.586818 0.307869 173.857 1.34801 0.00884962 2878.79 0.926088 0.0996691
405.042 1.51358 -0.85537 352.581 0.879302 2.27319 818.045 741.466 0.700288 0.647898 0.895466 0.841033 46.4788 2.71339 0.438949 783.548 0.034152 0.0996691
413.334 0.547198 1.61309 273.583 1.95546 -2.94931 827.896 492.868 0.3389 0.745772 0.643626 0.877108 381.447 -0.709069 0.109875 931.073 0.328728 0.0996691
1526.76 -0.161623 -3.00428 1328.31 -0.401166 -0.061097 2990.75 2036.65 0.210403 0.775391 0.489686 0.718815 22.8135 1.47425 0.514802 3254.29 0.409676 0.0996691
1601.02 0.14201 -0.0972863 1294.53 0.989163 2.44183 3039.31 3033.74 0.179817 0.678266 0.634031 0.567629 245.985 0.888429 0.0979835 4148.49 0.938827 -0.0996691
470.981 1.80453 -0.589877 327.093 1.52563 2.67948 839.709 586.991 0.787421 0.408525 0.756848 0.80111 52.3478 2.26102 0.0810063 847.728 0.555114 0.0996691
2332.37 1.21626 -2.63842 1015.1 -0.0374125 0.310551 3711.99 3700.06 0.629987 0.47088 0.849239 0.720107 778.043 0.407518 0.103634 3995.26 0.403801 0.0996691
288.584 -0.204692 0.990731 250.002 0.902198 -2.07002 636.542 566.283 0.56299 0.651539 0.744215 0.720344 41.4173 -2.67041 0.0756042 522.306 0.833241 0.0996691
257.844 2.58419 1.99269 257.049 1.66931 -1.09578 580.285 569.911 0.686729 0.552706 0.663625 0.676162 20.9743 -2.69276 1.59062 507.643 0.0289444 0.0996691
1624.23 -1.04116 -0.847257 1624 0.648826 -2.5611 3948.08 3990.72 0.136893 0.376178 0.755548 0.772257 603.758 1.8319 0.1685 5201.09 0.359062 0.0996691
1867.12 1.23923 1.54506 850.504 -1.09637 -1.61807 4530.39 576.683 0.180818 0.19706 0.595294 0.79961 1030.61 -1.59146 0.0296943 2814.48 0.435341 0.0996691
314.971 1.76025 -1.88557 280.607 -0.749612 1.71111 1132.18 1038.08 0.765167 0.730354 0.761439 0.63238 19.2327 1.9212 0.196402 710.109 0.227528 0.0996691
869.938 0.393889 -0.737993 689.215 -0.683037 2.51369 1819.87 1671.92 0.541891 0.639824 0.672398 0.76817 393.571 2.32616 0.0702617 1747.88 0.915305 0.0996691
1234.12 -1.18138 1.99828 1181.52 -0.630384 -1.15908 2517.35 2527.49 0.534206 0.453421 0.820296 0.687782 66.8276 -0.48016 0.679634 2454.21 0.0172543 0.0996691
1958.69 -0.384112 -0.77963 1824.33 0.131344 2.43444 4097.48 2625.49 0.828517 0.341105 0.817342 0.393873 180.56 1.73065 0.264149 3967.02 0.430838 0.0996691
909.356 1.55477 1.90456 572.203 -1.02452 -0.445216 2772.7 2747.32 0.602819 0.808649 0.372762 0.812331 254.182 -1.18786 0.407017 1976.25 0.954991 0.0996691
1482.57 0.0604626 -2.06509 1351.68 0.624037 1.08557 3042.98 2695.69 0.433303 0.407479 0.76643 0.722341 95.5446 0.756703 0.206046 3029.71 0.128714 0.0996691
1649.01 0.592382 0.0631769 1501.2 -1.27381 2.12192 4340.35 4360.67 0.501472 0.286802 0.424869 0.79328 447.641 -1.91386 0.297662 4361.15 0.571072 -0.0996691
786.248 0.567815 -2.15316 736.152 -0.890466 1.28546 1946.48 1876.12 0.753104 0.525475 0.738041 0.563545 626.578 1.52856 0.0762968 2339.85 0.845048 -0.0996691
2263.19 -0.0610555 -0.428396 955.287 -0.580038 -2.91717 2933.62 2920.92 0.354513 0.215 0.666458 0.755161 986.99 1.78425 0.209822 4225.66 0.981981 0.0996691
1272.55 -0.560945 2.0653 1181.93 -1.15214 -0.877039 2573.96 2532.97 0.686152 0.562021 0.635568 0.34232 101.548 -2.9472 0.896283 2747.23 0.735633 0.0996691
2037.09 -0.762204 0.7666 1596.94 0.555529 -2.00037 4379.18 4370.11 0.654313 0.315359 0.641064 0.502173 901.998 -2.00836 0.00826597 5431.42 0.947931 0.0996691
797.32 1.29267 1.3211 708.688 -1.4831 -2.40223 3185.66 3010.59 0.703811 0.888003 0.846235 0.862627 136.3 -0.42093 0.380754 1795.08 0.860582 0.0996691
1383.44 -0.989826 -2.64756 753.857 -1.23948 0.736014 2075.94 1938.34 0.617664 0.578195 0.721787 0.745107 59.958 -0.252808 0.468082 2957.56 0.868589 0.0996691
637.605 0.637441 -1.35462 485.031 1.30319 1.84536 1214.64 1080.83 0.74587 0.539538 0.638982 0.703948 124.945 1.72321 0.0555241 1159.8 0.167978 0.0996691
365.176 -1.06791 0.263524 354.772 1.00847 -2.79653 1156.86 1057.87 0.809056 0.422025 0.850495 0.793899 32.589 2.34388 1.13886 707.671 0.0635979 0.0996691
383.426 0.0355894 -1.55234 382.51 0.345008 1.70275 799.367 698.357 0.868403 0.683652 0.704306 0.758468 45.2108 0.238189 1.42877 723.74 0.989236 0.0996691
1791.41 -0.279093 1.52002 1540.82 1.41493 -1.84747 4628.28 4542.38 0.562488 0.508213 0.68731 0.436522 152.273 1.91818 0.145814 5130.48 0.923105 0.0996691
377.856 0.757308 -2.80882 297.924 -0.999856 0.465216 975.767 773.667 0.738039 0.339665 0.650852 0.782711 26.1388 2.89695 0.571738 842.258 0.594616 0.0996691
1351.53 -0.594218 -0.841211 1190.94 0.47284 1.92718 2938.18 2647.08 0.627041 0.444666 0.639458 0.735773 90.1338 2.51004 0.53655 3009.04 0.240661 0.0996691
795.24 1.30281 -2.63359 591.604 0.987934 1.0846 1347.93 1317.07 0.702421 0.748872 0.592071 0.711536 154.508 -2.73567 0.0882616 2029.03 0.343189 0.0996691
796.165 1.21313 1.23215 627.105 -0.308194 -2.88965 1725.83 1727.49 0.640338 0.537751 0.658705 0.729497 349.749 -0.952917 0.222562 1743.01 0.567996 0.0996691
2052.53 -0.490028 -3.01714 1742.72 -0.166364 -0.49567 3891.2 3067.57 0.0626257 0.659869 0.757234 0.496215 204.025 -0.0309635 0.466857 5214.58 0.185138 0.0996691
1690.16 -0.130277 -3.0356 1640.75 0.254945 -1.12496 2812.91 2828.16 0.130369 0.268019 0.464311 0.603127 69.8827 2.43348 0.411986 5530.43 0.971194 0.0996691
2468.25 -0.578775 1.49923 1983.33 -1.0446 -1.18707 4606.92 4307.97 0.456459 0.227513 0.503886 0.860959 273.201 1.44265 0.0554352 5958.14 0.377138 0.0996691
722.073 0.141648 2.93367 485.835 0.928203 -0.842429 1232.19 1224.34 0.383447 0.630479 0.817882 0.755021 170.433 -0.706134 0.127861 1636.68 0.361744 0.0996691
2352.39 -0.17891 -2.72474 1343.68 -0.331569 0.581628 3817.88 2977.23 0.150893 0.52679 0.776074 0.701458 98.198 -2.32071 0.237119 4879.23 0.0722058 -0.0996691
1925.45 0.13805 -0.745263 1742.9 -0.345085 -2.93517 3401.88 3352.53 0.362434 0.683641 0.61747 0.73662 490.993 -2.7051 0.0945132 5780.24 0.914228 -0.0996691
2486.45 -0.806068 -0.250192 2273.37 0.251075 2.05776 5276.81 3910.05 0.779725 0.234119 0.747986 0.633684 224.565 -3.1118 0.739873 6627.69 0.983157 0.0996691
412.03 0.959941 -0.219699 329.847 0.867221 2.92566 761.956 654.263 0.727706 0.627161 0.883024 0.665981 61.4443 2.63624 0.190423 784.931 0.209133 0.0996691
1856.03 -0.361641 -2.29755 924.375 -1.54998 0.199159 2986.13 3022.11 0.252997 0.474772 0.876393 0.568215 363.495 1.89512 0.116825 4234.28 0.683417 -0.0996691
785.492 0.787556 0.212507 749.146 0.441643 -2.92307 1572.58 1543.01 0.448246 0.60901 0.407152 0.708832 27.5371 -2.75766 0.167185 1538.94 0.046871 0.0996691
908.993 -0.460829 2.61735 646.516 1.5284 -0.36864 2373.55 2271.61 0.186542 0.620153 0.883961 0.826809 139.612 1.64121 0.974826 1942.27 0.805642 0.0996691
2601.38 0.830442 2.27291 1710.37 -1.02763 -0.638611 6198.1 5549.18 0.306754 0.832489 0.548824 0.735066 337.578 -1.15606 0.0966063 5120.44 0.108908 -0.0996691
2578.46 -0.580942 0.653289 2390.66 -0.5727 -3.10759 4936.29 3798.77 0.169915 0.395702 0.492642 0.698014 285.463 -1.27733 0.0586478 6324.71 0.504858 0.0996691
460.986 1.09148 1.39013 322.389 1.9071 -2.10042 842.506 800.695 0.714767 0.76593 0.74594 0.669989 160.403 -2.00189 0.102127 916.566 0.262302 0.0996691
1815.3 -0.160151 1.00568 1568.64 0.390798 -0.962234 2988.27 2973.5 0.570653 0.604116 0.82646 0.642744 103.27 -1.34678 0.38402 5841.79 0.221465 0.0996691
1579.75 -0.652219 0.568161 1196.29 0.118292 -2.53249 2967.75 2967.64 0.401911 0.638762 0.721908 0.823354 172.51 -2.77535 0.210096 3001.21 0.784435 0.0996691
690.831 1.3283 -1.14775 686.725 1.05668 1.99895 1443.27 1102.04 0.280759 0.31968 0.530947 0.860855 3.07703 1.3713 0.518261 1388.47 0.282437 0.0996691
493.34 -0.29289 0.972358 382.25 -1.63635 -2.15975 1099.09 965.199 0.804759 0.770951 0.743481 0.722643 86.9933 -2.21746 0.0213213 861.376 0.201008 0.0996691
1557.51 -0.388678 -0.624899 1440 -0.882821 2.71413 3124.98 3096.26 0.145033 0.841571 0.473323 0.875348 41.6278 2.21342 0.449664 3274.06 0.971434 0.0996691
301.965 -0.583513 1.38901 300.774 -0.933737 -1.69065 626.567 557.574 0.738603 0.779367 0.776415 0.767547 10.8926 2.90845 1.52143 567.909 0.0276781 0.0996691
2137.03 -0.593312 -2.48279 1239.41 -0.233608 1.23503 3188.77 3223.01 0.627328 0.734464 0.510813 0.817726 193.299 -1.71029 0.0820076 5133.93 0.947725 0.0996691
1497.18 -0.403914 -2.93382 685.358 -0.839069 0.0989028 2096.55 2023.16 0.591191 0.51536 0.773033 0.773916 812.968 0.285398 0.180737 2198.65 0.943917 0.0996691
2491.43 -0.142914 -2.87268 2217.91 -0.478718 0.581012 4897.83 3747.75 0.20128 0.703704 0.639679 0.568413 84.5833 -2.44802 0.0787022 5710.87 0.420368 -0.0996691
1785.06 0.196743 0.0626543 1680.1 -1.55204 2.85972 4863.44 4832.38 0.73324 0.580323 0.689302 0.492694 910.564 -0.0408498 0.0359137 4771.11 0.970734 0.0996691
1101.4 -2.09754 1.83689 939.807 -0.231286 -0.78699 2983.74 2548.18 0.630073 0.522593 0.866409 0.417108 48.4826 1.70739 0.249865 3176.25 0.908285 0.0996691
2665.6 -0.0952965 3.09877 1636.22 1.16325 0.415562 5093.6 4160.55 0.24718 0.248108 0.410104 0.383452 350.197 -0.493235 0.122304 5488.25 0.185128 0.0996691
1756.74 -0.62609 1.4365 1166.87 -1.20727 2.43671 1711.88 1634.34 0.366599 0.416319 0.791386 0.686323 2081.92 -1.34802 0.15943 3478.67 0.293683 0.0996691
2031.66 0.195468 -1.96311 1976.46 -0.670394 2.84863 3242.06 3278.09 0.624993 0.187169 0.517948 0.512639 1209.5 0.963083 0.117631 6324.4 0.597095 0.0996691
1234.64 0.182798 0.834008 1220.34 -1.06847 -2.68787 2923.08 2936.11 0.648166 0.233047 0.61711 0.763717 45.771 -1.82742 0.861734 2944.63 0.967786 0.0996691
1067.58 -0.582075 2.39027 376.155 1.44992 -0.952983 1997.36 1695.35 0.795069 0.470347 0.848638 0.821484 670.26 -0.630992 0.351388 1705.54 0.857983 0.0996691
999.71 -0.867561 0.068391 439.681 1.08641 -2.38957 1969.3 1938.17 0.70761 0.682265 0.726853 0.686225 572.581 2.78563 0.106897 1584.75 0.748297 0.0996691
1562.04 0.128794 1.71626 1335.38 1.0244 -2.43903 3020.3 4140.73 0.204735 0.593849 0.675454 0.495114 632.757 -1.65998 0.552237 4260.81 0.905813 0.0996691
1666.05 0.110543 1.68027 1326.17 -0.509794 -0.936036 3027.57 3045.01 0.648859 0.712983 0.682604 0.77912 200.152 3.10029 0.855554 3754.19 0.854537 0.0996691
1093.95 0.446659 1.15151 772.22 -0.350961 -2.00443 2038.02 1909.79 0.233587 0.247103 0.451496 0.76365 306.456 -1.92609 0.0749534 1878.66 0.245774 0.0996691
1866.71 0.581187 -2.53852 1324.52 -1.13874 0.848822 4451.2 3952.62 0.221674 0.812785 0.590692 0.941191 510.949 -2.21848 0.114942 4358.66 0.69465 0.0996691
2145.69 -0.519613 2.70277 1170.17 0.402046 0.0936085 3464.11 3244.77 0.711189 0.460971 0.824994 0.731841 205.221 -0.304694 0.033172 4517.28 0.95996 -0.0996691
493.874 1.24167 -2.85378 484.959 0.955093 0.265075 1002.84 982.111 0.697443 0.590324 0.819347 0.728003 11.4081 2.10807 1.32127 967.386 0.0287864 0.0996691
488.863 0.601962 -1.98203 488.101 -1.58321 1.08838 1679.47 1020.59 0.414591 0.682737 0.803199 0.679596 36.3828 2.48358 1.39423 971.181 0.349742 0.0996691
2512.7 0.178264 1.56092 2141.65 -0.01106 -1.96333 4609.96 4502.72 0.617528 0.487756 0.798541 0.543341 122.483 -1.13285 0.747096 6966.81 0.904716 -0.0996691
1888.63 0.451829 0.565877 786.392 -1.37963 -1.47808 3557.08 914.428 0.183315 0.693568 0.843764 0.492992 1590.81 -3.01695 0.219504 3079.2 0.853595 0.0996691
895.58 0.457218 2.74686 588.762 0.214582 -0.45717 1503.55 1266.8 0.730218 0.558101 0.787778 0.758278 275.223 -0.556427 0.073561 1614.73 0.324317 0.0996691
1466.7 -0.631195 1.62734 1390.23 0.315043 -1.54556 3237.64 2943.6 0.668869 0.488194 0.695707 0.870799 58.6002 -1.05444 0.17151 2904.6 0.379076 0.0996691
1719.67 -0.819809 1.56164 696.216 -0.311678 -1.54494 2440.81 1790.82 0.189029 0.627071 0.722388 0.707193 1017.22 -1.60353 0.0488123 2460.06 0.364484 0.0996691
2033.57 0.314733 -0.0311636 1581.55 0.987058 2.917 3913.89 2951.93 0.790995 0.111895 0.771354 0.802028 82.2459 -2.81997 0.0170686 4535.25 0.689288 -0.0996691
2140.06 0.66227 2.17753 1897.27 0.689068 -1.13617 4106.43 3599.93 0.0971391 0.475355 0.721077 0.649257 664.279 -0.592136 0.118373 4508.34 0.679629 0.0996691
2622.28 -0.342858 0.0670883 2001.38 -0.0384483 -2.4929 4486.03 4417.12 0.537329 0.673698 0.604196 0.738782 777.777 2.57203 0.0720165 5616.53 0.879089 -0.0996691
390.089 1.09579 2.73202 386.722 -0.30589 0.156536 959.47 949.231 0.566618 0.754141 0.690269 0.548388 52.4614 0.0503646 0.1068 920.569 0.273933 0.0996691
1172 0.486411 1.67171 907.909 -0.51744 -1.95701 2292.74 2256.71 0.378409 0.61361 0.757506 0.713684 695.568 -2.05589 0.110393 2926.68 0.276657 0.0996691
1659.42 0.641262 -0.606655 1223.07 0.275912 2.5821 2909.81 2905.92 0.643884 0.763537 0.560724 0.83262 298.434 2.63772 0.0618124 3069.42 0.162047 0.0996691
1166.82 -0.787834 0.092575 1076.15 0.46045 -2.40156 2619.7 2585.59 0.720034 0.632114 0.868908 0.58892 302.46 0.0928275 0.00748577 3183.49 0.346334 0.0996691
573.499 -0.0456816 1.99642 522.167 0.825521 -1.78043 1180 1034.75 0.39029 0.71486 0.68768 0.460041 149.588 2.15233 0.164395 1704.51 0.845182 0.0996691
331.688 2.63879 -2.88576 315.11 1.52904 0.237665 760.008 736.071 0.527526 0.619365 0.627536 0.738459 21.332 1.42734 1.19489 632.237 0.0342815 0.0996691
2026.16 -0.49025 -0.948122 1433.87 -0.648551 2.20063 3563.8 2728.68 0.329898 0.247835 0.710531 0.63871 575.229 2.15521 0.170641 3529.11 0.407507 0.0996691
959.485 1.78808 -2.69626 423.144 -0.113943 -0.434422 1839.98 1793.68 0.528736 0.738725 0.693658 0.780945 663.095 0.902173 0.104008 1482.06 0.817878 0.0996691
1555.81 0.625112 2.53947 1417.04 0.0343194 -0.589749 3139.48 3075.27 0.552395 0.241364 0.302159 0.487275 315.606 -1.42791 0.684322 3307.77 0.4428 0.0996691
413.717 -0.448888 -2.94634 409.57 -1.25117 0.117737 904.939 828.996 0.734485 0.786052 0.804178 0.722099 19.0015 1.28559 0.65762 851.898 0.521101 0.0996691
1577.32 0.606222 2.67822 1412.04 0.208872 -0.633825 3054.13 3038.06 0.55308 0.748623 0.710338 0.689841 16.2657 -0.0556331 0.136604 3283.26 0.963338 0.0996691
1795.38 -0.54994 1.17714 1685.63 -0.752377 -2.71374 3288.66 3241.25 0.457932 0.232155 0.514316 0.598985 138.949 1.61945 0.438303 5181.89 0.415233 0.0996691
448.059 -1.20918 -2.67316 344.825 2.55278 0.643366 2645.17 2470.98 0.791315 0.726579 0.687609 0.642457 35.904 2.20798 1.05986 1146.1 0.76944 0.0996691
2491.02 -1.17783 -1.6909 1880.87 0.1663 1.14014 5433.65 4202.49 0.150327 0.537808 0.568058 0.821741 418.668 2.10518 0.068886 5087.06 0.628666 0.0996691
1337.37 0.297566 -2.88438 993.597 -0.239252 -0.00551316 2452.11 1856.7 0.205354 0.837006 0.799162 0.685297 90.9753 -2.95973 0.0340033 3151.54 0.392196 0.0996691
1297.85 0.417086 2.95213 1203.18 0.783083 -0.905493 2401.15 2123.48 0.401339 0.760679 0.635248 0.880375 496.101 -1.12221 0.209182 3855.12 0.96113 -0.0996691
2545.79 0.597725 -1.58311 825.277 -0.247702 2.03469 3228.39 816.049 0.185182 0.486674 0.697955 0.833161 1167.8 1.32387 0.0548779 4347.01 0.234435 -0.0996691
3241.79 0.416145 0.876788 2563.15 -0.654621 -2.40893 6735.25 6128.24 0.150368 0.241578 0.470865 0.69088 50.863 -0.0484288 0.359034 6828.95 0.612632 0.0996691
976.979 -0.544607 -0.0617546 648.094 0.377508 2.43714 1707.33 1661.99 0.72043 0.66976 0.697008 0.525243 15.0408 -2.63993 0.476987 2501.96 0.937199 0.0996691
2750.08 -0.188861 -1.56739 1534.51 0.270347 1.80938 4420.01 3852.96 0.501649 0.232017 0.516714 0.546057 176.469 0.751574 0.780212 5952.56 0.957864 0.0996691
2537.37 -0.928495 1.04338 2233.45 -0.0285235 -1.75984 5314.12 4462.05 0.246766 0.361852 0.673388 0.684018 180.898 3.08206 0.279699 5577.43 0.322331 0.0996691
344.78 0.364082 2.6811 327.693 -0.773337 -0.434686 805.116 732.485 0.810934 0.631647 0.956703 0.861945 2.85399 -2.80968 0.757292 698.972 0.0204783 0.0996691
1732.73 -0.403013 1.86291 878.24 0.850585 -0.433717 2802.51 2814.55 0.755339 0.298713 0.578657 0.841672 726.835 -1.7506 0.0663513 3451.68 0.763633 0.0996691
612.953 -0.295203 2.9183 481.473 2.11808 -0.492322 1983.37 1958.94 0.591611 0.7256 0.776999 0.783938 119.522 0.331034 0.158837 1168.86 0.894245 0.0996691
1517.5 0.548501 0.113097 1487.83 0.559476 -2.74118 2984.06 3013.02 0.410603 0.139599 0.678046 0.730353 119.849 2.19343 0.488749 3347.72 0.845399 0.0996691
321.783 0.350297 -1.3789 316.333 1.50912 1.87567 765.065 714.285 0.749988 0.796832 0.684284 0.764759 7.11642 -0.105827 1.26637 605.498 0.0786208 0.0996691
2792.29 -0.261406 3.01599 1823.19 -0.267721 -0.522699 4640.23 3528.39 0.175298 0.675951 0.582817 0.5499 77.1769 2.65549 0.31286 6029.79 0.177551 -0.0996691
473.996 -0.262697 1.22763 428.541 -2.75182 -1.88874 1728.37 1568.04 0.562891 0.632508 0.627944 0.66391 37.2875 -2.15541 0.0279431 868.647 0.765625 0.0996691
932.835 -2.14315 1.49887 873.67 0.150491 -0.947663 3081.19 3056.56 0.746783 0.245831 0.773261 0.878709 262.446 1.97386 0.0779583 3016.87 0.442327 0.0996691
307.36 0.956847 -2.12037 305.087 1.41071 0.907357 644.053 582.967 0.780089 0.618358 0.82319 0.595143 31.6183 2.53538 1.59983 594.402 0.99591 0.0996691
1891.02 -0.147457 2.51946 1495.68 1.02663 0.29252 3701.55 3623.17 0.343522 0.571215 0.569718 0.704038 159.909 -1.78467 0.31236 4816.01 0.923001 0.0996691
1572.56 -0.12173 -1.25479 736.125 0.0384956 1.8384 2173.48 2123.11 0.468912 0.785084 0.894346 0.790606 776.853 1.79422 0.0398117 2423.11 0.390966 0.0996691
327.032 0.908375 -2.72423 322.342 2.27039 0.371538 825.143 765.686 0.679649 0.809703 0.748684 0.656221 7.08486 0.503446 0.109916 637.291 0.0289241 0.0996691
458.23 -1.31108 -0.94097 439.206 -1.95858 2.17454 966.791 919.419 0.587281 0.715842 0.70221 0.841184 6.54296 0.709703 1.44974 885.846 0.979495 0.0996691
1269.25 -0.240852 2.8273 935.045 1.37403 -0.610003 2919.3 2921.79 0.516931 0.35317 0.816693 0.846503 19.7617 1.41118 1.1245 2660.15 0.913912 0.0996691
763.335 0.590957 2.21711 745.392 -0.713718 -0.702537 1870.56 1428.07 0.220226 0.61593 0.715163 0.704075 73.3849 -1.43775 0.250759 2456.74 0.240809 0.0996691
322.698 -2.80339 2.64423 310.402 -2.04465 -0.407503 695.023 644.745 0.421095 0.650649 0.504179 0.71243 28.4472 -1.73574 1.32702 614.371 0.0623512 0.0996691
2146.21 0.449488 2.80633 1928.52 0.344522 -0.46055 4324.95 3327.95 0.112272 0.532641 0.626151 0.528383 161.051 -3.06515 0.0864938 5028.98 0.932887 -0.0996691
1886.6 0.963214 -0.0909555 1340.61 1.03909 2.87422 3291.08 3010.36 0.225503 0.591108 0.770549 0.755025 578.261 -2.85444 0.117227 3292.68 0.794036 -0.0996691
1588.8 -0.37159 -1.67041 1318.32 -0.17685 1.52401 2924.11 2921.79 0.623942 0.383138 0.681002 0.791499 223.941 1.20564 0.312859 2987.87 0.100396 0.0996691
484.96 0.595857 -2.38171 316.556 -1.60335 0.630729 1331.15 1035.06 0.64275 0.745863 0.76782 0.823613 36.8184 0.970115 0.00300843 904.272 0.581437 0.0996691
2033.59 -0.345685 -2.83521 350.095 2.04036 -0.480441 2977.49 2919.75 0.28829 0.66525 0.746765 0.706329 1601.75 0.464914 0.430487 2619.91 0.909983 0.0996691
658.04 -1.00289 0.936266 405.522 -1.54486 -2.06926 1078.36 1068.69 0.240806 0.514189 0.509991 0.827548 375.755 -2.04266 0.0299094 1600.33 0.11749 0.0996691
1858.55 0.446101 0.397416 1213.59 -0.611681 -2.19865 3369.54 3304.75 0.69171 0.866131 0.737049 0.683514 34.9763 0.868038 0.46261 4704.31 0.337452 0.0996691
538.078 -1.04994 -1.80434 535.61 -0.810975 1.33401 1096.87 1047.55 0.735522 0.472879 0.78914 0.672148 4.59782 -0.214766 1.54917 1037.95 0.0212113 0.0996691
1446 0.651315 -2.52802 1386.71 0.581445 0.744688 2907.89 2369.17 0.747845 0.199564 0.727624 0.818381 180.059 0.456426 0.182511 3034.98 0.954448 0.0996691
489.294 0.313031 2.57819 286.109 0.215339 -2.63824 416.699 364.037 0.784224 0.724401 0.744376 0.657307 402.811 0.0778081 0.0499106 1185.54 0.711989 0.0996691
1918.17 0.22497 0.614868 1851.93 -0.162575 3.07167 3632.81 3680.54 0.122639 0.287536 0.803737 0.317127 170.508 -1.80954 0.695635 5489.05 0.662274 -0.0996691
372.876 -0.280959 1.27683 336.199 1.35235 -1.93777 970.761 913.009 0.550973 0.807831 0.783442 0.801194 21.1673 -0.122094 1.37939 674.066 0.0919623 0.0996691
2253.84 -0.839123 0.294556 1460.88 0.525924 1.48802 3410.98 3377.23 0.324202 0.715409 0.773568 0.770872 3102.61 -2.25096 0.0152421 4883.75 0.477525 0.0996691
352.096 -1.43261 1.96589 318.504 1.62644 -1.12407 1629.4 1285.27 0.771818 0.543208 0.801139 0.786053 33.6141 -1.19823 0.189282 639.552 0.211953 0.0996691
1856.54 0.923533 -2.41383 1134.57 1.57129 0.0752558 2934.27 2970.61 0.411468 0.665558 0.433785 0.554624 245.013 1.74649 0.209816 4851.03 0.929948 0.0996691
2572.16 -0.842061 -2.154 1214.65 -0.0394392 1.41996 4073.52 3020.08 0.138697 0.54127 0.719482 0.754866 1868.32 1.05099 0.0356474 4863.01 0.883253 0.0996691
464.708 1.87027 -0.0340598 427.805 1.63302 -3.01481 911.657 866.705 0.728723 0.645344 0.55471 0.660305 60.5494 2.18779 0.67818 887.512 0.880601 0.0996691
1370.17 -1.25144 2.74415 1188.39 -0.327331 -0.406481 2859.26 2725.12 0.762335 0.432503 0.812339 0.512759 127.506 2.08103 0.601031 3598 0.527835 0.0996691
1068.75 0.302765 0.235638 580.974 -0.144789 1.4651 1010.08 1007.4 0.35804 0.431618 0.628872 0.591873 1229.44 -2.97253 0.486903 2585.95 0.529932 0.0996691
1393.2 -0.0127147 1.99038 823.603 2.38399 -0.828167 3882.38 2521.96 0.642897 0.212034 0.739853 0.592844 61.6343 3.12426 1.1325 2935.78 0.529758 0.0996691
1660.97 -0.461365 0.639185 1275.97 -1.05334 -2.18774 3021.13 3050.87 0.561843 0.38814 0.751504 0.218751 132.624 -0.277039 0.584341 4780.21 0.410605 0.0996691
1048.13 -1.05739 1.98351 594.65 1.4516 -1.42449 2991.84 3008.21 0.516064 0.429366 0.851329 0.878901 164.055 0.111104 0.342634 2100.93 0.968511 0.0996691
1207.89 -0.846915 -0.14645 287.291 0.824414 3.00921 1626.06 1594.83 0.284407 0.6514 0.5679 0.716736 737.313 2.98968 0.0316293 1649.27 0.620039 0.0996691
2458.79 -0.34078 0.336048 2409.77 0.509768 -2.74778 5323.11 5393.6 0.739781 0.258565 0.66822 0.597436 906.405 2.59411 0.224435 6069.65 0.923953 -0.0996691
1682.52 1.41638 -1.54635 1547.37 0.420857 1.62055 3679.59 3047.04 0.285767 0.692812 0.813872 0.739236 132.207 1.39607 0.214147 3305.01 0.504907 0.0996691
577.734 -1.07954 0.774422 403.375 2.50383 -2.63922 2990.44 2627.69 0.68934 0.255739 0.877837 0.771545 59.4553 1.26026 0.0660598 1282.5 0.777323 0.0996691
1515.04 0.331526 0.511531 851.817 -0.579724 -2.34312 2508.61 2526.9 0.309556 0.536153 0.328408 0.435338 678.407 -2.90897 0.565548 2415.26 0.314374 0.0996691
1414.57 0.0307978 1.44103 1027.88 1.43835 -1.8761 3072.79 2860.33 0.39234 0.303468 0.809115 0.808461 80.4692 0.19021 1.25384 2896.48 0.781006 0.0996691
899.374 1.47362 2.84195 660.308 0.930861 0.739553 1428.08 1396.24 0.442168 0.406832 0.899328 0.833556 443.205 -1.48236 0.0624617 2233.65 0.533356 0.0996691
455.338 -0.590671 -3.02739 449.828 0.964081 0.0689658 1202.43 1161.76 0.511245 0.808507 0.631781 0.827727 33.0718 1.84701 1.41923 877.727 0.0269538 0.0996691
316.749 2.10096 -0.335083 286.225 1.07925 2.15159 660.568 643.956 0.822892 0.664933 0.709951 0.84966 33.921 -0.941832 0.605469 777.773 0.324604 0.0996691
454.692 -0.338588 2.33968 322.118 0.115263 -0.613507 803.601 727.296 0.72538 0.717377 0.582878 0.677438 141.336 -0.490469 0.128677 825.602 0.164258 0.0996691
2814.8 -0.2397 -0.641994 2348.43 -0.565728 1.87252 4979.86 5003.91 0.726511 0.642634 0.878642 0.565221 233.94 2.58599 0.424719 6989.72 0.590542 -0.0996691
444.938 1.24898 -1.90709 278.909 0.426996 0.000180554 699.94 543.319 0.716911 0.328169 0.778654 0.639677 255.789 1.86255 0.0220554 931.073 0.676179 0.0996691
1755.7 -0.221213 1.83072 961.479 -0.659082 -1.77997 2650.13 2815.82 0.553007 0.576566 0.75318 0.715787 81.1496 -1.68865 0.0912861 3718.68 0.329942 0.0996691
2505.61 0.314143 -0.604255 1805.96 -1.37598 2.86573 5879.58 5767.43 0.458886 0.328185 0.598185 0.582182 203.425 1.09349 0.915248 5271.74 0.953388 -0.0996691
1672.43 -0.241761 -2.43134 809.341 0.938936 -0.0731306 2604.8 2623.32 0.48899 0.421186 0.87402 0.788881 260.874 1.09125 0.0948194 3500.61 0.695269 0.0996691
2110.53 -0.515692 -0.634657 2084.75 0.554802 2.98763 4855.35 3633.31 0.490374 0.244432 0.620685 0.511731 226.93 0.891091 0.382987 5106.36 0.46933 0.0996691
1895.95 -0.0888842 -0.768603 1676.67 -1.29385 1.59952 4065.2 3932.99 0.606017 0.415153 0.520932 0.481914 74.8754 -2.77387 0.444035 5282.41 0.364034 0.0996691
1034.62 1.08651 -3.06978 881.842 -1.35067 2.89183 2971.28 2950.47 0.188417 0.459136 0.929873 0.704729 1885.01 0.00483408 0.0238761 2079.52 0.946019 0.0996691
390.652 -0.479891 1.9409 306.212 -0.296795 -0.648718 680.98 653.397 0.760379 0.632445 0.680099 0.713381 147.798 -2.15984 0.418653 722.41 0.790331 0.0996691
368.387 -1.15213 0.984902 347.586 -1.63653 -1.95579 749.026 712.764 0.695659 0.834465 0.72208 0.732744 13.1302 2.46794 0.699274 736.612 0.932812 0.0996691
1760.91 0.165007 -2.19165 1270.15 -0.18982 1.35356 3017.28 2980.8 0.305922 0.764313 0.760993 0.650515 745.515 0.252957 0.175441 3101.13 0.974569 0.0996691
706.096 0.692902 -2.04141 313.168 1.91903 0.795162 1131.11 1060.39 0.573238 0.584047 0.835095 0.764324 64.184 1.96625 0.0476955 1441.3 0.765751 0.0996691
1437.44 0.471092 -3.07237 1368.59 0.451175 -0.117465 2810.57 2792.8 0.684099 0.541208 0.781164 0.699654 173.017 -2.86315 0.212596 3239.03 0.817186 0.0996691
529.514 -1.63123 0.972481 372.533 -1.70486 -2.13326 918.261 687.762 0.734755 0.428296 0.750528 0.824045 157.977 -2.29779 0.113809 883.924 0.570012 0.0996691
1437.94 -0.294232 -1.44617 1012.83 0.385197 1.45383 2544.92 2566.46 0.504476 0.630924 0.758623 0.564776 426.936 1.63695 0.185069 2698.97 0.210017 0.0996691
262.435 -2.03969 2.03357 255.664 -0.49784 -1.15207 693.616 602.601 0.638332 0.614769 0.71125 0.724841 7.70534 0.903601 1.04161 510.271 0.609293 0.0996691
285.078 -0.479288 2.36035 284.781 0.206043 -0.759646 626.21 495.415 0.81534 0.663911 0.742205 0.738066 14.097 -0.1385 0.0722693 561.338 0.838001 0.0996691
492.642 0.442007 -0.286679 362.652 1.02428 2.77989 891.818 853.406 0.575976 0.645791 0.435122 0.781386 152.87 3.0602 0.242787 861.286 0.1925 0.0996691
1726.72 -0.900762 -1.55535 619.376 -0.956936 1.99698 2139.15 1855.72 0.207253 0.688765 0.786741 0.724484 235.232 1.97218 0.031242 3479.71 0.348776 0.0996691
1287.24 -0.816939 2.60641 1166.07 0.431012 -0.95414 2955.53 2595.24 0.666549 0.604524 0.720356 0.692795 32.6206 2.06306 0.517397 3212.01 0.690571 0.0996691
2583.11 0.884625 -0.388465 2044.44 0.568662 2.98108 4881.01 3230.11 0.261154 0.377251 0.678567 0.377197 197.923 -0.087822 0.189156 5595.64 0.960582 0.0996691
1073.63 -1.05035 -0.0705222 1032.43 1.68045 3.09125 4512.49 2086.97 0.239179 0.348951 0.716424 0.669571 61.6277 2.7877 0.0348926 2258.99 0.10388 0.0996691
1703.92 -0.151199 1.30164 1654.74 1.28462 -1.875 4383.01 2990.01 0.414372 0.199347 0.806022 0.83092 78.8048 -0.880142 0.94174 3378.67 0.2497 0.0996691
1956.34 -0.559014 1.32837 1915.51 -0.112085 -3.10671 3289.3 3036.13 0.0638947 0.290104 0.901143 0.69293 178.458 -2.02169 0.484185 6215.55 0.882353 0.0996691
1429.7 0.150251 -2.57464 1202.72 -0.510753 1.1064 2688.79 2701.66 0.148264 0.602718 0.831024 0.860216 566.804 -0.379218 0.246798 2811.14 0.869377 0.0996691
1668.6 -0.305688 -0.521846 1648.53 0.139767 2.66143 3428.76 3446.32 0.402094 0.457091 0.380011 0.687196 47.0556 1.43672 1.22485 3342.72 0.0221853 0.0996691
1972.37 0.449586 0.855681 1731.95 -0.530818 -2.84993 4031.48 4043.24 0.595682 0.541003 0.514603 0.777762 112.237 2.11738 0.923816 4982.06 0.923631 0.0996691
429.357 -0.764089 -2.30629 408.042 0.433616 0.755994 1021.61 923.421 0.635695 0.559024 0.814856 0.672925 12.683 2.20689 0.804154 840.322 0.895983 0.0996691
1633.66 1.05728 1.86546 1451.94 -0.281897 2.51084 2500.31 2207.86 0.395463 0.680658 0.706681 0.548347 1664.8 -0.665846 0.285273 4616.32 0.926506 0.0996691
1644.59 0.197271 -0.584081 1554.83 0.609106 -3.05163 3100.87 3116.62 0.472948 0.241474 0.629518 0.620933 195.42 -1.07257 0.487097 5299.94 0.287294 -0.0996691
702.732 1.55637 -1.14771 292.663 -0.827948 2.16896 1650.46 1425.74 0.582427 0.760671 0.507384 0.729053 312.654 2.32717 0.0719454 1361.12 0.69585 0.0996691
626.056 -0.869364 1.00583 599.901 0.839749 -2.16263 1717.43 1588.61 0.765489 0.651708 0.802781 0.677962 6.91303 1.11467 0.0781418 1224.49 0.914449 0.0996691
1189 -0.350699 1.11406 869.532 1.21212 -2.73344 2641 2525.59 0.592508 0.463813 0.625545 0.837921 21.3808 -1.43087 0.355296 3316.7 0.265796 0.0996691
1403.22 0.964504 -1.08015 1392.69 -0.0882974 1.98597 3209.2 3172.75 0.754252 0.842593 0.817405 0.787846 28.8806 2.78287 0.187092 2903.38 0.973753 0.0996691
603.257 -0.237844 -0.970434 499.502 -1.02634 2.14473 1196.99 1140.06 0.554564 0.715263 0.718311 0.558452 107.374 2.29495 0.114463 1100.94 0.117526 0.0996691
340.894 0.305896 1.65907 326.049 1.5659 -1.40067 824.19 787.918 0.576326 0.543693 0.693763 0.701484 28.5192 -1.60632 0.203729 684.331 0.860498 0.0996691
1546.18 0.351602 -2.34392 1120.31 -0.511111 1.19327 2840.29 2872.16 0.598259 0.623758 0.613551 0.548111 26.2867 -0.00248246 0.0938363 3349.9 0.518797 0.0996691
1294.68 0.458016 2.07846 931.028 -1.00573 -0.585366 2769.93 2781.76 0.67361 0.536701 0.847438 0.727079 538.651 -2.04357 0.243449 3343.26 0.132876 -0.0996691
2135.63 0.493426 0.415745 1599.21 1.08086 -2.5815 3868.36 3879.81 0.699617 0.73641 0.517742 0.775941 995.879 -1.58877 0.430267 5062.62 0.914634 0.0996691
1135.43 0.265226 1.40125 1018.68 -0.929984 2.39897 1758.99 1619.39 0.593882 0.411404 0.761433 0.570128 1446.72 -1.21481 0.159234 3266.58 0.951693 0.0996691
906.692 -0.863112 1.15743 858.886 -0.962877 -2.31523 1819.56 2159.78 0.492743 0.18794 0.784209 0.768943 111.097 1.49816 0.265984 3027.71 0.308195 0.0996691
1433.22 0.940239 -1.82152 1388.75 0.210379 1.4728 3034.59 2991.94 0.657289 0.733913 0.563547 0.723762 113.697 0.957993 0.50174 2994.65 0.959191 0.0996691
766.218 0.896791 0.228531 634.745 -0.181539 -2.97487 1627.95 1537.86 0.738473 0.656846 0.658239 0.768916 156.603 -2.67873 0.104323 1397.01 0.90016 0.0996691
483.162 1.44687 -1.51052 354.408 -0.799214 1.80637 1420.35 1310.68 0.766399 0.414961 0.823022 0.579649 63.828 0.387058 0.536319 995.336 0.769359 0.0996691
1231.32 1.35115 -2.36711 919.652 -0.756849 -0.538818 3174.94 3202.84 0.573399 0.560581 0.673885 0.634582 1044.58 1.38588 0.0926125 3572.85 0.248314 -0.0996691
1405.94 -0.663967 -0.302822 1193.76 -0.296222 2.9386 2673.55 2544 0.768936 0.687848 0.691276 0.598308 278.636 2.86251 0.0486908 2745.74 0.120292 0.0996691
588.28 -0.773022 -0.482385 571.74 -1.91892 2.6479 1382.68 1320.17 0.874188 0.699032 0.73971 0.73518 8.85128 -2.32893 1.30345 1117.53 0.0146677 0.0996691
1631.14 0.318532 1.70918 1614.01 0.653568 -0.62695 3067.28 3027.17 0.86779 0.488228 0.802207 0.881861 181.106 -1.85028 0.13925 4968.2 0.363025 -0.0996691
1603.86 0.678072 2.68673 969.003 0.0818435 -0.855999 2595.9 2600.05 0.376334 0.628668 0.750479 0.785947 561.992 -0.244037 0.6087 2892.78 0.312599 0.0996691
377.149 0.614075 -2.91253 252.392 -0.461197 0.317252 728.913 623.91 0.672142 0.558358 0.669357 0.589008 112.345 0.0801323 0.192971 632.87 0.739809 0.0996691
1612.55 0.789446 2.53076 1413.49 0.654363 -1.1237 2936.75 2961.26 0.461254 0.242529 0.758066 0.778036 98.175 0.503045 0.134355 3844.48 0.894059 0.0996691
851.422 -1.17691 -1.56097 840.954 -0.0651253 1.52773 2026.64 1626.5 0.337342 0.612495 0.715929 0.79472 40.0769 2.73272 1.20029 1652.39 0.119466 0.0996691
1082.83 -0.0277017 1.43532 1002.95 0.0248971 -2.54429 1916.98 1886.82 0.45322 0.683306 0.676051 0.767017 204.181 -0.521758 0.755899 3006.3 0.819597 0.0996691
773.422 -0.374416 -0.310027 675.661 1.12603 1.51458 1661.31 1645.98 0.744441 0.610002 0.752733 0.357446 266.183 -2.84792 0.103604 2121.57 0.503266 0.0996691
1934.8 -0.975061 -1.84175 1312.04 0.264793 2.53794 3355.52 3386.59 0.53803 0.33534 0.577587 0.807408 288.129 1.30402 0.289732 5058.53 0.972465 0.0996691
1727.16 0.132426 2.57462 1351.45 -0.496136 0.307619 2963.74 2933.85 0.715984 0.767437 0.754536 0.947348 836.801 -1.15986 0.114387 4718.73 0.380038 -0.0996691
320.985 2.16098 0.744507 250.215 -0.561861 -2.39664 1191.17 1082.36 0.790982 0.426719 0.782373 0.749455 73.6032 -2.38769 0.0321708 554.963 0.215209 0.0996691
426.192 0.118386 -1.81938 386.473 1.02689 1.10207 914.866 841.098 0.803749 0.675986 0.830274 0.724342 21.8044 -0.652347 0.726919 1076.52 0.64457 0.0996691
1300.91 0.850393 0.292939 507.505 1.04573 -2.5612 1628.41 1594.96 0.492676 0.823064 0.660499 0.840389 538.178 -2.99633 0.443111 2265.25 0.474852 0.0996691
1773.5 -0.464137 1.00801 1643.46 -0.925442 2.9645 2954 2968.68 0.592197 0.655178 0.603822 0.765104 246.209 -2.29527 0.52773 5463.04 0.51232 0.0996691
1686.75 0.392884 1.48939 1423.33 0.552099 -2.45528 2954.67 2653.16 0.473172 0.4673 0.522354 0.643161 58.8719 -3.1363 0.608559 4515.1 0.523656 0.0996691
2244.49 0.302219 3.02509 1834.43 -0.754322 0.0467056 4733.24 3537.38 0.425386 0.543705 0.321293 0.710407 96.8059 -2.73158 0.103502 4729.83 0.74428 0.0996691
515.598 1.74786 -2.20049 437.718 1.29458 1.05389 999.016 931.158 0.482581 0.714492 0.671015 0.799147 107.084 0.503256 0.227389 982.802 0.181992 0.0996691
1882.16 -0.425168 -2.05245 1822.32 -0.318897 -0.453561 2714.77 2662.88 0.651019 0.696336 0.705878 0.728773 507.045 1.39622 0.0601544 5929.61 0.970927 0.0996691
1942.6 0.591412 -0.910066 1717.78 -1.10184 3.04665 4932.74 4024.39 0.216865 0.604388 0.841226 0.805695 45.8923 2.06057 0.27851 5590.99 0.18855 0.0996691
442.09 2.00959 3.02743 428.854 1.01731 0.0194213 997.14 970.281 0.471303 0.708988 0.790723 0.680643 41.1127 -1.60346 1.61292 860.122 0.070515 0.0996691
424.387 -1.19505 1.59384 420.744 -1.68904 -1.4666 887.497 837.317 0.699547 0.839526 0.750529 0.808671 27.4872 -2.79756 1.33572 832.714 0.0569023 0.0996691
398.89 -1.14269 -1.09479 388.126 0.792274 2.06451 1192.7 1160.74 0.674335 0.595239 0.720369 0.77238 13.0142 0.277223 1.3916 773.508 0.0245306 0.0996691
339.9 -2.45698 0.17465 278.671 -0.956128 -2.86748 814.115 777.61 0.68401 0.651498 0.7016 0.652963 40.9935 2.88598 0.388631 617.49 0.876777 0.0996691
1327.93 -0.0897039 -2.75221 1079.58 -1.49652 0.290546 3018.91 3047.04 0.385599 0.764877 0.467535 0.751486 58.9872 1.70249 1.06205 2642.65 0.733251 0.0996691
1956.91 -0.665658 2.55432 1272.11 -0.0915941 -0.288405 3271.48 3260.69 0.339467 0.512968 0.766326 0.561393 156.64 1.20064 0.999836 4195.31 0.928861 0.0996691
1486.92 1.38731 0.98172 547.135 0.551953 -2.29463 1994.71 1911.96 0.502099 0.543833 0.73344 0.606469 892.079 -2.18763 0.125066 2148.83 0.455757 0.0996691
2245.57 0.0598165 0.124588 2238.96 -0.292667 -1.96666 3978.76 4014.77 0.171387 0.294549 0.675886 0.832287 225.076 2.67621 0.456658 6574.25 0.664372 0.0996691
449.608 -1.90632 -0.0755333 437.348 -0.611305 3.06899 1105.79 1012.42 0.695788 0.698858 0.81369 0.744153 21.3476 1.72504 0.738942 844.706 0.912415 0.0996691
1259.21 -0.943289 0.833242 1142.75 0.471249 -2.39144 3033.36 3036.77 0.6035 0.498656 0.439089 0.778727 245.857 2.6304 1.25895 2759.57 0.825003 0.0996691
1708.65 -0.0985335 -0.657142 479.712 -0.0725897 2.59967 1898.3 1658.77 0.654048 0.614781 0.484587 0.690631 1256.02 2.49794 0.0513875 2584.71 0.584866 0.0996691
1542.5 0.0692994 -0.426855 654.459 0.881513 2.83801 2270.39 1646.67 0.637446 0.195832 0.457558 0.833442 940.596 2.57476 0.0504243 2362.42 0.574876 0.0996691
413.027 -0.757645 -0.636424 367.795 0.480635 2.93163 935.55 901.927 0.485887 0.569034 0.853082 0.705251 151.167 1.46992 1.3052 778.971 0.983285 0.0996691
1892.5 0.525333 1.54629 1829.49 0.347327 -0.882904 3521.45 3546.07 0.562818 0.371987 0.677091 0.308686 94.2577 1.51187 0.036757 5630.25 0.378756 0.0996691
1487.7 0.169503 0.470131 1465.75 -0.884142 -2.13519 3289.55 3317.81 0.688674 0.577677 0.749436 0.519817 755.263 1.30861 0.182851 5473.75 0.296322 0.0996691
1118 0.543044 -0.172416 1053.7 -1.1215 3.10786 2998.97 2792.78 0.628093 0.435767 0.629218 0.658554 30.7363 0.749609 0.922039 2414.86 0.156721 0.0996691
2510.28 -0.607792 -1.89092 2472.96 0.217392 0.804806 5562.01 4485.29 0.184875 0.309397 0.793516 0.700373 243.143 -0.0933071 0.330516 6680.24 0.966723 0.0996691
1721.68 0.295249 0.451116 1037.04 1.32282 -2.31758 3039.93 2905.37 0.498871 0.690748 0.296559 0.836253 104.806 2.99347 0.151895 3936.91 0.478963 0.0996691
1891.23 -0.101418 -1.89522 1420.13 -0.00338082 0.21402 2881.84 2821.19 0.614808 0.58802 0.558343 0.547884 307.968 1.70878 0.242162 4810.09 0.479865 -0.0996691
980.784 -0.646188 1.63428 703.933 1.03812 -1.55035 2305.71 2288.65 0.435791 0.622825 0.81417 0.844982 295.379 -1.40931 0.142359 1740.99 0.941787 0.0996691
2865.74 -0.315428 0.251605 1967.95 0.495903 -2.69284 5295.87 3457.24 0.536049 0.113473 0.631158 0.756295 595.788 -2.81897 0.103601 5526.38 0.463148 0.0996691
396.795 1.92489 2.96299 294.909 0.886756 -0.521289 797.032 739.498 0.637932 0.856358 0.719176 0.786784 64.1145 -0.246706 0.249405 746.63 0.252995 0.0996691
546.556 -0.807159 -1.48115 420.732 -0.889637 1.20266 982.07 830.239 0.715718 0.717893 0.810176 0.719136 38.4678 3.00797 0.660789 1140.43 0.548558 0.0996691
442.197 0.25407 1.1977 374.73 -0.84167 -0.979421 922.281 641.014 0.587957 0.267147 0.730001 0.814449 396.57 -1.64646 0.0250181 1280.95 0.485344 0.0996691
1197.01 -0.0364975 0.0375638 1188.46 0.243651 -3.08511 2435.59 2408.72 0.723991 0.676118 0.896924 0.806575 18.7683 1.45013 0.827659 2396.03 0.967697 0.0996691
460.575 1.62991 -1.07816 447.542 1.18453 2.04449 954.946 890.011 0.835563 0.795233 0.674662 0.858382 13.5225 -3.03974 1.19319 882.713 0.00990528 0.0996691
325.231 0.623919 -0.00222079 295.278 -0.142994 3.0671 681.085 620.701 0.698778 0.576732 0.772769 0.702792 11.9247 2.61864 0.214736 625.37 0.815444 0.0996691
2612.55 -0.0231505 2.38738 1415.69 1.25298 -1.5305 4784.48 3718.47 0.100273 0.698091 0.57968 0.853578 1304.94 -0.246029 0.0177009 4872.22 0.933348 0.0996691
1575.77 -0.866664 0.468126 1470.92 -0.834292 -2.91539 3045.84 3044.48 0.376093 0.551426 0.784968 0.718029 145.373 -2.56837 0.346842 3356.5 0.127079 0.0996691
284.391 -0.857451 -1.22111 259.618 1.55338 1.94922 995.381 967.768 0.628676 0.45844 0.659167 0.69263 21.7374 -3.08584 1.25244 534.939 0.0437555 0.0996691
1449.85 -0.520688 0.267159 1051.79 -0.470336 -2.89771 2499.17 2475.18 0.449089 0.674969 0.783627 0.783661 18.1585 0.765364 0.154898 4155.43 0.922631 0.0996691
1335.57 0.905593 -0.391295 846.538 -0.751565 2.63893 2991.28 2554.01 0.735863 0.460793 0.669368 0.842168 233.395 -2.97473 0.0633509 2512.81 0.77034 0.0996691
457.19 0.137179 1.68783 439.373 -0.0317561 -1.44137 919.217 868.967 0.758093 0.895459 0.82542 0.724524 18.8381 -1.59636 0.169837 888.143 0.0528956 0.0996691
2096.37 0.554366 -0.310203 1602.76 0.974316 -2.44317 3357.01 3349.47 0.227958 0.438989 0.775562 0.722961 1080.05 2.03578 0.0968261 4470.68 0.644336 0.0996691
1531.35 -0.847425 -2.02987 1212.01 -0.0506086 0.882863 2955.07 2893.26 0.540119 0.634343 0.720809 0.677266 28.8707 0.473844 0.385995 3137.01 0.959656 0.0996691
2689.43 -0.247217 0.509634 1476.76 -0.167103 2.35249 3463.94 2865.23 0.278637 0.495439 0.532592 0.655452 2177.98 -2.05811 0.0760863 4798.12 0.251488 0.0996691
710.896 0.476691 0.451769 476.712 -2.10278 -3.0787 2294.3 2200.78 0.775861 0.748939 0.746075 0.708189 33.9399 0.604986 0.152578 1549.05 0.652507 0.0996691
2480.94 -0.51261 0.636643 2304.35 0.214625 -2.04166 4989.11 5053.46 0.446251 0.329398 0.379298 0.717975 393.955 -2.73117 0.26522 6264.28 0.745717 0.0996691
1306.32 -0.0423262 2.79743 1278.14 -0.0739023 -1.07118 2429.34 2438.25 0.521679 0.480599 0.439158 0.54394 157.085 1.43674 0.398448 3380.46 0.843394 0.0996691
1839.17 -1.27388 -0.136372 1702.3 0.36048 2.22528 4622.83 4585.68 0.507243 0.672376 0.752332 0.618944 74.91 -2.931 0.287593 5114.69 0.965125 0.0996691
1852.24 0.223506 3.06859 1220.82 0.523292 0.169122 3082.37 3014.87 0.463854 0.641842 0.627073 0.799848 733.71 -0.420777 0.245344 3161.23 0.970232 0.0996691
1311.36 -0.36248 0.802651 1014.04 0.443362 -1.99199 2489 2440.47 0.505966 0.39675 0.818947 0.552971 239.878 1.26709 0.143877 3051.96 0.954276 0.0996691
2221.78 -0.218693 2.61046 1656.64 -1.0284 -0.485232 4264.91 3400.25 0.650616 0.293237 0.5057 0.659622 35.0359 -1.87275 0.143997 7131.02 0.964258 0.0996691
600.307 -1.71059 -1.96168 326.835 0.620727 1.54329 1561.14 1554.74 0.212847 0.707462 0.727546 0.720363 361.69 1.08219 0.450349 1021.13 0.357281 0.0996691
961.419 -0.725113 -0.404191 366.327 0.415932 -2.23754 1209.17 1087.03 0.766815 0.78868 0.774922 0.766798 710.881 2.03662 0.0238254 1784.15 0.674949 0.0996691
371.301 1.16461 0.884257 337.669 -0.121942 -1.91452 866.913 816.169 0.526979 0.759277 0.831806 0.73725 50.7874 -0.0485294 0.936713 885.984 0.598232 0.0996691
2212.53 -0.827628 1.69778 2029.11 -0.340484 -1.52314 4691.26 3245.38 0.650207 0.205232 0.832453 0.825755 493.153 -1.56994 0.098233 4924.99 0.743343 -0.0996691
2263.58 0.743697 -2.63305 1805.71 -0.38154 -0.488896 4304.74 4284.35 0.734331 0.527469 0.840455 0.752565 112.063 0.999796 0.389576 6299.88 0.536935 0.0996691
429.826 -1.16848 2.21063 418.901 1.58842 -0.8849 1804.72 1306.69 0.654708 0.173042 0.593576 0.610834 35.0681 -1.7576 0.506697 869.339 0.478088 0.0996691
1522.35 0.0360484 0.0805681 1432.26 0.366648 2.61852 2950.18 2449.33 0.510168 0.3327 0.558489 0.329211 92.2717 1.40942 0.769618 3976.53 0.943343 0.0996691
1905.15 0.213598 0.315158 1441.45 -0.228931 2.01386 2604.28 2634.02 0.427105 0.318053 0.470534 0.794265 129.978 3.01511 0.600383 5984.14 0.233876 -0.0996691
1837.81 0.630714 -1.67007 1757.81 0.265944 1.66864 3679.68 3589.62 0.845298 0.411789 0.775104 0.829952 339.939 0.296163 1.35963 3610 0.104943 0.0996691
2045.22 -0.865746 2.56354 1794.62 0.948936 0.0861186 5384.61 5441.28 0.21102 0.461112 0.743609 0.746065 344.939 2.79169 0.226397 5592.93 0.64517 0.0996691
369.481 -0.320662 -1.25164 291.636 -2.04584 2.91307 897.635 820.48 0.399425 0.58694 0.890187 0.820468 34.0484 1.64846 0.00231898 1044.95 0.497054 0.0996691
952.965 -0.170591 1.66126 861.922 -1.09437 -1.56741 2025.43 1947.83 0.501663 0.787025 0.799617 0.743112 117.729 -0.635315 0.447025 1802.94 0.929669 0.0996691
2433.29 0.143967 -1.44333 2163.14 0.334859 0.976375 4337.08 4345.18 0.376727 0.565999 0.692871 0.842267 88.6087 -0.112505 1.08479 6394.89 0.611909 -0.0996691
1219.87 -1.57875 0.789053 712.725 0.846524 -3.00225 3404.99 3080.08 0.15375 0.424143 0.752946 0.746728 78.2958 -1.94041 0.183188 2658.34 0.400917 0.0996691
2150.64 0.52624 -0.579725 2142.4 -0.553989 2.77423 4993.28 3663.09 0.568737 0.280437 0.629872 0.524418 477.106 -2.79225 0.0206172 5474.66 0.772335 0.0996691
1714.79 0.609767 -0.35275 1322.09 -0.807848 2.38353 3770.64 3687.18 0.487243 0.672367 0.861569 0.520732 287.693 1.53197 0.214334 4023.23 0.942003 -0.0996691
432.782 0.717997 -1.85532 387.411 -1.08596 1.24241 1196.17 1077.66 0.78505 0.655119 0.799573 0.7822 7.00657 -0.726326 0.828642 1197.48 0.86108 0.0996691
1711.28 0.142923 0.772919 1594.27 0.423872 -2.49177 3489.51 2797.24 0.473148 0.218665 0.495575 0.813763 61.1919 -1.61306 0.333616 3505.32 0.876459 0.0996691
3052 0.664712 -1.96187 2990.07 0.336719 1.54982 6311.8 5478.73 0.283631 0.217324 0.786248 0.811032 114.97 2.46875 0.254151 7590.05 0.394564 -0.0996691
1440.01 -1.10258 1.48147 1130.33 -0.961352 -1.28243 2555.34 2255.4 0.179678 0.514501 0.809058 0.719965 139.474 -0.530248 0.259293 3538.64 0.792159 0.0996691
343.865 0.846023 -2.49111 296.131 -1.51714 1.19009 1134.58 1104.18 0.746387 0.673542 0.772657 0.712269 30.9648 -0.566872 0.298886 745.889 0.601238 0.0996691
1068.69 -1.06017 -0.742877 844.461 -0.211757 1.45729 1905.66 1863.66 0.840223 0.555047 0.564462 0.76664 445.063 2.58339 1.13183 2512.22 0.468701 0.0996691
2484.92 -0.139572 0.974129 1140.62 0.533706 -2.21203 3579.52 3532.08 0.292683 0.763209 0.604688 0.617448 762.045 -2.72179 0.0197048 4639.1 0.841454 0.0996691
1679.59 -0.136096 3.00599 1293.87 0.0237323 -0.114935 3104.14 2325.06 0.727302 0.233061 0.653049 0.845625 367.91 -0.273667 0.0442451 3126.01 0.236122 0.0996691
1585.71 -0.0906241 0.967241 1494.55 0.242164 -2.86833 2959.07 2912.5 0.490548 0.838159 0.724307 0.638047 788.422 -0.838533 0.0390723 3928.72 0.201254 -0.0996691
614.224 0.357568 -1.40733 565.549 1.34701 1.81285 1360.23 1283.71 0.51891 0.684152 0.707945 0.637712 67.4834 1.07767 0.713018 1170.33 0.0631292 0.0996691
500.154 1.16373 -2.75661 377.403 2.05015 0.581987 967.844 907.515 0.575316 0.612785 0.627179 0.827744 9.81448 -1.89955 0.846731 1146.86 0.748668 0.0996691
2579.07 -0.15616 -1.35825 1273.76 -0.0134278 2.02526 3787.7 3046.78 0.222105 0.329846 0.780708 0.778761 101.001 2.63905 0.321014 5654.1 0.495621 -0.0996691
2229.12 -0.3738 -0.112886 761.231 0.546015 2.26204 2758.13 2648.94 0.698958 0.559974 0.754098 0.705149 1579.09 -2.86736 0.0751812 3872.55 0.790114 0.0996691
505.074 -0.0137534 -0.671173 453.729 -0.365811 2.84454 982.458 901.468 0.793398 0.652999 0.721366 0.901403 27.3224 0.658165 0.229625 1198.72 0.585408 0.0996691
1209.74 -0.366238 3.06388 356.095 0.516179 -0.0872318 1456.23 1430.49 0.213791 0.404321 0.553731 0.653117 996.307 -0.153384 0.0692466 1771.43 0.414097 0.0996691
419.71 -1.35004 0.287884 406.687 -1.87859 -2.78449 890.105 796.768 0.496289 0.577872 0.814714 0.794957 4.83602 1.8406 0.905918 821.963 0.804725 0.0996691
827.063 -1.54044 0.306502 624.839 0.796176 -2.4345 2525.71 2491.05 0.800027 0.586449 0.783375 0.838759 84.7253 3.13403 0.383379 1707.97 0.789063 0.0996691
1836.49 -0.0238673 2.52755 1628.88 0.32877 -0.637954 3527.76 3552 0.202102 0.367931 0.766367 0.824342 163.591 -1.69757 0.821811 5665.52 0.0980529 0.0996691
369.071 -1.36407 -2.93007 270.481 -1.85341 0.277912 657.846 644.61 0.728132 0.732624 0.809591 0.773019 14.3856 2.64522 0.716986 1004.5 0.644767 0.0996691
403.936 0.490075 -0.551666 342.165 2.77391 2.6862 1307.63 1106.7 0.749262 0.561798 0.844038 0.772107 67.3886 2.25623 0.153149 735.294 0.729158 0.0996691
517.883 -1.49644 -0.735693 253.057 -0.645246 2.29321 811.911 763.75 0.68575 0.757436 0.832328 0.816875 282.996 2.19807 0.0866921 822.754 0.379461 0.0996691
1684.01 0.0946209 2.06771 1077.05 1.53129 -0.638508 3396.19 3441.7 0.422257 0.501259 0.791896 0.563555 126.612 -2.55207 1.03132 3578.81 0.906883 0.0996691
2280.97 -0.546465 1.46745 900.585 1.28213 -0.971386 4052.36 2539.74 0.490667 0.445767 0.7009 0.819138 347.42 -1.29824 0.322136 4823.09 0.557915 0.0996691
374.642 0.52427 0.809236 368.673 -0.224216 -2.30454 820.017 777.721 0.731857 0.700083 0.79643 0.746774 7.9984 2.90306 1.02436 740.151 0.0359655 0.0996691
2633.46 -0.457731 2.00007 2221.67 -0.318953 -0.479774 4610.1 4646.48 0.515997 0.487907 0.588906 0.688713 1122.99 -2.01323 0.138033 5444.43 0.984854 0.0996691
2401.46 -0.15735 1.29039 2152.29 -1.04089 -1.80181 5080.51 4549.26 0.37604 0.660078 0.6897 0.51453 633.948 -1.71038 0.121957 5087.39 0.145513 0.0996691
1272.99 0.234072 0.222982 626.689 0.122567 3.0939 1918.82 1513.9 0.30299 0.670828 0.605913 0.858616 72.9353 -2.90235 0.153594 2672.69 0.223287 0.0996691
2549.56 0.0696393 1.8749 2439.82 0.734541 -1.93889 5010.63 5065.28 0.341887 0.76554 0.575175 0.742234 297.878 0.844843 0.375699 6947.21 0.602428 0.0996691
583.125 -0.0842221 -1.84483 332.992 1.21139 -2.40225 689.975 607.995 0.673057 0.762161 0.803095 0.663369 554.712 1.22323 0.0306635 1230.38 0.574165 0.0996691
1506.3 -0.815835 0.487277 1319.02 -0.750373 -2.50318 2835.52 2793.35 0.465053 0.484729 0.861115 0.662776 421.96 0.713904 0.218265 3440.56 0.0992349 0.0996691
1719.97 0.13057 0.627438 909.554 -1.35455 -2.89183 3240.07 3234.84 0.471925 0.209213 0.765998 0.701757 279.219 -2.69144 0.180462 3389.44 0.479833 -0.0996691
1380.36 -1.05954 -1.34351 804.893 -1.79691 1.50115 2246.41 2242.82 0.395035 0.701464 0.640884 0.771576 27.0552 -0.0708586 1.26608 2863.36 0.389101 0.0996691
480.762 0.8108 -2.72246 296.259 1.11526 -0.0676884 774.446 589.382 0.715729 0.703309 0.827269 0.720831 158.743 1.01043 0.0221769 878.09 0.907443 0.0996691
1344.19 0.526867 2.64368 491.336 -0.0858847 -2.62214 960.142 932.165 0.49938 0.323386 0.708033 0.528981 1478.25 -0.255147 0.109258 2006.99 0.810579 0.0996691
2413.26 0.0602729 -2.209 2024.64 0.866878 1.21039 4832.46 4560.8 0.624676 0.372189 0.451209 0.556753 649.287 -0.0382489 0.324194 4579.4 0.777402 -0.0996691
1023.45 0.640183 -1.64044 372.14 0.809164 1.44812 1263.6 1152.01 0.655263 0.753579 0.766474 0.724543 612.722 1.59548 0.105115 1421.69 0.526887 0.0996691
2187.24 -0.658402 0.0648641 1819 -0.474398 2.87758 3968.35 3972.27 0.612223 0.378452 0.516841 0.615938 111.102 2.21187 0.663587 4935.81 0.974202 -0.0996691
1726.96 0.0664198 1.70741 927.547 0.728707 -2.21314 2559.8 2159.83 0.372002 0.725578 0.822275 0.770785 335.221 -0.875496 0.00612271 3569.15 0.931462 0.0996691
1819.76 -0.290015 2.70224 451.722 -1.13244 -0.281388 1977.49 2000.6 0.533714 0.679596 0.70385 0.849533 1336.24 -0.36191 0.0125367 2555.9 0.931837 0.0996691
794.562 0.570632 1.65464 446.537 0.30111 -1.49931 1216.4 1190.73 0.396965 0.453041 0.59355 0.59826 268.35 -1.52547 0.0336477 1295.83 0.281286 0.0996691
1289.06 -1.15369 -2.06971 783.2 0.661867 1.30797 2981.2 2249.49 0.136074 0.676834 0.518867 0.66449 690.366 1.3566 0.0482837 2731.29 0.580202 0.0996691
1699.05 -0.182721 0.755813 1085.66 1.54939 -1.81183 3757.78 3171.94 0.54226 0.202986 0.541944 0.753913 113.348 -2.52613 0.583612 3683.34 0.463302 0.0996691
383.177 -0.724517 -1.9859 375.764 -0.33167 1.10775 792.822 755.491 0.715268 0.675159 0.648712 0.712753 12.7142 1.73465 0.567062 760.806 0.922897 0.0996691
1859.83 -0.242661 -1.37703 1627.78 1.2767 3.13755 3997.97 3976.71 0.716898 0.386015 0.681433 0.737654 136.973 -1.80139 0.410822 6071.31 0.263007 0.0996691
562.87 -1.68569 -2.51055 376.922 -1.91558 0.268107 934.82 882.271 0.727452 0.719383 0.725642 0.719036 59.1829 0.513756 0.225064 1173.86 0.255761 0.0996691
288.701 0.182315 -3.00663 287.802 0.0717428 0.140738 586.223 559.828 0.516676 0.690825 0.784435 0.754189 10.1305 1.70457 1.56567 555.779 0.0397961 0.0996691
456.878 1.79735 -2.14495 433.103 -1.46419 -0.647456 2270.52 2259.73 0.701175 0.553765 0.794414 0.291182 477.755 1.15855 0.28524 1626.38 0.260829 0.0996691
2410.56 -0.330004 1.32451 1408.88 -0.0496095 -2.20905 3880.37 3228.6 0.139721 0.343418 0.798367 0.638103 415.355 0.438453 0.191963 5469.7 0.388939 0.0996691
450.312 -0.490738 -2.71466 375.159 -1.01061 0.436894 865.953 822.391 0.694267 0.63957 0.684581 0.709608 88.6163 0.285877 0.133401 1018.54 0.114972 0.0996691
295.352 0.401021 -2.07668 283.932 0.70479 1.07487 608.281 520.785 0.676508 0.770915 0.799632 0.70996 9.29857 -0.696796 0.886392 538.257 0.796807 0.0996691
2450.35 -0.133286 -1.89691 1592.02 -0.637542 1.96695 3866.55 3842.36 0.75322 0.255101 0.750543 0.27392 1236.13 0.995996 0.25147 5645.99 0.629688 0.0996691
911.085 -0.715246 -0.696335 637.522 2.04798 1.58825 3172.38 3105.99 0.729234 0.76214 0.837573 0.854939 408.1 3.04583 0.392121 1829.09 0.647869 0.0996691
458.415 0.148829 -1.16831 443.957 -0.591591 1.8929 973.843 947.247 0.674862 0.756524 0.665896 0.648743 11.0226 2.68435 0.809755 907.816 0.0576411 0.0996691
1244.75 -0.426743 2.03177 1123.55 1.02432 -1.78397 2918.29 2949.66 0.132831 0.813678 0.829247 0.724064 39.2073 0.994225 1.03759 3159.7 0.334895 0.0996691
1692.65 0.450756 -0.0699258 1551.99 -1.54105 2.51728 5024.98 4307.74 0.234478 0.242658 0.891728 0.718836 669.979 -2.28272 0.0800188 3665.08 0.907907 0.0996691
1547.36 -0.338194 -0.809236 1426.32 0.0837428 2.27326 3060.48 2998.03 0.782579 0.801145 0.712178 0.776479 5.36112 1.29159 0.851984 3142.88 0.95999 0.0996691
1762.16 0.167683 -0.757755 1570.44 0.700065 3.00399 3454.86 2757.21 0.336209 0.136632 0.693466 0.673034 72.9239 0.306896 1.04667 4575.37 0.605347 -0.0996691
592.869 -0.0332194 0.328957 560.881 -0.491422 -2.78882 1216.02 1104.81 0.733442 0.688981 0.893291 0.816491 23.0796 3.08588 0.0767415 1122.2 0.0986269 0.0996691
1230.34 -1.45804 1.46714 1128.23 -0.0172737 -2.46672 2898.33 2780.3 0.82995 0.604394 0.685937 0.645346 82.129 1.47353 0.0122316 3433.77 0.961241 0.0996691
1637.62 0.546474 2.55681 893.5 0.123518 -0.770632 2521.3 2395.13 0.411909 0.569333 0.674362 0.777898 515.361 -0.912438 0.143234 3240.45 0.93667 0.0996691
1151.3 -0.301719 -0.191242 627.002 -0.769676 -2.95765 1755.86 1560.33 0.274727 0.763384 0.732604 0.792129 57.2719 3.08971 0.17818 2474.96 0.344563 0.0996691
1713.38 0.250319 -2.44452 710.464 -0.258154 1.51795 2298.07 1909.92 0.229496 0.914188 0.744628 0.685261 685.383 0.32535 0.0794135 3235.68 0.10112 0.0996691
1162.78 -0.0881677 2.3201 918.391 0.276837 -2.5668 1421.76 1382.33 0.474751 0.666408 0.810013 0.714018 914.902 -0.503674 0.13365 2982.46 0.743262 0.0996691
1860.03 -0.436731 -2.23971 1627.58 0.732706 -0.387927 3522.69 3569.09 0.389172 0.74748 0.559059 0.776544 247.762 2.23865 0.106878 5717.01 0.343305 0.0996691
522.508 0.194724 0.354232 515.049 2.61217 -2.69321 1907.51 1870.73 0.772534 0.442819 0.7245 0.352442 43.6327 2.60732 0.988268 1037.75 0.0537668 0.0996691
1551.89 -0.322982 -1.97643 1035.61 -0.47928 1.48706 2544 2497.94 0.211733 0.807272 0.681842 0.765019 138.778 1.80072 0.245969 3225.58 0.973424 0.0996691
2748.48 0.530056 -2.46796 810.642 1.36922 -0.104787 3101.24 3128.96 0.505221 0.329524 0.594458 0.315557 1595.14 0.897545 0.117285 4295.36 0.632228 -0.0996691
1805.44 0.498804 2.70032 1328.35 -0.345834 0.632747 3038.58 2919.45 0.793017 0.535652 0.800244 0.497652 1622.55 -1.29671 0.0627844 4327.8 0.178837 0.0996691
1508.57 -0.253192 -1.9684 1402.53 -0.228042 0.831784 2880.62 2883.53 0.556948 0.642638 0.61551 0.773025 164.923 3.01779 1.01722 3952.45 0.93018 -0.0996691
1709.94 0.171941 1.14941 1015.47 0.260941 -1.92008 2681.56 2539.24 0.159993 0.73998 0.733516 0.82767 386.392 -1.57888 0.333903 3124.78 0.310161 0.0996691
354.398 -1.51721 2.09106 342.387 -1.91536 -1.01838 745.979 527.688 0.75571 0.242243 0.731393 0.612249 19.341 -1.71999 0.287735 714.633 0.412052 0.0996691
877.414 -0.884639 -0.0828167 274.459 1.16973 -2.77914 1551.39 932.86 0.65496 0.81395 0.766946 0.791309 652.929 -3.02722 0.240211 1377.83 0.629047 0.0996691
554.446 1.14534 2.92724 550.102 0.605159 -0.243097 1224.55 885.954 0.701954 0.365823 0.76549 0.830703 20.9975 1.40407 1.37552 1069.17 0.982502 0.0996691
531.702 0.650233 -0.587665 490.722 2.16805 2.54945 1342.35 1278.42 0.742659 0.653402 0.66037 0.748436 48.3677 2.83301 0.149591 1012.27 0.915375 0.0996691
3095.52 0.326502 1.38945 1731.36 0.680878 -2.39 4910.88 3467.06 0.0696197 0.753841 0.658335 0.652271 1991.22 -1.21037 0.629552 5229.42 0.973028 0.0996691
2085.04 -0.0635742 0.137857 1097.79 -0.213613 -2.8573 3042.07 3067.17 0.682597 0.411044 0.694829 0.5058 1149.16 2.6684 0.139925 4801.23 0.672512 0.0996691
303.677 -1.61566 0.50485 269.41 -1.90288 -2.661 598.809 525.992 0.671514 0.77977 0.771967 0.836529 18.1164 -2.7887 0.0920105 542.497 0.105183 0.0996691
2205.79 0.154592 -1.75359 1301.38 -0.500398 0.998332 3522 3526.42 0.62215 0.365871 0.614475 0.466599 606.42 1.49033 0.491677 4137.24 0.311678 0.0996691
1311.02 -1.35796 -2.10894 1134.07 1.02511 1.01863 4491.04 3158.84 0.623112 0.192124 0.532317 0.779096 172.88 1.11956 0.119949 2532.17 0.272181 0.0996691
1624.65 0.198231 0.0535752 1469.21 1.3181 2.64543 3577.25 3065.05 0.269855 0.652421 0.836921 0.683237 476.589 0.64235 0.453204 4578.9 0.32651 -0.0996691
1390.85 -0.430594 0.585793 755.059 0.272118 2.1927 1666.89 1618.36 0.361638 0.55486 0.880359 0.692743 876.509 -2.06245 0.00412154 2858.4 0.406107 0.0996691
2460.45 0.35553 2.48378 1510.26 0.273286 -0.836742 3922 2863.19 0.110922 0.163008 0.510124 0.785914 251.493 -3.0129 0.571032 5335.47 0.0812879 0.0996691
1922.05 1.0404 -0.0106537 1793.4 0.426559 2.88799 3939.29 3744.06 0.559066 0.484353 0.478806 0.872225 772.736 -2.75615 0.0194175 4398.8 0.83259 0.0996691
714.766 0.0575764 1.00506 411.333 1.18355 -2.21331 1265.18 1264.35 0.501086 0.461713 0.825812 0.637287 114.408 -2.16077 0.0120082 1780.65 0.928961 0.0996691
780.299 1.86896 0.760292 693.924 -1.00485 -2.55523 3290.31 2955.09 0.344029 0.633544 0.580296 0.757044 57.9741 -1.60574 0.314475 1668.06 0.868525 0.0996691
448.276 0.226608 1.30161 334.305 -0.360468 -2.08031 818.718 772.71 0.547059 0.754467 0.743028 0.653425 107.76 -2.15426 0.024668 873.512 0.249093 0.0996691
1003.73 0.109244 1.97292 267.831 0.89456 0.441872 882.911 729.681 0.673598 0.542619 0.758749 0.651342 924.454 -1.48738 0.0395591 1573.74 0.53834 0.0996691
2136.15 -0.557752 0.675176 1284.09 -0.338638 2.86341 3086.14 2806.76 0.319316 0.252517 0.728359 0.787109 17.5189 2.47569 0.328885 5216.7 0.927091 0.0996691
1555.23 0.760354 2.57283 1174.54 1.22537 -0.781703 2795.53 2681.01 0.659294 0.48589 0.502549 0.426778 675.589 1.05956 1.51275 3379.18 0.558122 0.0996691
1293.52 -0.685822 2.10987 1083.13 0.107903 -0.646745 2572.73 2431.3 0.447443 0.524991 0.550597 0.719117 319.482 -0.630966 0.0188224 2968.62 0.180196 0.0996691
361.126 1.54163 -0.890629 312.206 0.26108 2.22131 834.402 771.062 0.82247 0.660872 0.692324 0.803165 84.1698 -0.937621 0.0486496 1063.71 0.112191 0.0996691
405.353 -0.834548 0.82786 257.567 0.917685 -2.36625 926.999 863 0.627429 0.745606 0.749287 0.786272 152.875 -2.27882 0.069329 674.873 0.221221 0.0996691
2062.38 -0.830704 1.95508 1339.97 1.84121 -0.803441 6795.27 2803.37 0.780536 0.20219 0.854657 0.841824 89.5494 -2.14756 0.179425 4960.39 0.958969 0.0996691
810.386 0.660629 1.66693 748.362 -0.274926 -1.31793 1750.32 1752.69 0.246195 0.461396 0.744014 0.712088 327.008 -0.788467 0.0878262 2111.9 0.78865 0.0996691
1821.86 0.435103 1.82335 1220.12 0.460228 -2.29137 2647.48 2651.55 0.600443 0.702145 0.651408 0.661032 961.884 -0.662236 0.110343 3909.79 0.629225 0.0996691
1832.36 0.546672 -0.780999 1668.73 0.832836 1.90601 3464.91 3479.87 0.359409 0.46279 0.692611 0.552993 35.7665 -2.26841 0.609192 5491.51 0.971686 0.0996691
358.8 0.745671 -0.863342 323.299 -0.4854 2.29966 832.19 769.56 0.711547 0.729748 0.680731 0.636269 15.9097 2.67578 0.347279 667.823 0.0660971 0.0996691
1320.18 -0.840441 2.97613 1002.19 0.770183 -0.136061 3183.79 2413.47 0.0887773 0.417214 0.884428 0.775631 315.003 -0.247364 0.112187 2384.2 0.139894 0.0996691
1651.24 0.00717714 -0.464255 549.418 -0.2115 2.66503 1969.2 1856.96 0.312093 0.835177 0.822532 0.65386 1104.06 2.67582 0.0455265 2205.78 0.53822 0.0996691
2776.47 0.503695 1.4858 2424.3 -1.03403 -1.7432 6819.25 6829.11 0.420284 0.863382 0.550537 0.693334 190.014 -0.733858 0.189667 7304.13 0.968611 0.0996691
1609.64 0.560343 -0.188538 1099.3 -0.664602 -2.87593 3131.33 3150.51 0.704646 0.279931 0.61279 0.571648 212.729 0.229613 0.419279 4087.19 0.290169 0.0996691
1288.66 -0.547821 0.238501 1038.78 0.600929 -3.11335 2709.61 2688.24 0.610022 0.613875 0.641842 0.705822 493.184 -2.5197 0.590979 2625.7 0.144783 0.0996691
687.205 0.695795 -0.339513 534.846 0.0788311 2.71037 1344.8 1157.09 0.616411 0.374177 0.491935 0.701964 224.343 2.68403 0.0270064 1377.29 0.876866 0.0996691
1052.19 0.935302 -2.95088 1017.82 -0.889601 0.321229 3021.79 2596.68 0.300753 0.394418 0.619159 0.925569 10.589 2.48459 0.468079 2303.52 0.426113 0.0996691
698.223 -0.161685 -1.28328 679.243 -0.114466 1.83725 1391.49 1362.96 0.702388 0.772799 0.726265 0.698403 25.1757 3.09112 1.24655 1358.51 0.0222231 0.0996691
1448.63 -1.31194 2.76661 648.454 -0.688914 -0.327774 2090.8 1699.22 0.132104 0.776362 0.803959 0.779598 777.818 -0.350169 0.0224688 2191.15 0.189624 0.0996691
1731.89 -0.866393 -1.5175 1570.83 0.6538 2.86099 3864.12 3870.92 0.0703488 0.545478 0.917309 0.525807 143.082 1.53934 0.0483812 5484.95 0.442847 0.0996691
1310.66 -0.81549 -2.82964 1019.91 0.711379 -0.241147 2965.04 2950.02 0.400684 0.621972 0.764052 0.816409 76.8858 2.53866 0.914792 3035.22 0.305804 0.0996691
1242.19 -0.550921 2.83274 608.849 1.15898 -0.54229 2419.4 2394.31 0.452091 0.624307 0.73396 0.744571 328.668 -0.484277 0.0503437 2234.69 0.368196 0.0996691
907.167 0.976245 2.85519 743.728 -1.02383 -0.0610772 2547.13 2473.97 0.451308 0.562399 0.437567 0.866993 105.345 0.0337205 0.138595 2141.64 0.167974 0.0996691
280.957 0.259976 0.412185 274.392 1.56896 -2.795 693.371 632.481 0.787407 0.685175 0.754473 0.497209 12.4467 2.73102 0.735135 567.088 0.898339 0.0996691
643.241 -1.63507 2.38744 412.147 1.91695 0.240937 3092.81 3072.63 0.631246 0.787278 0.556632 0.869565 482.757 -1.43846 0.225887 1120.36 0.916654 0.0996691
2411.59 -1.06866 2.63455 2049.04 -0.147145 -0.727237 5187.14 3430.53 0.0867173 0.391837 0.840797 0.746601 490.559 0.433341 0.507136 4799.01 0.843966 0.0996691
1353.03 1.02943 0.728322 887.412 1.55244 -2.83285 2252.3 2112.96 0.61111 0.370491 0.737554 0.788661 962.365 -1.28625 0.196177 3352.25 0.477264 0.0996691
803.619 0.874878 3.02062 725.854 -0.620003 -0.0793684 2004.5 1811.22 0.737878 0.757875 0.625894 0.715861 87.0852 -0.53565 0.240086 1530.7 0.81672 0.0996691
979.353 -0.661917 0.312205 817.055 1.77075 2.6137 3240.85 2310.06 0.411433 0.440856 0.666437 0.689685 98.3451 -2.42972 0.0432906 2519.59 0.0413253 0.0996691
1722.6 -1.18923 -2.21523 514.038 1.07037 1.5512 3175.22 3130.72 0.681504 0.510161 0.741329 0.756199 961.219 0.727893 0.048833 2613.83 0.658022 0.0996691
2628.7 1.00886 1.6612 905.691 0.123279 -1.11019 3532.77 3135.62 0.202538 0.442108 0.461931 0.738575 1780.86 -1.6252 0.127804 3764.74 0.802213 -0.0996691
1829.9 -0.292954 0.895382 1431.46 0.665413 -2.16455 3678.1 3429.23 0.750159 0.513261 0.729055 0.730321 44.2397 -1.25344 0.345212 4023.32 0.504033 -0.0996691
645.252 -1.12088 -0.677736 594.485 0.0531139 2.4669 1511.17 1051.89 0.675649 0.444162 0.848076 0.63153 128.345 0.722089 1.26104 1416.95 0.822843 0.0996691
690.707 0.462654 -1.04341 617.58 -1.42873 2.91483 1886.05 1797.06 0.366432 0.500485 0.82998 0.676837 142.012 1.06015 0.0295256 1906.57 0.644696 0.0996691
2806.05 -0.149777 1.62725 2272.36 0.0645253 -1.4281 5221.01 4379.09 0.382479 0.632642 0.638071 0.767386 827.286 -1.76754 0.191193 5389.83 0.285262 -0.0996691
1161.47 0.585292 2.94433 1074.36 -1.08403 -0.24166 3096.99 2798.58 0.525187 0.754228 0.747412 0.789747 93.0052 0.310198 0.0833339 2264.06 0.942209 0.0996691
304.363 0.623049 0.892521 283.782 0.116856 -2.17697 613.542 609.766 0.574469 0.575966 0.718848 0.735705 4.43872 2.09762 1.07106 614.422 0.966808 0.0996691
837.712 0.749925 -0.302321 819.95 -0.255214 2.89633 1896.11 1832.51 0.710234 0.728672 0.767258 0.757769 36.9022 -0.432713 0.118209 1759.62 0.0479012 0.0996691
569.402 1.15652 2.63105 548.8 -0.830943 -0.546938 1726.63 1683.16 0.655304 0.757364 0.791715 0.62541 33.7023 -2.45384 0.103475 1423.12 0.0219621 0.0996691
1315.39 0.173788 1.60803 592.478 0.533821 -0.416241 1586.57 1549.77 0.240975 0.803779 0.467312 0.826707 1031.29 -1.96748 0.174605 2045.94 0.812833 0.0996691
2030.87 -0.0270483 2.52253 1877.18 0.356749 -0.574541 3999.35 3992.44 0.50054 0.481489 0.785746 0.798696 41.9672 -2.44485 0.634549 7062.96 0.65619 0.0996691
1821.84 -0.650221 -1.40357 1215.52 0.946985 2.7015 3810.78 3017.9 0.283772 0.393404 0.598115 0.794141 556.62 1.82408 0.162278 4482.85 0.613638 0.0996691
1477.97 0.198386 1.09921 1369.55 -0.666041 -1.88016 3135.96 3101.8 0.481587 0.578016 0.778733 0.715096 35.4936 -1.70524 0.174689 3110.23 0.942313 0.0996691
2530.47 -0.53907 -0.938826 2233.49 -0.322722 1.76368 4720.97 4609.29 0.0503143 0.629582 0.691523 0.651396 478.158 -2.99678 0.249536 5441.08 0.871331 -0.0996691
548.756 -1.71271 -1.19569 511.244 -0.448692 1.87606 1312.88 1229.68 0.667733 0.696518 0.7586 0.730541 18.9563 1.93377 0.0409365 1302.45 0.0601177 -0.0996691
1518.46 -1.00768 2.86693 1356.32 -0.334303 -0.433675 3051.06 3046.1 0.708914 0.124408 0.572762 0.608322 231.226 0.586723 0.31004 2962.68 0.960493 0.0996691
808.924 0.439824 2.29392 488.892 -0.501334 -0.704926 1412 1361.08 0.629377 0.799918 0.595694 0.789033 19.1899 -0.662548 0.0351563 1657.26 0.29458 0.0996691
1502.72 1.02798 -0.300752 1016.19 -0.151772 2.5025 2898.31 2887.48 0.274319 0.821508 0.731051 0.765591 61.8216 3.13586 0.262677 3131.4 0.506813 0.0996691
996.833 1.27307 -0.0461378 363.665 1.30265 -2.58519 1278.57 345.041 0.332899 0.492447 0.63202 0.583655 634.051 2.81957 0.102558 1566.34 0.747865 0.0996691
460.353 0.695008 -0.8032 404.133 1.65234 2.29864 988.745 788.032 0.656037 0.440925 0.697917 0.782541 31.6159 2.37994 0.141089 850.117 0.638313 0.0996691
539.86 0.0309031 1.68909 519.256 0.665692 -1.49102 1140.71 1039.26 0.809299 0.866245 0.875006 0.817016 26.4232 -0.408481 1.08353 1006.04 0.0492585 0.0996691
1418.89 0.453133 -2.50167 1379.56 0.157251 0.985127 2799.11 2814.23 0.419522 0.584945 0.774945 0.588842 114.948 -1.79663 0.703052 3267.55 0.170618 0.0996691
271.773 1.80411 1.99218 255.955 0.725016 -1.16387 617.208 567.246 0.787316 0.694062 0.666333 0.790641 9.63036 -1.13957 0.022813 508.705 0.0727162 0.0996691
1766.08 0.611355 -0.446136 1600.19 -0.0333955 1.92045 3319.36 3314.58 0.60881 0.634219 0.727758 0.567731 627.618 2.08957 0.170052 5486.81 0.962856 -0.0996691
992.567 1.37293 -2.46131 832.661 -0.807228 0.62719 3034.98 2950.14 0.529477 0.475856 0.676736 0.673462 217.411 0.895917 0.141438 1901.82 0.910329 0.0996691
2393.23 -0.343255 -3.03064 2389.47 0.299171 0.579269 4927.76 4930.12 0.307934 0.53844 0.931268 0.717174 47.5493 1.13618 0.553308 5940.96 0.72764 0.0996691
1705.8 0.196187 -2.15549 1182.09 -0.220812 1.38491 2889.95 2739.05 0.625701 0.611879 0.610374 0.569888 916.654 0.29483 0.378396 3120.38 0.204153 0.0996691
329.859 1.18872 -0.658502 326.694 1.82688 2.45193 701.111 678.665 0.832944 0.625656 0.762002 0.542312 16.8347 -1.98851 1.3157 641.696 0.026836 0.0996691
1898 -0.524294 1.80411 1885.3 0.224073 -0.704642 3891.44 3909.64 0.489402 0.456909 0.802287 0.8774 167.054 -2.52596 0.190918 6104.6 0.428326 0.0996691
2419.23 0.650638 1.53972 1978.34 0.843931 -2.11316 4316.93 4157.96 0.707976 0.585666 0.8233 0.598409 136.718 1.0426 0.417655 5685.36 0.967001 0.0996691
450.106 0.137501 0.364974 403.402 0.902934 -2.27699 904.611 848.554 0.765732 0.739281 0.794434 0.813026 3.72418 -2.46516 0.168926 1169.37 0.255825 0.0996691
441.704 0.88393 -0.458546 396.378 -2.09874 2.66871 1963.46 1787.66 0.851119 0.636216 0.853164 0.72644 34.859 1.35061 0.755389 791.01 0.915204 0.0996691
278.13 -2.29624 -2.48392 269.307 -0.80113 0.503852 722.915 701.903 0.310687 0.728023 0.786433 0.737373 26.3609 2.1693 1.63355 532.081 0.0987605 0.0996691
445.456 2.15015 2.80382 335.28 1.61089 -0.236716 832.242 737.5 0.69424 0.776539 0.652301 0.746829 113.16 -0.453162 0.225871 765.4 0.165076 0.0996691
2871.07 0.244836 -1.52039 1976.91 0.203036 1.48205 4904.86 4291.72 0.539476 0.531201 0.768693 0.666481 1243.46 1.42639 0.0462655 5522.79 0.245267 0.0996691
946.619 -0.0445659 -0.312983 875.779 1.43481 1.85144 2262.74 1609.2 0.56427 0.56217 0.687651 0.721142 12.7801 2.76958 0.776973 2927.29 0.523501 0.0996691
1399.36 0.771306 -2.17514 762.115 0.377704 -0.87183 1365.59 1278.54 0.177652 0.660146 0.72518 0.845444 1471.16 1.40509 0.025839 2404.56 0.716529 0.0996691
1018.52 0.127734 -1.14754 897.078 -0.00752094 2.05063 1937.71 1885.73 0.422051 0.627107 0.749732 0.779704 335.92 -1.20894 0.0656055 2696.37 0.0913719 0.0996691
1886.73 0.57885 1.44272 1570.44 -0.0140197 -0.35909 2912.2 2941.62 0.751122 0.500591 0.74052 0.528376 1168.67 -2.02177 0.901407 4732.23 0.601614 0.0996691
2519.19 -0.733512 1.68342 2211.97 0.24439 -0.254993 4590.52 4571.12 0.452679 0.491809 0.725869 0.615866 597.311 -1.97985 0.0176618 7148.41 0.452036 0.0996691
1996.06 0.17182 2.62704 993.527 0.734968 -0.125061 2904.61 2883.75 0.437141 0.486913 0.414491 0.728057 898.062 -0.779245 0.290387 3225.49 0.812807 0.0996691
285.171 0.0596802 2.03225 260.325 0.446941 -1.10568 564.492 530.265 0.69475 0.732765 0.732629 0.633359 4.73643 0.242846 1.35028 539.239 0.0145265 0.0996691
398.656 -0.997248 1.18708 397.23 -0.516797 -1.95961 833.276 770.985 0.779973 0.645223 0.699429 0.890586 0.998867 2.97445 1.05968 790.939 0.0883425 0.0996691
2199.94 0.0987009 -2.33954 2150.49 -0.52352 2.05592 3808.26 3807.52 0.49949 0.55872 0.709752 0.614295 266.695 0.598904 0.709449 6765.29 0.520809 0.0996691
3305.56 0.00250792 2.60744 2707.28 -0.0408532 -0.329038 6174.55 5460.5 0.402286 0.32221 0.650696 0.673451 182.494 -1.79111 0.691878 6871.2 0.612046 0.0996691
418.827 -0.684606 0.138883 398.628 -0.121432 -3.02673 867.342 813.997 0.748188 0.685675 0.845012 0.707645 17.8885 -1.51964 1.51963 782.979 0.0207196 0.0996691
1932.13 -0.1531 -1.78622 1138.31 -0.0582733 2.37319 2677.86 2464.02 0.626548 0.485104 0.650861 0.592531 205.003 0.745669 0.0307051 4613.17 0.718313 0.0996691
1482.39 0.22679 -2.66812 1402.28 0.123741 0.282356 2884.21 2902.06 0.186092 0.443587 0.799574 0.661806 367.924 -1.79677 0.872501 3712.41 0.619841 0.0996691
1166.82 -1.0935 0.72835 530.728 -0.178523 -3.02379 1750.23 1426.84 0.611287 0.37988 0.818439 0.786425 915.456 -2.505 0.0400374 2191.76 0.731242 0.0996691
1780.23 0.458548 -2.21325 1771.63 0.0193624 0.434904 3611.4 1958.91 0.114202 0.164145 0.833424 0.814916 388.55 2.00293 0.0731996 5470.22 0.274245 0.0996691
585.727 1.67999 -0.685355 471.487 1.12195 2.69957 1095.09 1093.5 0.757257 0.635021 0.635886 0.780302 95.091 2.42877 0.270258 1181.5 0.154285 0.0996691
377.521 2.70909 -0.839951 348.11 0.668746 2.34363 1162.86 1107.52 0.221644 0.63182 0.419614 0.78275 34.803 1.87461 0.36426 713.772 0.866896 0.0996691
571.534 0.409789 -0.775509 560.341 -0.394346 2.30339 1253.08 1162.81 0.507568 0.844249 0.851285 0.677428 4.55148 2.36583 0.110255 1116.63 0.0592915 0.0996691
776.668 0.456715 3.03664 697.218 -1.10303 0.419835 1926.82 1821.6 0.575509 0.643344 0.822948 0.7055 202.233 2.9043 0.138699 2535.03 0.444051 -0.0996691
987.825 -0.741694 -0.779861 706.961 1.58336 3.13766 2872.39 2868.17 0.699982 0.629906 0.470393 0.804903 79.7773 2.23984 0.762775 2323 0.47133 0.0996691
313.135 -2.60056 -0.0735657 303.245 -0.799458 2.98002 897.554 896.281 0.342812 0.795713 0.247982 0.798705 9.47363 -1.6352 1.55924 617.174 0.0496325 0.0996691
890.873 0.200843 2.71593 404.252 0.851513 -0.360813 1293.23 1168.9 0.591161 0.669033 0.649492 0.806722 304.478 -0.416069 0.0118467 1526.95 0.902179 0.0996691
1650 -0.346452 -0.419948 1383.3 0.842236 -2.17307 3010.19 3054.95 0.0759946 0.35921 0.739948 0.764786 178.398 -2.14614 0.026793 5168.97 0.443801 0.0996691
2100.05 0.466664 -1.6402 1872.41 -0.536209 0.909473 4482.36 3313.78 0.0796009 0.523141 0.679325 0.57197 357.858 -1.4011 0.240226 5558.39 0.428473 0.0996691
1865.14 -0.749974 3.10257 1045.91 0.315333 -0.394773 3204.94 3059.84 0.696428 0.668663 0.848842 0.828349 557.481 0.0425833 0.434748 4006.44 0.311634 0.0996691
1628.22 -0.499179 -1.89456 1441.19 0.436065 1.66192 3371.22 3296.54 0.696706 0.499668 0.489583 0.835786 1067.51 1.59917 0.0674747 4296.04 0.924364 -0.0996691
1276.26 0.00367339 -0.156827 1195.23 1.05967 2.51623 2794.2 2810.9 0.542945 0.490977 0.835572 0.636259 45.6465 2.54046 0.0235491 3526.56 0.523895 0.0996691
307.982 1.03495 0.415911 289.391 -2.21942 -2.28056 1589.71 1055.11 0.27186 0.612516 0.651258 0.839741 25.453 -2.61929 0.344009 739.796 0.267328 0.0996691
2136.25 0.575986 -1.92593 1851.23 -0.733173 0.407322 4616.4 4627.54 0.693687 0.616884 0.708549 0.865451 596.893 0.0286063 0.37885 6166 0.445371 -0.0996691
2481.9 0.360788 -0.024245 2197.11 -0.106403 2.34421 4659.89 3428.26 0.0943679 0.714766 0.586276 0.54623 302.547 -2.33471 0.239533 6380.34 0.404002 -0.0996691
442.406 1.4539 -2.54552 352.574 0.58598 0.550018 895.596 839.227 0.418794 0.493146 0.72103 0.327966 81.243 0.607635 0.0906209 795.021 0.177904 0.0996691
554.523 0.574128 0.266489 484.22 -1.33273 -2.9889 1552.55 1510.33 0.639878 0.491921 0.874694 0.695886 18.5802 1.31519 1.05717 1141.66 0.712448 0.0996691
1338.1 0.52122 1.36051 1165.33 -0.43272 -2.1166 2773.68 2753.67 0.762214 0.700785 0.805135 0.7941 38.9448 -2.40519 0.287669 3039.26 0.909016 0.0996691
1032.08 -0.652441 1.77489 651.782 0.702817 -1.39322 2055.87 1980.92 0.586606 0.579838 0.771393 0.703159 683.352 -1.3813 0.000521898 2023.09 0.250478 0.0996691
1655.42 -0.255329 -1.85329 1573.64 0.0230531 1.31371 3357.28 2723.65 0.406669 0.553713 0.857559 0.645998 156.071 0.0800169 0.731234 3380.5 0.573265 0.0996691
2708.31 0.0990051 -1.55429 1957.4 -1.15153 1.28665 5700.2 4950.68 0.23122 0.468376 0.654271 0.809447 113.863 -2.26077 0.351278 5977.16 0.42682 0.0996691
1211.14 1.02866 2.74312 959.947 -0.808922 -1.05793 3074.48 3037.84 0.216974 0.53884 0.808556 0.73481 253.22 0.312722 0.24807 2648.85 0.597744 0.0996691
1416.2 0.365856 1.65327 806.462 0.0972129 -1.90828 2120.14 2146.36 0.208033 0.540293 0.630293 0.433156 567.544 -1.03376 0.0249965 2445.29 0.773914 0.0996691
524.641 -1.69008 -1.0397 487.176 -0.021097 2.09676 1405.82 1300.51 0.683639 0.833799 0.846824 0.726748 30.5464 1.98352 0.0943519 995.846 0.0617099 0.0996691
289.347 -1.05443 0.353514 264.31 -0.954059 -2.77637 570.697 487.333 0.457918 0.526675 0.798865 0.652264 23.5095 -2.69751 0.0405803 544.445 0.184915 0.0996691
768.017 0.534663 -2.23287 507.337 0.194294 1.11546 1291.7 1207.77 0.62211 0.76084 0.815703 0.757877 300.897 1.43946 0.321599 1747.31 0.610941 0.0996691
1580.47 -0.264609 -1.83989 1418.3 -0.0365325 1.28437 3225.88 2142.21 0.321952 0.549567 0.409953 0.748887 190.323 1.51266 0.232065 3104.59 0.379297 0.0996691
717.817 0.229179 0.744527 520.149 -1.36075 -2.45584 1682.45 1098.99 0.619492 0.512963 0.760267 0.513077 216.199 -2.03162 0.017508 1304.31 0.475572 0.0996691
722.711 0.814237 -1.0702 398.996 1.32466 2.08009 1132.54 1051.91 0.734082 0.537405 0.694663 0.633427 313.123 2.09861 0.084307 1109.71 0.329483 0.0996691
907.263 -1.03885 -1.84061 395.503 1.56415 -0.421313 2186.81 2199.5 0.47837 0.727155 0.607756 0.723438 916.12 1.69349 0.211731 1432.43 0.883861 0.0996691
522.953 0.704688 -2.80369 516.429 0.863666 0.329088 1064.27 1025.69 0.677625 0.711225 0.710191 0.788461 22.3929 -1.17624 0.901265 1041.35 0.910591 0.0996691
1132.88 -0.812082 -0.138004 848.443 1.29914 -3.01138 3172.85 3050.16 0.627262 0.63407 0.702739 0.645444 181.069 -2.69469 0.0965233 2349.89 0.348834 0.0996691
458.998 1.52041 -2.69753 253.194 1.27875 1.53472 622.663 673.142 0.549245 0.736308 0.79967 0.571495 198.612 -0.630223 0.0309608 1083.49 0.253498 0.0996691
900.537 0.910338 -2.73318 479.4 -1.28021 0.57374 2192.28 2124.68 0.369682 0.557701 0.905015 0.839777 651.715 -0.242094 0.51654 1905.59 0.707634 0.0996691
2696.17 -0.601012 0.658957 1830.09 0.0977278 -1.59742 4329.6 4379.7 0.3302 0.523765 0.459246 0.810404 549.98 -2.93247 0.438533 6457.87 0.630876 0.0996691
311.199 -0.921902 1.944 304.68 1.57286 -1.20514 1170.25 961.136 0.475276 0.735902 0.759575 0.615891 5.08545 1.89992 0.070735 593.169 0.0963567 0.0996691
262.436 0.0630704 -0.4602 257.01 0.789383 2.78302 563.961 545.974 0.739094 0.641842 0.656784 0.643235 2.1502 -0.48281 0.0179508 529.272 0.0753209 0.0996691
585.777 -0.172021 -0.504435 577.92 -0.796917 2.3781 1257.84 1145.19 0.555539 0.600395 0.638823 0.697654 57.5051 -2.36654 0.151577 1343.73 0.460051 0.0996691
514.315 0.0358865 -0.836176 469.647 1.54482 2.17735 1297.81 1233.44 0.44339 0.742222 0.606777 0.743741 60.9132 -0.128292 0.670701 1308.86 0.0836249 0.0996691
2226.23 -0.175608 -0.723814 1971.51 -0.923232 1.55039 4138.7 4172.16 0.46895 0.581334 0.480145 0.717785 1301.53 -2.33951 0.372455 5189.06 0.97066 0.0996691
611.475 -1.34718 -0.178321 608.007 -0.972436 2.90541 1252.61 1241.94 0.779531 0.738775 0.664228 0.676851 42.6231 -1.76474 1.57064 1213.93 0.0232119 0.0996691
1423.04 -0.423277 3.01906 1053.33 0.824843 -0.314591 2954.61 2934.84 0.619351 0.678229 0.783827 0.851447 62.1914 -1.96356 1.29764 2933.02 0.549948 0.0996691
1876.07 1.46233 0.627019 1719.31 -0.869258 -3.08511 6250.79 6285.69 0.412707 0.526169 0.652266 0.872351 99.0891 -3.002 0.0837231 4870.4 0.28545 0.0996691
2479.39 0.511045 -0.612427 1413.81 -0.525912 -3.01284 4307.34 3452.55 0.256479 0.184308 0.761414 0.766957 532.105 2.19073 0.359701 5246.41 0.506624 -0.0996691
1523.03 -0.230753 0.765162 707.648 -1.06339 -2.38665 2273.7 2242.22 0.193459 0.530528 0.864325 0.670467 652.061 -2.38094 0.0148609 2798.6 0.38141 0.0996691
1403.68 -0.857077 2.48094 1321.07 1.10221 -0.583881 4244.32 3566.08 0.159936 0.530561 0.570927 0.671375 43.6716 -2.04281 0.204424 2929.32 0.943693 0.0996691
3005.52 0.549767 -0.371381 957.936 -0.0328479 2.44174 3599.97 3075.03 0.167496 0.584582 0.507594 0.477466 1838.51 2.51571 0.0972111 4981.71 0.157716 0.0996691
2027.2 -0.782342 -1.48278 1866.93 -0.740702 2.17366 3902.92 3046.75 0.186991 0.248697 0.369466 0.69998 121.709 -1.80248 0.318807 5039.37 0.520132 0.0996691
308.391 0.245143 -2.78285 262.287 -2.81364 0.382761 1393.94 1255.57 0.783262 0.659404 0.866689 0.728027 67.2016 0.018723 0.165507 552.918 0.817891 0.0996691
366.719 -0.57679 -2.15364 349.532 0.29808 0.976628 804.529 724.474 0.818256 0.832762 0.738211 0.675212 16.1611 0.69671 0.25033 712.415 0.0343759 0.0996691
303.693 0.76345 -0.0886561 299.547 -1.58959 3.05675 1079.28 1022.42 0.654536 0.5191 0.720127 0.760459 18.2024 -0.226859 0.127212 596.367 0.0202648 0.0996691
1428.9 0.371154 -2.89471 1046.15 1.91446 -0.620335 3049.3 3064.41 0.503376 0.33686 0.80051 0.770292 107.771 -0.682475 0.0561413 3643.49 0.681907 0.0996691
2384.45 -0.653616 1.41702 1692.87 -0.238026 -0.48521 3459.65 3185 0.649264 0.686587 0.652717 0.503308 990.306 -2.95322 0.125375 6330.83 0.418644 0.0996691
1124.45 -0.115895 -0.724591 887.906 -0.979123 1.90936 2142.1 2140.25 0.789792 0.622697 0.689471 0.587575 47.9113 1.24742 0.659845 2599.13 0.709085 0.0996691
266.993 -2.67254 1.7193 265.817 -1.74592 -1.43805 604.512 564.448 0.752064 0.521181 0.657342 0.671812 3.80988 -0.568301 0.855362 530.566 0.0589998 0.0996691
2286.36 0.277266 0.419775 1728.65 0.646827 -3.0114 4012.88 4046.42 0.388285 0.536446 0.697883 0.724247 244.572 1.26611 0.0766273 5448.3 0.753523 -0.0996691
784.03 -1.2837 -1.43255 618.182 -0.483217 1.69394 1518.37 1494.23 0.756125 0.844309 0.784633 0.862121 134.166 1.72505 0.0396413 1421.68 0.123773 0.0996691
1594.15 -0.0600405 2.87035 1536.12 -0.845872 0.657536 3083.43 3077.82 0.677152 0.717329 0.661167 0.581162 112.387 -0.00320604 0.655247 4940 0.956254 0.0996691
1905.86 0.755643 -2.88756 1717.08 0.0229605 -0.770951 3649.95 2717.51 0.416624 0.464456 0.538609 0.328213 121.071 2.97102 0.42569 5567.85 0.692087 -0.0996691
534.602 -1.00221 0.79047 449.611 0.104369 -2.51145 1151.94 1078.06 0.764689 0.769897 0.810185 0.675007 97.1469 -2.16009 0.35568 1004.92 0.15858 0.0996691
1982.84 -0.422597 -1.63515 1274.4 -0.043597 0.653071 2987.99 2942.65 0.668646 0.668222 0.725077 0.70621 958.624 1.83268 0.858626 3989.18 0.685567 0.0996691
686.183 1.37436 1.70356 455.668 -0.155347 -1.15218 1462.53 1454.24 0.615705 0.234192 0.650299 0.731943 50.0736 -2.64818 0.0226619 1558.29 0.0925943 0.0996691
257.573 -0.817861 -2.49938 257.183 0.480471 0.621813 640.446 567.386 0.477895 0.725154 0.786683 0.692982 6.49641 -1.08544 1.33166 512.168 0.981497 0.0996691
1016.24 0.192343 0.190956 576.743 -2.1127 -2.64015 2663.98 2642.09 0.561299 0.789024 0.540882 0.882599 55.4678 -2.13002 0.168061 2260.06 0.699765 0.0996691
2389.81 -0.0371786 -1.77444 1239.32 -1.33577 0.645064 4033.33 4039.4 0.761858 0.497884 0.727064 0.674673 302.709 1.85435 0.717613 5625.27 0.40296 -0.0996691
1723.29 0.33392 1.36279 1465.7 0.467579 -1.50869 3194.95 3105.88 0.613498 0.678457 0.832105 0.718427 217.206 -1.14925 0.0197289 4657.31 0.134984 0.0996691
1962.86 -0.0510997 -1.5219 1065.73 -0.461585 -2.81228 1855.99 1874.38 0.424954 0.790622 0.715063 0.822988 539.93 1.31004 0.140622 5029.78 0.371224 -0.0996691
470.034 -0.235296 1.8945 419.232 -0.296519 -1.64812 890.332 683.181 0.554903 0.432453 0.780209 0.765314 26.6126 0.389506 0.523468 1025.69 0.76818 0.0996691
1640.55 -0.417541 -3.0381 1234.18 0.592932 -1.18702 2766.48 2700.88 0.694675 0.666499 0.631742 0.731536 1947.98 0.347259 1.50461 3878.45 0.604663 0.0996691
790.688 -0.393179 -2.21131 534.768 -0.0827193 1.2134 1334.29 1240.68 0.569744 0.616325 0.746337 0.850686 250.301 0.589904 0.0983902 1397.09 0.921732 0.0996691
1622.13 0.587414 1.40751 765.811 0.217608 -1.73269 2421.46 1876.84 0.350644 0.414278 0.80457 0.784745 859.66 -1.74753 0.00914419 2427.9 0.335043 0.0996691
1634.13 0.315865 -2.46149 934.329 -0.0663068 0.141008 2472.54 2401.91 0.530962 0.433047 0.709808 0.612954 762.273 1.0362 0.477281 2842.05 0.971851 0.0996691
330.2 1.13965 -1.165 281.258 0.638826 2.06647 650.562 609.105 0.786811 0.610441 0.769656 0.879876 28.3022 0.7263 1.35856 586.533 0.106829 0.0996691
390.97 -0.235552 -2.55977 371.533 0.945846 0.574265 929.071 709.078 0.629667 0.582244 0.7961 0.813376 15.2062 0.98002 0.00199187 741.326 0.890946 0.0996691
2675.47 -0.360833 1.5846 2616.78 -0.652884 -1.20402 5278.36 5325.99 0.554897 0.627506 0.462599 0.805078 141.5 2.38576 0.356865 6541.63 0.789423 0.0996691
529.756 1.48984 -2.33583 412.638 -1.9793 1.48429 2718.71 2646.24 0.540767 0.597242 0.776857 0.757132 49.8145 1.60653 0.136285 1346.61 0.343719 0.0996691
575.884 -1.10678 -3.03234 515.622 -1.06361 0.156371 1123.77 975.983 0.582385 0.561776 0.785269 0.749205 83.5534 -0.427683 0.363877 1095.44 0.72607 0.0996691
1620.25 -0.0695998 0.526111 1574.1 -0.372593 -2.72831 3398.96 2727.02 0.543703 0.183403 0.45174 0.781012 188.084 -2.33792 0.139904 3499.3 0.192967 0.0996691
397.606 1.11427 -1.573 269.316 3.00575 1.39722 1006.19 829.742 0.671912 0.547979 0.800404 0.394612 30.5066 1.45405 0.0161102 757.673 0.243298 0.0996691
326.331 -1.38572 -2.02355 298.527 -0.466098 1.1271 714.303 644.691 0.634436 0.692426 0.78319 0.845797 27.2247 0.770201 0.33371 600.24 0.120518 0.0996691
1060.34 1.43527 -2.66376 480.105 -0.998785 0.852269 2614.18 2567.55 0.554005 0.774243 0.884167 0.733658 455.934 0.642373 0.211046 1885.86 0.897585 0.0996691
701.935 -0.661982 -1.62922 491.41 -0.563547 1.60218 1190.89 1184.41 0.403237 0.45115 0.583559 0.619767 89.2738 1.86424 0.261626 1343.68 0.1764 0.0996691
982.088 -0.566495 3.08518 830.321 -1.36763 -1.65066 1487.06 1478.77 0.604398 0.239609 0.627022 0.658939 549.166 0.732504 0.0277396 2549.25 0.164133 -0.0996691
1290.77 0.988325 -0.777986 1030.38 -0.124427 3.01748 2579.02 2587.37 0.427878 0.232488 0.712343 0.829439 429.452 1.81675 0.741653 2730.83 0.732728 0.0996691
2314.73 -0.201319 0.992288 2268.47 0.47655 -3.09746 4457.34 3506.47 0.201215 0.42893 0.712253 0.541356 570.239 -0.881988 0.171465 6189.1 0.684339 -0.0996691
1414.6 0.976794 -0.643504 1155.41 0.629811 2.51131 2712.35 2329.77 0.397534 0.462164 0.565178 0.780651 258.693 2.43855 0.189265 2633.28 0.146567 0.0996691
1754.16 -0.560692 -2.53228 1167.88 -0.906549 -0.298294 2645.66 2609.37 0.626294 0.702453 0.579092 0.735523 1453.8 0.515823 0.0158973 4115.45 0.973078 0.0996691
2551.89 0.364919 2.86111 1496.58 -0.594776 0.196931 4410.66 3106.08 0.347182 0.716936 0.40026 0.836346 1384.88 -0.789602 0.165264 4143.83 0.876535 0.0996691
1596.72 -0.15286 -2.71746 1199.83 -0.76151 -0.0255358 2846.79 2869.32 0.39086 0.702066 0.617629 0.825811 39.888 2.87246 0.595394 4829.87 0.375783 -0.0996691
1911.6 0.511886 1.41554 1704.15 0.194122 -2.42129 3613.14 2944.49 0.34075 0.273888 0.466786 0.453579 354.045 0.98139 0.149186 5050.5 0.900417 -0.0996691
432.814 1.51555 -1.8912 427.677 1.19183 1.24157 886.657 842.678 0.686452 0.628534 0.749777 0.499206 15.3474 0.779514 0.426554 866.999 0.0498705 0.0996691
638.392 1.24925 2.78598 636.228 -1.36386 -1.65719 2449.41 1375.97 0.275627 0.402383 0.742364 0.862654 217.581 1.09326 0.603324 1873.75 0.810635 0.0996691
1862.86 -0.330554 -2.96478 1692.47 -0.253343 1.31538 3070.32 2781.94 0.458117 0.539306 0.854599 0.416565 755.963 -0.282225 0.534329 5446.67 0.719942 -0.0996691
1820.84 -0.0387211 2.93078 1379.25 0.712742 -0.622489 3412.48 2673.59 0.550333 0.262548 0.833631 0.791448 47.9205 2.43205 0.498193 4051.78 0.440501 0.0996691
443.396 1.11568 -2.8073 434.412 1.97566 0.381176 1027.16 562.72 0.784433 0.329018 0.824432 0.748128 10.5676 -1.22085 0.814848 859.795 0.906763 0.0996691
3405.48 -0.213406 -0.771337 2617.2 0.0529728 2.9554 5867.83 5326.1 0.731327 0.272246 0.80679 0.387123 655.903 1.91505 0.431502 7485.41 0.719466 0.0996691
1250.72 -0.408204 -0.523792 801.195 1.31495 1.93476 2717.76 2743.73 0.754399 0.614579 0.747573 0.75929 115.028 2.84555 0.511844 2870.53 0.439217 0.0996691
2052.5 0.17007 2.8933 1580.38 0.124506 0.543342 3436.09 3151.74 0.729232 0.216835 0.657055 0.614582 26.8888 -1.28374 0.16335 5182.87 0.975046 0.0996691
479.191 -0.629995 2.7716 270.209 0.434994 -0.473097 843.642 764.714 0.681709 0.523498 0.786858 0.594757 90.2966 -0.720062 0.274772 1061.89 0.266583 0.0996691
334.86 -1.72521 0.665979 267.696 -0.0931457 -2.48933 860.233 717.094 0.597468 0.641482 0.770867 0.881921 79.0494 -2.51033 0.031786 569.683 0.2468 0.0996691
599.037 1.33131 -0.685611 417.153 1.66654 2.60424 1046.33 877.47 0.396641 0.721144 0.630317 0.750134 44.5162 2.74466 0.136552 1161.96 0.0704734 0.0996691
1386.11 0.350832 -1.28282 1054.16 -0.951454 1.50043 2928.43 2934.36 0.512623 0.710056 0.702326 0.716567 72.5274 3.0037 0.0652854 2952.52 0.956797 0.0996691
2284.74 0.455119 -2.17225 1994.41 -0.558262 -0.130058 4353.72 3338.25 0.172306 0.415824 0.68337 0.521885 1940.49 1.85257 0.167851 4646.83 0.817739 -0.0996691
2344.76 0.0461656 1.00847 2081.51 -0.546064 -3.03968 4244.93 4135.91 0.434807 0.568979 0.57684 0.601999 111.144 0.378325 0.628351 6476.13 0.452018 0.0996691
1175.58 1.13926 -1.82885 905.902 0.184033 1.87878 2245.58 2225.4 0.748599 0.765284 0.692221 0.770807 78.5584 1.26263 0.590985 2688.92 0.941962 0.0996691
307.55 0.293959 0.390951 287.991 2.48599 -2.6696 1009.01 935.924 0.78417 0.576913 0.661186 0.654654 18.5667 2.14507 1.46389 556.499 0.0736731 0.0996691
529.2 0.945341 -0.316278 296.97 1.22225 -2.85865 770.253 760.924 0.240637 0.64031 0.907627 0.587261 87.2523 -2.6385 0.250358 1134.73 0.87083 0.0996691
1303.66 -0.94361 1.64871 1276.65 0.46739 -2.35784 3073.47 3090.33 0.485099 0.550538 0.662284 0.713539 708.059 -0.379372 0.058465 3005.08 0.682397 0.0996691
2402.45 0.26617 -2.62843 1969.89 0.935136 1.31444 4639.14 3141.01 0.127845 0.705336 0.767457 0.414359 99.1399 -0.0861142 0.362351 6212.48 0.362714 0.0996691
1314.38 0.16351 3.05072 1164.52 0.252974 1.42131 1813.93 1820.77 0.40169 0.443679 0.787034 0.817134 757.615 -0.877578 0.0944269 3475.38 0.609398 0.0996691
2082.26 -0.0296035 2.87651 1195.84 0.645252 -1.86531 2474.27 2478.89 0.217365 0.308055 0.548191 0.855711 2258.06 0.268446 0.0914344 3573.59 0.909228 0.0996691
1343.7 1.33143 -2.19265 1099.45 0.946657 2.87936 1535.26 2857.88 0.37012 0.509364 0.45099 0.842865 80.6691 2.14993 0.734068 4510.96 0.953909 0.0996691
582.349 -0.902809 -1.18787 562.408 -0.69314 1.93206 1166.7 1137.55 0.70947 0.745568 0.77445 0.610797 23.1436 -2.71937 1.51342 1126.81 0.00328297 0.0996691
354.397 -1.77091 -1.14368 344.317 -1.68176 2.11819 737.815 581.021 0.499633 0.559381 0.826054 0.862188 10.7118 -0.164708 0.972322 705.363 0.245558 0.0996691
377.877 1.64438 0.810207 371.819 -0.0736291 -2.27586 1064.42 1016.62 0.678497 0.75054 0.805291 0.886805 12.5608 2.61706 1.37829 713.638 0.0199489 0.0996691
551.617 -0.542665 -2.06488 535.525 0.192413 1.05535 1173.91 1136.97 0.758685 0.71818 0.80481 0.627196 23.2397 1.11258 0.0459645 1102.49 0.0250519 0.0996691
2154.79 -0.787447 -0.71952 1545.95 -0.296995 3.08016 3732.88 3071.23 0.345301 0.42159 0.532498 0.848712 235.221 1.71739 0.10485 4947.65 0.229968 0.0996691
287.729 1.01183 -2.74863 281.976 -0.644382 0.652275 784.46 714.27 0.821062 0.644243 0.780479 0.691099 3.91762 -0.0963525 0.262464 593.105 0.84769 0.0996691
1735.67 0.224863 0.990121 403.397 1.2982 -1.10386 1744.37 1656.51 0.327478 0.686222 0.640612 0.652837 1531.29 -2.36378 0.217446 2172.97 0.972732 -0.0996691
411.051 1.86432 -0.764728 400.464 0.238203 2.3351 1120.47 969.501 0.273988 0.725487 0.655889 0.697771 13.7829 -2.49208 1.29932 812.276 0.96541 0.0996691
507.037 -1.32793 1.1507 317.531 -0.131659 -0.184303 742.874 611.867 0.223392 0.468546 0.727178 0.483308 588.146 -2.41479 0.13295 1025.26 0.883464 0.0996691
341.179 0.785494 1.15474 337.896 2.49341 -2.02718 954.329 903.285 0.791449 0.586085 0.748691 0.627834 10.9511 -0.093124 1.26694 669.162 0.871149 0.0996691
469.59 -1.50472 -2.97854 403.478 -0.614504 0.189164 994.223 811.099 0.66795 0.680527 0.749765 0.752146 69.3007 0.153857 0.0237805 843.717 0.818008 0.0996691
698.54 0.77235 1.60364 680.23 0.762095 -1.47916 1401.61 1351.68 0.554149 0.53845 0.778729 0.696008 44.0048 -2.87919 1.03605 1381.56 0.901909 0.0996691
296.096 2.1895 0.16524 279.23 -1.03554 -2.9295 1523.02 1114.12 0.768234 0.506699 0.780822 0.756523 12.2246 2.20722 0.97063 577.692 0.391581 0.0996691
789.273 0.289546 2.49083 605.398 -2.05006 -0.414843 2545.28 2181.22 0.49531 0.569349 0.652442 0.826291 148.948 -0.0519513 0.148064 1592.62 0.519768 0.0996691
400.947 -0.894506 2.90301 335.023 -1.20582 -0.00572077 762.342 643.237 0.485293 0.532271 0.791666 0.683133 61.7941 -0.115921 0.16451 862.619 0.82754 0.0996691
466.318 -0.780279 2.18507 438.22 -1.10898 -1.00329 935.663 871.292 0.768497 0.680974 0.787835 0.756673 34.5639 -0.381252 0.595823 875.001 0.026411 0.0996691
1886.74 -0.238403 2.29724 1615.64 0.0437665 -0.855175 3726.49 2904.7 0.596194 0.259387 0.588241 0.346111 555.121 -1.58038 0.346364 4827.42 0.637279 0.0996691
1557.72 -0.331639 -0.670599 1546.37 0.0873387 2.54053 3259.19 2524 0.508344 0.197414 0.629847 0.923215 112.43 0.961153 1.36945 3185.44 0.935494 0.0996691
698.875 -0.0417251 -2.74676 692.206 -1.15747 -0.274674 1579.67 1493.23 0.752077 0.38149 0.665342 0.720645 193.196 2.88687 0.223238 1856.75 0.350707 0.0996691
1058.1 -1.29919 -2.53437 520.744 -0.394274 2.00961 1343.18 1354.6 0.650126 0.523903 0.449073 0.721365 1087.81 0.180082 1.82953 1644.5 0.694665 0.0996691
1525.78 -1.07347 -1.9876 902.077 0.034522 1.19877 2745.32 2624.81 0.36306 0.702358 0.811564 0.728243 941.972 1.01689 0.172469 2801.89 0.547102 0.0996691
1417.55 -0.7798 -0.354467 1114.42 1.00275 -2.62554 3429.4 3453.24 0.624459 0.610474 0.707567 0.703734 34.0355 -1.86628 0.760731 3719.4 0.948746 -0.0996691
478.553 -1.41112 2.05144 449.067 0.224258 -1.00914 1278.6 1239.05 0.739123 0.753906 0.688671 0.693177 17.1707 -1.89811 0.835454 924.168 0.905254 0.0996691
405.644 0.421466 -2.55572 371.089 1.06939 0.469617 849.315 613.348 0.789142 0.603936 0.806604 0.652178 126.655 0.670801 0.0969002 856.821 0.554329 0.0996691
1480.23 -0.745477 -1.96981 1265.1 0.613086 1.19717 3458.2 2917.61 0.642753 0.26878 0.746281 0.806894 30.523 -0.553562 0.468033 3038.6 0.299903 0.0996691
658.335 -1.67791 1.10278 653.823 0.121423 -1.98245 1891.92 1866.28 0.795659 0.540664 0.812882 0.496233 47.7861 2.85554 1.4497 1300.2 0.0333097 0.0996691
1305.23 -0.991271 0.99098 1183.77 0.0718156 -2.15824 2860.38 2857.53 0.752082 0.518351 0.64811 0.693351 118.375 -2.41217 0.252092 2532.76 0.0570787 0.0996691
395.323 -0.3599 -3.08763 325.103 -1.906 -0.155126 980.553 770.152 0.612625 0.767193 0.710353 0.659954 27.6753 0.0864187 0.19895 810.91 0.148893 0.0996691
2498.41 -0.560417 0.218454 2122.38 -0.748356 -2.44864 4691.43 3526.92 0.1766 0.118217 0.687549 0.688096 1158.35 2.35817 1.31248 4720.51 0.39057 0.0996691
1599.41 0.21568 2.95766 937.292 -1.01491 -0.193587 3101.8 1872.43 0.325212 0.0710677 0.842272 0.559629 715.837 -0.1668 0.0687235 2594.33 0.572518 0.0996691
2282.85 -0.977579 2.01588 749.571 0.711586 -1.70303 3544.47 3483.59 0.6482 0.70097 0.612358 0.677303 1300.73 -1.53031 0.184687 4183.84 0.576216 0.0996691
1693.75 0.204808 -1.61146 1266.41 -1.15218 -2.88993 2787.08 2758.13 0.526158 0.589533 0.70901 0.756367 906.763 0.543305 0.014968 4891.79 0.477724 -0.0996691
346.59 -0.92123 0.0542309 306.817 -1.29358 -3.0576 676.087 622.977 0.600183 0.639779 0.878797 0.662919 46.4113 2.88771 0.302805 653.088 0.116528 0.0996691
1894.64 1.20587 -2.38448 1772.03 -1.26557 -0.238449 6624.65 6621.68 0.629305 0.460405 0.762435 0.707775 402.581 1.26956 0.734123 6418.64 0.620289 0.0996691
1532.61 0.495675 1.85165 761.106 -0.534639 -1.26623 2483.7 2392.2 0.414673 0.690214 0.410401 0.823922 786.827 -1.30311 0.0480158 2310.12 0.36758 0.0996691
347.016 0.539749 2.72208 290.232 -1.83447 -0.479399 1160.2 1030.93 0.686316 0.770229 0.819887 0.614683 43.0875 -0.00126772 0.452609 588.193 0.130179 0.0996691
2028.59 -0.535545 -1.82479 1455.39 0.759857 0.168833 3757.53 3787.61 0.454017 0.733959 0.552747 0.777997 154.407 0.901973 0.734293 5612.99 0.560853 0.0996691
1264.77 0.0445539 0.128772 759.056 -0.126938 -2.73668 2002.96 1736.09 0.401487 0.398913 0.770737 0.864478 331.674 -2.67775 0.0825117 2431.02 0.393309 0.0996691
1434.51 -0.147104 0.963783 1416.45 0.152394 -2.37495 2879.89 2904.21 0.350347 0.565204 0.699515 0.610252 132.759 1.0577 0.0933779 3473.57 0.0987132 0.0996691
536.338 -1.33004 -1.67486 489.858 -1.74607 1.42352 1067.72 1003.72 0.740526 0.815293 0.686655 0.548404 34.5331 1.85806 0.425408 1037.85 0.865334 0.0996691
2215.1 -0.0856289 0.366832 1858.95 -0.121844 -2.04119 3972.19 3529.75 0.336264 0.743987 0.496047 0.756438 185.479 1.89989 0.377304 5753.12 0.610293 0.0996691
1473.38 -0.339146 -2.87755 1401.33 -1.63723 -0.32101 3413.53 3427.34 0.27451 0.650322 0.759085 0.721485 549.472 2.11451 0.154407 3879.7 0.653225 0.0996691
1466.14 -0.169583 -0.946185 1306.92 0.725861 2.69252 2993.73 2983.39 0.581269 0.431667 0.67474 0.875934 95.3637 0.528698 0.67 3421.84 0.771982 0.0996691
2304.97 -0.687516 0.797177 753.509 0.619385 3.08995 3047.46 3063.63 0.124452 0.496738 0.751033 0.790715 2393.55 -1.97701 0.00802243 3978.64 0.605027 0.0996691
1074.3 -0.733299 -2.88284 1025.96 -0.110293 0.492608 2219.92 1947.61 0.364408 0.734214 0.811026 0.774224 507.927 3.12628 0.0814047 2828.64 0.389984 0.0996691
1873.28 -0.661311 2.21956 1813.32 -0.159617 0.108274 3379.16 3273.97 0.531528 0.547564 0.552567 0.834852 101.479 2.75915 0.147387 5581.4 0.915262 -0.0996691
1050.56 0.392008 -2.06721 474.791 -0.970446 1.28629 1760.75 1706.12 0.633781 0.676669 0.619933 0.685035 197.756 0.957441 0.0566508 1929.57 0.938782 0.0996691
1928.24 0.86201 -0.376246 1147.41 0.0235472 2.90177 3279.3 3193.71 0.653794 0.810011 0.581033 0.764151 274.655 2.80948 0.0243261 4149.7 0.847182 0.0996691
367.722 -1.29441 -0.257334 355.16 -1.23965 2.85244 757.827 633.8 0.531549 0.455477 0.770346 0.597561 6.00093 -1.5374 1.26619 724.327 0.748727 0.0996691
1148.55 0.859467 -0.313136 501.617 -0.514649 2.82856 1969.9 1496.47 0.257813 0.573093 0.441644 0.74715 809.019 2.55227 0.131639 1950.08 0.51598 0.0996691
495.565 1.61415 0.804476 401.856 0.0826194 -2.28241 1182.48 1112.22 0.680616 0.81777 0.674713 0.71424 84.0796 -2.61721 0.316514 880.939 0.122616 0.0996691
2133.92 -0.133845 1.87198 1531.83 0.682719 3.06438 2597.11 2488.78 0.688154 0.403359 0.689401 0.72692 921.774 -0.586463 0.32856 6204.05 0.921657 0.0996691
1876.06 0.448337 -1.83887 1153.14 0.110594 1.51052 2984.26 2966.29 0.406144 0.554802 0.676426 0.733697 36.4037 0.520073 0.118479 4145.61 0.966852 0.0996691
535.78 -0.458108 -2.22336 404.569 1.08501 0.758101 1247.95 1028.1 0.598335 0.677513 0.697441 0.872612 113.276 0.939908 0.0795528 968.248 0.726185 0.0996691
2269.2 0.33604 -2.4011 1806.44 -0.943861 0.305887 4945.48 3905.47 0.396628 0.165306 0.550988 0.547569 162.734 -3.12645 0.726373 5201.91 0.563596 -0.0996691
783.414 -1.50838 -3.04612 767.299 -0.947097 0.116748 1620.79 1624.06 0.727024 0.642984 0.822672 0.715046 23.6213 -1.1633 1.28433 1557.82 0.0174861 0.0996691
2119.17 0.907027 2.20019 1463.1 -0.717266 -1.62425 4606.65 4650.04 0.446846 0.560439 0.711432 0.7069 530.808 0.661674 1.23534 4704.69 0.868848 0.0996691
395.79 0.237367 1.51342 365.924 0.91092 -1.6444 823.951 756.488 0.836486 0.623005 0.765458 0.792691 30.1237 -1.00674 0.461736 734.99 0.864121 0.0996691
651.485 -1.04955 0.159337 633.112 -1.70134 -2.85519 1369.16 1351.43 0.736004 0.49222 0.730808 0.785582 28.2506 2.2636 0.269921 1364.9 0.917941 0.0996691
485.086 -0.549772 -0.0200119 386.338 -1.84251 -3.13601 1074.62 989.165 0.798536 0.703647 0.836729 0.72048 85.7156 3.05849 0.0315263 883.743 0.158072 0.0996691
1061.21 -1.01039 0.338805 997.523 0.954653 -2.16271 3078.58 3043.9 0.791946 0.632158 0.797466 0.566942 77.9993 -1.91843 0.102619 2726.09 0.956917 0.0996691
668.945 1.60656 0.619845 304.743 1.29113 -2.57255 942.311 836.911 0.826288 0.714149 0.661616 0.772831 356.042 -2.48103 0.043144 959.221 0.457993 0.0996691
1677.84 0.222377 -1.09813 1177.6 -1.11095 2.02006 3506.35 2840.39 0.158179 0.550217 0.854669 0.752387 510.605 2.07695 0.0324957 2884.63 0.393258 0.0996691
1633.75 -0.19525 1.19701 1425.57 0.60747 -1.95094 3336.16 3306.69 0.616999 0.381465 0.669825 0.590373 160.466 -2.39406 0.440042 3202.39 0.948143 0.0996691
954.504 1.84802 1.90386 636.07 -0.497858 -1.2651 2784.6 2098.58 0.376873 0.621903 0.668831 0.793399 273.11 -1.2491 0.0155147 1661.89 0.0398403 0.0996691
492.489 0.0759333 0.357408 491.406 0.407313 -2.77288 1021.21 950.116 0.549623 0.660474 0.70178 0.819815 25.6425 2.22043 1.22911 991.594 0.971395 0.0996691
1712.89 -0.747363 -2.2208 1005.6 -1.42435 1.42585 2745.6 2534.54 0.467812 0.36541 0.814989 0.735367 89.5502 0.34949 0.0650274 3657.34 0.401458 0.0996691
2741.21 -0.0719442 2.63115 1352.71 0.591089 -1.61979 3592.69 3472.44 0.263952 0.67449 0.533663 0.738237 2350.88 0.00275686 0.0937364 4228.19 0.945258 0.0996691
2285.73 0.309635 0.843291 2255.18 0.20857 -1.19124 3882.43 3925.13 0.36009 0.65317 0.615774 0.730881 756.934 3.08294 0.2261 6316.65 0.558712 0.0996691
431.605 -0.0776677 1.98686 266.609 -0.76443 -2.54647 595.86 543.793 0.801299 0.460577 0.649726 0.775071 256.598 0.0779095 0.182467 931.864 0.721815 0.0996691
599.069 -0.0650823 0.560707 302.721 0.344008 -1.27045 708.661 702.666 0.515188 0.333369 0.767543 0.847566 518.924 -3.07358 0.155065 1032.87 0.72594 0.0996691
1728.3 0.676696 1.53482 507.661 -0.239772 -0.997035 2142.19 677.583 0.316261 0.673805 0.449366 0.807165 1464.83 -1.17085 0.169194 3322.39 0.316697 -0.0996691
399.82 -0.24854 2.76 269.22 -0.435534 -0.4296 671.718 642.303 0.531353 0.459753 0.379899 0.556941 138.998 -0.299848 0.101856 677.498 0.238491 0.0996691
915.679 0.246011 2.85334 569.099 1.69149 -1.97752 1510.57 1391 0.557114 0.587751 0.86969 0.840538 654.943 0.269619 0.049512 1983.31 0.482752 0.0996691
1739.63 -0.177086 -1.68286 1339.7 -0.438657 1.43971 3096.81 3098.9 0.650195 0.655211 0.768453 0.749701 112.247 -2.97993 1.29797 3524.9 0.612511 0.0996691
682.671 0.609861 -2.90177 581.32 0.331405 0.761073 1248.45 1225.63 0.453901 0.49723 0.674436 0.52634 29.2869 1.0837 0.340099 1857.2 0.557105 0.0996691
1285.14 -0.478347 -0.255798 657.881 1.22719 1.99367 2443.57 2398.73 0.618237 0.629046 0.409855 0.76201 638.088 -2.60488 0.195324 2395 0.448735 0.0996691
310.451 0.490142 -0.410546 258.152 -0.969258 2.72953 732.218 678.81 0.883887 0.538582 0.859471 0.330233 48.4528 2.70807 0.0682852 558.718 0.0945354 0.0996691
2131.17 -0.0540785 -1.84309 1423.87 0.198812 2.50138 2909.88 2952.52 0.216671 0.220606 0.762527 0.514124 930.833 1.00057 0.512448 4875.88 0.971356 0.0996691
418.238 -0.874269 0.484846 404.925 -1.02034 -2.64275 854.878 744.877 0.775798 0.642784 0.858164 0.789862 16.3112 -0.643148 0.761493 821.69 0.867756 0.0996691
562.489 1.14033 1.79425 559.542 0.400942 -1.37892 1212.01 1213.48 0.614268 0.703462 0.561172 0.778444 28.0977 0.0687802 1.43884 1126.55 0.0112573 0.0996691
3377.03 0.0485945 1.19955 2482.16 -0.243375 -2.23189 5836.83 5904.58 0.55948 0.372475 0.624385 0.590363 718.93 -2.00448 0.227863 6760.5 0.210784 0.0996691
1461.78 -0.18434 -2.12406 1041.55 -0.774947 0.3729 2511.24 2354.4 0.492101 0.690897 0.823202 0.843597 82.453 0.405948 0.0316274 3418.96 0.747127 0.0996691
1105.83 -1.71222 -2.19292 964.921 -1.13595 0.310948 2069.77 2054.99 0.642742 0.538213 0.726148 0.686664 334.934 -1.96635 0.0352123 3174.6 0.900878 0.0996691
1900.17 -0.133153 -2.72433 1566.53 0.735721 -1.05925 3000.1 3031.02 0.348351 0.414574 0.88488 0.244964 1314.18 1.10252 0.0426102 4527.76 0.475527 -0.0996691
291.443 0.771919 -0.482239 265.407 -1.01555 2.68377 800.7 788.065 0.623397 0.746136 0.79153 0.521474 9.70821 2.84738 0.158015 582.42 0.0426431 0.0996691
476.738 -0.0083524 0.614349 459.272 -0.615229 -2.4872 1015.71 868.192 0.776391 0.829642 0.696957 0.764056 12.9418 2.53463 0.734826 911.919 0.81485 0.0996691
1887.29 -0.135767 0.88376 1471.95 0.946462 -0.590624 3079.44 2592.3 0.493961 0.0965151 0.727794 0.723812 1773.83 -2.9884 0.322177 4197.11 0.419691 0.0996691
1849.55 0.00440037 2.94789 1205.38 0.0291928 -0.836009 2859.73 2800.41 0.662213 0.555938 0.616128 0.699128 13.7409 2.25746 0.429708 4203.11 0.942255 0.0996691
1866.4 0.464894 -2.34128 1174.6 0.248274 0.739371 3008.83 2953.42 0.405296 0.614736 0.674931 0.650558 691.548 0.909815 0.152795 3092.53 0.964737 0.0996691
2245.27 0.183382 1.68057 1566.26 -0.349551 -0.604693 3579.71 3602.07 0.659493 0.164383 0.760423 0.933914 370.792 -1.74128 0.0089916 5291.51 0.968266 0.0996691
1032.31 -0.773748 0.92989 854.324 1.13392 -1.83346 2838.86 2157.32 0.233116 0.822623 0.79127 0.782122 78.0056 -1.63485 0.192255 2333.44 0.908755 0.0996691
1512.23 0.763275 1.78046 1187.95 -0.178208 -1.29714 2998.86 2979.81 0.290681 0.641612 0.78761 0.78497 102.006 2.72328 0.944375 3115.46 0.134996 0.0996691
501.843 -1.39622 -2.20281 424.606 -1.8112 0.911454 969.864 899.773 0.695979 0.769161 0.755524 0.624141 88.3967 1.18707 0.13256 942.824 0.916987 0.0996691
1536.38 -0.707487 0.850631 1141.79 -0.152323 -2.97883 2659.59 2514.87 0.765515 0.6125 0.823019 0.575626 44.3152 -0.556858 0.259073 3745.5 0.959365 0.0996691
675.854 -1.31595 1.00711 652.969 -1.03389 -2.2048 1358.15 1327.35 0.794412 0.512704 0.825752 0.763072 57.1368 -0.943377 0.715604 1332.97 0.978371 0.0996691
2698.05 -0.274552 2.71716 1650.99 -0.891595 0.443216 4068.34 4064.32 0.387527 0.441688 0.59705 0.46777 107.235 0.825164 0.371904 6593.21 0.625082 0.0996691
2173.98 -0.106863 -2.71656 1353.45 0.717655 -0.0650869 3691.26 3605.8 0.23609 0.396577 0.793108 0.762397 612.218 0.15058 0.154838 4470.51 0.930963 -0.0996691
308.489 -2.25928 -0.914764 274.644 -1.95484 2.00533 590.206 588.06 0.511772 0.49781 0.854229 0.890081 55.9465 2.99052 0.874955 611.7 0.927943 0.0996691
2976.34 -0.0865322 -1.19978 1232.6 -0.602044 2.22277 4320.55 1406.08 0.09593 0.320622 0.432206 0.744068 1689.43 1.79808 0.0368803 4640.65 0.761984 0.0996691
3696.29 -0.474826 3.09936 2369.25 -0.0182503 -0.441032 5985.98 6046.92 0.244716 0.404339 0.815268 0.438787 1118.24 -0.0855951 0.0146694 7180.15 0.984042 0.0996691
1390.3 -0.505283 -2.7301 1336.07 1.08438 0.486952 3735.45 3053.75 0.3039 0.60793 0.920868 0.584296 54.3817 0.879314 0.393047 2973.65 0.156902 0.0996691
2049.84 0.646154 -1.83318 696.573 -0.093199 1.26606 2561.38 2575.2 0.559937 0.591997 0.590333 0.755482 1255.16 1.33173 0.0103173 2893.49 0.892491 0.0996691
300.876 -1.89036 -2.79452 274.57 0.19302 0.392145 962.349 696.48 0.816135 0.630486 0.693059 0.802557 26.7731 1.15815 0.626254 513.745 0.173479 0.0996691
1693.48 -1.32708 -1.80203 1360.65 -0.958978 1.80721 3021.82 3037.08 0.158723 0.430286 0.736276 0.719639 1461.23 0.819134 0.140123 4544.19 0.575924 0.0996691
1649.75 0.331632 -1.88828 1638.88 0.376384 0.36364 3028.78 2982.25 0.47669 0.481483 0.69659 0.803978 32.0111 2.96442 0.782413 4903.12 0.619619 0.0996691
592.039 0.634982 2.05972 575.887 -0.0516152 -1.14252 1258.04 1192.6 0.643154 0.807825 0.874044 0.713693 32.58 0.0890368 1.23276 1121.45 0.0271918 0.0996691
1350.72 -0.103882 1.21677 670.039 -0.998661 -2.07266 2165.66 1940.5 0.453974 0.576636 0.835688 0.806095 676.388 -1.81934 0.0148731 2153.52 0.949912 0.0996691
2782.47 -0.444072 2.65549 1591.65 -0.335041 -0.227422 4422.95 3122.22 0.125404 0.146177 0.795083 0.772076 47.754 -1.72285 0.652714 5801.7 0.961841 0.0996691
270.099 -0.780306 1.51351 267.33 2.28506 -1.0458 1300.93 1185.5 0.638763 0.701225 0.903807 0.728655 42.7352 2.77637 0.261001 868.843 0.755779 0.0996691
1613.13 -0.153114 2.45367 1584.82 0.155071 -0.665791 3394.88 3013.07 0.606497 0.332621 0.574604 0.703748 45.413 -1.28016 0.123562 3353.48 0.689005 0.0996691
301.472 -1.67721 2.90991 270.716 0.758018 0.0318211 1055.62 1009.34 0.745001 0.783152 0.769143 0.80916 24.1949 0.492303 0.4485 777.051 0.131978 0.0996691
1491.37 -0.408086 -2.63904 1210.09 0.582484 0.569606 3055.85 2931.44 0.615561 0.471148 0.787233 0.682409 59.3791 0.52265 0.0662287 2968.41 0.143164 0.0996691
342.613 -0.296998 2.85949 253.811 -0.0671068 -1.35889 529.499 500.717 0.761634 0.749655 0.624977 0.763703 194.942 0.0420933 0.336373 771.971 0.126222 0.0996691
280.824 -2.6504 -0.158655 266.506 -1.50955 2.93203 650.926 615.966 0.651002 0.529141 0.738769 0.619897 25.9376 -1.63012 1.49017 526.797 0.0350801 0.0996691
1612.9 -0.0410233 0.380158 1600.72 0.5755 -2.29725 3299.26 3336.84 0.650432 0.644566 0.740778 0.520825 788.085 -2.89334 0.111985 4347.05 0.837137 -0.0996691
1949.92 0.712191 2.57157 1007.53 1.47036 0.207048 2831.68 2846.13 0.800674 0.787637 0.602368 0.793678 433.881 -1.40864 0.191466 4599.4 0.572563 0.0996691
1716.77 0.848131 2.93667 1195.55 0.00399618 0.531963 3013.88 2877.31 0.124853 0.472866 0.791856 0.847018 923.213 -1.41424 0.0620384 3579.22 0.604584 -0.0996691
309.772 1.92953 -2.67107 280.418 0.638871 0.418293 736.373 661.474 0.738171 0.574284 0.683891 0.662535 33.7706 0.49853 0.115929 572.665 0.110596 0.0996691
770.888 -1.41665 -1.04107 470.974 2.00186 0.801559 3369.2 3180.44 0.708796 0.74472 0.757538 0.716881 332.013 2.72132 0.0192916 1636.48 0.416415 0.0996691
883.753 1.27145 -0.512376 269.354 -1.03287 2.20656 1699.36 1607.29 0.391942 0.593034 0.834365 0.743785 655.12 2.79038 0.553597 1150.09 0.611259 0.0996691
461.636 1.86563 -1.19344 299.486 -0.144384 1.99449 1162.44 1089.85 0.761813 0.731809 0.798119 0.739635 185.346 1.8929 0.100769 754.548 0.233243 0.0996691
1544.64 0.71283 -0.191712 868.441 0.158674 -2.9252 2379.5 2315.73 0.53588 0.793617 0.86573 0.806515 454.084 -2.9202 0.00171781 3049.01 0.915579 0.0996691
1376.09 -0.257656 2.74959 952.626 0.435795 -2.56112 1356.93 1363.25 0.41175 0.516119 0.586545 0.665073 2008.52 0.148964 0.0526896 3870.53 0.777409 0.0996691
482.56 -0.827911 1.58899 411.011 -0.439357 -1.33004 925.339 867.411 0.722729 0.755497 0.746742 0.711588 32.7415 -1.43051 0.0794048 952.6 0.134853 0.0996691
2131.22 -0.836932 -1.12695 1587.51 0.780768 1.42349 4854.47 4685.93 0.136468 0.644465 0.889464 0.63718 214.463 2.78243 0.223294 5660.13 0.510963 0.0996691
1488.57 0.654976 0.353266 1284.54 -0.125214 -2.76075 3048.56 2832.18 0.58219 0.577806 0.794315 0.664701 23.4892 1.68303 1.1804 3032.86 0.972628 0.0996691
467.045 1.2541 -1.47926 457.729 1.89909 1.59691 985.692 967.47 0.64083 0.7428 0.7971 0.688647 23.5285 -2.99682 1.50349 917.478 0.0295432 0.0996691
2028.71 0.498787 -2.48403 1803.43 0.20634 -0.0211719 3696.81 3482.82 0.42933 0.365843 0.75976 0.641936 108.521 -1.59056 0.860839 5975.37 0.953097 0.0996691
1671.8 -0.0755237 0.214508 1291.27 -0.235302 2.90736 2891.39 2871.71 0.611619 0.591166 0.625592 0.565448 108.989 0.403737 0.191407 3822.85 0.477261 -0.0996691
352.217 -0.114558 2.15053 339.542 1.50717 -1.04583 948.231 881.095 0.73988 0.582209 0.621345 0.786357 23.0481 0.243264 1.28323 676.422 0.873221 0.0996691
534.489 -0.780852 0.347826 516.818 -1.28333 2.9488 1070.48 1016.28 0.866287 0.618688 0.86374 0.660356 159.207 -1.98533 0.722159 1286.61 0.672153 0.0996691
303.364 0.798882 1.05037 294.4 -2.94726 -1.95724 1995.12 1903.31 0.593859 0.605682 0.651162 0.50926 38.2111 2.62215 1.29378 590.493 0.993366 0.0996691
1420.87 0.395533 -0.25383 659.685 -1.67795 -2.53262 2975.43 2971.31 0.527982 0.706594 0.586391 0.751443 1042.77 2.93811 0.303325 3149.19 0.549886 0.0996691
704.699 -0.601176 -1.3461 626.903 0.284184 1.46189 1487.27 1325.47 0.72332 0.353615 0.701167 0.764023 31.8453 1.50724 0.175662 1625.02 0.271433 0.0996691
2280.47 -0.273204 0.996704 1201.99 -0.478956 -2.03593 3383.48 3135.31 0.173363 0.477649 0.733453 0.819071 595.686 -1.84934 0.179225 4116.98 0.371869 -0.0996691
1376.64 -1.42519 1.13804 1202.22 1.22935 2.04694 4654.39 4668.05 0.504368 0.657039 0.187755 0.745175 1461.8 -1.84968 0.0547874 3591.34 0.90351 0.0996691
781.302 -0.798445 -0.0592446 704.309 1.40664 3.00637 2497.75 2478.29 0.686489 0.343469 0.680507 0.862114 243.463 -1.11481 0.925126 1760.49 0.86042 0.0996691
732.895 0.150228 2.30627 602.119 -2.00274 -1.84518 2167.71 1855.57 0.740856 0.727257 0.658443 0.59737 634.256 0.0851652 0.519076 1849.1 0.579818 0.0996691
440.046 -0.243766 -1.38463 420.956 1.36099 1.66602 1225.63 865.87 0.268121 0.505215 0.805178 0.631773 32.8699 -0.823247 0.134251 976.391 0.532853 0.0996691
813.796 1.15463 -2.05479 754.805 0.742251 0.977874 1686.13 1423.35 0.541539 0.37697 0.618676 0.706266 110.524 2.03525 0.4107 1613.77 0.631203 0.0996691
1394.62 -0.854388 -0.377245 1253.8 0.367003 2.6689 3194.7 3076.86 0.229356 0.513107 0.838923 0.714256 90.1789 2.9012 0.25999 2824.88 0.967046 0.0996691
357.877 -1.81023 1.78985 273.887 -2.35147 -0.972981 682.315 463.712 0.600061 0.527795 0.766167 0.800004 74.6333 -1.99709 0.0168248 671.253 0.817126 0.0996691
429.967 2.40683 0.540808 375.165 0.190979 -2.40038 1369.75 1265.62 0.723073 0.665139 0.774246 0.875357 11.9958 2.0533 0.356022 841.031 0.931794 0.0996691
568.02 0.695022 1.14362 522.173 0.665905 -2.0395 1112.38 988.81 0.243398 0.489137 0.79757 0.757942 61.1836 -1.6995 0.0656505 1096.03 0.699519 0.0996691
537.326 1.96434 2.40092 285.524 1.69724 -0.646211 799.807 763.475 0.808894 0.752725 0.613931 0.617751 259.532 -0.872421 0.178363 829.661 0.340985 0.0996691
2769.65 0.027937 -2.00302 2425.65 -0.13145 0.792533 5171 5204.84 0.460162 0.616756 0.339101 0.512477 262.701 2.74239 0.734807 5985.8 0.875638 -0.0996691
1527.25 -0.332093 2.93607 1221.87 -1.08899 -0.396778 2961.89 2652.89 0.579823 0.363138 0.614235 0.810592 284.488 0.336874 0.20986 2928 0.587952 0.0996691
1655.28 0.646101 0.384846 1478.68 0.314637 -1.65585 2739.4 2713.49 0.705322 0.534833 0.51444 0.741418 82.7928 -1.03073 0.622064 5380.09 0.969415 0.0996691
1611.81 -0.814438 2.35583 549.535 0.20513 -0.932383 2400.72 773.006 0.255768 0.412015 0.774788 0.860171 1084.94 -0.770524 0.00504267 2360.15 0.467104 0.0996691
1203.64 0.435767 2.17103 557.758 -1.98613 -1.89273 2911.28 2940.39 0.321445 0.150948 0.889924 0.84127 830.224 -0.493634 0.0986042 1917.28 0.816478 0.0996691
1548.2 -0.352329 1.88969 1488.35 0.158013 -1.31033 3332.43 1965.03 0.348531 0.333791 0.470606 0.763702 59.844 -0.323983 0.428644 3201.19 0.928806 0.0996691
2246.19 0.0791858 -2.97878 886.8 -0.0539259 0.505801 2938.65 455.498 0.175451 0.409781 0.538128 0.681012 1405.59 -0.0401003 0.0745073 3197.46 0.763782 0.0996691
2051.4 -0.635064 1.99215 1792.87 -0.786048 -0.711627 3959 2951.16 0.330876 0.164904 0.738438 0.674834 584.009 -2.13556 0.140505 4134.59 0.872205 0.0996691
1226.02 -0.266101 -0.565818 1163.73 -1.34102 2.34845 2760.06 2688.27 0.60982 0.0343369 0.730575 0.827129 222.069 -0.903114 0.00234497 2776.46 0.851018 0.0996691
582.994 -0.846543 0.0279007 541.728 -1.0765 -3.0999 1144.8 1109.36 0.730218 0.561197 0.663422 0.498964 48.7528 2.97912 0.165082 1127.38 0.921361 0.0996691
439.268 -0.400211 0.68412 339.767 0.15859 -2.46989 816.349 802.055 0.644825 0.678356 0.82094 0.718293 80.2536 -2.48482 0.0159826 796.181 0.123689 0.0996691
2069.69 0.542765 -0.824193 1315.76 0.746257 1.90743 3292.11 3149.02 0.197647 0.368267 0.786539 0.700435 853.422 1.95976 0.0201924 4257.37 0.974762 0.0996691
1609.58 -0.345724 1.63674 1375.13 0.799833 -0.56221 3219.82 3213.27 0.559133 0.637649 0.623168 0.420701 218.626 -2.33729 0.0235648 4132.4 0.725794 0.0996691
1650.78 0.0761185 -1.57643 1450.44 -0.570262 1.66688 3262.85 3300.13 0.430416 0.458562 0.532386 0.728795 250.375 2.05093 0.38364 3422.87 0.0836159 0.0996691
1273.48 0.735255 0.114086 780.774 -0.625426 -2.4858 2427.27 2420.95 0.325586 0.685726 0.686183 0.716362 424.531 -2.40438 0.0864646 2764.58 0.3528 0.0996691
1574.86 0.411695 -2.96781 1329.21 0.503171 -0.338382 2868.93 2697.87 0.571832 0.508837 0.703169 0.846433 148.927 -0.571548 0.153898 4837.05 0.861907 -0.0996691
1187.67 0.975289 -0.814385 962.637 -0.905456 2.66474 3142.53 3129.45 0.620797 0.712475 0.879311 0.653517 32.8658 1.05004 0.462671 2569.14 0.883263 0.0996691
432.913 -1.54193 2.88054 385.884 1.12626 -1.85103 1564.65 1439.99 0.676229 0.702531 0.761002 0.793754 471.957 0.487821 0.268296 898.769 0.764211 0.0996691
818.322 -0.124388 -1.91257 764.043 -0.428024 0.906805 1595.64 1554.72 0.781492 0.766481 0.537964 0.759857 24.7339 2.90556 0.456663 1802.95 0.824405 0.0996691
1719.16 -0.417532 2.69459 1559.95 -0.739421 -0.459801 3398.48 2934.74 0.223246 0.401647 0.696782 0.488164 158.158 -0.324188 0.130035 3315.96 0.174317 0.0996691
537.822 1.63032 -2.15431 415.312 0.477557 0.688646 1109.32 1115.24 0.130807 0.666597 0.414682 0.730123 38.321 2.27567 0.768718 1117.7 0.58911 0.0996691
569.605 1.73652 -2.02218 526.532 -0.962932 1.1083 2275.31 2104.24 0.8904 0.855682 0.63415 0.84559 43.4212 1.45396 0.312604 1064.6 0.0873617 0.0996691
1592.64 0.301786 2.66478 1486.13 0.166996 -0.736232 3105.27 3012.48 0.741871 0.329931 0.804367 0.698515 51.4688 -2.15596 0.723964 3644.3 0.325952 0.0996691
1287.08 0.247711 -0.458656 441.869 2.0123 -3.06736 2109.06 2110.1 0.268601 0.58122 0.621038 0.490348 1018.84 2.44183 0.502638 1940.24 0.245348 0.0996691
271.468 0.675334 -1.62498 270.256 -1.33098 1.54907 850.455 778.375 0.76914 0.734334 0.856264 0.656194 19.2138 1.49129 0.124604 532.754 0.0607036 0.0996691
1242.7 -0.58562 2.2555 1176.73 0.900362 -1.08819 3120.32 3139.08 0.439995 0.714873 0.638139 0.699985 70.9059 1.75641 0.498883 2675.68 0.953439 0.0996691
432.623 0.219289 -0.0826157 422.885 2.30591 3.05844 1403.38 1223.28 0.802579 0.754726 0.814451 0.683565 9.24811 -2.9079 0.199584 792.549 0.853211 0.0996691
1731.57 -0.0911222 0.807234 1184.81 0.191106 -2.40025 2915.69 2897.14 0.592009 0.76057 0.520522 0.677711 101.579 -2.67684 0.262831 3418.92 0.202903 0.0996691
1369.16 -0.922345 -1.48093 1276.22 1.15953 0.245602 3851.06 3864.52 0.399559 0.27965 0.901918 0.712019 86.1287 0.389207 0.138491 4757.88 0.232954 -0.0996691
1981.57 0.27729 2.75442 1413.73 0.428348 -1.52053 2844.7 2875.15 0.540012 0.686479 0.346998 0.784296 123.251 -0.542256 0.0807521 5891.58 0.331502 0.0996691
1597.24 -0.514669 2.69713 1206.53 -0.396557 -0.187082 2781.67 2768.21 0.730397 0.695066 0.735747 0.778673 26.4157 -1.08719 0.159958 3781.53 0.63304 0.0996691
875.98 -0.638559 0.236956 813.741 1.54452 -2.54603 2822.41 2385.91 0.727841 0.285348 0.800132 0.627954 38.3843 1.46906 0.318352 2214.26 0.225765 0.0996691
2515.71 0.648398 0.396702 2226.58 -0.774182 2.73562 5709.19 5706.12 0.0719892 0.47894 0.850974 0.721734 621.076 -1.61514 0.0175488 6113.16 0.9463 0.0996691
1564.1 0.170656 -1.80906 1469.37 -0.0439974 1.64473 3026.48 3030.12 0.432422 0.537395 0.802013 0.888385 167.438 1.06484 0.577113 3473.02 0.159086 0.0996691
1493.41 0.249769 -1.8194 1390.27 1.65332 1.83858 3609.04 3457.85 0.56285 0.500246 0.701507 0.61253 366.21 2.66016 0.0547123 4142.73 0.938197 0.0996691
284.37 1.02429 2.70274 269.742 0.269606 0.820391 527.444 363.566 0.6265 0.564596 0.888126 0.681979 171.285 -0.899371 0.292502 781.629 0.558837 0.0996691
2158.89 -0.41877 -0.367859 1634.33 -0.680144 -2.18688 3028.1 3069.18 0.401526 0.144784 0.603476 0.674509 913.459 2.55847 0.145494 5718.24 0.980746 0.0996691
2221.32 0.0934561 -0.410292 1493.63 -0.00315982 3.05366 3631.85 3573.4 0.618925 0.573871 0.789961 0.773657 886.055 2.20808 0.163488 3798.88 0.968766 0.0996691
311.493 -1.3141 1.3238 306.432 0.934206 -1.86503 1063.32 972.948 0.768601 0.560338 0.792523 0.586576 10.2872 -0.399385 1.46016 569.764 0.0250439 0.0996691
1837.57 1.01437 -2.56452 1689.31 -0.0448405 0.610516 4204.7 2861.97 0.422267 0.720475 0.573564 0.498286 74.4884 1.23013 0.616777 3705.13 0.810341 0.0996691
469.312 0.321907 -0.781876 456.791 -1.65178 2.31763 1426.36 1345.19 0.761133 0.752924 0.912947 0.766326 25.0766 -2.20542 1.31256 908.487 0.993922 0.0996691
2058.92 -0.180698 1.09135 1713.52 0.680534 -2.50515 4040.56 4058.05 0.575612 0.283995 0.687878 0.750398 173.225 -2.39312 0.112941 5983.28 0.786643 0.0996691
731.891 -0.826063 -0.334275 700.826 0.0402247 2.74312 1595.03 1537.75 0.580728 0.565788 0.702204 0.808756 51.27 -2.49705 1.03787 1441.08 0.0451424 0.0996691
586.506 -1.29555 -2.47373 404.599 0.693321 0.834534 1527.38 1275.49 0.633899 0.551666 0.734329 0.515323 24.7339 -1.71816 0.757414 1363.03 0.411592 0.0996691
728.615 1.17185 -2.04996 381.824 1.17179 1.06067 1071.86 1008.45 0.747979 0.516948 0.715376 0.772782 88.7932 0.971029 0.0650985 1344.81 0.322058 0.0996691
802.81 -0.412395 -0.58362 779.644 0.165287 2.52141 1710.13 1464.16 0.816084 0.632748 0.937022 0.758908 34.9202 -2.95965 0.202707 1567.7 0.921202 0.0996691
354.136 0.948677 -0.907047 293.259 -0.0954719 1.99822 744.605 700.751 0.456229 0.772849 0.572724 0.751429 85.7367 2.21405 0.217975 708.4 0.174037 0.0996691
995.661 -0.940441 0.104552 969.843 0.915685 -2.89972 2912.47 2380.71 0.257492 0.603545 0.580337 0.735475 126.265 2.20555 0.777485 1979.79 0.903304 0.0996691
1548.44 0.054858 -2.15832 1062.52 1.29044 0.472515 3019.69 3028.05 0.513677 0.412863 0.806958 0.899154 70.8063 1.33192 0.370351 3366.2 0.479807 0.0996691
980.62 0.463059 -3.12417 915.532 -0.35236 -0.0682305 2082.2 2005.77 0.774489 0.636222 0.722719 0.455528 37.737 -0.565856 0.464608 1998.36 0.946776 0.0996691
1643.34 0.351187 1.79256 1219.28 0.22687 -1.36715 2860.71 2837.81 0.529385 0.608819 0.749527 0.772856 289.911 -1.67812 0.319439 3050.26 0.147598 0.0996691
2286.78 0.354448 -0.113632 1874.82 -0.156283 -2.42681 3961.58 3981.78 0.801083 0.517584 0.761046 0.513585 389.171 2.94189 0.548175 6027.31 0.465578 0.0996691
315.073 0.472772 0.468018 292.207 2.0807 -2.9016 822.089 791.7 0.808655 0.861416 0.785268 0.686187 20.1682 -3.00523 0.106055 664.448 0.126946 0.0996691
2701.91 0.693191 -0.0928601 1762.98 -0.0195831 2.68833 4854.93 3643.95 0.159437 0.588408 0.806025 0.533738 232.837 -1.53948 0.516346 5911.88 0.73969 0.0996691
2755.43 0.307138 0.255051 1753.05 0.153857 3.01679 4507.17 3258.03 0.312642 0.497739 0.416421 0.661891 162.762 -2.57689 0.226094 5707.03 0.274582 -0.0996691
1854.86 0.830948 -0.901443 1844.46 -0.260382 2.43306 4270.86 4222.24 0.277586 0.739679 0.795981 0.858971 1088.19 0.426762 0.529173 4900.42 0.928089 0.0996691
1040.31 -1.05541 -2.93635 773.422 0.514628 0.283102 2394.82 2328.83 0.655714 0.402495 0.804234 0.795753 351.081 0.0960228 0.186351 2238.57 0.136119 0.0996691
1641.76 -0.00745373 0.0940546 784.321 -1.40351 -3.00031 2868.62 2719.09 0.515772 0.697248 0.674103 0.656712 152.743 3.04925 0.195119 3397.06 0.390558 -0.0996691
2395.72 -0.591205 1.16812 1328.8 1.18548 -1.33389 5242.01 4169.95 0.174408 0.791633 0.30202 0.546331 537.122 -2.19531 0.328496 5537.14 0.710982 -0.0996691
1634.24 0.465174 -0.223003 1316.54 0.070006 2.5786 2975.92 2916.63 0.611572 0.71582 0.779281 0.613885 430.481 -2.56945 0.0698149 3072.74 0.878303 0.0996691
1500.54 -0.0577841 -1.72188 1367.59 -0.658545 0.627172 2801.23 2782.46 0.414938 0.695481 0.705786 0.591638 869.993 2.52333 0.0697696 3127.12 0.979879 0.0996691
416.493 0.330668 2.00873 284.542 1.61367 -1.15614 857.657 721.083 0.772886 0.618448 0.791226 0.816714 141.027 -1.0493 0.0466613 657.863 0.303933 0.0996691
1442.58 -0.226157 -1.35447 1397.15 -0.949586 1.91845 3044.84 3041.51 0.206014 0.660368 0.555115 0.770555 122.663 0.291456 0.66462 2914.58 0.927566 0.0996691
1658.97 -0.548993 3.05027 1575.75 -0.630629 0.156769 3263.5 2960.48 0.383911 0.473134 0.547349 0.519617 327.365 0.466945 0.234155 3851.76 0.197878 0.0996691
1495.43 0.531249 1.12601 1386.56 -0.501904 -1.64515 3268.72 2868.15 0.091093 0.314628 0.897967 0.780318 105.838 2.21767 0.714924 4689.36 0.503234 0.0996691
1642.98 0.071104 -0.271206 1522.43 0.657814 2.66804 3349.04 3126.72 0.181244 0.271996 0.85521 0.775533 121.205 -1.87636 0.503969 3502.71 0.886006 0.0996691
384.202 -0.910621 -0.0979849 380.891 -0.78664 3.10761 793.38 723.118 0.728833 0.767785 0.751879 0.703447 15.6039 2.05659 0.407973 738.355 0.898959 0.0996691
1177.29 0.0506161 0.288062 902.673 -0.483414 2.8116 2070.28 2023.93 0.5417 0.611088 0.720535 0.845319 215.82 -3.13901 0.327432 3276.78 0.335584 0.0996691
1705.75 0.193713 -2.71845 1603.53 0.0163314 0.0925139 3462.47 2828.89 0.248929 0.416476 0.622138 0.711904 75.5558 -2.99014 0.0221608 4085.41 0.135856 0.0996691
581.346 1.02582 0.698938 562.63 1.27129 -2.39204 1171.15 1149.36 0.772819 0.713885 0.684649 0.692655 34.6388 2.90639 0.985762 1159.93 0.0399665 0.0996691
2371.4 0.271564 2.89713 1281.66 -0.963797 -0.322261 4510.05 628.648 0.444932 0.139341 0.299186 0.825089 1111.26 -0.152654 0.130842 3915.56 0.526437 -0.0996691
1635.43 0.414294 2.1951 852.349 1.4537 -1.23091 2685.06 2685.42 0.677319 0.334849 0.830816 0.655021 649.627 -1.1389 0.0830127 3703.13 0.883703 0.0996691
408.285 -0.385603 1.59473 356.696 0.197564 -0.324945 690.241 637.648 0.655732 0.752279 0.842847 0.688446 196.419 -1.52618 0.635144 1062.85 0.789975 0.0996691
2534.39 0.36312 2.89696 470.038 -0.212044 -0.279506 2633.62 1214.32 0.123646 0.600239 0.656901 0.461789 1829.24 -0.201811 0.0465387 3314.42 0.476714 -0.0996691
1000.4 1.23972 1.23014 807.053 -1.23515 -1.89397 3378.67 3302.8 0.6416 0.302246 0.833609 0.578411 191.616 -2.02617 0.130687 1799.17 0.10041 0.0996691
688.649 0.272751 2.9384 649.808 -0.389127 -0.369082 1433.17 1383.23 0.637993 0.531065 0.485863 0.67081 108.107 0.152873 0.347365 1417.97 0.931944 0.0996691
636.973 0.576774 0.968182 541.631 0.41072 -1.95898 1205.02 1104.52 0.314613 0.315648 0.752203 0.771273 87.7571 -2.54917 0.136187 1312.67 0.799319 0.0996691
1345.26 -0.479575 1.97461 1320.97 0.318774 -1.28976 2947.22 2756.74 0.492412 0.478815 0.453952 0.577146 56.8084 -0.1168 0.694732 2845.89 0.936629 0.0996691
343.366 1.08975 2.28814 293.091 -0.479466 -1.17956 861.366 753.533 0.710437 0.619711 0.861385 0.804784 63.7643 1.78322 0.501505 802.5 0.240414 0.0996691
3140.7 -0.0239627 -2.79461 1205.44 0.267419 -0.118073 3987.78 3045.83 0.143205 0.613202 0.648894 0.627122 2110.07 0.603668 0.191047 4530.59 0.96217 0.0996691
2715.11 -0.0800895 -1.11985 2643.42 -0.35481 2.21835 5397.09 5465.87 0.599584 0.224577 0.688592 0.340553 1331.47 0.794415 0.200731 6347.51 0.925598 -0.0996691
451.944 0.618855 -2.77293 432.207 0.649605 0.486395 911.43 819.122 0.742411 0.739004 0.703838 0.723732 39.9804 -0.505052 0.964775 869.234 0.0612996 0.0996691
362.353 2.18974 -1.11796 319.701 2.06886 2.25731 683.005 685.602 0.439744 0.532485 0.676772 0.344794 55.5722 1.64969 0.608368 727.594 0.133469 0.0996691
513.402 -0.43322 -2.02401 503.561 -0.106188 1.11813 1045 1019.46 0.700103 0.335626 0.750882 0.699488 8.06376 2.51588 1.39304 1025.05 0.918556 0.0996691
1879.75 -0.0246394 -0.63894 1029.85 -0.909769 -2.81746 2849.57 2334.88 0.282304 0.744696 0.53839 0.642128 433.198 2.44906 0.102054 4215.72 0.713863 0.0996691
360.231 -0.600063 -2.38855 346.738 2.06792 0.699355 1441.54 1371.82 0.576103 0.727447 0.544466 0.807568 10.2328 2.56705 1.32759 682.399 0.0778711 0.0996691
1465.22 1.39499 -2.51668 1016.4 0.0645724 0.939744 3005.2 2925.58 0.703766 0.763738 0.752558 0.77127 124.452 2.60855 0.822957 3762.06 0.95636 0.0996691
2001.08 -0.838185 2.68388 1608.91 -0.00704177 -0.789064 3902.87 3848.69 0.744859 0.591995 0.671569 0.714892 1318.08 -0.63644 0.143271 4739.16 0.202626 0.0996691
2117.45 -0.372761 2.09224 1223.97 -0.5525 0.220268 2778.5 2386.87 0.510727 0.208523 0.195812 0.583347 723.563 -1.76681 0.0901588 4977.67 0.674977 0.0996691
1022.94 -1.16264 -1.16514 821.282 0.400621 1.48279 2421.53 2318.68 0.431192 0.556161 0.816395 0.735936 488.618 1.4975 0.0593549 2532.38 0.251074 0.0996691
1340.81 0.950989 -1.47367 1051.7 -0.74987 1.64928 3313.65 3233.02 0.67089 0.75774 0.873845 0.850921 183.024 1.82202 0.164838 2920.15 0.933232 -0.0996691
1640.75 -0.895029 -0.427525 1584.69 -0.208606 1.87102 3171.89 3149.64 0.712106 0.694416 0.864949 0.543149 360.889 -2.54997 0.125287 4232.18 0.582079 0.0996691
1736.23 -0.226995 0.389358 1590.68 -1.64267 2.95875 4108.16 4088.71 0.51671 0.499835 0.798246 0.751343 116.545 2.49964 0.144921 4391.99 0.330707 0.0996691
1186.31 0.377819 0.112989 527.908 -0.860333 0.525961 1117.45 1071.35 0.62783 0.68363 0.800796 0.661904 1510.65 -2.96229 0.133419 1913.2 0.858845 0.0996691
341.186 2.66566 -0.000728259 311.446 -0.405822 2.84614 1601.28 1457.26 0.5296 0.743489 0.793201 0.720191 110.063 -2.1715 0.880855 633.338 0.836842 0.0996691
1821 -0.0439267 -2.51463 1501.46 -0.62188 -0.472716 3022.26 2919.27 0.310615 0.540921 0.761726 0.678966 61.3066 -2.6278 0.0758133 5311.93 0.33969 -0.0996691
1174.05 0.758629 -0.109379 314.803 -1.56983 -2.85021 2132.8 1935.33 0.280337 0.691914 0.427581 0.781995 893.027 2.88036 0.529542 1503.25 0.640792 0.0996691
1783.69 0.668118 -1.69829 1744.09 -0.0722414 0.984324 3724.23 3621.04 0.32656 0.615724 0.409195 0.601749 224.83 2.56037 0.0564816 5090.74 0.430316 0.0996691
364.708 -0.324027 -0.361406 353.468 -0.892461 2.81104 763.354 732.446 0.702528 0.829884 0.893934 0.822662 24.5727 2.55563 0.254856 720.681 0.0128822 0.0996691
973.142 -1.50536 -1.50912 688.71 0.835323 1.63694 2904.12 2849.22 0.818742 0.462503 0.91046 0.664907 34.3467 -1.63482 0.127464 2129.11 0.171844 0.0996691
2441.81 0.663495 -0.636516 1958.4 0.297277 -2.94646 4295.52 3018.06 0.128448 0.527698 0.517597 0.663946 75.1802 0.777593 0.569731 6397.01 0.976377 -0.0996691
1442.08 0.310634 -1.88593 1288.21 -0.476041 1.22981 3006.44 2711.62 0.701887 0.523084 0.616091 0.656221 129.17 1.80732 0.540735 2925.18 0.124383 0.0996691
1475.25 -0.851267 1.00727 1437.12 -0.38949 -2.19803 3010 3006.76 0.57049 0.748049 0.681828 0.701052 75.0428 -0.91376 0.211078 2967.98 0.96241 0.0996691
639.372 -1.17243 -2.35018 331.779 -0.73343 0.845927 969.202 903.8 0.61306 0.673523 0.851743 0.765292 309.847 0.704191 0.112059 966.663 0.371756 0.0996691
1904.46 0.440671 0.561688 1893.73 0.232367 2.56696 3257.84 3221.47 0.559236 0.717773 0.693149 0.684187 910.87 -1.34362 0.0403992 5028.12 0.762226 -0.0996691
329.153 2.00173 0.248719 308.022 1.89802 3.06734 659.988 479.327 0.393966 0.733282 0.586962 0.7353 78.9146 -3.11885 0.0989533 817.813 0.411767 0.0996691
1479.34 -0.00213339 -2.43448 1268.76 -0.0567556 -1.00183 1815.8 1825.87 0.545213 0.639106 0.590029 0.775133 923.932 1.43164 0.113838 3938.74 0.453749 0.0996691
1368.63 -0.0621156 1.3263 1115.7 -0.22613 -1.96453 2502.33 2423.96 0.69959 0.660522 0.614604 0.723424 567.126 -1.92718 0.0286428 2939.98 0.684944 0.0996691
425.84 0.0657066 0.593759 406.536 0.77681 -2.52529 905.816 859.719 0.734072 0.794313 0.651576 0.621496 1.54605 2.44001 0.722783 838.423 0.8446 0.0996691
2320.99 0.571931 0.0308598 1820.52 -0.47907 -3.04788 4966.84 3868.34 0.254309 0.476196 0.439253 0.616906 406.572 2.92884 0.166837 4417.01 0.866416 0.0996691
1269.17 1.01335 -0.51576 1084.43 -0.502881 2.41024 3068.33 2936.27 0.662799 0.685011 0.743108 0.575147 155.41 -1.88285 0.0894376 3283.41 0.434742 0.0996691
2213.8 -0.366067 2.30268 2026.38 1.2573 -0.953763 5764.37 5518.26 0.513613 0.547024 0.662623 0.646008 229.726 1.04491 0.931151 4584.82 0.618512 0.0996691
1217.07 0.0838255 0.192872 971.441 0.973396 -2.99864 2411.12 2388.25 0.699969 0.561013 0.701729 0.766018 198.446 -3.07467 0.0745571 2288.53 0.113352 0.0996691
2427.28 0.269249 -0.435022 2134.75 -0.529952 2.75287 5063.43 3927.1 0.458928 0.166605 0.401948 0.885619 298.679 2.92681 0.117362 6278.24 0.33054 -0.0996691
749.354 0.175485 -0.621474 744.782 1.08613 2.43915 1666.05 1584.62 0.267368 0.559214 0.547417 0.726663 70.2473 -2.40902 1.25495 1497.21 0.828215 0.0996691
1084.21 1.11255 -2.62577 1072.24 -0.654681 0.844902 3059.51 2896.03 0.437941 0.615952 0.58106 0.890919 143.733 -0.576971 0.468563 2390.95 0.580276 0.0996691
