pT_j1 eta_j1 phi_j1 pT_j2 eta_j2 phi_j2 m_jj sm_jj tau21_j1 tau21_j2 tau32_j1 tau32_j2 met phi_met min_dPhi ht pt_balance delta_phi_j1j2 weight
1495.58 -0.103087 -0.201659 847.631 0.121279 2.08073 2085.31 2011.13 0.588566 0.670441 0.693835 0.682149 1072.24 -2.68072 0.514405 3268.53 0.695731 1.96382 0.0996691
1905.93 -0.608134 3.0112 877.139 -0.256793 -1.25709 2297.96 2267.23 0.64168 0.20927 0.426384 0.498468 678.929 0.542184 0.00788325 3833.64 0.770344 2.4769 0.0996691
1117.74 -1.25697 -0.256163 492.931 1.37789 1.8435 2894.93 2596.34 0.494569 0.16662 0.472339 0.617114 697.95 3.00848 0.170921 2078.1 0.743 2.86356 0.0996691
1387.15 0.386385 2.56686 -1 -1 -1 -1 817.331 0.56528 -1 0.513051 -1 1234.27 -0.589461 0.22414 1544.2 0.950983 2.93201 0.0996691
1334.8 0.135044 -0.668702 402.028 1.74889 -0.569629 1398.97 1252.15 0.345561 0.284931 0.363445 0.646245 1637.35 2.50155 0.0019896 1819.39 0.887621 3.09624 0.0996691
2096.49 0.115554 -2.26043 1318.85 0.0706684 0.373798 3280.15 3064.9 0.711923 0.528038 0.87709 0.677194 902.944 0.381081 0.013238 4494.33 0.966694 3.05276 0.0996691
1553.85 0.289489 0.269814 1541.62 -0.116729 2.73172 3041.35 2196.39 0.539831 0.156345 0.687135 0.845235 1383.74 -2.24325 1.10461 3863.19 0.388772 2.66539 -0.0996691
1633.35 -1.19162 0.583933 725.449 0.502942 -2.50924 3048.9 2664.17 0.446941 0.397853 0.530682 0.774805 937.27 -2.60441 0.133065 2310.89 0.470347 3.07136 0.0996691
1091.56 -0.44964 2.15097 -1 -1 -1 -1 454.739 0.138416 -1 0.676743 -1 992.423 -0.924135 0.188649 1349.7 0.750337 2.83383 0.0996691
1652.42 -0.0690947 2.17876 1095.83 0.820885 -1.23601 3145.55 477.151 0.122894 0.340653 0.637562 0.644993 905.457 -0.992803 0.0939294 3355.78 0.292235 2.79895 -0.0996691
1524.01 0.0685109 1.79998 925.228 -0.562497 -0.283853 2206.2 1995.47 0.248002 0.37206 0.700547 0.460609 1024.21 -2.25236 0.0304337 3002.08 0.885946 2.20041 -0.0996691
1308.36 0.34362 -2.29957 658.132 -0.455709 0.875828 2037.8 1924.23 0.483113 0.563674 0.58347 0.73371 654.316 0.800338 0.0783309 1920.9 0.314263 3.10564 0.0996691
1362.13 -0.0568534 2.74835 263.184 0.0758764 -0.551121 1276.89 368.232 0.516165 0.494511 0.616689 0.605241 1251.16 -0.506695 0.0456998 1763.24 0.0377106 3.08159 0.0996691
1748.39 -1.38748 0.674115 1065.41 -0.394815 -3.13347 2989.85 2738.9 0.524336 0.525429 0.420191 0.668046 632.936 -2.72796 0.021431 3671.38 0.891271 2.8597 0.0996691
1456.71 -0.653859 0.758923 388.509 -0.081056 -2.30234 1579.44 1552.33 0.0843576 0.468922 0.541773 0.567824 943.587 -2.26079 0.0413864 2141.44 0.878143 3.07872 0.0996691
1088.58 0.186064 -0.997496 731.913 -2.2371 -1.83318 2842.52 2802.65 0.537476 0.379546 0.687776 0.512831 1154.5 2.01872 0.0853519 3059.29 0.260748 3.09664 0.0996691
1127.67 -0.120876 0.991364 417.681 1.25737 -2.09671 1725.58 1565.21 0.674033 0.703329 0.653301 0.714589 710.37 -2.20637 0.0700467 1521.94 0.516886 3.13483 0.0996691
1964.13 0.495036 -0.465707 1223.36 -1.15664 1.66636 4027.17 2529.32 0.534948 0.0885934 0.817162 0.611366 1357.18 -2.63303 0.59591 3884.74 0.984681 1.59038 -0.0996691
1993.63 -0.388849 -0.551378 1462.34 -0.214701 1.38499 2926.81 2533.93 0.171012 0.265913 0.753944 0.765731 1244.92 -2.97815 0.00183201 4354.04 0.9479 2.50472 0.0996691
1528.88 -1.22195 -1.8972 -1 -1 -1 -1 1002.31 0.151776 -1 0.817627 -1 1331.74 1.22113 0.0479172 1709.16 0.76675 3.11654 0.0996691
1628.05 -0.306399 -1.93668 -1 -1 -1 -1 479.653 0.0993297 -1 0.673273 -1 1585.97 1.26759 0.338815 1951.63 0.458442 2.89995 0.0996691
1667.19 -0.333484 2.73199 407.49 1.13551 -0.886431 2103.28 1908.16 0.494324 0.684741 0.627673 0.74142 993.616 -0.295563 0.123657 2345.54 0.710314 2.90483 0.0996691
1565.56 -0.802693 2.39205 677.074 -2.30696 -2.00039 2390.26 2379.87 0.154254 0.545047 0.328568 0.357056 1145.5 -0.509915 0.0605885 2682.65 0.935607 2.84138 0.0996691
2069.41 1.06147 0.959498 1867.26 -0.233075 -2.12713 4945.61 3592.99 0.613334 0.173886 0.485487 0.706263 1001.62 -2.31274 0.0378356 4691.66 0.791644 3.10256 0.0996691
1913.5 0.0996682 1.29375 1867.72 0.510905 -1.06693 3616.71 3590.24 0.169422 0.486441 0.59728 0.324176 1140.99 -2.49937 0.29245 4521.57 0.96118 2.78136 0.0996691
1227.05 -0.050292 0.531625 397.721 -0.693739 -2.62948 1520.85 1311.34 0.32112 0.397935 0.394305 0.582191 1108.84 -2.62022 0.012136 1920.48 0.445823 3.05912 0.0996691
1743.8 0.116919 -0.436906 1227.41 -0.782424 1.43383 2773.77 2532.8 0.447196 0.680783 0.808855 0.696087 2392.34 -2.87793 1.52657 3409.41 0.966397 1.35247 0.0996691
2055.24 0.616262 -1.82611 1143.09 -1.03245 0.233092 3862.49 3846.82 0.505093 0.0825096 0.573252 0.624608 1195.67 2.40601 0.260323 4393.78 0.583479 2.43524 -0.0996691
2230.14 -0.865497 -2.5765 1286.48 -0.143576 -1.35561 2312.57 2308.48 0.645387 0.422706 0.595893 0.41615 1495.16 1.10019 0.178762 4979.64 0.39218 2.78495 0.0996691
981.521 -0.649476 -2.64003 -1 -1 -1 -1 1099.98 0.698689 -1 0.639847 -1 737.31 0.5019 0.0208251 1200.56 0.635157 3.12111 0.0996691
1935.18 0.443221 -1.8148 1732.15 0.912725 0.580867 3531.82 3496.63 0.399068 0.333711 0.699153 0.59872 852.62 2.31264 0.337913 4017.36 0.830812 2.50132 0.0996691
1986.75 -0.084485 0.154524 1503.62 -0.065918 2.59897 3299.43 2326.52 0.550261 0.617831 0.571684 0.548486 993.139 2.8475 0.231395 4986.24 0.95079 2.98037 0.0996691
2080.82 -0.360645 -1.82561 1835.05 -0.367206 0.894258 3853.21 3816.92 0.620622 0.511103 0.487168 0.646524 750.958 1.10656 0.106184 4975.29 0.953516 3.03828 -0.0996691
1842.45 0.646749 1.45341 1091.7 0.362699 -0.77137 2597.09 2524.22 0.656103 0.572033 0.509154 0.581394 2048.27 -1.98626 0.00345194 4099.35 0.695059 2.86149 -0.0996691
2687.47 -0.0079137 -0.143891 784.418 -1.5867 -2.04686 3497.71 3448.01 0.4 0.543417 0.729127 0.56363 1939.98 2.69755 0.0260072 4045.49 0.656356 2.8153 0.0996691
1348.64 0.775495 1.34173 422.51 -0.241512 -1.32351 1678.7 1646.95 0.58097 0.687711 0.661877 0.730968 961.778 -1.58134 0.256151 2272.41 0.568412 2.66467 0.0996691
1150.32 -0.476909 1.11878 522.897 0.878209 -2.23455 1935.83 1861.25 0.729567 0.310144 0.677225 0.545067 704.825 -2.34198 0.107011 2074.93 0.873107 3.12148 0.0996691
1031.58 -1.5816 -2.41374 978.747 1.6271 -0.992109 4975.39 4943.63 0.642804 0.585611 0.756581 0.751763 1377.35 1.89601 1.51472 2703.12 0.780027 1.3735 -0.0996691
650.5 1.86263 2.03591 609.737 -1.16584 2.62271 2758.31 2626.35 0.547956 0.616711 0.838446 0.834745 1025.87 -0.911701 0.0516614 1558.23 0.612899 2.87625 0.0996691
692.431 0.678112 0.292367 596.391 -1.56954 2.23266 2074.07 1992.26 0.75498 0.431841 0.684093 0.784902 636.218 -1.59787 1.18385 1543.97 0.717292 1.69037 0.0996691
2491.04 -0.00999889 0.66318 1258.23 0.09261 -1.33234 3011.01 2419.6 0.371993 0.523708 0.674303 0.627271 2012.91 2.95261 0.141451 3400.18 0.844256 2.42976 0.0996691
1604.95 1.13943 1.35204 1488.77 -0.00946952 -0.933941 3473.71 2663.48 0.23362 0.308682 0.508385 0.654926 1040.81 3.03611 1.31195 3567.74 0.660189 2.57206 0.0996691
833.499 -0.491801 0.719483 378.847 0.841658 -2.30587 1390.27 1345.47 0.68734 0.716771 0.566852 0.76113 717.151 -2.29872 0.00729442 1432.72 0.394937 3.02313 0.0996691
1823.87 -0.708966 -2.73826 1363.57 -0.971574 1.34599 2878.32 2827.13 0.528947 0.639162 0.661227 0.618783 834.522 -0.0212052 0.0466714 4225.09 0.977346 2.76933 0.0996691
2562.6 -0.408945 -2.90142 947.658 -1.70631 0.128042 3827.43 3795.25 0.437074 0.681263 0.527063 0.441998 863.022 0.135753 0.00184146 4273.68 0.467179 3.03924 0.0996691
827.296 -0.527239 1.2927 -1 -1 -1 -1 438.361 0.34991 -1 0.546435 -1 777.165 -1.81263 0.0358033 904.005 0.328559 3.09498 0.0996691
1378.12 0.0214607 0.882446 1014.84 -1.61545 -1.48988 3108.99 3065.82 0.337035 0.575229 0.674914 0.754917 815.421 -2.60617 1.11774 2922.96 0.402878 2.36374 0.0996691
1406.51 -0.167082 1.34555 404.373 -0.983566 -1.84261 1708.05 1214.73 0.319983 0.625451 0.826781 0.858085 957.52 -1.74936 0.0693696 1765.93 0.834814 3.00474 0.0996691
2659.31 -0.593405 -0.293798 1295.29 0.53371 3.05697 4725.98 1250.84 0.180278 0.112622 0.360558 0.420002 1190.4 2.72951 0.0186846 4570.15 0.818728 3.01497 0.0996691
1235.78 0.148971 -2.30954 493.052 -1.11746 -2.1138 1185.21 828.964 0.306794 0.51423 0.700835 0.682757 1674.17 0.882081 0.22356 1731.82 0.643825 2.97639 0.0996691
1623.9 -0.332881 2.11126 1276.36 -0.212663 0.0184285 2508.57 2492.13 0.386923 0.461511 0.367385 0.722348 1068.53 -2.50368 0.0124147 4734.09 0.398625 2.50882 -0.0996691
936.108 -1.68728 1.42887 -1 -1 -1 -1 201.085 0.575209 -1 0.746344 -1 923.269 -1.70643 0.115778 945.051 0.944947 3.07375 0.0996691
1809.36 -0.689013 2.65041 690.778 -2.13861 -0.942555 2812.04 2787.37 0.635245 0.577077 0.561076 0.65914 679.901 -0.768701 0.159751 3505.73 0.614999 3.02627 0.0996691
1684.47 0.366481 -1.98155 1502.57 -0.097263 0.176606 2908.62 2896.15 0.586582 0.162958 0.756748 0.235253 1191.35 2.68279 1.16827 4091.52 0.970194 2.6052 0.0996691
806.938 -0.0235043 1.44358 -1 -1 -1 -1 822.421 0.636237 -1 0.734292 -1 624.582 -1.6594 0.0188258 945.288 0.646284 3.08996 0.0996691
1045.52 -0.183566 -0.559353 506.537 1.19404 -2.97258 1797.5 1629.59 0.749715 0.480654 0.766188 0.644551 783.204 2.39239 0.923435 1757.87 0.934215 2.17539 0.0996691
1337.98 -0.256066 -2.8022 379.165 0.779278 0.287214 1631.61 1564.79 0.575408 0.756767 0.778661 0.870951 834.546 0.333343 0.0435621 1740.93 0.576397 3.09486 0.0996691
771.483 0.0219582 -1.9324 -1 -1 -1 -1 623.532 0.67826 -1 0.62867 -1 632.245 1.1935 0.073192 883.58 0.728202 3.04671 0.0996691
2596.33 -0.390877 2.6291 1145.2 0.441145 -0.555197 3863.36 3079.72 0.419526 0.327881 0.408344 0.561488 2039.63 -0.588561 0.0124745 4368.04 0.558852 3.05556 0.0996691
809.571 -0.385219 2.25314 -1 -1 -1 -1 341.32 0.305661 -1 0.774041 -1 686.065 -0.92124 0.154125 886.027 0.707161 2.93888 0.0996691
1714.66 -0.0977798 1.71116 973.025 1.54802 -1.75859 3528.02 2577.23 0.490857 0.514741 0.484987 0.500848 1126.05 -1.42445 0.140872 3132.55 0.486668 3.00633 0.0996691
1502.93 -0.35301 -0.788583 450.212 -0.798578 1.81629 1646.71 1638.8 0.230421 0.271078 0.38123 0.543076 979.574 2.53566 0.0465326 2445.31 0.338145 3.04291 0.0996691
1217.9 -0.304046 2.34282 1050.41 -1.00146 -0.633213 2470.82 1993.59 0.00753465 0.665257 0.356531 0.675401 1165.49 -0.965427 0.00513011 3206.7 0.683052 3.01061 0.0996691
2821.62 -0.170694 0.651819 1026.79 -1.14968 -1.89555 3785.42 3128.53 0.654944 0.457268 0.6958 0.624636 1736.43 -2.65315 0.0191607 4296.81 0.823631 2.95725 0.0996691
2371.95 0.0941658 -2.49911 2340.1 0.126431 1.51406 4461.98 3197.77 0.00913844 0.372556 0.584996 0.637127 1779.24 -0.442926 0.0308956 4920.57 0.936168 2.30143 0.0996691
2169.47 -0.325859 -1.51592 1098.9 -0.440608 1.95598 3078.17 2973.99 0.629207 0.770079 0.688167 0.641852 1013.89 1.38576 0.124709 3533.74 0.791096 3.05342 0.0996691
1743.94 0.0796217 -1.98019 1138.77 -0.593138 0.395715 2803.18 2769.84 0.497398 0.591733 0.506426 0.308172 1188.62 1.85739 0.0394201 3869.1 0.257028 3.13925 -0.0996691
759.911 -0.617486 1.10695 277.152 -0.807532 -0.146734 595.668 488.544 0.658927 0.713538 0.655698 0.726958 850.118 -2.36042 0.376081 1035.08 0.90096 3.10419 0.0996691
1343.15 0.14053 -0.91487 468.764 0.333211 2.46779 1590.1 1574.55 0.661722 0.50456 0.501467 0.554165 1186.02 2.17782 0.295589 2238.7 0.498252 2.89352 0.0996691
2297.72 0.0284366 -0.795129 1399.77 -0.035033 1.81058 3715.68 2921.74 0.348367 0.572991 0.425688 0.777892 822.942 3.03114 0.193837 4596.86 0.510769 2.86566 0.0996691
2382.52 0.063002 1.79055 1271.81 -0.841839 -0.623302 3641.15 3630.02 0.573616 0.550971 0.358617 0.407867 626.08 -1.44894 0.0600058 4704.71 0.971601 3.1037 -0.0996691
862.506 -0.795616 0.45215 567.231 -1.51093 -0.920858 1085.99 861.632 0.393914 0.269277 0.586336 0.330901 676.459 -2.85836 0.0888689 2056.35 0.478284 2.87664 0.0996691
1085.72 0.407474 2.45901 427.747 -0.873269 -0.262766 1641.87 1621.32 0.607369 0.606844 0.579758 0.71308 724.698 -0.921029 0.653812 1501.74 0.478317 2.7267 0.0996691
1015.94 -1.53846 3.13482 -1 -1 -1 -1 467.401 0.52437 -1 0.582985 -1 990.202 -0.0824512 0.0127856 1333.22 0.658973 3.13546 0.0996691
1833.76 0.0619622 0.896114 1709 0.954047 -1.58339 3772.23 3638.23 0.662979 0.293342 0.810459 0.739666 703.559 2.10773 0.180502 4331.25 0.971108 2.77018 0.0996691
1237.07 -0.33126 2.40156 1024.26 -0.782139 -2.9594 1146.67 1130.82 0.398805 0.381452 0.663249 0.613054 1224.62 0.0659823 0.236434 3363.69 0.715205 3.01801 -0.0996691
1889.93 -0.719402 0.248647 951.034 -0.51371 2.23365 2265.9 2262.86 0.246458 0.475232 0.622281 0.248442 991.358 -2.72668 0.0752645 3740.72 0.899369 2.89923 -0.0996691
2091.43 0.636487 3.03534 1671.76 -0.388497 -0.516943 4330.78 2766.29 0.50561 0.217887 0.572808 0.792137 627.097 -0.656173 0.0407556 4930.85 0.898081 3.02588 0.0996691
2660.93 0.400872 -0.353056 1748.85 0.560158 -2.98916 4550.29 3195.39 0.210498 0.501395 0.582762 0.776126 1297.29 2.168 1.12603 4541.38 0.38016 2.36946 0.0996691
2245 -0.202891 1.52231 1687.68 -0.266946 -1.13625 3881.88 3579.45 0.75643 0.568482 0.534317 0.544674 642.162 -2.41933 0.238746 4753.33 0.201674 3.06146 0.0996691
2587.42 0.138729 2.80968 1244.48 0.855197 1.07389 3072.19 2960.89 0.702938 0.688969 0.558507 0.639286 1474.35 -0.741155 0.00382888 5347.28 0.774325 3.13523 -0.0996691
1750.92 -1.33032 1.00726 1586.24 0.619736 -3.01054 4928.91 4274.88 0.0826456 0.372096 0.533214 0.765376 890.148 -0.364007 0.357757 4862.79 0.871334 2.56665 -0.0996691
1650.76 0.612936 -2.51522 952.066 -0.0134161 2.57294 1661.82 1652.88 0.578878 0.374283 0.525625 0.498261 1693.2 -0.0972725 0.171566 3657.98 0.518687 2.84319 0.0996691
785.635 1.18223 3.00692 -1 -1 -1 -1 618.623 0.44489 -1 0.691036 -1 628.155 -0.157648 0.101883 907.784 0.732362 3.06067 0.0996691
2440.42 0.381495 -0.596659 645.491 -0.1488 2.39727 2615.39 2569.97 0.115712 0.654575 0.482361 0.849419 1628.64 2.80362 0.0246871 3874.52 0.775283 2.90772 0.0996691
1652.39 0.924481 -1.44928 921.591 0.416001 -0.215106 1595.14 1544.92 0.503121 0.694061 0.767548 0.797586 2050.86 2.07551 0.258057 2584.88 0.941097 2.50056 0.0996691
2289.82 0.0859488 1.26787 2140.06 1.20971 -1.47348 5088.59 4982.58 0.261416 0.698658 0.678808 0.727761 644.965 1.68857 0.20415 5557.69 0.977146 2.9546 0.0996691
1862.1 -1.41138 2.95733 1497.3 0.64003 0.875589 5041.89 4490.09 0.669972 0.429526 0.780481 0.556949 940.259 -1.57876 0.106522 4809.03 0.251841 3.02702 0.0996691
2638.53 0.724902 2.3127 2032.85 0.836992 -1.11241 4868.1 3621.36 0.221054 0.700936 0.302703 0.586836 876.918 -0.0347142 0.113059 4776.09 0.686089 2.52718 0.0996691
1394.71 0.159408 0.132954 1192.54 0.334441 -1.40769 1827.48 1803.87 0.693067 0.534435 0.622817 0.501993 1741.87 2.55756 0.0877988 2639.96 0.91479 2.51395 0.0996691
922.598 0.866189 -3.06151 675.716 -0.906811 -2.63776 1727.83 1476.79 0.339965 0.438314 0.665836 0.761761 936.118 0.259542 0.0369948 2216.68 0.595416 3.0688 0.0996691
1719.01 -0.348941 0.0995907 597.959 0.761601 -2.12674 2200.22 2062.18 0.732025 0.760433 0.627428 0.73446 1119.86 2.9369 0.140005 2597.43 0.766296 2.69936 0.0996691
1060.82 1.71064 -1.29703 936.16 0.321696 0.0497937 2247.58 1425.85 0.351992 0.578726 0.720962 0.708605 831.416 2.76989 0.0248163 3039.87 0.907976 2.95815 0.0996691
1137.18 -1.14192 2.80643 283.343 -0.963191 0.923695 950.901 879.941 0.593342 0.794392 0.764499 0.731644 840.404 -0.620893 0.055442 1571.43 0.714424 2.90782 0.0996691
2040.93 0.0857339 -0.37705 1069.87 0.463193 2.57087 3038.33 2907.38 0.575452 0.472254 0.782759 0.826439 987.248 2.97037 0.143943 3093.39 0.955946 2.78771 0.0996691
796.749 -0.119836 0.761052 675.398 -0.872244 -1.50115 1502.86 1110.58 0.610988 0.312248 0.559959 0.766282 648.908 2.90646 0.800932 1482.51 0.898108 3.08526 0.0996691
2660.91 -0.129656 1.57637 2575.64 0.321867 -1.93523 5342.94 5223.74 0.612195 0.467823 0.707722 0.483955 668.043 -1.84872 0.0879902 6388.42 0.877652 2.95219 0.0996691
733.414 -0.228275 -0.246512 -1 -1 -1 -1 375.147 0.134151 -1 0.735147 -1 680.397 2.86346 0.224161 777.247 0.884478 2.94793 0.0996691
1359.46 0.331189 -2.98493 -1 -1 -1 -1 613.561 0.111265 -1 0.807432 -1 1326.68 0.218224 0.0982249 1461.01 0.954738 2.98126 0.0996691
1761.25 -0.232308 -2.55853 -1 -1 -1 -1 824.967 0.249801 -1 0.110205 -1 1634.37 0.57922 0.0529062 2013.67 0.484047 3.07839 0.0996691
946.52 -0.462339 -0.7348 560.242 0.721756 -2.45903 1471.45 1404.83 0.572846 0.489931 0.428925 0.715677 1044.19 1.85967 1.94495 1533.79 0.960197 0.802189 0.0996691
1400.92 -0.59642 -2.22296 511.789 0.8031 0.248523 2074.01 1903.9 0.342408 0.579289 0.588588 0.687424 640.794 1.2784 0.367126 2416.2 0.85652 2.72408 0.0996691
2066.75 0.485105 -0.465762 1391.07 0.157241 1.59169 2977.3 2934.09 0.64532 0.634237 0.687174 0.657369 1368.7 2.96286 0.215216 5461.52 0.396345 3.06881 0.0996691
861.88 0.629435 -2.45419 543.229 -0.607088 -0.456454 1541.93 1086.69 0.392887 0.484044 0.762626 0.771442 925.851 1.15505 0.00269556 1823.67 0.407646 3.12575 0.0996691
1819.29 -0.129412 -2.40516 660.983 -0.107641 0.769608 2219.19 2133.67 0.23717 0.639753 0.445079 0.496444 1145.08 0.807196 0.0822226 2482.76 0.490467 3.13037 0.0996691
2243.28 -0.636593 -0.732766 1387.46 -0.780783 1.79211 3570.76 2886.82 0.146362 0.751447 0.516572 0.701242 1189.38 2.96995 0.074857 3875.01 0.728257 3.0188 0.0996691
1556.77 -0.153223 0.710514 1221.45 0.119123 -1.48672 2503.59 2430.34 0.291224 0.746426 0.713709 0.75925 1302.06 2.95079 0.0608661 3199.69 0.0815951 3.11735 0.0996691
1675.12 -0.0424426 -0.756298 474.776 0.629044 2.55061 1979.34 483.846 0.100576 0.638209 0.838329 0.731815 891.575 2.42712 0.0710156 2457.16 0.355252 2.99282 0.0996691
1965.18 -0.618343 0.686064 1063.23 -0.116953 2.8988 2794.98 1721.56 0.25806 0.443148 0.0808067 0.754285 685.906 -2.66248 0.0812399 4576.26 0.93197 2.85355 0.0996691
1945.41 -0.596396 1.90817 1024.08 0.152271 -1.80177 2938.36 2859.42 0.537032 0.554056 0.602927 0.566342 1697.41 -0.552873 0.0603783 4462.77 0.5167 3.08317 0.0996691
1493 0.162083 1.08274 590.476 -0.135186 -1.19651 1742.45 1724.73 0.591045 0.591819 0.598528 0.595526 1094.04 -2.46639 0.207443 2162.31 0.926548 2.94074 0.0996691
2098.75 -0.856852 0.724211 1403.53 0.147611 2.73254 3564.66 2851.09 0.16887 0.425824 0.534991 0.551755 1935.3 -1.6907 0.133263 3616.7 0.914705 2.65487 0.0996691
968.294 -0.516935 1.63124 266.82 1.65191 -1.40475 1694.95 1393.79 0.613563 0.77526 0.541682 0.616757 704.045 -1.43737 0.0309435 1185.16 0.662675 3.10829 0.0996691
2098.27 0.772441 -1.04157 1622.65 -0.776572 1.10422 4559.59 4463.33 0.0620512 0.323016 0.40705 0.281091 764.891 2.09902 0.0235515 5232.35 0.894069 3.11704 -0.0996691
1301.04 0.309055 -1.34926 464.994 -0.863532 -2.37578 1282.66 1197.6 0.307719 0.721299 0.551778 0.68541 1285.04 1.51591 0.0761259 2104.75 0.607507 2.94108 0.0996691
1633.8 0.251546 -0.426934 1406.46 0.751689 -3.0763 3057.91 3027.06 0.729237 0.35776 0.718662 0.595083 941.53 0.43727 0.357456 4289.51 0.817218 2.41172 -0.0996691
1856.03 -0.388713 -2.61893 1535.9 0.0644129 -0.272056 3285.59 2967.34 0.524907 0.0851718 0.769492 0.717849 855.891 1.8616 0.634607 4115.67 0.897829 1.58515 -0.0996691
2098.72 -0.89137 1.2553 1416.1 0.440102 -0.521576 3678.49 3611.03 0.606548 0.622702 0.546502 0.554741 1844.14 -2.54509 0.224787 3957.78 0.802519 2.25908 0.0996691
1523.56 -0.262873 1.04138 -1 -1 -1 -1 279.563 0.417747 -1 0.481213 -1 1503.77 -2.03971 0.0329924 1572.88 0.95144 2.99401 0.0996691
1403.08 0.318113 2.39075 427.948 0.293253 -0.773457 1566.64 1516.61 0.664021 0.488591 0.68928 0.445177 1087.82 -0.820094 0.0602232 1950.67 0.537861 3.13445 0.0996691
1621.13 1.05706 -1.31195 1430.39 -0.571129 0.392594 3676.43 2411.97 0.104055 0.735629 0.696552 0.619463 601.621 2.64437 0.104706 4373.86 0.362629 2.58279 0.0996691
1909.8 0.169924 -2.10386 1179.62 -1.15466 -0.753005 2858.79 2837.43 0.543746 0.598371 0.215289 0.759374 1223.34 1.8027 0.303934 4688.12 0.381348 2.85446 0.0996691
1705.81 -0.501338 -0.467752 1390.58 0.131786 -2.55004 2948.64 2572.42 0.239998 0.601756 0.895223 0.525843 788.244 1.79928 0.0410612 3814.43 0.466866 2.35952 0.0996691
2871.22 -0.283225 -1.5869 1383.82 -0.0370584 1.84517 4154.93 3298.22 0.432893 0.605576 0.618932 0.820071 839.568 1.95021 0.0594532 5343.63 0.269697 2.91967 0.0996691
1133.65 -0.654395 -3.01608 402.455 0.493946 -0.042435 1646.13 1454.12 0.478453 0.446681 0.347813 0.763803 719.788 0.323718 0.359549 1624.74 0.453572 2.86015 0.0996691
837.064 1.50694 -2.92285 819.43 -1.02587 -2.28385 2758.8 2705.5 0.609826 0.592595 0.561855 0.58641 1607.51 0.292709 0.0386201 2277.67 0.560455 3.03301 0.0996691
757.216 -1.34002 2.15121 -1 -1 -1 -1 1501.94 0.516035 -1 0.607013 -1 650.044 -1.13708 0.195934 1107.62 0.558598 2.80474 0.0996691
1963.14 0.065437 1.34951 272.752 -0.646092 -1.67291 1872.52 801.789 0.185178 0.642181 0.496568 0.570805 1579.48 -1.79126 0.0646566 2456.26 0.368389 2.90974 0.0996691
1383.2 0.486507 -2.32787 -1 -1 -1 -1 1087.93 0.735601 -1 0.677412 -1 1174.32 0.75247 0.0404214 1641.93 0.7524 3.1276 0.0996691
1803.93 -0.284526 -0.0835454 1165.23 -0.65009 -3.01563 2993.42 2506.07 0.139444 0.520775 0.186618 0.399135 623.683 2.72417 0.0156126 2999.82 0.795446 2.81865 0.0996691
1140.28 -0.0562301 -1.67212 1064.39 1.0173 -0.0714368 2053.59 1946.8 0.478928 0.469774 0.728351 0.69023 1221.13 1.7396 0.107105 3524.38 0.851602 2.86111 0.0996691
1384.31 -0.567338 2.21014 639.67 0.146174 0.389395 1654.5 1629.6 0.177046 0.659224 0.476656 0.671165 971.803 -1.40523 5.72205e-05 2450.37 0.569114 2.66703 -0.0996691
2332.27 0.369898 -1.52789 1637.99 -0.164554 0.588944 3580.79 3565.5 0.0115333 0.675409 0.564472 0.842225 766.894 1.93964 0.187223 5410.08 0.728166 2.62874 0.0996691
1175.47 0.276375 2.73311 344.128 1.7461 -0.150423 1673.62 854.26 0.687061 0.419395 0.729115 0.54585 629.522 -0.718672 0.0780042 1854.13 0.913999 2.93288 0.0996691
890.141 1.32363 0.518757 517.808 -0.323069 -2.79954 1871.89 745.663 0.71917 0.80659 0.8787 0.472167 698.319 -2.77535 0.00200653 2069.2 0.334052 2.98686 0.0996691
2025.25 0.286374 0.473908 1632.44 0.00830928 -2.17689 3777.4 3050.77 0.62303 0.0510379 0.663974 0.637984 611.227 -2.1822 0.364083 4983.49 0.951088 2.75861 0.0996691
2650.55 0.347202 -2.32279 2013.65 0.00194306 0.809447 5088.47 1191.21 0.194864 0.283564 0.793973 0.692955 625.077 0.785383 0.00977707 4751.28 0.284334 2.98606 -0.0996691
1594.76 0.0615053 2.24873 445.348 1.67275 -2.23226 2010.69 1982.88 0.388665 0.717303 0.458823 0.687678 1314.96 -0.544783 0.0654981 2248.11 0.86234 2.85901 0.0996691
1433.04 -0.424 1.40583 -1 -1 -1 -1 929.033 0.594575 -1 0.61889 -1 1262.52 -1.62841 0.024206 1569.13 0.81556 3.05532 0.0996691
849.251 -0.225932 -1.1104 -1 -1 -1 -1 756.856 0.598817 -1 0.485822 -1 686.173 2.09941 0.0381899 1035.49 0.681768 3.0191 0.0996691
2818.46 -0.459023 1.73606 1330.73 1.04137 -1.77416 4977.45 4889.94 0.783522 0.581089 0.733276 0.652036 882.009 -1.2075 0.23718 4975.89 0.556856 2.71038 0.0996691
1285.19 -0.343678 -0.945717 -1 -1 -1 -1 1172.22 0.55708 -1 0.838862 -1 985.623 2.16081 0.106315 1621.18 0.735171 3.00462 0.0996691
1556.29 1.19152 -2.99074 1155.51 1.17524 -0.108018 2673.35 2632.71 0.296157 0.687339 0.632436 0.590104 857.537 -0.578068 0.066557 3705.04 0.872214 2.53749 0.0996691
972.335 -0.448888 -2.77806 645.445 0.605513 0.820529 1818.08 1633.21 0.23922 0.369041 0.627192 0.604396 636.192 0.201628 0.0415631 2288.4 0.886503 3.01892 0.0996691
1656.81 -0.39974 1.83443 1336.93 1.43354 -0.265269 4092.77 3895.72 0.544199 0.212778 0.497115 0.602751 1310.91 -2.16379 0.414945 3120.51 0.841835 2.72857 0.0996691
2889.86 0.742345 -1.41545 1663.68 0.694749 1.97913 4394.58 4329.66 0.277727 0.721518 0.659903 0.755981 1421.7 1.31916 0.385556 4548.03 0.983997 2.35087 0.0996691
2098.77 -0.675699 2.94212 1479.92 0.272696 -0.408982 3963.65 3815.49 0.625895 0.478871 0.460355 0.588866 609.171 -0.380115 0.0313607 5587.36 0.193913 2.9488 0.0996691
1748.8 1.1065 0.224545 880.381 0.422194 -1.06093 1916 1409.95 0.26283 0.405892 0.297649 0.593545 1826.3 2.96324 0.270208 3421.18 0.417538 3.09598 0.0996691
2150.8 0.296383 -0.372715 2145.87 -0.133718 -2.35449 4006.37 3120.14 0.0309597 0.375246 0.84423 0.479264 1608.55 1.90098 0.444862 5423.57 0.417768 2.2864 0.0996691
2597.29 -0.196459 0.0217414 1308.7 -0.599433 1.81082 3036.33 2917.5 0.469319 0.598952 0.5776 0.347701 1749.48 -2.62722 0.181564 4814.55 0.590993 2.4638 0.0996691
730.824 -1.11225 -3.06869 -1 -1 -1 -1 1340.34 0.244818 -1 0.773516 -1 740.866 0.110753 0.0432924 1140.22 0.775913 3.05776 0.0996691
2104.37 -0.751746 2.77189 1488.85 0.709815 0.688335 4398.78 2453.28 0.121241 0.634465 0.700431 0.691217 620.346 -1.27924 0.0239505 4905.71 0.325995 2.76025 -0.0996691
2983.11 -0.0952525 -0.587151 1307.3 -0.860463 3.02472 4164.72 4054.42 0.49353 0.465491 0.247974 0.684561 924.547 3.01312 0.0352345 5736.27 0.465345 2.64803 -0.0996691
2280.12 -0.0217046 -0.987561 1886.92 -0.399946 1.05027 3854.05 2950.52 0.185791 0.158225 0.254105 0.488202 1624.17 2.97332 0.0282266 4728.28 0.705831 2.2942 -0.0996691
1844.76 -0.66771 -2.57533 1137.6 -1.13725 1.22324 2855.09 2787.39 0.516019 0.694941 0.255652 0.740118 745.047 0.423008 0.194237 5086.97 0.245283 3.08806 0.0996691
1746.62 -0.441705 -2.92045 1425.25 -0.182281 -0.819224 2792.77 2722.59 0.216329 0.512572 0.63964 0.638339 1286.09 1.79897 0.0312678 4335.53 0.901064 2.65638 0.0996691
1805.93 -0.0128944 -2.63711 792.99 0.0942822 -0.117061 2329.48 1248.39 0.451723 0.468017 0.356172 0.55413 1158.89 1.01141 0.352904 3992.09 0.91422 2.6166 0.0996691
1323.28 0.479248 0.846338 407.898 -0.797368 -2.75099 1779.8 1574.16 0.59362 0.688293 0.371837 0.743978 711.245 -2.22092 0.222092 2002.74 0.792919 2.99143 0.0996691
2691.63 -0.104535 -1.63293 2530.37 -0.00425249 1.04864 5179.05 5048.17 0.254614 0.561587 0.661311 0.509935 1192.54 3.0228 0.235162 5890.39 0.456208 2.25135 -0.0996691
3097.28 -0.578102 -2.01076 2439.19 0.283553 1.16962 6095.36 5544.5 0.120108 0.597657 0.385892 0.404332 647.195 1.04268 0.208949 5567.55 0.205546 3.02036 0.0996691
801.283 -0.223852 -0.369262 720.315 -0.40683 1.38184 1224.81 1140.7 0.762959 0.69298 0.816602 0.683686 813.129 -2.78633 0.374203 1626.77 0.751521 2.04199 0.0996691
1384.2 -1.38562 0.624849 755.993 1.24 -0.919241 3886.21 2772.51 0.450258 0.549704 0.59356 0.294573 958.515 -2.98307 0.0707335 2812.49 0.931558 2.84162 -0.0996691
1732.42 0.270636 2.02538 726.495 0.61909 -2.12193 2017 1989.32 0.0923152 0.515653 0.647265 0.741147 1538.21 -1.15538 0.978697 3124.84 0.607817 2.12347 -0.0996691
2084.49 0.117906 -2.91711 1854.34 0.200594 1.73547 2885.76 2871.32 0.683635 0.475564 0.737481 0.578411 1570.88 0.0504447 0.0223647 5596.72 0.896291 2.98908 -0.0996691
2834.78 -0.0986824 -2.57834 1415.69 0.000352134 0.224384 4086.31 3368.14 0.288419 0.344106 0.675299 0.65366 1100.1 0.23057 0.206633 5140.31 0.504664 2.60477 0.0996691
1388.38 0.507725 2.71501 840.671 1.86496 -0.28973 2683.42 2643.41 0.412613 0.585666 0.28205 0.68901 629.336 -0.45979 0.0496837 2363.2 0.969314 3.1264 0.0996691
1794.37 0.568244 2.32982 1096.95 1.19317 -0.504493 2930.13 2883.71 0.843136 0.531945 0.705105 0.552805 1629.09 -1.86341 0.0821815 4154.87 0.207979 2.82049 0.0996691
792.36 -0.545075 1.95948 466.685 1.51549 2.41309 1527.94 1404.74 0.845517 0.777703 0.813633 0.662551 1009.54 -1.31064 0.0390184 1673.36 0.855306 3.05395 0.0996691
1609.29 0.420388 -1.92066 1155.7 1.36077 -0.775311 2021.02 1980.3 0.46167 0.578465 0.464304 0.46176 823.295 1.85112 0.0107864 4243.44 0.381556 2.61934 0.0996691
3087.21 -0.0478261 0.0918677 2789.99 0.505661 2.80543 6095.94 5224.47 0.383674 0.0961253 0.844937 0.642513 893.641 -1.86238 0.165029 6239.71 0.674376 1.88413 -0.0996691
1247 -0.268861 -1.65974 1212.09 -0.155721 0.266762 2068.47 3484.71 0.0898359 0.698746 0.32461 0.746344 976.398 -1.65131 0.00715959 4477.34 0.916255 3.08897 0.0996691
1146.63 -1.67991 0.314124 -1 -1 -1 -1 211.117 0.479838 -1 0.571017 -1 971.987 -2.75723 0.00543118 1371.7 0.895386 3.09728 0.0996691
2420.11 0.394331 -2.14422 -1 -1 -1 -1 405.221 0.582208 -1 0.387632 -1 2323.33 1.00402 0.156789 2537.58 0.87773 2.95737 0.0996691
1867.29 -0.358259 -3.1361 1154.33 -0.93672 -0.691242 2900.32 2877.57 0.566321 0.458663 0.635858 0.644203 948.967 1.43359 0.148031 4815.69 0.335098 2.73792 0.0996691
2372.56 0.22518 2.59349 1181.44 -0.550554 -0.544844 3744.41 3036.04 0.221464 0.42251 0.252867 0.746158 1118.95 -0.565152 0.0557781 3721.22 0.387055 2.97096 0.0996691
2302.4 0.697514 -0.954813 1785.31 0.833049 2.26881 4080.84 4006.7 0.575922 0.568329 0.568362 0.598453 850.575 2.80054 0.154752 4774.42 0.582021 2.41793 0.0996691
1790.84 -0.176646 2.06586 988.813 0.236497 -2.87595 1793.85 3648.85 0 0.0492829 -1 0.445335 657.427 -0.407678 0.0618772 4676.37 0.798011 2.59121 0.0996691
1428.85 0.956366 -1.14646 353.55 1.39823 2.40525 1562.25 1153.34 0.160746 0.800441 0.560625 0.764558 1086.03 1.83147 0.00133169 1838.6 0.797221 3.01577 0.0996691
1734.63 -0.664492 -2.48342 590.484 1.4086 -3.09102 2581.28 2419.72 0.534981 0.710469 0.498149 0.565316 2147.14 0.434714 0.111599 2960.58 0.672224 2.8071 0.0996691
1459.99 -1.23971 -0.440186 -1 -1 -1 -1 330.163 0.48365 -1 0.488224 -1 1507.54 2.76133 1.98079 1533.12 0.980679 1.2295 0.0996691
1707.37 0.604717 -2.06354 1516.33 0.312846 1.67539 3157.55 2787.23 0.368323 0.550092 0.2224 0.658223 1052.93 0.00890013 1.22325 3275.86 0.483751 2.48193 0.0996691
1976.63 -0.0300345 -2.484 829.053 0.13207 1.08883 2590.89 2008.2 0.582295 0.347921 0.822886 0.68222 1136.54 0.617827 0.0750788 3121.86 0.773306 3.1068 0.0996691
2607.13 0.015657 -2.301 2406.61 0.603564 0.781247 5258.78 5150.83 0.631619 0.132924 0.693218 0.689699 643.041 0.779819 0.0035888 6370.4 0.0414519 3.08177 0.0996691
2280.48 -1.01825 -3.10695 1912.11 0.0876981 -0.27073 4949.85 2698.58 0.14366 0.582706 0.561205 0.66747 1306.65 -1.55454 0.514208 6146.72 0.971405 2.30285 0.0996691
1595.29 0.544063 -0.454025 1003.02 -0.981849 2.33837 3386.74 2696.86 0.0886279 0.507822 0.397735 0.59899 659.226 3.106 0.0353611 2701.48 0.869061 2.76342 0.0996691
1229.32 -1.01856 2.56535 1121.73 0.196221 -2.26991 2196 2118.58 0.383393 0.780082 0.583648 0.751334 1151.44 -0.536759 0.052187 4006.11 0.34599 3.13016 0.0996691
2138.82 -1.09011 2.18724 1786.59 0.443539 -0.117687 4907.93 4638.35 0.63058 0.0539288 0.430686 0.312023 865.709 -1.48535 0.154358 4948.89 0.844827 2.80733 0.0996691
2525.31 0.533052 0.424246 2160.96 0.0378666 2.78692 4588.48 4050.64 0.205248 0.482822 0.416841 0.621278 1474.53 -1.79818 0.200047 4820.21 0.950128 2.09509 -0.0996691
881.923 0.0348723 -1.09584 576.373 -0.784257 2.15054 1558.47 1515.11 0.19395 0.695576 0.521669 0.791572 807.093 2.09255 0.0582428 1908.89 0.0684782 3.10895 0.0996691
1640.34 0.157851 2.20723 569.053 -0.465535 -1.89446 1830.93 1804.86 0.660472 0.705768 0.66265 0.655595 983.873 -0.562649 0.0187535 2705.14 0.61164 2.78616 0.0996691
1356.14 -0.33851 0.530288 1345.36 -0.490464 2.34945 2221.17 1984.59 0.675178 0.45469 0.682472 0.325235 885.604 -1.52396 0.34914 3530.79 0.92005 2.97969 0.0996691
1517.21 0.486767 -1.61438 1182.16 1.46611 2.31973 2869.26 2181.31 0.556036 0.184374 0.474262 0.565693 1855.03 0.215878 0.0760181 3877.07 0.83922 2.73058 0.0996691
1404.62 -0.551635 3.04714 1016.69 1.13633 1.09936 3015.03 2988.63 0.369462 0.661808 0.563511 0.54281 781.467 -1.10573 0.00776219 3080.15 0.719545 2.19652 0.0996691
1382.58 0.0723301 0.71756 -1 -1 -1 -1 824.516 0.611489 -1 0.786351 -1 1143.03 -2.36875 0.137083 1671.03 0.941886 2.94643 0.0996691
709.169 0.586927 3.09009 613.835 -0.342768 -1.20342 1311.66 1163.91 0.774544 0.479004 0.813483 0.752201 608.655 1.15478 0.00448191 1569.24 0.122169 2.92243 0.0996691
1674.75 -0.592852 1.65372 541.13 1.47217 -1.31793 3102.73 502.51 0.220732 0.223732 0.721171 0.783885 817.525 -1.10113 0.112823 2877.25 0.405107 3.07329 0.0996691
1953.73 -0.387367 0.0956726 1451.71 0.334027 2.02892 3060.84 2985.91 0.582619 0.61468 0.457819 0.599035 2145.99 -2.22154 0.0287287 4538.41 0.282524 2.72319 0.0996691
1228.17 -1.66627 -1.21037 -1 -1 -1 -1 520.463 0.280204 -1 0.330047 -1 1212.81 1.91161 0.109775 1259.76 0.939589 3.01122 0.0996691
2351.04 0.27292 -1.0387 1701.93 0.075462 2.0489 4139.91 3079.95 0.362015 0.141692 0.493607 0.763194 834.587 2.13707 0.00616646 4383.58 0.267519 3.11427 0.0996691
2795.73 0.54409 1.47343 2762.43 -0.316049 -2.43819 5867.79 5040.79 0.133179 0.651218 0.796002 0.734224 1153.56 -0.504971 0.00147039 6476.33 0.912911 3.08998 0.0996691
4065.5 0.121118 2.2348 2775.79 0.166725 -0.609056 6662.39 6598.36 0.538603 0.160962 0.640776 0.634812 646.997 -0.661822 0.0557568 8041.74 0.241652 2.84213 0.0996691
2515.53 -0.260415 2.88729 1049.02 0.518727 -0.472567 3568.43 2974.27 0.246192 0.653114 0.677111 0.783792 1367.5 -0.569897 0.0658352 4291.93 0.881014 3.05307 0.0996691
1950.2 -0.498345 -2.68032 1912.4 0.302885 0.910965 4115.35 4047.96 0.610707 0.711629 0.566378 0.759382 682.784 -2.72815 0.0455155 5109.33 0.221729 2.69538 -0.0996691
1927.58 -0.411225 1.79861 995.47 0.511541 -0.836499 3016.29 2957.42 0.145937 0.204755 0.638807 0.638727 1078.33 -1.70895 0.30436 2919.79 0.966431 3.08027 0.0996691
3230.49 0.274714 0.925945 742.768 0.327345 2.73655 2778.44 2388.71 0.106092 0.690322 0.607279 0.463118 3097.92 -1.98855 0.129395 4283.73 0.924165 2.63992 -0.0996691
1854.61 1.0354 0.77419 1366.94 -0.318496 -2.49745 3945.27 3887.71 0.577666 0.488008 0.63041 0.247888 1056.86 2.82346 0.49683 4337.64 0.949326 2.15422 0.0996691
1388.22 -0.35004 -2.83893 800.17 -0.758852 2.18639 1333.55 1314 0.437415 0.283262 0.620332 0.81733 1172.86 0.0302269 0.0709037 2992.39 0.612153 2.93852 0.0996691
774.913 -1.05665 1.81264 686.3 0.44285 1.36093 1258.26 1237.14 0.281379 0.224323 0.613456 0.540289 949.953 -1.51897 0.0257783 1872.16 0.299184 2.97199 0.0996691
1078.31 0.356138 -3.0966 464.903 -0.91304 2.58018 1076.67 1001.15 0.444565 0.609882 0.312893 0.833188 1170.29 0.0199968 0.0145386 2216.77 0.436367 3.13663 0.0996691
1012.13 0.995831 2.94307 477.555 -0.639848 -2.02639 1547.94 1454.36 0.447376 0.606051 0.745879 0.810568 926.224 0.156345 0.0720891 1768.25 0.527962 2.72283 0.0996691
1731.93 -0.33497 1.55305 366.373 -2.36708 0.236097 2533.82 802.657 0.534867 0.682169 0.542819 0.589265 1462.2 -1.67306 0.124907 2787.32 0.575879 2.7983 0.0996691
2048.39 0.210614 -2.65757 1638.38 1.17909 1.29383 3868.06 3783.45 0.489699 0.636325 0.542785 0.717904 1005.31 -0.49498 0.0672382 4203.92 0.808568 2.09632 0.0996691
2670.4 0.419035 1.55665 1029.49 0.0256852 -1.46517 3397.03 3317.01 0.815787 0.495956 0.720588 0.540349 2022.82 -1.23998 0.240392 4658.43 0.971902 2.55464 0.0996691
2006.01 0.362447 0.460946 512.145 -1.86001 -2.3593 3417.8 3133.32 0.36928 0.646085 0.34002 0.845281 1081.54 -2.89852 0.147013 3034.73 0.849156 2.77761 -0.0996691
2240.25 0.314718 -1.34733 1845.08 0.120776 2.04799 4144.19 3811.7 0.463586 0.272288 0.786177 0.749972 1389.47 0.637633 0.0307513 5782.74 0.556803 2.98393 0.0996691
1577.2 -0.0768225 0.703422 679.918 0.947337 -1.11058 2005.92 1942.25 0.191931 0.778759 0.607896 0.783603 1470.28 -2.76793 1.09423 2407.6 0.876357 1.71688 0.0996691
2710.23 -0.441611 -1.25348 1027.25 -0.68813 2.26182 3644.87 1220.75 0.0524932 0.654093 0.679115 0.559095 1704.39 2.15299 0.0668154 4728.18 0.349402 3.08324 0.0996691
1926.08 0.567024 -1.9175 1095.38 0.0309233 0.675321 2949.54 2804.2 0.273192 0.511115 0.77268 0.815283 993.901 1.7112 0.134726 3187.95 0.916253 2.52021 0.0996691
1873.03 0.201275 -0.117081 915.575 -0.339842 2.85753 2735.38 2605.2 0.565488 0.598614 0.854088 0.608623 976.358 3.13898 0.100476 2730.48 0.956807 3.12322 0.0996691
1586.92 -0.678443 0.464021 1465.74 0.379339 -1.61728 3149.09 3062.7 0.407202 0.385832 0.764235 0.271326 617.339 1.87134 0.083625 4630.49 0.501225 2.88343 -0.0996691
1343.46 -0.329709 1.98616 338.082 -0.817109 -0.961233 1397.44 1366.38 0.480776 0.415707 0.582255 0.711588 1266.47 -1.14601 0.188519 1928.97 0.612141 2.94449 0.0996691
1582.2 0.711148 2.59125 1283.11 -0.237903 -2.76269 1908.04 1899.75 0.587431 0.0892293 0.639819 0.333847 1441.03 -0.183961 0.299982 4015.08 0.451324 3.07456 0.0996691
1601.99 0.553983 1.19394 335.632 2.57874 -1.45426 2274.35 2114.15 0.144358 0.600766 0.0402343 0.663578 1088.26 -2.07239 0.0317318 2162.17 0.759437 2.98512 0.0996691
1370.2 -0.279676 -0.619307 1055.77 -0.450286 -2.93774 2302.33 2764.01 0.551177 0.566559 0.541622 0.802348 1368.63 -2.84678 0.0187941 4288.32 0.246935 2.64333 0.0996691
667.848 -0.23496 -2.98546 514.651 -0.358015 2.13712 706.107 583.935 0.448846 0.68823 0.764487 0.760721 603.428 -0.47518 0.0462269 1750.96 0.871872 2.92432 0.0996691
842.914 -1.08765 1.92034 -1 -1 -1 -1 732.932 0.479326 -1 0.628514 -1 634.072 -1.1799 0.101447 992.267 0.695708 3.07969 0.0996691
2142.34 -0.386531 0.850728 1734.87 -0.144792 -2.89178 3732.76 3661.92 0.396951 0.695809 0.625 0.753835 1072.14 -0.900956 0.35654 4466.5 0.91433 1.63383 0.0996691
1378.54 0.331771 -2.4574 784.227 -0.247177 0.797956 2230.68 1949.94 0.420114 0.69407 0.584592 0.70453 692.718 0.781834 0.0350121 2334.18 0.220868 3.09585 0.0996691
674.356 1.24889 -2.89395 412.26 -0.877779 1.6537 1576.84 1515.14 0.187234 0.522006 0.390163 0.366906 699.604 -0.341507 0.141566 1115.43 0.937296 2.69416 0.0996691
2895.37 -0.284868 -2.50525 1200.95 0.274046 0.742345 4018.58 3450.77 0.423253 0.581442 0.553823 0.777106 1742.14 0.510171 0.0749183 4139.59 0.970895 3.08912 -0.0996691
1097.65 -0.71863 0.679101 419.055 0.730332 -1.97034 1765.95 1427.58 0.203847 0.40204 0.69436 0.568994 783.126 -1.96707 0.0152748 2085.19 0.343985 2.72825 0.0996691
1507.59 0.0374385 -1.82846 1501.27 -0.632653 0.608962 3129.91 2503.31 0.416587 0.0759137 0.704343 0.735082 1036.67 2.56545 0.0238481 4270.42 0.0490353 3.11169 -0.0996691
1539.8 -0.881221 0.814336 612.64 0.0549765 -2.34685 2187.28 2104.72 0.329845 0.674189 0.720379 0.698982 915.073 -2.40199 0.0526731 2099.46 0.440734 3.11695 0.0996691
912.37 -1.25905 0.285548 -1 -1 -1 -1 938.546 0.567663 -1 0.664969 -1 657.35 -2.8933 0.00921965 1147 0.592227 3.107 0.0996691
3319.3 -0.174375 1.23448 1991.41 0.554605 -1.08687 5303.14 4509.33 0.218159 0.102582 0.413442 0.641185 931.743 -2.71176 0.0865905 6894.3 0.818094 2.42423 0.0996691
1663.78 -0.878042 1.196 646.951 -0.8893 -1.88363 2091.15 2043.07 0.642472 0.618474 0.655766 0.633968 890.675 -1.77601 0.114684 2658.37 0.451729 3.08704 0.0996691
1422.05 0.173493 -0.922848 381.47 -0.546317 2.13732 1584.48 1513.35 0.676615 0.799728 0.657596 0.652908 1019.78 2.08957 0.0199554 2005.46 0.598339 3.03247 0.0996691
1026.84 -0.524687 1.69293 335.651 1.70615 2.89636 1761.78 1310.51 0.628026 0.625137 0.508328 0.859732 1214.81 -1.01496 0.0409961 1588.56 0.245853 2.98838 0.0996691
1767.62 -0.820146 -1.37322 1446.27 -0.431622 1.14408 3119.28 3070.97 0.759659 0.375736 0.71117 0.730409 1043.66 2.74749 0.885012 3202.69 0.991679 1.27778 0.0996691
1502.73 -0.147218 2.15892 1114.01 0.316127 -0.00766398 2387.01 2339.37 0.672901 0.293878 0.477951 0.0795289 1630.02 -1.59025 0.271361 3515.08 0.694274 3.06842 -0.0996691
1626.46 0.954893 -0.0812023 441.589 -0.569268 -2.843 2198.12 2130.74 0.459111 0.551747 0.67314 0.626679 871.915 2.91121 0.00250864 2394.15 0.97526 2.99005 0.0996691
2003.84 0.867776 1.49524 1211.85 1.35232 -2.40988 2996.91 2975.57 0.188717 0.689595 0.685349 0.589931 1281.62 -1.59852 0.0489877 4783.57 0.592856 3.04479 0.0996691
1880.86 -0.89425 0.719546 1324.93 0.0712242 -0.988699 2915.98 2795.14 0.405212 0.56376 0.327525 0.661853 1846.57 3.03759 0.0638309 3621.55 0.889465 2.25831 -0.0996691
2000.31 0.851732 2.82444 1074.37 0.963632 -0.247141 2942.05 2914.83 0.355649 0.737532 0.480555 0.775858 1863.6 -0.31046 0.0247929 3992.16 0.938326 3.12349 0.0996691
1397.64 -0.113231 2.27684 902.16 -0.341239 -0.936169 2318.76 1965.89 0.717055 0.376915 0.693519 0.644443 624.73 -0.781078 0.233737 2399.65 0.798457 2.92845 0.0996691
1245.13 -0.515942 -3.07833 1147.99 0.861191 -0.906437 2786.16 2642.45 0.221304 0.433152 0.625508 0.487446 1035.54 1.24568 1.03395 2596.81 0.921944 1.11805 -0.0996691
2205.21 -0.478404 1.3951 1427.4 0.472361 -1.15145 4050.27 2486.45 0.35314 0.0887848 0.460584 0.238085 1006.71 -2.42868 0.0762877 4109.17 0.884764 3.05686 0.0996691
1432.36 0.661178 -0.367128 807.896 -1.21552 -1.74559 2705.75 2690.42 0.545196 0.506863 0.629922 0.602743 1627.91 2.31528 0.0461102 2379.12 0.821071 2.72947 0.0996691
1110.75 -0.190773 -0.226523 936.898 2.04116 0.677749 2970.28 2381.1 0.445994 0.184188 0.652838 0.725171 1890.81 -2.73627 0.0592413 2701.47 0.697346 3.12257 0.0996691
1640.81 1.04593 0.268309 790.735 -1.21361 -0.449331 3264.4 3253.34 0.0966573 0.533972 0.579407 0.307496 1275.16 2.79756 0.261112 3812.52 0.931337 2.98669 0.0996691
1321.55 -0.937997 -0.276453 967.149 -1.821 -3.12241 2509.26 2353.99 0.562399 0.695172 0.456725 0.754867 816.971 -3.11735 0.00172973 3269.58 0.953227 3.08206 0.0996691
1050.29 -1.60477 -2.78634 935.952 0.70079 -2.11721 2978.08 2438.43 0.157202 0.27985 0.732233 0.767833 1341.42 0.700742 0.166224 2536.18 0.663756 2.86348 0.0996691
1111.07 0.347726 2.53018 782.004 0.816081 -0.752623 1936.85 1865.98 0.390703 0.318026 0.718918 0.712885 846.107 -0.673575 0.0820826 2362.95 0.912303 3.06192 -0.0996691
1356.08 -0.442521 -1.33962 909.857 0.136594 1.14224 2221.78 2151.74 0.70143 0.802402 0.674389 0.787211 750.69 2.51223 0.277728 2319.82 0.882058 2.16144 0.0996691
629.694 -1.73324 0.0724751 418.329 -0.217694 -1.68535 1185.79 1119.36 0.205383 0.765172 0.702942 0.75833 610.874 2.5876 0.0291514 1072.98 0.943887 2.4887 0.0996691
2822.31 0.0458198 2.06609 2194.24 -0.283601 -1.02196 5087.15 4928.75 0.29424 0.678313 0.448362 0.448237 716.283 -1.15891 0.122811 5115.5 0.135099 3.0908 0.0996691
1856.4 0.583463 -0.883439 892.74 -1.44744 2.04124 4012.43 3975.99 0.387024 0.507778 0.26123 0.69752 1594.37 2.48778 0.107722 3419.41 0.795768 3.11944 0.0996691
2475.77 -0.0865518 -1.94946 854.413 1.67729 2.00397 4254.72 2890.57 0.11745 0.514995 0.818687 0.73626 1335.51 0.869844 0.0108032 4120.47 0.898268 3.0443 0.0996691
2456.95 0.258924 -1.21747 1083.07 0.590026 -2.81302 2412.96 2379.16 0.671245 0.289197 0.78891 0.622019 1646.26 1.35797 0.121921 4530.75 0.735908 2.69723 -0.0996691
1262.65 -1.49047 -0.310269 1020.77 1.25662 0.660262 4332.97 4267.37 0.383337 0.572825 0.476212 0.54188 1035.39 3.10766 0.170529 3541.47 0.96307 2.69593 0.0996691
2446.65 0.270857 -2.17789 2317.85 -0.894862 1.39147 5562.35 5427.91 0.465366 0.593633 0.512109 0.504951 946.719 -0.334603 0.379466 4773.91 0.981314 2.22309 0.0996691
1488.97 -0.220002 -1.38213 287.733 -0.624956 0.17901 991.106 906.166 0.661866 0.396356 0.548119 0.595289 1340.35 1.94132 0.186152 2185.01 0.293783 3.08358 0.0996691
3126.99 -0.336874 2.03576 2349.14 -0.127255 -0.64373 5322.2 5271.01 0.71183 0.339363 0.725924 0.391262 1422.43 -2.29698 1.22197 5957.71 0.925971 2.60412 -0.0996691
1527.68 0.845943 1.53713 527.743 -1.06977 -1.46043 2699.98 2678.22 0.248607 0.460066 0.593831 0.686421 932.285 -1.66696 0.210997 2045.43 0.495244 2.99254 0.0996691
2736.5 -0.873848 2.1355 2721.48 -0.596247 -0.595502 5431.94 5240.68 0.533311 0.408657 0.777646 0.784745 1011.77 -2.37763 0.0494742 5610.18 0.589161 1.96476 -0.0996691
1121.82 -1.18312 1.60295 396.978 -1.95154 -2.35422 1365.11 3268.8 0.515783 0.447403 0.58968 0.617902 960.699 -1.26472 0.0213521 2238.49 0.579872 2.84508 0.0996691
861.432 -1.32496 1.12617 -1 -1 -1 -1 667.899 0.545768 -1 0.666064 -1 738.998 -2.00175 0.0397637 964.788 0.766127 3.11034 0.0996691
1463.78 0.0603016 2.59961 325.335 -0.36434 -0.203707 1456.41 1301.31 0.390945 0.576621 0.841482 0.609 1092.1 -0.305739 0.107682 2085.24 0.616871 2.87712 0.0996691
1954.81 0.402515 2.66416 1373.61 0.442753 -0.103021 3229.55 3201.25 0.562302 0.401201 0.676077 0.562705 1124.08 -0.943844 0.84058 3606.35 0.251823 2.76848 0.0996691
1764.81 0.3815 -0.86023 1294.38 0.869637 0.529776 2077.63 2072.51 0.489304 0.50166 0.501094 0.411272 1104.24 2.88415 0.0360901 4231.83 0.344664 2.5746 -0.0996691
1303.22 0.556238 2.76406 1031.08 0.470897 -0.669435 2302.73 2296.86 0.564285 0.330191 0.510332 0.574767 640.905 -0.505198 0.16438 2821.31 0.1858 2.85 0.0996691
1094.6 -0.134867 -2.067 385.499 -0.361424 1.10102 1322.18 1295.91 0.6426 0.544685 0.517722 0.743818 715.536 1.04728 0.0580204 1455.95 0.480194 3.11117 0.0996691
1390.02 1.04157 2.90204 1351.99 -0.536426 1.65658 2900.78 2775.8 0.377966 0.385512 0.627541 0.562324 2164.93 -1.42056 0.00352895 4194.23 0.749631 3.08697 -0.0996691
3076.8 0.186615 1.42762 1991.41 -0.29061 -2.46477 4949.56 4070.35 0.0738741 0.103596 0.649353 0.62848 1128.13 -1.05833 0.155062 6161.04 0.62063 2.33094 0.0996691
1431.86 -0.657348 1.60771 543.706 -0.817598 0.217023 1149.97 1141.09 0.366267 0.334363 0.395904 0.724149 1066.3 -1.86148 0.00498378 2486.23 0.488893 2.81059 0.0996691
1075.2 -0.483699 2.08342 348.436 0.313596 -0.46767 1293.41 1188.05 0.725334 0.688467 0.672677 0.74712 785.155 -1.41968 0.097253 1582.78 0.820345 2.67828 0.0996691
2540.02 -0.393537 0.281324 2023.93 0.427974 -2.81723 5094.31 4305.72 0.526844 0.311354 0.543538 0.442122 633.357 -2.74242 0.0345807 4793.64 0.716971 2.99013 -0.0996691
1351.56 0.0917717 2.04656 382.122 -1.24521 0.737737 1401.55 1150.13 0.609639 0.516377 0.603231 0.76692 1435.16 -1.31768 0.210824 1768.71 0.924777 2.71013 0.0996691
1302.38 -0.354869 -0.0779892 1287.14 0.258071 0.958758 1564.09 1460.59 0.606999 0.423103 0.653458 0.628194 1651.17 -2.76166 0.104943 3216.82 0.148477 2.84385 -0.0996691
3550.7 -0.0928455 -2.73645 485.464 -1.10506 0.610609 2972.83 2903.32 0.403824 0.519214 0.590042 0.619282 3317.64 0.384242 0.156157 4419.34 0.97581 2.96429 0.0996691
890.052 1.13253 2.40257 392.73 0.590589 0.48194 1079.29 834.856 0.795488 0.289036 0.766456 0.726329 614.52 -1.3826 0.0142373 1541.27 0.697819 2.48714 0.0996691
2920.85 -0.271562 1.22987 348.317 1.65379 -1.68904 3161.25 2892.16 0.630907 0.720349 0.588439 0.73651 2402.14 -1.96814 0.0602279 3464.09 0.983902 3.09049 0.0996691
1480.43 0.0518501 1.71046 300.327 -0.547195 -1.28442 1468.09 1341.02 0.556512 0.483383 0.333433 0.427708 1061.97 -1.40841 0.116615 1924.57 0.853045 2.96738 0.0996691
1051.08 1.00478 1.97762 951.05 -0.766423 2.7831 2257.76 3808.86 0.478217 0.107764 0.423482 0.732841 633.203 -0.458994 0.0772811 3535.47 0.143231 2.94118 -0.0996691
1295.61 0.250512 2.52851 560.688 0.499686 0.301498 1560.54 1514.04 0.493115 0.67821 0.649918 0.629828 723.335 -1.08214 0.02815 2114.38 0.841494 2.6432 0.0996691
987.709 -0.601788 0.613466 351.174 -0.979671 -2.58001 1207.56 1169.98 0.00945925 0.627713 0 0.652133 622.567 -2.53093 0.0472372 1319.04 0.495755 3.09089 0.0996691
1617.09 0.328513 1.37753 328.473 -0.662955 -1.258 1613.23 1553.84 0.0718323 0.569591 0.371345 0.755139 1317.74 -1.83529 0.571841 1919.48 0.706621 2.64123 0.0996691
583.491 -1.74711 2.17727 506.095 1.5387 1.43618 2736.96 2683.32 0.344133 0.400828 0.697794 0.543709 1026.53 -1.55008 0.00920832 1538.82 0.578526 2.99312 0.0996691
1508.42 1.80294 2.55715 268.349 -1.42934 0.197856 3332.17 333.586 0.230049 0.596152 0.577027 0.707038 1356.93 -0.733459 0.462146 1879.61 0.886449 2.45846 0.0996691
1715.69 0.29121 1.78273 923.174 1.49622 -2.83991 2532.4 2147.82 0.378798 0.226905 0.679713 0.533866 673.815 -0.844051 0.00412333 4382.39 0.868542 3.12727 0.0996691
3234.7 -0.394952 -1.18472 3056.06 -0.112749 2.44248 6281.6 5713.7 0.0898539 0.515669 0.391572 0.225797 1027.99 0.901523 0.0753147 7150.3 0.857806 2.18855 0.0996691
886.058 -1.15612 2.79486 -1 -1 -1 -1 350.95 0.478298 -1 0.723331 -1 782.586 -0.59089 0.0655557 1309.12 0.882493 3.09569 0.0996691
1327.16 -0.498528 1.18188 776.485 0.268792 -2.14662 2181.38 2163.05 0.64953 0.351164 0.617783 0.5844 620.269 -2.20055 0.0506911 2396.99 0.281971 2.95022 0.0996691
1142.9 0.761966 -0.407875 275.699 -0.317111 3.02814 1312.87 1232.48 0.541202 0.451305 0.712454 0.174801 1011.46 3.09405 0.056958 1782.12 0.619474 2.9879 0.0996691
3046.64 0.393209 3.1045 1917.52 0.105737 0.12584 5288.35 3038.61 0.0629893 0.233313 0.481044 0.706113 1217.21 -0.288682 0.00219381 5197.93 0.307308 2.99681 0.0996691
1565.71 0.963992 2.86778 1308.33 -0.459685 -1.73445 3082.45 3057.57 0.657855 0.684123 0.656778 0.539773 855.138 0.322786 0.0277747 3908.74 0.646166 2.57547 0.0996691
2275.09 -0.378595 -0.0191146 1261.83 0.102275 2.74529 3597.18 2901.3 0.337378 0.308934 0.690933 0.785392 1823.17 -2.86388 0.0223737 4272.04 0.287896 2.93723 0.0996691
1129.39 1.41475 3.01773 1049.43 0.46435 -0.738363 2371.32 2169.2 0.348283 0.535585 0.385963 0.670178 642.727 1.11324 0.354168 2319.03 0.46133 2.21673 0.0996691
2397.34 0.787654 -2.04952 785.595 1.06992 1.43292 2814.14 2814.47 0.0927767 0.171932 0.693256 0.680664 1026.6 1.17187 0.0218583 3811.79 0.686727 3.04092 0.0996691
1495.43 0.656365 -1.97385 1262.86 -0.0321747 2.31604 2511.19 2472.04 0.321627 0.497154 0.705773 0.759847 1210.57 0.286482 0.115342 3136.92 0.931078 2.37933 0.0996691
1360.22 -0.979165 -1.54882 965.811 -0.572587 2.97077 1850.28 2852.66 0.55731 0.476465 0.450608 0.513358 668.716 0.454552 0.14297 2897.56 0.650296 1.86055 0.0996691
936.399 -0.839034 -2.50471 347.443 0.925562 0.87517 1615.7 1572.98 0.525509 0.690625 0.687378 0.720111 627.069 0.888652 0.028051 1523.73 0.471596 2.91093 0.0996691
1635.99 -0.3894 1.13187 1491.69 0.979336 -1.5013 3814.64 3771.28 0.35806 0.612063 0.534813 0.594069 876.279 3.08666 1.53737 3198.91 0.966109 2.791 0.0996691
1443.14 0.368788 -0.0397753 735.531 -0.684311 1.89855 2068.13 1959.64 0.549893 0.76179 0.853714 0.711422 1058.76 -2.7073 0.105098 2444.68 0.650463 2.82535 0.0996691
2231.86 0.25335 1.08888 1413.59 -0.206633 -1.42343 3495.51 3383.67 0.376595 0.581918 0.350525 0.824404 732.226 -2.3392 0.0701101 4434.61 0.752455 2.785 0.0996691
948.795 0.384075 -1.44674 743.752 -1.52612 -0.931295 1946.33 1405.66 0.153264 0.581625 0.667762 0.716874 1545.39 1.71969 1.42981 1934.17 0.656568 1.89469 0.0996691
2979.53 0.2632 1.42994 1349.63 -0.666782 -1.32396 4526.43 3374.96 0.322135 0.467141 0.73416 0.402916 1660.81 -1.93293 0.038636 4495.44 0.836996 3.12807 -0.0996691
2735.79 0.211655 2.50586 1628 0.972735 0.459782 4079.26 2925.37 0.126024 0.432215 0.340128 0.39301 1822.41 -1.11584 0.0600139 4993.84 0.893167 2.76937 -0.0996691
3601.67 0.431406 -1.64883 1404.23 0.440041 -3.09873 3329.38 2557 0.196008 0.620094 0.536029 0.683577 3172.38 1.13389 0.130853 5962.75 0.80191 2.78744 -0.0996691
2870.9 -0.0296355 1.07566 1732.17 -0.489274 -2.20445 4755.4 3856.17 0.769867 0.145296 0.636767 0.679898 885.15 -2.38494 0.0482872 5448.89 0.70747 2.94896 0.0996691
1790.37 0.371428 -0.26995 1135.18 -0.736222 3.0158 3333.25 3244.49 0.47195 0.530568 0.304253 0.501713 1223.82 2.6708 0.137263 3435.21 0.933535 3.07893 0.0996691
1081.1 1.03002 -1.64311 448.101 0.931588 3.08853 1120.36 1067.02 0.421578 0.700591 0.777714 0.813689 951.82 0.968406 0.127282 2121.59 0.604417 2.88371 0.0996691
516.948 0.0414533 0.985325 404.918 1.83766 -0.755734 1191.86 1055.09 0.428092 0.676573 0.778813 0.702211 738.424 3.13009 0.109759 1469.21 0.25974 2.87867 0.0996691
1817.24 0.156629 0.277267 1260.46 -0.0798524 -2.46631 3003.1 2971.67 0.186592 0.481781 0.622718 0.536177 765.105 -3.12541 0.0334697 3545.87 0.927157 2.8457 -0.0996691
2251.17 0.654674 2.24857 1621.6 -0.320482 0.43894 3699.75 2822.67 0.213775 0.663922 0.299175 0.748529 2316.79 -1.54606 0.16759 3963.61 0.637319 2.96328 -0.0996691
398.366 -2.02444 2.14797 359.769 -1.41448 0.653878 608.95 1503.21 0.595933 0.659261 0.694897 0.82253 618.39 -1.13918 1.60696 1049.28 0.954679 1.38674 0.0996691
1153.18 0.080928 2.12474 492.991 -2.59126 1.62971 2978.3 2447.08 0.180253 0.653403 0.330846 0.606039 1542.79 -1.19119 0.21355 1699.4 0.822156 3.02998 0.0996691
1054.36 0.240313 0.436469 420.494 2.25382 0.312939 1595.3 1546.63 0.489686 0.698968 0.403125 0.771759 1316.14 -2.74069 0.0412362 1604.68 0.734631 3.13489 0.0996691
1639.89 -1.03026 -2.48975 811.291 0.113116 0.559552 2814.95 1871.04 0.498082 0.27807 0.425717 0.709898 769.747 0.681775 0.0204706 2429.16 0.561465 3.09221 0.0996691
599.551 1.65947 0.914176 -1 -1 -1 -1 696.953 0.455847 -1 0.683472 -1 746.334 -2.3201 0.174358 828.874 0.305581 2.99492 0.0996691
1603.15 -0.320297 1.94563 772.959 -0.530505 -1.21613 2327.54 1735.25 0.172481 0.573959 0.665033 0.709518 824.508 -1.09696 0.164223 2398.14 0.228894 2.93242 0.0996691
1883.79 -0.026624 -1.97053 1480.59 -0.457852 1.26959 3425.45 3376.64 0.455525 0.601032 0.63635 0.729983 826.729 2.37145 0.00151587 4790.6 0.814392 2.77307 -0.0996691
1514.6 -0.0152274 -0.212764 865.946 -0.28883 1.16424 1530.45 1408.13 0.596658 0.519715 0.655031 0.7342 1001.14 -2.82384 0.0174763 3487.96 0.510687 2.62925 0.0996691
2687.58 0.244609 2.90771 1528.93 0.395341 -0.843037 4183.25 2976.21 0.107422 0.753052 0.615357 0.670701 1289.65 0.294112 0.0164025 4596.58 0.649188 2.91417 0.0996691
2383.5 0.784114 1.95796 1477.81 0.817074 -0.612901 3661.09 3859.14 0.48036 0.818708 0.442843 0.570091 819.351 -0.624759 0.0282414 5240.97 0.380824 2.61206 0.0996691
1881.77 -0.813147 2.96449 1471.51 -0.710956 0.570282 3148.74 3030.22 0.639356 0.572587 0.711169 0.517509 884.182 -0.158829 0.220792 4800.29 0.755921 2.94103 0.0996691
2182.47 0.0602531 -0.755848 1791.66 -0.431294 1.38788 3715.23 3412.14 0.352159 0.643391 0.756911 0.485551 986.628 -2.62336 0.0445828 5270.67 0.157358 2.84714 0.0996691
1108.23 0.66418 -0.2268 -1 -1 -1 -1 754.752 0.692044 -1 0.731053 -1 1048.34 3.11483 0.349227 1342.98 0.953661 2.59301 0.0996691
2116.49 0.477709 -1.37655 901.63 0.664477 1.18508 2742.33 2570.77 0.645626 0.652723 0.615412 0.584279 921.476 2.1174 0.000563383 4565.51 0.800919 2.81629 0.0996691
2073.2 -0.00146597 2.65516 1717.8 0.941973 -0.632035 4208.31 4188.33 0.527243 0.392059 0.743269 0.26019 1049.03 1.1615 0.0453471 6249.13 0.261315 2.94985 0.0996691
2102.86 0.440226 -2.23546 1542.94 -0.703323 1.47524 4124.57 4111.44 0.167462 0.094552 0.683318 0.362579 717.922 1.46609 0.00840986 5264.47 0.890875 2.62637 0.0996691
2360.04 -0.293318 2.59332 2189.75 0.452886 -0.663969 4893.96 4874.63 0.0974098 0.569855 0.203977 0.601728 1068.21 0.871643 1.53632 5277.11 0.82833 1.39795 0.0996691
2224.69 -0.341251 0.175263 867.351 -0.131674 -0.970891 1595.44 1487.78 0.641338 0.353385 0.661935 0.798673 2130.6 3.10738 0.15672 3891.23 0.69113 3.08726 0.0996691
1278.65 1.15649 0.902143 672.629 -0.439601 2.41662 2127.12 1833.79 0.12099 0.204651 0.80275 0.664314 1477.08 -1.73663 0.0740229 1988.35 0.846562 3.00527 0.0996691
1799.34 -0.942653 -0.940468 1114.08 0.468998 1.75529 3604.97 2938.37 0.730112 0.309002 0.879764 0.58642 1751.69 2.33568 0.0982013 3963.37 0.634761 3.10598 -0.0996691
1373.08 1.39562 2.74763 375.461 -0.350671 -0.754316 2057.79 1680.44 0.562557 0.658508 0.760351 0.70709 880.451 -0.463919 0.129529 2005.17 0.960443 3.11158 0.0996691
2240.65 0.335493 0.137426 498.957 -1.35592 1.40371 2382.95 2328.06 0.282374 0.632583 0.598821 0.852643 2332.54 -2.85873 0.359492 2841.08 0.949799 2.6359 -0.0996691
1701.35 -0.495199 -0.603755 1203.15 0.124747 0.584596 1853.54 1853.08 0.474066 0.372501 0.0513442 0.181073 1378.85 -2.9796 0.133238 4315.83 0.426661 2.85226 -0.0996691
2477.35 -0.242622 -2.23741 1147.7 1.15569 0.499645 4198.87 4128.32 0.432523 0.676928 0.724785 0.579611 975.118 0.403648 0.0384241 4962 0.978538 2.68628 -0.0996691
1741.11 0.375345 1.71265 670.573 -1.71532 -0.425636 3302.2 3210.9 0.545853 0.761565 0.647917 0.612222 1037.15 -1.60376 0.773356 3002.72 0.618107 2.18822 0.0996691
1635.18 0.403225 -3.13962 1294.91 0.119356 0.442468 2915.82 2805.84 0.387194 0.364829 0.186533 0.687765 602.555 -1.16068 1.00253 3204.71 0.726084 3.00563 0.0996691
1982.3 0.401162 -0.528781 886.492 1.18517 2.00822 2763.49 2752.99 0.198863 0.122432 0.602368 0.691128 1183.49 2.9557 0.0492976 2976.11 0.89202 2.74896 0.0996691
2078.58 -1.35446 2.57924 1380.69 -0.177703 -1.19246 3885.45 3767.34 0.717017 0.635884 0.710123 0.61991 632.333 -1.34475 0.123447 5165.48 0.975395 2.48337 0.0996691
2076.47 0.125701 0.465608 469.885 -1.78452 -2.26433 2932.78 2867.74 0.537753 0.285993 0.600184 0.540135 1481.27 -2.95998 0.0251431 3060.03 0.828731 2.89032 0.0996691
932.602 -0.88248 -2.38161 585.485 0.154258 0.96373 1710.88 1460.23 0.361405 0.807036 0.803508 0.834329 703.923 0.326147 0.629108 2184.63 0.203998 2.94282 -0.0996691
1233.99 0.243308 2.89505 386.747 -1.21784 -0.423924 1798.41 1384.13 0.403057 0.430272 0.38233 0.669316 875.261 -0.161019 0.0247474 1644.77 0.682162 3.03075 0.0996691
1777.72 0.148901 -1.71494 1051.01 1.06781 1.08905 3081.4 2371.01 0.171412 0.504536 0.393539 0.540698 871.948 1.78383 0.00686431 3171.61 0.335436 2.88029 -0.0996691
1377.16 0.0447769 -2.01778 938.807 1.09077 0.50125 2510.27 2498.07 0.308989 0.641862 0.623708 0.66294 632.305 0.266525 0.234879 3419.41 0.78658 2.60083 0.0996691
1571.41 0.233978 -2.89021 1323.11 0.255816 1.62223 2268.99 2260.21 0.515251 0.257668 0.321993 0.206051 1629.4 -0.800954 1.24802 3411.36 0.865881 1.17458 0.0996691
3032.29 -0.41363 1.26831 992.724 0.367801 -1.45576 3837.07 921.312 0.0220345 0.758413 0.727632 0.678471 1963.32 -2.08925 0.0813105 4192.93 0.842849 2.94566 -0.0996691
1637.55 -1.27464 -3.04201 1569.44 0.172634 -1.39166 3743.42 3014.51 0.384548 0.104908 0.484525 0.669935 631.201 0.609467 0.293734 4880.76 0.394075 2.33523 -0.0996691
1996.54 0.333843 -0.633258 1510.47 -1.16088 1.84103 4350.3 4332.93 0.314575 0.520756 0.772003 0.822821 1031.69 -2.07267 0.117284 5018.44 0.676408 2.25239 0.0996691
1594.22 0.724201 0.0475097 1452.42 -1.07833 1.86868 3948.93 3940.96 0.109113 0.537056 0.621372 0.611023 654.436 -2.34132 0.118745 4387.03 0.484229 2.27027 -0.0996691
1441.55 1.16759 -0.335787 1186.88 -0.339394 -1.83457 2842.44 2731.77 0.461028 0.433171 0.709658 0.563716 803.92 1.44947 0.279481 4890.05 0.210471 2.72101 -0.0996691
2537.87 -0.211053 -1.15746 972.926 0.851119 1.54613 3688.05 843.443 0.0223049 0.615515 0.416495 0.590473 1520.75 2.22662 0.154062 3698.43 0.767026 2.77896 0.0996691
1168.69 0.033045 2.28333 489.214 1.08611 1.26743 1184.19 1074.86 0.640724 0.782602 0.530679 0.631934 1480.73 -1.13964 0.145883 1678.54 0.427452 2.77637 0.0996691
1130.84 -0.612547 -1.14247 1015.73 0.446478 0.321245 1875.62 1863.03 0.136555 0.392162 0.191972 0.523557 658.285 -2.93162 0.00973988 3567.4 0.429843 3.02005 -0.0996691
1354.55 0.463003 -2.12178 -1 -1 -1 -1 648.836 0.621753 -1 0.8314 -1 1305.31 1.01355 0.0112113 1399.22 0.899518 3.11817 0.0996691
1897.38 -0.375897 -2.42673 827.675 -1.63022 1.66444 2808.52 2743.17 0.723383 0.54754 0.652276 0.809852 605.869 -0.0830866 0.0253709 3955.8 0.610188 2.36967 0.0996691
1866.28 0.538727 -0.74017 1779.77 0.333276 2.98743 3555.28 3358.6 0.394353 0.656532 0.609829 0.555798 733.851 2.75783 0.235745 4919.45 0.859737 2.9462 0.0996691
2029.72 -0.192016 -0.183488 1246.27 -0.544488 1.38014 2399.69 2159.16 0.224921 0.476577 0.617441 0.770842 1636.78 -2.59187 0.0211859 4191.95 0.293091 2.55082 0.0996691
830.512 1.54827 1.52808 -1 -1 -1 -1 478.807 0.575893 -1 0.695591 -1 713.143 -1.70968 0.0631138 951.069 0.854668 2.99317 0.0996691
1507.79 0.67061 -1.75374 1048.93 -0.424575 0.558644 2729.2 2691.13 0.651596 0.733283 0.582811 0.527561 751.544 2.09298 0.0410614 2851.36 0.725483 2.39274 0.0996691
1208.68 0.835435 1.83638 354.615 -0.756623 -1.33712 1761.92 1681.2 0.500534 0.669559 0.512241 0.607455 847.156 -1.23806 0.0945388 1548.05 0.538777 3.10726 0.0996691
3176.23 0.0855586 -2.159 2136.14 -0.618156 0.991409 5547.05 5509.05 0.20203 0.576299 0.739656 0.710575 800.544 0.016736 0.104782 6208.26 0.970091 2.28211 -0.0996691
1983.45 -0.0734871 0.337347 1630.01 -0.72072 -2.5545 3813.21 2018.15 0.315199 0.183533 0.700049 0.635111 943.276 -2.27677 0.114498 4626.42 0.544667 2.73184 -0.0996691
2095.59 -0.382894 -1.68672 1654.19 -0.218234 0.706707 3798.2 1808.21 0.0580638 0.228578 0.346461 0.546817 1347.36 2.26278 0.0182087 4194.29 0.777561 2.77179 -0.0996691
2116.15 -0.0440105 0.767338 932.478 0.050268 2.42664 2106.5 2042.24 0.521111 0.592591 0.761575 0.661943 862.324 -1.7756 0.163122 4352.32 0.52122 2.70606 0.0996691
1887.85 0.404586 1.89146 1397.68 0.432315 -0.40585 2976.07 2927.91 0.846755 0.729674 0.815697 0.519418 822.727 -1.75286 0.758127 3931.2 0.703924 1.88333 0.0996691
1829.39 -0.142015 0.270557 1578.69 0.594653 -1.56407 3023.35 2962.75 0.288881 0.145512 0.75193 0.530584 1862.23 2.02856 0.0349829 4498.48 0.940707 2.72876 0.0996691
2012.54 -1.17346 -2.95476 578.452 -0.101316 0.149289 2754.91 715.647 0.180434 0.501886 0.273692 0.710585 1666.04 0.115692 0.0231559 3515.69 0.355032 2.99701 0.0996691
1379.64 -0.740511 -2.98956 599.455 0.0994741 -0.283491 1990.82 1744.8 0.35724 0.572182 0.449813 0.426109 761.397 -0.0884233 0.19847 2322.47 0.35769 2.79216 0.0996691
831.352 -0.798611 1.31543 -1 -1 -1 -1 468.153 0.498821 -1 0.587571 -1 755.753 -1.78622 0.239427 875.155 0.866406 2.8653 0.0996691
1760.35 0.549806 1.7619 1108.91 1.3778 -1.57326 3042.74 2951.74 0.558435 0.465024 0.548266 0.69688 859.504 0.163896 0.26329 4446.98 0.341295 2.95446 0.0996691
855.063 1.13754 -2.31229 303.058 -2.17664 1.70741 2735.59 2689.11 0.0289607 0.646058 0.50753 0.67767 684.292 0.489966 1.20231 1145.72 0.612489 2.27861 0.0996691
894.56 -1.22351 -2.84218 631.875 1.46524 2.65419 2753.77 2720.26 0.533649 0.542508 0.53722 0.55836 1154.01 0.0147279 0.059394 1797.39 0.869643 2.9145 0.0996691
1199.04 -0.2576 2.66207 492.994 -0.231881 -0.410375 1574.51 1466.3 0.677011 0.498163 0.645107 0.714877 776.763 -0.491381 0.0694521 1720.96 0.391641 3.08457 0.0996691
1660.51 -0.690291 -3.04125 371.227 0.683835 0.134139 2126.2 344.737 0.456357 0.518561 0.466569 0.500982 1250.77 0.115628 0.0162469 2158.16 0.394407 3.03713 0.0996691
2282.38 0.563298 -2.29218 2112.67 -0.0225689 -0.87655 3245.47 4136.97 0.751137 0.622784 0.803125 0.595934 1200.24 1.54374 0.0226979 6375.12 0.966224 2.74654 0.0996691
1200.57 -0.463569 -0.515278 -1 -1 -1 -1 354.65 0.36328 -1 0.551295 -1 1091.82 2.69319 0.58472 1453.8 0.849842 2.39182 0.0996691
973.764 -0.74377 -0.981084 -1 -1 -1 -1 997.389 0.389429 -1 0.597655 -1 946.997 2.23686 0.00217605 1154.92 0.947789 3.09063 0.0996691
1436.29 -0.211428 0.588394 -1 -1 -1 -1 575.637 0.25276 -1 0.621468 -1 1213.94 -2.51264 0.0916638 1674.23 0.772603 3.02825 0.0996691
1188.17 0.27711 1.03676 558.433 -0.826264 -2.27869 1884.17 1837.52 0.33056 0.746536 0.446111 0.66573 948.574 -2.20749 0.0571218 2063.46 0.383602 2.98183 0.0996691
1596.16 -1.3364 -2.23026 -1 -1 -1 -1 1358.31 0.16455 -1 0.715251 -1 1337.66 0.949774 0.134462 1974.69 0.840461 3.04882 0.0996691
1950.54 -0.530359 -0.503298 1517.48 1.14457 -2.50204 4439.83 3217.53 0.0542301 0.282674 0.260909 0.548946 954.652 1.76737 0.326149 4588.9 0.927523 2.84494 -0.0996691
2944.72 -0.0903214 -2.6294 1164.27 0.241446 1.23599 3572.69 3473.02 0.476354 0.619879 0.638972 0.611587 1502.66 0.163184 0.042959 4792.04 0.613753 2.83441 -0.0996691
1953.93 -0.354276 2.35877 1655.15 -0.132898 -0.655863 3678.05 3327.26 0.408567 0.216472 0.650512 0.758633 869.959 -1.48843 0.252228 4321.77 0.413642 2.89267 0.0996691
2287.83 0.179445 -1.93295 1719.64 -0.359766 1.34844 4326.11 3193.62 0.126571 0.65858 0.573783 0.621157 1100.64 0.941761 0.401083 4594.25 0.16139 2.82869 -0.0996691
1113.42 0.328566 -0.209344 -1 -1 -1 -1 888.841 0.566387 -1 0.817456 -1 944.591 2.89554 0.0082922 1234.06 0.783605 3.0976 0.0996691
1727.38 -0.165763 -1.64765 1206.45 1.19657 1.06233 3561.31 3445.91 0.398105 0.299866 0.544735 0.623754 656.811 2.10155 0.11112 3028.25 0.917761 2.64754 0.0996691
849.342 1.16508 -2.53295 548.865 -1.63501 -1.47552 2696.07 2594.04 0.597332 0.423664 0.431522 0.726758 851.165 0.909062 0.0502757 1764.09 0.557738 2.78732 -0.0996691
1317.11 0.0849568 2.10924 368.79 -0.919867 0.513473 1265.87 1203.14 0.514751 0.76287 0.64435 0.570885 1123.29 -1.34253 0.789023 2160.76 0.385347 2.38307 0.0996691
2098.44 0.362119 2.1407 1885.81 0.00269059 -1.5852 3925.52 3625.85 0.19051 0.378108 0.254004 0.859681 692.368 -0.235114 0.00172584 4816.58 0.71778 2.37549 0.0996691
1253.26 -1.17047 0.168851 1092.36 -0.110262 -1.79381 2382.27 2275.66 0.372431 0.504372 0.81854 0.668162 2080.75 2.1531 0.0794539 3608.6 0.411836 3.1132 0.0996691
3196.91 -0.219292 2.25954 1209.86 -0.19449 -0.617109 4102.49 3371.99 0.23753 0.671926 0.828694 0.615915 2041.33 -0.78817 0.17292 5027.84 0.270205 2.95271 0.0996691
2383.97 -0.334095 1.88797 892.231 0.442186 -1.2219 3178.3 2961.22 0.419773 0.695602 0.185519 0.625556 602.392 -0.949597 0.00304168 4242.04 0.859972 2.84083 0.0996691
2035.34 0.388404 -1.44932 997.097 -0.849338 0.101763 2803.13 2655.66 0.596309 0.275515 0.60367 0.663379 1268.03 2.33487 0.160554 4357.52 0.45583 2.6869 0.0996691
918.582 1.21448 2.97453 532.19 0.602074 2.13938 743.04 655.192 0.563763 0.811722 0.561294 0.658151 971.741 -0.404245 0.242304 1742.93 0.576445 2.66015 0.0996691
1017.18 -1.04127 -1.05419 435.496 -0.185573 2.08141 1494.63 1382.02 0.495665 0.854891 0.765854 0.799803 612.646 2.05711 0.01073 1424.03 0.429977 3.10462 0.0996691
1677.62 0.381582 1.20277 377.93 1.12365 -2.14373 1739.1 1300.72 0.623219 0.413161 0.654841 0.686588 1204.49 -1.92136 0.110183 2234.35 0.80956 3.01123 0.0996691
889.086 0.871884 1.44562 449.04 -0.317664 2.51739 1051.15 901.714 0.551715 0.459087 0.403906 0.613884 1168.32 -1.39664 0.2059 1342.08 0.93824 2.69215 0.0996691
1664.94 0.137044 0.569881 1558.66 0.0635295 -1.80994 3019.5 2988.74 0.637774 0.263428 0.644295 0.657351 611.805 2.53678 0.172963 3668.37 0.895898 2.8569 0.0996691
2251.6 0.660154 0.683116 1110.14 -0.828042 2.7434 3837.87 2676.61 0.0799074 0.413051 0.695551 0.563618 2011.13 -1.4375 0.063673 4680.22 0.69583 2.40663 -0.0996691
1792.55 0.0235363 -2.69873 1327.12 0.233155 1.18598 2929.51 2831.15 0.682098 0.410553 0.740926 0.801234 947.996 0.153665 0.405476 3927.6 0.972466 2.4502 0.0996691
2487.87 0.482328 1.34677 2020.54 -0.249237 -1.20637 4665.17 4073.22 0.362983 0.40114 0.828698 0.42635 1018.52 -1.48796 0.211076 6288.71 0.347635 2.62266 -0.0996691
1540.88 1.07064 -2.90426 350.169 0.731268 0.193422 1537.5 1469.21 0.559293 0.555651 0.639697 0.712657 1168.07 0.219828 0.00789428 1862.78 0.633779 3.11689 0.0996691
1484.38 0.842131 3.04341 273.796 1.57751 0.645328 1371.56 411.307 0.234807 0.663585 0.373665 0.696947 1201.24 -0.242153 0.0260118 1833.38 0.830219 3.08287 0.0996691
1343.93 0.297371 -3.10606 888.008 -1.32272 -2.99078 1981 1963.6 0.390682 0.36291 0.590881 0 1755.57 0.0322981 1.01107 3515.22 0.587412 2.1243 0.0996691
1005.45 0.807544 -2.58906 832.765 -0.138948 -1.87773 1136.18 1032.88 0.371771 0.643335 0.69809 0.616982 1199.21 0.620445 0.0525879 2930.92 0.25799 3.02739 0.0996691
2190.94 -0.351968 -2.00475 2028.66 0.625028 1.22563 4901.56 4283.87 0.450141 0.156882 0.548467 0.426216 880.021 1.16777 0.241205 5175.65 0.196752 2.86288 0.0996691
1396.17 0.543088 -1.53981 325.498 0.443706 1.12533 1321.01 1275.92 0.586597 0.448219 0.749828 0.337921 811.55 1.69632 0.145408 1961.52 0.681757 2.89827 0.0996691
2251.28 -0.913925 -1.23085 1368.68 -0.0579233 1.46126 3788.6 3739.46 0.770564 0.505079 0.725857 0.638161 1128.31 1.42181 0.0394917 4746.69 0.79845 2.65464 -0.0996691
1243.8 0.300086 -0.997574 647.715 -0.549039 2.10196 2040.96 1431.42 0.409734 0.578293 0.711045 0.723669 636.17 2.29874 0.118054 1873.08 0.266376 3.0377 0.0996691
1494.27 0.259249 1.72176 303.456 1.60324 -0.964921 1641.39 1598.23 0.62184 0.578199 0.77283 0.793445 1138.61 -1.60085 0.154312 1893.52 0.892161 3.11326 0.0996691
1119.03 0.070511 2.98075 428.766 1.00023 1.80392 1038.75 1002.15 0.433968 0.823162 0.621036 0.609779 971.939 -0.377252 0.0211219 1823.93 0.954075 2.89044 0.0996691
1328.33 0.756784 1.50873 352.14 -0.449568 -2.39687 1573.33 1466.72 0.417744 0.323608 0.68053 0.489773 862.203 -1.37596 0.104039 1947.46 0.28242 3.13031 0.0996691
1032.74 -0.183512 2.22872 876.82 0.695192 0.983784 1422.68 1390.62 0.116299 0.401706 0.542471 0.631982 886.663 -1.5102 0.0282636 2543.48 0.866987 2.52212 -0.0996691
1357.8 0.0354825 1.36322 342.439 0.225988 -1.83463 1396.75 1357.81 0.610043 0.413449 0.535801 0.671413 920.444 -1.66202 0.0132627 2103.2 0.191272 3.07385 0.0996691
685.35 -1.12432 2.29822 -1 -1 -1 -1 2075.28 0.514637 -1 0.651628 -1 710.126 -0.914159 0.800407 1034.54 0.743786 2.26783 0.0996691
1378.1 -0.00083189 0.292774 -1 -1 -1 -1 1043.37 0.102772 -1 0.427083 -1 1401.17 -2.95776 0.0650682 1539.52 0.964681 3.09797 0.0996691
2372.73 -0.25816 0.970198 1237.4 -0.126444 2.32815 2208.12 2122.87 0.454253 0.561322 0.834064 0.62873 2078.88 -1.52532 0.900865 4503.12 0.437566 2.87746 -0.0996691
800.384 1.07348 0.421144 -1 -1 -1 -1 895.709 0.26202 -1 0.531328 -1 608.219 -2.72645 0.0805142 1003.82 0.591209 3.05428 0.0996691
1340.73 0.299453 -1.56632 819.194 -0.413573 1.63253 2307.6 2000.82 0.565348 0.683392 0.678275 0.855827 749.498 1.54204 0.0933727 2305.35 0.200069 3.05609 0.0996691
1835.51 -0.637931 0.371518 945.367 0.463479 2.99341 2989.47 2951.13 0.0733349 0.533309 0.4197 0.607653 666.545 2.9593 0.0407386 4030.64 0.407428 2.62779 -0.0996691
1174.74 0.62772 -2.46642 -1 -1 -1 -1 765.746 0.0673866 -1 0.341992 -1 858.262 0.716919 0.119729 1438.08 0.935088 2.98061 0.0996691
2030.33 0.107152 2.86658 1357.29 -0.795102 -1.35855 3247.06 3230.78 0.566399 0.346134 0.72646 0.676635 720.218 0.684897 0.388154 4639.55 0.98197 2.56929 -0.0996691
2439.84 0.104659 -0.21744 2265.3 -0.282093 1.78604 4080.3 4048.53 0.507944 0.116564 0.513011 0.4797 1028.64 -3.06181 0.14686 6670.15 0.729281 2.99607 0.0996691
1724.01 -0.0293865 -2.85928 477.332 0.973243 -0.211089 2015.71 2308.91 0.268014 0.132171 0.480696 0.655452 1275.77 0.519658 1.29352 2012.2 0.960167 1.61134 0.0996691
1485.12 0.439864 0.32288 476.078 -0.767382 -3.00842 2011.71 1971.4 0.343917 0.61587 0.411617 0.605918 648.129 -2.9166 0.0668092 2375.68 0.764328 2.97304 0.0996691
1100.01 -0.984264 0.10821 -1 -1 -1 -1 696.532 0.729022 -1 0.683622 -1 1031.68 -2.77302 0.230444 1561.7 0.743572 3.10556 0.0996691
1649.85 0.92368 1.82825 1006.29 -0.39197 -1.23919 3179.07 3091.85 0.164491 0.737772 0.394197 0.686665 1113.17 -1.40398 0.160473 3176.39 0.94488 2.89153 0.0996691
2358.37 -0.386237 -0.913862 1439.68 -0.224696 -2.29563 2389.08 2347.81 0.711132 0.510998 0.71465 0.144519 1838.69 1.92863 0.106404 5075 0.641203 2.73866 -0.0996691
1992.36 0.269758 -1.42596 1012.71 1.58541 1.87596 3615.85 1599.66 0.112048 0.62147 0.323457 0.746694 1090.45 2.30958 0.114265 4174.28 0.798573 2.52242 0.0996691
1023.47 -0.509558 0.914405 405.456 -0.150951 2.50562 1079.64 907.816 0.186423 0.552825 0.524093 0.507232 861.499 -1.87442 0.0284781 1692.06 0.204502 2.98305 0.0996691
840.153 -1.80372 -0.720367 718.323 1.49715 0.340537 3992.9 3743.55 0.495536 0.483228 0.734095 0.624113 792.613 2.66952 0.0346577 2920.8 0.329534 2.95291 0.0996691
1817.17 -0.632389 2.90964 1704.46 -0.104117 0.493001 3446.84 3364.35 0.734945 0.788214 0.676513 0.742871 714.28 0.129888 0.365327 4605.08 0.35858 2.41154 0.0996691
1835.24 0.404343 1.15328 1108.73 0.971015 -1.98506 3083.66 2243.66 0.2309 0.577219 0.268085 0.755174 739.987 -2.04094 0.0581852 2995.38 0.112227 2.91704 0.0996691
1362.62 -0.473977 -0.890304 454.614 -0.407274 2.75914 1552.38 1495.94 0.223994 0.67881 0.754613 0.654812 973.009 2.0862 0.681328 1807.65 0.547964 2.62161 0.0996691
1164.02 -0.805482 -3.07449 524.511 1.71922 0.456758 2970.08 2939.34 0.180843 0.497305 0.52801 0.731071 652.412 -0.223431 0.533237 1699.62 0.965652 2.89772 0.0996691
1081.43 0.309201 0.180064 824.206 -1.04023 0.954797 1575.18 1474.37 0.369912 0.693927 0.804151 0.661777 2380.2 -2.7564 1.56175 2611.18 0.728761 1.5091 0.0996691
1198.58 -0.425037 -1.56095 913.705 0.731281 -0.00290618 2063.68 1270.83 0.759424 0.465296 0.773727 0.349097 934.442 2.41626 0.0182948 2779.77 0.37654 2.64068 0.0996691
1748.24 0.677146 -1.43192 1570.47 0.289594 1.56362 3566.19 2856.97 0.432135 0.0913739 0.519777 0.646426 802.719 0.841688 0.0909893 4296.07 0.88374 2.96449 -0.0996691
1607.98 0.0110538 0.0867628 1130.25 -0.371095 2.24266 2445.99 2380.56 0.52574 0.550009 0.619267 0.539808 957.329 -2.93869 0.0961554 3614.76 0.800235 2.93777 -0.0996691
747.025 -0.730225 -1.63655 -1 -1 -1 -1 400.206 0.0465102 -1 0.490486 -1 711.91 1.48308 0.238718 779.403 0.912436 2.92601 0.0996691
1433.31 -0.601334 -0.164459 776.587 -2.01767 -2.69395 2613.15 2557.35 0.446796 0.690142 0.735736 0.748631 1169.6 2.68779 0.0339522 3261.74 0.358113 2.84059 0.0996691
1639.64 0.144714 -2.54519 -1 -1 -1 -1 786.727 0.195605 -1 0.63828 -1 1682.51 0.622485 0.0616258 1856.34 0.962189 3.04585 0.0996691
1713.9 0.16725 -1.8995 777.531 -0.323266 1.25309 2547.17 1881.65 0.0762778 0.782153 0.528638 0.668755 947.286 1.26913 0.030768 2628.97 0.226728 2.86019 0.0996691
1866.85 1.06689 -2.86535 1331.03 0.851388 -1.26584 2293.53 2280.97 0.605955 0.565694 0.585579 0.692574 1057.21 0.650376 0.279045 4460.03 0.30825 2.81864 0.0996691
2203.63 -0.170725 0.215098 1612.26 0.426877 2.74371 3818.01 3630.69 0.275013 0.507715 0.476626 0.761518 615.154 2.36534 0.0967035 5648.5 0.514262 2.79611 0.0996691
1032.02 -0.741648 -2.53941 -1 -1 -1 -1 560.393 0.578578 -1 0.755545 -1 996.04 0.546924 1.20774 1150.31 0.886013 1.98741 0.0996691
2641.52 -0.320661 0.951007 1541.39 -1.03052 -1.35058 4032.19 3521.2 0.251604 0.424062 0.553129 0.252017 1983.41 -2.76349 1.25906 4179.86 0.785162 2.4553 0.0996691
1453.45 -0.807093 2.41939 907.596 0.500851 -1.8552 2577.16 2298.53 0.593127 0.596087 0.463293 0.747235 754.135 -0.124368 0.106915 2933.22 0.845138 2.65792 0.0996691
2079.95 0.405582 -2.98302 1022.98 -0.325284 0.582506 3067.21 3021.19 0.00690643 0.42048 0.0661334 0.458392 783.659 -0.289021 0.0542256 3573.14 0.693842 2.74801 0.0996691
2460.06 0.148858 0.801959 1809.6 0.0270916 -1.32683 3768.37 3329.63 0.0285261 0.461474 0.552279 0.436451 1377.75 -2.57586 0.255287 5629.45 0.846609 2.64997 0.0996691
1302.48 -1.44996 1.27477 774.635 -0.0435961 -1.43205 2532.55 1860.94 0.366096 0.624735 0.807375 0.83667 611.029 -2.71878 0.327469 2497.91 0.528099 3.06075 0.0996691
2948.87 -0.190276 0.270133 1193.12 -1.13234 2.38883 3762.05 3697.79 0.0311594 0.753244 0.136458 0.701697 2109.41 -2.39743 0.0888355 4667.28 0.842692 2.57873 0.0996691
1465.49 -0.0484092 -2.31183 -1 -1 -1 -1 1045.29 0.747501 -1 0.73481 -1 1285.91 0.825605 0.184365 1663.16 0.777548 2.95892 0.0996691
1182.07 0.480722 0.705742 470.991 -0.845878 -2.48954 1845.5 1785.21 0.635113 0.424648 0.762716 0.616447 751.505 -2.3877 0.0970137 1674.89 0.43134 3.08651 0.0996691
1888.98 -0.500437 -2.68171 1489.4 0.359044 -0.126753 3677.91 2850.94 0.236164 0.470025 0.677666 0.299631 1449.9 1.73091 0.0245261 4357.79 0.63204 2.68464 0.0996691
3025.33 -0.00447558 -1.94204 2456.97 0.874513 1.29655 6027.29 5941.11 0.531811 0.0599486 0.466952 0.776938 638.634 0.440411 0.492937 5564.02 0.962685 2.88302 0.0996691
1399.03 1.2672 -2.42386 286.837 0.63971 0.723719 1362.72 1178.04 0.685023 0.754544 0.723863 0.73273 1097.1 0.738013 0.00977874 1667.84 0.729902 3.12934 0.0996691
2690.99 0.0593705 1.92091 1090 0.306253 -1.28354 3749.54 2977.11 0.0618195 0.477483 0.236598 0.59697 847.699 -1.05068 0.13579 4633.17 0.100481 2.95285 0.0996691
1414.44 0.561837 1.02538 1272.89 -0.671504 -3.09804 2962.48 2912.2 0.434648 0.460307 0.712346 0.726733 1358.5 -1.81176 0.0345188 4242.87 0.526068 2.87308 0.0996691
2700.96 0.0435593 0.732709 2343.73 -1.12776 -1.77887 5933.06 5092.07 0.384096 0.405721 0.702254 0.675446 1389.85 2.83728 0.11996 5104.06 0.228575 2.69554 0.0996691
1146.32 0.746763 0.0505301 280.384 -0.494023 -3.02074 1373.68 1220.77 0.70687 0.599834 0.645177 0.658887 1038.02 -3.01692 0.0254521 1591.06 0.663248 3.09257 0.0996691
1344.28 -0.190477 2.32817 463.766 1.95361 0.811917 2373.6 2206.54 0.56364 0.713579 0.636535 0.878599 1004.06 -1.13081 0.0168194 2197.04 0.503477 2.86066 0.0996691
1929.14 1.32399 2.2715 1383.78 -0.262298 -1.64675 4255.08 2757.86 0.0893509 0.649704 0.814454 0.656513 1355.13 -0.097967 0.161073 3278.03 0.957464 2.30142 0.0996691
909.259 0.980671 -0.256258 716.123 1.16561 0.729816 801.691 761.878 0.833926 0.611706 0.661101 0.816007 885.281 3.13966 0.189934 2337.21 0.728513 3.08008 0.0996691
962.14 -0.134493 -0.0730452 826.558 -0.0510479 2.9024 1801.75 1708.77 0.508561 0.643045 0.651465 0.645869 842.803 2.85133 0.0734372 2504.04 0.130958 2.99713 0.0996691
1836.19 -0.701198 -1.1853 1456.01 0.710387 2.35268 4074.69 4033.12 0.396324 0.0903134 0.751231 0.287926 733.547 1.14201 0.273238 3357.23 0.201828 2.77454 0.0996691
3054.17 0.813231 -0.817819 2103.62 -0.741389 1.4006 6352.99 5658.94 0.469701 0.334617 0.811422 0.137905 2143.47 3.07385 0.0990763 5373.98 0.873253 2.48927 0.0996691
1402.9 0.720776 -3.13885 515.194 -0.421849 0.0712892 2055.47 1709.67 0.101979 0.671645 0.748319 0.717666 806.578 0.00636812 0.0533943 1977.07 0.966684 3.01573 0.0996691
1646.45 1.31153 0.338049 1315.68 0.265743 -2.72411 3378.14 3280.31 0.620083 0.479032 0.774175 0.589801 1165.29 -2.37458 0.172801 3915.49 0.889501 2.99347 0.0996691
1349.38 -1.21604 1.43643 391.351 0.222109 -1.5908 1919.89 458.182 0.417671 0.165491 0.565638 0.600338 961.544 -1.63875 0.051502 1839.51 0.199101 2.88873 0.0996691
1332.52 1.12419 -1.3639 925.131 0.412599 0.242376 1809.88 1793.99 0.60097 0.459129 0.480141 0.655861 705.69 1.97544 0.11054 3361.64 0.733685 2.83551 -0.0996691
2734.76 0.984057 1.97633 1868.53 -0.198598 -0.981964 5516.17 4329.16 0.151058 0.660992 0.307853 0.530268 937.394 -1.48845 0.165995 4687.45 0.851388 3.12558 0.0996691
1263.16 0.0995831 2.11493 836.765 -1.01025 1.13031 1587.46 1498.57 0.693251 0.721889 0.709269 0.791383 1134.84 -1.58343 0.0881548 3511.02 0.905043 3.09347 0.0996691
2067.62 0.327779 -1.69213 1861.14 -0.348106 2.04287 4032.95 3892.46 0.4355 0.618011 0.651819 0.690297 728.935 2.25039 0.207413 5893.09 0.970563 3.07248 0.0996691
1574.73 -0.527831 0.406243 1574.63 0.303299 -1.79121 3171.14 2923.83 0.396885 0.424441 0.609863 0.65377 851.025 2.41373 0.392643 3898.91 0.571568 2.53328 0.0996691
1509.39 0.596687 2.55981 1355.56 0.586178 0.446136 2506.04 2445.6 0.584261 0.345096 0.687552 0.640593 1221.44 -1.47554 0.408968 3111.68 0.977294 1.8371 0.0996691
1364.33 -0.286178 -3.06744 402.123 0.471964 -1.69336 1112.23 1097.46 0.644777 0.587263 0.392876 0.481566 1161.76 0.341104 0.0256681 2100.14 0.604372 2.90113 0.0996691
932.892 -1.22638 -2.05616 -1 -1 -1 -1 223.267 0.25328 -1 0.471941 -1 874.879 1.02363 0.0271382 1141.42 0.612061 2.96137 0.0996691
2955.51 0.389499 -2.11456 959.724 -0.33934 0.972019 3788.42 2834.37 0.0929341 0.611949 0.399812 0.628646 1977.84 0.996578 0.0673785 3929.73 0.480189 3.10129 0.0996691
1827.71 -0.203857 -1.68739 1357.45 0.0896112 2.33273 2893.76 2885.08 0.528381 0.318909 0.723707 0.718516 771.578 1.44546 0.0060842 4494.54 0.725828 3.12517 -0.0996691
1296.03 -0.369487 -0.297412 459.787 0.833342 -0.693356 1045.67 1019.62 0.588511 0.779145 0.54053 0.773833 1413.91 2.93854 0.101104 2255.4 0.650688 3.13788 0.0996691
3282.1 -0.281634 0.434257 2124.79 -0.291187 -2.82975 5281.52 5269.45 0 0.471983 -1 0.507154 705.126 -2.51382 0.31617 7316.23 0.223944 3.01889 0.0996691
755.136 0.155301 1.14134 489.481 0.310144 -0.329043 962.549 570.521 0.402179 0.518171 0.749087 0.631297 656.251 -2.47363 0.00455046 1675.48 0.816823 2.96427 0.0996691
1696.08 -0.208773 2.294 607.228 2.28208 -0.773135 4125.56 2577.4 0.475965 0.432341 0.54588 0.699659 956.772 -1.15764 0.152401 2757.89 0.947308 2.93249 0.0996691
2199.85 0.669348 -0.692858 598.708 1.08885 2.48543 2627.84 847.041 0.187727 0.32678 0.697267 0.708245 1610.89 2.46861 0.224387 3130.81 0.888717 3.0067 0.0996691
1506.06 -1.53015 0.305013 1002.14 -0.208688 -2.01072 2862.58 2791.5 0.332534 0.619466 0.587152 0.641637 772.166 2.73637 0.0163589 2912.19 0.812741 2.43702 0.0996691
2055.95 -0.0846075 -2.1353 1055.46 0.518923 1.36383 3055.93 3015.21 0.258059 0.59394 0.620162 0.592585 775.319 1.45161 0.0228522 4414.32 0.714378 2.71773 -0.0996691
2663.71 -0.460967 2.86735 1577.59 -0.410591 -0.350309 4404.07 3456.02 0.0451954 0.719331 0.595233 0.72129 895.006 -0.179885 0.0702591 4633.36 0.872309 3.01005 -0.0996691
810.302 0.122505 2.04168 -1 -1 -1 -1 677.693 0.31474 -1 0.594189 -1 652.297 -1.07684 0.144167 970.281 0.707003 2.97403 0.0996691
2806.42 0.394806 -3.07092 1055.24 -0.455931 -0.865015 3488.73 3286.71 0.646594 0.556177 0.349436 0.711503 1865.66 0.423081 0.108999 4368 0.716521 2.70551 0.0996691
1923.49 -0.49629 2.9524 1572.97 -0.142255 -1.29196 3142.16 2683.39 0.589625 0.109268 0.755712 0.625713 723.85 -0.030501 0.85506 4809.5 0.792844 2.44766 -0.0996691
2685.57 -0.195644 -3.13869 790.673 -1.68656 0.750007 3638.63 3543.17 0.173468 0.586154 0.636819 0.545943 1682.71 -0.254678 0.0259737 3979.85 0.712047 2.91026 0.0996691
1552.1 0.582002 -1.57117 1452.52 -0.296986 1.05055 3433.72 2144.65 0.200283 0.449134 0.241776 0.572651 689.358 0.873636 0.0349926 4737.1 0.577111 2.61003 0.0996691
2903.67 0.0201204 0.0744008 2209.04 -0.173596 2.3505 4716.1 4418.71 0.300976 0.475017 0.747395 0.549147 884.364 -2.31604 0.0390339 6499.57 0.378866 2.43224 0.0996691
1131.33 -0.224086 -1.93422 438.178 -0.160595 1.22543 1423.74 1382.87 0 0.359374 -1 0.598498 709.954 1.21931 0.0141641 1570.22 0.463278 3.13937 0.0996691
1785.14 -0.295921 -0.21546 1540.29 -0.963044 -2.38842 3180.1 3096.74 0.464423 0.502553 0.824933 0.722804 908.739 1.94772 0.108658 5175.2 0.48144 3.12563 0.0996691
1563.25 -1.22242 -0.0715842 283.385 -0.349443 2.92229 1489.08 1335.67 0.572554 0.660892 0.669964 0.634229 1060.52 3.02054 0.00998807 2032.78 0.965125 3.08387 0.0996691
1599.54 0.16872 1.02565 517.202 0.260966 -2.15881 1850.16 1736.3 0.599373 0.776618 0.54415 0.757943 1037.52 -2.13361 0.029561 2105.56 0.543934 3.08897 0.0996691
1459.17 0.026709 2.73769 724.382 1.19558 -0.361364 2484.61 1805.14 0.12258 0.307347 0.42059 0.847242 698.142 -0.572339 0.111779 2140.04 0.492416 2.82636 0.0996691
2961.81 0.342458 0.204499 1170.72 1.0457 -2.35079 3913.5 2957.31 0.258801 0.127942 0.24879 0.552088 1387.12 3.07567 0.0988374 4710.47 0.320875 3.06227 0.0996691
1743.63 -0.0638963 -0.678802 434.45 0.383016 2.41932 1948.88 1444.18 0.563058 0.757428 0.362787 0.660964 1322.67 2.43762 0.0175242 2202.76 0.451644 3.11913 0.0996691
2333.55 -0.837658 -0.635295 920.426 0.850619 2.08099 4039.95 497.962 0.115602 0.520874 0.740146 0.585593 1498.13 2.07929 0.00126314 4508.43 0.257218 2.7534 -0.0996691
2974.04 0.392727 -0.612264 1052.86 0.0633955 -2.75534 3471.03 2943.72 0.0590595 0.711339 0.596075 0.81877 2484.12 2.17482 0.270075 4281.02 0.885898 3.13062 0.0996691
1090.85 1.10753 2.83874 452.387 -0.338775 -0.237735 1805.32 1743.13 0.445341 0.626248 0.328306 0.479938 759.095 -0.260589 0.0310267 1621.73 0.413884 3.04363 0.0996691
2758.48 -0.0926305 -0.89467 783.722 -1.63969 2.82622 3880.14 642.9 0.181205 0.502223 0.749295 0.551839 1623.55 2.06363 0.00448608 4112.21 0.395227 3.08561 0.0996691
1387.19 -0.105269 1.62945 928.182 -0.651692 0.217682 1602.38 1420.65 0.512214 0.319504 0.396104 0.311012 1191.13 -2.09729 0.0138328 2039.57 0.603503 2.5712 0.0996691
1339.66 0.0139373 1.37279 316.727 -0.528499 -2.11023 1338.5 1327.27 0.0774636 0.49887 0.465343 0.749831 991.394 -1.76209 0.0537477 2043.21 0.740932 3.0957 0.0996691
1534.99 0.121677 -0.537264 849.212 0.0622776 2.35942 2284.75 2255.79 0.648509 0.700138 0.637556 0.536037 684.449 2.67163 0.32016 2466.51 0.319575 2.88925 0.0996691
1695.48 0.0820274 0.0508324 1693.48 0.410195 -1.84004 2816.84 2780.73 0.593456 0.618926 0.804174 0.506849 1557.12 2.06827 0.036093 5054.55 0.339227 2.5616 -0.0996691
1358.99 -0.097533 2.50974 415.876 1.42232 -1.51847 1908.39 343.19 0.0611187 0.731577 0.708055 0.742076 779.376 -0.318903 0.00324169 2105.79 0.209144 2.94955 0.0996691
868.31 1.41197 -2.22984 666.525 -1.29792 -0.0774825 3072.3 2952.28 0.624395 0.621778 0.370266 0.496341 716.042 1.66474 0.17063 1600 0.926191 2.21516 0.0996691
2414.59 0.140138 1.44066 1521.9 -0.730475 -0.529237 3966.57 2824.27 0.116173 0.471935 0.185507 0.606271 1106.54 -2.4816 0.291396 5326.05 0.16036 2.97329 -0.0996691
1685.85 1.07697 -1.98168 1307.37 0.879838 1.61928 2924.09 2870.29 0.675094 0.421954 0.516744 0.745285 1411.39 -0.431396 0.163034 4200.12 0.905936 3.01027 0.0996691
1400.94 -0.284886 -1.67103 658.723 0.368365 1.26945 2068.88 1819.23 0.652454 0.452041 0.720504 0.759265 665.355 1.38397 0.0458558 2240.58 0.455632 3.10127 0.0996691
1300.61 -0.0410219 1.42702 1053.06 -0.699489 -2.40275 2384.74 2074.5 0.3043 0.479346 0.617336 0.708071 743.119 -0.53822 0.0875875 2593.98 0.972757 1.87918 0.0996691
1584.52 -0.802156 -0.441848 932.562 0.215347 2.07933 2679.36 2441.19 0.379747 0.569884 0.636654 0.624968 928.021 -3.02092 0.263088 2922.46 0.886442 2.31493 0.0996691
924.422 -0.292094 0.0575188 778.834 1.55446 -1.99413 2324.75 2281.2 0.355847 0.614645 0.574635 0.666904 1001.89 2.63408 0.279849 2580.74 0.934768 2.28654 -0.0996691
2512.07 -0.237979 1.31542 1446.92 -0.386207 -0.903224 3595.67 2659.77 0.254659 0.195072 0.741138 0.691257 1983.13 -2.55235 0.151226 4309.34 0.888894 2.43187 0.0996691
2016.28 -0.598545 2.66498 1161.89 -0.400174 -0.600536 3172.22 2583.28 0.656214 0.31253 0.727266 0.823441 1535.19 0.307575 0.40089 4139.18 0.55832 2.19331 0.0996691
2294.03 0.19253 -1.59008 1736.04 -0.466263 1.62155 4224.8 3973.76 0.120193 0.330493 0.392027 0.631722 681.82 2.90146 0.179654 5109.92 0.805917 2.36188 0.0996691
727.656 1.31543 2.3247 -1 -1 -1 -1 1127.54 0.411146 -1 0.908298 -1 640.735 -0.866531 0.0894055 1085.13 0.632822 2.96319 0.0996691
679.087 0.455521 -2.07102 -1 -1 -1 -1 818.425 0.704315 -1 0.598598 -1 633.691 0.886535 0.0256275 803.716 0.92217 2.99913 0.0996691
1505.49 -0.18859 1.75688 1395.12 1.24625 0.334287 2996.03 3216.82 0.590283 0.234501 0.726312 0.778827 982.17 -2.2536 0.176758 4453.9 0.796263 2.94519 0.0996691
1334.5 -0.790473 -0.280879 1262.77 -0.392687 -2.65633 2479.07 2422.29 0.397288 0.480929 0.555063 0.674415 997.601 1.89815 0.0856239 3186.77 0.228428 2.75085 0.0996691
1566.73 -0.421862 2.9991 792.212 -0.751033 1.03365 1908.97 1874.54 0.569645 0.192916 0.458045 0.232577 918.391 -0.644543 0.0515988 2866.49 0.896253 3.00089 0.0996691
1603.81 -0.344261 -2.31776 363.194 -0.338778 0.795285 1632.94 1095.65 0.300438 0.218173 0.240747 0.763623 1191.95 0.823384 0.358946 2013.73 0.739677 2.80696 0.0996691
640.666 -1.35076 -1.32296 370.229 0.868088 -2.96503 1557.85 942.142 0.527345 0.228277 0.608348 0.544047 625.243 1.2284 0.230807 1203.88 0.536662 2.78987 0.0996691
2848.64 0.00972714 1.77502 1086.58 -0.158302 -0.802474 3544.65 845.211 0.13126 0.426745 0.515928 0.727389 1950.62 -1.64582 0.351793 3990.22 0.913544 2.52839 -0.0996691
1873 -1.01722 0.131283 1835.11 -0.3574 -2.98495 3919.14 3903.58 0.607076 0.0261361 0.631689 0.330105 724.506 -1.03621 0.223838 5506.45 0.492204 2.93025 0.0996691
1184.49 0.470029 -0.418058 -1 -1 -1 -1 718.668 0.356926 -1 0.511641 -1 1213.33 2.86292 0.879309 1376.07 0.949991 2.39818 0.0996691
2955.13 -0.792401 -1.40789 2652.37 0.379545 1.02425 6301.26 6277.59 0.760264 0.589841 0.526706 0.7345 1251.12 2.80268 0.162257 6358.74 0.900776 1.91143 0.0996691
716.94 0.412863 -1.77831 -1 -1 -1 -1 350.266 0.49915 -1 0.364183 -1 668.617 1.32953 0.105093 756.71 0.889995 3.00214 0.0996691
1626.57 0.39525 -0.353777 901.705 0.416986 1.64418 2047.72 2005.19 0.448355 0.375074 0.679992 0.640515 790.167 -2.33503 0.298302 3703.22 0.926059 2.33874 0.0996691
1743.12 -1.04099 2.34739 1381.53 -0.938197 -1.55076 2958.59 2702.59 0.629062 0.263168 0.634191 0.767977 919.796 -0.665117 0.526375 4261.19 0.669696 2.7349 0.0996691
1363.85 0.570559 2.57383 988.301 -0.32758 0.0711354 2514.39 1998.97 0.0913402 0.653824 0.704573 0.710924 754.55 -1.3067 0.475262 2442.3 0.900959 2.10417 0.0996691
1539.06 -0.31101 0.572697 1215.08 0.98446 -1.33106 2933.96 2926.47 0.325858 0.727942 0.423757 0.698235 635.656 0.813776 0.0246723 4962.66 0.720951 2.85368 0.0996691
1235.16 -0.938383 0.137177 913.763 1.43406 -1.37754 3493.11 3241.35 0.497879 0.430827 0.261035 0.586198 1375.82 2.49819 0.0610013 3211.23 0.901709 2.75809 -0.0996691
2621.49 -0.259806 2.32714 1985.67 -1.13233 -0.546314 4979.87 4959.04 0.0767174 0.290639 0.31732 0.679885 617.463 -2.19307 0.00216389 6551.65 0.315405 2.54749 0.0996691
1078.9 1.74752 2.75834 -1 -1 -1 -1 377.67 0.413386 -1 0.240452 -1 871.907 -0.368505 0.0426953 1300.03 0.583932 3.12852 0.0996691
2076.46 -0.81819 -2.28099 1314.6 0.72863 1.92985 4044.53 3936.85 0.571868 0.512809 0.410515 0.455687 1061.06 0.642205 0.441887 4601.83 0.972397 2.94209 0.0996691
2253.99 0.0110315 -0.119025 1966.77 0.731583 -2.11731 3874.86 3854.27 0.447332 0.54529 0.243937 0.492936 731.512 2.54679 0.101995 5987.66 0.639921 2.76781 0.0996691
2111.32 0.223179 1.80596 275.554 0.0291036 -1.2779 1785.47 812 0.163226 0.600309 0.407636 0.527347 1855.77 -1.31338 0.0378441 2412.65 0.604237 3.00299 0.0996691
1563.61 -0.137396 -0.659276 953.595 0.875434 3.01734 2709.32 2583.86 0.621795 0.736051 0.79965 0.74424 699.068 1.41495 0.272137 3488.59 0.950193 1.80782 0.0996691
1211.82 -1.70127 1.99025 1097.19 0.113998 -2.50923 3005.94 2903.2 0.644433 0.552711 0.818265 0.714253 1443.8 -0.644744 0.0287525 3978.7 0.334592 3.10792 0.0996691
994.243 -0.95016 -0.797859 366.154 0.0556634 1.74366 1346.49 1291.25 0.130386 0.56186 0.78906 0.792365 758.21 2.50157 0.759108 1364.18 0.544672 2.54717 0.0996691
1125.08 0.265457 2.9098 752.875 -0.567023 -1.47115 1766.12 1467.78 0.595699 0.643052 0.447066 0.542693 873.334 0.294232 0.106993 2264.42 0.189002 2.76279 0.0996691
2027.57 -0.259709 0.369086 1347.31 -0.559868 2.23451 2708.18 2692.36 0.630311 0.425352 0.63894 0.620622 1106.44 -1.87185 0.0479538 4504.2 0.858206 2.19321 -0.0996691
2485.26 0.440814 -2.0844 1715.42 -0.462162 0.859594 4553.81 4550.86 0.346371 0.542877 0.0940543 0.402901 662.197 0.388609 0.470735 5277.11 0.207538 2.94356 0.0996691
1384.64 0.33828 1.23103 1377.86 -0.922538 2.58921 2597.89 2464.77 0.246555 0.487833 0.314723 0.596954 667.503 -1.66484 0.241433 4359.15 0.512002 2.68363 -0.0996691
2013.7 0.57663 -2.72134 1626.15 1.15895 -0.0469188 3691.27 3638.1 0.541519 0.403219 0.77791 0.846584 865.452 1.02085 0.056713 4044.3 0.897847 2.5933 0.0996691
1753.41 -0.63239 1.92628 1349.85 -0.245212 -0.600891 3006.52 2972.57 0.246929 0.385089 0.669028 0.733742 762.688 -2.12756 0.0882585 3486.53 0.426549 2.71177 0.0996691
2160.93 -0.446636 0.828255 1076.65 -0.0423021 -2.16933 3144.7 2899.88 0.268743 0.335716 0.594791 0.585281 1086.87 -2.51584 0.0243416 3227.65 0.882612 2.9142 0.0996691
2706.05 -0.829393 -2.79996 1317.17 1.19239 -0.312817 5759.51 5690.81 0.604145 0.592914 0.506222 0.57284 678.411 1.89022 0.9678 5667.89 0.827648 1.23526 0.0996691
2854.19 -0.839385 -0.305307 1455.15 -0.438138 -3.08442 4112.24 4040.25 0.623782 0.429892 0.741875 0.649473 1009.19 2.33291 0.863911 5237.37 0.372752 2.78057 0.0996691
1547.98 -0.643984 -0.628823 548.365 -1.61562 1.95226 2035.62 1978.72 0.28312 0.357377 0.4684 0.630816 869.957 2.78972 0.0902619 2328.11 0.717633 2.77518 0.0996691
1038.69 0.0711551 -1.63434 -1 -1 -1 -1 449.201 0.525124 -1 0.604108 -1 943.284 1.47964 0.16323 1109.23 0.915074 3.00868 0.0996691
1697.27 0.269603 -1.52879 1668.47 -1.12613 2.14249 4133.46 4122.75 0.177171 0.0326472 0.561381 0.661702 816.78 -0.0966107 0.273878 4999.49 0.93941 2.87394 0.0996691
1954.94 0.305052 -2.41624 1184.05 0.42055 1.47159 2871.47 2788.5 0.66159 0.176448 0.447753 0.595559 607.613 0.300276 0.136138 3824.31 0.848915 2.65123 0.0996691
774.972 2.13853 2.47074 691.476 0.152949 2.81829 1789.97 1596.73 0.522149 0.710826 0.77696 0.531592 947.809 -0.785667 0.0526328 2541.89 0.753017 3.04211 0.0996691
1017.13 0.103566 -0.265405 -1 -1 -1 -1 550.447 0.360895 -1 0.265024 -1 941.014 2.87024 0.109115 1067.57 0.88791 3.0245 0.0996691
2051.6 0.0454226 2.80994 1457.49 0.0990875 0.560642 3405.22 2492.99 0.117264 0.573748 0.683142 0.691306 611.643 -2.64006 0.130059 4588.39 0.959234 3.07058 -0.0996691
3255.43 0.570413 -2.49887 1431.08 -0.888543 1.25297 5398.82 4405.31 0.359399 0.162621 0.387301 0.594259 2127.38 0.137171 0.00988227 5573.57 0.523157 3.02392 0.0996691
2501.68 -1.20341 0.146972 1757.69 -0.139475 -2.88385 5048.7 796.903 0.018621 0.402233 0.773575 0.403207 748.847 3.10394 0.0425466 4415.04 0.427673 2.99931 0.0996691
2382.65 -1.10996 3.03183 565.099 -0.60299 -0.44544 2446.72 2149.92 0.409851 0.34884 0.121763 0.784585 1756.28 0.0017306 0.398764 3034.04 0.716043 2.79468 0.0996691
1960.38 -0.777044 -2.76314 695.674 -1.24205 0.355473 2415.48 2351.31 0.390979 0.610643 0.677467 0.672065 1237.39 0.659702 0.289757 3085.13 0.489434 3.1376 0.0996691
3341.47 0.11619 1.3998 2929.75 0.791802 -1.45648 6580.49 6574.03 0.144197 0.0241366 0.363483 0.372937 1097.11 2.88059 1.48092 6911.15 0.685665 2.83802 0.0996691
1409.88 0.382277 -1.19608 291.732 -0.20255 1.86421 1373.12 1298.37 0.283093 0.587893 0.555195 0.684051 1166.13 1.8119 0.0128875 1881.4 0.683824 2.99434 0.0996691
2796.78 -0.442709 2.71385 651.152 -0.565719 -0.621534 3170.18 902.73 0.378225 0.596371 0.364109 0.635778 1314.37 -0.258068 0.372241 3819.63 0.360336 2.739 0.0996691
1449.74 -0.847539 2.91447 1095.1 0.150839 -0.725843 2829.49 2528.35 0.169048 0.377115 0.672134 0.790921 639.119 0.52769 0.0179697 2581.63 0.97277 2.40383 0.0996691
2105.54 1.36516 -1.56169 1074.17 -0.592044 1.59615 4599.83 4498.29 0.596412 0.3882 0.781978 0.888348 1102.75 1.66089 0.06055 5035.2 0.335979 3.12233 0.0996691
1369 0.073572 -2.36259 664.96 1.53018 1.47518 2351.36 2334.25 0.573349 0.780054 0.69057 0.538948 773.934 0.407324 0.683547 2227.89 0.814559 2.08641 0.0996691
2801.43 0.378497 1.02722 350.48 0.174507 -0.472218 1568.15 1324.34 0.311002 0.713219 0.482782 0.876254 2608.87 -2.24405 0.139068 3366.95 0.94574 3.11884 -0.0996691
2502.97 0.710633 2.31048 1730.94 -0.377758 -2.05064 4165.1 4155.2 0.671178 0.173347 0.387955 0.361594 813.873 -0.431856 0.015985 6060.23 0.958666 2.75691 0.0996691
1563.73 0.131437 -1.4907 1391.38 0.175046 2.32395 2823.04 2727.75 0.12544 0.550819 0.663038 0.760897 930.002 1.87742 0.431969 4306.52 0.3332 2.48167 0.0996691
1579.4 0.525463 0.51701 -1 -1 -1 -1 356.595 0.458556 -1 0.187918 -1 1381.18 -2.58412 0.00193834 1726.21 0.931668 3.10918 0.0996691
1657.5 -0.411758 2.63452 1572.75 -0.71085 0.238546 3066.53 3039.28 0.0904789 0.71002 0.566675 0.676621 1062.41 -1.60397 0.0085144 3385.49 0.891247 2.05619 0.0996691
3739.79 -0.390777 -1.55836 1159.79 0.675253 1.53204 5049.6 4468.78 0.435434 0.700964 0.518589 0.72771 2234.86 1.47182 0.0698112 5442.86 0.478168 3.02274 0.0996691
1816.14 0.817157 1.02082 1262.06 -0.0129307 -2.78084 3282.71 2114.71 0.167028 0.808197 0.503748 0.708631 804.247 -1.67083 0.949375 3694.42 0.919083 2.31766 0.0996691
1831.17 0.636998 2.40805 720.058 -1.82056 0.0196295 4180.68 4176.62 0.0311544 0.583488 0.563236 0.71289 713.992 -1.27338 0.00437415 3360.69 0.647471 2.59738 -0.0996691
1803 0.339149 0.989738 1158.77 -0.128749 -1.6384 2917.1 2532.41 0.170009 0.532764 0.84688 0.664527 821.125 -2.67683 0.31527 3322.6 0.754643 3.01939 0.0996691
2644.51 0.0942122 0.422508 1617.87 0.563559 2.89575 4160.68 2788.86 0.258991 0.0509731 0.386716 0.479517 1287.27 -2.12835 0.173432 4758.77 0.581565 2.6439 0.0996691
1054.04 -1.21086 2.05881 471.216 0.310444 -2.26399 1752.42 1263.3 0.543765 0.104265 0.485756 0.485072 944.302 -0.602522 0.316181 1607.13 0.780451 2.86814 0.0996691
856.145 -0.935131 2.93452 -1 -1 -1 -1 842.761 0.324933 -1 0.719761 -1 664.69 -0.223309 0.129184 1008.91 0.715146 3.02574 0.0996691
2766.73 0.0497478 2.98414 1033.61 0.777099 -1.14699 3275.46 3218.13 0.173977 0.32192 0.482008 0.757096 1736.15 0.0799785 0.124417 4452.25 0.982469 2.78348 -0.0996691
2276.65 -1.06343 -2.12153 1541.6 -0.42977 0.137764 3604.53 3588.39 0.725474 0.408739 0.606263 0.63578 1063.11 1.781 0.0549238 4431.97 0.942077 2.32539 0.0996691
1404.58 0.920825 2.29511 825.819 -0.692064 -1.03518 2931.29 2538.2 0.691763 0.221372 0.58834 0.826936 675.554 -0.513847 0.140908 2222.89 0.669981 3.02865 0.0996691
887.97 -0.0144465 -1.00635 -1 -1 -1 -1 722.551 0.505416 -1 0.724265 -1 794.733 2.0686 0.0666983 1029.15 0.721246 3.13996 0.0996691
2334.97 0.298142 1.85705 1527.91 0.185945 -1.75711 3694.66 2092.26 0.178786 0.62558 0.689838 0.550456 888.981 -1.85324 0.0891805 3871.06 0.973378 2.48379 0.0996691
1296.11 -0.77049 0.756615 688.695 1.59515 -3.05965 3342.17 3130.39 0.306638 0.0713008 0.523363 0.340272 1133.93 -1.60271 0.00540292 3103.22 0.177428 2.88509 -0.0996691
2891.19 0.341847 2.15499 2233.7 0.540578 -1.30574 5341.33 4133.51 0.27817 0.352408 0.65117 0.411781 916.394 -0.273516 0.0133457 5404.86 0.253785 3.12917 0.0996691
1728.44 1.03241 -1.37573 1197.97 0.727308 2.94839 2479.68 2405.59 0.354341 0.223315 0.626245 0.802 955.205 1.40019 0.290858 3988.49 0.724894 2.97022 -0.0996691
2003.07 -0.578443 1.00411 611.658 0.356344 -2.32594 2466.99 2378.82 0.698314 0.477835 0.556143 0.645175 928.56 -2.04589 0.0149238 3066.58 0.603843 3.06513 0.0996691
872.71 -0.406804 -2.88348 291.507 0.728783 0.732188 1178.36 512.382 0.756285 0.707705 0.745487 0.756992 790.237 0.363667 0.116307 1400.18 0.945316 2.92195 0.0996691
1792.77 0.595301 -0.140521 1710.34 0.0244093 -3.10015 3682.5 2849.2 0.148803 0.543322 0.462027 0.663037 879.252 -2.58175 0.167523 5140.2 0.587352 2.88986 0.0996691
928.279 -1.37075 -1.45324 810.697 1.03145 0.769503 3063.88 2875.54 0.433588 0.780601 0.548306 0.682746 657.19 2.63916 0.0823021 1816.33 0.372216 2.42336 0.0996691
2904.08 0.55005 3.07907 2832.39 -0.0653375 -0.393501 5943.6 5922.66 0.661337 0.546807 0.612962 0.452864 602.449 1.00606 0.225933 6296.74 0.965396 2.30141 0.0996691
1361.75 -0.183393 1.46415 346.879 -0.347124 -1.76326 1390.85 1389.6 0.026804 0.334151 0.32597 0.160356 1174.13 -1.72989 0.0344671 1903.91 0.595446 3.05468 0.0996691
2033.93 -0.15822 -1.72706 1075.69 0.873787 -2.12908 1725.04 1710.8 0.675691 0.628766 0.647154 0.64202 1660.49 1.1122 0.0426439 4539.99 0.423414 3.08511 0.0996691
1118.17 1.12119 -0.32882 535.405 -1.08994 -0.571921 2102.26 1699.7 0.518859 0.846042 0.754022 0.716058 1094.26 2.76932 0.0527265 2103.87 0.371285 3.12536 0.0996691
1023.25 0.467714 0.463905 362.932 0.412491 -2.70665 1313.16 993.555 0.278121 0.509667 0.825294 0.334323 691.649 -2.68704 0.0220685 1380.48 0.29855 3.08816 0.0996691
2457.78 -0.343483 3.08682 1823.93 -0.514374 -0.533747 4141.91 4138.58 0 0.544307 -1 0.286535 1502.21 1.15996 0.390177 6613.55 0.319086 2.65713 0.0996691
2286.06 -0.0821545 -0.975883 1903.53 0.43181 1.78735 4362.79 3291.87 0.664693 0.0641503 0.644001 0.626926 889.122 1.61328 0.0980483 5455.29 0.425367 2.49049 0.0996691
922.506 0.57637 -0.402331 694.61 1.3123 2.72707 1763.84 1513 0.449725 0.661439 0.828235 0.634555 618.404 2.39994 0.0592749 2200.28 0.230128 2.99455 0.0996691
1470.83 1.36574 0.217898 1328.54 -0.214576 -0.960483 2945.59 2771.24 0.43098 0.467797 0.657171 0.722252 1370.63 2.98841 0.0291884 3827.05 0.964995 2.80071 0.0996691
1741.56 -0.163791 0.595434 717.332 1.32959 -2.34552 2944.04 1111.82 0.285603 0.107963 0.610411 0.545211 872.148 -2.45029 0.296724 3623.06 0.974654 2.74763 0.0996691
2261.07 -0.445906 -2.19319 1114.87 0.643477 3.09688 2396.37 2322.39 0.811189 0.537096 0.643775 0.792486 2055.56 0.570352 0.178478 4261.4 0.42574 2.94794 -0.0996691
2036.1 0.084667 0.607587 1461.52 -0.330708 -1.14026 2762.09 2722.45 0.360318 0.59706 0.58645 0.395072 1016.55 2.49739 0.0412498 5187.71 0.705452 2.61357 -0.0996691
1475.29 0.450113 1.38631 1006.37 1.47268 -0.12391 2133.45 2086.03 0.595744 0.185746 0.648376 0.711951 1014.23 -2.35221 0.102303 3306.94 0.437774 2.44267 0.0996691
2371.69 0.340111 -2.88159 2194.33 -0.0101305 1.3166 4034.58 3972.78 0.207934 0.166831 0.57901 0.495114 704.497 -0.787115 0.0290946 6059.84 0.649512 2.08446 0.0996691
1435.92 0.643263 -1.19928 1025.31 -1.33509 -2.94884 3523.41 2909.78 0.1304 0.546054 0.83248 0.59613 953.297 1.4807 0.197554 3517.45 0.928935 2.94598 0.0996691
1427.44 -0.626907 -1.88316 285.009 0.501475 1.11859 1585.63 459.244 0.195789 0.475455 0.565024 0.71822 1099.36 1.29358 0.0373557 1731.08 0.772959 3.02735 0.0996691
1434.26 -0.381443 1.44259 528.93 1.41779 -1.8722 2492.18 2478.84 0.452407 0.352182 0.306219 0.522963 941.874 -1.55063 0.318747 1959.54 0.469575 2.97141 0.0996691
1792.52 0.969073 0.885064 996.805 0.554835 -1.27636 2625.87 1653.49 0.173468 0.50418 0.458695 0.827329 1012.68 -2.8309 0.196962 3795.6 0.522239 2.98326 0.0996691
2068.76 -0.682867 1.49802 1598.89 1.50516 -1.19992 5998.23 5900.06 0.46549 0.593963 0.504561 0.591845 1240.23 -2.96638 0.0499036 5159.11 0.190122 2.9525 0.0996691
1133.34 -0.386635 -2.5261 998.951 1.25249 -1.83834 2134.86 1903.96 0.294941 0.750511 0.689606 0.743963 877.457 1.25473 0.0180075 3358.58 0.345891 3.11309 0.0996691
2405.53 0.319921 -0.890799 1979.63 0.932122 3.0744 4266.68 4114.26 0.541688 0.237303 0.800704 0.558545 1429.55 1.37302 0.00153995 4717.54 0.827849 2.27751 0.0996691
850.087 1.30801 1.43923 -1 -1 -1 -1 240.36 0.274532 -1 0.733363 -1 944.849 -1.69739 0.134124 1039.38 0.864504 2.8326 0.0996691
1764.62 1.0999 -1.75087 1667.55 -0.798775 2.92845 4527.35 4476.54 0.367536 0.575226 0.570991 0.528324 1393.72 0.359653 0.158305 4362.45 0.890827 2.41159 0.0996691
1629.01 -1.02985 -2.82765 760.565 -0.514915 -0.0945402 2266.39 2232.54 0.256397 0.331048 0.534188 0.795484 924.624 0.646006 0.741775 2369.18 0.417062 2.7326 0.0996691
2454.62 -0.253598 3.05745 784.266 0.910063 -2.36725 2080.88 2046.11 0.497157 0.655206 0.609715 0.69014 2018.21 0.18177 0.0737487 4244.04 0.645611 2.95034 0.0996691
972.124 0.575024 0.0896708 569.077 0.227648 -2.4277 1485.56 1343.51 0.338718 0.588985 0.823196 0.723179 646.494 2.78199 0.215179 1514.3 0.882517 2.9145 0.0996691
2791.4 0.00820122 -2.12076 2339.52 -0.00704699 0.630003 5076.01 4965.91 0.430157 0.613452 0.578319 0.73791 1208.55 1.81858 0.588344 5499.65 0.568607 2.40126 0.0996691
2171.83 -0.647938 -0.846471 795.602 -1.9656 1.89331 3418.1 2969.6 0.337456 0.596664 0.679649 0.739151 1447.57 2.49911 0.06531 3093.18 0.967876 2.70421 0.0996691
1844.63 0.762223 2.55667 1244.83 -0.881765 -0.292554 4122.27 3960.07 0.640169 0.492137 0.574134 0.771295 1376.05 -0.188881 0.103389 4165.18 0.264368 2.84729 0.0996691
2013.14 0.493631 2.01459 1620.72 0.442838 -1.04636 3676.91 2974.78 0.631568 0.235447 0.827047 0.683897 1064.38 -0.6487 0.0852046 4470.69 0.883717 2.6815 0.0996691
1296.87 -0.590558 0.94338 1154.62 -0.251643 -0.735946 1910.07 1867.08 0.312006 0.385734 0.667075 0.47819 952.84 2.83825 0.276706 4394.02 0.880221 2.87424 0.0996691
1360.26 -0.527445 0.316491 509.22 2.11772 1.15171 2982.93 2890.42 0.355378 0.391155 0.768743 0.630223 1636.9 -2.51399 0.178215 2330.92 0.522182 2.72389 0.0996691
1663.1 0.561083 -0.96644 600.49 -2.44827 0.919493 4577.39 4552.76 0.368653 0.275665 0.302823 0.499157 1058.57 2.44263 0.0701816 2771.31 0.74299 2.80347 -0.0996691
1571.7 0.186357 -1.47504 1385.16 0.457141 1.43049 3139.81 2642.84 0.0633129 0.346797 0.741272 0.802408 895.902 -1.62554 0.0297197 4106.97 0.0335121 3.13156 0.0996691
2641.38 -0.0833401 -0.622472 1383.86 0.299292 2.56987 3893.2 3890.77 0 0.421837 -1 0 1312.73 2.60063 0.0308616 6441.93 0.313766 3.09095 0.0996691
1960.62 -0.525831 1.25792 1726.82 0.724637 -2.57517 4326.4 3245.29 0.373763 0.344298 0.306465 0.691699 604.393 -2.43783 0.0526812 5124.71 0.435515 2.53352 0.0996691
498.06 0.994442 1.8947 292.659 1.98932 1.23999 519.396 409.995 0.726704 0.693711 0.63097 0.872575 711.505 -1.35125 0.116931 965.848 0.654283 2.98801 0.0996691
841.436 -1.01383 -2.83613 368.874 1.08919 0.0911805 1825.78 1663.9 0.533334 0.616918 0.589642 0.685038 718.495 0.427149 0.352961 1398.16 0.333102 2.79428 0.0996691
2470.38 0.129468 -3.0475 2466.81 0.670019 0.700677 5261.47 3393.97 0.66387 0.364145 0.535167 0.438436 1186.05 -1.18768 0.0397021 5499.96 0.320683 2.55155 0.0996691
1682.16 0.576717 1.18573 581.841 -0.357665 -1.89149 2216.36 2211.31 0.493559 0.297895 0.398987 0.604054 1072.79 -2.11439 0.221062 2261.43 0.488056 3.07935 0.0996691
2195.99 0.385974 -2.76819 1500.79 0.569076 0.280449 3652.16 3636.15 0.473482 0.140761 0.706788 0.352928 699.643 -0.583641 0.866092 4486.2 0.781437 1.43636 -0.0996691
1713.07 0.561062 -2.58488 766.807 0.436325 1.81994 1931.16 1649.74 0.537514 0.334853 0.685215 0.652821 1295.36 0.843404 0.193737 3602.74 0.872374 2.66527 -0.0996691
1367.22 0.588519 -1.59092 985.908 0.328841 -2.84792 1431.81 1426.64 0.591408 0.445817 0.719765 0.491216 1741.33 1.73053 1.56643 3541.22 0.980933 1.75315 0.0996691
1192.41 0.273876 0.728923 779.179 0.879521 1.91198 1265.9 1204.3 0.646084 0.410918 0.327912 0 1253.73 -1.95242 0.0899363 2348.64 0.516061 2.79228 0.0996691
700.187 1.1576 0.873399 -1 -1 -1 -1 308.333 0.659379 -1 0.900828 -1 662.495 -2.31749 0.397709 806.246 0.813043 2.62225 0.0996691
1925.86 0.22921 -0.395808 1660.46 -1.12811 1.21568 3695.53 3688.23 0.443091 0.0475362 0.11058 0.492297 769.536 -2.70416 0.0435858 5198.6 0.529994 2.31961 0.0996691
1693.52 -0.676887 2.26822 1410.05 -0.877261 0.276995 2635.18 2604.7 0.72347 0.283498 0.840616 0.302856 718.281 2.42048 0.149393 5475.45 0.318241 2.82728 0.0996691
1265.94 0.0689084 -0.747972 894.292 0.2339 0.523672 1522.34 930.798 0.273768 0.159214 0.672756 0.68979 1602.04 -3.10825 0.769231 2731.13 0.458113 2.73576 0.0996691
1608.4 -0.219676 -0.437932 491.293 -1.20958 2.02948 1930.01 1817.33 0.633863 0.623572 0.640357 0.627778 1213.99 2.90182 0.13983 2124.54 0.915292 2.80599 0.0996691
716.29 -1.10896 1.23845 -1 -1 -1 -1 473.324 0.402932 -1 0.708151 -1 610.871 -1.88543 0.0709071 785.275 0.809361 3.0526 0.0996691
1845.15 -1.49182 -0.531853 751.397 -0.736264 1.59068 2256.99 2237.38 0.440783 0.577365 0.515517 0.73027 1073.92 3.03125 0.0510042 3047.24 0.670796 2.6687 0.0996691
1460.24 0.320284 2.16731 856.817 -0.0208982 -1.13279 2301.25 2205.68 0.548195 0.2622 0.711163 0.633977 634.081 -1.04572 0.0918101 2513.13 0.94175 3.04518 0.0996691
1609.13 0.568557 -2.56647 1175.01 1.48005 1.00092 2996.6 2975.26 0.694331 0.397147 0.649201 0.532447 1152.97 -0.332596 0.0342892 3588.3 0.413476 3.13321 -0.0996691
1879.38 0.120974 -0.723709 890.279 1.18954 2.15934 3004.61 2835.54 0.279627 0.803961 0.492058 0.745284 666.16 2.34286 0.182875 3398.49 0.345256 2.84535 0.0996691
2058.94 0.648009 -0.315113 685.264 0.545667 2.40786 2392.67 1810.29 0.513186 0.432988 0.703965 0.729292 1165.82 2.85639 0.147306 3096.44 0.773937 3.02373 0.0996691
2444.37 0.237566 -0.654392 1580.99 0.641226 1.48637 3618.88 3416.51 0.64463 0.628883 0.454154 0.718084 1239.22 2.95234 0.206888 4853.34 0.823027 3.08337 -0.0996691
1507.05 -0.845759 0.163436 285.988 0.320003 -2.24827 1534.72 348.665 0.369017 0.682631 0.685686 0.621367 1332.3 -3.10435 0.781973 1782.37 0.96117 2.38957 0.0996691
3211.11 -0.285149 -1.48219 2596.98 -0.278325 0.978772 5562.33 4767.64 0.433596 0.423314 0.511218 0.736024 1503.67 2.614 0.0356021 6253.36 0.851872 2.15183 0.0996691
2014.44 -0.136503 1.63692 1985.8 -0.424359 -1.72266 4045.39 3961.36 0.136427 0.763949 0.580958 0.754733 819.809 1.30027 0.045275 4937.57 0.975471 3.07624 0.0996691
2642.05 -0.0538983 2.09109 1664.42 0.203313 -0.465923 4157.81 3611.27 0.138717 0.540324 0.712452 0.464834 622 -0.888477 0.0136192 5507.08 0.776285 2.99276 -0.0996691
1388.87 0.0392687 -1.9913 601.619 0.580088 1.09084 1903.85 1880.38 0.431064 0.695714 0.451557 0.709258 831.628 1.12161 0.034079 2015.46 0.402223 3.07843 0.0996691
1567.09 0.888025 -0.869416 280.929 0.470125 1.87932 1364.7 1275.48 0.483301 0.489211 0.357376 0.514733 1299.22 2.3441 0.294522 1844.5 0.961919 2.92034 0.0996691
974.081 -0.0641717 -0.38175 892.231 -1.2888 -1.08488 1410.77 1357.02 0.636309 0.583133 0.511339 0.507933 1520.46 2.40602 0.129911 2091 0.955616 2.94069 0.0996691
2592.92 -0.222247 2.14454 1870.55 -0.0422081 -1.12019 4436.86 4382.39 0.297032 0.631419 0.729468 0.351518 677.403 -1.30089 0.185255 5024.09 0.174584 3.02319 -0.0996691
908.135 1.42472 0.721105 897.196 -1.38498 0.39409 3496.01 2516.24 0.363599 0.7085 0.729763 0.65564 1638.27 -2.46648 0.12502 3019.2 0.0955906 3.11497 0.0996691
2081.63 0.853534 -1.35295 678.244 -1.95695 2.01354 5243.7 4194.47 0.232487 0.696933 0.602607 0.731216 902.377 1.693 0.0988955 3281.08 0.555468 2.85838 0.0996691
2579.69 0.312411 -1.76496 2169.65 0.0873659 1.92975 4794.55 4099.3 0.272786 0.573841 0.203936 0.567094 752.702 2.05627 0.125178 6555.46 0.592353 2.93128 -0.0996691
1878.09 0.185492 2.20997 1856.84 -0.0678742 0.297013 3386.83 2629.51 0.0496423 0.715184 0.736756 0.726293 1649.14 -1.84322 0.12565 4338.93 0.20149 2.93912 0.0996691
2323.21 -0.337854 -2.33161 1466.3 1.07036 1.85389 4267.54 4260.44 0.484862 0.200006 0.425705 0.45721 724.396 -0.15115 0.0177544 5227.67 0.711311 2.16274 -0.0996691
2937.74 0.408557 0.555886 1442.82 -0.29107 -1.74755 4340.04 2897.94 0.0625923 0.26316 0.538131 0.644305 1406.11 -3.08907 0.00918889 5157.34 0.482882 2.86812 0.0996691
1905.42 1.19317 -2.94984 962.563 -1.1073 0.307098 4740.14 4212.54 0.556621 0.481469 0.790064 0.637281 1061.53 0.254045 0.0478669 2862.78 0.26698 3.03068 0.0996691
934.008 -0.0938595 0.152387 920.333 0.659121 1.16924 1189.97 1108.68 0.592283 0.357848 0.582638 0.585294 1094.46 -2.53198 0.132699 3242.49 0.395407 2.82925 -0.0996691
2780.69 -0.300907 -2.02652 2217.68 0.597593 1.24455 5546.06 5332.82 0.680919 0.577898 0.416716 0.620691 635.228 0.954801 0.289001 5275.3 0.0904386 3.05552 0.0996691
2612.33 -0.219512 1.0226 639.902 -2.19372 -2.06587 3970.11 3928.42 0.334236 0.556662 0.325512 0.556711 1736.08 -2.15678 0.0522244 3455.55 0.848778 3.05107 0.0996691
1156.59 1.28382 -1.19913 601.492 -0.476797 2.89203 2258.47 2136.69 0.554497 0.622433 0.735445 0.691006 945.199 1.41001 0.144891 1844.64 0.151727 2.86238 0.0996691
2285.09 0.371235 2.59104 1277.67 1.41629 0.292724 3780.32 3095.8 0.286656 0.508913 0.194351 0.699568 1016.35 -1.0258 0.313702 4375.18 0.220187 2.69954 0.0996691
2648.88 0.456944 2.29044 1126.27 -1.31501 -1.13775 5012.08 3651.05 0.0720398 0.765126 0.568541 0.74669 738.729 -0.360811 0.445023 4752.26 0.313109 3.00368 0.0996691
1546.57 -0.280782 -1.76317 1542.2 -1.0354 2.58879 2849.77 2774.96 0.619252 0.861485 0.38069 0.724226 1178.4 0.396461 0.0371513 3492.8 0.669442 2.15792 0.0996691
1579.2 0.605067 2.09168 1502.64 0.246911 -0.567446 3066.63 3001.7 0.442031 0.250952 0.716545 0.329694 796.763 1.7003 0.12446 4447.71 0.938525 2.90089 0.0996691
1163.38 1.11347 1.48893 499.799 -1.12447 -3.12684 2425.63 1892.73 0.7356 0.41349 0.668815 0.76281 908.295 -1.27827 0.166047 1966.76 0.733093 3.06449 0.0996691
1992.76 -0.426994 -0.5703 1412.59 0.593136 0.978066 2954.83 2947.02 0.28097 0.1246 0.378712 0.461778 1992.8 2.69155 0.122782 5055.46 0.744241 3.13907 0.0996691
2032.76 -0.966712 -1.98262 1235.68 -0.275104 0.778716 3398.13 2906.28 0.256583 0.203545 0.586076 0.612239 747.08 2.14603 1.28678 3554.03 0.95014 0.987864 0.0996691
1718.37 -0.262146 1.59399 1646.1 -0.572849 -1.87026 3418.37 2978.63 0.708077 0.385866 0.862937 0.786345 957.354 -0.476128 0.0439432 4556.73 0.428421 2.64295 -0.0996691
2929.71 -0.185004 0.0713633 2454.78 0.622031 2.80665 5779.29 5082.29 0.603525 0.213945 0.537963 0.420055 783.606 -2.36525 0.754745 5907.91 0.844384 1.67978 0.0996691
1788.1 -0.551538 -2.89809 1230.88 -0.624927 0.623719 2930.54 2918.22 0.283533 0.335773 0.599881 0.437694 710.095 -0.53369 0.150837 5143.48 0.0957317 2.97305 -0.0996691
1498.04 0.632086 -1.46535 1409.37 -0.109496 0.830366 2951.03 2432.48 0.407685 0.418754 0.520187 0.563524 1544.2 2.73659 0.0360196 4460.31 0.277851 3.13286 -0.0996691
2300.1 0.699121 -2.30876 1321.27 0.459259 0.196088 3541.25 2725.43 0.193342 0.232389 0.469647 0.787043 1263.68 1.36288 0.0139039 3897.07 0.160729 3.1413 0.0996691
1557.15 0.930801 1.91774 490.977 1.11478 -1.45796 1847.35 1549.84 0.442633 0.523685 0.375632 0.608988 1123.14 -1.14748 0.206936 2086.31 0.917865 2.94606 0.0996691
1236.12 0.0429043 0.681332 812.679 1.3821 -3.11215 2404.44 2332.7 0.441218 0.761242 0.549675 0.668573 675.564 -1.76965 0.173415 2198.3 0.902307 2.62056 0.0996691
1706.61 -0.419194 1.69417 1366.24 0.290142 -2.90029 2551.77 2531.68 0.693529 0.382045 0.805061 0.6162 606.96 -1.00566 0.248513 5220.23 0.973133 2.94477 0.0996691
1866.37 -0.140419 -1.24682 1548.21 0.525426 -2.39276 2191.23 2175.13 0.452419 0.670473 0.325909 0.640782 1372.7 1.40347 0.0407361 4913.81 0.29316 2.69358 -0.0996691
933.003 -0.294819 1.96423 431.658 0.647394 -0.690981 1410.63 1374.5 0.431396 0.539318 0.653162 0.809933 716.084 -1.21379 0.0389215 1905.75 0.671884 3.13559 0.0996691
818.765 1.07922 0.400728 -1 -1 -1 -1 886.553 0.531673 -1 0.790495 -1 635.811 -2.72291 0.108215 994.204 0.643294 2.98473 0.0996691
1371.09 0.993743 -0.829563 491.794 0.0517972 2.42774 1918.37 1555.13 0.578373 0.740917 0.356637 0.684399 766.621 2.4598 0.0312233 2177.89 0.39787 2.96733 0.0996691
1446.29 1.05895 1.47884 1437.24 0.0590917 -2.59744 2999.57 2806.27 0.279048 0.559823 0.630813 0.643256 1143.46 -0.532008 0.0256183 3071.96 0.821594 2.09504 0.0996691
1651.81 -0.126107 -1.65659 930.772 0.762289 0.183632 2313.04 2172.93 0.58329 0.398288 0.745453 0.697529 2074.09 2.13856 0.069057 3830.89 0.444827 3.13858 0.0996691
2599.44 -0.0958931 -0.66351 1788.9 -0.685703 -2.8322 4051.73 3917.55 0.524872 0.718899 0.490607 0.694696 829.513 0.520789 0.349545 6122.05 0.374314 3.00462 0.0996691
2457.44 -0.164648 -1.63063 2275.44 0.024971 1.81298 4750.62 4547.24 0.343917 0.271444 0.723102 0.785065 854.231 2.31736 0.0733457 6126.23 0.776547 2.71487 -0.0996691
2282.81 0.542692 -1.02283 1496.25 -0.870208 1.23308 4472.14 4279.41 0.504382 0.400766 0.511814 0.328655 1010.38 2.77642 0.140523 4481.43 0.647924 2.8128 -0.0996691
2169.02 0.578294 0.595065 2049.61 0.377552 -2.94238 4274.19 3854.78 0.428977 0.565982 0.697571 0.363223 857.041 -2.43824 0.230843 5102.86 0.762856 3.02788 0.0996691
2834.44 -0.473071 2.85599 1876.63 0.783808 -0.0137704 5886.97 3521.58 0.0426693 0.0886146 0.722758 0.460694 1726.21 -1.27992 0.0333731 6034.5 0.785008 2.55632 0.0996691
1172.46 0.882368 -2.96525 1025.52 0.765735 2.16964 1310.04 2299.56 0.732823 0.241936 0.794102 0.591221 1998.8 -0.780167 0.0357752 3481.75 0.451819 3.04561 0.0996691
1633.71 -1.08932 0.135272 617.774 0.895625 -3.05974 3180.81 666.062 0.0957278 0.298229 0.621439 0.615808 791.557 -3.09897 0.0384541 2564.38 0.165095 2.98104 0.0996691
1448.08 1.14115 -0.371047 1211.89 -0.269495 2.39705 3332.82 3178.3 0.576857 0.723988 0.863692 0.806059 859.769 2.13561 0.15043 3896.87 0.246401 2.86436 -0.0996691
1040.78 0.466313 0.55214 372.038 -1.15181 -2.56197 1686.8 1578.64 0.576841 0.736522 0.714187 0.686074 656.857 -2.45121 0.133855 1394.96 0.511272 3.13719 0.0996691
1125.2 -1.20732 2.11729 454.144 1.41606 -0.491978 2826.64 2800.18 0.237627 0.761089 0.725628 0.585287 792.924 -1.33687 0.85023 1565.84 0.488701 2.60095 0.0996691
1256.68 -1.33641 -0.538334 539.009 -1.28102 1.5862 1495.96 1328.57 0.504257 0.405726 0.695257 0.694476 673.966 -2.99998 0.173839 2365.36 0.922768 2.63513 -0.0996691
1565.48 -1.38089 -1.2945 1024.22 0.454789 2.68105 3564.77 2838.26 0.219779 0.211514 0.782649 0.449982 995.702 1.18968 0.0996485 2775.03 0.476937 2.87235 0.0996691
1114.59 -0.839071 -1.99631 277.63 0.966964 1.19595 1632.63 1354.86 0.380169 0.48858 0.573952 0.459643 697.451 1.24281 0.0516157 1608.2 0.214637 3.05844 0.0996691
2121.84 -0.233 2.3891 1046.03 -0.23284 -0.897913 2996.58 2899.38 0.837971 0.609953 0.652338 0.589748 1639.75 -1.05923 0.158301 3940.19 0.957529 3.00018 -0.0996691
3038.35 0.585949 2.47225 1242.9 0.423676 -1.84234 3496.43 2481.42 0.250448 0.649514 0.396092 0.545691 2537.29 -0.138489 0.121545 4777.16 0.900716 2.91376 0.0996691
1262.4 -0.630787 -2.33513 463.491 0.375575 0.968139 1731.93 1714.24 0.425759 0.258382 0.557029 0.604074 869.266 0.877025 0.0924934 1870.92 0.467523 2.98269 0.0996691
1193.77 -1.10144 0.481891 427.076 1.16442 -1.85806 2454.39 2131.78 0.109341 0.685663 0.464316 0.447455 760.925 -3.0247 0.216017 1800.34 0.660083 3.11378 0.0996691
1169.79 -0.989092 -2.51777 271.682 0.1275 0.595497 1363.51 613.299 0.379137 0.66641 0.613884 0.769502 1116.48 0.678414 0.0537223 1593.76 0.677355 3.13213 0.0996691
1081.42 -0.63741 0.322478 890.1 0.831451 0.274325 1579.65 1557.57 0.501786 0.503588 0.17737 0.625404 1219.33 -2.92111 0.050468 2937.34 0.0683133 3.04501 0.0996691
413.886 -0.52235 -2.80778 357.965 -1.7054 -2.40807 534.743 489.252 0.581302 0.53957 0.774599 0.852205 651.699 0.503229 0.56222 1145.45 0.433285 2.41005 0.0996691
1387.13 0.721024 2.6563 556.767 -0.711637 -0.603549 2257.06 2174.04 0.417192 0.35006 0.423084 0.616515 643.977 -0.513591 0.106186 2349.02 0.448516 3.00296 0.0996691
1714.74 0.202612 -3.13524 1308.65 0.4671 0.671341 2871.19 2825.57 0.664775 0.218943 0.571856 0.539146 1380.07 -0.728926 0.00670385 4180.17 0.359142 2.99532 0.0996691
2768.7 -0.754112 -0.734353 2446.02 -0.434432 2.8437 5243.03 3985.68 0.407742 0.501107 0.492922 0.456633 1208.69 1.3124 0.157151 5286.27 0.944886 2.30032 0.0996691
845.167 1.40941 -1.88638 -1 -1 -1 -1 784.409 0.58562 -1 0.37518 -1 645.291 1.25572 0.0560551 1008.3 0.652239 3.08575 0.0996691
1232.82 -0.309539 1.11116 359.701 -0.588472 -2.03777 1374.66 1280.61 0.369287 0.6018 0.755285 0.598459 858.575 -1.94035 0.08408 1530.97 0.566086 3.12821 0.0996691
1466.21 0.0111767 2.63916 1458.59 0.713967 -0.263923 3114.67 3088.37 0.327459 0.220625 0.396742 0.347254 988.339 -2.5952 0.0727956 4727.55 0.365246 3.13749 -0.0996691
2189.27 0.404162 -3.10314 1298.27 -0.160502 0.530626 3429.2 3347.09 0.381599 0.229412 0.574021 0.542745 959.255 0.267774 0.0319132 4164.31 0.0611054 3.03512 0.0996691
1244.62 0.398318 -1.08199 462.219 -0.471788 1.81961 1761.84 1264.82 0.239935 0.624041 0.674073 0.723477 794.079 2.06748 0.121156 1842.94 0.473431 3.09635 0.0996691
2458.03 0.274565 -2.39204 1351.04 -0.137696 0.938994 3841.41 3090.55 0.424339 0.606893 0.645175 0.680309 1163.18 0.950679 0.00961715 4533.4 0.43649 2.95511 -0.0996691
1778.98 -0.0891414 3.01884 1270.79 -1.14763 1.80553 2431.65 2245.36 0.614546 0.482289 0.654656 0.477623 1356.92 -0.228141 0.0275806 4632.11 0.452728 3.0683 0.0996691
1436.73 0.566314 -0.911684 311.775 0.241977 2.42161 1416.55 900.469 0.550788 0.356652 0.613727 0.809503 1134.21 2.14092 0.00709414 1727.9 0.816565 3.04622 0.0996691
1530.18 -1.26184 -2.34137 841.879 -0.134599 3.12588 1660.98 1626.19 0.509817 0.275053 0.753834 0.683659 1340.61 0.181867 0.0197313 3551.3 0.334659 2.96904 -0.0996691
1957.15 1.01529 -2.04306 1439.7 0.661502 1.94345 3393.8 3055.2 0.21775 0.508241 0.25346 0.456027 629.327 1.52087 0.419291 4877.6 0.350679 2.5887 0.0996691
2017.53 0.171283 0.125564 585.833 -1.07313 3.11974 2839.87 605.239 0.441727 0.680983 0.327326 0.606797 1088.93 -3.13196 0.0311285 3113.17 0.173842 2.8792 0.0996691
1631.33 0.0179118 -1.61568 827.299 1.60966 0.0863743 2975.18 1817.89 0.121366 0.593102 0.742271 0.48044 1531.57 2.04599 0.256366 2861.47 0.607576 2.97778 0.0996691
3000.31 -0.0543142 2.00058 1162.41 -0.199079 -1.52264 3722.48 3701.88 0.24712 0.450505 0.563416 0.838444 1805.45 -1.50612 0.0146091 5074.43 0.965984 2.99869 0.0996691
2715.65 -0.364806 1.6227 2025.01 0.23569 -2.34964 4792.26 3301.37 0.625461 0.285302 0.572964 0.518918 857.312 -0.610075 0.0620033 5995.55 0.756677 2.17066 -0.0996691
1906.28 0.611751 1.46764 1309.02 0.462425 -3.12705 2407.19 2754.86 0.513213 0.569747 0.746892 0.614134 1530.77 -1.25581 0.386345 2674.14 0.746911 2.33194 0.0996691
2293.02 -0.135885 3.02566 1898.72 -0.384281 -1.49433 3592.91 2925.83 0.153986 0.520439 0.633272 0.547015 2538.3 0.630274 0.0901393 4397.85 0.867794 2.79846 0.0996691
2474.28 -0.421665 1.69872 2366.8 0.409015 -1.09474 5234.05 5170.76 0.143493 0.543492 0.670526 0.751772 854.209 2.88108 0.00832105 6034.33 0.505632 2.47624 0.0996691
836.944 -1.06649 2.11987 -1 -1 -1 -1 1163.85 0.477141 -1 0.83041 -1 695.663 -1.0087 0.0826486 952.894 0.749023 3.04552 0.0996691
1381.2 -0.464663 -2.83228 -1 -1 -1 -1 1177.71 0.430254 -1 0.296028 -1 1346.66 0.209982 0.1177 1522.36 0.962581 2.92554 0.0996691
2113.5 -0.543468 1.50268 2057.77 0.0798023 -2.70036 4115.96 2852.06 0.405452 0.277648 0.288458 0.345148 1091.4 -0.638983 0.0131791 5255.19 0.889907 3.11103 0.0996691
1634.53 0.670089 -0.660226 831.245 0.425457 -3.08232 2213.16 2163.83 0.62929 0.690003 0.512256 0.72987 1002.83 1.98764 0.023913 2638.93 0.791089 2.67206 0.0996691
1374.37 -0.979721 2.27432 683.696 -0.598917 -1.52677 1883.09 1844.1 0.718894 0.461441 0.846541 0.625895 807.273 -0.459315 0.0723332 2267.22 0.939843 2.80717 0.0996691
1467.97 -0.450761 3.04887 589.318 0.255079 -0.00922733 2052.79 1830.71 0.172496 0.670172 0.742153 0.554632 688.022 -0.108642 0.0905452 2231.3 0.412175 3.02578 0.0996691
1478.54 0.348294 0.47108 317.181 -0.841755 1.5395 1126.05 1085.37 0.570289 0.527862 0.493186 0.620867 1602.57 -2.52008 0.803339 1805.84 0.969265 2.48647 0.0996691
1455.38 0.556875 -1.35344 1226.91 -0.930937 -3.07521 2995.68 2912.8 0.208408 0.728978 0.717968 0.770274 1243.97 0.439246 0.236846 3621.42 0.949815 2.53902 -0.0996691
1671.59 -1.12928 2.24746 1145.77 0.811257 2.06148 3143.84 3115.71 0.794963 0.288562 0.667014 0.551963 1689.25 -1.284 0.115432 3967.44 0.580947 2.82327 0.0996691
2382.16 0.398945 -0.984139 1563.87 0.218878 -2.95164 3315.72 3072.96 0.357027 0.398414 0.755291 0.217875 1106 1.16895 0.00714421 5236.76 0.315887 2.52517 0.0996691
2193.71 -0.530083 -0.625525 851.058 -0.090605 2.23611 2787.89 2728.27 0.478652 0.66078 0.805361 0.580025 1857.65 2.59067 0.354924 3496.89 0.469367 2.8612 0.0996691
1472.81 0.452218 1.15683 -1 -1 -1 -1 896.206 0.56612 -1 0.754325 -1 1325.15 -2.01867 0.0245421 1580.43 0.835772 3.08579 0.0996691
1305.77 9.36968e-05 1.46927 778.066 0.785376 0.245117 1434.29 1395.14 0.66928 0.521385 0.627192 0.663072 1228.66 -2.0782 0.0608239 2550.68 0.472872 2.80138 0.0996691
1476.67 0.0320512 -2.95055 -1 -1 -1 -1 445.332 0.423805 -1 0.489609 -1 1398.62 0.199821 0.00314441 1558.66 0.568421 3.0817 0.0996691
2167.07 -0.236687 -1.92597 1435.86 0.196178 0.810408 3831.25 2275.35 0.506125 0.106116 0.148675 0.40991 1036.42 1.76124 0.332499 3804.58 0.26865 2.69777 -0.0996691
845.132 0.295668 2.52676 -1 -1 -1 -1 480.161 0.488867 -1 0.325888 -1 920.652 -0.692012 0.132774 1242.01 0.942075 2.96268 0.0996691
2239.88 0.222565 2.00317 1811.6 -0.448013 -2.26142 3705.26 3586.33 0.206295 0.618395 0.473771 0.42542 826.295 -0.239974 0.0843593 5330.95 0.490844 2.32765 0.0996691
2656.86 0.693387 -0.91934 846.586 -0.235374 1.94917 3456.74 831.731 0.150729 0.557065 0.117494 0.50504 1739.83 2.36876 0.391373 3551.12 0.34611 2.86927 0.0996691
1770.83 0.628508 -1.44275 1228.41 -0.0320723 2.48768 2915.75 2899.32 0.567784 0.649346 0.657685 0.403066 990.138 1.19914 0.0766959 3451.73 0.855669 2.71936 0.0996691
746.612 -0.366792 0.980928 569.918 1.59811 -1.54486 1960.3 1780.78 0.391253 0.694932 0.285634 0.763293 656.562 -3.02786 0.133122 1919.12 0.348975 2.99498 0.0996691
1912.21 -0.388079 2.9417 1119.46 0.880921 1.17941 3007.17 3006.79 0.543105 0.394831 0.450993 0.589851 1691.96 -0.794311 0.0914131 3374.27 0.736375 2.45564 0.0996691
743.307 -1.60782 -1.05225 -1 -1 -1 -1 164.017 0.549032 -1 0.646464 -1 720.541 2.20191 0.450612 873.559 0.933098 2.79269 0.0996691
2555 0.468262 2.08577 1087.98 0.0364165 -2.14999 2949.43 2899.65 0.0612801 0.401709 0.46877 0.554698 1071.13 -0.713533 0.0172836 4795.44 0.768361 2.81659 0.0996691
1370.3 0.423044 -0.964955 496.084 -1.16102 -0.0989038 1689.7 1960.74 0.607498 0.315201 0.413115 0.775539 1574.85 2.6672 0.0201292 2889.95 0.27226 3.02068 0.0996691
1399.98 -0.238089 -1.34988 749.506 0.205894 2.71703 1958.49 1675.52 0.358091 0.337098 0.445103 0.468973 873.511 1.19899 0.0466273 2325.99 0.724312 2.67935 0.0996691
1459.12 0.115078 1.78862 405.065 0.183276 -1.07074 1543.55 1480.39 0.655623 0.516517 0.60521 0.805157 1083.83 -1.4818 0.4095 1831.41 0.597676 2.86072 0.0996691
702.063 -0.1652 2.91097 -1 -1 -1 -1 445.411 0.768751 -1 0.715776 -1 603.972 -0.241294 0.0105519 750.256 0.835144 3.12824 0.0996691
1578.58 0.707924 -1.99365 1250.03 1.1817 1.42119 2888.98 2774.28 0.643281 0.287363 0.645742 0.443067 757.383 -0.26647 0.313985 4788.7 0.217385 2.80368 0.0996691
2370.74 -0.189357 -2.07696 1406.34 -0.50002 1.18742 3697.46 3670.75 0.611844 0.309524 0.790721 0.809567 992.572 0.953475 0.232416 3759.64 0.264156 3.02067 0.0996691
1829.83 -0.0337973 2.04264 1221.22 0.0101701 -0.999886 3078.17 2518.67 0.53748 0.274238 0.514122 0.757267 1270.52 -1.0841 0.0285518 3779.41 0.66111 3.1254 0.0996691
1968.3 0.0235608 1.16108 -1 -1 -1 -1 1228.82 0.370245 -1 0.406389 -1 1722.24 -1.96032 0.0315191 2151.41 0.84309 3.12922 0.0996691
1833.57 0.0624775 3.04274 706.866 0.933039 2.3286 1301.91 1295.3 0.43522 0.338073 0.613336 0 1585.53 -0.27242 0.193896 3453.53 0.890516 3.11978 0.0996691
901.408 -0.0198814 -0.764567 -1 -1 -1 -1 816.364 0.368106 -1 0.549062 -1 754.298 2.38375 0.105213 1050.07 0.702677 3.02989 0.0996691
1520.08 -0.245656 0.669253 1327.65 -0.161119 2.90581 2583.6 2517.61 0.591711 0.443671 0.63598 0.746765 1446.85 -2.346 0.0836687 4489.38 0.755857 3.13944 -0.0996691
1462.69 -0.373397 0.744591 658.434 1.48442 -2.29219 2891.47 2785.59 0.58503 0.641849 0.445824 0.746586 734.467 -2.51299 0.230906 2119.21 0.383239 3.02828 0.0996691
1978.87 -1.01139 -0.129724 1499.27 -0.548367 -2.60503 3451.03 2844.4 0.416604 0.466439 0.225752 0.687209 675.796 2.078 0.00862646 4226.15 0.708135 2.34186 0.0996691
657.157 -1.29767 -1.48426 -1 -1 -1 -1 485.97 0.316139 -1 0.665233 -1 610.495 1.62548 0.122852 696.737 0.858061 3.05362 0.0996691
1918.47 1.37777 1.44585 1360.06 -0.880359 -2.5715 5408.28 4569.88 0.315336 0.232551 0.469507 0.499088 1194.68 -0.906182 0.211303 3537.74 0.838007 2.14081 -0.0996691
1715.89 0.117838 -0.814172 1648.5 -0.0237599 2.96985 3298.07 1867.11 0.593485 0.300804 0.355741 0.563575 1416.29 2.38423 0.125276 4804.69 0.754238 2.95491 0.0996691
1863.36 -0.275201 1.3786 1015.58 -0.147421 -1.48702 2891.21 2436.62 0.38463 0.539 0.389247 0.661966 1478.67 -1.77646 0.299918 3857.98 0.796504 2.95039 0.0996691
891.424 0.836684 -1.9716 677.187 -1.0308 -1.67912 1736.85 1290.95 0.477954 0.686483 0.652971 0.419211 1429.39 1.30109 0.7528 1569.17 0.954593 2.25756 0.0996691
875.622 -0.148034 -0.767789 869.202 -1.03798 -2.65246 1637.94 1584.27 0.644278 0.827427 0.548373 0.651839 638.453 2.37907 0.195105 2634.56 0.851607 2.9342 0.0996691
1313.38 -1.22365 0.975558 368.13 -0.183864 -2.20518 1629.42 1373.78 0.0809215 0.533535 0.713971 0.788593 1094.75 -2.18569 0.0298822 1812.57 0.432806 3.13253 0.0996691
1758.44 0.377625 -1.05186 1436.45 0.703727 0.37319 2191.53 2135.58 0.582848 0.421369 0.540568 0.719758 1002.57 2.78429 0.169295 4605.26 0.717994 2.27775 -0.0996691
1709.83 -0.833538 0.270875 632.361 -0.179109 -2.47706 2248.99 2080.87 0.539681 0.686133 0.345502 0.754071 1463.42 -2.54152 0.068737 2846.73 0.468087 2.74127 0.0996691
2348.06 -0.000784544 -1.94099 2056.14 -0.842046 1.03201 4801.23 4773.23 0.303634 0.383693 0.405666 0.722254 1856.32 2.6821 0.0239787 6009.57 0.954456 2.97845 0.0996691
1613.93 1.17279 -2.54697 891.111 -1.34566 -0.858037 4287.4 4239.32 0.435584 0.761676 0.672799 0.730672 1434.22 1.02927 0.15685 3073.51 0.748308 2.55031 -0.0996691
2992.63 0.0413123 2.65018 2226.83 0.186538 -0.479423 5400.08 3868.12 0.324185 0.285315 0.602993 0.326411 770.805 -0.615946 0.110797 5314.32 0.971314 3.10561 0.0996691
1611.51 -0.701355 -0.619537 1191.34 0.682577 1.09091 2960.37 2937.52 0.396207 0.525002 0.549449 0.567209 693.978 -2.82789 0.0924242 4128.9 0.4457 2.27125 0.0996691
855.266 1.13204 2.38259 -1 -1 -1 -1 280.089 0.571353 -1 0.680461 -1 639.473 -0.712301 0.357141 1107.89 0.155861 2.84562 0.0996691
2197.61 0.457823 1.86343 1924.96 1.31386 -1.03301 4605.77 3884.03 0.163087 0.122243 0.742208 0.59003 1142.03 -1.8214 0.78793 4667.86 0.568538 2.82464 0.0996691
1878.16 0.787809 1.3106 914.104 0.549965 -1.99352 2654.06 2878.06 0.101503 0.553787 0.714556 0.492724 1154.4 -0.956281 0.331709 2807.67 0.697842 2.96715 0.0996691
1448.59 -0.949912 -2.84051 371.133 -0.272464 0.0305111 1553.11 1530.39 0.668924 0.693872 0.679632 0.503361 1153.91 0.0575172 0.0215694 2139.8 0.604059 2.87398 0.0996691
3807.63 0.231781 -2.40019 1012.24 -0.237885 0.746671 4088.82 4054.87 0.0287214 0.615864 0.669798 0.306289 2757.02 0.76848 0.0228761 6200.87 0.584061 3.13784 0.0996691
1913.64 -0.28153 -1.92134 1294.77 -0.356246 2.82677 2212.8 2203.6 0.130058 0.786088 0.787271 0.70808 1392.36 0.728553 0.00320369 4011.03 0.606659 2.645 0.0996691
1767.76 -0.536046 2.17606 797.477 -0.518574 -0.788614 2408.43 1900.04 0.518145 0.199765 0.567062 0.476179 910.408 -1.15325 0.00515473 2888.76 0.830292 2.95898 0.0996691
2133.72 0.0848182 2.64909 1551.44 -0.239784 0.695527 3165.98 2816.96 0.481099 0.186816 0.506154 0.515544 1721.53 -1.15818 0.430015 4077.45 0.811328 2.0459 -0.0996691
1148.83 -1.06725 2.46392 315.251 -0.52011 1.38445 771.335 716.424 0.38706 0.35435 0.573415 0.459539 1162.27 -0.665479 0.0195981 2095.86 0.619041 3.10423 0.0996691
2554.5 -0.0369991 2.22828 1523.51 -0.280462 -0.222292 3967.51 2770.84 0.158116 0.636944 0.550098 0.589364 1216.69 -1.55526 0.197869 4545.89 0.491915 2.92759 -0.0996691
1180.49 0.259946 -1.11452 471.323 0.487985 -2.8582 1178.2 1123.05 0.252375 0.646364 0.736842 0.548618 1128.66 1.65765 0.0559371 1734.88 0.947108 2.73318 0.0996691
1760.28 0.1857 -0.405438 1532.12 0.720441 2.06163 3258.02 3121.21 0.623121 0.744139 0.567023 0.815697 962.903 2.16267 0.0947547 4730.64 0.334829 2.47757 0.0996691
1873.44 0.574632 1.19066 1552.48 0.0555663 -2.86886 3209.92 3134.75 0.35961 0.26086 0.531501 0.640087 946.732 -0.57047 0.0705593 4661.64 0.608624 2.23056 -0.0996691
1620.63 -0.95838 1.52099 1608.18 -1.15409 -1.40763 3243.73 3123.69 0.505737 0.439065 0.625698 0.151776 745.708 -1.89326 0.484476 3878.39 0.894812 2.81163 0.0996691
1756.28 -0.643286 2.2599 1487.77 0.371168 -2.78195 2569.91 2536.98 0.616773 0.464038 0.460086 0.129705 1485.63 0.201724 0.0864244 4863.95 0.716318 3.06994 0.0996691
1635.43 0.420219 1.1329 1113.36 -1.92941 -1.57566 4770.58 2548.5 0.646368 0.174654 0.729367 0.76352 952.365 1.13957 0.00644803 4684.02 0.96308 3.03562 -0.0996691
1348.72 -0.111385 2.69739 883.06 0.863384 -0.35746 2507.17 2188.66 0.792511 0.35654 0.804313 0.635183 981.184 -0.653701 0.1121 2841.37 0.525333 2.95916 0.0996691
1685.63 0.0563076 2.67694 985.371 -0.239941 -0.14478 2715.93 1841.8 0.302714 0.597045 0.239418 0.38221 739.028 -0.834117 0.213446 4238.96 0.851242 2.97987 0.0996691
1214.56 0.539022 0.291826 734.762 -0.449085 1.36679 1383.64 1371.59 0.454821 0.211896 0.570442 0.595285 1010.02 -2.44899 0.081794 2611.3 0.325197 2.82261 0.0996691
2028.44 -0.0609063 -1.78708 1178.8 0.102105 1.24578 3125.17 2946.54 0.691774 0.557832 0.438746 0.835188 699.465 1.29146 0.0898101 3437.84 0.320343 2.98876 0.0996691
1074.81 -0.486168 2.54733 520.415 -0.413858 -2.20575 1058.38 1044.49 0.623136 0.709802 0.38234 0.379333 952.131 -0.599359 0.964765 2123.12 0.83549 2.18192 0.0996691
1134.22 -0.757806 -0.472233 515.436 0.298782 2.67234 1763.45 1702.85 0.661144 0.715515 0.712949 0.652043 964.982 2.70312 0.0101211 1977.76 0.383651 3.12339 0.0996691
1635.63 -0.560122 -2.04032 -1 -1 -1 -1 1479.81 0.271782 -1 0.801874 -1 1487.58 0.960945 0.131571 1946.47 0.968621 3.10923 0.0996691
1126.73 0.0354893 -3.06279 -1 -1 -1 -1 1068.89 0.421617 -1 0.604015 -1 921.472 0.101259 0.00462609 1356.9 0.646621 3.1183 0.0996691
977.28 0.399082 0.557288 -1 -1 -1 -1 658.218 0.430019 -1 0.741231 -1 812.58 -2.32579 0.179944 1434.21 0.899784 3.05982 0.0996691
889.287 0.951049 2.20117 -1 -1 -1 -1 756.092 0.250924 -1 0.558896 -1 844.193 -0.969417 0.0924256 1039.03 0.709916 3.01825 0.0996691
2500.58 -0.299784 -0.469775 2003.45 -0.719539 2.30448 4563.02 4165.83 0.458017 0.555398 0.34002 0.794433 601.721 2.44518 0.038358 5477.26 0.969661 2.87558 0.0996691
1304.94 -0.997673 -0.135609 309.308 0.227822 0.769401 1019.95 996.775 0.083762 0.505276 0.34867 0.793992 1300.06 -3.07007 0.0411897 1792.57 0.741499 2.89011 0.0996691
925.436 1.66141 -1.47982 675.458 -0.564062 -3.05421 2424.49 2389.81 0.659519 0.702757 0.760259 0.62737 703.478 1.17586 0.0434378 2047.81 0.479758 2.61163 0.0996691
2419.98 -0.635018 -0.09354 922.303 1.13751 2.81648 4236.47 4195.87 0.0959714 0.366531 0.696945 0.778333 874.151 2.93367 0.0600002 4241.63 0.676421 2.96812 0.0996691
3363.96 -0.518002 1.00944 2611.34 -0.410187 -2.77122 5656.88 5610.76 0.434719 0.336716 0.638305 0.37187 616.886 -1.46667 0.0730815 6964.09 0.885232 2.40423 0.0996691
2258.86 0.0463159 2.52155 1930.01 -0.8367 -1.18392 4443.97 4429.42 0.429927 0.607801 0.387068 0.53984 1033.13 -1.43948 0.157541 6178.06 0.924566 2.35417 0.0996691
2610.19 -0.774509 -2.02121 2317.16 -0.434072 1.61553 4881.11 4669.05 0.404247 0.317645 0.574447 0.390134 933.762 0.148712 0.0354023 5252.94 0.927604 2.20879 0.0996691
1731.84 0.497374 0.842059 1446.06 -0.0982273 -1.29583 3068.95 2707.52 0.224333 0.636804 0.817164 0.622127 1860.33 3.0786 0.186198 3853.62 0.686874 2.88054 0.0996691
1438.23 0.460671 -1.44013 289.067 -0.961873 2.07142 1654.17 1195.62 0.767517 0.301299 0.6062 0.849307 1148.12 1.59769 0.0607464 1723.99 0.85533 3.09807 0.0996691
1417.05 0.417953 2.92541 841.455 0.727601 1.20402 1701.81 1673.64 0.726687 0.653858 0.796707 0.662287 810.726 -0.513426 0.574779 3613.32 0.940068 2.27192 -0.0996691
1200.53 -1.20402 0.44068 476.011 1.31666 -1.07922 2675.29 1694.6 0.407613 0.575858 0.737158 0.773925 731.899 3.0588 0.0451093 2316.12 0.558401 2.57276 0.0996691
1506.17 0.550098 2.58486 1351.16 -1.01058 -2.58342 2900.65 2835.35 0.712706 0.516711 0.606547 0.7972 1322.62 -0.0266669 0.103893 3980.12 0.764543 2.71266 -0.0996691
2270.28 -1.05982 -2.16014 1548.07 1.10974 0.929262 6236.17 5611.82 0.550946 0.220867 0.403042 0.352532 780.368 0.952291 0.0219708 3839.82 0.12051 3.11771 -0.0996691
1525.78 -0.0642822 2.79803 1109.97 1.01603 0.30055 2892.16 2852.09 0.696033 0.37127 0.717077 0.679751 1413.58 -1.44259 0.0195205 4052.67 0.483528 3.01445 0.0996691
1027.37 0.608029 1.27695 323.028 0.140118 -1.89364 1216.2 990.122 0.427386 0.427772 0.694398 0.674658 690.278 -1.83007 0.117461 1345.13 0.632382 2.99096 0.0996691
1740.71 -0.851153 -3.11237 1417.73 -0.313961 -0.908106 2946.88 2901.77 0.733232 0.70256 0.65564 0.733838 787.583 0.428359 0.183297 4054.04 0.741048 3.11157 0.0996691
1679.9 -0.606176 0.335952 1207.7 1.41093 -1.47514 4077.72 3949.87 0.505797 0.672115 0.727338 0.732175 701.469 -3.09394 0.0580795 4186 0.688872 2.91664 0.0996691
2621.8 -0.621515 2.41528 1206.53 0.293383 -2.13983 3201.82 3159.96 0.393213 0.599442 0.297297 0.681925 2228.87 -0.274852 0.281562 4230.49 0.788615 2.4095 0.0996691
1728.82 -0.53019 -0.157832 1039.74 1.99254 2.86296 5114.32 5062.05 0.562893 0.809435 0.638993 0.790021 1011.63 2.53772 0.0491307 4012.8 0.707351 2.6484 0.0996691
1866.51 0.351037 1.47869 777.331 0.685944 0.385249 1369.18 1314.75 0.474912 0.428155 0.348078 0.727091 1118.97 -1.98115 0.500106 4001.98 0.810036 2.83744 0.0996691
1009.93 -0.335225 -2.09179 531.336 -1.3016 0.993714 1729.05 1442.21 0.147373 0.629579 0.566918 0.556717 789.683 0.73238 0.256869 1927.76 0.427299 2.56386 0.0996691
2184.93 -0.0153152 2.75384 273.293 1.16951 0.454358 1968.87 732.048 0.166968 0.677618 0.459387 0.464405 2015.6 -0.495505 0.973722 2605.56 0.764758 2.03216 -0.0996691
1680.04 0.475546 -0.956858 1085.58 -1.70055 0.493869 4000.06 3034.36 0.423275 0.629149 0.783171 0.767362 1158.41 2.57008 0.100832 3969.59 0.0820353 3.08126 0.0996691
937.5 -0.824915 -2.43955 694.823 -2.48792 -2.40962 1506.94 1483.37 0.194775 0.374828 0.583724 0.648614 1087.04 0.796248 0.344158 2258.91 0.171802 2.85509 0.0996691
1253.54 0.537036 0.321846 -1 -1 -1 -1 740.372 0.502334 -1 0.722114 -1 1140.85 -2.95054 0.230919 1486.78 0.562425 3.01234 0.0996691
1673.67 0.0108725 0.176291 567.659 1.45723 -2.05275 2340.1 2215.96 0.720533 0.738398 0.478851 0.680322 836.47 3.06589 0.0236728 2819.58 0.572152 2.86621 0.0996691
892.788 -1.11494 -2.53545 594.834 -0.613962 -0.930728 1215.81 971.178 0.621371 0.625951 0.246572 0.784321 1013.85 1.13025 0.0613252 1993.23 0.828195 3.09264 0.0996691
2232.85 0.916893 0.348567 1413.54 0.660721 -2.26129 3498.6 3418.76 0.212062 0.23746 0.272181 0.658805 1058.81 2.90986 0.225894 3758.43 0.883983 2.3356 -0.0996691
789.181 -1.15178 -1.249 -1 -1 -1 -1 1273.02 0.379307 -1 0.814717 -1 644.215 1.91227 0.698731 1005.06 0.801844 2.42269 0.0996691
1025.95 0.823191 2.34872 494.801 -0.0257615 -0.716976 1567.18 1504.84 0.664773 0.68453 0.831818 0.590289 653.206 -1.06677 0.351735 1930.37 0.369752 3.06532 0.0996691
1958.36 0.153262 2.06008 1209.5 0.522331 -0.915333 3150.97 2992.14 0.755668 0.673586 0.730127 0.704405 1035.15 -2.26107 0.0959034 4026.14 0.895913 2.4622 -0.0996691
1798.21 -0.572607 -0.783802 1124.59 -0.648459 2.13328 2896.22 2494.12 0.0973624 0.315309 0.345309 0.593063 761.321 2.69376 0.0472846 2951.32 0.748583 2.85291 0.0996691
1801.7 1.00408 3.05473 1247.94 -0.876235 0.0329601 4445.55 4281.23 0.613986 0.556341 0.490227 0.806567 603.324 0.223087 0.191954 5221.75 0.0834177 2.98726 -0.0996691
1192.62 -0.968582 1.04676 692.1 0.029064 -2.71392 1978.8 1967.01 0.471203 0.248045 0.695326 0.691461 670.148 -1.54485 0.189938 2004.41 0.916088 2.40451 0.0996691
1550.37 0.222023 0.610131 339.254 0.869155 -1.39655 1413.97 1222.24 0.560838 0.54838 0.324614 0.718042 1346.37 -2.68961 0.0172045 2465.71 0.689698 2.99811 0.0996691
2100 0.676755 1.30881 1053.92 -1.47891 -1.73027 5114.84 4182.88 0.149297 0.346161 0.636852 0.680093 726.807 -1.93744 0.0551543 3626.84 0.731018 2.88451 -0.0996691
1602.77 -0.275643 2.62681 1221.71 -1.30874 0.480442 2903.72 2828.54 0.15279 0.764023 0.640779 0.664216 852.415 -1.79242 0.0700951 3800.31 0.614689 2.35534 0.0996691
1584.25 -1.15676 -1.0994 721.993 0.300765 -0.839082 1920.35 1636.04 0.269202 0.647586 0.467301 0.734044 2034.03 2.07421 0.246416 2524.63 0.922036 2.95885 0.0996691
2574.15 0.554257 -0.0340279 961.786 -0.469121 -2.98355 3562.16 3533.33 0.294365 0.704454 0.600112 0.56659 1903.94 -2.99687 0.0074718 5353.35 0.178513 3.13111 0.0996691
1336.62 -0.37782 1.65445 1213.3 0.414944 -2.89099 2319.85 2913.96 0.170034 0.421206 0.656076 0.649055 753.867 -1.48777 0.0518894 4111.02 0.770906 3.03712 -0.0996691
1743.26 0.536476 0.293105 1288.97 0.0330346 2.6911 2921.35 2830.09 0.554526 0.4306 0.806118 0.666688 1284.97 -2.56767 0.217023 4022.75 0.76094 2.65331 -0.0996691
748.145 -0.478152 -0.0827121 -1 -1 -1 -1 635.948 0.602155 -1 0.786298 -1 623.187 3.05119 0.0914043 843.031 0.791465 3.08379 0.0996691
1511.06 0.763884 -1.16473 1184.78 0.838442 2.65374 2540.89 2527.18 0.499802 0.419747 0.190355 0.424889 716.931 1.48358 0.422749 5246.34 0.0470226 3.04781 0.0996691
1401.17 -0.965352 0.808066 1243.63 -0.40992 2.73697 2389.85 1983.14 0.740442 0.583899 0.616814 0.50156 875.215 -1.88315 0.0479405 4744.14 0.14565 2.86988 0.0996691
1871.77 -0.0398877 0.954472 834.018 -1.37555 -1.87395 3067.75 3029.57 0.347832 0.455457 0.739648 0.64077 936.586 -2.24279 0.0536084 3158.78 0.817298 3.13913 -0.0996691
2337.74 0.685556 -1.42435 1778.01 -0.438839 2.17061 4660.66 4630.11 0.588494 0.323046 0.511609 0.350498 875.843 2.43007 0.257139 5493.93 0.265204 2.68479 -0.0996691
1485.55 -0.777434 -0.796181 1167.28 1.3749 0.978903 3985.57 3944.43 0.0754014 0.366585 0.481186 0.770191 1330.03 -2.57725 0.0768318 4042.32 0.493283 2.65063 -0.0996691
1359.79 -0.132872 2.50727 815.866 -0.506672 -2.37814 1439.01 1390.52 0.579628 0.587137 0.630552 0.832146 1733.28 0.139243 0.069611 2713.47 0.845094 2.57776 -0.0996691
1721.73 0.886522 -0.705888 1575.74 0.0660698 2.76045 3551.23 3475.64 0.578526 0.367312 0.81282 0.6265 997.19 -2.87896 0.642397 4720.87 0.5093 2.07462 -0.0996691
1465.94 0.00799141 0.180892 1350.22 0.525706 -1.06913 1814.95 1808.63 0.508274 0.191244 0.375823 0.315907 1285.58 2.6644 0.139203 3751.83 0.726263 2.41004 0.0996691
1251.21 0.149095 2.72416 401.736 -0.198583 1.72327 752.103 742.397 0.417488 0.551416 0.126812 0.38741 1482.59 -0.663597 0.114537 1763.05 0.913706 3.01028 0.0996691
2240.83 -0.149048 -0.264455 958.01 0.508596 1.56015 2659.56 2267.31 0.545361 0.173166 0.462366 0.591432 1593.68 -2.81105 0.00394225 3827.79 0.801228 2.5406 -0.0996691
1226.26 -0.442299 -1.53016 417.76 -1.14444 -0.586694 941.844 832.614 0.414213 0.561373 0.649045 0.316151 1279.24 1.7814 0.135396 1800.64 0.583603 2.79426 0.0996691
1286.46 0.362698 0.0655829 -1 -1 -1 -1 254.054 0.693524 -1 0.604997 -1 1081.72 -3.09923 0.0946045 1465.52 0.582944 3.12017 0.0996691
2316.36 -0.856314 1.03505 1501.18 0.707062 -1.4492 4932.33 3807.64 0.356779 0.186769 0.113598 0.627713 778.255 -3.07686 0.00658655 4702.89 0.76526 2.72786 0.0996691
1998.83 -0.338702 -2.42554 1009.04 1.26106 -0.219104 3619.59 3385.04 0.658082 0.702331 0.816847 0.697355 824.89 1.44394 0.209005 3809.34 0.821681 2.96924 -0.0996691
1979.83 0.398975 -0.562211 1435.79 -0.21718 0.73242 2297.15 2290.11 0.184468 0.295091 0.35289 0.59437 1808.22 2.61609 0.135456 5138.81 0.919148 2.96954 -0.0996691
1803.92 0.0519737 1.18144 430.18 1.48991 -1.339 2195.39 2106.49 0.157891 0.456607 0.161285 0.690448 1191.18 -1.97302 0.12586 2745.91 0.791871 3.003 0.0996691
1535.18 0.165548 -2.248 884.605 -0.797324 2.35748 2101.78 2210.69 0.239521 0.54641 0.454246 0.531442 1140.54 0.353307 0.058159 3610.73 0.941325 2.79317 0.0996691
521.948 -0.699759 2.13684 300.503 0.363856 1.9093 553.657 337.351 0.149056 0.654519 0.657229 0.694428 625.382 -1.14907 0.000672102 1075.17 0.24546 3.07104 0.0996691
2155.7 -0.419917 1.67786 1491.15 -0.635057 -2.93096 2706.34 2671.47 0.23756 0.73114 0.56124 0.543248 2260.72 -0.868386 0.274374 3865.61 0.837929 2.27112 0.0996691
1465.57 0.56283 -2.27174 1338.43 -0.808132 -2.19466 2095.75 1977.15 0.453192 0.656768 0.618734 0.59061 668.717 0.791676 0.386551 5193.29 0.903194 2.75635 -0.0996691
1069.91 1.25591 1.86201 456.133 -0.735976 -1.23721 2155.45 2118.45 0.703928 0.569067 0.833815 0.521006 618.954 -1.18987 0.0492458 1533.08 0.400327 3.10093 0.0996691
1174.38 -0.0939523 1.30747 1165.54 -0.600948 2.57257 1579.11 1428.99 0.653724 0.322556 0.838953 0.570347 1710.9 -1.34153 0.0509498 3665.72 0.724297 2.70751 0.0996691
941.831 -1.26045 -0.0854679 254.683 0.573216 -2.90545 1456.62 1208.92 0.577555 0.629572 0.484339 0.699216 615.648 -2.97659 0.108915 1380.55 0.796313 2.84212 0.0996691
2025.79 0.403001 2.05309 1272.46 -0.203614 -1.85494 3153.6 3122.49 0.534098 0.674806 0.326311 0.70911 1173.84 -0.519176 0.10535 3442.35 0.91194 2.46685 0.0996691
529.45 0.408401 -1.06702 521.193 1.00738 0.397287 802.602 754.814 0.464701 0.432916 0.554941 0.562354 631.937 3.01869 0.136686 1249.68 0.283174 2.68156 0.0996691
1264.91 0.150919 -0.180998 587.637 0.849016 2.9936 1843.61 1803.29 0.259336 0.403774 0.320875 0.720241 843.228 2.98675 0.000838757 2010.32 0.376161 3.11247 0.0996691
2382.69 0.244651 -3.03893 1957.63 -1.38625 0.198392 5840.61 5812.04 0.645073 0.434034 0.584345 0.343055 943.213 -1.80088 1.23988 5415.77 0.516687 2.33845 0.0996691
1198.8 -0.919845 -1.71903 433.7 1.23948 -0.220378 2126.44 2080.44 0.639938 0.643909 0.615084 0.597774 1229.59 1.77176 0.0551355 1673.76 0.901935 2.8472 0.0996691
1484.2 -0.845782 2.33324 929.556 -0.578148 0.539632 1889.18 1869.55 0.389392 0.366505 0.718764 0.716266 856.401 -1.80843 0.0405586 3211.69 0.634776 2.54611 -0.0996691
1457.38 -0.950793 -0.581296 1328.47 -0.345521 3.11869 2880.25 2522.89 0.289979 0.576583 0.756869 0.562003 710.117 1.4962 0.0234487 2930.67 0.558596 3.04967 0.0996691
1493.2 -1.46789 -0.783343 1027.05 0.300327 0.277071 2838.77 3474.36 0.730683 0.419133 0.679821 0.621954 1802.77 2.58175 0.0294201 4442.18 0.658458 3.01044 0.0996691
1931.36 -0.899967 -1.50229 1865.28 0.774749 1.74906 5224.03 5143.05 0.313993 0.623022 0.364955 0.582906 875.447 1.50794 0.185064 4894.18 0.943063 2.8776 -0.0996691
1931.61 -0.431165 2.33442 1667.19 0.400105 -1.73466 3605.83 3435.95 0.32183 0.716704 0.570224 0.782362 880.297 0.0955144 0.325715 4559.67 0.977329 1.91538 0.0996691
1588.68 -0.242701 2.7402 1298.08 0.82117 0.312684 3149.18 3105.98 0.431391 0.676274 0.268382 0.653352 1584.65 -1.08456 1.40629 3566.67 0.489282 2.28999 0.0996691
810.931 0.817778 0.762705 394.924 -1.15914 -0.300786 1491.83 924.516 0.247658 0.734925 0.473317 0.661571 792.477 -2.63271 0.0208087 1545.49 0.517978 3.00729 0.0996691
1325.69 0.932055 -2.17204 326.223 1.18633 1.37142 1350.74 1065.05 0.609484 0.277777 0.734104 0.744806 1035.68 0.81454 0.0609732 2025.74 0.107272 2.97552 0.0996691
1589.92 -0.271243 1.30023 316.762 0.430866 -2.00403 1517.77 1228.65 0.380445 0.468596 0.565363 0.398507 1303.47 -1.78845 0.0852191 1906.05 0.876593 3.00335 0.0996691
811.631 -0.980282 -0.758163 742.712 1.57058 -3.11294 2947.97 2818.67 0.58681 0.656746 0.517651 0.767415 700.982 0.897956 0.0436527 2186.45 0.468566 2.6378 -0.0996691
2981.87 -0.384685 1.27112 1404.47 -0.626614 -1.89652 4423.92 3578.89 0.139496 0.46198 0.751815 0.54928 1692.24 -1.70919 0.186435 4407.32 0.237234 3.11021 0.0996691
1707.65 -0.0142843 -0.847296 1651.34 -0.601854 2.14547 3565.88 3031.34 0.547927 0.489735 0.767723 0.574638 862.222 -0.315718 0.531828 5424.7 0.556559 2.07283 0.0996691
2700.88 0.217568 -1.64466 2159.4 -0.225629 0.913525 4912.99 3817 0.409034 0.407374 0.54531 0.751521 1315.66 2.42163 0.344395 5150.51 0.237928 2.724 -0.0996691
978.046 -0.13964 1.05361 260.795 -0.103888 -2.20468 1033.25 954.572 0.0963382 0.785182 0.555653 0.832266 726.381 -2.07044 0.127104 1202.7 0.627866 3.03203 0.0996691
2216.02 -0.0114464 0.492507 1859.36 -0.607951 -2.9401 4420.09 2957.48 0.434121 0.0337301 0.54468 0.704924 670.472 -0.0484511 0.159472 5225.94 0.374506 2.91902 -0.0996691
2561.69 0.64006 3.02134 1513.57 -0.221166 0.216907 4531.56 2951.57 0.378954 0.0804828 0.735303 0.709311 615.36 0.261831 0.189298 5040.54 0.236829 2.81529 0.0996691
1032.76 0.191616 0.756374 407.703 0.158532 -2.35183 1313.22 1246.02 0.639757 0.627783 0.41443 0.613934 647.457 -2.38199 0.0510488 1387.44 0.444427 3.08471 0.0996691
1399.05 0.930205 -0.882794 -1 -1 -1 -1 1081.39 0.669141 -1 0.530278 -1 1221.06 2.26544 0.109547 1637.07 0.756272 2.99379 0.0996691
1526.33 0.465864 -2.92778 1466.98 -0.66794 1.75537 2840.38 2741.7 0.585791 0.429046 0.485946 0.426695 1336.59 -0.477123 0.0537701 4875.12 0.460922 2.81205 0.0996691
2057.21 -0.307053 0.964198 1244.96 0.536944 -2.61967 3582.37 2974.59 0.0223444 0.207894 0.688651 0.181329 1283.6 -0.992235 0.000849128 4958 0.486096 2.37808 -0.0996691
1497.79 1.15339 -0.346163 1086.47 0.186937 2.76025 3021.32 1919.65 0.651695 0.275653 0.482403 0.680056 655.282 2.87644 0.135406 2854.6 0.965584 2.92238 0.0996691
1869.41 -0.0756746 -2.63618 1579.47 -0.41401 -0.713998 2998.85 2790.42 0.0939475 0.25921 0.771052 0.530283 679.348 1.44016 0.0947679 4601.64 0.965466 2.11283 0.0996691
1953.81 0.227014 -1.72879 1487.62 0.0720397 -2.94505 2024.69 2010.34 0.384797 0.603692 0.465411 0.437043 1255.06 0.74332 0.158099 5006.03 0.679052 2.75274 0.0996691
2522.42 0.791863 2.39296 1377.73 0.563382 -1.88991 3184.44 3151.07 0.199826 0.147849 0.72183 0.618283 990.67 0.141792 0.135884 5359.99 0.981157 2.38974 0.0996691
950.09 -1.29779 -0.860059 -1 -1 -1 -1 873.43 0.556296 -1 0.677707 -1 726.289 2.27511 0.0425632 1167.84 0.639974 3.11382 0.0996691
1348.73 1.18413 -0.294074 1060.95 0.100383 0.525026 1705.19 1639.19 0.161094 0.714105 0.283035 0.80109 1506.44 -2.91896 0.0321376 3377.19 0.346736 2.81578 -0.0996691
824.094 -0.760508 -0.677943 691.764 -0.526747 0.374353 807.442 741.975 0.45025 0.645684 0.787146 0.527838 710.892 -2.93384 0.176663 2156.71 0.57833 2.8025 0.0996691
852.344 -0.581412 1.65016 686.16 -0.458207 -3.13981 1108.32 950.808 0.676132 0.414573 0.773315 0.4271 797.862 -0.439026 0.0311878 2227.26 0.248175 3.04058 0.0996691
1403.43 -0.653705 -3.06667 1047.63 0.542951 -0.249363 2854.19 2815.5 0.331814 0.352195 0.715416 0.572961 604.816 0.698831 0.942103 2508.01 0.944263 1.95511 0.0996691
2876.39 0.162157 1.43651 675.882 -0.470089 2.57874 1796.88 1754.53 0.492524 0.244766 0.148862 0.341555 2934.91 -1.38953 0.0848157 4529.7 0.716396 2.83281 0.0996691
2257.17 0.665366 3.01446 781.526 -0.291181 0.0307509 2970.65 2940.63 0.846494 0.391833 0.745405 0.117439 1130.51 -0.40255 0.0595447 4105.77 0.560188 2.80587 0.0996691
867.62 0.382493 -1.79893 390.644 -0.174799 2.23921 1127.39 1020.15 0.509984 0.630512 0.659768 0.613309 623.395 0.682359 1.24025 1444.12 0.706108 2.56582 0.0996691
1436.68 1.57144 -1.28637 573.853 -0.202588 2.36534 2557.51 2527.89 0.509907 0.600111 0.238991 0.393288 881.675 1.78476 0.580605 2216.87 0.482047 2.62308 0.0996691
1012.42 0.0442172 0.98546 295.822 1.99547 -2.04445 1692.87 769.179 0.690158 0.82386 0.764679 0.722714 778.562 -2.24574 0.0480216 1713.78 0.67595 3.09733 0.0996691
1549.76 -0.354987 1.51698 809.97 -0.289508 -2.17961 2182.38 2082.87 0.507844 0.880998 0.725752 0.758852 724.828 -1.75072 0.146798 2745.05 0.962092 2.87514 0.0996691
1596.73 -0.679438 -1.03945 -1 -1 -1 -1 1182.74 0.325619 -1 0.314512 -1 1300.9 2.3325 0.853606 2033.56 0.785208 2.51879 0.0996691
2742.55 -0.791418 -0.264632 2332.14 -0.780226 -2.75398 4842.18 4669.28 0.530754 0.305875 0.397405 0.528725 827.892 1.78214 0.0366614 5812.04 0.893245 2.08554 0.0996691
1598.89 -0.199717 1.07378 659.229 -1.39215 -2.21133 2444.75 2353.4 0.572078 0.768922 0.71321 0.793246 904.802 -1.84251 0.0710098 2224.19 0.971144 2.84778 0.0996691
1551.05 -0.329648 -3.13643 944.115 0.00283364 0.0341619 2519.83 2136.05 0.227418 0.716582 0.503525 0.801062 678.715 0.0798731 0.0511709 2591.32 0.127272 3.03386 0.0996691
2002.06 0.393889 -0.961425 1949.5 -0.915224 2.53134 4904.88 3636.66 0.13409 0.648217 0.412202 0.671001 1190.98 1.95959 0.573538 4952.29 0.980234 2.70709 0.0996691
1452.5 0.583159 1.2471 991.022 -1.08033 -1.81216 3296.03 3140.28 0.437433 0.329494 0.607921 0.561974 619.807 -2.41765 0.200431 2905.79 0.955757 2.83106 -0.0996691
1728.45 -1.0261 -2.25932 382.42 -0.0288654 1.03796 1844.01 1764.61 0.510778 0.50551 0.655776 0.693627 1335.7 0.859989 0.184167 2078.31 0.662357 2.97936 0.0996691
2791.59 0.184739 1.54397 1225.67 0.302845 -2.2062 3553.73 3494.84 0.721206 0.687836 0.701014 0.73652 1127.45 -2.16393 0.0384688 5611.83 0.484568 2.53668 0.0996691
2063.35 -0.0367848 1.81684 479.522 -2.09366 1.1623 2514.15 2495.15 0.390029 0.689669 0.610864 0.724412 2107.46 -1.42115 0.118669 2856.72 0.956827 3.11842 0.0996691
2681.56 -0.59086 0.11178 2053.98 -0.0377667 1.96942 4000.18 3991.55 0.178862 0.132334 0.364168 0.42106 1410.7 -2.33724 0.019834 5983.88 0.832355 2.4295 0.0996691
2099.14 0.322048 2.64821 662.555 -0.259764 -0.391953 2538.71 2381.21 0.112014 0.740576 0.688214 0.880385 1407.97 -0.466006 0.0810645 2697.73 0.548731 3.02757 0.0996691
1472.32 -0.131962 -2.1496 1373.28 -0.91355 -3.09358 1786.31 1683.84 0.635769 0.595928 0.512682 0.400853 718.062 0.380571 0.394408 4885.04 0.284718 2.63093 0.0996691
1533.62 0.303491 -0.075684 -1 -1 -1 -1 1256.6 0.264645 -1 0.701552 -1 1467.12 3.02108 0.955343 1607.47 0.926154 2.21802 0.0996691
1089.97 -0.541475 -2.04341 402.054 0.835565 -1.57765 1105.46 1098.71 0.370776 0.452544 0.668999 0.80295 1168.14 1.32054 0.0467931 1837.46 0.265539 3.11123 0.0996691
2993.02 0.837064 -0.757769 913.912 -0.326426 2.29819 4053 3421.25 0.542147 0.158749 0.578336 0.795534 2094.61 2.40795 0.0420995 3878.86 0.812181 3.07506 0.0996691
1571.08 0.0113225 -0.471211 1521.24 0.802781 -2.50456 2934.32 2906.68 0.170865 0.606998 0.586673 0.638043 1033.47 2.06757 0.221974 3932.38 0.818109 2.31168 0.0996691
898.17 1.89157 0.210413 -1 -1 -1 -1 322.831 0.351492 -1 0.696969 -1 728.632 -2.87782 0.103897 1143.4 0.388585 2.72954 0.0996691
1965.06 -0.299261 0.281568 1819.6 -0.895502 -2.06608 3738.87 3463.92 0.650311 0.513882 0.538126 0.560517 1072.18 2.57829 0.0260038 4633.49 0.666134 2.27197 0.0996691
668.844 0.618054 -2.55863 -1 -1 -1 -1 116.329 0.317749 -1 0.415807 -1 629.092 0.586089 0.108514 705.464 0.904821 3.06381 0.0996691
2446.78 -0.419513 0.741996 1706.25 -0.0820737 -2.22177 4357.82 3098.51 0.0825796 0.621672 0.410256 0.492358 672.658 -2.52466 0.105902 4537.13 0.901444 2.88042 -0.0996691
1521.33 -0.166274 1.86608 393.568 0.067817 -1.339 1574.65 1505.15 0.605472 0.593488 0.631783 0.53113 1078.99 -1.18805 0.104992 2005.68 0.605166 3.12487 0.0996691
1339.03 0.553294 -2.53637 -1 -1 -1 -1 875.516 0.259298 -1 0.761264 -1 1275.79 0.497711 0.0506365 1620.73 0.80938 2.98412 0.0996691
1459.87 1.27334 -2.29332 1234.76 0.427061 -0.332533 2605.99 2375.48 0.012325 0.372577 0 0.785987 1105.83 1.95642 0.107941 4071.44 0.520831 2.5292 0.0996691
2710.58 0.938155 -0.632677 2245.96 0.0224339 2.4803 5474.31 5415.39 0.465319 0.44209 0.523377 0.647677 728.352 2.64054 0.166478 6313.36 0.0941009 3.11079 0.0996691
929.224 -1.38083 1.39189 260.391 0.492454 -1.87691 1464.13 1382.19 0.468733 0.741681 0.707818 0.596985 740.265 -1.98672 0.104782 1361.7 0.587967 3.0092 0.0996691
1473.06 0.114345 0.138642 276.683 0.664697 2.23152 1172.88 1138.45 0.714382 0.660027 0.693941 0.595371 1225.63 -2.83966 0.00442362 1825.73 0.877825 2.97413 0.0996691
933.706 1.24709 -2.17388 -1 -1 -1 -1 376.928 0.788571 -1 0.810773 -1 885.976 0.959503 0.220388 973.822 0.924429 2.93693 0.0996691
1100.91 1.37071 1.93659 260.594 -0.565173 -0.307801 1554.33 1538.07 0.538845 0.565978 0.596343 0.655997 835.016 -1.38003 0.394607 1489.12 0.795035 2.57249 0.0996691
1652.95 0.525665 -1.67558 1401.67 0.61605 0.606842 2829.25 2535.47 0.75382 0.50124 0.718947 0.555674 1143.27 2.98574 0.111315 4378.85 0.873689 3.10684 0.0996691
1393.4 -0.139758 -2.62148 313.726 -0.683509 1.45212 1259.11 1231.47 0.405043 0.66418 0.789583 0.820581 1054.83 0.4335 0.519165 1840.86 0.815029 2.53515 0.0996691
1361.67 0.695442 2.3014 -1 -1 -1 -1 966.509 0.39519 -1 0.681202 -1 1211.14 -0.865627 0.207262 1563.43 0.764679 2.98038 0.0996691
1553.17 -0.386605 -0.991216 1051.06 0.90559 3.10722 2881.69 2873.77 0.539701 0.268508 0.525196 0.126145 1239.04 1.52637 0.0351682 4300.46 0.118829 2.93128 0.0996691
2307.89 0.482224 -1.53555 1975.48 -0.291214 1.86496 4578.46 4531.05 0.693302 0.546955 0.711077 0.542613 728.84 1.6759 0.187423 4811.73 0.15207 2.88198 0.0996691
1298.84 0.156434 2.00632 511.521 -0.636436 -1.17326 1775.24 1723.61 0.449849 0.327107 0.51158 0.659742 825.166 -1.13372 0.0448432 1798.03 0.437228 3.08884 0.0996691
2087.17 -0.750072 -0.969794 1173.19 1.52302 1.03072 5107.21 5102.08 0.404051 0.519791 0.814338 0.154458 1281.28 2.75408 0.218163 4062.83 0.979963 2.77716 -0.0996691
1963.13 0.29399 -2.08089 1185.65 1.37939 2.53552 2892.65 2114.2 0.246053 0.0902536 0.504767 0.414719 1422.93 0.288891 0.0542696 4046.6 0.475724 2.3328 0.0996691
2383.4 -0.0196051 1.18864 1463.57 0.662303 -2.42966 3868.3 3837.93 0.379405 0.501892 0.683499 0.648233 660.686 -2.30068 0.125555 5193.99 0.33082 2.66434 0.0996691
1387.09 -0.0617206 2.48294 796.323 -0.0535602 0.0341761 1986.26 1976.79 0.226927 0.632606 0.555387 0.699634 618.913 -1.20802 0.148262 2447.21 0.687996 2.7394 0.0996691
2586 0.0844064 0.963004 906.047 0.845717 -0.685407 2576.59 2522.39 0.0926511 0.675395 0.178646 0.598386 2291.6 -2.70035 0.795791 4000.05 0.685112 2.8605 0.0996691
1591.17 -0.00826288 -1.27877 1555.91 0.678069 2.91192 2942.14 2935.43 0.312882 0.533286 0.400492 0.544151 697.18 0.207717 0.11331 4552.82 0.505342 2.59025 0.0996691
1373.4 0.0265213 -1.53818 1354.1 -0.979687 0.585456 2797.52 2766.6 0.391296 0.766125 0.558341 0.559485 935.951 2.52257 0.198665 3771.34 0.0474587 3.04671 -0.0996691
2393.8 0.269826 0.590193 1419.21 0.34939 -1.78697 3727.6 2679.78 0.0510227 0.331785 0.637222 0.482996 1011.6 -2.36538 0.580808 5190.59 0.229395 3.00396 -0.0996691
1287.15 -0.737221 2.02718 962.803 0.336179 2.60122 1478.79 1217.69 0.154045 0.277055 0.35522 0.604963 1179.94 -0.663727 0.148974 3606.51 0.127873 3.11983 -0.0996691
1946.38 -0.0429887 -1.78186 516.073 0.2309 1.54339 2093.39 1841.15 0.662143 0.819485 0.65647 0.567675 1105.24 1.33243 0.145512 2821.1 0.955696 2.9939 0.0996691
2257.91 0.308709 0.680158 1067.68 0.149989 -2.06637 3069.29 3043.25 0.767558 0.617928 0.867314 0.689171 801.675 -2.96503 0.144233 4353.46 0.913089 2.78063 0.0996691
1357.36 0.940361 -0.0246444 -1 -1 -1 -1 1134.95 0.731286 -1 0.72823 -1 1106.67 3.0832 0.00285053 1550.42 0.70893 3.10901 0.0996691
1736.63 1.50351 -1.62621 781.197 0.283702 -1.47869 1579.49 1464.44 0.524446 0.541416 0.782603 0.824971 1936.83 1.47988 0.177318 3383.11 0.465684 2.91328 0.0996691
2430.3 -0.313374 1.63151 2002.32 -0.658573 -2.16037 4267.18 4253.39 0.135279 0.529088 0.21636 0.58995 974.801 -0.138407 0.174856 5134.53 0.933533 1.84557 -0.0996691
3035.11 0.344864 0.4248 1787.15 0.751506 -2.90517 5050.09 3994.73 0.199143 0.523766 0.650478 0.758314 1075.29 -2.36016 0.0498245 5298.41 0.80416 2.87132 0.0996691
1977.04 -0.0469019 2.9039 1165.87 0.671079 -0.435018 3253.41 3219.16 0.321532 0.488056 0.619803 0.454684 824.385 -0.451422 0.0159724 4354.01 0.425507 2.91779 0.0996691
490.968 -2.02182 0.479749 322.064 -0.379122 -0.0334067 770.606 744.897 0.646848 0.57288 0.802163 0.654491 742.899 -2.99603 1.43451 886.386 0.809591 1.52162 0.0996691
2518.26 0.649012 0.5707 2094.73 -0.121183 -2.78672 5018.94 3714.78 0.0345541 0.527093 0.649778 0.604475 764.922 2.68118 0.246753 6704.2 0.520787 2.89824 0.0996691
660.47 0.799462 -1.6604 540.917 1.04371 -2.87141 722.109 691.3 0.704607 0.638038 0.691564 0.744915 992.836 1.05642 0.0771936 1464.88 0.458351 2.93641 0.0996691
1519.5 0.778157 -1.41961 1160.93 1.28662 1.66807 2754.58 2723.61 0.559986 0.399495 0.685382 0.555685 774.562 -0.030252 0.152418 3988.82 0.730165 2.72888 0.0996691
1997.71 -0.3354 2.34326 1335.68 -0.494052 0.703771 2407.84 2400.2 0.255083 0.550265 0.5019 0.557917 1865.84 -1.4429 0.202199 3711.22 0.713565 2.69923 0.0996691
1418.89 1.53097 2.10636 1101.37 0.212176 -2.52315 2586.98 2540.43 0.456132 0.216834 0.670602 0.446412 861.866 -0.321424 0.0380704 3433.51 0.895297 3.01901 0.0996691
1936.34 0.313905 2.14254 1357.67 0.704649 -0.157541 3031.34 3023.53 0.334435 0.218346 0 0.830479 1304.27 -1.63809 0.00932407 4520.87 0.10084 2.94536 0.0996691
1651.94 -1.26522 0.429752 1562.27 0.446031 1.96409 3835.83 3810.92 0.167876 0.302973 0.574389 0.510076 1117.82 -2.12415 0.42789 4492.43 0.965647 2.98059 0.0996691
2014.21 -0.333275 0.911019 1731.39 0.828499 -0.930262 3785.93 3762.3 0.334716 0.607725 0.58663 0.739976 1033.07 2.90563 0.0634384 5139.87 0.620962 2.51006 0.0996691
835.4 2.25045 2.55038 -1 -1 -1 -1 1355.61 0.54418 -1 0.647472 -1 666.488 -0.629267 0.0594395 1009.77 0.621016 3.02896 0.0996691
2059.13 -0.922059 1.77858 883.189 0.154415 2.33566 1806.16 1550.18 0.497577 0.267459 0.469011 0.714903 2255.09 -1.32974 0.128237 3690.02 0.950498 2.96736 0.0996691
1262.57 0.994877 2.22582 1107.03 -0.511198 0.153893 2838.44 2707.93 0.797954 0.577067 0.627392 0.784872 1021.84 -1.85762 0.000714064 2568.63 0.954428 2.20943 0.0996691
1903.17 -0.706474 -0.0276825 1903.14 -0.170855 2.04893 3465.96 3452.7 0.0977496 0.387629 0.657757 0.584789 766.084 1.81584 0.234631 6360.11 0.512916 2.52492 0.0996691
1026.32 -0.0883293 -0.824102 351.05 1.04519 -2.34978 1137.43 1033.56 0.554001 0.637535 0.685449 0.724801 918.811 1.94746 0.0419841 1678.52 0.767645 2.73161 0.0996691
1168.13 -1.57371 1.44752 631.85 -0.923232 -2.52532 1684.3 1672.85 0.439752 0.445396 0.71269 0.721112 626.172 -1.74911 0.146214 2405.28 0.890309 3.04967 0.0996691
1413.96 -0.722057 -1.82452 1193.73 -0.565329 0.246817 2250.26 2237.71 0.0627661 0.501388 0.713705 0.564116 623.003 0.410988 0.167609 4506.89 0.138057 3.03193 0.0996691
930.164 0.673484 1.56018 300.603 1.03735 0.0353639 777.293 712.758 0.598633 0.664187 0.673085 0.71863 1220.23 -1.76731 1.83474 1500.17 0.796341 1.37166 0.0996691
2003.36 0.705618 2.41932 1155.85 -0.317031 -1.18037 3400.53 3294.16 0.636653 0.781934 0.584217 0.648431 1032.28 -0.242502 0.0394799 3176.99 0.94775 2.62234 0.0996691
416.71 1.20339 -0.614 401.965 -0.864199 -0.329464 1032.61 808.734 0.699744 0.250823 0.531831 0.875005 683.688 2.81353 0.724914 956.944 0.510279 2.29829 0.0996691
2323.54 -0.818542 -1.70332 1750.99 -0.318304 1.75479 4159.33 4090.82 0.286493 0.297 0.523891 0.580692 1106.45 1.68563 0.0696062 4882.42 0.219038 2.82401 0.0996691
2372.66 -0.560705 0.0292723 1438.23 0.0304145 1.85264 3134.39 3123.38 0.216109 0.444012 0.297891 0.740179 1704.29 -2.12009 1.14082 4872.4 0.83784 1.16891 0.0996691
1850.03 -0.287885 2.55686 1525.96 -0.492473 -1.06168 3427.73 3135.45 0.561192 0.0934245 0.646048 0.682369 966.261 -1.24255 0.249051 4711.66 0.89015 3.03879 0.0996691
1953.13 0.818285 -2.7316 1902.49 -0.998598 0.960697 5497.23 4720.69 0.245531 0.630655 0.336783 0.734066 809.335 -0.0433092 0.320266 4750.74 0.931295 3.09454 0.0996691
1269.68 -0.0602816 -0.660453 503.92 -0.206796 2.48933 1606.29 1604.23 0.486757 0.0820495 0.213089 0 779.632 2.47772 0.0116086 1771.8 0.4312 3.1319 0.0996691
769.435 0.139159 2.86179 -1 -1 -1 -1 909.516 0.70612 -1 0.72453 -1 805.399 0.0755147 1.55347 1013.02 0.771368 1.50649 0.0996691
657.428 -1.91186 1.89314 480.636 -0.279607 2.5169 1136.3 789.253 0.583753 0.315202 0.522355 0.793605 813.308 -0.992833 0.113825 1391.06 0.116514 3.11694 0.0996691
762.963 1.24307 -0.789517 611.612 -0.871349 0.761789 1984.67 1892.58 0.269658 0.816583 0.751023 0.82159 659.084 3.09563 0.0071125 1645.61 0.530359 2.40368 0.0996691
2645.27 -0.141728 -2.64203 1383.53 -0.219541 0.283243 3850.52 3773.25 0.2188 0.315983 0.771296 0.401098 1006.76 0.279714 0.00432056 5700.01 0.316585 2.95268 0.0996691
1112 0.119856 -1.56214 254.832 -2.07719 2.24302 1753.23 1710.86 0.200556 0.768106 0.529417 0.67379 676.757 1.52713 0.00733864 1612.96 0.706403 3.08047 0.0996691
1880.57 0.16739 1.23695 926.104 -0.932476 -2.70472 2905.15 2388.11 0.366053 0.438329 0.683314 0.649363 1044.48 -1.12696 0.0452545 3497.8 0.766715 2.31599 0.0996691
1994.32 -0.284224 -2.01907 919.127 -0.569767 1.1273 2787.37 1576.44 0.588086 0.248024 0.459003 0.842043 1343.91 0.593086 0.0312238 3768.01 0.97995 2.57991 0.0996691
1549.97 -1.02232 1.16224 525.549 -1.82987 -2.51081 1950.24 1703.74 0.419191 0.603546 0.422066 0.622322 733.642 -1.81942 0.0152014 2437.88 0.544961 2.99152 0.0996691
2668.55 -0.00724809 -0.58935 1716.11 -0.229412 2.51449 4398.75 3753.08 0.494679 0.727309 0.544902 0.564706 1035.3 2.53111 0.0269792 4537.45 0.10032 3.08675 0.0996691
1603.59 -0.908695 0.975151 1244.27 -0.930206 -2.83402 2672.22 2667.21 0.575245 0.464671 0.692908 0.381487 1636.1 -1.1149 0.282031 4118.94 0.526204 2.65515 0.0996691
1574.31 0.234553 -2.95932 -1 -1 -1 -1 1311.58 0.654301 -1 0.645185 -1 1377.97 0.279709 0.674413 1764.53 0.795336 2.56521 0.0996691
1998.82 0.11391 -0.502539 1895.89 0.0707171 -2.15001 2911.74 2773.59 0.71836 0.624254 0.725317 0.695498 708.628 1.31524 0.0251936 5847.21 0.859385 2.85507 0.0996691
1467.66 0.358543 -3.05806 300.758 0.769747 -0.0754066 1359.22 1312.22 0.465003 0.604232 0.617036 0.4156 867.469 -0.0124335 0.076124 2064.46 0.678982 2.97073 0.0996691
1218.31 -0.436845 -1.37214 268.641 -1.2926 0.410336 1053.24 725.697 0.175687 0.7519 0.309277 0.759762 1297.68 1.95991 0.150433 1797.68 0.882415 2.80011 0.0996691
2005.36 0.637662 0.887715 1859.24 -0.323391 -2.33388 4406.8 4164.67 0.558169 0.486338 0.422972 0.306169 692.77 2.45227 1.46244 4889.54 0.737355 1.56667 0.0996691
1153.24 0.22208 -2.51384 991.437 -1.65971 -2.06974 2390.33 2329.28 0.503704 0.725006 0.354023 0.753312 1825.16 0.64328 0.070104 2615.61 0.920412 3.09274 0.0996691
1805.39 -0.390206 2.59102 874.214 0.702323 -1.00849 2855.78 2792.61 0.617486 0.605406 0.789887 0.57051 764.598 -0.276611 0.0655343 3031.24 0.729522 2.93268 0.0996691
1720.58 -0.23746 2.37896 985.225 0.519747 -0.23208 2729.84 2615.17 0.768255 0.372118 0.794262 0.723499 1042.69 -0.970848 0.0154394 2997.42 0.96793 2.95004 0.0996691
1458.87 -0.460062 -1.15171 -1 -1 -1 -1 925.409 0.0931972 -1 0.6696 -1 1257.03 1.94215 0.00619996 1630.28 0.834646 3.08705 0.0996691
1823.95 0.509709 -2.54969 399.483 -2.66901 -1.2119 4216.96 3847.78 0.42692 0.579065 0.36027 0.65598 1746.29 0.837969 0.000953138 2413.65 0.757981 2.94834 0.0996691
2331.68 -0.249994 2.39368 1908.66 -0.550652 -2.2159 3223.75 3184.21 0.323039 0.522893 0.563441 0.689394 1493.19 0.671839 0.0787848 6332.72 0.744005 2.96767 0.0996691
1452.06 1.49236 1.43947 1419.81 -0.542854 0.825152 3597.13 3529.86 0.175082 0.411016 0.774637 0.624806 1762 -1.99811 0.0504586 3755.19 0.273694 2.79646 0.0996691
1609.2 1.12173 2.34762 1458.11 0.228913 0.264554 3007.25 2981.68 0.414969 0.615085 0.723167 0.599375 1457.43 -1.39324 0.0275438 3571.67 0.946192 2.51657 0.0996691
1935.96 0.124695 1.77087 727.858 1.24883 -1.71628 2766.08 2507.74 0.186629 0.35539 0.429578 0.66886 794.013 -1.25118 0.101495 3216.28 0.97688 2.91943 0.0996691
1616.85 -1.12548 0.0724538 856.777 1.42927 -3.11246 4594.64 3787.16 0.578638 0.629823 0.479028 0.554856 672.603 3.09142 0.0137782 2660.75 0.85807 3.02996 0.0996691
2844.53 0.789941 -1.27199 2306.69 0.389711 1.62923 5541.12 3812.35 0.0836312 0.378359 0.706474 0.456377 709.764 2.47616 0.0878818 5297.92 0.632722 2.6927 0.0996691
1330.55 -0.814728 -2.94997 1329.74 -0.346304 -1.28756 2102.93 1959.43 0.632118 0.545924 0.731339 0.542572 1114.24 1.29741 0.172514 3444.42 0.968709 2.78892 -0.0996691
1832.98 -0.179223 2.29606 865.215 1.77642 -1.8354 3637.01 3609.52 0.481224 0.448067 0.625895 0.62762 1408.86 -0.0735615 0.906061 3120.17 0.990114 1.46992 0.0996691
2327.38 0.444738 -0.980432 1224.52 -0.421268 -2.91112 3392.78 3089.79 0.383359 0.59174 0.461621 0.693662 1814.4 1.61568 0.0890554 3978.45 0.076582 3.01026 0.0996691
2642.76 0.637004 1.87414 1772.7 -0.0215601 -1.20463 4750.48 3642.16 0.153578 0.771322 0.338484 0.773212 816.192 -1.47087 0.273204 4394.71 0.374803 3.02563 -0.0996691
1090.47 1.78165 2.76334 432.37 -1.03501 -1.91978 2831.39 2687.04 0.67111 0.716441 0.786072 0.639742 1043.22 -0.124947 0.522139 2090.81 0.705098 2.36769 0.0996691
977.068 0.742046 -0.764345 440.08 0.987723 -2.98053 1212.36 1129.08 0.247837 0.693283 0.698708 0.629712 667.435 1.86506 0.0673037 1543.55 0.786552 2.56277 0.0996691
1009.19 -1.38877 1.62646 334.144 -0.562811 2.70945 854.48 569.806 0.494627 0.479249 0.83048 0.739122 1113.33 -1.24092 0.207368 1406.18 0.829589 3.06693 0.0996691
1291.65 0.129673 -1.81264 254.417 -0.945121 1.17342 1327.66 1181.23 0.271115 0.53457 0 0.632388 1060.37 1.13894 0.0533197 1714.74 0.71847 2.89764 0.0996691
2009.71 -0.779055 2.99687 1825.45 -0.44635 -0.788576 3823.66 3065.41 0.251169 0.700087 0.612882 0.790923 794.214 -0.955946 0.154123 5403.75 0.407824 2.58703 -0.0996691
1288.93 -1.00999 0.931011 294.066 0.483581 -2.45988 1594.56 1512.32 0.634023 0.64464 0.757844 0.499054 839.365 -2.37911 0.110947 1830.85 0.662059 2.86514 0.0996691
1762.87 0.107768 2.12408 918.824 0.941346 -0.88734 2813.8 2709.39 0.114906 0.494333 0.742399 0.632825 814.838 -1.11118 0.0317233 2670.28 0.934968 3.01494 0.0996691
2466.18 0.491684 -3.13887 1018.31 -1.36435 1.86211 3878.45 3871.94 0.587068 0.566016 0.561997 0.555362 2058.4 -0.352435 0.121078 4325.73 0.638637 2.66464 0.0996691
1530.46 0.819638 -0.947776 1377.69 0.380872 2.30494 2984.44 2965.48 0.0542214 0.113304 0.263809 0.453046 736.388 2.16871 0.137629 3886.15 0.0786345 3.02838 -0.0996691
1530.23 -0.688215 -0.25022 1279.77 0.643676 -2.04225 2993.41 2876.2 0.725199 0.613649 0.649127 0.739417 1023.82 1.4004 0.312871 4182.95 0.729049 2.53796 0.0996691
2819.13 -0.0973339 -1.30625 1387.31 0.189565 0.995507 3790.34 3090.76 0.121639 0.511557 0.352027 0.584038 869.459 2.30359 0.0910029 5570.54 0.320447 2.70163 0.0996691
1969.61 0.176418 2.03512 754.774 -0.384691 -1.15911 2558.24 2479.18 0.267098 0.534923 0.631749 0.741935 1190.39 -1.1444 0.0200832 2697.82 0.463571 3.08535 0.0996691
2435.81 0.383727 0.804063 954.106 -0.810342 0.463647 2044.83 1953.68 0.113889 0.519324 0.540782 0.589096 2035.37 -2.53732 0.0877326 4736.25 0.0774131 3.04767 0.0996691
2399.65 -0.713617 -1.47768 998.465 1.38389 0.854723 4818.59 4622.36 0.154889 0.434027 0.380471 0.651419 1604.61 2.29811 0.378364 3454.43 0.960925 2.12776 -0.0996691
2334.16 0.443613 0.670902 1888.71 0.257717 -2.93881 4239.62 2983.9 0.109985 0.156609 0.655913 0.837166 728.611 -3.12613 0.0203621 5553.05 0.492983 2.507 0.0996691
1808.18 -0.749485 -0.0743609 1551.38 -0.208353 -2.13896 3029.7 2975.62 0.70711 0.691243 0.7183 0.626117 608.104 1.35052 0.0340092 4931.04 0.85864 3.00431 0.0996691
3220.13 0.167904 3.08553 2637.1 0.273026 -0.00197907 5853.41 5813.05 0.520443 0.13297 0.375131 0.390417 694.46 1.03396 0.192771 7465.51 0.466538 2.58633 0.0996691
1884.52 0.226175 1.80778 1460.93 -1.6491 -1.35206 4895.15 4862.62 0.27141 0.671083 0.718217 0.708928 663.916 -1.97673 0.0101839 4985.83 0.954111 2.85981 -0.0996691
1414.7 -0.0615658 2.83439 1094.84 -0.687041 0.0427861 2658.13 1952.66 0.107554 0.323891 0.744268 0.773612 861.697 2.54467 0.00232458 3748.91 0.240616 3.00914 0.0996691
1274.2 -0.15382 -1.36211 471.949 -0.860448 -2.27727 918.565 873.777 0.560735 0.67467 0.594111 0.589318 1157.38 1.57065 0.0338073 2107.12 0.591947 2.90357 0.0996691
2360.56 -0.24471 1.17009 971.235 -0.136777 2.64209 2059.47 2031.43 0.409166 0.541708 0.675171 0.733404 2273.65 -1.32658 0.0478146 4667.33 0.892641 2.83696 0.0996691
1785.15 0.812618 -2.29405 1083.68 -0.842541 0.290249 3816.01 2980.5 0.15996 0.624904 0.554506 0.504896 661.948 0.555473 0.265224 3673.83 0.217906 2.79366 0.0996691
888.827 -0.721205 3.06025 582.852 -0.78627 -2.01543 852.693 834.716 0.43119 0.426821 0.230015 0.636237 758.955 0.288312 0.182888 1886.48 0.594968 2.58903 0.0996691
1954.1 0.236287 0.340341 354.267 -0.0266501 -2.86853 2060.8 803.177 0.373908 0.400032 0.609531 0.715493 1576.07 -2.80191 0.0288069 2364.12 0.0536837 3.06645 0.0996691
1819.65 -0.11362 0.380721 745.808 -1.38785 -1.92159 2678.98 2500.17 0.663136 0.668926 0.54214 0.655588 1442.59 3.04157 0.815351 2839.25 0.977388 1.84212 0.0996691
2621.15 0.289659 2.72785 1519.29 1.16145 -0.795542 4663.15 3317.81 0.288252 0.535258 0.376891 0.606341 1194.71 -0.166006 0.629406 4553.73 0.333443 2.46379 0.0996691
682.054 -1.05567 2.43708 446.165 2.13662 -1.94903 2801.39 1958.51 0.254251 0.638464 0.667631 0.676778 602.674 -0.326855 0.853217 1609.31 0.482554 2.19505 0.0996691
1208.96 -0.24925 2.4625 1150.48 1.04704 1.26239 2113.47 2108.55 0.761332 0.574664 0.696989 0.459368 1521.83 -0.610891 0.0591538 3707.02 0.683189 3.13248 -0.0996691
1469.57 0.217571 -0.335497 483.087 2.67626 -2.55408 3051.35 1115.98 0.410587 0.434718 0.773826 0.52456 829.737 2.75925 0.137228 2541.83 0.687449 3.05466 0.0996691
1188.37 -0.444395 2.44604 1175.36 0.624646 0.187839 2521.27 2498.73 0.529462 0.427643 0.565281 0.48063 773.21 -1.95661 0.138395 3367.91 0.790087 3.02621 0.0996691
2052.91 0.927716 -0.728162 1338.43 -0.872926 -2.67734 4398.9 4340.88 0.289456 0.281138 0.545568 0.65137 1375.54 1.71437 0.0343337 4019.8 0.587378 2.47752 0.0996691
939.368 0.383321 1.31991 295.762 0.249453 -1.81675 1068.53 1009.5 0.672194 0.496751 0.644376 0.621981 650.51 -1.84411 0.015561 1234.74 0.558143 3.10465 0.0996691
1467.75 -0.568821 -2.70472 -1 -1 -1 -1 753.5 0.0794077 -1 0.631691 -1 1355.9 0.558185 0.134982 1796.58 0.835221 2.88721 0.0996691
2452.25 -0.82283 0.833752 980.143 0.621502 2.97351 3705.28 3476.41 0.263667 0.795683 0.633506 0.669917 1100.06 -2.00785 0.233999 4173.06 0.569034 2.62007 0.0996691
1565.54 -0.118448 -1.44531 1274.71 0.38986 1.49737 2914.36 2885.61 0.153568 0.419784 0.476556 0.714678 1214.25 2.93023 0.0485108 4444.81 0.505971 2.96768 0.0996691
1334.97 -0.807173 0.245112 402.031 0.467419 -2.89066 1909.38 582.31 0.226812 0.757645 0.465237 0.65705 1107.97 -2.91507 0.042114 1906 0.529768 2.99028 0.0996691
2842.71 -0.264107 -2.67973 1855.85 -0.456917 0.470669 4916.84 1042.76 0.144709 0.450136 0.572112 0.726463 1047.87 0.493947 0.155927 4871.84 0.317037 3.06689 0.0996691
1788.86 -0.828494 -1.69017 1613.03 0.120952 2.59283 3380.25 3085.14 0.469026 0.277401 0.488508 0.493474 1133.62 -0.102528 0.024788 4489.84 0.216162 3.08124 -0.0996691
1672.35 1.31933 -2.82281 806.555 0.300322 0.39901 2793.68 1854.22 0.300775 0.6411 0.674615 0.693147 1634 0.467783 0.0745603 3296.59 0.0922726 2.96985 0.0996691
1896.43 0.108739 2.33157 1450.9 -0.605275 -0.0193893 3328.04 3200.46 0.598996 0.266852 0.534273 0.712497 1145.94 -1.66189 0.358861 3489.63 0.973704 1.93059 -0.0996691
1836.4 0.119518 -1.48214 1458.53 -0.923185 3.06011 3089.86 3065.94 0.285246 0.747818 0.654406 0.780603 874.461 1.12026 0.050108 4651.19 0.951138 2.86088 0.0996691
2278.19 0.0920077 1.70433 -1 -1 -1 -1 851.046 0.145655 -1 0.746853 -1 2169.58 -1.48029 0.795182 2782.87 0.797252 2.14577 -0.0996691
1269.22 -0.372957 1.55428 1009.41 -1.23322 -1.38917 2506.36 2059.57 0.526437 0.550667 0.702955 0.766174 753.875 -1.84557 0.0612386 3118.65 0.666346 2.94359 0.0996691
1761.63 -0.118526 1.4468 1635.76 -1.51823 -2.8828 3821.89 3807.33 0.49016 0.224054 0.675419 0.671881 1235.91 -0.948592 0.19756 4096.45 0.946192 2.19833 0.0996691
2554.96 0.546564 1.01288 1227.58 0.824758 -1.66254 3502.76 3444.22 0.242583 0.520667 0.296495 0.599038 914.631 -1.67107 0.00107872 5045.07 0.419597 2.68367 0.0996691
1385.65 0.649791 -1.7984 984.548 1.598 -2.41063 1381.44 1351.45 0.29243 0.342793 0.795101 0.480474 1929.06 0.920864 0.344495 2855.48 0.820811 2.98585 0.0996691
796.097 0.850316 2.21434 -1 -1 -1 -1 515.34 0.588019 -1 0.616953 -1 658.869 -1.21716 0.0267006 1293.07 0.734059 2.82942 0.0996691
936.217 -0.0989675 2.46576 -1 -1 -1 -1 832.95 0.545351 -1 0.775423 -1 775.281 -0.64307 0.0916412 1083.85 0.692469 3.0093 0.0996691
1371.92 0.00822501 -2.6316 693.309 0.965097 0.546811 2200.16 2194.77 0.455714 0.315552 0.384128 0.333484 608.842 0.482118 0.0313618 2217.25 0.957676 3.13888 0.0996691
1761.13 0.723617 0.626589 1148.15 0.0676919 2.66506 2612.45 2602.66 0.256417 0.193869 0.316514 0.31041 869.645 -1.94017 0.312007 3611.88 0.821278 2.87553 0.0996691
1760.55 0.0244098 2.63895 1542.84 0.0119051 -0.0902461 3308.93 2749.26 0.251127 0.72738 0.491775 0.818185 711.937 -0.5039 0.077911 5326.02 0.958822 2.94192 -0.0996691
1408.53 -1.29591 2.8262 1143.08 0.735251 -1.75134 3615.94 3533.07 0.542441 0.665288 0.341922 0.543675 1025.64 0.25805 0.263564 3609 0.803056 2.30291 0.0996691
2522.61 -0.272952 0.766418 977.281 -0.363335 -1.61171 2937.92 2881.1 0.497011 0.644871 0.367776 0.805733 2581.03 -2.84735 1.22525 4294.1 0.961884 2.22853 0.0996691
789.925 1.58185 -2.24947 -1 -1 -1 -1 598.749 0.678321 -1 0.710627 -1 691.912 0.894364 0.0166246 872.732 0.777822 3.12409 0.0996691
2090.88 0.203659 -2.04924 1493.46 -0.384686 -0.679728 2532.5 2438.26 0.755346 0.518492 0.582232 0.835822 2575.69 1.66132 0.0990349 3805.33 0.280744 3.08844 -0.0996691
1453.21 -1.23351 2.53014 1288.33 -0.14421 -0.862721 3157.16 3038.3 0.340651 0.661522 0.778087 0.679727 604.676 0.0827617 0.144528 3352.19 0.538832 3.0132 0.0996691
2164.03 0.902775 -1.48761 691.767 0.968313 1.59143 2479.87 2374.44 0.475296 0.663317 0.778211 0.636423 1061.91 1.54569 0.0417798 3495.9 0.532594 3.07786 0.0996691
1739.61 -0.0432207 2.84375 605.902 -0.743544 -0.236384 2214.46 2067.42 0.429855 0.649502 0.582538 0.641124 740.563 -0.205701 0.0104359 2701.83 0.806241 3.02473 0.0996691
927.093 0.169213 2.18854 -1 -1 -1 -1 676.306 0.635655 -1 0.611791 -1 786.101 -0.910722 0.0163838 1050.95 0.758843 3.08138 0.0996691
1413.69 0.618815 0.924606 1073.39 0.234057 -0.782036 1973.93 1680.35 0.238393 0.549808 0.587661 0.746211 1710.25 2.87276 0.0657551 3923.87 0.814961 3.13841 -0.0996691
1365.68 -0.109509 0.713398 268.687 0.110625 -2.64117 1233.78 1017.22 0.740245 0.818937 0.681556 0.647679 1271.59 -2.49789 0.0841177 1824.83 0.738845 2.98655 0.0996691
2206.62 -0.599037 1.54849 1204.55 -0.338435 0.280548 2028.63 1937.01 0.643495 0.631992 0.781037 0.763778 1416.52 -1.91295 0.0065521 4852.08 0.675948 2.84231 0.0996691
1115.17 -1.09284 2.35935 -1 -1 -1 -1 865.148 0.393508 -1 0.227731 -1 877.383 -0.821907 0.0509102 1321.96 0.748895 3.1313 0.0996691
2315.7 0.684067 2.0324 884.333 -0.869073 -0.192773 3563.53 3484.26 0.608258 0.544897 0.686792 0.713828 1247.72 -1.5328 0.171644 3858.45 0.974954 2.54148 0.0996691
1596.18 1.01087 -2.82452 372.821 1.01718 -0.101218 1604.51 1197.13 0.294581 0.487037 0.566219 0.660578 1242.62 0.367979 0.00808829 1950.81 0.866371 3.1107 0.0996691
1675.48 0.738535 2.93304 340.854 -0.546771 -0.282324 2022.09 749.055 0.0963181 0.59392 0.348896 0.472062 1380.25 -0.223229 0.000326276 2370.97 0.844171 2.94852 0.0996691
1537.47 -0.356647 3.1022 1326.31 0.289271 -0.690617 2875.99 2830.12 0.59856 0.554756 0.560951 0.560722 791.166 1.79849 0.0357467 4587.1 0.686277 2.97604 0.0996691
1194.1 -1.05632 2.22632 710.958 -0.582998 -2.29821 1534.44 1445.62 0.519864 0.606058 0.736949 0.785471 1219.58 -0.402975 1.43486 1874.03 0.971795 2.21841 0.0996691
1050.87 -0.713702 1.057 330.25 0.996907 -1.89282 1674.29 1486.26 0.469794 0.579764 0.770284 0.815136 733.801 -2.19062 0.285081 1347.66 0.828055 2.97744 0.0996691
1192.5 -0.625928 1.8085 480.603 0.992932 -2.39391 1899.19 1827.42 0.522402 0.700682 0.613054 0.722964 936.311 -0.875577 0.0793196 1771.35 0.860821 2.60643 0.0996691
2177.08 -0.492766 0.374624 2139.37 -0.82809 -2.53127 4391.14 4158.6 0.617209 0.704469 0.765597 0.689806 751.163 -2.47689 0.0430751 5250.85 0.976676 3.1278 0.0996691
1596.84 0.484501 -1.72896 1328.16 -0.452274 0.578556 3033.31 2953.22 0.580337 0.674844 0.654708 0.815669 1396 2.37661 0.00262213 4592.73 0.0860306 3.13181 0.0996691
2725.87 0.199941 -3.10654 1080.49 1.0262 0.00576481 4070.84 1253.67 0.134009 0.604456 0.459102 0.762017 1640.54 0.0853169 0.0936512 3788.08 0.115333 3.08021 -0.0996691
1477.5 -0.417458 -0.83901 1261.34 -0.15732 -3.0565 2487.46 2469.12 0.0837482 0.194289 0 0.505766 778.296 0.0438745 0.0577796 3968.09 0.949604 3.12769 -0.0996691
1421.58 -0.0112186 -1.96576 804.185 1.40237 -1.68019 1697.76 1672.29 0.526396 0.515632 0.489519 0.455703 1181.22 1.16197 0.325214 3370.97 0.512231 2.80888 0.0996691
2680.62 -0.372341 -1.63102 1480.64 0.456492 1.35281 4480.68 790.723 0.168693 0.0490747 0.647197 0.517439 1261.99 1.55158 0.123709 4322.33 0.191462 2.98279 0.0996691
1700.85 0.282778 -0.094153 1321.03 -0.239894 -2.19695 2733.14 2661.74 0.411613 0.53685 0.709275 0.701364 702.16 1.45578 0.00935531 5136.77 0.30813 2.61717 -0.0996691
1951.08 -0.376402 -2.48545 899.237 -0.619046 0.287759 2660.23 2372.95 0.26898 0.538439 0.179097 0.804051 1110.31 0.879147 0.0816558 2845.36 0.884229 2.99948 0.0996691
1494.06 0.238447 2.87789 1216.49 -0.711315 -0.81697 2947.52 2755.27 0.456115 0.448899 0.663822 0.690742 695.398 0.764441 0.0198228 2766.69 0.977451 2.13048 0.0996691
2280 -0.564618 0.450586 1540.84 -0.378292 -1.16059 2754.28 2691.22 0.364541 0.48382 0.458588 0.548767 2235.11 2.98798 0.0900359 4286.04 0.957202 2.62931 0.0996691
2068.16 0.0609193 -0.29944 1106.09 0.160989 2.94181 3107.02 3028.7 0.340357 0.426297 0.659716 0.096569 1725.67 2.84278 0.0990365 3933.44 0.29094 3.05052 -0.0996691
2563.36 -0.0507148 0.648247 1354.85 1.20855 -2.6923 4490.15 4448.13 0.0869253 0.731959 0.444262 0.567706 1078.6 -2.50431 0.0552721 4295.55 0.872837 3.09895 0.0996691
1718.37 0.592207 -2.15862 1543.43 0.328373 -0.204978 2762.74 2754.2 0.465392 0.393621 0.209611 0.62775 852.705 1.077 0.0011723 4816.3 0.975457 3.0483 0.0996691
1026.94 1.16115 0.925269 -1 -1 -1 -1 690.622 0.578398 -1 0.569487 -1 946.887 -2.21853 0.111842 1088.78 0.915321 3.02695 0.0996691
2150.3 0.613806 -0.592003 1839.77 0.296269 -3.09226 3968.55 3133.45 0.12776 0.300082 0.500447 0.693096 963.524 1.44249 0.00700974 4510.03 0.804645 2.24234 0.0996691
921.52 0.130607 -1.25626 -1 -1 -1 -1 652.954 0.629115 -1 0.518014 -1 805.994 1.86307 0.0129361 1025.29 0.776931 3.10586 0.0996691
2021.11 0.44277 1.87536 891.368 -1.15403 -2.24742 3395.53 3068.95 0.610471 0.44293 0.604972 0.754228 1292.21 -0.840012 0.134343 3334.46 0.975552 2.84683 0.0996691
1388.66 0.236498 0.0485598 727.209 0.0242049 3.11982 2090.41 1863.98 0.44486 0.494926 0.503837 0.736624 787.886 3.10478 0.0208318 2282.92 0.287426 3.1094 0.0996691
1443.01 -0.630139 -0.809497 1179.92 -0.870882 -2.23945 1770.38 1732.74 0.49116 0.186452 0.800996 0.791009 1596.74 1.68413 0.0899957 3136.38 0.131867 3.12223 0.0996691
1215.26 -1.13504 2.1959 -1 -1 -1 -1 1162.2 0.243997 -1 0.454274 -1 949.494 -0.980747 0.0131658 1426.74 0.699227 3.0914 0.0996691
2340.33 0.0333536 -3.0694 1723.89 0.978418 0.708605 4335.98 4143.1 0.597478 0.70387 0.850622 0.830239 1011.84 0.135706 0.0138003 5254.03 0.972244 3.06142 0.0996691
1268.07 -0.609834 0.859848 910.412 -0.866572 -1.72958 2097.34 2065.72 0.682088 0.197929 0.585154 0.701363 689.315 -2.8019 0.00452709 2476.13 0.317594 2.83989 0.0996691
959.27 1.70045 0.0946058 -1 -1 -1 -1 868.765 0.73678 -1 0.57526 -1 621.929 -2.8984 0.442617 1364.68 0.823019 2.85013 0.0996691
1040.4 0.463704 -1.64182 -1 -1 -1 -1 872.975 0.60142 -1 0.642953 -1 885.528 1.46582 0.065001 1132.36 0.820105 3.04527 0.0996691
2357.68 0.458032 0.167045 1238.87 -0.234298 -2.64491 3828.71 2755.26 0.12655 0.65955 0.766526 0.74778 805.009 -2.86575 0.0920644 4218.93 0.390547 2.97363 -0.0996691
1737.73 0.812095 -2.51574 497.005 -1.26435 -1.33112 2529.82 2480.25 0.760574 0.410188 0.813402 0.755651 1692.1 0.884751 0.123103 2569.78 0.720135 2.75666 0.0996691
1647.22 -0.396023 2.20526 354.599 2.01603 -0.515636 2780.46 2241.23 0.611418 0.62495 0.720368 0.678888 1290.56 -0.99651 0.220263 2121.87 0.898439 2.99328 -0.0996691
2702.37 -0.238321 0.141341 1363.8 -1.05094 -2.63107 4156.48 3970.42 0.247545 0.661613 0.0666319 0.762577 833.778 -2.73396 0.120603 4931.87 0.406349 2.75445 0.0996691
1271.86 0.476363 -2.34659 426.786 -0.826427 0.937444 1828.93 1343.4 0.270542 0.323286 0.763356 0.569711 916.915 0.837557 0.162562 1874.26 0.770547 2.9775 0.0996691
1075.24 0.234089 2.63539 700.131 -0.835316 2.16413 1075.35 1054.36 0.744875 0.574627 0.462072 0.652608 1359.47 -0.624323 0.050132 2296.1 0.404943 3.06538 0.0996691
620.666 -0.947379 1.86933 267.72 0.671097 -0.483303 1062.18 999.625 0.413613 0.796833 0.665783 0.715207 616.341 -1.88006 1.42285 1026.35 0.835297 1.25 0.0996691
1325.63 0.510632 -1.41059 437.585 -0.556822 1.81741 1904.58 1343.96 0.486649 0.6241 0.298679 0.666671 898.729 1.70086 0.13438 1771.9 0.374885 2.92734 0.0996691
1584.89 0.342271 -1.75766 375.761 0.704898 1.52723 1600.43 1559.02 0.621584 0.523361 0.709407 0.584368 1352.76 1.41715 0.110634 2027.91 0.609652 2.99821 0.0996691
1395.47 0.675268 -3.11507 -1 -1 -1 -1 997.757 0.50273 -1 0.621689 -1 1241.87 0.0909181 0.0259749 1551.74 0.788958 3.05033 0.0996691
2220.78 -0.236609 -2.58631 1448.87 0.0271383 0.452691 3619.18 3611.31 0.510094 0.642103 0.662853 0.371169 1484.46 0.358589 0.0950921 4530.74 0.949947 2.95567 -0.0996691
2683.8 0.106096 -3.06486 1599.29 0.321499 0.234271 4361.16 3107.52 0.564826 0.0733349 0.338778 0.668683 1473.47 0.601155 0.0387791 5350.54 0.529283 2.57678 0.0996691
903.252 0.564684 0.588169 767.536 -1.31344 1.03217 1860.79 1279.73 0.652437 0.592932 0.603761 0.639115 1178.4 -2.44997 0.340019 1307.08 0.732807 2.61162 0.0996691
2506.72 0.274615 -2.39216 1621.39 0.503821 0.805803 4063.79 4054.7 0.562034 0.720504 0.538289 0.702022 600.895 1.13367 0.327241 6620.12 0.2176 3.08454 -0.0996691
1481.52 0.288323 1.13175 1064.25 -0.807705 1.81155 1687.61 1671.23 0.31281 0.0807757 0.719457 0.571001 2028.29 -1.62246 0.217962 3047.91 0.944224 2.63121 0.0996691
1119.46 -1.4456 0.821152 836.352 -0.393357 0.809624 1092.66 1053.38 0.775624 0.154988 0.754625 0.381296 1302.75 -2.33963 0.0400407 2808.48 0.028785 3.09668 -0.0996691
1604.44 -0.559902 -1.09511 1528.61 0.0408262 -2.54297 2302.16 2300.02 0.143196 0.333094 0.166243 0.620397 1080.7 1.82532 0.172411 4672.04 0.77958 3.0929 0.0996691
2247.39 -0.475403 -1.12552 2224.96 0.134756 0.821476 3964.19 3939.79 0.567389 0.574323 0.357907 0.63617 732.478 -2.92308 0.148708 6332.88 0.696552 2.38997 0.0996691
1232.12 -1.16884 -3.03023 287.18 -1.84876 1.80295 1009.93 367.611 0.556504 0.601927 0.48722 0.713529 1074.12 -0.0977789 0.0478814 1707.22 0.2554 3.08595 0.0996691
2695.83 1.18966 -2.55032 1531.39 -0.25264 0.767044 5331.2 4284.39 0.350507 0.201014 0.421811 0.486996 1328.68 0.311652 0.164985 4518.72 0.4598 3.02876 0.0996691
1353.92 -0.378244 1.06974 321.825 -0.266079 -2.0032 1334.05 1289.04 0.725268 0.633365 0.684034 0.815106 1185.36 -2.06143 0.0637473 2096.85 0.631365 3.06881 0.0996691
1128.87 0.705998 -1.32782 892.902 1.46629 -2.79037 1613.62 1509.33 0.117967 0.448187 0.714596 0.279351 1442.31 1.08076 0.053407 2476.1 0.171178 2.8868 -0.0996691
2187.24 -0.791228 -0.586285 1148.51 0.0328928 2.68446 3582.74 2871.47 0.217939 0.389703 0.686516 0.609434 860.599 1.74491 0.0556341 5073.28 0.226988 2.6923 0.0996691
1157.25 -0.957556 -0.483818 938.259 -0.0148005 2.34419 2320.93 2246.3 0.356835 0.528122 0.516508 0.771247 634.982 2.2887 0.063951 2666.54 0.193611 2.84116 0.0996691
1744.04 -0.0307132 0.737998 796.648 -0.0524059 -2.89831 2308.74 2195.41 0.730814 0.56935 0.48189 0.77175 881.884 -2.06515 0.127319 2696.92 0.786614 2.67638 0.0996691
659.795 1.78164 -0.598203 -1 -1 -1 -1 583.01 0.446048 -1 0.634893 -1 605.103 2.58403 0.00213432 750.145 0.758757 3.10308 0.0996691
2036.24 -0.425433 2.58587 1331.84 0.890028 -1.65493 3705.11 3025.11 0.210969 0.520242 0.507541 0.2909 907.481 0.17769 0.0848913 4290.41 0.344785 2.51871 0.0996691
1222.21 0.937395 -1.51306 462.628 -0.346699 0.206858 1557.1 1453.53 0.243994 0.511032 0.771865 0.462741 1152.79 2.04762 0.164248 1718.17 0.936922 2.88523 0.0996691
1298.33 0.375516 -0.956585 499.706 -0.314525 2.00824 1728.11 1665.18 0.633328 0.693649 0.456879 0.694531 916.292 2.03047 0.00385737 2011.09 0.459232 2.97784 0.0996691
2588.1 -0.193979 -3.02771 1655.83 -0.561669 -0.136011 4195.19 4157.66 0.556509 0.473228 0.447428 0.643852 675.837 -0.465944 0.0301975 5173.98 0.985346 2.59325 -0.0996691
1322.19 -0.136817 -0.709071 790.756 -0.488166 2.62887 2152.22 1232.74 0.802225 0.410017 0.753783 0.824863 782.19 2.83062 0.0289309 2851.04 0.867508 3.11415 0.0996691
2538.47 -0.452812 0.115279 975.943 0.181167 1.74713 2543.07 2477.14 0.730723 0.758067 0.752599 0.599266 1389.75 -2.56388 0.0621417 4754.95 0.870918 3.07503 0.0996691
884.782 1.21156 -2.01711 -1 -1 -1 -1 948.328 0.288512 -1 0.797738 -1 711.138 0.952628 0.0720804 1168.04 0.656621 2.96556 0.0996691
2062.81 -0.0650581 1.00224 1280.96 -0.113754 -2.03416 3270.69 3171.44 0.515514 0.531983 0.711145 0.826026 630.598 -1.65136 0.0299754 5159.04 0.978075 2.62312 0.0996691
2064.9 0.204679 1.42788 1265.98 0.825437 2.88206 2444.4 2316.14 0.128488 0.55231 0.685742 0.692243 1658.18 -1.01593 0.118261 4455.53 0.387596 2.60565 0.0996691
1130.26 -0.107378 1.61226 928.204 -0.301007 -2.30804 2050.32 1380.31 0.305978 0.113719 0.695261 0.761736 785.941 -1.00065 0.867912 2464.08 0.921015 2.25135 0.0996691
872.567 0.181389 -0.993606 779.154 0.0491764 2.54401 1638.92 1601.13 0.244038 0.183441 0.727213 0.737835 742.067 2.68523 0.143513 2504.76 0.286408 3.03445 0.0996691
2632.25 -0.387558 -2.51231 2273.44 -1.02235 0.178833 5220.32 4126.35 0.141114 0.365166 0.385204 0.196313 847.1 1.6078 0.0827068 5285.97 0.705785 2.3662 0.0996691
1690.43 0.311144 0.404905 1499.52 0.672281 2.3478 2838.77 2392.89 0.374145 0.24632 0.743996 0.602603 610.342 -2.35367 0.209887 4515.82 0.770398 2.58479 0.0996691
1566.66 -0.299949 1.5906 722.712 1.1882 -1.49657 2778.82 2669.11 0.726302 0.492448 0.547307 0.619335 624.423 -1.3383 0.15465 2541.79 0.379681 3.09152 0.0996691
1310.98 0.898605 0.504645 291.715 -0.21837 -2.58476 1477.8 1068.16 0.643291 0.788033 0.591432 0.748696 994.724 -2.658 0.00438881 1569.74 0.766157 3.12038 0.0996691
1572.94 0.496751 -2.53347 875.046 1.35106 2.95218 1424.75 1200.52 0.719307 0.528446 0.761321 0.678536 1984.07 0.206734 0.0151771 2927.28 0.0626887 3.03931 0.0996691
2031.71 -0.891983 -0.280423 1479.73 0.331724 2.10363 3973.05 3780.73 0.289405 0.0593821 0.644868 0 931.347 -2.59541 0.0632095 3939.89 0.883763 2.30449 0.0996691
3016.77 0.0697381 -2.43397 2368.46 -0.381674 0.597562 5560.24 5481.4 0.0773523 0.340085 0.596272 0.49991 640.423 0.888639 0.287781 5413.94 0.130522 3.0418 -0.0996691
1680.74 -0.757915 -0.620659 561.596 -0.0876222 2.23588 2060.14 1983.37 0.462946 0.521432 0.285634 0.77489 736.566 2.5137 0.283785 2599.52 0.536785 2.84898 0.0996691
1408.32 -0.774425 -2.33034 1159.06 0.441782 -0.134069 2828.63 2734.05 0.713524 0.552934 0.568901 0.707333 831.696 3.0871 0.400911 4127.08 0.932532 2.66074 0.0996691
1595.07 0.491578 -0.513255 633.867 -0.90495 2.64597 2562.22 2164.45 0.457753 0.293726 0.180441 0.474269 939.783 2.64931 0.00735426 2237.67 0.321281 3.01122 0.0996691
2808.07 -0.143094 1.78741 1482.99 -0.250311 -0.211051 3683.6 2751.27 0.352774 0.461704 0.358755 0.750863 1966.26 -1.92872 0.0737079 4995.1 0.130751 2.92588 -0.0996691
2457.42 -0.0137452 -0.246358 1435.16 -0.250165 2.38363 3763.8 3504.68 0.713566 0.551825 0.672704 0.454877 1180 2.48078 0.0967946 5267.09 0.798952 3.1079 0.0996691
1754.49 -0.725006 2.93872 1597.7 -0.249046 0.818001 3066.46 2946.14 0.482276 0.435553 0.256659 0.599059 889.921 0.817046 0.00104737 5572.88 0.895665 2.78487 0.0996691
1516.66 0.886531 0.146802 1315.1 -0.264827 2.92315 3330.96 2335.13 0.612091 0.210506 0.534601 0.444028 1409.66 -2.03552 0.0466676 4444.13 0.758442 2.934 -0.0996691
949.724 0.342914 -0.315221 -1 -1 -1 -1 503.277 0.541859 -1 0.729102 -1 868.829 2.79342 0.141436 993.995 0.888912 2.9823 0.0996691
2402.37 0.0715017 -1.38623 2309.7 -0.533058 1.63355 5031.78 4490.4 0.26497 0.0543991 0.577003 0.357999 718.198 1.06295 0.125243 5535.01 0.476497 2.74628 -0.0996691
1145.2 0.759618 2.92693 -1 -1 -1 -1 791.5 0.314903 -1 0.675448 -1 985.218 -0.222542 0.0255266 1292.19 0.792405 3.10639 0.0996691
1350.16 -0.556922 2.07136 1265.04 0.449315 -0.693286 2920.54 2881.41 0.372534 0.484266 0.564407 0.346301 768.109 1.81729 0.252238 3875.44 0.31285 2.73855 0.0996691
2387.9 0.633812 -1.1122 687.844 0.41363 1.97367 2601.3 2517.03 0.509391 0.589365 0.838289 0.695075 1747.19 1.97355 0.00971019 4180.41 0.560425 3.07243 0.0996691
2743.85 0.311479 1.27309 1223.08 -0.0830041 3.12294 3052.5 3004.99 0.316536 0.675649 0.482106 0.581928 2353.82 -1.76992 0.0389476 5599.12 0.627235 3.08245 0.0996691
1562.03 -0.200808 -2.77509 514.691 -0.159426 0.724304 1794.69 1787.81 0.113735 0.17759 0.618873 0.348796 1000.03 0.777183 0.0533018 2550.9 0.526991 2.78314 0.0996691
1060.74 -0.863481 -0.766275 340.301 -2.26248 0.305445 1147.03 1038.51 0.273354 0.723392 0.559579 0.739871 1034.4 2.63074 0.0617845 1592.36 0.656951 2.94644 0.0996691
1449.29 0.53328 -1.2179 361.859 1.32398 -0.237081 901.251 896.754 0 0.602455 -1 0.691493 1337.11 2.19534 0.0107381 2178.31 0.834155 2.85921 0.0996691
1160.01 -1.48351 0.110375 296.421 -1.14612 -1.59871 928.442 893.029 0.467956 0.684456 0.594712 0.599101 909.942 3.03899 0.193936 1637.19 0.9613 3.12182 0.0996691
1984.28 -1.10904 -2.22344 1306.83 0.512473 -0.0853848 4064.77 4004.89 0.6582 0.38295 0.703277 0.650817 1002.18 1.6827 0.105514 4008.24 0.528579 2.48534 0.0996691
2411.54 0.45678 3.01209 983.796 -0.248104 0.384224 3400.86 911.978 0.344918 0.525799 0.612335 0.732319 1765.83 -0.410347 0.00266945 3509.21 0.339821 3.12501 0.0996691
2760.55 0.0741949 -3.08235 1341.94 -0.701377 0.678126 4079.27 2886.42 0.428033 0.284669 0.679063 0.712213 1073.66 0.5113 0.188803 5522.51 0.743448 2.89451 0.0996691
1132.02 -0.34057 1.0656 531.556 0.477096 -1.55555 1679.99 1434.96 0.499795 0.329946 0.750151 0.84064 763.331 -2.27344 0.272261 1798.42 0.807378 3.06569 0.0996691
2432.41 -0.41279 -1.59844 1313.36 -0.0567176 1.76576 3636.13 3547.03 0.540438 0.515007 0.600432 0.479136 925.187 1.78596 0.0197427 5388.79 0.897346 3.07522 0.0996691
1123.44 0.206726 -1.00747 -1 -1 -1 -1 500.314 0.609865 -1 0.708777 -1 1050.26 2.22371 0.227019 1238.79 0.898325 2.81883 0.0996691
804.109 -1.38448 -3.13353 421.678 -1.04657 1.71463 915.398 471.528 0.47384 0.481266 0.535174 0.591493 744.423 -0.122495 0.0817758 1653.02 0.572023 3.02851 0.0996691
758.628 -1.16611 -3.00543 442.102 0.392226 2.61393 1113.35 901.861 0.527236 0.527145 0.81022 0.77043 1054.22 -0.0590571 0.135683 1196.77 0.869054 2.81625 0.0996691
2130.3 -0.291461 0.208535 969.088 0.224287 -2.69768 3036.18 2615.2 0.241926 0.802425 0.685249 0.816508 717.898 -2.33792 0.00734115 3991.18 0.865951 2.95305 0.0996691
1360.14 0.428192 -1.20008 305.803 0.615517 0.190291 860.851 802.09 0.204848 0.506036 0.587959 0.664299 1319.3 2.1322 0.0591834 1745.91 0.853998 3.01191 0.0996691
2269.82 0.303899 2.91008 1854.01 0.0371427 -0.856222 4088.38 2414.15 0.485139 0.120397 0.556607 0.789807 788.464 -0.579266 0.114548 5339.75 0.49901 2.67932 0.0996691
2285.2 -0.528335 -2.52476 1630.4 -1.0566 0.761718 4002.72 3971.96 0.173559 0.46294 0.745311 0.681978 1108.87 0.944182 0.183976 4674.81 0.181829 2.99814 0.0996691
1493 0.531532 1.12348 1365.74 -0.604677 -2.91229 3231.74 1498.65 0.534894 0.164792 0.602021 0.72004 1451.85 -2.73419 0.0556228 5033.56 0.90205 2.98895 0.0996691
1468.09 0.683127 2.55441 685.421 0.042059 -0.553692 2119.75 2082.24 0.640393 0.436232 0.650594 0.19736 649.358 -0.798783 0.237533 2330.89 0.376609 3.11762 0.0996691
2120.22 -0.649494 -3.02383 1054.97 -0.444546 0.175851 3053.02 2879.72 0.330691 0.525374 0.63145 0.489519 723.663 0.694707 0.104063 4125.1 0.891243 2.49901 0.0996691
1099.81 -0.12318 1.17614 897.692 2.09662 -0.416572 3054.41 2956.96 0.785592 0.801163 0.763906 0.698165 1076.64 -2.23753 0.0998402 2646.8 0.815341 2.77406 0.0996691
821.2 -0.303451 -0.409176 -1 -1 -1 -1 570.844 0.45973 -1 0.482736 -1 825.017 2.63785 1.04622 1116.84 0.82236 1.99473 0.0996691
2271.81 0.4356 0.95828 1332.25 -1.09207 -1.14396 4209.57 4184.5 0.740047 0.734712 0.458987 0.835505 1095.85 3.13914 0.025347 4650.04 0.885778 2.15679 -0.0996691
1648.17 -0.65927 -1.02856 1207.83 -0.436654 1.17526 2590.16 2433.75 0.532218 0.513227 0.56441 0.565368 739.397 3.12936 0.102405 4099.79 0.769947 2.98579 -0.0996691
2798.73 0.844064 2.92569 860.466 -0.323026 1.6528 2707.65 2620.4 0.256416 0.554197 0.740132 0.749111 1810.3 -0.61369 0.0847214 5085.62 0.630815 2.66107 0.0996691
1821.37 0.183139 2.54317 340.817 0.130159 -0.695566 1757.23 636.176 0.0833029 0.63964 0.775895 0.717504 1506.83 -0.640505 0.00382215 2293.17 0.485081 3.10079 0.0996691
1884.4 0.0528007 -1.93537 1250.46 0.789511 1.45365 3300.58 3162.84 0.525675 0.704318 0.588484 0.689143 1103.05 0.516375 0.885467 4134.62 0.865243 1.58095 0.0996691
3150.6 -0.138826 0.432591 1475.63 1.23829 -2.66876 5381.11 5362.4 0.0246853 0.436151 0.378873 0.675272 1084.1 -2.4379 0.229825 5314.04 0.366216 3.10032 0.0996691
1435.32 -0.0556041 1.87036 314.266 0.901689 -1.41322 1609.34 481.897 0.118698 0.609394 0.780787 0.518625 1028.05 -1.21565 0.230876 1827.12 0.59034 2.9047 0.0996691
2371.88 0.333421 0.413842 1120.29 0.508173 -2.24697 3217.98 3053.77 0.597826 0.599281 0.688869 0.799666 1831.86 -2.51402 0.102582 4401.34 0.962022 2.82371 -0.0996691
1642.53 0.058531 -0.489988 276.456 1.28833 -1.71184 1265.84 1115.4 0.200216 0.252152 0.512535 0.674863 1479.82 2.49283 0.0202887 2219.61 0.797111 2.95212 0.0996691
1550.49 0.0226156 -1.21465 680.803 1.98093 0.568105 2881.93 2476.22 0.14199 0.467577 0.644316 0.754999 1508.53 2.36789 0.0384314 2336.41 0.940247 2.73916 0.0996691
1598.62 -0.270454 1.03684 569.147 0.147703 -1.99331 1998.15 1533.63 0.525172 0.177367 0.605135 0.337028 1014.57 -2.17542 0.0352073 2186.83 0.632316 3.03572 0.0996691
1202.97 -0.0314676 2.96095 1083.38 -0.690585 -1.20621 2145.53 2092.59 0.593238 0.315244 0.614116 0.395886 1083.2 0.707813 0.0689765 2941.28 0.728418 3.12112 -0.0996691
2572.34 0.129527 -1.68246 2076.93 0.47684 0.661242 4351.18 4265.76 0.439063 0.477725 0.768441 0.601467 865.904 1.82821 0.0922976 5909.4 0.982283 2.68658 0.0996691
2133.11 0.973207 2.9493 1633.93 0.12839 0.930052 3818.26 2213.98 0.163507 0.408732 0.204832 0.8054 1206.7 -0.972005 0.0769721 4635.89 0.377542 2.39185 0.0996691
1221.39 0.642965 1.94673 931.506 0.187369 -2.52783 1783.34 1633.9 0.60978 0.61687 0.713007 0.515558 657.829 -0.995444 0.21336 3964.32 0.150753 3.10416 -0.0996691
1673.91 0.375839 -2.6982 1054.69 0.927547 0.472555 2876.65 2390.04 0.0816688 0.680442 0.792251 0.4342 629.099 0.533627 0.0590736 3024.42 0.130491 2.98588 0.0996691
1563.86 0.301221 -3.03931 900.275 0.80787 -0.907308 2191.57 2146.58 0.501288 0.501007 0.467624 0.752666 1592.8 1.07204 1.97926 2997.35 0.962598 1.24065 -0.0996691
1390.58 -0.756781 -2.24099 1126.92 1.08374 -3.01244 2861.47 2892.84 0.77663 0.472106 0.684733 0.834827 873.24 0.856072 0.0739108 4344.37 0.1407 3.10924 0.0996691
2489.23 -0.636363 0.4799 1754.82 0.303722 2.80286 4431.44 3799.64 0.104904 0.423098 0.787375 0.524906 761.972 -2.11711 0.400798 5543.8 0.792077 3.08632 0.0996691
1702.22 -1.02076 0.76576 899.197 -1.55424 -0.846675 1928.2 1860.36 0.356711 0.781881 0.887836 0.718353 1265.79 3.13179 0.295039 3332.65 0.259581 2.68846 0.0996691
1609.38 -0.0739464 -0.785524 1313.49 -0.328678 2.00133 2919.8 2795.93 0.119297 0.564521 0.582647 0.717002 1251.84 2.89264 0.868466 3633.25 0.35324 2.62745 0.0996691
1435.42 0.0863616 0.796294 -1 -1 -1 -1 921.36 0.624019 -1 0.692016 -1 1233.76 -2.35223 0.0302713 1595 0.826252 3.10219 0.0996691
1776.57 -0.186626 0.148448 889.853 -1.27451 -2.12022 2718.59 2613.75 0.472966 0.553202 0.81062 0.550123 834.641 2.90377 0.0507114 3426.16 0.977429 2.70347 0.0996691
1299.8 0.0668088 0.68581 327.665 0.45953 -2.47463 1500.19 298.736 0.506269 0.676484 0.226311 0.688552 1009.39 -2.26614 0.203105 1782.12 0.253074 2.88944 0.0996691
1985.6 0.339962 -2.54898 1532.28 0.457857 1.14287 3442.56 3061.52 0.45309 0.651401 0.64167 0.805879 963.162 0.739066 0.400743 4976.58 0.247895 2.64677 -0.0996691
1726.49 -0.57201 1.56878 697.965 0.635445 -0.113793 2176.43 2085.88 0.662904 0.454192 0.632822 0.808454 1496.99 -2.00063 0.447157 2823.62 0.812842 2.86657 0.0996691
565.028 -0.132437 -1.6504 276.23 2.0492 -2.65056 1131.41 978.471 0.451184 0.62337 0.826777 0.753089 780.248 1.16189 1.55362 837.479 0.97523 1.24282 0.0996691
1459.07 1.0458 -2.65316 1131.57 1.46821 1.17787 2512.6 2465.71 0.641445 0.631263 0.80136 0.675055 625.396 -0.0990337 0.0804546 3204.9 0.625695 2.47502 0.0996691
2013.95 -0.225288 1.83438 1331.56 0.316185 -3.01251 2346.72 2327.38 0.0265604 0.479926 0.326433 0.495086 1441.15 -0.9071 0.0845497 4582.06 0.793134 2.82596 0.0996691
1841.55 -0.203596 1.34988 1088.65 -0.249598 -1.90105 2926.71 2427.39 0.347317 0.424667 0.707333 0.567925 683.381 -1.89079 0.0100849 3086.16 0.111799 3.03445 0.0996691
2815.64 -0.338218 -1.34555 1077.53 -0.154475 0.847729 3147.34 3068.69 0.549173 0.469564 0.614775 0.465345 756.193 2.24689 0.0338237 5447.05 0.769308 2.7342 0.0996691
1850.66 -0.563099 1.99824 1787.63 -0.519372 -0.677234 3549.59 3533.5 0.296132 0.530547 0.413498 0.171413 1249.65 -0.591234 0.0859863 5521.75 0.437579 3.13921 0.0996691
1041.61 0.653253 2.91967 983.251 -0.847299 -2.13685 2082.69 1715 0.0970071 0.601594 0.683895 0.642847 1403.98 0.360595 0.105615 3299.61 0.158358 3.11257 0.0996691
1403.13 0.62555 -2.54261 459.494 1.36938 2.86459 954.988 874.532 0.265599 0.557198 0.654294 0.461257 1186.43 0.428193 0.017621 2308.7 0.691574 2.95181 0.0996691
899.37 0.648238 -0.441255 300.808 -0.622957 2.20133 1296.78 1881.03 0.270192 0.425488 0.390477 0.764512 690.7 -2.92413 1.09849 1530.39 0.652783 2.21107 -0.0996691
1968.01 -0.695451 0.378561 1908.75 0.336219 -2.34306 4378.31 2830.46 0.519363 0.174444 0.759433 0.724001 1055.98 -2.44702 0.0542822 5064.49 0.399893 2.77208 -0.0996691
1320.26 -0.32015 -1.92009 -1 -1 -1 -1 1072.33 0.41553 -1 0.682129 -1 1158.69 1.23115 0.239962 1596.39 0.733617 2.94049 0.0996691
2836.04 0.0979972 -0.084896 1114.08 0.573056 3.07302 3990.4 3121.49 0.247368 0.664646 0.420098 0.654923 1893.31 3.13272 0.0494549 4531.39 0.926914 2.9218 -0.0996691
1441.61 0.301507 2.29114 618.046 0.35746 -0.759486 1905.83 1845.16 0.650157 0.661295 0.632062 0.602518 846.458 -0.881778 0.122082 2035.32 0.411805 3.04998 0.0996691
2272.3 0.107224 -0.826799 2244.13 0.0274833 2.30553 4778.66 3776.9 0.312538 0.421521 0.444923 0.661296 791.96 -2.55528 0.206119 6275.88 0.317727 2.92833 -0.0996691
728.724 -1.12609 0.27275 -1 -1 -1 -1 383.865 0.468874 -1 0.633253 -1 691.212 -2.84944 0.00231862 764.282 0.882713 3.1154 0.0996691
2321.45 0.300196 -3.07604 1599.07 -0.138751 -0.832229 3681.61 2736.45 0.112212 0.0908006 0.650499 0.632237 890.96 0.84692 0.00666571 4831.16 0.551483 2.35447 0.0996691
1402.86 0.55341 -2.64578 666.432 0.637474 -0.928494 1538.08 1337.44 0.240949 0.326174 0.208108 0.672281 1227.44 0.890369 0.0922961 2264.84 0.867538 2.83933 0.0996691
2171.92 0.478233 -3.0319 646.752 -0.979226 2.36225 2442.39 2107.26 0.132082 0.169685 0.76017 0.762469 1337.06 -0.215225 0.213677 4317.77 0.59571 2.75563 -0.0996691
2734.39 -0.0701027 -2.91961 1509.71 0.119703 -0.530836 3864.41 3814.42 0.084728 0.677512 0.776845 0.567529 1922.08 0.726379 0.0758195 4266.26 0.958411 2.55754 0.0996691
3343.98 0.0741896 1.64866 1539.54 0.514319 -1.44189 4740.74 4109.44 0.481625 0.457693 0.696667 0.861647 1444.16 -1.35279 0.0531025 5353.64 0.463582 3.04174 0.0996691
2907.06 -0.195346 -1.03096 1291.66 1.45021 2.55999 5200.97 5153.62 0.624504 0.622028 0.635773 0.616883 1163.4 2.50869 0.0410366 5797.61 0.440611 2.70209 0.0996691
1623.23 0.840148 -1.35104 1153.83 -0.625368 0.654573 3232.63 2881.35 0.671819 0.629214 0.65221 0.681446 825.362 2.55363 0.164448 3445.1 0.851972 2.28206 -0.0996691
748.896 -0.877057 -0.809281 272.91 1.5646 2.40013 1670.02 1603.65 0.400786 0.467242 0.531391 0.707111 622.82 2.36712 0.0410435 1128.06 0.48607 3.06574 0.0996691
1864.45 -1.3144 3.13114 1639.31 0.71543 -1.43311 5139.64 3957.05 0.561344 0.277414 0.537621 0.699438 616.647 0.828402 0.0145455 5130.01 0.970892 2.947 0.0996691
1655.9 0.641013 -1.76548 1218.99 -0.246658 2.72794 2578.6 2556.66 0.179597 0.584621 0.596934 0.520439 998.686 1.26743 0.287815 4025.48 0.963227 2.74454 0.0996691
1557.25 0.945115 1.16926 1547.91 0.267827 -2.55142 3280.62 1786 0.529791 0.530165 0.696053 0.488391 778.275 0.727811 0.175562 4230.52 0.528562 2.81665 0.0996691
2483.64 1.10208 1.09052 1645.71 0.230009 -2.06207 4759.79 2879.69 0.0308594 0.519577 0.615087 0.761705 869.214 -2.122 0.0462005 4425.67 0.777521 2.68761 0.0996691
3091.54 0.335738 1.37474 1819.79 0.995948 -2.00528 4985.59 4946.32 0.421827 0.230998 0.668177 0.571509 663.429 -0.996207 0.00207293 5720.6 0.907829 2.37339 0.0996691
757.591 -0.00576793 2.56355 -1 -1 -1 -1 639.374 0.577006 -1 0.723186 -1 648.846 -0.638221 0.0767069 852.164 0.731691 3.13007 0.0996691
2094.32 0.488047 0.567075 617.468 0.380242 -2.6405 2288.31 2264.82 0.492433 0.5346 0.59574 0.666372 1199.43 -2.66181 0.0201972 3716.1 0.546196 3.07745 0.0996691
746.794 -1.48031 -1.41049 585.921 1.69006 -1.82657 3128.34 2849.54 0.418443 0.12696 0.691776 0.787759 927.148 1.77246 0.0283113 2525.11 0.0676888 3.03428 -0.0996691
1274.22 -0.238858 -1.00056 373.115 -1.54569 1.58269 1654.87 1617.56 0.441129 0.565304 0.70462 0.769454 951.59 2.33764 0.757012 1618.73 0.597253 2.58732 0.0996691
1692.48 -0.0457688 -2.16188 1507.58 0.497584 -0.442772 2595.58 2543.03 0.104746 0.274521 0.489176 0.626062 745.225 2.25141 0.0215147 4858.94 0.527451 2.72478 0.0996691
1829.15 0.0845437 -0.334113 1088.13 -0.844602 1.11214 2321.56 2313.72 0.258774 0.335364 0.304853 0.24399 2334.44 2.99736 0.0289559 3794.12 0.864548 2.92289 0.0996691
1793.97 0.622815 2.16774 1321.15 -1.21471 3.04687 3547.36 2998.28 0.407317 0.133939 0.696313 0.606716 2542.91 -0.603195 0.0697472 3444.92 0.290126 2.70039 -0.0996691
2095.19 -0.101349 -2.02672 1135.16 -0.397086 1.93653 2876.54 2860.95 0.752733 0.3442 0.529498 0.556812 1407.94 0.492182 0.493896 3565.61 0.507704 2.09044 -0.0996691
2359.8 0.642596 -2.66921 2007.42 0.0231484 0.987369 4572.37 4058.01 0.51087 0.303459 0.476153 0.538323 675.291 -0.54802 0.0965661 4948.09 0.788533 2.86772 0.0996691
2040.86 0.0799572 -0.633985 671.417 -0.441475 2.17008 2435.84 2409.58 0.49439 0.595044 0.508498 0.652131 1047.78 2.44152 0.267823 3330.35 0.528204 2.80871 -0.0996691
2394.26 -0.358648 -0.888912 1267.58 -1.36253 2.48941 3925.49 3882.66 0.667914 0.485505 0.779206 0.705153 628.111 1.23502 0.740532 4461.46 0.671187 1.73327 0.0996691
1245.15 1.16373 1.63217 546.624 -0.272209 -1.53113 2112.19 2026.01 0.613241 0.659691 0.613237 0.713224 661.23 -1.38835 0.160347 1844.06 0.421216 3.10314 0.0996691
2552.51 -0.030219 -0.250594 2491.03 -0.237298 -2.73622 4934.68 3998.2 0.0219445 0.360909 0.517679 0.767072 887.922 1.69344 0.0525407 5759.3 0.86205 1.99634 0.0996691
1113.19 -1.21879 -0.854019 444.453 0.620894 2.3801 2064.9 1962.46 0.37883 0.436777 0.647325 0.531795 669.616 2.27612 0.104174 1566.32 0.404468 2.99751 0.0996691
2332.45 0.420315 1.7742 1088.61 -0.894534 -0.563128 3907.27 3299.26 0.114713 0.37609 0.378864 0.646109 1623.22 -1.8782 0.0854294 3860.22 0.801377 2.67883 -0.0996691
1727.25 -1.16546 -2.53685 1304.7 -0.667497 0.776379 3148.51 2928.84 0.427642 0.304483 0.78377 0.709008 617.834 0.260299 0.0469759 3185.61 0.873723 2.75243 0.0996691
1304.54 0.398525 -0.594377 -1 -1 -1 -1 546.013 0.458333 -1 0.34013 -1 1071.95 2.56923 0.153476 1692.52 0.705791 2.81161 0.0996691
824.619 -1.24916 -2.17469 822.273 1.84979 -2.49171 3731.07 3032.18 0.450635 0.202942 0.525738 0.518859 1696.55 0.501304 0.131064 2225.93 0.874981 3.05205 0.0996691
1694.63 -0.290032 0.437319 733.696 1.31909 -2.72022 2999.12 2967.79 0.348603 0.179737 0.634018 0.522245 974.219 2.94667 0.136547 3267.67 0.817959 2.3728 0.0996691
2490.77 -0.182307 -0.777333 908.284 0.121589 0.211901 1519.31 1512.98 0.124426 0.509574 0.603791 0.437211 1739.28 2.82564 0.000966072 4966.85 0.572595 2.67899 0.0996691
1861.72 0.661351 3.09943 1577 0.115216 -0.498855 3596.52 1569.23 0.396497 0.508414 0.658301 0.620216 677.155 -2.82433 0.007967 5159.41 0.692601 3.04475 0.0996691
1462.63 1.07126 -3.07974 694.18 -0.544371 0.773806 2711.77 2299.69 0.0361778 0.304559 0.454279 0.819667 826.241 -0.306518 0.61892 2526.75 0.337772 2.68567 0.0996691
1676.82 -1.0175 -2.17828 1373.94 -0.718744 0.769585 3105.8 2998.06 0.568144 0.5808 0.3779 0.7804 805.144 0.661504 0.110617 4657.25 0.295007 3.11684 0.0996691
2914.56 0.237251 -1.12345 1764.26 -0.417035 2.15558 4815.79 4767.1 0.0686871 0.164432 0.829469 0.666739 837.105 1.81281 0.0203813 4993.7 0.781429 2.91661 -0.0996691
2643.27 -0.800568 -1.29709 2553.44 0.546082 2.33962 6337.2 6199.14 0.250276 0.633701 0.635494 0.638976 855.199 0.895365 0.0800555 6103.49 0.849719 2.55547 0.0996691
1727.21 0.241376 -2.77173 1439.17 0.179228 -0.337275 3019.05 2734.49 0.0375764 0.351351 0 0.764563 781.842 0.333996 0.548339 4600.32 0.341241 2.55739 0.0996691
1677.29 -0.0951987 -2.54337 1370.35 0.671945 -0.310234 2985.21 2970.04 0.295646 0.259656 0.477665 0.558387 1064.34 2.0953 0.0295441 4933.01 0.406938 2.43311 0.0996691
1408.4 0.217728 2.274 1008.37 1.52016 1.94183 1725.95 1692.7 0.733031 0.0665285 0.57375 0.337787 600.582 -1.34111 0.327779 4206.6 0.0963648 2.95904 0.0996691
2080.3 -0.0196481 0.0342751 906.618 -0.231663 2.74815 2785.38 2568.88 0.259272 0.0734785 0.807814 0.784093 1425.17 -2.73631 0.0175297 4599.52 0.0757934 3.09418 0.0996691
2659.58 0.361109 -0.477053 1660.44 0.760573 -2.92773 4059.75 4001.31 0.222087 0.715222 0.587251 0.734615 691.718 2.62874 0.0709367 5505.27 0.195509 3.09288 0.0996691
2495.2 -0.419277 -0.856016 1472.68 -0.120436 1.44646 3778.5 2976.93 0.114429 0.353172 0.561232 0.562718 751.57 2.91392 0.00573111 5288.67 0.0937625 2.96584 0.0996691
2116.65 0.440534 -3.05485 1103.34 0.852729 0.758498 2976.34 2963.26 0.616 0.12354 0.465962 0.423583 942.343 -0.293781 0.0480161 3818.17 0.741604 2.71067 0.0996691
1050.79 -0.348136 -0.497852 -1 -1 -1 -1 1776.85 0.646167 -1 0.595711 -1 865.945 2.78405 0.0722368 1357.67 0.908273 3.07284 0.0996691
1634.6 0.420929 1.89597 826.789 0.00861261 -1.26431 2397.12 2345.26 0.181623 0.74938 0.616215 0.731651 719.585 -1.28456 0.0143225 2529.72 0.339586 3.11586 0.0996691
1653.06 0.191987 1.4782 1269.39 0.689056 -2.13657 2933.8 2871.41 0.422906 0.0989998 0.560517 0.692765 745.871 -0.248064 0.247069 4955.07 0.19898 2.82304 -0.0996691
731.741 0.302983 2.18902 -1 -1 -1 -1 134.236 0.577925 -1 0.581895 -1 681.973 -0.957351 0.0828974 753.66 0.897899 3.08283 0.0996691
3259.14 0.0239217 2.40557 1791.86 -0.017802 -0.773704 5124.76 4443.13 0.107983 0.692317 0.434138 0.687957 1630.92 -0.80362 0.0280772 5455.41 0.2279 3.02324 0.0996691
1390.77 0.059197 1.00836 349.337 -0.0877844 -2.29909 1419.53 1313.43 0.746284 0.710734 0.761448 0.707408 1059.79 -2.22869 0.0353897 1811.21 0.623061 3.01124 0.0996691
1745.29 0.146146 -3.03668 1741.6 0.421593 0.356882 3535.2 3375.73 0.670678 0.674914 0.887925 0.720674 612.61 0.615062 0.0782197 4892.76 0.433688 2.99195 -0.0996691
1591.23 -0.919381 1.05371 821.256 -1.28365 -1.65621 2342.77 1999.46 0.44391 0.308791 0.831047 0.68162 1226.93 -2.34338 0.0410087 2787.54 0.620624 3.05443 0.0996691
1424.02 0.139349 0.0702379 1362.05 -0.553327 1.48489 2088.28 2015.97 0.548522 0.507128 0.714195 0.684845 887.916 -1.97564 0.485064 4133.8 0.391378 2.34302 -0.0996691
1613.7 0.337272 0.730401 789.775 -1.09395 -0.81772 2375.74 2348.77 0.349701 0.315096 0.561373 0.383254 1687.47 -2.92742 0.873445 2507.83 0.856854 2.77918 0.0996691
1105.18 -0.354759 0.521181 620.119 -0.515425 -1.56724 1451.13 1420.77 0.77441 0.369306 0.666111 0.688706 753.485 -2.94328 0.775334 2093.61 0.726329 2.04545 0.0996691
1369.4 -1.26736 -1.75152 799.862 0.185798 1.41454 2736.1 2465.49 0.51648 0.63992 0.576452 0.901146 601.577 1.61315 0.204473 2323.02 0.222299 3.00547 0.0996691
1915.23 0.801312 -2.77183 1758.38 0.523069 -0.874913 3049.71 3027.75 0.0311606 0.382113 0.500862 0.640976 769.983 1.50292 0.0361178 5104.41 0.643047 2.33689 0.0996691
3091.84 0.627285 1.83606 1928.04 0.246607 -2.29448 4410.14 4366.28 0.41955 0.405181 0 0.760039 2080.73 -0.783717 0.595266 5657.74 0.784931 2.02434 0.0996691
2269.99 -0.889794 -1.44057 1476.29 -0.709549 2.05067 3709.82 3051.53 0.143708 0.701809 0.666716 0.602368 821.114 1.36184 0.086362 4145.45 0.547023 3.08444 0.0996691
1385.12 0.398558 0.157209 410.781 0.364334 -3.08725 1523.83 1504.3 0.462621 0.536762 0.668768 0.389692 1010.39 -2.93509 0.152329 1780.1 0.543028 3.0351 0.0996691
547.641 -2.09648 -0.484255 547.333 1.09809 -1.67699 2669.37 2608.54 0.5681 0.341116 0.710725 0.309287 792.409 2.26799 0.0376797 1832.87 0.817727 2.94353 0.0996691
2455.95 -0.91852 -0.456955 1375.67 -0.364887 -2.64676 3639.33 1958.59 0.569604 0.716094 0.372362 0.7785 1121.73 1.98456 0.0420504 4725.64 0.800265 2.60119 -0.0996691
1329.5 0.664353 -0.55994 875.433 1.36723 1.99347 2226.23 2185.42 0.406272 0.586408 0.817883 0.727887 761.214 -3.0743 1.21678 2169.67 0.345373 2.55546 0.0996691
1916.21 -0.171684 1.24643 906.07 0.151604 -2.15999 2656.84 2628.11 0.366515 0.634839 0.153792 0.70779 842.556 -1.73126 0.315343 3096.74 0.775888 2.66215 0.0996691
1880.41 0.107726 -0.133483 1215.05 -0.347591 -1.75361 2453.62 2186.04 0.412268 0.663591 0.564004 0.46593 2299.52 2.51274 0.484979 3542.23 0.825053 2.51049 -0.0996691
1563.5 0.277858 -1.97835 397.248 -0.303365 0.976361 1655.49 1557.84 0.820744 0.609642 0.44771 0.505936 1176.85 1.20137 0.270587 1943.82 0.626 2.90645 0.0996691
1459.01 -0.00538639 -2.29931 1270.32 -0.951362 2.39799 2392.31 2337.1 0.457397 0.458842 0.22979 0.845341 998.787 0.127987 0.0383169 3572.12 0.450918 2.38563 -0.0996691
1857.72 -0.630732 1.08183 1008.46 -0.183351 -2.01102 2823.28 2790.85 0.505036 0.648597 0.554595 0.656752 852.754 -2.06985 0.0593886 2844.21 0.303111 3.09079 0.0996691
1401.8 -0.184126 2.72338 307.978 -0.768848 -0.50728 1396.15 1324 0.71819 0.408593 0.625225 0.403215 847.807 -0.590798 0.0356352 2067.25 0.636619 3.12869 0.0996691
1536.86 -0.0735159 2.60417 734.795 -0.173731 0.836844 1655.32 1637.09 0.629085 0.520089 0.512125 0.422205 1383.37 -1.0112 0.0644451 2458.83 0.786139 2.60457 0.0996691
670.473 0.958954 -0.291091 613.133 0.296288 0.719111 870.7 420.164 0.473836 0.476895 0.199539 0.809485 793.508 -2.69023 0.127025 1809.36 0.358846 2.89036 0.0996691
1755.19 0.929312 -2.13991 1535.46 -0.188993 1.43094 3770.72 3720.87 0.143789 0.707136 0.541383 0.718607 854.323 1.44083 0.0132844 4398.75 0.224464 2.71484 0.0996691
1389.75 0.198475 2.73521 506.735 1.95393 -0.580924 2390.96 2341.47 0.281279 0.391377 0.424637 0.726195 900.713 -0.704245 0.0545239 2313.72 0.939309 2.78956 0.0996691
2769.38 0.120426 -2.53166 1991.61 -0.657607 1.45367 4718.42 4614.76 0.27934 0.290091 0.370729 0.741991 1210.8 -0.456427 0.0125589 5863.35 0.797747 2.62205 0.0996691
1704.14 -0.618136 -0.582963 1367.79 -0.0863575 2.02514 3192.87 2498.23 0.499426 0.201311 0.794713 0.585484 1103.47 2.49974 0.0382669 4112.98 0.579413 3.13647 -0.0996691
1526.56 0.87626 1.0154 611.859 0.580544 -2.90566 1872.22 1737.16 0.515445 0.730464 0.407716 0.719649 1131.72 -1.71319 0.371625 2159.65 0.947556 3.11363 0.0996691
1365.01 -0.360767 -0.019612 836.3 1.46043 1.25548 2576.73 2540 0.409753 0.736083 0.678274 0.749445 1337.04 -2.78325 0.230736 2802.56 0.555215 2.99913 0.0996691
1085.65 1.42116 -0.930331 955.353 0.43495 -0.595731 1131.16 1077.38 0.63758 0.460356 0.420185 0.616913 1973.48 2.2463 0.110639 2830.35 0.882562 2.99549 0.0996691
1905.06 -0.46228 -1.2746 1529.48 0.154667 1.60749 3628.8 3133.28 0.169663 0.546667 0.608075 0.72783 1115.53 1.57121 0.0597287 4384.85 0.279433 2.78432 -0.0996691
1286.62 0.418449 2.44913 375.903 -0.457873 -0.606663 1583.55 1436.07 0.404295 0.639632 0.291048 0.572293 940.851 -0.785758 0.162249 1693.8 0.532961 2.99301 0.0996691
1896.88 -0.396133 2.43451 1016.46 1.68572 -1.82005 4203.68 4144.06 0.301934 0.155154 0.419879 0.785038 1716.87 -0.111223 0.122164 2983.52 0.485458 2.50179 0.0996691
2196.91 1.07789 1.58557 1218.58 0.67177 -1.8149 3397.87 2987.9 0.641202 0.245027 0.673494 0.709344 1602.45 -1.73981 0.0281142 4229.59 0.842057 2.9875 -0.0996691
1550.64 -1.08092 2.6087 1447.63 -1.14478 -0.0490489 2926.45 2883.27 0.40904 0.682887 0.3219 0.716539 1106.28 -1.27156 0.0662103 4342.11 0.414907 2.7397 -0.0996691
1160.39 -1.3117 2.88554 1132.26 0.250333 0.498006 2926.07 2882.91 0.364846 0.821651 0.58299 0.74339 654.386 -1.27522 0.0714182 3602.43 0.174899 2.97681 0.0996691
1296.54 -1.21771 -2.1183 551.521 -0.0290389 1.28316 2030.82 1813.32 0.416564 0.442478 0.559639 0.625567 688.663 1.13255 0.17953 2083.03 0.395235 2.91487 0.0996691
1211.7 -0.647129 2.44745 288.297 1.3901 -0.145741 1828.97 1775.05 0.549284 0.784978 0.537954 0.775919 814.667 -0.835437 0.468659 1756.62 0.81999 2.53035 0.0996691
2629.02 0.0712208 2.19869 1441.19 -1.13229 -1.28719 4595.32 4442.5 0.324686 0.346077 0.76204 0.573516 811.948 -1.10268 0.156309 5403.72 0.709282 2.82442 0.0996691
3362.5 -0.0034429 1.03539 514.664 -0.563916 -2.83981 2913.45 1048.2 0.196698 0.288138 0.523833 0.721832 2648.19 -1.99584 0.0831672 4333.43 0.921945 2.96834 -0.0996691
1825.8 0.224358 2.12009 1359.85 -0.819095 -2.02524 3283.81 3226.95 0.517047 0.415941 0.341451 0.46794 638.174 0.196149 0.125937 4135.1 0.822797 2.34847 -0.0996691
3292.84 0.808945 -0.200282 1980.49 -0.426743 -2.52754 5780.47 5724.3 0.707245 0.342632 0.502263 0.381609 811.556 2.24299 0.134136 6992.34 0.594429 2.31018 0.0996691
2121.85 0.172628 2.90069 1179.8 0.191359 -0.970675 3221.85 2207.76 0.202628 0.703038 0.601173 0.84186 1161.13 0.491464 0.119405 4536.78 0.327134 2.64226 0.0996691
1342.05 -0.191855 -1.54069 627.722 -0.413735 -2.85751 1148.11 1140.63 0.589083 0.318224 0.467401 0.668389 1010.64 1.20269 0.146667 2513.23 0.433085 2.88983 0.0996691
2124.38 -0.172639 -3.04455 1033.73 -1.21264 -0.807601 3153.28 2945.92 0.420296 0.699979 0.604984 0.756295 652.954 0.653796 0.0382333 4124.27 0.690116 2.63291 -0.0996691
2417.22 -0.043121 0.970749 2300.08 0.359434 -2.70383 4907.43 3540.4 0.720493 0.146467 0.7229 0.529602 1203.32 -1.00298 0.142205 4832.6 0.435821 2.65118 -0.0996691
2293.58 0.865434 1.79817 2088.48 -0.181441 -2.21926 4713.49 3685.78 0.122398 0.540777 0.621298 0.662604 1661.76 -0.30867 0.019143 4500.63 0.887031 2.2506 0.0996691
1894.82 0.602075 -1.06854 1196.31 0.903346 2.07484 3080.98 2872.32 0.415545 0.552921 0.60992 0.683822 700.802 1.97681 0.128562 3080.92 0.28737 3.10943 0.0996691
1172.03 0.206355 1.55306 915.032 -0.346331 2.87223 1422.22 1357.75 0.464042 0.633352 0.691713 0.685768 1518.99 -1.14456 0.0232378 2269.39 0.866271 2.67266 -0.0996691
1252.51 -0.719076 2.46807 756.766 0.279565 -0.24371 2174.18 2108.29 0.598342 0.619792 0.7266 0.604873 612.835 -0.466594 0.213819 2291.06 0.336567 2.72036 0.0996691
879.201 -0.541754 1.25759 -1 -1 -1 -1 368.082 0.206347 -1 0.849905 -1 699.463 -1.79664 4.05312e-05 1055.98 0.818339 3.02824 0.0996691
1993.09 0.551233 1.73372 1787.02 0.240162 -0.394716 3399.8 3387.69 0.199329 0.223591 0.599797 0.186541 773.559 -0.502171 0.108334 6494.16 0.22675 3.03205 0.0996691
1601.58 -0.169128 -0.966455 420.046 -0.757453 1.25107 1571.92 1496.38 0.673636 0.745465 0.504495 0.517761 1160.89 2.40882 0.0766447 2207.98 0.763055 2.83779 0.0996691
1424.77 0.128395 2.73341 516.28 2.60746 -0.245001 3244.54 3138.76 0.65967 0.747967 0.659173 0.532444 911.35 -0.719172 0.0642639 2867.68 0.699427 2.76205 0.0996691
1280.05 0.0443377 -3.01355 1182 -1.34068 0.701853 3047.44 2809.47 0.689089 0.784836 0.631827 0.776563 1079.89 -0.0318966 0.0480963 3906.13 0.528922 3.07419 0.0996691
2250.21 -0.555494 0.854713 1388.24 1.65865 -1.52746 5799.6 5627.64 0.61189 0.646813 0.497849 0.76822 1045.63 2.78599 0.0185232 4674.46 0.614635 2.00887 0.0996691
2059.35 -0.125773 -3.01572 1002.91 1.39316 -0.904009 3486.33 3319.29 0.24392 0.344478 0.736991 0.633335 1214.32 0.967512 0.0634767 4086.62 0.742348 2.95453 0.0996691
1269.19 1.43877 2.89023 486.169 0.0785656 -0.247958 2019.02 1666.64 0.599373 0.75534 0.397378 0.691253 813.372 -0.229995 0.0163462 1784.94 0.371674 3.01157 0.0996691
730.228 1.51794 1.5913 -1 -1 -1 -1 434.799 0.315325 -1 0.377235 -1 614.658 -1.54245 0.0625918 819.168 0.837674 3.08805 0.0996691
1584.76 -0.63405 0.383683 1098.21 0.269106 -2.9297 2918.3 2891.5 0.252888 0.202215 0.800826 0.647284 1379.21 -2.41531 0.517656 3471.96 0.249805 2.73015 0.0996691
812.332 -0.0825206 -2.29599 -1 -1 -1 -1 314.837 0 -1 -1 -1 721.209 0.809156 0.254057 843.178 0.928427 2.85109 0.0996691
1613.79 -0.0771488 -1.30821 532.772 0.295527 2.22075 1871.37 1793.82 0.558104 0.72019 0.805089 0.703148 1181.44 1.68516 0.529025 2114.13 0.541068 2.76619 0.0996691
1635.34 -0.705045 -1.03843 532.072 -0.660546 2.21144 1953.93 1407.71 0.767447 0.273852 0.548346 0.795769 1076.45 2.10757 0.0919108 2138.7 0.751261 3.04795 0.0996691
1373.89 0.84382 -0.491358 545.357 -0.235906 -1.9722 1586.47 1447.4 0.695235 0.567967 0.904853 0.603516 1088.65 2.33934 0.127762 2294.91 0.82268 2.88337 0.0996691
2313.68 -0.317105 0.196241 2204.59 0.065966 -2.10974 4228.83 4187.44 0.344576 0.658485 0.747067 0.535317 1053.03 2.07608 0.116002 5111.02 0.88483 2.21633 -0.0996691
1964.01 -0.490661 -2.52484 954.22 0.463356 0.210423 3016.63 2987.35 0.539583 0.362288 0.201711 0.696937 626.058 0.934969 0.0450358 3418.25 0.603843 2.77775 0.0996691
1828.05 0.916639 -2.35162 596.573 -0.575269 -0.763225 2278.85 2169 0.698385 0.677159 0.691577 0.700139 1630.2 1.29361 0.038448 2924.53 0.853385 2.60022 0.0996691
2073.1 0.775876 -0.237076 1760.07 -0.899986 -2.46161 5015.02 4306.04 0.0958027 0.551777 0.345887 0.671493 1660.41 1.97133 0.0299217 3923.07 0.880784 2.54587 0.0996691
2091.96 -0.0165599 2.41973 1261.59 1.00577 0.32637 3311.76 3280.99 0.724595 0.537263 0.637241 0.725991 995.121 -1.1728 0.111122 4064.49 0.971542 2.57967 0.0996691
3313.23 -0.0855223 2.00564 2838.29 -0.60096 -1.42338 6379.75 5479.83 0.456885 0.311754 0.622601 0.600127 631.371 -0.186246 0.0452081 6678.27 0.978564 2.23635 0.0996691
1235.84 0.0470922 2.8559 332.849 -0.26485 0.22306 1281.22 1214.69 0.288393 0.393841 0.303763 0.792336 1013.87 -0.290643 0.048476 1777.79 0.95675 3.09916 0.0996691
2515.92 -0.369783 -2.40089 1189.99 -0.310918 2.73143 2204.07 1410.19 0.734381 0.442018 0.688497 0.276959 2800.38 0.620404 0.216566 4425.94 0.282437 2.99558 0.0996691
1059.59 0.168709 -1.97332 433.002 -1.85999 1.17789 2116.74 2105.33 0.471601 0.339502 0.580287 0.47476 643.058 1.14642 0.0312625 1486.94 0.417838 3.13063 0.0996691
1216.64 -0.135996 -2.64828 1006.14 -1.64147 1.08368 2827.93 2708.15 0.552022 0.718237 0.720781 0.659007 696.275 -0.484734 0.196778 2229.96 0.958294 1.971 0.0996691
2342.03 0.34403 1.00886 1810.92 -0.0706542 3.14125 3730.49 3699.24 0.0972262 0.252349 0.0509964 0.578328 788.415 -1.11837 0.225452 5485.13 0.456356 2.35275 0.0996691
1774.12 0.448744 1.06751 997.035 -0.0508154 -2.05834 2769.69 2667.47 0.578972 0.564614 0.627962 0.783573 745.388 -1.99306 0.0703412 2722.35 0.300022 3.13113 0.0996691
1415.18 0.846697 -1.4633 1044.93 -0.390104 0.976417 2804.74 2787.01 0.514338 0.184648 0.676117 0.716458 813.819 2.57875 0.332571 2474.29 0.965583 2.57436 0.0996691
1793.92 0.243989 2.17389 1483.36 -0.0987303 -0.150416 3114.43 2821.07 0.45945 0.184707 0.700988 0.761445 768.26 -1.95115 0.0220283 3861.24 0.982396 2.14791 0.0996691
1861.67 0.135399 2.44812 1326.2 -0.315708 0.0657192 3031.26 2991.24 0.517043 0.610932 0.437462 0.27638 1014.01 -1.47666 0.00891459 3451.79 0.790579 2.34949 0.0996691
1495.53 0.740836 1.07645 -1 -1 -1 -1 1923.88 0.511978 -1 0.519097 -1 1363.14 -2.18951 0.0877688 1837.38 0.889521 2.92946 0.0996691
1906.74 -0.542372 -2.07818 1711.43 -0.0946466 2.44045 3113.46 2690.05 0.0822621 0.335503 0.387659 0.587404 1108.01 0.222571 0.214743 4839.98 0.600223 2.08598 0.0996691
814.703 -1.58076 2.7075 659.533 -0.830603 1.99928 787.783 731.826 0.729533 0.719079 0.796732 0.676493 894.826 -0.680068 0.0198532 1887.95 0.885929 2.93034 0.0996691
1268.26 -0.238537 -1.29178 875.405 0.201758 1.83691 2207.97 1951.76 0.430105 0.306004 0.235874 0.728883 731.413 1.81697 0.0445378 2508.35 0.330492 3.08105 0.0996691
2711.13 0.145464 -0.678009 1727.01 0.600057 -2.82873 4110.42 3088.82 0.0674773 0.539541 0.578549 0.655258 607.247 1.60245 0.245499 6077.78 0.974713 3.12325 -0.0996691
2049.3 0.103168 2.85176 1511.88 -0.43031 -0.387271 3655 3588.98 0.659103 0.437816 0.623605 0.573002 665.228 -0.736243 0.0103193 4981.84 0.975315 2.6847 -0.0996691
1463.93 0.235107 2.97371 421.007 -0.390895 1.37572 1256 1222.71 0.516302 0.557969 0.411636 0.725072 1449.68 -0.447178 0.260311 1883.12 0.954469 3.11923 0.0996691
1749.21 -0.182166 -0.504063 1610.85 0.420778 0.840473 2336.05 2329.13 0.461787 0.549167 0.607599 0.581801 1097.61 -3.12193 0.170817 4968.83 0.974276 2.78894 0.0996691
1072.07 1.0273 0.992717 696.252 -0.260584 -1.22909 1992.42 1769.46 0.249053 0.657111 0.631518 0.654415 801.68 -2.82832 0.785206 1783.94 0.966989 1.67478 0.0996691
2492.94 -0.588973 -1.78451 1203.46 0.968211 0.792313 4712.44 2908.13 0.141842 0.51315 0.0716331 0.767423 1125.59 1.71663 0.0854845 4183.78 0.540564 2.75907 -0.0996691
1262.76 -0.20044 1.6181 458.273 1.03228 1.43714 1080.1 928.762 0.343397 0.823179 0.726925 0.865318 1272.81 -1.5872 0.0295912 2126.65 0.533146 2.99844 0.0996691
1549.67 -0.953956 -2.33347 615.374 0.281328 0.552494 2341.05 2303.41 0.728821 0.396216 0.610437 0.764399 992.535 0.932466 0.383983 2145.63 0.456702 2.88075 0.0996691
2935.15 0.437775 -0.704702 551.249 0.784022 2.33164 2664.72 2044.78 0.0732638 0.160851 0.667324 0.745319 2381.96 2.39125 0.177405 3499.07 0.852042 3.01295 0.0996691
983.012 -0.039631 -1.13297 838.516 1.74816 -1.22143 1924.96 1726.33 0.725544 0.440962 0.676691 0.616476 1276.36 2.00509 0.376786 2573.81 0.264093 2.74107 0.0996691
2432.01 -0.563775 -0.0809436 2258.97 -0.803228 -2.95371 4989.22 3619.42 0.159491 0.46642 0.640642 0.399401 1004.23 1.85283 1.41469 5041.9 0.904797 1.67823 0.0996691
2168.47 0.309566 0.27807 1594.29 0.509465 -1.64125 3110.67 3021.4 0.742414 0.584158 0.636028 0.592749 1323.51 2.80082 0.0844398 4668.66 0.761302 2.60052 0.0996691
2268.17 0.502831 2.15137 1815.06 0.381129 -1.85677 3837 3482.55 0.147589 0.587979 0.781225 0.681059 1174.44 0.359892 0.0536153 5104.66 0.570483 2.5592 0.0996691
1551.93 0.246173 1.26833 533.919 -0.360249 -2.2144 1895.53 1856.89 0.34819 0.346831 0.429021 0.804674 1197.22 -1.62848 0.583658 2231.12 0.5193 2.8044 0.0996691
1534.84 0.193299 1.41514 479.727 0.155434 -1.66657 1732 1604.24 0.399896 0.474198 0.37338 0.80399 1151.06 -1.61736 0.0106827 2167.47 0.571734 3.02152 0.0996691
1402.27 -0.307858 -0.569437 -1 -1 -1 -1 422.685 0.770476 -1 0.697723 -1 1342.74 2.53803 0.193565 1412.09 0.956634 2.91415 0.0996691
1727.98 -0.32988 -2.89368 1341.52 0.932812 -1.19688 3079.37 3056.91 0.79449 0.576213 0.649004 0.814096 955.543 0.886041 0.0226798 4009.61 0.667048 2.47983 0.0996691
1706.73 -1.45874 -1.84341 475.841 0.449918 -2.23048 2079.17 2466.61 0.230482 0.399115 0.700325 0.708691 1933.28 1.21109 0.0264386 3316.89 0.593534 3.02446 0.0996691
1947.99 0.668458 1.48995 653.089 -0.630413 -1.72012 2841.25 2302.83 0.306591 0.517262 0.274601 0.715389 1299.84 -1.60953 0.0936251 2628.11 0.420405 2.98159 0.0996691
1576.34 -0.801436 3.09882 891.008 0.602374 -0.767438 2888.96 2687.28 0.722495 0.611746 0.641079 0.586101 1445.59 0.260515 0.0590181 3333.92 0.80178 3.07162 0.0996691
1670.08 0.318525 -0.874205 1399.87 -0.22979 1.53999 2991.82 2967.5 0.611365 0.527888 0.427961 0.6854 1514.12 -2.8486 0.0417626 4625.54 0.864792 3.08418 0.0996691
2038.05 -0.67465 2.80655 1109.55 -0.825709 -0.739001 2982.67 2964.73 0.29358 0.427952 0.228665 0.360627 682.754 0.386352 0.128978 4488.51 0.364254 2.44941 0.0996691
1281.54 -0.156137 -2.94422 462.851 -0.387072 -0.609117 1453.21 1402.45 0.62794 0.754211 0.475908 0.801117 879.837 0.791715 0.0155748 2056.84 0.606353 3.02767 0.0996691
1388.93 0.0151787 0.278027 1104.4 -0.738323 -1.96622 2444.36 2389.79 0.522981 0 0.451438 -1 1135.41 2.62698 0.257284 4301.71 0.165618 2.92169 0.0996691
894.128 0.948893 2.19215 520.042 2.34913 2.3094 1078.74 782.492 0.258045 0.592321 0.566616 0.31456 972.887 -0.949606 0.012576 2149.13 0.492478 3.11507 0.0996691
1866.87 0.624298 -0.774197 1609.84 -0.610156 -2.49263 3488.06 3472.73 0.189622 0.380666 0.611102 0.271774 1530.43 1.58633 0.0975403 4297.96 0.88893 2.26431 0.0996691
1374.73 -0.340436 0.143301 398.589 1.73604 -1.85956 2227.1 2147.97 0.139569 0.58414 0.715206 0.673413 1188.8 2.94468 0.00255895 1929.68 0.959887 2.8068 0.0996691
1650.6 0.647736 -1.29672 1290.57 -0.019004 2.63864 2896.8 2898.6 0.70419 0.206264 0.524089 0.710958 1289.72 0.682963 0.0339865 3174.46 0.721962 2.90173 0.0996691
1015.71 -0.473954 0.740601 440.56 1.31073 1.72252 1640.97 1323.39 0.279042 0 0.422118 -1 1156.89 -2.13514 0.0563617 1648.05 0.436316 3.02189 0.0996691
2455.62 0.42337 -2.62047 1992.05 0.625119 -0.18509 4334.26 3341.54 0.0933902 0.514361 0.551388 0.55609 1383.34 1.51663 0.0913936 4681.49 0.901368 2.37262 -0.0996691
2993.84 0.0466191 0.731328 2073.2 -0.863573 -2.3264 5567.72 5364.76 0.313583 0.383914 0.491938 0.539411 686.805 -1.81851 0.50306 5802.16 0.168176 3.08497 0.0996691
907.303 0.175638 0.416721 -1 -1 -1 -1 783.253 0.691512 -1 0.566322 -1 855.176 -2.38322 0.0134912 1385.74 0.841407 2.7969 0.0996691
2457.08 0.881894 -2.22458 2090.54 -0.280544 1.31231 5290.41 5240.14 0.667683 0.629155 0.818155 0.64003 848.29 1.30662 0.00540698 6825.86 0.21241 2.74623 0.0996691
941.336 0.0161506 -2.36189 -1 -1 -1 -1 425.486 0.111035 -1 0.504967 -1 858.248 0.714001 0.0193594 963.574 0.935244 3.09346 0.0996691
1854.94 -0.0297366 -1.18346 1422.07 -0.285863 -2.85312 2533.8 2223 0.265774 0.699689 0.800081 0.77596 1089.92 0.810135 0.0250332 4780.52 0.818681 2.98213 -0.0996691
1826.15 0.0460909 2.37974 1061.31 -0.421721 1.18853 1841.62 1263.59 0.382077 0.382437 0.444061 0.585005 1884.31 -1.2389 0.0703478 3593.74 0.485432 2.84309 0.0996691
1970.98 -0.160115 2.1565 967.31 -1.30317 -0.763475 3220.28 3138.38 0.130976 0.745448 0.380344 0.659799 713.469 -1.10521 0.0628437 3213.1 0.740362 3.08282 0.0996691
2831.87 0.20305 -3.02999 2022.34 0.338758 -0.374947 4954.88 3731.31 0.177246 0.286621 0.426275 0.703826 1482.43 0.841124 1.21583 5107.84 0.487448 2.19064 0.0996691
1658.71 -0.546316 -0.771066 1006.18 1.01345 -2.26644 2840.62 2840.11 0.12398 0.522904 0.119901 0.524447 1651.37 1.82897 0.0670515 3072.05 0.867451 2.53285 0.0996691
1239.04 -0.11754 0.624948 934.782 1.45817 -0.942741 2442.66 1506.36 0.684477 0.15552 0.524773 0.627328 2116.46 2.85587 1.55702 2981.97 0.91668 1.19395 0.0996691
1336.27 0.172535 -3.10814 518.177 0.717232 -0.281452 1741.48 1663.11 0.12701 0.6048 0.250969 0.681818 743.625 0.177709 0.21381 2004.01 0.953361 3.07128 0.0996691
1967.85 0.278711 0.479087 751.927 1.8028 -1.48 2873.52 2859.45 0.56493 0.731457 0.741757 0.771369 874.528 3.0906 0.00683737 3662.27 0.698441 2.61844 -0.0996691
1402.41 -1.14994 -1.98444 1339.59 0.758418 0.320434 4043.48 2764.6 0.802853 0.172295 0.710301 0.762322 806.497 3.0836 0.0230501 3157.14 0.151297 2.94617 -0.0996691
2522.03 0.102362 -2.78316 749.687 1.21779 0.166278 3540.74 1104.36 0.211093 0.308329 0.577559 0.638013 1469.96 0.482182 0.186123 3443.05 0.726651 3.05455 0.0996691
1233.54 0.654826 0.775856 514.23 2.10705 0.612104 1324.44 1225.18 0.683121 0.696652 0.780011 0.742782 1612.56 -2.37874 0.426531 2109.93 0.962696 2.69827 0.0996691
2412.65 -0.149475 2.83126 2041.99 0.127131 -0.243858 4493.34 4445.77 0.43062 0.547367 0.408999 0.748363 1385.65 -1.82332 1.57634 5542.94 0.826361 1.26199 -0.0996691
2185.78 -0.787659 1.85243 1570.24 0.749552 0.463407 3947.73 3945.44 0.0142795 0.0136949 0.526622 0.453363 1496.29 -1.6555 0.205607 5183.07 0.768898 2.98101 -0.0996691
1602.2 -0.540614 -0.697633 340.641 0.280005 2.75793 1599.85 1534.57 0.530307 0.582855 0.537276 0.574145 1249.78 2.39951 0.382768 1940.77 0.676824 2.80537 0.0996691
1347.65 0.778 2.36359 277.815 -1.38374 1.14882 1753.52 1738.23 0.138984 0.847871 0.107392 0.780006 1333.25 -0.999022 0.0176933 1749.15 0.827133 2.93796 0.0996691
1617.51 0.657616 0.911112 -1 -1 -1 -1 1245.95 0.428825 -1 0.29268 -1 1232.59 -2.1488 0.417093 2061.24 0.806359 2.57628 0.0996691
887.321 1.23444 2.55756 -1 -1 -1 -1 1491.5 0.426613 -1 0.67483 -1 773.189 -0.712 0.0134926 1214.93 0.629741 3.0023 0.0996691
1500.51 -1.21912 -0.42219 1371.48 0.331286 -2.40775 3458.21 3395.07 0.171589 0.402836 0.308691 0.68731 1217.04 2.2338 0.0887585 3822.12 0.712228 2.74501 0.0996691
1352.61 0.602524 -0.616782 1310.3 -0.862127 2.00644 3396.64 2859.22 0.472576 0.402394 0.42247 0.530229 683.622 2.52192 0.028275 3484.39 0.623263 3.10482 0.0996691
3315.28 -0.592593 1.62372 1970.82 -0.0798223 -1.63976 5403.2 4650.34 0.0894146 0.653119 0.378648 0.684506 914.229 -1.91391 0.273754 6119.02 0.154673 3.07085 0.0996691
1834.12 0.0779532 1.63629 1622.29 -0.808247 -0.798753 3607.11 3597.88 0.604298 0.0995923 0.433982 0.217779 615.312 -2.47671 0.0738771 4317.51 0.607872 2.24502 0.0996691
1520.38 -0.192807 -2.15462 511.314 1.2543 1.70919 2173.94 1309.7 0.527519 0.799466 0.699427 0.57303 722.166 1.24767 0.418694 2975.9 0.598442 2.4675 0.0996691
2116.16 0.221197 -0.539022 1197.54 -0.571232 2.08139 3589.3 2898.43 0.243404 0.645324 0.647608 0.713858 1031.1 -3.11775 0.0444334 3938.09 0.322563 3.12984 0.0996691
1853.5 -0.117234 -1.18551 1678.23 0.144035 -2.82874 2635.01 2600.26 0.586788 0.466511 0.745505 0.786725 1422.45 0.810078 0.119331 4621.58 0.978083 2.52958 0.0996691
1108.32 -1.09734 -0.753966 278.292 -2.18917 1.2044 1125.93 1102.28 0.691624 0.381986 0.674268 0.770433 993.503 2.44619 0.0319932 1711.35 0.75959 3.05394 0.0996691
2155.78 -0.505667 -1.90045 1409.71 0.136031 -0.0792815 3002.87 2960.12 0.549403 0.639047 0.568159 0.644943 981.78 1.88223 0.0598472 4831.82 0.422223 2.56302 0.0996691
1998.53 -0.357763 -0.0818838 1461.6 0.122422 -2.34139 3217.65 3117.29 0.639813 0.720097 0.520719 0.732353 976.17 2.82125 0.60048 4478.13 0.96566 2.77948 0.0996691
2583.08 0.356513 0.458715 1501 -0.122806 2.16918 3164.57 3116.23 0.0669593 0.11486 0.421063 0.485165 1165.79 -2.08815 0.0149701 5224.86 0.959268 3.12193 -0.0996691
1907.36 0.014198 -0.990871 1659.19 -0.0283601 -3.09296 3164.07 2912.13 0.114162 0.15517 0.661563 0.587052 852.737 0.616788 0.136281 5168.15 0.6175 2.43631 -0.0996691
1684.93 -0.199225 1.60196 585.047 -0.207127 -1.59775 2021.05 1934.87 0.393089 0.568683 0.347391 0.529497 1086.2 -1.53611 0.0965645 2260.89 0.510988 3.04926 0.0996691
2783.76 0.237035 -1.83513 2010.04 -0.205356 0.625959 4769.24 3574.41 0.0428778 0.414656 0.807669 0.358951 1432.77 2.07383 0.0107472 5188.67 0.70847 2.73092 0.0996691
1760.87 0.00108766 -2.6429 1043.34 1.29276 1.2769 3145.08 3044.94 0.636869 0.592863 0.705367 0.555876 1056.08 -0.291838 0.00376129 3269.6 0.448307 2.35772 -0.0996691
2115.09 -0.387626 -1.06812 1125.54 0.382542 1.11055 3116.84 2702.31 0.271129 0.401618 0.624654 0.524054 601.854 2.0222 0.229618 4503.73 0.85598 2.86008 0.0996691
1628.71 1.42217 -1.21963 1518.84 -0.344496 -3.12356 4093.88 4015.65 0.578521 0.214 0.630641 0.548333 605.718 1.86587 0.0210384 4723.8 0.729396 3.06509 0.0996691
2244.66 -0.31064 -1.67815 1775.82 0.382346 1.79237 4416.6 3763.88 0.498196 0.321958 0.425401 0.621583 685.323 0.682724 0.035855 4287.29 0.9262 3.06149 0.0996691
2944.84 1.0155 0.76066 1394.93 0.485015 -2.19055 4351.46 3458.77 0.369128 0.552014 0.549252 0.657789 1182.45 -2.22731 0.0373271 4999.95 0.205551 3.01887 0.0996691
1753.44 -0.260859 2.19102 1419.71 0.696313 -0.107543 3302.91 3206.55 0.470156 0.507521 0.588289 0.552957 1500.24 -2.29888 0.0787899 4381.49 0.472259 2.49888 0.0996691
1178.97 0.483516 -2.37875 732.376 0.980238 0.54962 1948.95 1812.97 0.579202 0.751371 0.44338 0.674146 968.555 0.314371 0.0217338 2761.27 0.180787 2.89537 0.0996691
1903.92 -0.317268 -1.79508 1337.45 0.0578874 1.46082 3419.91 2871.6 0.288679 0.296086 0.583275 0.569497 958.143 1.57232 0.114286 4113.94 0.0350168 3.1347 0.0996691
1484.18 -0.392003 2.4567 1282.24 0.000411008 0.498131 2358.86 2352.24 0.180793 0.319062 0.391365 0.484725 913.181 -1.16723 0.78964 3565.64 0.639937 1.87042 0.0996691
1059.06 -0.463031 1.5568 403.571 -1.10364 -2.00373 1398.55 1232.39 0.565565 0.434304 0.562059 0.235352 679.535 -1.311 0.182304 1474.48 0.940916 2.72626 0.0996691
2287.05 -0.677687 -2.81266 1338.95 -0.483667 -0.96921 2829.4 2802.97 0.300334 0.413943 0.677826 0.708546 1199.19 0.657319 0.0616201 4792.97 0.945556 2.87165 0.0996691
1584.81 0.723861 -1.96896 927.37 0.277491 0.843331 2472.26 2425.07 0.417938 0.36813 0.551718 0.543529 636.144 1.44529 0.283735 2517.35 0.961035 2.58167 0.0996691
2228.63 -0.66872 -1.77051 1449.9 -0.888769 1.65047 3736.15 3067.5 0.150628 0.295588 0.653802 0.59586 623.1 -1.13873 0.129632 5019.38 0.405073 2.91661 -0.0996691
1397.09 0.875964 -1.11858 478.66 0.208153 1.83942 1746.52 1682.13 0.548515 0.605712 0.679984 0.518088 904.331 1.87288 0.0470133 2048.57 0.49567 2.93326 0.0996691
1327.75 -0.241407 2.32043 940.431 0.804266 -2.6519 1832.13 1830.73 0.362347 0.307561 0.434634 0.573362 1600.48 -0.0964509 0.0064344 2743.49 0.899804 2.56081 0.0996691
1153.14 -0.504954 -3.00886 669.916 -0.742962 -1.98682 1039.7 738.464 0.280672 0.573025 0.802954 0.805285 1140.24 0.508774 0.14189 2350.99 0.888037 3.13223 0.0996691
2105.18 1.15941 -2.77775 991.671 -0.224777 -0.201411 3553.55 3005.13 0.454851 0.701144 0.58826 0.726331 1022.62 1.09263 0.117593 5138.72 0.738855 2.57277 0.0996691
1628.52 -1.21204 1.27853 -1 -1 -1 -1 1643.52 0.551629 -1 0.304156 -1 1639.64 -2.00479 0.0544109 2079.61 0.971061 3.10349 0.0996691
2341.28 0.834703 -2.1509 546.571 -1.60092 2.42427 3916.2 3696.94 0.673664 0.574067 0.626857 0.4674 2312.32 0.740108 1.30841 2888.67 0.95261 2.08478 0.0996691
1114.78 -0.30498 -1.55865 626.665 -0.312864 -3.07315 1266.65 927.481 0.370361 0.701958 0.613476 0.556143 1021.36 1.28038 0.069909 2107.18 0.271441 2.84549 0.0996691
1556.34 0.169884 1.66466 1474.03 -0.43502 0.507405 1995.73 1672.73 0.564767 0.169227 0.649856 0.528411 1341.29 -2.41132 0.0230408 4393.27 0.88114 3.06125 -0.0996691
713.253 1.17184 2.97184 -1 -1 -1 -1 557.015 0.618071 -1 0.734478 -1 605.995 -0.159619 0.0226451 797.907 0.710233 3.11456 0.0996691
1288.1 0.0674785 -0.375299 -1 -1 -1 -1 485.786 0.0114117 -1 0.451901 -1 1209.6 2.78814 0.222981 1092.77 0.915597 2.83834 0.0996691
1004.59 0.48341 2.67132 829.368 0.506188 0.587675 1703.2 883.881 0.261588 0.404635 0.549597 0.696836 834.512 -1.32606 0.191096 1915.94 0.729057 2.47824 0.0996691
1757.55 -0.358052 -1.70675 907.277 0.114384 1.46638 2723.01 2028.17 0.221632 0.375645 0.562109 0.870846 752.003 1.53899 0.00180936 3437.22 0.635633 3.04094 -0.0996691
1177.25 1.01792 1.95019 424.752 -0.267861 -0.927222 1722.24 1667.03 0.432936 0.6012 0.593182 0.627955 955.966 -1.05189 0.106851 1863.38 0.491723 2.88815 0.0996691
1698.75 -0.120952 1.53723 1076.97 0.214494 -1.3239 2752.26 2607.06 0.441599 0.426815 0.476337 0.604232 1021.49 -1.46654 0.175332 3257.58 0.290634 2.82589 0.0996691
1370.66 0.536799 -2.5893 518.194 0.224138 0.965186 1689.7 1644.15 0.559267 0.493065 0.568095 0.562346 927.907 0.588827 0.385598 2085.8 0.49733 2.71629 0.0996691
1482.52 -0.155074 -0.96586 941.434 0.65077 2.67191 2573.41 2053.97 0.47116 0.590594 0.534762 0.655052 996.703 2.70729 0.0425982 3888.78 0.809242 3.12927 0.0996691
737.774 1.39261 0.687515 254.275 -0.810509 -2.73782 1467.85 592.644 0.409452 0.269305 0.643009 0.36645 616.297 -2.7719 0.0298712 1239.85 0.666994 2.79504 0.0996691
1621.89 0.125381 1.75109 529.081 -0.93 -1.35812 2224.07 537.432 0.412433 0.598441 0.649923 0.688501 796.378 -1.63089 0.0504812 2568.66 0.853378 3.09013 0.0996691
1418.48 -1.44539 -0.851537 956.095 -0.00999174 1.63133 2907.88 2648.06 0.480948 0.665714 0.16478 0.788349 886.776 -2.69427 0.243645 3461.56 0.884326 3.06769 0.0996691
1634.14 -0.354681 0.190701 960.63 1.38024 -1.82971 3266.58 3214.62 0.223791 0.565463 0.607961 0.538097 1106.99 2.70756 0.00158978 2947.3 0.678362 2.51718 -0.0996691
1824.95 0.699609 -0.773739 1258.75 0.617435 1.65179 2844.17 2843.6 0.159723 0.138672 0.0128818 0.668901 818.234 -2.90547 0.0721087 4141.63 0.443428 2.29736 -0.0996691
1859.1 0.230327 1.30751 1783.33 -0.26393 -0.442623 2950.37 2927.52 0.304533 0.549515 0.696091 0.791679 1839.39 2.87841 0.0509334 5537.3 0.727245 2.9122 0.0996691
868.795 -1.1744 0.446726 -1 -1 -1 -1 487.968 0.540435 -1 0.600354 -1 806.133 -2.70008 0.0805209 900.484 0.880719 3.04975 0.0996691
1123 -0.657454 0.451666 369.613 0.49917 -2.73247 1519.71 1502.54 0.200986 0.289376 0.635516 0.625986 1051 -2.75366 0.0226903 1809.55 0.504161 3.10258 0.0996691
2146.15 0.58333 3.07022 1080.93 -0.391828 1.17212 2927.5 2909.05 0.772733 0.270888 0.65343 0.791771 2232.2 -0.368445 0.00715828 3803.17 0.96598 2.83759 -0.0996691
1621.88 0.176294 -0.204792 1145.84 0.889539 2.38854 2877.41 2205.08 0.528519 0.377321 0.479932 0.729551 813.704 -2.61853 1.07768 2764.04 0.426766 2.79161 0.0996691
1985.5 -0.150964 0.0996209 1228.77 -1.50883 -2.92833 3890.15 3791.44 0.758259 0.492537 0.509386 0.639534 797.326 -3.11441 0.0290461 4121.72 0.758804 3.04425 0.0996691
1460.2 0.431601 0.550336 1078.48 0.0122019 -1.49657 2216.21 2199.57 0.33126 0.632359 0.583896 0.678599 824.825 -2.3616 0.1057 3777.07 0.94382 2.80636 0.0996691
1409.35 0.0341936 1.13573 -1 -1 -1 -1 391.075 0.191044 -1 0.466345 -1 1349.52 -2.02094 0.0484807 1503.07 0.905531 3.13057 0.0996691
2825.16 -0.155189 2.82549 2132.26 1.02994 -0.143948 5793.67 5760.11 0.56959 0.237656 0.377487 0.433601 1405.95 -1.59321 0.0309603 6178.27 0.81404 2.60834 0.0996691
2467.15 -0.341249 1.5595 1875.68 0.447939 -2.0919 4623.68 3619.98 0.273414 0.620915 0.602189 0.75558 836.507 -0.709738 0.010056 4834.33 0.799999 2.58041 -0.0996691
1163.47 0.556573 -1.40432 329.947 -1.2514 1.17503 1753.66 1664.36 0.648439 0.698867 0.709795 0.642725 697.289 1.50656 0.335053 1766.15 0.61995 2.57144 0.0996691
1838.31 -0.0629742 -0.444675 1156.65 1.82103 1.35053 3928.42 2262.78 0.0748771 0.237395 0.555946 0.715948 813.52 3.07702 0.248367 4321 0.972986 2.51178 0.0996691
2951.3 0.277235 -0.573787 2265.07 1.04189 2.45813 5569.4 5521.45 0.537849 0.178748 0.690175 0.400151 655.797 -2.65455 0.0152745 5967.43 0.678981 2.91583 0.0996691
1363.01 -1.1643 -1.3029 1007.54 0.232525 2.72319 2839.45 1582.03 0.146427 0.236408 0.587874 0.399882 1190.67 0.646933 0.134275 4150.27 0.28728 3.05344 0.0996691
2399.19 0.906715 -1.80243 1257.68 -0.046347 2.28284 3703.71 2855 0.0765629 0.0508496 0.0855804 0.454383 760.151 0.820627 0.0486189 4963.87 0.142286 2.96117 0.0996691
1355.99 -1.05963 0.946031 405.087 2.62777 1.62912 4596.61 4177.1 0.133132 0.298855 0.317737 0.759198 1505.77 -2.01786 0.146414 1953.39 0.315754 3.13468 0.0996691
2828.53 -0.290462 -2.94632 1598.61 -1.28483 0.312987 4795.97 4682.23 0.216468 0.516339 0.723554 0.796853 1145.43 0.137441 0.193029 4521.89 0.300964 3.00543 0.0996691
1800.03 0.107203 0.749769 1533.56 0.376963 3.12881 3135.37 3091 0.293992 0.824639 0.322199 0.653645 880.376 2.71412 0.415072 5288.53 0.536803 2.44294 0.0996691
1956.02 -0.291185 2.84531 733.913 -1.14416 -0.306947 2619.45 2614.17 0.249081 0.728124 0.339835 0.56764 820.281 -0.403255 0.0955969 3159.71 0.454373 3.13059 0.0996691
1443.79 0.757219 1.78726 1434.73 1.14586 -0.188455 2571.94 1784.66 0.674222 0.121554 0.697531 0.577465 961.568 -2.85887 0.385465 4174.07 0.325338 2.47937 0.0996691
2059.38 0.641319 1.42988 937.895 0.331827 -1.9881 2854.05 2622.05 0.128166 0.556096 0.547441 0.739383 1175.84 -1.56948 0.0190793 2955.98 0.923439 2.98397 0.0996691
1773.04 -0.797369 0.998366 854.778 -0.560294 -1.54427 2385.57 2340.6 0.552303 0.515749 0.474737 0.606517 1149.24 -2.59376 0.415665 2624.77 0.979332 2.27445 0.0996691
2264.39 0.280219 0.348822 2110.49 -0.317213 -2.63732 4818.32 3364.86 0.32733 0.107228 0.610737 0.581757 696.037 -2.32387 0.0923643 5296.23 0.693285 3.0552 0.0996691
1401.19 -0.279738 -2.94187 918.947 1.34228 0.779909 3011.9 2916.14 0.727335 0.5597 0.810908 0.392156 1081.81 -0.442585 0.0201111 3195.66 0.429491 3.09983 -0.0996691
1436.71 -0.157438 -2.34908 511.695 0.107306 -0.618413 1428.81 423.202 0.265537 0.60878 0.648576 0.571154 1302.23 1.15775 0.00603914 2115.3 0.611351 3.03783 0.0996691
1160.26 -0.936142 -2.32948 -1 -1 -1 -1 719.793 0.794478 -1 0.785129 -1 968.525 0.936327 0.130327 1399.38 0.885229 2.87615 0.0996691
1806.6 0.342433 -1.43904 1225.94 -0.535193 0.937012 3125.73 2901.87 0.730982 0.176972 0.803645 0.826337 731.838 2.3656 0.178653 3637.01 0.933453 2.29677 0.0996691
1705.22 0.431483 1.97195 1525.46 -0.0651641 0.0633363 2766.3 2743.51 0.450649 0.61969 0.547038 0.588848 638.164 -1.63257 0.208809 4727.93 0.593912 2.46962 -0.0996691
1550.4 0.677222 -2.21911 952.335 -1.08154 1.67008 3375.72 2907.56 0.535891 0.640224 0.562282 0.81876 914.434 1.70851 7.35521e-05 3990.03 0.804313 3.07015 -0.0996691
1482.33 -0.249906 0.293941 -1 -1 -1 -1 457.547 0.331493 -1 0.773145 -1 1345.59 -2.88052 0.113816 1603.67 0.84869 2.9712 0.0996691
1286.14 0.88467 -1.16573 1082.52 -0.563411 0.598954 2635.11 2458.74 0.618833 0.612002 0.638276 0.416763 1206.56 2.23731 0.252195 3454.62 0.881923 2.90472 0.0996691
1585.84 0.405321 -2.17611 363.672 1.26295 1.44405 1741.19 1433.69 0.586256 0.542222 0.751428 0.772138 1286.91 0.831985 0.176343 1941.52 0.344373 2.97556 0.0996691
1684.18 -0.181038 -0.784075 736.699 -0.557685 2.34495 2383.64 1926.28 0.0900048 0.310233 0.833566 0.693921 926.691 2.36256 0.0146101 2478.39 0.272294 2.97576 0.0996691
2108.07 -0.659545 1.14444 2035.68 0.75557 -1.33691 5116.1 4472.6 0.188895 0.606002 0.384197 0.465922 783.326 3.01923 0.347169 4797.9 0.412887 2.30152 0.0996691
2068.58 -1.37958 -0.515174 759.581 0.660437 -2.10335 3676.65 903.235 0.312958 0.492188 0.621234 0.469166 1930.16 2.27758 0.0208488 3057.71 0.458853 3.13186 0.0996691
2301.25 -0.0361698 -0.711506 1720.77 0.357174 2.81182 4049.66 3763.72 0.574357 0.491573 0.427219 0.656351 2073.5 2.93723 0.126467 6100.62 0.7731 3.04397 0.0996691
1447.22 0.257769 1.17487 834.716 0.516853 -0.437466 1683.46 1560.41 0.465517 0.587649 0.539062 0.711987 1008.06 -2.48129 0.0634496 2836.95 0.471773 2.54418 0.0996691
1136.28 -0.832603 1.14222 968.586 1.59132 0.0771082 3419.34 3082.4 0.452932 0.617975 0.461125 0.718224 1152.45 -2.86601 0.701399 3078.9 0.950876 2.686 0.0996691
1895.61 0.446114 -2.50768 1183.41 -0.799983 0.582594 3606.65 3580.69 0.263454 0.439339 0.550999 0.552266 626.694 1.038 0.089872 3653.35 0.20531 2.96461 0.0996691
1599.18 0.552701 -0.891092 1466.77 -0.0321022 0.674522 2372.46 2276.37 0.471784 0.415295 0.470361 0.469627 987.015 2.4074 0.0148113 4832.34 0.521253 2.9938 -0.0996691
3220.44 0.594029 1.62852 989.168 0.320467 -1.80452 3889.13 1273.53 0.107179 0.692942 0.633255 0.54887 2271.56 -1.4117 0.0378722 4310.61 0.95782 2.92271 0.0996691
1716.32 1.30719 3.0657 1373.62 0.335281 -1.18528 3075.94 3028.9 0.176946 0.32465 0.326743 0.463116 1402 0.490448 0.0469747 5048.35 0.24401 2.6678 0.0996691
846.645 1.37227 1.77159 -1 -1 -1 -1 1098.06 0.380816 -1 0.432685 -1 707.733 -1.34504 0.285052 965.225 0.724003 2.8825 0.0996691
1313.51 -1.21169 2.10466 741.724 1.03299 -1.88617 3266.13 3112.48 0.488182 0.632946 0.727438 0.782339 902.419 -0.232237 0.105775 2224.5 0.92883 2.23108 0.0996691
1425.01 -0.760947 1.22399 971.962 -0.0120751 3.02382 2099.03 1966.24 0.144089 0.457845 0.581888 0.264234 1021.56 -1.02187 0.0856081 2998.51 0.303576 2.83843 0.0996691
1275.13 -0.383322 1.98181 1004.75 -1.31212 -2.50046 2097.1 2082.18 0.514833 0.251147 0.446426 0.669195 823.286 -0.17248 0.0340198 3291.42 0.4342 2.29705 0.0996691
2523.34 0.613168 -1.31394 788.787 1.32456 2.49078 3163.44 2466.28 0.401436 0.629889 0.537615 0.79012 1360.67 1.63321 0.0749576 3986.15 0.871825 3.02729 0.0996691
1341.4 0.407572 1.54158 988.974 0.651093 -2.00607 2295.91 2211.39 0.793104 0.594084 0.803204 0.490565 671.201 -1.21614 0.789471 2536.39 0.944687 2.58559 0.0996691
1779.71 -0.752995 -2.49231 557.293 -1.23186 -0.214225 1874.92 1860.65 0.594232 0.810569 0.384434 0.566019 1377.09 0.905213 0.71776 2555.74 0.890314 2.16791 0.0996691
2405.13 0.849301 2.28393 1614.68 -0.924409 -0.362183 5565.33 5013.34 0.51558 0.641596 0.342395 0.740402 740.06 -1.35889 0.115989 4860.04 0.116103 2.92427 0.0996691
1246.85 1.06434 -2.16557 510.474 1.57476 1.13258 1684.82 1651.16 0.432613 0.30916 0.444788 0.392589 626.254 0.831516 0.048507 1892.34 0.832867 3.0451 0.0996691
2785.44 0.504785 -0.47606 992.424 0.625816 -2.68885 3007.82 2907.95 0.442785 0.434471 0.104785 0.750427 836.864 2.24366 0.00935602 5240.05 0.609216 2.71037 0.0996691
3451.92 0.441856 0.733215 2273.38 0.116571 -2.01199 5988.49 4106.87 0.31683 0.193146 0.255886 0.462164 639.516 -2.20663 0.0657737 6855.04 0.597339 3.00562 0.0996691
1364.05 0.541454 1.72917 -1 -1 -1 -1 652.767 0.635137 -1 0.438947 -1 1395.76 -1.33846 0.596019 1521.77 0.545738 2.55891 0.0996691
2363.33 -0.760123 2.82432 2094.6 0.445291 -0.00392468 5247.55 5175.96 0.484554 0.592332 0.39779 0.741103 953.874 -0.156624 0.000494599 5577.52 0.927476 2.97866 0.0996691
1434.81 0.478617 -0.77486 569.615 0.553751 -2.71673 1575.74 1337.52 0.242436 0.586403 0.706619 0.83661 1185.89 1.94627 0.182694 2117.4 0.851807 2.96187 0.0996691
2465.13 -0.772327 -0.43323 1517.86 0.540665 2.83684 4959.71 2971.32 0.129619 0.173123 0.692926 0.715531 954.858 2.56289 0.0499475 4029.83 0.487636 2.96867 -0.0996691
1323.74 1.59765 0.757782 1008.49 -0.348377 -1.97077 3472.96 3434.12 0.346379 0.524456 0.83946 0.693538 1447.41 -2.00731 0.0363835 3650.61 0.156057 2.87738 0.0996691
1336.34 0.721312 -1.62294 1267.64 -1.38332 0.219394 3939.04 2808.5 0.219683 0.703882 0.411202 0.813833 868.498 2.29719 0.287287 3311.59 0.470921 2.1866 0.0996691
868.693 0.606158 -3.04639 -1 -1 -1 -1 839.674 0.393613 -1 0.663881 -1 658.695 0.0786272 0.0830707 1035.78 0.643343 3.0665 0.0996691
599.925 1.36231 2.27072 347.954 0.0235415 2.46584 691.554 638.001 0.746338 0.479464 0.727963 0.729731 604.61 -1.00337 0.110282 1359.16 0.537994 3.13311 0.0996691
673.139 -1.36927 -1.15113 389.453 1.80606 -2.15986 2453.16 2399.4 0.673521 0.639782 0.741359 0.648573 675.699 1.60238 0.00154126 1295.85 0.748648 2.75088 0.0996691
1610.86 -0.673427 -2.32546 1026.99 1.30757 2.37715 3516.05 3461.62 0.361943 0.40637 0.521883 0.776954 2038.46 0.416994 0.103391 3277.09 0.715591 3.14126 0.0996691
1168.61 -0.867794 -1.85004 660.249 1.43764 1.60192 3058.81 2899.04 0.415063 0.549592 0.431091 0.75075 630.464 0.352323 1.20854 2221.04 0.917232 1.08939 0.0996691
1363.15 0.552311 -0.112767 818.592 -0.217264 -2.65053 2198.72 2160.62 0.541669 0.418045 0.456643 0.711629 798.825 2.48935 1.15474 2160.65 0.392194 2.52634 0.0996691
1802.6 -0.0623663 2.11527 1575.16 0.766027 -1.60272 3654.65 1833.79 0.120218 0.608584 0.802756 0.610472 864.842 1.89012 0.0605741 5083.98 0.344077 2.8508 -0.0996691
545.946 1.48583 2.97202 507.922 -1.9631 1.57701 2962.71 2302.75 0.600243 0.276837 0.718362 0.76387 692.861 -0.803683 0.213444 1171.66 0.0499146 3.04186 0.0996691
1612.2 0.0877547 2.93476 461.102 0.599139 -0.234187 1836.83 1634.15 0.371538 0.750771 0.737555 0.835234 1035.4 -0.19433 0.0440519 2168.16 0.541129 3.06917 0.0996691
2425.48 0.306144 -2.78035 1741.41 -0.828029 -0.315913 4624.67 4501.48 0.386716 0.549996 0.572561 0.783606 785.895 0.537954 0.0898246 5149.16 0.934364 3.05699 -0.0996691
2473.12 -0.297076 -0.381742 1417.42 1.6413 3.12998 5879.53 4267.73 0.36764 0.813176 0.198075 0.720084 634.67 2.29153 0.138302 4644.28 0.189462 2.77434 0.0996691
1432.14 -0.166156 1.79322 1279.9 0.811056 -1.9796 2934.58 2888.68 0.417469 0.61501 0.558753 0.644116 1617.8 -1.07295 0.23837 3934.22 0.957394 2.62895 0.0996691
1352.07 1.01947 -2.01937 1118.13 1.15033 1.34089 2464.59 2422.43 0.385814 0.579955 0.702484 0.295882 728.488 -0.574205 0.5033 3980.81 0.283662 2.56643 0.0996691
2130.61 0.386408 -2.72356 1829.56 -1.27551 1.31788 5240.35 4184.34 0.173145 0.0896546 0.31155 0.271941 1402.69 -0.53849 0.0368011 4465.45 0.593084 2.31925 0.0996691
1074.14 0.62258 -0.406679 1069.76 0.736487 1.88608 1978.12 1943.88 0.575511 0.576111 0.787068 0.490771 1477.75 -2.73826 0.00485039 3468.39 0.422177 2.87526 0.0996691
1382.63 -0.369714 -0.285278 -1 -1 -1 -1 1076.66 0.588569 -1 0.795584 -1 1159.09 2.74847 0.0916302 1845.92 0.766458 3.13041 0.0996691
808.549 0.159845 1.761 756.379 -0.0407884 -1.33775 1647.88 1794.33 0.681118 0.173557 0.584393 0.536863 679.062 -1.35884 0.0178704 2141.2 0.119346 3.08089 0.0996691
2066.87 1.19484 2.84981 831.919 0.230859 -0.396068 2955.06 2851.51 0.366755 0.573782 0.60236 0.768513 1132.67 -0.160823 0.171247 3817.95 0.780379 2.82757 0.0996691
1982.48 -0.859443 -1.93689 1636.9 0.667956 0.20776 4468.82 3468.23 0.699602 0.262028 0.570538 0.670052 905.952 2.28615 0.08851 5590.47 0.479711 2.39126 0.0996691
1442.4 0.242771 -0.42986 522.463 -2.26877 1.79523 3214.66 3094.43 0.598174 0.714542 0.572044 0.743457 823.129 -3.01068 0.388695 2592.64 0.757825 2.19393 0.0996691
1723.5 -0.0410838 -1.80437 1358.88 0.650402 -0.089675 2560.93 2547.47 0.418204 0.570042 0.61087 0.631867 658.13 1.39648 0.104478 4903.92 0.494855 2.97746 0.0996691
1746.21 0.0278138 2.78633 1160.11 0.384225 0.362429 2782.16 2440.01 0.667593 0.559143 0.619037 0.849886 906.789 0.606291 0.160906 4663.03 0.335255 2.75327 -0.0996691
2003.45 0.53666 0.955855 1135.68 -0.523186 -0.968663 3006.77 2909.81 0.686873 0.535467 0.771346 0.795841 986.932 -3.10119 0.0569444 4189.3 0.683663 2.52829 -0.0996691
1852.92 -0.280957 -1.10636 1201.91 -0.153542 1.67824 2985.64 2907.65 0.562821 0.690968 0.556832 0.585408 1262.04 2.67322 0.0550981 4363.66 0.653883 2.72494 0.0996691
2149.86 0.753928 0.481583 1206.68 0.715052 2.55225 2822.74 2714.5 0.398951 0.214149 0.681381 0.306292 623.557 3.06218 0.21137 5172.99 0.733214 2.86893 0.0996691
1393.02 -0.40689 2.2153 772.528 -0.509525 -1.26011 2061.75 2003.37 0.42534 0.656467 0.637532 0.657381 801.636 -1.18215 0.096437 2587.41 0.342107 2.79138 0.0996691
1418.2 1.50786 -1.3578 1212.57 0.0994052 0.076485 2664.67 2611.55 0.558194 0.192119 0.267858 0.255533 1534.94 2.43357 0.29002 3082.66 0.657282 2.2053 0.0996691
1896.31 -0.339638 2.03878 469.214 -0.350399 0.590726 1683.93 885.108 0.230716 0.745381 0.749923 0.743621 1760.34 -1.33962 0.0546094 2618.22 0.812669 3.07394 0.0996691
2001.51 -0.133224 1.78726 1779.19 0.757835 -2.27289 3822.5 3775.04 0.258236 0.563413 0.384062 0.662767 628.421 2.07671 0.289394 6156.08 0.469772 2.64185 0.0996691
1492.6 -0.383007 -3.00985 771.521 0.854003 2.17008 1830.81 1794.34 0.543532 0.441032 0.503821 0.638708 1208.97 -0.515452 0.112588 3496.21 0.868026 2.89617 -0.0996691
869.911 -0.883627 -2.35668 -1 -1 -1 -1 971.429 0.445139 -1 0.203365 -1 662.337 0.774136 0.0149754 1049.24 0.652961 3.1381 0.0996691
1137.27 0.703498 -0.787911 -1 -1 -1 -1 1660.73 0.620673 -1 0.68977 -1 696.476 2.29917 0.00283861 1533.91 0.768928 3.08413 0.0996691
2887.13 -0.155604 -0.368205 956.656 -0.130114 2.9595 3374.46 2059.19 0.507419 0.368484 0.42485 0.828793 2354.87 3.09077 0.00763845 4816.33 0.101665 3.12599 0.0996691
1669.77 -0.554697 -1.40442 1027.55 0.102516 0.0946959 2044.97 1984.05 0.500542 0.545218 0.52922 0.564726 1166.82 2.52746 0.532811 4089.08 0.884677 2.60338 0.0996691
1463.76 0.678117 -0.243968 1273.06 0.0292653 -2.53491 2657.68 2616.8 0.713522 0.553816 0.762925 0.572887 745.412 2.74336 0.0647352 4764.8 0.25032 2.9188 0.0996691
2251.16 -0.91885 1.63321 1319.71 0.462491 -2.14989 4211.75 3892.3 0.564739 0.537068 0.688199 0.736202 835.6 -1.38226 0.219578 4504.17 0.837892 2.79567 0.0996691
2501.04 0.390671 -1.03244 1126.47 0.194984 1.33131 3430.47 1057.46 0.0347342 0.430097 0.614129 0.595146 1491.53 2.26791 0.707322 4404.97 0.972084 2.16817 -0.0996691
1584.86 -0.166754 0.686433 1045 1.12048 -2.50589 3161.33 2998.01 0.60216 0.60365 0.681036 0.688855 650.754 -2.53626 0.0272653 2736.66 0.241059 3.08622 0.0996691
946.063 1.30694 0.294408 396.948 1.5069 1.40252 686.8 645.401 0.304596 0.543665 0.484075 0.606279 879.628 -2.54087 0.00210667 1588.12 0.733421 3.04437 0.0996691
918.943 0.853534 -1.8979 -1 -1 -1 -1 379.107 0.741018 -1 0.717654 -1 856.37 1.24933 0.321646 956.623 0.928651 2.82609 0.0996691
1685.01 -0.301338 -2.8874 778.893 0.658053 0.472155 2575.59 2448.16 0.212366 0.685037 0.638697 0.702102 757.887 0.500218 0.015081 3451.14 0.330353 3.05204 0.0996691
1139.08 0.223671 -1.69777 -1 -1 -1 -1 890.508 0.730609 -1 0.78878 -1 1029.52 1.45793 0.0280207 1235.35 0.821887 3.13215 0.0996691
1799.2 0.705743 1.65716 452.242 0.0754658 -1.45834 2129.3 854.228 0.0641044 0.710847 0.666152 0.527999 1284.83 -1.47977 0.0176388 2335.04 0.483638 2.83318 0.0996691
1989.48 0.353255 -0.722564 1434.12 -0.243849 -2.17489 2482.35 2476.7 0.605426 0.275031 0.752759 0.146137 2497.75 1.84088 0.155018 3473.69 0.953368 2.4088 0.0996691
1506.61 0.193535 -0.320751 1001.04 -0.396317 -1.71656 1769.48 1763.05 0.164395 0.426389 0.639397 0.538141 1088.97 2.43499 0.288928 3390.41 0.409254 2.46405 0.0996691
997.213 0.438134 -0.275926 691.03 -0.752902 -2.78602 1919.56 1802.24 0.601938 0.33357 0.773912 0.350288 728.424 2.53132 0.0330589 1987.3 0.913724 2.86531 0.0996691
1322.93 1.25934 -0.752075 -1 -1 -1 -1 345.682 0.291157 -1 0.789403 -1 1344.09 2.47077 0.81014 1519.51 0.637917 2.42726 0.0996691
1504.85 -0.503493 -1.8811 476.838 -0.497566 1.22564 1833.23 1343.71 0.214641 0.708372 0.709235 0.694114 1113.94 1.14278 0.0706654 2413.33 0.93753 3.02155 0.0996691
1708.66 0.303295 -2.51739 1547.77 0.752977 0.35839 3323.39 3262.95 0.698328 0.394311 0.82768 0.797335 734.09 -0.349316 0.127387 4614.48 0.94902 2.53106 0.0996691
1371.29 -0.8158 3.1378 1003.67 0.232567 -3.09854 1330.25 1285.97 0.222147 0.241497 0.617962 0.617095 1515.21 -0.179519 0.616013 3350.91 0.899296 2.37513 0.0996691
938.219 0.40146 0.468027 934.786 -1.35551 0.291482 1885.81 1851.7 0.658802 0.530515 0.699205 0.803112 1333.11 -2.97116 0.00911736 2577.5 0.415102 3.02902 0.0996691
2077.47 -0.403375 -0.361344 973.998 0.961596 1.38516 3032.8 2996.44 0.331744 0.423924 0.638282 0.643106 1887.74 -2.91366 0.0924871 3735.4 0.720212 2.46002 0.0996691
1720.21 -1.00092 3.01693 1664.6 -0.58364 0.529662 3360.91 3492.82 0.155332 0.137526 0.463406 0.637198 759.008 0.550713 0.130874 4934.82 0.30829 2.59838 0.0996691
1992.63 0.211868 -2.69298 1218.82 -0.428876 -1.00033 2632.84 1973.44 0.120149 0.508841 0.682217 0.491631 1665.12 1.56996 0.0958413 4617.41 0.697883 2.66613 -0.0996691
1740.02 0.787419 2.5911 1346.26 -0.402971 0.962045 2970.86 2951.43 0.63768 0.566079 0.688438 0.323586 954.865 -0.967103 0.109851 5054.32 0.215284 2.83406 -0.0996691
1884.77 0.125499 1.77812 1664.59 -0.869481 -1.04597 3986.37 3848.21 0.708363 0.637977 0.749898 0.788977 1003.82 2.40756 0.144294 4577.76 0.915906 2.97267 0.0996691
2337.65 -0.295725 1.00065 1077.02 -0.166371 -2.20954 3218.37 3072.97 0.577784 0.328709 0.39349 0.362442 1403.65 -2.3264 0.0253398 4834.97 0.26928 3.02115 0.0996691
2767.72 0.665208 -1.3923 2472.5 -0.19788 1.06882 5468.9 5445.55 0.53226 0.816352 0.801407 0.791017 668.232 2.95857 0.0880151 6370.75 0.80886 1.84478 0.0996691
2199.51 -0.766795 1.05611 1827.76 0.219506 -3.08969 4296.34 2280.07 0.340305 0.186824 0.834481 0.791312 1658.46 -1.25404 0.102401 4692.25 0.493713 2.46432 0.0996691
2336.43 0.762961 -0.0181436 2005.83 0.195697 2.19434 4074.64 4050.96 0.595576 0.383419 0.324988 0.211849 618.506 2.49193 0.297585 6496.46 0.964486 3.10306 0.0996691
1465.39 0.811229 -2.16553 954.125 0.845032 0.0675956 2140.28 2114.86 0.42818 0.456586 0.408301 0.360909 1159.97 1.71447 0.0261989 2632.5 0.181407 3.1056 0.0996691
1669.29 0.478919 1.05886 419.167 1.39953 -1.937 1859.41 1820.4 0.673611 0.484875 0.79779 0.485863 1065.32 -1.97532 0.0342674 2228.86 0.609366 2.99827 0.0996691
607.626 1.73394 -1.60135 -1 -1 -1 -1 2512.32 0.601214 -1 0.457222 -1 618.182 1.34005 0.176438 873.415 0.660119 3.1279 0.0996691
1353.84 0.0693148 -0.34701 1329.7 1.09183 -2.92105 2957.11 2939.94 0.47476 0.0546148 0.544192 0.19123 673.71 0.588324 0.279 5004.52 0.330186 2.52139 -0.0996691
2330.5 -0.400654 3.13034 1726.58 1.07569 0.732438 4952.57 4939.71 0.23162 0.680636 0.740942 0.687362 648.435 -1.47056 0.15362 5498.41 0.676511 2.04972 0.0996691
1391.67 0.719185 -1.90751 -1 -1 -1 -1 1062.77 0.506829 -1 0.783274 -1 1050.13 1.3398 0.0733557 1786.36 0.419839 3.03505 0.0996691
1403.7 0.0641041 -2.40705 605.577 1.105 1.12132 2114.79 1640.8 0.601938 0.233748 0.757405 0.767563 625.79 0.395157 0.0243719 3049.3 0.817697 2.77576 0.0996691
1221.59 -1.04539 -3.09661 1077.55 0.0880113 -0.574643 2613.38 2480.81 0.64576 0.49985 0.593239 0.375012 660.686 0.789544 1.36477 2537.89 0.326849 2.47874 0.0996691
1620.6 0.445241 -1.58783 552.943 -0.647959 1.56464 2221.32 1807.48 0.562587 0.614464 0.781666 0.697674 666.366 1.72013 0.124077 2572.17 0.59612 3.10083 0.0996691
2715.48 0.192123 -0.763882 2171.47 0.918781 1.95724 5474.02 3344.96 0.472097 0.566764 0.165307 0.769161 992.166 -3.07692 0.053946 5383.36 0.823353 2.91957 0.0996691
2555.39 0.104105 -1.39414 1112.91 0.270359 -0.139675 2014.76 1993.35 0.786616 0.29621 0.665993 0.49592 2025.1 2.18574 0.0422912 4705.88 0.867123 2.66045 0.0996691
1518.58 0.102405 -0.267637 592.017 -0.00236533 2.97487 1913.74 1859.91 0.0800716 0.588524 0.623838 0.698648 829.394 2.95924 0.0437164 2227.69 0.458162 3.01373 0.0996691
1446.52 -0.289068 2.10727 493.669 -0.0482656 -1.28692 1755.88 1487.2 0.402767 0.794618 0.789851 0.652464 1121.1 -1.27553 0.0156466 2326.2 0.276614 3.05538 0.0996691
2111.13 -1.04635 1.5858 952.363 -0.190189 -0.826714 2953.39 2912.92 0.228995 0.668732 0.478376 0.696374 1026.5 -2.21553 0.0989437 3867.21 0.736834 2.38236 0.0996691
782.466 -1.10538 0.0519073 -1 -1 -1 -1 621.999 0.640137 -1 0.611071 -1 635.784 -3.08621 0.0024395 892.315 0.731874 3.11777 0.0996691
1741.46 -0.309048 0.771039 1052.01 -1.54949 -1.73782 3146.42 3115.27 0.52934 0.472733 0.391505 0.672454 644.766 -2.82485 0.351156 3292.2 0.818829 3.03676 0.0996691
2386.8 0.289428 -3.07779 1272.79 -0.687361 1.08598 3657.73 2834.16 0.0883604 0.174796 0.540199 0.739605 1944.19 -0.499403 0.0205456 3810.91 0.764925 2.66596 -0.0996691
1658.54 0.538835 1.58425 898.767 -0.712574 -1.62073 2960.87 2874.48 0.380176 0.571413 0.101779 0.50393 783.508 -1.56721 0.0349702 2551.6 0.933016 3.09676 0.0996691
1653.95 0.706429 -2.14175 1613.49 1.05558 1.84799 3050.16 3019.24 0.535619 0.217727 0.455892 0.840009 738.254 -0.737738 0.00424755 4574.65 0.510347 2.58983 0.0996691
639.402 1.66229 -1.66732 -1 -1 -1 -1 359.138 0.627078 -1 0.70722 -1 680.43 1.69154 1.91787 731.708 0.88769 1.4406 0.0996691
2209.31 -0.293705 -0.0400404 1959.09 -0.0846461 2.13248 3989.7 2432.84 0.0903088 0.597362 0.604553 0.68492 887.938 -2.21136 0.0687931 5343.84 0.958021 2.91123 -0.0996691
1408.36 0.853697 1.57532 1105.63 -0.838354 -2.00997 3489.22 1396.82 0.54248 0.203933 0.512571 0.705136 865.032 -1.99296 0.115783 3476.85 0.79895 3.10711 0.0996691
1759.36 -0.588711 -2.16449 1551.46 -0.407733 0.928744 3422.46 2832.75 0.577791 0.243729 0.336285 0.381547 915.759 0.625405 0.210638 4083.75 0.137226 3.01933 -0.0996691
565.648 -1.46787 -1.88412 428.056 0.578907 0.751826 1531.43 1508.25 0.665413 0.157868 0.751314 0.42685 606.796 0.725575 0.0299875 1567.28 0.14266 2.85827 0.0996691
444.86 -0.011272 -0.327735 340.203 0.964893 -1.44613 647.559 414.598 0.457352 0.390631 0.613637 0.624943 604.879 2.49108 0.0280581 898.012 0.396892 2.93174 0.0996691
1605.21 -0.40269 -0.385315 1067.61 -0.404806 -2.83927 2505.68 2363.61 0.422781 0.619689 0.674909 0.745769 1767.3 2.20227 0.681986 3371.22 0.510203 2.65278 0.0996691
1669.55 -0.812502 0.814664 919.122 -0.271896 -2.23926 2638.18 1906.21 0.500704 0.110959 0.394817 0.497538 768.029 -2.46955 0.0400443 2607.04 0.609935 2.95743 0.0996691
1386.92 -0.508829 2.01335 679.527 -0.125199 -1.01356 2007.38 1837.52 0.803241 0.760238 0.75715 0.740433 697.152 -1.14695 0.0926516 2030.4 0.393343 3.06929 0.0996691
1058.74 -1.29529 0.760227 -1 -1 -1 -1 1289.1 0.421008 -1 0.442116 -1 783.846 -2.22753 0.378297 1398.54 0.768166 2.59712 0.0996691
849.532 0.215038 2.07312 -1 -1 -1 -1 854.184 0.385259 -1 0.272235 -1 622.313 -1.06307 0.0749179 1054.69 0.591748 3.06899 0.0996691
935.503 -0.966838 0.699566 759.236 1.1768 -0.11794 2293.56 2008.32 0.531704 0.25204 0.740355 0.678782 853.122 -2.55513 0.0298688 2662.58 0.248327 2.99219 -0.0996691
2654.3 0.10891 -3.07552 1850.44 0.274047 -0.369676 4650.26 2935.63 0.101767 0.507146 0.259465 0.211991 734.806 0.225603 0.01323 5318.18 0.974781 3.09686 -0.0996691
1041.21 -1.41394 -3.10324 990.479 -1.61842 0.463774 2002.51 1997.67 0.148437 0.102257 0.560222 0.369801 838.476 -1.19099 0.126303 3385.72 0.905639 2.35331 0.0996691
1038.7 -0.932389 -2.16341 302.523 -0.268448 0.800887 1230.38 992.81 0.479859 0.569924 0.649151 0.631383 743.865 1.0243 0.0714338 1329.06 0.664661 3.11654 0.0996691
1795.12 0.311236 2.28073 1474.25 -0.545104 0.0125926 3304.05 3236.75 0.68188 0.393971 0.675653 0.444847 726.899 -2.759 0.393961 5059.36 0.936347 2.43179 0.0996691
1384.82 0.727306 -0.645442 1161.69 -0.452779 -2.78631 2740.68 2725.77 0.775225 0.283892 0.754104 0.447713 1190.93 1.4233 0.220692 3553.02 0.260911 2.62691 0.0996691
761.44 0.141745 -0.9671 456.719 2.04512 -0.809686 1312.1 1298.15 0.179 0.474225 0.288607 0.519748 1194.07 2.24719 0.41525 1240.07 0.905941 2.79909 0.0996691
2731.42 0.286282 2.75829 1088.75 1.29582 -0.341068 4136.98 3522.76 0.215951 0.763379 0.436759 0.660466 1429.49 -0.394652 0.0509589 4169.13 0.367094 2.92152 -0.0996691
1425.84 0.945544 -1.27664 392.421 0.129615 1.94733 1660.51 1451.45 0.470403 0.464209 0.608735 0.713966 987.279 1.86208 0.0214558 1866.43 0.622792 3.13137 0.0996691
2226.29 0.0158149 1.59661 1218.63 -0.241252 -1.55903 3446.91 3048.44 0.328155 0.573839 0.32824 0.471585 1483.79 -1.75831 0.0668951 3980.06 0.819206 2.86219 -0.0996691
1445.84 -0.123903 -2.08605 463.561 -0.569246 1.09129 1699.91 1627.16 0.67985 0.675562 0.735011 0.646695 948.17 1.01589 0.0393932 1952.69 0.530416 3.13894 0.0996691
1219.84 -0.672183 -2.36668 1113.82 0.618987 2.83215 2033.63 1999.68 0.559288 0.352751 0.546499 0.468942 1170.76 0.604408 0.24749 3885.53 0.959668 2.72901 0.0996691
2257.46 -0.405623 -0.753932 1544.24 0.76053 1.80618 4267.27 4230.63 0.26151 0.506065 0.21258 0.428959 863.703 -2.55909 0.156876 5013.11 0.864319 2.98374 0.0996691
2315.74 0.310151 0.774464 1453.66 -0.884279 -2.29932 4416.49 3316.87 0.680882 0.321716 0.769231 0.817432 1059.28 -2.10572 0.0157959 4182.82 0.49533 2.86277 -0.0996691
1687.48 0.626768 1.18036 814.885 0.297454 -1.31296 2273.69 2236.18 0.467569 0.224988 0.691562 0.564723 650.334 -1.39485 0.0866108 3911.18 0.915193 2.72358 0.0996691
1656.72 0.392934 -2.73399 1487.53 1.10568 1.5794 2969.72 1905.84 0.202947 0.344439 0.848968 0.704752 622.56 -0.739741 0.591636 5240.27 0.943052 2.9452 0.0996691
1328.76 0.156231 -1.84686 572.139 0.957224 -0.268262 1431.77 1429.73 0.342163 0.357306 0.277656 0.719437 937.807 1.68481 0.168171 2399.29 0.515359 2.58305 0.0996691
2704.42 -0.434917 1.81661 1738.24 0.377371 -2.04535 4508.15 4479.84 0.221675 0.658593 0.295236 0.748237 677.296 -0.704862 0.126064 5476.51 0.547359 2.39501 -0.0996691
776.414 0.113882 -0.944167 708.958 -1.00778 -0.607598 934.985 918.508 0.0316264 0.677704 0.620509 0.632104 1200.33 2.56064 0.0549295 2255.17 0.214843 3.11391 0.0996691
1324.34 -0.222839 -1.11064 1231.99 0.804296 0.557173 2431.26 1919.54 0.575567 0.544717 0.777251 0.684139 1320.54 2.80747 0.316472 3081.25 0.86498 2.95499 0.0996691
1586.09 0.330851 -2.76791 1382.7 0.96106 2.6748 1553.71 1487.06 0.717265 0.503256 0.651586 0.491428 904.214 -0.0593853 0.0498235 4782.77 0.478245 2.79245 0.0996691
1350.21 0.803974 -0.380732 1318.27 -1.15364 -1.19814 3232.86 3220.95 0.309288 0.323307 0.520791 0.639198 1114.57 2.1813 0.0480855 4302.67 0.957818 2.85402 0.0996691
1500.02 -0.255728 1.88919 331.22 0.777647 -2.05229 1518.34 1381.48 0.664722 0.473986 0.390564 0.647916 1048.95 -1.09242 0.347158 2032.71 0.762871 2.63428 0.0996691
1528.89 0.193345 -1.74955 405.87 1.70912 0.308981 2065.33 626.445 0.14121 0.763341 0.362987 0.693644 1361.7 1.62258 1.2979 1940 0.710185 1.95814 0.0996691
1911.79 -0.625164 -2.25278 1426.85 0.617709 0.956504 4057.52 1621.18 0.679042 0.0928488 0.767417 0.704818 1388.9 1.31873 0.00810063 4343.45 0.296554 2.94478 0.0996691
2181.87 0.0165471 0.53543 1547.54 1.49681 2.79048 4499.81 4452.73 0.15961 0.565489 0.586393 0.423151 833.768 -2.03517 0.0701473 4758.94 0.957248 2.50459 0.0996691
2510.96 -0.370208 0.418775 1593.13 1.18784 -2.60942 5321.68 5206.15 0.44344 0.378566 0.145073 0.711956 916.758 -2.83374 0.115206 4147.35 0.942961 3.13805 0.0996691
2727.64 0.443615 -0.499059 1199.06 -0.741864 -2.63222 4054 2824.1 0.313584 0.601479 0.643727 0.755403 1689.2 2.22164 0.0415416 4522.92 0.744668 2.91994 0.0996691
810.511 -1.10285 -1.1133 367.405 0.461238 2.59048 1417.27 1380.74 0.605482 0.660948 0.804071 0.662529 737.439 2.42958 0.152505 1667.05 0.452607 2.57827 0.0996691
1550.5 -0.460641 -2.67896 1358.4 1.37031 2.25292 3623.06 3013.74 0.140517 0.749759 0.867212 0.702944 1187.79 0.276774 0.167832 4312.76 0.847182 2.66586 0.0996691
1852.6 -0.296611 -3.09256 611.078 1.58673 -1.39162 2817.19 2777.6 0.467194 0.689839 0.631513 0.779576 1290.8 0.568041 0.240962 3173.88 0.801963 2.38307 -0.0996691
1042.36 0.0157747 2.90263 1034.48 1.80273 1.88443 2357.79 2336.66 0.396725 0.47202 0.568061 0.507361 1058.11 -0.898713 0.0592849 2998.02 0.27536 2.72419 0.0996691
968.576 0.235083 -2.37475 -1 -1 -1 -1 1001.55 0.388925 -1 0.363575 -1 673.68 0.864289 0.0202132 1543.73 0.680641 3.06418 0.0996691
1758.9 0.107034 -0.259809 908.515 0.482301 -2.63583 2529.43 1741.7 0.247114 0.64734 0.581492 0.585679 906.185 2.35717 0.022701 3035.22 0.809932 2.86139 0.0996691
1656.45 0.764828 -1.06442 1359.83 -0.805406 -1.75884 2896.79 2540.26 0.254319 0.211719 0.627488 0.579861 1283.29 1.99387 0.153969 4954.34 0.395249 3.07145 0.0996691
1048.87 1.2388 1.01389 -1 -1 -1 -1 384.242 0.296418 -1 0.641562 -1 917.336 -2.04024 0.0959458 1234.67 0.891137 3.00336 0.0996691
2732.34 -0.172961 1.37402 660.294 -0.380367 -1.99041 2693.26 2684.01 0.506007 0.306007 0.638787 0.26676 1405.03 -1.77148 0.185678 4119.53 0.656278 2.95184 -0.0996691
1263.91 0.361574 0.0350373 672.508 -0.967832 0.792779 1524.96 1450.37 0.431037 0.552949 0.686937 0.513557 1196.69 3.13028 0.122047 2857.48 0.770137 2.99652 0.0996691
872.749 -1.67378 -1.0646 732.674 1.28586 -1.91088 3399.79 3318.63 0.636301 0.699464 0.535593 0.489882 1128.69 1.70082 0.0208446 1945.25 0.434812 2.74191 0.0996691
1598.83 0.359571 1.16427 674.804 -0.589943 -0.612597 1934.61 1869.21 0.672302 0.62441 0.782619 0.403987 1550.75 -2.41921 0.120836 2267.61 0.953715 2.58431 0.0996691
862.487 0.159816 -1.09644 667.068 1.44201 -0.508893 1140.86 1122.81 0.106843 0.641265 0.45341 0.513726 1224.16 1.98037 0.16222 2413.03 0.372061 3.04736 0.0996691
2242.59 -0.0867049 2.17696 942.46 0.390085 -0.713823 2982.82 2941.2 0.720673 0.394414 0.634046 0.169214 1166.54 -1.36568 0.0603249 4268.1 0.616294 2.79517 -0.0996691
1066.05 -2.04176 3.03413 267.816 0.028367 0.114056 1711.22 1658.65 0.270677 0.53365 0.585609 0.692214 745.896 -0.133017 0.267894 1313.76 0.628138 2.89956 0.0996691
971.581 -1.24606 -0.242284 323.901 0.118027 2.85911 1406.36 1297.39 0.430789 0.782866 0.649553 0.715175 690.904 2.93312 0.0762057 1292.69 0.543575 3.10244 0.0996691
2265.12 -0.724326 -1.32586 2213.12 0.473563 2.64119 5000.39 4932.56 0.670113 -1 0.424514 -1 619.215 1.33819 0.244696 6102.25 0.920612 2.4431 0.0996691
2993.58 -0.15461 -1.54465 1913.45 -0.228626 1.97029 4821.29 3958.11 0.277123 0.405888 0.575978 0.571779 707.039 1.29065 0.55729 5745.42 0.303694 2.62576 0.0996691
1659.84 -0.129593 -2.80824 872.325 -0.591657 0.367147 2568.99 2166.73 0.267928 0.645006 0.73691 0.601801 772.67 0.299488 0.0774105 2531.51 0.247067 2.97303 0.0996691
1571.5 1.104 -2.34716 1071.25 1.0001 1.56255 2421.46 2385.09 0.673698 0.42628 0.729217 0.494615 1017.67 -0.0624038 0.0129578 3416.98 0.331778 2.47429 0.0996691
3166.19 -0.0731343 1.18098 2727.26 0.122101 -1.34997 5664.77 5596 0.598542 0.385403 0.586642 0.625574 783.015 -2.54455 0.389083 7121.03 0.937787 2.17016 0.0996691
1297.4 -0.846684 -1.82606 712.328 0.856343 -1.83035 1849.94 1824.17 0.506621 0.652771 0.760155 0.644902 742.934 1.37404 0.0065856 3191.23 0.860963 3.08948 0.0996691
1510.48 -0.459151 -2.34364 -1 -1 -1 -1 515.053 0.14122 -1 0.68398 -1 1418.31 0.902341 0.295629 1942.12 0.895048 3.14021 0.0996691
3021.1 0.184118 -2.01225 2104.92 1.01376 1.3264 5466.16 5464.66 0.0722906 0.670899 0.330889 0.671038 902.589 1.00652 0.240124 5685.83 0.822572 2.77856 0.0996691
1949.78 -0.463138 2.20153 1495.99 0.406419 -0.922901 3785.62 3426.63 0.610027 0.353032 0.447626 0.559527 843.112 -0.65096 0.0885319 3847.55 0.24438 3.13438 -0.0996691
2377.37 0.153786 -1.72038 1163.14 -0.279083 1.05295 3418.37 3261.12 0.419215 0.287543 0.763428 0.440398 708.98 1.68693 0.368903 4492.9 0.595082 2.49275 0.0996691
969.627 -0.630266 0.951952 939.183 0.267465 -1.79416 2104.02 1865.38 0.511258 0.552741 0.865272 0.524635 913.025 -1.91763 0.129691 3347.36 0.948189 2.8943 -0.0996691
1791.01 -0.423208 -3.00104 1247.64 -0.11704 -0.539379 2879.17 2795.78 0.1676 0.692216 0.437731 0.599769 710.82 -0.477155 0.0767014 4223.45 0.388338 2.44678 0.0996691
845.423 -0.284155 -0.319761 686.171 -0.947752 -2.21115 1350.57 1305.78 0.680876 0.671109 0.763658 0.765151 896.614 2.10179 0.30313 1583.36 0.836277 2.72976 0.0996691
1568.54 -0.11402 -2.31308 1160.46 0.972028 2.38669 2476.99 2442.91 0.359513 0.708718 0.763267 0.697138 929.908 0.342468 0.348444 3872.52 0.799788 2.30926 -0.0996691
1886.99 -0.265512 2.00705 1642.07 1.20903 -2.3874 4107.75 3685.21 0.275389 0.437604 0.656572 0.805092 719.625 -0.405452 0.0100662 4827.7 0.771145 2.5112 -0.0996691
913.89 1.38552 -2.08014 -1 -1 -1 -1 1008.8 0.562133 -1 0.694117 -1 753.348 1.02408 0.0404389 1076.96 0.686253 3.13256 0.0996691
909.381 2.13844 -0.409466 -1 -1 -1 -1 1149.36 0.788375 -1 0.80763 -1 749.485 2.70809 0.109421 1032.16 0.947167 3.00781 0.0996691
1207.29 0.337971 1.3311 763.756 0.883302 2.23478 1030.38 968.795 0.490804 0.339854 0.558914 0.680247 1084.84 -1.37426 0.489279 2714.45 0.234653 3.09856 0.0996691
1120.66 1.33448 1.09642 -1 -1 -1 -1 1028.62 0.68848 -1 0.76877 -1 919.222 -1.89018 0.114371 1412.02 0.692475 3.09551 0.0996691
1959.94 0.210419 1.58949 1676.59 -0.660962 -0.945233 4024.47 1545.55 0.386961 0.509354 0.580111 0.584589 1144.42 -1.23718 0.0152947 4989.14 0.408181 2.81151 0.0996691
1863.48 0.594707 1.38812 1232.75 0.345633 -0.0140023 2076.17 1992.58 0.428094 0.259653 0.194535 0.702342 748.595 -2.52965 0.0653372 4779.06 0.668484 3.08716 0.0996691
1687.92 0.160811 -2.68958 1199.62 0.821864 0.908907 3048.34 2410.22 0.343681 0.411303 0.635554 0.52433 711.111 -0.269574 0.211116 2955.41 0.102378 2.93765 0.0996691
1603.96 -0.552869 1.28418 362.605 -0.53554 -2.02028 1574.4 1392.61 0.267519 0.272827 0.501132 0.426294 1068.91 -1.96855 0.0649841 2240.17 0.21817 3.12727 0.0996691
2202.19 0.446168 2.86282 1578.96 0.429554 -0.327285 3872.3 3201.24 0.602211 0.277518 0.509071 0.75131 815.912 0.0374334 0.0167158 3970.07 0.71127 3.10745 0.0996691
2240.64 -0.593901 -1.21211 1133.03 0.231901 1.05997 3271.61 2379.37 0.338218 0.0446825 0.774978 0.49847 701.976 2.52167 0.260655 3257.7 0.848991 3.00543 -0.0996691
1393.94 -0.97555 -0.0504376 -1 -1 -1 -1 764.066 0.6613 -1 0.739535 -1 1281.1 3.07536 0.491802 1528.52 0.897657 2.63327 0.0996691
1232.59 -1.38212 1.47554 959.832 1.16982 2.72691 3817.17 3790.03 0.545653 0.206834 0.126624 0.751465 921.379 -0.739939 0.157045 3632.09 0.248186 2.65999 0.0996691
2100.75 0.0560166 -2.66055 2001.05 0.360989 0.658192 4207.37 3124.87 0.116584 0.243097 0.181578 0.596305 719.329 0.459337 0.0279099 4778.43 0.292893 3.13506 -0.0996691
1521.86 0.428816 2.70518 812.446 -1.31835 0.00741664 3095.67 3073.39 0.250247 0.794643 0.562096 0.758199 1101.55 -1.1221 0.12878 2942.14 0.475529 2.78506 0.0996691
2198.74 -0.0163268 1.09754 1555.27 -0.499782 -1.77134 3823.72 3417.42 0.419303 0.471232 0.45 0.785854 1135.05 -1.46258 0.259197 4850.92 0.303907 2.81936 0.0996691
2644.7 -0.244433 -1.05699 1713.71 0.200923 2.31119 4381.23 4270.49 0.550908 0.522127 0.574111 0.450637 1175.31 2.53733 0.232053 5832.26 0.24181 2.91312 0.0996691
1485.44 -1.57563 1.44803 580.483 -0.606465 -1.17868 2044.75 1975.88 0.454383 0.705698 0.367431 0.685875 698.37 -1.85411 0.181416 2416.58 0.968436 3.12116 0.0996691
2168.13 1.00832 -0.550227 1409.86 -1.51612 -2.47845 6400.79 6055.74 0.442469 0.620721 0.819279 0.440589 1731.58 1.96228 0.0992304 3893.81 0.182767 3.08282 0.0996691
1499.51 -0.847589 -2.06523 1266.68 0.286311 1.98124 2990.19 2915.97 0.600188 0.682117 0.528938 0.67083 1445.56 0.0945248 0.00750934 3686.48 0.289061 3.09535 -0.0996691
1956.8 0.125403 -1.9815 1855.77 -1.23203 1.36763 4723.59 4689.15 0.435602 0.266466 0.602254 0.726315 763.687 -1.96482 0.0133754 4854.72 0.105139 2.93596 0.0996691
1732.33 -0.356771 -0.09143 1730.25 0.612353 1.77758 3594.75 3202.22 0.781502 0.279215 0.750953 0.366251 817.83 -2.42463 0.0873516 5192.89 0.288428 2.69347 0.0996691
2300.07 -0.212157 -2.82017 973.239 1.30648 -0.528746 3731.45 3022.63 0.584915 0.151927 0.441849 0.478439 798.61 0.7582 0.0656061 4209.63 0.916139 2.76853 0.0996691
1425.4 0.442549 -0.735388 -1 -1 -1 -1 659.092 0.679771 -1 0.605555 -1 1270.6 2.39609 0.0473983 1525.58 0.915663 3.10611 0.0996691
1194.86 1.54618 1.0598 368.997 -1.27212 2.87354 2775.24 2602.91 0.173998 0.650091 0.770261 0.831078 926.74 -1.62344 0.0536171 1779.09 0.964135 2.73807 0.0996691
2282.39 0.490365 2.74166 1304.39 -0.18698 -1.88437 2896.5 2751.27 0.2318 0.506114 0.658402 0.510813 1777.99 0.0316479 0.218388 4929.98 0.805794 2.75092 0.0996691
1439.84 -0.969098 2.47645 1324.69 0.0157943 0.0647153 3002.2 2481.88 0.378983 0.688362 0.864427 0.729478 661.214 -1.80673 0.207435 3167.59 0.673027 2.31394 0.0996691
1905.7 -0.966091 2.58432 1641.91 0.159619 -1.79584 3603.61 2553.29 0.0870761 0.462087 0.444016 0.532502 698.149 0.206981 0.0936257 4934.31 0.246543 2.65745 -0.0996691
2070.86 -0.0011493 2.98857 2006.96 -0.420194 -0.817218 3977.17 3893.63 0.134755 0.573897 0.434454 0.764466 968.957 2.04692 0.0350595 5231.07 0.94087 2.90544 0.0996691
759.344 0.42793 -2.44679 -1 -1 -1 -1 480.802 0.492144 -1 0.65541 -1 657.987 0.677767 0.0247852 857.29 0.868413 3.13992 0.0996691
2521.73 -0.053719 0.0625695 409.044 0.295277 -2.22186 2220.84 1046.82 0.0208166 0.533165 0.468691 0.65833 2348.01 3.0796 0.765893 3013.35 0.941312 2.41054 -0.0996691
2604.71 0.252448 -1.22021 1488.6 -0.45373 2.23138 4344.49 2948.57 0.0359615 0.485676 0.666837 0.619337 1285.16 1.48105 0.193975 4136.6 0.926828 3.00477 0.0996691
1437.8 -0.24671 1.505 296.942 1.03006 -0.501606 1444.98 1413.68 0.805838 0.622165 0.637738 0.532716 1328.84 -1.77198 0.378043 1820.54 0.943727 2.89267 0.0996691
1370.24 -0.379201 -0.273865 1116.49 0.477875 -2.00884 2233.8 1909.37 0.447719 0.318382 0.23151 0.709602 1463.69 3.08906 0.128396 3707.04 0.835211 2.79341 0.0996691
2364 -0.513908 0.0289615 540.65 1.8518 -2.79039 4179.39 828.748 0.128714 0.309038 0.585824 0.763464 1872.34 3.03662 0.456272 3005.22 0.794624 2.75843 0.0996691
425.34 -0.809964 1.50024 418.186 0.954861 1.31539 878.841 732.54 0.306789 0.517856 0.722332 0.283293 637.161 -1.61907 0.0424198 1105.4 0.708526 3.12174 0.0996691
1239.94 -0.0759197 -0.834035 818.816 1.80109 1.07025 2743.24 2677.88 0.352406 0.576217 0.430479 0.709473 849.102 3.02115 0.1492 2957.25 0.464127 2.92557 0.0996691
2049.99 -0.00368072 2.21965 2020.73 -0.511306 -0.0775073 4093.68 3242.89 0.322822 0.558891 0.726964 0.444767 1378.29 -2.22985 0.0258615 4484.33 0.822933 2.6069 0.0996691
1160.34 -0.685246 0.0103411 614.69 -0.0304414 -2.1527 1612.06 1551.89 0.660544 0.493048 0.558908 0.67286 868.081 2.68504 0.627059 1883 0.839542 2.0474 0.0996691
2243.57 -0.310522 2.33606 1191.19 -0.487884 -0.590148 3307.28 2998.08 0.453034 0.439537 0.348364 0.767204 1189.68 -0.300503 0.0445329 4347.65 0.863074 2.59206 -0.0996691
2199.54 0.0812446 -2.89671 1717.21 -0.870957 -0.934602 3781.22 3762.29 0.589738 0.611239 0.526346 0.593623 1169.95 1.33495 0.0386901 5128.81 0.794461 2.23005 0.0996691
2703.31 -0.276799 2.16723 2289.69 -0.471026 -1.32389 4970.39 4518.28 0 0.284969 -1 0.69167 715.709 -0.191442 0.714004 5376.6 0.877389 1.64467 -0.0996691
1818.84 -0.0456751 -0.405943 953.982 -0.335037 -1.73414 1721.71 1623.12 0.361832 0.567248 0.597639 0.712485 2175.96 2.56698 0.00467014 4216.27 0.617437 2.97086 0.0996691
2173.61 0.245456 -0.767494 1611.47 0.421464 2.37201 3787.07 3651.25 0.540157 0.588386 0.734988 0.427881 967.11 1.13918 0.800066 4762.14 0.942004 1.73384 0.0996691
1226.28 -0.0633727 0.0273485 605.301 1.48802 0.26567 1497.34 1483.83 0.509642 0.274791 0.290798 0.527249 1536.28 -3.13731 0.195218 2484.83 0.520047 2.9691 0.0996691
1292.99 -0.12869 1.83622 620.672 0.862431 -1.48637 2114.72 1591.76 0.170326 0.668154 0.692412 0.726303 672.016 -1.38957 0.112389 2046.23 0.283122 2.74159 0.0996691
1396.36 -0.505543 -2.24291 309.265 -2.50727 1.51307 2027.46 1984.06 0.157473 0.618248 0.613636 0.51628 886.549 0.825844 0.5479 2020.78 0.84014 2.66529 -0.0996691
2535.8 -0.138911 -1.92603 1340.35 0.93093 0.725516 4194.67 3882.48 0.120945 0.534191 0.671334 0.469497 1315.52 1.62903 0.066168 4002.02 0.959534 2.66469 -0.0996691
2310.01 -0.478135 1.82801 907.961 0.0140671 -2.30581 2711.94 2508.89 0.288746 0.687301 0.791754 0.681476 1807.76 -0.962224 0.249188 3399.1 0.294818 3.02891 -0.0996691
1429 -0.181458 2.40733 -1 -1 -1 -1 378.041 0.168086 -1 0.531134 -1 1262.74 -0.612987 0.170922 1822.34 0.798049 2.95725 0.0996691
1650.68 -0.0420218 0.565009 1616.93 0.107334 -2.86644 3252.9 3234.43 0.214131 0.385811 0.645186 0.402096 1054.52 -2.12744 0.0253434 4517.55 0.62959 2.87312 -0.0996691
1852.86 0.418197 -2.17234 1376.79 0.414893 0.478955 3109.61 3096.87 0.386978 0.507195 0.698893 0.382898 817.09 1.72893 0.0997691 4313.61 0.665176 3.07981 0.0996691
2375.71 -0.996476 -1.56516 935.099 0.130226 1.41226 3729.02 934.981 0.201056 0.575285 0.5333 0.541037 1547.16 1.63573 0.105739 3512.01 0.917127 3.02195 0.0996691
2505.96 0.194091 1.64642 1541.28 -1.37386 -1.41317 5208 5196.17 0.506142 0.325287 0.577491 0.567158 688.205 -2.73955 0.00543451 5139.44 0.485076 2.26565 0.0996691
1133.11 -0.807719 1.2294 1036.64 -0.167322 2.4738 1468.26 1436.35 0.385365 0.625075 0.760664 0.541455 1786.88 -1.35359 0.0467701 3513.72 0.1852 2.77023 -0.0996691
2611.16 -0.0275339 -3.08473 894.821 -0.451186 -1.16796 2647.06 2569.52 0.319779 0.305161 0.788338 0.287909 2706.35 0.470286 0.407373 3827.92 0.175492 2.78993 -0.0996691
1119.14 0.890236 -0.493388 370.613 -0.363298 1.32757 1404.77 1016.72 0.423163 0.325838 0.658767 0.778556 1037.47 2.96642 1.30395 1480.32 0.795148 2.15622 0.0996691
1150.89 -1.59791 -1.47094 655.926 0.886991 0.404497 3165 2321.31 0.312343 0.0766067 0.457394 0.712283 1206.78 2.23181 0.0556171 1981.51 0.0523318 3.05945 0.0996691
1374.8 0.00686265 2.09359 1264.82 -1.1319 0.520961 2452.6 2443.26 0.465288 0.460752 0.633261 0.240584 902.237 -1.47094 0.0210806 4109.02 0.287636 2.6983 0.0996691
1718.45 -0.774866 0.845603 1145.54 1.18806 -2.06483 4380.34 3223.88 0.176972 0.477311 0.506605 0.75792 655.739 -2.6074 0.547531 2948.55 0.189565 2.76986 0.0996691
1590.88 -0.554642 -0.856327 1010.92 0.572186 -1.34924 1643.82 1630.29 0.205645 0.674155 0.13268 0.585611 1543.8 2.12764 0.0627019 3552.66 0.506805 2.92238 0.0996691
2675.65 0.04481 1.07058 1312.04 0.922175 -0.944534 3597.02 3591.81 0.114174 0.613153 0.0757227 0.364554 1978.8 -2.84191 0.0777953 5269.84 0.762257 2.29289 0.0996691
969.235 -0.586426 -1.52923 956.857 0.573941 -1.25883 1230.42 1206.33 0.594163 0.651071 0.742044 0.71934 660.624 2.45401 0.199095 3826.08 0.68658 2.77454 0.0996691
1649.28 0.734786 2.53756 1513.75 1.05024 0.264095 2918.15 2878.31 0 0.499135 -1 0.835709 696.648 -1.71993 0.169818 3756.97 0.891953 1.85588 0.0996691
920.11 2.11969 2.62711 868.291 0.780027 -2.91764 1500.41 1462.4 0.578324 0.532381 0.677353 0.551689 1756.19 -0.14347 0.174722 1932.67 0.321077 2.92482 0.0996691
1945.79 0.385477 1.03561 1760.39 -0.237062 -1.82055 3852.87 3849.83 0.225684 0.426588 0 0.678748 1855.29 2.75971 0.113664 5214.74 0.866447 2.94358 0.0996691
2543.51 -0.409091 2.15451 1302.05 1.09007 -2.34177 4170.02 3458.62 0.509529 0.324906 0.563387 0.68432 1682.3 -0.498309 0.267407 5006.72 0.900009 2.92992 0.0996691
2214.34 -0.710865 -0.522058 1368.17 1.00373 2.15837 4802.66 4567.95 0.507541 0.337556 0.699342 0.400321 1134.8 3.12569 0.0983663 3624.25 0.719034 3.01248 0.0996691
1344.88 -0.448851 -2.22186 255.931 1.4982 0.265819 1804.95 374.827 0.332261 0.635333 0.740597 0.771875 903.253 1.03614 0.0588795 1824.97 0.897244 3.01154 0.0996691
2285.69 0.15823 -1.15288 1373.4 0.591842 -3.0242 2963.35 2961.95 0.0844749 0.440775 0.387144 0.543851 916.978 1.04588 0.068435 5282.36 0.502141 2.28152 0.0996691
1810.22 -0.896879 1.68457 1434.21 0.449416 -3.08374 3313.8 2822.54 0.466407 0.425982 0.561828 0.267475 1218.93 -0.98445 0.137958 4479.71 0.8909 2.80602 -0.0996691
2113.97 0.560906 0.964808 2029.3 0.231477 -2.6191 4138.07 3913.59 0.215749 0.606148 0.428934 0.440973 881.473 -2.20175 0.0493245 5151.58 0.84935 3.06715 0.0996691
1722.76 0.433912 1.57663 770.212 -0.188168 -1.4992 2591.4 1821.62 0.438976 0.624894 0.679636 0.83107 976.368 -1.5654 0.0760689 2561.31 0.25076 2.88382 0.0996691
1341.8 -0.473025 2.63155 294.207 -1.38617 -0.596988 1490.32 1203.34 0.421276 0.558751 0.675763 0.683537 1115.31 -0.543714 0.0766572 1715.77 0.732365 3.10543 0.0996691
1423.87 0.887083 0.986005 605.144 0.814858 -1.82708 1867.78 1749.87 0.211351 0.695543 0.663784 0.708872 902.734 -2.42589 0.554489 2049.86 0.459267 2.85861 0.0996691
1557.38 0.252543 -0.355562 1059.12 -0.641937 1.97449 2672.19 1546.1 0.318288 0.0455639 0.316059 0 858.286 2.92781 0.422109 2355.03 0.773718 2.6159 0.0996691
2445.25 -0.055638 -2.89444 2244.56 0.370486 0.00914853 4839.07 4601.26 0.239158 0.5217 0.333308 0.60279 851.229 2.46796 0.100626 5520.8 0.601112 2.71602 0.0996691
1792.6 -0.433301 1.67482 1017.31 1.02367 -3.10515 2851.02 2785.07 0.10944 0.763094 0.397637 0.640139 1143.96 -0.621774 0.0102796 3870.48 0.740509 2.50088 0.0996691
1766.75 0.0298165 -2.96596 809.514 1.44618 -1.07993 2887.54 2316.9 0.0627227 0.554252 0.819676 0.558532 1648.53 1.01184 0.006616 3608.42 0.67329 2.90611 0.0996691
777.841 0.697635 2.75193 333.428 1.7396 0.847932 1039.93 971.491 0.672758 0.661662 0.620635 0.777103 739.388 -0.621242 1.47131 1195.04 0.675976 1.86209 0.0996691
1990.95 -0.529676 0.714061 1510.24 0.957063 2.55625 3957.9 3949.93 0.544948 0.50855 0.384536 0.267115 1976.44 -1.63829 0.0184685 3675.93 0.954537 2.33081 -0.0996691
2202.3 0.471188 -2.57331 2022.27 -0.562685 1.24996 4945.5 2710.09 0.102543 0.489172 0.795891 0.493289 1199.27 -0.51509 0.179243 4568.83 0.791268 2.09353 0.0996691
1320.91 -0.348826 -1.96773 -1 -1 -1 -1 1424.9 0.281393 -1 0.621438 -1 1276.91 0.997939 0.172901 1624.11 0.902616 3.13412 0.0996691
651.217 -0.119046 1.13413 -1 -1 -1 -1 229.591 0.474667 -1 0.438415 -1 651.897 -2.05706 0.304483 719.381 0.59725 2.72285 0.0996691
2094.16 0.0896836 0.319987 1258.4 -1.4401 2.83833 4142.42 4009.18 0.461981 0.279251 0.448029 0.800963 1464.92 -1.40743 0.319984 4458.86 0.762965 2.15949 0.0996691
1345.41 0.427095 -2.19956 1119.46 0.0654205 1.1511 2495.44 2454.32 0.613857 0.261284 0.762444 0.267261 641.161 -1.48949 0.718166 4428.22 0.136033 2.92515 0.0996691
904.761 0.431358 1.12044 760.075 -1.39161 2.55305 2071.88 1971.71 0.652629 0.531455 0.80732 0.350707 798.292 -0.563705 0.518673 2976.62 0.93081 2.6466 0.0996691
1820.14 -0.205352 -2.96818 1540.52 -0.380637 -0.0558112 3363.49 3290.3 0.322092 0.747105 0.263778 0.803254 1065.81 0.197196 0.136659 4152.13 0.964839 3.02677 0.0996691
770.999 1.66842 -2.15354 445.261 -1.56728 -0.581104 2965.96 2754.87 0.437168 0.461698 0.410951 0.664634 834.687 1.36058 0.05241 1546.78 0.735391 2.73533 0.0996691
966.103 1.20436 1.65171 -1 -1 -1 -1 891.107 0.616894 -1 0.764946 -1 795.011 -1.48921 0.0627285 1120.77 0.69118 3.07508 0.0996691
1071.08 0.726028 -2.58913 795.446 -0.843045 0.15648 2486.54 1896.85 0.200956 0.59639 0.723016 0.463053 660.951 1.32953 0.365516 2106.04 0.81171 3.0462 0.0996691
1689.93 0.0232176 -2.34541 1267.08 -1.09262 -0.437288 2974.1 2854.84 0.738113 0.732227 0.658078 0.693903 1808.49 1.57675 0.0508546 3945.24 0.064763 3.01429 -0.0996691
971.349 -0.329483 2.1695 306.007 1.52048 -0.899928 1615.9 1395.14 0.772403 0.738537 0.667125 0.691989 652.348 -0.969584 0.0647773 1245.28 0.553738 3.06014 0.0996691
553.528 1.15198 -0.744638 457.255 -1.86404 -0.944561 2173.26 2050.52 0.789493 0.661974 0.684724 0.744781 926.725 2.51679 0.141084 1204.46 0.16513 2.95887 0.0996691
2316.44 -0.0881959 -0.350268 2019.25 -1.09364 -2.9638 4851.39 4052.69 0.0349656 0.698663 0.669898 0.491142 654.674 2.27877 0.98473 5164.44 0.561057 1.95061 0.0996691
1854.34 -1.10292 0.556641 1297.96 -0.561604 -1.68489 2964.42 2846.44 0.452258 0.539049 0.706583 0.691282 1174.77 2.52202 0.041384 4283.86 0.857835 2.50456 0.0996691
1048.43 -0.519713 0.03253 385.723 -1.12451 3.06806 1343.08 1329.35 0.512369 0.507756 0.406958 0.687743 603.745 -3.12977 0.0850542 1510.03 0.46068 3.04233 0.0996691
2816.91 -0.139006 -0.486323 1691.96 -0.0259045 2.88782 4797.92 1440.9 0.0232287 0.320247 0.780877 0.538311 1092.49 2.41017 0.062628 4899.31 0.430016 2.8049 -0.0996691
2068.35 0.115208 -2.36054 1598.31 -0.585225 1.87267 3655.95 2390.86 0.25431 0.603326 0.719747 0.722621 678.787 0.0447688 0.0235364 5041.35 0.755659 2.76359 -0.0996691
3403.44 -0.235271 -1.75449 2878.83 0.0968008 1.33547 6435.52 6011.38 0.0928776 0.502207 0.673755 0.357359 700.632 0.691182 0.647123 6922.82 0.0431665 3.11445 0.0996691
1652.54 0.213838 1.29826 1371.86 0.3127 -0.440686 2518.85 2339.93 0.0387968 0.524931 0.569413 0.666342 1040.7 -1.90826 0.503494 3200.28 0.746079 2.78672 -0.0996691
1617.53 -0.710655 1.66332 413.071 -0.113962 -1.47594 1876.43 599.988 0.0405734 0.471591 0.62913 0.75018 1186.76 -1.47839 0.0718597 2034.71 0.610394 3.07462 0.0996691
1425.85 -0.595184 1.85859 1204.79 -0.477544 -0.217031 2265.79 2253.05 0.430324 0.549383 0.622598 0.42663 740.217 -2.06592 0.198924 3181.52 0.621106 2.1614 0.0996691
1814.59 0.778222 1.13881 1427.6 0.0993517 -2.46637 3522.08 2709.79 0.19641 0.668907 0.486586 0.628369 873.73 -1.20229 1.26156 3327.2 0.958241 2.06877 0.0996691
3054.64 -0.756149 1.22075 2087.55 -0.172725 -1.89051 5579.89 4343.4 0.133885 0.466736 0.616248 0.768327 973.814 -2.10174 0.106474 5289.45 0.841799 2.84363 0.0996691
2138.25 -0.528683 0.882077 1731.31 -0.113722 -1.59662 3745.27 3693.88 0.615061 0.241333 0.482715 0.600449 608.472 -1.7099 0.112551 5812.02 0.342732 2.4749 -0.0996691
1106.21 0.527402 3.04998 901.797 -1.30301 2.10372 2382.85 1606.26 0.436505 0.502012 0.637325 0.756451 1607.98 -0.518638 0.0191668 2226.94 0.881685 2.96135 0.0996691
1353.12 -1.11881 -0.304192 566.596 0.068125 3.08572 2111.18 1834.54 0.143551 0.306089 0.470126 0.561323 698.912 2.81877 0.271033 2047.52 0.305388 2.8797 0.0996691
2415.73 0.729202 -2.92874 1505.55 0.137622 1.3629 3423.9 3355.64 0.571613 0.844637 0.533017 0.659014 1326.22 -0.691227 0.078226 4752.71 0.946279 2.15921 0.0996691
1640.27 0.584931 -2.10637 1386.94 0.544179 1.52683 3002.69 2760.67 0.328642 0.56098 0.768909 0.663921 829.634 -1.98279 0.138652 4287.96 0.276529 2.66435 0.0996691
1388.28 0.0547319 -1.95507 957.637 -0.265371 0.300279 2220.15 1850.03 0.280749 0.121032 0.55144 0.624501 955.876 2.03082 0.662646 2404.36 0.92938 1.72237 0.0996691
2068.79 -0.407794 0.767149 1320.51 -0.237085 -2.39525 3347.41 3253.49 0.761072 0.546481 0.61039 0.367203 1479.19 -2.75587 0.320539 4902.43 0.241117 3.08006 0.0996691
1669.62 -0.753153 1.94106 321.399 1.02153 -0.767165 2287.13 763.991 0.106359 0.448334 0.606116 0.524053 1205.31 -1.22475 0.160412 2181.44 0.931512 2.9867 0.0996691
1278.55 0.569652 -1.65488 356.504 -0.557237 1.51254 1596.59 1440.3 0.408523 0.6257 0.480788 0.792288 953.709 1.44935 0.026603 1618.62 0.612155 3.12372 0.0996691
1075.08 0.494745 0.327714 -1 -1 -1 -1 1216.48 0.695593 -1 0.834239 -1 871.216 -2.77328 0.00817037 1507.43 0.737922 3.09182 0.0996691
1617.09 0.469542 -2.14022 1252.78 -0.427233 1.63613 3023.78 2984.62 0.465723 0.615654 0.668949 0.453537 1171.96 -0.028079 0.0381766 3387.92 0.483123 2.68504 0.0996691
989.714 0.0738096 -0.984185 -1 -1 -1 -1 817.277 0.236033 -1 0.720002 -1 788.924 2.15352 0.0394301 1096.97 0.795993 3.09936 0.0996691
2194.23 0.569332 -0.619043 1141.82 -0.31821 2.59813 3533.46 2418.98 0.483179 0.0841491 0.665593 0.353388 1043.32 2.54856 0.0408905 3444.5 0.563265 3.07252 0.0996691
1182.39 0.314919 1.23749 1056.94 1.27446 -2.20757 2553.68 1891.66 0.592752 0.26755 0.296915 0.443377 818.582 -0.774065 0.827213 2819.53 0.929312 2.39909 0.0996691
1846.1 -0.122533 1.6254 1072.06 0.270478 -1.53241 2887.56 2816.91 0.485356 0.509098 0.678654 0.631421 766.809 -1.5126 0.0146767 2870.42 0.276832 3.13349 0.0996691
2591.89 0.363355 -0.0457928 521.13 -1.712 -2.60237 3649.96 3178.6 0.103578 0.422509 0 0.648279 1823.35 2.98522 0.427648 3511.27 0.936792 2.82452 0.0996691
1283.26 -0.160859 3.13732 -1 -1 -1 -1 1042.42 0.261131 -1 0.79134 -1 1057.47 0.0145923 0.183191 1473.04 0.792228 2.97396 0.0996691
2008.66 -0.135531 -1.93514 1575.56 0.940133 1.48871 4171.41 3080.03 0.154563 0.74284 0.500277 0.692507 720.605 0.449771 0.620989 3673.87 0.316684 2.5166 0.0996691
1850.19 0.0872459 -2.24924 979.625 0.408699 -0.043782 2482.54 3511.02 0.603361 0.838089 0.752559 0.639865 678.564 -0.0554518 0.0532633 4526.84 0.92782 2.25801 0.0996691
2025.43 -0.149957 -2.07447 992.465 0.67696 1.86406 2888.83 2852.18 0.114779 0.618016 0.461806 0.526589 1624.81 0.417891 0.061107 4520.04 0.224302 2.7814 0.0996691
1879.54 -0.152314 3.14045 1175.53 0.647042 -0.0210961 3477.39 2523.7 0.290454 0.469439 0.645646 0.607857 652.405 -0.115518 0.0817666 3147.15 0.844006 3.09419 0.0996691
2120.92 -0.193772 2.64583 1202.15 -0.684084 0.701786 2763.55 2755.77 0.198692 0.566067 0.628616 0.519379 2090.09 -1.29565 0.052848 4839.31 0.357122 2.51705 -0.0996691
1085.96 -0.858654 -1.91206 945.819 0.873628 0.659295 2782.74 2757.34 0.593884 0.705524 0.747602 0.583606 622.558 2.26101 0.322907 2090.39 0.923769 1.78405 0.0996691
2082.91 -0.313555 -0.884932 1574.31 0.100056 -2.68569 2941.4 2933.44 0.563926 0.785782 0.531905 0.636045 1030.29 1.49508 0.377621 5017.11 0.506357 2.75706 0.0996691
1115.55 -1.43233 2.53906 -1 -1 -1 -1 293.148 0.34049 -1 0.660968 -1 959.846 -0.53155 0.327391 1280.07 0.85794 2.85538 0.0996691
2138.72 1.15096 -2.73494 1390.68 0.287542 -0.111469 3751.35 3612.9 0.285948 0.582833 0.404855 0.777695 1111.72 1.05865 0.20977 3624.82 0.619737 2.79732 0.0996691
1534.76 0.465239 -0.95635 695.295 2.35422 2.28368 3077.32 2975.67 0.759228 0.612067 0.762955 0.778064 1058.59 1.55438 0.152665 2724.82 0.0719599 3.07696 0.0996691
1372.84 -0.520186 -2.43297 898.752 1.40794 -0.995833 2900.95 2846.54 0.527588 0.43512 0.746977 0.656501 789.35 1.54494 0.135952 3454.2 0.394649 2.67537 0.0996691
1047.18 -0.544796 1.60323 280.172 1.2316 -0.813316 1508.45 1450.84 0.306081 0.514197 0.544507 0.498145 676.858 -1.3936 0.597173 1552.47 0.659945 2.38624 0.0996691
1767.27 -0.42034 -1.28626 999.519 -0.148793 2.53863 2583.93 2365.05 0.621374 0.654154 0.420204 0.670486 904.451 1.30015 0.0636424 3025.44 0.15225 2.8425 0.0996691
1881.82 -0.679906 2.98039 1526.65 0.213863 -0.295264 3880.9 2575.72 0.482521 0.18186 0.256053 0.75488 936.654 -1.28495 0.379718 4685.91 0.857748 3.11622 -0.0996691
750.78 1.42291 -2.06582 -1 -1 -1 -1 649.673 0.0846104 -1 0.45597 -1 622.536 1.08413 0.0323371 837.267 0.791372 3.10118 0.0996691
1338.71 -1.67479 -2.59703 1251.07 0.178821 0.658728 3788.87 3697.81 0.732318 0.619641 0.788514 0.365727 1193.87 0.625557 0.0321236 3722.92 0.186304 3.07436 0.0996691
1730.13 0.620413 -0.253642 1541.64 0.416691 1.83503 2857.41 2842.67 0.221824 0.629151 0.294784 0.333899 2243.37 -2.45075 1.99512 3874.17 0.900966 1.001 -0.0996691
2129.53 1.0893 -0.924127 1539.71 0.329096 0.949769 3270.9 3236.94 0.203651 0.43509 0.629271 0.570362 957.463 2.6698 0.0108387 5267.61 0.687169 2.69921 0.0996691
1904.73 0.0473598 -0.535158 1745.5 -0.334302 -2.77891 3478.62 3070.58 0.255691 0.455554 0.15633 0.525199 884.825 2.92156 0.327347 5637.82 0.620925 3.12937 0.0996691
3064.45 0.648019 2.06432 937.942 0.0593043 -1.1513 3776.76 900.492 0.098958 0.465756 0.646298 0.638584 2064.46 -1.10246 0.00624037 4120.97 0.499781 2.98234 0.0996691
1728.57 -0.54405 1.10315 748.117 0.488533 -2.6441 2526.21 2267.46 0.56182 0.284396 0.64679 0.536195 1261.96 -1.37225 0.555681 2967.49 0.980633 1.91754 0.0996691
1572.71 0.115942 1.99142 378.793 1.8037 -1.85084 2075.15 2034.8 0.337668 0.801369 0.702674 0.700966 969.945 -0.943261 0.142432 2677.32 0.894368 3.07379 0.0996691
979.561 -0.648476 -1.15225 519.981 0.336599 1.00967 1474.58 1433.45 0.635444 0.599792 0.586246 0.779833 681.241 2.49199 0.0955527 1667.58 0.895314 2.53771 0.0996691
1473.67 -0.38711 2.48473 461.165 0.657429 -0.616156 1893.4 1789.97 0.362742 0.799143 0.640712 0.61352 1013.52 -0.659315 0.0612542 1913.09 0.554123 3.08117 0.0996691
1605.13 -1.59076 -0.222196 1552.46 0.574981 1.75689 4915.04 4775.13 0.420094 0.432805 0.0984506 0.77113 1027.09 -2.67857 0.0291066 4408.49 0.486138 2.48554 0.0996691
1827.72 0.634396 -1.85256 1501.9 0.32026 2.2088 3020.34 3019.07 0.404502 0.486635 0.241276 0.449345 888.382 0.959612 0.257916 4398.24 0.812608 3.07026 0.0996691
1144.32 0.558688 -1.86709 308.063 1.18723 1.93558 1199.83 1117.36 0.627216 0.684244 0.61494 0.646143 786.666 1.47779 0.496474 1712.01 0.664959 2.4432 0.0996691
865.5 0.941785 2.23692 259.622 -2.06563 0.190493 2202.06 1902.5 0.459589 0.664018 0.607084 0.700304 738.722 -1.22022 0.179588 1152.96 0.384755 2.81346 0.0996691
1926.07 1.11417 -1.27514 1034.18 -1.45627 0.0479142 5078.91 4137.67 0.703572 0.256915 0.746084 0.67913 2057.08 2.292 0.063087 3302.09 0.728237 2.77836 0.0996691
1820.09 -0.271515 1.71711 1592.47 0.608943 -0.3876 3342.92 3328.82 0.355929 0.225159 0.210474 0.625217 706.083 -1.76105 0.0743971 4826.98 0.718793 2.8796 0.0996691
1687.18 0.110817 0.485967 -1 -1 -1 -1 461.356 0.455542 -1 0.686855 -1 1526.69 -2.65683 0.0945864 1922.5 0.73081 3.10995 0.0996691
1411.82 0.607983 -1.89208 1005.97 -0.0390222 0.495788 2355.04 2343.04 0.607436 0.300702 0.67119 0.284835 847.808 2.10626 0.573135 2622.54 0.857849 1.71254 0.0996691
1274.28 -1.00759 2.35141 1091.02 1.57144 -2.61323 4215.79 4182.22 0.494287 0.356036 0.46948 0.494657 1257.72 0.412416 0.00541991 3996.34 0.301672 3.01983 0.0996691
1119.42 -0.255036 2.37016 680.483 0.850203 -0.480236 2014.53 1968.06 0.764089 0.263513 0.669303 0.847075 895.591 -0.444204 0.0363157 2911.04 0.28068 2.85099 0.0996691
1866.87 -0.442064 1.14841 1653.56 -0.7117 -0.940337 3080.94 3076.25 0.483908 0.471242 0.409124 0.428441 685.779 -2.04694 0.0326157 6138.27 0.243271 3.05525 0.0996691
1621.34 -0.118497 -1.20314 1266.1 -0.762041 1.38922 3069.26 2122.19 0.252586 0.284964 0.832121 0.50278 694.674 2.50802 0.827894 3150.31 0.979923 1.84877 -0.0996691
1825.43 0.120374 0.747969 1400.62 -1.10057 3.10859 3622.37 3589.56 0.523182 0.697309 0.28277 0.682487 833.716 -0.76636 0.262923 3401.18 0.814808 2.14979 -0.0996691
1511.89 0.507433 2.10312 926.45 0.342856 -1.52226 2337.89 2243.97 0.632606 0.48799 0.440049 0.521646 631.936 -0.41375 0.134302 2673.7 0.680366 2.93047 0.0996691
1615.6 -0.557795 -2.91774 1181.6 -0.0808655 0.415696 2875.75 2638.27 0.344894 0.559959 0.646911 0.708883 729.22 1.20887 0.125144 3961.89 0.788299 2.63075 0.0996691
1980.92 0.037482 1.42094 1797.34 -0.289484 -0.946529 3569.28 3505.56 0.508403 0.646877 0.634301 0.568924 1178.43 -3.08495 0.106577 4308.59 0.917832 2.04268 0.0996691
884.704 -0.147019 -2.07744 573.703 1.65768 -2.90509 1611.3 1286.72 0.375248 0.604576 0.699263 0.57604 892.382 0.727843 0.0102957 1923.84 0.615158 3.07495 0.0996691
2690.8 -0.17579 -1.316 841.152 0.395585 1.57807 3190.51 3983.72 0.431537 0.378285 0.552874 0.714763 1146.39 2.17863 0.158387 4373.75 0.471145 3.00947 0.0996691
2492.36 0.896973 -1.09325 1323.01 0.354993 2.33054 3914.25 4063.68 0.119593 0.179225 0.666628 0.571856 971.874 2.3693 0.0287101 4561.66 0.595687 2.84753 0.0996691
669.256 0.646355 -2.29523 -1 -1 -1 -1 391.98 0.373635 -1 0.588181 -1 673.18 0.818832 0.140526 708.63 0.870451 3.02535 0.0996691
1453.59 1.02194 1.32202 275.362 -0.508873 -2.05139 1666.62 1596.6 0.451795 0.357646 0.496274 0.716711 1113.36 -1.8 0.0519204 1757.81 0.912305 3.10613 0.0996691
2556.86 -0.449632 0.247588 1024.95 0.805718 -0.941177 2931.71 3944.77 0.4249 0.298544 0.199072 0.520518 1718.09 3.07913 0.0233798 4949.45 0.724439 2.85409 0.0996691
1774.08 -0.88519 2.60673 1258.35 -1.21928 -1.06997 2983.62 2908.54 0.408688 0.481272 0.6954 0.445918 667.834 -0.0508067 0.0380537 4920.31 0.885462 3.07043 0.0996691
1970.27 -0.791821 1.37378 1787.3 -0.749771 -3.09626 3099.34 2766.95 0.614906 0.3726 0.455412 0.652513 2611.82 -0.771887 1.44837 4247.07 0.910874 2.09191 0.0996691
2329.53 -0.592179 0.271063 1914.71 0.632428 -2.71285 5071.77 4898.97 0.567879 0.615746 0.743268 0.508204 1038.41 1.7665 0.333288 5526.52 0.763121 2.48203 0.0996691
1073.6 -0.845504 -2.65102 580.516 -0.135434 1.4248 1539.65 1528.77 0.109655 0.46389 0.578317 0.578615 1231.59 -0.191611 1.61171 2032.39 0.812005 1.27439 -0.0996691
2338.47 0.742607 -2.28152 1411.12 0.621328 1.2865 3871.81 2929.37 0.0844504 0.726107 0.39618 0.555675 830.343 1.19354 0.0648597 4925.88 0.866794 2.96405 0.0996691
2004.02 -0.598615 1.15675 1274.85 0.579049 3.06008 3307.36 3161.21 0.265121 0.363958 0.453117 0.63566 1824.2 -1.33161 1.45082 3293.59 0.949422 2.34122 -0.0996691
2767.41 -0.517422 0.983253 1393.93 -0.405515 -1.92584 4212.31 3178.39 0.103889 0.685825 0.332388 0.594084 1481 -2.22778 0.308318 4327.44 0.288187 2.6537 0.0996691
2511.22 -0.291636 2.03006 1922.71 0.938315 -0.221738 5086.78 4078.65 0.0905731 0.201502 0.384592 0.546728 2083.58 -1.95712 0.18026 4472.52 0.971567 2.11528 0.0996691
1683.32 1.20807 0.0196445 1479.46 -1.61959 1.5781 6502.63 6456.73 0.110884 0.0498527 0.741528 0.751172 1141.01 -2.83684 0.038198 4486.99 0.681607 2.8172 0.0996691
1490.64 1.15893 0.939404 1315.65 -0.87445 -0.274527 3735.07 3667.33 0.740277 0.51099 0.738138 0.586432 1018.09 -2.60136 0.0547237 4122.99 0.707201 2.69148 -0.0996691
1777.74 -0.457429 -0.744395 1479.25 -0.0946516 0.935591 2543.26 2951.9 0.190736 0.67774 0.502823 0.690615 1265.77 2.85956 0.051646 2490.21 0.899962 1.97928 -0.0996691
1506.35 1.09646 1.79969 1462.63 -1.54171 -1.99834 5985.45 4753.67 0.339135 0.243039 0.561318 0.59922 1238.84 -0.464344 0.20903 3664.59 0.512639 3.09281 0.0996691
1145.39 0.862743 2.83424 839.067 -0.314775 -2.8388 1402.27 1314.19 0.47112 0.759554 0.454893 0.607259 967.025 -0.178416 0.105876 3605.32 0.352201 3.11422 -0.0996691
2002.59 0.729718 -3.04846 1734.42 0.363829 0.341003 3885.22 2908.29 0.442346 0.669277 0.775842 0.644789 771.911 -0.411614 0.0102596 4245.45 0.853228 3.0782 0.0996691
2519.49 0.0725466 -1.67043 1315.11 -0.333429 1.93156 3742.45 2591.75 0.353394 0.613172 0.676318 0.739312 1274.01 1.13423 0.119376 4136.7 0.96988 3.13359 0.0996691
1061.48 -1.276 -0.0299628 882.652 0.942509 1.21433 2878.19 2576.1 0.284578 0.210436 0.812425 0.560647 1173.6 -2.41484 0.110523 2595.18 0.503018 2.54235 -0.0996691
1350.21 -1.2686 0.6374 766.615 -0.230638 -2.21904 2381.58 2003.07 0.336037 0.612068 0.398996 0.729217 647.886 -2.21733 0.0411868 2521.64 0.248681 2.93225 0.0996691
1258.22 0.981198 -0.470153 974.064 -0.925962 -2.82614 3210.76 3110.34 0.801412 0.283253 0.770582 0.529643 1164.35 2.08921 0.172772 2570.5 0.10421 3.08936 0.0996691
1088.91 -1.05416 -1.50027 428.036 -2.76985 0.685343 1804.3 1743.13 0.697043 0.691331 0.674742 0.816671 894.445 2.11526 1.26397 1538.38 0.957414 2.34673 0.0996691
1892.05 0.967937 0.566885 1587.24 -0.0667334 2.87397 3820.4 2985.52 0.0481043 0.161245 0.761788 0.554918 1382.31 -1.62903 0.3418 3609.9 0.966147 2.7862 0.0996691
2030.07 -0.339358 0.971136 874.58 -0.806536 -1.50709 2629.81 2568.49 0.822595 0.622572 0.723366 0.815216 1333.57 -2.52721 0.0174365 3050.29 0.859217 2.77368 0.0996691
1859.43 0.881944 1.52121 1270.44 0.531848 -1.65247 3187.24 2925.74 0.656146 0.65159 0.638324 0.750866 1030.74 -1.57379 0.0662359 3976.72 0.690616 3.02517 0.0996691
1365.04 -0.131867 -1.20148 540.324 -0.15264 1.96896 1731.68 1703.62 0.598048 0.367203 0.664266 0.732232 1222.92 1.86202 0.103173 2270.88 0.436504 3.115 0.0996691
1282.25 0.386228 2.22436 533.34 0.313728 -0.226277 1566.92 1548.2 0.395136 0.167819 0.698643 0.605537 789.97 -1.29784 0.0932623 1949.41 0.81038 2.66829 0.0996691
1798.69 0.169789 -2.00901 1742.52 0.466739 1.29826 3577.13 3558.47 0.640663 0.318031 0.759329 0.14672 872.55 -2.05652 0.0460386 4672.23 0.0846316 2.97417 0.0996691
2110.98 0.931044 0.0294877 1686.96 -0.889634 -2.22892 5236.38 4942.33 0.278131 0.284593 0.429793 0.66361 1051.45 2.49845 0.56745 4563.04 0.682736 1.90376 -0.0996691
2061.55 0.0302872 -2.4837 1993.09 0.0607586 1.42555 3947.73 3052.95 0.615752 0.327427 0.720601 0.507749 867.442 -1.07552 0.117885 5242.3 0.646033 2.75321 -0.0996691
1740.99 -0.374901 -1.7072 1676.3 0.379904 0.777404 3533.72 3461.01 0.437795 0.300313 0.651206 0.747304 710.008 -1.59746 0.115243 4927.88 0.349103 2.43608 -0.0996691
1171.54 0.0863859 -0.148098 598.937 -2.05453 -1.67832 2456.73 2381.24 0.459337 0.703661 0.655941 0.869498 797.413 2.57067 0.0712507 2296.56 0.254573 2.66634 0.0996691
1716.65 0.188844 2.78253 1604.18 -0.263868 -2.34029 2059.68 1892.39 0.471132 0.212171 0.579948 0.633078 2272.7 0.151384 0.195086 3915.46 0.970854 2.47078 -0.0996691
1441.75 -0.65815 -2.54858 757.558 1.00461 -1.93649 2236.6 1091.4 0.498887 0.297449 0.247305 0.627633 1960.31 0.846525 0.424501 2623.82 0.94917 2.68773 0.0996691
1388.56 0.235471 -1.87875 874.008 -1.41536 1.97982 2903.82 2831.96 0.427355 0.549748 0.552431 0.761015 1309.58 0.821066 0.00145406 3195.68 0.560534 2.8938 0.0996691
2217.3 -0.373276 1.23617 1907.87 -0.480317 -0.889161 3602.91 3596.2 0.265523 0.664222 0.30598 0.635439 1483.74 -3.05857 0.263708 4699.11 0.965658 1.90668 0.0996691
2573.62 0.422321 -2.43715 1842.4 0.361411 0.791785 4374.67 4339.9 0.646881 0.556116 0.671981 0.661407 1324.08 -0.278112 1.07314 5532.84 0.720867 1.58473 0.0996691
742.295 1.3258 1.45363 475.619 -0.60361 -1.44257 1828.91 825.396 0.631401 0.456076 0.482459 0.787864 639.465 -1.41312 0.0570525 1610.72 0.199051 3.12293 0.0996691
2399.36 0.551337 -2.25867 1244.35 0.672569 0.222312 3298.13 3257.71 0.603531 0.464627 0.660319 0.293763 654.231 0.245935 0.0230773 5317.24 0.436223 2.48457 0.0996691
1853.22 0.0369441 -0.514625 1613.8 -0.267289 1.46344 2944.61 2932.26 0.160924 0.419552 0.446828 0.694625 866.872 -3.05156 0.105762 4653.11 0.792642 2.43045 0.0996691
1295.92 0.312943 2.21115 516.708 -0.0338864 -1.01639 1731.56 1340.28 0.418097 0.692239 0.626008 0.819433 722.013 -0.754108 0.221909 1913.91 0.342439 3.02542 0.0996691
1725.45 -0.910628 3.0256 1422 0.0891334 1.53389 2708.78 2698.65 0.420803 0.0798741 0.279229 0.452492 1151.57 -1.18353 0.247183 4683.66 0.521687 2.47002 0.0996691
1174.89 -1.307 -0.908245 426.313 -1.59953 1.39414 1395.61 1196.74 0.411287 0.613195 0.603663 0.715315 703.789 2.5075 0.138634 1937.22 0.9246 2.79504 0.0996691
1611.01 0.164413 1.88792 1054.26 0.69932 -2.62816 2147.65 2127.04 0.458351 0.124537 0.565721 0.149889 1260.22 -0.572344 0.20497 3206.12 0.522294 2.66502 -0.0996691
2798.75 0.747728 -1.16434 1984.79 -0.195527 2.64586 5145.12 4210.38 0.725927 0.74845 0.658648 0.657917 680.385 2.89127 0.0159004 6635.99 0.549035 2.68828 0.0996691
1602.01 -0.104517 -1.25923 1244.4 -1.00491 1.7756 3118.36 3081.51 0.273876 0.50364 0.490952 0.568014 609.578 1.15198 0.620248 3253.29 0.688261 1.9377 0.0996691
984.325 0.185566 -1.72762 -1 -1 -1 -1 944.122 0.414854 -1 0.216074 -1 725.583 1.31987 0.0135221 1310.12 0.890681 3.03026 0.0996691
1778.28 0.00968759 2.44742 629.551 0.622339 -0.839814 2230.36 2120.92 0.57383 0.640117 0.222096 0.573863 1178.48 -0.608413 0.166928 2397.83 0.945588 2.88891 0.0996691
1290.29 0.465599 -0.2095 496.695 -0.599795 3.08657 1839.54 1831.67 0.436517 0.0386903 0.666449 0 823.122 2.99874 0.0867927 1945.81 0.448564 2.98414 0.0996691
1354.06 0.207303 0.251486 1195.19 -1.44894 -0.204384 2462.98 2354.12 0.763378 0.457943 0.638402 0.587739 1929.43 2.86352 1.00536 3457.05 0.48371 2.20982 0.0996691
1325.05 1.12517 -0.326185 1148.55 -0.015941 2.44394 2923.23 2176.62 0.707541 0.328868 0.692864 0.615547 814.279 -2.71098 1.04345 2818.97 0.438393 2.56948 0.0996691
2376.21 0.423628 -2.23122 1227.21 0.885466 1.52441 3363.91 3301.8 0.337646 0.330146 0.648625 0.669297 738.186 1.30034 0.211002 4654.71 0.979825 2.96251 -0.0996691
733.103 -1.09641 -2.55377 642.055 0.577 -3.03488 1333.54 1315.97 0.534845 0.391239 0.675798 0.485327 1070.22 0.367231 0.024321 1639.03 0.463252 2.89329 0.0996691
2157.47 0.773014 -2.05041 1805.5 0.327876 1.78314 4060.33 2785.49 0.304503 0.621582 0.717721 0.724403 1160.55 0.246627 0.669888 4265.84 0.807323 1.72818 0.0996691
2256.68 0.229075 -0.32954 1592.57 0.466153 -2.68102 3754.77 3336.01 0.215472 0.287644 0.697076 0.606266 654.073 1.95294 0.132793 4812.94 0.510964 2.41474 -0.0996691
2353.98 -0.529406 1.78367 1223.07 -0.0727665 -1.05074 3585.03 2865.78 0.113662 0.655105 0.60984 0.718424 1585.26 -1.02949 0.0218027 4621.81 0.316377 3.00301 -0.0996691
1951.78 -0.812351 -1.11468 994.829 1.98193 2.76944 5906.22 5811.6 0.211368 0.301868 0.808192 0.441863 803.017 1.84447 0.529029 3711.73 0.638776 2.4258 0.0996691
1985.38 0.264069 -2.50064 1818.97 0.460155 0.386538 3818.18 3698.97 0.580121 0.568901 0.601538 0.569632 934.43 1.34852 0.509852 4338.1 0.816541 2.66915 0.0996691
2013.2 -0.0199834 1.5611 967.963 -1.2039 -0.523653 3016.28 2664.13 0.560441 0.17804 0.735588 0.609882 1003.89 -1.92668 0.0336527 4038.09 0.482314 2.77015 0.0996691
1685.95 0.140929 0.0694969 740.636 1.2174 -3.03034 2601.36 2408.01 0.420429 0.258941 0.644921 0.626368 823.499 -3.10571 0.0928672 2502 0.791404 3.01503 0.0996691
1786.85 0.13204 -1.81742 848.89 0.45982 1.27307 2514.3 2499.08 0.581813 0.428001 0.607625 0.603832 909.693 1.33265 0.0588377 2625.63 0.359517 3.091 0.0996691
1641.32 0.0585382 2.98689 1588.01 -0.875219 -1.05809 3438.79 2251.94 0.148804 0.679601 0.586717 0.613935 1723.5 1.17109 0.0557928 3817.83 0.71874 2.31569 -0.0996691
1289.23 -0.254611 -2.16901 1132.85 0.279136 1.79375 2329.25 2260.44 0.663488 0.53808 0.621724 0.867618 950.552 0.168733 0.436409 3535.74 0.868602 3.12592 0.0996691
1925.49 -0.875785 -2.18495 1913.28 0.431763 0.1444 4570.69 2973.11 0.128733 0.706548 0.469672 0.703797 1373.85 2.08074 0.0315361 4097.07 0.72988 2.11895 -0.0996691
601.334 -0.155976 -2.07871 -1 -1 -1 -1 422.47 0.587947 -1 0.489665 -1 629.812 0.794202 1.89794 737.155 0.845745 1.51389 0.0996691
1475.01 0.228652 2.71416 560.511 -1.37413 -2.73644 1905.75 1623.24 0.244966 0.795941 0.668293 0.773367 1365.61 -0.300083 0.183109 2581.93 0.479954 2.68354 0.0996691
894.14 0.484071 -2.78394 641.985 -0.356897 0.685512 1647.84 1603.17 0.709192 0.756342 0.763273 0.617983 672.723 -0.909888 0.0716294 2171.79 0.563859 2.80352 0.0996691
1027.59 0.172027 1.68775 846.719 -0.15603 -1.98445 1835.87 1797.17 0.656469 0.464542 0.690367 0.686391 739.37 -1.61226 0.00152028 2619.1 0.955975 2.98385 0.0996691
1169.95 -1.34817 -1.8562 369.532 -0.520515 1.25036 1465.44 1357.93 0.499017 0.719127 0.549399 0.756226 823.603 1.2056 0.0108917 1568.67 0.53114 3.10005 0.0996691
2332.18 -0.560095 -0.864312 1443.15 0.448666 2.07737 4272.22 2313.76 0.602555 0.601479 0.782096 0.397242 1407.26 1.89634 0.00977254 4970.38 0.67468 2.7721 -0.0996691
1604.95 -0.143707 -2.0662 -1 -1 -1 -1 625.931 0.109701 -1 0.406892 -1 1553.86 1.08334 0.00998712 1790.05 0.91199 2.9583 0.0996691
2121.09 0.672836 0.597944 1344.4 -1.16296 -1.24136 4468.78 4401.73 0.664432 0.343169 0.803572 0.277403 1606.94 3.08874 0.353695 4293.49 0.601108 2.20554 -0.0996691
2582.43 -0.902914 0.0919572 2048.58 0.289949 2.39474 5419.17 4287.87 0.166883 0.647282 0.263457 0.608615 1735.99 -2.15234 0.171322 4777 0.530912 2.27631 0.0996691
1586.97 -0.357374 -1.96249 1474.58 0.42635 2.14765 2993.71 2973.68 0.1525 0.503558 0.703534 0.657581 628.275 0.760517 0.0605718 3986.61 0.952334 2.65606 -0.0996691
1401.23 -1.36309 -0.21347 1043.88 0.299561 1.72565 3018.01 2971.48 0.55121 0.387806 0.686341 0.576989 1368.33 -3.13201 0.0163553 3409.75 0.693739 2.90828 0.0996691
2372.72 0.956547 -2.67875 1728.26 -0.0122796 1.12103 4529.87 3370.82 0.105948 0.344408 0.828115 0.677111 1114.56 -0.293655 0.0798493 4365.98 0.49682 2.69826 0.0996691
1486.26 -0.0112313 -2.47785 738.124 0.285323 0.47468 2126.21 2045.01 0.625979 0.718257 0.717156 0.702411 745.338 0.443247 0.0392421 3206.19 0.370817 2.96201 0.0996691
1608.41 -0.775023 2.49334 1602.58 -0.613867 0.442138 2792.97 2753.26 0.328217 0.639268 0.6183 0.470897 721.413 -1.83154 0.102674 4771.9 0.415574 2.37601 0.0996691
1662.71 -0.566069 1.84379 924.869 0.160834 -1.32247 2681.82 2507.49 0.114805 0.589196 0.257677 0.40339 727.843 -1.18764 0.204676 2600.95 0.336045 3.04733 0.0996691
712.112 1.58454 0.480382 256.84 -0.657526 0.288406 1187.85 1144.88 0.751374 0.622282 0.749392 0.573421 727.051 -2.70624 0.0541503 1201.72 0.666896 3.1349 0.0996691
1742.07 0.573868 2.50299 1553.62 -0.697877 0.885203 3268.29 3263.79 0.45811 0.653854 0.488634 0.679442 1336.03 -1.27705 0.344202 4373.13 0.611549 2.15814 0.0996691
1212.93 0.786545 2.57927 294.999 0.269686 0.135654 1185.7 1121.42 0.630272 0.437402 0.790307 0.613479 902.127 -0.730697 0.027111 1620.9 0.951689 3.00494 0.0996691
1641.01 0.597226 -2.68474 329.596 1.30593 0.373146 1585.18 1535.73 0.47903 0.581736 0.351085 0.589333 1285.22 0.186895 0.205582 2233.67 0.677012 3.07272 0.0996691
2732.6 -0.158937 -2.75387 1227.65 -0.720747 -0.612752 3630.41 2899.41 0.136159 0.292062 0.697836 0.765344 2210.6 0.808933 0.00772345 4193.36 0.655737 3.14129 0.0996691
1637.17 -0.45422 -1.24109 274.615 -1.2742 2.73877 1445.95 1197.75 0.450287 0.33241 0.362683 0.509776 1366.97 1.98363 0.0700725 2361.02 0.944473 2.9393 0.0996691
1492.09 0.646424 -2.11492 526.534 0.760208 0.925011 1794.59 1727.44 0.371361 0.502421 0.219394 0.680197 965.635 0.98305 0.0276605 2080.92 0.503706 3.06936 0.0996691
2140.43 -0.443354 -2.8008 1007.76 -0.550091 2.02103 2129.67 1988.99 0.31923 0.568135 0.409344 0.539123 1346.75 0.0816558 0.0313252 4322.78 0.637593 2.76879 0.0996691
1577.56 -0.475152 2.86071 1427.46 -0.236002 0.139871 2973.2 2938.98 0.777085 0.510615 0.707114 0.297251 695.175 -1.42604 1.45872 3000.92 0.99808 0.543641 0.0996691
2083.04 0.124088 -1.57178 1043.82 -0.211541 1.16729 3245.57 1075.37 0.0422 0.471725 0.634279 0.700965 1226.16 1.30691 0.0799038 4127.69 0.0944514 2.95876 0.0996691
905.39 -0.144928 -0.863139 -1 -1 -1 -1 694.699 0.754682 -1 0.748677 -1 767.692 2.29103 0.06657 993.946 0.742606 3.06483 0.0996691
2437.09 0.2541 0.961993 1914.74 -0.46727 3.05477 4471.58 2723.18 0.285347 0.607891 0.505145 0.603052 645.934 -1.6909 0.343984 6153.76 0.957054 2.71574 -0.0996691
2124.27 0.238843 -3.09856 1070.85 -1.09955 1.10428 3625.2 2634.24 0.187559 0.248559 0.781719 0.76717 2175.36 -0.419249 0.867476 3693.74 0.846853 2.19314 0.0996691
2096.73 0.109245 2.28733 364.856 0.401012 -0.969562 1829.87 1777.05 0.184956 0.631515 0.538082 0.668082 1748.2 -0.825956 0.107801 2436.68 0.715706 3.06195 0.0996691
1325.26 -0.582956 1.81413 933.053 0.777695 -2.1721 2656.41 2432.79 0.573115 0.43618 0.471631 0.662243 1357.82 -0.815762 0.0121719 3280.15 0.670742 3.10411 0.0996691
1543.57 -0.330234 -0.528296 993.578 -0.641152 1.64605 2330.93 1906.07 0.76366 0.388045 0.733388 0.547125 824.951 3.06982 0.0272377 3498.46 0.547784 2.71231 -0.0996691
1201.03 -0.858952 -1.15389 -1 -1 -1 -1 504.216 0.15731 -1 0.808346 -1 1206.45 1.92116 0.539919 1438.18 0.955466 2.75135 0.0996691
1818.17 -0.000464906 1.1237 768.609 1.43815 -0.540216 2568.99 2535.84 0.659553 0.63609 0.491003 0.671705 1327.36 -2.67283 0.22543 3244.99 0.862722 2.26356 -0.0996691
814.674 0.584608 1.87593 -1 -1 -1 -1 637.925 0.546517 -1 0.629728 -1 688.637 -1.29244 0.0423603 922.562 0.729194 3.11555 0.0996691
1847.47 -0.632587 -1.29584 1261.88 0.82901 0.341152 3310.78 3273.37 0.572851 0.6288 0.718809 0.457441 2364.22 2.24117 1.80229 3573.24 0.936325 0.942877 0.0996691
2214.86 0.522455 0.653452 2153.35 0.385309 3.09946 4136.36 4067.05 0.781629 0.58872 0.636671 0.759714 944.136 -1.9475 0.82709 5176.75 0.987136 1.77689 -0.0996691
2660.06 0.189628 -2.33924 1905.99 0.0223274 1.16727 4470.07 4388.6 0.765957 0.656196 0.689152 0.763706 819.961 1.0794 0.0873421 5713.36 0.240652 2.77185 0.0996691
1072.07 -0.51496 3.07108 763.159 0.941063 -1.1166 2133.54 2108.6 0.174923 0.470128 0.603119 0.55331 653.525 0.694168 0.191121 2064.6 0.690738 2.56985 0.0996691
1259.39 0.00406388 1.23929 1141.71 -0.310727 0.197388 1282.18 1244.93 0.419295 0.647548 0.508252 0.578521 943.486 -2.32908 0.138745 3597.5 0.289563 2.58685 0.0996691
1784.25 -0.0546453 0.867103 564.009 1.63714 -3.04988 2667.61 2598.3 0.549979 0.476464 0.369082 0.848123 1222.19 -1.87528 0.0816506 2936.64 0.953769 2.66096 -0.0996691
528.938 -1.58672 0.429341 337.069 -0.597734 -0.354196 559.849 532.17 0.560423 0.627862 0.359328 0.685511 698.362 -2.9919 0.171904 928.924 0.874865 3.03887 0.0996691
2491.28 0.417846 1.77311 1829.45 -0.117811 -0.938394 4354.07 4290.41 0.653612 0.312398 0.753497 0.703924 780.123 -0.686489 0.255574 5517.25 0.261059 2.71652 0.0996691
1386.88 1.53485 2.00261 798.979 0.157566 2.69215 1872.23 1583.46 0.251931 0.681153 0.393074 0.659584 1084.09 -0.993201 0.074303 3241.89 0.420949 2.95802 0.0996691
1707.91 -0.0890676 1.49447 1120.45 -1.48434 -2.72675 3163.92 3163.31 0.0835726 0.0422827 0.217549 0.453362 1321.94 -1.2347 0.410581 3279.57 0.909221 2.31859 0.0996691
2245 -0.237013 0.210316 1640.27 0.131568 -2.77993 3942.65 3777 0.534036 0.57472 0.66442 0.732737 610.924 3.0077 0.302895 3871.37 0.514828 2.65341 0.0996691
1584.98 0.505821 -0.888047 -1 -1 -1 -1 715.876 0.0496172 -1 0.79119 -1 1454.22 2.22694 0.0503178 1754.63 0.735629 3.05732 0.0996691
1973.44 0.216136 -0.502503 1838.43 -0.0986775 -2.90601 3714.51 3071.92 0.344109 0.595266 0.786533 0.736782 682.566 1.49033 0.00656331 4682.96 0.452151 2.90411 0.0996691
1217.1 0.454776 0.729103 483.677 1.00177 -2.25562 1618.24 1572.83 0.411248 0.795179 0.812582 0.670123 951.252 -2.115 0.147509 2080.33 0.432345 3.00652 0.0996691
2972.13 -0.20304 2.29526 2004.87 0.285887 -1.04971 5304.5 3736.02 0.0642068 0.527472 0.151147 0.51523 1008.79 -0.652087 0.141611 5144 0.746708 2.92204 0.0996691
991.658 1.21928 1.74928 836.582 -0.657947 1.1792 2121.49 1700.5 0.489206 0.187488 0.671238 0.736249 1314.5 -1.60935 0.043734 2924.96 0.928362 3.0635 0.0996691
1585.95 0.507687 -1.87945 1320.24 -0.724671 2.36405 3125.56 3037.99 0.666254 0.696151 0.611918 0.457737 671.33 2.14193 0.230524 4630.56 0.948295 2.21096 -0.0996691
2031.81 -0.278992 0.376087 1863.76 0.579636 3.05696 4229.4 3824.34 0.531938 0.381333 0.738429 0.608446 815.237 -3.03626 0.012151 5092.7 0.724492 2.88357 -0.0996691
837.68 1.11545 -0.137772 -1 -1 -1 -1 521.466 0.501052 -1 0.739296 -1 714.523 3.10068 0.0619502 891.511 0.816394 3.10407 0.0996691
1582.02 -0.0865147 2.45789 343.978 -0.618637 -0.428106 1538.2 1495.69 0.471673 0.550865 0.207143 0.631015 1238.63 -0.679082 0.271456 1912.31 0.662397 2.86521 0.0996691
1826.04 0.0379799 -3.01163 555.454 0.208652 -0.0816193 2060.43 1848.51 0.51654 0.469768 0.642047 0.791388 1345.56 0.0506859 0.110794 2444.82 0.583143 2.95439 0.0996691
2788.59 0.132506 -2.79798 2788.41 0.565113 0.255492 5732.06 5658.41 0.192009 0.432222 0.482493 0.687078 639.25 -2.79561 0.00703907 6266.72 0.0494517 3.04334 0.0996691
1537.16 0.598499 -1.36763 1440.4 -0.544409 -1.76564 1917.81 1911.36 0.484526 0.309637 0.482478 0.399994 773.507 1.63642 0.0425549 5053.92 0.158087 2.96218 0.0996691
2702.17 -0.101938 -1.79016 1283.98 -0.774223 1.44005 3960.15 3939.18 0.414643 0.230179 0.287251 0.506882 699.891 1.31597 0.0840887 4633.53 0.608543 3.02188 0.0996691
1211.35 0.537766 3.08965 556.989 0.356847 0.366602 1763.67 1353.94 0.221227 0.662761 0.318876 0.571212 669.526 -0.333577 0.232529 1835.64 0.953212 3.00542 0.0996691
2648.47 0.250114 1.14052 1892.1 1.17766 -1.32343 4815.23 3795.9 0.746172 0.179595 0.668288 0.139456 1481.68 -2.79254 0.06393 4643.87 0.939309 2.41383 0.0996691
2679.89 -0.80788 -1.92881 1796.32 0.214679 1.36768 5142.68 4469.44 0.396344 0.634753 0.492354 0.495977 1006.84 1.83299 0.138738 5402.03 0.41212 2.94485 0.0996691
1225.79 1.44535 -1.62976 1210.28 0.476567 2.51944 2512.03 2333.1 0.166612 0.402268 0.723247 0.722386 653.189 1.67691 0.801391 3604.2 0.79064 2.19545 0.0996691
1223.19 -0.362751 0.671102 -1 -1 -1 -1 1308.09 0.679439 -1 0.683995 -1 1015.17 -2.45675 0.105798 1479.07 0.66914 3.04531 0.0996691
1432.43 -0.168878 1.60933 -1 -1 -1 -1 1002.41 0.250615 -1 0.337891 -1 1318.88 -1.47395 0.0407754 1705.44 0.911909 3.0415 0.0996691
1098.22 -0.160138 0.567655 404.224 1.83741 0.713028 1621.89 1340.66 0.482698 0.785021 0.759734 0.67741 1329.17 -2.52077 0.046946 1627.61 0.445255 3.04368 0.0996691
1518.26 0.868295 1.77353 1379.31 -0.790498 1.09742 2880.92 2814.68 0.465261 0.584087 0.50885 0.641238 2101.22 -2.04861 0.00234485 4331.75 0.519329 3.13684 0.0996691
1815.8 -0.302977 -0.184837 1227.49 -0.717958 2.69197 3097.43 2852.58 0.213996 0.213273 0.597013 0.755055 648.927 -2.92368 0.108336 3105.89 0.92112 2.88575 0.0996691
1475.19 0.0394621 2.88072 864.997 -1.66849 -1.33109 2994.65 2221.67 0.411947 0.451857 0.182575 0.612374 1365.03 0.241425 1.20411 2508.06 0.819952 2.43929 -0.0996691
2283.47 -0.535506 1.31135 1241.73 -0.924727 -2.73232 3140.3 3089.89 0.417429 0.565997 0.554292 0.728754 656.505 -2.87287 0.146723 5544.77 0.551438 1.9741 -0.0996691
1081.08 -0.639917 0.39716 460.707 -2.16767 -1.96892 1803 1331.65 0.605947 0.552904 0.729717 0.632832 605.632 -3.01244 0.043294 2011.33 0.919909 2.9142 0.0996691
1695.01 -0.316412 2.17295 1409.25 -1.27475 -0.671544 3431.04 3407.04 0.428943 0.278798 0.687386 0.458613 1160.32 -1.60042 0.928663 3707.81 0.498994 2.44322 0.0996691
1582.67 0.840762 0.796354 250.906 0.720642 -2.34054 1339.05 1203.22 0.609672 0.77065 0.510212 0.795563 1346.86 -2.32721 0.0262873 1822.65 0.750165 3.1386 0.0996691
1412.82 0.0449381 -2.41973 -1 -1 -1 -1 986.317 0.239965 -1 0.543577 -1 1211.58 0.742282 0.0205647 1608.22 0.778071 3.13954 0.0996691
2342.53 0.424946 -2.40286 1453.98 -0.668044 0.478308 4402.13 3285.07 0.240734 0.758931 0.579099 0.683669 849.246 1.14581 0.0462331 3964.74 0.725183 2.81945 0.0996691
1558.08 0.84218 -1.80282 724.569 1.09075 1.02094 2173.21 2096.39 0.316272 0.539825 0.721388 0.4594 629.445 1.66538 0.106686 2457.36 0.812737 2.92647 0.0996691
2219.28 1.0493 -2.77743 1889.07 -0.533104 -1.02242 4789.4 4769.34 0.57839 0.274824 0.4051 0.163658 1499.83 0.920891 0.03343 5351.24 0.921085 2.61826 0.0996691
851.112 0.461374 -1.13993 574.772 -1.13591 0.425652 1599.72 1524.09 0.608928 0.632799 0.781087 0.551607 678.591 2.5912 0.030189 1731.5 0.497867 2.52123 0.0996691
2328.32 0.180942 2.66649 1542.07 0.236504 -0.811047 3835.57 3192.17 0.129609 0.702933 0.660923 0.832764 610.076 -0.898139 0.0869487 4777.73 0.4246 3.08934 0.0996691
2430.3 0.77626 -1.48652 1788.96 -0.488005 2.76573 4588.2 4452.98 0.693553 0.315123 0.807006 0.575812 1942.83 0.865467 0.0680271 4453.13 0.825832 2.42074 0.0996691
1919.78 -0.165873 2.85914 1100.16 0.354859 0.290774 2939.91 1347.58 0.176612 0.372372 0.426639 0.818556 1702.04 -0.985208 0.00626421 4374.56 0.527032 3.03926 0.0996691
1541.76 -1.0401 -0.00585185 841.964 0.854514 -0.129079 2505.03 2497.98 0.35378 0.108675 0.631755 0 2097.8 2.91525 0.0561392 2927.85 0.689996 3.10046 -0.0996691
1817.97 -0.675448 -1.28144 1065.41 1.08088 -2.7033 3332.45 3302.99 0.161626 0.429462 0.631372 0.674973 1934.49 1.62092 0.0203599 3751.64 0.635756 2.9195 0.0996691
1885.32 -0.0460418 -1.60303 1278.48 0.1195 -2.71894 1671.61 1669.58 0.665431 0.299651 0.750033 0.305848 1590.91 1.29739 0.00661886 4519.71 0.840219 2.90603 -0.0996691
2207.28 0.259109 1.79753 1351.27 -0.104921 -2.0182 3355.28 3299.4 0.385581 0.763262 0.525861 0.692998 799.438 -0.999509 0.182627 4372.26 0.757007 2.61395 0.0996691
1651.8 0.195229 1.41662 465.673 -1.10794 2.96092 1752.42 1678.46 0.72551 0.337993 0.440691 0.513665 1464.14 -1.45831 0.0632877 2359.15 0.862493 2.93886 0.0996691
884.463 -0.861904 0.745165 466.301 1.32748 -3.01251 2105.4 2079.13 0.588986 0.0834649 0.773582 0.543572 791.541 -1.90871 0.00418615 1928.51 0.867645 2.9873 0.0996691
812.262 -0.899154 2.19148 -1 -1 -1 -1 395.452 0.306398 -1 0.553736 -1 716.198 -0.899396 0.130892 895.24 0.893931 3.06409 0.0996691
1466.87 0.0250791 0.203896 294.666 -0.931754 -2.83771 1482.98 1330.01 0.496386 0.758671 0.400838 0.749718 925.314 -2.92234 0.00759292 2005.84 0.714905 3.1192 0.0996691
1906.62 0.550089 -1.13042 1777.94 -0.433876 -2.67345 3207.06 3117.45 0.588419 0.371906 0.744463 0.865168 1223.17 1.20707 0.139449 5042.2 0.905187 2.42152 -0.0996691
2386.87 -0.458236 -2.68759 1017.48 -0.164119 -0.298531 3033.16 2455.78 0.540848 0.563213 0.614692 0.744504 1202.22 0.239739 0.0248523 4863.65 0.802676 2.95188 0.0996691
1523.94 0.529821 1.45449 1413.1 -0.171758 -0.943805 2932.99 2924.22 0.565925 0.497959 0.337054 0.681274 895.091 -2.79578 0.0514262 3021.07 0.976196 1.98148 0.0996691
2828.13 -0.162806 -0.218834 2043.13 -0.183682 2.89951 5078.88 942.512 0.410794 0.216182 0.336092 0.571905 800.796 2.92227 0.0197949 4997.48 0.328207 2.94718 -0.0996691
2063.77 -0.160525 0.628048 1222.13 -0.371051 -2.9186 3187.27 2899.93 0.631229 0.297486 0.708035 0.648159 771.684 -2.53904 0.0514073 3928.72 0.726789 3.11654 -0.0996691
1613.97 0.164128 2.44461 530.538 -0.659117 -0.279815 1986.46 1936.43 0.509904 0.485586 0.270143 0.534155 786.123 -0.693858 0.425416 2518.69 0.543247 2.71853 0.0996691
2183.19 0.149924 -2.66352 1580.51 0.486942 1.56629 3383.15 2828.4 0.331029 0.596857 0.444903 0.276413 1161.04 -0.612513 0.035642 4760.57 0.298289 2.72886 -0.0996691
1264.46 -0.375743 1.62689 470.048 -1.39466 0.334662 1269.39 1040.48 0.507212 0.620383 0.343657 0.817346 979.71 -1.59249 0.209846 2212.95 0.787932 2.85146 0.0996691
1646.22 0.158358 -1.60176 812.93 0.646327 1.48581 2400.18 2344.92 0.737402 0.405827 0.676623 0.720092 874.688 1.76584 0.27977 2571.74 0.336194 3.08396 0.0996691
2493.06 -0.646183 2.43055 1585.1 0.589792 -0.676899 4863.53 3014.08 0.0933021 0.519248 0.666721 0.692383 881.913 -0.913693 0.153633 4137.64 0.87933 2.89574 0.0996691
1192.4 0.155495 0.478634 1020.43 0.971937 -0.274556 1257.62 1208.41 0.593889 0.347829 0.526601 0.454018 1723.22 -2.96917 0.0082171 2544.28 0.865601 2.82878 0.0996691
1567.19 -1.07139 -0.929857 1013.23 -0.218015 1.81504 2760.38 2557.28 0.4421 0.760079 0.567838 0.774525 954.138 -2.38709 0.0469716 3639.26 0.710525 2.43642 0.0996691
1084.85 0.493233 2.90707 402.223 -0.532771 -0.735978 1513.16 913.294 0.636083 0.56308 0.690303 0.734123 687.486 -0.64935 0.00300056 2018.8 0.829439 2.98091 0.0996691
2026.54 0.251007 -1.04367 2002.51 -0.347986 -2.48589 2938.64 2933.97 0.674386 0.701347 0.636553 0.660857 877.939 1.75403 0.098528 6244.98 0.456007 2.89612 -0.0996691
911.395 -0.716607 1.26179 -1 -1 -1 -1 901.948 0.681885 -1 0.749415 -1 605.405 -1.83018 0.00521588 1124.8 0.604184 3.09513 0.0996691
1426.63 0.112855 3.09529 1034.61 -0.256195 1.62935 1789.71 3003.83 0.117182 0.467584 0.462824 0.483159 891.458 -0.177108 0.0588091 3625.9 0.744916 2.95224 0.0996691
1773.22 0.0489282 -2.94837 1101 -1.21515 0.801124 3273.65 3212.03 0.0966664 0.589349 0.349786 0.824918 675.864 0.40006 0.0699219 4101.6 0.964802 2.8653 -0.0996691
1541.85 -0.838977 1.78919 -1 -1 -1 -1 232.287 0.364468 -1 0.269054 -1 1544.31 -1.27881 1.80608 1622.15 0.799305 1.40609 0.0996691
816.442 0.420565 -1.44541 270.21 -3.15369 -3.02977 2824.11 2702.33 0.624741 0.53913 0.720288 0.571385 717.369 1.3227 0.0170172 1319.47 0.547559 2.78665 0.0996691
1053.87 0.906357 -1.24657 287.59 -0.99372 2.05769 1648.47 1516.87 0.629212 0.672894 0.506753 0.663724 655.147 1.98401 0.0596296 1515.46 0.612834 3.00205 0.0996691
1713.55 -0.492283 -0.662904 1643.63 0.0892931 -2.84205 3260.29 2642.7 0.140413 0.27436 0.388914 0.557262 1179.52 1.47815 0.201655 3646.66 0.758502 1.95704 0.0996691
1477.65 0.210929 -0.0260057 520.504 -0.010149 -2.93965 1796.58 1608.59 0.657051 0.556086 0.561206 0.785278 968.672 2.99756 0.0807779 1985.99 0.919503 2.95372 0.0996691
1477.52 0.322089 0.969684 566.565 1.02047 -2.62714 1959.35 1853.87 0.360384 0.531226 0.662405 0.548325 671.336 -1.6885 0.0715861 2463.07 0.781816 2.5817 0.0996691
2069.54 -0.0570293 2.83548 1081.85 0.369625 0.936338 2548.12 2495.33 0.565122 0.554895 0.484007 0.748616 1603.95 -0.855142 0.106136 3990.91 0.750666 2.6961 0.0996691
1948.31 0.477565 1.35162 1592.48 -0.795766 -1.50299 4307.24 4123.05 0.250657 0.464721 0.557413 0.582755 1059.72 -0.681364 0.0226689 4984.71 0.867567 2.70156 0.0996691
962.996 0.0184467 -1.2908 894.804 1.32422 -0.768941 1411.77 1363.7 0.409915 0.554157 0.728761 0.469189 1510.83 2.16337 0.289697 2122.75 0.364253 2.97767 0.0996691
1185.4 -1.12173 -0.320329 770.165 1.23968 -1.69475 3082.61 3018.39 0.211744 0.633994 0.694827 0.800442 872.544 2.34482 0.0938935 2587.11 0.497121 2.57306 0.0996691
1916.46 -0.868055 -2.57415 1208.85 1.49377 -0.37908 5251.55 5227.93 0.572752 0.340011 0.6152 0.501454 1294.99 1.88961 0.0242807 4091.57 0.912326 2.29258 0.0996691
2338.09 0.464799 -0.601718 1682.43 -0.0720211 2.21459 4068.59 4051.63 0.36558 0.111303 0.67781 0.756229 959.065 -3.10007 0.409873 4051.81 0.972896 2.08818 0.0996691
1160.06 0.639429 -2.34364 259.655 -0.399644 -0.722527 1150.9 444.827 0.171971 0.584434 0.778434 0.735699 1057.83 0.997554 0.254488 1516.34 0.394725 2.99501 0.0996691
2319.78 0.764917 -2.88471 592.38 -1.53593 -2.58576 3366.22 3207.77 0.206258 0.373327 0.428864 0.553379 2601.25 0.336646 0.112823 3223.15 0.832539 3.10744 0.0996691
1914.82 1.2454 -2.53214 1582.03 0.325803 0.820057 3907.2 2828.59 0.417487 0.428401 0.563447 0.50784 699.722 0.864855 0.0466563 4197.07 0.356676 3.06319 0.0996691
1732.71 0.140818 2.41053 1454.62 -0.429134 -2.08345 2657.9 2635.71 0.459705 0.441519 0.725317 0.419181 893.822 -0.261295 0.0757322 4525.19 0.546933 2.74893 -0.0996691
1852.32 0.113896 2.05907 1052.7 -1.46412 -2.07247 3474.15 3414.57 0.674323 0.426074 0.782032 0.707413 724.272 0.0122827 0.0562964 3837.77 0.854136 2.02721 -0.0996691
1653.24 -0.109985 3.00585 830.138 0.0866374 -0.760001 2285.38 2261.56 0.11186 0.709855 0.666093 0.536354 750.853 -0.232005 0.5296 3187.31 0.443823 2.51587 0.0996691
1801.08 -0.99461 -1.05884 1430.25 -0.15838 1.47364 3386.78 3262.71 0.440216 0.394344 0.638522 0.558256 1071.51 1.5128 0.0337759 4516.03 0.325924 2.53539 0.0996691
1685.67 0.0405043 -0.403088 511.755 1.39431 -2.60364 2144.05 2121.3 0.517587 0.276818 0.623485 0.656991 1056.69 2.43303 0.0977006 2577.68 0.749312 2.93431 0.0996691
1394.85 -0.860051 3.09494 1181.27 -0.902266 -0.835242 2414.87 2269.09 0.651552 0.433223 0.806372 0.675417 609.633 1.79865 0.0488888 3794.11 0.815738 2.68262 0.0996691
1748.29 -1.01828 3.06201 1690.75 0.906347 -1.66474 4699.24 2703.23 0.0326316 0.127964 0.635505 0.666771 1706.43 0.699649 0.0402592 4127.38 0.428245 2.579 -0.0996691
2315.77 0.0805229 0.36738 808.764 -1.14187 2.67561 3091.64 3020.88 0.682425 0.387632 0.725345 0.611604 1903.31 -2.17116 0.0559506 3790.87 0.557486 2.85515 0.0996691
1671.58 0.681183 -1.61084 1431.05 1.00165 0.828845 2965.5 2929.79 0.305903 0.262496 0.81217 0.804681 800.023 2.52334 0.0129161 3402.27 0.757121 2.13503 0.0996691
1440.44 0.195142 -2.91408 885.742 0.19579 -0.756226 2099.96 1468.24 0.184449 0.618336 0.420117 0.594206 995.359 0.955506 0.0405024 2674.95 0.643727 2.62279 0.0996691
978.266 0.179733 -1.80182 271.91 0.748235 -0.5425 720.36 657.362 0.596375 0.676686 0.781955 0.807074 993.616 1.69947 0.0533712 1445.31 0.0749646 3.06323 0.0996691
1706.36 0.908893 2.04959 1009.99 0.715218 -1.44239 2765.58 2210.65 0.300497 0.502624 0.710577 0.620922 791.664 -1.08822 0.349527 3071.06 0.931514 2.83086 0.0996691
1169.24 0.172877 -2.81721 1011.87 -0.422248 -0.00203973 2294.8 2138.59 0.112297 0.0914591 0.413907 0.439676 952.897 0.351344 0.348556 3193.03 0.302473 2.76476 0.0996691
662.929 -0.999357 1.84352 -1 -1 -1 -1 812.669 0.635177 -1 0.709722 -1 611.895 -1.45663 0.045839 865.322 0.708937 2.94412 0.0996691
1529.08 -1.36342 1.4869 1120.32 -0.196184 -2.75063 2806.06 2715.95 0.206166 0.418556 0.764161 0.596096 833.065 -1.71589 0.0533214 4309.12 0.458176 3.13229 0.0996691
2547.85 -1.09706 0.99734 819.405 0.300891 -2.5437 3827.07 903.812 0.234837 0.393359 0.303711 0.609688 1862.1 -2.02718 0.516514 3524.7 0.406888 2.38829 0.0996691
1487.99 0.231964 0.529567 294.273 1.79614 -2.83525 1769.98 1737.64 0.482051 0.705445 0.298302 0.558565 1305.41 -2.475 0.0513275 2059.41 0.896193 2.95767 -0.0996691
1526.75 -0.829682 -1.4829 493.82 -0.874254 0.343725 1392.5 1341.45 0.570783 0.275166 0.459797 0.648117 1102.69 2.00981 0.0631001 2376.14 0.616556 2.73343 0.0996691
1386.93 0.0795793 -0.903996 531.731 -1.18229 1.2994 1922.11 1911.91 0.494724 0.125518 0.633696 0.364254 1129.31 2.61477 1.31661 1915.88 0.603601 2.20216 0.0996691
1673.31 0.63205 -2.51494 1271.79 0.735543 1.15477 2833.8 2797.51 0.348126 0.605633 0.681314 0.276841 1584.79 -0.838448 0.0781327 3993.25 0.915516 2.58016 0.0996691
1561.87 0.990088 0.852262 494.785 1.32907 -1.84144 1911.63 540.87 0.267056 0.606868 0.233317 0.782089 1098.56 -2.44854 0.461643 2124.09 0.674147 2.98639 0.0996691
1378.46 0.3844 0.826614 -1 -1 -1 -1 1376.38 0.484949 -1 0.698188 -1 1316.48 -2.14905 0.343732 1615.11 0.970493 2.95813 0.0996691
1296.55 -0.402845 -0.847362 -1 -1 -1 -1 246.006 0.52612 -1 0.439285 -1 1221.89 2.25863 0.172384 1313.2 0.939955 3.02132 0.0996691
1991.11 -1.07271 -3.00059 1122.75 0.49848 0.60418 3979.27 2019.33 0.0911794 0.264205 0.776865 0.697236 1148.87 0.621593 0.0357476 4287.14 0.393562 2.69663 0.0996691
2001.25 0.83493 -3.11064 1780.48 0.309903 0.866071 3611.42 3579.01 0.470266 0.808917 0.5914 0.835026 683.841 -1.22873 0.474854 4656.47 0.944407 2.07975 0.0996691
3196.38 -0.776767 0.599735 2647.8 -0.115341 -2.77738 6269.5 5501.13 0.255541 0.704376 0.372581 0.572412 630.905 -2.04175 0.280726 5876.75 0.974409 2.99631 0.0996691
1535.56 -1.1011 1.52699 1047.95 1.3454 -2.88311 4444.97 4358.09 0.544729 0.343774 0.673276 0.698223 1359.1 -0.897166 0.408535 2755.27 0.97336 2.83295 -0.0996691
2056.51 0.725618 -2.77372 1733.07 0.0734894 0.503347 3982.69 3946.64 0.445028 0.229875 0.282474 0.539035 692.851 0.296586 0.205749 5191.1 0.108614 3.00333 0.0996691
1677.36 -0.828322 2.25668 967.941 0.389989 -0.212291 2959.6 2526.4 0.612055 0.158762 0.642134 0.753639 987.964 -1.503 0.0712276 2765 0.876945 2.44964 0.0996691
947.748 -0.765294 -2.90793 288.565 2.59676 0.603209 2910.52 1893 0.672348 0.6662 0.553561 0.570282 692.531 0.0526708 0.0281807 1232.55 0.932572 2.99045 0.0996691
1413.18 -0.330468 -0.555331 1148.12 -1.48149 -1.0642 1677.78 1671.1 0.673343 0.456802 0.406418 0.561302 1183.84 2.73172 0.0926533 4161.91 0.478226 2.90348 0.0996691
1792.6 -0.119163 1.85508 1119.43 0.945048 -0.747153 3176.85 3089.05 0.538182 0.629874 0.614412 0.647383 650.257 -2.02602 0.489034 3524.72 0.663317 2.89988 0.0996691
2319.46 -0.280067 0.769916 1741.94 -0.279471 -0.884857 2992.2 2887.56 0.15415 0.596424 0.728347 0.521533 1093.18 -2.49518 0.000647068 6323.82 0.556118 2.98609 0.0996691
936.803 -0.130568 -2.20743 353.323 -2.1792 -0.693085 1619.89 1569.87 0.628144 0.769559 0.754271 0.674776 829.389 1.29025 0.0529358 1458.24 0.708881 3.12981 0.0996691
2300.89 -0.352302 -1.86073 1662.93 0.256298 0.725476 3955.68 3944.37 0 0.323589 -1 0.548221 963.484 0.905833 0.182896 5283.99 0.606802 2.96193 -0.0996691
1731.51 0.106668 -2.6989 719.299 0.817827 0.509421 2471.6 1871.67 0.476069 0.183932 0.712088 0.831144 1017.48 0.496924 0.0547296 2406.86 0.598051 3.12703 0.0996691
1015.17 -0.84779 0.346283 -1 -1 -1 -1 671.1 0.375575 -1 0.306107 -1 778.35 -2.7615 0.485254 1265.62 0.819158 2.62252 0.0996691
2085.67 -0.383963 -2.02004 2031.69 0.417984 0.192684 4074.3 3933.9 0.372282 0.397113 0.739725 0.410322 1066.1 2.53182 0.734539 4940.27 0.75847 1.60462 -0.0996691
1703.4 0.311617 -2.29858 1096.29 1.37539 1.01053 3243.51 2787.78 0.546093 0.526228 0.456312 0.648673 620.319 0.686051 0.101662 2835.17 0.75333 3.08023 0.0996691
594.272 -2.16777 1.94503 -1 -1 -1 -1 927.634 0.42633 -1 0.64404 -1 665.314 -0.89753 1.13203 817.242 0.800678 1.68479 0.0996691
1233.91 1.39173 -2.67035 1182.33 -1.31226 0.121431 5007.8 2716.33 0.411699 0.682394 0.445936 0.716187 788.742 -0.384571 0.253784 3541.64 0.945206 3.04006 -0.0996691
1760.21 -0.795458 1.61798 543.138 1.11341 2.15617 2248.1 2535.39 0.302381 0.393488 0.47094 0.748348 1664.96 -1.15172 0.128427 3104.01 0.511457 2.96922 -0.0996691
942.862 -0.745077 2.5228 289.177 -1.57593 -0.642073 1157.89 1089.24 0.606465 0.674052 0.517067 0.614665 642.976 -0.297433 0.348581 1410.01 0.614978 2.89881 0.0996691
1698.04 0.163714 -0.24113 1616.1 -0.47315 -2.86255 3384.54 3368.61 0.497117 0.62683 0.493541 0.541741 1386.44 1.18087 0.0115721 4921.44 0.526131 2.7492 -0.0996691
1231.54 -0.365194 1.55095 955.023 -0.221602 -1.51261 2188.67 2140.79 0.540137 0.583027 0.653605 0.599728 953.671 -1.42425 0.0814366 2833.4 0.138112 3.05101 0.0996691
2282.21 0.541389 0.596929 2108.38 -0.168908 -2.56571 4691.36 4615.87 0.560888 0.689586 0.381459 0.569903 845.761 2.31729 0.00666046 5760.43 0.958481 2.98668 0.0996691
1454.19 0.0924354 -0.819791 1397.44 0.14556 0.609765 1884.54 1870.18 0.382883 0.149283 0.378318 0.691162 920.998 -2.88989 0.413541 4159.51 0.974515 2.37019 0.0996691
1537.11 0.025315 1.69686 459.19 0.287084 -1.20182 1700.91 1667.93 0.578038 0.334782 0.665966 0.590771 1006.07 -1.38735 0.17905 2132.09 0.555496 2.9034 0.0996691
2144.6 0.0831361 -0.00292096 1750.9 0.873216 2.82719 4278.45 2620.56 0.613261 0.436432 0.629294 0.593802 789.055 -2.17325 0.122002 4141.34 0.456562 2.43567 -0.0996691
2257.86 -0.711042 0.423957 1715.23 0.0970856 2.98449 4309.51 3152.19 0.417568 0.315217 0.609261 0.832033 774.734 3.01557 0.0665119 5885.67 0.451976 2.82629 0.0996691
1080.12 1.17928 -1.87775 647.257 -1.33704 1.81347 3208.47 2626.67 0.571262 0.592883 0.328952 0.683609 698.774 1.16079 0.549564 2267.85 0.288006 2.82835 0.0996691
1454.67 -0.444703 1.09891 382.917 0.855733 -0.675561 1565.37 1536.8 0.67238 0.523716 0.645934 0.667997 1160.03 -2.2307 0.0264699 2139.3 0.834696 2.97979 0.0996691
2994.42 0.296846 1.11616 2306.5 0.753093 -1.37213 5579.63 4342.66 0.124143 0.258721 0.755406 0.580692 1376.44 -2.90775 0.059093 5950.18 0.57636 2.68147 0.0996691
2774.45 0.490281 -0.660816 1489.15 -0.362402 2.57517 4614.35 2913.06 0.224845 0.362797 0.369744 0.358762 1338.91 2.45068 0.0114756 4336.43 0.563977 3.01938 0.0996691
2183.06 0.239959 0.276523 1050.51 0.669442 3.04237 3100.39 2683.57 0.134791 0.208026 0.545111 0.690432 1078.91 -2.9412 0.116426 3659.32 0.816982 2.95155 0.0996691
1883.7 -0.295857 0.674893 1794.75 -1.22398 2.94147 3852.28 3011.73 0.661434 0.429248 0.491386 0.751283 928.299 -1.37875 0.0307375 4256.99 0.726193 2.74173 0.0996691
1345.42 0.634789 -2.21756 478.66 -1.07903 0.746283 2248.87 2052.98 0.322876 0.656397 0.798286 0.618813 683.081 0.709611 0.108223 2110.81 0.523121 3.03561 0.0996691
2178.79 -1.36418 -0.584968 570.345 0.408047 2.09341 3344.27 517.113 0.395079 0.271879 0.242994 0.571732 1594.39 2.60941 0.454775 3088.33 0.903913 2.78186 0.0996691
1399.03 -1.33699 2.85339 1398.42 -0.272526 0.76365 2885.84 2876.29 0.279782 0.11009 0.635443 0.556817 1162.26 -1.6694 0.204512 3464.23 0.71693 2.63668 0.0996691
1575.07 -0.260295 -2.29713 988.247 -0.687563 2.7797 1536.39 1504.14 0.176702 0.541632 0.609975 0.717476 1031.91 -0.159795 0.0644354 4543.4 0.153226 3.00431 0.0996691
1439.92 0.721141 0.409736 1126.13 -0.579928 3.05595 3054.98 2994.98 0.516455 0.537273 0.652543 0.707078 624.202 -0.402501 0.0980618 3867.68 0.845265 2.88943 0.0996691
1728.73 0.345401 1.40336 1102.07 0.590919 -0.410593 2248.6 2239.53 0.188594 0.454132 0.0727791 0.426814 848.036 -2.376 0.0444598 3812.11 0.402627 2.54797 0.0996691
1638.39 -0.972578 2.36257 1542.24 -1.06737 -1.16682 3227.97 2583.49 0.332246 0.170657 0.733802 0.534461 907.133 -0.709324 0.0754514 4101 0.587799 2.98734 0.0996691
780.899 -1.85095 1.48821 -1 -1 -1 -1 766.638 0.662479 -1 0.800386 -1 648.21 -1.61149 0.0120134 943.97 0.610753 3.09549 0.0996691
3388.12 0.875117 2.52787 716.943 0.0382583 -0.771161 3758.33 1493.59 0.183113 0.407213 0.514339 0.406459 2668.28 -0.539063 0.15891 4108.66 0.946811 2.94282 -0.0996691
1727.45 -0.966087 -0.707072 831.414 -1.68366 0.93673 1977.53 1961.13 0.613592 0.0725967 0.805533 0.212742 948.285 2.82379 0.13847 3359.15 0.436779 2.61488 0.0996691
1404.28 0.252914 -2.71181 1255.75 -0.322664 1.4232 2525.69 2292.52 0.662265 0.526497 0.775141 0.442538 810.263 0.277041 0.252915 3631.71 0.856233 3.03664 0.0996691
1631.26 -0.468048 0.705171 886.426 0.486267 -2.80232 2718.39 1968.79 0.416553 0.302737 0.402368 0.537349 1181.08 -2.49622 0.054291 3460.89 0.825329 3.1361 0.0996691
3291.63 -0.674793 1.97657 744.623 0.230464 0.0054933 3009.93 2996.48 0.288218 0.815695 0.33829 0.655553 2301.67 -1.50347 0.0276716 4955.92 0.863366 2.77539 -0.0996691
986.98 0.879515 0.294661 455.436 0.990249 -0.830889 768.545 645.909 0.214773 0.483446 0.352162 0.6935 906.88 2.98334 0.134575 1794.44 0.494949 2.82814 0.0996691
1204.77 -0.191102 -1.80532 -1 -1 -1 -1 543.907 0.689511 -1 0.574548 -1 1207.26 1.26082 1.29686 1401.33 0.960343 1.77219 0.0996691
1871.52 -0.208453 2.5552 1221.98 -0.340129 -1.75868 2540.65 2517.09 0.294434 0.270923 0.779212 0.621855 1033.17 -0.107212 0.295359 3773.17 0.583472 2.36944 0.0996691
2050.76 -0.147132 2.81049 728.057 -1.70882 0.707318 3009.97 1700.15 0.670159 0.445163 0.562232 0.47547 1540.07 -0.20504 0.005055 3994.31 0.705667 3.01905 -0.0996691
1833.68 0.138576 2.93323 658.454 0.108663 0.306855 2156.21 2093.5 0.455752 0.410396 0.599624 0.504392 1349.45 -0.178734 0.459131 3199.32 0.517528 2.66526 0.0996691
1849.38 0.448438 1.09626 1242.6 0.565528 -1.93242 3191.09 2706.78 0.134922 0.267929 0.579804 0.630447 712.618 -2.48102 0.100061 3277.86 0.67769 2.95143 0.0996691
1855.26 0.274898 -0.262997 1593.45 -0.0651886 -2.85961 3559.98 2808.07 0.194312 0.518232 0.601082 0.577885 646.589 1.8536 0.341756 3609.27 0.628153 2.76611 0.0996691
1504.93 -0.620682 -1.49851 -1 -1 -1 -1 1089.34 0.549409 -1 0.664979 -1 1247.18 1.62476 0.149539 1825.51 0.738827 2.97604 0.0996691
1966.17 -0.128088 1.15808 1026.85 1.09429 -1.31546 3272.98 3127.09 0.670666 0.678142 0.701417 0.649476 1022.03 -1.90696 0.0305682 4041.17 0.732375 3.09585 -0.0996691
1351.67 0.645473 0.476716 714.747 -0.602374 -2.66589 2387.35 2131.12 0.466024 0.693282 0.743503 0.573754 608.971 -2.68685 0.00312352 2042.73 0.286449 3.13913 0.0996691
1750.08 -0.305513 -1.38111 1202.47 -0.428895 1.11231 2968.89 2603.7 0.350168 0.316559 0.655379 0.736922 991.99 1.42056 0.338029 4152.9 0.577621 3.08494 -0.0996691
635.197 -0.277505 0.958548 414.852 0.513866 2.50746 858.024 774.863 0.478446 0.581525 0.634085 0.758982 613.451 -1.74852 0.251335 1271.36 0.939801 2.47601 0.0996691
968.692 -0.232944 -3.11362 -1 -1 -1 -1 764.976 0.479801 -1 0.732375 -1 847.999 0.00396817 0.0701652 1132.53 0.733953 3.0797 0.0996691
1364.07 0.111587 -0.503725 866.756 0.311311 2.72132 2268.85 1739.19 0.156037 0.152073 0.679682 0.661777 747.984 2.72402 0.00150156 2552.5 0.0844916 2.97242 0.0996691
2440.94 0.548805 -2.42069 1919.89 0.419553 -0.0519789 4029.53 3984.63 0.576615 0.35145 0.441433 0.42693 1408.95 1.53388 0.480535 4538.71 0.922355 1.8518 0.0996691
3047.19 0.561568 0.489023 2216.04 -0.0377722 -2.61721 5545.08 4457.21 0.267684 0.851646 0.410373 0.704004 723.918 -2.72748 0.100969 5324.03 0.0469942 3.05251 0.0996691
3247.04 0.753512 0.393474 2549.03 -0.692681 -2.60951 7338.38 7289.02 0.116182 0.598691 0.736476 0.66719 1404.87 2.25463 0.0685878 6982.26 0.89312 2.66799 0.0996691
2745.16 0.667799 2.87084 918.575 1.23797 0.107166 3289.49 3188.77 0.696196 0.380483 0.754733 0.449794 2036.74 -0.508183 0.600752 3847.01 0.954157 2.49552 -0.0996691
2424.54 0.082605 -2.61978 2054 -0.721125 0.237944 4974.41 4541.05 0.679984 0.628536 0.559878 0.458466 721.994 -0.472718 0.116431 5822.12 0.853373 2.65807 0.0996691
1980.3 0.194733 -2.41376 1386.21 0.43394 1.43969 3171.14 3060.07 0.539883 0.607604 0.365169 0.593066 1301.46 -0.057722 1.50158 3249.61 0.369095 2.4468 0.0996691
2299.86 0.0412125 -2.07418 1951.7 -0.469878 0.381231 4161.6 4096.5 0.232412 0.692468 0.383855 0.697181 796.678 0.328045 0.0508935 6293.33 0.589772 2.99835 -0.0996691
1668.19 -0.30923 -2.51269 1219.79 -1.13104 -0.0492916 2958.31 2944.59 0.0474168 0.184453 0.431531 0.749023 1817.67 1.36908 0.00882173 4204.47 0.627686 3.09066 -0.0996691
957.879 -0.141534 -2.19146 354.12 -0.383687 0.960312 1188.1 1129.35 0.74777 0.623171 0.647879 0.600389 611.201 0.927573 0.0155845 1266.86 0.473882 3.14107 0.0996691
2697.61 0.249834 3.041 1481.94 -0.686305 0.0818633 4452.16 4334.89 0.476325 0.559147 0.574825 0.507799 984.186 -0.244897 0.249984 4477.53 0.959531 2.74821 -0.0996691
1392.32 -0.173794 -2.941 476.709 0.154339 -0.505468 1578.15 1474.76 0.147432 0.374514 0.455755 0.774034 957.287 0.635689 0.0889958 2092.43 0.970993 2.61613 0.0996691
996.002 -0.0404295 0.249977 -1 -1 -1 -1 594.458 0.290896 -1 0.584332 -1 848.003 -2.8127 0.141836 1132.05 0.851942 3.0786 0.0996691
1189 -0.579875 -1.51543 1125.41 -0.551969 -0.0228109 1582.33 1562.4 0.402669 0.73131 0.624647 0.581054 1530.1 2.35732 0.134029 2488.32 0.238311 2.83833 0.0996691
2576.88 -0.646759 2.51657 1820.04 1.33829 -0.731698 6675.7 6268.03 0.458104 0.316546 0.55766 0.261259 872.286 0.965758 0.168237 5390.92 0.961685 2.05675 0.0996691
2872.9 0.0483464 2.76074 2846.94 0.846652 -0.431398 6278.54 5304.49 0.314504 0.494307 0.645106 0.705455 681.94 2.72718 0.148505 6437.18 0.172631 2.97573 0.0996691
1274.12 -0.534275 0.837157 450.964 -1.52428 2.56682 1398.3 1369.8 0.412972 0.681171 0.170352 0.735584 991.982 -2.03124 0.0840943 2229.41 0.542454 2.78448 0.0996691
1429.35 -0.8567 -2.90045 1341.01 0.326107 0.646829 3234.26 3183.7 0.815102 0.542806 0.618336 0.793869 697.475 0.534993 0.111654 4867.16 0.204863 2.73729 -0.0996691
1523.28 -0.596775 -0.811528 905.936 1.27893 1.15997 3224.07 3031.5 0.265119 0.79595 0.645001 0.71076 811.877 -3.04675 0.0363998 3185.72 0.886162 2.67854 -0.0996691
1876.38 -0.180658 -0.835482 1134.54 -0.333268 2.19233 2963.9 2259.33 0.824419 0.519377 0.773756 0.743529 766.721 2.41752 0.0565958 2996.37 0.607752 3.0871 0.0996691
1964.03 -0.373899 -0.181508 1099.2 -0.633243 -2.18618 2822.79 1888.47 0.156083 0.556716 0.846337 0.573064 1331.83 2.0068 0.0531771 4367.3 0.412604 2.38071 0.0996691
1964.15 0.0520733 1.27464 1914.48 -0.662877 -2.02337 4166.66 4123.33 0.125168 0.366786 0.313453 0.695786 987.292 -2.04583 0.0234206 4831.43 0.080582 2.98555 0.0996691
1563.63 0.890715 -2.46309 909.2 0.0872498 1.88516 2214.59 2187.14 0.544632 0.592796 0.503863 0.63841 1464.56 -0.30539 0.100021 3461.2 0.569558 2.29099 0.0996691
1341.43 0.156636 -1.88494 531.072 1.40309 2.26056 1946.41 1810.96 0.239032 0.511288 0.557457 0.648519 799.329 1.81882 0.44406 3009.35 0.925542 2.63215 0.0996691
2186.5 -0.0531635 -0.635746 1362.42 0.838752 -2.57006 3280.5 3266.2 0.469529 0.486564 0.425888 0.503041 1188.19 1.7725 0.122553 4487.15 0.888337 2.28576 -0.0996691
744.638 -0.716406 -2.37839 -1 -1 -1 -1 402.182 0.63725 -1 0.499799 -1 701.499 0.710261 0.0784138 765.143 0.890044 3.11237 0.0996691
1809.1 -0.264427 0.0560415 1000.39 0.391888 2.91411 2846.2 2745.5 0.757689 0.338469 0.713213 0.742272 680.837 2.58525 0.330914 4303.1 0.939223 2.86071 0.0996691
1398.05 0.547532 -0.841078 665.207 -0.708857 -2.71213 2099.42 1774.16 0.141017 0.518554 0.7318 0.538795 1242.26 1.89929 0.250098 2065.69 0.942042 2.50634 0.0996691
1650.24 0.638786 -0.0786493 766.295 -0.202684 2.11103 2237.59 2232.75 0.365664 0.153448 0.413778 0.664664 1281.8 3.02522 0.912412 3134.72 0.562277 2.19146 0.0996691
2782.16 -0.599109 0.0964491 1364.69 -0.0812328 -1.72544 3480.81 2899.03 0.389621 0.774522 0.214034 0.725634 2170.04 2.70266 0.00382423 4789.96 0.914256 2.92886 0.0996691
2125.8 0.144245 3.01709 1576.03 -0.266914 0.711963 3452.16 3425.93 0.684606 0.51014 0.787959 0.3982 1030.22 -0.766802 0.0392527 5114.41 0.96532 2.4634 -0.0996691
1952.13 -0.729554 1.4024 1919.11 0.035719 -2.24817 4122.15 3801.42 0.537239 0.526138 0.611239 0.239707 877.306 -0.128342 0.216658 4534.24 0.81891 2.3394 0.0996691
1717.72 -1.534 -0.292251 1407.47 -0.150147 -1.63945 3036.89 3031.16 0.370447 0.0199149 0.327171 0.229972 1734.36 2.20829 0.115741 3795.66 0.804918 2.61556 0.0996691
1408.31 -0.315097 0.583125 992.429 -1.09349 -1.61197 2387.31 1868.33 0.589591 0.508928 0.77218 0.645357 1155.32 2.92509 1.09211 2400.46 0.971739 2.84696 0.0996691
1855.38 0.368952 -1.14543 446.395 0.592157 1.94248 1890.99 1367.4 0.393616 0.220894 0.324707 0.723364 1470.71 1.92113 0.328232 2483.13 0.807431 2.73695 0.0996691
1945.53 0.149519 1.43691 1244.36 -0.0534875 -1.99114 3175.33 2907.68 0.708296 0.506727 0.774445 0.413553 604.269 -0.787461 0.148161 4033.7 0.59964 2.53703 -0.0996691
1906.1 0.222959 0.493689 1685.94 0.334634 -3.05812 3628.69 2956.19 0.357774 0.650945 0.198203 0.323631 720.241 -1.82173 0.0436848 4180.24 0.341658 2.78637 0.0996691
2548.72 -0.373116 0.517903 957.435 -0.0668448 -2.70983 3392.96 2572.53 0.448674 0.328457 0.395142 0.645035 1168.06 -2.21607 0.00218844 4268.68 0.814565 2.7871 0.0996691
1638.07 -0.42996 -2.71832 273.405 0.764572 0.435736 1682.5 492.864 0.224028 0.320576 0.602527 0.575486 1371.06 0.413192 0.0220933 1943.41 0.589591 2.93556 0.0996691
1483 -0.279401 -2.87095 574.849 -0.901172 -1.09822 1590.79 1484.82 0.5951 0.806228 0.532121 0.638268 1376.8 0.683053 0.0032202 2156.75 0.425362 3.14018 0.0996691
2231.82 0.929032 -2.57513 1066.11 0.0408942 0.473194 3584.51 2833.77 0.281093 0.331785 0.788002 0.760858 611.452 0.535518 0.063073 4093.4 0.266141 2.79351 0.0996691
1822.95 -0.593 -1.14367 1140.7 -0.739941 2.8065 2697.77 2689.66 0.629428 0.468626 0.510576 0.570681 1343.58 1.00959 0.0558029 3305.71 0.959327 2.0959 0.0996691
1289.4 0.473226 1.63638 612.712 -0.3078 -1.13203 1894.98 1868.81 0.823432 0.627701 0.670125 0.403663 1089 -1.23254 0.0987984 2524.24 0.394694 2.77 0.0996691
1039.79 0.444936 -1.31637 997.951 0.174185 2.19137 2045.45 2000.27 0.542725 0.544932 0.459288 0.789206 930.299 -2.17399 0.288002 4056.34 0.333503 2.89494 0.0996691
1395.63 -1.03974 0.741837 1356.69 0.754547 2.6476 3637.98 3416.3 0.427612 0.469312 0.73131 0.656242 1000.9 -0.557034 0.320147 4291.24 0.530972 2.77301 0.0996691
1167.3 -0.223938 -0.626508 844.307 0.731372 0.511919 1555.82 1213.54 0.299601 0.465305 0.616406 0.60787 1022.74 2.54308 0.0975611 3324.55 0.30843 3.02773 0.0996691
2758.94 0.236959 0.513846 1564.22 0.541539 2.60125 3732.89 3398.83 0.301036 0.118341 0.317628 0.805104 1578.28 -1.93194 0.0128704 5116.75 0.798723 2.43331 0.0996691
2017.93 -0.543702 -1.30028 1290.73 -0.254082 -2.61676 2065.24 1986.23 0.665694 0.604318 0.612681 0.746534 1649.88 1.60964 0.166371 4632.54 0.976202 2.74319 -0.0996691
1724.6 -0.317859 2.75693 1399.03 -1.01777 -1.70712 2847.69 2757.45 0.393574 0.242239 0.385396 0.383936 678.813 0.535943 0.181209 4532.87 0.414791 2.29305 0.0996691
1926.68 0.207001 -0.936118 869.626 1.22492 1.39797 2883.99 2708.86 0.367583 0.557395 0.368125 0.598606 976.799 2.09482 0.147222 4205.96 0.968955 2.90549 -0.0996691
2469.53 0.54453 1.61308 1066.8 0.0821133 -1.11221 3327.96 3147.18 0.55217 0.677494 0.729318 0.682514 1450.61 -1.83916 0.109404 3677.71 0.721731 2.729 0.0996691
1916.92 0.0243581 1.40705 1273.29 0.618205 -2.61824 2978.02 2977.66 0.123221 0 0.369366 -1 1253.04 -1.54649 0.0150915 4098.24 0.971126 2.96853 0.0996691
1578.17 -0.954081 1.5219 757.839 1.53025 -1.52712 4108.38 4072.19 0.254599 0.769239 0.5063 0.723298 1253.04 -1.80538 0.277275 2723.27 0.377977 2.67998 0.0996691
1104.81 -0.647364 -1.08646 -1 -1 -1 -1 401.454 0.284606 -1 0.775411 -1 1033.95 2.07962 0.246345 1119.97 0.939933 2.87009 0.0996691
1275.32 0.497937 -0.614799 457.445 1.19015 -2.02758 1159.99 1110.31 0.582736 0.595302 0.698312 0.678928 1169.02 2.45058 0.0244279 2167.09 0.510106 3.11582 0.0996691
553.712 0.928871 -0.811999 -1 -1 -1 -1 643.324 0.234592 -1 0.380165 -1 662.207 2.34902 0.0139809 1162.66 0.566468 3.13581 0.0996691
1725.08 0.578659 0.813222 1260.9 -1.88322 -2.9236 5466.11 4334.91 0.014742 0.0557901 0.60568 0.689932 683.325 -1.33956 0.107831 4043.37 0.30993 2.69302 0.0996691
1110.27 1.03564 0.720071 904.93 0.171529 -1.97254 2235.21 1474.4 0.287615 0.447267 0.387966 0.624018 645.931 -2.16474 0.00448656 2634.07 0.344987 2.92694 0.0996691
1233.52 -1.32089 -2.38936 1155.35 0.161865 3.03014 2269.08 1856.84 0.162625 0.644708 0.544798 0.528025 1293.8 0.386584 0.0874045 3511.14 0.0618527 3.12014 -0.0996691
2356.11 -0.318397 0.092695 2008.06 0.263704 2.84406 4469.34 4420.06 0.598933 0.594739 0.721125 0.634461 834.897 -1.20539 0.690181 5133.9 0.973849 2.92357 0.0996691
820.27 -0.663678 -0.710242 -1 -1 -1 -1 736.619 0.441956 -1 0.700792 -1 653.031 2.4624 0.145928 967.131 0.685623 3.02622 0.0996691
2641.88 -0.414705 2.04979 2004.39 1.4505 -1.14446 7012.47 6151.39 0.260484 0.656197 0.317655 0.46177 635.583 -0.912676 0.176952 4875.62 0.943946 2.97982 0.0996691
2087.36 0.65209 -0.118872 974.19 1.27848 -2.66265 2890.46 2838.48 0.403743 0.606187 0.406807 0.576207 1390.92 2.54459 0.0591352 4056.3 0.173803 2.8966 -0.0996691
1223.62 -1.05512 3.06359 998.46 0.76616 -1.28945 2938.77 2921.85 0.642335 0.331457 0.501038 0.531437 981.867 0.939976 0.157123 2564.52 0.920428 2.07173 0.0996691
2477.4 -0.645024 2.44253 1749.47 -1.00498 -0.168071 4300.13 2826.17 0.767594 0.24436 0.753267 0.59145 1314.79 -1.43927 0.80615 4359.96 0.941446 2.68033 0.0996691
1251.42 0.736534 1.10331 999.571 -1.03471 2.98031 2984.53 1998.17 0.408682 0.213063 0.754321 0.349966 1096.16 -1.37988 0.0169215 3496.38 0.24573 2.78162 0.0996691
1372.06 -0.102347 1.11506 603.032 -0.482557 -0.90817 1609.58 1534.61 0.379428 0.697223 0.418325 0.725296 716.014 -2.32658 0.427642 2451.75 0.564869 2.41763 0.0996691
875.296 -0.0102448 0.316168 -1 -1 -1 -1 534.272 0.815867 -1 0.721759 -1 754.374 -2.81444 0.00586438 929.504 0.828827 3.13125 0.0996691
1712.44 0.0219527 -2.58683 853.362 -0.565084 0.502158 2557.29 2417.18 0.107982 0.576136 0.785504 0.460284 855.568 0.54819 0.0341365 2549.29 0.381117 3.09869 0.0996691
2507.93 0.143008 -3.00179 1969.05 0.413392 0.348593 4785.83 3722.69 0.0971067 0.418119 0.531233 0.23205 741.391 -0.37994 0.337528 4913.89 0.62256 2.28686 0.0996691
1361.04 0.611574 1.23774 1078.56 0.220128 2.54375 1560.23 1538.2 0.582388 0.376516 0.701432 0.574306 1043.64 -1.65799 0.553507 3419.3 0.901576 2.3411 0.0996691
2072.36 0.947032 -1.09899 1452.06 0.0576953 -0.0185355 2428.48 2359.56 0.391991 0.275067 0.635425 0.784909 1625.29 2.2062 0.0587895 4948.59 0.870419 3.03854 -0.0996691
1531.37 -0.438557 0.60622 747.512 -0.123944 2.53293 1815.26 1742.95 0.268669 0.339998 0.472021 0.612982 808.936 -2.42404 0.0872428 3231.7 0.944749 3.11764 0.0996691
1887.03 -0.342092 -0.386433 1427.84 -0.230793 1.0983 2254 2242.84 0.117892 0.54633 0.824454 0.586326 1906.59 -3.09554 0.104775 3965.8 0.900837 2.60472 -0.0996691
2542.82 0.549794 2.00303 1482.29 0.572484 -0.952938 4056.58 2911.92 0.0381875 0.382749 0.638406 0.716545 850.222 -1.3341 0.167934 4229.98 0.744743 2.89849 0.0996691
2433.02 0.679643 0.984464 1095.74 -0.891508 -2.30571 4329.8 4320.45 0.743385 0.177242 0.503256 0.503813 1314.52 -1.94801 0.359273 3670.03 0.38663 2.99143 0.0996691
977.519 1.41241 -2.94984 -1 -1 -1 -1 607.881 0.559677 -1 0.698668 -1 884.063 0.187966 0.221369 1019.24 0.861528 2.9079 0.0996691
1035.78 0.237173 -0.724113 -1 -1 -1 -1 853.897 0.549428 -1 0.688998 -1 862.172 2.2237 0.169717 1288.32 0.939616 3.12164 0.0996691
1892.99 0.833722 -0.848684 1231.03 -0.346167 -1.79642 2370.74 2369.88 0.198769 0.0626055 0.618071 0.625206 1128.56 1.64824 0.038844 4941.34 0.360628 2.79968 -0.0996691
2624.39 -0.84703 1.50497 1320.67 0.864413 -2.17839 5082.37 5042.96 0.466693 0.458202 0.294684 0.596161 1037.87 -0.967753 0.193717 4573.88 0.9854 2.27911 0.0996691
1490.74 -0.267965 -2.74326 434.668 -0.402627 0.572083 1616.88 1604.52 0.705432 0.366225 0.55854 0.782232 1022.77 0.423561 0.151893 1944.25 0.555429 2.96435 0.0996691
1148.6 -0.473956 -2.32101 -1 -1 -1 -1 1225.09 0.250336 -1 0.617464 -1 759.572 0.781227 0.202251 1738.1 0.662011 2.9032 0.0996691
1475.33 0.13372 0.630802 -1 -1 -1 -1 1187.17 0.267736 -1 0.791773 -1 1305.74 -2.41632 0.232624 1806.55 0.93523 3.00023 0.0996691
1627.37 -0.558418 -0.763267 306.921 -0.889343 2.28621 1464.91 1133.97 0.26635 0.490181 0.135372 0.755782 1224.97 2.37887 0.0911679 2028.13 0.887743 3.04764 0.0996691
2656.12 -0.482718 -0.313583 1885.97 0.317918 2.23613 4677.72 4617.47 0.791869 0.764776 0.733261 0.614365 892.25 2.04808 0.192707 6167.27 0.983283 2.17364 0.0996691
1686.29 -0.551875 -0.930284 901.295 -0.879313 2.7259 2462.04 1881.72 0.510293 0.262998 0.736057 0.315478 762.458 1.7869 0.20891 2777.84 0.662911 2.81143 -0.0996691
1942.9 -0.86913 -1.20463 1862.23 -0.937523 0.973135 3654.99 2824.68 0.711467 0.170558 0.466104 0.555759 1446.58 2.97764 0.0480347 3609.42 0.638311 2.55254 -0.0996691
1763.5 -0.552414 -2.52615 1505.78 0.861771 -1.55794 2946.74 2884.27 0.564343 0.713532 0.690222 0.656269 2244.67 1.23757 0.185799 4035.57 0.971648 2.61379 0.0996691
1205.54 0.715106 -0.392859 1134.64 -0.667257 2.56268 2928.98 2917.02 0.365828 0.656518 0.261224 0.566789 892.56 -2.91676 0.0747666 3353.14 0.679761 2.91634 0.0996691
1881.59 0.111196 -2.54576 1301.74 1.18604 1.12077 3555 3458.01 0.313243 0.510563 0.30695 0.70847 741.097 -0.83756 0.706971 4329.69 0.54465 2.04355 0.0996691
1967.97 1.08114 -2.25138 1492.38 -1.6389 1.46801 7058.29 6992.3 0.490402 0.247818 0.686009 0.713352 649.729 0.674171 0.0505503 4137.7 0.942032 2.87682 0.0996691
1778.9 -0.996047 -0.829217 1678.9 -0.883644 -2.85196 2981.85 2905.06 0.299163 0.516198 0.688139 0.465412 1218.99 0.968357 0.0464408 4271.36 0.352838 3.04741 0.0996691
1103.49 0.532635 -2.42441 1010.24 1.00252 0.0694704 2116.48 1884.34 0.489498 0.375456 0.77256 0.628823 615.637 -2.9823 0.0502501 3025.25 0.802632 3.11286 0.0996691
971.24 1.39497 2.10847 391.335 0.293414 -1.90486 1353.88 1198.68 0.668622 0.690462 0.763482 0.746841 761.935 -0.686524 0.0257366 1998.19 0.586813 2.76874 0.0996691
1556.96 -0.141095 2.88075 771.397 -0.721004 0.839729 1999.14 1945.17 0.38231 0.372575 0.746262 0.484583 871.931 -0.782865 0.02896 2762.26 0.589846 2.6537 0.0996691
1586.43 0.149129 0.245938 1247.81 0.333593 -2.1007 2657.77 2321.58 0.304519 0.293375 0.73983 0.175491 939.795 2.50509 0.0837359 3004.5 0.698077 2.8886 0.0996691
2399.65 -0.115093 1.8083 1345.5 0.879624 -1.73286 4174.54 2002.83 0.173874 0.44383 0.648569 0.413003 686.437 -1.96379 0.177546 4907.45 0.613302 2.36993 0.0996691
996.323 0.687638 0.137578 882.753 -0.891498 2.22755 2357.49 2036.27 0.250581 0.601762 0.695601 0.425481 1495.22 -2.1301 0.0541785 2882.04 0.474761 3.0108 -0.0996691
1667.45 0.893126 1.77387 510.052 1.37368 -1.7216 1885.37 1839.54 0.579028 0.625085 0.474599 0.764073 1212.77 -1.22532 0.495549 2158.74 0.562113 2.78948 0.0996691
1189.83 0.9792 -2.59163 -1 -1 -1 -1 467.555 0.391579 -1 0.779802 -1 1142.39 0.608271 0.146215 1209.36 0.947786 3.05626 0.0996691
641.79 -2.19923 0.489116 561.353 1.16829 0.804865 3131.03 3062.03 0.733782 0.573743 0.499271 0.780985 733.469 -2.45849 0.5563 1854.63 0.354999 2.46045 0.0996691
1797.54 0.179645 0.623207 757.486 0.936498 -3.13776 2424.76 2234 0.0227665 0.443319 0.414487 0.667542 753.05 -2.50397 0.0977111 3164.92 0.906601 3.0583 -0.0996691
1393.51 -0.63456 2.72064 1259.76 1.00391 -2.45562 2824.07 2706.59 0.0957444 0.515656 0.468174 0.814703 1434.26 0.538519 0.120651 3927.83 0.659581 3.07472 0.0996691
1683.2 -0.0871175 0.587432 1567.22 -0.666011 -1.82452 3237.08 3029.47 0.724871 0.24275 0.772691 0.701995 891.864 -2.99374 0.310985 3976.59 0.948143 3.02402 0.0996691
1296.69 -0.190718 2.415 879.82 -0.28271 -0.490239 2144.75 2083.1 0.36907 0.236982 0.252672 0.621655 877.924 -0.59056 0.0994115 2984.66 0.950244 3.01777 0.0996691
2343.45 0.471677 -1.21743 1306.14 -1.71054 2.3998 5969.85 5001.03 0.117803 0.662078 0.675326 0.81084 960.624 1.45641 0.113091 4151.61 0.748318 2.79968 0.0996691
961.978 1.20117 -2.07496 -1 -1 -1 -1 426.744 0.198657 -1 0.578323 -1 677.165 1.02725 0.178516 1272.63 0.933072 3.07181 0.0996691
2000.35 0.504962 -2.74734 1521.81 -1.08104 1.7952 4376.64 2899.58 0.265572 0.645044 0.355739 0.709576 1665.82 -0.317095 0.153609 4266.73 0.327837 2.96143 -0.0996691
2109.88 0.567117 0.0683496 988.343 0.530685 -3.07563 2935.52 2918.4 0.0403215 0.395198 0.725757 0.87806 1136.59 -3.09335 0.0137544 3086.08 0.363467 3.13372 0.0996691
1940.66 -0.25948 0.297917 1300.57 -1.03452 2.66806 3355.83 2146.14 0.627113 0.55186 0.56587 0.43788 1105.34 -2.06254 0.0442371 3782.51 0.878688 2.82921 -0.0996691
2231.59 0.482169 1.29077 1137.55 0.259638 -0.833795 2824.54 2820.57 0.129245 0.108722 0.393191 0.674397 1325.24 -1.97559 0.00716221 4520.89 0.720272 3.00966 -0.0996691
2301.88 -0.800446 -0.730521 1504.42 0.151957 2.02354 4196.88 3351.67 0.0699061 0.58224 0.676129 0.587614 953.738 1.96241 0.065931 4723.92 0.13117 2.90358 0.0996691
1591.2 -0.33486 1.02816 587.907 1.43326 -1.46295 2685.19 1825.8 0.547621 0.196523 0.617677 0.501631 1145.22 -2.3366 0.142198 2600.92 0.598975 2.77461 0.0996691
770.639 0.716404 0.0763799 -1 -1 -1 -1 353.341 0.0851078 -1 0.726281 -1 655.094 -2.74227 0.0404377 1001.21 0.737519 2.96339 0.0996691
672.585 -0.235463 -1.33832 -1 -1 -1 -1 332.327 0.287863 -1 0.594212 -1 632.034 1.83144 0.112378 694.136 0.884467 3.00876 0.0996691
2569.86 0.830985 -1.32873 846.666 0.71602 0.91503 2750.07 2453.2 0.315394 0.434108 0.463148 0.307666 1828.25 1.86348 0.1318 4256.24 0.872124 2.99174 0.0996691
1368.48 0.0587838 0.431154 822.832 -0.75464 -3.06042 2294.83 2189.59 0.581591 0.215022 0.825882 0.46473 914.003 -2.19195 0.00765872 2808.99 0.609673 3.02185 0.0996691
1537.79 0.52498 -2.69006 1204.52 1.71762 1.13277 3101.19 3049.98 0.557111 0.634636 0.659879 0.698586 1819.14 -0.415887 0.165758 3791.69 0.830047 2.83873 0.0996691
1528.88 0.513501 2.23006 568.917 0.81987 -1.15948 1921.8 1652.97 0.0891391 0.615863 0.479329 0.668714 733.492 -1.04859 0.0418952 2408.91 0.559671 2.9629 0.0996691
1886.68 0.580684 1.71219 283.869 0.973817 -2.02758 1450.33 1424.02 0.202485 0.664216 0.704659 0.770265 1614.82 -1.46143 0.553629 2147.96 0.766281 2.55434 0.0996691
1023.98 0.620538 1.71424 417.982 1.04168 -2.13576 1260.69 1259.33 0.520226 0.364836 0.564365 0.186125 755.534 -1.02656 0.738724 1462.6 0.959055 2.80363 0.0996691
1417.29 0.139202 1.27727 777.658 0.245817 -1.8945 2111.58 2107.56 0.259579 0.387999 0.566676 0.709163 688.56 -1.92025 0.0257484 2315.18 0.290455 3.11127 0.0996691
2425.85 0.103119 -1.43907 2155.99 0.151792 1.36734 4758.86 3519.02 0.0748974 0.518231 0.614978 0.752879 838.488 2.75904 1.39167 4764.87 0.987841 1.85183 -0.0996691
2487.35 1.37603 1.70284 1644.77 -0.296738 -0.513358 5258.74 5222.94 0.493462 0.416265 0.291404 0.296753 1278.13 -2.27492 0.0182867 4954.4 0.896391 2.32371 0.0996691
1618.7 -0.379969 2.59012 1512.36 0.178932 -2.12798 2407.16 2351.64 0.156858 0.556693 0.797146 0.731962 840.288 0.220583 0.0728712 4544.03 0.747454 2.82423 0.0996691
1575.33 0.831283 2.89683 788.748 0.388316 -0.295577 2356.63 1711.51 0.17248 0.299254 0.707143 0.541072 853.241 -0.094935 0.0521465 2506.97 0.647638 3.04676 0.0996691
724.377 1.64187 -0.975943 644.118 -1.05496 -2.98805 2720.09 2607.83 0.723724 0.682756 0.579634 0.650224 655.143 1.25555 0.0318153 1645.09 0.413973 3.01633 0.0996691
2309.54 0.541348 3.0312 1452.93 -0.314609 -1.43232 3426.63 2787.04 0.269791 0.1681 0.374411 0.48688 2409.47 0.54594 1.98394 3814.64 0.981261 1.47429 -0.0996691
2136.36 0.780317 -2.28311 956.724 0.978912 0.393022 2804.1 2794.45 0.610444 0.393559 0.753951 0.780623 1055.32 0.497307 0.102766 4042.85 0.43798 2.67731 0.0996691
1370.05 -0.78001 2.24002 468.883 0.139087 -0.955879 1827.66 1227.34 0.0707453 0.522789 0.784965 0.692536 957.503 -1.02167 0.0291259 1839.14 0.696731 3.0508 0.0996691
1391.35 -0.775154 -1.20172 959.821 0.929135 0.657229 2912.34 2795.13 0.488163 0.717095 0.670422 0.820636 1356.34 2.95103 0.0831671 3075.96 0.846511 2.54654 0.0996691
1381.09 0.273548 -0.767191 615.797 -0.666334 2.49614 2105.12 1600.68 0.0913068 0.406582 0.37414 0.843963 753.185 2.28214 0.0113499 1994.83 0.594899 3.03876 0.0996691
2549.02 0.65324 -1.48505 1377.41 1.08687 1.7242 3989.95 2745.17 0.030928 0.42741 0.399104 0.604493 968.207 1.54228 0.0322969 4226.5 0.677584 2.95854 0.0996691
1208.12 -0.183471 1.26643 1191.76 -0.601597 -0.904434 2247.89 1867.89 0.280202 0.513436 0.700131 0.373565 898.52 2.48391 0.598828 3291.52 0.960155 2.79074 0.0996691
2575.3 0.781448 -1.29319 1809.45 -0.929584 1.80764 6015.46 5984.77 0.218866 0.645987 0.11709 0.519842 809.613 2.2592 0.455613 6108.9 0.179941 3.0963 0.0996691
2040.68 -0.254241 0.410936 1089.02 1.25054 -2.21331 3953.97 2828.07 0.40276 0.546142 0.769279 0.569227 687.543 3.05088 0.166187 3884.8 0.611394 2.97008 0.0996691
1225.22 -0.124851 -3.10718 511.489 0.989888 0.718252 1766.27 1725.99 0.412357 0.653701 0.233535 0.676289 838.817 -0.25382 0.757578 1771.63 0.973375 2.09578 0.0996691
799.102 1.73285 1.90961 -1 -1 -1 -1 695.694 0.214867 -1 0.543944 -1 673.134 -1.05687 0.0642983 1125.94 0.742542 3.03033 0.0996691
1067.8 -0.747528 -0.671505 -1 -1 -1 -1 955.491 0.414749 -1 0.784593 -1 828.724 2.44906 0.110685 1267.56 0.681881 3.01142 0.0996691
2970.94 0.240856 2.74965 1696.42 0.695155 -1.63671 3804.09 3774.94 0.515495 0.137751 0.491913 0.510156 1865.66 0.0905591 0.0319087 5598.95 0.94333 2.69376 0.0996691
1211.45 1.03544 -2.01053 598.17 1.73651 0.287479 1675.89 1634.71 0.675997 0.768657 0.647796 0.520497 850.82 1.63091 0.0323737 1877.86 0.921132 2.60849 0.0996691
2466.02 0.766105 1.15687 1905.91 0.15222 -2.65005 4357.61 4245.35 0.421953 0.444449 0.572733 0.430638 626.539 -1.96147 0.032635 5584.85 0.865378 3.13196 0.0996691
1140.05 0.35588 1.75779 309.474 0.133093 -1.4716 1202.05 1190.3 0.576777 0.306766 0.579244 0.457498 1093.51 -1.47189 0.0030303 1706.51 0.575558 3.04947 0.0996691
1846.36 -0.632909 -0.290746 1176.05 -0.51367 2.87096 2974.15 2919.69 0.694854 0.225193 0.752917 0.338485 840.546 -1.95098 0.174094 4145.16 0.820885 2.33745 0.0996691
1735.76 0.273843 0.133285 417.637 -1.03829 1.99682 1822.39 1773.43 0.183875 0.71717 0 0.699174 1371.65 -3.02032 0.373836 2636.48 0.891466 2.77977 0.0996691
2603.48 0.02324 -0.0889432 1337.67 0.134172 2.39143 3595.55 3132.62 0.634335 0.303723 0.692612 0.736811 862.976 2.11285 0.21076 5806.18 0.810208 2.4129 -0.0996691
2382.55 0.0378275 -0.510296 1570.36 -0.451757 1.08645 2933.91 2933.19 0.330554 0.104137 0.284742 0 1514.24 -2.96506 0.0694041 4911.95 0.954909 2.52429 0.0996691
1189.1 1.14721 -1.13677 465.189 -0.0912989 1.2629 1760.38 363.626 0.416016 0.526355 0.691838 0.557651 790.872 2.27317 0.299088 1782.94 0.667974 2.69673 0.0996691
1098.4 -0.712532 -2.70366 1033.49 0.104622 0.988916 2314.23 2957.37 0.0842017 0.693191 0.557673 0.435115 671.284 -2.46692 0.236609 3139.14 0.422512 2.87549 -0.0996691
3543.08 0.123454 0.785297 1666.82 0.840188 -3.02826 4935.83 4911.24 0.475764 0.495045 0.378439 0.469019 1552.6 -2.48715 0.205255 7134.51 0.654885 3.07146 0.0996691
1444.96 -0.183923 -0.400414 875.208 1.21776 0.633086 2066.28 1850.8 0.392719 0.632599 0.453122 0.666548 1575.79 3.04478 0.0216241 2996.52 0.708774 3.0564 0.0996691
1854.93 -0.170242 2.06613 1716.45 -0.411005 -0.0917494 3223.95 3071.47 0.515188 0.0252654 0.382935 0.495872 770.67 -3.06918 0.105018 5328.92 0.773118 2.87241 0.0996691
1998.74 -0.0543507 3.00813 953.579 0.94508 0.122841 3106.25 3055.25 0.534325 0.390375 0.524811 0.299734 899.279 0.496188 0.103573 3963.3 0.902869 2.61578 0.0996691
1595.8 0.321474 -0.789255 935.204 0.219255 1.4843 2248.98 2176.53 0.397092 0.489374 0.720658 0.749631 973.044 2.7621 0.425889 2549.11 0.952432 3.11753 0.0996691
1878.46 -0.339656 1.33851 1668.83 1.03658 -1.48881 4400.6 4319.79 0.300516 0.581252 0.672486 0.688955 1048.84 1.24509 0.0945942 5082.43 0.971119 3.0147 0.0996691
1440.4 1.13025 -0.0687981 1118.54 -0.4587 1.24488 2740.79 2688.4 0.116909 0.580837 0.277164 0.648686 1675.79 -2.6052 0.148055 2891.63 0.89014 2.68362 0.0996691
1169.32 -0.579652 3.02615 578.555 -1.11349 -2.29264 907.487 886.554 0.53243 0.607999 0.541589 0.507246 1148.27 0.122631 0.0573499 2121.84 0.499909 2.8436 0.0996691
2575.99 0.562654 1.25663 2279.49 -0.415123 -1.71021 5437.08 5381.42 0.492159 0.617066 0.441522 0.585887 1186.29 -2.36728 0.213725 5718.11 0.851804 2.58479 -0.0996691
3322.77 0.961514 2.0017 1017.89 -0.919642 -1.14755 5450.66 5363.12 0.366293 0.597267 0.509293 0.627969 1906.15 -1.07381 0.0634162 5408.99 0.535305 3.13266 0.0996691
1730.84 -0.321462 -2.62166 1633.19 -0.53492 -0.726665 2786.42 2719.57 0.658937 0.168536 0.640702 0.5933 1067.98 1.02958 0.147544 4294.07 0.16125 2.96786 0.0996691
1346.65 1.25574 -1.19684 1225.16 1.45914 0.824063 2203.83 2177.49 0.753656 0.738571 0.702816 0.601221 994.521 2.94406 0.291258 2972.23 0.817356 1.84795 0.0996691
1392.33 -1.6959 1.66834 794.566 0.0470893 -1.73402 2981.51 2987.18 0 0.706273 -1 0.731019 741.571 -1.7334 0.00550771 3392.72 0.337193 2.87594 0.0996691
1525.87 -0.168679 0.535329 1505.21 -0.736342 -0.825781 2149.15 2062.4 0.724132 0.548524 0.718461 0.711542 1626.72 2.66103 0.999487 3993.52 0.644462 1.79728 0.0996691
1042.98 1.19039 0.623296 899.644 0.0604048 1.86515 1627.16 1598.78 0.505722 0.536243 0.333811 0.644591 1908.15 -2.05645 0.0744696 2786.72 0.498579 2.85147 0.0996691
2012.72 -0.376651 1.57207 882.728 -0.0745609 -1.51987 2756.9 2536.62 0.396298 0.495474 0.635913 0.542532 1110.74 -1.59496 0.080168 2891.44 0.377166 3.0509 0.0996691
3144.5 0.0565625 1.48204 3029.38 -0.265331 -1.77244 6254.24 6227.6 0.0805429 0.73136 0.546764 0.755207 652.14 -0.248749 0.137477 6530.46 0.861367 3.0657 -0.0996691
1421.49 0.693761 0.771086 -1 -1 -1 -1 1007.98 0.0817257 -1 0.748792 -1 1208.07 -2.40852 0.100719 1568.81 0.797724 3.08302 0.0996691
1016.64 -0.948358 -2.10893 975.817 0.106092 0.0662247 2166.49 1587.54 0.472106 0.562715 0.815418 0.47188 1303.73 1.83024 0.546824 3012.34 0.500035 2.51149 0.0996691
1520.3 0.272868 2.82358 1002.82 0.901711 0.0699084 2562.84 2512.8 0.193876 0.713153 0.495935 0.756104 648.307 -0.580571 0.226862 2555.26 0.923387 2.65248 0.0996691
2155.55 -0.27701 1.78759 1316.58 -1.1834 -0.816263 3784.59 2930.2 0.0999992 0.47703 0.510006 0.560745 1170.17 -1.94647 0.173379 3501.33 0.957553 2.77054 -0.0996691
974.629 -0.810179 -2.27351 350.952 0.974738 0.281476 1646.83 1578.84 0.773374 0.504422 0.62839 0.740627 713.026 0.554718 0.27404 1693.13 0.539447 2.54837 0.0996691
2944.85 -0.0389727 2.91788 1048.43 -0.882314 -0.370725 4131.64 1268.71 0.0220671 0.620204 0.600731 0.736222 1134.72 -0.210114 0.134773 4775.11 0.465222 2.83827 0.0996691
2873.04 0.691575 1.57794 960.724 -1.33913 -0.126994 4754.92 4408.07 0.742272 0.288522 0.768763 0.700713 2546.4 -1.59584 0.11168 4862.22 0.93053 3.06154 0.0996691
1789.98 0.371279 2.64022 1227.2 -1.16618 1.59477 2977.41 2728.5 0.163907 0.271714 0.486376 0.703573 682.674 -1.07306 0.0336521 5051.56 0.362862 2.79339 0.0996691
2003.73 -0.138748 0.216446 1355.9 -1.57679 2.89961 4163.17 4034.18 0.602859 0.510727 0.597049 0.606309 1070.02 -2.42455 0.116959 3910.86 0.33393 2.56767 0.0996691
1522.23 -0.461406 -2.69645 -1 -1 -1 -1 682.645 0.198701 -1 0.237957 -1 1434.62 0.469343 0.210158 1711.88 0.905973 2.94787 0.0996691
1300.97 -0.883532 -3.03155 1170.44 0.00385357 -0.325703 2685.69 2617.49 0.681725 0.506248 0.765475 0.256767 902.902 1.59192 0.205532 3568.47 0.210291 2.77991 0.0996691
1365.01 1.12492 -1.69509 1159 -0.820919 -1.24441 2921.62 2852.27 0.206582 0.744117 0.409408 0.750935 1503.35 1.77492 0.151721 4413.11 0.142145 2.86043 -0.0996691
1522.23 -0.371563 -0.270822 839.901 -1.03462 3.00112 2424.19 2147.38 0.503705 0.428586 0.643622 0.489034 711.368 2.70014 0.167333 2344.95 0.854393 3.1405 0.0996691
1822.38 -0.342284 -1.33093 953.149 -0.985334 1.87598 2826.09 2278.74 0.0420398 0.49535 0.154345 0.68004 886.496 1.66069 0.0327965 2782.46 0.697978 2.95725 0.0996691
1698.65 0.930561 -1.92377 1604.75 0.215094 1.7039 3487.9 2961 0.521216 0.250737 0.4321 0.728461 1252.47 1.56909 0.00128818 4667.07 0.471227 3.0725 0.0996691
1227.91 0.96438 -1.55309 894.093 1.45345 0.410133 1822.69 1809.16 0.343737 0.393197 0.447074 0.548488 1048.14 3.01741 0.0475721 3619.42 0.893966 2.80698 0.0996691
1398.99 -0.825017 -1.93158 721.268 0.618818 -0.0580166 2272.46 2213.37 0.708795 0.666957 0.656484 0.661485 810.078 1.33496 0.026623 2677.68 0.89434 3.03993 0.0996691
2488.26 0.207326 2.32674 2383.85 0.737153 -0.250463 5025.19 3967.07 0.187921 0.0795601 0.36349 0.737629 1318.14 -2.00934 1.43961 4897.05 0.50704 2.89616 0.0996691
2635.91 0.00519714 1.26173 2540.17 -0.346892 -2.5855 5195.94 4087.45 0.0997903 0.551723 0.260416 0.740498 1106.97 -0.731548 0.060662 5891.6 0.645712 2.10611 -0.0996691
2476.64 0.514522 -0.937597 745.48 -1.38249 2.70404 4038.78 541.216 0.225217 0.704804 0.187139 0.729381 1124.08 1.97973 0.0575321 3919.47 0.368537 2.97628 0.0996691
1849.18 -0.267806 -1.53111 978.615 0.834048 1.00509 3029.58 2979.79 0.413189 0.179368 0.620215 0.693099 737.569 2.1476 0.00849175 3420.57 0.711921 2.59275 0.0996691
2432.73 -0.213201 1.45132 1706.54 -0.826941 -1.83652 4722.95 2400.01 0.286309 0.0404282 0.551385 0.794869 907.065 -1.81555 0.401596 4920.23 0.601602 2.91309 0.0996691
1080.48 0.890981 3.03099 280.418 -0.799586 -0.34576 1544.7 1352.53 0.402761 0.773418 0.363921 0.748041 801.732 -0.093818 0.110388 1351.73 0.94781 3.04758 0.0996691
2205.79 -0.381348 2.66398 687.16 -0.0533609 -0.258084 2554.67 2122.08 0.46176 0.588149 0.336946 0.561043 1590.38 -0.57397 0.313404 2905.96 0.232539 2.6741 0.0996691
1656.8 0.837427 -2.14998 -1 -1 -1 -1 385.029 0.496054 -1 0.486541 -1 1695.48 0.964217 1.61356 1689.71 0.886661 1.49376 0.0996691
2030.99 -0.628551 -0.339135 1582.53 -0.681349 -2.65146 3306.15 3260.71 0.532653 0.665285 0.593468 0.78028 1048.2 1.44528 0.106092 4873.44 0.614934 2.70954 0.0996691
913.273 1.36365 -2.50257 -1 -1 -1 -1 674.438 0.58101 -1 0.784245 -1 788.533 0.601368 0.149883 985.841 0.87848 2.95465 0.0996691
1789.85 0.513387 1.51434 1750.98 -0.557827 -1.60301 4072.84 4044.59 0.034131 0.737496 0.298787 0.612806 1230.87 -0.247831 0.010194 5018.95 0.726794 3.135 0.0996691
3182.45 -0.175779 0.605557 593.241 -0.347074 2.92011 2964.61 1179.08 0.37967 0.666846 0.656462 0.663317 2575.85 -2.42674 0.0903373 4549.1 0.742595 2.98886 0.0996691
1540.34 0.704582 -2.02239 868.55 -1.15577 -0.89648 2788.18 2745.63 0.187525 0.267433 0.628099 0.640671 1389.97 1.65325 0.0116894 3116.42 0.946593 2.62254 -0.0996691
2949.27 0.0343032 0.161043 1505.21 0.273349 2.3441 3844.85 3452.31 0.874426 0.461294 0.686455 0.785352 1596.36 -2.49389 0.198697 5291.12 0.876853 2.89918 -0.0996691
2390.72 -0.205779 0.413799 1877.47 0.459737 2.89818 4267.71 4243.85 0.784116 0.603246 0.6858 0.440217 870.056 -2.84845 0.53654 5635.15 0.340071 2.48709 -0.0996691
2785.92 0.208942 0.967625 1335.99 -0.797412 -1.25812 4145.78 2945.62 0.0621681 0.697138 0.751951 0.840108 1826.48 -2.67588 0.0782213 4601.76 0.866316 2.97121 -0.0996691
2567.77 0.541575 2.62486 958.65 -0.628673 -0.308754 3968.3 1240.99 0.0338076 0.574088 0.473352 0.788177 1327.22 -0.662592 0.0742598 3893.01 0.572464 2.94986 0.0996691
995.294 -1.2906 -2.74245 667.397 1.06622 2.98317 2448.93 2408.7 0.0872607 0.771123 0.567336 0.524416 1256.36 0.204496 0.0222124 2038.65 0.453138 2.96805 0.0996691
1274.19 0.892811 -0.999625 1245.18 0.589377 -2.51348 1821.32 1554.14 0.662102 0.522402 0.377659 0.63318 1784.46 1.26407 0.0370587 3000.2 0.719855 2.54206 -0.0996691
1564.15 1.12868 1.56421 -1 -1 -1 -1 544.117 0.162555 -1 0.791482 -1 1531.38 -1.59761 0.0227407 1723.35 0.892358 2.99443 0.0996691
1536.37 -0.551775 -0.472157 694.96 -0.212896 2.70828 2114.75 2066.34 0.519559 0.429082 0.747222 0.607791 749.746 2.62742 0.0796196 2267.37 0.36994 3.09448 0.0996691
2089.03 -0.40088 -0.160775 917.822 0.949713 -2.83673 3438.17 2867.7 0.651079 0.341061 0.789406 0.743576 2101.24 2.66547 0.0632923 3944.11 0.38319 3.0756 0.0996691
534.852 1.96731 -1.10385 353.269 -1.06451 0.0630752 1952.88 1785.31 0.698195 0.648154 0.772822 0.858022 728.293 2.30623 0.262488 1005.35 0.892596 2.61233 0.0996691
1836.74 0.560266 0.925595 758.762 -1.55617 -1.84445 3795.79 3689.16 0.519064 0.661229 0.611395 0.789974 1094.14 -2.42812 0.13204 2619.93 0.916957 3.06478 0.0996691
743.697 -0.555255 -2.15468 -1 -1 -1 -1 507.374 0.205872 -1 0.522793 -1 650.718 1.04989 0.0873485 834.643 0.859946 2.98597 0.0996691
1109.96 0.925633 2.17662 1005.53 -0.895226 -1.67219 2972.52 2916.21 0.550735 0.464154 0.588431 0.370061 793.179 -0.116292 1.55631 2286.12 0.346571 2.43679 0.0996691
1271.52 -0.15116 0.493873 1086.51 -0.991407 2.89053 2580.18 2872.8 0.300258 0.176406 0.705151 0.479525 988.144 -2.18788 0.0296028 3544.5 0.645585 3.10961 -0.0996691
2379.97 -0.181323 -1.47663 1150.85 0.380681 -2.74771 2219.76 1931.78 0.564605 0.290846 0.697908 0.662456 2256.09 1.28617 0.0445453 4262.13 0.916543 2.71676 0.0996691
2480.88 -0.0425056 2.74074 1025.24 0.617387 -2.12502 2396.22 2237.92 0.38317 0.56885 0.831165 0.573757 1470.97 0.154805 0.0687069 4966.1 0.633172 2.51479 -0.0996691
1886.01 0.0237539 3.06089 1532.21 -0.396571 -1.38582 2810.55 2773.15 0.494257 0.0802197 0.629853 0.0951351 1836.57 1.5632 0.212084 5183.27 0.790781 2.73711 0.0996691
1619.6 0.560715 -0.0920364 920.857 -0.930432 2.87653 3314.64 2410.5 0.368828 0.136093 0.495643 0.660417 663.638 -2.92457 0.0466125 2667.46 0.402667 3.05855 0.0996691
775.761 -1.20166 1.24893 -1 -1 -1 -1 652.724 0.267282 -1 0.254375 -1 643.659 -1.94455 0.00617874 885.688 0.738623 3.09682 0.0996691
976.455 -0.644138 -2.61677 674.664 1.59718 0.431991 2759.77 2719.37 0.369838 0.431159 0.440479 0.680897 798.97 0.41923 0.0071182 2111.71 0.15757 3.0687 0.0996691
1746.22 0.727757 1.79066 1572.66 0.346624 -2.42046 2954.99 2921.1 0.348323 0.368584 0.210489 0.508496 1487.85 -0.81943 0.00837415 4297.01 0.849841 2.61822 0.0996691
3332.95 0.219785 1.47904 2630.77 0.575428 -1.68599 6302.02 4579.92 0.258075 0.305006 0.548954 0.452958 631.803 -1.63713 0.224955 6124.52 0.143529 3.05618 0.0996691
777.575 -0.328499 0.756836 -1 -1 -1 -1 681.078 0.421308 -1 0.723012 -1 658.044 -2.40438 0.044312 903.499 0.667127 3.0769 0.0996691
1399.39 1.06497 -0.923879 689.457 0.117093 2.08075 2329.83 1591.19 0.374242 0.601051 0.391302 0.414484 760.904 2.3135 0.114786 2200.55 0.809094 3.04666 0.0996691
1411.69 0.36979 0.390999 -1 -1 -1 -1 1153.19 0.6008 -1 0.832556 -1 1123.85 -2.84486 0.0180721 1799.61 0.696358 3.12179 0.0996691
789.41 -0.0503856 -3.04329 319.729 0.558001 -0.335188 1041.83 1012.42 0.442842 0.475792 0.745209 0.405577 602.606 1.02746 1.36941 1565.54 0.789488 1.33105 0.0996691
1873.36 0.4785 3.01812 1548.25 -0.65664 -1.26209 3585.26 3475 0.540009 0.449658 0.33082 0.380134 1258.03 0.88484 0.0085901 4099.26 0.251899 2.92751 -0.0996691
1952.48 -0.681745 -1.72049 1331.48 0.497945 0.0979622 3403.27 2820.8 0.395026 0.380552 0.538823 0.41578 1407.5 1.93765 0.473993 4093.48 0.56684 2.83566 0.0996691
1251.22 0.257452 2.56068 -1 -1 -1 -1 547.266 0.056199 -1 0.647732 -1 1149.01 -0.588878 0.12045 1297.14 0.922182 3.02948 0.0996691
1383.48 -0.967842 -0.914136 698.44 0.239891 2.21627 2474.06 1779.79 0.39082 0.289395 0.617078 0.626027 967.625 2.31293 0.102488 3490.41 0.202916 2.77229 0.0996691
1634.94 -0.045927 -1.61595 592.42 -0.411804 1.18651 1979.67 1919.48 0.491887 0.616429 0.472858 0.525752 920.491 1.66992 0.177558 2327.3 0.846965 3.10764 0.0996691
1333.83 -0.447443 1.49595 440.624 0.229972 -1.36103 1619.6 1533.08 0.15903 0.60317 0.466308 0.597722 1031.72 -1.35932 0.0167478 2143.7 0.552181 2.83801 0.0996691
1525.35 0.412882 -2.89945 1366.29 1.45077 1.44678 2880.38 2813.47 0.471285 0.499477 0.443954 0.530791 734.438 -1.17264 0.431816 4030.14 0.764842 2.18949 0.0996691
1571.41 -0.298615 3.07197 545.864 -0.653727 0.31975 1860.46 1838.37 0.443726 0.61129 0.711898 0.690726 903.666 0.12899 0.185862 2573.53 0.509555 2.76395 0.0996691
2092.15 0.098857 -3.09085 1187.34 -0.465704 0.274589 3334.41 3045.71 0.597219 0.364505 0.515896 0.6229 886.767 -0.129388 0.0407484 3347.75 0.868967 2.94151 0.0996691
2866.94 -0.618318 1.28669 1441.38 -0.0410802 -1.77894 4271.7 4171.6 0.424125 0.743114 0.680953 0.703959 2085.63 -1.79944 0.0239989 4948.25 0.351085 3.0626 0.0996691
1867.29 0.228058 -0.91435 884.664 -0.375476 2.50642 2706.41 2529.41 0.211295 0.703511 0.817499 0.718532 702.273 2.12552 0.0815361 3085.73 0.898209 3.13016 0.0996691
1970.77 -0.0238406 0.24599 1567.31 0.990578 1.77481 3078.09 3062.73 0.390478 0.525592 0.489315 0.662037 1356.16 -2.11889 0.103542 4678.67 0.791302 2.28679 0.0996691
837.821 0.691601 2.55969 371.316 -0.820971 0.275364 1393.16 1259.95 0.397484 0.62529 0.760192 0.795851 623.886 -0.967435 0.859299 1232.65 0.94144 1.94637 0.0996691
1063.2 0.200377 -1.42055 258.083 1.06362 -0.404945 807.687 684.109 0.514814 0.346862 0.564463 0.739467 1128.26 1.90209 0.165956 1378 0.69441 3.04985 0.0996691
1702.17 1.094 -1.57879 954.903 -0.25219 -0.319624 2394.98 2386.86 0.371365 0.667899 0.298903 0.518217 1568.15 2.13759 0.160551 3369.69 0.922964 2.40717 0.0996691
1054.09 0.283785 1.87781 -1 -1 -1 -1 405.446 0.749127 -1 0.724719 -1 1025.52 -1.30341 0.44149 1088.6 0.928742 2.73336 0.0996691
1979.73 0.27773 -0.340072 1304.96 -0.0959604 2.81506 3299.74 3245.36 0.534983 0.51884 0.559818 0.448013 1304.67 -3.10598 0.362112 4215.04 0.19588 3.13509 0.0996691
1454.97 -0.434129 -0.465275 1314.55 -1.08719 0.997581 2067.21 2061.17 0.619039 0.626508 0.425886 0.526921 1054.79 -2.66625 0.0234628 3927.9 0.43951 2.64393 0.0996691
1915.82 -0.443699 -0.89036 1453.06 0.275734 0.956053 2943.82 2933.38 0.459232 0.226117 0.742991 0.343652 1790 2.97052 0.233897 3845.26 0.548274 3.02758 0.0996691
1262.85 0.378964 -0.398304 833.673 -0.540417 2.77705 2286.5 2204.2 0.0910648 0.756448 0.5513 0.632003 648.885 2.84857 0.0654173 2413.31 0.237282 3.10193 0.0996691
1319.46 0.383206 2.72034 917.56 0.402643 0.105881 2172.03 2098.02 0.585379 0.452475 0.388984 0.791203 733.92 -0.152381 0.255253 2809 0.92742 3.12035 0.0996691
2062.68 -0.12401 -0.225448 1593.93 -0.0398998 2.99324 3661.35 3537.82 0.537849 0.651866 0.716051 0.614567 871.395 -1.47986 0.104611 5235.28 0.772902 2.91916 0.0996691
1050.14 -0.0320935 1.35703 328.675 -1.52299 -1.79353 1527.46 1460.84 0.565222 0.596602 0.526482 0.817363 706.632 -1.79899 0.0157443 1340.65 0.536028 3.13374 0.0996691
1772.8 0.110138 0.553263 558.269 1.42663 3.0538 2364.48 2320.21 0.601006 0.449632 0.89372 0.349758 1046.17 -2.32794 0.112676 2620.52 0.710234 2.7669 0.0996691
1063.1 -0.627786 1.32762 347.306 -0.614747 -1.82594 1227.63 1113.94 0.707836 0.492684 0.74442 0.75369 711.534 -1.79494 0.0103766 1397.18 0.56788 3.1107 0.0996691
1166.84 -0.583546 -2.33982 1043.97 0.647281 0.00788146 2539.14 2345.29 0.578414 0.634531 0.799833 0.606698 742.435 1.8174 0.176091 2386.73 0.746122 2.94032 0.0996691
2606.17 -0.100618 1.16073 1667.61 0.23775 -2.08235 4285.32 3848.33 0.167251 0.768678 0.442643 0.56918 1053.03 -2.06192 0.0682535 6487.72 0.311271 2.99202 -0.0996691
1519.04 0.188666 0.799106 -1 -1 -1 -1 776.668 0.149237 -1 0.745776 -1 1512.8 -2.37558 0.0926642 1602.99 0.880581 3.01365 0.0996691
917.461 -1.38009 1.22153 -1 -1 -1 -1 1176.72 0.173699 -1 0.708941 -1 689.362 -1.89228 0.0827894 1124.11 0.751073 3.08962 0.0996691
2422.67 0.0487854 3.11135 925.062 0.623519 -0.907245 3053.81 2648.94 0.112137 0.127629 0.691492 0.550893 912.775 0.0705196 0.0699253 5367 0.536114 2.92413 0.0996691
1971.54 -0.478296 -2.65593 787.907 -0.775169 0.949715 2548.49 1892.17 0.172967 0.234997 0.522715 0.541554 995.865 0.0194767 0.586932 3147.57 0.639556 3.02085 0.0996691
1692.22 -1.22509 2.57655 1052.41 -0.689839 -1.08632 2702.73 2683.42 0.220849 0.748451 0.4792 0.832505 794.414 0.388534 0.15186 3245.13 0.744927 2.60837 0.0996691
2139.22 -0.0648439 -2.81781 1396.68 0.103189 -1.54118 2084.36 2081.09 0.70086 0.347612 0.624148 0.373555 850.36 0.446217 0.107099 6095.98 0.241768 3.12626 0.0996691
2056.63 0.626473 3.1092 1861.29 -0.0238603 0.67837 3959.46 3696.17 0.524999 0.596332 0.402333 0.453056 636.721 -0.886893 0.091326 5052.68 0.611157 2.3824 0.0996691
2546.37 -0.576775 0.86445 1718.61 0.950664 -2.21269 5646.73 4284.82 0.182404 0.284386 0.305692 0.664538 864.217 -2.44145 0.0664725 4279.23 0.476832 2.97498 0.0996691
1206.49 0.633326 2.14371 1127.17 -0.674261 -3.05539 2164.33 1426.13 0.626482 0.102417 0.65771 0.725133 1858.33 -0.386882 0.460516 2605.17 0.735906 2.44092 0.0996691
1675.16 -0.868873 -2.95485 1125.9 0.354019 1.43761 2871.2 2814.09 0.778016 0.385835 0.83714 0.723426 1287.16 0.332192 0.0675252 4097.11 0.942612 2.92899 0.0996691
1754.48 0.894466 -2.62628 937.731 -1.1744 -0.17488 4008.83 3660.42 0.534027 0.349648 0.804384 0.480689 1155.89 1.03337 0.588731 2805.84 0.531753 2.62981 0.0996691
1022.65 1.36918 -0.36193 -1 -1 -1 -1 511.544 0.504654 -1 0.33563 -1 879.492 2.70931 0.0512998 1173.43 0.884858 3.01955 0.0996691
1309.27 -0.819936 -0.892181 254.911 1.70907 1.10024 2130.85 2075.99 0.61973 0.476512 0.482939 0.486174 824.427 2.38914 0.0989428 1951.01 0.767035 2.91923 0.0996691
822.168 -1.13653 -0.443409 346.321 -1.56055 -1.98957 789.738 772.716 0.644216 0.21745 0.716832 0.626195 883.118 2.30758 1.98159 1144.9 0.764137 1.56253 0.0996691
2878.88 -0.253561 1.83039 1103.94 -0.973345 -1.3685 3935.82 2976.79 0.0507004 0.522275 0.708656 0.695742 992.053 -1.21818 0.00421047 4877.81 0.412013 3.1196 0.0996691
1542.95 1.05091 -2.8334 1175.72 0.506835 -0.183357 2891.01 3340.39 0.618565 0.119643 0.719643 0.53146 717.323 -0.489806 0.0152553 3442.84 0.485058 2.3588 0.0996691
1824.44 1.38102 -2.55171 964.731 -0.546962 -2.99064 3047.31 2985.45 0.396482 0.809588 0.489106 0.59759 2341.85 0.498296 0.0755141 3057.02 0.93735 2.97805 0.0996691
1721.29 -0.80011 0.764562 1545.87 0.882792 -2.92586 4438.9 4127.47 0.34618 0.802026 0.5105 0.80639 1556.64 -1.15441 0.0865284 4332.72 0.234003 3.06711 0.0996691
787.871 -0.495109 1.46132 -1 -1 -1 -1 502.02 0.261481 -1 0.679287 -1 699.603 -1.66991 0.232049 857.319 0.857707 2.89011 0.0996691
3324.26 0.16584 0.167734 2535.69 -0.552261 -2.79021 6380.11 5530.22 0.162946 0.220072 0.328144 0.578282 921.601 2.6866 0.0105317 5975.98 0.918641 2.901 -0.0996691
1468.93 -0.164915 -1.1507 771.33 0.983041 0.658896 2137.31 1998.54 0.409159 0.633995 0.71164 0.720948 1471.68 2.50485 0.110064 2260.08 0.942693 2.53376 0.0996691
1618.56 -0.840043 0.631998 1228.71 -0.401608 2.69228 2696.67 2134.42 0.173677 0.710006 0.570904 0.774617 1558.18 -1.40444 0.141491 3914.2 0.462079 3.05298 -0.0996691
1297.53 0.381181 -0.488653 496.18 2.26839 -2.55864 2245.19 2170.39 0.562295 0.741596 0.700656 0.830324 1100.4 2.00462 0.393111 2748.41 0.861561 2.34978 0.0996691
2230.97 -0.0662528 2.31836 1490.08 1.30346 0.134537 4242.11 4047.48 0.609205 0.563823 0.74694 0.501947 1275.78 -2.06391 0.18586 4726.6 0.537462 2.55247 -0.0996691
1026.32 0.351663 2.67987 410.145 -2.00049 -0.194313 2344.29 255.928 0.0446615 0.433994 0.735142 0.779905 644.844 -0.549816 0.0552101 1497.17 0.505675 3.07878 0.0996691
3269.42 0.839619 2.17647 1858.86 0.255029 -1.9866 4656.32 3591.37 0.206863 0.1731 0.781603 0.659414 2423.3 -0.360297 0.125273 5441.8 0.841235 2.6667 -0.0996691
1912.02 0.70581 -1.28891 1239.68 -0.38445 1.52565 3555.58 2806.88 0.660931 0.361751 0.700769 0.804945 768.658 1.68778 0.0531578 3655.07 0.598953 2.92373 0.0996691
1312.13 -1.04328 -2.34182 412.798 0.00947287 0.243396 1668.93 1420.64 0.122692 0.709933 0.59799 0.556389 907.88 0.709448 0.0846878 1984.59 0.873768 2.9646 0.0996691
2254.94 0.463125 -2.62406 2137.84 -0.246726 0.968236 4649.26 4365.91 0.58429 0.239887 0.369902 0.667505 722.621 1.06946 0.121068 5625.42 0.976557 3.04896 -0.0996691
1752.11 0.403743 2.08323 929.517 -0.858609 -0.955352 3083.68 3004.08 0.384061 0.675756 0.63555 0.538749 695.531 -1.41737 0.0411695 3097.06 0.973168 2.7418 0.0996691
829.134 1.37151 1.13372 780.721 -1.13712 -0.858882 2926.89 2888.43 0.645008 0.0200308 0.722078 0 1107.22 -3.01621 0.0181746 2223.61 0.520989 2.908 0.0996691
637.871 -1.28527 -0.635761 456.811 -2.4995 1.52281 1191.49 1147.31 0.439165 0.601334 0.606267 0.684204 860.848 3.10676 0.0816982 1801.31 0.246216 3.08072 -0.0996691
1533.12 0.67085 -2.48987 453.932 0.474003 0.803288 1694.35 1623.55 0.636181 0.700785 0.717575 0.751665 947.001 0.729239 0.0546339 2318.8 0.557739 3.00996 0.0996691
1372.83 -0.0131027 0.168958 486.177 1.17557 -2.89182 1954.4 1891.35 0.557044 0.467739 0.598511 0.805844 877.017 -2.79842 0.106168 2005.02 0.489105 3.06867 0.0996691
1835.91 -0.7724 0.218166 1053.51 -0.185984 2.53548 2686.47 2676.2 0.373162 0.193371 0.673071 0 834.703 -2.15452 0.0801141 3507.51 0.212929 2.92524 0.0996691
2322.83 0.653055 -0.367623 683.281 -0.305831 2.88014 3035.78 2279.92 0.160033 0.732513 0.645796 0.874657 1364.02 2.73336 0.132136 3550.73 0.547329 2.92961 -0.0996691
1599.56 -0.589388 2.33531 966.16 1.00797 -1.84269 3143.21 2967.42 0.57615 0.65723 0.549476 0.582467 632.622 -0.182015 0.0433106 3350.96 0.740391 2.56221 0.0996691
1670.94 0.0330067 -0.64553 736.974 0.0611141 2.52283 2277.1 2070.42 0.470937 0.581835 0.383077 0.690993 811.114 2.51007 0.0195327 2581.52 0.381604 3.0552 0.0996691
1905.48 0.3598 1.88896 1394.89 0.406221 -1.60061 3353.76 2891.49 0.371877 0.434411 0.568091 0.358412 623.273 -0.673236 0.104412 3391.79 0.959376 2.45762 0.0996691
1296.65 -1.28156 -1.8595 1240.34 0.959891 -0.593234 3854.08 2065.19 0.375156 0.112055 0.608435 0.416299 989.193 1.94382 0.19339 3621.01 0.319422 2.5192 0.0996691
2316.35 -1.07557 -1.04939 398.938 1.40287 -2.95404 3522.57 617.88 0.332602 0.657427 0.653838 0.820349 1991.94 2.05392 0.0293963 3087.19 0.80678 3.10849 0.0996691
998.718 -0.124592 -1.2745 338.413 -0.474598 1.9192 1195.61 1133.6 0.522758 0.529881 0.510599 0.712264 652.347 1.82949 0.103717 1332.09 0.526941 3.0731 0.0996691
1553.64 -0.713978 2.48519 1086.7 -0.549506 0.632513 2097.16 2080.2 0.509542 0.167173 0.637748 0.188348 655.038 -1.50267 0.0592725 3619.59 0.502177 2.35361 -0.0996691
2597.1 0.146449 -1.04217 1989.73 -0.00843919 1.50664 4393.96 4256.31 0.658316 0.268311 0.802451 0.38096 740.174 1.43567 0.0701475 6212.92 0.307741 2.55174 -0.0996691
875.104 0.904713 2.03652 -1 -1 -1 -1 1160.64 0.906512 -1 0.677277 -1 682.067 -1.27716 0.0398018 1217.69 0.702658 3.01194 0.0996691
1300.22 -0.0585979 -2.02721 679.602 0.803819 1.16074 2069.36 2033.97 0.825074 0.31995 0.593788 0.68819 713.979 1.0945 0.0683841 2055 0.311213 3.09412 0.0996691
815.831 -0.702486 0.414423 318.85 -1.30709 3.06581 1060.44 1017.92 0.335578 0.409871 0.558781 0.710143 680.059 3.06622 0.00304031 1641.29 0.394366 3.11274 0.0996691
2620.82 -0.657365 -2.04911 1275.62 0.0465686 0.928045 3966.95 2897.3 0.0153151 0.230177 0.480831 0.829247 1708.16 1.194 0.0722046 4539.6 0.657691 2.96787 -0.0996691
2934.58 -0.372884 1.51453 944.553 -1.41602 -0.838984 3836.67 2964.62 0.155428 0.590127 0.628907 0.687252 2156.26 -1.95983 0.130613 4179.18 0.930876 3.1057 0.0996691
1906.25 -0.182501 -2.94451 864.287 -0.664723 -0.153067 2638.32 2488.38 0.411199 0.674212 0.405311 0.688429 829.221 1.03812 0.137475 3821.05 0.981164 2.44045 0.0996691
1339.52 -0.648937 -0.723884 258.475 -0.847454 2.68467 1181.06 1116.4 0.69962 0.706286 0.745666 0.606543 1043.24 2.42186 0.246684 1692.39 0.705931 2.89115 0.0996691
1491.45 0.540024 -3.04816 1393.4 0.0645706 -0.489489 2871.58 2818.86 0.594503 0.648894 0.409742 0.767884 665.9 -0.312621 0.184466 4213.98 0.293277 2.55192 -0.0996691
1305.08 0.39292 -0.133411 -1 -1 -1 -1 911.297 0.327903 -1 0.62226 -1 1102.98 3.00728 0.12509 1827.96 0.582141 3.02649 0.0996691
2559.98 0.220231 -2.58365 1630.71 -0.280417 0.51417 4282.02 4175.61 0.208288 0.527926 0.556591 0.742957 951.763 0.60449 0.113415 4196.34 0.245137 3.07479 0.0996691
1305.74 0.224699 3.06383 -1 -1 -1 -1 1301.56 0.351894 -1 0.395458 -1 1102.15 -0.168327 0.281924 1567.88 0.709336 2.97221 0.0996691
1833.76 -0.690444 -2.48276 1591.32 -0.72743 1.83122 2983.69 2522.87 0.224602 0.450004 0.525562 0.714211 1318.88 0.532103 0.0821363 5338.8 0.621746 3.01 0.0996691
1497.83 0.0870052 -0.232708 -1 -1 -1 -1 534.575 0.0413401 -1 0.372967 -1 1362.07 2.90844 0.0601046 1602.15 0.946678 3.0828 0.0996691
2953.81 0.809162 1.72906 1337.91 -1.49556 -1.90075 6920.98 5838.26 0.316654 0.330237 0.806927 0.642686 1801.02 -1.07392 0.0654111 4387.06 0.976867 2.75804 0.0996691
2161.36 0.458882 2.00059 1179.1 0.825948 -0.724609 3445.56 2382.53 0.0825082 0.181665 0.566206 0.700288 933.68 -0.782657 0.0432889 4186.55 0.945343 2.95259 0.0996691
971.897 0.451081 -0.723173 -1 -1 -1 -1 459.542 0.749703 -1 0.514902 -1 887.918 2.39642 0.0887179 1007.51 0.892966 3.02984 0.0996691
1171.02 -0.353352 -2.22019 334.595 0.401993 0.890549 1360.76 1309.33 0.266861 0.629974 0.726086 0.646711 815.208 0.912235 0.0193307 1472.65 0.568011 3.11103 0.0996691
1369.95 0.448782 -3.12832 779.669 0.346135 -0.251276 2129.12 1512.15 0.369619 0.524657 0.462069 0.754224 784.861 -0.0976077 0.154174 2487.23 0.201842 2.99216 0.0996691
1492.43 -0.0664235 -0.579918 842.139 -0.176052 3.01349 2250.51 2035.02 0.3298 0.264058 0.675405 0.582601 609.408 2.79656 0.219448 2790.9 0.342154 2.60196 0.0996691
929.402 -1.64714 -1.96914 645.342 -1.47358 2.79274 1105.64 1061.68 0.526187 0.56315 0.370236 0.645486 940.391 0.194241 0.148578 2326.02 0.781647 3.02785 0.0996691
552.933 1.31148 1.30173 270.197 0.666165 2.71411 581.17 549.777 0.434168 0.701731 0.624132 0.878098 716.293 -1.16795 0.0561571 1315.83 0.208681 3.04171 0.0996691
2279.43 0.196616 2.84474 1071.93 0.0685065 -0.478753 3327.41 2387.87 0.142366 0.602927 0.548473 0.665121 715.711 -0.0900713 0.0304449 3832.47 0.82599 3.12585 0.0996691
1530.03 -1.66657 2.87549 830.937 0.283779 -0.120469 3493.29 2588.07 0.315988 0.735222 0.589694 0.642523 601.958 -0.142649 0.0329397 2591.22 0.907962 3.03755 0.0996691
2103.07 -0.354832 2.42764 1030.14 -0.242042 -1.04736 3004.47 2808.37 0.201368 0.698605 0.597223 0.764005 662.776 -1.23679 0.189426 4487.58 0.337857 2.87706 0.0996691
2835.1 0.28427 2.11868 1686.06 -1.30985 -0.55836 5770.99 5726.63 0.248117 0.605406 0.180709 0.690373 1008.35 -1.74757 0.762201 5003.83 0.706363 3.10385 0.0996691
1446.84 0.827192 -1.66586 938.143 0.560997 1.31167 2497.28 1904.58 0.14401 0.303985 0.474402 0.71409 1330.12 1.3777 0.0682908 3280.06 0.108254 3.12371 -0.0996691
2434.32 0.25019 -1.11067 1299.22 -0.0356118 -3.12499 3245.43 2644.08 0.0450434 0.457711 0.683995 0.563484 1604.21 1.52154 0.0711361 4374.95 0.298168 3.12249 0.0996691
1700.37 -0.889769 -2.57161 1484.59 0.994367 -0.207816 4543.08 4511.49 0.36336 0.602697 0.605032 0.627743 824.488 0.682589 0.462458 4471.17 0.661765 2.56653 0.0996691
1297.84 -1.45557 2.41842 883.7 -0.597605 0.500073 2053.94 1828.12 0.441762 0.746087 0.685558 0.667803 961.159 -1.26511 0.0168897 2848.59 0.317066 2.69823 0.0996691
1305.32 0.857206 1.36137 347.436 -0.433107 -1.6915 1655.28 1599.12 0.0183386 0.604124 0.573326 0.577706 816.413 -1.65259 0.015744 1831.56 0.964585 3.02884 0.0996691
1533.92 0.0394732 -0.00144791 1278.96 -1.01469 -1.96935 2812.34 2795.35 0.522025 0.421062 0.387227 0.733268 607.915 2.02858 0.283352 3947.18 0.305651 2.58607 0.0996691
1067.74 0.814922 -3.01859 -1 -1 -1 -1 270.208 0.265263 -1 0.594434 -1 1051.22 -0.0457159 0.317723 1379.72 0.824764 2.62661 0.0996691
2095.89 0.00846329 0.536997 1676.96 0.812546 -1.10893 3170.45 3120.81 0.416941 0.655773 0.679865 0.776359 2114.51 3.03849 0.00314951 4713.43 0.238645 3.10168 0.0996691
653.347 0.426485 -0.447 579.373 1.65764 -1.47199 1021.32 977.722 0.509815 0.516839 0.540649 0.750585 602.907 2.09402 0.0380805 1778.94 0.578238 2.76217 0.0996691
2679.36 -0.881285 -1.69058 1994.22 0.108809 2.53512 4632.07 4607.23 0.481854 0.56382 0.781641 0.703242 775.027 0.355001 0.424411 6412.8 0.840159 2.60643 0.0996691
2584.77 0.91675 1.07974 1686.87 -0.115805 -1.65594 4798.83 3675.45 0.210838 0.69908 0.404115 0.689865 1087.49 -2.55484 0.246648 4612.74 0.689148 2.73383 0.0996691
1016.79 1.67649 0.857761 -1 -1 -1 -1 1415.36 0.537291 -1 0.650617 -1 642.866 -2.50623 0.147171 1336.62 0.834631 2.78026 0.0996691
1712.65 0.821237 -0.536731 1259.29 -0.311512 -2.16782 2768.48 2756.85 0.644402 0.570594 0.705539 0.41422 1253.27 2.02233 0.0388494 3863.46 0.801306 2.51692 0.0996691
1591.79 0.660606 2.4152 -1 -1 -1 -1 1247.51 0.667634 -1 0.744784 -1 1374.39 -0.769533 0.037958 1796.51 0.759471 3.13209 0.0996691
1192.34 0.265208 -2.91488 1112.02 -0.112543 1.31831 2044.16 1996.22 0.178787 0.351706 0.751009 0.569095 725.083 3.04879 0.31429 4145.95 0.245521 2.65668 0.0996691
1369.93 -0.0604519 -2.7988 1052.18 1.18013 1.79734 2506.54 2065.84 0.179869 0.478354 0.754639 0.293168 705.861 -0.155174 0.130662 3462.42 0.114368 2.93266 0.0996691
1216.81 -0.635494 -0.14106 299.772 0.632687 2.99991 1467.7 1424.62 0.535443 0.399642 0.800665 0.727475 945.606 -3.11933 0.1543 1613.64 0.619995 3.13257 0.0996691
2507.91 -0.200995 0.0839631 1056.29 0.547001 -2.3969 3468.27 2671.43 0.122798 0.745514 0.731229 0.629938 704.83 -2.20112 0.20065 5470.06 0.287306 2.71741 -0.0996691
2223.79 0.128742 -0.328575 1761.86 0.403646 -2.59056 3680.26 3449.03 0.373179 0.255681 0.402486 0.706428 662.951 2.26521 0.477587 5099.75 0.489539 2.54745 0.0996691
1345.32 -1.085 2.63182 -1 -1 -1 -1 1262.92 0.588827 -1 0.528275 -1 1106.21 -0.508067 0.0452679 1581.56 0.695989 3.09451 0.0996691
1819.6 0.495979 1.51366 1262.07 -0.733338 -2.52529 3383.02 3343.86 0.355781 0.690748 0.240502 0.57356 1324.5 -0.864203 0.0260264 3153.39 0.918543 2.40886 0.0996691
1831.72 -0.867528 -1.66081 1763.64 0.413653 0.105858 3802.57 3234.19 0.543326 0.65729 0.567902 0.722029 941.024 2.5866 0.0617177 5002.86 0.252819 2.663 -0.0996691
1507.01 -0.266475 -0.626336 1338.03 0.384534 1.96172 2895.64 2880.97 0.726691 0.202357 0.7527 0.622322 677.946 -2.7418 1.58155 2835.15 0.280483 2.5852 0.0996691
1164.56 -1.14874 0.670224 410.939 1.17211 1.30608 2090.67 1708 0.535976 0.643351 0.281762 0.534463 1264.8 -2.32284 0.0147054 1895.5 0.454039 3.03737 0.0996691
1619.27 0.137043 -2.17631 812.692 -1.17326 0.0725442 2875 764.668 0.236801 0.105356 0.80515 0.594837 934.898 1.63639 0.855812 3112.33 0.479041 2.59451 0.0996691
2111.05 -0.526763 -0.612556 1993.82 -0.244647 2.93724 4191.06 3144.13 0.201643 0.801939 0.552225 0.715016 882.236 1.38127 0.242739 4271.4 0.866466 2.52261 0.0996691
2622.83 -0.160102 -1.44963 1921.56 0.419182 2.88245 3950.57 3950.03 0.163234 0.193181 0.524152 0.373372 1077.5 1.12252 0.153909 6121.99 0.541009 2.41803 -0.0996691
1579.86 -0.302829 -1.11844 408.145 -0.190689 2.24181 1655.15 1448.78 0.360381 0.726969 0.603436 0.538764 1201.31 1.94211 0.339917 2038.21 0.547079 2.92828 0.0996691
1953.41 0.591253 -2.69932 1190.14 -0.20172 1.29534 3058.69 2951.05 0.0514554 0.672268 0.564936 0.787754 1593.48 -0.565915 1.69345 3658.46 0.962468 2.45634 -0.0996691
2719.79 0.0601281 -2.50562 916.892 -0.197804 0.734681 3274.67 2757.01 0.111848 0.359337 0.434992 0.591497 1764.89 0.52879 0.134915 3727.52 0.841208 3.11517 0.0996691
1200.3 -1.24371 2.36935 668.571 -0.00877709 -0.299325 2116.96 2057.91 0.375017 0.575815 0.782003 0.64605 658.084 -1.20453 0.917707 1859.33 0.367135 2.65911 0.0996691
2543.18 -0.502978 -0.400043 1275.01 -0.966022 2.75647 4004.66 1151.17 0.25873 0.495615 0.554518 0.649452 1306.46 2.73307 0.0253894 4011.47 0.190648 2.7775 0.0996691
1904.62 0.125627 -2.16885 1467.31 -1.05599 1.46027 3925.87 2091.07 0.297212 0.310184 0.32302 0.188362 1091.87 1.44421 0.186882 5071.74 0.430433 2.48106 0.0996691
618.17 -0.99091 1.25731 462.559 -2.39638 -0.584234 1203.83 1164.12 0.564029 0.453356 0.696658 0.569896 633.392 -2.56155 1.97687 1045.12 0.614077 1.83982 0.0996691
1888 1.26094 -2.89723 912.9 -1.18472 -1.50941 4449.71 3445.69 0.719264 0.272663 0.757679 0.559096 1517.5 0.677751 0.0615738 3493.89 0.839967 3.11643 0.0996691
1681.29 -0.937854 -1.52392 693.021 1.29728 1.21613 3715.59 3104.7 0.0810769 0.63347 0.299609 0.638126 600.598 1.94104 0.0248185 2965.17 0.512545 2.94814 0.0996691
1816.71 -0.200913 -3.0332 621.74 0.764409 -0.515085 2315.36 2231.83 0.278593 0.521916 0.369701 0.451586 843.791 0.147432 0.572231 3027.59 0.562902 2.53633 0.0996691
1626.41 0.119303 2.33689 1108.9 -0.36378 -1.25926 2747.97 2512.68 0.134295 0.569054 0.815588 0.504842 748.261 -0.131309 0.117676 2767.14 0.959512 2.39271 0.0996691
1227.74 -1.13863 -0.206649 921.384 0.255358 1.20655 2242.88 1995.85 0.311674 0.130403 0.768977 0.606161 1257.02 -2.67726 0.21472 2988.58 0.965357 2.68646 0.0996691
1848.94 -0.341146 -2.82337 1544.09 -0.748634 0.585356 3462.4 3218.69 0.524265 0.713893 0.536686 0.761083 729.563 0.271045 0.0230429 4087.92 0.944809 3.12021 0.0996691
1180.54 0.756985 -0.36879 344.507 0.3941 -3.08325 1341.44 1164.3 0.546882 0.651381 0.396396 0.761663 871.528 2.64029 0.559606 1558.46 0.559347 2.80472 0.0996691
1415.82 0.723465 -1.70224 295.616 0.0894059 1.91608 1369.32 1156.23 0.172681 0.747036 0.616269 0.546989 1019.9 1.36557 0.206655 1816.44 0.970846 3.0067 0.0996691
1881.42 0.220492 0.953866 1262.95 -0.153392 -1.57683 3002.72 2985.4 0.653543 0.630226 0.676667 0.635583 1018.53 2.68347 0.10849 4829.51 0.412855 2.47724 0.0996691
1664.5 -0.692247 1.90298 517.173 0.067551 -1.76375 1985.98 1777.61 0.725829 0.267779 0.501929 0.505961 1075.55 -1.23453 0.34259 2468.24 0.908836 2.80057 0.0996691
1413.25 -0.00402674 3.11903 758.969 -1.53678 -1.09142 2544.81 2382.65 0.612282 0.509034 0.410716 0.669931 834.384 0.16609 0.154042 2689.88 0.655607 2.78893 0.0996691
1713.62 -0.521091 -0.243131 1642.04 -0.642753 2.54302 3317.37 3297.21 0.225992 0.649419 0.406044 0.561425 628.711 -1.1314 0.110584 3968.3 0.948385 2.71992 0.0996691
1502.83 -0.528092 -1.62225 1055.04 -0.690062 -0.11861 1745.19 1710.3 0.353212 0.667911 0.8728 0.692206 826.425 2.24716 0.0610135 3803.03 0.949065 2.84824 0.0996691
1668.79 0.231634 2.82843 687.041 -0.198493 0.210424 2140.63 2102.6 0.589874 0.402267 0.581944 0.750386 988.617 -0.407539 0.629238 2558.43 0.484316 2.60059 0.0996691
3125.66 0.0097198 1.45496 1258.47 0.177982 -1.82978 4041.04 1654.72 0.463614 0.267936 0.608212 0.575588 2348.77 -1.86219 0.0397365 5306.29 0.637425 2.92665 0.0996691
2724.67 -0.273186 1.36693 1187.27 -0.00126295 -0.679653 3284.11 2941.01 0.589826 0.604543 0.424826 0.581453 1838.92 -2.14207 0.28605 4648.66 0.309947 2.91154 0.0996691
1854.93 1.01255 1.97877 1402.47 -0.830157 -1.82583 4660.54 3453.26 0.0928087 0.641928 0.629778 0.815653 1029.42 -0.304095 0.364908 3289.46 0.876512 1.9953 -0.0996691
2426.7 0.4412 1.04935 1219.76 0.392832 3.07156 2950.01 2927.22 0.642479 0.687396 0.415733 0.544539 1612.11 -1.54206 0.0791988 4196.58 0.943596 2.6705 0.0996691
1678.22 -0.56683 -1.76883 970.488 0.0351085 1.33021 2678.44 2667.2 0.28624 0.222825 0.523969 0.759871 654.966 1.32841 0.00418377 2701.25 0.270853 3.10129 0.0996691
2612.95 0.429487 1.60706 2077.65 0.741409 -0.421689 4077.51 4046.16 0.252946 0.453649 0.648001 0.641781 1931.88 -2.3604 4.1008e-05 5208.57 0.722969 2.31551 0.0996691
910.819 -0.457665 -1.86602 -1 -1 -1 -1 765.591 0.395069 -1 0.697008 -1 722.457 1.30473 0.141921 1062.3 0.701821 2.9664 0.0996691
1111.03 0.613525 -0.27634 404.246 -0.231829 0.490157 800.518 796.838 0.489306 0.480509 0.369874 0.505105 1240.1 3.08635 0.02703 1669.13 0.75718 2.93394 0.0996691
921.397 -0.240114 2.63606 679.127 -1.06871 -2.72541 994.049 971.663 0.660259 0.777532 0.475376 0.566076 1093.34 -0.0512783 0.000805493 2101.29 0.43609 2.68731 0.0996691
1965.88 0.135329 1.70447 768.203 -0.279731 -1.26098 2655.29 634.725 0.170031 0.140626 0.716258 0.397412 1218.67 -1.47225 0.0243102 2835.61 0.544535 2.86574 0.0996691
1281.94 0.2063 -2.30369 -1 -1 -1 -1 766.63 0.677242 -1 0.832071 -1 1216.66 0.820799 0.0575833 1352.77 0.871659 3.10092 0.0996691
3450.12 0.290812 -1.1425 1873.74 -0.827146 2.20061 5981.07 5873.41 0.551046 0.661932 0.615064 0.482669 1425.71 2.27187 0.0708292 6198.48 0.939234 3.07436 -0.0996691
1782.28 -0.206347 3.01783 1346 1.11467 -0.926909 3763.69 2822.28 0.15661 0.0678465 0.521244 0.564957 967.352 0.256428 0.333303 3825.73 0.883552 3.07327 0.0996691
1101.92 0.0334427 2.29594 749.899 0.913271 0.211817 1788.99 1746.38 0.487305 0.318283 0.640761 0.748959 770.946 -2.24272 0.529035 2532.66 0.949443 1.91985 0.0996691
767.752 0.806022 -2.01877 387.799 0.597612 2.23964 1009.5 673.949 0.172493 0.366751 0.830933 0.36507 612.176 0.710697 0.0410687 1323.43 0.639188 2.8222 0.0996691
1063.11 1.81543 2.11134 914.698 0.872767 -0.608657 2173.42 2136.24 0.373199 0.171458 0.607184 0.299595 778.804 -2.06508 0.203449 2432.61 0.585432 3.09192 0.0996691
3375.2 -0.466051 -0.537794 883.071 -0.146558 1.7353 3508.54 3001.46 0.518888 0.711471 0.397571 0.516217 2488.44 2.82226 0.10357 4859.82 0.751802 2.90568 0.0996691
2658.99 -0.305587 0.345272 1970.48 -0.703649 -2.43571 4660.49 4553.2 0.134161 0.357649 0.763536 0.697122 813.404 2.62047 0.0648549 4870.44 0.857313 2.3372 0.0996691
2895.32 -0.485017 1.9337 1062.69 -1.04041 -1.82236 3734.52 1078.56 0.125232 0.691171 0.682906 0.697442 1235.32 -1.08151 0.285654 4856.22 0.255711 2.77873 0.0996691
2789.83 -0.493326 -0.872849 1302.37 -0.382588 2.7284 3896.68 3061.15 0.44455 0.699469 0.626995 0.629577 1285.27 1.93721 0.0668292 4462.15 0.448487 3.03224 0.0996691
1823.56 0.123992 -1.79716 1695.61 -0.4023 -2.85116 2011.39 2004.06 0.367622 0.276756 0.0437413 0 701.45 1.0412 0.316147 6306.06 0.128664 3.12901 0.0996691
2254.74 0.49609 1.04078 1637.6 1.33532 -1.14073 3861.09 3843.76 0.128561 0.615469 0.557229 0.835532 1255.56 -2.87877 0.0110173 4424.07 0.678735 2.3747 0.0996691
1094.32 0.651786 -3.01893 1083.04 1.044 2.21601 1224.78 1174.98 0.572382 0.72668 0.591233 0.688134 1635.32 -0.397218 0.771493 2901.41 0.747613 2.32257 0.0996691
1404.23 -0.0767205 2.07833 525.814 0.800684 2.95684 1091.62 1080.37 0.327842 0.311719 0.526468 0.584874 1297.51 -0.832841 0.0618516 2397.92 0.959799 2.84978 0.0996691
1161.32 -0.0115586 1.25292 596.358 2.27451 -1.37229 2864.29 2599.89 0.738387 0.469026 0.543817 0.620603 626.951 -2.2632 0.038012 1793.34 0.925608 2.72616 0.0996691
1418.61 -1.24809 0.631931 1204.01 0.058338 2.86502 3014.85 2878.6 0.627131 0.436915 0.701411 0.75854 911.29 -1.96283 0.0413183 4285.19 0.939941 2.82877 0.0996691
1720.89 -1.01568 -1.8826 835.295 0.0799533 1.10504 2876 2384.19 0.17732 0.676934 0.655131 0.513157 656.675 0.930397 0.175501 3476.19 0.391512 2.63256 0.0996691
1431.91 -1.38368 -2.32916 825.245 1.27273 -0.7346 4122.52 4088.97 0.274529 0.181978 0.630377 0.62086 1094.03 1.38678 0.14117 2786.28 0.673953 2.42548 0.0996691
2328.76 -0.041857 1.96553 2127.13 -0.229222 -2.49368 3570.66 3552.27 0.296491 0.720887 0.262146 0.617242 2171.32 -0.310074 0.626335 5232.2 0.676323 2.90145 0.0996691
2581.31 0.243376 -2.38946 2449.62 0.0989805 1.23021 5133.39 3514.57 0.576156 0.722095 0.662266 0.646357 1164.38 -0.408671 0.218116 5362.66 0.235049 2.725 -0.0996691
1455.89 0.114769 0.919715 437.453 1.53285 -2.12044 2017.88 2008.92 0.287113 0.721481 0.223833 0.744846 941.826 -2.48816 0.138241 2128.87 0.887485 3.01372 0.0996691
1251.65 -0.836587 -2.99286 1003.91 0.0968884 -0.725715 2306.73 2295.36 0.588804 0.111013 0.644474 0.196555 922.891 1.50932 0.181396 3320.08 0.523544 2.14595 0.0996691
1316.7 -1.06794 -0.165935 958.863 -1.31034 -2.65331 2150.52 2134.97 0.0468169 0.79386 0.336356 0.649647 761.112 1.11112 0.716774 3157.38 0.961916 1.8032 0.0996691
1666.32 0.775315 -0.314656 1331.29 0.677774 1.22814 2109.86 2067.96 0.61148 0.464719 0.735201 0.624168 954.956 -2.50365 0.102293 4257.46 0.891445 2.65634 0.0996691
1815.91 -0.573301 1.83858 -1 -1 -1 -1 406.757 0.137374 -1 0.739229 -1 1604.29 -1.36018 0.278491 2376.01 0.762946 2.83874 0.0996691
2756.52 -0.0721625 -1.17352 2485.12 0.0483039 1.89149 5364.58 4795.14 0.426082 0.462471 0.653161 0.724498 701.949 2.02095 0.0975394 5708.19 0.0979942 3.08056 -0.0996691
1984.09 -0.311933 -0.223642 551.072 1.89726 -2.67446 3490.06 455.856 0.102335 0.506315 0.442192 0.554436 1204.27 2.66776 0.172109 2894.43 0.397981 2.99083 0.0996691
2709.33 0.15571 2.84504 1484.51 0.182432 0.0480875 4341.21 1222.78 0.0649452 0.464549 0.720951 0.810152 907.738 0.0413369 0.0571769 5391.1 0.350574 2.96573 0.0996691
1086.05 0.332703 -1.81351 -1 -1 -1 -1 942.449 0.751028 -1 0.685983 -1 869.53 1.35884 0.0733483 1288.27 0.673158 3.10286 0.0996691
1485.87 -0.381261 -2.12366 -1 -1 -1 -1 426.86 0.422608 -1 0.424791 -1 1217.95 0.976732 0.00729454 1834.83 0.714662 2.99515 0.0996691
1449.26 -0.339194 0.564777 1293.32 -0.753548 1.92043 1869.64 1727.05 0.554993 0.639964 0.563017 0.689094 1021.29 -1.73376 0.0892246 3777.29 0.845203 2.53871 0.0996691
1715.56 1.01271 0.905169 816.743 1.03704 -2.32665 2575.68 728.092 0.255532 0.615147 0.68781 0.723495 613.616 -2.22804 0.0399041 2859.46 0.229883 2.95194 0.0996691
2163.08 -0.0275106 -0.668381 896.93 0.57289 3.04901 2833.11 2752.41 0.295151 0.54598 0.682382 0.732647 1486.16 2.11853 0.931402 3004.66 0.495988 2.56183 0.0996691
2182.37 0.14108 1.49481 1227.93 -1.05897 -0.339732 3368.78 3190.36 0.394263 0.529309 0.226533 0.414706 1369.3 -2.29544 0.248366 4314.31 0.451172 2.7413 -0.0996691
1626.79 0.451491 -0.65072 433.352 -0.231091 1.61273 1680.61 1532.35 0.168098 0.388159 0.741466 0.528057 1122.7 2.69 0.13344 2299.08 0.736611 2.81654 0.0996691
2360.29 -0.137276 -2.04546 1145.38 1.08118 1.56927 3853.49 3828.59 0.372428 0.162761 0.608307 0.592516 1308.95 1.56819 0.00116813 4782.84 0.41009 2.6638 0.0996691
1267.81 0.105566 -1.92459 408.2 -1.04408 1.31069 1695.35 1661.1 0.528238 0.718186 0.600888 0.630294 918.699 1.24345 0.0604593 2115.68 0.521484 3.05617 0.0996691
1617.54 0.215955 -2.3413 1139.42 -0.670268 -0.222539 2708.45 2616.3 0.583002 0.276059 0.823618 0.834966 964.952 1.53826 0.421728 3360.05 0.724878 2.59695 0.0996691
753.965 -0.630426 1.99858 741.256 -0.875971 -0.750415 1514.45 1256.49 0.602104 0.419786 0.652184 0.716977 605.517 -2.19684 0.0510228 1826.38 0.156735 3.04994 0.0996691
1267.42 -1.56002 -1.22134 644.499 0.939297 0.284798 3214.18 2340.06 0.240578 0.438151 0.669199 0.624923 1031.78 2.36703 0.134095 2420.32 0.346613 3.11721 0.0996691
2116.3 -0.181944 -1.7819 1701.67 -0.292115 2.06245 3916.73 2314.45 0.0455409 0.382758 0.591764 0.379 1425.48 0.343581 1.29126 3996.41 0.409384 2.50206 -0.0996691
2156.62 -0.448221 0.108928 1061.29 0.549253 2.77622 3429.25 2971.13 0.108832 0.401945 0.72119 0.606178 1082.01 -2.87512 0.0602119 3771.02 0.772039 3.12532 0.0996691
853.125 1.0756 0.873468 432.227 -0.095016 -0.973513 1279.23 1012.31 0.39207 0.505441 0.619301 0.586887 840.808 -2.83273 0.156606 1296.98 0.924096 2.76777 0.0996691
1222.61 -0.700644 -2.47706 602.862 -0.150133 2.19056 1336.77 1331.47 0.507855 0.0375498 0.716409 0.427941 1309.39 0.164041 0.0347492 2349.36 0.144359 3.12552 0.0996691
1376.47 -0.652306 1.00613 300.599 1.87742 2.21009 2229.96 2205.51 0.318369 0.510274 0.454774 0.510407 1323.37 -2.04726 0.000781059 1921.99 0.962633 3.05326 0.0996691
1852.87 -0.16943 1.87188 1652.13 0.698625 -0.319705 3518.16 3442.78 0.505642 0.419266 0.727877 0.29265 713.328 -2.4009 0.578069 4594.45 0.92724 2.84506 -0.0996691
1696.51 -0.831985 1.95231 1077.17 1.08048 -1.12748 4101.11 2452.21 0.0436673 0.189784 0.39225 0.670946 681.696 -1.55208 0.0458447 2961.73 0.399898 2.82862 0.0996691
879.648 0.441337 -1.55264 -1 -1 -1 -1 837.22 0.451424 -1 0.510378 -1 673.447 1.58218 0.0777029 1068.28 0.637221 3.05621 0.0996691
2152.01 0.327969 1.26301 1002.96 0.975725 -2.69651 2885.84 2830.66 0.614116 0.393671 0.672526 0.562035 930.529 -1.5388 0.341978 3848.17 0.839256 2.45835 -0.0996691
807.923 -1.3477 0.255187 706.897 1.13311 -1.77077 2721.41 2681.22 0.661762 0.371825 0.679702 0.568628 817.509 2.40732 1.45818 1543.64 0.772914 1.4079 0.0996691
2316.06 -0.385454 -0.562668 1846.66 0.0282429 2.80005 4305.26 2972.47 0.280029 0.262819 0.61074 0.730589 843.951 -3.1388 0.205401 5239.49 0.795965 2.3997 0.0996691
1695.07 0.382918 0.156007 988.214 -0.107973 -3.09525 2709.03 1883.4 0.40325 0.122576 0.381948 0.45266 790.659 -2.83889 0.0328872 2791.96 0.700972 3.09019 0.0996691
927.999 -0.989759 3.08022 -1 -1 -1 -1 711.291 0.611677 -1 0.614221 -1 841.808 -0.0394952 0.00657723 1034.41 0.735739 3.126 0.0996691
663.777 -1.48452 2.82211 634.91 1.35269 -1.94747 2685.28 2566.21 0.768267 0.78235 0.833781 0.721464 865.77 0.411833 0.138952 1322.1 0.883703 2.55679 0.0996691
1530.37 1.06133 -2.26226 1397.66 0.132946 1.03214 3345.69 2521.85 0.689625 0.145376 0.78875 0.498389 871.288 1.07125 0.127035 4245.81 0.105513 2.93033 0.0996691
1648.53 0.45296 0.260319 818.863 -0.94456 -2.17592 2862.94 2013.03 0.0907197 0.565741 0.44191 0.607121 755.144 2.96453 0.0496802 2857.23 0.464768 2.93666 0.0996691
2249.94 0.0504155 -1.27202 1269.01 0.356752 1.21463 3292.34 3210.25 0.345096 0.765045 0.675231 0.705501 1224.26 1.11168 0.11228 5304.24 0.386497 2.67356 -0.0996691
1490.26 -0.20703 0.391937 -1 -1 -1 -1 961.02 0.312622 -1 0.394056 -1 1350.38 -2.70495 0.0632389 1670.12 0.8134 3.03366 0.0996691
2318.16 0.701705 -1.35532 2003.81 -0.0154746 0.57088 3892.51 3878.92 0.316705 0.0709165 0.569854 0.288506 1564.46 2.66298 0.0431786 5104.29 0.621432 2.21914 0.0996691
1831.34 0.470497 2.72376 -1 -1 -1 -1 750.873 0.147067 -1 0.523791 -1 1608.25 -0.413628 0.00129133 2168.54 0.946887 2.96571 0.0996691
541.424 0.551684 2.74932 335.832 -1.80643 1.55314 1367.08 1003.58 0.530224 0.359628 0.709466 0.534116 632.737 -0.828246 0.018644 943.722 0.71711 2.68264 0.0996691
2405.3 -0.630443 0.288514 2202.45 -0.501546 2.68233 4309.6 4288.05 0.576049 0.350364 0.706255 0.643424 743.294 -1.47641 0.252897 6485.39 0.491299 2.37643 0.0996691
2796.34 -0.221169 -2.42651 1175.33 0.000361083 -0.209107 3313.86 3068.4 0.590262 0.69779 0.457339 0.69079 1435.83 0.794671 0.113969 5060.63 0.967456 3.10657 -0.0996691
978.547 -0.998029 0.0897926 419.015 2.1066 1.40438 2994.13 2985.99 0.518131 0.50956 0.671933 0.708251 1177.87 -2.45045 0.0393052 1927.38 0.721887 2.57747 0.0996691
1786.11 -0.437396 1.79714 1198.82 0.668459 -1.16733 3458.51 3000.29 0.25147 0.18495 0.560346 0.782404 612.179 -1.50554 0.079764 2993.68 0.699429 3.05698 0.0996691
1537.34 -0.308252 1.23208 1183.13 0.93131 -0.792551 2917.7 2816.78 0.474306 0.487405 0.626371 0.739134 1679.49 3.03954 0.041893 4238.97 0.550873 2.44701 -0.0996691
1264.14 -0.768921 2.67967 304.594 -0.509459 -0.531281 1272.92 1228.77 0.586466 0.294268 0.602547 0.771762 1011.54 -0.449076 0.0606135 1543.36 0.621885 3.0896 0.0996691
1718.04 0.0700188 -0.579228 1409.32 -0.562279 -2.48643 2748.86 2692.79 0.74188 0.713131 0.676606 0.642861 1994.05 1.73255 0.0114082 4434.09 0.254359 3.09594 0.0996691
1417.45 0.841375 -0.272245 -1 -1 -1 -1 541.057 0.466826 -1 0.800974 -1 1457.61 2.85013 0.0852747 1569.84 0.948829 3.07777 0.0996691
1111.26 0.493806 2.7179 299.514 1.23729 -0.131826 1292.2 1080.25 0.515664 0.54152 0.690042 0.805421 697.357 -0.542458 0.0717224 1538.93 0.367681 3.0398 0.0996691
1954.38 0.153433 0.322476 1799.66 -0.118814 2.43944 3338.39 3267.69 0.632016 0.54456 0.789559 0.266536 608.062 -1.33885 0.363428 5097.77 0.801958 2.14999 0.0996691
1305.23 -0.30668 -1.69763 429.065 1.17511 1.46084 1951.01 1839.72 0.428742 0.801353 0.815261 0.831102 613.099 1.33003 0.136274 1944.47 0.527094 3.12281 0.0996691
974.867 -0.768698 2.17371 -1 -1 -1 -1 900.305 0.422156 -1 0.770554 -1 789.98 -0.966445 0.0430478 1154.36 0.668949 3.0935 0.0996691
1373.52 -0.0904982 2.19705 -1 -1 -1 -1 1168.84 0.268139 -1 0.651002 -1 1187.47 -1.16084 0.0556719 1904.76 0.743096 2.86912 0.0996691
2036.99 -0.0865987 -0.444912 1945.73 0.763322 2.51106 4503.85 3316.05 0.329499 0.480584 0.596663 0.197274 682.997 -0.372429 0.053753 4801.07 0.0938644 2.96471 0.0996691
1348.08 0.418149 -2.44093 668.126 -1.05407 0.680705 2463.06 2370.81 0.247482 0.530392 0.583376 0.47238 688.316 0.716608 0.011675 1995.03 0.360616 3.13498 0.0996691
2602.78 0.575859 -0.0749188 2349.32 -0.518306 -2.96094 5733.76 5454.63 0.49111 0.26961 0.532105 0.691896 990.079 2.3146 0.961328 5844.09 0.958083 2.47288 0.0996691
1486.38 0.557073 -0.746921 1444.21 0.294533 1.45807 2667.03 2588.72 0.330672 0.714948 0.26478 0.614669 1074.81 -2.84666 0.180923 3069.77 0.873063 1.91913 0.0996691
1316.7 0.440908 -2.65525 1001.56 -0.296659 -1.46822 1565.21 1556.21 0.0625737 0.517388 0.269402 0.609864 894.165 1.51903 0.0435041 4077.26 0.121592 2.94735 -0.0996691
1084.98 0.725324 2.23938 302.951 -0.769094 -1.2127 1624.76 499.768 0.166019 0.819169 0.711945 0.869568 819.758 -1.0294 0.230543 1527.96 0.491021 2.96142 0.0996691
1398.97 0.142414 0.257573 763.661 -1.07885 -2.52496 2518.52 1979.65 0.572069 0.367482 0.677224 0.467303 725.833 2.98462 0.141717 2327.84 0.71912 2.86879 0.0996691
2138.29 0.421629 1.47509 1454.37 -0.0486171 -1.66347 3875.37 2845.97 0.172884 0.698683 0.316101 0.659648 620.388 -1.51762 0.146802 3674.02 0.340405 2.80282 0.0996691
1231.36 0.878919 0.784348 1209.91 0.764841 -2.49457 2462.44 2382.26 0.537926 0.599242 0.83653 0.755454 679.716 1.62898 0.000908732 3707.91 0.67909 3.00788 0.0996691
1296.31 0.621708 2.49677 399.822 -1.64976 0.105762 2425.29 2195.33 0.155055 0.67698 0.635946 0.808782 1009.09 -0.902431 0.263424 1707.11 0.954232 2.62023 0.0996691
2875.58 0.166253 1.04144 2045.71 -0.455415 -2.39063 5132.05 4878.43 0.567477 0.0902205 0.521414 0.341272 1069.41 -1.53767 0.0872306 4989.82 0.771764 3.11652 -0.0996691
2018 -0.286438 -0.76686 1588.99 0.314413 -2.71121 3220.94 3010.82 0.232643 0.654268 0.4752 0.733829 625.318 2.30964 0.715546 5080.59 0.833281 2.38955 0.0996691
1770.33 -0.236877 -2.12354 1278.24 0.351769 0.286356 2962.32 2956.08 0.00153473 0.542252 0 0.670791 759.726 1.51554 0.787955 3625.3 0.723198 1.85615 0.0996691
1691.73 -0.225536 1.56789 828.383 -0.193867 -1.48917 2406.97 2264.94 0.564981 0.860498 0.36031 0.605843 846.5 -1.65309 0.0497491 2510.11 0.955601 3.01736 0.0996691
3299.56 0.148658 1.77886 1666.75 0.272847 -1.7415 4796.41 3842.72 0.517455 0.782908 0.632136 0.694278 1629.01 -1.15335 0.583724 5350.48 0.298903 2.6564 0.0996691
1479.13 -0.705857 1.61306 357.759 0.360855 -1.47472 1725.48 1513.62 0.533877 0.096267 0.221431 0.554171 1127.85 -1.5118 0.0364884 1874.33 0.555814 2.97714 0.0996691
1863.95 0.650431 -0.323701 1764.85 0.0192578 1.55539 3452.67 3506.91 0.435448 0.169566 0.432501 0.594081 733.289 -2.74422 0.203422 5137.8 0.378148 2.37518 0.0996691
2025.48 -0.673469 0.018045 1779.04 0.0785483 1.87191 3637.66 2182.27 0.262069 0.433712 0.479686 0.681964 1804.6 -2.28288 0.0494521 4434.1 0.353898 3.13793 0.0996691
1693.5 0.666787 -1.2563 1568.94 1.14579 1.78544 3386.3 3267.73 0.764427 0.278558 0.757403 0.788226 749.154 -2.71846 0.175657 4596.89 0.40857 3.05754 0.0996691
1552.69 0.101956 0.216017 1365.11 -0.677012 -2.44718 3065.74 3029.21 0.68874 0.55694 0.787922 0.527764 740.807 2.6205 0.00422692 3782.8 0.279058 2.64634 0.0996691
1578.4 1.0226 -2.67813 1148.22 0.747111 0.528358 2733.69 2708.24 0.155586 0.76166 0.63376 0.659684 831.537 1.19406 0.337747 3683.94 0.705116 3.08877 0.0996691
2264.18 0.302659 -0.976408 1196.71 0.000875937 0.464881 2295.63 2153.55 0.286847 0.547512 0.740594 0.659675 1396.75 2.48646 0.0336382 4836.31 0.382286 2.81266 0.0996691
1242.32 1.16799 2.55223 1081.99 0.94142 -1.84692 1902.47 1872.07 0.578241 0.70841 0.771522 0.668656 1141.07 -0.230152 0.0872949 2962.39 0.88979 2.70113 0.0996691
1229.06 0.840706 2.34348 481.462 -1.15652 -0.956194 2409.53 1571.53 0.362269 0.288338 0.413907 0.70351 728.093 -0.735215 0.0200232 1713.88 0.626828 3.09476 0.0996691
2319.97 0.839822 1.21915 648.675 -2.08503 1.21431 5013.78 4980.07 0.250914 0.215236 0.327447 0.726981 2635.57 -1.9432 0.253165 3298.71 0.57179 2.87058 -0.0996691
1946.77 -0.317194 -0.272232 1813.29 -0.147029 2.8651 3818.49 3707.57 0.388004 0.532172 0.624343 0.73693 947.084 -1.28756 0.205343 5276.26 0.711297 3.03208 -0.0996691
1995.5 -0.121795 1.70713 1796.03 0.444972 -0.0950642 3187.51 3096.84 0.681399 0.572711 0.633442 0.635906 1269.55 -2.02453 0.0664935 5016.19 0.38395 3.01112 0.0996691
1866.22 0.332788 1.6066 1157.88 1.05021 -0.81301 2979.6 2962.95 0.0811325 0.201466 0.690066 0.55375 927.161 -2.15301 0.0581317 3282.94 0.779155 2.46544 0.0996691
1579.06 -0.0907861 -0.861421 1076.28 -0.435722 0.893539 2064.16 2041.11 0.300424 0.674288 0.607057 0.722564 718.252 -2.90676 0.00492287 3906.14 0.372029 2.49525 -0.0996691
2605.31 0.00316553 2.67317 2031 0.631326 -0.610675 5115.79 4117.82 0.495402 0.242236 0.551782 0.664278 709.623 -0.508772 0.100984 5126.39 0.174335 2.80159 0.0996691
817.098 1.83168 -1.01237 -1 -1 -1 -1 486.108 0.462772 -1 0.466412 -1 792.562 2.10962 0.442598 864.525 0.884499 2.69983 0.0996691
1839.97 0.519154 1.29478 1085.5 -0.801281 2.77864 2781.28 2737.76 0.441043 0.605867 0.552733 0.780753 1070.72 -0.951084 0.232972 4882.07 0.184306 2.78684 0.0996691
1333.49 -0.149508 -2.65931 969.849 -1.10478 -1.04595 2020.81 1941.97 0.563503 0.575854 0.586983 0.667089 747.794 0.300308 0.0951826 4319.68 0.318236 2.85977 0.0996691
1236.97 -1.35014 -2.75052 895.115 -1.6375 0.119283 2114.88 2068.14 0.546187 0.744028 0.162381 0.677524 737.486 1.53453 0.0188812 2702.72 0.822618 2.70953 0.0996691
1408.01 -0.094275 -0.943875 329.346 1.51799 -2.67384 1657.02 324.941 0.0771212 0.496386 0.70897 0.685026 1240.39 1.96703 0.0443745 1858.09 0.72032 3.09654 0.0996691
1677.82 0.663232 -2.05293 955.604 1.04341 1.0108 2673.92 2056.09 0.398272 0.211547 0.341936 0.630785 879.987 0.841231 0.142543 2953.67 0.627045 3.03671 0.0996691
2051.44 -0.175841 -0.312849 1734.96 0.43562 1.9463 3636.11 3591.81 0.534402 0.193707 0.280877 0.584386 975.85 -2.05371 0.570758 4741.58 0.866894 2.85882 0.0996691
1797.17 1.43394 0.296817 1523.51 0.333461 -1.5509 3278.57 3211.43 0.429858 0.354583 0.751898 0.638494 996.705 3.09762 0.107377 4783.77 0.802091 3.13731 0.0996691
1276.99 0.082774 -2.17256 868.308 0.867357 1.06246 2343.62 2115.78 0.15143 0.628575 0.668907 0.750205 672.125 1.04694 0.023971 2672.8 0.1828 2.94124 0.0996691
1037.82 1.44083 1.81313 584.508 -1.24592 2.15846 2828.46 1524.85 0.559109 0.27109 0.693964 0.710378 982.367 -0.886355 0.000323832 2776.53 0.120529 3.12405 0.0996691
1526.04 0.81979 -2.39294 820.309 0.890847 1.22515 2197.18 2162.61 0.646601 0.43103 0.729073 0.444624 615.766 1.06409 0.165881 2854.82 0.379015 2.65588 0.0996691
965.78 -0.342963 3.07346 -1 -1 -1 -1 1427.18 0.566064 -1 0.752449 -1 895.29 -0.0989794 0.589186 1469.43 0.906742 2.51626 0.0996691
1453.55 -0.109636 -1.07111 291.151 1.68485 2.33348 1921.3 349.732 0.100953 0.553337 0.602478 0.823529 938.44 1.98591 0.00436747 1978.7 0.798361 2.98622 0.0996691
2235.71 -0.603852 -2.0395 1334.04 -0.107127 0.557106 3465.98 3446.4 0.464458 0.336497 0.124897 0.746314 1082.97 1.90359 0.0620843 3696.45 0.902873 2.27858 0.0996691
1998.81 -0.344279 0.725006 1098.68 -0.46034 -3.01136 2859.04 2815.06 0.538138 0.362851 0.435296 0.493397 916.746 -1.87767 0.00384641 3356.19 0.785851 2.59901 0.0996691
1443.44 -0.237487 -0.18345 396.619 0.309353 3.04095 1609.37 1397.75 0.618851 0.703741 0.673188 0.765547 993.611 3.04368 0.0280316 1966.86 0.82757 3.09845 0.0996691
1948.84 0.0359438 0.279889 1116.84 0.317055 2.74979 2849.96 2791.34 0.126981 0.620598 0.754615 0.762977 804.513 -2.68084 0.225808 3787.24 0.888077 2.73649 -0.0996691
1948.68 0.200716 1.40903 1211.48 0.836057 3.0894 2496.61 2492.96 0.6051 0.490983 0.51407 0.438542 1504.47 -0.722482 0.0270081 4438.97 0.649088 2.44392 0.0996691
1738.77 -0.871043 -0.540981 1435.41 1.14631 2.55866 4919.28 4877.89 0.596788 0.519692 0.492537 0.492783 978.787 -0.122912 0.0390356 4479.91 0.963517 2.98711 0.0996691
1770.34 1.03802 1.65168 1278.94 -1.68297 -2.57685 6076.04 5677.66 0.562324 0.593636 0.59388 0.593737 1005.04 -1.32838 0.0187719 4162.56 0.697124 3.01628 0.0996691
2354.56 0.684813 1.82955 1199.46 0.953146 -1.81593 3523.4 2715.53 0.083907 0.569396 0.556469 0.505343 668.133 -1.13726 0.465203 4512.95 0.153506 2.96689 0.0996691
2321.98 0.580812 -1.65293 1195.06 -0.0754308 1.94843 3465.13 3314.76 0.482246 0.495822 0.631508 0.793452 1048.36 1.29769 0.310384 4484.8 0.954681 2.6385 0.0996691
2338.67 -0.715448 -2.0013 1332.99 0.42057 0.138954 3793.11 3504.83 0.316473 0.0740856 0.607226 0.378956 955.395 1.84474 0.0063957 4839.58 0.330842 2.65869 0.0996691
2171.71 0.731862 2.10514 833.797 -0.0469526 1.29698 1651.69 1231.17 0.375977 0.410765 0.52994 0.571169 2153.64 -1.17719 0.0730819 3824.51 0.904239 3.06895 -0.0996691
2011.68 -0.0696201 1.46529 643.146 -1.56104 -0.884454 2832.49 2792.95 0.409081 0.521691 0.678209 0.620834 1348.99 -2.22417 0.0538244 3180.41 0.251134 3.03696 0.0996691
2897.95 -0.0560604 0.746452 1654.7 0.263785 -2.31943 4566.34 3281.65 0.132501 0.49697 0.421564 0.811132 1271.23 -2.55693 0.243342 4584.95 0.144543 2.85153 -0.0996691
1424.06 1.75062 -2.70336 1141.71 -0.356012 -0.789589 3922.29 2427.93 0.11921 0.0958072 0.689719 0.632609 707.359 1.15756 0.042417 3514.57 0.239068 2.69353 0.0996691
1461.03 -0.147722 -1.83566 1196.03 -1.44606 1.3188 3226.66 3208.22 0.620088 0.411139 0.502571 0.296539 744.443 -0.805371 1.03137 3469.34 0.967613 1.99534 -0.0996691
1015.32 1.07609 0.270512 580.558 -0.106147 -2.36406 1791.56 1712.63 0.481256 0.682203 0.734147 0.661016 670.67 -2.39227 0.0487986 2117.93 0.376281 2.60542 0.0996691
1328.34 0.601107 0.446911 1217.69 -0.111012 1.97458 2000.49 1946.15 0.585473 0.758422 0.682117 0.686823 716.869 -1.42081 0.275836 3804.95 0.84629 2.61206 0.0996691
745.774 -1.78329 -2.38678 363.22 1.56295 -2.57783 2682.91 2623.05 0.625195 0.633467 0.806973 0.687108 609.867 0.528806 0.0739684 1685.29 0.257804 3.03333 0.0996691
1778.51 -0.264035 -3.03965 1633.26 -0.367574 0.263605 3581.24 2896.25 0.35566 0.261986 0.655191 0.529181 1126.05 -2.67686 0.0917628 4579.75 0.53797 2.84872 0.0996691
1100.21 -1.09715 -0.0776215 -1 -1 -1 -1 429.006 0.315338 -1 0.607169 -1 1083.63 3.03438 0.133207 1138.25 0.925879 3.03986 0.0996691
1229.42 0.568619 -2.9547 866.094 0.0192012 2.3961 1128.2 1060.88 0.307279 0.763478 0.582056 0.806255 989.876 -0.206965 0.0884849 2799.42 0.404847 2.65766 0.0996691
3231.59 -0.388514 0.0712458 2129.64 0.498527 2.27683 5268.54 5258.79 0.336936 0.59244 0.514399 0.495275 2026.92 -2.3528 0.0538299 5912.94 0.885029 2.37018 0.0996691
1006.04 0.388881 -1.18876 335.016 -1.74774 1.98433 1902.45 1735 0.3854 0.76887 0.530459 0.786503 650.033 1.89928 0.0933036 1335.15 0.54259 3.10673 0.0996691
1574.14 -0.914012 2.60532 -1 -1 -1 -1 627.911 0.280466 -1 0.590983 -1 1505.27 -0.554245 0.0518753 1652.04 0.851017 3.12896 0.0996691
2131.59 0.67408 -1.71127 1093.93 -0.828162 2.51905 3642.17 3537.12 0.811281 0.31232 0.713378 0.492792 953.66 0.926285 0.165348 4175.72 0.847565 2.80317 0.0996691
1980.19 -0.635325 -1.82251 935.081 -0.543555 0.240546 2368.75 2281.06 0.503983 0.553863 0.788786 0.826716 1070.79 1.94059 0.0527136 4521.52 0.975134 2.57148 -0.0996691
806.142 -0.882793 -0.288396 -1 -1 -1 -1 136.706 0.509168 -1 0.74667 -1 735.926 2.83766 0.0369675 850.726 0.142327 3.10141 0.0996691
2138.02 -0.268691 -1.94988 1746.37 0.697185 0.798569 4278.96 4207.14 0.723831 0.699745 0.843842 0.688382 941.317 0.773176 0.022913 5412.82 0.454966 3.12945 0.0996691
2029.77 0.374503 2.53081 1221.03 -1.0098 -2.20978 3245.24 3209.64 0.570184 0.47116 0.583327 0.564029 1308.86 -0.0843582 0.094717 4322.27 0.980462 2.70955 -0.0996691
2440.06 0.604259 1.86022 568.756 -0.327611 -1.3782 2686.52 2623.44 0.317401 0.105141 0.433688 0.691303 1466.29 -1.43132 0.0510391 3452.95 0.925205 2.95853 0.0996691
2782.85 -0.136401 -3.12631 957.94 -0.306516 -0.376491 3527.86 1082.56 0.175801 0.217992 0.673906 0.532569 1952.37 0.202525 0.398126 3910.82 0.86907 2.76141 0.0996691
1229.57 0.447527 2.55733 370.178 -0.631792 -0.440342 1582.1 1489.19 0.443484 0.672513 0.291734 0.509446 866.161 -0.644662 0.197504 1572.64 0.556588 3.01468 0.0996691
1676.28 -0.0635101 -2.78187 1160.57 1.02055 1.60443 2780.5 2727.96 0.506497 0.785582 0.513725 0.827727 1416.31 -0.369086 0.18814 3077.84 0.742935 2.60426 0.0996691
1772.29 0.0304519 -0.232763 837.725 -0.769834 2.8625 2648.36 2578.51 0.230395 0.523238 0.529131 0.665709 956.212 2.9824 0.116953 2573.72 0.369499 3.09497 0.0996691
1453.59 1.62482 -2.2571 1189.91 0.367347 1.70184 3025.14 4397.68 0.235759 0.537406 0.578311 0.649673 697.091 1.93484 0.216273 4704.96 0.0881109 3.12404 0.0996691
2125.06 0.573452 0.739511 1589.91 -0.152132 2.71691 3420.82 3192.05 0.383369 0.640447 0.771386 0.616588 684.985 -1.3235 0.140439 5453.32 0.520276 2.38654 0.0996691
1318.23 0.906462 -0.4688 1174.68 0.978171 -2.86229 2334.84 2292.5 0.617897 0.0645186 0.663335 0.273731 754.698 -0.466783 0.00635254 3828.31 0.685434 2.96089 0.0996691
1890 -0.148382 -0.428892 943.917 -0.61533 1.09223 1951.94 1943.28 0.29188 0.551996 0.287138 0.407102 1270.22 -2.72664 0.0689983 4258.51 0.948586 2.53433 0.0996691
947.112 1.2009 0.837904 293.88 -2.11958 2.3068 2774.76 2623.05 0.701825 0.198691 0.723271 0.781509 1084.18 -1.89466 1.58864 1381.93 0.827131 1.25467 0.0996691
2696.33 -0.343399 1.53655 1747.38 -0.175539 -2.24962 4498.5 2890.48 0.147332 0.480794 0.634371 0.831105 979.046 -0.93491 0.0194036 5045.51 0.458908 2.73335 0.0996691
1278.93 -0.310105 -2.69465 -1 -1 -1 -1 947.414 0.56541 -1 0.420779 -1 1214.57 0.432773 0.0256959 1592.79 0.94385 3.13376 0.0996691
904.657 -1.81976 -0.751658 -1 -1 -1 -1 1253.81 0.621833 -1 0.683309 -1 833.554 2.36481 0.0162463 1275.44 0.609575 3.13915 0.0996691
876.096 -1.36125 -0.728483 -1 -1 -1 -1 202.078 0.45054 -1 0.364439 -1 898.6 2.33216 0.438583 1045.34 0.65977 2.50212 0.0996691
1374.05 0.946442 -1.09415 1058.87 -0.662587 0.702644 2901.72 2641.12 0.252075 0.309304 0.641062 0.688643 1026.1 2.70602 0.254339 2885.73 0.905394 2.2314 0.0996691
1567.87 0.052302 -2.99031 351.473 0.265931 0.133558 1499.14 1491.3 0.43821 0.53458 0.514467 0.696596 1216.11 0.154282 0.0232383 1912.27 0.633537 3.11912 0.0996691
1627.36 1.02614 -0.231027 1521.04 -0.43132 -1.86258 3436.62 2966.08 0.341615 0.257665 0.723564 0.756518 1035.52 2.20593 0.0767987 4202.58 0.388714 2.41581 0.0996691
1305.03 -0.343138 -2.8452 1089.82 0.0213808 0.437103 2448.31 2381.44 0.543216 0.60537 0.795111 0.732108 723.056 -3.12697 0.284629 3735.07 0.131983 3.0232 0.0996691
1780.79 -0.851209 2.1486 1602.6 0.533742 -0.464257 4177.09 3895.05 0.681384 0.388086 0.526034 0.772853 1490.31 -2.11928 0.0167708 4246.05 0.699821 3.02022 0.0996691
1607.98 -0.0620323 -3.00775 -1 -1 -1 -1 918.502 0.458601 -1 0.369912 -1 1431.47 0.210748 0.15911 1795.17 0.968147 3.06413 0.0996691
1578.08 0.179548 -0.922904 577.089 0.563202 2.41974 1944.01 1898.78 0.405451 0.529332 0.258539 0.629847 895.413 2.23271 0.184136 2253.75 0.486188 2.94319 0.0996691
2400.32 0.0994381 -0.76859 1627.75 0.777548 2.21146 4189.83 4155.81 0.667404 0.463091 0.574635 0.299471 1061.37 2.24357 0.0320868 5633.57 0.203803 2.98176 0.0996691
1526.64 -0.772337 -0.337723 1428.28 -0.929607 -2.81832 2812.06 2774.6 0.370073 0.316797 0.339934 0.617377 747.697 1.67325 0.437891 2969.67 0.974737 2.45181 0.0996691
601.246 0.386123 -2.50789 419.229 2.13826 2.40218 1216 1132.79 0.831506 0.482455 0.720829 0.685619 686.59 0.121761 0.0261037 1109.31 0.768957 2.62836 0.0996691
1687.74 0.0582187 -1.25434 1626.51 -0.466579 0.494519 2691.47 2688.19 0.312098 0 0.584776 -1 1062.05 2.77467 0.0773294 4374.22 0.520984 2.20282 -0.0996691
1611.39 -0.46418 -1.86111 1274.19 1.07959 -2.98498 2883.69 2864.72 0.679125 0.522213 0.813726 0.724431 942.817 0.798275 0.0961968 4396.4 0.837892 2.56532 0.0996691
1920.99 0.643934 -2.63301 1307.99 0.742292 0.965726 3184.43 2616.5 0.521413 0.485799 0.44485 0.599266 722.608 0.624663 0.227596 3948.39 0.972989 3.03008 0.0996691
1846.04 -0.268465 0.103191 1325.66 -1.30778 -1.99979 3524.55 2292.12 0.0460384 0.350177 0.571505 0.617477 728.629 2.23047 0.00697613 4347.13 0.810364 2.51543 0.0996691
1346.56 0.629006 0.348524 1133.01 0.0686997 -1.61563 2175.21 2164.98 0.583208 0.553455 0.47262 0.543735 1495.54 2.05567 0.482431 3337.57 0.955534 2.13105 0.0996691
1791.11 0.607801 -1.87572 1068.46 0.846391 0.77747 2712.32 2707.74 0.678596 0.433311 0.747158 0.465851 1237.98 0.781867 0.00439751 3969.88 0.343618 2.6531 -0.0996691
1740.65 -0.465336 -0.0567489 1081.17 0.777258 1.93077 2946.15 2904.76 0.482711 0.756456 0.377719 0.779689 952.357 -2.98483 0.156448 4473.65 0.117263 2.93526 -0.0996691
2877.31 -0.00369316 -0.838298 1548.21 -0.178978 1.34045 3952.46 3143.93 0.184807 0.738786 0.471573 0.847111 2105.94 2.98618 0.0866973 4923.3 0.452498 2.64811 -0.0996691
2853.7 0.072946 2.77228 1000.55 1.08224 0.0962983 3885.03 3021.42 0.0609907 0.362702 0.663543 0.5663 2025.16 -0.584175 0.197546 3939.08 0.967334 3.00404 0.0996691
609.812 1.97682 -3.09677 -1 -1 -1 -1 590.271 0.397895 -1 0.599968 -1 609.68 0.298127 0.227421 795.629 0.910565 3.10835 0.0996691
2530.52 -0.44386 2.47507 2391.78 -0.352331 -1.71423 4365.08 3259.89 0.138811 0.40779 0.627179 0.465117 2314.63 0.352516 0.0428772 5011.33 0.938821 2.22254 0.0996691
3632.14 -0.040665 2.72545 887.812 -1.1456 0.353716 4537.22 1205.95 0.656826 0.463488 0.486933 0.494316 2929.63 -0.611972 0.00197709 4936.93 0.675441 2.8581 0.0996691
3070.92 -0.570284 -0.998093 1253.7 0.943446 1.491 4972.2 4871.5 0.555975 0.563906 0.585634 0.727521 1711.03 2.50731 0.100809 5017.21 0.77397 2.94833 0.0996691
1660.3 -0.820168 0.939224 713.739 1.64469 -2.99427 3991.41 3665.57 0.333031 0.455372 0.601572 0.777502 1068.58 -2.46911 0.0788713 3135.21 0.600127 3.01797 0.0996691
1132.57 -0.435579 0.0524804 714.576 1.9093 1.82352 2983.04 2938.92 0.733637 0.655022 0.691973 0.719516 628.893 -2.29439 0.0891039 2393.76 0.643944 2.43565 -0.0996691
1286.93 -0.101518 -3.13325 270.275 0.362573 1.98514 712.427 699.646 0.491978 0.343599 0.737159 0.744469 1270.09 0.0842094 0.154002 2070.44 0.889248 2.90956 0.0996691
1280.34 -0.110386 2.15519 1140.27 1.85377 -0.74948 3894.39 3973.66 0.0794721 0.727114 0.458768 0.54056 741.253 2.58026 0.140547 3433.39 0.201389 3.08835 0.0996691
2654.65 -1.01946 2.36024 503.152 2.14132 -1.32564 5824.98 5702.94 0.701676 0.259213 0.608968 0.781611 1501.6 -0.76661 0.0523739 3860.79 0.735278 3.10335 0.0996691
1258.28 0.612033 -3.00323 -1 -1 -1 -1 771.717 0.797798 -1 0.784519 -1 1205.94 0.202732 0.193901 1536.7 0.837853 2.88218 0.0996691
1650.21 0.138721 0.349483 426.193 -1.53555 -1.90933 2249.83 2024.06 0.611122 0.616446 0.438964 0.507469 1109.13 -3.11651 0.129639 2405.67 0.839914 2.73529 -0.0996691
1640.51 -0.49029 1.14782 1067.98 -0.671822 -2.38229 2631.37 2584.42 0.514748 0.499352 0.274068 0.541269 615.198 -1.65671 0.727308 2804.94 0.291183 2.75115 0.0996691
2570.44 0.273233 1.86874 -1 -1 -1 -1 1114.04 0.158312 -1 0.674079 -1 2359.98 -1.26795 0.501411 2797.59 0.872724 2.66698 -0.0996691
1962.77 -0.208137 -2.38621 1292.15 -0.540799 1.78878 2845.46 2823.07 0.585553 0.474962 0.767459 0.411105 1108.21 -0.477288 0.0386971 4852.83 0.585793 2.22726 0.0996691
1684.23 -0.00943814 2.92493 741.807 0.326244 -0.251399 2287.74 2253.75 0.352982 0.716738 0.810667 0.69595 913.369 -0.22839 0.0123241 2399.73 0.391462 3.11589 0.0996691
2231.47 -0.482381 -0.37674 1083.67 0.744864 -2.76264 3623.28 3433.95 0.500647 0.431941 0.423201 0.563928 1119.54 2.17746 0.0738745 4146.05 0.564999 2.64072 -0.0996691
1718.03 1.09998 0.941808 1030.87 -0.12625 2.77091 2741.71 2724.83 0.257272 0.623059 0.441138 0.619525 1966.88 -1.41239 0.0411767 4287.89 0.151922 2.83993 -0.0996691
938.812 1.36593 0.434672 324.088 -0.86536 -2.53368 1872.74 1793.83 0.507653 0.488194 0.535094 0.710794 617.66 -2.81633 0.274468 1239.55 0.517546 2.9771 0.0996691
2860.16 -0.321398 -0.718398 1554.38 -0.678267 2.92334 4279.58 3512.72 0.291829 0.429474 0.856277 0.444857 1415.5 1.94565 0.311826 4647.19 0.943503 2.97879 0.0996691
812.024 -1.34161 0.353274 -1 -1 -1 -1 439.75 0.608425 -1 0.64813 -1 730.513 -2.86767 0.0872214 841.748 0.916887 2.99054 0.0996691
2690.03 -0.560924 0.0539629 1284.6 0.656076 -3.12035 4631.25 833.925 0.0343077 0.161909 0.579964 0.807815 1416.12 -2.96466 0.0178213 4083.44 0.614785 2.9608 -0.0996691
2262.63 0.877647 -2.91375 1980.38 -0.626084 0.671342 5593.14 4874.68 0.236711 0.39772 0.781942 0.605135 809.1 -0.853312 0.516646 4918.24 0.581339 2.19301 0.0996691
2558.52 0.220156 2.5824 1490.62 -0.407407 -1.55088 3664.36 3637.97 0.641291 0.592155 0.753897 0.383095 980.825 0.566211 0.0677251 5305.76 0.720596 2.04842 0.0996691
860.313 -0.827035 -0.424403 338.968 1.71149 2.757 2080.26 2004.56 0.660882 0.61292 0.708491 0.67064 678.186 2.78218 0.0516331 1398.64 0.447725 3.1283 0.0996691
2784.3 0.405543 2.65346 1581.75 -0.290394 -0.466131 4676.58 936.42 0.0991018 0.613407 0.352487 0.259287 1201.45 -0.526172 0.00213879 4398.11 0.597572 3.02154 -0.0996691
2585.25 0.222819 -2.72356 1760.14 0.354591 -0.670403 3676.87 3645.92 0.194878 0.833055 0.267921 0.717008 745.361 0.827712 0.0105157 5914.21 0.871998 2.74248 0.0996691
2598.05 0.41372 -2.93216 1106.43 -0.867801 0.426156 4453.13 1369.49 0.133291 0.515641 0.542664 0.689179 1420.12 0.00545359 0.0999969 4117.52 0.846988 2.95885 0.0996691
2116.27 -0.343921 0.675448 605.412 0.301208 -2.09521 2355.15 2336.51 0.573952 0.488332 0.656456 0.724107 1052.15 -2.18082 0.0807743 3624.26 0.578914 2.77533 0.0996691
1354.93 -0.615582 -0.915918 892.455 -0.87286 0.78332 1693.75 1646.35 0.554933 0.0614189 0.755977 0.549596 1021.71 2.88303 0.0534859 2796.64 0.828459 2.62736 -0.0996691
2566.92 0.256402 -1.96513 1717.69 -0.131057 1.28645 4440.65 3152.75 0.341968 0.0403881 0.326266 0.438489 1167.21 1.0535 0.0136974 4593.38 0.538359 3.00768 -0.0996691
1403.28 -0.243062 1.16482 1319.93 0.0164076 -1.40709 2658.83 2599.12 0.470085 0.397014 0.600006 0.612988 672.979 1.05975 0.113923 4001.92 0.27739 2.5811 0.0996691
1633.59 -0.00208518 -0.445408 1592.41 0.562377 -2.11859 2591.3 2570.93 0.387562 0.477121 0.683245 0.458903 1526.88 1.80291 0.34784 3899.08 0.681971 2.01133 -0.0996691
2680.84 -0.229093 1.05049 765.854 0.861341 2.85456 3144.34 1188.5 0.208558 0.67677 0.662257 0.860049 2252.58 -1.71921 0.0825317 4592.98 0.866442 3.05478 -0.0996691
1604.53 -1.07523 0.109611 1296.34 0.191837 -2.85439 3506.53 3374.75 0.214805 0.547649 0.641558 0.669587 1071.23 -2.59003 0.262345 3805.41 0.913627 3.11873 -0.0996691
2144.31 0.852319 2.65104 1340.58 -1.21592 -1.46405 5200.04 4996.89 0.404516 0.820977 0.487513 0.782975 1278.69 0.212694 0.0212744 4079.6 0.57425 3.07293 0.0996691
1981.45 -0.659894 2.71754 1112.18 0.729989 1.11025 3104.17 3056.53 0.140739 0.666986 0.275604 0.755919 1561.27 -1.19114 0.00623405 4898.61 0.953877 2.79272 0.0996691
1722.62 0.482054 2.41146 1022.59 0.044561 -0.764515 2746.43 2653.11 0.456469 0.511458 0.609656 0.612433 644.265 -1.12427 0.115943 3080.95 0.456432 2.68857 0.0996691
2031.86 -0.0304561 -0.789342 1466.9 1.30669 1.10644 3854.03 2696.42 0.108526 0.677234 0.713499 0.682991 1883.3 3.07505 0.184751 3673.95 0.732979 2.79818 0.0996691
1405.72 0.662022 0.263588 251.16 -1.24447 0.46238 1329.79 1227.2 0.34769 0.662914 0.599291 0.730936 1407.06 -2.83162 0.0235522 1783.72 0.791122 3.07262 0.0996691
2305.87 0.692175 1.13674 1268.54 -0.841334 -2.06441 4502.95 4424.12 0.0864192 0.574867 0.475504 0.713431 1002.56 -2.03468 0.0216703 3547.94 0.299966 3.09514 0.0996691
1728.46 0.963526 -2.92667 1073.3 0.209904 0.167993 3071.22 2309.63 0.0903405 0.695506 0.791024 0.671697 614.608 0.166471 0.0028628 2879.07 0.152356 2.86314 0.0996691
1842.43 0.489077 0.480298 1552.86 0.416365 -0.754156 1989.26 1956.56 0.426431 0.376927 0.758761 0.508018 2036.76 -2.98446 0.644013 4326.42 0.97615 2.17472 0.0996691
2138.24 -0.152608 -2.81649 1611.09 0.985432 0.254083 4345.96 4293.3 0.629144 0.561235 0.512407 0.547665 734.938 1.43061 0.0944176 4572.6 0.653253 2.96191 0.0996691
1847.71 -1.05446 1.89341 1508.92 0.171202 -1.12274 4138.85 1674.81 0.652235 0.30069 0.839814 0.317915 1175.95 -0.6996 0.241661 4397.46 0.305616 2.52309 0.0996691
1229.27 -0.184492 1.20698 -1 -1 -1 -1 1015.42 0.235907 -1 0.080572 -1 937.083 -1.96262 0.110752 1456.77 0.705952 3.00226 0.0996691
2100.68 -0.303931 -3.03632 2098.95 0.455548 -1.15535 3907.94 3077.87 0.294752 0.735113 0.669571 0.555911 1011.84 1.06312 0.0523075 5642 0.925041 2.7964 0.0996691
1524.5 0.0229081 0.868997 1360.08 0.521009 -2.94011 2828.49 2787.5 0.779363 0.732111 0.689617 0.598339 898.473 -1.23211 0.617819 2870.44 0.974079 2.71759 0.0996691
2430.21 -0.618481 2.95778 1921.28 0.84462 0.34889 5490.55 4412.27 0.625736 0.370839 0.718191 0.474455 1268.81 -1.08802 1.05369 4373.45 0.751049 2.99488 -0.0996691
1363.18 -0.371587 0.0401235 1207.8 1.75675 3.00626 4163.29 4144.88 0.150313 0.42963 0.640922 0.682616 1282.64 -2.05377 0.155718 3971.57 0.752951 2.96916 0.0996691
2184.28 0.146572 2.66 1181.35 -0.395739 -1.6936 2903.21 2484.91 0.519876 0.590936 0.601372 0.589084 1492.11 -0.0877334 0.0321558 4873.07 0.452208 2.77298 0.0996691
1204 0.664316 -0.781391 428.594 0.0878425 2.23531 1508.53 1477.93 0.592515 0.107992 0.677811 0.330048 887.683 2.32291 0.0927594 2013.64 0.471648 3.00345 0.0996691
1766.3 1.53094 -1.1671 1517.24 0.27754 2.25166 3931.46 3848.27 0.619605 0.619639 0.565481 0.661632 611.391 2.28465 0.031837 4389.66 0.162487 2.86348 0.0996691
1185.15 -0.943943 2.91532 690.626 1.11642 -1.18036 2738.05 2712.89 0.686628 0.159596 0.80828 0.657274 978.71 0.324083 0.00147983 2513.23 0.100177 3.024 0.0996691
1216.5 -0.711759 -1.51645 950.084 -0.413322 0.415914 1815.06 1766.44 0.727754 0.385192 0.705686 0.697123 1063.39 2.44194 0.0735543 2308.18 0.800677 2.25274 0.0996691
967.856 -0.663616 0.00629357 -1 -1 -1 -1 721.83 0.300651 -1 0.553979 -1 1006.07 -2.99217 0.527952 1233.79 0.512723 2.47012 0.0996691
2325.32 0.0489681 1.10102 2197.05 0.484603 -2.37469 4760.85 3666.3 0.291707 0.140825 0.612709 0.294446 831.914 -1.97796 0.103811 5674.25 0.242099 3.10228 0.0996691
2168.98 0.736887 1.2304 1691.25 -1.16369 -1.18439 5535.01 5508.99 0.593171 0.550754 0.494792 0.715288 743.838 -1.85176 0.0149194 5300.07 0.777298 3.09708 0.0996691
1892.86 0.38387 0.0440264 1594.73 -0.847176 1.83231 3604.84 3385.87 0.558682 0.384977 0.478641 0.824461 1162.24 -2.57088 0.0756633 4575.94 0.901651 2.74052 -0.0996691
1208.6 0.186301 1.24235 309.346 -0.65303 -2.88579 1218.03 1161.68 0.728063 0.524091 0.681845 0.798392 873.929 -1.47605 0.0635989 1809.62 0.707911 2.65808 0.0996691
1029.46 -0.0123972 -2.99911 937.476 -0.256917 1.1262 1775.95 1724.33 0.633903 0.3157 0.553794 0.161407 711.161 -0.819358 0.0139332 2322.28 0.648088 2.69741 0.0996691
1072.04 -0.431114 -1.96866 361.213 0.521412 0.89178 1391.7 1322.36 0.527787 0.49907 0.444526 0.73488 926.458 0.907198 0.0264421 1909.57 0.0627872 3.08906 0.0996691
871.418 1.02834 2.86508 -1 -1 -1 -1 605.121 0.490552 -1 0.791638 -1 744.978 -0.389834 0.0608977 1400.57 0.629282 3.09232 0.0996691
1699.24 0.260192 -2.94122 1388.32 -1.02815 -0.202459 3729.73 3437.24 0.510661 0.301764 0.458082 0.453967 1099.44 2.30825 0.141088 4719.51 0.543709 2.65839 -0.0996691
1490.02 -0.414771 0.995418 990.32 0.742126 -1.36551 2708.23 2636.39 0.770305 0.648397 0.687254 0.447932 644.341 -2.80389 0.223192 3023.34 0.603854 2.2607 0.0996691
1652.16 -0.456654 2.57375 563.408 -0.323454 -0.742944 1949.79 1919.91 0.208809 0.207063 0.286623 0.515603 856.453 -0.636943 0.122297 2482 0.505202 2.94916 0.0996691
1634.96 0.571488 3.01803 1398.7 0.16815 -1.52502 2419.83 2402.68 0.262712 0.422834 0.598534 0.563725 1661.32 0.619299 0.441572 3376.74 0.801442 1.95145 0.0996691
1202.18 -0.121566 2.08159 389.441 1.23417 -1.15552 1702.41 1588.26 0.388186 0.293142 0.423551 0.533395 827.717 -1.08722 0.0625136 1580.87 0.540958 3.05271 0.0996691
1420 0.551322 2.58329 1308.94 0.626984 0.0318168 2673.4 2297.58 0.555001 0.522664 0.602791 0.458417 734.827 -0.373891 0.0177581 3854.14 0.680257 2.95597 0.0996691
1969.82 0.259061 -2.67398 1790.22 0.905257 1.41006 3690.89 2804.56 0.256276 0.0943309 0.10401 0.812164 689.396 -1.11308 0.047995 5352.73 0.492733 2.69217 0.0996691
3087.47 0.357027 -2.33145 977.019 -0.0613953 0.514188 3640.16 2955.96 0.119228 0.628577 0.830568 0.589845 2065.95 0.814401 0.152911 4319.96 0.934028 3.04616 0.0996691
1746.56 0.171771 2.72919 1366.49 -0.408741 -0.0490053 3411.52 2140.81 0.283972 0.165323 0.734542 0.617497 962.607 -0.687506 0.0748088 3890.39 0.816159 3.14052 0.0996691
2110.18 0.347713 -3.07586 907.5 -0.885422 -0.623033 3195.11 3123.61 0.642804 0.56745 0.561177 0.594166 793.536 0.236089 0.531537 3978.47 0.520323 2.43573 0.0996691
2353.82 0.494106 -1.71307 1955.1 0.839415 1.99348 4603.95 2846.28 0.186167 0.380833 0.56228 0.309258 1042.3 0.480929 0.209823 4868.6 0.660615 2.88521 0.0996691
1721.53 -0.737081 2.50603 1349.87 -0.364838 -1.37151 2917.17 2880.16 0.638497 0.667873 0.482249 0.682311 607.36 0.370637 0.254457 3545.51 0.626053 2.3952 -0.0996691
1175.7 0.911045 -2.64309 -1 -1 -1 -1 1004.66 0.673467 -1 0.798614 -1 979.392 0.413548 0.0477475 1305.78 0.751309 3.10069 0.0996691
2404.44 0.174563 -1.47386 1004.28 -1.34798 1.96147 4042.26 3906.11 0.658746 0.801178 0.640348 0.846918 802.588 1.39557 0.179755 4346.52 0.534596 2.6894 0.0996691
1710.72 0.298854 -0.600282 1348.76 0.322799 2.93298 3003.61 2938.2 0.322118 0.547449 0.678444 0.794904 606.911 1.59719 0.186882 3151.09 0.677652 2.69561 0.0996691
2736.94 -0.582357 2.85933 1749.42 0.230452 -1.77658 3869.58 3080.22 0.154268 0.640164 0.549797 0.834304 2400.89 0.316255 0.0423537 5326.51 0.948397 2.75198 0.0996691
1957.33 0.149517 1.90452 1106.14 0.00221607 -0.768607 2885.82 2849.54 0.462578 0.711062 0.667555 0.764272 1052.19 -1.65967 0.89161 3091.75 0.352232 2.66572 0.0996691
1847.06 -0.0788633 0.520883 1833.87 -0.37283 -1.24877 2965.59 2906.47 0.491725 0.0463403 0.581658 0.658601 681.657 2.65241 0.182112 5304.41 0.678877 2.44111 0.0996691
840.29 0.957846 1.19481 -1 -1 -1 -1 496.934 0.574028 -1 0.744599 -1 759.189 -1.91008 0.043063 914.084 0.830248 3.12252 0.0996691
2127.31 0.628681 2.42379 1731.84 0.00508033 -1.45908 3939.16 2486.31 0.510482 0.162695 0.430093 0.490745 763.577 -1.24876 0.421134 3960.43 0.700011 2.1895 0.0996691
968.731 1.3897 -0.93885 411.444 0.232784 -0.724954 811.964 768.016 0.129539 0.560244 0.569523 0.663412 1007.41 2.27238 0.00647831 1687.13 0.50151 3.06842 0.0996691
1696.73 0.325786 -0.517957 1405.32 0.742897 -2.71229 2880.5 2658.26 0.341225 0.177523 0.71767 0.651689 696.019 2.17463 0.0182905 5386.54 0.678244 2.87164 0.0996691
1291.81 1.19884 1.05299 -1 -1 -1 -1 495.295 0.65283 -1 0.632268 -1 1239.14 -2.07202 0.267621 1323.13 0.943747 2.85632 0.0996691
1879.93 -0.522446 -1.93237 1363.92 0.915503 0.613868 4081.16 1915.25 0.752579 0.24718 0.714676 0.592227 859.664 0.904854 0.0427808 4339.88 0.389016 2.87009 0.0996691
559.82 -1.09181 1.83771 -1 -1 -1 -1 1228.41 0.773498 -1 0.652421 -1 663.338 -1.08586 0.0276018 1037.65 0.752795 2.89032 0.0996691
1863.7 0.438342 0.630125 1498.32 -0.0296409 -1.38215 2951.55 2910.57 0.377166 0.419768 0.473387 0.532697 800.31 -3.1127 0.0858381 5566.73 0.952176 2.94229 0.0996691
2137.44 0.467301 -1.70551 949.063 0.129275 0.938727 2920.45 2915.47 0.445921 0.793265 0.626875 0.846185 1273.56 0.962708 0.0358589 4606.83 0.539508 2.79454 0.0996691
623.351 -1.04599 -0.694109 450.953 0.940528 -0.219016 1311.13 941.495 0.61728 0.347974 0.703122 0.771041 801.627 2.70858 0.0196934 1379.7 0.267213 3.07915 0.0996691
2514.99 1.04093 -2.31277 2508.72 0.0168236 0.667432 5757.34 4802.9 0.218669 0.287763 0.374169 0.329211 619.361 0.974045 0.190325 5852.02 0.180087 3.09767 0.0996691
2308.5 -0.597429 1.15353 1811.07 0.165116 -1.67191 4421.31 3672.43 0.306471 0.590476 0.577582 0.364749 745.306 -2.2518 0.0997972 4667.74 0.845837 3.04903 0.0996691
2064.13 -0.317194 -2.80612 1089.15 0.0971113 0.487078 3079.17 2950.81 0.477314 0.646476 0.58686 0.776002 1488.05 0.785205 0.00233489 4079.52 0.936056 2.69403 0.0996691
1539.48 -0.591708 0.468243 797.813 -0.00457694 2.73523 2145.57 2064.66 0.492561 0.687219 0.772001 0.760534 902.54 -2.73116 0.208588 3191.25 0.966606 2.99576 0.0996691
2063.8 0.481565 1.044 1512.23 0.760062 -2.52646 3587.85 3005.07 0.570812 0.301545 0.697176 0.677948 1135.18 -2.62321 0.245275 5109.79 0.883002 3.04686 0.0996691
1199.38 0.398274 1.75499 1095.16 1.58225 -0.514122 2533.83 2000.63 0.381694 0.546567 0.607793 0.604306 877.569 -2.77109 0.0884774 4397.81 0.1626 2.81565 0.0996691
1535.59 0.840826 0.564294 1286.82 -0.145601 1.86103 2313.26 1486.67 0.440118 0.292004 0.6147 0.759568 1269.18 -2.03422 0.0273004 3982.07 0.825765 2.88334 0.0996691
2492.56 0.30294 0.712291 1402.67 0.245575 -1.69099 3698.45 2516.65 0.203916 0.443021 0.494535 0.391841 1722.47 -2.98907 1.29805 4004.93 0.486141 2.12698 0.0996691
1704.84 -0.0591221 0.83997 1412.78 -0.838799 2.39668 2533 2424.11 0.437409 0.747706 0.835823 0.675289 1149.33 -1.45695 0.139172 4187.31 0.940248 2.56591 0.0996691
807.765 -1.47123 -1.68771 633.676 -0.137245 -1.54657 1055.45 1041.72 0.427783 0.162242 0.337219 0.548171 1360.81 1.46306 0.00717199 1684.7 0.776998 3.13885 0.0996691
1417.67 -1.40141 0.311775 1359.92 -0.585774 -2.4203 2968.18 2920.73 0.632737 0.730022 0.753365 0.689756 1093.02 1.91456 0.194793 4396.84 0.358371 2.84989 -0.0996691
1968.49 -0.642257 1.38346 1675.99 0.114277 -1.40755 3898.89 3332.58 0.192738 0.19369 0.739088 0.599808 647.904 -3.03577 0.879415 3971.2 0.726758 2.19723 0.0996691
1580.91 -0.929504 -1.83991 501.463 -0.756262 1.22848 1816.44 1753.49 0.359106 0.489559 0.717772 0.685901 1044.82 1.25874 0.0336599 2032.82 0.52355 3.06102 0.0996691
1437.79 0.74849 2.96113 1106.12 -0.848381 1.24346 2952.47 2904.82 0.430156 0.564487 0.625427 0.537145 1224.91 -0.835661 0.177475 3117.53 0.55354 2.32106 -0.0996691
765.606 0.789982 -0.321528 -1 -1 -1 -1 647.38 0.651353 -1 0.357489 -1 636.958 2.8775 0.0271361 870.8 0.735881 3.05897 0.0996691
885.417 0.178259 0.197962 -1 -1 -1 -1 866.575 0.669286 -1 0.707427 -1 630.456 -2.94265 0.0415034 1140.22 0.565471 3.13514 0.0996691
1313.77 0.236323 2.8099 521.486 -0.796754 -0.0892021 1889.9 1804.7 0.345519 0.592079 0.644207 0.822955 775.863 -0.140501 0.0656022 1963.79 0.463764 2.88443 0.0996691
2508.35 -0.518835 -0.858954 1149.66 -0.1134 -2.96961 3270.09 2469.41 0.508277 0.465184 0.407127 0.479149 832.801 1.84112 0.0422486 5107.01 0.41839 2.9966 0.0996691
1454.19 1.16731 -1.24325 374.808 -1.2067 2.7399 2578.45 2557.48 0.483688 0.178898 0.714338 0.46129 1074.7 1.56398 0.321516 2017.97 0.949077 3.12801 0.0996691
2745.95 0.542142 2.26021 2631.45 0.134098 -0.764088 5541.66 4935.38 0.127659 0.264091 0.755734 0.602584 912.542 -2.1725 0.239712 6639.14 0.624564 2.82205 0.0996691
1484.92 0.177972 2.45127 323.198 -0.141279 -0.757593 1480.65 359.431 0.300659 0.693686 0.748689 0.642377 1115.52 -0.748281 0.0626107 1939.03 0.603687 3.12745 0.0996691
788.657 -0.633806 -1.57722 -1 -1 -1 -1 133.227 0.614119 -1 0.644169 -1 773.706 1.5508 0.190818 815.519 0.9353 2.93735 0.0996691
1782.68 -0.689573 2.31041 893.323 -0.848766 -1.72831 2296.01 2270.23 0.191468 0.266065 0.544835 0.404904 1042.06 -0.751012 0.167801 3227.74 0.953557 2.89469 0.0996691
1826.4 0.510176 -1.101 1625.71 0.657994 2.24495 3448.58 3423.97 0.0581896 0.342381 0.347729 0.651368 754.377 1.71366 0.0512713 4293.93 0.319735 3.08253 -0.0996691
1355.53 0.0739157 1.4087 783.072 0.500149 -1.30818 2098.76 1877.87 0.617412 0.255881 0.725085 0.762758 676.539 -2.085 0.322359 2157.98 0.817057 3.11286 0.0996691
1639.86 -0.222188 1.4254 1535.04 -0.124131 -3.13748 2436.41 2385.24 0.626759 0.590163 0.621166 0.540173 853.55 -0.284829 0.139656 4739.1 0.805032 2.76315 -0.0996691
1278.67 0.715323 -1.13114 1203.32 -0.656491 -2.72093 2578.31 2502.29 0.642446 0.2071 0.646732 0.242077 669.616 1.48209 0.253928 3874.09 0.830678 3.06043 0.0996691
600.038 1.35466 2.60896 -1 -1 -1 -1 345.358 0.730169 -1 0.821681 -1 678.092 -0.340232 0.942844 752.263 0.941585 2.38662 0.0996691
1294.91 -0.989171 -1.84384 580.915 1.53319 1.82941 3305.18 2922.13 0.703018 0.456915 0.502732 0.732237 600.197 0.927406 0.387407 2096.64 0.834871 2.38364 0.0996691
824.153 0.758043 0.191231 524.826 -0.416215 -1.45395 1286.32 1164.74 0.728245 0.534929 0.567505 0.862971 858.181 2.92612 0.368604 1442.31 0.902469 3.10792 0.0996691
2224.08 0.529815 -2.91518 1908.33 0.0728491 -0.0824053 4234.37 3834.8 0.372305 0.283092 0.621675 0.421841 701.985 -0.0443411 0.0296551 5705.22 0.974485 2.88532 0.0996691
884.122 -1.21011 1.09765 -1 -1 -1 -1 1177.28 0.456854 -1 0.705272 -1 691.457 -1.83537 0.16299 1211.49 0.709218 3.09465 0.0996691
1744.63 -0.426719 1.24734 823.917 0.573606 -2.18358 2703.86 2683.45 0.541176 0.447272 0.68667 0.50308 857.214 -1.14279 0.152264 3841.6 0.316504 2.49783 -0.0996691
2828.94 0.204762 0.0237817 1777.48 -1.17165 2.33895 5317.82 5258.54 0.0478881 0.492675 0.485619 0.429364 1214.29 -2.42566 0.0846829 5512.61 0.854861 2.53399 0.0996691
1354.37 -1.30081 2.7382 408.425 -0.179318 -0.404273 1775.56 1472.44 0.33954 0.70564 0.708626 0.527351 824.995 -0.548189 0.121554 2018.96 0.242768 2.88816 0.0996691
2004.06 0.467244 1.65864 1695.17 -0.513546 0.0914081 3218.15 3200.45 0.585767 0.460217 0.615011 0.495099 1038.99 -2.12089 0.0892763 5398.45 0.554477 2.5944 0.0996691
1870.4 0.0273977 0.907155 1421.2 1.03633 -0.837131 3060.07 2969.5 0.216632 0.47923 0.481465 0.842636 1094.09 3.11194 0.0318025 4462.29 0.488117 2.31314 0.0996691
1406.7 -0.140968 -3.01265 -1 -1 -1 -1 931.696 0.60533 -1 0.560204 -1 1227.43 0.0702023 0.0477795 1702.11 0.953281 3.03406 0.0996691
2460.43 0.130652 -2.73121 1590.67 -0.113386 -0.205599 3827.92 3726.06 0.295321 0.611288 0.525109 0.790809 1366.14 1.15296 0.0436682 4953.93 0.730691 2.92932 0.0996691
526.844 -0.888749 -2.6191 495.938 -1.87607 3.06852 651.149 569.435 0.692796 0.730677 0.634427 0.852815 862.504 0.245941 0.075048 1110.36 0.667533 2.91919 0.0996691
1933.77 0.822564 -1.05033 -1 -1 -1 -1 1313.52 0.584134 -1 0.708223 -1 1755.21 2.14501 0.0126379 2262.35 0.792525 3.08735 0.0996691
2249.28 -0.235726 -0.575167 2152.86 0.323442 -2.55857 3892.37 3879.28 0.510408 0.727149 0.471626 0.610233 930.615 1.75601 0.0705194 5983.91 0.983293 2.40198 -0.0996691
2162.5 -0.784298 -2.68203 1172.07 0.561132 1.80155 3411.3 3379.4 0.695257 0.64116 0.678782 0.694392 2005.83 0.0539042 0.0272549 4435.96 0.557066 2.71076 -0.0996691
1156.06 -0.974888 3.09222 1055.92 1.22165 2.52707 3025.48 2952.52 0.667757 0.704899 0.729596 0.566374 1033.23 -0.232884 0.00695544 3318.56 0.785295 3.02364 0.0996691
2330.84 -0.317214 2.8029 1416.34 0.869208 1.04832 3619.51 3590.26 0.434031 0.770993 0.427341 0.672277 2259.52 -1.03922 1.00465 3976.58 0.810922 2.83671 -0.0996691
1436.6 -0.875862 1.54371 1110.89 -0.764202 -1.29312 2507.81 2492.96 0.189318 0.452976 0.454725 0.705774 924.903 -1.16662 0.0510589 3523.15 0.953034 2.65944 0.0996691
1442.97 0.519354 -1.62399 -1 -1 -1 -1 983.498 0.368309 -1 0.789851 -1 1258.85 1.53143 0.217967 1691.91 0.790248 2.93487 0.0996691
2019.75 0.742002 3.10377 1135.8 -1.47963 0.710073 5081.12 4061.09 0.124934 0.392432 0.414839 0.734572 1315.69 -0.596707 0.0397325 3290.72 0.693818 3.05426 -0.0996691
1268.35 -0.663662 -0.589911 -1 -1 -1 -1 428.547 0.236745 -1 0.422366 -1 1244.62 2.56582 0.814866 1424.87 0.928602 2.16578 0.0996691
708.169 0.843082 -0.948713 -1 -1 -1 -1 419.093 0.426177 -1 0.484065 -1 647.037 2.19525 0.252161 766.434 0.849858 2.88723 0.0996691
2149.79 0.0615319 2.46642 1759.92 0.300225 -1.85691 3346.67 3043.38 0.552809 0.329449 0.333747 0.872766 975.95 -0.203456 0.0824503 5269.64 0.551051 2.82187 0.0996691
2490.09 0.291764 0.594866 1549.43 0.157402 -1.58922 3505.15 3478.06 0.611779 0.591293 0.562847 0.305774 1689.48 2.82092 0.0565453 5151.74 0.765518 2.16966 -0.0996691
1908.24 -0.0744252 3.04188 1230.56 0.398256 -0.0949502 3176.09 3080.82 0.542019 0.656046 0.403168 0.738757 643.691 -3.07703 0.169535 4814.7 0.967586 2.9794 0.0996691
1799.04 -0.347319 1.00574 1677.23 0.228724 -1.10379 3194.84 3186.12 0.0572395 0.419766 0.42207 0.442611 911.553 2.92213 0.0765429 4647.1 0.554739 2.33589 0.0996691
1334.2 0.279606 -1.70724 -1 -1 -1 -1 1121.46 0.528516 -1 0.806609 -1 1114.41 1.54129 0.141854 1533.84 0.160759 2.91257 0.0996691
1291.32 0.252907 -0.772557 1107.85 -1.05612 1.71072 2828.63 2801.15 0.53351 0.294006 0.416671 0.510216 887.712 1.92562 0.2205 3576.8 0.335157 2.47623 0.0996691
1712.14 0.420228 3.10374 578.091 1.33721 -1.56559 1730.98 1695.71 0.554617 0.660411 0.777812 0.726582 1270.61 0.235954 0.0389362 2802.82 0.781505 2.90405 0.0996691
3257.18 0.110258 -2.65727 1249.37 -1.66473 0.655015 5744.65 5672.83 0.348164 0.511896 0.650289 0.647361 804.174 0.256704 0.140019 5763.1 0.490704 3.04283 0.0996691
2023.25 0.352036 2.12886 1397.45 -0.822267 -1.7411 3990.76 2597.02 0.278007 0.417926 0.537075 0.766798 864.137 -0.199388 0.141546 3854.98 0.304707 2.74246 0.0996691
1093.77 -1.26829 2.3358 969.767 -0.47511 -1.6036 2085.36 2061.84 0.84221 0.639012 0.655891 0.548303 760.523 0.219421 0.231951 2076.62 0.96127 1.88303 0.0996691
1441.13 -0.624003 1.34405 -1 -1 -1 -1 1085.84 0.73103 -1 0.768353 -1 1217.76 -1.70673 0.137762 1740.89 0.880119 3.09624 0.0996691
2011.23 -0.162631 0.0834947 1792.32 0.584805 2.78498 3992.73 3916.49 0.689764 0.688649 0.661008 0.708437 1297.23 -1.31887 0.109355 4634.6 0.182341 2.78986 -0.0996691
2725.82 -0.0590085 0.27937 1725.73 -1.01287 -2.97667 5314.13 1420.27 0.066816 0.287623 0.478093 0.750442 977.711 -2.6627 0.0313194 4831.87 0.46332 2.98453 0.0996691
2948.16 -0.440924 2.70176 2206.77 -0.586791 -0.272986 5109.92 5072.51 0.0827854 0.410742 0.426906 0.638039 769.947 -0.00843623 0.258571 6273.2 0.172754 2.96877 0.0996691
1608.77 -0.0535947 -1.48443 589.88 0.0704581 1.44029 1962.76 1868.41 0.717047 0.628002 0.667419 0.663117 876.126 1.50866 0.0298238 2496.52 0.960945 2.96141 0.0996691
3170.8 -0.167353 -0.948689 2294.76 -0.0168004 2.24822 5542.98 4405.52 0.165204 0.689961 0.581086 0.842022 820.978 2.24922 0.020124 5447.81 0.408237 3.088 -0.0996691
1472.77 0.289021 0.456348 534.058 -0.466825 -2.6201 1973.81 1762.3 0.169592 0.587856 0.645214 0.555585 925.077 -2.68951 0.066396 2043.03 0.428878 2.99175 0.0996691
1827.21 -0.222185 -0.588246 1307.5 1.41382 1.52116 4001.97 2463.53 0.437645 0.118653 0.724676 0.486643 795.992 -2.95725 0.00268292 4013.83 0.532595 2.36598 -0.0996691
1451.74 -0.725555 1.45192 985.767 0.434101 -1.23423 2764.06 2723.38 0.787893 0.752138 0.563004 0.763977 802.985 -2.5631 0.414265 2773.14 0.860477 2.11925 -0.0996691
1701.35 0.561314 2.96902 771.377 0.330794 -0.0338832 2353.84 2105.42 0.401656 0.511609 0.607913 0.687589 645.165 -0.22276 0.185642 2732.52 0.314016 3.09786 0.0996691
919.742 -0.56845 2.92021 888.911 -0.438364 1.15026 1541.88 1017.21 0.268306 0.574059 0.544133 0.648093 789.541 -0.907681 0.540743 2292.46 0.414368 2.28866 0.0996691
2761.86 -0.219794 -1.04834 1896.32 -0.324454 2.51296 4832.41 3450.62 0.126063 0.726786 0.645499 0.688404 699.555 1.53513 0.0861778 5471.8 0.874383 3.04716 0.0996691
1115.05 0.575911 2.17053 -1 -1 -1 -1 562.291 0.702451 -1 0.656251 -1 969.75 -0.943251 0.265379 1255.34 0.960335 2.84609 0.0996691
1930.06 0.269296 2.90694 972.43 1.62428 -1.72768 2856.76 2778.6 0.656889 0.618269 0.674871 0.605234 1589.48 -0.0848857 0.0589379 4375.71 0.490769 2.94 0.0996691
1329.44 -1.04357 -0.929352 632.025 -0.180184 1.67382 2116.38 1344.23 0.447475 0.325282 0.752065 0.790176 781.692 2.40214 0.000589848 2194.45 0.71838 2.93636 0.0996691
2465.85 -0.802681 -1.60805 889.955 0.632531 2.60579 3455.91 3413.52 0.677043 0.434018 0.791281 0.559328 877.171 0.860902 0.574673 4693.73 0.988899 1.89296 0.0996691
1231.74 0.879747 0.788738 358.184 0.630511 -2.50627 1347.09 1265.71 0.707515 0.74474 0.556031 0.444084 663.138 -2.25831 0.139112 1723.7 0.79293 2.90636 0.0996691
2365.3 0.450664 0.752306 1340.01 0.700484 -2.64398 3810.21 2938.11 0.11784 0.596971 0.290445 0.780168 688.163 -2.96887 0.0769432 4684.08 0.2446 3.08263 0.0996691
1885.24 -0.213303 -2.46221 399.112 -0.423419 0.80043 1771.37 1547.09 0.454421 0.611577 0.707167 0.737507 1254.76 0.657221 0.00635064 2526.54 0.83794 3.11469 0.0996691
1438.87 -0.158549 0.460374 1280.93 -0.807227 3.02744 2808.91 2591.98 0.52696 0.538252 0.75365 0.886703 627.386 -1.37276 0.0725719 3686.1 0.741248 3.02392 0.0996691
1847.09 -0.304944 0.993242 975.992 0.292153 -1.84908 2798.07 2727.59 0.346335 0.315438 0.675883 0.693303 968.786 -2.55274 0.702603 2815.62 0.922097 2.2377 0.0996691
2345.65 -0.354245 -0.0182421 2284.24 -0.177933 2.91877 4673.1 4397.07 0.665934 0.454417 0.700595 0.663285 603.799 1.80505 0.0775845 6614.79 0.971281 2.92678 0.0996691
1625.86 0.181536 -0.728952 755.306 -1.004 1.93146 2605.09 2343.52 0.74807 0.349562 0.751869 0.779317 947.511 2.74707 0.145404 2397.34 0.623472 2.85556 0.0996691
1757.62 0.132373 2.68035 489.809 -1.20917 0.0130331 2276.31 2185.68 0.225704 0.668812 0.646894 0.746262 888.271 -0.0435993 0.0671298 3466.29 0.605034 2.63549 -0.0996691
1631.87 0.631415 -1.31277 1537.75 0.306375 1.16569 3054.91 3005.98 0.622677 0.693671 0.57957 0.711472 941.059 -2.88686 0.0319829 4665.44 0.249789 2.65138 0.0996691
3394.77 -0.162204 -0.877088 2554.3 -0.0651882 2.16156 5940.66 5728.57 0.673089 0.637967 0.805158 0.775098 955.405 2.25492 0.033282 7620.82 0.987575 3.10029 0.0996691
1731.8 0.648899 -0.571512 995.619 0.643338 2.45789 2842.27 2162.84 0.248467 0.632452 0.682242 0.504359 731.662 2.64521 0.186622 2763.54 0.0912224 3.0551 0.0996691
735.327 0.267069 2.52887 -1 -1 -1 -1 624.048 0.659892 -1 0.830775 -1 741.028 -0.650861 0.173518 903.823 0.84607 3.01042 0.0996691
2248.72 -0.171909 -0.353855 1440.95 -0.171429 1.7836 3367.79 2465.24 0.107285 0.627019 0.636009 0.406946 1254 -2.96643 0.443164 4563.81 0.369856 2.43144 -0.0996691
1652.76 0.683801 2.22577 933.39 -1.45784 -2.64751 3753.08 2931.23 0.170856 0.853922 0.609013 0.57684 1467.66 -0.636779 0.0707873 3816.1 0.196384 3.07417 0.0996691
1942.9 -0.781624 -1.65242 944.923 0.531351 2.55098 3029.27 3001.12 0.491919 0.15291 0.816845 0.157719 1317.08 0.434472 0.0971581 4034.32 0.74041 2.21325 0.0996691
749.165 1.16501 -2.66258 496.28 0.261297 2.05301 1069.45 844.07 0.391912 0.59609 0.873838 0.570517 794.193 -0.088371 0.158421 1236.27 0.701278 2.91269 0.0996691
2008.87 0.21392 -0.414933 1550.53 -0.289223 2.94564 3639.12 3567.57 0.210565 0.532997 0.729075 0.634219 1066.51 3.0398 0.0970929 4394.47 0.174851 2.92627 0.0996691
2193.57 -0.18049 -1.96958 1527.84 -0.674194 1.82656 3686.02 2979.45 0.365786 0.353625 0.692224 0.597813 615.962 1.59642 0.109993 5013.49 0.771534 2.8399 0.0996691
1867.83 0.553553 -2.87932 1687.99 0.934213 -0.459414 3456.26 3323.52 0.268119 0.747944 0.351679 0.585543 739.846 1.41275 0.13284 4074.76 0.852166 2.24136 -0.0996691
1412.38 -0.977954 1.41857 1338.42 -0.0908372 -2.48242 2853.67 2840.33 0.564843 0.273193 0.56876 0.731023 1092.05 -0.554465 1.92881 2739.89 0.371709 2.38207 0.0996691
2317.52 0.268729 -2.82019 1962.06 -0.977348 0.780919 5031.54 5014.2 0.59858 0.326722 0.604598 0.683716 623.4 0.24401 0.0161605 6681.19 0.836006 3.07948 0.0996691
1051.64 -1.11224 -0.589055 -1 -1 -1 -1 1360.3 0.263857 -1 0.650291 -1 848.476 2.58173 0.239209 1386.64 0.644646 2.86872 0.0996691
1745.67 -1.13656 2.33642 1605.25 -0.325032 -2.30153 2839.46 2816.67 0.408992 0.454298 0.325616 0.609443 1241.41 0.157813 0.345554 4441.02 0.51671 2.11079 0.0996691
1832.36 -0.914136 0.234827 597.356 0.136734 2.87089 2426.45 1986.91 0.163982 0.597835 0.668732 0.518785 1119.39 -3.02889 0.0389817 2958.69 0.857286 3.05573 0.0996691
1004.61 0.229803 -2.07486 859.602 -1.20262 1.06163 2376.26 2313.84 0.539387 0.454905 0.410383 0.5873 676.351 -1.86224 0.229776 2610.33 0.167351 2.88019 0.0996691
1458.47 0.154987 0.383148 607.742 -0.307995 2.47983 1694.58 1685.22 0.658432 0.663032 0.679011 0.630139 1247.44 -2.25624 1.54836 2059.49 0.61484 2.09357 0.0996691
1286.08 -0.32796 2.68994 544.454 0.0840929 1.37122 1099.23 1072.2 0.4124 0.587806 0.532699 0.451409 1612.2 -0.786681 0.0187402 2468.27 0.916204 2.79213 0.0996691
1858.37 0.168737 -2.83034 1227.13 0.723804 2.19642 2072.31 1951.54 0.487356 0.117476 0.356007 0.588341 2323.54 -0.249242 0.252772 3319.02 0.721649 2.90583 0.0996691
1412.15 0.392534 -0.068119 -1 -1 -1 -1 588.66 0.264842 -1 0.666305 -1 1338.49 3.05252 0.0817146 1453.12 0.920339 3.07667 0.0996691
2129.46 0.0705537 -0.668053 1325.51 -0.0422858 -1.98361 2093.32 2066.76 0.441923 0.530719 0.848787 0.678515 2191.81 2.04361 0.13984 4044.73 0.182325 2.77513 -0.0996691
1506.2 -0.958097 0.494166 1228.56 0.224049 2.46754 2873.99 2762.47 0.236127 0.424794 0.689283 0.776208 792.274 -1.54243 0.162757 3551.22 0.749905 2.86552 0.0996691
926.948 -0.943105 -2.58404 351.601 -2.58679 0.656292 1572.6 1445.58 0.721627 0.550877 0.524289 0.520104 614.922 0.815669 0.079412 1427.21 0.0853961 3.02624 0.0996691
1685.03 -0.366518 -2.49522 1177.75 0.329213 1.17516 2959.39 2195.76 0.0565389 0.426058 0.720859 0.268219 1181.57 0.785056 0.401893 4869.59 0.251107 2.64061 -0.0996691
2559.49 0.360354 -2.39801 1493.71 0.322971 -0.21792 3540.93 3183.64 0.2969 0.623128 0.524258 0.674515 783.142 0.984824 0.293477 5438.15 0.930021 3.05844 -0.0996691
2199.6 -0.438082 0.786509 1583.37 0.670384 -2.43916 4418.58 3440.64 0.222212 0.785579 0.519208 0.798779 645.971 -2.32353 0.113796 3808.68 0.138428 2.87947 0.0996691
2578.81 0.565131 -3.02226 1112.02 0.0374628 0.372057 3610.54 2914.96 0.0944422 0.309962 0.399839 0.65885 968.888 0.37732 0.0231156 4456.33 0.53306 2.86005 0.0996691
1240.92 0.135421 -0.79892 -1 -1 -1 -1 441.206 0.149813 -1 0.798733 -1 962.033 2.40752 0.0869792 1777.73 0.59289 2.93632 0.0996691
1587.63 0.0655084 1.10289 974.376 -1.27468 -1.64048 3061.66 2945.09 0.389312 0.443761 0.773571 0.740806 693.025 -2.62449 0.44733 2587.79 0.961227 2.10713 0.0996691
2870.74 0.0922374 -1.32107 2206.13 0.0360131 1.46867 5249.79 4137.58 0.197128 0.70216 0.638888 0.560749 959.293 2.62164 0.0748851 5369.96 0.93211 2.67564 -0.0996691
2617.61 -0.333652 -0.0188876 816.786 -1.04615 2.64544 3054.62 3010.49 0.00760568 0.660436 0.266703 0.686245 656.363 -2.50672 0.00723314 4960.01 0.848999 2.48046 -0.0996691
1661.07 -0.063606 2.87119 1242.32 1.56852 -1.84317 3476.65 2104.81 0.164258 0.570383 0.451091 0.649734 1833.19 0.414462 0.0922495 3292.48 0.503796 2.83514 -0.0996691
1496.29 -0.64743 -0.384839 1031.34 0.877847 -0.466667 2121.04 2005.2 0.180243 0.332755 0.110745 0.521608 1713.01 2.51152 0.0263987 3519.19 0.392758 3.04891 0.0996691
806.633 -1.13592 3.14156 -1 -1 -1 -1 1077.9 0.532356 -1 0.599747 -1 603.025 0.00281807 0.027898 977.724 0.593074 3.11277 0.0996691
1585.07 0.781684 1.63597 464.603 -2.06639 -0.881733 3744.5 3411.92 0.412438 0.450868 0.669591 0.810306 1198.47 -1.93946 0.0955442 2663.19 0.760131 3.01389 -0.0996691
2527.2 0.108694 0.13778 2188.79 0.259485 2.6505 4748.55 3604.87 0.255526 0.692163 0.513368 0.81198 1222.48 -1.99596 0.125697 4951.96 0.71064 2.48369 0.0996691
1088.68 -0.0934921 -0.0794255 805.114 -1.26515 -1.41615 1645.33 1636.49 0.522194 0.347067 0.436074 0.219433 963.717 2.20982 0.181731 2533.35 0.604137 2.47548 0.0996691
1382.47 0.479941 2.16034 1084.81 1.03466 -1.23518 2546.3 2509.26 0.39787 0.7153 0.284229 0.638193 827.166 -1.42294 0.185772 3265.18 0.178293 2.88722 0.0996691
1787.34 -0.318752 -0.266177 1518.03 -1.10812 1.68866 3052.31 3021.94 0.730126 0.190032 0.51171 0.631087 1088.21 -2.22552 0.162379 4186.18 0.944281 2.20896 0.0996691
2760.47 0.652574 -1.69188 1925.88 -0.487671 1.78744 5435.99 4435.3 0.101967 0.827807 0.44837 0.753964 1142.78 0.818711 0.113843 4780.22 0.981005 2.56064 0.0996691
1226.45 0.244923 3.06387 946.623 0.479696 0.398425 2199.17 1802.34 0.351206 0.705707 0.813166 0.709665 714.984 0.473647 0.072726 2994.36 0.603498 3.01632 0.0996691
2074.19 -0.228601 3.10883 717.537 -1.26827 0.20154 2801.35 2236.15 0.721538 0.352162 0.633646 0.778055 1196.61 -0.0416548 0.262452 3066 0.800392 2.87024 0.0996691
2775.39 -0.690166 0.600671 1995.4 -0.393812 -2.14104 4928.89 3462.16 0.0524463 0.235777 0.461267 0.750052 657.671 -2.94662 0.0196736 5425.6 0.677908 2.93867 0.0996691
1535.36 -0.776131 -1.81559 767.804 -0.514555 1.26881 2339.22 1432.05 0.344105 0.38998 0.548876 0.763499 762.166 1.38085 0.0108271 2312.16 0.431041 3.09769 0.0996691
2825.66 0.156624 2.47444 2336.63 -0.0431531 -0.561694 5233.31 1194.08 0.211769 0.576221 0.470029 0.510262 612.023 -0.872094 0.0442216 2465.96 0.66187 1.99544 -0.0996691
2069.18 -0.419303 -0.970853 1481.66 -0.938807 1.31561 3351.32 2832.13 0.563561 0.152366 0.312461 0.602525 1337.45 -2.68662 0.143128 4777.25 0.433392 2.5655 0.0996691
1001.41 -1.17426 1.9951 311.503 1.96029 -1.84654 2770.9 2701.19 0.665322 0.496992 0.768761 0.654392 857.681 -1.04376 0.808083 1435.7 0.609971 2.43726 -0.0996691
1405.22 -0.744627 -1.53162 1265.71 0.66328 1.73005 3377.69 3268.32 0.472664 0.645353 0.632972 0.745463 610.2 -1.71039 0.190011 4555.57 0.604439 2.80595 0.0996691
1124.56 -0.908336 1.60772 486.354 1.05389 -1.38969 2268.39 2108.45 0.468011 0.673074 0.394554 0.644252 624.951 -1.36255 0.0220398 1730 0.454077 2.94409 0.0996691
2713.4 0.713614 -0.842532 2547.35 -0.712349 2.08235 6711.65 6238.01 0.177826 0.435574 0.738612 0.492307 845.361 -2.54775 0.0956404 7081.41 0.265412 3.13578 0.0996691
836.435 -1.50508 -2.38806 -1 -1 -1 -1 592.851 0.71303 -1 0.594244 -1 730.477 0.724617 0.126358 910.855 0.79761 3.04972 0.0996691
2093.83 0.555394 -1.80518 658.506 -0.246129 1.43046 2557.86 2496.48 0.536656 0.6764 0.68264 0.804848 1094.75 1.51045 0.0728786 3290.66 0.52279 3.04921 0.0996691
1470.5 -0.653934 0.628477 678.661 0.491636 -2.47685 2401.86 2016.72 0.365257 0.667596 0.489487 0.688901 690.366 -2.4562 0.00652599 2215.53 0.325779 3.0849 0.0996691
1829.05 0.383982 2.48452 1534.42 0.000670359 -0.699635 3485.2 3219.73 0.388145 0.571101 0.737983 0.671254 824.001 1.00065 0.120177 5337.15 0.79279 3.11257 -0.0996691
1660.77 -0.247034 -2.4403 430.105 1.07015 0.474375 2084.94 1997.68 0.383796 0.304346 0.536013 0.722228 1273.77 0.763621 0.296261 2100.43 0.598061 2.89311 0.0996691
1120.68 -0.691799 -1.76495 424.362 -0.0247313 1.39804 1527.8 376.471 0.101592 0.573199 0.427897 0.736728 1059.61 1.40978 0.00937569 1925.55 0.268484 2.8873 0.0996691
2363.66 0.0700224 -0.562915 1029.93 -0.96209 2.50505 3649.55 641.137 0.225062 0.256309 0.615807 0.703834 1291.41 2.70193 0.1955 3417.36 0.0976495 2.97356 -0.0996691
1653.1 -0.932385 -0.627665 355.493 -1.13153 2.29521 1563.9 1469.36 0.535334 0.729126 0.531114 0.809629 1162.46 2.43392 0.143214 2082.61 0.666893 2.9071 0.0996691
1527.91 0.475136 0.415967 1310.98 -1.03037 2.40684 3385.22 3030.93 0.485935 0.617976 0.667104 0.70474 1389.52 -1.92802 0.0687521 2956.02 0.8653 2.49384 0.0996691
1673.69 -0.930296 -0.989571 -1 -1 -1 -1 911.028 0.682823 -1 0.585483 -1 1489.03 2.16872 0.125346 1810.15 0.936471 2.9974 0.0996691
1947.5 0.216571 -1.117 1099.91 0.497598 1.78761 3216.56 2180.33 0.0954449 0.280976 0.660737 0.842379 643.362 0.956414 0.580431 4161.05 0.378548 3.12756 -0.0996691
804.851 0.669855 -1.02676 -1 -1 -1 -1 577.18 0.506649 -1 0.428908 -1 705.34 2.11394 0.0288522 897.789 0.789813 3.11466 0.0996691
2024.13 -0.747056 2.06217 1753.55 1.01918 -1.21802 5346.16 5260.73 0.227487 0.754587 0.64132 0.764619 848.35 -1.91517 0.144194 5030.11 0.921987 2.9277 0.0996691
2290.84 0.475641 -1.04916 2129.88 -0.486216 2.59193 4819.54 4809.95 0.538238 0.534127 0.536131 0.63951 682.218 2.74393 0.154171 5948.45 0.248679 2.64441 -0.0996691
1574.23 0.274106 -2.57739 -1 -1 -1 -1 444.114 0.317777 -1 0.365507 -1 1441.34 0.642376 0.00134498 1899.84 0.745101 3.1219 -0.0996691
997.083 1.0669 -0.969596 -1 -1 -1 -1 627.682 0.528823 -1 0.63233 -1 845.489 2.17376 0.156925 1093.52 0.825484 2.98187 0.0996691
1354.52 -0.373016 1.19526 434.76 0.961702 -1.96872 1899.54 1861.32 0.465014 0.628552 0.417165 0.667309 775.709 -2.13625 0.168036 2123.77 0.527203 3.11593 0.0996691
2109.31 -0.033141 0.943442 1114.4 -0.0914161 -2.15319 3243.28 2110.42 0.464177 0.640816 0.580493 0.694573 1012.88 -2.18563 0.0612855 3245.36 0.105124 2.93097 0.0996691
2602.55 0.305855 2.0131 2200.29 0.0698759 -0.441652 4698.55 4121.48 0.140633 0.116128 0.629597 0.704537 931.011 -1.9207 0.407965 5439.07 0.766287 1.94255 0.0996691
1442.92 -0.230408 -2.81911 1208.59 1.52672 -1.98057 2847.48 2825.65 0.472515 0.546564 0.614595 0.580162 800.856 0.337266 0.0404268 4343.14 0.310297 3.08584 0.0996691
2537.8 0.49928 -2.60122 942.723 0.912219 -0.063918 3331.87 1150.09 0.0322048 0.317275 0.565436 0.578746 1663.25 0.797067 0.424785 3910.65 0.83451 2.75639 0.0996691
1229.24 -0.118442 0.744414 546.925 1.1656 -2.34087 1998.79 1963.12 0.633734 0.680355 0.586933 0.608911 681.406 -2.40605 0.0642109 1756.91 0.388685 3.08525 0.0996691
2107.05 -0.274188 0.0230334 1906.24 0.277019 -2.30333 3885.17 3742.88 0.420763 0.663855 0.725502 0.68756 899.521 1.36516 0.051704 5219.21 0.0799662 3.02721 -0.0996691
2227.32 -0.488857 -1.5572 1910.96 0.208151 1.9302 4336.06 4280.3 0.478992 0.713437 0.804334 0.834186 1779.83 0.120103 1.67934 5224.62 0.672641 1.79499 0.0996691
2757.27 0.310129 1.63131 1322.96 -0.044184 -2.07448 3933.77 2748.61 0.152588 0.647702 0.277709 0.601331 1578.47 -1.12638 0.405282 4260.94 0.789643 2.43234 -0.0996691
2054.56 0.0074292 1.28481 1344.37 -0.2728 -3.05937 2807.45 2754.01 0.687967 0.416103 0.733511 0.605178 766.297 -1.00193 0.130093 4763.04 0.609646 2.16131 0.0996691
2336.33 0.497267 -0.736626 1179.93 -0.336493 2.25547 3865.68 851.028 0.183698 0.500879 0.379211 0.705636 1320.91 2.76555 0.101841 4008.56 0.262501 2.94018 -0.0996691
1912.03 -0.478619 -1.31814 644.648 2.29192 -0.691534 4218.04 4193.83 0.697339 0.476517 0.690475 0.763812 2177.26 1.98027 0.185952 2790.7 0.870801 2.79936 0.0996691
2346.18 0.996751 -3.13567 2199.22 -0.0685334 0.98119 4757.6 4719.53 0.383062 0.551505 0.45809 0.804372 766.205 -0.54929 0.109983 5869.42 0.786518 2.69626 0.0996691
2051.82 0.84057 -0.00221611 1560.16 0.308858 3.14144 3737.18 3677.65 0.199229 0.327966 0.805277 0.820119 996.713 -2.23081 0.0320792 4919.28 0.95867 2.78087 0.0996691
1412.85 0.666643 0.907871 450.263 -1.41909 -2.18257 2643.81 441.446 0.300131 0.693949 0.547626 0.884891 832.911 -2.11396 0.0611286 2067.74 0.304949 3.00606 0.0996691
2355.41 -0.951832 -2.44157 1267.75 1.39803 1.72873 5899.28 5874.21 0.272153 0.240967 0.660224 0.568975 891.277 0.287469 0.193822 4779.11 0.737665 2.92404 0.0996691
964.744 -1.59894 2.51883 707.584 0.960593 0.92441 2992.33 2941.84 0.612884 0.588159 0.564979 0.348556 768.538 -1.2078 0.0672598 2080.61 0.489152 2.49029 0.0996691
1611.99 0.734045 -3.0684 1553.39 0.433975 -0.802767 2926.87 2908.56 0.126073 0.225133 0.118872 0.580551 668.4 0.772929 0.414025 3946.37 0.787566 2.85619 0.0996691
2282.67 0.0494369 -0.581769 1708.69 0.779562 -1.92939 2884.76 2844.7 0.589587 0.712 0.736835 0.753125 1977.03 2.12995 0.084064 5381.82 0.697145 2.80016 0.0996691
838.344 0.873775 -1.8648 -1 -1 -1 -1 643.482 0.530452 -1 0.729382 -1 707.362 1.31887 0.0432271 985.931 0.726352 3.11819 0.0996691
1833.17 1.03612 -1.25842 783.557 -1.60808 2.34234 4796.81 4666.68 0.440945 0.798588 0.636125 0.717994 942.786 1.34918 0.061116 3196.67 0.683409 2.91714 0.0996691
2232.63 -0.534004 -2.51019 1230.25 0.975985 1.32028 4440.25 3233.16 0.0328941 0.453839 0.738678 0.649022 669.509 0.349224 0.00641981 4509.85 0.623468 3.07798 -0.0996691
2320.84 -0.551163 1.52406 1059.41 0.531053 -1.4439 3646.04 2974.34 0.633872 0.349848 0.492607 0.744748 1293.52 -1.7721 0.135533 3358.73 0.726252 3.12222 0.0996691
2425.32 -0.206208 2.87952 1392.62 -0.487741 0.696148 3313.29 3263.51 0.46121 0.415129 0.280151 0.733877 631.788 -1.16406 0.373311 5738.6 0.668841 1.86442 -0.0996691
903.317 -0.843068 0.812016 870.759 -0.763012 -0.477973 1083.71 1071.63 0.260921 0.759512 0.472982 0.789368 1426.19 -3.12269 0.014519 2843.98 0.386992 2.66047 0.0996691
2136.11 -0.777471 2.83957 1891.66 -0.142256 -1.37739 3694.04 3689.18 0.452747 0.120247 0.786486 0.353125 1061.08 0.482762 0.101036 5075.43 0.877274 2.45728 0.0996691
1813.88 -0.57937 -2.11414 1246.76 0.316282 -0.201886 2846.23 2777.87 0.729505 0.399589 0.71814 0.656276 687.759 2.06168 0.0890355 4673.19 0.428385 2.35145 0.0996691
2315.48 0.468638 -1.39132 1497.57 -0.395208 2.98899 3473.65 3409.96 0.369804 0.650394 0.565928 0.497205 964.343 1.28671 0.37667 5136.13 0.474268 2.30274 0.0996691
1323.53 0.912349 -1.80615 317.003 -0.967031 1.40903 1996.6 410.36 0.276374 0.573363 0.656933 0.573259 1057.08 1.36385 0.0423669 1811.51 0.425547 2.82185 0.0996691
2576.16 0.17214 -2.3502 1534.41 1.00173 -0.492219 3829.13 3199.32 0.393666 0.381204 0.311277 0.791853 1049.6 1.42086 0.149358 5752.57 0.621474 2.47468 0.0996691
1292.11 -0.0252267 0.100521 327.244 -1.36503 2.63273 1605.05 1160.82 0.553334 0.548309 0.711519 0.585621 920.888 -2.84577 0.0669086 1908.35 0.786156 3.02462 0.0996691
719.645 -0.271529 -1.64699 -1 -1 -1 -1 913.827 0.706315 -1 0.653163 -1 619.217 1.51742 0.0722479 813.644 0.69717 3.09947 0.0996691
1357.26 -0.10739 -2.53265 -1 -1 -1 -1 256.242 0.450655 -1 0.748332 -1 1278 0.607147 0.019632 1403.91 0.898578 3.13693 0.0996691
1527.02 -0.897128 -3.03695 1415.87 -0.266798 1.89168 2089.96 2039.04 0.372445 0.515394 0.655628 0.535681 705.326 -0.549543 0.0695513 4471.35 0.371062 2.42097 0.0996691
2203.27 0.237695 -2.22867 2039.55 0.395751 0.206376 4094.79 3732.08 0.165105 0.25278 0.81372 0.849438 968.566 2.43675 0.00712276 5072.13 0.902879 2.29066 0.0996691
874.05 0.176539 -3.03338 -1 -1 -1 -1 830.51 0.191904 -1 0.0517815 -1 669.463 0.0941762 0.00548779 1052.27 0.661266 3.13304 0.0996691
2839.13 -0.607461 -3.07039 1216.68 0.551217 -0.296039 4383.74 4206.79 0.131633 0.692639 0.381254 0.749296 1038.94 0.300904 0.0186554 4715.41 0.606818 2.91657 0.0996691
1550.93 0.721923 1.95981 560.399 0.111945 -0.990472 1984.69 1742.5 0.487463 0.765686 0.513882 0.659029 1020.82 -1.21512 0.0110915 2081.76 0.963852 3.11796 0.0996691
1302.87 -0.495937 0.464944 1018.37 0.771192 0.473472 1594.5 1425.1 0.347815 0.172624 0.544284 0.743243 912.737 -2.35008 0.293893 4069.21 0.334966 2.57239 0.0996691
950.658 1.16454 1.05372 714.11 -0.353109 -2.57933 2120.79 2058.84 0.583602 0.498018 0.659242 0.2366 628.173 -2.35186 0.224956 2218.94 0.25776 2.67078 0.0996691
1951.13 0.0392686 -0.266645 1194.93 0.440139 2.34075 3106.35 2703.32 0.324667 0.329887 0.489828 0.6581 805.625 -3.12526 0.113306 4240.81 0.798096 2.96871 0.0996691
990.353 -1.51621 1.98782 851.671 -0.620784 -2.91842 1490.48 1396.07 0.205397 0.762058 0.407404 0.801213 1672.45 -0.742299 0.0295435 2399.41 0.940479 2.75966 0.0996691
1092.84 -0.572077 1.24957 986.542 1.11724 -3.03279 2670.77 2427.73 0.552517 0.20924 0.563775 0.38444 1065.66 -1.00238 1.56486 2093.97 0.98984 0.740938 -0.0996691
1994.54 -0.0542147 2.49497 1321.02 0.157084 -0.355548 3300.52 2779.23 0.235304 0.0942102 0.807776 0.380126 1029.28 -0.42539 0.0407114 3847.88 0.370552 2.8771 0.0996691
1938.89 1.47098 -2.11139 1449.51 -0.363316 -0.48651 4308.32 4258.93 0.350255 0.367888 0.581301 0.422034 1879.55 1.73473 0.300772 3959.93 0.913219 2.74604 0.0996691
1833.14 0.118548 0.92318 1147.24 -0.73014 -2.39505 3202.92 2993.82 0.409898 0.286302 0.403017 0.779739 917.059 -1.77218 0.0398009 2975.95 0.900691 2.65482 0.0996691
3322.73 0.272304 -2.21716 854.474 -0.218294 0.77367 3750.35 3025.53 0.312366 0.620457 0.0591762 0.718799 2458.74 0.924631 0.171884 4155.26 0.529722 2.99562 -0.0996691
3067.16 0.205888 0.82452 2068.04 0.53669 -3.03011 4913.38 4434.72 0.211326 0.013293 0.394138 0.561785 1264.18 -1.37635 0.0222207 5694.36 0.87584 2.22754 0.0996691
1433.13 0.728679 1.78082 533.796 0.474937 -1.58585 1803.53 315.771 0.214248 0.449836 0.62834 0.803692 753.918 -1.27831 0.323999 2006.66 0.306794 2.86168 0.0996691
2205.95 0.646104 1.68986 1414.52 -0.967092 -2.32119 4624.62 2875.47 0.0924133 0.246596 0.58371 0.797756 699.652 -0.832599 0.0934762 4597.9 0.317781 2.52683 0.0996691
1732.19 -0.125621 -2.55327 1421.15 0.456921 -0.487515 2884.96 2796.82 0.789013 0.0714471 0.663031 0.462564 1198.96 1.84605 0.0571066 4289.74 0.876869 2.71061 0.0996691
1507.87 -0.0355883 3.03816 258.555 -0.334152 0.153043 1318.77 1169.46 0.553671 0.686892 0.568037 0.703736 1283.78 -0.0755739 0.207901 1777.12 0.712927 2.89471 0.0996691
2366.58 0.0198252 -1.20034 2055.82 0.820927 1.60179 4725.37 4702.08 0.250882 0.514525 0.781978 0.259477 1040.99 -1.1962 0.00545144 6455.42 0.227254 3.00662 0.0996691
2297.13 0.372923 1.21393 1282.34 0.634621 -0.591721 2756.12 2707.6 0.354324 0.726719 0.209198 0.655519 2289.7 -2.89187 0.208099 4587.61 0.943334 2.50373 0.0996691
2748.64 -0.799774 1.91095 1154.32 0.33631 -1.45589 4185.51 3856.24 0.381154 0.509169 0.565118 0.744361 1044.45 -1.61773 0.183941 5007.69 0.454534 2.94091 0.0996691
1993.83 0.492092 0.143073 1276.51 0.796719 -1.86806 2754.91 2726.2 0.302065 0.425949 0.672904 0.59165 2083.72 2.05497 0.168548 4475.68 0.931945 2.53175 0.0996691
1590.23 0.119213 -0.649941 1461.09 0.249215 1.9408 2957.68 2918.19 0.498956 0.50073 0.62923 0.61217 821.988 -2.6629 1.56423 3039.26 0.998716 0.456565 0.0996691
3234.44 -0.544344 1.10255 2112.19 -0.212518 -2.12092 5329.62 5140.94 0.297147 0.705852 0.745249 0.664232 789.346 -3.12505 0.154516 7039.9 0.522115 2.19487 0.0996691
2234.53 -1.04967 0.220003 2016.67 0.151771 -2.84104 5056.98 5017.67 0.449073 0.715427 0.591634 0.756576 784.035 -2.45941 0.241965 4977.56 0.878921 2.80541 0.0996691
1287.41 1.30146 0.0254834 1003.6 1.04562 2.84589 2267.55 2246.38 0.526002 0.326223 0.62124 0.340961 739.464 -2.09306 0.0264704 2985.46 0.472065 3.05362 0.0996691
1324.94 -0.22996 2.94677 861.096 0.657956 -2.31464 1446.55 1400.68 0.506788 0.377283 0.571263 0.309423 1118.6 0.206632 0.0163395 3045.72 0.804329 2.74182 -0.0996691
1982.2 -0.793096 1.52835 537.255 1.8486 -0.407306 3977.54 3961.67 0.520417 0.0557197 0.569219 0.281355 1490.07 -2.05784 0.483982 2968.39 0.624532 3.10112 -0.0996691
1752.49 0.132808 1.84416 638.33 -0.417424 -0.628475 2263.53 1892.04 0.127363 0.625261 0.636034 0.757446 1199.34 -1.66792 0.0729736 2954.98 0.445659 2.71515 0.0996691
1637.58 0.699498 0.521842 981.896 -0.559027 -1.63159 2913.78 2404.29 0.60128 0.482311 0.617666 0.803694 818.372 -3.06268 0.183403 3332.47 0.965941 2.55825 0.0996691
3040.03 0.718308 -2.40729 944.254 0.562184 0.746599 3638.82 900.357 0.0472669 0.658378 0.676624 0.497903 2187.1 0.749861 0.0516837 3994.11 0.464728 3.07016 0.0996691
1221.28 -0.14186 1.05174 435.19 0.936863 -2.24447 1688.44 1652.64 0.373653 0.444971 0.669127 0.724306 717.745 -2.19233 0.0495303 1925.92 0.487562 2.98368 0.0996691
1927.73 -0.372653 2.92304 1606.47 -0.021894 -1.13269 3228.12 3210.27 0.325509 0.710872 0.668978 0.580583 1101.5 0.043873 0.0307636 5676.96 0.381051 2.84742 0.0996691
1871.76 0.528557 -0.867339 1616.05 -0.169139 1.46916 3443.71 3400.32 0.702251 0.387991 0.705058 0.46705 1063.96 -3.03474 0.280033 3787.04 0.817765 1.88553 0.0996691
1552.43 0.0805584 -1.7388 832.46 -1.54313 1.48925 3128.91 2888.24 0.29955 0.631625 0.577137 0.696508 713.075 1.35871 0.074453 2364.21 0.957167 3.01281 0.0996691
1960.72 -0.620942 0.985928 1192.54 0.60327 -2.89034 3509.52 3410.37 0.325107 0.352146 0.583765 0.716689 698.912 -2.88788 0.000789642 4560.05 0.849963 2.79451 0.0996691
1691.68 -0.589822 -1.88422 1526.46 -0.134956 2.04458 3066.62 3052.96 0.165789 0.344277 0.553745 0.336755 992.859 -0.385975 0.226224 3940.43 0.947739 2.20573 0.0996691
1999.45 0.482015 0.311531 1971.04 -0.00269806 -2.25435 3957.19 3831.51 0.251424 0.5138 0.871259 0.463039 1072.75 1.23228 0.248992 5027.79 0.916645 3.04795 0.0996691
789.264 1.02837 -0.542525 -1 -1 -1 -1 1210.78 0.449509 -1 0.48404 -1 605.774 2.76558 0.0418663 1374.01 0.545878 2.97381 0.0996691
1644.1 -0.472823 -1.98679 1370.66 0.591071 -0.41596 2745.4 2619.06 0.0184751 0.589451 0 0.536113 706.69 2.03419 0.0188363 4478.53 0.355282 2.50227 0.0996691
1256.39 -0.806908 -2.56649 371.211 -1.68585 0.579594 1584.09 1362.2 0.614603 0.741348 0.722809 0.814832 1001.34 0.758755 0.182568 1821.21 0.679316 2.92729 0.0996691
2518.26 -0.51104 -2.9101 2171.09 0.0903238 1.16441 4423.66 4397.42 0.24134 0.567855 0.799251 0.570594 2155.81 -0.379591 0.238528 5617.47 0.778748 2.39171 0.0996691
1285.45 0.211115 -1.90253 1273.23 0.456011 1.35204 2675.37 2066.98 0.417798 0.281442 0.556347 0.772445 778.411 -0.380248 0.0139836 3427.93 0.763984 3.07241 0.0996691
1373.41 0.0424928 -2.47677 1202.89 1.18722 0.0714526 2920.99 2871.08 0.511164 0.686128 0.202251 0.783285 863.723 2.60641 0.12849 4093.73 0.92275 2.60139 -0.0996691
1058.11 0.00275921 -0.462447 619.77 0.209969 3.07038 1665.71 1785.4 0.474825 0.372089 0.795556 0.749917 971.89 2.2141 0.211765 2479.39 0.240845 2.8824 -0.0996691
1627.7 0.782401 -0.441968 746.729 -0.554846 2.29817 2694.87 2671.79 0.587142 0.250195 0.614778 0.723008 801.631 2.96231 0.0775595 2554.63 0.787167 2.95725 0.0996691
2669.45 0.891556 -0.889936 1607.69 -0.242151 2.53209 4863.53 4580.81 0.566927 0.214861 0.378584 0.595594 1009.09 1.861 0.0371219 4687.42 0.0519265 3.10313 0.0996691
1706.91 -0.124061 0.441221 722.826 1.57906 -2.76873 3103.05 3034.91 0.152132 0.418144 0.864343 0.702589 1254.01 -2.40274 0.00307989 3037.94 0.841877 2.84614 -0.0996691
1981.94 0.698531 -0.764163 1304.91 0.468202 2.11504 3257.99 2988.68 0.718477 0.287889 0.669536 0.756629 1348.6 1.70009 0.0319805 4477.18 0.740886 2.94427 0.0996691
1218.59 0.086931 -1.96545 583.596 -0.985325 0.616548 1899.88 1810.17 0.568412 0.64384 0.5361 0.746656 713.227 1.27474 0.656883 2024.19 0.430717 2.60247 0.0996691
2304.22 0.502206 2.12399 1606.35 -0.395077 -0.856136 4442.76 3546.69 0.0923091 0.484209 0.514942 0.271589 945.631 -0.762719 0.0931129 4517.58 0.52166 3.12512 -0.0996691
1232.64 1.189 2.67691 726.848 -1.15845 2.60175 2866.87 2132.06 0.474972 0.690607 0.379679 0.705219 2166.48 -0.641519 1.62389 2300.06 0.86333 1.46077 0.0996691
1344.09 0.544766 2.58511 1092.54 0.815971 -2.21165 1853.79 1619.86 0.362355 0.611927 0.391467 0.611663 1679.64 0.272434 0.0863563 2873.01 0.703901 2.87199 -0.0996691
1385.93 1.56373 1.53201 875.243 0.184194 -1.80253 2762.32 2684.9 0.585047 0.481699 0.640955 0.545309 988.84 -1.77542 0.0496497 3089.54 0.393716 3.0301 0.0996691
2724.76 0.0367797 -1.09742 1818.19 0.287219 1.72199 4436.62 4411.13 0.613492 0.612872 0.71707 0.543691 939.153 2.36083 0.633434 4923.29 0.255712 2.82453 0.0996691
1518.11 -1.38946 0.49583 1328.41 0.187197 1.78092 3035.13 2924.1 0.333242 0.628737 0.754076 0.681644 1842.62 -2.07094 0.0442996 3933.24 0.392324 3.13062 0.0996691
1937.32 1.03821 2.51551 -1 -1 -1 -1 689.611 0.117265 -1 0.660289 -1 1623.64 -0.633091 0.136331 2314.24 0.793626 2.91773 0.0996691
1833.68 0.735054 1.08969 1609.57 -0.471559 -1.71163 4075.2 3901.11 0.413138 0.684218 0.657278 0.828672 1240 -1.88425 0.171411 5269.34 0.208938 2.93764 -0.0996691
1339.15 -0.156735 -0.91435 1279.51 0.114828 -2.94125 2268.81 2243.8 0.475136 0.436166 0.478315 0.422134 726.687 -0.701848 0.209939 4581.21 0.375511 3.00635 0.0996691
1733.93 -0.241892 3.02456 711.173 0.484966 0.847873 2161.39 2079.26 0.497431 0.514899 0.737858 0.571072 1170.45 -0.483096 0.0665414 2615.67 0.799695 3.02229 0.0996691
1729.26 0.395119 2.95966 1728.29 -0.0248099 -0.772727 3508.84 3024.3 0.137728 0.293053 0.799457 0.514485 904.827 1.06 0.101672 3569.29 0.978674 1.79773 0.0996691
2741.06 0.308378 1.28026 1866.94 -0.00835721 -2.16683 4609.53 3707.12 0.17341 0.664846 0.595981 0.527908 739.654 -2.19375 0.027894 5447.8 0.361477 3.01639 -0.0996691
1951.95 -0.329012 -1.48649 362.151 -0.444842 1.63227 1766.79 1184.2 0.592961 0.322524 0.54835 0.636624 1617.45 1.65995 0.20738 2307.05 0.831925 2.93961 0.0996691
1702.86 0.208811 1.77468 834.456 -0.962739 -1.23789 2818.17 2745.73 0.683422 0.384836 0.786238 0.443917 635.867 -1.2704 0.0351551 2892.46 0.940948 3.06528 0.0996691
1973.33 -0.873096 2.65702 1211.9 0.250324 1.24751 2827.78 2288.36 0.452852 0.189913 0.684172 0.755188 1383.28 -1.04369 0.025928 4600.97 0.422394 2.55644 0.0996691
2012.26 -1.15266 0.694498 1020.36 2.20332 -2.43154 7976.95 7032.26 0.225305 0.689263 0.764862 0.484504 698.895 -2.42034 0.0114756 3304.76 0.216755 3.01119 0.0996691
1811.96 -0.938695 -0.0730176 1770.66 0.519502 2.3634 4482.61 3695.2 0.568947 0.32706 0.553741 0.588442 796.24 -2.01074 0.0241226 3931.76 0.900532 2.11186 0.0996691
1238.93 1.16711 1.50333 -1 -1 -1 -1 1295.58 0.606265 -1 0.722368 -1 879.403 -1.64385 0.0695807 1560.43 0.667136 3.09413 0.0996691
1130.83 0.102322 -0.225518 458.93 0.1053 1.10551 949.012 849.552 0.632041 0.660509 0.697549 0.67479 1614.07 -3.05852 0.0523016 2281.43 0.0610463 3.0672 -0.0996691
1452.23 0.369673 1.84934 549.537 -0.514936 -1.32417 2168.03 714.103 0.180271 0.505603 0.571956 0.675543 1019.32 -1.35377 0.0291492 2288.65 0.363064 2.77816 0.0996691
1043.69 -0.160297 -0.924093 793.703 -0.101488 -2.03716 1041.5 852.967 0.260556 0.616487 0.722701 0.603096 1297.29 1.72825 0.272548 2484.46 0.609616 2.99044 0.0996691
1371 -0.392947 -2.72648 680.232 -0.0794266 0.0591893 1933.77 1911.81 0.506056 0.661669 0.757042 0.504305 815.496 0.373064 0.316306 2256.32 0.381654 2.78254 0.0996691
2504.97 1.1225 2.8913 991.748 -0.680592 -2.54125 3497.34 3494.03 0.553942 0.369883 0.730124 0.533948 1797.6 -0.0178732 0.0560921 4942 0.541383 2.96556 -0.0996691
1710.04 -0.503445 -2.19408 550.043 -1.0571 0.476335 2015.18 1679.41 0.159069 0.567068 0.647379 0.802628 1293.09 1.22199 0.0456054 2260.66 0.921761 2.82302 0.0996691
2180.99 0.0168639 2.88951 1341.23 0.744338 -0.440159 3664.13 3516.82 0.410896 0.417103 0.618956 0.86508 911.686 0.455593 0.365059 4728.97 0.681118 2.49866 0.0996691
1561.76 -1.66789 -2.12426 890.407 -0.931554 -0.31245 2177.13 1882.58 0.263719 0.562548 0.382037 0.319786 1191.8 1.74898 0.108816 3312.34 0.411223 2.79515 -0.0996691
2335.38 -0.164771 2.68827 1766.53 1.23595 0.114313 5290.57 4302.02 0.114301 0.42253 0.663658 0.427917 986.07 -1.30265 0.0918859 4572.52 0.576045 2.98198 -0.0996691
1861.9 -0.21898 -2.34276 1140.23 0.828011 -0.728818 2663.56 2636.63 0.294728 0.507245 0.493373 0.739474 1014.27 1.7997 0.0875742 4446.46 0.470513 2.4476 0.0996691
1360.75 0.650756 3.04013 1277.23 -0.0512113 0.28986 2903.17 2353.63 0.517786 0.436607 0.688083 0.415381 912.223 -0.297133 0.00341043 3539.63 0.610248 2.95109 -0.0996691
1357.29 0.338456 0.771854 -1 -1 -1 -1 1151.14 0.0793474 -1 0.736417 -1 1069.78 -2.27703 0.0451009 1791.55 0.722277 3.11286 0.0996691
2264.73 -0.392108 -1.61225 1409.24 0.281578 2.12007 3703.16 2888.77 0.13909 0.699334 0.443845 0.756442 905.909 0.879407 0.0305602 4248.16 0.404522 2.76563 0.0996691
2404.6 1.04787 -0.518417 1594.34 0.177519 2.01378 4306.98 3029.68 0.194284 0.0634904 0.403556 0.732972 985.837 -2.98702 0.0447474 4509.45 0.5432 2.61216 0.0996691
2385.47 0.741877 2.76687 1793.96 0.609718 -0.82594 4153.63 3244.76 0.313664 0.602634 0.524237 0.798221 808.641 -0.389661 0.0664466 4909.01 0.783138 2.9926 0.0996691
1282.44 -0.0246389 -2.35039 992.693 -1.40707 0.903337 2826.68 2768.58 0.702525 0.770734 0.673482 0.748296 852.416 -0.0840791 0.209033 3260.85 0.572655 2.75043 -0.0996691
1030.62 0.143495 0.91578 -1 -1 -1 -1 827.044 0.401573 -1 0.736868 -1 925.414 -2.12206 0.0306916 1435.24 0.627726 3.04805 0.0996691
1391.75 0.0673839 -2.5909 493.085 -0.0431455 0.879863 1651.13 1594.04 0.297067 0.577552 0.372059 0.49933 989.457 0.75241 0.0918134 2113.55 0.515865 2.84872 0.0996691
2259.19 -0.257961 -1.29312 641.451 1.51931 3.02734 3175.04 2803.06 0.330296 0.332155 0.643312 0.6487 1749.66 1.57742 0.015839 3276.33 0.722678 2.86086 0.0996691
2360.84 -0.345752 3.09877 576.761 0.69904 1.38446 2518.3 1036.31 0.113579 0.274708 0.60672 0.564617 1898.5 -0.26581 0.0560549 3788.51 0.876955 3.03713 0.0996691
1949.59 0.148267 -1.62446 695.974 0.841265 1.68551 2501.69 2365.4 0.594665 0.586505 0.620005 0.564649 1003.97 1.43867 0.0931951 2922.82 0.968946 2.97693 0.0996691
1018.48 1.2963 0.757132 430.336 0.0426597 -2.56777 1597.39 1576.36 0.361446 0.477231 0.123161 0.43349 687.054 -2.37799 0.195212 1434.98 0.425841 2.95329 0.0996691
2008.79 -0.422357 -2.16896 708.11 -0.322644 2.42827 1802.41 1739.77 0.445275 0.673837 0.584195 0.626865 658.38 1.50671 0.688664 3534.14 0.980321 1.91861 0.0996691
1310.72 -0.382296 1.79901 -1 -1 -1 -1 1036.68 0.660924 -1 0.642817 -1 1225.48 -1.36778 0.180153 1721.88 0.712799 2.96293 0.0996691
2506.58 0.38308 -2.04449 2150.56 0.318826 2.16061 4045.32 3888.15 0.67273 0.00333393 0.599319 0 874.731 0.359663 0.141454 6185.19 0.490334 2.8739 -0.0996691
1582.79 0.518718 -1.15704 477.558 -0.811144 2.10253 2170.6 1856.55 0.232677 0.262187 0.435231 0.702608 1096.04 1.99509 0.0746566 2053.13 0.821002 3.05596 0.0996691
3361.02 -0.352687 0.185947 800.577 1.37336 0.170785 3402.44 3047.08 0.285709 0.0585655 0.409338 0.493306 4031.54 -2.96165 0.0846624 4449.28 0.642322 3.06609 0.0996691
1799.55 -0.0620355 0.746085 1211.93 0.426819 -1.13346 2675.39 2557.91 0.235609 0.179982 0.575126 0.557344 726.489 -2.22609 0.765889 4511.82 0.761339 2.20744 -0.0996691
937.494 -0.169524 -1.2329 889.761 0.264175 2.01652 1906.34 1805.04 0.323849 0.603572 0.880932 0.836697 707.987 2.05967 0.0575452 2472.24 0.759793 3.13571 0.0996691
2919.62 0.404924 -3.09911 2330.7 0.833547 0.158114 5624.35 4170.92 0.200653 0.274501 0.594617 0.576922 737.477 -0.451699 0.0444137 5379.49 0.737592 2.72753 0.0996691
3475.76 -0.510055 -2.9683 949.253 0.948034 0.317343 4682 4258.2 0.160448 0.586411 0.652305 0.649284 2060.66 0.304038 0.00588748 5026.92 0.451868 3.10966 0.0996691
766.087 -0.458975 1.87757 325.865 1.09762 1.18705 964.87 800.296 0.645261 0.58132 0.814819 0.708771 817.823 -1.49347 0.128827 1288.25 0.835266 2.80446 0.0996691
2651.82 -0.652203 1.64855 2275.71 -0.117099 -0.68889 4752.32 4697.13 0.594354 0.228854 0.520089 0.631544 1068.4 -2.34842 0.157949 5752.53 0.95084 2.56666 0.0996691
2788.18 0.567375 -0.779202 1256.54 -1.30407 -2.95779 5233.13 5214.65 0.137145 0.531494 0.487892 0.226632 2196.19 1.63381 1.3309 4758.14 0.636608 2.5391 0.0996691
1476.63 0.0297501 -0.980706 -1 -1 -1 -1 956.12 0.169336 -1 0.342915 -1 1315.72 2.37138 0.038311 1758.23 0.931269 2.89279 0.0996691
2081.34 -0.339234 -0.0817153 1505.94 0.526035 -2.64932 3776.84 3711.88 0.563886 0.243367 0.741952 0.600296 680.472 2.47294 0.0908942 4127.17 0.288558 2.70835 -0.0996691
1408.63 -0.365693 2.59456 -1 -1 -1 -1 715.046 0.328633 -1 0.541897 -1 1335.83 -0.674503 0.0929687 1562.53 0.883666 3.10793 0.0996691
1775 0.0111729 1.1503 1089.23 -0.836597 -1.95092 3173.19 427.391 0.47159 0.270659 0.645751 0.742888 687.207 -2.04302 0.0153215 2862.45 0.364759 3.08362 0.0996691
1423.57 -0.993051 2.75599 453.736 0.514472 -0.344839 2181.53 1668.09 0.284873 0.2762 0.424437 0.708353 1003.37 -0.405509 0.0649724 1867.04 0.430112 3.01801 0.0996691
1925.06 0.648529 2.42405 1529.92 -1.25138 -2.19111 4559.51 4534.88 0.178907 0.370805 0.573746 0.772325 2022.45 0.0100421 0.231959 3773.18 0.852482 2.64398 0.0996691
1969.62 -0.0751466 0.85082 610.033 0.919889 -2.03028 2458.15 2444.1 0.297608 0.35279 0.433372 0.315046 836.846 -2.41076 0.299754 3107.51 0.595083 2.72072 0.0996691
1848.44 1.02996 -1.93892 1689.26 0.116243 1.38059 3976.49 3881.89 0.21361 0.427578 0.715133 0.664792 680.876 1.18146 0.205003 4555.55 0.106718 2.94686 0.0996691
1403.97 -0.419083 -1.51115 1368.73 -1.23807 2.6162 2787.4 2609.99 0.474238 0.577103 0.491724 0.633183 745.018 1.07437 0.297918 3860.49 0.971396 2.32141 0.0996691
2040.97 -0.608037 1.29812 1573.05 0.516535 -2.3851 4268.43 2905.43 0.184614 0.5258 0.760909 0.814382 817.473 -1.06111 0.237852 4239.67 0.699717 2.28601 0.0996691
1802.65 -0.0727518 -0.678582 1282.09 0.0971388 3.04711 3021.4 2664.4 0.344881 0.443048 0.617885 0.607648 753.371 1.86802 0.289961 3333.8 0.974663 2.25665 0.0996691
873.094 1.08204 1.0713 795.311 0.172384 -2.41449 1867.83 1678.62 0.709041 0.675302 0.722675 0.674916 876.622 -2.61847 0.233013 2548.35 0.754846 3.13271 0.0996691
844.421 -1.18774 0.482028 -1 -1 -1 -1 563.29 0.543786 -1 0.609428 -1 745.39 -2.68704 0.248452 933.232 0.85185 2.93217 0.0996691
1027.76 0.663268 -1.71966 931.973 0.814942 0.975716 1936.48 2955.68 0.550349 0.734563 0.563621 0.688371 853.146 0.82042 0.170313 3624.02 0.2056 2.72877 -0.0996691
1493.59 -0.214216 1.19559 512.705 -0.535119 -1.27453 1692.31 1608.02 0.485109 0.585523 0.693415 0.345943 755.345 -2.22601 0.195504 2428.88 0.801532 2.6656 0.0996691
2247.1 0.410401 -0.7972 1252.55 0.162676 2.72142 3446.85 2323.1 0.101834 0.653094 0.867796 0.47694 642.794 1.65655 0.0839636 3868.98 0.625528 2.64497 0.0996691
955.509 -0.775361 -2.7264 454.445 0.596027 -0.265861 1588 1537.69 0.477049 0.678744 0.82733 0.734286 642.906 0.928929 0.0327763 1455.66 0.144573 3.00352 0.0996691
3021.64 -0.54499 3.01143 2633.69 0.49452 -0.324899 6621.03 4876.74 0.295289 0.272604 0.678688 0.767586 774.928 0.75815 0.833722 5831.23 0.507212 3.05837 0.0996691
2426.29 -0.326172 -1.13856 1717.48 0.383836 1.3979 4217.35 4150.67 0.0260505 0.524833 0.686607 0.501828 894.901 1.58174 0.179805 5353.47 0.344734 2.54032 -0.0996691
1857.53 -1.16338 1.88007 1764.79 -0.480444 -0.488091 3614.98 3533.19 0.355579 0.638645 0.625686 0.756057 1327.67 -2.38564 0.37534 3734.4 0.217194 2.82199 0.0996691
1318.27 0.119569 -1.47207 700.684 -0.574478 2.75682 1835.56 1702.3 0.42954 0.346434 0.561127 0.444292 657.545 2.81367 0.0603034 3416.77 0.827939 2.95543 0.0996691
825.944 -1.82748 1.24718 684.085 -1.9666 -3.08005 1328.14 947.444 0.807905 0.145242 0.763085 0.764038 643.937 -1.01111 0.0784996 1676.17 0.671958 2.34825 0.0996691
2031.16 0.882388 -2.83949 1335.8 -0.475511 0.0141445 4102.74 2102.35 0.0260487 0.191955 0.68465 0.708338 1415.62 0.398921 0.185342 4344.64 0.537589 3.05283 0.0996691
1486.45 -0.335739 -0.895333 637.953 -0.554117 2.12298 1966.77 1951.69 0.660353 0.515689 0.837905 0.536018 868.953 2.16889 0.0493236 2502.7 0.405112 3.01431 0.0996691
2363.41 -0.381082 1.64407 2187.54 0.60747 -1.33011 5109.54 5096.34 0.0880689 0.247059 0.612328 0.0418915 961.379 2.49126 0.0204802 5607.83 0.841703 2.5993 0.0996691
1199.71 1.12017 -1.85478 752.961 -0.478917 0.417456 2460.63 2006.05 0.274398 0.517238 0.649593 0.5162 805.865 1.82047 0.468299 2016.13 0.693693 2.54535 0.0996691
1603.12 0.308949 2.84181 1210.04 -0.600742 0.586595 2861.62 2764.89 0.526266 0.720928 0.619432 0.678226 1038.45 -1.10258 0.0226846 2999.06 0.813553 2.362 0.0996691
2746.63 0.441181 2.86444 1126.3 -0.330694 -1.62827 3083.01 3064.82 0.624507 0.797072 0.724706 0.653094 1922.77 0.455261 0.00345948 5203.54 0.74227 2.40474 0.0996691
1901.45 -0.633496 0.491371 1226.74 -0.6235 2.37831 2497.06 3001.17 0.484079 0.403317 0.653301 0.525067 1168.51 -2.88795 0.145244 4352.93 0.973627 2.75893 0.0996691
1076.03 0.539402 1.54288 390.46 -1.26566 -2.36443 1815.02 1624.16 0.704809 0.634395 0.83637 0.723013 923.141 -1.55658 0.0579011 1750.36 0.93843 3.11741 0.0996691
1165.85 0.99015 0.926589 416.434 -0.472685 -1.97824 1788.24 1744.63 0.590987 0.620141 0.80637 0.795603 656.61 -1.96032 0.019529 1859.31 0.497451 2.9088 0.0996691
1338.94 0.0123646 1.93588 844.832 0.0109892 -1.59974 2261.89 1478.25 0.112758 0.160788 0.53776 0.376526 629.866 -0.672958 0.193536 2576.75 0.939572 2.96251 0.0996691
1915.29 0.80197 0.403015 667.476 -1.59521 3.09048 4063.6 2182.74 0.619081 0.617494 0.702113 0.630735 739.062 -2.23032 0.00982475 3767.07 0.535922 2.62518 -0.0996691
1978.74 0.742509 2.67133 892.56 0.115602 -0.226531 2865.21 2240.7 0.555614 0.529854 0.588836 0.667977 973.113 -0.0993508 0.128916 3806.73 0.651628 2.83731 0.0996691
1367.6 0.714776 -2.47266 -1 -1 -1 -1 626.156 0.546924 -1 0.793527 -1 1288.35 0.689798 0.0176154 1409.97 0.911941 3.13246 0.0996691
2502.05 -0.0643405 2.26328 1593.1 -0.630374 -0.0896361 3889.01 3838.98 0.413238 0.602324 0.473376 0.604299 874.211 -1.35633 0.158016 5118.72 0.956731 2.50443 -0.0996691
1312.61 -0.131071 -3.05878 567.678 0.396423 -1.55346 1285.94 1243.71 0.192091 0.776695 0.463098 0.725622 1179.97 0.590015 0.117296 2404.04 0.645624 2.51627 0.0996691
1627.62 -0.0311628 1.89445 1137.64 -0.100271 0.531884 1769.02 1696.22 0.116183 0.663819 0.494718 0.573812 1478.19 -2.02095 0.0554299 3699.97 0.63383 2.82762 0.0996691
1393.09 -0.803399 1.79453 -1 -1 -1 -1 1061.44 0.521751 -1 0.500149 -1 1149.09 -1.36096 0.0178982 1595.67 0.724488 3.09888 0.0996691
2482.09 -0.42922 0.679278 1152.24 1.50374 -2.46827 5157.97 4458.32 0.26373 0.534125 0.866851 0.427237 1243.8 -2.49257 0.0257421 3714.11 0.297621 3.09065 0.0996691
1588.23 0.651883 2.40992 583.991 -1.8387 0.611659 3524.39 2588.16 0.117229 0.69665 0.804318 0.515534 1620.36 -0.91012 1.47294 2629.74 0.954416 1.50326 0.0996691
2919.8 -0.187464 1.58798 1707.94 -0.171297 -1.57227 5037.29 1019.36 0.328154 0.216845 0.539002 0.581515 1151.46 -1.59335 0.245468 4734.4 0.237073 2.87939 0.0996691
1375.1 0.486894 -2.5677 747.062 1.25169 0.6738 2192.37 2165.26 0.173273 0.6572 0.312745 0.664899 649.047 0.606142 0.0706866 2144.39 0.309877 3.03879 0.0996691
1758.65 0.35792 -0.414359 1704.58 0.124347 2.52096 3488.95 3456.99 0.0618153 0.305461 0.639225 0.650427 1931.97 -2.05868 0.0977829 5193.18 0.930551 3.01108 0.0996691
1860.39 -0.00893047 0.0208718 869.505 -1.13436 2.54325 2936.41 2646.29 0.280108 0.334586 0.812342 0.885325 1489.07 -3.12637 0.113706 3558.12 0.913689 3.09751 0.0996691
1235 1.04184 -0.462153 1223.89 -1.25981 -2.65034 4131.31 4113.34 0.191608 0.628611 0.579163 0.55008 750.966 1.55356 0.184402 2797.79 0.738006 1.89328 0.0996691
2182.55 0.613758 2.68738 1168.64 -0.310522 -0.327795 3606.99 3419.5 0.413547 0.589005 0.278518 0.759301 1024.11 -0.476872 0.153648 3344.59 0.308573 2.9707 0.0996691
1770.72 0.0811729 -2.26799 441.137 -0.358605 0.636012 1803.1 1794.51 0.561278 0.0170292 0.770332 0 1062.52 1.14245 0.232586 2258.2 0.940117 2.6415 0.0996691
752.741 0.762116 0.305721 591.329 1.72877 -0.757139 992.547 926.464 0.717697 0.760761 0.685105 0.538216 683.634 2.67224 0.222675 1947.41 0.318187 2.70011 0.0996691
2507.41 -0.0779522 1.31905 870.291 1.27682 -1.88935 3959.55 1149.23 0.0906607 0.652124 0.5584 0.760849 1599.29 -1.80123 0.092973 3627.73 0.342968 2.67666 -0.0996691
2508.65 -1.012 1.1262 1530.1 -0.306902 -1.81282 4252.9 3171.13 0.1087 0.705986 0.28991 0.763411 861.389 -2.23656 0.353373 4289.19 0.738725 2.82589 0.0996691
3300.93 0.31701 -0.090476 1944.75 0.528474 2.30012 4757.37 4718.92 0.662547 0.265828 0.521188 0.727458 874.981 -2.89418 0.162106 6591.11 0.766204 2.96581 0.0996691
1595.03 -0.165839 3.01498 280.569 -1.47652 -0.0938515 1642.48 1607.26 0.211303 0.497573 0.380094 0.608345 1205.66 -0.0944492 0.00894308 1961.77 0.710419 3.09976 0.0996691
2074.64 0.491032 -0.0292663 1476.27 0.153944 1.73352 2856.95 2440.89 0.336593 0.402195 0.662035 0.550323 1021.65 -2.43824 0.0575035 4758.04 0.379569 2.39995 -0.0996691
3246.94 -0.383354 -0.960833 1777.18 -0.471764 2.32117 4943.02 4326.98 0.0496206 0.710255 0.574964 0.759997 998.555 2.43478 0.11248 5899.83 0.483531 2.80253 0.0996691
1648 -0.302438 2.36465 1147.25 -1.26721 -0.764042 3127.45 1314.51 0.539577 0.147573 0.484345 0.642587 1474.59 -0.0775796 0.526916 3985.31 0.395796 2.34434 0.0996691
1397.5 -0.208451 -0.210454 420.463 0.336476 1.56538 1289.93 1273.46 0.184665 0.699753 0.510478 0.681284 1009.2 -3.01644 0.0174434 2153.89 0.606905 2.78529 0.0996691
1398.05 1.27392 2.06674 1080.12 0.470474 2.80092 1366.41 1332.91 0.0870291 0.291734 0.553807 0.615235 1355.62 -0.654004 0.25624 4082.3 0.960057 2.57783 0.0996691
1431.43 -0.566405 2.09203 740.203 0.608558 0.226138 2107.84 2073.57 0.104411 0.573193 0.320931 0.377545 1334.53 -1.55097 0.301332 2230.36 0.971119 2.33906 0.0996691
900.042 -0.34058 -1.1636 -1 -1 -1 -1 478.081 0.730126 -1 0.693344 -1 823.178 1.92106 0.185866 983.903 0.869633 3.01384 0.0996691
1504.51 -0.262774 2.18273 1414.19 0.420896 -0.325067 2968.02 2910.36 0.698095 0.470373 0.568328 0.749457 683.644 -2.06238 0.0385833 4231.11 0.0596076 3.08519 0.0996691
931.826 0.227057 -1.69189 -1 -1 -1 -1 677.611 0.686394 -1 0.662219 -1 818.392 1.45965 0.185029 994.738 0.815581 2.93933 0.0996691
1382.75 0.651008 -2.94378 469.863 -1.49379 0.629313 2628.83 2152.42 0.475046 0.426198 0.627044 0.80685 631.11 0.127746 0.0101992 2220.56 0.852863 3.06029 0.0996691
2694.05 -0.00364678 -2.05573 2278.19 -0.715938 1.18722 5333.2 4878.16 0.314326 0.0494058 0.495579 0.108137 854.356 -0.689295 1.31902 6058.69 0.98698 1.7527 0.0996691
1699.34 -0.181647 -3.12292 646.165 -0.37469 0.043344 2165.22 1716.3 0.49557 0.427855 0.463462 0.628656 996.488 -0.113976 0.0111745 2579.88 0.699349 3.04526 0.0996691
724.598 0.960306 -2.86514 -1 -1 -1 -1 630.567 0.485812 -1 0.782766 -1 700.755 0.480772 0.340476 1052.82 0.240815 2.76578 0.0996691
1421.57 -0.300964 -1.77118 1120.49 -1.03402 0.460563 2466.57 2443.56 0.209962 0.638447 0.703392 0.736862 792.808 2.85168 0.822393 4055.59 0.432109 2.36979 0.0996691
1046.34 0.734843 0.197186 -1 -1 -1 -1 923.991 0.713067 -1 0.740703 -1 996.545 -3.08594 0.119704 1384.79 0.735755 3.10424 0.0996691
1265.16 -1.07288 2.98796 290.977 -0.469434 -0.393511 1291.95 1184.18 0.507065 0.434965 0.741222 0.29683 1110.62 -0.476523 0.0820089 1957.03 0.598965 2.89702 0.0996691
1452.46 -0.013049 2.31459 557.378 0.369081 -0.856106 1858.08 1784.21 0.559306 0.49059 0.811098 0.653894 931.44 -0.744628 0.117468 2071.84 0.45837 3.09548 0.0996691
1080.02 -1.00907 2.08563 421.929 1.4033 -1.18137 2485.05 1952.89 0.30319 0.344098 0.864531 0.738422 655.547 -0.928802 0.290219 1503.15 0.770922 2.72496 0.0996691
1748.57 -0.484786 2.33487 1235.46 -0.973129 -0.990736 3117.49 2253.95 0.235846 0.615563 0.529933 0.818797 601.748 -0.378618 0.00626031 3015.68 0.82478 2.85944 0.0996691
948.94 0.157374 1.33779 -1 -1 -1 -1 660.926 0.41899 -1 0.444828 -1 1027.38 -1.55962 1.95923 1175.48 0.941947 1.02925 0.0996691
1768.78 0.799638 2.7779 1018.64 0.670938 -0.37805 2841.46 2347.2 0.121714 0.616091 0.770006 0.55605 834.891 0.352297 0.24226 3536.74 0.817891 2.9994 0.0996691
965.933 0.556316 0.981028 -1 -1 -1 -1 905.252 0.45585 -1 0.690255 -1 774.354 -2.22537 0.0267909 1164.39 0.649047 3.04954 0.0996691
1655.75 -0.132529 -0.652991 1159.61 -1.11101 2.12925 3088.59 3052.92 0.430286 0.213754 0.318057 0.634518 675.603 3.08306 0.961319 2796.41 0.256545 2.7746 0.0996691
1505.61 0.242153 -3.03312 830.985 0.828165 -1.08477 2062.18 1437.48 0.17182 0.527292 0.65796 0.430635 1175.31 0.650079 0.123027 2631.8 0.55428 2.67942 0.0996691
1319.84 -0.30159 0.313733 737.482 -0.588261 1.82452 1543.07 1206.35 0.271163 0.302825 0.743924 0.431912 1059.49 -2.33072 0.123467 2613.92 0.488889 2.67263 0.0996691
1693.71 0.516238 2.41995 637.598 -1.16757 0.649656 2594.98 2402.31 0.29388 0.461749 0.759149 0.724045 1434.99 -1.11158 0.0686533 2550.74 0.775606 2.86301 0.0996691
2299.06 0.412493 -1.28201 1159.79 0.266737 -2.318 1699.4 1604.97 0.514856 0.243287 0.577937 0.502214 2026.1 1.61603 0.0642426 4540.85 0.773328 2.84299 0.0996691
1037.91 1.33124 -2.65941 374.599 0.819311 0.470628 1297.99 1275.12 0.751822 0.589247 0.807612 0.640414 666.638 0.471789 0.000563949 1386.08 0.460002 3.12913 -0.0996691
2027.19 0.79489 -0.382605 1040.26 0.914846 2.69809 2946.71 2763.54 0.510199 0.494668 0.635998 0.723064 795.545 2.20983 0.0732243 4720.48 0.221071 2.73583 0.0996691
1546.04 0.321166 -2.28988 556.174 0.0879587 1.01196 1954.41 1624.38 0.650009 0.674095 0.605437 0.732216 973.121 0.822414 0.196068 2089.85 0.416854 2.97121 0.0996691
2112.06 -0.662222 0.609364 1299.78 0.690986 -0.98429 3407.57 3362.77 0.390018 0.210758 0.794488 0.332943 1586.92 3.09351 0.112477 4503.67 0.678932 2.37249 0.0996691
1258.46 0.437735 0.0850223 499.185 -0.00531865 -2.81573 1759.72 1273 0.379829 0.792709 0.757294 0.662363 981.428 -3.00641 0.150628 1926.72 0.179747 3.04983 0.0996691
1619.92 -0.561466 2.45072 1059.93 -0.0330484 -1.82477 2328.91 2293.38 0.782602 0.590898 0.689714 0.442183 1028.76 0.530123 0.0731608 3905.29 0.497375 2.42685 0.0996691
1606.65 -0.378032 -2.3759 1501.56 -0.523357 2.22614 2382.4 2274.07 0.701433 0.182737 0.85285 0.307236 1484.55 -0.0265637 0.0419933 3903.57 0.586978 2.86699 -0.0996691
1584.67 1.07744 -0.826945 321.517 1.24708 2.3309 1457.35 1166.98 0.627441 0.579553 0.613129 0.770039 1291.26 2.32063 0.0314491 1881.51 0.759736 3.1034 0.0996691
3047.35 0.0195134 -0.466626 1569.19 0.307938 2.63722 4671.31 912.834 0.106057 0.624807 0.564759 0.767392 1506.97 2.62475 0.0163162 4835.89 0.533046 2.88776 0.0996691
1469.35 -0.731422 0.394699 851.657 1.01148 3.04708 3142.92 2943.96 0.364422 0.26532 0.599934 0.520746 867.816 -2.30325 0.146701 2411.14 0.705015 2.84408 0.0996691
2563.42 -0.670694 0.858029 1299.15 -0.0247091 -2.3542 4001.85 2329.42 0.534612 0.303444 0.649669 0.466225 1566.68 -1.83196 0.0969385 5142.59 0.712409 2.78861 0.0996691
1922.03 0.571792 1.58035 1702.92 0.212383 -1.6376 3706.48 3628.14 0.302628 0.849626 0.239316 0.759467 767.316 -2.74367 1.1078 4336.61 0.843947 1.71883 -0.0996691
2826.24 0.0587475 1.0018 1885.21 0.870372 -2.27297 5018.83 4925.88 0.436753 0.358276 0.732611 0.651103 1002.91 -2.04686 0.0822074 4901.74 0.973613 2.96809 0.0996691
2622.45 0.600616 0.0624285 2261.64 -0.0321866 2.34324 4758.92 4521.88 0.308731 0.359259 0.455409 0.3815 1139.21 -2.22761 0.152268 5820.47 0.952154 2.48496 0.0996691
1521.46 0.134815 0.907579 -1 -1 -1 -1 776.905 0.359006 -1 0.65154 -1 1394.97 -2.26387 0.174977 1631.61 0.880321 2.99727 0.0996691
1849.06 0.0715193 -1.72631 1752.05 -0.552417 2.45645 3399.88 3160.16 0.654954 0.540234 0.678946 0.499482 777.494 0.38752 0.112139 4757.54 0.292824 2.7979 0.0996691
1060.45 -1.12196 0.988868 986.771 -0.44052 -3.08094 2009.31 1901.65 0.305358 0.226575 0.568414 0.651068 1029.78 -0.943771 0.103832 2554.48 0.789539 2.94962 0.0996691
1737.78 0.430085 0.0443167 950.448 -0.954109 -0.354463 2010.73 2003.6 0.371375 0.451835 0.31509 0.287622 1475.17 -3.00746 0.0477681 4084.72 0.432999 3.00242 0.0996691
1576.38 0.708228 -1.53116 787.152 -0.85325 1.72326 2955.82 2909.21 0.477952 0.675496 0.705569 0.533777 737.25 1.50184 0.0324227 2414.13 0.924868 3.05657 0.0996691
741.616 1.20544 -2.37835 488.964 1.38458 -0.596071 966.442 912.327 0.414479 0.607628 0.685083 0.59482 862.68 1.53384 1.79438 1340.17 0.99427 0.591743 -0.0996691
1009.46 1.00266 -2.75535 622.73 -0.526186 -1.09792 1809.18 1673.11 0.649753 0.578896 0.471778 0.479042 879.402 1.03615 0.2259 1929.2 0.552625 2.73399 0.0996691
1435.85 0.180949 -3.11064 330.115 0.459586 1.28116 1152.55 1050.91 0.174915 0.46758 0.657739 0.652059 1118.95 -0.182438 0.132199 2062.86 0.760709 3.06117 0.0996691
1415.71 0.146576 -0.167229 436.694 -0.605142 2.04796 1544.63 1473.92 0.694583 0.584127 0.652508 0.631033 1015.19 -2.9432 0.00122213 2250.53 0.677104 2.77467 0.0996691
1850.36 0.186684 2.97351 968.851 0.508246 -0.320127 2826.72 1953.74 0.350806 0.252839 0.583905 0.724519 904.723 -0.0354087 0.111059 2877.3 0.585507 2.92406 0.0996691
1449.34 -0.540229 1.76114 1210.53 0.308947 -3.01422 2171.27 2144.61 0.109984 0.708942 0.588013 0.574909 1304.12 -0.884961 0.0926005 3888.94 0.335508 2.74116 0.0996691
2445.09 0.122365 -0.319865 1798.36 -0.591128 3.08306 4490.79 4318.23 0.551909 0.718195 0.414664 0.557277 600.778 1.89695 0.0706377 5079.42 0.33883 2.65747 0.0996691
1104.61 -0.168692 -1.45655 340.199 1.15791 -1.39894 888.284 880.402 0.294734 0.338973 0.299078 0.167791 1443.13 1.75507 0.00699687 2072.68 0.0198137 3.13585 0.0996691
1774.53 0.035094 0.115201 520.223 1.38192 3.13191 2387.08 2347.86 0.0145358 0.486945 0.340022 0.811987 1072.93 -2.92296 0.0112312 2451.64 0.821473 3.04914 0.0996691
1231.86 -0.98612 -1.11741 1030.62 -1.69706 1.09469 2182.97 2156.7 0.336647 0.346203 0.589763 0.68852 1503.23 -3.01035 0.0462832 3163.82 0.677111 2.71161 0.0996691
844.215 -2.00074 -1.79275 740.221 0.33114 0.302541 2680.72 2599.56 0.548176 0.490741 0.574796 0.837923 786.141 2.74514 0.013515 2080.45 0.822824 2.46348 0.0996691
2802.66 0.206346 2.98828 1611.08 0.0873249 -0.35826 4341.51 3847.17 0.703543 0.702967 0.557544 0.783805 1190.21 -0.758611 0.152143 5520.59 0.979766 2.38305 -0.0996691
1972.63 -0.331637 -2.15869 908.854 0.115116 1.35831 2844.99 1930.92 0.365881 0.445653 0.601116 0.450927 1082.85 0.743019 0.0408875 2989.53 0.82551 3.09668 0.0996691
1709.32 1.28714 0.0386747 1470.15 -0.369855 -2.5037 4222.84 4210.96 0.678123 0.501874 0.703277 0.523666 1299.08 1.37821 0.00811028 4934.52 0.516462 2.63683 0.0996691
1049.62 -1.15608 0.795893 387.442 1.58983 -2.8677 2671.85 2591.92 0.476983 0.658881 0.626665 0.791813 654.737 -2.09323 0.151214 1485.55 0.920341 3.04268 0.0996691
1531.07 -0.446551 2.06127 1314.57 0.539026 -0.449044 3074.61 3043.73 0.290333 0.78117 0.773656 0.835938 717.515 -2.05069 0.0245624 2966.58 0.863451 2.19944 0.0996691
1764.8 -0.135844 1.14295 648.091 -0.914873 0.0585331 1527.53 1240.59 0.220851 0.692913 0.719956 0.803802 1883.67 -2.27517 0.00502968 2643.41 0.355829 2.98662 0.0996691
2102.56 -0.0560812 -2.66486 928.141 -0.00850601 1.27723 2731.7 1971.3 0.627678 0.271957 0.595661 0.683332 977.635 0.0699945 0.0701216 3637.37 0.643562 2.80398 0.0996691
1157.06 -1.13291 0.36885 1028.82 -0.362316 2.38089 2048.37 2011.25 0.619989 0.687332 0.630978 0.645371 998.997 -1.35534 0.0297863 3745.94 0.799656 2.55637 0.0996691
1654.81 0.0156272 -0.0606035 1178.63 -1.33202 2.87428 3442.31 3425.68 0.381969 0.64367 0.466318 0.798793 913.369 -2.6546 0.0689211 3686.56 0.504412 2.97455 0.0996691
1561.88 -0.0948243 3.11597 -1 -1 -1 -1 1188.81 0.184011 -1 0.830606 -1 1311.16 -0.0168714 0.104176 1773.12 0.756743 3.02739 0.0996691
1335.83 0.586148 1.32624 429.579 0.56304 -1.88505 1529.24 1466.45 0.565651 0.777535 0.52305 0.877532 946.775 -1.76632 0.105826 1754.96 0.535252 3.08424 0.0996691
2127.14 0.83685 1.56454 2011.93 0.0228385 -2.12931 4365.33 4307.14 0.0557344 0.328412 0.520994 0.778381 1033.97 -0.325361 0.316401 4316.82 0.889951 2.20675 0.0996691
2650.16 0.0900289 0.622413 1790.82 0.460755 -2.63873 4471.89 3901.87 0.681507 0.343474 0.493351 0.731694 747.618 -2.44692 0.183095 4529.15 0.744487 2.88624 -0.0996691
2012.23 -1.31244 -0.394283 644.806 -0.365813 2.43465 2647.99 657.028 0.223635 0.690606 0.422331 0.722051 1073.62 2.53023 0.0901551 3317.98 0.221628 2.89543 0.0996691
1633.51 -0.286363 1.99796 680.838 -0.0310439 -1.09334 2158.48 2072.1 0.769699 0.420915 0.660151 0.796722 971.966 -1.20841 0.0943629 2281.04 0.436343 3.11405 0.0996691
2983.4 0.387883 2.54035 1065.86 -0.52647 -1.74509 3630.62 2946.06 0.100638 0.547119 0.192958 0.517756 2476.82 -0.26181 0.0168394 4234.65 0.896307 2.95816 0.0996691
1688.41 -0.738971 2.08327 1169.79 -0.898557 -0.880063 2921.5 2465.55 0.347433 0.245848 0.433339 0.756818 1366.57 -1.54434 0.0371718 3730.87 0.474324 3.0146 -0.0996691
2853.82 0.482525 0.912561 1416.89 0.714134 -2.16582 4190.26 2982.9 0.69145 0.234925 0.751785 0.645517 1386.25 -2.56622 0.00982738 4689.01 0.622125 2.79273 0.0996691
1834.94 0.614333 1.49567 1276.88 1.03118 -1.78122 3190.23 2514.07 0.198188 0.379634 0.752964 0.674439 1358.06 -1.24951 0.400149 3882.35 0.233969 2.67157 0.0996691
1275.32 0.653867 -2.99087 -1 -1 -1 -1 279.456 0.321263 -1 0.667033 -1 1241.68 -0.0318282 0.0735314 1549.5 0.795647 3.0338 0.0996691
1736.17 0.218358 1.88851 1617.15 -0.82931 -0.740041 3805.25 2130.22 0.244087 0.675389 0.490611 0.49908 1033.37 -0.80243 0.117697 4838.66 0.845097 2.80919 0.0996691
3270.37 -0.152191 -2.95833 1705.73 0.767639 1.00377 4896.45 4845.7 0.711478 0.668688 0.696171 0.480433 1323.18 -0.278434 0.206714 6020.33 0.576641 2.47143 -0.0996691
1849.52 0.483329 0.166003 1153.48 -0.635437 3.13337 3402.48 3328.37 0.394761 0.624402 0.527045 0.668801 754.147 -2.85095 0.298538 3094.51 0.233479 2.95832 0.0996691
1555.56 -1.07009 -0.829099 615.288 -0.862736 2.29353 2089.19 1521.36 0.753739 0.354867 0.86159 0.830988 929.821 2.32436 0.0140285 2128.94 0.60205 3.12184 0.0996691
1626.01 -0.506589 3.03883 419.789 -0.625462 -0.561338 1691.94 1275.22 0.375469 0.325718 0.369251 0.787684 1273.93 0.106497 0.0727877 2066.65 0.853386 3.00718 0.0996691
1525.8 0.453985 1.196 279.588 0.109026 -3.07482 1223.58 1021.06 0.567234 0.805715 0.694397 0.804514 1172.28 -1.81443 0.0364876 1967.73 0.822823 3.03788 0.0996691
1285.52 -0.445403 0.259497 535.395 0.602115 -2.66488 1954.88 394.211 0.310053 0.63351 0.711885 0.650199 733.304 -2.76206 0.106975 2418.05 0.118008 3.06341 0.0996691
1612.29 -0.034049 -0.33399 1402.33 -0.271835 -2.97461 2952.84 2923.7 0.402178 0.375559 0.331118 0.754946 720.45 1.705 0.0236793 3298.4 0.0415812 3.06137 0.0996691
2329.8 -0.112899 1.58612 1910.82 0.510334 -0.615986 4057.44 3990.22 0.0191412 0.600962 0.482748 0.569242 793.026 -2.44063 0.0541031 5322.04 0.899289 2.20238 -0.0996691
1358 0.617301 1.05798 1265.22 -0.0330396 -1.14749 2591.31 2297.13 0.310926 0.529693 0.608635 0.500019 1257.91 -2.57473 0.0609839 3476.87 0.350097 3.06387 0.0996691
1620.51 0.277836 -1.40361 1334.06 0.504386 1.48076 3005.4 2794.46 0.231838 0.3089 0.697541 0.602337 1080.5 -1.30689 0.0483589 4700.97 0.645721 2.9211 0.0996691
1525.99 1.02368 -0.287111 321.738 -0.143251 -2.93696 1676.92 363.09 0.281828 0.553936 0.641675 0.591185 1201.97 2.75067 0.574605 1921.34 0.723849 2.60931 0.0996691
1796.71 -0.400084 0.00516237 1437.88 0.111037 2.60342 3282.27 2068.97 0.78562 0.599287 0.68832 0.308357 1136.8 2.75987 0.0653956 4588.04 0.847036 2.693 -0.0996691
3150.46 0.383379 1.14142 1483.71 -0.0158336 -2.47934 4452.67 4095.26 0.0799113 0.182635 0.64633 0.515863 629.349 -2.23556 0.0438113 6051.6 0.640751 2.94981 0.0996691
1382.39 0.172088 -1.21884 382.777 -1.11386 1.76121 1838.46 413.496 0.195835 0.739121 0.65969 0.665399 1026.5 1.90767 0.126297 1784.39 0.488685 2.84294 0.0996691
2449.02 0.309768 2.72853 1505.31 0.240415 -0.829952 3845.49 3090.57 0.640465 0.222877 0.45161 0.786555 1443.05 -0.547601 0.052901 4875.36 0.686887 2.95446 0.0996691
2050.95 -0.065994 -2.9619 1346.05 -1.2697 -1.28084 3273.79 3212.89 0.119295 0.749333 0.272671 0.744485 672.832 1.26049 0.194348 5249.04 0.523937 2.35823 0.0996691
2675.03 0.398184 1.21469 1528.17 0.235649 -2.31535 4148.85 3205.39 0.252423 0.277586 0.661669 0.436176 1099.93 -1.6988 0.616574 4659.86 0.257686 2.6428 0.0996691
1872.45 0.898438 -2.47394 1036.39 -0.31533 0.891512 3355.29 2952.26 0.829884 0.518313 0.817009 0.489043 669.21 0.656955 0.191636 4202.61 0.846524 2.93717 0.0996691
784.085 -1.50698 -0.48932 454.797 0.34869 2.87284 1771.77 1504.05 0.173306 0.525694 0.641965 0.776069 707.73 2.77918 0.108181 1615.44 0.308264 2.95168 0.0996691
1488.58 -0.16069 -0.925958 796.142 1.66525 2.82766 3086.64 3014.96 0.423644 0.789358 0.659882 0.783121 790.329 1.80653 0.129011 2433.64 0.951518 2.60483 0.0996691
2548.56 -0.0869387 1.61286 2170.7 -0.298067 -1.28105 4754.7 4576.54 0.65677 0.361642 0.678678 0.656491 1579.47 -2.86904 1.09725 5740.96 0.55016 2.15211 -0.0996691
873.448 -0.903085 2.77128 795.694 -2.17595 0.546889 1896.39 1839.77 0.636038 0.459253 0.702766 0.720701 1198.47 -1.56478 0.156085 2236.22 0.933733 2.84405 0.0996691
1895.23 0.0202128 -1.73951 960.484 -0.35315 1.09536 2734.48 2671.15 0.377656 0.664173 0.374895 0.67872 1347.73 1.05677 0.0300907 3746.85 0.374162 2.82676 0.0996691
1066.6 -1.05801 2.9564 656.14 0.785007 1.70152 2068.53 1854.07 0.628629 0.440736 0.77013 0.400869 1164.83 -0.658636 0.0274713 2013.52 0.492587 2.89355 0.0996691
1776.97 -0.212389 2.56977 1656.23 -0.218337 1.26028 2094.51 2084.73 0.485034 0.443599 0.584932 0.514702 2228.51 -1.16998 0.515126 4043.89 0.955396 3.05906 -0.0996691
1557.71 -0.950116 -0.622547 1431.79 -0.304119 -2.03464 2194.91 2174.9 0.172924 0.487243 0.255367 0.428899 954.275 2.03603 0.0668905 4325.1 0.875032 3.08534 0.0996691
2057.98 -0.370389 -2.58146 1534.38 0.437345 1.10135 3746.39 3677.73 0.440899 0.512781 0.604571 0.579572 1090.53 -0.239686 0.0445825 3571.23 0.98096 2.3865 0.0996691
1291.81 -0.066276 2.71341 1104.94 1.02582 0.7519 2462.1 2317.14 0.492821 0.252157 0.710294 0.585762 998.685 -0.901324 0.105599 2928.58 0.890786 2.60426 0.0996691
787.181 -1.41632 -1.32885 340.725 1.02524 -0.513348 1661.1 1623.16 0.66359 0.591296 0.749026 0.592529 871.323 1.87035 0.885988 1342.03 0.705855 2.20531 0.0996691
1825.65 0.0931381 2.53468 651.807 0.693759 0.315482 2081.9 2064.34 0.469658 0.21457 0.411118 0.46993 1002.95 -0.732349 0.134587 3114.38 0.937541 2.8796 0.0996691
1584.23 -0.386436 -2.03008 532.669 -1.10311 0.791704 1985.14 1779.78 0.490328 0.791383 0.630034 0.810257 1277.25 1.35887 0.0869707 2291.68 0.447337 3.02911 0.0996691
1178.67 -0.414293 -0.212766 875.829 -0.684815 0.770409 1016.07 1002.72 0.378921 0.685787 0.515835 0.700139 1383.88 -3.02088 0.0805886 2694.09 0.492794 2.72753 -0.0996691
1690.92 -0.567718 1.75802 -1 -1 -1 -1 513.417 0.642136 -1 0.646267 -1 1680.03 -1.37563 0.0565928 1837.92 0.93472 3.07975 0.0996691
2592.78 -0.141729 -0.022842 2066.09 0.360725 2.94691 4928.56 3900.27 0.211074 0.368407 0.826206 0.646476 641.572 -2.80344 0.0574255 5130.07 0.0905887 2.98974 -0.0996691
1424.85 -0.973707 2.71286 481.024 0.0821041 -0.465371 1928.4 1773.4 0.450671 0.597215 0.469122 0.845362 727.596 -0.332969 0.0705596 2096.12 0.55537 3.11712 0.0996691
1276.28 1.19517 -1.16155 645.503 -1.15419 0.936213 3101.76 3051.62 0.225701 0.492429 0.541348 0.322043 1047 2.4998 0.00841451 1954.44 0.924168 2.61432 0.0996691
908.632 0.891347 1.16991 392.543 -0.28873 0.749013 801.997 770.288 0.600877 0.560258 0.338101 0.276711 1049.07 -2.10518 0.0117118 1483.78 0.6868 2.99393 0.0996691
1779.33 0.0551476 2.04312 1364.47 -0.55451 -0.842402 3298.09 3071.96 0.586887 0.339989 0.741324 0.623424 638.344 2.14641 0.0694041 4353.79 0.816184 3.05807 0.0996691
1398.02 0.174099 -1.21945 334.204 1.2149 2.89291 1481.89 1349.3 0.401965 0.622517 0.553484 0.550294 1211.67 1.69254 0.0846817 1720.09 0.967786 2.99809 0.0996691
1816.61 -0.480333 2.4596 1538.68 -0.678982 -0.721718 3397.81 3283.53 0.43363 0.411709 0.389065 0.644286 908.759 -1.03255 0.106664 4133.52 0.10924 3.06961 0.0996691
2262.24 0.19425 -0.989476 1708.87 0.339942 1.2856 3796.88 2644 0.0914439 0.554399 0.618462 0.323024 1297.07 3.06021 0.122718 4490.7 0.523713 2.52411 0.0996691
1590.71 0.204056 2.81964 1262.5 -0.506158 -1.17248 2805.07 2713.94 0.286112 0.420012 0.515283 0.520923 877.84 1.02445 0.0734752 3628.24 0.864453 2.27069 0.0996691
1396.61 1.14411 2.14044 -1 -1 -1 -1 820.816 0.54289 -1 0.756182 -1 1306.99 -1.01132 0.0347148 1475.75 0.866013 3.12603 0.0996691
810 0.681778 2.33436 -1 -1 -1 -1 623.635 0.621118 -1 0.770892 -1 638.187 -0.811291 0.111691 886.525 0.720978 3.04333 0.0996691
842.812 0.521587 0.802841 811.293 0.206322 -0.726171 1229.42 1486.33 0.547078 0.697619 0.740317 0.55939 757.914 -2.93475 0.00553703 3321.03 0.757013 2.67142 0.0996691
2159.89 -0.776139 1.2239 298.975 -0.0835858 -1.90955 2016.52 976.797 0.150963 0.861457 0.366709 0.564636 2052.26 -1.90924 0.0171629 2690.12 0.200754 3.12852 0.0996691
1043.69 -0.116189 -0.39295 1030.6 1.11377 -0.416218 1419.38 1319.05 0.495049 0.557726 0.818639 0.470619 1348.05 2.73768 0.0761874 2812.44 0.170709 3.05955 0.0996691
1942.99 -0.454244 1.99637 1482.13 -0.439161 -2.11275 3035.2 3016.55 0.0800029 0.512542 0.805037 0.609425 1593.82 -0.570235 0.0339699 3892.19 0.955476 2.60003 0.0996691
1749.92 0.158874 0.541462 1300.79 0.0692394 -2.30121 3004.47 2978.84 0.153137 0.151326 0.758842 0.757102 1055.1 -2.41545 0.11148 3775.4 0.209779 2.84547 0.0996691
1155.62 0.448811 -1.72873 319.116 1.9614 -2.30223 1197.73 364.377 0.241453 0.560699 0.573706 0.585068 1303.33 1.29664 0.0184765 1650.53 0.575968 3.11036 0.0996691
838.492 -0.410571 2.12074 -1 -1 -1 -1 630.556 0.605538 -1 0.576892 -1 699.144 -1.05925 0.0799227 971.481 0.708253 3.14119 0.0996691
2041.38 -0.0446294 2.39845 1853.85 -0.0577291 -0.767996 3933.52 3783.08 0.675816 0.459789 0.717284 0.649444 1002.58 0.978794 0.0311687 6203.9 0.42291 2.9526 0.0996691
1414.3 0.383633 2.92624 786.076 -0.0360648 0.101967 2180.55 1670.7 0.121231 0.628395 0.849427 0.662356 604.047 0.197108 0.0892135 2646.72 0.262468 2.84218 0.0996691
2369.35 0.0545627 2.31664 986.451 0.79879 0.647871 2578.74 2471.45 0.321426 0.674232 0.671149 0.446375 1512.95 -1.49516 0.0334243 4555.08 0.691224 2.50562 0.0996691
3035.34 0.193639 0.899689 1888.42 1.01861 -1.17484 4610.58 4586.58 0.0128486 0.395577 0.589818 0.646075 1965.96 -2.2676 1.09347 6237.72 0.547917 2.07381 -0.0996691
3143.46 -0.330053 -2.28252 2178.3 0.131995 0.640845 5573.07 5020.12 0.31067 0.40311 0.651938 0.705025 1168.4 0.267065 0.377079 6783.03 0.981168 2.40709 0.0996691
2346.87 0.720014 -2.7069 928.877 -0.0361728 0.34749 3212.63 2953.01 0.415497 0.781265 0.175435 0.7366 1150.65 0.806192 0.422415 3902.48 0.472991 3.08628 0.0996691
1655.67 -1.12451 -1.27601 1301.73 1.05192 0.612076 4545.02 4518.85 0.481492 0.118269 0.588662 0.812451 1583.49 2.8559 0.0477192 3463.66 0.821829 2.2913 0.0996691
1795.5 0.437507 2.21576 1037.09 0.341774 -0.825504 2774.98 2341.68 0.673638 0.347636 0.661324 0.615791 794.344 -0.76355 0.159826 3469.78 0.406401 3.14061 -0.0996691
1604.62 1.47508 0.454849 1330.44 0.951688 2.75638 2823.4 2761.03 0.538285 0.563514 0.619024 0.716739 797.423 -3.07295 0.0129313 4128.74 0.976039 2.74188 0.0996691
1240.08 0.0872245 -1.4738 -1 -1 -1 -1 1177.24 0.480962 -1 0.692495 -1 993.58 1.63278 0.192665 1469.11 0.689345 2.98362 0.0996691
1012.69 0.344563 -2.82126 765.672 -0.897365 2.20777 1597.07 1441.02 0.195048 0.623621 0.595 0.826338 1546.54 -0.358848 0.0179462 2305.82 0.322159 3.00456 -0.0996691
1954.92 -0.298279 -2.62997 1717.12 -0.323992 1.46408 3262.13 3250.88 0.211492 0.426801 0.204747 0.644756 1457.12 -0.492794 0.166895 3921.38 0.968512 1.97028 0.0996691
1720.83 1.32524 2.69366 1310.87 -0.401526 -0.14398 4173.18 4155.62 0.684874 0 0.60514 -1 986.032 -0.183067 0.0388853 4522.14 0.199383 2.8403 -0.0996691
1350.43 0.613997 -0.934533 1163.69 -1.00133 1.70806 3349.97 3079.46 0.594781 0.605642 0.674282 0.725285 780.565 -0.685872 0.132987 4037.94 0.813469 3.06643 -0.0996691
2295.23 -0.145671 3.07232 2089.28 0.227365 1.16869 3686.95 3603.16 0.449858 0.553406 0.725616 0.614494 1199.15 -0.882113 0.0656812 5681.33 0.847335 2.26199 -0.0996691
2150.41 -0.155419 1.19989 1197.04 0.378046 0.0563125 1973.01 1912.6 0.762572 0.419213 0.774812 0.724203 982.097 -2.19171 0.0774033 5246.33 0.492766 2.81006 -0.0996691
718.331 0.302925 2.56511 -1 -1 -1 -1 430.86 0.607993 -1 0.731003 -1 631.171 -0.618543 0.0778276 766.853 0.842241 3.01778 0.0996691
1208.96 0.328797 -2.89607 1077.35 -1.44495 2.0803 2731.42 2443.81 0.582151 0.575151 0.624223 0.777111 1515.73 -0.455594 0.0953262 3394.48 0.207949 2.80731 0.0996691
1226.72 0.75078 -1.43853 -1 -1 -1 -1 300.069 0.113998 -1 0.579808 -1 1028.91 1.74002 0.0686091 1529.24 0.723504 3.05831 0.0996691
1693.21 0.905188 0.851584 640.56 0.232995 -2.21003 2244.91 2186.03 0.381444 0.541558 0.775187 0.592923 1038.16 -2.3806 0.180206 2316.58 0.449366 3.0593 0.0996691
2827.38 0.766279 -1.06688 1819.35 0.465531 2.16147 4616.63 4443.07 0.489435 0.608473 0.692917 0.445294 872.536 2.85744 0.185002 5567.16 0.94059 2.54551 0.0996691
2911.82 0.0909665 0.261198 1684.23 0.405863 -2.48507 4405.28 4404.58 0.0825 0.408515 0 0.47564 1503.36 -2.28433 0.200738 5994.66 0.327197 2.7464 0.0996691
1313.93 0.205785 1.54143 982.347 -0.849042 2.85743 1901.69 1820.05 0.566018 0.687958 0.692542 0.635865 1201.1 -0.732145 0.0770991 3044.18 0.573217 3.02607 0.0996691
697.51 -0.797626 2.67852 -1 -1 -1 -1 414.972 0.782428 -1 0.769102 -1 704.641 -0.462805 0.0359365 770.035 0.844059 3.10457 0.0996691
1066.25 0.519464 1.68232 961.714 -0.533692 -0.458102 2113.85 2089.28 0.353607 0.57418 0.374324 0.649644 1805.59 -1.50118 1.05096 3541.06 0.585311 2.10419 0.0996691
2636.67 -0.125511 0.629861 2280.93 -0.27169 -1.81434 4677.74 4481.09 0.245977 0.214256 0.680369 0.449512 744.969 2.8297 0.00194049 5903.63 0.982683 2.22494 0.0996691
3012.34 0.330522 -1.15763 2057.32 -0.665851 1.68722 5616.21 5578.93 0.297779 0.380001 0.607991 0.518651 700.247 2.51396 0.0241532 5492.43 0.760272 2.63565 0.0996691
1743.62 0.388774 -0.797739 1279.73 -0.974791 1.89407 3674.12 3560.47 0.321488 0.49406 0.721513 0.198714 715.712 2.94668 0.901699 3217.18 0.904254 1.6619 0.0996691
1793.51 0.362213 2.47836 456.136 1.88809 -1.24521 2305.78 2283.97 0 0.418959 -1 0.810379 1007.21 -0.690242 0.107965 2764.96 0.863262 3.06085 -0.0996691
1461.14 0.0897896 2.5824 1245.14 0.498021 1.30748 1776.77 3074.17 0.396076 0.145802 0.664546 0.490696 1207.87 -1.72491 0.0774128 4674.37 0.133187 2.94313 -0.0996691
703.512 1.9285 1.24746 583.489 2.00453 -0.720298 1130.41 1363.82 0.713406 0.198484 0.748727 0.780384 859.579 2.72438 0.103246 2120.73 0.264141 2.65074 0.0996691
2391.47 -0.728084 -0.480523 1520.86 0.374026 1.22637 3635.51 3604.15 0.390966 0.0817105 0.394675 0.563866 2243.65 -3.07608 0.111022 4329.46 0.96678 2.48542 0.0996691
1921.25 -0.250082 1.86187 1916.52 0.191373 -0.674428 3879.21 3415.43 0.276879 0.646316 0.757375 0.695347 886.916 -1.64986 0.978656 4833.34 0.971292 2.03897 0.0996691
1235.63 0.467722 -1.99508 -1 -1 -1 -1 796.106 0.22868 -1 0.36951 -1 1034.52 0.929131 0.199368 1682.91 0.837415 3.12561 0.0996691
1493.01 -0.755729 2.18184 1282.68 -0.401973 -0.821567 2850.95 2751.28 0.160155 0.664291 0.389741 0.717672 1259.77 -1.11745 0.274251 3775.38 0.134338 2.96906 0.0996691
1688.47 -0.415433 0.493533 691.264 0.365518 -0.634759 1476.73 1380.99 0.474187 0.631105 0.777565 0.424016 1723.95 -3.04148 0.103063 3215.21 0.239265 2.90568 0.0996691
876.854 1.44087 -0.192557 -1 -1 -1 -1 798.159 0.565807 -1 0.541147 -1 634.77 2.97617 0.375839 1133.83 0.601366 2.78709 0.0996691
1319.24 -0.425436 -0.179467 -1 -1 -1 -1 1347.21 0.250373 -1 0.614278 -1 1385.44 2.95512 0.188273 1527.26 0.929263 2.90651 0.0996691
1676.28 -0.163216 -2.66454 1647.81 0.440304 -0.25183 3329.47 2528.57 0.568997 0.624458 0.482819 0.422205 918.857 3.13877 0.0375429 4858.95 0.785696 2.85504 0.0996691
1102.11 1.18026 -0.348369 751.001 -0.787534 0.821027 2383.63 1707.31 0.163152 0.559421 0.604369 0.620926 824.31 -2.64003 0.189791 3000.35 0.207676 3.0395 0.0996691
1265.98 -0.111253 2.71349 627.373 -1.19924 -0.314206 2157.06 1262.51 0.411844 0.620624 0.541346 0.767149 644.025 -0.487966 0.0949566 1920.44 0.210136 2.83988 0.0996691
1687.29 0.125225 -2.1641 1445.46 -0.174339 2.84742 1944.95 1916.25 0.0122252 0.362255 0 0.618251 1281.57 0.670327 0.0590897 4776.58 0.448376 2.89352 0.0996691
2945.37 0.208077 0.126867 1898.7 0.18527 2.92329 4725.01 4666.27 0.0712368 0.627181 0.760667 0.557019 1243.99 -2.64383 0.723605 4804.57 0.279445 2.78925 0.0996691
1611.58 0.390196 1.40391 379.466 -0.684213 -1.63989 1902.59 459.216 0.3245 0.55305 0.384904 0.637303 1300.06 -1.6603 0.018488 2109.95 0.205191 3.04177 0.0996691
2221.94 -0.36932 1.61424 1480.51 -0.447168 0.00866976 2735.01 3163.4 0.418352 0.101324 0.544101 0.482365 649.542 -2.07427 0.123856 5727.25 0.960003 3.08376 0.0996691
1063.24 0.501947 -2.42852 886.519 -1.12954 1.33591 2583.95 2458.58 0.723956 0.357128 0.639075 0.68254 629.475 0.0435424 0.0889197 2496.6 0.250353 2.74652 0.0996691
1560.13 0.137423 0.827819 1377.56 -0.571593 -1.12035 2706.43 2478.39 0.615683 0.752642 0.682205 0.599133 1779.99 2.63001 0.079427 4090.6 0.765049 2.61159 0.0996691
1504.34 -0.380527 2.67839 1114.92 0.162844 0.0424557 2626.39 2550.19 0.313183 0.803269 0.596285 0.741203 645.62 -0.776376 0.823138 2974.82 0.295621 2.61583 0.0996691
1763.81 -0.359879 -1.05289 1676.11 -0.372893 1.61032 3468.03 2418.8 0.0920135 0.726915 0.589711 0.801979 720.496 3.089 0.0765556 3782.47 0.574171 2.92672 -0.0996691
1494.26 -0.442593 2.38922 595.776 1.07343 -0.778534 2540.53 445.405 0.101098 0.620011 0.535789 0.62272 612.828 -1.15195 0.145157 2771.01 0.880146 3.08055 -0.0996691
1259.6 -1.36987 0.14741 1110.16 0.380774 2.18153 3098.43 3079.1 0.150843 0.501323 0.234985 0.731587 1566.6 -2.12158 0.0181587 3021.1 0.415825 2.97561 0.0996691
1613.38 0.752638 2.02656 1564.45 0.911916 -2.94164 1988.14 1955.18 0.344171 0.578106 0.470951 0.302711 1035.57 -0.293027 0.0908645 4659.31 0.482863 3.05484 0.0996691
1916.83 -0.0838385 -1.12711 1622.97 0.41946 0.0282844 2377.86 1508.41 0.602081 0.167257 0.681337 0.633733 1962.86 2.58373 0.287111 4588.98 0.526048 3.00568 0.0996691
1546.96 0.48343 1.03878 974.729 0.0877974 -0.0525098 1395.17 1359.66 0.512 0.588519 0.658485 0.334834 970.463 -2.18856 0.0118899 3907.83 0.806019 3.05205 0.0996691
1648.94 -0.11458 2.37829 991.765 -1.37167 -1.44161 2976.85 2860.22 0.601894 0.598174 0.835165 0.571281 624.957 -0.371727 0.0381787 3027.39 0.843323 2.71153 -0.0996691
1500.96 -0.295558 2.75696 1478.24 -0.446966 -1.81634 2279.33 2221.64 0.703948 0.442088 0.668165 0.655526 1129.64 -0.187559 0.0931117 4319.1 0.819226 3.03747 -0.0996691
2743.64 -0.547847 -0.20925 2075.24 -0.0667237 2.11117 4663.66 4076.45 0.596052 0.712322 0.658021 0.651699 1522.56 -2.41953 0.00144649 5405.07 0.835909 2.92244 0.0996691
2308.51 -0.290881 -1.57594 693.52 0.704908 1.83611 2836.33 2818.1 0.121043 0.447456 0.679142 0.490513 1145.15 1.47287 0.0385534 3436.7 0.677327 3.00953 0.0996691
1500.35 -0.45287 -0.398887 387.406 2.25887 2.29289 3144.73 2974.58 0.655191 0.646437 0.652148 0.80701 829.586 2.87885 0.0662034 2148.55 0.665858 3.07439 0.0996691
1397.33 0.997587 2.49827 1271.01 1.03901 -1.43516 2492.03 2425.89 0.681044 0.661148 0.539622 0.512885 1026.24 0.474463 0.794682 2962.4 0.935389 1.23702 0.0996691
1756 0.247541 1.56779 1370.98 -0.292619 -3.12322 2381.37 2377.83 0.466363 0.250765 0.530861 0.718046 1661.5 -0.933683 0.186326 3694.68 0.688868 2.31552 0.0996691
930.059 1.00319 2.28316 -1 -1 -1 -1 617.706 0.748248 -1 0.600741 -1 742.659 -0.740094 0.0428027 1144.25 0.806404 3.04037 0.0996691
1818.58 -0.578516 2.35189 1317.24 0.30352 0.51872 2851.55 2799.8 0.660746 0.419194 0.678499 0.500565 1383.73 -2.07017 0.0359013 4254.1 0.826724 2.62909 -0.0996691
2759.4 -0.827843 -1.47439 1756.33 0.14704 1.18299 5007.88 3876.02 0.065901 0.619789 0.453368 0.7046 1461.88 2.32864 1.15068 4594.55 0.98036 2.11022 0.0996691
2381.61 0.504925 1.82048 821.748 0.145483 -1.35141 3028.04 850.975 0.0548186 0.541903 0.631989 0.765134 1291.46 -1.27194 0.0800763 3571.12 0.258927 2.73344 -0.0996691
1512.35 -0.0901647 -2.18043 291.154 -0.752784 1.80104 1333.56 1277.31 0.552836 0.627315 0.398214 0.647883 1079.14 0.800936 0.0734424 2024.95 0.728205 3.05603 0.0996691
1763.57 0.397226 2.12699 1622.12 -0.651367 -2.70061 2927.99 2895.76 0.534759 0.34922 0.584207 0.559936 785.876 0.0338435 0.0642084 5563.89 0.934135 3.05222 0.0996691
1329.46 0.334358 -1.83006 411.436 -0.921013 1.48742 1798.49 1679.07 0.593069 0.731759 0.706583 0.814138 900.787 1.22057 0.244233 1716.01 0.533584 2.97643 0.0996691
1453.36 0.3551 -0.0783983 770.594 -0.702288 2.82959 2420.81 2364.34 0.398327 0.547729 0.710411 0.731234 695.411 -3.02265 0.118405 2214.34 0.964274 3.06143 0.0996691
906.32 -0.442763 2.61066 325.785 1.1821 -0.672159 1469.8 1410.67 0.289223 0.556265 0.447405 0.772872 643.253 -0.139623 0.541038 1491.04 0.49259 2.99483 0.0996691
1050.05 1.10092 1.50156 992.234 -0.709891 3.13318 2599.92 2522.32 0.361002 0.487331 0.786975 0.496438 1470.91 -1.10023 0.159465 2749.96 0.532925 2.81881 -0.0996691
977.941 0.305412 2.52535 -1 -1 -1 -1 493.512 0.63471 -1 0.738139 -1 911.798 -0.626 0.0783455 1007.18 0.901148 3.07824 0.0996691
1609.68 0.733587 1.04132 1379.61 0.965058 2.56951 2508.11 2448.3 0.630558 0.458699 0.364744 0.598476 749.435 -1.21615 0.0787286 4882.08 0.925226 3.03515 0.0996691
1375.46 0.89992 0.484388 391.507 -0.0363891 -2.90475 1657.49 1620.65 0.622742 0.485484 0.365135 0.42317 837.12 -2.82701 0.0783784 2069.69 0.557931 2.88358 0.0996691
853.965 -0.75819 -0.847976 -1 -1 -1 -1 465.733 0.153837 -1 0.740998 -1 797.02 2.30285 0.172032 875.444 0.9085 2.95653 0.0996691
1858.62 -1.05823 2.82301 1089.19 0.36389 2.78304 2212.8 2197.21 0.149213 0.415207 0.585559 0.662275 2109 -0.599726 0.167086 3999.45 0.955727 3.06476 0.0996691
1803.52 0.436949 -0.560342 981.82 -0.353789 3.04792 2919.18 2295.29 0.410122 0.556656 0.786429 0.687111 992.702 2.20335 0.841034 2789.31 0.894595 2.25183 0.0996691
2643.51 -0.3188 -0.166364 1778.13 -0.30676 -2.87891 4460.37 3387.29 0.671008 0.173128 0.795501 0.693126 673.851 -2.65478 0.0862606 5603.72 0.549164 2.40375 0.0996691
806.486 1.5677 -0.564859 -1 -1 -1 -1 531.451 0.492957 -1 0.842825 -1 724.264 2.61898 0.283725 860.495 0.812146 2.82195 0.0996691
1618.45 -0.294961 -2.16648 973.588 -0.460662 1.16407 2548.12 3290.43 0.479177 0.167901 0.71993 0.79669 954.364 -0.455128 0.671879 3581.76 0.890148 1.8021 -0.0996691
1705.21 0.0405763 0.0865149 1349.97 -0.361834 -2.66816 3110.28 2650.12 0.459627 0.183353 0.45793 0.667392 619.842 -2.49703 0.253499 3880.48 0.730072 2.33207 -0.0996691
1335.98 0.150331 -3.06256 340.991 0.0362025 0.10077 1399.55 1283.82 0.604946 0.401602 0.740071 0.476336 1052.11 0.0296622 0.0563341 1674.56 0.581222 3.12021 0.0996691
1764.91 0.486262 -1.99494 1553.89 0.294932 0.200395 2965.9 2963.67 0.459484 0.604938 0.224112 0.484758 786.254 1.95769 0.132402 4379.63 0.592079 2.50184 -0.0996691
1273.79 -1.19361 -3.05996 -1 -1 -1 -1 540.686 0.142812 -1 0.420936 -1 1323.91 0.0509706 0.145765 1427.75 0.964534 3.05645 0.0996691
3208.94 0.361828 0.948023 2408.66 -0.520932 -1.23557 5562.24 5499.9 0.587602 0.567284 0.741063 0.573 685.221 -2.64265 0.112834 7840.39 0.49942 2.58253 0.0996691
2155.12 0.0612231 2.34524 2073.97 0.257527 -0.636104 4315.21 4041.86 0.327353 0.380695 0 0.705719 948.846 0.0440328 0.0372136 5507.88 0.097921 3.03936 0.0996691
1055.08 -1.63958 0.496734 754.654 1.10187 -1.94378 3723.63 4114.82 0.59023 0.743389 0.627007 0.712335 1149.2 2.56588 0.565359 2700.91 0.624145 2.40105 0.0996691
710.293 -0.90451 -0.763485 458.336 0.0499094 -2.80729 1151.54 1066.68 0.674725 0.200023 0.646811 0.718556 666.764 2.31688 1.00268 1535.78 0.935369 2.08634 0.0996691
2336.78 0.412345 2.62071 1784.86 -0.398765 -2.02227 3712.96 2949.92 0.353081 0.587317 0.392106 0.353756 2696.17 0.171379 0.0242244 4278.69 0.798008 2.52591 -0.0996691
1504.51 -1.25418 -2.49355 986.073 0.207929 0.614031 3226.81 2266.81 0.354511 0.207649 0.582574 0.518972 600.844 0.704339 0.0899799 2653.57 0.13026 2.88808 0.0996691
2337.31 -0.697614 -1.13427 1736.88 -0.52511 2.85983 3773.13 3397.43 0.0740707 0.526883 0.254751 0.71529 628.724 1.88052 0.164606 5336.55 0.818124 3.02857 0.0996691
2521.73 0.127876 1.262 1516.25 0.826356 -2.25088 4117.63 3998.9 0.468569 0.526309 0.752696 0.646033 817.856 -1.14438 0.0816628 5397.33 0.625292 2.32365 0.0996691
2231.63 0.825126 1.8756 1393.68 -0.337731 -1.05426 4201.38 2286.23 0.718986 0.199219 0.708562 0.778605 978.693 -1.0987 0.0347421 5431.04 0.475375 3.00951 0.0996691
1277.32 -0.466468 2.20671 391.07 -1.63677 2.80658 1006.56 971.215 0.0737299 0.578599 0.202165 0.818193 1421.16 -0.679508 0.0544648 2092.76 0.678821 2.83227 0.0996691
2716.03 -0.00448705 2.20474 715.182 -1.31927 -2.00413 3280.99 820.341 0.211655 0.586137 0.639705 0.647311 2279.26 -0.699067 0.0335559 3556.11 0.648122 2.99617 0.0996691
2502.33 0.567718 2.89633 2357.26 -0.373238 0.170951 5347.31 5283.81 0.369719 0.215834 0.359941 0.61715 601.978 -0.148849 0.304354 5945.95 0.977149 2.74117 -0.0996691
2170.87 0.130024 -2.02062 1280.51 -0.0582308 0.909994 3421.76 1807.09 0.39387 0.035143 0.678332 0.594086 1598.96 0.492592 0.151207 4715.13 0.548258 2.70622 0.0996691
1961.86 0.398835 -1.32032 1878.39 -0.921426 2.07691 4902.05 3427.01 0.287135 0.640623 0.715251 0.681722 661.791 -1.56604 0.0558683 4923.09 0.867391 3.10275 0.0996691
2016.27 0.253941 -2.31075 798.482 -0.309444 0.737317 2819.16 821.434 0.0392153 0.544042 0.42475 0.733009 1187.98 0.810978 0.0775479 3016.44 0.202246 2.83927 0.0996691
2351.72 0.904854 -0.288926 1101.87 -0.602824 3.11819 4368.35 2919.8 0.333038 0.359067 0.636288 0.602146 1167.88 2.6627 0.226569 3643.5 0.73914 2.74502 0.0996691
1247.74 0.363888 0.303788 422.207 -1.28858 -2.83376 2000.94 1686.01 0.727398 0.603716 0.676521 0.634368 711.927 -2.73225 0.142066 1778.94 0.567095 3.09359 0.0996691
848.188 0.17044 0.723404 -1 -1 -1 -1 694.206 0.793736 -1 0.675333 -1 766.172 -2.3944 0.0767481 935.184 0.752037 3.02888 0.0996691
1450.43 0.591479 -1.63432 758.125 -1.12313 0.450815 2732.58 2648.29 0.063829 0.594027 0.546873 0.725598 1250.74 2.14588 0.00728345 2639.86 0.23285 2.73238 0.0996691
1232.27 -0.38725 1.61858 -1 -1 -1 -1 667.933 0.612372 -1 0.405122 -1 1157.89 -1.43926 0.449449 1349.36 0.856756 2.751 0.0996691
710.995 0.90952 -1.86954 -1 -1 -1 -1 378.557 0.577904 -1 0.577669 -1 617.544 1.25199 0.140883 810.593 0.930138 2.99603 0.0996691
1556.7 0.874855 -1.60082 562.268 -0.170843 1.61511 2301.1 715.717 0.068977 0.688519 0.71104 0.586736 986.723 1.54316 0.0653337 2081.02 0.231124 3.10532 0.0996691
894.58 -1.01089 -0.196296 438.702 -0.855221 2.89427 1384.97 866.829 0.463764 0.602372 0.817183 0.498494 837.203 2.92793 0.0182815 1743.17 0.890817 2.94448 -0.0996691
2167.29 0.230072 0.293081 1397.87 -0.00673386 -2.81565 3563.47 3363.04 0.752686 0.454256 0.754238 0.492384 687.087 -2.84034 0.01705 3588.81 0.251764 3.11731 0.0996691
1221.44 -0.631187 -2.47254 831.755 -0.0203488 -0.92099 1605.22 1006.51 0.230529 0.200282 0.546693 0.692466 1028.73 0.959072 0.375988 2786.51 0.69235 3.0422 0.0996691
1895.85 -0.152526 -0.692375 1805.71 -0.339875 2.91227 3628.52 3577.36 0.385139 0.631157 0.594328 0.598253 770.181 2.74974 0.163367 4758.76 0.233615 2.67276 -0.0996691
1035.16 0.763544 -0.915299 994.592 -1.73038 -2.9193 3680.89 2848.97 0.355872 0.253507 0.416922 0.283371 773.712 1.01464 0.147098 2540.4 0.630665 2.51156 0.0996691
1191.99 1.7285 -0.149652 1017.02 0.326763 0.4932 1855.43 1772.65 0.461728 0.467165 0.722372 0.455924 1983.39 -2.91842 0.89472 2367.3 0.823559 1.99118 0.0996691
1187.6 -0.814337 2.0823 594.598 0.0909422 -3.04737 1231.51 1195.4 0.409815 0.436116 0.636252 0.544198 1374.27 -0.727538 0.305992 1869.04 0.838202 2.49706 0.0996691
1978.72 0.659302 -1.48096 1801.92 0.377505 1.1143 3845.48 2834.09 0.335006 0.17093 0.0417066 0.241671 614.424 1.41381 0.165136 5091.39 0.470312 3.0599 -0.0996691
1023.86 0.0508976 -1.85971 -1 -1 -1 -1 1803.47 0.324274 -1 0.573753 -1 725.898 1.19375 0.0545908 1373.25 0.797696 3.13785 0.0996691
1720.25 1.06548 -0.472126 627.593 -0.435632 -2.57734 2497.22 2465.03 0.1823 0.627306 0.652643 0.574742 1527.85 2.37963 0.152121 2515.57 0.973774 3.00577 0.0996691
1337.82 0.666873 1.72727 -1 -1 -1 -1 984.767 0.513631 -1 0.574814 -1 1184.85 -1.44987 0.385671 1639.3 0.76627 2.78999 0.0996691
1429.92 0.975331 -2.76442 660.796 1.26264 -1.03114 1525.14 1494.27 0.629849 0.626643 0.659456 0.706613 733.729 1.08129 0.332486 2777.26 0.793493 2.91345 -0.0996691
1697.79 0.302437 -2.29843 890.62 0.277443 0.591517 2591.95 1875.31 0.257524 0.172433 0.604112 0.853368 828.565 1.05386 0.0455979 2678.94 0.532217 2.98144 0.0996691
1314.57 0.824149 -0.652451 303.11 0.928764 2.87918 1255.53 1213.7 0.442433 0.631383 0.747031 0.718323 1181.49 2.5829 0.289052 1837.51 0.645148 2.74831 0.0996691
1738.55 -0.528382 0.586317 934.756 0.92676 -1.60983 3066.33 3049.35 0.397083 0.134312 0.595305 0.318 1452.08 -3.13579 0.184947 2691.74 0.967287 2.3752 0.0996691
2039.43 0.148032 -2.42701 965.557 -1.02655 1.28565 3341.47 550.482 0.282773 0.566739 0.619375 0.80251 1238.01 0.32693 0.100321 3136.31 0.890024 2.92522 0.0996691
1379.1 -0.928637 -2.67098 -1 -1 -1 -1 1052.19 0.50299 -1 0.380971 -1 1122.85 0.48632 0.0829608 1747.85 0.834618 3.01089 0.0996691
1308.05 -0.715933 -1.63932 1153.81 -0.363888 2.53184 2189.77 2157.71 0.229365 0.784365 0.341245 0.7089 648.297 1.37239 0.0188009 3480.7 0.576458 3.012 0.0996691
1411.29 0.133282 0.998106 1039.59 0.251909 -1.93408 2591.81 1782.4 0.0979597 0.260647 0.270721 0.813871 829.887 -2.24438 0.0839117 4201.85 0.937735 2.87719 0.0996691
757.56 -0.228479 0.585036 651.845 1.3172 0.419899 1237.4 1194.6 0.612608 0.166295 0.650103 0.670434 1055.07 -2.58793 0.00887823 1863.79 0.321266 3.08227 0.0996691
2522.81 0.779768 0.606775 1892.41 0.188389 -2.90539 4705.37 3509.11 0.688028 0.260953 0.747021 0.589863 937.995 -2.72124 0.0699794 5301.76 0.370527 2.88404 0.0996691
2680.29 -0.465765 -2.36782 1120.66 1.12502 0.369635 4579.84 4488.22 0.744398 0.454079 0.746997 0.448132 1085.96 0.409732 0.0398471 5046.96 0.962751 2.86335 0.0996691
1749.59 -0.462034 -1.34708 733.122 0.76951 1.19731 2646.12 2575.47 0.50314 0.466197 0.323996 0.598593 1066.8 2.10987 0.0141811 2805.59 0.395488 3.10662 0.0996691
2537.66 -0.0587576 -1.30862 2422.64 -0.102074 1.68702 5213.39 4451.42 0.355712 0.278538 0.520549 0.556343 642.216 -2.09722 0.77745 5778.16 0.740285 2.21096 0.0996691
1280.02 -0.809714 0.123115 903.032 -0.874134 -1.24554 1439.21 1355.52 0.600975 0.569176 0.754248 0.444545 786.855 2.82105 0.926807 2285.26 0.714123 2.51941 -0.0996691
845.902 -0.35462 -2.12858 -1 -1 -1 -1 128.864 0.617062 -1 0.518011 -1 814.476 1.06888 0.0593085 920.781 0.862549 3.11762 0.0996691
1728.72 -0.0728611 -1.46055 1405.65 1.59461 2.83994 3969.84 2735.75 0.0318054 0.0837832 0.65387 0.734288 1016.36 0.897445 0.150681 3829.3 0.594483 2.20711 0.0996691
1848.74 -0.267432 -1.34859 1430.03 -0.174 2.32065 3239.57 1742.65 0.605357 0.280806 0.718079 0.481968 1537.95 2.12693 0.0154743 4652.86 0.722207 2.82397 -0.0996691
1960.41 -0.658938 2.02057 1290.73 -1.24208 -2.1635 2938.99 2864.4 0.703073 0.582686 0.625196 0.65701 2152.48 -0.549604 0.0625433 4690.44 0.612492 3.06991 0.0996691
1765.47 -0.688398 -1.54161 1111.59 -0.364006 1.36677 2826.07 2801.12 0.628146 0.550069 0.636032 0.577412 600.942 0.807571 0.111668 3831.29 0.932606 2.46119 0.0996691
1758.74 -0.467851 1.58161 1313.71 0.595521 -1.30593 3594.2 2531.15 0.14221 0.102748 0.438698 0.55678 669.472 1.6261 0.214319 4405.21 0.186104 2.78425 -0.0996691
941.636 0.897404 1.72324 418.295 -0.427497 2.13439 948.597 897.464 0.639124 0.747808 0.650572 0.71766 1012.93 -1.30108 0.0441259 1648.9 0.487165 2.97689 0.0996691
1518.07 -0.00910102 2.96511 280.799 1.31623 1.19551 1394.06 1318.52 0.315084 0.651939 0.180913 0.798965 1412.5 -0.34231 0.0271568 1823.79 0.934599 2.94801 0.0996691
2110.54 -0.375224 -1.55832 1022.64 0.161118 1.5958 3147.25 2286.78 0.387753 0.586058 0.707347 0.787714 1365.5 1.53769 0.0577449 4302.29 0.915482 3.10819 -0.0996691
2448.14 0.481174 0.442766 1194.39 -0.539541 -2.75312 4054.18 2708.02 0.0909062 0.252728 0.481191 0.635814 803.731 -2.42818 0.0766122 4265.28 0.687469 2.79716 0.0996691
2323.84 -0.0354846 -0.930216 906.787 0.594719 1.80348 3034.13 2811.28 0.226268 0 0.673512 -1 1073.63 2.37148 0.0936272 3646.85 0.669946 3.11957 0.0996691
1739.89 -0.0339135 -1.00089 1675.71 -0.597042 -2.55631 2607.03 2599.68 0.358618 0.224328 0.610326 0.649994 682.357 1.43476 0.0221524 4868.13 0.970766 2.45929 0.0996691
1708.9 -0.413601 1.54265 1224.78 0.0937008 -2.42811 2796.02 2708.88 0.497582 0.279656 0.556152 0.252899 1183.05 -0.593766 0.626756 3507.8 0.489351 2.38749 0.0996691
820.599 0.502875 -0.764275 772.559 0.00958779 2.04748 1641.87 1562.22 0.469783 0.757855 0.0822332 0.727452 1319.7 2.0632 0.00641847 2863.59 0.0562255 3.03247 0.0996691
1954.3 0.526037 -1.77456 965.589 -0.621851 1.86239 3341.11 921.009 0.00951958 0.44425 0.721335 0.223384 1171.69 0.963941 0.54296 3151.51 0.950744 2.60987 0.0996691
2400.79 -0.987446 -2.02272 1578.81 -0.723381 1.14715 4117.95 3438.71 0.39389 0.168395 0.546004 0.664851 1050.82 0.925881 0.0222985 4880.33 0.340991 2.92561 0.0996691
1954.27 -0.132765 -1.65924 1434.53 1.50865 -2.86177 4062.82 3991.5 0.158312 0.447258 0.679473 0.75785 979.189 0.933631 0.00912231 4811.59 0.952671 3.0358 0.0996691
1483.61 -1.18919 -0.963304 1450.15 0.534798 1.61403 4025.83 3928.64 0.318741 0.657365 0.689666 0.690883 741.773 -2.88024 0.265646 3128.36 0.641585 1.97259 0.0996691
1934.97 -0.25641 1.47775 1042.34 -0.966929 -1.0629 2926.69 2861.41 0.15271 0.677697 0.679627 0.704422 1133.73 -2.28577 1.06402 3164.21 0.826048 2.7032 -0.0996691
837.271 -0.340421 -1.18752 -1 -1 -1 -1 769.566 0.740713 -1 0.557053 -1 634.943 1.95342 0.0584519 1063.64 0.629367 3.08418 0.0996691
999.835 1.26792 -1.73683 -1 -1 -1 -1 497.687 0.477757 -1 0.73835 -1 938.081 1.44567 0.113304 1068.64 0.911742 2.98529 0.0996691
1446.43 1.2341 1.17683 1053.21 -0.669144 1.65487 2903.39 1954.35 0.561083 0.158317 0.799096 0.677196 1981.13 -1.4056 0.0835081 4328.58 0.268506 3.06839 0.0996691
1157.4 0.264056 -1.09856 792.874 -1.49167 -0.47566 2162.19 1213.82 0.243405 0.53123 0.324315 0.601684 1411.04 2.36331 0.00290585 2433.47 0.099168 3.04513 0.0996691
2240.73 -0.519092 0.725981 2092.47 -0.328373 -1.6226 4038.2 3971.1 0.402345 0.584091 0.555087 0.485241 683.464 -1.98935 0.380885 6263.8 0.394856 2.33419 0.0996691
1565.32 -0.423224 -1.66323 1077.91 -1.6235 0.882691 2989.02 2978.25 0.666227 0.556006 0.626675 0.350573 793.22 2.21486 0.0613093 2740.71 0.887591 2.46776 0.0996691
2337.19 -0.527554 0.630257 1331.3 0.834046 -2.488 4384.64 4334.16 0.483375 0.29215 0.175444 0.726253 759.606 2.93496 0.433028 4315.94 0.97553 2.73841 -0.0996691
2233.1 -0.303184 -1.70681 1442.56 -0.150929 1.44632 3864.75 2852.51 0.0887345 0.357813 0.530315 0.542389 895.888 1.37005 0.0797923 3748.27 0.899687 3.06214 0.0996691
1872.77 -0.456265 0.3659 1202.57 0.0898336 -2.29257 3047.84 2996.51 0.382079 0.711356 0.710097 0.740301 850.916 2.99777 0.0175142 3692.59 0.828481 2.94879 -0.0996691
1249.3 -0.330521 -0.488553 1095.47 -0.680558 1.12926 1753 1748.76 0.0808199 0.356023 0.657717 0.612427 1377.79 -2.85155 0.110719 2939.22 0.534357 2.25298 0.0996691
2398.5 -0.104176 -0.266819 1997.35 -0.853341 -2.73191 4563.78 3146.91 0.507763 0.185959 0.692734 0.601258 601.769 -2.64125 0.148339 6107.4 0.355469 2.52277 0.0996691
1723.79 -0.336663 -2.26035 1036.15 0.545868 -0.361337 2555.67 2458.06 0.273401 0.778939 0.564949 0.673066 894.917 1.78406 0.0845153 4086.46 0.780461 2.75803 0.0996691
1285.7 0.0875614 -1.50793 350.216 0.0833968 1.80975 1366.25 1279.29 0.654749 0.781905 0.717199 0.642804 1097.22 1.65034 0.192726 1734.42 0.590246 2.92059 0.0996691
593.164 -1.34409 1.8091 292.251 1.42154 3.05196 1637.08 1566.98 0.47602 0.629173 0.388912 0.722825 626.938 -1.09185 0.0278773 1118.9 0.678274 2.95547 0.0996691
1445.84 -0.439369 -1.71736 1369.64 -0.494111 2.25535 2588.58 2559.79 0.344616 0.731604 0.561355 0.713648 838.317 0.172854 0.0715345 3216.55 0.647993 2.93372 -0.0996691
1118 -1.28087 0.734197 496.546 1.49508 2.30978 3005.53 2725.42 0.72187 0.560584 0.753211 0.694724 840.675 -2.01552 0.12098 2192.47 0.688159 2.62454 0.0996691
961.853 -1.25706 -2.93769 517.322 0.171632 0.970961 1736.28 1536.34 0.0653843 0.464053 0.624747 0.746444 771.874 -0.607409 0.0815626 1857.73 0.627584 2.33559 0.0996691
748.378 0.377633 1.37826 722.213 1.59452 1.50259 968.324 953.152 0.533586 0.705697 0.54123 0.754778 871.231 -1.76522 0.360875 2110.45 0.261001 2.78467 0.0996691
961.562 0.804523 2.29856 -1 -1 -1 -1 498.742 0.349174 -1 0.738535 -1 877.827 -0.847193 0.0513715 997.212 0.88514 3.09133 0.0996691
913.417 0.669483 1.4115 277.043 -1.93703 -1.12096 1979.26 639.008 0.47967 0.433176 0.31912 0.676379 616.04 -1.60699 0.0606292 1560.49 0.781317 3.07956 0.0996691
1370.39 0.0361926 -1.17445 1259.09 0.690678 2.95395 2605.93 1884.86 0.652604 0.472659 0.620802 0.799436 654.737 0.695647 0.14919 3434.1 0.73794 2.94117 0.0996691
1124.88 -0.397499 2.84667 787.9 0.314969 -2.46415 1187.85 927.142 0.712333 0.552091 0.661767 0.628551 1519.86 -0.0505386 0.0713292 2358.43 0.615284 2.83645 0.0996691
1231.59 0.845828 0.315856 785.292 0.0626419 2.83204 2052.83 1493.32 0.230308 0.5441 0.192679 0.732751 814.976 2.95228 0.118221 2764.04 0.378819 2.5182 0.0996691
1845.51 0.116333 1.50445 1380.07 -0.310046 -1.10684 3228.03 1713.23 0.500313 0.597762 0.679837 0.534075 1120.02 -1.14188 0.017583 4741.71 0.805061 3.05468 -0.0996691
1383.88 0.54208 -1.82364 810.872 -1.16473 1.65117 2942.3 2829.47 0.689407 0.313327 0.482236 0.37781 603.556 1.00913 0.0256317 2342.22 0.865897 2.83553 0.0996691
1454.88 -0.0295493 -0.855085 634.995 -1.24669 2.45733 2291.23 2076.87 0.308908 0.3727 0.538298 0.35739 844.42 2.1875 0.0300558 2090.95 0.882889 3.07296 0.0996691
2051.17 0.637811 1.09229 1881.4 0.476257 -1.17178 3708.69 2731.82 0.428702 0.287415 0.472973 0.638483 859.239 -3.04889 0.320082 4684.17 0.778913 1.82192 0.0996691
2349.79 0.477477 1.1544 1407.36 0.0464772 3.07465 3103.32 3050.17 0.339676 0.506592 0.264188 0.706772 1708.1 -1.08753 0.0919932 5269.49 0.940358 2.4518 0.0996691
1411.89 0.418585 -1.42568 776.856 1.29093 0.581468 2041.93 1932.81 0.346951 0.721297 0.363074 0.65666 1186.25 2.46094 0.190384 2763.95 0.370539 3.13778 -0.0996691
1572.18 0.0166157 -1.10062 -1 -1 -1 -1 1980.75 0.0534254 -1 0.233262 -1 1693.16 2.0709 0.237325 1906.85 0.930217 2.87434 0.0996691
2313.97 0.931314 -1.45299 1968.8 -0.0407424 2.21431 4897.9 2926.13 0.459359 0.310836 0.658451 0.614292 642.297 2.19677 0.0831456 5773.45 0.96111 2.55197 0.0996691
1861.68 0.202852 -1.90567 1585.16 0.899753 1.46245 3634.36 3616.3 0.31685 0.0830054 0.0645177 0.445595 664.678 1.88283 0.296942 4994.4 0.484013 2.97765 0.0996691
1745.09 -0.389157 0.202903 678.868 1.31503 2.94488 2995.47 2914.66 0.722323 0.703416 0.766792 0.692921 950.702 -2.03314 0.0584066 3274.09 0.766171 2.29862 -0.0996691
1660.38 0.106866 1.31453 1165.51 0.591704 -1.3164 2925.19 2265.1 0.383559 0.221512 0.733908 0.782841 1071.73 -1.78601 0.179876 3772.5 0.962129 3.00286 -0.0996691
1894.92 -0.0304166 -1.70322 1728.06 -0.495654 0.964115 3688.3 3418.57 0.361938 0.168357 0.502717 0.600139 725.538 0.610561 0.00997961 5008.43 0.781755 2.49155 0.0996691
2642.23 0.125948 0.469686 1968.79 -0.364854 -2.16646 4757.3 3664.61 0.174308 0.464832 0.704638 0.330604 965.988 2.77265 0.00965333 5017.61 0.492739 2.32454 0.0996691
954.586 0.0329197 1.135 -1 -1 -1 -1 725.704 0.42463 -1 0.748189 -1 764.77 -1.9724 0.0351268 1111.73 0.743906 3.14149 0.0996691
1301.64 -0.648099 -2.58263 489.579 -0.668066 -0.977614 1226.93 966.103 0.333747 0.68648 0.714808 0.473913 1246.99 0.951134 0.505328 1905.49 0.819362 2.97949 0.0996691
1285.95 -0.446797 1.58153 388.113 -0.328785 -1.42171 1537.95 233.507 0.579909 0.56881 0.336272 0.683193 701.38 -1.63975 0.0429699 1907.79 0.40481 2.93766 0.0996691
2663.43 -0.377809 -0.619727 1771.12 -0.890924 2.85092 4757.1 3346.69 0.368396 0.558296 0.525501 0.644177 646.779 2.13119 0.015105 4937.28 0.672998 2.81387 0.0996691
1631.82 -0.0487264 -0.849753 1270.76 0.942675 1.0607 2886.37 2501.98 0.292315 0.751168 0.765178 0.721545 1800.9 3.0417 0.0809429 3920.39 0.132677 3.0245 0.0996691
1105.2 -0.765783 2.15413 736.85 0.306327 -0.579326 2088.57 1333.02 0.112976 0.569393 0.646582 0.665838 748.853 -0.586167 0.0145395 2474.83 0.184695 2.80044 0.0996691
1047.87 0.258974 -1.42682 655.096 -1.5497 -1.86185 1863.29 1596.26 0.356958 0.756644 0.310548 0.684344 1083.69 1.56365 0.0613024 2169.31 0.366514 2.80361 0.0996691
2354.04 -0.152748 -2.32555 1453.81 -0.360305 1.69908 3400.27 3388.69 0.510912 0.483061 0.484316 0.264737 1131.46 -0.649532 0.0468388 5335.51 0.777393 2.39536 0.0996691
1305.48 -0.710405 -0.0664946 409.088 0.325163 -3.08077 1715.76 1588.64 0.727977 0.744383 0.667205 0.73693 919.945 3.03199 0.167452 1734.27 0.486588 3.042 0.0996691
1888.09 -0.649473 -2.94679 1725.99 0.496011 0.332677 4247.82 4023.59 0.314808 0.556518 0.594113 0.730581 1074.27 -0.236924 0.150091 4549.99 0.781298 3.00845 -0.0996691
1248.39 0.420386 -1.70405 797.053 -1.29304 0.381935 2597.8 2497.56 0.344044 0.855172 0.670645 0.750226 684.178 2.02607 0.192356 2715.66 0.526555 2.35894 0.0996691
1449.6 -1.14671 2.11467 861.982 -0.725329 -1.97546 2063.74 1994.09 0.555086 0.684779 0.656699 0.68325 609.911 -0.402152 0.0720452 2833.49 0.558013 2.44952 0.0996691
991.347 0.215862 2.43254 -1 -1 -1 -1 823.603 0.63311 -1 0.596132 -1 836.414 -0.734668 0.0910192 1105.16 0.777031 3.02675 0.0996691
2018.62 0.128424 0.390508 894.538 -0.375986 -3.06278 2749.2 2714.8 0.641324 0.700427 0.657425 0.477492 876.655 -3.06152 0.0118928 3516.39 0.420933 2.81934 0.0996691
2548.49 -0.337029 -0.860005 1227.3 0.0899921 2.44989 3667.34 3478.77 0.28209 0.650845 0.375166 0.520245 884.144 1.70286 0.00586689 4706.63 0.918898 2.56678 0.0996691
1185.24 1.71887 2.62191 525.754 0.745611 0.898579 1458.38 1424.06 0.727252 0.63815 0.811231 0.754035 1024.87 -0.90621 0.0194488 1818.97 0.852925 2.73337 0.0996691
1802.59 0.236581 -0.363941 862.835 -1.65287 2.4738 3680.9 3635.11 0.455436 0.748632 0.483148 0.707961 842.145 2.64273 0.167152 3206.88 0.918009 3.09 -0.0996691
2714.89 0.301062 1.42169 1935.64 -0.098248 -1.83182 4842.61 4072.81 0.0290449 0.472776 0.524455 0.576493 932.234 -1.8289 0.00497425 5019.74 0.533251 3.01229 -0.0996691
1996.19 -0.697437 -1.03028 -1 -1 -1 -1 643.347 0.0785888 -1 0.749248 -1 1905.25 2.10695 0.073617 1313.6 0.91107 2.86227 0.0996691
1313.61 -0.961133 3.0242 284.211 0.9016 -1.44613 1641.72 1595.26 0.35092 0.641625 0.671671 0.6793 1093.56 0.14474 0.0206552 1745.89 0.808062 2.86713 0.0996691
1095.96 -0.538684 2.06783 640.639 0.752907 -0.744044 2089.8 1498.06 0.148767 0.64941 0.623625 0.741278 709.378 -0.807324 0.0268658 2209.5 0.165215 3.01144 0.0996691
2131.53 -0.300649 -1.83638 2101.01 -0.187694 1.28775 4264.82 4160.65 0.532585 0.110036 0.680143 0.339005 988.709 -1.28629 0.00714469 5175.8 0.865613 3.03408 0.0996691
2734.94 0.683514 -2.09155 2508.23 0.49168 0.983595 5287.33 5148.36 0.579774 0.527961 0.610755 0.445232 873.029 0.408401 0.572828 5980.19 0.640643 2.48474 0.0996691
2906.65 -0.135615 -0.452506 1181.75 -0.0582481 2.93932 3785.8 3017.89 0.176157 0.586837 0.493827 0.731375 866.317 2.83346 0.138797 5051.46 0.186724 2.93601 -0.0996691
1771.33 -0.623853 1.35287 797.889 0.399731 -1.1197 2600.47 2503.62 0.479583 0.689681 0.500807 0.698776 1259.49 -2.23405 0.130887 2570.75 0.955321 2.82674 0.0996691
729.966 1.48672 -0.623015 594.451 0.0363083 -0.53826 1077.38 1018.27 0.580282 0.452665 0.819827 0.728354 859.728 2.4827 0.00573659 1872.96 0.226897 3.1084 0.0996691
1370.96 1.10329 2.40301 978.136 -0.729746 -2.38429 2989.15 2401.62 0.485077 0.256475 0.677092 0.689772 695.183 -0.512193 0.287553 3508.28 0.436538 3.06364 0.0996691
1660.48 -0.649087 -3.10507 1482.82 0.0891381 2.07311 2042.97 2017.13 0.460181 0.332038 0.721176 0.834785 742.859 -0.688089 0.234928 5158.03 0.302914 2.99828 0.0996691
1894.27 0.387072 -0.241025 1055.5 -0.0346816 2.36551 2838.1 2610.68 0.193547 0.748336 0.749568 0.789253 631.686 2.78629 0.221064 3773.97 0.613734 3.06257 -0.0996691
2589.7 0.148131 -0.153669 433.835 -0.477423 3.0201 2606.64 1156.41 0.124401 0.490148 0.800165 0.74922 2191.65 3.0086 0.270951 3150.25 0.576359 3.09668 -0.0996691
1776.97 -0.515572 1.33312 1121.7 -0.2781 -2.53002 2708.71 2413.02 0.219342 0.618267 0.646359 0.775996 771.562 -2.23943 0.149607 4106.25 0.428557 3.02313 0.0996691
1606.86 0.90713 -1.43764 730.871 0.963987 -3.10344 1715.23 1454.81 0.250737 0.601981 0.697585 0.600246 1490.41 1.28534 0.331396 2593.13 0.584926 2.74378 -0.0996691
2152.5 0.622736 -0.982244 952.303 -0.371583 0.574376 2516.57 2479.2 0.326652 0.317213 0.329318 0.718688 1939.82 2.85318 0.261837 3964.42 0.57685 3.05183 0.0996691
1762.87 -0.000725372 -1.52858 1104.82 -0.400772 1.5878 2928.92 2481.85 0.17879 0.392053 0.506325 0.615331 657.133 1.48841 0.0889438 2888.91 0.165501 2.99223 0.0996691
2293.62 -0.773527 -2.38895 1825.75 0.982979 1.807 5462.07 4826.62 0.239765 0.384582 0.533045 0.324346 615.225 -0.115588 0.0745612 5564.35 0.363924 2.4018 0.0996691
1190.78 -0.776767 1.43966 275.68 -0.110973 -1.76237 1248.34 1156.9 0.465591 0.690524 0.311191 0.706043 839.746 -1.68054 0.0886599 1913.95 0.607708 3.13013 0.0996691
1876.16 0.563758 2.87366 840.728 0.544918 -0.093909 2515.62 2459.82 0.337907 0.62568 0.632056 0.656734 1164.05 -0.0938994 0.00940283 3026.62 0.402261 2.95586 0.0996691
1549.33 0.497921 -2.92858 1105.06 1.17576 -0.18725 2727.83 2719.43 0.159706 0.369701 0.181387 0.804079 682.88 1.28553 0.420874 3098.34 0.424911 2.62528 -0.0996691
1618.98 -0.232558 -1.16243 1151.65 -0.608305 -3.10624 2398.97 1959.35 0.243568 0.76182 0.448263 0.599598 1394.32 0.630937 0.0926976 3907 0.82056 2.45587 -0.0996691
1286.46 -1.74115 0.553622 452.619 1.67588 -0.426494 4147.97 1598.67 0.413036 0.567576 0.678454 0.807492 1065.6 -3.10106 0.0203211 2560.32 0.190402 2.75862 0.0996691
1134.65 -0.963075 1.96919 1118.85 -0.283962 -0.786432 2417.64 2216.21 0.573367 0.288242 0.195639 0.831016 606.848 -2.80771 0.0881844 2910.51 0.467816 3.02722 0.0996691
1779.45 -0.674632 1.73629 1569.71 -0.500598 -1.11953 3348.15 3300.13 0.249207 0.267604 0.700934 0.592768 1224.7 -0.833045 0.286522 4721.62 0.343522 2.44592 0.0996691
1688.05 -0.0526769 3.0419 552.568 0.972494 0.118206 2203.76 2068.2 0.594144 0.817988 0.746209 0.726986 1113.68 -0.112404 0.256768 2219.59 0.548615 2.89753 0.0996691
1570.65 -0.115826 1.15914 1145.21 0.408812 -0.287097 1983.14 1935.12 0.477665 0.183652 0.592016 0.521589 1273.71 -2.47571 0.387608 3569.84 0.58488 2.26743 -0.0996691
1110.57 0.417647 -1.26959 684.837 0.560111 -2.29216 947.804 795.093 0.243165 0.409913 0.615061 0.650543 1604.66 1.3461 0.182415 2969.6 0.397621 2.64542 0.0996691
2852.7 -0.254036 -1.47841 640.751 1.39929 1.27421 3723.01 598.91 0.127427 0.340444 0.68122 0.648739 2257.21 1.76357 0.486182 3526.22 0.573204 2.64846 0.0996691
1734.63 0.494104 3.05965 1696.69 0.241329 1.12898 2861.31 2850.91 0.669932 0.796411 0.712557 0.731449 2160.64 -1.10465 0.0351857 4337.33 0.308456 2.83706 -0.0996691
1264.9 1.15739 2.20648 328.737 -2.09382 -1.65526 3411.02 334.761 0.333467 0.485671 0.542022 0.816896 878.458 -0.776376 0.115108 1809.2 0.639524 2.98549 0.0996691
2271.79 -0.847749 -2.83393 1709.85 1.03982 -0.340643 5938.22 4783.5 0.274004 0.483836 0.219326 0.676655 1277.67 1.11404 1.45423 4015.18 0.390538 2.3405 0.0996691
2275.38 -0.245247 0.569811 1574.95 1.03955 -1.95127 4659.93 3618.21 0.115979 0.492621 0.349033 0.765386 765.351 -2.52847 0.0217025 4946.13 0.95731 2.90781 0.0996691
994.618 1.07794 -1.31267 -1 -1 -1 -1 654.478 0.522449 -1 0.731569 -1 774.805 1.97057 0.0258566 1252.54 0.754255 2.98221 0.0996691
1975.75 0.0511777 -2.78636 805.743 0.125789 0.316136 2547.38 2503 0.440456 0.376782 0.699409 0.593094 1165.8 0.405432 0.0877375 2775.21 0.419421 3.09509 0.0996691
1767.29 -0.424212 0.783222 376.357 -0.573547 -2.05596 1650.63 1619.81 0.640749 0.503271 0.621474 0.658707 1433.32 -2.44432 0.391526 2112.47 0.657791 2.83537 0.0996691
2385.5 0.383864 1.84523 691.243 0.178515 -0.955634 2895.67 1196.65 0.0990556 0.481895 0.211478 0.501 1493.14 -1.22114 0.253631 3422.3 0.201306 2.95539 0.0996691
2023.64 -0.684973 1.21061 1839.55 -0.420337 -3.00535 3374.63 3319.36 0.484604 0.332169 0.573542 0.762139 649.077 -0.886453 0.097846 5131.94 0.548604 2.02419 0.0996691
2144.07 -0.189143 -0.869723 1126.17 1.20274 -2.65858 3390.26 3323.53 0.482122 0.253469 0.76624 0.758318 1345.74 1.25062 0.0224705 4761.07 0.524391 2.39995 0.0996691
2153.88 -0.0443755 2.33387 2074.32 -0.453792 -0.502295 4508.46 3220.27 0.243915 0.145458 0.426287 0.189701 785.848 2.83355 0.0679467 5393.18 0.753039 2.93426 0.0996691
1256.04 -0.0126311 -2.15552 258.788 -1.33019 1.08772 1450.35 1254.95 0.326369 0.515323 0.741753 0.792091 1026.41 0.973432 0.110375 1506.99 0.636858 3.06114 0.0996691
2637.21 -0.247759 -2.48241 2520.54 -0.139371 1.59008 4647.46 4602.17 0.393067 0.68254 0.619565 0.526652 1708.37 0.323106 1.26913 6701.87 0.450748 2.20751 0.0996691
659.222 1.42177 0.385765 395.595 -1.16922 -2.33608 2032.01 1034.77 0.340093 0.510782 0.755157 0.760401 632.976 -2.45031 0.0349541 2159.69 0.155998 2.93107 0.0996691
1154.77 0.0276713 2.68177 -1 -1 -1 -1 1096.43 0.459804 -1 0.83289 -1 1194.57 -0.716361 0.00243115 1597.62 0.272527 2.94216 0.0996691
2245.14 -0.582655 1.26329 1004.19 -1.51984 -2.5875 3181.61 3168.9 0.451108 0.487887 0.651841 0.600898 619.77 -1.57199 0.0943658 4266.11 0.950159 2.73986 0.0996691
1097.23 -1.73047 1.66012 921.645 -0.460781 -0.551358 2363.59 4853.13 0.197413 0.580989 0.399564 0.723318 618.725 -1.76698 0.113948 3322.4 0.330572 2.97033 0.0996691
487.848 2.34731 1.5453 418.93 0.834842 -0.33356 1059.55 1012.95 0.656829 0.266354 0.799211 0.580593 711.997 -1.999 0.892765 1418.65 0.557674 2.11211 0.0996691
2385.25 0.407938 -0.585804 2067.29 0.192763 1.33322 3698.99 3673.82 0.192149 0.0747301 0.333412 0.679084 1029.5 -2.75119 0.215856 5902.18 0.564587 1.98386 0.0996691
2488.09 0.609539 1.83608 1594.43 0.643328 -2.56124 3242.81 3217.76 0.488916 0.220269 0.491141 0.780617 1117.3 -0.586179 0.0961414 5341.15 0.945024 2.51865 0.0996691
1925.84 0.612366 0.45023 1346.48 -0.48014 2.64313 3439.44 3358.96 0.381182 0.653828 0.656609 0.825737 1792.46 -1.23878 1.0849 4526.02 0.936253 2.794 -0.0996691
1128.86 -0.203586 3.07907 732.148 0.733202 -0.656538 1956.36 1944.04 0.326779 0.549724 0.521816 0.74249 1112.83 0.448488 0.0526369 2488.56 0.761678 2.86151 0.0996691
1563.42 -0.105269 1.29445 1490.66 -1.17089 3.00147 2890.53 2732.36 0.690403 0.628352 0.561821 0.650041 908.549 -0.861136 0.096191 4399.9 0.704817 2.5154 0.0996691
1208.95 0.780723 3.11423 995.827 -0.12107 -1.37463 2022.51 1943.84 0.16957 0.631513 0.656443 0.66961 784.34 0.444046 0.117123 3019.57 0.538448 2.79093 0.0996691
2339.69 -0.262388 3.13536 1435.09 -1.07074 1.28118 3602.41 2987.11 0.24355 0.436269 0.523957 0.499238 987.252 -0.647614 0.0188095 5016.84 0.364379 2.53855 0.0996691
1797.57 0.36789 -1.44864 769.871 0.871787 2.09368 2403 2359.52 0.111466 0.431091 0.710726 0.783309 1584.44 1.53049 0.575547 3318.38 0.448358 2.73002 0.0996691
1810.87 -0.461915 -3.03649 1041.72 -0.919763 -0.0568001 2839.34 2573.15 0.55656 0.217812 0.693874 0.735049 794.635 0.32689 0.0081031 2876.81 0.970394 2.91029 0.0996691
1767.9 -0.0261732 0.00268248 950.139 -0.464911 -2.43613 2785.98 2001.1 0.213743 0.0667222 0.569438 0.579729 829.247 2.72561 0.246817 3303.39 0.566534 2.81118 0.0996691
826.879 0.629812 1.55149 -1 -1 -1 -1 775.623 0.487677 -1 0.442827 -1 626.013 -1.64586 0.109283 975.112 0.657884 2.96813 0.0996691
1576.76 0.416714 2.18714 666.082 0.166644 -0.649384 2080.9 1882.7 0.579231 0.694237 0.56077 0.741008 680.121 -0.673329 0.0122122 2657.26 0.389883 2.87752 0.0996691
1600.99 -0.605481 -2.8077 1412.44 0.515131 -1.22144 2793.33 2782.83 0.27922 0.493882 0.601317 0.119314 1494.41 0.962163 0.0129886 3657.65 0.743586 2.50017 0.0996691
1229.01 0.335672 0.0859518 1063.59 -1.16814 -2.39073 2883.57 2808.37 0.465492 0.580971 0.518547 0.655411 673.621 2.06414 0.0021174 3721.78 0.143392 2.90961 0.0996691
1108.98 -1.5192 -2.72105 335.018 1.1126 0.248894 2507.89 531.814 0.133373 0.247275 0.495127 0.579817 805.425 0.537091 0.282482 1541.37 0.458622 2.66644 -0.0996691
1603.89 0.220248 0.823048 1312.92 0.518382 -2.97233 2801.73 2776.3 0.241276 0.462049 0.672014 0.553424 771.54 -1.34029 0.480376 2925.42 0.963311 2.64183 0.0996691
2139.86 0.675674 0.839636 1489.83 0.68111 -2.55981 3750.48 2355.04 0.22051 0.331848 0.348801 0.613973 771.708 -2.6368 0.0805125 4476.27 0.217477 2.99866 -0.0996691
872.651 1.33183 -2.19646 464.812 0.203603 -3.07328 993.344 846.584 0.414261 0.728998 0.657605 0.830008 987.172 0.619131 0.0165795 1551.58 0.787562 2.80365 0.0996691
2353.84 0.185178 -0.549345 1513.48 -0.236839 2.31866 3900.04 3714.56 0.349067 0.575841 0.709643 0.744218 1002.94 2.3437 0.022655 4745.47 0.258771 2.86547 -0.0996691
1274.27 -0.230959 2.74078 909.926 -1.0835 -0.753537 2416.55 1689.8 0.400734 0.197862 0.65791 0.760879 1065.53 -0.984808 0.143932 3610.72 0.937161 2.99651 0.0996691
2695.02 0.371216 -0.157475 887.418 0.0218205 3.12069 3270.03 2961.66 0.545951 0.425237 0.406056 0.768328 1578.62 3.08855 0.0185163 4699.66 0.479776 3.0289 0.0996691
1777.69 -0.155398 -0.621921 1346.44 0.657826 2.10784 3362.26 3119.12 0.510475 0.326963 0.499324 0.57074 697.503 -0.576978 0.0382125 4469.58 0.847633 2.7952 -0.0996691
2451.68 -0.211594 -0.795448 2248.51 0.213921 1.61372 4705.16 4106.89 0.178456 0.301501 0.750694 0.460296 1418.15 -2.44586 0.871816 5518.89 0.964321 1.41911 0.0996691
1365.34 -0.159579 -1.55228 797.2 -1.28503 2.64333 2398.93 1725.55 0.137658 0.394838 0.648752 0.751168 604.467 0.900628 0.106552 2774.17 0.107883 2.97601 0.0996691
1487.64 0.495267 1.49939 1427.44 0.445762 -1.10045 2936.99 1995.67 0.188329 0.472418 0.697538 0.548626 887.953 1.14837 0.0559108 4331.72 0.598081 2.76618 -0.0996691
2396 -0.593232 -1.00381 1019.82 0.528124 2.01855 3718.1 3265.34 0.297004 0.741281 0.682731 0.826435 1445.43 2.23997 0.102324 3633.32 0.909501 2.89182 -0.0996691
1344.48 1.06282 -2.53817 1158.18 0.20528 -0.348559 2538.31 2269.35 0.413476 0.638721 0.816466 0.443032 1293.78 1.64485 1.6665 2526.22 0.547886 2.00641 0.0996691
2418.1 0.187378 -2.28593 2182.54 -0.313439 -0.220817 4127.3 4087.59 0.435474 0.829965 0.557777 0.618987 695.614 1.77233 0.213303 6113.45 0.669602 2.01417 -0.0996691
1119.01 -0.779198 -2.54458 359.938 0.322414 0.394572 1536.19 372.631 0.217469 0.641467 0.61187 0.698367 822.331 0.51664 0.121049 1595.09 0.192808 3.00833 0.0996691
1824.25 0.634208 -2.13606 902.201 -0.462083 0.333179 2868.23 2312.79 0.613976 0.215588 0.328025 0.6433 615.807 1.50868 0.0841316 3283.41 0.556684 2.72519 0.0996691
2247.93 0.196079 0.501674 2005.79 0.353205 -2.25868 4225.85 4160.98 0.222023 0.697617 0.599346 0.786371 912.446 2.50665 0.194805 4299.06 0.933501 2.1962 -0.0996691
1097.95 -0.30746 0.758544 971.211 1.03147 -2.1648 2622.81 1133.93 0.285921 0.584936 0.7617 0.3246 724.532 0.782837 0.0309037 3184.71 0.0896972 2.9867 -0.0996691
1293.9 0.034644 -0.591392 699.08 -0.715497 1.59119 1864.76 1776.81 0.587524 0.501276 0.732408 0.724115 826.244 3.11907 0.105393 2268.38 0.653813 2.6936 0.0996691
1418.76 -0.492059 -2.80232 1262.45 -1.08005 -1.15689 2131.11 2117.67 0.499518 0.242515 0.343922 0.754286 1104.95 1.01959 0.00396514 3477.73 0.528224 2.4652 -0.0996691
2732.14 -0.524852 2.07064 2262.21 -0.191065 -1.46236 4966.23 4847.46 0.520755 0.190104 0.290037 0.629266 935.185 -0.255909 0.392101 5127.26 0.952737 1.9339 -0.0996691
1663.82 0.175062 2.83322 1387.75 -0.0947183 -1.31336 2728.87 2636.93 0.533766 0.460647 0.517172 0.623019 745.626 1.32869 0.141362 4894.8 0.374869 2.7984 0.0996691
1813.18 -0.534157 -2.70991 1669.04 -0.576173 1.69703 2910.69 2538.46 0.395048 0.760564 0.51837 0.779236 1412.11 -0.373756 0.0202092 4107.11 0.73907 2.5665 0.0996691
755.046 0.184597 0.646494 -1 -1 -1 -1 545.059 0.180614 -1 0.403035 -1 601.63 -2.52687 0.269224 848.6 0.83313 2.84824 0.0996691
1366.26 0.70856 1.5254 479.635 -1.07987 -1.34774 2342.22 1998.93 0.179069 0.693806 0.528643 0.680352 770.179 -1.82203 0.462021 1867.68 0.391105 2.43557 0.0996691
1210.58 0.670861 -1.94956 1077.51 -0.342608 1.78354 2512.42 2466.72 0.455174 0.429787 0.575326 0.536745 1115 -0.103642 0.0604112 3369.58 0.450635 3.06704 0.0996691
2115.01 0.67285 -1.90427 380.4 2.39064 1.12183 2496.7 2469.98 0.33827 0.833323 0.0396888 0.752065 1608.96 1.33249 0.00284886 2591.16 0.948224 3.04927 0.0996691
2058.27 -0.0452981 0.531902 1077.74 -0.210142 2.85431 2767.23 2662.75 0.269831 0.365807 0.697483 0.633613 857.376 -1.41535 0.0765724 4531.44 0.432122 2.64291 -0.0996691
1841.12 0.209578 -1.37426 1142.71 0.620792 2.3734 2860.3 2771.28 0.394012 0.714143 0.659343 0.763101 901.564 1.1272 0.0929173 3129.57 0.920117 2.59325 0.0996691
1903.29 -0.832353 0.860617 1786.41 0.471244 2.96985 4132.22 4071.45 0.710907 0.674516 0.611822 0.442348 822.733 -1.97361 0.170405 4977.28 0.970079 2.66366 -0.0996691
2007.99 -0.040639 1.5684 1047.29 1.48363 -0.187879 3314.18 3302.03 0.599943 0.125943 0.361799 0.652223 1582.09 -2.61518 0.0959425 4321.35 0.669018 2.52416 0.0996691
2249.2 -0.124093 0.574001 1175.39 -0.180097 -2.28675 3234.26 3205.07 0.731222 0.617948 0.745347 0.628866 993.863 2.90259 0.308151 4300.08 0.595376 3.02765 0.0996691
1381.38 -1.11209 2.20041 -1 -1 -1 -1 848.03 0.565982 -1 0.689772 -1 1207.78 -0.993778 0.135942 1607.96 0.967812 2.94702 0.0996691
1432.1 -0.274603 -3.09712 360.623 -0.174249 0.012069 1506.74 363.15 0.368773 0.644706 0.359658 0.685401 1098.49 0.159546 0.122834 1928.92 0.425663 2.99535 0.0996691
728.301 0.972151 3.07649 -1 -1 -1 -1 354.256 0.609804 -1 0.680412 -1 687.484 -0.0973348 0.0287454 775.915 0.918002 3.08229 0.0996691
1630.72 -1.06151 -1.07799 1353.11 -0.476296 1.01491 2738.12 2737.03 0.216382 0.182869 0.250441 0.623829 1289.17 2.98848 0.0169196 3127.11 0.962961 2.23323 -0.0996691
1035.27 0.755692 2.92672 554.339 1.08491 1.0696 1242.06 1232.74 0.360167 0.547545 0.367653 0.793118 945.735 -0.804127 0.299202 1837.4 0.625836 2.92506 -0.0996691
2080.43 0.282766 -1.55623 1536.01 1.32825 1.90229 4042.71 4021.35 0.449934 0.682808 0.724337 0.815408 763.655 2.52803 0.626891 5079.35 0.573527 2.01291 0.0996691
1566.38 0.181715 1.08916 433.096 -0.0289157 -2.33591 1699.97 1560.83 0.593333 0.73645 0.606276 0.756294 1013.69 -2.27625 0.0683038 2240.22 0.601761 2.85231 0.0996691
2447.13 -0.344183 -0.284923 1948.92 -0.697328 2.49352 4517.07 3948.75 0.498046 0.304368 0.34876 0.468341 666.025 -2.75281 0.0248318 4814.25 0.85255 2.57975 -0.0996691
1504.95 -0.570944 3.07919 1002.01 -0.295476 -1.28553 2045.41 2033.55 0.461158 0.598368 0.382549 0.473485 928.236 0.474539 0.34718 3061.12 0.946949 2.256 0.0996691
1484.64 -0.64018 -1.55196 476.243 0.584183 1.76467 2041.87 1661.21 0.708427 0.594343 0.708517 0.738322 1029.64 1.7831 0.0415977 2165.58 0.611836 2.98706 0.0996691
1760.77 -0.0165745 0.876848 1661.19 0.253802 -1.99085 3433.45 3391.26 0.512993 0.569635 0.468245 0.461896 971.037 -3.02063 0.448345 5457.23 0.973828 2.45387 0.0996691
2527.75 0.609087 2.66694 2077.81 -0.300202 0.316514 4791.19 4749.63 0.307267 0.482307 0.535261 0.351919 680.117 -1.74364 0.0783349 5895.62 0.685641 1.9825 0.0996691
2229.71 -0.0284478 0.928155 1285.51 0.313269 -2.53115 3420.8 3276.95 0.528452 0.240773 0.805593 0.746365 1401.44 -2.77071 0.192939 4449.86 0.924373 2.47276 0.0996691
1889.37 -0.78746 -3.08151 754.306 0.348238 2.33474 1777.41 1684.45 0.166024 0.603908 0.391063 0.716792 2687.34 -0.153468 0.0964707 3223.84 0.820161 2.83136 0.0996691
3270.8 0.140154 -3.09774 1879.48 0.228679 -0.295876 5074.49 4093.36 0.259489 0.51926 0.482234 0.0846125 761.84 -0.0334172 0.248312 6106.59 0.452042 2.81466 0.0996691
1211.34 0.503823 3.00807 526.349 -1.33202 1.27737 2096.49 2040.24 0.336502 0.697197 0.656428 0.725152 1242.62 -0.565009 1.85611 1711.2 0.722803 1.71661 0.0996691
2528.85 -0.22604 -0.173961 1868.85 -0.66386 -2.48926 4460.71 2764.63 0.0687961 0.29535 0.0994192 0.77872 911.238 2.07853 0.0917895 5520.55 0.307271 2.6983 0.0996691
2262.26 -0.149604 2.35019 770.905 -0.842628 -0.501794 2799.83 2750.99 0.307333 0.778982 0.429794 0.837215 815.215 -0.888557 0.146775 3771.97 0.839419 3.09368 -0.0996691
3303.95 0.172388 -2.00418 2195 0.0181469 0.884448 5380.97 5345 0.538551 0.449717 0.639155 0.497746 919.922 0.0649156 0.821031 7008.65 0.797148 1.32017 0.0996691
2325.34 -0.322851 1.06737 1331.71 1.41948 -2.66385 4938.27 3760.25 0.0782285 0.52408 0.607569 0.687048 1304.98 -1.52876 0.232456 3729.56 0.828224 3.04232 0.0996691
2188.67 -0.497377 -2.76441 1914.54 0.84831 -0.111826 4971.01 4947.34 0.418776 0.497013 0.388884 0.564145 658.4 -0.196874 0.0839673 5537.42 0.971952 2.51041 0.0996691
1416.59 -0.485171 0.802658 1169.01 -0.911458 -2.34501 2637.81 2626.33 0.497426 0.682373 0.691518 0.552579 634.311 1.09199 0.288531 4563.41 0.097629 3.13552 -0.0996691
2015.26 -0.145304 1.61919 1512.03 -0.334055 -0.881956 3390.63 2716.22 0.430358 0.472548 0.554445 0.555297 1346.42 -1.22963 0.138899 4972.81 0.812216 2.98763 0.0996691
591.375 -0.447412 -0.533997 254.088 1.84839 -2.19862 1292.91 1067.41 0.383832 0.654561 0.817306 0.695568 651.673 2.23394 1.88266 828.04 0.760563 1.46616 0.0996691
1237.75 -0.329465 -2.48589 800.121 0.530962 -1.27924 1453.84 1387.69 0.65544 0.425787 0.676595 0.594602 1164.27 1.04588 0.0458807 2820.79 0.398578 2.79662 0.0996691
1159.61 0.223125 2.00763 387.262 -1.40323 -1.12123 1831.94 1520.09 0.0795177 0.482181 0.697952 0.547148 902.188 -1.17937 0.0252578 1663.45 0.429211 3.10331 0.0996691
1530.1 -0.568989 0.995068 -1 -1 -1 -1 1250.87 0.387938 -1 0.533548 -1 1439.05 -2.05283 0.437574 1599.08 0.965194 2.80357 0.0996691
2372.06 0.692726 0.243665 1207.17 1.53006 -3.02836 3697.11 3618.05 0.394216 0.533261 0.558763 0.773069 664.385 -2.70961 0.189472 4346.47 0.959234 2.75415 0.0996691
1381.45 0.106452 2.17625 666.961 -0.737037 -0.693641 2090.06 2032.49 0.341531 0.509545 0.705757 0.782995 682.719 -1.07546 0.392252 2059.11 0.384858 2.85738 0.0996691
1346.86 0.244707 3.03003 312.59 0.689306 -1.49133 1057.41 987.569 0.615917 0.525849 0.529557 0.7488 1063.71 0.141951 0.0271551 1842.96 0.721775 2.91952 0.0996691
1973.16 1.09234 -0.912006 680.51 -0.562155 -3.0725 3001.83 2708.07 0.784134 0.59436 0.780596 0.700488 1787.02 2.08677 0.995916 3052.21 0.661535 2.28773 0.0996691
1183.13 -0.457284 2.86104 916.226 -0.719981 -1.47921 1754.03 1732.23 0.277905 0.27246 0.718194 0.535864 935.01 1.16868 0.00350559 3227.37 0.604807 2.65252 0.0996691
1301.95 -1.08406 -1.20931 1283.76 0.254776 -2.04996 2154.95 2140.32 0.56016 0.224935 0.55144 0.316763 1777.88 1.69202 0.445741 3213.6 0.945188 2.93364 0.0996691
2012.41 0.0873519 -1.97675 1314.73 -0.321669 0.0996065 3165.16 2263.7 0.0969241 0.390037 0.839642 0.265972 776.024 1.86187 0.325417 4599.38 0.383272 2.35946 0.0996691
2143.6 0.0663778 1.44617 568.69 1.10745 -1.40113 2558.86 1818.36 0.09407 0.315578 0.0851695 0.697104 1402.4 -1.62155 0.261134 2990.77 0.842754 2.95434 0.0996691
3298.35 0.202785 1.0569 1519.99 0.382183 -2.07672 4757.26 3843.58 0.0718781 0.329458 0.46164 0.598701 1791.79 -2.11554 0.0390756 5014.26 0.256362 2.9145 -0.0996691
1864.75 0.0101591 0.337425 1197.96 0.3076 1.94259 2264.91 2239.89 0.484236 0.513291 0.374994 0.469658 1297.53 -2.23409 0.0369263 3921.8 0.590357 2.60844 -0.0996691
1451.75 0.0966402 0.366853 1226.79 0.985153 -2.22592 2855.11 2829.07 0.338848 0.539942 0.410255 0.430906 1042.45 -2.9225 0.165049 3557.03 0.960836 3.12574 0.0996691
1413.81 -0.203351 -0.0590638 448.085 -1.12065 2.95493 1770.61 1700.23 0.595171 0.746199 0.655694 0.778445 948.661 3.04047 0.0658989 1916.03 0.540329 3.03128 0.0996691
1732.95 0.633436 1.4735 761.075 1.22728 -2.36694 2462.89 702.543 0.0946856 0.715209 0.552993 0.631412 637.066 -1.26555 0.0100248 3107.29 0.135795 2.91874 0.0996691
2366.2 1.07821 2.08281 1975.06 0.257785 -0.683913 4669.54 4543.23 0.515147 0.170102 0.721955 0.644348 829.123 -1.84567 0.264069 6392.07 0.960543 3.13238 0.0996691
1871.62 -0.273615 -2.39483 1763.5 0.338835 0.340358 3857.44 2028.71 0.194773 0.163391 0.745337 0.704143 1067.61 -2.09661 0.00883508 5359.86 0.577488 2.71282 -0.0996691
2221.45 -0.118199 2.32544 1347.92 -0.103475 0.747671 2666.09 1840.83 0.251808 0.309136 0.83524 0.546249 2503.45 -1.37146 0.300181 3686.35 0.92458 2.28598 -0.0996691
950.09 0.741708 3.13278 -1 -1 -1 -1 1060.6 0.511539 -1 0.497316 -1 700.542 -0.00768576 0.161636 1236.24 0.872977 3.11183 0.0996691
1630.14 0.197362 1.75377 1347.18 -0.828739 -3.0745 2552.48 2508.33 0.605151 0.781355 0.577134 0.833759 1049.18 -1.18126 0.0394907 4825.95 0.465482 2.89902 0.0996691
1466.83 -0.508348 2.54763 1032.08 -1.71403 -0.951294 2965.97 2120.27 0.123861 0.627444 0.466451 0.561537 788.711 0.135679 0.0534592 2855.07 0.487468 3.0167 0.0996691
2436.56 -0.358231 1.583 831.754 -0.50728 -0.751713 2735.32 2405.35 0.664284 0.534503 0.641626 0.751099 1058.86 -1.92562 0.0123893 4404.22 0.654205 3.08834 0.0996691
2189.4 0.157372 0.626495 436.491 0.226233 -2.41322 2136.73 748.875 0.0351108 0.234846 0.681696 0.696037 1461.06 -2.5079 0.0269566 2984.78 0.607706 2.85866 0.0996691
1578.58 0.441709 -1.12524 1450.06 0.583979 -2.38884 2073.28 1320.36 0.320089 0.435846 0.60418 0.735843 1077.73 1.21176 0.296348 4615.3 0.393518 3.07716 0.0996691
1182.22 -0.565345 -0.419188 363.258 0.050856 2.55547 1500.74 408.139 0.446051 0.210747 0.272399 0.127833 850.72 2.80677 0.251015 1557.46 0.135979 3.03029 0.0996691
1968.59 0.700422 0.281475 798.463 1.06464 -1.66697 2192.02 2033.97 0.355017 0.504311 0.54371 0.462391 1065.47 3.07874 0.168688 3619.75 0.979164 2.62767 -0.0996691
3353 0.0849944 -1.41407 2200.26 0.297354 1.13303 5332.97 4657.69 0.415379 0.406624 0.550473 0.496277 1044.71 1.72512 0.0987387 6721.96 0.783883 3.03979 0.0996691
1513.01 -0.247752 1.76374 752.862 -0.983475 -1.21999 2290.87 2263.66 0.353367 0.414653 0.68412 0.637539 870.474 -1.81268 0.00403357 2871.01 0.112243 3.04798 -0.0996691
1492.3 0.643754 -1.38869 438.145 1.40849 1.89286 1755.51 1398.86 0.202076 0.451149 0.341332 0.660979 869.269 2.03532 0.0975859 2324.97 0.966905 2.76127 0.0996691
2286.7 -0.252927 2.4471 343.838 -0.670969 -0.789559 2090.75 926.085 0.149999 0.599401 0.710356 0.429883 1839.93 -0.66092 0.126715 2849.97 0.88534 2.98175 0.0996691
997.656 -0.797947 1.39924 285.546 -1.47246 -1.58588 1141.97 1089.78 0.746592 0.712593 0.704683 0.713871 752.155 -1.7325 0.142282 1243.83 0.564777 2.98788 0.0996691
1617.71 0.692806 1.07858 1500.17 0.667249 2.5333 2075.97 2072.84 0.304072 0.541639 0.674798 0.548917 1187.17 -1.57586 0.133497 4672.03 0.459071 2.78807 -0.0996691
1952.62 0.508235 1.97776 1616.17 -0.527806 -2.50709 3394.83 3380.55 0.665207 0.707986 0.684893 0.58004 975.978 -0.737142 0.0546898 4996.56 0.834215 2.76611 0.0996691
1388.39 -0.309458 1.05938 729.594 -1.80072 -0.419957 2145.63 2031.62 0.121796 0.699274 0.624719 0.695872 1216.75 -2.5462 0.0180604 2500.64 0.58201 2.66005 0.0996691
1446.58 -0.755421 2.30962 -1 -1 -1 -1 1043.1 0.674231 -1 0.778418 -1 1236.26 -0.788722 0.0972635 1653.1 0.844409 2.99837 0.0996691
1648.91 -0.023204 -1.13203 484.272 -0.557777 2.00465 1881.39 1797.8 0.310665 0.803833 0.430127 0.736333 1169.59 2.09219 0.0594635 2118.83 0.572784 3.11878 0.0996691
2185.23 -0.887793 0.439032 1233.23 1.49465 -1.56923 5665.45 3004.7 0.660728 0.554966 0.568795 0.427136 1047.67 2.80269 0.397806 4444.3 0.403276 2.76009 0.0996691
1755.56 0.18363 2.98874 1179.85 0.547269 0.538723 2777.95 2765.96 0.311121 0.140521 0.583536 0.427601 1611.78 -0.887544 0.108985 4397.56 0.247301 3.03986 0.0996691
1918.2 0.575212 2.79524 1470.63 0.299897 -1.10076 3241.26 3036.06 0.549558 0.587736 0.593916 0.580478 613.589 0.470318 0.170934 5355.31 0.323219 2.94616 -0.0996691
673.516 0.415599 2.38828 422.537 -0.12641 -0.479592 1140.58 800.116 0.598615 0.298469 0.808367 0.644094 614.437 -0.818235 0.00377071 1498.99 0.618675 3.06951 0.0996691
1927.96 0.692612 -1.17635 1248.18 0.34067 -2.13297 1605.6 1507.67 0.563221 0.393119 0.539776 0.826714 1620.39 1.60242 0.163425 4397.76 0.514531 2.61534 0.0996691
2382.06 0.368792 1.89385 1277.1 0.642461 0.384234 2461.92 2430.46 0.351862 0.367771 0.159734 0.717501 2493.35 -1.74036 0.16278 4042.58 0.745267 2.48538 -0.0996691
2527.36 0.394567 2.96751 1836.63 -0.474242 -0.395825 4779.65 4602.71 0.402471 0.16445 0.642183 0.550794 751.842 0.223596 0.298785 4518 0.421256 2.71182 0.0996691
3149.14 -0.519741 -0.835321 2112.65 -0.444579 2.36168 5507.23 3561.57 0.199925 0.11263 0.493969 0.588713 1155.33 2.1174 0.103011 5502.92 0.266235 3.05832 0.0996691
1310.97 -1.05615 1.23309 1057.64 0.260892 0.216424 2036.39 2031.9 0.325094 0.655083 0.546629 0.744646 1530.22 -2.79064 0.0432022 3462.45 0.637456 2.96247 0.0996691
1543.99 -0.890668 -0.374862 1338.06 -1.26179 -2.42173 2694.51 2030.21 0.541734 0.167252 0.611491 0.538764 1002.42 1.90186 0.786964 3687.09 0.820125 1.49967 0.0996691
1070.6 -0.0763151 -3.09242 681.534 0.283525 -0.32962 1718.89 1670.23 0.742661 0.22416 0.605263 0.619692 889.736 -0.343803 0.020661 2490.95 0.291202 2.77445 0.0996691
1874.44 -1.13164 -1.7927 1130.13 0.302426 1.05061 3855.75 2845.34 0.124178 0.271427 0.48952 0.73168 848.785 1.74512 0.100664 3135.13 0.167134 2.93774 -0.0996691
2262.75 0.228742 -1.93246 1497.77 -0.22869 1.40866 3772.28 3758.37 0.585857 0.424707 0.634926 0 744.996 -0.408502 0.0210659 5524.97 0.471267 2.33976 0.0996691
2577.42 0.541151 1.49732 1427.17 0.232301 -3.04278 3288.83 2183.55 0.214971 0.366928 0.858751 0.628242 1760.32 -1.22827 0.0348667 5259.22 0.575013 2.9163 -0.0996691
2036.09 -0.165046 -2.21877 1087.11 -0.696489 0.439478 3022.07 2950.01 0.261286 0.63785 0.678035 0.397571 1127.47 1.3729 0.139849 3157.05 0.949271 2.56016 0.0996691
1262.73 0.702234 1.69079 -1 -1 -1 -1 559.062 0.705781 -1 0.709933 -1 1132.11 -1.62029 0.177526 1447.4 0.93543 2.7917 0.0996691
1601.75 -0.827549 -0.427189 1551.78 -1.34288 -2.91097 3099.1 3088.04 0.619199 0.251703 0.675556 0.167945 727.563 1.18701 0.00564766 4020.55 0.29152 2.55152 0.0996691
1173.89 -0.649048 3.08537 586.702 1.12874 3.05725 1704.49 1662.8 0.237308 0.754716 0.678163 0.628631 1563.75 -0.27044 0.0327869 2660.39 0.769503 3.116 0.0996691
1985.84 0.156242 -1.22926 935.136 0.144838 1.92957 2882.12 2081.81 0.128758 0.178244 0.361532 0.599144 1044.79 1.84235 0.084412 2990.16 0.201097 2.91036 0.0996691
2613.06 0.245044 -2.79963 1845.97 1.03564 -0.597033 4356.16 4180.71 0.518657 0.592529 0.713934 0.789518 937.267 1.13532 0.19952 5713.97 0.522944 2.39055 0.0996691
1041.01 1.27447 -0.767613 295.435 -0.479892 2.73334 1568.36 1486.48 0.452199 0.699988 0.733639 0.761517 663.167 2.4482 0.161254 1499.9 0.950158 3.05471 0.0996691
896.6 0.648275 -2.65683 -1 -1 -1 -1 398.89 0.538287 -1 0.578651 -1 840.17 0.459119 0.157481 949.368 0.905807 2.96647 0.0996691
2257.67 1.20556 -0.137363 2164.88 -0.90432 -2.32416 6833.27 6803.63 0.0339105 0.227124 0.45007 0.682962 1699.95 2.07018 0.350463 4866.41 0.930939 2.55852 0.0996691
2370.43 0.0742598 0.517208 1909.05 -0.433168 -1.68291 3986.76 3967.26 0.542013 0.280716 0.367981 0.646131 1575.12 2.79119 0.0357497 4715.46 0.54045 3.09923 -0.0996691
1706.86 -0.883949 2.43552 1319.67 -0.160926 -1.5822 2976.22 2531.61 0.654304 0.119654 0.577778 0.41096 798.213 0.638716 0.00730443 3867.5 0.743318 2.3305 0.0996691
1780.01 -0.268416 -3.12451 1075.58 0.404517 0.242153 2935.43 2933.06 0.177839 0.165922 0.706037 0.340813 763.152 -0.287542 0.529696 2853.4 0.269197 2.91603 0.0996691
1291.96 1.88939 1.41385 991.698 -0.621897 1.54013 3711.52 3039.56 0.0645592 0.601454 0.716104 0.701129 2046.81 -1.67845 0.0302888 2534.61 0.622216 3.04228 0.0996691
2934.9 0.580415 -1.1736 1082.35 0.540132 1.93671 4058.82 1133.55 0.242921 0.485739 0.312483 0.748178 1816.66 2.0259 0.0844448 4331.28 0.84094 2.73289 0.0996691
1556.37 -0.96533 1.07207 1328.76 -1.26709 -1.21194 2668.89 2635.33 0.268193 0.306964 0.109405 0.414468 1397.29 2.63433 1.56137 3711.2 0.97896 2.25573 0.0996691
1788.96 -0.255841 -2.85168 1036.26 -0.188147 0.155689 2777.96 2602.85 0.46533 0.495873 0.527213 0.491574 770.69 0.476849 0.0962679 2832.27 0.967928 3.09667 0.0996691
2536.07 -0.219122 0.451835 1258.29 -0.248902 -2.94475 3844.69 2805.54 0.138908 0.465379 0.496984 0.822118 1438.06 -2.5178 0.0676696 3834.15 0.832994 2.96205 -0.0996691
2670.58 0.104721 1.18245 1333.67 1.21244 -2.12933 4570.57 3630.34 0.0798652 0.442626 0.331816 0.437598 1358.48 -1.76916 0.339283 4168.94 0.969006 2.84389 0.0996691
3232.03 -0.263768 -0.467378 1288.38 -0.253163 2.39494 4264.04 2911.87 0.248355 0.218067 0.562868 0.776004 2063.9 2.86722 0.0230613 4522.37 0.732403 2.96687 0.0996691
1938.72 0.207734 2.34746 1770.8 -0.825066 -1.53818 4025.58 3915.63 0.371932 0.670534 0.654019 0.663832 1043.09 -0.31875 0.389131 4576.16 0.356024 2.84307 0.0996691
655.456 0.357665 2.4897 451.265 -0.0788231 1.3516 643.273 630.897 0.755111 0.258556 0.772593 0.513378 640.255 -0.845626 0.110076 1377.51 0.888124 3.06512 0.0996691
1486.75 0.22079 2.02136 573.178 1.20938 1.00279 1357.16 1243.79 0.289973 0.605976 0.509238 0.623624 1305.02 -1.37072 0.150584 2759.13 0.920922 3.05637 0.0996691
2274.63 -0.755789 -1.60311 955.242 0.197466 1.65288 3361.54 2968.66 0.656032 0.343307 0.665413 0.489743 1903.86 1.33294 0.0116569 3717.62 0.589021 2.9877 -0.0996691
1483.7 -0.295179 1.50736 569.319 1.06603 -1.8808 2325.67 1874.03 0.580438 0.26744 0.841179 0.71492 978.022 -1.48991 0.0104588 2165.83 0.103304 3.1127 0.0996691
1607.14 0.12065 0.170098 707.987 -0.602109 -2.8599 2310.4 2241.91 0.352742 0.681705 0.610525 0.639039 915.423 -2.98359 0.129894 2304.34 0.383836 3.01208 0.0996691
1826.59 -0.374663 2.31786 591.619 0.872348 -1.03481 2502.26 2416.41 0.202732 0.647999 0.31207 0.847754 884.135 -0.309588 0.313048 2940.47 0.971979 2.31439 0.0996691
1210.74 0.823254 1.54361 997.879 -0.90866 -0.985596 3013.51 2963.06 0.723186 0.522479 0.804253 0.747235 1140.13 -2.50777 0.00164557 3153.51 0.382497 3.12067 0.0996691
2289.93 -0.445604 3.05955 2080.47 0.0962431 0.575081 4406.72 3098.6 0.0235013 0.58873 0.55964 0.581061 958.135 -1.18575 0.121499 4976.19 0.616044 2.03316 0.0996691
850.962 0.428584 -0.372969 -1 -1 -1 -1 991.434 0.790646 -1 0.673066 -1 721.321 2.49355 0.205648 1085.03 0.929985 2.66175 0.0996691
2008 0.179426 -0.848755 1158.02 0.261576 2.04373 3057.65 2955.85 0.0760246 0.417482 0.448632 0.50934 912.428 2.53981 0.153154 3162.79 0.936116 3.04578 0.0996691
1886.1 0.434185 2.52585 1059.41 -0.738973 -0.570728 3407.2 2929.3 0.757824 0.329177 0.809659 0.663566 758.93 -0.559936 0.0360069 3055.01 0.433181 3.11957 0.0996691
1784.53 -0.0298945 0.41436 1270.64 0.392175 -2.55918 3086.12 3010.15 0.420488 0.631314 0.426928 0.606348 837.029 -2.52022 0.0481086 4580.02 0.193692 2.97733 0.0996691
829.529 -2.23592 0.968091 680.737 -1.46658 0.213271 959.236 593.198 0.606751 0.446922 0.677941 0.538647 1312.84 -2.79056 1.11623 1954.99 0.798628 1.96781 -0.0996691
2764.55 -0.123351 2.61057 953.715 0.378767 0.326762 3416.23 2878.82 0.0520939 0.678885 0.608453 0.595932 1972.61 -0.815328 0.0199917 4128.32 0.568878 2.76219 0.0996691
2277.74 -0.857742 -1.38192 1898.4 0.235443 2.61323 4651.99 2971.3 0.16862 0.325023 0.707997 0.367888 1474.85 0.831579 0.0493135 4588.78 0.90345 2.56201 0.0996691
1867.69 -0.148016 2.00809 1439.52 1.1538 -0.508466 3874.9 3852.16 0.622878 0.524589 0.613983 0.612378 983.361 -0.673521 0.102304 4878.75 0.803749 2.78465 0.0996691
1439.48 -0.752754 1.60939 731.399 1.44215 0.559702 2930.87 2837.37 0.74789 0.771924 0.586411 0.777966 1781.38 -1.98867 0.0942099 2553.74 0.807156 2.7756 0.0996691
2433.25 -0.53398 -1.38837 2141.85 -0.294634 1.03783 4316.35 4305.05 0.41181 0.727863 0.35725 0.722679 705.812 -2.83701 0.976049 5793.95 0.774582 1.4331 -0.0996691
1517.05 -0.703056 -0.212944 357.793 -0.137228 2.91894 1554.85 1531 0.323468 0.343224 0.627236 0.435806 1181.25 2.91586 0.011169 1858.03 0.621323 3.1193 0.0996691
1883.8 -0.935789 0.718028 1389.5 1.7069 -1.95374 6460.9 6316.72 0.30546 0.521485 0.718352 0.71772 1037.1 2.04423 0.00446796 4700.35 0.66009 2.38427 0.0996691
2522.92 0.406308 -1.74185 2461.32 0.094703 1.29985 5377.48 3956.11 0.232404 0.49637 0.759385 0.671854 604.032 2.75682 0.139817 6008.62 0.340457 3.05672 0.0996691
1418.45 0.943193 2.1058 641.355 1.73198 -0.748985 2047.81 1989.44 0.170272 0.528977 0.309486 0.656492 600.232 -1.19023 0.00835156 2220.13 0.972241 2.9788 0.0996691
1407.91 -0.477989 -0.462183 570.333 0.0545865 2.56522 1892.33 1776.94 0.300033 0.673091 0.513002 0.71922 737.683 2.60778 0.0474596 2226.71 0.440087 2.99453 0.0996691
2621.29 0.710388 0.456265 1264.11 -0.837801 2.89498 4631.21 3074.71 0 0.550806 -1 0.514102 1415.54 -3.07447 0.0107286 5272.66 0.904204 2.74172 0.0996691
1512.71 0.728789 -2.54432 1110.63 -1.25047 1.68986 3743.18 3661.78 0.645543 0.782941 0.564108 0.810095 1098 0.117528 0.920823 3374.66 0.556774 2.48551 0.0996691
1831.6 0.653291 -2.7367 1599.09 -0.0380253 0.118814 3683.43 1985.11 0.622544 0.487414 0.467732 0.602425 1126.55 -0.167281 0.16199 4778.41 0.541774 2.8821 0.0996691
1470.43 0.763501 -2.47947 1345.5 -1.20053 1.1304 4322.08 1447.02 0.219123 0.572876 0.685668 0.685049 830.352 1.26687 0.02384 4119.83 0.663119 2.70001 0.0996691
1548.15 0.225889 0.678236 471.835 -0.227049 -1.76631 1666.62 1634.32 0.591258 0.64663 0.651478 0.871863 1143.28 -2.69252 0.0344188 2672.78 0.635262 2.87742 0.0996691
1592.9 0.147996 0.256137 915.77 -1.09746 -1.99378 2730.91 2598.08 0.245495 0.456925 0.505648 0.626682 794.352 2.98805 0.041872 3288.73 0.631759 2.77275 0.0996691
975.54 0.725793 -2.17383 355.17 -0.115667 1.06636 1308.21 1214.89 0.295992 0.828026 0.746828 0.855476 613.151 0.926561 0.109884 1284.04 0.501383 3.07559 0.0996691
1851.73 1.06357 -0.866895 1510.18 -0.370844 2.63958 4231.72 4082.19 0.126386 0.0450435 0.854984 0.70065 977.459 1.28492 0.0638889 4037.52 0.533689 2.99841 0.0996691
2064.74 0.451197 2.97308 1345.58 0.924854 0.755457 3165.07 3008.13 0.426662 0.429264 0.506339 0.740644 1216.35 -0.914942 0.722143 3976.64 0.892066 2.6365 0.0996691
1600.18 0.753726 -1.17612 1333.19 0.585128 1.15094 2754.52 2389.07 0.399934 0.443964 0.753498 0.674418 950.056 1.89178 0.322142 4246.39 0.725814 2.75481 -0.0996691
3104.19 -0.0684213 1.48262 2316.64 0.648098 -1.56286 5746.01 5616.04 0.3304 0.548935 0.742896 0.519948 1016.47 -2.14206 0.580418 5581.68 0.143709 3.0262 0.0996691
805.091 0.207023 -0.161724 -1 -1 -1 -1 517.413 0.683775 -1 0.568607 -1 712.695 2.96338 0.112402 924.233 0.791158 3.01523 0.0996691
1998.3 0.0574056 -2.47923 1694.08 -0.822566 0.71314 4116.03 3856.14 0.620816 0.512769 0.377009 0.424315 653.335 -2.15617 0.306939 4676.64 0.792735 2.65293 0.0996691
1401.89 -0.599544 0.740015 571.743 0.520238 -2.46976 2103.44 1996.3 0.630969 0.440993 0.746625 0.802807 849.544 -2.42353 0.0407178 1947.23 0.411594 3.0626 0.0996691
1304.58 0.216665 -1.97706 322.039 0.555162 1.36551 1328.07 1274.11 0.758187 0.764315 0.791552 0.675742 1242.97 1.31359 0.0632656 1947.23 0.615957 2.93148 0.0996691
1646.87 0.0600988 -2.02294 1327.47 0.831058 2.3303 2730.06 2680.85 0.536856 0.585416 0.68582 0.575324 1696.32 -0.181222 0.0213663 4307.95 0.840677 2.69975 0.0996691
2285.85 -0.428875 -0.478763 1145.39 0.437279 1.53796 3104.38 3089.18 0.635587 0.569064 0.670824 0.279079 1622.9 -3.05995 0.131468 3956.8 0.838658 2.45236 0.0996691
1648.72 -0.121219 1.31575 778.596 -0.672209 -1.76864 2398.9 2033.9 0.440003 0.240361 0.613873 0.654518 716.907 -1.90832 0.246663 2423.96 0.464088 2.97761 0.0996691
2473.88 0.399165 1.05597 1549.81 -0.149621 -2.03716 4066.99 4057.58 0.342783 0.123393 0.232679 0.522247 666.939 -2.58844 0.550844 5973.66 0.231496 3.09364 0.0996691
2054.66 0.0643823 0.541217 1478.25 -0.239716 2.57129 3038.47 2947.38 0.583658 0.658444 0.436042 0.74881 2192.29 -1.89105 0.0425742 4625.89 0.824122 3.12098 0.0996691
1633.91 0.0465019 2.81729 451.325 0.134202 0.0736723 1707.34 1665.72 0.503685 0.663095 0.682906 0.711218 1134.68 -0.344379 0.420018 2188.02 0.584606 2.73039 0.0996691
1536.04 1.1252 2.06531 437.313 -0.423185 -0.699947 2213.46 1927.7 0.531274 0.542561 0.676185 0.665564 997.027 -1.22333 0.268077 2173.09 0.970228 2.77471 0.0996691
1431.77 0.799816 -1.09375 430.413 2.27178 -2.05614 1465.28 1422.27 0.43981 0.699261 0.511514 0.746444 1640.4 1.89217 0.825201 2086.78 0.959063 2.47433 0.0996691
1481.79 1.78676 -2.73613 1263.8 -0.0135287 0.68118 3917.98 3887.56 0.328496 0.261311 0.781347 0.648846 841.206 0.523117 0.158108 3298.23 0.160157 2.86543 0.0996691
1765.98 0.933308 -2.41258 1370.95 -0.413926 -0.764175 3238.95 3159.13 0.288792 0.0456597 0.310459 0.540554 720.318 2.04351 0.248204 4977.91 0.382794 2.55948 -0.0996691
1345.75 -0.994053 1.6012 750.145 -0.735978 -1.00556 1983.71 1908.59 0.694067 0.513659 0.670988 0.753054 626.637 -1.58617 0.169819 2356.44 0.965457 3.0227 0.0996691
2161.73 -0.713206 0.922954 1856.51 -0.0457665 -2.8937 4192.54 2594.7 0.101669 0.28466 0.524223 0.634699 612.637 -0.864941 0.440602 5018.21 0.88068 1.98975 0.0996691
1260.66 0.641755 0.774533 679.547 -0.16356 -0.470025 1336.53 1282.88 0.36741 0.578421 0.237515 0.64027 1108.48 -2.75106 0.0940261 2452.47 0.475587 2.66374 0.0996691
824.988 -1.81238 0.397182 -1 -1 -1 -1 847.802 0.573518 -1 0.65449 -1 683.929 -2.73365 0.0674808 982.64 0.663616 3.04854 0.0996691
2219.52 0.119803 2.18026 1478.55 1.36007 -2.11397 3884.4 3867.37 0.176809 0.563612 0.269619 0.49673 1108.39 0.0366104 0.299726 4881.31 0.817437 1.85223 0.0996691
939.693 0.193381 -2.37325 600.055 -0.237986 -0.2463 1367.44 1307.1 0.515794 0.61276 0.841543 0.591318 629.383 1.62546 0.0618895 1742.16 0.951877 2.35282 0.0996691
1745.56 -1.0968 2.48694 1377.41 0.586056 -0.381795 4261.02 4162.29 0.657262 0.230986 0.693142 0.599549 1166.93 -2.62433 0.281403 4374.21 0.857362 3.06688 0.0996691
1310.07 0.37149 0.734847 313.317 -0.697233 -2.49388 1480.45 1439.7 0.489804 0.439286 0.468015 0.416784 982.268 -2.5094 0.0253713 1727.24 0.628679 3.01357 0.0996691
1379.19 -0.126171 -2.22456 1076.82 -0.754108 2.41526 1959.8 1936.52 0.491263 0.325227 0.465516 0.751248 1496.32 -0.273444 0.119786 3771.31 0.463217 2.81197 0.0996691
1150.1 0.585267 -2.4141 559.969 -0.109783 0.470697 1704.87 1677.52 0.606974 0.352135 0.710449 0.718924 720.354 0.6008 0.13486 2291.32 0.375057 2.88091 0.0996691
1298.98 1.68659 -0.317132 1112.86 -0.288223 0.394529 2934.55 2832.74 0.271853 0.669007 0.645856 0.725644 1312.24 -2.86102 0.0342903 3571.14 0.575026 3.05278 0.0996691
1777.09 0.810548 -1.33222 1261.02 0.511534 2.04411 3024.93 3008.91 0.358886 0.668561 0.196115 0.531422 711.11 3.04061 0.0364506 4270.09 0.441726 3.12358 0.0996691
1381.71 -1.01214 -0.899607 309.662 0.14825 2.23882 1563.77 1460.79 0.524592 0.568349 0.674642 0.514809 868.672 2.25355 0.00709009 1880.57 0.621147 3.09938 0.0996691
749.571 0.279921 1.27135 371.788 -1.02252 1.05384 812.766 612.37 0.546405 0.474638 0.606051 0.692676 786.308 -1.85895 0.0145662 1508.81 0.29747 3.06097 0.0996691
1517.61 0.135334 -1.1183 1057.98 -1.67376 1.6611 3642.75 3468.75 0.196854 0.578479 0.83432 0.759153 1236.08 2.99223 0.0799577 3907.39 0.468653 3.04765 0.0996691
1472.43 0.953746 -0.955382 1380.87 -0.914331 0.654214 3703.52 3646.73 0.153522 0.481101 0.698809 0.784197 1585.57 2.98931 0.0713475 3262 0.676195 2.41057 0.0996691
1065.53 0.952126 2.50872 415.582 -0.48278 -0.63944 1698.47 1674.27 0.791927 0.64161 0.570944 0.727895 643.834 -0.622806 0.0233927 1466.62 0.444559 3.12359 0.0996691
1795.68 -0.256091 2.76957 1668.37 -1.08876 0.434595 3667.48 2322.67 0.211453 0.394074 0.734997 0.653236 990.643 -1.45515 0.0230677 3941.17 0.920071 2.65547 0.0996691
1071.07 1.22428 -2.71505 -1 -1 -1 -1 1170.9 0.434724 -1 0.610865 -1 917.88 0.269678 0.00189394 1381.55 0.747246 2.98624 0.0996691
2603.52 0.416575 1.8766 1027.95 1.30477 -1.33071 4045.46 1337.01 0.0667676 0.485833 0.530835 0.535953 1439.34 -0.941264 0.0284057 4510.24 0.729458 3.08718 0.0996691
1923.31 -0.0768936 1.43301 1625.35 0.478092 -1.6375 3738.3 3504.01 0.65474 0.61747 0.635176 0.807968 829.191 1.89987 0.0080992 4601.91 0.791425 2.8871 -0.0996691
1668.94 -1.46334 1.43676 1109.03 0.0256945 1.26824 2274.75 2198.21 0.647691 0.641365 0.689675 0.51043 1777.79 -1.9364 0.139899 3771.73 0.61034 2.97753 0.0996691
1987.11 0.842153 1.76124 959.196 0.597123 -1.55612 2937.78 2258.95 0.0902791 0.544085 0.522519 0.651895 1207.97 -1.34729 0.189512 3327.91 0.198564 3.08842 0.0996691
1494.65 -0.0305034 0.282741 1132.93 0.200446 2.28133 2232.75 2172.45 0.611908 0.67547 0.505986 0.554315 765.734 -2.11564 0.0453751 3310.42 0.728165 2.49647 0.0996691
1499.49 0.12262 1.10097 1013.26 -1.08172 -0.853935 2620.6 2550.65 0.641292 0.107383 0.745591 0.645768 1306.84 -2.73565 0.000975609 2682.07 0.712968 2.95423 0.0996691
2178.44 -0.409762 2.21564 2040.86 -0.189135 0.275326 3732.12 3037.38 0.254737 0.145713 0.55343 0.461352 2033.21 -1.85282 0.0343759 4731.58 0.674819 3.00855 -0.0996691
2293.62 1.04978 2.37064 1637.56 -0.566106 0.889183 4492.24 3312.61 0.299868 0.365056 0.804485 0.815425 2089.81 -1.36818 0.0116112 4749.74 0.522485 2.62662 0.0996691
1035.41 1.26699 1.52514 309.825 -0.485821 -1.83367 1612.43 1517.13 0.620758 0.572068 0.710603 0.788633 754.34 -1.78874 0.0861148 1529.95 0.572006 2.88715 0.0996691
1236.96 -1.18429 -1.53455 665.28 -0.0694413 2.31639 2129.91 1356.87 0.135091 0.224177 0.458379 0 786.242 1.08991 0.307261 1993.46 0.77324 2.53639 0.0996691
1736.14 -0.120963 -0.397584 508.977 -0.785777 2.79423 2034.98 1736.22 0.0800708 0.122305 0.738526 0.709524 1159.56 2.71672 0.0711606 2236.72 0.851579 3.04285 0.0996691
1032.23 -1.47811 -2.94348 301.813 0.302694 0.251734 1613.18 1511.96 0.642198 0.531065 0.768888 0.40504 735.843 0.239104 0.01307 1338.89 0.526671 3.09527 0.0996691
634.73 1.7702 -0.828891 564.546 -1.41529 -1.8368 2912.1 2255.33 0.607568 0.167153 0.76241 0.613776 648.681 1.82025 0.108746 1575.09 0.452978 3.11624 0.0996691
1184.42 0.579055 -2.72764 291.737 0.105762 0.407721 1261.36 1160.63 0.598927 0.300086 0.660493 0.56878 949.935 0.179727 0.221582 1706.5 0.828697 2.93176 0.0996691
1834.84 -0.3421 -0.554813 1484.16 0.731467 -3.09356 3757.59 3159.82 0.17267 0.290791 0.700042 0.219455 660.045 -0.0560485 0.0484136 4645.08 0.552486 3.08354 -0.0996691
1417.99 -0.191855 -2.25272 612.94 0.70869 1.03285 2074.48 1960.7 0.648836 0.62184 0.508051 0.592859 624.523 1.06183 0.0215797 2460.55 0.779557 2.98408 0.0996691
2792.1 0.102936 2.52681 1756.99 0.154485 -0.235621 4406.82 4312.3 0.145247 0.615811 0.448887 0.353376 673.781 -1.92204 0.342518 4915.6 0.99087 1.50168 0.0996691
1001.34 0.540682 -0.24344 485.799 -0.0942635 1.33757 1096.02 1091.53 0.684992 0.553433 0.71139 0.612417 780.523 -3.04375 0.0521154 1835.53 0.590437 2.74747 0.0996691
2283.56 -0.222385 0.845475 809.067 -0.89022 -1.23704 2650.14 2713.94 0.344233 0.684343 0.796481 0.455384 1470.15 -3.08445 0.156464 4074.19 0.830419 2.57363 0.0996691
2500.63 0.0750327 -2.88228 1661.41 -0.492867 -0.0183481 4221.21 4191.18 0.615722 0.239997 0.727212 0.684079 709.736 1.10194 0.0767125 4735.06 0.856679 2.37512 -0.0996691
2683.97 -0.477886 -0.998365 1264.61 0.147662 1.59742 3991.6 2839.98 0.343182 0.592686 0.489045 0.707546 1059.25 1.7309 0.109594 5167.86 0.74561 2.972 0.0996691
2513.62 0.7782 -0.227015 1143.98 1.01233 2.46224 3587.44 2931.33 0.109756 0.378704 0.695688 0 1721.98 -2.97079 0.00247169 4345.64 0.637408 3.05957 0.0996691
783.937 -0.443875 -1.65697 -1 -1 -1 -1 679.292 0.319414 -1 0.727925 -1 631.964 1.43499 0.0227474 919.536 0.701506 3.11599 0.0996691
1589.28 0.41954 1.8653 1110.64 -0.314229 -1.73387 2865.2 2623.16 0.691093 0.490941 0.509268 0.757704 731.825 -2.14953 0.255897 3834.58 0.824104 2.14248 0.0996691
2457.01 0.914467 1.88572 1777.38 0.529409 -1.03199 4249.71 4122.68 0.866226 0.449656 0.723157 0.714776 619.334 -1.12884 0.107541 4779.9 0.212812 2.90502 0.0996691
818.524 1.24446 -2.23491 308.474 1.21153 0.88146 1064.29 2203.1 0.252885 0.62658 0.226589 0.731895 847.555 1.0065 0.106799 1470.55 0.291754 3.1137 0.0996691
2411.46 0.463979 -0.290408 2045.68 -1.21617 -3.03005 6061.35 5975.65 0.383493 0.657191 0.65493 0.603815 788.521 1.73494 0.682116 4872.89 0.972515 1.357 0.0996691
1650.12 -1.31177 1.11442 -1 -1 -1 -1 932.796 0.563282 -1 0.61178 -1 1481.82 -1.99308 0.167034 1766.61 0.95361 3.00868 0.0996691
2330.44 -0.613732 1.67554 1705.34 -0.331235 -0.472458 3612.96 3431.56 0.443594 0.645243 0.0579374 0.671222 1544.29 -2.33225 0.0673654 4497.59 0.668909 2.36062 0.0996691
2357.82 -0.134517 2.99728 1433.86 0.0107397 0.235425 3643.65 3582.69 0.742952 0.259025 0.595006 0.757762 1311.92 0.310987 0.0746286 4911.21 0.968665 2.88454 0.0996691
2339.29 0.284357 -0.751813 1498.78 0.29796 -2.83488 3361.68 2894.6 0.644264 0.328962 0.606009 0.700573 1601.58 1.79849 0.420784 4326.65 0.743125 2.12489 0.0996691
933.104 1.29014 -1.53827 425.247 -1.72731 2.49841 2941.79 2866.64 0.440303 0.619024 0.662579 0.5919 672.198 0.873082 0.0957721 1699.21 0.535756 2.64218 0.0996691
1616.44 -0.0163924 -0.274672 1033.75 -0.814378 2.82678 2815.73 2770.76 0.66967 0.244709 0.752209 0.645877 956.556 -2.97161 0.301181 4132.69 0.353968 2.6881 0.0996691
1258.47 0.846689 1.62381 415.429 -0.403908 -3.06364 1428.3 1395.79 0.122715 0.522617 0.641293 0.688713 1058.09 -1.19262 0.0316904 1930.35 0.797748 2.78447 0.0996691
1041.69 1.11661 1.08095 717.82 -0.153293 -2.50866 2128.93 1831.35 0.171159 0.447972 0.472049 0.711111 673.57 -1.84027 0.0932578 2570.26 0.898989 3.02072 -0.0996691
3084.88 0.0853669 -1.07202 1678.11 0.314284 -3.13302 3966.96 3929.72 0.278111 0.563915 0.115149 0.737358 2201.28 1.51827 0.0469309 5248.53 0.746401 2.54309 0.0996691
2042.64 -0.137234 0.580557 1690.69 -0.189035 2.17666 2689.99 2663.18 0.508662 0.569959 0.387248 0.613497 618.357 -2.18856 0.022445 5489.41 0.541255 2.74649 0.0996691
1395.29 -0.246307 -2.76098 -1 -1 -1 -1 444.529 0.129587 -1 0.474283 -1 1373.16 0.245996 1.48326 1541.11 0.915611 1.56697 0.0996691
1883.71 -0.527707 -1.07023 1436.81 -0.693444 2.95549 3004.88 2971.88 0.732264 0.350379 0.583432 0.519118 765.335 0.825203 0.237996 4575.26 0.610336 2.73709 0.0996691
1474.96 0.101935 3.0303 984.002 1.52249 0.913046 2822.33 2729.88 0.422586 0.662714 0.770765 0.513377 877.232 -0.247906 0.0511796 3448.76 0.569822 3.06073 0.0996691
1301.06 0.542259 -0.874958 779.99 -1.46938 1.41165 3023.83 2937.43 0.322129 0.636204 0.518365 0.758765 985.25 2.97272 0.98943 2069.05 0.959058 2.85576 0.0996691
1337.32 -0.509007 -0.171947 1009.13 0.307254 -3.07834 2579.94 2297.15 0.420828 0.375402 0.47786 0.627801 1009.76 -0.286131 0.0440222 3233.4 0.904672 2.82054 0.0996691
2160.65 0.254671 0.015167 839.975 -0.359872 -2.66507 2779.35 2688.54 0.700775 0.387477 0.844198 0.652545 1114.62 -2.70646 0.0224104 4088.98 0.497512 2.70069 0.0996691
1668.15 -0.293494 2.78037 1257.03 0.800327 -1.01781 3261.63 2646.5 0.313936 0.268678 0.60092 0.640647 908.078 0.423589 0.586408 2952.13 0.979294 1.77063 0.0996691
1530.31 0.0474866 0.879154 1429.13 -1.31285 -0.246604 2709.33 2687.55 0.412482 0.208286 0.480497 0.715148 1007.01 -2.411 0.334905 4747.7 0.569233 2.95568 -0.0996691
1193.89 0.602841 2.91263 679.51 -0.846883 -0.577634 2329.85 1866.42 0.686331 0.384132 0.465597 0.577732 646.839 0.193253 0.0177156 1975.9 0.23837 2.97946 0.0996691
2000.93 -0.658592 2.00723 1839.33 -0.0752896 0.00153818 3436.12 3429.26 0.592721 0.664689 0.479003 0.678698 1360.17 -1.88627 0.345566 4689.36 0.839013 2.73586 0.0996691
1479.56 0.26922 1.08154 434.241 -0.637485 -3.03219 1620.06 1568.61 0.596975 0.46933 0.72351 0.747338 922.423 -1.7867 0.024637 2198.09 0.66012 2.84274 0.0996691
1939.2 -0.479073 -0.491328 984.168 0.611283 2.53844 3196.78 3072.94 0.684038 0.693078 0.744003 0.690645 937.148 2.76896 0.262127 2913.17 0.357089 2.99781 0.0996691
1877.73 -0.514902 2.54768 1191.45 0.779397 -0.501183 3648.04 3597.9 0.279554 0.259773 0.506402 0.771752 1157.51 -0.451853 0.0448759 3981.04 0.311424 3.06144 0.0996691
1941.92 0.780225 0.455881 1856.55 0.545282 2.38947 3160.55 3152.98 0.778795 0.410867 0.619557 0.466458 1031.8 -1.47395 0.0164281 5158.58 0.654508 2.40266 0.0996691
1451.94 -0.411614 -2.96981 441.362 -1.0836 0.269858 1698.93 1673.74 0.372312 0.587017 0.633624 0.671853 1026.66 0.374841 0.0979784 2147.32 0.54319 3.03499 0.0996691
2423.95 0.310769 -2.55443 2205.83 0.599803 0.402005 4873.01 4283.34 0.55823 0.254237 0.347031 0.562285 615.444 1.4852 0.882146 4956.92 0.662314 2.09591 0.0996691
1687.53 1.16451 0.8408 681.68 -0.311495 -3.04023 2681.08 2598.5 0.610721 0.0969788 0.654423 0.524148 1080.45 -1.33567 1.58774 3021.42 0.812763 2.19055 0.0996691
1424.81 -0.633921 -0.218647 -1 -1 -1 -1 320.734 0.277485 -1 0.728367 -1 1422.49 2.89265 1.34133 1484.95 0.967805 1.91747 0.0996691
1479.59 0.673297 1.48235 1050.83 -1.10126 -2.96916 3200.66 3193.46 0.0843755 0.709735 0 0.795941 1084.48 -0.872199 0.15024 3164.67 0.491126 2.50479 -0.0996691
2262.81 0.0710895 -2.41075 1535.77 -0.774383 -0.422649 3702.16 2694.34 0.209625 0.559752 0.622077 0.402808 2016.94 1.41069 0.217023 4060.04 0.669727 2.83875 0.0996691
1811.62 -1.20348 -2.15536 1781.48 0.854267 0.736747 5660.94 5608.57 0.476569 0.202374 0.674884 0.457247 1005.64 3.05366 0.173107 5429.49 0.393723 2.82184 0.0996691
1887.63 -0.700267 1.07422 331.522 0.310996 -2.65803 1775.02 1716.84 0.257812 0.672278 0.634695 0.745411 1555.51 -2.02654 0.654018 2354.69 0.738041 2.52206 0.0996691
1134.63 0.0608831 0.943539 285.213 1.03919 -2.03696 1361.03 352.243 0.201167 0.346035 0.63734 0.778297 953.846 -2.12744 0.0456922 1528.64 0.0702423 3.13793 0.0996691
1053.2 -1.15525 2.90024 -1 -1 -1 -1 343.043 0.290108 -1 0.834185 -1 889.227 -0.425704 0.0222822 1515.75 0.572736 3.09317 0.0996691
1024.11 -0.707251 -2.32817 603.037 0.851344 -0.373413 1882.86 1875.03 0.608892 0.0056667 0.64997 0 685.489 0.812144 1.18586 2097.14 0.599465 1.95188 0.0996691
2092.25 -0.594904 -1.06358 983.299 0.610954 3.03565 3188.65 3003.72 0.56284 0.537508 0.840672 0.567602 2139.1 1.40625 0.0625286 4495.44 0.743931 3.06426 0.0996691
2232.56 0.310423 1.84629 1539.43 -0.563069 -0.8261 4057.01 3842.41 0.31052 0.631833 0.485378 0.786689 746.232 -1.78734 0.108442 4190.92 0.721485 2.91356 0.0996691
1092.63 -1.18991 3.03204 941.859 -0.980563 0.848228 1840.87 1756.18 0.588786 0.741597 0.644178 0.830678 824.816 -1.24386 0.0664173 2629.13 0.282137 2.575 0.0996691
1537.06 0.151666 -2.1323 1425.65 0.595234 1.19712 3160.31 2939.33 0.114276 0.551914 0.555425 0.732345 1602.97 1.17608 0.0244542 4626.3 0.311652 3.07844 0.0996691
1433.9 -0.861967 -0.142592 635.166 1.99418 -1.44819 3940.62 3264.14 0.166596 0.237125 0.761633 0.560067 1233.67 2.60264 0.0768244 2544.93 0.547884 2.82306 0.0996691
853.918 -0.445472 -0.119743 270.285 -1.15974 1.56641 826.554 772.521 0.644222 0.274548 0.79506 0.548955 815.255 -3.06364 0.260299 1367.69 0.70058 2.70586 0.0996691
2443.94 0.520782 2.06317 485.091 -0.470409 -0.838624 2759.12 1021.76 0.108597 0.299752 0.289566 0.69379 1848.24 -0.957776 0.321428 3286.61 0.778859 2.86335 -0.0996691
2445.27 0.0299264 2.82311 1551.85 0.298403 0.607649 3660.96 3150.53 0.64346 0.473925 0.55199 0.4865 601.488 -0.933148 0.0217922 5360.54 0.255021 3.0016 0.0996691
1171.88 0.869001 3.04193 -1 -1 -1 -1 849.87 0.363645 -1 0.34054 -1 1029.86 -0.0879934 0.285391 1265.34 0.851136 2.86801 0.0996691
1511.85 -0.260807 1.85559 1491.96 0.61757 0.542628 2309.36 2260.3 0.272156 0.659976 0.506452 0.824054 1489.45 -2.28829 0.907628 4117.97 0.581816 1.92176 -0.0996691
1680.71 0.191133 1.42374 1011.97 -0.567397 -1.65424 2870.1 2294.45 0.330999 0.645873 0.582475 0.829342 670.066 -1.84477 0.189679 2703.68 0.10757 2.94334 0.0996691
2001.73 1.16923 -0.0867841 1625.01 -0.511685 -2.71231 4906.46 4002.42 0.166222 0.214533 0.145737 0.414313 698.484 2.38088 0.653487 4113.72 0.796303 1.8149 0.0996691
2527.92 -0.0552061 -2.83348 1424.34 1.16637 0.335266 4532.44 4516.07 0.414519 0.173075 0 0.52524 707.138 0.283899 0.0538939 4291.17 0.282185 3.11195 0.0996691
1613.22 -0.892091 0.758578 1259.71 -0.172296 -3.01119 2912.04 2900.61 0.601442 0.673687 0.526758 0.55109 1035.33 -1.51201 0.18821 2889.43 0.974148 2.46142 0.0996691
1123.33 -1.3805 1.6555 731.755 -0.82692 -3.09251 1416.39 1010.75 0.650282 0.481895 0.555991 0.617428 1216.27 -0.918649 0.189653 2023.6 0.633945 3.04766 0.0996691
1656.83 0.922053 1.15923 1011.15 0.299059 2.50873 1842.8 2954.42 0.523725 0.400783 0.745061 0.569899 1366.21 -1.13619 0.0343015 2960.21 0.963244 2.2635 0.0996691
924.654 -0.804466 -1.13657 -1 -1 -1 -1 776.567 0.574238 -1 0.634561 -1 739.646 2.02789 0.0564325 1174.41 0.700216 3.06811 0.0996691
1741.8 -0.224078 1.60417 848.888 -0.252044 -0.375853 2035.82 2030.52 0.572959 0.636402 0.590988 0.541543 1268.83 -2.10781 0.101822 2873.15 0.840666 2.67304 0.0996691
1012.02 -0.221408 1.11663 539.222 1.0995 -2.1586 1823.24 1779.07 0.15058 0.296405 0 0.61092 734.592 -2.01405 0.136068 1828.63 0.324488 3.01644 0.0996691
2408.83 -0.530373 0.789774 1146.87 0.5976 -2.57715 3992.65 3016.24 0.501746 0.125658 0.109692 0.63938 1242.53 -1.94769 0.0694736 3996.81 0.712618 2.80678 0.0996691
1999.44 -0.804965 0.864234 1388.11 -0.604291 2.65584 3038.26 1746.97 0.438397 0.397458 0.25391 0.647588 1113.94 -1.84212 0.104905 4871.3 0.129125 3.08609 0.0996691
1336.36 0.518479 0.995261 1003.88 -0.998659 -1.71265 3005.3 2849.17 0.565041 0.653893 0.52637 0.627195 722.276 3.06844 0.874438 2562.07 0.763297 1.66882 0.0996691
1518.7 0.0985299 -2.01178 726.429 1.10496 1.00811 2453.71 2134.09 0.198199 0.704361 0.443039 0.744277 844.562 1.26943 0.123415 2225.28 0.66355 2.8826 0.0996691
1247.45 1.30471 -1.13092 349.548 0.649453 2.04891 1416.32 1374.22 0.258784 0.463654 0.471186 0.633965 912.781 1.9929 0.0491663 1610.18 0.566467 3.10194 0.0996691
855.515 -0.30813 0.125189 -1 -1 -1 -1 435.365 0.343709 -1 0.764945 -1 834.792 -3.05493 0.0647671 875.731 0.914262 3.12438 0.0996691
1738.24 1.0592 -1.84477 1654.22 -1.22149 -0.631825 5140.45 5136.42 0.340605 0.143451 0.173546 0.420567 1225.01 1.51697 0.115461 5127.82 0.749964 3.03697 0.0996691
1150.73 0.893159 -1.89278 469.737 -1.16024 1.36219 2334.72 2232.91 0.542208 0.472418 0.860612 0.715406 644.659 1.3889 0.0253757 1739.63 0.408667 3.0423 0.0996691
1255.91 0.176507 2.63094 357.799 -0.731958 -0.608242 1550.31 727.024 0.461782 0.708144 0.237572 0.659252 1163.96 -0.591213 0.0700396 1883.09 0.576795 2.9549 0.0996691
1973.91 0.523783 2.50113 1537.28 -1.4376 -0.0573877 5237.44 4945.82 0.501995 0.68638 0.654374 0.659035 739.36 -1.42512 0.050814 3746.73 0.855915 2.31996 0.0996691
781.169 -0.261528 1.87854 708.387 -1.4472 -2.20337 1647.38 1593.94 0.688199 0.510635 0.694571 0.65773 603.301 -0.286374 0.175815 1520.47 0.909596 2.35406 0.0996691
2144.92 -0.022412 -1.3869 1185.12 1.1338 2.84379 3531.04 2388.89 0.068749 0.668192 0.726181 0.842502 1012.09 1.59779 0.423597 3495.21 0.953638 2.85409 0.0996691
1705.15 0.37222 -1.03178 1413.3 -0.911932 0.955591 3430.59 2777 0.220997 0.288328 0.299529 0.59203 1662.76 2.98876 0.0712185 3321.98 0.643537 2.39824 -0.0996691
1917.75 -0.779443 -1.92094 1833.74 0.114233 2.1797 3945.03 2570.7 0.205153 0.446819 0.753195 0.441813 1481.14 0.224211 0.0736492 4294.15 0.604703 2.97498 0.0996691
1242.68 -1.11558 0.1733 649.164 -0.186164 -1.90287 1846.43 1422.36 0.567727 0.611261 0.578649 0.763847 720.564 -2.21363 0.067955 2969.21 0.748478 2.46273 0.0996691
2524.3 0.343264 0.779538 1219.3 1.33515 -1.54541 3956.58 2945.15 0.238392 0.180033 0.376302 0.0354221 1569.76 -2.71762 0.00985336 4138.82 0.770783 2.9981 0.0996691
2113.21 -0.876569 -0.12681 1434.62 0.401212 1.91326 4048.33 2679.23 0.0178333 0.560353 0.640564 0.486775 780.129 -2.58804 0.0281668 4749.5 0.255393 2.64847 -0.0996691
2242.71 0.438301 -2.19651 1286.86 0.143944 2.50155 2484.37 2458.06 0.43542 0.503125 0.414394 0.826266 1452.55 0.412655 0.0547651 4622.33 0.681729 2.66393 0.0996691
709.414 -0.779496 1.00767 308.919 -0.233585 -0.929538 883.532 561.161 0.487417 0.490471 0.254963 0.754752 625.005 -2.59383 1.46665 1016.34 0.772947 2.02457 0.0996691
1472.26 0.895168 -1.66578 1344.52 -0.975418 1.82491 4117.62 4067.69 0.526914 0.438576 0.323753 0.491214 739.074 -1.70172 0.0367128 4982.49 0.178106 2.79375 0.0996691
2316.33 0.150891 0.89846 877.555 0.790565 -2.82587 2994.41 2678.12 0.704147 0.714232 0.453572 0.809353 998.707 -1.86588 0.0804449 4334.01 0.686402 3.12821 0.0996691
1784.6 -0.15225 -3.03144 1022.06 0.735437 0.852852 2815.17 2792.78 0.424669 0.349745 0.617985 0.463308 1397.3 0.0941708 0.755383 3851.38 0.444362 2.4022 0.0996691
1965.23 -0.184667 2.99944 1442.76 -0.136573 0.883543 3106.63 2504.03 0.00155689 0.145151 0 0.813154 1087.87 -0.141295 0.242261 4789.89 0.702119 2.89848 -0.0996691
2203.36 0.26602 2.64201 2123.31 -0.662117 -0.124975 4816.2 4474.14 0.701174 0.240473 0.847325 0.802657 752.44 -0.463402 0.0381469 5050.73 0.820046 3.0668 0.0996691
2299.9 -0.435818 1.69392 1369.75 0.59918 -1.64982 4034.52 4005.38 0.538633 0.213378 0.680915 0.527526 737.108 -0.647062 0.0155346 4418.04 0.860785 2.35775 0.0996691
1843.82 0.265719 0.546413 392.207 -1.70945 -2.40151 2646.73 2378.9 0.587527 0.626797 0.606883 0.587338 1413.94 -2.66623 0.268645 2801.74 0.612554 2.93129 -0.0996691
1488.84 1.07873 -1.09966 538.785 0.465643 1.87881 1915.48 1666.57 0.711847 0.505336 0.490981 0.53585 976.245 2.0749 0.0972996 1992.47 0.883261 3.01391 0.0996691
1759.89 0.942649 -1.82698 1613.77 -1.3211 2.23842 5578 5527.18 0.543926 0.721135 0.789834 0.708878 1196.45 0.266426 0.0600359 3544.6 0.856105 2.03254 -0.0996691
1934.74 -0.879294 1.51385 1871.83 0.556931 -2.62233 4490.45 4449.4 0.525219 0.642623 0.262625 0.718885 658.273 -1.27174 0.607743 5147.37 0.817951 2.17728 -0.0996691
1555.29 0.0664372 -1.21349 566.827 2.25182 2.07635 3144.45 2963.51 0.280333 0.248941 0.636714 0.597552 832.09 1.96912 0.0912277 2275.35 0.809553 3.13928 0.0996691
769.148 -0.476657 2.1432 -1 -1 -1 -1 106.423 0.629366 -1 0.721991 -1 689.961 -0.973673 0.00348276 785.18 0.92318 3.11749 0.0996691
1928.14 -0.96254 -3.06107 1072.44 -0.241347 1.02373 2802.24 2725.56 0.574253 0.335277 0.580139 0.812201 1543.1 -0.00368382 0.0312838 4777.46 0.523247 3.0368 0.0996691
1410.43 0.520676 1.48706 -1 -1 -1 -1 1124 0.485825 -1 0.541017 -1 1206.07 -1.66259 0.665478 1781.71 0.741639 2.46369 0.0996691
1259.26 -0.7837 0.9788 -1 -1 -1 -1 995.893 0.216236 -1 0.385629 -1 1088.38 -2.25192 0.0256279 1447.27 0.741179 3.02684 0.0996691
2432.61 -0.569019 -0.410963 1273.44 0.760759 2.5202 4415.68 3036.24 0.662538 0.144988 0.558213 0.780625 833.959 3.04444 0.149333 4134.34 0.585387 2.97711 0.0996691
1567.33 -0.638027 2.40827 985.592 0.545529 -0.175714 2890.8 2566.96 0.302966 0.455633 0.467944 0.794276 881.269 -1.31998 0.656852 2700.87 0.932768 1.89796 0.0996691
2719.69 0.190255 -3.11479 1468.52 0.472528 -1.05707 3782.25 2411.85 0.203467 0.41908 0.46804 0.378853 1939.04 0.51289 0.389432 4845.4 0.563349 2.5178 0.0996691
2367.97 0.289067 -0.416042 2167.25 -0.101678 2.35143 4755.12 2809.03 0.527179 0.359119 0.711776 0.298102 609.502 -2.47951 0.0269117 4675.66 0.710266 2.21697 0.0996691
1553.01 0.653447 2.51142 710.168 -0.0594163 -0.491803 2467.79 1397.93 0.462967 0.51443 0.244464 0.528964 754.911 -0.449304 0.0411151 2960.53 0.108377 2.92756 -0.0996691
2072.83 -0.274918 1.05617 1156.02 -0.341343 -2.80063 3037.65 2820.55 0.465206 0.582218 0.392244 0.657558 612.116 -2.19207 0.0864484 4356.52 0.806584 3.04737 0.0996691
1861.05 0.303826 2.08559 1216.26 0.830879 -2.10248 2767.29 2553.76 0.556179 0.389297 0.232192 0.690531 2221.6 -0.798249 1.08993 3939.92 0.979429 2.30594 0.0996691
1159.66 -0.181135 -0.627099 1013.03 1.51548 -0.613994 2142.28 1735.9 0.367515 0.714124 0.651419 0.66511 1356.38 2.84863 0.0381539 3522.17 0.0763247 3.09571 -0.0996691
1125.89 -0.375901 2.56579 522.91 -0.878455 -1.42719 1462.31 1440.71 0.652292 0.354228 0.546231 0.30283 629.144 -0.120054 0.115449 1820.17 0.719407 2.79758 0.0996691
1639.22 1.09943 1.97034 945.546 -0.54567 -2.76409 2917.82 2677.64 0.752032 0.153238 0.705861 0.703522 1891.49 -0.659356 0.203862 2633.09 0.970149 2.4266 0.0996691
1204.19 -0.0508408 2.11518 1022.71 0.442207 0.577483 1657.3 1623.19 0.339302 0.153341 0.594092 0.67197 1662.6 -1.66753 0.42124 2248.18 0.927988 2.92339 0.0996691
1552.91 -1.06967 -2.20908 1029.93 -0.47822 -0.578664 2028.34 1962.81 0.762835 0.312863 0.822437 0.674018 1081.19 1.72507 0.501344 3339.08 0.340546 2.85623 -0.0996691
1695.5 -0.331935 -0.732505 430.125 -0.398339 2.61028 1786.33 1516.69 0.238216 0.684269 0.600108 0.659646 1182.18 2.43882 0.138189 2183.67 0.577539 3.01722 0.0996691
1521.1 -0.670841 2.00335 1042.26 -0.0516915 -1.51271 2642.93 4410.85 0.557193 0.459914 0.69403 0.607447 1039.38 -1.61677 0.0937297 3563.57 0.373864 2.76425 0.0996691
1121.94 -0.98701 1.35482 -1 -1 -1 -1 812.057 0.648264 -1 0.586233 -1 1238.29 -1.73415 0.11131 1374.79 0.962051 2.98111 0.0996691
1937.06 -0.627451 2.33239 1411.92 -0.597762 0.829838 2364.09 1965.21 0.224885 0.49502 0.546876 0.490731 1357.9 -1.48355 0.00415647 4445.24 0.674557 2.47097 0.0996691
2059.08 0.164407 -0.944978 1230.46 0.349875 1.38985 2974.67 2903.79 0.429693 0.293684 0.563388 0.737934 1084.94 2.43532 1.04736 4588.05 0.456919 2.33725 0.0996691
1378.11 0.0234629 -0.586176 1346.72 -0.861402 -2.99976 2858.77 2798.61 0.38579 0.714581 0.227392 0.571409 635.129 0.410822 0.010043 4433.17 0.87094 2.88303 -0.0996691
2569.22 0.880387 0.549927 1780.36 -0.238222 -2.92496 5160.44 3684.01 0.264337 0.383523 0.447278 0.727685 1019.43 -2.12541 0.0387392 4448.33 0.664353 2.87454 0.0996691
1391.1 -0.216732 -1.95033 786.407 -0.276395 -3.03623 1135.11 1046.04 0.494413 0.644197 0.752352 0.467277 1262.96 0.64127 0.0439063 2865.72 0.716424 2.99536 0.0996691
2266.35 0.0177094 -2.53305 1771.9 0.660632 1.72817 3955.68 2886.69 0.120776 0.442181 0.270149 0.694907 1447.68 -0.254448 0.08051 4670.77 0.440134 2.43164 -0.0996691
1524.21 -0.571297 2.55331 1061.23 0.850095 -0.461073 3215.72 3192.48 0.770281 0.60646 0.766036 0.678593 639.683 -2.17781 0.0597613 3914.97 0.662386 2.56414 0.0996691
2985.42 -0.278642 2.3794 1227.19 -0.00166796 -1.06885 4280.92 2949.41 0.0813876 0.464246 0.614922 0.739308 1940.27 -0.558041 0.123368 4478.52 0.522386 2.70272 -0.0996691
1701.75 0.278943 -2.17448 1508.86 0.286324 0.392394 3093.63 3022.61 0.573843 0.503673 0.456893 0.617831 652.508 2.88869 0.0240927 4002.36 0.901616 2.47987 0.0996691
2882.07 0.443105 3.02314 2489.51 0.479338 0.375989 5254.56 5014.29 0.193993 0.512253 0.266737 0.661975 634.914 -0.0276017 0.0399648 6663.45 0.883378 3.09278 0.0996691
1681.99 -0.630131 1.81829 760.019 0.502097 -1.39429 2663.61 2218.48 0.4744 0.274347 0.335777 0.503022 968.116 -1.28777 0.171615 2458.58 0.754108 2.93513 0.0996691
3079.2 0.0230376 1.52429 2184.36 -0.170205 -1.7598 5293.45 4487.16 0.315223 0.535416 0.506207 0.662936 640.747 -1.7272 0.032663 5725.59 0.561628 3.02967 0.0996691
904.289 1.76877 -2.38706 -1 -1 -1 -1 571.862 0.363497 -1 0.278552 -1 881.736 0.804945 0.0259631 964.167 0.914051 3.11585 0.0996691
1211.8 -0.787139 0.819742 1011.43 -1.22373 -0.754122 1676.82 1606.44 0.639429 0.83736 0.506655 0.830018 1026.97 -3.04598 0.00350142 2889.84 0.632703 2.90862 -0.0996691
2178.44 -1.53655 2.53555 1284.83 0.279154 -0.495949 4990.85 4058.28 0.0218973 0.514628 0.718222 0.763509 796.658 -0.99835 0.514614 3506.87 0.147122 2.84692 0.0996691
1627.47 0.245362 -1.28172 1166.21 -0.683678 0.864773 2776.87 2737.32 0.472684 0.615077 0.58239 0.607543 1123.77 -3.12216 0.0168121 3925.56 0.744886 2.42751 0.0996691
2015.56 -1.07856 -3.03839 1609.89 0.62105 -0.0786599 4990.87 4924.11 0.0530473 0.25788 0.284611 0.641208 991.61 -0.0603332 0.023566 5957.1 0.152262 2.95627 0.0996691
1245.99 -0.708895 -1.71776 1242.23 -1.23334 1.85078 2542.73 2428.69 0.432072 0.138363 0.484124 0.687821 1452.19 0.109041 1.55031 3694.87 0.823285 1.83023 0.0996691
2276.26 -0.358273 -2.28604 904.744 1.16167 2.22007 3330.34 3061.6 0.255834 0.43655 0.577807 0.237742 2317.72 0.827077 0.16843 4127.49 0.979599 2.93401 0.0996691
1548.19 0.0649609 -0.0888015 1010.12 1.11389 -2.96372 2965.29 2359.22 0.0918767 0.608053 0.678736 0.563394 635.667 2.67728 0.17726 2660.62 0.941421 3.10276 0.0996691
1720.99 -0.299035 0.60915 1567.45 -0.318335 -3.12737 3164.95 3142.29 0.48673 0.74579 0.541876 0.575399 1071.78 0.392225 0.218232 4807.07 0.297842 2.54503 0.0996691
2333.66 0.44649 3.0906 1907 -0.00365771 -0.268914 4422.18 3651.98 0.260038 0.0689633 0.163165 0.51902 766.442 0.561303 0.25589 4648.98 0.772931 2.35286 0.0996691
1379.39 -0.696203 0.185503 739.941 -1.29651 -1.36751 1563.83 1509.8 0.210353 0.437824 0 0.725644 1261.54 3.0875 0.274012 2783.6 0.728143 3.10563 0.0996691
2154.77 -0.421165 2.76797 1432.3 -0.386172 -0.568544 3532.53 3411.14 0.655261 0.473093 0.728277 0.557436 735.468 -0.565382 0.0197273 4765.93 0.426923 3.13165 0.0996691
1813.72 0.0846726 -2.43213 1333.14 0.465781 1.80729 2730.78 2724.83 0.40242 0.414237 0.551295 0.55803 1388.38 -0.525752 0.0735317 4505.5 0.589576 2.25962 -0.0996691
1654.06 0.779568 0.268616 396.522 -0.707027 -0.0413636 1501.45 373.544 0.440736 0.280617 0.373911 0.766998 1746.46 -2.90788 0.0544991 2387.76 0.949646 3.14122 0.0996691
2080.88 0.604754 -1.73188 1138.45 -0.0898004 2.29704 3002.37 2940.17 0.578032 0.70622 0.673813 0.805852 2064.61 0.824106 0.0884547 4397.19 0.476443 3.0463 -0.0996691
1366.12 0.420596 0.95775 586.631 -0.14068 -2.21773 1888.4 1824.97 0.489379 0.606332 0.755525 0.515047 798.95 -2.18811 0.000114918 2289.71 0.416048 3.13523 0.0996691
897.823 1.25915 0.986397 -1 -1 -1 -1 458.065 0.311295 -1 0.682982 -1 817.952 -2.11016 0.172606 946.676 0.888803 3.01446 0.0996691
1941.96 -0.106865 2.50207 1617.09 -0.792991 -2.177 2878.55 2780.99 0.605219 0.27357 0.466264 0.72328 761.542 -0.220131 0.714848 4796.69 0.566661 2.00224 0.0996691
1222.19 -1.12573 1.84013 746.296 -2.24573 -2.37465 2001.23 1984.11 0.474217 0.133729 0.567213 0.485683 718.193 -1.42641 0.572406 2756.72 0.930215 2.69362 0.0996691
1692.94 -0.502205 0.106075 1287.49 -0.343798 2.93096 2941.41 2878.7 0.606811 0.427857 0.519569 0.727357 912.052 2.73787 0.00224209 4221.43 0.710534 2.63954 0.0996691
1856.19 0.204341 -0.884562 1204.16 -0.241108 -2.56344 2335.33 2313.43 0.322762 0.54875 0.688899 0.654663 1362.08 1.35078 0.0158262 3922.71 0.960597 2.37799 0.0996691
1453.35 -0.50638 -2.16029 1023.21 2.18372 -0.189716 4828.21 4656.16 0.58577 0.45186 0.840204 0.754086 632.547 2.47556 0.790025 3430.12 0.948962 1.87466 0.0996691
2547.02 0.476839 -0.727053 1207.62 0.940306 2.94541 3783.26 2663.71 0.0657039 0.42579 0.346037 0.489497 1528.95 2.05342 0.892656 3860.82 0.419791 2.27522 0.0996691
1523.24 0.185592 2.65622 870.203 -0.58155 0.041384 2412.61 2372 0.6493 0.78907 0.600412 0.636199 662.289 -0.91129 0.0991216 2537.55 0.820218 2.61806 0.0996691
956.986 1.19402 -2.66403 908.316 -0.932451 -0.309051 2951.22 2833.61 0.68593 0.382902 0.755333 0.745582 1166.12 1.75234 0.00158906 3014.59 0.354186 3.03022 0.0996691
1091.55 -0.893501 2.11394 480.414 -0.433095 0.539969 1133.92 943.727 0.704616 0.532433 0.762097 0.557754 908.411 -1.40716 0.122563 1836.12 0.646588 2.8818 0.0996691
1469.3 0.756881 0.263806 1108.39 -1.20921 1.74034 3424.91 3283.16 0.349765 0.307141 0.677656 0.593346 957.019 -2.37523 0.04035 3600.98 0.498857 2.68713 0.0996691
2345.66 -0.040939 3.07287 793.759 0.94188 0.459122 3051.72 2853.74 0.428974 0.708648 0.6311 0.550516 1324.12 -0.4136 0.116726 3497.37 0.332694 3.02161 -0.0996691
1594.41 -0.872821 3.01773 1367.29 -0.584075 0.64878 2876.69 2331.58 0.619157 0.560565 0.688305 0.554109 1309.75 -1.09466 0.0931559 4725.86 0.0886765 3.08058 0.0996691
1343.01 -0.846406 -2.08923 940.427 0.120998 2.17241 2250.67 2100.32 0.587479 0.682801 0.67973 0.642046 915.412 1.88354 0.309571 3811.68 0.958873 2.48012 0.0996691
2797.24 0.462256 0.660051 1103.85 0.0104512 3.01728 3579.21 2857.2 0.140375 0.679223 0.647416 0.503368 1089.07 -2.22976 0.200017 4850.48 0.435623 2.70003 0.0996691
1598.39 -0.499148 1.46882 1112.04 -0.0718907 -1.06505 2629.88 2576.59 0.391732 0.222338 0.537161 0.717428 1675.35 -2.7037 0.022017 3651.95 0.801952 2.85238 -0.0996691
2711.7 -0.654366 0.551999 1444.04 0.725941 2.66078 4669.28 4089.56 0.527672 0.455165 0.446708 0.732238 1427.91 -2.30463 0.00781465 5233.21 0.98304 2.92486 0.0996691
1735.12 -0.0489899 -2.77501 1708.66 0.485381 1.64953 3022.65 2495.04 0.443882 0.288393 0.486037 0.749085 1289.98 -0.434901 0.0182039 4300.06 0.258043 2.69075 0.0996691
2961.19 -0.221777 1.84341 1122.4 0.167144 -1.70303 3812.81 3032.57 0.213357 0.699785 0.68628 0.497701 1332.28 -1.63818 0.0638524 5128.76 0.156792 3.07819 -0.0996691
2061.09 0.194857 -0.899878 1374.84 -1.49195 2.94262 4523.51 4448.85 0.048424 0.670643 0.604923 0.582372 675.302 1.48089 0.0115688 4007.22 0.635189 2.39067 0.0996691
1999.18 1.18693 2.38746 662.465 -0.336631 2.11068 1962.33 1934.76 0.441483 0.543956 0.464657 0.6103 2176.37 -0.83897 0.0670765 3171.87 0.608237 2.98968 0.0996691
1780.29 -0.631936 0.191406 1140.04 -0.578968 -1.8855 2477.18 2393.72 0.374203 0.429237 0.757593 0.298532 1430.55 2.7066 0.199075 3139.64 0.918847 2.31843 -0.0996691
1606.1 -0.422407 0.533447 617.039 -0.799704 -2.62636 2039.29 2029.28 0.727024 0.560966 0.679632 0.700971 952.344 -2.59536 0.0330818 2215.21 0.445595 3.12136 0.0996691
2792.92 -0.346721 0.97713 1594.14 0.144689 -1.75007 4525.55 2868.81 0.304718 0.143393 0.509871 0.374672 955.062 -1.61663 1.36268 4279.95 0.97174 1.51101 -0.0996691
1821.37 0.044389 0.825315 1271.54 -0.49717 3.05945 2884.8 2777.21 0.458305 0.680313 0.520422 0.586912 983.746 -1.63548 0.363821 3516.5 0.819467 2.27941 0.0996691
2385.54 -0.031967 1.98432 2121.03 -0.0655475 -1.98432 4361.13 3262.77 0.0883619 0.371499 0.507055 0.792783 1152.5 -0.0707029 0.125732 5313.57 0.921995 2.80629 -0.0996691
1472.11 0.230351 1.94446 361.44 0.935378 -0.82509 1543.7 1461.82 0.553443 0.552614 0.737123 0.719095 1110.82 -1.25588 0.436763 1814.81 0.640703 2.7694 0.0996691
1919.17 -0.714471 -1.29017 1442.19 -0.615409 2.09235 3318.93 2295.16 0.295831 0.507631 0.268563 0.409717 713.077 0.64718 0.0686052 2959.43 0.255698 2.84036 0.0996691
748.161 0.0182262 -0.469222 -1 -1 -1 -1 415.196 0.535656 -1 0.483005 -1 707.509 2.6622 0.16664 765.888 0.905545 2.95942 0.0996691
873.162 1.15859 -0.0562557 -1 -1 -1 -1 751.843 0.421964 -1 0.322923 -1 712.939 3.08749 0.014549 986.303 0.73165 3.14127 0.0996691
665.799 -0.0510334 -0.710521 -1 -1 -1 -1 518.75 0.480611 -1 0.860323 -1 686.451 2.76681 0.126595 962.358 0.343978 3.08464 0.0996691
838.009 -0.26838 -2.47501 509.353 -1.1297 2.96163 829.244 810.309 0.546606 0.513123 0.559295 0.690037 1211.95 0.332376 0.255123 1371.79 0.900133 3.05021 0.0996691
2119.76 -0.694514 0.807062 1487.54 -0.827797 2.39942 2619.95 2451.9 0.265037 0.329425 0.458504 0.675823 1659.66 -1.7144 0.0756892 4515.06 0.528184 2.44578 0.0996691
2849.39 0.256814 -1.96559 2353.85 0.730823 0.553359 5098.07 5092.28 0.0842793 0.484725 0.73574 0.421198 710.601 2.02887 0.232516 6163.05 0.667571 2.05628 0.0996691
2430.77 -0.175175 -2.74183 1229.03 0.380627 1.04655 3834.84 2704.97 0.158893 0.449002 0.692444 0.356855 1357 -0.103598 0.0495164 4293.13 0.609873 3.06766 0.0996691
1976.36 -0.906101 -2.49869 1466.03 0.424171 1.94556 3663.92 3607.99 0.537887 0.451467 0.5464 0.653221 641.625 0.380785 0.008048 5079.2 0.600795 2.88889 0.0996691
1425.31 0.0495509 0.971971 680.926 -2.26866 2.75206 3219.62 3179.69 0.218162 0.599459 0.659218 0.684977 1021.05 -1.938 0.122249 3118.2 0.419755 3.03235 0.0996691
1266.47 0.0627991 -1.99199 535.555 -0.508999 -2.91119 945.928 855.868 0.685628 0.341574 0.59168 0.49555 1343.02 0.884424 0.0737591 2092.33 0.776262 2.89303 0.0996691
2501.76 -0.653519 -0.441538 1041.46 0.428788 2.95435 3740.87 3088.25 0.531284 0.339957 0.338185 0.528404 2047.7 2.56232 0.0361142 4082.83 0.290812 3.14086 0.0996691
848.188 0.149106 -2.14674 -1 -1 -1 -1 970.55 0.640493 -1 0.859773 -1 729.792 0.977346 0.104708 938.31 0.758798 3.02094 0.0996691
1086.99 -1.15922 2.42422 1049.46 -1.44882 -1.79722 1890.9 1843.52 0.356901 0.308317 0.494189 0.705298 1321.83 0.0973294 0.109572 2704.8 0.68445 2.68402 0.0996691
909.681 0.585691 -3.00333 -1 -1 -1 -1 432.028 0.622706 -1 0.562762 -1 871.003 0.0730319 0.0515037 946.018 0.914881 3.02338 0.0996691
1610.65 -0.197149 -2.35828 1364.52 0.917806 1.69809 3232.88 3085.11 0.526307 0.519055 0.696555 0.757259 758.264 0.262748 0.097176 3643.85 0.757932 2.53585 -0.0996691
2563.27 -0.120631 -0.556134 1155.46 -1.01462 2.18754 3937.12 847.841 0.112382 0.618628 0.721023 0.633517 1600.22 2.9105 0.0673232 3799.44 0.932659 3.12409 0.0996691
1650.23 -0.426109 0.0845665 845.145 -0.231389 2.83551 2405 1996.47 0.352596 0.435867 0.127761 0.559305 693.212 -2.4272 0.0444121 3184.74 0.687886 2.46837 0.0996691
2697.7 0.352215 2.73199 1795.77 -0.394858 -1.5474 4088.7 4061.5 0.251664 0.603583 0.431277 0.626279 1244.85 0.245076 0.194408 5696.09 0.600764 2.68173 -0.0996691
1334.05 -0.470855 -2.98073 583.187 1.88563 -0.998966 2987.43 2979.24 0.0436735 0.7045 0.222351 0.740889 930.336 0.636472 0.0160409 2248.66 0.653442 2.6809 0.0996691
1962.69 -0.261138 1.00906 1868.97 -1.0903 -2.78199 4046.3 3378.62 0.240706 0.238875 0.786097 0.732903 642.509 0.977034 0.0314131 5524.24 0.947764 3.09924 0.0996691
1272.06 0.18557 -2.77662 772.706 0.464861 1.1678 1859.38 1831.24 0.617852 0.68317 0.540447 0.743295 732.555 0.0649186 1.0967 2220.19 0.452011 2.34456 0.0996691
926.627 0.604102 2.61815 712.232 -0.870877 -1.26906 2021.14 1852.05 0.459082 0.461162 0.46306 0.856544 1379.39 0.686894 0.0197631 2695.02 0.78822 3.11346 0.0996691
1594.98 0.883841 0.450635 1499.04 -0.704094 -2.01776 3996.28 3992.52 0.215343 0.111503 0.674257 0.748275 1320.76 2.08478 0.118885 4444.61 0.326963 2.79344 0.0996691
2036.36 -0.36257 2.00264 1453.72 -0.0132364 0.653066 2288.02 2186.57 0.584967 0.602754 0.640219 0.354355 1508.49 -1.71412 0.0416627 4790.82 0.8371 3.04986 0.0996691
2727.93 -0.664413 -2.48685 1367.53 0.166855 1.46911 4070.85 2883.86 0.350377 0.719325 0.501293 0.587419 1123.26 0.202951 0.0733129 4960.96 0.539246 2.99506 0.0996691
1174.09 1.29506 -2.24771 849.125 0.559437 -0.106729 1991.54 2099.7 0.584338 0.412915 0.775513 0.79906 968.159 1.20333 0.0877696 3553.81 0.528421 2.92026 -0.0996691
2201.68 -0.808146 0.831212 968.862 -0.425536 -1.02258 2443.53 2391.26 0.357697 0.740775 0.465729 0.684639 905.465 -2.87583 0.0988629 4487.01 0.661461 2.47941 0.0996691
1262.48 0.0584691 2.44659 376.617 -2.56799 -2.77742 2486.04 2418.02 0.451734 0.517999 0.630758 0.754179 1073.4 -0.546127 0.603183 2147.78 0.640603 2.39307 0.0996691
2535.43 -0.361118 -0.78871 1076.88 0.237347 1.40165 3439.1 2659.59 0.0945703 0.559082 0.5282 0.592134 1429.14 2.80443 0.135723 4455.79 0.196118 2.89099 -0.0996691
2375.27 -0.484057 2.52767 1711.37 0.555555 -0.0773483 4584.16 3546.94 0.296176 0.566762 0.542296 0.680204 835.302 -1.34256 0.0733497 4531.75 0.649871 2.62069 -0.0996691
2294.87 0.0771099 -0.793612 1434.65 0.416802 1.63044 3458.92 3447.76 0.456412 0.519796 0.522686 0.724115 1402.88 -2.9521 0.0790708 5371.69 0.323873 2.51888 0.0996691
1938.04 0.379025 0.349758 1182.19 0.278852 3.01008 2971.59 2900.87 0.219569 0.198822 0.569109 0.548424 1820.24 -2.35665 0.0229275 4342.51 0.677926 2.96754 -0.0996691
765.677 -0.807245 -1.63465 758.414 0.888454 -0.370092 1716.19 1694.7 0.341949 0.467585 0.369572 0.69701 664.293 2.23664 0.269674 2069.04 0.415285 2.33153 0.0996691
2573.19 0.0593171 -2.68455 1581.87 0.0748252 1.34653 3646.02 3634.51 0.427368 0.561707 0 0.574224 1293.93 -0.155597 0.224148 4787.06 0.703083 2.30486 0.0996691
2479.81 -0.11753 0.328014 2166.58 -0.37843 -2.94469 4669.81 4663.79 0.682583 0.476487 0.611464 0.503848 907.359 2.04332 0.0319638 5936.38 0.885937 2.96439 0.0996691
1806.94 0.812282 1.58252 1329.77 -0.444865 3.00851 2984.07 2632.01 0.478492 0.622162 0.409605 0.814321 892.354 -1.22018 0.0939846 4863.6 0.402609 2.91467 -0.0996691
1765.97 0.738509 0.235699 1207.33 0.528693 2.87914 2899.63 2735.74 0.466944 0.347561 0.539597 0.653454 859.123 -2.4761 0.0290165 3180.29 0.592714 3.01651 0.0996691
2119.9 0.735686 0.0639875 1932.23 -0.746909 -2.38545 5050.54 4817.44 0.404157 0.575078 0.141378 0.648833 1038.27 0.454794 0.391098 6049.14 0.945959 2.71659 0.0996691
1433.64 -0.0758867 -0.616757 720.28 -0.918797 2.10576 2210.13 2051.54 0.689516 0.75447 0.693083 0.744792 777.995 2.86593 0.678276 2167.29 0.974251 2.1345 0.0996691
1744.93 0.432705 0.431638 1145.87 -0.627498 0.31417 1615.4 1588.23 0.246835 0.571614 0.637381 0.409462 1178.99 -2.44723 0.0852222 5285.92 0.319733 2.78751 0.0996691
1183.15 0.735483 2.64585 737.408 -0.489234 2.25539 1392.43 1201.82 0.230915 0.796354 0.519077 0.767278 1624.2 -0.647936 0.047585 2170.99 0.604501 3.02579 0.0996691
2279.64 -0.129439 -1.36333 1967.68 -0.635626 2.91912 3812.52 3226.82 0.10813 0.583082 0.470273 0.433958 783.085 0.722523 0.267876 5811.42 0.378169 2.4918 -0.0996691
2665.85 0.709563 0.52517 1963.98 -0.451237 -2.79572 5461.38 4382.52 0.306197 0.323213 0.581567 0.689588 797.212 -2.17356 0.0581253 4700.9 0.839622 3.12056 0.0996691
1537.99 0.257945 0.722332 616.852 -0.384307 2.81024 1819.67 1719.79 0.605124 0.768065 0.545371 0.85729 1070.75 -2.04313 0.173874 2382.18 0.829104 2.59166 0.0996691
658.511 -1.067 1.88453 -1 -1 -1 -1 348.928 0.579496 -1 0.614245 -1 618.971 -1.26701 0.201339 709.794 0.906433 2.93501 0.0996691
1682.23 1.00527 -2.89122 678.237 0.302372 0.259462 2347.4 1904.03 0.333709 0.526755 0.835447 0.749048 1028.5 0.191375 0.0732963 2441.32 0.294388 2.99401 0.0996691
795.331 1.11872 -0.832601 -1 -1 -1 -1 692.382 0.588357 -1 0.644914 -1 618.661 2.33787 0.0775716 904.492 0.713639 3.09738 0.0996691
2212.98 -0.575427 -0.268565 2007.86 0.00559685 1.80257 3850.83 3803.26 0.451409 0.327322 0.722488 0.234056 861.102 -1.27109 0.0957186 6607.45 0.663916 2.97764 0.0996691
1332.6 -0.25457 -0.409815 705.583 1.25018 0.426907 1805.52 1774.95 0.328517 0.0694902 0.616191 0.774401 1101.52 3.03608 0.175862 2642.41 0.833512 2.65558 0.0996691
1084.87 0.841231 -2.61297 895.18 -1.10505 -0.21008 2922.08 2777.51 0.472262 0.404186 0.788298 0.476111 615.722 1.44438 0.0489762 2104.57 0.772881 2.19133 0.0996691
1878.2 0.585797 -0.337141 799.405 -0.534337 2.46616 2820.09 2766.73 0.133103 0.529996 0.577454 0.561431 1052.77 3.02252 0.0216436 2790.12 0.862622 2.94512 0.0996691
1417.79 0.152824 -3.06687 -1 -1 -1 -1 1198.67 0.615128 -1 0.658298 -1 1174.32 0.108942 0.0351038 1641.4 0.743938 3.0704 0.0996691
988.886 -0.730121 3.04168 -1 -1 -1 -1 806.042 0.569371 -1 0.879861 -1 813.825 -0.110569 0.0788547 1125.12 0.710168 3.07733 0.0996691
2782.02 -0.146042 -1.42865 1683.04 1.10379 1.46388 5260.93 4421.99 0.217291 0.546527 0.0901903 0.752745 769.57 1.98848 0.180449 4928.94 0.576262 2.93279 -0.0996691
1328.5 0.991618 -1.65271 1293.81 -1.21413 1.43602 4496.29 2216.87 0.763589 0.491571 0.692073 0.317199 879.731 -1.34524 0.306858 3866.42 0.397273 2.83235 -0.0996691
1970.01 0.39802 2.30985 1516.09 -0.15322 -0.109781 3531.19 3606.43 0.322373 0.483549 0.697923 0.357625 605.896 2.94205 0.0644593 4953.18 0.0926957 3.14064 -0.0996691
2104.36 0.503524 3.05166 1945.94 -0.468764 0.687529 4282.86 4244.14 0.266971 0.386658 0.607408 0.580065 790.017 -0.69929 0.0761466 5173.58 0.835267 2.4582 0.0996691
1469.79 -0.323751 -0.719767 1455.53 -1.34099 -2.47266 2790.37 2467.71 0.384807 0.467092 0.648195 0.826486 905.272 1.34239 0.284271 4672.93 0.0125487 3.12261 0.0996691
1497.48 -1.07557 0.58585 897.293 -0.687151 -2.98523 2319.31 2301.86 0.0347352 0.742008 0.503991 0.687135 858.892 -1.79294 0.04884 3102.71 0.276303 2.65227 -0.0996691
1853.87 -1.28588 -1.0459 1307.93 -0.484761 0.942467 2915.32 2900.42 0.313684 0.326903 0.523955 0.526388 2573.77 2.82804 0.314629 4011.39 0.941759 2.81065 0.0996691
1730.53 0.47463 1.06403 1449.44 -0.418863 -1.00472 3118.06 3071.74 0.551504 0.60382 0.639482 0.618963 697.238 -2.46578 0.175743 5104 0.323095 2.92531 0.0996691
1123.45 1.65483 0.491688 1110.95 0.713026 -2.42319 2563.59 2262.81 0.36303 0.359695 0.507134 0.685162 852.725 -2.2464 0.159811 3337.85 0.103924 3.0961 -0.0996691
2460.34 0.353503 1.29935 2180.22 -0.0798382 -2.64204 4402.06 4398.84 0.015725 0.0157458 0.272718 0.50818 882.583 -1.37931 0.175385 5805.95 0.982647 2.5037 0.0996691
1459.45 0.0333585 -0.477051 1222.73 -1.25677 1.66318 2995.73 2946.63 0.344483 0.470638 0.462954 0.704538 1442.02 -2.61089 0.0989354 4462.14 0.0672736 3.11417 0.0996691
897.945 1.98953 -0.467609 375.555 -0.53575 -0.268471 1914.53 1611.09 0.340674 0.569991 0.643755 0.744282 1141.94 2.7063 0.0880563 1356.77 0.810787 3.10551 0.0996691
2309.61 0.166084 -1.34371 690.488 -0.76694 0.764577 2801.05 985.484 0.0808126 0.443081 0.544004 0.718749 1906.35 2.24755 0.172576 3166.82 0.796952 3.00315 0.0996691
2216.4 0.444186 1.76761 1691.95 -0.111256 -1.38 4143.37 3263.37 0.188182 0.380397 0.151272 0 710.124 -1.03325 0.345778 4568.69 0.066515 3.0577 0.0996691
968.94 -0.935017 -0.249252 450.423 -0.654365 1.11698 904.191 762.659 0.331433 0.480701 0.760744 0.77464 1139.44 3.08382 0.115107 1828.42 0.799644 3.129 0.0996691
2211.88 -0.264161 -0.929484 1448.68 1.03054 3.07161 4110.38 4088.44 0.111052 0.614247 0.552529 0.642685 1029.46 2.23857 0.836238 4827.35 0.460322 2.27867 0.0996691
964.832 0.0752319 1.38103 792.222 0.952557 -0.621558 1690.84 1651.88 0.313254 0.656734 0.515652 0.769045 651.972 -2.31668 0.195657 2498.35 0.868438 2.97443 0.0996691
1290.94 -0.218087 -2.8639 465.514 1.54173 2.51475 1705.13 1623.61 0.490089 0.415065 0.733325 0.457938 1376.41 0.0643269 0.0199657 1968.73 0.827559 3.04382 0.0996691
2063.72 0.188378 3.02424 1312.26 -0.0216121 -0.796699 3298.29 2373.43 0.0504212 0.182876 0.534229 0.535263 608.249 -0.68634 0.109424 4656.42 0.298623 2.65684 0.0996691
1749.31 0.677102 -2.18831 1197.33 -0.812282 1.14894 3844.68 2896.01 0.285976 0.493449 0.805556 0.683183 783.18 1.4706 0.0798587 3738.82 0.896562 3.03621 -0.0996691
1721.72 -0.904615 1.84357 1187.99 1.2533 -0.43444 4545.77 4501.95 0.716578 0.10059 0.740082 0.718309 1384.55 -2.262 0.140323 3266.83 0.949288 2.03245 0.0996691
1430.11 -0.690406 -2.10585 271.521 -0.0826104 0.924032 1316.38 1266.67 0.652572 0.672583 0.604323 0.648724 1114.56 1.10224 0.139667 1845.68 0.696778 3.07062 0.0996691
967.155 0.965675 -2.23164 565.189 -1.47129 -1.60027 2360.37 1174.13 0.360835 0.43779 0.804255 0.719977 1285.4 1.42123 0.0238358 2388.07 0.149769 3.09327 0.0996691
1833.08 0.561384 -1.68197 1552.43 -0.338176 2.75032 3332.47 2285.89 0.193396 0.527713 0.332976 0.769427 1516.91 0.74563 0.0731924 4494 0.478369 2.59858 0.0996691
1909.13 -0.346983 -1.20095 971.183 0.266904 -2.71574 2067.95 2065.04 0.188163 0.286836 0.427946 0.46564 867.919 1.8079 0.115938 4307.74 0.559196 2.8931 0.0996691
1423.18 -0.0325399 1.61463 574.807 0.27157 -2.8427 1574.31 1411.32 0.545546 0.38582 0.665373 0.728335 1139.77 -1.0985 0.0335549 2494.69 0.870197 3.10452 0.0996691
2811.4 -0.354113 -0.0507847 1340.1 0.453949 -1.73463 3360.13 3249.47 0.0594008 0.666181 0.779147 0.688105 1730.73 2.47576 0.0816064 5357.49 0.739786 2.60775 -0.0996691
1339.23 -0.550965 -1.13201 -1 -1 -1 -1 1043.21 0.604238 -1 0.497714 -1 1153.33 1.99179 0.112227 1526.31 0.775608 3.04596 0.0996691
2387.12 -0.516208 -1.45407 1840.58 0.768232 1.31333 5054.76 4990.46 0.424795 0.464061 0.611022 0.770111 855.354 0.35264 0.965153 6141.76 0.952318 2.59665 0.0996691
1969.56 -0.591636 2.92015 1409.02 0.780351 -1.92439 3328.53 3232.3 0.552277 0.54252 0.404553 0.619648 1102.21 0.360321 0.021355 5213.91 0.735597 2.94399 0.0996691
2693.04 -0.816971 1.5748 1490.57 -0.218845 -1.93723 4389.07 3248.91 0.323 0.791133 0.353283 0.708291 1204 -1.21411 0.308738 4477.16 0.807438 2.69074 0.0996691
1848.93 -0.340372 -3.05308 1620.39 0.00594585 1.60444 2650.82 2524.76 0.446843 0.664249 0.695875 0.447978 734.46 -0.910395 0.120013 5113.71 0.586452 2.65145 0.0996691
1413.97 -0.253903 -2.02645 390.72 -0.580469 0.914295 1534.23 1438.64 0.382514 0.498055 0.666105 0.3983 1114.09 1.02167 0.114727 2091.03 0.553457 2.9572 0.0996691
2883.47 -0.137237 -2.39747 1573.48 -0.0398473 0.878324 4395.38 3684.71 0.0224522 0.378624 0.476561 0.701255 1286.56 0.467822 0.126303 4544.94 0.770792 2.73647 -0.0996691
2672.69 -0.66518 -2.30515 2025.17 0.768634 0.401046 6065.38 3125.51 0.494977 0.189878 0.754274 0.576093 726.06 0.205 0.156746 5932.51 0.317265 3.06617 0.0996691
2653.54 -0.154353 0.41177 1542.95 -0.210905 -2.87797 4073 3864.98 0.277526 0.572797 0.466029 0.769604 1039.7 -2.47504 0.38029 4408.76 0.314534 3.01608 0.0996691
2077.04 -0.434539 -2.84699 751.043 0.860789 0.408459 3062.12 3018.27 0.156401 0.41442 0.726568 0.756697 1299.98 0.276833 0.130777 2797.82 0.475811 3.02313 0.0996691
2611.96 0.0731348 -0.226789 1369.49 -0.027745 -2.5366 3484.12 3425.02 0.796433 0.554059 0.808264 0.407003 938.031 -2.57279 0.0361171 6083.48 0.499248 2.31042 0.0996691
766.701 -0.607427 2.04538 -1 -1 -1 -1 631.045 0.491387 -1 0.686132 -1 674.215 -1.10702 0.132243 864.645 0.737071 3.02552 0.0996691
1615.9 -1.12336 -0.17068 592.968 0.190693 2.04386 2242.02 2213.61 0.633873 0.643298 0.580261 0.629943 1299.3 -2.93777 0.10756 2248.01 0.96362 2.65745 0.0996691
960.46 -1.1744 -0.763861 295.322 -0.899433 2.48737 1087.93 1074.75 0.20925 0.534357 0.75032 0.559449 694.132 2.39155 0.0944536 1242.55 0.528716 3.02958 0.0996691
1562.14 0.779465 2.4998 1465.31 -1.11 -2.00837 4058.76 3982.72 0.550051 0.577048 0.582699 0.40597 1543.36 0.62552 0.275396 3787.2 0.947876 2.90799 0.0996691
1775.43 0.0781967 -1.35501 942.375 -0.37888 2.32583 2661.85 2069.2 0.123501 0.439416 0.849705 0.44517 849.577 1.36665 0.0610089 2962.7 0.73885 2.75883 0.0996691
1447.78 -0.279332 1.51551 1392.48 0.0739874 -2.2705 2792.48 2633.45 0.421157 0.230173 0.762917 0.441136 808.344 -0.451692 1.25161 2830.99 0.925533 3.04732 0.0996691
1615.74 -0.416991 -1.65471 1441.9 0.320795 2.45535 3003.47 2541.94 0.260913 0.281721 0.74632 0.659107 909.157 0.0190629 0.0375162 4144.53 0.625908 2.40422 0.0996691
2443.79 -0.328397 -0.50767 1336.04 -0.934443 2.51024 3843.06 3656.24 0.811877 0.366467 0.74751 0.648095 859.368 -2.81126 0.963286 4930.24 0.876432 2.93127 0.0996691
987.96 0.580459 -0.743 -1 -1 -1 -1 814.278 0.42239 -1 0.721109 -1 1151.45 2.75422 1.38207 1406.71 0.975537 1.40245 0.0996691
1818.92 -0.0488017 -1.10542 1061.04 0.022268 1.86722 2926.82 2056.29 0.138814 0.114989 0.139454 0.534469 779.256 2.24958 0.0799623 2923.94 0.557405 3.00815 0.0996691
1843.41 -0.455154 0.198492 1049.37 -1.45551 -2.98042 3222.61 2799.7 0.737634 0.180877 0.517344 0.824483 647.817 -3.03933 0.00601339 3059.37 0.915911 3.12916 0.0996691
1739.8 -0.518088 0.746439 1559.02 0.0826337 -1.71066 3290.71 3199.07 0.601828 0.671326 0.788318 0.885118 862.827 -1.93281 0.22035 4613.34 0.956223 2.87942 -0.0996691
1220.23 -0.498665 -0.716691 515.056 0.439844 -1.15661 991.553 760.05 0.17412 0.47823 0.808481 0.909562 1207.11 2.23734 0.0485852 2314.87 0.119153 2.94272 0.0996691
3248.4 -0.641922 -2.85334 1342.11 -0.945404 0.509554 4208.35 4190.07 0.806503 0.629047 0.597895 0.660085 1117.47 0.181293 0.0156531 5372.33 0.666404 3.01898 0.0996691
1326.99 0.998347 -2.66757 1149.36 0.413977 -0.823044 2137.13 2025.34 0.503776 0.677483 0.626298 0.742626 978.701 0.914697 0.0371643 3891.46 0.675195 3.13446 0.0996691
1843.56 0.10914 1.98911 880.281 1.21198 -1.4612 2963.01 2888.37 0.290689 0.141946 0.632456 0.516657 873.096 -0.885912 0.584591 3193.5 0.384539 2.81507 -0.0996691
1525.22 0.56445 0.863307 989.223 0.67211 3.12507 2242.49 2193.93 0.618156 0.764409 0.680898 0.741413 996.294 -1.59859 0.110183 2625.72 0.868001 2.57183 0.0996691
1747.91 -0.840549 3.11714 769.844 1.18156 -2.15288 3022.82 2863.94 0.24266 0.656488 0.74968 0.737256 1991.99 0.282033 0.0251027 2774.27 0.153231 3.06095 0.0996691
1311.29 -0.492993 2.65066 827.059 -0.22437 -2.29095 1383.85 1211.85 0.750557 0.54093 0.61895 0.810122 1325.91 -0.036211 0.175821 2510.09 0.892028 2.86182 0.0996691
1258.43 0.301526 -2.41054 568.417 -0.171297 2.17899 1350.27 1316.66 0.468899 0.218151 0.680322 0.391244 1086.94 0.290153 0.0666394 1994.79 0.740589 2.76586 0.0996691
2380.03 0.0623245 -1.19611 2104.66 0.679839 1.33004 4500.46 4481.86 0.370604 0.458217 0.402395 0.727253 611.612 2.18175 0.309053 5628.84 0.978547 2.59559 0.0996691
1001.49 1.85529 3.09443 -1 -1 -1 -1 785.786 0.419211 -1 0.7192 -1 870.768 -0.0293118 0.0339572 1090.1 0.79834 3.11931 0.0996691
1690.53 -0.680391 0.626318 808.983 0.652646 1.7112 2070.92 2062.47 0.0528146 0.553007 0.434819 0.670182 2232.34 -2.30038 0.097537 3117.8 0.746534 3.02414 -0.0996691
1925.64 -0.484761 -0.0571174 1103.63 -1.18694 -2.61455 3005.02 2892.27 0.349416 0.595946 0.667348 0.706147 719.518 -2.6958 0.0397868 4641.57 0.899251 3.1395 0.0996691
1343.82 -0.689734 -2.57685 1019.34 0.474776 2.24563 2136.86 2123.88 0.553957 0.4528 0.520519 0.24531 1519.53 -0.0390373 0.0784607 2611.47 0.704819 2.61752 0.0996691
999.185 0.264411 -0.977579 280.457 0.456092 2.14232 1106.52 1000.41 0.456686 0.654634 0.906179 0.728262 733.342 2.18327 0.0536857 1201.72 0.587696 3.09746 0.0996691
720.002 -0.702052 -0.125721 454.919 0.00183963 -1.84699 1012.12 1582.01 0.292958 0.460793 0.723403 0.679016 634.088 1.9248 0.216154 1622.82 0.660364 2.97399 0.0996691
1254.71 -0.483258 2.15628 754.43 0.475254 -0.914863 2236.88 1958.27 0.280759 0.53693 0.787944 0.792514 600.965 -0.786436 0.131699 2166.96 0.202791 3.10563 0.0996691
1032.61 -1.58581 0.0556699 -1 -1 -1 -1 242.545 0.427147 -1 0.577453 -1 782.138 -3.13182 0.197579 1254.96 0.602503 3.07241 -0.0996691
1374.87 -0.0773689 -0.888593 366.098 -0.0875114 2.4833 1589.5 310.641 0.634689 0.522137 0.479441 0.681036 1048.09 2.19573 0.294406 1788.43 0.325856 2.79439 0.0996691
1002.97 0.274853 0.405543 -1 -1 -1 -1 890.931 0.487975 -1 0.474455 -1 900.77 -2.6969 0.0348954 1127.07 0.863101 3.06611 0.0996691
2051.35 -0.0787031 1.80762 1788.07 0.260401 -1.11029 3912.73 3878.67 0.508713 0.195791 0.278411 0.4769 873.267 -1.1554 0.0424336 4584.56 0.132253 2.92158 0.0996691
1822.16 -0.27935 -0.88567 1559.76 0.0379458 2.81494 3358.97 3492.89 0.091784 0.355051 0.288959 0.837376 725.744 -3.06873 0.0951155 4811.27 0.761183 2.32368 0.0996691
1238.26 0.675226 1.50739 899.999 -0.945192 0.618304 2125.75 2095.46 0.708655 0.398454 0.607954 0.264941 1685.26 -1.61732 0.11218 3138.89 0.612204 3.04955 0.0996691
1172.14 -0.774227 -2.33311 736.354 1.35699 -2.09133 2434.23 1861.22 0.617528 0.0913457 0.52163 0.787505 1195.62 0.909418 0.0125417 2659.77 0.100126 3.09866 0.0996691
1761.62 -0.511434 2.16023 759.342 -0.636374 -1.18392 2333.65 2114.03 0.081028 0.45823 0.583552 0.561668 1017.24 -0.819445 0.0134358 2519.72 0.873083 2.96633 0.0996691
2079.25 -0.656165 0.634155 1310.67 -0.775919 3.00014 3318.01 2464.08 0.175668 0.508228 0.57106 0.564071 1175.46 -1.82867 0.0318336 3713.77 0.699236 2.85487 0.0996691
1836.35 -0.0153949 -1.85276 1260.26 0.0196992 0.553068 2860.4 2809.5 0.536595 0.686479 0.72905 0.680292 1176.12 1.15908 0.545098 4416.78 0.759645 2.72224 0.0996691
1466.03 -0.185676 3.05632 823.327 -0.400431 -1.29501 1889.94 2853.4 0.537182 0.400116 0.576661 0.519959 760.235 0.596519 0.0541222 3333.59 0.376357 2.96209 0.0996691
1020.73 0.63391 2.41298 992.923 1.69233 -0.0759302 2233.03 2142.74 0.346082 0.445925 0.505033 0.50154 1149.61 -1.96467 0.0939176 3290.63 0.58599 2.86723 0.0996691
2148.5 -0.9899 -0.81098 1831.14 -0.158716 1.46375 4017.74 3888.12 0.538743 0.450346 0.601375 0.464481 1074.43 -2.99338 0.0477531 4543.65 0.511981 2.56408 0.0996691
779.47 -0.0510782 1.06987 476.6 -0.422267 0.0841476 780.687 581.579 0.0562629 0.436077 0.774082 0.352987 880.204 -2.52755 0.0220208 1468.7 0.364375 2.77592 0.0996691
1561.55 -0.0300015 1.78555 1390.73 0.832035 -0.24067 2857.9 2685.98 0.524583 0.757446 0.561054 0.682502 1548.57 -1.65312 0.636634 3925.47 0.965753 2.80203 -0.0996691
1386.68 1.38443 -1.30345 531.798 0.229067 1.54119 2059.78 1712.11 0.688673 0.506498 0.720235 0.549094 856.326 1.97433 0.391857 1876.14 0.800471 2.8861 0.0996691
2967.9 0.92809 1.71285 2924.25 -0.133836 -1.85747 6629.48 6610.81 0.243852 0.432945 0.298997 0.299315 932.691 -0.434246 0.14589 6467.29 0.893951 2.29305 0.0996691
1529.96 0.825013 -1.11313 928.492 -0.911581 -2.81257 2952.55 2904.81 0.640144 0.439137 0.629415 0.569621 806.029 1.23515 0.0933182 3508.46 0.562889 2.25642 0.0996691
1907.91 0.274319 -2.01748 910.876 -0.409682 1.35317 2842.03 2506.73 0.229789 0.614103 0.501623 0.789846 736.187 0.999505 0.0966008 3103.71 0.697591 2.98114 0.0996691
2275.18 -0.654832 0.482137 1493.04 0.455036 -2.31271 4495.24 3181.5 0.231139 0.143161 0.588425 0.303002 907.71 3.09118 0.129698 4116.6 0.790715 2.92449 -0.0996691
2262.75 0.0586133 1.21473 1503.32 0.917156 -2.63897 3859.63 3671.51 0.255479 0.647748 0.192908 0.435305 903.599 -1.60902 0.0384332 4567.57 0.92505 2.78459 0.0996691
1992.91 0.148056 1.00369 1095.18 1.12269 -3.0593 3051 3019.91 0.489352 0.255544 0.621066 0.762724 740.831 -1.19534 0.159592 4095.06 0.814242 2.04156 0.0996691
1066.41 -0.288626 -1.28604 -1 -1 -1 -1 901.93 0.490159 -1 0.610407 -1 858.936 1.84974 0.0280819 1226.33 0.698826 3.10213 0.0996691
1637.34 0.674528 1.54524 948.011 -0.514835 3.08837 2358.05 2310.53 0.231795 0.524553 0.415925 0.673803 956.425 -0.582813 0.134874 3863.58 0.541071 2.48305 0.0996691
1818.51 0.148783 2.18071 916.622 0.887098 -0.969146 2833.68 2271.58 0.740163 0.381981 0.705062 0.738275 783.007 -0.973315 0.0141596 2741.16 0.520655 3.13883 0.0996691
983.568 0.218983 -1.59406 -1 -1 -1 -1 881.996 0.594128 -1 0.625444 -1 782.675 1.5475 0.0614066 1153.55 0.681274 3.08087 0.0996691
729.437 -1.97724 1.27915 -1 -1 -1 -1 231.553 0.382686 -1 0.720339 -1 768.684 -1.74984 0.618541 906.153 0.867674 2.44437 0.0996691
956.429 -0.736032 -0.748294 343.342 0.432991 -0.857599 774.964 703.814 0.699576 0.265285 0.666683 0.626165 1380.24 2.28521 1.67804 1441.09 0.848441 1.44696 0.0996691
1375.23 0.0204473 0.706062 489.836 1.12567 -2.72484 2032.5 1688.68 0.206214 0.514554 0.833999 0.451057 955.659 -2.40527 0.317022 1931.21 0.379694 2.79611 0.0996691
2438.99 0.70164 0.470312 1121.4 -0.532895 3.04838 4087.02 1131.5 0.0450074 0.131821 0.266037 0.754154 851.212 -2.34053 0.140824 4575.74 0.254797 3.09516 0.0996691
1047.43 -0.924222 1.04845 311.141 -0.667609 -0.820328 1082.48 214.102 0.521306 0.774833 0.230787 0.807412 801.604 -2.40987 0.0961673 1579.55 0.1975 2.86753 0.0996691
1720.98 0.530308 3.0805 1377.5 0.774415 -0.833407 2879.35 2875.05 0.132624 0.382098 0 0.319814 745.26 1.43258 0.0632546 3920.66 0.818061 2.32872 0.0996691
1466.24 -0.0841904 -0.679554 563.847 0.0277001 2.45196 1864.1 1626.71 0.448205 0.562407 0.651322 0.796812 1069.77 2.99235 0.363088 2621.5 0.975843 2.24741 0.0996691
863.21 0.455813 -2.63283 -1 -1 -1 -1 627.245 0.354126 -1 0.527429 -1 738.326 0.492359 0.0182593 965.377 0.776555 3.1391 0.0996691
2411.3 0.44156 -1.87689 1261.4 -0.150795 0.797919 3578.59 3425.91 0.490765 0.710405 0.753331 0.724108 1013.7 1.5637 0.0455235 4036.05 0.800252 2.79508 0.0996691
1464.67 -1.10736 3.08269 425.678 -1.10558 0.614686 1529.25 1400.25 0.616441 0.752458 0.588954 0.690233 1053.83 -0.308031 0.00697705 1978.65 0.852401 2.88589 0.0996691
734.922 0.0182669 -2.36989 -1 -1 -1 -1 488.731 0.472075 -1 0.645469 -1 711.883 0.748266 0.15244 799.711 0.826858 2.96268 0.0996691
2277.4 -0.663885 -2.93281 1850.42 0.0597424 -1.10977 3595.87 3546.61 0.644074 0.70746 0.468023 0.619377 1158.33 0.828234 0.034494 5611.58 0.640244 2.56118 0.0996691
783.419 -1.45098 -1.00591 755.537 -1.44255 0.784079 1209.68 1196.8 0.705251 0.56443 0.655414 0.448603 824.6 3.07934 0.0924046 1898.63 0.44984 2.44067 0.0996691
1299.09 0.871302 -0.264653 1251.11 -0.682413 1.43125 2914.59 2866.73 0.693016 0.53198 0.725099 0.372805 858.492 -2.05315 0.133486 3555.1 0.879107 2.66725 -0.0996691
1988.4 -0.453302 0.630146 1607.33 -0.356257 2.83281 3222.42 3165.11 0.561576 0.375578 0.723367 0.617541 1651.9 -1.24336 0.0894612 4283.5 0.481824 2.14313 -0.0996691
1804.84 1.23541 0.617692 820.804 -0.334928 -2.56825 3231.38 3195.06 0.460618 0.188094 0.793596 0.504784 775.224 -2.23349 0.0570028 3479.13 0.245712 3.11214 0.0996691
1631.32 1.32179 -3.00771 571.995 -0.712863 0.586935 3007.56 2890.36 0.600015 0.547249 0.790741 0.603518 896.166 -0.0981547 0.00375141 2282.87 0.878565 2.91511 0.0996691
1315.54 -0.788039 -2.35914 -1 -1 -1 -1 311.352 0.203287 -1 0.676489 -1 1264.09 0.7006 0.0384851 1553.35 0.602003 3.1076 0.0996691
793.986 -0.168763 0.854896 -1 -1 -1 -1 676.11 0.422725 -1 0.52168 -1 658.699 -2.2731 0.0140202 908.293 0.736676 3.13722 0.0996691
1427.51 0.733219 -1.55203 1366.46 0.593054 2.69359 2417.9 2353.17 0.627239 0.292278 0.625929 0.389965 949.062 0.643999 0.160228 3270.99 0.568479 2.36005 0.0996691
1878.15 -0.515676 -2.77979 1350.93 -0.0304779 -0.447481 3070.96 2975.62 0.34568 0.653456 0.43534 0.375642 1052.31 1.29888 0.143944 4436.52 0.464729 2.43132 0.0996691
1078.56 -0.222654 -1.88352 337.06 1.26196 -0.158565 1384.44 1218.22 0.63594 0.591712 0.511474 0.488463 911.409 1.57384 0.138576 1583.18 0.290603 2.87847 0.0996691
1368.78 0.322455 -2.62099 668.393 -1.11161 2.12864 2055.16 1783.66 0.450617 0.451402 0.362271 0.771165 1292.74 -0.0856661 0.00892446 2959.45 0.500133 2.60726 0.0996691
1585.96 -0.383819 -1.25774 1551.04 1.3266 0.320523 3802.67 2711.99 0.80219 0.0937115 0.759767 0.723921 1032.89 2.38025 0.0287232 4289.13 0.239869 3.026 0.0996691
1666.86 -0.395322 -2.67676 807.584 -0.271825 1.06174 2248.15 2132.8 0.435882 0.700976 0.538206 0.855963 1049.28 0.00904562 0.583196 3676.74 0.618958 2.0987 0.0996691
1730.27 1.12298 2.73815 1070.81 -0.684226 -1.80478 3539.39 2804.45 0.267108 0.510662 0.602998 0.596481 1202.47 0.0490831 0.212149 3699.91 0.944159 2.994 0.0996691
1703.1 0.608882 -2.61944 819.246 -1.26397 2.41779 2909.91 2877.63 0.586213 0.271402 0.399822 0.556612 1822.35 0.334775 0.124806 3133.62 0.780497 3.07764 0.0996691
1580.58 0.307472 -1.33777 854.038 0.0495887 1.90117 2409.12 1989.59 0.550278 0.278112 0.713826 0.698948 692.206 1.72615 0.0456733 2439.15 0.454489 3.10917 0.0996691
1075.27 0.829872 2.49499 999.827 0.203708 0.704138 1760.67 1735.19 0.259409 0.683563 0.260621 0.70067 1187.46 -0.442517 1.07356 3415.04 0.689002 2.26883 0.0996691
2149.23 0.266328 -0.285094 1954.4 0.338672 1.60766 3332.07 3323 0.44627 0.593682 0 0.620536 689.202 -2.77356 0.251406 5785.22 0.778484 2.237 -0.0996691
1491.84 0.970948 1.43613 1080.7 0.453416 -1.65634 2732.57 2441.36 0.574632 0.251301 0.25794 0.69185 1300.15 -1.54135 0.0238503 3486.65 0.653772 3.09969 0.0996691
1851.29 -0.373747 1.91961 1637.85 1.33346 -1.67658 4771.71 4760.63 0.43501 0.372279 0.419046 0.5156 1259.93 -0.21987 1.45718 4031.7 0.969573 1.6363 0.0996691
1188.53 0.558201 -0.287227 332.622 -0.269026 2.6762 1442.08 341.145 0.302836 0.683653 0.592106 0.814894 1014.15 2.65923 0.0222225 1785.61 0.170446 2.99121 0.0996691
2311.83 -0.263218 -2.36456 1061.15 0.640474 1.68908 3272.21 2792.72 0.121147 0.457886 0.578375 0.641475 2059.93 0.111478 0.034073 4256.65 0.548795 2.57188 -0.0996691
957.628 -1.01499 -0.0724652 -1 -1 -1 -1 1306.39 0.432713 -1 0.413016 -1 730.554 -3.07416 0.48277 1127.52 0.734275 2.80151 0.0996691
1305.71 0.70849 -2.16976 523.207 0.454555 1.01515 1677.27 1613.08 0.496983 0.680917 0.480656 0.698071 783.316 0.935266 0.0601968 1789.58 0.451853 3.11944 0.0996691
1600.82 -0.837264 -2.99309 603.333 0.173608 0.2052 2357.67 1838 0.338773 0.637749 0.393873 0.724918 992.338 0.170784 0.036899 2325.53 0.370513 2.97408 0.0996691
2255.61 0.624613 -1.06243 1298.48 -1.18738 1.69933 4902.8 4899.78 0.0522396 0.536881 0.274645 0.439886 1068.66 2.49287 0.359022 3730.32 0.964083 2.36887 -0.0996691
1951.21 0.720101 0.647669 725.154 0.172699 -2.60784 2560.08 2148.77 0.55177 0.328075 0.467507 0.522284 1716.58 -2.4732 0.00978374 3200.25 0.516408 3.11871 0.0996691
1374.11 0.787845 -1.7377 859.026 -0.814916 0.46432 2775.8 2512.63 0.585306 0.67004 0.382867 0.757547 917.615 2.04696 0.187234 2548.11 0.546187 2.45267 0.0996691
1386.09 -0.424713 1.90237 326.349 -0.0845893 -1.24731 1377.34 1320.26 0.628863 0.662387 0.638477 0.673038 1057.17 -1.28939 0.0311718 1676.47 0.634915 3.11653 0.0996691
2183.82 -0.0840728 2.44976 1342.87 -1.62652 -1.66146 4244.14 2517.09 0.428281 0.303373 0.143123 0.7311 827.874 -0.645628 0.165056 2664.86 0.848066 1.13093 0.0996691
2226.9 -0.826215 -2.40865 1355.79 0.251349 2.30377 3168.2 3092.45 0.562962 0.764326 0.638855 0.723004 1662.83 0.165703 0.0746678 4515.08 0.856842 2.49978 0.0996691
2998.1 -0.0785476 -0.227946 1496.47 -0.0297726 2.12626 4263.96 2941.5 0.0263891 0.740401 0.547743 0.660488 855.22 -2.8247 0.110943 5849.27 0.309222 3.03353 0.0996691
874.63 -0.544192 1.91199 -1 -1 -1 -1 857.781 0.570024 -1 0.476177 -1 682.446 -1.21678 0.089084 1044.96 0.651379 3.06205 0.0996691
1812.45 0.275691 2.53272 869.118 0.30806 -0.624476 2588.19 2316.71 0.363181 0.268362 0.676572 0.810355 948.993 -0.65108 0.0255257 2692.17 0.288432 3.08457 0.0996691
2015.72 -0.0986513 1.68113 1500.1 -0.411051 -0.111263 2773.06 2766.33 0.489124 0.144853 0.83311 0.289961 861.945 -2.26087 0.138538 4930.92 0.363146 2.4809 0.0996691
2397.02 0.220825 1.4351 1890.21 -0.600348 -0.965854 4475.97 3502.56 0.205628 0.620572 0.518403 0.521639 690.944 -2.67069 0.159106 5173.11 0.974731 2.18762 -0.0996691
695.755 -0.299252 -0.256895 -1 -1 -1 -1 311.53 0.565993 -1 0.755489 -1 660.879 2.8603 0.159065 709.706 0.913442 3.01312 0.0996691
841.717 -0.200906 -2.51825 840.623 1.94774 -0.405759 2644.42 2582.62 0.286308 0.525023 0.60445 0.588003 1000.6 2.17654 0.0254114 3846.2 0.283484 2.96266 0.0996691
1280.87 1.2139 -2.51809 876.887 -0.584943 -0.805546 2718.15 2637.74 0.58426 0.263016 0.668447 0.55167 1411.91 1.04189 0.00995409 3307.6 0.636466 3.11899 0.0996691
1732.39 -0.12315 3.00961 1363.27 0.0314326 -2.20158 1635.4 1587.12 0.644677 0.0799625 0.368757 0.765093 1869.75 -0.00956673 0.858571 4140.77 0.908707 2.16894 -0.0996691
1709.93 -0.323961 -0.353805 1245.97 0.627283 -2.7471 3093.11 3049.58 0.068692 0.370924 0.419007 0.798029 1470.87 1.21814 0.0339829 4496.88 0.608831 2.41514 0.0996691
1725.74 -0.028228 1.88285 1499.18 0.0131524 -2.3976 2726.96 2711.73 0.502614 0.280623 0.688573 0.385007 1344.56 -0.365208 0.16601 3452.45 0.826274 2.08226 0.0996691
1239.04 0.725994 0.642466 497.755 -0.937707 -2.42768 2153.65 2108.62 0.711839 0.604272 0.715914 0.661797 638.507 -2.44041 0.0185242 1798.04 0.433231 3.0609 0.0996691
2422.03 -0.0682246 -1.12213 1477.48 0.207334 1.17747 3502.1 3488.71 0.32511 0.676144 0.706846 0.42017 1611.77 2.63005 0.0395672 4928.74 0.655033 3.07263 0.0996691
1276.93 1.16942 2.16014 458.686 -0.0624229 -0.926061 1845.16 1794.39 0.422209 0.65001 0.668818 0.595039 845.567 -0.93767 0.0103149 1700.87 0.472924 3.09186 0.0996691
3021.98 -0.138855 -0.82792 1465.22 -0.163432 1.74275 4431.95 1447.34 0.0245094 0.685411 0.691118 0.756145 1044.86 2.5841 0.368473 5521.14 0.357424 2.85621 -0.0996691
1166.36 0.603845 0.49093 257.88 -0.119366 -2.64026 1180.84 1147.31 0.615927 0.536668 0.611719 0.403407 931.958 -2.5987 0.0445993 1470.61 0.648673 3.13544 0.0996691
1766.88 -0.0118171 -0.221153 1560.89 -0.754039 2.72974 3644.97 1640.71 0.191563 0.0938943 0.533753 0.188494 1122.57 2.28209 0.0910704 4520.04 0.405337 2.70458 0.0996691
2758.04 -0.452601 -0.341207 2573.87 0.0374683 -2.96213 5406.29 5089.58 0.696042 0.501028 0.767016 0.738483 616.193 0.493084 0.552398 7585.68 0.66422 2.70846 0.0996691
1475.23 1 -2.00962 324.615 0.259183 0.439915 1507.26 1179.29 0.399347 0.289361 0.33845 0.731711 1243.13 1.21295 0.0619338 1862.52 0.871762 3.12242 0.0996691
991.388 -1.50301 -2.07227 404.359 1.36801 -0.0129218 2746.4 2638.75 0.531226 0.45264 0.740795 0.653278 672.327 1.44713 0.25973 1610.61 0.707073 2.50565 0.0996691
2234.5 0.8277 -1.82808 1132.23 -1.10189 0.930084 4785.53 4541.33 0.516114 0.299768 0.836627 0.724147 991.111 1.7444 0.152842 3760.25 0.767281 2.57614 0.0996691
1806.62 -0.329595 0.54363 1281.33 -0.0340614 -2.12211 3026.73 2923.64 0.278021 0.6606 0.349838 0.719194 838.087 2.95924 0.139199 3131.09 0.954454 2.27534 0.0996691
2253.7 0.232459 2.38157 1520.94 1.15292 -0.206459 4040.48 3572.15 0.389369 0.652017 0.421502 0.764133 830.109 -1.43904 0.0126272 4179.95 0.242865 2.74012 -0.0996691
2386.05 0.00549924 -0.191198 1201.18 0.0972584 -2.18361 2931.76 2856.97 0.595974 0.799027 0.61424 0.781329 1541.4 2.42404 0.0957503 4230.03 0.844228 2.98821 0.0996691
2187.64 0.738777 -0.734798 1999.55 -0.63274 -2.6009 4579.72 4569.48 0.310846 0.183289 0 0.305058 1045.01 1.4076 0.0941017 5646.44 0.951629 2.36971 0.0996691
1422.94 -0.0458602 0.762795 795.035 -0.877345 -1.96701 2355.8 1917.34 0.567165 0.326881 0.650529 0.764947 774.607 -2.75253 0.172526 2285.07 0.749699 2.95205 0.0996691
2424.08 0.00011345 2.38511 2066.41 0.374287 -1.45651 4493.81 2984.87 0.342644 0.581306 0.184678 0.581298 818.406 0.428079 0.328988 5287.89 0.273536 2.58803 -0.0996691
1118.97 -0.994597 -0.500949 538.563 -1.93669 0.627694 1154.26 1103.72 0.631941 0.323752 0.507924 0.310353 944.647 2.97874 0.0791733 2172.42 0.864691 3.08762 0.0996691
1836.91 -0.4607 2.48077 1327.94 -0.696011 -1.49634 2887.41 2848.5 0.688362 0.52835 0.704589 0.683721 752.633 0.135841 0.0648825 3664.53 0.65085 2.28338 0.0996691
1321.46 0.980819 0.291405 885.143 1.36198 1.84478 1606.29 1415.75 0.829818 0.237844 0.812766 0.831479 1454.16 -2.14372 0.790038 2405.9 0.751217 3.05737 0.0996691
2373.01 0.347278 -2.95073 1146.37 -1.334 1.76462 3938.44 2644.14 0.700776 0.289052 0.638675 0.507769 2502.9 -0.182467 0.177142 3742.79 0.105913 3.10278 0.0996691
1919.11 -0.0460261 1.75333 1727.28 0.0117594 -0.431565 3240.79 3229.19 0.615749 0.553714 0.720638 0.339203 992.457 -1.54124 0.183174 5132.4 0.741327 2.80618 -0.0996691
1209.67 -0.0346596 2.1776 302.654 1.31341 -1.16821 1524.4 1146.84 0.614999 0.804489 0.792265 0.636417 819.243 -1.08598 0.0334467 1781.9 0.64758 3.01257 0.0996691
1458.9 0.267216 -1.32601 856.534 -1.45116 0.371047 2745.25 2737.25 0.532175 0.248553 0.367342 0.588148 1706.3 2.77678 1.9687 3021.05 0.976369 0.437527 0.0996691
2189.17 0.279343 1.07725 1316.05 0.487502 2.44581 2208.78 2088.78 0.649017 0.480618 0.725287 0.59561 1805.03 -1.5805 0.0078243 4481.07 0.483855 2.66576 0.0996691
1865.84 0.928867 3.00316 1546.46 0.0336917 -0.647223 3707.77 3259.5 0.589314 0.574641 0.471679 0.563348 1163.64 1.24098 0.0827427 4599.02 0.378106 2.81719 0.0996691
1687.5 -0.403173 1.83868 1603.76 0.379807 -2.08106 3326.31 3306.99 0.161117 0.319013 0.455448 0.523904 1038.26 -1.22607 0.077031 4788.02 0.759728 3.13976 -0.0996691
2712.02 0.261263 -1.4457 2316.32 -0.128702 0.887161 4730.72 4696.42 0.11339 0.666458 0.575105 0.754973 896.999 2.45628 0.154562 6073.96 0.913507 2.53582 0.0996691
2038.12 -0.93209 -2.55675 1877.14 0.106719 1.91175 3808.78 2842.32 0.621724 0.0295683 0.48066 0.355412 1832.76 -0.320708 0.191402 4369.84 0.533854 2.20996 0.0996691
1607.59 -0.984266 2.5648 1498.76 0.686282 -2.66303 3306.17 3280.04 0.607603 0.543001 0.633234 0.458258 1663.14 -0.320771 0.0922074 4267.71 0.939741 2.9807 0.0996691
1621.5 -0.138294 1.96897 620.486 -0.652736 -0.782758 2066.86 2009.5 0.315663 0.612064 0.605292 0.783659 662.475 -0.910997 0.138124 2751.05 0.484982 2.74701 0.0996691
1507.39 -0.802905 -2.42893 1134.18 -1.26899 -0.724798 2091.84 2060.7 0.0891666 0.205283 0.421834 0.583903 1265.34 0.900838 0.147314 4576.57 0.265157 3.0836 0.0996691
2267.28 -0.349832 -2.99006 1223.94 -0.993061 1.88613 2426.47 2423.08 0.13105 0.302969 0.80013 0.458791 1517.15 -0.320486 0.103961 4654.5 0.372466 2.774 0.0996691
1136.54 -0.202821 0.852169 -1 -1 -1 -1 1150.75 0.479993 -1 0.654696 -1 955.17 -2.36111 0.182258 1304.33 0.737489 2.88373 0.0996691
1842.52 -0.356748 -1.43051 1542.57 0.568624 1.25761 3792.73 3010.63 0.624317 0.0672429 0.726306 0.744644 677.204 2.70632 0.220272 3496.27 0.970553 2.37124 0.0996691
925.506 -0.929004 0.505956 349.888 -0.46416 -2.71088 1206.72 1034.66 0.45358 0.69583 0.877853 0.737854 677.133 -2.32485 0.0489974 1394.12 0.921099 2.88667 0.0996691
1806.53 0.107392 1.41898 540.543 -2.24056 -0.163251 3413.56 728.198 0.162946 0.657362 0.424774 0.745166 1760.23 -2.03169 0.00255275 2495.86 0.875243 3.00756 0.0996691
1351.48 0.370051 1.29067 814.153 0.700845 -2.11601 2121.6 2093.61 0.234986 0.733844 0.485251 0.650034 806.026 -2.12276 0.0116012 2643.48 0.280418 2.87903 0.0996691
1387.26 0.204551 2.47768 -1 -1 -1 -1 864.987 0.579817 -1 0.672487 -1 1226.52 -0.682621 0.0707829 1556.81 0.818672 3.05484 0.0996691
1182.56 0.733236 -2.86903 317.134 1.70467 -2.52926 698.5 619.552 0.592819 0.554673 0.689263 0.837042 1261.12 0.227664 0.377698 1696.5 0.718035 2.81728 -0.0996691
1385.33 -0.753636 0.0746413 281.291 1.83182 1.53216 2279.98 2038.73 0.221715 0.790132 0.588155 0.712142 1323.9 -2.84865 0.144915 1734.89 0.224367 2.83872 0.0996691
1849.83 -1.48936 -1.74429 1329.49 0.864675 -2.69894 4831.48 4809.88 0.47226 0.619855 0.554787 0.704337 1679.65 1.00606 0.0095166 4297.11 0.338254 2.74192 0.0996691
2626.94 -0.789142 -0.307377 1828.14 0.954282 2.55586 6149.03 5941.91 0.593565 0.381644 0.829302 0.596662 898.514 -2.90121 0.00932169 4534.93 0.92475 2.60239 0.0996691
1533.82 0.63751 -2.77269 337.887 0.341981 0.495568 1463.14 1365.66 0.602262 0.490725 0.511644 0.723152 1052.03 0.301168 0.046196 2060.74 0.923985 3.12064 0.0996691
2206.92 0.0745003 -0.381536 2030.07 -0.117714 -2.92854 4391.1 2673.04 0.143216 0.645005 0.30864 0.699544 800.886 -0.484451 0.399733 6305.43 0.232429 2.89495 -0.0996691
786.082 1.31146 -2.87842 635.745 1.33534 0.349627 1522.16 2076.83 0.608653 0.427126 0.680952 0.618717 630.864 -0.228486 0.0424172 1997.08 0.290415 3.04238 0.0996691
2193.07 -0.353273 -2.27075 1420.27 0.369222 2.34092 2944.34 2903.84 0.243848 0.67258 0.850119 0.418314 2234.45 0.240518 0.0552693 3805.07 0.965369 2.56665 0.0996691
1115.23 -0.426757 0.507202 -1 -1 -1 -1 1030.49 0.45284 -1 0.753664 -1 832.604 -2.85732 0.0243099 1532 0.745178 2.89718 0.0996691
1840.65 0.622581 -2.9047 487.383 -1.26084 -0.204384 2782.79 2651.91 0.63766 0.838269 0.581339 0.720436 1281.58 0.492522 0.108672 2552.12 0.879071 2.77539 0.0996691
1394.66 -0.687687 1.42055 -1 -1 -1 -1 1094.99 0.478808 -1 0.605564 -1 1147.15 -1.59692 0.0753666 1958.57 0.17236 3.03309 0.0996691
2221.84 0.569392 -1.56818 1481.03 0.622915 1.35123 3768.76 2879.08 0.619336 0.152087 0.623073 0.455824 688.3 1.8156 0.144969 3838.86 0.571891 2.91601 -0.0996691
1836.39 -0.128949 0.876185 1417.69 -0.342355 3.12354 2963.43 2855.7 0.633435 0.477063 0.743173 0.637894 954.88 -1.12652 0.156333 4037.97 0.774311 1.88604 -0.0996691
1464.3 0.324271 2.71667 593.015 0.705573 -0.972566 1849.84 1769.25 0.38132 0.335102 0.680295 0.471767 894.647 -0.323931 0.633978 2202 0.511039 2.61059 0.0996691
2714.44 0.932341 -2.81381 2308.69 -0.630303 -0.0155457 6650.65 6264.94 0.124197 0.42499 0.530325 0.746306 608.002 0.947417 0.0387416 5880.45 0.741111 2.56877 0.0996691
1921.17 0.817833 -2.14337 1217.71 0.49724 0.174787 2853.78 2832.75 0.262651 0.66326 0.591291 0.56742 909.38 0.999471 0.492892 4023.24 0.869322 2.64732 -0.0996691
1033.77 1.57613 2.49592 -1 -1 -1 -1 1242.16 0.665324 -1 0.619208 -1 831.274 -0.677388 0.0285674 1177.91 0.746174 3.13757 0.0996691
1366.23 0.106794 -2.08534 908.906 1.30278 2.92759 2010.79 1751.76 0.318161 0.58447 0.771347 0.513343 1587.78 0.544461 0.0995592 2538.41 0.139287 2.90105 0.0996691
690.094 -0.383773 1.51096 326.3 0.972457 2.25437 862.071 495.456 0.415807 0.27696 0.652545 0.882473 875.944 -1.36982 0.161408 1084.22 0.794182 3.11091 0.0996691
1842.48 0.490084 2.85976 254.895 -0.839889 -0.233226 1744.31 392.265 0.113366 0.537336 0.7468 0.3585 1603.75 -0.306714 0.0968009 2093.99 0.638182 2.96915 0.0996691
1110.95 0.542882 0.300785 972.15 0.647727 1.83227 1474.57 1438.33 0.605251 0.567466 0.739319 0.648122 1648.19 -2.46517 0.0461361 3288.1 0.487356 2.80853 0.0996691
2057.42 0.300861 -2.04182 396.076 -2.34784 0.426871 3606.58 3584.58 0.317571 0.482807 0.519808 0.687141 1578.35 1.31142 0.079062 2651.63 0.874623 3.00807 0.0996691
1349.19 1.18849 2.87676 1347 -0.314705 1.33929 2912.63 2880.64 0.438841 0.25593 0.437936 0.541965 1894.24 -1.54598 1.49097 3693.16 0.798383 1.40244 0.0996691
1394.39 -0.316842 -2.05724 378.714 -0.345246 0.865409 1466.73 1447.67 0.392588 0.774849 0.256242 0.591797 1246.06 0.904313 0.0492924 2135.09 0.587671 2.91226 0.0996691
790.916 -0.659283 -0.292753 268.998 -1.92322 1.87594 1061.74 968.26 0.219563 0.386394 0.778899 0.857384 653.096 3.12801 0.197784 1086.13 0.689502 3.11809 0.0996691
2633.84 -0.385205 -0.614085 1795.16 0.285001 -2.91337 4443.85 3840.08 0.226397 0.675827 0.516441 0.554704 607.245 2.05358 0.0551434 6015.98 0.11296 3.01484 0.0996691
2297.57 0.269011 -1.32667 1855.01 -0.617369 2.16416 4643.8 3463.89 0.167083 0.693629 0.670297 0.698236 755.681 0.969445 0.00897503 4320.53 0.943664 2.49967 0.0996691
1156.67 -0.356427 2.92095 662.492 -0.132891 0.695884 1687.61 1477.67 0.139117 0.408851 0.650659 0.549296 755.575 -0.911046 0.0731924 2780.8 0.905307 2.95542 0.0996691
1591.14 0.719483 0.676656 -1 -1 -1 -1 866.087 0.594859 -1 0.670149 -1 1397.74 -2.42424 0.0753033 1781.2 0.866426 3.10468 0.0996691
2911.57 0.49781 -2.68556 1125.35 -0.352784 0.682205 3980.14 3905.93 0.200654 0.508061 0.73516 0.488688 1063.18 0.331634 0.0408496 4793.09 0.573051 3.06552 0.0996691
1867.03 0.580051 1.03948 1286.63 -0.951124 -2.08685 4061.93 4003.88 0.575138 0.76786 0.752348 0.797927 1079.48 -2.6665 0.019505 4507.17 0.381225 2.93637 0.0996691
1109.58 -0.00377175 -2.39484 -1 -1 -1 -1 1220.59 0.629076 -1 0.569462 -1 762.646 0.889983 0.251092 1550.22 0.707006 2.74736 0.0996691
1335.54 0.34064 -0.542882 828.082 -1.633 2.82449 3255.86 2385.3 0.456687 0.259186 0.734844 0.680027 618.214 2.55938 0.118783 2385.28 0.545462 3.00166 0.0996691
2120.34 -0.128534 1.44914 1742.5 0.419284 -0.310938 3442.13 3523.91 0.317106 0.232994 0.394706 0.622071 996.126 -2.25148 0.331804 5371.44 0.460407 2.25106 0.0996691
854.665 -0.199149 -2.30386 -1 -1 -1 -1 819.456 0.332884 -1 0.748191 -1 709.153 0.797116 0.00614274 1021.91 0.629613 3.09994 0.0996691
2546.65 0.519386 -1.64031 1513.34 0.189902 1.30354 4269.77 2810.45 0.0494327 0.633196 0.79645 0.631158 987.504 1.8284 0.10742 4178.92 0.88463 2.94783 0.0996691
2763.03 -0.316015 -0.110231 2436.68 -0.537452 -2.93755 5184.64 5134.87 0.133509 0.468632 0.350699 0.303531 792.521 -2.66978 0.150838 6380.17 0.971069 2.40947 0.0996691
1904.57 -0.310297 0.0196099 993.988 0.588344 2.76511 3044.8 2680.11 0.658837 0.583583 0.602105 0.698656 1081.98 -2.69114 0.784621 2853.06 0.57614 2.73436 0.0996691
1871.69 0.0523229 -3.13956 921.233 -2.25391 0.979994 4425.21 2168.4 0.742385 0.493083 0.698451 0.702985 614.995 -0.94128 0.0451288 4202.68 0.582914 2.15445 0.0996691
2208.39 -0.324443 1.4497 1230.78 0.891089 -1.82557 3941.61 3073.75 0.270335 0.0467247 0 0.707085 1004.69 -1.48548 0.0638274 3468.86 0.642537 2.99901 0.0996691
1658.81 -0.815162 -1.53308 1197.79 -0.416222 2.13865 2812.12 2710.07 0.510693 0.22373 0.782475 0.754512 603.203 0.858443 0.0334049 3032.76 0.823076 2.36507 0.0996691
1430.94 -0.657168 -2.40138 350.174 -0.514125 2.00468 1182 1085.92 0.40388 0.685513 0.0684554 0.669328 867.699 0.625541 0.174583 2260.89 0.805765 2.85052 0.0996691
1875.3 -0.267769 -2.48536 1682.19 -0.444051 1.20555 3436.38 3432.04 0.671929 0.601421 0.673493 0.62328 982.14 -0.808233 1.20725 3896.22 0.996355 0.805597 0.0996691
2232.59 0.107311 0.121475 1138.59 -0.380575 2.59055 3136.71 3092.74 0.467733 0.532108 0.476037 0.576425 800.693 2.6871 0.0939884 4641.52 0.945019 2.93433 0.0996691
1249.18 0.247241 -1.63208 1031.13 -0.293512 2.61881 2044.63 1945.96 0.605471 0.835759 0.562753 0.793922 1041 1.31408 0.0113564 3462.89 0.879361 2.96032 0.0996691
2215.44 0.769979 1.73208 1976.55 -0.854348 -0.682845 5587.03 4683.33 0.140107 0.103211 0.813938 0.590451 1204.93 -2.46549 0.0912642 4636.5 0.861842 1.99403 -0.0996691
1462.34 0.183885 -2.84285 886.698 0.0207472 0.480087 2306.2 2216.92 0.627512 0.681281 0.68602 0.731788 613.787 0.00388378 0.0830717 2339.26 0.967145 2.94169 0.0996691
757.955 -0.113515 0.133189 -1 -1 -1 -1 551.177 0.568855 -1 0.771852 -1 628.092 -3.0589 0.0292509 824.349 0.752454 3.05231 0.0996691
1174.96 -0.738933 0.374213 545.389 0.602591 -2.66094 1982.39 1956.2 0.426448 0.731912 0.265993 0.723796 622.369 -2.75405 0.0849447 1703.14 0.377969 3.04176 0.0996691
1045.89 0.876986 2.69142 -1 -1 -1 -1 989.676 0.232191 -1 0.655068 -1 865.89 -0.500061 0.0158452 1187.66 0.755438 3.0756 0.0996691
713.904 -0.981688 -2.32226 -1 -1 -1 -1 587.859 0.41908 -1 0.562738 -1 615.448 0.795982 0.0319988 815.374 0.726021 3.13618 0.0996691
2226.89 0.941543 0.118801 1750.77 0.894725 2.50525 3717.09 3650.66 0.406192 0.265467 0.310809 0.491203 1444.6 -2.08909 0.00310206 4119.2 0.963668 2.2061 0.0996691
2404.41 -0.0692408 2.15551 2372.75 -0.127655 -0.864614 4878.09 4387.6 0.383883 0.520703 0.760547 0.607983 677.726 2.62185 0.147034 5435.46 0.770404 2.65483 -0.0996691
874.61 -0.75108 1.52435 -1 -1 -1 -1 796.641 0.531266 -1 0.816924 -1 685.385 -1.63819 0.0135808 1021.74 0.682393 3.13886 0.0996691
1239.43 -0.634148 1.74226 1147.57 0.977928 -1.83092 3185 3001.19 0.503025 0.560614 0.195835 0.732496 615.494 -2.04252 0.178223 3239.88 0.378533 2.48881 0.0996691
1428.86 0.113509 1.45022 1046.9 -1.92879 0.0485822 3498.63 2987.97 0.322606 0.565569 0.237949 0.717992 1677.1 -1.77712 0.0283241 3624.05 0.657004 3.05371 0.0996691
1831.65 0.242391 -1.33041 814.865 0.552802 2.09496 2498.68 2056.3 0.562758 0.451253 0.633477 0.806364 730.378 1.47751 0.208231 3095.12 0.803479 2.5995 0.0996691
1426.61 -1.32949 2.19492 265.11 -0.485374 -1.06532 1355.88 1302.19 0.471616 0.60145 0.670044 0.818082 982.994 -1.05648 0.0163991 1814.86 0.704493 3.01556 0.0996691
1591.06 -0.473722 0.366636 1166.89 0.721157 -1.59821 2864.61 2828.96 0.510743 0.369882 0.703763 0.689828 1492.41 2.94614 1.43002 3023.52 0.804429 1.31407 0.0996691
1098.79 0.773495 2.75301 386.914 0.713222 1.13365 1056.67 1396.59 0.518479 0.137828 0.363645 0.543402 877.665 -0.69232 0.0772193 1851.14 0.568314 2.72345 0.0996691
1740.7 1.04183 2.99911 -1 -1 -1 -1 625.881 0.213076 -1 0.247611 -1 1605.35 -0.191243 0.261863 1913.73 0.855164 2.77278 0.0996691
1249.32 -0.267384 -2.08679 1230.62 -1.37668 -0.539767 2471.33 2062.61 0.197285 0.705687 0.374824 0.710212 713.705 1.96936 0.158846 3586.79 0.955935 2.72585 0.0996691
936.071 0.0676233 -1.33697 345.945 -1.9164 1.66135 1762.52 1695.84 0.306082 0.589186 0.607423 0.795227 614.127 1.65478 0.0053519 1423.46 0.468152 2.97199 0.0996691
1574.41 0.66 -2.01158 378.397 1.96763 0.27966 1898.95 1700.15 0.523366 0.626695 0.658282 0.565017 1220.65 1.32413 0.0681282 2056.75 0.882878 2.97306 0.0996691
1329.34 0.684227 -0.376626 1181.08 0.00506394 0.669182 1557.74 1499.39 0.612553 0.39476 0.603579 0.789572 803.861 3.0663 0.417941 4256.67 0.358721 2.42453 -0.0996691
2949.17 0.0123607 -2.6902 2100.66 -0.377592 0.693339 5291.57 4263.1 0.629277 0.32501 0.656592 0.690994 1339.13 0.412283 0.040574 5895.87 0.283215 3.12423 0.0996691
1734.78 0.457608 2.42064 790.823 -0.549152 -1.03216 2665.56 2451.26 0.59793 0.372771 0.393887 0.682063 1024.44 -0.487548 0.124584 2531.09 0.856778 3.03369 0.0996691
1280.6 -0.733003 2.46171 840.428 -1.51617 0.55758 1905.05 1856.46 0.637049 0.574534 0.663477 0.217413 1010.75 -1.20738 0.0081929 2431.76 0.80894 2.63485 0.0996691
793.56 -1.66868 1.59332 -1 -1 -1 -1 190.989 0.420885 -1 0.439148 -1 713.628 -1.57781 0.0481517 1081.7 0.498789 2.97344 0.0996691
1468.67 -0.381803 1.01272 626.498 -1.38147 -0.648325 1751.93 1691.61 0.532031 0.7036 0.37184 0.676615 1473.57 -2.55636 0.227829 2140.61 0.962566 2.9418 0.0996691
1468.36 -0.160365 3.07545 803.71 1.03542 -0.195341 2635.49 1837.44 0.229377 0.16168 0.676416 0.814139 655.415 0.118721 0.035634 2329.92 0.531263 2.92149 0.0996691
2164.24 0.378623 2.26522 1257.47 0.924059 -0.476398 3373.16 3351.71 0.0856931 0.371141 0.548128 0.787979 751.316 -1.44479 0.199294 3855.15 0.971996 2.77244 -0.0996691
3079.15 0.444944 1.90453 1880.45 0.0158538 -1.24622 5030.53 4010.51 0.0577133 0.552344 0.415688 0.768898 1149.67 -1.21307 0.0375912 4961.25 0.0597677 3.03641 -0.0996691
2584.38 -0.0565282 0.877553 2228.2 0.245171 -1.1482 4174.43 4046.67 0.680619 0.645115 0.721572 0.666457 1892.53 -2.83338 0.0127285 5661.38 0.90024 2.55473 0.0996691
1664.22 0.0333611 0.904658 572.131 0.980396 -0.396328 1541.22 1497.28 0.446801 0.78118 0.668058 0.781614 1404.97 -2.60136 0.250544 2788.98 0.951382 3.02859 0.0996691
968.688 -1.45676 1.29185 -1 -1 -1 -1 726.18 0.646756 -1 0.743203 -1 817.272 -1.82662 0.117056 1101.79 0.849168 2.98987 0.0996691
2875.32 0.659774 0.161707 2345.82 0.272221 -2.75855 5306.55 5104.06 0.22691 0.215872 0.280089 0.591689 786.422 -2.96454 0.241207 5888.5 0.183736 2.8852 0.0996691
1723.56 -0.310636 1.8697 914.073 0.124601 -1.57101 2634.62 1850.92 0.558419 0.174557 0.766478 0.826114 846.1 -1.02202 0.163741 2657.96 0.609846 3.05808 0.0996691
1673.61 0.0512276 -0.607308 863.968 0.190138 2.78902 2410.58 2351.08 0.551133 0.600134 0.69485 0.729994 869.762 2.23425 0.557219 2493.55 0.350154 2.88441 0.0996691
2002.81 0.378449 -2.61666 1526.77 -0.37153 0.76144 3732.13 3712.16 0.365433 0.327332 0.513355 0.719777 1280.23 -0.317849 0.112674 4192.37 0.90631 2.91362 0.0996691
1635.08 -0.731921 0.160768 883.843 0.489127 -2.91581 2926.64 2168.54 0.103722 0.33901 0.704694 0.573522 1276.95 -2.96577 0.0485892 3007.82 0.129443 2.97783 0.0996691
2650.56 0.289934 1.93959 1415.56 -0.286909 -1.03723 4220.59 3312.28 0.238322 0.253318 0.852544 0.513509 708.429 -0.606023 0.250374 5092.65 0.226166 2.71173 -0.0996691
2256.63 -0.796243 -0.536278 1600.1 0.445836 1.81356 4367.34 4163.15 0.428703 0.435447 0.573114 0.436746 1145.24 -2.27506 0.0899432 5602.48 0.819801 2.8987 0.0996691
1807.18 0.484494 -2.91753 1097.09 -1.17464 -0.228828 3829.65 3579.04 0.520108 0.572907 0.632011 0.758284 736.459 -0.235196 0.000109673 3972.57 0.924753 2.7943 0.0996691
1719.35 0.0644158 2.47 725.953 0.695747 -0.210747 2393.09 2029.85 0.738834 0.431311 0.664745 0.763019 1485.03 -0.497623 0.303241 3239.03 0.741397 2.7271 0.0996691
1848.68 -0.371859 0.0238101 930.856 -0.945131 -2.08075 2439.29 2302.16 0.623805 0.577348 0.827899 0.598276 1011.58 2.23645 0.0501561 3673.6 0.366906 2.76204 -0.0996691
1688.34 0.67813 2.20287 1013.4 -1.3706 -3.07866 3450.08 3090.81 0.480908 0.46125 0.805394 0.630445 1747.75 -0.392046 0.164907 3414.88 0.947368 2.89482 0.0996691
1388.98 0.254059 -1.64059 1296.86 0.314917 2.89528 2079.01 2067.55 0.336563 0.204883 0.394783 0.627683 1331.86 0.64882 0.0221834 3461.75 0.385382 2.3505 0.0996691
950.704 0.644404 -0.00816529 679.821 1.76093 0.925823 1300.39 1104.08 0.248652 0.637307 0.64111 0.720581 727.798 -2.25701 0.0419443 2701.03 0.251098 3.06443 0.0996691
1416.96 1.12378 -2.9529 416.346 0.34025 0.475712 1678.55 1569.93 0.794048 0.430233 0.775737 0.499987 609.768 0.419814 0.0606721 2237.67 0.532575 2.87476 0.0996691
824.067 1.68165 -2.8731 304.382 1.53448 1.0697 957.052 852.627 0.551743 0.641454 0.809738 0.809189 782.396 -0.121749 1.19995 1195.49 0.849352 1.9294 0.0996691
1287.63 -0.795277 2.00118 1078.12 -1.7695 -0.427188 2542.11 2392.32 0.401823 0.445745 0.713635 0.693592 713.279 -1.85067 0.224475 2617.92 0.309058 2.79733 0.0996691
1322.3 -0.765919 -1.61933 1136.42 0.296236 -2.29623 1765.37 1222.9 0.521077 0.504722 0.618389 0.578193 1728.97 1.46239 0.0167365 3430.7 0.851408 3.06151 -0.0996691
1430.52 0.0669404 1.03355 755.142 -0.710027 -2.96402 2081.09 2035.31 0.497893 0.675871 0.641356 0.788732 1134.44 -1.47214 0.0502292 2506.13 0.305684 2.81256 0.0996691
1755.59 0.245633 2.36491 1358.25 -0.919729 -1.42773 3537.8 3032.48 0.630862 0.40655 0.6851 0.578116 791.01 1.55347 0.362527 4627.11 0.793696 2.66265 -0.0996691
862.093 -1.47915 -0.0956831 496.088 0.136029 -2.57021 1822.75 2682.28 0.367007 0.249906 0.722707 0.663179 611.366 2.0554 0.0828351 1846.43 0.400083 2.45067 0.0996691
1774.61 0.491497 1.60843 1402.35 -0.965264 -0.672742 3822.3 3742.58 0.64879 0.443778 0.692805 0.324867 954.549 -0.673029 0.00521833 5329.09 0.181953 3.12555 0.0996691
1627.43 0.300783 2.18566 1492.54 -0.609691 1.13834 2150.06 2131.33 0.100551 0.37332 0.607744 0.640936 2052.43 -1.36368 0.203374 3843.16 0.659832 2.93773 0.0996691
3293.54 -0.600822 -0.788829 2582.17 -0.30912 1.7409 5881.28 4885.83 0.390751 0.275266 0.572645 0.643173 768.819 -3.01783 0.0382721 7275.65 0.92784 2.47154 0.0996691
1496.52 0.511319 -1.0102 387.253 0.287565 2.09673 1556.49 1484.12 0.70413 0.542007 0.699535 0.629135 1091.54 2.14726 0.0167532 1873.8 0.594782 3.13469 0.0996691
1082.28 1.5165 -2.9011 1001.09 0.14187 2.27086 1931.55 1843.01 0.676132 0.657099 0.694119 0.591299 1967.88 -0.750907 1.37122 3027.26 0.911435 1.67839 0.0996691
2913.78 0.482104 -1.71857 1402.81 -0.32483 0.0784879 3634.69 3461.76 0.276281 0.536537 0.590023 0.681926 1316.86 1.57401 0.190849 6478.66 0.527384 3.10298 0.0996691
2666.68 -0.103727 -0.52844 1840.39 0.83581 1.60558 4501.02 4353.33 0.549384 0.519608 0.407987 0.139978 844.813 3.11381 0.129293 6316.86 0.85368 2.77079 -0.0996691
1182.19 -0.396236 -0.140702 251.326 -1.01528 2.99842 1162.91 1006.07 0.616772 0.772374 0.679297 0.706975 916.299 2.99967 0.00642252 1389.39 0.699598 3.13022 0.0996691
1393.09 -1.11045 -0.131184 1176.91 0.77382 2.95478 3835.21 3424.15 0.539501 0.463667 0.656463 0.743027 1065.64 2.85233 0.0862525 4152.41 0.639743 3.00235 0.0996691
2687.48 -0.451824 -1.41405 1417.13 1.16188 2.19933 5186.9 5082.34 0.757665 0.593958 0.652874 0.422404 766.73 2.19914 0.00876975 5482.89 0.378703 2.68686 -0.0996691
2443.9 0.25086 -1.07222 2405.31 0.0679701 2.7363 4609.87 4603.32 0.0739403 0 0.670265 -1 787.84 0.976252 0.306068 5672.98 0.959839 1.74268 -0.0996691
1478.17 0.124692 2.61457 1240.86 -1.21913 -1.78954 2955.61 2864.33 0.676076 0.443397 0.796866 0.732193 1835.07 0.693657 0.022531 3481.05 0.889944 2.46709 0.0996691
2868.02 0.229294 -0.500029 939.195 -0.00333741 2.32853 3424.93 2715.83 0.297452 0.536092 0.571981 0.702152 1215.41 2.73432 0.225448 4592.8 0.94852 2.90455 0.0996691
1845.85 -0.508768 -2.17967 1453.47 -0.695821 2.15827 2738.99 2714.35 0.478242 0.42768 0.493598 0.739972 1114.75 0.0557687 0.0497697 4113.08 0.976012 2.28443 -0.0996691
2102.82 -0.101278 0.601687 2042.72 0.300123 -1.70091 4163.79 2625.97 0.585008 0.140402 0.74347 0.48703 1511.83 2.64302 0.00400543 4436 0.838627 2.34401 -0.0996691
2623.14 0.403926 0.855677 2143.47 -0.0512373 -2.90857 4672.09 4609.98 0.504938 0.195045 0.511634 0.43414 736.93 -2.19459 0.119927 6032.28 0.978694 3.11182 -0.0996691
2159.07 -0.208223 1.34948 1219.34 1.58812 -1.88228 4650.67 4564.25 0.365828 0.473477 0.741236 0.599638 952.319 -2.12952 0.0473566 4179.27 0.806905 2.75789 0.0996691
2717.33 0.489617 -1.0655 1986.77 -0.680172 2.50043 5669.24 4216.95 0.293981 0.569933 0.620075 0.761505 898.787 1.46354 0.326648 5264.96 0.490897 2.68038 -0.0996691
2063.73 -0.159666 1.02299 1241.49 0.701002 -0.75081 2879.01 2846.01 0.732125 0.639048 0.655653 0.645068 1917.58 3.05737 0.0444665 4485.16 0.685728 2.73736 0.0996691
2495.16 0.214044 -1.70542 1341.55 -0.709915 1.67704 4178.88 758.799 0.295497 0.533985 0.277692 0.812308 1183.87 1.23285 0.405067 3955.71 0.220651 2.69663 0.0996691
1487.39 0.420003 -0.401239 1278.5 0.313463 1.32601 2112.45 2099.7 0.457946 0.25358 0.470878 0.0457321 1088.87 -2.77341 0.0494936 3895.18 0.80753 2.58828 0.0996691
2977.41 0.497645 2.16717 1272.93 0.944981 -0.675909 4216.68 2967.52 0.0901468 0.345714 0.366592 0.588282 742.883 -0.596547 0.0806211 5473.46 0.110042 2.93247 0.0996691
907.987 -0.53322 -1.96858 -1 -1 -1 -1 293.228 0.508581 -1 0.389743 -1 915.056 1.19287 0.149217 1156.1 0.749996 3.07665 0.0996691
3249.65 0.627249 -1.96405 1666.67 -0.559545 1.18939 5638.74 4886.47 0.204944 0.526759 0.359113 0.518533 784.961 0.986961 0.201431 5683.53 0.198564 3.04839 0.0996691
1221.32 -0.793538 1.0894 1180.02 0.709898 2.90814 2794.75 2572.11 0.408712 0 0.62678 -1 1521.78 -1.39283 0.0573155 3586.75 0.244059 2.84102 0.0996691
1511.33 -0.636142 -2.91651 1436.04 -0.42322 0.622952 2916.81 2884.94 0.325145 0.0152108 0.658678 0.381608 1441.59 -1.0519 0.153923 3946.98 0.889611 2.98744 0.0996691
2448.05 0.139734 -1.5708 792.391 -0.158435 1.93019 2784.39 2729.68 0.536893 0.578914 0.608127 0.689934 1698.55 1.4497 0.120882 3366.01 0.982852 2.90041 0.0996691
2146.55 -1.03212 -0.519045 1337.91 -0.648534 1.44337 2935.32 2783.25 0.38655 0.574648 0.182382 0.735454 2042.99 -2.73516 0.0430014 4121.47 0.958378 2.17395 0.0996691
1984.92 -0.920696 1.94625 1189.31 1.62446 -1.4108 5909.65 5882.73 0.569655 0.521472 0.560284 0.774577 656.882 0.0686088 0.281529 4911.87 0.426802 2.57282 0.0996691
1688.54 0.877133 -2.89168 900.927 -0.379133 0.934233 2865.21 2833.54 0.452108 0.421822 0.605796 0.396075 801.464 -0.815751 0.113597 3289.39 0.891602 2.19479 0.0996691
1185.64 1.08475 -0.218111 -1 -1 -1 -1 512.247 0.259654 -1 0.792808 -1 1163.73 2.92008 0.242844 1163.49 0.926416 2.89845 0.0996691
2673.84 0.174293 1.6626 1791.66 1.00472 -2.35651 4788.79 3398.97 0.0654211 0.463001 0.673843 0.356075 1480.71 -0.729825 0.00772184 5223.67 0.418083 2.85905 0.0996691
952.382 -1.01833 2.19675 337.02 -0.127021 -0.917977 1268.9 1200.78 0.560925 0.720849 0.63282 0.660671 631.208 -0.899163 0.0207078 1265.28 0.501261 3.10654 0.0996691
1416.98 0.935286 -0.475068 290.453 -0.563313 -2.8949 1636.83 1450.59 0.416357 0.717363 0.599546 0.692635 1167.49 2.49055 0.0631614 1727.41 0.966362 3.03011 0.0996691
878.771 0.853924 0.768061 -1 -1 -1 -1 684.234 0.341832 -1 0.701245 -1 826.58 -2.31395 0.0625551 976.213 0.787492 3.02052 0.0996691
2393.95 0.389941 -0.451551 2152.31 0.150034 1.8292 4183.56 4147.48 0.35937 0.69759 0.612575 0.642929 1605.74 -2.90434 0.154532 5390.19 0.951402 2.6063 0.0996691
3054.76 0.0914176 -1.75617 1836.49 0.725717 1.84469 4986.78 4515.74 0.339417 0.388787 0.627427 0.733843 744.337 1.72972 0.116393 6229.79 0.247563 2.78661 0.0996691
1852.48 -0.258078 -3.01382 1421.74 -0.124611 -0.233537 3253.5 3070.81 0.29957 0.679092 0.169127 0.538195 1201.02 0.753894 0.143091 4601.41 0.774465 3.1249 0.0996691
2555.97 -0.346323 -1.73102 1503.18 0.0397717 0.0940875 3204.69 3173.41 0.619211 0.590002 0.756555 0.745689 1843.9 1.74595 0.0589643 5297.92 0.930517 2.90035 0.0996691
792.264 -0.66653 2.28793 -1 -1 -1 -1 422.406 0.536136 -1 0.695433 -1 709.947 -0.867275 0.057099 830.958 0.879426 3.0991 0.0996691
2405.52 0.25285 -0.148326 1558.55 1.11258 -2.6311 4071.24 3985.13 0.143534 0.381959 0.436061 0.526448 876.781 -2.65888 0.0419607 5333.89 0.957737 2.46824 0.0996691
1200.88 -0.557257 -0.201648 296.178 0.243099 -2.11098 1146.51 989.412 0.523199 0.643565 0.581021 0.818706 898.848 2.8187 0.223244 1823.87 0.690799 2.79547 0.0996691
1825.94 0.701657 0.42911 476.479 -1.31755 -2.85997 2908.65 2763.29 0.734089 0.689792 0.753277 0.703402 1051.42 -2.65377 0.0537512 2567.36 0.744766 3.13682 0.0996691
1830.3 0.406608 3.0431 1525.24 1.09405 0.756118 3346.04 3114.14 0.389919 0.32992 0.446649 0.687896 989.772 -1.17315 0.000826955 4953.39 0.233994 2.86402 0.0996691
1761.43 -0.0413888 -1.05891 1344.6 -0.300387 0.586752 2307.6 2253.02 0.693882 0.464526 0.668961 0.461715 890.94 2.97864 0.410808 4292.82 0.550482 1.98108 -0.0996691
1528.3 0.457151 -2.86236 1151.03 0.313831 2.12037 1679.72 1413.8 0.150312 0.504433 0.647109 0.637206 1432.25 -0.173348 0.0154305 3374.75 0.406522 2.67954 -0.0996691
1792.13 0.153133 2.36126 1206.93 0.475154 -1.43075 2849.32 2806.75 0.356427 0.674573 0.482925 0.452035 884.964 -0.00490192 0.153045 3428.67 0.437874 2.76507 0.0996691
2550.57 -0.125902 2.98321 1383.54 0.347708 0.828498 3595.74 3205.21 0.563071 0.552613 0.565797 0.573012 1564.34 -0.660047 0.362305 4387.22 0.360223 2.40462 0.0996691
2663.8 -0.419345 -2.67512 1566.34 -0.560494 0.499834 4105.82 4056.33 0.183277 0.56733 0.574214 0.793141 737.646 0.133455 0.0423751 4673.01 0.974731 2.76706 0.0996691
1120.5 0.784831 -1.37661 1104.57 0.241425 1.81038 2365.13 2096.75 0.485333 0.454355 0.532807 0.632325 615.587 1.92039 0.0860245 2920.49 0.732311 2.98196 0.0996691
1573.54 -0.44013 -3.07848 1358.44 0.423773 -0.742674 2998.57 2976.27 0.713906 0.595871 0.642039 0.706389 763.961 1.14622 0.0326266 3749.53 0.626333 2.39423 -0.0996691
2449.09 0.925767 -1.17397 990.921 -0.419791 1.75599 3990.95 2556.49 0.734137 0.138228 0.711461 0.605544 1715.06 1.75197 0.143092 4153.58 0.631548 2.77177 0.0996691
1026.47 0.744039 2.38027 423.705 -2.37576 2.7307 3019.28 2540.6 0.101833 0.508321 0.528098 0.804243 1339.76 -0.794999 0.028109 1864.68 0.720966 3.07966 0.0996691
2331.31 0.936984 2.60557 2103.62 -0.312774 -0.69501 5413.88 5061.26 0.154816 0.446975 0.446107 0.660619 649.058 2.65767 0.0243909 5498.33 0.0963113 2.95393 0.0996691
3255.03 -0.454959 1.95634 2314.73 0.752308 -0.690779 6449.6 6265.99 0.567305 0.46931 0.453501 0.518191 705.332 -0.375358 0.367092 7340.9 0.285055 2.69997 0.0996691
2954.76 -0.699428 -2.83368 1703.66 -0.127684 -0.761222 4429.56 4799 0.498305 0.236366 0.518263 0.784185 970.165 0.964133 0.0511144 6441.8 0.412531 2.53572 0.0996691
1283.77 0.356449 -2.03652 1249.06 1.15239 -2.9463 1589.36 2394.6 0.248583 0.30248 0.782751 0.389793 1349.8 0.674854 0.286309 3648.77 0.080767 3.0457 0.0996691
1721 0.801236 -0.440354 1139.73 1.53593 2.67133 3014.79 2959.07 0.34783 0.307654 0.75627 0.511278 1474.47 2.2762 0.397761 3770.32 0.3586 2.43399 0.0996691
1026.04 1.44968 -2.31974 873.882 0.236337 1.79075 2112.99 1618.11 0.248905 0.491702 0.716304 0.677062 723.121 -0.123862 0.0225918 2004.92 0.764255 2.25055 0.0996691
1600.17 0.358376 -0.13438 1285.77 -1.12105 2.27793 3549.73 3544.24 0.282019 0.518033 0.350854 0.444106 1177.52 -2.09058 0.0430982 3267.2 0.571405 2.40765 0.0996691
2039.16 1.01495 -1.93206 1531.1 -0.951773 0.687151 5326.04 5121.84 0.37558 0.656691 0.475809 0.784951 1077.7 3.10697 1.24504 4583.98 0.318229 2.60352 0.0996691
984.897 -0.309833 -1.218 -1 -1 -1 -1 761.145 0.597427 -1 0.787615 -1 847.178 1.95258 0.00224137 1148.3 0.730267 3.09193 0.0996691
3120.91 0.26504 -2.76334 2200.28 0.443694 0.492615 5475.7 4475.88 0.395959 0.0366697 0.69535 0.596444 677.074 0.239498 0.193049 5293.69 0.663569 3.09087 0.0996691
3934.91 0.3775 -0.234705 3526.96 -0.152306 2.91197 7874.06 7137.52 0.268842 0.748952 0.267251 0.724933 957.325 3.03782 0.126615 8136.45 0.040371 3.08595 0.0996691
2250.77 -1.16187 2.96161 919.597 0.406791 1.04683 3466.56 2968.97 0.183365 0.38051 0.306731 0 1739.21 -0.446497 0.00784409 4013.93 0.632543 2.96424 0.0996691
2550.03 0.353485 -1.31597 1790 0.146338 1.83385 4497.26 3125.4 0.153641 0.527296 0.634946 0.611374 673.652 1.87378 0.0385773 4468.72 0.9052 2.90315 -0.0996691
1707.94 0.708837 0.622656 1357.4 -0.920655 -0.964106 3572.44 3247.22 0.514794 0.351045 0.476168 0.704042 1584.43 3.04884 0.105023 3710.31 0.960091 2.38842 0.0996691
1306.22 0.221719 -0.915852 470.607 -1.17993 -2.05689 1465.63 1424.64 0.393051 0.611274 0.696071 0.599356 1270.23 2.00443 0.0105217 2298.6 0.525441 2.93096 0.0996691
1784.34 0.240178 0.66532 1066.72 -1.08204 0.462347 1982.36 1980.85 0.278643 0.365849 0 0.358407 1131.69 -2.36946 0.0568898 4674.29 0.355106 3.09167 0.0996691
2108.44 0.10326 -2.65121 377.154 -0.193301 0.518949 2051.84 771.905 0.153405 0.676538 0.583079 0.531611 1979.55 0.49624 0.0275325 2890.81 0.561437 2.92964 0.0996691
1545.13 -0.0176324 2.3984 1436.74 0.383001 -2.01208 2493.7 2467.45 0.606407 0.559379 0.36807 0.675814 1074.17 -0.376405 0.136917 4135.12 0.766254 2.63988 0.0996691
1269.5 -0.871843 2.89256 -1 -1 -1 -1 814.456 0.0568841 -1 0.640617 -1 1120.46 -0.188814 0.0267655 1435.08 0.86366 3.05466 0.0996691
1396.18 -1.1496 -1.1275 729.614 -0.192085 1.85152 2267.05 2224.23 0.598171 0.423002 0.767567 0.198056 613.752 1.95343 0.0986048 2175.59 0.317865 2.98186 0.0996691
1651.98 0.0185311 -2.95001 861.036 0.32157 -1.79323 1408.46 1392.31 0.259234 0.162878 0.332653 0.703684 1570.27 0.906758 0.16102 3627.26 0.506001 2.53849 0.0996691
1851.85 1.13434 0.972044 1609.18 0.045543 -2.58032 4014.5 3312.67 0.541568 0.347157 0.361265 0.78444 823.616 -1.20336 0.896452 3756.36 0.215078 2.7278 0.0996691
1606.29 -0.171298 2.45532 1295.72 -0.876261 -1.33893 2996.2 2630.47 0.353554 0 0.688063 -1 913.783 0.317179 0.118088 3268.83 0.361467 2.48506 0.0996691
1402.01 0.650742 -0.796066 567.719 -1.68707 -0.0881449 2692.68 2502.14 0.61259 0.557056 0.620125 0.443119 1428.83 2.64882 0.103627 2716.02 0.964813 2.77271 -0.0996691
1515 -0.243113 -0.866893 1266.56 -0.626139 -2.64578 2246.77 2173.2 0.523291 0.339443 0.498124 0.61051 1568.28 1.49157 0.00370717 2870.07 0.911948 2.35278 0.0996691
1200.98 -0.40461 1.63375 365.344 -0.744614 -1.27647 1398.58 1193.28 0.566938 0.590806 0.427989 0.600216 828.37 -1.64462 0.207537 1555.6 0.589683 2.78371 0.0996691
1339.66 -0.051547 2.93263 379.928 -0.56886 -0.473525 1474.82 1417.96 0.638597 0.63885 0.671449 0.769659 1216.89 -0.34161 0.140268 1953.57 0.589687 2.869 0.0996691
2364.38 -0.769424 2.35295 1320.92 -0.442814 -1.56022 3669.38 1197.65 0.075674 0.310541 0.325166 0.708799 1305.97 -0.237487 0.00436467 4289.68 0.478042 3.12635 0.0996691
1512.17 0.0861787 -0.843142 1220.87 0.230399 1.36577 2441.78 2429.37 0.531502 0.335251 0.70805 0.570977 1329.72 3.02932 0.111806 3556.38 0.267569 2.66671 0.0996691
754.773 -0.107706 0.437162 -1 -1 -1 -1 722.442 0.0493281 -1 0.11052 -1 676.474 -2.73506 0.092123 828.991 0.815918 3.08059 0.0996691
1266.38 0.758506 1.34907 -1 -1 -1 -1 933.859 0.694388 -1 0.73875 -1 1090.95 -1.80005 0.00285959 1470.43 0.963998 3.13927 0.0996691
1660.05 -1.37559 2.02282 1604.69 1.21508 -2.5464 6100.19 5506.74 0.208544 0.676756 0.663309 0.58005 852.66 -0.877623 0.0539519 5125.87 0.46382 2.87075 0.0996691
1659.15 -1.28419 -2.99202 1179.9 -0.0520454 0.889596 3246.8 2952.08 0.326049 0.230133 0.387266 0.760922 1124.13 0.248511 0.640814 3807.47 0.42072 2.3035 0.0996691
1017.77 0.878807 -1.67764 664.859 -1.50421 1.62562 2972.4 2871.44 0.592187 0.744659 0.611186 0.642482 907.47 -0.0280815 0.271867 2801.39 0.875269 2.81143 -0.0996691
2041.43 1.06105 -2.26233 1874.27 0.528767 0.416009 4080.95 2684.22 0.193195 0.518312 0.652391 0.850028 645.305 1.10927 0.00161076 4629.74 0.832157 3.08563 0.0996691
1204.68 0.30475 0.947931 1013.26 1.32965 -1.57967 2426.18 2380.77 0.578786 0.700409 0.488879 0.64585 792.81 -2.6749 0.623748 3004.21 0.477146 2.24967 -0.0996691
1829.08 -0.635492 1.5055 1230.73 -0.764576 -2.09059 2952.03 2846.31 0.575045 0.60612 0.557495 0.606786 1552.73 -1.00559 0.0508759 4447.3 0.414381 2.70152 -0.0996691
1508.01 -1.30157 0.0470555 1370.21 1.37503 2.00223 5752.82 3519.57 0.713769 0.273691 0.65978 0.572204 981.045 -2.3249 0.0985761 3682.94 0.771467 2.54542 0.0996691
1945.91 0.0959429 0.107865 1387.72 1.04926 2.22375 3307.67 3272.07 0.206361 0.240124 0.756495 0.83869 821.616 -2.76122 0.8726 4373.47 0.593754 1.99526 0.0996691
1765.79 0.941594 -2.68841 823.928 -0.545351 0.933545 3067.65 3013.47 0.408028 0.614056 0.394521 0.640329 675.51 0.973397 0.0420974 3374.79 0.918382 2.99024 0.0996691
2395.25 -0.0764031 0.428744 1922.61 -0.872163 2.55631 4266.49 3066.55 0.284571 0.632479 0.850942 0.53831 1606.81 -1.86115 0.0537155 4883.01 0.544634 3.05724 0.0996691
751.084 0.0199181 -0.287631 -1 -1 -1 -1 628.241 0.663041 -1 0.709802 -1 655.736 -3.10427 0.837641 1022.76 0.712321 2.62898 0.0996691
2826.56 -0.423153 2.78546 1168.6 0.11191 -0.0846131 3979.37 2968.77 0.186881 0.491736 0.457789 0.564218 1217.25 -0.491852 0.0877146 4698.93 0.560276 3.07811 0.0996691
1959.86 -0.468997 -2.7504 1749.74 0.190736 -0.609571 3620.77 2766.99 0.695582 0.141076 0.646216 0.364317 1437.02 1.36789 0.001791 4333.42 0.481709 2.73807 0.0996691
1613.17 0.561875 1.29738 1161.69 -0.210805 2.90355 2264.09 2213.79 0.631167 0.526095 0.632212 0.435293 1240.36 -0.856598 0.0863113 4334.7 0.305479 2.60695 0.0996691
1641.16 0.421817 3.12431 1262.94 0.314557 -0.281561 2960.79 1983.28 0.156332 0.404437 0.500737 0.608967 1647.66 0.89152 0.157883 4216.05 0.817813 3.03269 0.0996691
1307.47 -0.424969 2.01315 456.654 1.28271 0.644898 1792.41 1697.65 0.607718 0.801104 0.59208 0.791203 1214.64 -1.46432 0.247984 2122.1 0.712095 3.05154 0.0996691
2300.81 -0.0309028 2.18229 1914.21 0.504633 -0.205933 4078.14 4021.76 0.311137 0.154267 0.648046 0.506116 870.553 -2.1161 0.0203543 4942.05 0.525252 2.17328 -0.0996691
1243.47 0.980418 -2.77571 421.889 0.0867287 0.436461 1627.05 1476.67 0.197697 0.680657 0.590149 0.786194 885.6 0.492532 0.0507014 1757.41 0.549398 3.06606 0.0996691
734.267 -0.632843 -1.61394 -1 -1 -1 -1 318.912 0.34157 -1 0.385382 -1 676.476 1.47584 0.0144051 787.119 0.914653 3.10643 0.0996691
1532.1 0.316489 -1.82265 1004.64 -0.83217 -1.79596 1524.54 1507.08 0.121666 0.299024 0.669387 0.552763 2218.55 1.25417 0.134225 2937.47 0.727736 2.94158 -0.0996691
1672.55 0.161027 -2.15872 395.61 -0.914386 0.907155 1969.51 522.516 0.220036 0.675397 0.32432 0.811449 1301.27 0.984505 0.092501 2086.03 0.446145 2.84396 0.0996691
689.322 0.986446 -2.10386 -1 -1 -1 -1 310.068 0.502874 -1 0.869328 -1 645.585 1.06184 0.314417 713.478 0.905038 2.84831 0.0996691
1644.67 -0.658262 -1.99972 1213.51 -0.542114 0.345712 2626.4 2541.13 0.455597 0.386219 0.689351 0.445932 1508.27 2.041 0.234039 3403.14 0.891183 2.7195 0.0996691
1594.46 0.798153 1.36683 1472.57 0.316031 -2.71213 2844.02 2836.02 0.462647 0.158636 0.0462002 0.499686 732.01 -1.16187 0.0202389 3964.1 0.665502 2.54841 0.0996691
2405.58 -0.32142 1.28428 2255.19 0.535059 -0.625937 4469.49 2978.62 0.132836 0.441623 0.630241 0.376114 1268.53 -2.80829 0.179279 6088.7 0.294017 2.54478 0.0996691
1127.89 -0.755884 -2.40436 294.078 -1.20695 0.611656 1197.74 1176.73 0.532942 0.394834 0.764723 0.544631 616.266 0.867336 0.0104257 1607.2 0.701648 3.0012 0.0996691
2281.64 0.515313 2.3366 1427.04 0.756291 0.733746 2680.46 2540.59 0.660325 0.108573 0.741553 0.633317 1133.23 -1.00037 0.127546 5671.63 0.337494 2.8416 0.0996691
1594.96 0.544371 2.34892 574.362 -0.260047 -1.05852 2105.67 1957.82 0.343709 0.314525 0.340532 0.664893 950.116 -0.648273 0.245178 2179.34 0.101387 3.0435 0.0996691
2493.95 0.452367 1.06755 851.113 1.21989 -1.86418 3159.02 3033.04 0.352033 0.119484 0.828228 0.362047 1292.88 -2.49984 0.635063 3892.98 0.709851 2.87721 0.0996691
1211.95 0.417742 2.47723 -1 -1 -1 -1 1640.41 0.389957 -1 0.391723 -1 908.237 -0.769351 0.0315791 1546.19 0.789218 3.06943 0.0996691
1891.18 0.124016 0.617813 589.52 0.0713945 2.94618 1967.91 1901.75 0.548928 0.590036 0.698442 0.796564 1401.01 -2.63407 0.709314 3126.75 0.636226 2.32168 0.0996691
1426.03 0.20051 2.86208 926.056 -0.339507 1.33801 1727.57 1674.57 0.160898 0.610742 0.597607 0.685984 1625.7 -0.844726 0.0311861 2402.45 0.967999 2.61162 0.0996691
1804.77 -0.545308 0.31358 1789.93 0.491667 -0.939887 2890.04 2858.05 0.459523 0.639626 0.551176 0.7501 743.123 2.39978 0.0975509 5873.83 0.401708 2.8508 0.0996691
2297.18 0.307212 -0.448714 1707.72 0.439332 1.6986 3834.54 2868.59 0.438499 0.567537 0.400085 0.809518 1401.5 -2.9219 0.142916 4786.61 0.331763 3.02616 0.0996691
2778.96 -0.0347591 1.78243 1372.09 0.0161025 -1.61153 3919.46 3831.74 0.311138 0.479572 0.40326 0.690542 677.965 -1.46184 0.149111 5668.47 0.370541 2.88647 0.0996691
1211.38 0.250144 -1.89762 1189.39 0.45138 0.50644 2295.87 2125.4 0.476782 0 0.844463 -1 690.926 2.41368 0.108812 4049.98 0.280258 2.89036 0.0996691
2862.23 -0.115474 -0.944738 1505.99 0.476794 1.78726 4482.58 3224.23 0.0882493 0.561053 0.511099 0.657884 871.975 2.54239 0.0278893 5197.72 0.336224 3.07257 -0.0996691
1191.85 0.756734 0.197178 468.083 -0.429192 -2.25227 1704.49 1626.5 0.486107 0.399815 0.682786 0.678047 798.44 3.0176 0.137697 1712.94 0.905757 2.95673 0.0996691
2427.54 0.207052 1.79845 728.973 -0.153343 -0.91829 2675.02 2616.99 0.576739 0.546269 0.717469 0.764385 986.665 -1.59314 0.350297 3930.44 0.542635 3.04488 0.0996691
1005.17 0.868778 -1.52987 265.372 0.868941 1.67009 1050.46 975.759 0.657977 0.667225 0.722584 0.740135 722.1 1.60535 0.0727428 1215.91 0.600436 3.08006 0.0996691
1952.37 -0.0207291 1.42207 1894.09 -0.502793 -1.51455 3949.46 3923.13 0.364576 0.413537 0.669195 0.517812 808.346 -0.235902 0.0599284 6389.88 0.404596 2.92367 -0.0996691
1257.91 -1.35163 0.164959 1193.23 0.011129 1.20433 2194.23 2147 0.296363 0.599792 0.709234 0.390021 1255.74 -2.10738 0.0172064 3715.82 0.500847 2.96633 0.0996691
2100.48 1.14964 2.5059 649.083 0.198154 -0.43504 2689.95 432.143 0.335003 0.44839 0.603809 0.700546 1844.33 -0.354159 0.100598 3325.05 0.712018 2.97258 0.0996691
1563.53 0.947341 0.375308 1389.85 0.67512 2.00119 2327.28 1733.82 0.252138 0.552446 0.780295 0.607732 1264.81 -1.61237 0.145166 4323.12 0.525424 2.81557 0.0996691
1987.55 0.049175 -0.779964 1684.53 -0.154164 1.13051 3051.79 2945.92 0.60123 0.680198 0.731219 0.644281 1330.91 2.8258 0.104787 4808.18 0.866562 2.84077 0.0996691
1002.9 -0.748398 -2.68179 678.311 0.859339 2.52886 1728.81 1630.38 0.371675 0.611426 0.59211 0.570834 1188.57 0.127531 0.076684 1934.29 0.66871 2.93449 0.0996691
1491.2 0.810378 0.155925 752.543 -1.17733 -0.915495 2718.23 2008.99 0.309329 0.117527 0.724889 0.652913 1009.92 3.07926 0.0557919 3454.75 0.385012 2.97768 0.0996691
1471.82 0.420812 -1.90273 390.318 -0.442298 1.22601 1683.53 1585.65 0.536546 0.731351 0.386421 0.550284 1063.96 1.33496 0.16686 1843.89 0.616918 3.07137 0.0996691
1603.64 -0.581244 0.701051 1305.5 -0.570029 -0.495879 1664.94 1642.75 0.717905 0.44536 0.74679 0.295828 1326.83 -2.60723 0.173272 4146.13 0.908986 3.13555 0.0996691
1296.09 0.339066 -1.53737 359.055 -0.776053 -0.477308 1066.47 1049.19 0.196236 0.598006 0.339599 0.693939 1346.29 1.80613 0.049116 1792.17 0.796611 2.99 0.0996691
1998.36 0.0753708 2.1671 993.817 -0.927376 0.426499 2642.91 2548.35 0.359662 0.620757 0.398689 0.597692 1924.62 -1.37243 0.0569011 3165.4 0.951458 2.71121 0.0996691
1888.36 -0.290233 2.5613 711.258 -1.16808 -2.45967 1754.01 1663.65 0.397979 0.534069 0.348502 0.762795 2050.53 -0.322263 0.0631378 2726.46 0.926489 2.94603 0.0996691
1522.69 -0.982247 -1.48227 1034.95 -1.41939 1.27276 2547.17 2489.67 0.305562 0.489898 0.659965 0.773033 615.221 1.30032 0.0289711 3469.63 0.958286 3.08884 0.0996691
1054.4 0.891901 -0.235668 484.128 2.42217 1.56088 1651.21 1620.18 0.321994 0.605433 0.775893 0.656901 728.06 -2.6683 0.12775 2049.75 0.608198 2.55757 0.0996691
1808.29 0.743072 -2.74577 1252.22 0.206401 0.27168 3264.12 2597.57 0.562797 0.638284 0.649967 0.582134 669.86 0.851564 0.0821506 3241.59 0.782623 2.6039 0.0996691
3123.93 0.278585 1.63024 2169.88 -0.582041 -0.638075 5277.54 5248.29 0.198758 0.477298 0.796659 0.585601 1025.31 -2.24095 0.0156357 6719.58 0.73855 2.39745 0.0996691
2688.43 0.469918 1.02125 664.255 -0.881347 -2.2143 3595.61 1108.82 0.257861 0.258213 0.664349 0.685284 1800.68 -2.08687 0.0203295 3559.36 0.779489 3.13181 0.0996691
2334.04 0.997237 -3.05859 891.634 -0.0448807 -1.07204 2908.48 2813.44 0.269174 0.663705 0.547765 0.679446 749.196 0.108336 0.183543 5063.91 0.535302 2.98291 0.0996691
1079.25 0.828835 0.175596 654.192 -0.434036 1.12577 1413.9 1298.69 0.125723 0.474937 0.84849 0.683032 1199.21 -2.30293 0.0216014 2607.57 0.656807 2.85587 0.0996691
781.947 -0.0563362 -2.74147 -1 -1 -1 -1 629.294 0.730398 -1 0.574045 -1 634.232 0.407145 0.0264838 899.555 0.737273 3.10924 0.0996691
1155.33 -0.774044 3.05747 1073.66 -1.66916 0.202522 2452.28 2404.18 0.500016 0.458583 0.59089 0.50626 1308.81 -1.03145 1.22302 3223.62 0.439017 2.35601 0.0996691
2073.74 0.342722 -0.2051 1444.25 0.359432 2.61994 3481.03 3259.46 0.57863 0.596936 0.737128 0.699048 789.744 2.75522 0.169903 3932.13 0.275253 2.78494 -0.0996691
2009.85 -0.126209 -1.46017 1269.29 -1.73454 0.931518 4140.34 4011.09 0.535745 0.687794 0.635927 0.788094 1084.49 2.36963 0.200319 3569.57 0.0768678 2.98805 0.0996691
2399.27 -0.0956916 1.18791 1014.73 0.993737 2.50619 2632.54 2566.09 0.705808 0.506945 0.592854 0.763148 2068.93 -1.62843 0.440946 4199.06 0.710824 2.37478 0.0996691
2112.81 0.321806 -0.0223553 1880.9 -0.314904 -2.08686 3836.89 2475.27 0.360511 0.18919 0.738056 0.742791 1664.64 2.16556 0.137062 4597.24 0.488525 2.41829 -0.0996691
1896.22 0.504541 -3.02684 1467.73 0.434399 -0.867292 2971.51 2929.71 0.480669 0.349646 0.494991 0.629991 740.367 0.190793 0.144712 4650.31 0.907576 2.92141 0.0996691
1905.82 0.476033 2.16669 1159.99 -1.10728 -0.744004 4022.55 3264.25 0.436967 0.651943 0.350405 0.782161 1360.31 -0.968236 0.248268 3672.61 0.237538 2.80882 0.0996691
1636.06 0.534088 1.83866 1196.58 -0.83079 -1.2226 3507.62 3229.76 0.26108 0.345298 0.68288 0.878332 881.399 -0.162268 0.159079 4139.18 0.752324 2.85856 -0.0996691
940.523 1.56389 -0.554545 -1 -1 -1 -1 1775.78 0.678482 -1 0.751507 -1 738.048 2.6307 0.045872 1139.62 0.928322 3.04364 0.0996691
918.117 -1.63687 0.844727 -1 -1 -1 -1 1128.65 0.383132 -1 0.627042 -1 631.537 -2.2284 0.0606797 1219.08 0.534976 3.02894 0.0996691
822.475 -0.58291 -0.714146 -1 -1 -1 -1 915.22 0.730314 -1 0.692671 -1 612.624 2.3602 0.0177801 973.501 0.734099 3.08016 0.0996691
983.027 -0.889908 -0.980213 -1 -1 -1 -1 1194.72 0.460805 -1 0.667239 -1 764.687 2.32054 0.0646844 1297.24 0.683718 2.94162 0.0996691
3205.2 -0.285067 -2.79144 2861.28 0.199443 0.13705 6361.93 5593.28 0.0358714 0.57871 0.716202 0.459195 835.935 1.40189 0.0798736 6186.33 0.941964 2.05605 -0.0996691
1262.87 0.60228 0.116309 554.893 1.76137 0.917429 1258.59 1207.78 0.370287 0.653249 0.617279 0.652663 1593.94 -2.791 0.031858 1907.41 0.826732 2.87442 0.0996691
658.457 -1.01236 0.579618 -1 -1 -1 -1 365.844 0.584826 -1 0.716365 -1 625.259 -2.5831 0.0736053 688.215 0.870202 3.09112 0.0996691
1272.14 0.93536 -1.873 942.467 -0.24239 2.69642 2243.84 1640.62 0.616965 0.156493 0.540855 0.763766 1451.53 0.575103 1.59956 2233.42 0.699454 2.23049 0.0996691
2587.9 -0.188387 -1.88459 1934.47 -0.112085 0.890995 4454.31 4171.84 0.499271 0.512491 0.116749 0.710204 669.367 2.26546 0.145894 7513.55 0.165842 3.06933 0.0996691
3202.26 0.129539 2.75846 679.464 0.309763 -0.462518 3177.39 1019.66 0.194905 0.641397 0.641927 0.577274 1996.64 -0.356009 0.0641291 4554.6 0.623221 3.00972 0.0996691
717.842 0.458006 1.83707 604.629 -2.16565 0.843185 2369.04 2319.53 0.521614 0.70297 0.608353 0.761263 752.703 -1.58677 0.200528 1764.44 0.529812 2.63639 -0.0996691
2263.5 0.278211 1.82735 1556.08 0.0878152 -0.693846 3910.67 2906 0.0409392 0.532857 0.664849 0.699659 996.865 -2.09968 0.0196562 4467.28 0.427918 2.7662 -0.0996691
1251.82 -0.674441 1.46231 1217.94 -0.902278 -2.3246 2373.36 2342.21 0.194609 0.51544 0.763591 0.732469 1103 -1.4627 0.593278 4571.93 0.95939 2.59375 0.0996691
1253.82 -0.677832 1.81802 415.327 0.459805 -1.4248 1714.84 1552.59 0.359692 0.584084 0.780973 0.657053 820.508 -1.41593 0.0123612 1714.31 0.538514 3.03336 0.0996691
1310.3 -0.315371 -0.294269 906.769 -0.583814 -1.30965 1113.2 1100.59 0.406812 0.634097 0.46714 0.606138 1720.2 2.39171 0.560392 2407.23 0.737237 3.03654 0.0996691
1890.2 1.22075 1.53273 919.901 -1.14766 -1.57958 4810.16 645.742 0.120596 0.177063 0.704571 0.487073 975.783 -1.59582 0.133182 2904.15 0.533432 2.79735 0.0996691
1988.86 0.078738 -0.455854 1484.52 -0.650496 1.39334 3361.68 3140 0.029921 0.680581 0.824034 0.897091 749.034 -2.69007 0.260753 5089.96 0.254042 3.08076 -0.0996691
958.388 -1.38563 2.24225 264.411 -1.06993 -0.869261 1056.15 945.304 0.848373 0.723208 0.791661 0.737352 720.292 -0.915078 0.0141844 1206.22 0.60388 3.13126 0.0996691
1842.1 0.801322 3.1294 1685.42 -0.474633 -1.32095 3945.28 2649.83 0.117615 0.159958 0.757486 0.251427 891.495 1.12785 0.363601 4922.13 0.35267 2.44071 -0.0996691
1921.87 -0.868778 2.5322 1423.03 -0.679175 1.17211 2132.95 2094.29 0.283505 0.542739 0.770255 0.556053 786.027 -1.12663 0.00968778 5048.12 0.387444 2.61357 0.0996691
1655.17 -0.410857 2.24122 1444.95 -0.770221 1.08367 1857.7 1845.21 0.197459 0.713112 0.561454 0.677049 1431.09 -1.7944 0.0247588 4493.65 0.822047 2.85531 0.0996691
1607.75 -0.0653834 -2.78798 1319.01 -0.977186 2.36725 2105.58 2098.8 0.422246 0.278013 0.516957 0.209106 1577.68 0.252844 0.0775058 4252.86 0.896133 3.11737 0.0996691
2275.57 0.839203 0.972147 1890.35 0.0555 -2.81505 4405.86 3512.2 0.0839033 0.680615 0.642023 0.814402 1014.15 -1.45097 0.848614 4737.37 0.750134 1.77382 0.0996691
2240.58 -0.0183552 -0.431161 1883 -0.0880363 -3.09259 4287.22 2924.63 0.840853 0.254715 0.639213 0.487428 999.739 1.69548 0.229712 4158.16 0.976569 2.35828 0.0996691
2050.22 -0.783518 0.847526 1854.4 0.56391 -2.08373 4813 4730.21 0.497446 0.112396 0.414735 0 697.373 -1.67703 0.407158 5641.9 0.956773 2.81497 0.0996691
2103.49 -0.578423 0.379936 1312.22 0.612385 -0.959038 2945.38 2927.79 0.552852 0.412324 0.560575 0.760043 2027.42 2.97747 0.114923 4426.5 0.484283 2.71275 -0.0996691
1610.11 0.587507 2.76578 1552.22 -0.175885 0.796967 2916.91 2910.13 0.570075 0.324826 0.612311 0.357135 1323.69 -1.56831 0.268219 3796.13 0.934576 2.09704 0.0996691
1626.71 0.685705 -2.2107 1522.45 -0.123529 0.297806 3278.61 3248.62 0.260353 0.237476 0.244656 0.609029 1213.38 0.396564 0.0968004 4567.96 0.966998 3.05612 -0.0996691
1690.99 -0.200657 -2.19996 1690.14 -0.393726 0.0773397 3287.46 1946.59 0.405651 0.919043 0.598488 0.794458 761.736 1.80692 0.00108755 4318.31 0.20204 3.02015 0.0996691
1862.3 -0.543078 -0.623147 1478.53 -0.037107 1.31778 2903.65 2776.71 0.252896 0.496493 0.271831 0.368455 1880.24 -2.96029 0.0821297 3399.2 0.951834 2.42306 0.0996691
1694.02 -0.978788 0.32192 1684.79 -0.536081 2.25549 2956.88 2577.61 0.552031 0.19802 0.658495 0.710175 1544.64 -2.58726 0.0167575 4886.87 0.743735 3.04401 0.0996691
1343.53 -0.988146 2.00644 1326.41 -0.600015 -0.775958 2796.25 2401.27 0.263812 0.505969 0.786707 0.575451 786.675 -2.08538 0.0932639 4011.14 0.345688 2.74938 -0.0996691
2634.57 0.66537 -1.36206 1026.32 -0.558118 1.67164 4124.91 3393.29 0.399035 0.677129 0.601648 0.521069 1663.73 1.91942 0.244818 3941.12 0.901442 3.06709 0.0996691
2144.56 0.148898 -0.197416 1616.57 0.31647 2.86237 3771.68 3651.92 0.583092 0.636789 0.418991 0.691409 912.997 -1.78621 0.173898 5455.05 0.528456 2.89367 -0.0996691
1587.81 -0.108824 -0.289497 1554.17 0.579619 -2.76263 3181.21 3126.03 0.393124 0.709617 0.710216 0.68848 680.664 -1.76386 0.995554 4848.76 0.597601 2.21717 0.0996691
1306.43 -0.523419 1.4959 701.311 1.06385 -0.380967 2412.26 1832.71 0.500187 0.364973 0.738986 0.442366 705.009 -2.0122 0.474348 2564.88 0.465437 2.57789 0.0996691
2815.65 0.639349 1.03444 1468.71 0.116499 -1.55924 4349.46 3005.44 0.115974 0.448723 0.433396 0.244275 1688.93 -2.53101 0.975016 4337.65 0.395504 2.33567 0.0996691
2124.92 -0.7754 -2.58302 1617.44 -0.182131 -1.12426 2767.68 2662.59 0.660633 0.656706 0.785929 0.858817 1343.99 1.20222 0.0651442 5143.42 0.920208 3.05005 0.0996691
1938.32 0.239314 -1.93883 1319.56 -0.162617 2.47352 2686.66 2587.42 0.713026 0.584332 0.847118 0.535477 1494.49 0.0494176 0.0928986 4366.76 0.845703 2.68213 -0.0996691
2340.67 -0.448245 -1.0062 324.851 -0.805885 2.34493 1847.71 1805.79 0.267817 0.228134 0.658641 0.450196 2160.04 2.27402 0.0701425 2935.84 0.753028 2.94729 0.0996691
1882.06 -0.682932 -2.02427 1200.65 1.25783 -0.128298 4198.23 4101.48 0.485256 0.610045 0.644371 0.829685 1027.69 1.38472 0.0707532 4022.26 0.956678 2.79887 -0.0996691
1968.69 -0.858212 0.870061 1108.03 0.11869 -1.13471 2934.1 2899.57 0.4097 0.322254 0.648604 0.683335 1681.45 -2.63134 0.0950477 3773.48 0.760603 2.68687 -0.0996691
986.498 -1.06253 0.308928 720.228 -0.804538 -2.02727 1595.69 1511.73 0.751759 0.488704 0.507933 0.724138 696.96 -2.69329 0.250817 2403.29 0.875431 3.0455 0.0996691
1757.31 0.738083 0.0238955 1691.92 -0.0496755 2.50039 3583.08 3568.88 0.295626 0.300417 0.46771 0.475117 614.565 2.63753 0.134389 4705.09 0.325984 2.47873 -0.0996691
1446.51 -0.4282 -2.88636 683.896 -0.83524 0.0982749 2060.93 2005.36 0.358578 0.452016 0.192831 0.70201 778.159 0.305393 0.218454 2097.11 0.380666 2.96945 0.0996691
1877.83 0.154273 0.0223034 1725.16 -1.52996 2.94434 4971.41 4847.46 0.632613 0.463642 0.408942 0.582327 813.755 0.0323586 0.00822203 4681.31 0.126558 2.90606 0.0996691
1955.02 -0.677879 2.79822 1926.3 0.204981 -2.00897 3169.92 3159.09 0.497135 0.238483 0.557657 0.130515 1153.88 0.992026 0.1223 6146.03 0.582178 3.12509 0.0996691
2332.9 -0.386053 -2.8187 1023.73 0.120381 0.95374 3052.93 3022.65 0.49416 0.339918 0.570424 0.730519 1506.53 0.0102924 0.0773181 3726.22 0.84864 2.75243 0.0996691
1489.68 -0.601878 -2.28793 645.624 -0.458209 0.659641 1972.66 1938.54 0.101231 0.49523 0.595776 0.644527 732.317 0.910665 0.257683 2113.3 0.41467 2.94098 0.0996691
1470.75 -0.184662 -0.501782 294.006 -1.1975 1.11966 1200.35 1128.62 0.683687 0.758685 0.775032 0.835713 1204.24 2.84444 0.105531 1962.08 0.72548 2.83797 0.0996691
1435.07 1.72365 1.52962 1190.81 -0.0527819 -2.20647 3737.04 2673.51 0.24223 0.425707 0.638968 0.610315 631.31 -0.491169 0.504276 2807.15 0.962483 2.60532 0.0996691
1976.46 0.0158456 2.03472 1748.32 0.051192 -0.479935 3672.64 2963.61 0.187562 0.444038 0.489567 0.551275 997.586 -2.15086 0.236543 3791.44 0.856495 2.72224 0.0996691
1571.22 0.115909 1.65348 1372.26 0.981158 -2.45669 3052.34 4095.15 0.199089 0.445564 0.66002 0.178706 650.522 -1.74022 0.716476 4245 0.603488 2.52466 0.0996691
2174 -0.554607 -1.29523 958.008 -0.57658 1.95078 2931.51 2801.88 0.469358 0.770157 0.6933 0.726632 1227.92 1.79779 0.160586 3065.03 0.40356 3.03267 0.0996691
1302.44 -0.822351 -2.05141 527.592 -1.58685 0.145596 1713.41 409.818 0.383845 0.669035 0.404152 0.770339 1115 1.24013 1.08746 2095.16 0.570521 1.94553 0.0996691
1903.02 0.0179347 1.58005 1317.76 0.866575 -1.39649 3455.56 3390.27 0.308585 0.505531 0.289144 0.529778 726.983 -1.67429 0.255041 3214.93 0.965614 2.99882 0.0996691
1908.57 0.415279 0.542023 788.324 -1.35715 -1.37967 3489.29 960.117 0.133619 0.321702 0.78377 0.442249 1669.94 -2.99009 0.0522923 3056.43 0.105054 3.01539 0.0996691
1720.22 -0.891062 1.63589 689.083 -0.315165 -1.54654 2489.26 1692.72 0.123093 0.492807 0.626643 0.517811 1071.6 -1.53942 0.0206516 2422.18 0.318464 3.11615 0.0996691
2487.99 -0.482929 -1.32002 1951.47 -0.842703 2.30603 4498.35 3201.76 0.151907 0.455761 0.746275 0.605759 858.243 0.878713 0.00615799 4964.36 0.632571 2.46821 0.0996691
1460.61 0.176574 0.402462 572.33 -0.250849 -2.53727 1876.5 1793.85 0.629242 0.549059 0.636231 0.591598 746.52 -2.54189 0.00549936 2324.33 0.4713 2.94051 0.0996691
2602.75 -0.382611 0.161341 2049.09 -0.0361094 -2.52562 4603.11 4484.48 0.405452 0.706393 0.643348 0.613895 647.575 2.69196 0.00589228 5541.93 0.887194 2.53583 -0.0996691
1980.53 0.10216 2.38317 1257.31 -0.12304 -0.442084 3341.71 2514.14 0.720207 0.430317 0.797655 0.768238 965.61 -0.722177 0.167629 3726.51 0.899272 3.01003 0.0996691
1139.45 0.451539 1.71729 921.158 -0.523529 -1.96927 2247.98 2184.38 0.683102 0.540298 0.704473 0.458415 603.104 -2.01795 0.0521545 2892.78 0.295495 2.59495 0.0996691
2009.39 0.497752 -2.91133 1578.8 -0.235615 1.9056 2746.88 2711.47 0.579281 0.576121 0.723743 0.705445 2048.58 -0.494663 0.0286859 4117.74 0.84584 2.44416 0.0996691
1552.04 -0.780568 2.77335 1033.41 -0.961445 0.0341622 2501.79 2473.09 0.433154 0.538183 0.661884 0.648601 1159.86 -1.37547 0.286794 4137.77 0.342808 2.75861 0.0996691
1887.05 0.128325 -0.578405 1365.95 0.363325 -3.00339 3069.81 2974.03 0.563675 0.410578 0.728552 0.5186 1617.09 1.86947 1.3822 3651.38 0.638434 2.23769 0.0996691
1355.18 0.295238 2.58321 1046.89 -0.42474 -1.10571 2540.45 2214.81 0.671252 0.819501 0.662022 0.788091 776.183 0.67382 0.0921082 2782.04 0.363356 3.05864 0.0996691
751.013 -0.988951 -2.86861 -1 -1 -1 -1 576.388 0.398574 -1 0.707651 -1 665.476 0.275474 0.127674 811.639 0.885379 3.0114 0.0996691
3237.07 0.290989 -2.30982 1359.22 -1.12947 -0.219731 4900.77 4807.75 0.501409 0.462811 0.763307 0.704759 2008.14 1.09244 0.0182874 5503.79 0.743454 2.9103 0.0996691
951.13 1.78851 -2.74204 441.897 -0.107612 -0.40159 1882.26 1788.82 0.341721 0.824512 0.507796 0.623634 659.817 0.901365 0.0839649 1441.61 0.841303 2.72148 0.0996691
1289.57 1.28791 2.32495 686.595 0.440592 -0.48624 2047.53 1977.54 0.80722 0.695795 0.672867 0.695623 724.837 -1.14366 0.642132 1949.39 0.944727 2.53611 0.0996691
943.174 0.506267 -0.920706 328.298 -1.1993 0.483973 1314.22 1169.05 0.421635 0.506034 0.414273 0.584351 1050.66 2.47601 1.36938 1251 0.967251 1.99829 0.0996691
1468.12 -0.719004 0.0789599 1426.69 -0.967778 1.29202 1715.64 1674.73 0.663116 0.480237 0.626331 0.656031 1264.13 -2.55896 0.0313008 4202.01 0.887211 2.86486 0.0996691
2614.8 0.410094 -1.39513 1660.3 -1.12942 0.977256 5243 5179.54 0.299842 0.688204 0.459688 0.705435 1022.46 2.51355 0.168891 5039.1 0.595077 2.54381 -0.0996691
1263.83 0.968703 0.199333 -1 -1 -1 -1 270.31 0.348728 -1 0.67032 -1 1123.76 -2.99799 0.475876 1409.42 0.814713 2.7836 0.0996691
2217.07 0.306401 0.713094 1524.5 0.276482 -2.36527 3691.86 3681.7 0.207284 0.437036 0.679583 0.675611 705.925 -2.44256 0.0756185 4221.78 0.189529 3.08004 0.0996691
875.383 -0.445878 -1.99599 -1 -1 -1 -1 720.016 0.493241 -1 0.739199 -1 765.082 1.1316 0.0445073 973.539 0.760442 3.08887 0.0996691
941.78 -0.837891 -0.480159 -1 -1 -1 -1 490.448 0.509089 -1 0.654211 -1 823.974 2.70874 0.155079 977.907 0.87167 3.04988 0.0996691
1443.92 0.490242 2.92112 1211.56 -0.160996 1.15663 2241.54 2231.17 0.183515 0.47911 0.468001 0.264322 788.773 -0.919415 0.0244157 3781.83 0.821687 2.66452 -0.0996691
2397.33 0.612628 -1.5835 1474.81 0.0695018 1.65554 4267.72 882.637 0.133939 0.0959443 0.352093 0.624653 1028.13 1.26321 0.01546 4190.92 0.236596 3.06277 -0.0996691
3456.57 0.300571 -0.366016 2716.06 0.13437 3.03589 6218.55 5091.55 0.375695 0.180353 0.529255 0.686184 644.107 -2.84891 0.244729 7455.26 0.346324 2.72742 0.0996691
2868.97 -0.181972 -0.0933493 1772.33 -0.685104 -3.01762 4750.44 4325.45 0.360027 0.592304 0.722661 0.646729 803.229 -2.9393 0.0681608 5866.76 0.946419 3.03758 0.0996691
1894.78 0.281796 -1.31795 960.419 -1.36986 3.04633 3353.23 3269.05 0.658121 0.325359 0.779267 0.747271 1102.24 1.06079 0.0779586 3601.18 0.678305 2.64508 0.0996691
1368.08 0.244649 -1.07743 476.656 -0.326214 2.37005 1732.97 357.233 0.280598 0.676223 0.718089 0.748559 932.066 2.13505 0.22936 2049.23 0.242107 2.90853 0.0996691
1370.51 0.621976 2.80338 1039.98 0.872788 -0.422249 2523.21 2880.89 0.356152 0.0655656 0.675205 0.621522 707.543 0.0106296 0.0727937 4037.33 0.0369078 3.0707 0.0996691
1369.65 -0.750187 -1.82559 1111.28 0.827163 -1.33003 2244.64 2226.87 0.427606 0.457974 0.566486 0.68299 1308.57 1.46482 0.483214 3786.42 0.346714 2.50648 0.0996691
1457.29 0.261814 -1.53518 428.761 0.835789 1.65446 1681.6 1593.08 0.528665 0.587522 0.47464 0.611959 1015.15 1.45035 0.192308 2202.06 0.56856 3.10542 0.0996691
2414.94 1.04591 -2.80829 1170.47 -0.0891707 2.05017 2999.66 2935.62 0.781042 0.437505 0.735247 0.417965 1343.74 -0.290139 0.0944099 5144.83 0.576991 2.42351 0.0996691
1974.62 0.139123 -1.02848 934.004 0.689915 2.92366 2631.77 2527.42 0.323659 0.803584 0.419234 0.601276 850.609 1.72811 0.0256331 3474.26 0.597628 2.73228 0.0996691
1931.3 -1.23859 1.36161 1513.87 0.572567 -0.439044 4557.45 3141.93 0.0521256 0.610675 0.790113 0.613825 772.442 -2.43655 0.172057 4893.01 0.911759 3.01948 0.0996691
1005.71 -0.685398 -2.13063 -1 -1 -1 -1 1340.1 0.235375 -1 0.694645 -1 750.871 1.05307 0.0206409 1210.6 0.640511 3.13231 0.0996691
1348.62 0.665708 1.99883 813.446 -0.080745 -1.17269 2336.42 1660.91 0.593964 0.479246 0.688803 0.829891 745.309 -0.945707 0.0677317 2379.99 0.626112 3.08638 0.0996691
1710.38 0.352611 2.98454 471.842 -0.466301 -0.0664107 2039.13 484.473 0.307851 0.723849 0.22705 0.606199 1229.69 -0.157724 0.106373 2157.95 0.467895 2.97315 0.0996691
2345.44 0.12287 2.0214 1183.46 -0.422835 -1.80484 3467.89 2847.42 0.0824209 0.244969 0.573626 0.659802 1258.55 -0.916647 0.0622001 4206.52 0.943178 3.04823 -0.0996691
689.336 1.78191 0.280524 288.74 -0.631767 -1.1178 1515.59 963.583 0.35591 0.438563 0.774726 0.41471 749.805 3.0924 0.28615 1012.85 0.358694 2.9355 0.0996691
880.232 0.0458565 -2.11217 -1 -1 -1 -1 767.322 0.33697 -1 0.616698 -1 794.702 1.32499 0.00584781 1234.01 0.685646 2.84792 0.0996691
1509.27 0.436182 -1.90317 1274.15 0.118981 1.9952 2642.36 2574.63 0.151568 0.58612 0.503484 0.559402 826.548 0.19492 0.051742 3061.05 0.56715 2.21845 0.0996691
1456.13 -0.121711 -1.36926 683.781 0.0588861 1.83648 2015.75 1953.88 0.345153 0.585143 0.563393 0.705332 731.965 1.76515 0.0687376 2228.43 0.966469 3.06625 0.0996691
705.939 -0.776986 0.0207838 695.568 0.709168 0.443285 1209.98 1155.12 0.36396 0.361205 0.671628 0.643128 844.753 -2.89643 0.0551558 1891.78 0.916052 2.99574 0.0996691
1476.5 0.303949 -0.624558 726.538 -0.74647 2.82059 2363.16 2233.97 0.566431 0.886092 0.395233 0.641854 874.409 2.71266 0.0928717 3181.97 0.395278 2.84471 0.0996691
1859.28 -0.651605 0.393811 1212.33 0.430001 -2.33249 3565.73 1675.25 0.475637 0.492034 0.670299 0.721783 1737.37 2.88493 0.231532 4124.01 0.538873 2.78952 -0.0996691
2170.54 0.440475 -1.7776 1214.93 -0.435885 -2.89772 2313.83 2239.4 0.295806 0.738592 0.383711 0.706326 2765.74 1.00344 0.00098896 3413.55 0.930828 2.77837 -0.0996691
1509.67 0.445171 -1.08993 912.858 0.582851 1.86296 2496.02 1820.04 0.243352 0.153332 0.759527 0.693667 682.984 2.19343 0.00621748 2548.16 0.384993 3.00217 0.0996691
1950.96 0.114286 -2.76241 1092.96 -0.163586 0.229999 3174.33 1851.63 0.435312 0.244737 0.297717 0.399816 1233.94 0.61314 0.386572 3653.32 0.245915 2.9144 0.0996691
1184.98 -0.440686 0.0729389 494.748 -0.769483 3.08441 1635.44 1114.2 0.19449 0.3221 0.380942 0.845614 700.976 -2.84445 0.00628209 1666.82 0.672882 2.92789 0.0996691
2665.67 -0.568818 -1.20827 2023.73 0.41028 2.94146 4735.24 4638.48 0.0384898 0.290314 0.556518 0.770742 623.4 1.27099 0.176896 6216.29 0.951876 2.65624 0.0996691
2531.41 -0.14097 0.720564 -1 -1 -1 -1 1502.65 0.533472 -1 0.7219 -1 2153.81 -2.41767 0.101948 2852.34 0.913749 3.03316 0.0996691
950.995 -1.57414 2.41913 737.013 -0.230286 0.469017 1869.75 1825.28 0.515001 0.634968 0.311518 0.55631 771.001 -1.28265 0.874507 1930.72 0.775947 1.70726 0.0996691
2008 -0.339156 -2.80507 330.038 2.05798 -0.416474 2887.19 2790.46 0.416281 0.617098 0.388714 0.817353 1566.19 0.470686 0.0800721 2577.18 0.980294 2.92917 0.0996691
2495.31 -0.273095 -0.682288 1761.01 0.705891 0.927985 3703.46 3697.11 0.565907 0.396418 0.623667 0.459696 1541.69 2.96854 0.0586782 5798.75 0.978776 2.57324 0.0996691
2096.17 0.697175 -2.11519 -1 -1 -1 -1 463.119 0.170302 -1 0.61993 -1 1966.35 1.09879 0.0460311 2333.14 0.69759 3.02319 0.0996691
2561.8 -0.0194947 -1.34813 673.449 -1.16632 -1.68002 1958.11 803.391 0.178273 0.603094 0.580181 0.447345 2460.49 1.90349 0.220242 4535.3 0.343681 2.85398 0.0996691
2339.85 0.637229 -0.780617 864.966 1.50894 -2.84612 2774.93 2706.4 0.471224 0.45046 0.533522 0.539204 2367.5 1.87022 0.00515604 4559.49 0.188619 3.069 0.0996691
1573.81 -0.169931 -0.319238 605.075 -0.109776 2.91125 2013.16 1626.21 0.190267 0.452821 0.525344 0.674454 774.881 2.66556 0.0693626 2424.83 0.969098 3.05357 0.0996691
1776.4 -0.867262 -2.3164 1362.22 -0.529437 -1.17394 1884.51 2853.82 0.366075 0.221162 0.55121 0.632266 1527.62 1.1412 0.0474589 4379 0.882976 2.84728 0.0996691
1640.93 0.215944 -1.45406 1246.7 0.394613 0.245132 2194.98 2107.83 0.657632 0.296489 0.826773 0.276361 1025.33 2.91215 0.19101 4303.47 0.576232 2.47641 0.0996691
2364.27 0.342557 2.18107 672.945 -2.12276 0.426902 4420.44 4321.23 0.495283 0.519453 0.459839 0.658497 2077.77 -1.29304 0.369858 3263.8 0.845567 3.10384 0.0996691
1054.77 0.319052 0.224105 559.051 -2.49521 -0.783921 3070.55 3030.67 0.28848 0.668166 0.623967 0.801262 1208.24 -3.01635 0.497313 2465.93 0.524372 2.74145 0.0996691
1238.51 -0.961081 -2.50316 1145.1 0.733735 -1.26024 2699.43 2454.86 0.22996 0.520708 0.688483 0.44654 2386.32 0.847055 0.160964 3419.65 0.35494 2.85559 0.0996691
1189.43 -0.841238 -0.0575157 276.622 0.83723 2.97626 1579.25 1553.78 0.756966 0.334787 0.768083 0.339987 711.11 3.03426 0.0399222 1636.34 0.628809 3.05131 0.0996691
1456.53 0.386629 0.583313 862.973 -0.61585 -2.35131 2535.23 2517.38 0.228844 0.322536 0.142076 0.691008 612.349 -2.81265 0.461214 2307.65 0.278572 2.93417 0.0996691
2820.23 -0.782579 2.6733 2290.16 -0.0786576 -0.392734 5590.5 3867.66 0.20033 0.13068 0.40238 0.548206 625.569 -0.889974 0.0686445 5233.17 0.916927 2.7896 0.0996691
1128.21 -1.04692 0.650914 1072.66 0.236557 1.46316 1768.11 1725.81 0.472277 0.40021 0.565754 0.557335 1438.75 -2.05501 0.0518501 3030.79 0.903955 3.12663 -0.0996691
1450.68 -0.702035 3.06735 512.042 -0.86607 1.77823 1095.5 984.629 0.278201 0.725905 0.371646 0.758557 1526.01 -0.249468 0.874088 2158.42 0.813191 2.08658 0.0996691
1707.99 -0.384684 -0.160916 1074.19 0.95409 -2.83475 3346.98 2982.32 0.487867 0.444751 0.404195 0.739491 891.11 2.44984 0.0377033 3709.24 0.2439 3.13582 0.0996691
2402.97 0.0742518 -1.17843 1652.65 -0.529044 2.75293 4326.78 2480.86 0.148696 0.534108 0.295085 0.408753 704.182 1.21534 0.054487 5323.06 0.304333 2.69909 0.0996691
2119.53 -0.274525 -3.11877 1715.57 1.32509 -0.0479416 5102.08 5093.25 0.0310248 0.570517 0.401473 0.60879 1175.54 -0.88143 0.833338 4928.62 0.638373 1.81717 0.0996691
1052.92 1.07838 -2.98974 838.247 -1.38723 2.79819 2990.34 2932.26 0.683184 0.503245 0.662193 0.638976 1848.74 -0.0114226 0.000207411 2032.99 0.955724 2.97807 0.0996691
2204.83 0.652796 -0.8407 1688.75 -0.575098 2.39958 4628.44 4441.53 0.369685 0.565818 0.514962 0.4193 907.018 2.33096 0.070184 4418.52 0.109709 3.02477 0.0996691
1686.28 0.147726 -2.23016 1231.06 -0.143891 1.3498 2891.07 2799.82 0.367638 0.658773 0.643146 0.642526 757.679 0.22679 0.56366 2912.41 0.940425 3.0211 0.0996691
2804.85 0.248756 -0.183896 2104.14 0.129452 -2.94372 4851.86 4701.17 0.43339 0.518036 0.257031 0.819013 619.72 2.27968 0.0733566 5455.63 0.719149 2.38786 0.0996691
2927.88 -0.223152 1.58981 934.173 0.284545 2.95979 2271.26 2257.09 0.26167 0.336134 0.558534 0.725587 2077.85 -1.05988 0.00494242 5231.67 0.622802 2.65458 0.0996691
2333.1 0.449791 1.06076 1846.72 -0.403945 -1.78306 4572.9 4212.89 0.457884 0.571129 0.674032 0.612189 771.988 -2.88933 0.0421157 4745.3 0.203249 2.77226 -0.0996691
1632.45 0.211271 1.31384 888.55 0.0717225 -1.74339 2618.45 616.272 0.192458 0.164789 0.832054 0.662857 729.974 -1.32332 0.155757 3083.11 0.404991 3.02238 0.0996691
1052.91 1.71638 0.833267 317.222 -0.00347737 -1.23655 1607.54 453.039 0.294192 0.657049 0.821708 0.77575 749.981 -2.63501 0.15978 1575.15 0.64699 3.03111 0.0996691
1065.66 -0.412854 2.556 653.471 1.51654 -2.67815 2157.53 1840.04 0.269279 0.310197 0.756471 0.619678 1302.96 -0.32019 0.0469646 2222.59 0.562194 3.06004 -0.0996691
1656.91 0.455694 0.450138 1148.83 0.677211 -2.08197 2753.57 2417.76 0.438475 0.645472 0.554055 0.743035 689.008 -2.67665 0.0920053 3766.91 0.790445 3.0385 -0.0996691
1716.46 0.710122 -1.76562 397.378 0.424529 1.44715 1690.94 1470.67 0.62933 0.559667 0.645671 0.573248 1277.9 1.31449 0.0276757 2116.59 0.700592 3.10856 0.0996691
1775.5 -0.322703 -0.726106 1315.6 0.088708 1.6342 2912.08 2895.83 0.584949 0.242358 0.647105 0.628972 637.874 -2.85015 0.0243235 3741.79 0.752283 2.14858 0.0996691
1323.37 0.488103 1.78959 561.199 -1.88567 0.0642161 2900.02 2890.52 0.188265 0.335417 0.418809 0.670915 816.905 -1.73745 0.101426 2421.86 0.473295 2.65443 0.0996691
3182.52 -0.347086 1.5935 2606.13 0.0418468 -0.892548 5868.25 4567.81 0.301772 0.190778 0.819944 0.187333 671.928 -2.51572 0.0217466 7105.68 0.525652 2.54998 0.0996691
1455.36 -0.695256 2.5908 272.966 -0.616404 -0.415884 1270.85 1231.07 0.105116 0.583854 0.596795 0.798991 1179.37 -0.376619 0.0403389 2089.48 0.701024 3.008 0.0996691
1516.79 1.13242 1.94118 1388.86 -0.245493 2.48573 2386.46 2583.58 0.331552 0.49751 0.731381 0.670703 1649.76 -0.66685 0.317667 4362.08 0.929356 2.82709 0.0996691
1709.07 -0.466148 -0.509472 1415.61 -0.562549 0.983892 2162.67 2038.26 0.276559 0.592821 0.725718 0.384784 1720.28 -3.07566 0.10333 3781.29 0.896265 2.49078 0.0996691
1055.49 -0.564656 0.804297 -1 -1 -1 -1 121.672 0.555495 -1 0.627612 -1 973.26 -2.31701 0.0629709 1080.84 0.94385 3.09211 0.0996691
1578.67 0.162835 0.836873 1310.43 -0.0176502 -0.71046 2044.24 2018.53 0.53511 0.161593 0.533922 0.312904 712.503 -2.96449 0.0790241 4196.48 0.40486 2.40959 -0.0996691
1474.2 -0.539863 2.85729 277.602 -1.08421 0.61642 1250.83 923.732 0.480065 0.651267 0.64095 0.773315 1305.49 -0.434997 0.893167 1715.53 0.64303 2.18944 0.0996691
2401.63 0.818202 1.48532 1573.84 0.60005 -2.82314 3501.31 2585.95 0.209864 0.119206 0.792912 0.551535 2232.57 -0.981352 0.00203437 4191.89 0.675959 2.75605 0.0996691
1173.31 -0.288689 0.00658785 -1 -1 -1 -1 413.261 0.424028 -1 0.704448 -1 1074.85 3.12355 0.0223036 1309.78 0.70479 3.00349 0.0996691
1478.55 -0.583776 -2.96135 419.839 1.23866 -0.699843 2246.62 1928.72 0.636612 0.714354 0.472403 0.796836 1127.39 0.421018 0.396683 2064.02 0.225669 2.92486 0.0996691
998.489 0.672488 1.8632 974.849 0.0843818 -1.3843 2195.44 1736.83 0.6599 0.214163 0.405312 0.572665 1079.05 1.79233 0.0529082 3237.23 0.938373 2.92382 0.0996691
2877.14 -0.109079 2.36662 1696.31 0.455804 -0.972313 4887.22 971.279 0.102328 0.361073 0.693726 0.344451 1236.09 -0.511545 0.0235819 4825.88 0.52202 3.08394 -0.0996691
2509.64 0.359684 -1.88493 828.038 -0.75806 0.302807 3340.45 938.228 0.163697 0.645175 0.420624 0.746101 1815.77 1.59087 0.0760757 3649.32 0.510626 3.05297 -0.0996691
1033.53 0.308395 1.43551 989.016 -0.923524 2.34889 1636.13 1515.61 0.498987 0.248303 0.90034 0.501376 1419.6 -1.20184 0.158642 2970.59 0.125474 3.09009 0.0996691
1540.01 1.2802 2.33961 1381.76 -0.633466 1.0822 3712.72 3388.79 0.172827 0.602304 0.542287 0.567912 815.317 -1.73122 0.118793 4624.79 0.860845 3.1201 0.0996691
1535.1 1.04046 2.034 263.539 0.819752 -1.176 1314.58 893.497 0.707502 0.392836 0.711358 0.83442 1247.82 -1.09311 0.0549238 1777.45 0.842778 3.09816 0.0996691
1758.97 0.605717 -1.49603 1522.71 -0.07746 -2.98309 2522.69 2520.8 0.0171666 0.149807 0.495493 0.422686 1026.45 0.783758 0.294124 4840.39 0.380853 2.81046 0.0996691
1492.93 0.888181 -1.1995 1399.4 1.01242 2.70664 2713.94 2640.77 0.287298 0.30244 0 0.703709 1749.92 0.907903 0.0111871 4312.14 0.552077 3.11886 0.0996691
1059.8 -0.85224 -2.44401 -1 -1 -1 -1 798.872 0.638586 -1 0.736968 -1 887.545 0.646583 0.0936099 1196.35 0.795094 3.09675 0.0996691
1893.3 -0.0463643 -0.456133 1227.07 -0.971154 1.68697 3065.44 2999.11 0.55619 0.632387 0.568586 0.430684 1412.95 -2.82326 0.0696528 3506.69 0.828518 2.43761 0.0996691
1739.91 0.510124 -1.97025 1565.96 -0.173177 0.678931 3578.82 2580.85 0.301874 0.104542 0.505814 0.658564 828.746 0.759202 0.00687516 4447.07 0.451834 2.73443 -0.0996691
723.369 -0.105303 0.980799 -1 -1 -1 -1 372.982 0.585372 -1 0.697288 -1 670.034 -2.14252 0.0810413 760.487 0.890306 3.03846 0.0996691
1573.36 0.038137 -2.68214 425.784 0.364175 1.39635 1502.04 1452.97 0.415316 0.639813 0.804527 0.823156 956.885 0.215757 0.0876369 2369.09 0.144211 2.9108 0.0996691
2484.07 -0.266401 -2.5392 1805.72 -0.428375 0.0526136 4109.58 4073.62 0.70852 0.113793 0.794763 0.695342 861.482 1.43697 0.216698 4692.1 0.752531 2.52549 0.0996691
1605.91 -0.41506 0.636028 925.187 0.88595 2.97978 2834.35 2765.78 0.293388 0.663526 0.505949 0.596027 1147.35 -2.23959 0.944265 4285.81 0.970597 2.46017 0.0996691
2503.9 0.0461594 1.67213 1471.82 -0.132905 -2.81449 3060.63 2998.97 0.76801 0.556151 0.655531 0.420347 943.023 -1.12131 0.1568 5916.7 0.946552 2.63441 0.0996691
1788.55 0.143198 2.47096 1383.36 -0.472289 0.303683 2992.67 2867.19 0.694289 0.45471 0.631243 0.589044 892.744 -1.3119 0.0231426 4642.53 0.409155 2.48892 -0.0996691
1479.58 1.40233 -1.28456 850.609 -0.0543034 2.4238 2804.81 2780.95 0.590058 0.285201 0.701541 0.08963 1322.71 1.53692 0.259287 3142.31 0.852831 2.90765 -0.0996691
1965.86 -0.357933 2.85988 851.88 -0.425092 -0.204039 2602.43 2560.65 0.727847 0.661728 0.471007 0.819499 1113.6 -0.341131 0.146007 2793.74 0.40696 3.05608 0.0996691
1869.78 -0.218825 0.640914 864.745 0.508235 -0.97899 2087.68 2067.75 0.68898 0.159522 0.78572 0.260388 1029.05 -2.29732 0.0817137 4681.47 0.620713 3.01366 -0.0996691
821.221 -0.608972 0.577434 568.944 -0.465099 -1.60496 1385.69 817.792 0.419207 0.727692 0.324332 0.722128 643.919 2.90884 0.27283 1584.75 0.826814 2.37144 0.0996691
2557.82 0.309109 -2.00743 1523.81 0.256919 1.50663 4151.22 2899.09 0.0728128 0.628543 0.680802 0.817729 972.234 0.379613 0.209189 4540.97 0.935762 2.23614 0.0996691
1850.93 0.448067 -3.0785 1489.78 -0.00474779 -0.931842 3029.16 3005.89 0.433961 0.460874 0.776688 0.496233 1706.4 1.17351 1.91358 3757.65 0.929589 1.81748 0.0996691
2603.9 0.319681 -2.04248 1522.68 -0.598528 0.501233 4596.9 3026.55 0.142921 0.48675 0.375421 0.183069 1256.11 1.64738 0.000930667 4445.12 0.512021 2.6073 -0.0996691
1271.44 0.18759 1.92703 817.998 1.04698 -2.48877 1903.12 1732.5 0.759771 0.215926 0.689304 0.491325 1059.74 -0.699654 0.722925 2327.87 0.793328 1.90261 0.0996691
1082.93 0.565277 -0.993172 597.937 -0.101514 0.0866339 1005.46 987.151 0.640947 0.55557 0.372038 0.488972 996.38 2.56483 0.0431411 2157.8 0.417162 2.76815 0.0996691
1933.77 -0.938562 1.94754 523.514 0.896109 -1.98206 2841.44 2497.21 0.688764 0.467683 0.771217 0.783803 1483.42 -0.739597 0.194104 2811.26 0.957046 2.88146 -0.0996691
1860.86 -0.757352 -1.56075 1745.36 0.253097 -3.0964 3279.26 3532.19 0.541789 0.0366669 0.719639 0.734994 1024.87 0.866037 0.0105923 5176.71 0.364432 2.41501 0.0996691
940.998 -0.538562 0.118394 -1 -1 -1 -1 732.675 0.361613 -1 0.71338 -1 639.608 -3.11176 0.0379827 1298.11 0.752196 3.12565 0.0996691
2806.07 0.0745229 0.484955 2157.57 -0.612754 -2.90557 5379.95 4117.21 0.571706 0.238947 0.617094 0.39875 970.721 1.62466 0.2065 7360.7 0.852114 3.12546 0.0996691
1283.42 -0.4749 1.35438 665.211 -0.252602 -1.63748 1954.87 1546.85 0.412489 0.347709 0.770653 0.515975 828.048 -1.68538 0.0611912 2224.25 0.253295 2.80977 0.0996691
1654.64 -1.39422 0.877443 1304.83 1.05326 -0.358956 4880.96 4859.46 0.0617362 0.379352 0.754901 0.369164 1434.16 -2.95224 0.00418878 3960.14 0.968396 2.59005 -0.0996691
1158 -0.908539 0.73214 702.49 0.657507 1.9306 1866.11 1855.88 0.245248 0.677622 0.493788 0.683675 1552.69 -1.88698 0.0140172 3101.79 0.815688 2.64125 0.0996691
1702.81 -0.120359 -0.658871 471.516 -0.109548 2.59464 1863.56 1589.7 0.561283 0.589321 0.702986 0.66387 1287.06 2.47657 0.0633838 2533.53 0.60914 3.08582 0.0996691
1483.75 0.0445062 -0.410345 659.641 0.878103 2.856 2231.47 1607.76 0.516298 0.232804 0.217211 0.742612 879.295 2.56389 0.0135105 2268.77 0.563943 2.95996 0.0996691
1684.06 0.0137094 -2.05252 1302.17 0.0493614 1.82296 2849.94 2567.14 0.407966 0.460266 0.545055 0.12434 1169.42 0.507984 0.147804 4159.41 0.345004 2.74225 0.0996691
1297.35 0.602996 -0.211899 649.036 -0.92812 2.89855 2496.41 1677.27 0.219741 0.36369 0.648972 0.654841 651.042 2.93373 0.0877972 1917.32 0.745723 3.05661 0.0996691
1685.73 1.42732 -0.192739 1313.79 -0.854814 -2.02454 4819.52 4681.49 0.63402 0.652914 0.80011 0.767354 697.941 -2.0395 0.0104802 5369.41 0.228593 2.69742 0.0996691
2991.34 0.0667428 2.86027 255.61 0.555352 0.121959 2180.69 1145.02 0.0415178 0.512737 0.505118 0.635988 2643.12 -0.279401 0.0362433 3433.88 0.946096 2.93599 0.0996691
1398.59 0.398434 2.09501 300.353 -0.345098 -1.0493 1397.64 1362.33 0.41786 0.449794 0.667722 0.722589 1195.92 -1.05099 0.000434279 1796.51 0.656732 3.13869 0.0996691
1477.4 1.34297 2.63552 1109.22 -0.0407506 0.467802 2983.34 2927.42 0.772326 0.415698 0.753451 0.708517 784.559 0.77741 0.303417 4480.06 0.617601 2.77369 0.0996691
1347.69 -1.64187 0.818964 1041.89 0.550866 1.36348 3228.38 3196.03 0.469098 0.586541 0.5031 0.66625 1145.06 -1.59019 0.113241 3961.88 0.918351 3.06769 0.0996691
3093.31 0.387542 2.54887 1592.5 -0.0581992 -0.686187 4848.94 3437.8 0.166857 0.23563 0.643146 0.647503 1516.06 -0.471394 0.0953346 4852.4 0.587313 3.06764 -0.0996691
1944.54 -0.652393 -0.0752809 713.547 0.756876 -1.7849 2572.96 2427.25 0.449718 0.632392 0.642533 0.74259 1626.65 2.82623 0.256666 3587.02 0.661861 3.1065 0.0996691
2524.43 -0.0273209 2.38047 1459.71 1.26285 -1.55691 4842.35 3723.25 0.0612511 0.635193 0.460746 0.54454 1294.6 -0.191034 0.0629437 4822.04 0.96391 3.1375 0.0996691
1588.99 -0.986267 1.83377 1409.03 -0.556814 -1.84264 3053.83 2837.21 0.298374 0.693105 0.336871 0.699602 1071.94 -1.5691 0.218259 4432.57 0.888454 2.6755 0.0996691
1561.68 0.734463 2.26981 1475.63 0.195788 -0.3722 3060.39 3047.66 0.719072 0.150248 0.575111 0.43369 697.906 -0.432535 0.0594711 4273.04 0.247607 2.64413 0.0996691
1295.19 -0.836228 -0.66717 1113.72 -1.22417 1.96815 2389.06 2328.28 0.491828 0.70937 0.714551 0.621809 616.97 -0.816027 0.0973562 3658.41 0.943669 2.88468 0.0996691
1457.3 0.743285 1.24242 552.165 0.381925 2.63547 1274.33 1174.96 0.312935 0.776301 0.507399 0.786529 1254.29 -1.5798 0.0583251 2343.89 0.613387 2.83845 0.0996691
2105.96 -0.0201089 -1.81377 1780.54 0.363068 1.62547 3916.85 3891.8 0.567297 0.220568 0.73491 0.59357 779.911 0.376259 1.24925 3865.64 0.169606 2.84341 0.0996691
1363.48 -0.328702 -2.17678 918.818 -0.340643 0.918494 2252.15 2192.9 0.241197 0.704628 0.421195 0.727599 898.913 0.711756 0.224285 2723.33 0.345611 2.75636 0.0996691
2727.19 -0.288484 0.520753 1453.32 -0.129856 2.36675 3475.84 2493.14 0.35485 0.444329 0.345394 0.582798 2191.45 -2.0947 0.0575287 4767.01 0.212604 2.97141 0.0996691
1532.32 -0.130472 1.4201 416.659 -0.424048 -1.86168 1620.89 1588.28 0.262267 0.455038 0.301868 0.603324 1136.43 -1.68415 0.17396 1932.26 0.586158 3.00414 0.0996691
1315.19 0.527512 1.87194 657.293 0.60235 -1.43932 1885.11 1736.22 0.338969 0.623699 0.278244 0.46826 910.726 -1.57038 0.148288 2389.51 0.66464 2.90043 0.0996691
2791.73 -0.447188 -0.885027 1641.32 0.178709 2.29365 4814.55 3613.15 0.171113 0.529647 0.684194 0.746128 1111.09 2.15444 0.135944 4639.73 0.892315 2.87349 0.0996691
1752.4 0.0406127 -2.90454 962.048 0.969787 0.431628 2925.77 2376.5 0.236807 0.194726 0.588435 0.548616 631.164 0.273618 0.0657886 3028.54 0.456598 3.11036 0.0996691
881.309 -0.0672631 0.97413 -1 -1 -1 -1 577.723 0.434617 -1 0.675398 -1 796.831 -2.10995 0.0667968 948.686 0.823881 3.12298 0.0996691
1959.79 0.327 -0.0427865 1912.51 -0.479216 -2.77067 4132.3 4100.19 0.416075 0.195405 0.0799276 0.609495 698.185 2.35693 0.521779 5498.85 0.320262 2.49688 0.0996691
1711.81 0.233708 3.07765 1100.23 0.505604 0.261811 2787.92 2722.16 0.527674 0.491448 0.492971 0.707987 716.647 -0.406891 0.271658 2834.41 0.962676 3.07088 0.0996691
2401.86 -0.131677 1.31141 1380.13 -1.04707 -0.869987 4033.31 2711.63 0.338689 0.499082 0.800549 0.735985 826.406 -2.17982 0.45406 5022.69 0.235316 2.67434 -0.0996691
3096.29 0.540868 -2.14911 2993.69 -0.112027 1.47199 6276.82 6220.73 0.457668 0.629933 0.618182 0.351431 1251.72 -0.371197 0.198529 6404.72 0.429881 2.33784 0.0996691
967.514 -0.74199 -0.471027 345.924 0.360984 -2.22619 1144.8 1045.7 0.38826 0.695676 0.641832 0.727676 713.094 2.04698 0.0141432 1763.37 0.65678 2.50892 0.0996691
1490.58 0.470428 1.83075 1447.11 0.640641 -1.61128 2939.82 2857.16 0.733168 0.270627 0.610862 0.619627 703.677 2.71694 0.0586758 4252.62 0.858807 2.96482 0.0996691
1703.09 -0.553156 -0.502343 1165.97 -1.53263 2.4992 3166.72 3140.86 0.222003 0.437444 0.747613 0.684003 606.824 3.01419 0.518323 2849.46 0.205737 2.99789 0.0996691
1878.29 -0.0709128 0.481488 -1 -1 -1 -1 1311.76 0.445142 -1 0.686036 -1 1671.4 -2.73656 0.579138 2174.85 0.795114 2.6482 0.0996691
2552.76 0.211582 -2.40794 1970.58 -0.892797 -0.5156 4530.95 4109.21 0.515773 0.229593 0.490342 0.660811 1434.23 1.3871 0.0100058 5855.37 0.852828 2.47515 0.0996691
2281.14 0.0516572 2.9143 1878.26 -0.879288 -0.800284 4691.26 3600.11 0.126897 0.10104 0.830869 0.660044 1336.41 0.701084 1.50078 4141.79 0.976054 2.00357 0.0996691
1406.36 0.537755 -0.962912 1302.39 -1.44323 -2.84036 3973.8 3269.22 0.321723 0.59445 0.489356 0.545211 663.86 -0.14723 0.352891 3943.96 0.609163 2.34024 0.0996691
923.708 0.451677 -2.59334 749.804 -0.979922 -0.150413 2052.21 1939.86 0.414384 0.617419 0.74311 0.71082 842.428 1.65777 0.182706 2107.5 0.520889 2.91951 0.0996691
870.703 -0.220868 -1.00284 -1 -1 -1 -1 433.464 0.333913 -1 0.669568 -1 815.853 2.19069 0.482686 885.05 0.912247 2.70422 0.0996691
2126.55 -0.101017 -0.368534 1093.5 0.667401 1.96364 3104.13 3067.51 0.278394 0.322295 0.154355 0.680519 1220.83 2.57896 0.305567 4291.42 0.919599 3.02941 0.0996691
2527.62 -0.138759 0.941225 1040.2 0.583055 -2.25168 3467.21 3408.87 0.428079 0.530821 0.631125 0.675876 928.107 -2.75365 0.00122452 4530.73 0.853352 2.58454 0.0996691
1571.39 -0.0362875 0.983508 1528 0.261134 -2.91292 2934.53 2882.44 0.249511 0.492033 0.222845 0.590555 856.304 -0.809907 0.103213 3884.99 0.211287 3.03308 -0.0996691
1299.79 0.262836 -2.29466 267.144 0.809132 0.313467 1193.59 1112.48 0.323175 0.5855 0.706204 0.513382 733.634 0.815207 0.056733 1856.36 0.962621 3.05295 0.0996691
2053.06 -0.361748 -0.0740646 747.383 0.519965 2.29074 2583.41 2518.48 0.614964 0.734874 0.710182 0.769862 1379.11 -2.79506 0.0336435 3634.33 0.92015 3.02021 0.0996691
2232.93 0.153289 -1.45015 1502.81 0.741651 0.192706 2902.44 2873.22 0.684281 0.395292 0.532207 0.565606 2253.58 2.29218 0.0817707 4010.25 0.797868 2.45944 0.0996691
1313.72 -0.377256 3.00223 352.091 0.553135 -0.0696176 1520.73 1470.89 0.203663 0.53798 0.712877 0.637339 1108.03 -0.185702 0.120404 1850.6 0.410268 2.9944 0.0996691
848.818 -0.209671 -2.9003 -1 -1 -1 -1 376.101 0.819227 -1 0.694252 -1 776.89 0.247228 0.0218369 868.586 0.917996 3.116 0.0996691
1762.3 0.209351 1.68635 1443.6 -0.843518 -1.95207 3652.96 2312.31 0.448991 0.126518 0.227821 0.458778 807.992 -2.40008 0.14542 4583.63 0.508078 2.29632 0.0996691
1239.93 -0.0792785 -1.79513 -1 -1 -1 -1 998.867 0.620941 -1 0.638297 -1 1183.43 1.3773 0.222738 1651.07 0.725467 2.89897 0.0996691
2422.29 -0.0309142 -0.0842157 1376.54 -0.486017 3.03517 3843.81 3605.5 0.372696 0.675907 0.564398 0.708924 842.935 3.13808 0.0465877 3904.15 0.321911 3.10609 0.0996691
2603.51 -0.915015 0.143628 1778.66 0.187183 2.06142 4355.72 4316.98 0.763696 0.514151 0.799428 0.447344 1797.55 -2.19824 0.322009 5170.55 0.590925 2.66387 0.0996691
1816.91 -0.442065 2.49197 1690.79 0.408339 0.983654 2980.04 2637.81 0.221535 0.465718 0.8085 0.646431 1730.57 -1.29488 0.110216 4350.24 0.218886 2.90929 0.0996691
2385.53 0.685047 0.459371 1283.25 -0.165157 -2.27785 3852.3 2615.77 0.471743 0.168812 0.527508 0.686026 1055.39 -2.99019 0.279643 4092.85 0.84436 3.13779 0.0996691
2600.08 -0.48141 2.03275 2248.94 -0.352409 -0.484611 4627.81 4610.68 0.520016 0.470467 0.353959 0.20234 1029.62 -2.01506 0.10415 5368.51 0.984225 2.13165 0.0996691
1228.84 0.621767 0.658765 1191.92 -0.26913 -0.167548 1537.41 1309.47 0.782972 0.277729 0.73974 0.81504 1352.98 2.88106 0.239435 3870.56 0.373193 3.02796 -0.0996691
1361.81 0.512253 2.68663 497.051 -0.098229 -2.6475 918.554 907.082 0.560427 0.13025 0.60183 0.503046 1506.99 -0.220258 0.0123053 1992.81 0.812979 2.89672 0.0996691
2995.22 0.188675 2.75764 1461.14 0.634723 0.10136 4714.68 2938.92 0.240313 0.482813 0.321452 0.749542 1743.43 -0.72601 0.163898 3967.58 0.921573 3.12383 0.0996691
2094.22 0.594755 -1.19212 2036.77 0.533529 0.879019 3617.95 3513.87 0.35602 0.283684 0.546699 0.338468 1628.27 3.06861 0.542677 4595.2 0.757758 1.91966 0.0996691
1763.54 -0.0350405 1.94298 660.619 -0.72107 -0.506156 2186.36 2112.2 0.166026 0.633839 0.148987 0.553208 1203.37 -1.51748 0.194228 2541.88 0.87561 2.62853 0.0996691
1195.51 1.32402 -1.19149 441.625 0.326957 2.30942 1630.27 1593.77 0.411725 0.584185 0.753068 0.65237 632.911 1.5919 0.384706 1854.23 0.90219 3.11519 0.0996691
1033.65 0.683991 -1.59894 359.195 0.792544 1.46022 1247.47 1084.32 0.867604 0.77344 0.80903 0.705172 663.136 1.61725 0.10714 1376.91 0.557527 3.11018 0.0996691
2000.97 0.0981406 1.92798 1180.33 0.246365 -0.581548 2948.26 2884.44 0.454888 0.631714 0.515093 0.681925 849.214 -1.68112 0.0302761 3768.15 0.651053 2.64286 0.0996691
2464.51 0.110281 1.29122 2416.7 -0.644298 -1.89831 5271.41 5010.66 0.520254 0.56633 0.842419 0.673653 1040.14 2.75457 0.0196402 6885.22 0.48015 3.04812 0.0996691
1592.08 -0.313936 2.70399 432.627 -1.11245 -0.336482 1799.77 1790.28 0.20227 0.689186 0.374064 0.449453 1143.07 -0.347098 0.0045532 2266.94 0.576255 3.0464 0.0996691
1934.31 -0.0387613 -2.60934 1029.92 1.31214 1.81149 3105.6 3048.37 0.313605 0.122213 0.546634 0.494017 636.011 -0.529103 0.182015 4402.26 0.930657 2.75498 0.0996691
885.062 -0.858415 -1.75769 271.006 -0.517193 2.86998 781.419 648.1 0.439212 0.607917 0.636458 0.685066 898.73 1.24395 0.47486 1342.52 0.949923 2.55211 0.0996691
1642.26 -0.0596535 -2.51921 1278.7 0.186074 0.789447 2963.36 2495.41 0.398186 0.226464 0.630403 0.54784 762.779 -1.05144 0.0745674 3806.69 0.417301 2.77159 0.0996691
1824.36 -0.899138 -2.66786 956.62 -0.425692 0.489342 2930.44 2233.15 0.143717 0.671349 0.746701 0.775722 824.854 0.435608 0.0499802 2954.5 0.218909 2.82199 0.0996691
1216 -0.197657 0.771776 -1 -1 -1 -1 733.141 0.245036 -1 0.540807 -1 1020.51 -2.25064 0.511967 1611.93 0.84139 2.5098 0.0996691
1765.52 0.59178 0.554428 1358.13 0.166134 -2.32715 3181.96 3085.74 0.58598 0.567176 0.557508 0.789062 1374.24 3.1074 0.382962 4718.72 0.529185 2.88749 0.0996691
2407.65 -0.135105 -1.85147 1609.81 -0.666091 1.92988 3918.16 3840.06 0.539698 0.17096 0.628545 0.612435 1493.54 1.3776 0.176947 6093.97 0.650573 3.04946 0.0996691
1855.82 0.464903 1.02917 1752.09 0.547319 -2.69007 3476.68 3437.15 0.434812 0.236673 0.649826 0.751646 1418.45 -1.00763 0.210052 4121.42 0.702235 3.08941 -0.0996691
2179.78 0.112344 0.471722 963.349 0.594899 -2.82692 3016.21 2196 0.515346 0.177899 0.578201 0.453784 1451.98 -2.60533 0.0613711 3494.51 0.937904 3.02351 0.0996691
2240.84 0.160136 0.446771 851.596 -0.282403 -2.46282 2836.17 2743.72 0.648614 0.522554 0.731834 0.741034 1408.89 -2.8684 0.385972 3127.14 0.474995 2.92994 0.0996691
2830.6 0.725492 -0.983427 2678.12 0.0611841 1.80336 5765.74 5682.8 0.342249 0.36728 0.423722 0.67609 726.773 2.53062 0.655559 6106.17 0.976613 2.85752 0.0996691
2260.77 0.170644 -0.774919 1320.27 0.622252 3.01503 3518.45 2817.46 0.707211 0.181615 0.629204 0.75449 681.143 2.60823 0.0468819 4810.37 0.621272 2.85314 -0.0996691
1622.75 0.2306 -2.70475 951.916 -0.957593 0.46442 2986 2875.76 0.27904 0.202519 0.624667 0.572844 676.614 0.450866 0.00974405 2558.62 0.239299 3.10621 0.0996691
1255.34 0.149132 -2.21568 651.978 -0.800982 0.561254 1997.62 1924.41 0.794833 0.42231 0.659632 0.78005 807.447 0.782775 0.195214 2260.88 0.944753 3.0886 0.0996691
1586.96 0.708607 0.605307 1222.63 0.144554 -1.95003 2795.81 2770.87 0.402797 0.423685 0.74804 0.402336 702.15 2.87975 0.058856 2975.11 0.82673 2.33196 0.0996691
1506.94 -0.468101 2.78474 266.386 0.351351 -0.530199 1383.67 1323.84 0.65543 0.649042 0.770402 0.599377 1041.04 -0.474708 0.0850161 1950.86 0.719683 2.9387 0.0996691
1619.97 -0.790206 -0.142326 1295.93 -0.304877 -2.69148 2972.44 4255.23 0.538415 0.35618 0.527721 0.414544 741.527 -2.75872 0.119778 3999.92 0.452893 2.73531 -0.0996691
690.49 -0.798696 -2.1034 -1 -1 -1 -1 345.414 0.599463 -1 0.506909 -1 656.352 1.06745 0.133752 722.239 0.901689 3.03235 0.0996691
1727.83 0.251025 -2.39779 751.534 -0.206099 1.51181 2375.28 1953.93 0.187539 0.669814 0.640707 0.603776 716.052 0.358476 0.0352201 3243.91 0.929467 2.85355 0.0996691
1173.75 -0.0227782 2.37196 884.625 0.279885 -2.57225 1342.35 1285.87 0.458479 0.646021 0.840248 0.511583 911.376 -0.587683 0.0404104 2907.95 0.726219 2.9187 0.0996691
1939.5 0.45379 0.396465 1791.56 0.78084 -2.06875 3578.25 3576.57 0.132238 0.410994 0.532955 0.496927 1158.77 2.34101 0.724803 3836.54 0.937686 2.66935 -0.0996691
2211.94 0.522345 -2.55412 830.254 1.34941 -0.179599 2818.49 2727.86 0.490523 0.238202 0.18943 0.346521 1237.01 1.0447 0.155233 3686.98 0.57018 2.83921 -0.0996691
1657.79 0.21149 -2.8051 571.235 -0.889354 0.819949 2455.99 781.12 0.25283 0.585585 0.424189 0.700971 833.379 0.108741 0.0227314 2712.15 0.464008 3.01771 0.0996691
3082.59 -0.245015 -1.61856 2027.78 -0.352322 0.546569 4625.35 3646.19 0.661801 0.366897 0.680124 0.487314 2557.73 2.22747 1.23774 5174.99 0.939731 2.15655 0.0996691
1568.87 0.217186 -1.49983 1486.15 0.613047 1.6182 3131.21 3110.83 0.589741 0.0820595 0.351753 0.637038 698.575 -0.745985 0.114197 4645.66 0.50843 3.00869 -0.0996691
936.804 -0.859214 -0.0215148 283.399 0.513675 1.42729 1041.92 959.431 0.730245 0.625317 0.677182 0.655902 718.632 -2.97283 0.190009 1444.71 0.645739 2.75889 0.0996691
1661.12 0.263375 0.284234 -1 -1 -1 -1 1098.54 0.670269 -1 0.562036 -1 1420.66 -2.86457 0.00584793 1905.11 0.917543 3.1274 0.0996691
1561.8 -0.941691 3.03707 823.704 1.75697 -0.708997 4691.16 3974.51 0.333561 0.401443 0.619152 0.670111 616.708 0.617026 0.00376028 3307.1 0.496353 2.55319 0.0996691
1947.3 0.440096 0.433073 1934.17 0.303467 2.99098 3922.5 3220.01 0.49389 0.541538 0.738988 0.757993 845.446 -1.2924 0.63216 4263.1 0.884509 2.9659 0.0996691
2998.75 0.323105 1.33699 1479.73 0.63149 -2.36832 4532.35 3120.35 0.0529311 0.480248 0.792702 0.487517 1969.52 -1.33929 0.409336 4789.79 0.972647 2.84919 0.0996691
1463.19 0.341611 1.59048 335.221 0.352346 -1.59027 1429.41 1351.06 0.368605 0.667775 0.595582 0.835788 963.184 -1.58319 0.00399899 1766.8 0.634242 3.10755 0.0996691
2088.52 -0.0551671 0.14847 1108.45 -0.25585 -2.86923 3073.05 3058.78 0.535601 0.216585 0.392814 0.394918 1048.99 2.59784 0.0390167 4705.07 0.424852 2.50562 0.0996691
2390.16 -0.483004 1.07372 934.426 -0.439537 -2.15641 2996.89 2984.9 0.532893 0.316796 0.576923 0.55964 1280.45 -2.27158 0.00609946 4855.45 0.579854 2.94379 0.0996691
1337.23 -0.45287 0.68425 704.855 0.286436 2.26349 1579.15 1980.78 0.513908 0.642561 0.199514 0.758142 842.387 -2.06899 0.0336051 2693.46 0.378302 2.71212 0.0996691
1861.17 1.08562 -0.055646 1763.84 0.423494 2.89344 3874.41 3629.72 0.202818 0.469966 0.555718 0.500504 890.887 -2.91863 0.154819 4387.77 0.826651 2.70832 0.0996691
1897.47 0.442192 -2.04536 1420.68 0.631712 -0.54919 2459.37 2016.04 0.274576 0.787608 0.720704 0.654618 1505.64 1.61233 0.364479 4335.47 0.488947 2.35939 0.0996691
1539.94 0.0869463 2.23763 -1 -1 -1 -1 1423.61 0.295933 -1 0.405386 -1 1144.71 -0.940693 0.0787179 1953.48 0.743945 3.11099 0.0996691
1694.58 -0.425266 -1.44016 1229.18 0.396306 1.06759 3027.22 2948.9 0.645953 0.571442 0.832856 0.628519 1055.56 2.48915 0.334193 3118.78 0.467559 2.75993 0.0996691
1578.32 0.04569 2.50054 -1 -1 -1 -1 1035.18 0.794649 -1 0.739336 -1 1434.67 -0.733335 0.269443 1877.77 0.896862 2.77961 0.0996691
1744.76 -0.0875208 -2.92452 1249.31 1.21247 -0.513604 3463.33 3407.16 0.693596 0.612584 0.632897 0.551057 864.036 1.03067 0.031545 3342.74 0.705928 2.29977 0.0996691
2499.84 0.36709 0.526044 1249.15 -0.248477 -1.63699 3575.38 3013.73 0.254198 0.800037 0.397704 0.772774 1396.05 3.05785 0.217525 4439.09 0.630081 3.00527 0.0996691
1253.64 -1.15616 -1.99455 304.223 -1.04032 1.03829 1359.76 417.866 0.296259 0.774212 0.789683 0.807853 940.361 1.04598 0.0586675 2068.14 0.607716 3.01115 0.0996691
1954.74 0.812138 -1.1135 598.547 -1.09559 2.55906 3240.06 2515.15 0.659691 0.401673 0.363633 0.714052 1121.94 1.85681 0.0432234 2941.46 0.923834 3.01686 0.0996691
926.414 0.0894584 1.98951 255.76 0.911176 0.408654 846.616 700.961 0.714502 0.48443 0.658793 0.503588 869.247 -1.50866 0.0477462 1392.33 0.734379 2.71799 0.0996691
1294 -0.932778 1.37791 1255.4 0.162692 0.470846 1872.35 1827.53 0.635776 0.459986 0.768606 0.335712 1180.12 -2.25928 0.189457 3815.03 0.373768 2.54415 0.0996691
1549.69 -0.621449 0.65473 1138.46 0.0806451 2.65748 2453.89 2398.49 0.268254 0.559741 0.331161 0.760741 1318.53 -2.43184 0.0154529 4247.44 0.923233 3.10051 -0.0996691
1432.22 0.770574 2.63561 1413.02 1.24914 -0.75539 2937.71 2795.06 0.223552 0.317885 0.756665 0.628716 903.633 1.44963 1.18702 3429 0.561986 2.26529 0.0996691
1074.65 -1.52733 -1.22441 528.265 1.15187 2.95717 2997.4 2927.14 0.340532 0.616729 0.694146 0.577549 956.414 1.38927 0.710579 1596.3 0.96095 2.96059 0.0996691
2605.3 -0.0282704 -2.57221 1648.07 0.236571 1.76681 3490.34 3461.61 0.33065 0.762039 0.515101 0.690086 1565.18 0.0500958 0.405039 5152.08 0.617167 2.21637 -0.0996691
2260.4 0.0941566 -2.46171 1141.3 -0.42151 2.05551 2633.26 2602.85 0.51802 0.32025 0.747482 0.410197 1454.54 -0.197152 0.0925484 4851.24 0.64787 2.16837 0.0996691
1536.45 -0.208898 0.134379 755.79 0.0983419 -2.07764 2019.74 1819.81 0.608105 0.452137 0.348653 0.484083 974.068 3.13599 0.00976968 3076.4 0.609711 2.99628 0.0996691
1303.59 -0.0734051 -2.56452 441.2 0.0107994 0.775549 1516.34 1504.26 0.719698 0.502626 0.779171 0.448365 964.192 0.792553 0.0166165 2089.25 0.4989 2.94126 0.0996691
1248 0.263946 -2.98645 374.703 1.21058 -1.95929 1064.34 810.633 0.504489 0.530518 0.723243 0.724228 1525.99 0.429706 0.00256681 1708.09 0.876189 2.80549 0.0996691
1660.39 -0.725026 -1.18911 809.556 0.161193 1.9357 2652.88 2030.57 0.226214 0.268655 0.0924768 0.682949 782.017 2.02934 0.0138886 2511.01 0.678632 3.05074 0.0996691
1630.62 -0.112748 -1.75464 1626.44 -0.241847 0.344612 2839.31 2823.91 0.28691 0.534254 0.515823 0.397583 1398.72 2.56893 0.126851 3732.88 0.820251 2.09683 0.0996691
2004.31 0.330271 2.02098 1875.37 0.725575 0.192028 3240.66 2899.22 0.144784 0.678978 0.681956 0.555054 665.407 -2.10971 0.196416 5845.28 0.585357 2.24708 -0.0996691
1702.89 0.496985 1.77636 1200.27 0.421729 -2.27219 2583.35 2549.55 0.525666 0.609755 0.564821 0.546195 906.129 -0.675573 0.0474929 3714.82 0.635628 2.74297 0.0996691
2926.4 -0.797354 1.76746 2050.49 -0.315917 -1.87658 4924.47 4910.34 0.220249 0 0.550856 -1 1452.08 -0.630048 1.24653 4960.77 0.298777 2.6422 0.0996691
2787.33 0.218691 -3.13609 664.319 -1.20156 -0.0892667 3770.58 1298.59 0.0329184 0.421585 0.559708 0.486739 1879.77 0.0565341 0.13982 3922.07 0.517889 2.95474 0.0996691
1396.65 0.327958 2.31515 371.208 1.09053 -0.752402 1563.89 1459.06 0.0696134 0.719106 0.630777 0.716809 989.523 -0.78413 0.0143648 1852.45 0.614698 3.08493 0.0996691
1991.22 -0.242644 -2.60805 1259.48 -1.06929 0.893719 3491.74 2175.5 0.272773 0.228686 0.315249 0.625474 619.427 -2.64088 0.196272 3573.95 0.0503433 3.09296 0.0996691
1387.32 -0.115385 -0.0487127 478.641 0.254003 2.94267 1661.37 1645.39 0.393085 0.739133 0.709997 0.611783 1175.85 3.02898 0.0890765 2371.09 0.490796 2.9878 0.0996691
1633.38 -0.0375002 -2.02647 1361.35 0.343676 3.02054 1830.74 1817.71 0.403089 0.215341 0.180577 0.739748 1137.11 0.786374 0.0832812 4273.97 0.939852 2.89685 0.0996691
462.861 1.44769 2.67181 341.993 -2.58085 1.93542 2954.3 1916.06 0.470519 0.503434 0.770332 0.723331 648.94 -0.7711 0.105544 849.631 0.497368 2.78219 0.0996691
1109.56 0.345115 2.87623 255.612 0.535819 0.814218 984.321 546.383 0.692667 0.705398 0.760453 0.709431 996.169 -0.459448 0.569657 1351.67 0.94883 2.75844 0.0996691
1347.12 -1.04344 -1.68811 1213.05 -0.243152 -3.01053 2005.84 1739.86 0.535725 0.268226 0.702896 0.588874 737.936 0.595609 0.077274 4303.85 0.879845 2.69818 -0.0996691
1439.85 -1.32176 2.75912 661.087 -0.644643 -0.343572 2131.87 1712.6 0.115135 0.373274 0.695614 0.654041 755.811 -0.311164 0.0306925 2165.76 0.186216 3.04072 0.0996691
2442.96 -0.435152 1.69501 1479.3 -1.12785 -1.87058 4032.66 3723.45 0.0923984 0.418607 0.615434 0.284113 623.781 -1.02316 0.0729816 4476.42 0.846123 2.79191 0.0996691
1093.59 0.218032 1.42662 -1 -1 -1 -1 443.719 0.474715 -1 0.540269 -1 1241.43 -1.71522 0.237708 1122.85 0.920727 2.89559 0.0996691
1290.7 -0.38462 0.913968 806.148 0.236627 -1.97443 2139.23 2096.24 0.623862 0.508581 0.558139 0.652473 765.587 -2.0378 0.0622261 2412.29 0.26763 2.88482 0.0996691
2555.34 -0.252563 -0.0662256 2301.53 -0.189809 -2.44788 4588.14 3893.84 0.364072 0.138756 0.637513 0.391216 709.938 1.71082 0.00151479 6236.71 0.407726 2.41513 -0.0996691
1946.16 -0.0551478 2.73442 1399.48 0.0470983 -2.06745 2271.7 2231.24 0.12922 0.63357 0.316197 0.756563 1343.74 -0.0612628 0.340878 4617.31 0.794477 3.13039 -0.0996691
1354.09 1.05902 0.804174 1055.41 1.5587 -2.76346 2444.75 2305.52 0.456803 0.385101 0.270763 0.826967 1015.59 -1.11857 0.00778055 3464 0.478465 2.80325 0.0996691
1315.23 -0.170122 0.613287 478.978 -1.53271 -2.20662 1962.75 1932.17 0.623349 0.637783 0.739866 0.519144 760.669 -2.77285 0.0024817 2639.19 0.586782 2.89226 0.0996691
1563.46 -1.15879 -2.11722 505.293 1.09869 1.49852 3013.84 2913.61 0.637797 0.398307 0.642036 0.601053 782.72 0.712628 0.0360503 2389.65 0.651335 2.79345 0.0996691
2438.87 0.968889 1.6107 938.021 0.114357 -1.07631 3421.69 2945.95 0.0455881 0.440959 0.333216 0.633219 1579.04 -1.72458 0.0647128 3537.86 0.816482 2.89219 -0.0996691
1645.77 -0.157826 -2.76813 640.362 0.195464 0.477429 2149.28 1703.92 0.447175 0.520652 0.521695 0.639464 1012.33 0.338619 0.140653 2244.44 0.331882 2.99962 0.0996691
1647.13 -0.0250846 -1.92988 1436.79 0.841816 -0.127511 2906.3 4543.37 0.130626 0.600796 0.67365 0.561849 1274.29 1.33307 0.0905656 4893.91 0.214822 2.73217 0.0996691
2853.09 -0.0894301 1.6288 2296.74 0.0622014 -1.47456 5261.12 4371.82 0.314901 0.549596 0.744364 0.802128 836.14 -1.69178 0.0633973 5386.35 0.335479 3.06836 -0.0996691
1543.62 -0.77993 0.476373 979.402 1.58556 -0.395885 3790.58 3745.35 0.446622 0.507473 0.391214 0.792896 1876.82 -3.03904 0.696582 3230.45 0.698033 2.07073 0.0996691
1404.47 0.158659 1.57541 564.915 0.576704 -0.41542 1594.78 1549.69 0.243598 0.818064 0.267218 0.605505 1139.21 -1.937 0.208479 2091.54 0.813214 2.56221 0.0996691
865.261 1.10761 -1.55461 -1 -1 -1 -1 930.035 0.733306 -1 0.809691 -1 629.877 1.62403 0.002244 1077.43 0.653667 3.09369 0.0996691
3025.28 0.315261 -1.26282 1950.96 0.213267 1.9822 5128.66 3726.34 0.0528917 0.321473 0.783078 0.597902 961.057 1.82215 0.18242 5075.17 0.0611562 3.02257 0.0996691
1137.73 -0.64098 -2.69144 526.37 0.115967 0.383242 1679.55 1603.69 0.578879 0.849701 0.874072 0.784816 630.34 0.521844 0.157098 1610.2 0.373335 3.06404 0.0996691
1724.45 -0.989501 0.588572 1227.34 -0.123738 -1.51646 2903.41 2759.54 0.554951 0.618188 0.785492 0.668642 1262.14 2.81309 0.057323 4028.61 0.707097 2.85829 0.0996691
2381.71 -0.291698 3.13381 1798.07 -0.655087 1.22453 3484.88 3476.1 0.288435 0.162503 0.544623 0.517441 773.092 -0.570854 0.164311 5788.99 0.975432 2.74313 0.0996691
2043.86 -0.00740451 -0.68576 977.085 -1.19407 0.820099 2641.91 2623.77 0.57806 0.388324 0.54479 0.533502 1324.55 2.77287 0.366677 4015.31 0.495223 2.45914 -0.0996691
1685.75 0.115666 -0.740758 1668.7 -1.19505 1.6654 3925.01 3893.1 0.402378 0.657821 0.504855 0.790583 901.529 -2.65375 0.191446 3614.72 0.835899 1.77491 0.0996691
1679.1 -0.277125 2.11836 788.394 0.290702 0.224324 1986.67 1978.32 0.588506 0.552501 0.823886 0.535146 727.974 -1.46269 0.0958145 3277 0.461625 2.60399 0.0996691
901.316 1.261 -0.109076 361.917 1.24187 -2.61195 1201.28 347.855 0.225453 0.445809 0.792759 0.323319 606.014 2.76388 0.0757918 1467.05 0.736586 3.10976 0.0996691
1588.16 1.04371 0.549044 538.184 -1.67266 -0.909699 3623.21 3008.14 0.648578 0.497673 0.519157 0.636755 1614.52 -2.88029 0.0236843 2195.89 0.594218 3.13731 0.0996691
1924.91 -0.100087 -1.01144 1140.71 -0.0206926 2.91982 2754.54 2706.15 0.639424 0.24547 0.741927 0.554349 708.557 1.37843 0.468661 4060.57 0.982113 1.92097 0.0996691
2585.93 0.650699 1.28382 1946.51 0.45824 -1.34548 4482.35 3622.45 0.365822 0.298303 0.530267 0.578565 654.201 -1.9913 0.00846815 5301.76 0.899949 3.02665 0.0996691
1408.03 -0.0349016 -1.13182 322.786 1.07499 2.21601 1566.82 1518.77 0.0350849 0.610401 0.568941 0.800881 900.683 2.22486 0.0108559 2012.3 0.644869 2.93673 0.0996691
1776.59 0.0947619 0.428342 1506.17 0.479215 -1.77789 3030.89 2920.78 0.70741 0.275497 0.686005 0.474929 1077.75 2.79944 0.0121465 4801.93 0.0463716 3.04882 0.0996691
1143.76 -0.578676 2.49627 372.168 -0.59523 -1.61765 1189.31 1065.53 0.735913 0.709876 0.653006 0.768537 697.365 -0.650305 0.121208 1963.75 0.714871 3.0379 0.0996691
1422.46 -0.200887 -1.47918 796.196 0.885415 -1.62832 1240.01 1214.35 0.348801 0.395231 0.668005 0.489541 1158.19 1.74545 0.00861955 3175.57 0.631523 3.06609 -0.0996691
2173.47 -0.211588 -2.24636 846.136 0.627519 1.77106 2737.63 2678.65 0.748347 0.663025 0.768295 0.633904 1650.34 0.514584 0.185559 3064.57 0.950555 2.94597 0.0996691
2671.41 -0.556513 1.95091 739.268 -0.715588 -1.78456 2933.11 885.856 0.222043 0.45336 0.58489 0.743632 1629.58 -1.18645 0.148869 4109.3 0.811195 2.97803 0.0996691
1932.24 0.565537 -1.26513 1139.45 0.864414 1.85536 3008.41 2958.41 0.357471 0.677742 0.617295 0.591869 790.321 1.88163 0.033025 3067.56 0.272501 3.11398 0.0996691
1738.62 0.217401 -2.20801 1124.83 -0.185442 1.39537 2823.67 2623.47 0.238364 0.425756 0.501763 0.582316 971.659 0.368874 0.317528 3015.75 0.218918 2.70028 0.0996691
2012.5 -0.0640037 2.59275 902.057 1.04421 0.414118 2871.77 2802.81 0.180685 0.500524 0.416747 0.670147 1826.58 -1.10353 0.15264 4121.99 0.172767 3.03385 -0.0996691
1471.5 -1.257 -0.525222 1105.14 -0.390531 -2.8669 2624.73 2612.48 0.319727 0.320879 0.608357 0.61038 616.706 2.05415 0.0483613 3881.33 0.350183 2.58165 0.0996691
1325.46 0.00308845 2.34899 1018.82 -0.839062 1.12764 1701.5 1659.94 0.581915 0.78171 0.589135 0.613957 1279.1 -1.66902 0.146502 3715.41 0.915815 3.0986 -0.0996691
1976.88 0.243778 1.90067 1166.45 0.56337 -1.862 3051.15 2784.03 0.205004 0.723056 0.654683 0.7938 1937.42 -0.500182 1.35259 3824.48 0.800919 1.73967 -0.0996691
2000.46 -0.0897226 -0.432013 1902.25 -0.699415 -3.00945 4043.77 3595.79 0.667443 0.21407 0.646566 0.853875 840.739 -3.089 0.122936 5384.02 0.970908 2.82273 0.0996691
1396 -0.674712 -0.234421 366.263 -0.120921 3.06867 1495.66 1425.59 0.380531 0.67546 0.57803 0.574593 1093.97 3.01657 0.0886517 1926.24 0.612433 2.94545 0.0996691
2588.93 -0.665207 -0.790719 1800.65 -0.216815 2.37019 4747.68 3348.4 0.0439192 0.539579 0.544122 0.296283 716.737 1.96487 0.404305 4754.77 0.209097 2.76708 0.0996691
1896.15 -0.574337 0.943007 1198.11 0.0769538 -1.90492 3175.85 3122.58 0.287271 0.531282 0.683712 0.657756 1011.68 -1.79454 0.106863 4916.09 0.273217 2.84224 -0.0996691
1211.51 0.130146 -3.07195 1051.31 -1.11398 -1.41403 2258.84 2199.19 0.43996 0.592788 0.188749 0.700948 730.141 0.809898 0.061655 3053.51 0.427949 2.3429 0.0996691
2561.93 0.245892 -1.47094 2227.71 0.187464 1.53658 4913.75 4277.95 0.479387 0.537223 0.686844 0.682419 757.103 1.20477 0.118247 5403.56 0.860805 2.80225 0.0996691
1156.08 -0.0200101 -2.68573 -1 -1 -1 -1 840.712 0.228756 -1 0.799047 -1 1024.09 0.420911 0.0632131 1285.86 0.775581 3.1136 0.0996691
1334.55 0.782 -2.10766 754.279 0.374112 -0.918545 1236.87 1152.1 0.393243 0.591288 0.630821 0.743607 1452.92 1.45798 0.0120215 2309.67 0.693363 2.72674 0.0996691
1557.46 -0.231523 -0.0955732 825.171 1.46749 -1.86897 2803.03 2746.93 0.164266 0.429497 0.413506 0.739875 1463.88 2.51718 0.869485 2797.45 0.830589 2.77108 0.0996691
1246.97 0.661992 1.55681 427.832 0.184606 -1.58861 1590.97 406.802 0.191567 0.56453 0.646864 0.688095 977.793 -1.63716 0.0221987 1850.11 0.324772 2.91202 0.0996691
1565.04 -1.09464 -0.436605 277.031 -1.01582 -1.9944 1041.84 361.358 0.271382 0.63404 0.701836 0.712689 1411.23 2.54158 0.116289 2006.82 0.750298 3.09466 0.0996691
1898.76 0.552584 1.4801 1663.28 -0.0470279 -0.3759 3069.7 3014.65 0.6431 0.294616 0.572474 0.251639 1156.35 -2.09813 0.526273 4834.78 0.348396 2.58585 0.0996691
884.208 -1.04565 -2.07093 705.117 1.82296 0.104865 3437.81 3296.27 0.677529 0.716179 0.871306 0.751032 619.835 2.0165 0.102621 1680.64 0.33895 2.52153 0.0996691
1655.8 0.41467 2.55226 1120.54 -1.11768 -0.649063 3599.69 3058.47 0.114803 0.338909 0.362144 0.392482 875.283 0.839322 0.188321 3632.66 0.92791 2.33727 -0.0996691
2237.76 0.83264 1.81366 1048.9 0.990235 -1.25436 3128.58 2903.84 0.504308 0.335326 0.755444 0.786897 890.859 -2.16847 0.104657 4099.47 0.9068 2.40656 0.0996691
1380.41 -0.146024 1.54879 1333.29 0.908264 -2.69326 2876.65 1959.27 0.191144 0.438268 0.661482 0.590869 1269.96 -0.766467 0.215183 3533.19 0.854931 2.56341 0.0996691
1934.28 0.149801 2.55241 996.408 0.731148 -0.155386 2854.12 2795.95 0.139303 0.667374 0.199164 0.657732 840.137 -0.915433 0.0924221 3138.37 0.806431 2.72326 0.0996691
1328.72 -0.210779 -2.21518 1318.87 0.603791 1.04102 2879.79 2853.83 0.297039 0.586784 0.599673 0.705977 729.055 -1.53012 0.686089 4553.15 0.0583742 3.02481 -0.0996691
1613.15 -0.61078 2.32925 -1 -1 -1 -1 638.621 0.241789 -1 0.705967 -1 1561.23 -0.805497 0.0626749 1888.35 0.805831 2.68447 0.0996691
2070.7 1.06879 3.09295 1555.34 0.674713 0.212849 3777.97 2829.97 0.301997 0.754942 0.428185 0.718093 626.55 -0.814609 0.141677 3831.02 0.831744 2.73564 0.0996691
1402.97 1.08145 2.23386 268.491 1.4366 0.0623131 1201.27 376.134 0.211665 0.710547 0.425181 0.689274 1177.79 -1.01052 0.747136 1779.42 0.867351 2.18398 0.0996691
2496.02 -0.417605 -1.0619 1329.13 -0.423262 0.812707 2979.87 2916.54 0.279852 0.289092 0.333484 0.713417 693.46 2.5145 0.19931 5929.82 0.835272 2.90148 -0.0996691
1606.69 0.114475 -3.14108 1232.25 -0.498738 0.751247 2784.83 2693.37 0.487932 0.29931 0.627034 0.621735 2110.16 -1.00336 0.149663 3882.34 0.159481 2.8404 0.0996691
3165.51 0.175065 -0.0387929 1385.4 0.508108 3.03413 4255.23 4244.39 0.191419 0.399091 0.447503 0.354491 1633.38 3.0711 0.0358441 4575.76 0.392262 3.07321 -0.0996691
1532.43 1.43593 2.91762 1222.74 0.604246 0.213176 2934.75 2862.23 0.676667 0.405974 0.697032 0.513598 1151.1 -0.562025 0.0907304 4300.39 0.518063 2.7089 0.0996691
1172.99 -1.13338 0.787652 541.549 -0.159706 -3.11183 1768.65 1402.11 0.613953 0.388905 0.683385 0.759224 961.208 -2.51632 0.131979 2220.04 0.752314 2.85493 0.0996691
1488.01 -0.437633 0.688547 323.795 0.0184773 -2.32856 1451.64 1307.31 0.1917 0.744804 0.72773 0.741217 1138.01 -2.38213 0.0240657 1879.65 0.68927 3.04881 0.0996691
2952.74 -0.136789 -0.891168 1269.57 1.05414 2.22869 4600.07 4462.8 0.222147 0.562641 0.191432 0.746692 606.53 2.23054 0.00162077 5361.85 0.42273 3.1184 -0.0996691
763.295 -0.629719 2.99953 472.277 -1.47356 1.86187 845.14 793.797 0.70061 0.609644 0.666092 0.542095 974.915 -0.11683 1.72207 1586.69 0.777413 1.44415 0.0996691
2097.99 0.0518974 0.0798572 1411.05 -0.354065 -2.8958 3637.47 2741.71 0.41799 0.314387 0.468189 0.550149 942.292 -2.62881 0.260335 4230.32 0.412352 2.96914 0.0996691
1645.95 0.343471 2.46149 -1 -1 -1 -1 946.353 0.670654 -1 0.632833 -1 1422.4 -0.683439 0.256431 1827.23 0.857485 2.87987 0.0996691
2026.71 0.267608 -0.243864 1601.48 -0.521046 -2.39792 3752.27 2666.77 0.655658 0.606236 0.373094 0.782562 617.402 2.98282 0.901777 5179 0.501755 2.13957 0.0996691
2358.41 0.225765 0.0968745 402.051 -2.43741 -2.79861 4045.74 600.205 0.325351 0.748691 0.556265 0.768584 1805.93 -3.08956 0.0120685 3005.26 0.800557 3.07792 -0.0996691
1940.13 -0.0912172 -0.678272 1143.07 -0.621949 2.27521 3078.08 3055.63 0.724819 0.420855 0.563055 0.45802 1119.43 -2.94015 0.0589504 3954.88 0.725999 2.46605 0.0996691
1191.5 0.220752 0.544277 340.908 -2.26909 1.48402 2192.09 1655.01 0.273492 0.692027 0.551121 0.733064 1226.04 -2.38864 0.161548 1728.76 0.530763 2.84318 0.0996691
2196.74 0.113215 1.61263 -1 -1 -1 -1 874.78 0.17466 -1 0.512438 -1 2177.74 -1.44514 0.299497 2838.13 0.915949 2.93289 -0.0996691
1503.79 0.00753665 -1.34022 343.344 0.48979 1.47747 1511.58 1340.59 0.318037 0.722464 0.770055 0.534886 1172.46 1.96131 0.487015 1808.07 0.656289 2.85661 0.0996691
1084.62 -0.15917 -1.85075 722.746 -0.267509 -0.564303 1092.66 1061.61 0.127996 0.570769 0.491684 0.672616 1232.6 1.81507 0.0209721 2008.07 0.680566 2.63889 0.0996691
1590.88 0.255714 -0.934972 1560.48 -0.525435 -1.82839 1887.8 1798.48 0.287637 0.234609 0.209737 0.768563 1375.31 1.8927 0.213429 4627.79 0.264745 2.61424 -0.0996691
1735.62 0.10654 0.72299 1707.84 -0.273753 -1.46916 3149.58 3129.03 0.286025 0.196584 0.69248 0.386193 1295.61 -3.08097 0.0203478 4236.84 0.85962 2.49471 0.0996691
1965.67 -0.829532 -1.83766 1656.95 0.162496 1.87096 4010.15 2959.87 0.303781 0.57978 0.1947 0.589452 901.83 0.281352 0.163829 3764.44 0.917989 2.29003 0.0996691
1038.5 -0.442942 -0.260545 -1 -1 -1 -1 750.988 0.552364 -1 0.547148 -1 884.552 2.91748 0.0829391 1172.71 0.776388 3.09492 0.0996691
817.635 -0.0184984 -0.917192 757.66 -0.967682 -2.35971 1327.3 1216.48 0.705712 0.510835 0.596988 0.840936 646.396 1.20767 0.0385115 2319.56 0.929115 2.69473 0.0996691
2055.59 0.228607 -1.97186 770.302 0.856882 1.97462 2483.22 2416.77 0.622767 0.567488 0.619017 0.679406 638.575 0.345583 0.0287146 4371.8 0.972549 2.35071 0.0996691
2176.72 -0.00684949 -2.51374 1916.57 0.380188 0.921412 4143.95 4080.23 0.47525 0.560278 0.228101 0.703817 856.311 -1.39282 0.102137 4806.31 0.957055 2.42102 0.0996691
3021.98 0.20273 1.13395 1073.72 0.346215 -2.87747 3361.4 3319.78 0.578671 0.544023 0.440337 0.518865 2002.93 -1.61613 0.0587248 4594.92 0.711552 2.8102 0.0996691
2663.63 0.323141 -0.3043 1019.7 0.045704 1.38003 2516.96 2474.17 0.618899 0.716996 0.698713 0.697869 1671.06 -2.88104 0.0239537 4987.45 0.643087 2.63349 -0.0996691
1052.18 -0.631723 1.80782 603.342 0.685263 -1.40465 1973.88 1870.48 0.461281 0.532264 0.571696 0.698514 774.616 -1.36441 0.0231494 1967.04 0.296499 3.09361 0.0996691
2778.64 0.764505 -2.3553 1482.38 -0.628486 1.81519 4693.32 4639.68 0.765377 0.256289 0.752107 0.384876 1337.34 -0.117276 0.211273 5619.56 0.652885 2.45125 0.0996691
2431.88 0.00158833 2.14716 1828.87 -0.769813 -2.14287 4125.22 3509.75 0.330802 0.134541 0.621258 0.51001 855.539 -0.543673 0.452134 5906.06 0.398036 2.34107 0.0996691
1372.58 -0.795751 1.65504 926.425 1.48237 -2.39478 3794.85 2986.5 0.518757 0.0584879 0.349869 0.697319 1178.59 -0.729367 1.396 2321.43 0.573048 2.50158 0.0996691
2079.28 0.366595 1.21498 941.706 -1.72921 -2.57281 4472.7 539.301 0.145129 0.59398 0.566852 0.455015 1113.21 -1.52584 0.0242233 3312.48 0.61369 2.88738 0.0996691
1122.44 0.424811 0.765611 374.664 -0.241489 -2.66639 1379.38 1305.72 0.422083 0.566714 0.618433 0.489284 800.912 -2.7169 0.0430861 1807.68 0.715999 3.02791 0.0996691
1403.33 0.674222 2.16358 582.516 0.611349 0.739522 1191.48 1188.86 0.124038 0.137526 0.31329 0.647363 1335.34 -1.35449 0.0232973 2248.88 0.697384 2.74165 0.0996691
1870.36 -0.218582 2.24861 1174.71 0.114523 -0.870852 3027.12 2979.62 0.464756 0.346438 0.628155 0.626017 627.412 -1.00267 0.0781998 3035.48 0.977589 3.10959 0.0996691
1534.36 0.577673 0.0880429 1070.67 -0.997404 1.46946 2782.96 2721.08 0.518692 0.601728 0.575176 0.645814 710.821 -2.73173 0.156766 4023.01 0.526272 2.97893 0.0996691
949.409 -1.0426 -1.85873 392.374 1.55737 -0.476033 2217.78 2207.37 0.186834 0.559386 0.507041 0.659591 983.069 1.66713 0.243532 1449.04 0.9169 2.51477 0.0996691
2361.32 0.723343 -1.49683 1528.24 -0.598574 1.79824 4665.25 4618.89 0.391598 0.363342 0.227217 0.561206 1860.45 1.44335 0.0954087 5805.78 0.527985 3.02844 0.0996691
925.329 0.987083 -2.73777 477.033 -1.30135 0.602071 2303.19 2202.11 0.653425 0.573564 0.625254 0.745079 704.506 -0.166952 0.369088 1901.69 0.710426 2.81708 0.0996691
1524.89 0.604616 1.32483 -1 -1 -1 -1 320.222 0.376677 -1 0.609823 -1 1433.33 -1.74291 0.0520264 1846.26 0.861332 3.1245 0.0996691
2002.52 -1.08897 -2.69217 1712.78 0.739973 -0.256496 5209.26 5206.8 0.0581572 0 0.646405 -1 649.266 2.23931 1.29261 4815.07 0.835658 1.2032 0.0996691
2320.88 -0.171558 -0.666072 1860.7 -0.90428 1.51363 4015.14 4008.77 0.0372473 0.484118 0.687638 0.429026 1341.6 -2.48972 0.145202 5095.97 0.973638 2.13587 0.0996691
2496.38 -0.879053 0.968027 2261.92 0.0376005 -2.56171 5331.63 4653.74 0.173325 0 0.744816 -1 1179.9 -2.4578 0.103907 5865.52 0.150578 2.90653 0.0996691
1666.02 0.107828 -1.62229 436.121 0.571552 1.46553 1820.31 1183.4 0.735453 0.445624 0.803486 0.604564 1133.38 1.42108 0.104083 2219.53 0.823174 3.13767 0.0996691
2194.68 -0.432155 1.97848 1244.67 1.02467 -1.56667 4234.81 3907.32 0.532713 0.459688 0.759257 0.663904 801.161 -0.765062 0.10648 3780.44 0.126723 2.88752 0.0996691
1384.82 0.0180898 -0.673482 787.592 0.577104 2.50557 2206.6 1954.55 0.31899 0.640279 0.627764 0.646633 718.268 2.51804 0.0085516 2275.58 0.20279 3.02288 0.0996691
1923.27 0.258067 -0.0899651 271.21 1.05855 2.73912 1557.76 1504.07 0.227384 0.454713 0.322237 0.754761 1675.08 -3.1268 0.42304 2175.68 0.77075 2.82217 0.0996691
2657.82 0.245713 2.78554 1879.65 0.381443 -1.02726 4409.41 3527.81 0.353733 0.389836 0.644734 0.714389 819.403 -0.867893 0.161212 6119.89 0.952575 2.91172 -0.0996691
1453.98 0.143167 -1.69312 1378.47 0.227031 2.14985 2848.79 2813.46 0.251587 0.4747 0.865382 0.443585 672.588 -1.5039 0.0627372 4082.54 0.963979 2.69217 0.0996691
1283.93 0.120303 0.00982841 346.622 -1.01199 0.924392 1001.72 969.942 0.231783 0.606922 0.555761 0.738053 1475.69 -2.95575 0.025975 1679.64 0.903066 2.93792 0.0996691
1508.64 -0.223178 0.717892 731.709 -1.02738 -2.43324 2287.36 2226.18 0.753543 0.47903 0.598041 0.692173 609.742 -2.34311 0.00962782 2726.1 0.701166 3.04957 0.0996691
2504.92 -0.384183 2.5731 1569.52 -0.808418 0.476407 3544.93 3542.14 0.376555 0.145484 0.0352294 0.326815 730.242 -1.45694 0.0893183 5665.65 0.692956 2.16383 0.0996691
2912.93 0.518452 -0.305332 982.105 -0.0385494 2.44972 3554.88 3023.47 0.0579753 0.556738 0.772789 0.218743 1673.14 2.5357 0.0918145 4865.11 0.190189 3.09922 0.0996691
2550.92 0.00649003 1.73243 2452.82 -0.159325 -2.34436 4501.73 4487.9 0.430654 0.118817 0.295634 0.59947 925.835 -0.247001 0.0423288 6222.37 0.821192 2.13948 0.0996691
2581.33 -0.567938 -1.0448 2078.38 -0.08694 2.46125 4853.52 3869.38 0.326984 0.543581 0.653711 0.745897 624.334 2.16953 0.211207 5521.98 0.25762 2.89272 0.0996691
2528.67 -0.603203 1.34456 1640.43 -0.258509 -0.477056 3389.41 2995.37 0.535928 0.258977 0.685375 0.551026 1121.46 -2.90842 0.136019 6348.75 0.410746 2.58756 0.0996691
1762.98 -0.157102 -1.5478 1173 -1.45014 -0.0759457 3011.09 1694.71 0.667217 0.640686 0.519332 0.816612 964.306 2.34685 0.0545139 4271.45 0.89259 3.09802 0.0996691
1995.38 0.582084 2.63982 1230.17 0.472359 0.751102 2677.28 2239.23 0.357147 0.190477 0.593733 0.739307 881.561 -1.49382 0.0123204 4486.73 0.542673 2.30393 0.0996691
1734.03 0.267862 2.49706 870.432 1.21821 0.247589 2539.37 2495.33 0.597115 0.560211 0.676769 0.685596 1380.02 -1.2357 1.24114 2708.4 0.385658 2.38484 0.0996691
2369.7 -0.24722 2.91289 1305.56 0.0353431 -0.642825 3512.09 3449.1 0.560271 0.439394 0.635762 0.55498 954.802 -0.891299 0.239972 5042.98 0.965711 3.04002 0.0996691
1240.71 1.27911 3.06421 900.944 0.177788 -2.48864 1470.32 1442.97 0.65394 0.137769 0.655488 0.333721 1445.37 -0.283924 0.744104 3364.43 0.403495 2.60154 -0.0996691
2995.87 0.131964 -1.66598 427.973 0.0961966 1.53741 2321.49 2186.13 0.852407 0.54481 0.744253 0.769931 2397.56 1.47539 0.0467337 4151.8 0.758676 3.09379 0.0996691
2056.75 -0.435476 -1.67585 1241.78 -0.0627658 0.563611 2966.45 2887.35 0.671392 0.679171 0.744911 0.649248 1049 1.66766 0.893188 4075.47 0.98139 2.45148 0.0996691
1563.54 -0.513062 -0.178524 303.58 1.64441 1.49509 2101.58 301.703 0.379528 0.618621 0.459417 0.728145 1497.9 -3.11624 0.0877574 1927.81 0.635358 2.98429 0.0996691
2204.3 -0.561464 2.3366 1285.53 0.770964 0.332932 3734.65 3713.8 0.198905 0.00329396 0.672193 0 607.941 -1.52026 0.0926193 4765.42 0.605909 2.33441 0.0996691
1990.7 -0.65267 0.225126 1305.88 1.37655 2.44899 4950.09 3565.12 0.312639 0.248707 0.846121 0.582174 1697.43 -2.10482 0.0525289 4004.28 0.371493 3.1023 0.0996691
1974.41 -0.551783 -2.88582 1112.73 0.738849 1.64425 3085.56 3068.6 0.22569 0.116174 0.458749 0.411104 841.922 -0.453445 0.152845 4470.15 0.796758 2.28018 0.0996691
740.115 -1.80398 -0.674894 566.154 0.149043 2.69735 1978.14 1897.28 0.433281 0.868516 0.758293 0.845136 712.396 2.59696 0.104379 1832.83 0.190196 2.90598 0.0996691
1120.75 -1.10033 -3.12819 988.018 -0.728033 -1.18052 1795.74 1769.93 0.615254 0.792083 0.682439 0.75663 739.659 1.0349 0.0397619 2465.4 0.712647 2.25646 -0.0996691
1416.06 -0.414012 -3.07361 1218.48 0.620575 -1.12048 2631.22 2546.77 0.489523 0.531902 0.675886 0.657853 1690.78 0.358083 1.44648 3641.33 0.554426 1.9847 0.0996691
2724.21 0.251111 1.42241 1808.39 0.34498 -2.73094 3900.39 3884.68 0.0478079 0.568954 0.427803 0.373428 1067.05 -1.01916 0.0674716 5862.76 0.636203 2.50904 0.0996691
2276.89 0.816619 2.42085 1539.98 0.473904 -1.68129 3649.83 2339.31 0.0911153 0.643478 0.777927 0.788131 677.219 -0.392855 0.588275 5074.07 0.463597 2.23487 0.0996691
1869.53 -0.550543 0.406079 1165.06 0.879375 -2.29373 3686.7 3681.78 0.0402377 0.287302 0.440236 0.637853 677.227 -2.70368 0.411011 3842.91 0.316234 2.69875 0.0996691
1651.18 -0.30383 -0.0882048 1335.69 0.141456 -2.59498 2912.38 2889.64 0.434454 0.543667 0.554981 0.503476 815.057 2.14771 0.12353 3148.95 0.832445 2.3655 0.0996691
2379.47 -0.210668 0.676477 2017.11 -0.541118 3.02496 4307.56 3291.94 0.158468 0.595702 0.547945 0.301463 660.487 3.07289 0.0508723 6390.01 0.376201 2.41408 0.0996691
1352.4 0.606666 2.81521 359.07 1.71458 -2.39254 1206.04 384.583 0.255659 0.547136 0.481149 0.701151 1212.05 -0.14169 0.0132873 2025.91 0.400345 3.11561 0.0996691
1969.48 1.22093 -0.743301 889.402 -0.530978 2.8862 3713.2 3605.95 0.164507 0.661536 0.646119 0.668892 778.779 2.71059 0.0306466 3855.16 0.969654 2.86098 0.0996691
1068.46 -0.5597 3.13393 782.278 -1.35887 -1.68323 1453.05 1425.67 0.622413 0.274158 0.763155 0.220152 642.74 0.591595 0.0184281 2550.85 0.908559 2.96842 -0.0996691
767.393 -0.597257 -0.30703 -1 -1 -1 -1 807.633 0.659964 -1 0.790411 -1 624.195 2.78032 0.135996 935.659 0.645131 3.0683 0.0996691
1379.61 0.659381 1.19747 827.546 -0.870444 -2.69608 2695.41 2620.73 0.760987 0.542633 0.769688 0.634711 1646.17 -1.40599 1.29021 2952.4 0.558077 1.99021 0.0996691
2372.48 -0.557666 -2.54809 1130.6 0.773337 2.5727 3059.76 3000.54 0.505908 0.44632 0.606067 0.591676 2105.73 0.518782 0.771998 4586.77 0.525688 2.2955 0.0996691
1411.01 -0.194211 -2.50801 620.558 -0.206415 0.0104314 1880.15 1430.86 0.23334 0.708757 0.652348 0.701813 931.572 0.708095 0.698618 2371.84 0.479294 2.1441 0.0996691
2166.86 -0.0765638 -2.80986 1821.44 0.749564 1.59621 3630.71 3621.4 0.556116 0.293154 0.485439 0.3554 1146.98 -0.530224 0.0321665 5288.8 0.808381 2.24667 0.0996691
1535.98 0.943145 -1.62127 1289.3 -1.6039 0.244787 5288.94 4540.53 0.152683 0.216588 0.689504 0.696257 1340.21 2.33362 0.098315 3218.56 0.868863 3.10487 -0.0996691
918.44 -1.01933 2.49169 -1 -1 -1 -1 430.686 0.377619 -1 0.572108 -1 793.709 -0.582331 0.186418 1182.82 0.343405 2.72941 0.0996691
2303.28 0.488006 -2.22731 1988.25 -0.566121 -0.13918 4438.3 4393.49 0.109117 0.505317 0.537244 0.68453 1884.08 1.83581 0.154533 4619.27 0.888447 2.8756 -0.0996691
1920.42 0.714654 -1.77031 1085.19 -0.233348 1.36291 3333.4 2556.81 0.518801 0.330213 0.737117 0.756515 1556.93 1.97153 0.010639 4138.55 0.61265 2.63083 -0.0996691
2356.57 -0.675564 1.78183 872.371 1.12177 -2.17154 4158.18 2930.96 0.0549203 0.743157 0.54798 0.639687 1865.96 -1.04928 0.322787 3247.1 0.976049 3.01788 0.0996691
1300.8 0.452244 -2.3086 1267.43 -0.949153 1.64347 3068.5 3046.01 0.593048 0.574396 0.472526 0.715823 675.002 -0.339978 0.103328 2939.33 0.683981 2.08485 0.0996691
1428.15 -0.309733 -1.7857 329.076 -1.73136 3.03169 1525.98 411.393 0.316351 0.800774 0.768898 0.806681 1138.55 1.18812 0.0194392 2156.59 0.822673 2.9187 0.0996691
1345.82 0.155134 3.01865 1214.81 0.282054 1.41069 1854.81 1845.92 0.394861 0.479351 0.786967 0.534487 862.056 -1.00306 0.0686375 3467.24 0.572769 2.34736 0.0996691
2105.2 -0.089991 2.9239 1181.39 0.600727 -1.82017 2477.89 2444.49 0.459234 0.616647 0.753928 0.604523 2330.98 0.287122 0.185687 3506.91 0.982959 2.44726 0.0996691
2117.34 0.115649 -3.05048 658.122 0.621888 1.69726 1781.3 1700.23 0.349784 0.379148 0.760728 0.402476 1040.45 -0.134827 0.0553812 4061.66 0.920472 2.96366 0.0996691
1870.68 -0.384397 0.487418 1747.09 -1.20704 -1.23452 3282.59 2835.55 0.505491 0.179833 0.608917 0.645988 1735.05 2.85489 0.179758 4262.56 0.15119 2.84327 0.0996691
2219.24 0.291304 1.16581 1758.51 -0.837004 -2.98932 4297.55 3984.47 0.294079 0.775878 0.537199 0.669379 1567.22 -1.22999 0.0525705 4570.03 0.748677 3.11879 0.0996691
3181.88 0.0842262 2.54268 375.518 -0.930409 -1.76989 2413.11 977.233 0.187235 0.773508 0.604349 0.746267 2876.49 -0.492784 0.00533146 3749.99 0.861757 3.06565 0.0996691
1531.39 0.295239 0.973547 386.331 1.31976 -1.04122 1551.84 1458.42 0.462912 0.639296 0.5591 0.626036 1371.43 -2.39665 1.34476 1892.12 0.755573 2.02286 -0.0996691
2131.45 0.266749 -1.92394 1924.85 0.792102 0.577284 4001.56 3982.74 0.260581 0.652475 0.502357 0.589148 1255.57 2.37255 0.0278926 4441.71 0.375223 2.90266 0.0996691
529.124 -1.3525 1.12699 327.511 -0.121155 -0.123708 765.139 632.358 0.261446 0.256651 0.605074 0.401275 639.885 -2.40813 0.279981 995.275 0.797265 3.10248 0.0996691
1277.22 -1.06436 -2.01351 749.598 1.06266 -0.856285 2723.24 2706.71 0.64909 0.0103679 0.836892 0 1257.69 1.91502 0.128436 2810.11 0.664836 2.8984 0.0996691
1345.3 -0.139304 -2.75997 542.14 -0.708705 0.324996 1827.3 1424.52 0.126389 0.289317 0.56914 0.83913 639.75 0.441268 0.0316672 1986.9 0.605925 3.05171 0.0996691
718.423 0.502838 -2.87212 -1 -1 -1 -1 609.399 0.60622 -1 0.532373 -1 613.591 0.247603 0.0449421 824.776 0.702253 3.12453 0.0996691
772.201 0.778584 0.609194 -1 -1 -1 -1 628.835 0.618494 -1 0.548366 -1 666.849 -2.46853 0.0106981 894.147 0.747985 3.07071 0.0996691
987.9 0.779734 -0.579987 419.933 1.07635 2.51755 1322.73 1223.39 0.45061 0.667497 0.721421 0.587339 621.487 2.53135 0.0163808 1363.07 0.43413 3.09308 0.0996691
2114.49 -0.38364 -1.51284 1823.39 0.236132 2.34741 3897.63 3865.8 0.50793 0.566396 0.297747 0.72108 810.798 1.37657 0.0210778 4835.93 0.948736 2.91019 0.0996691
2161.18 1.01094 -1.97033 1885.39 -0.656002 0.668932 5518.85 4651.48 0.717419 0.133977 0.67668 0.608622 724.734 2.26235 0.265277 4270.85 0.852936 2.31564 0.0996691
1989.7 0.281073 2.484 1343.85 0.927612 0.629369 2852.02 2776.78 0.470748 0.624532 0.288465 0.689047 613.407 -0.81586 0.193466 5445.3 0.45064 3.10499 -0.0996691
938.77 1.4454 1.07095 932.55 -0.55195 2.41845 2510.5 2139.41 0.502393 0.723611 0.564772 0.799462 1172.32 -1.04605 0.0174752 2845.93 0.905877 2.83583 -0.0996691
1121.18 -1.31544 -2.44308 506.283 -0.378981 2.02178 1409.76 1402.88 0.524522 0.30022 0.710885 0.486863 1140.22 0.223483 0.561516 1690.03 0.973203 2.10465 0.0996691
1419.16 -1.06133 -2.05949 913.492 0.0803723 1.13175 2686.86 2520.97 0.294304 0.648596 0.733213 0.616381 790.839 0.995305 0.12338 2633.45 0.216923 3.13112 0.0996691
1484.5 -0.794841 1.82512 502.906 -0.0972181 -1.5826 1875.87 1702.42 0.374502 0.692463 0.639804 0.709985 983.941 -1.2881 0.289371 1994.03 0.484154 2.82251 0.0996691
1252.8 -1.02278 -0.49708 -1 -1 -1 -1 712.102 0.206017 -1 0.672943 -1 1241.5 2.70432 0.0176475 1454.68 0.184494 2.78909 0.0996691
2767.24 -0.52539 0.198627 2171.82 -0.777877 -2.48838 4972.21 3802.22 0.588908 0.14088 0.697217 0.559217 1196.06 2.50969 1.16044 4957.95 0.404173 2.81165 0.0996691
1216.9 -0.771691 0.978356 986.689 1.43365 0.715258 2979.35 2834.84 0.36625 0.520724 0.650458 0.591213 1173.48 -1.87798 0.0217898 3661.59 0.802994 2.97914 0.0996691
2260.69 -0.987842 1.94067 780.606 0.710582 -1.75407 3618.76 3515.5 0.633935 0.523466 0.574389 0.584752 1306.74 -1.55709 0.207896 4147.73 0.554236 2.57752 0.0996691
1362.57 -1.71465 -1.47278 991.451 0.0417154 -2.91383 2882.36 2181.26 0.400744 0.275486 0.730665 0.526924 2128.98 1.31669 0.0959077 3342.99 0.214057 3.1154 0.0996691
1746.09 0.192285 -1.64272 1215.29 0.183263 1.48782 3018.76 2641.57 0.487201 0.20719 0.485194 0.877061 959.245 0.634929 0.0264741 4631.47 0.481491 2.82621 -0.0996691
889.373 -0.970092 0.245557 -1 -1 -1 -1 385.379 0.740731 -1 0.682735 -1 863.073 -2.88119 0.0366127 917.2 0.911935 3.08936 0.0996691
3342.64 -0.153462 3.1 905.231 1.68567 -0.133238 5057.74 4990.96 0 0.572319 -1 0.732037 1123.14 -0.178262 0.0567451 5710.81 0.582398 3.06167 0.0996691
2819.42 0.0644057 -1.03467 1152.98 1.10672 1.86544 4230.58 837.541 0.0266388 0.519694 0.535703 0.737898 1255.22 2.26312 0.020304 4517.98 0.568589 3.00315 -0.0996691
1506.26 0.493976 1.82865 790.402 -0.482101 -1.26764 2470.17 2358.2 0.396083 0.718935 0.589208 0.747488 719.129 -1.32725 0.0705585 2265.15 0.34128 3.08678 0.0996691
1628.73 -0.0636779 0.996318 788.322 0.939259 -2.62237 2509.49 2465.42 0.38708 0.620151 0.471499 0.746202 746.876 -1.58395 0.211477 2547.3 0.850455 2.36627 0.0996691
2529.23 0.252353 -1.31911 1354.89 0.0486431 1.77159 3930.5 3094.61 0.0674786 0.695074 0.563275 0.762145 1164.42 1.84265 0.0790832 3876.17 0.152849 3.07853 0.0996691
968.659 -0.798514 2.95431 624.057 -0.80412 -2.23765 996.903 652.467 0.297817 0.550679 0.448783 0.446229 1144.16 0.210704 0.0622331 1798.14 0.127437 2.9496 0.0996691
1375.96 0.486375 -1.26824 747.395 -0.0390109 1.95083 2114.18 2049.57 0.50573 0.606078 0.332775 0.797228 601.554 1.89999 0.0594549 2101.82 0.312541 3.05474 0.0996691
1871.27 0.399308 -1.47272 1196.5 0.727776 1.2773 3015.68 2953.93 0.260919 0.680053 0.537272 0.72649 1292.44 2.9945 1.73055 3967.22 0.942813 0.683757 0.0996691
1892.84 0.283847 -0.788495 866.463 0.728269 1.70915 2520.82 2372.35 0.48276 0.572864 0.559878 0.723075 901.148 3.02319 0.147424 3126.3 0.733523 2.32446 0.0996691
2447.21 -0.642048 0.75986 787.662 0.287644 1.25539 1513.68 1500.96 0.691528 0.388767 0.783715 0.434656 2619.75 -1.93482 0.0258452 4142.91 0.631709 3.06749 0.0996691
1358.18 -1.37783 -2.82945 591.182 -0.369285 0.477008 2091.71 1920.04 0.510467 0.708839 0.779306 0.465649 1624.47 0.518085 0.0434586 2790.47 0.928848 3.04808 0.0996691
1189.7 -1.07811 1.71591 766.005 0.607598 -2.63358 2413.45 2347.07 0.762298 0.715133 0.736297 0.702334 932.334 -0.837537 0.123032 2348 0.817188 2.92651 0.0996691
2168.86 0.0293947 -2.0498 430.237 0.372046 0.91488 1977.87 1921.49 0.682612 0.723088 0.752387 0.791148 1767.21 0.878638 0.0466887 3293.98 0.675862 2.97819 0.0996691
1444.78 -0.102893 -1.94856 974.92 -0.467495 -0.286577 1866.98 1752.74 0.299873 0.633868 0.842826 0.567249 1366.16 2.10824 0.199047 2994.72 0.943713 2.58702 0.0996691
1985.25 0.310214 -1.46743 1316.71 0.989764 -2.65266 2136.54 2134.07 0.29839 0.240913 0.47037 0.426518 2333.64 1.18213 0.116727 3699.1 0.701366 2.53211 0.0996691
479.704 0.993116 2.27514 369.726 0.776339 -2.41718 677.859 536.492 0.411343 0.783862 0.822113 0.50533 630.762 -0.200268 1.32377 957.278 0.77674 1.55299 0.0996691
1173.31 0.792725 -0.398609 512.316 -0.507437 2.85772 1969.15 1263.99 0.106466 0.546747 0.55505 0.841496 837.92 2.46294 0.0194409 1958.07 0.296681 2.77857 0.0996691
2141.87 -0.136557 1.86488 1527.86 0.701365 3.07666 2635.28 2564.62 0.674768 0.198803 0.588593 0.575995 896.188 -0.614477 0.395828 6161.02 0.92313 2.23647 0.0996691
2180.22 1.14397 1.31739 2178.53 -0.0579307 -1.38734 5433.46 3468.2 0.342151 0.190589 0.340794 0.671892 748.92 -2.86755 0.197446 4993.03 0.296634 2.58764 0.0996691
2665.52 -0.521183 -1.2359 1209.7 1.25066 2.17842 5107.48 5075.99 0.121631 0.384686 0.469785 0.223574 1694.86 2.18375 0.00751972 5122.22 0.393722 2.86887 0.0996691
1469.08 -0.936025 2.91549 504.285 -1.6424 0.782923 1681.17 1530.8 0.512417 0.655604 0.824849 0.726337 1231.22 -0.765686 0.00155836 2399.36 0.770863 2.64825 -0.0996691
1287.66 0.758031 -0.984853 -1 -1 -1 -1 550.07 0.358077 -1 0.6945 -1 1198.25 2.20681 0.115436 1583.25 0.866758 2.97848 0.0996691
1261.1 0.650773 1.29366 1237.05 0.244784 -2.74983 2335.47 2959.19 0.205015 0.336496 0.475825 0.68593 1510.62 -1.35887 0.00634515 4106.91 0.538516 2.74632 -0.0996691
920.618 0.99494 -0.0271768 -1 -1 -1 -1 1146.2 0.682027 -1 0.505572 -1 740.512 3.12195 0.0557278 1111.16 0.574599 3.08078 0.0996691
2095.31 0.909438 2.25116 1522.18 -0.697653 -1.7087 4578.55 4564.06 0.402768 0.308838 0.656131 0.657198 663.168 0.635383 1.16674 4692.51 0.836738 1.17799 0.0996691
1593.09 0.839492 2.29829 1012.52 0.462231 -0.44983 2569.33 2452.05 0.639439 0.368537 0.681372 0.476243 1490.89 -1.28253 0.139572 3523.19 0.903467 2.95195 0.0996691
2032.08 -0.110963 -0.440555 1355.61 -0.138969 -3.09777 3288.85 3157.96 0.452589 0.388758 0.646891 0.781873 959.578 -2.95518 0.050014 4774.01 0.663231 2.46499 0.0996691
1487.32 -0.337169 -2.38728 1303.07 1.22258 2.36986 3087.04 2973.6 0.334161 0.740463 0.376025 0.579676 1494.18 -0.442772 0.102374 4253.31 0.761114 2.87344 0.0996691
1766.75 -0.134602 1.95451 594.636 1.31305 -2.02974 2535.13 2391.12 0.46492 0.294413 0.195613 0.358454 1113.32 -0.663067 0.109179 2727.33 0.968483 2.53003 -0.0996691
2438.04 0.434033 -0.0372971 2390.14 0.454847 -2.37884 4673.57 3532.61 0.039585 0.787916 0.851046 0.771188 1944.28 1.95976 1.86441 4882.68 0.918494 1.43483 -0.0996691
1905.2 0.300171 -0.57557 1545.98 0.0230936 1.1641 2671.27 2656.5 0.543047 0.497683 0.557919 0.578253 971.556 3.07806 0.373792 4874.08 0.678942 3.00338 0.0996691
1408.47 -1.01082 -0.782781 947.352 0.0295677 1.89971 2614.26 2432.03 0.329834 0.613861 0.54494 0.792192 654.638 2.04487 0.0722604 3105.75 0.88562 2.75532 0.0996691
2145.93 -0.151004 -1.10789 1583.85 0.300773 1.55114 3796.98 2913.49 0.228596 0.34547 0.587811 0.817508 725.026 1.55447 0.182766 4969.26 0.454767 2.47907 -0.0996691
2862.66 -0.125462 2.69145 1314.97 0.597637 -1.63539 3601.28 3423.25 0.130648 0.621827 0.571358 0.663891 2549.6 0.00816609 0.095962 4264.55 0.93901 2.77877 0.0996691
2291.94 0.310363 0.858642 1805.91 0.246042 -1.1722 3466.52 3457.77 0.145795 0.439293 0.76382 0.7165 696.959 -2.51326 0.00841308 5825.26 0.878925 2.90303 0.0996691
1226.82 0.0930865 -0.459008 1186.45 -1.29134 -1.29002 2070.77 2033.06 0.611268 0.185486 0.757115 0.677159 1047.38 2.31065 0.0690315 3549.59 0.636047 2.8376 0.0996691
1601.74 -0.559884 0.130749 1525.07 0.173432 -2.06703 3036.72 3032.38 0.53793 0.431951 0.687463 0.536627 1146.81 2.20226 0.00684571 5055.28 0.146788 3.07679 0.0996691
1750.81 -0.0989553 -1.54896 926.869 1.04005 1.41591 2977.71 2964.39 0.607368 0.324117 0.506727 0.58331 810.854 1.86437 0.334098 2719.58 0.949393 2.53242 0.0996691
1734.1 0.651884 1.55619 513.892 -0.190972 -0.923367 2097.82 557.144 0.33437 0.580625 0.354796 0.70658 1480.64 -1.18336 0.261277 3141.33 0.336728 2.76138 -0.0996691
2462.62 0.245593 2.56802 1762.87 -0.367091 -0.733033 4688.1 2596.45 0.0867593 0.155522 0.586343 0.661013 769.047 -0.487778 0.141806 4512.66 0.158034 3.00775 -0.0996691
1109.29 1.136 0.826947 1087.72 -1.17951 2.81427 3653.36 3622.49 0.728187 0.781893 0.522111 0.69661 1346.9 -1.11056 0.0431095 2735.89 0.625319 3.13651 -0.0996691
2073.39 -0.0824552 -1.83368 1881.96 0.187414 2.58376 3226.53 3224.95 0.369488 0.0641648 0 0.238261 978.51 0.49242 0.0199847 5184.13 0.960923 2.34608 0.0996691
1533.77 -0.0256892 -1.82639 1478.84 0.087853 2.38825 2613.96 2561.35 0.598551 0.366091 0.730286 0.676355 2171.86 0.347898 0.0786542 3851.54 0.746754 3.10845 -0.0996691
664.67 1.46345 -0.55958 374.346 2.55222 -1.3482 702.833 690.589 0.114819 0.347522 0.782347 0.773809 902.712 2.32485 0.0977879 1083.89 0.851742 2.98107 0.0996691
1769.47 -0.477814 1.98841 1397.82 -0.14964 -0.476064 3029.31 2991.63 0.580193 0.403923 0.331337 0.793042 1074.87 -0.964337 0.492527 4232.5 0.35395 2.46081 -0.0996691
1871.32 -0.112418 -2.67165 1463.4 0.775451 -1.05023 2856.9 2847.35 0.59388 0.0471327 0.657798 0.537212 1276.08 1.08144 0.0162835 4307.65 0.444311 2.51334 -0.0996691
1706.1 -0.968522 0.211173 693.997 2.03513 1.95233 4960 4767.17 0.158236 0.557062 0.449113 0.770427 1381.42 -2.49899 0.133379 2742.95 0.666576 2.84513 0.0996691
1803.25 -0.125616 0.861158 1483.5 0.969341 -0.643834 3068.22 2548.35 0.430405 0.522131 0.622753 0.458217 1805.1 -2.99822 0.370697 4059.82 0.400914 2.91262 0.0996691
1905.94 0.472427 -2.26695 1165.82 0.30167 0.839664 3014.69 2951.62 0.288139 0.684555 0.558715 0.643047 733.122 0.949153 0.115082 3054.79 0.239353 3.113 0.0996691
1614.57 -0.0934805 0.379232 1178.45 0.470197 1.73386 1920.5 2892.56 0.56346 0.464729 0.804984 0.589067 1036.43 -1.79877 0.303874 4571.98 0.961495 2.44432 0.0996691
619.772 -2.05261 -0.763842 -1 -1 -1 -1 346.456 0.708462 -1 0.701164 -1 602.526 2.29301 1.22406 649.197 0.895106 2.00495 0.0996691
2423.62 -0.128973 -2.74059 1326.03 0.736054 -0.0474096 3896.4 3774.61 0.442665 0.366754 0.578784 0.641827 821.698 0.161333 0.196981 4633.83 0.94392 2.70495 -0.0996691
3449.6 0.308536 1.00801 2738.96 -0.408313 -2.17686 6888.55 6001.55 0.0108044 0.395034 0.598445 0.252383 658.385 -2.15479 0.0223615 6192.45 0.0179834 3.14092 -0.0996691
1230.49 0.166482 -0.708357 845.046 0.577758 2.79434 2159.98 1323.2 0.498454 0.341477 0.504304 0.52912 828.464 1.18709 1.36178 2598.85 0.894792 2.19065 0.0996691
2893.6 -0.077648 -1.16763 1157.68 -0.606349 2.23767 4168.19 1409.43 0.0308272 0.422005 0.656146 0.360593 1717.36 1.86149 0.0114492 4394.03 0.760065 2.99255 0.0996691
1580.62 -0.666828 -0.602172 -1 -1 -1 -1 1234.45 0.0752987 -1 0.405315 -1 1429.33 2.5293 0.193166 1769.48 0.972977 2.93776 0.0996691
2682.38 -0.672437 0.156561 1700.49 -0.751329 2.30773 3815.35 3663.17 0.178573 0.315276 0.396799 0.840716 2140.3 -2.27981 0.0453322 4477.69 0.944248 2.48175 0.0996691
1985.26 0.0981918 1.14108 687.984 -1.0834 -1.92155 2887.96 660.313 0.0877853 0.275301 0.709901 0.412504 932.935 -1.79459 0.126959 3310.73 0.260909 2.97397 0.0996691
1486.09 -0.716764 -1.62371 770.009 -0.18096 1.23181 2257.84 1851.64 0.241227 0.29336 0.404176 0.675081 848.265 1.36282 0.222037 2517.05 0.71942 3.07897 0.0996691
2783.3 -0.474517 1.85362 1253.73 0.0515972 -1.17489 3950.68 3535.06 0.570947 0.469557 0.432052 0.760499 942.075 -0.874281 0.0982016 4856.65 0.882452 2.62993 -0.0996691
1643.88 -1.3771 -1.80713 1343.12 -0.929111 1.81028 2975.13 2956.3 0.475581 0.316792 0.657051 0.621013 1436.92 0.880081 0.109472 4438.37 0.586196 2.91158 0.0996691
1682.21 0.551277 2.38796 1470.36 -1.44375 -0.926685 4843.63 4784.48 0.465661 0.257892 0.771504 0.719106 1135.32 -1.54119 0.119062 4794.42 0.676424 3.00416 0.0996691
1873.66 0.406059 3.00003 436.775 0.682443 -0.201922 1915.9 420.476 0.214687 0.477885 0.711671 0.684766 1429.23 -0.123542 0.250374 2342.81 0.55101 3.08333 0.0996691
1350.81 -0.119495 1.17081 652.456 -1.01831 -2.09079 2134.31 1907.72 0.273378 0.610215 0.736072 0.684688 693.682 -1.84267 0.055747 2122.73 0.95421 2.87184 0.0996691
2275.14 -0.566608 -1.74085 1911.3 0.176773 2.58053 3968.1 2869.11 0.112726 0.646242 0.758848 0.697513 901.77 0.586269 0.0779716 5593.07 0.968692 2.85558 -0.0996691
1805.97 1.09138 0.67992 1166.11 0.406198 -1.69291 2899.1 2823.99 0.683582 0.406028 0.728841 0.335329 662.99 -2.68071 0.163841 4153.2 0.904285 2.80975 0.0996691
2420.65 -0.0748119 0.236667 1372.58 -0.844828 -1.8787 3497.48 3468.16 0 0.493634 -1 0.465894 780.234 2.9959 0.139388 5066 0.86647 2.61985 -0.0996691
1812.87 0.534802 -2.47523 884.899 1.34345 1.14149 2701.56 2610.93 0.23308 0.655309 0.543076 0.699525 817.429 0.338001 0.0585933 3197.03 0.681428 2.86939 0.0996691
1656.37 -0.0583017 0.436543 1608.25 0.564353 -2.31895 3382.69 3358.91 0.483133 0.459285 0.435843 0.604754 818.499 -2.77844 0.0110283 4354.97 0.830131 3.05143 -0.0996691
1741.12 0.837429 2.96789 1231.15 -0.00934268 0.578251 3068.14 2918.05 0.0721046 0.33121 0.710705 0.801153 947.364 -1.47889 0.00956082 3599.33 0.894849 2.07365 -0.0996691
1219.64 -0.0240525 -3.09511 961.535 -1.26267 -1.99708 1822.68 1820.9 0.373179 0.490367 0.3368 0.375467 1119.12 0.839534 0.0792081 3132.37 0.567232 2.758 0.0996691
1458.8 -1.91208 -3.04874 1173.46 1.62102 -0.149527 7880.14 7676.15 0.210951 0.743438 0.729551 0.7813 889.622 0.328138 0.312214 3483.65 0.774748 2.83476 0.0996691
1157.03 -1.1658 2.68951 358.896 -0.00453659 -0.807239 1512.45 1459.94 0.488332 0.775563 0.698946 0.878843 1017.74 -0.762345 0.0554974 1955.85 0.87759 3.084 0.0996691
2793.3 -0.53169 -2.21135 1237.52 0.679055 0.909901 4676.19 1195.99 0.0305685 0.426187 0.852987 0.538657 833.173 0.974052 0.0459174 4903.88 0.464306 2.92528 -0.0996691
1153.15 1.80727 -0.411111 619.832 -1.6574 2.73024 4936.94 4719.35 0.70072 0.272804 0.84 0.770878 903.894 2.35906 0.374394 2195.26 0.930276 2.70968 0.0996691
1264.14 -0.80376 1.31922 1207.9 -0.642368 -1.88344 2481.36 2478.41 0.0930555 0.468101 0.329221 0.674412 608.09 0.349002 0.254154 3698.93 0.648513 2.77855 0.0996691
2260.34 0.54118 1.08279 1772.39 -0.374165 -1.55989 4330.19 4289.62 0.375085 0.714153 0.68183 0.616363 629.316 -1.47743 0.083114 5647.02 0.273111 2.64335 0.0996691
1650.18 0.370009 -2.18623 1517.34 -0.224494 2.85562 2379.23 1302.97 0.0171661 0.148595 0.268561 0.517129 2224.71 0.175601 0.0292239 3953.16 0.779289 2.75392 0.0996691
1306.67 0.193743 -0.617373 679.72 -0.696833 2.09855 2047.81 2012.78 0.220797 0.589859 0.418772 0.802885 830.354 2.41912 0.320385 2384.9 0.383597 2.71556 0.0996691
404.893 1.39162 1.19693 337.639 -1.60756 0.91029 1586.43 1441.53 0.535504 0.66424 0.776591 0.789612 697.913 -2.50589 0.15544 1170.11 0.702741 2.84334 0.0996691
1545.93 -0.169007 1.05997 1524.86 -0.19424 -2.57059 2993.13 2945.25 0.776714 0.709819 0.745581 0.566477 771.158 -1.39995 0.0328244 3671.24 0.913771 2.42658 0.0996691
1847.75 -0.0556963 -2.30491 1642.12 -0.922533 -0.125321 3497.81 3382.73 0.605962 0.252824 0.665441 0.573542 745.164 0.663577 0.034548 5118.15 0.673316 3.0048 0.0996691
682.097 -0.959272 -0.110606 -1 -1 -1 -1 351.171 0.525701 -1 0.619686 -1 646.035 2.99549 0.041007 706.279 0.879166 3.1408 0.0996691
1409.15 0.40001 -0.268631 663.571 -1.67766 -2.47896 2953.96 2909.09 0.168052 0.647445 0.277345 0.708934 1022.9 2.90094 0.223034 3074.09 0.547561 2.9422 0.0996691
1773.12 -0.618659 2.91612 1191.57 -1.07107 -1.01174 2828.66 2587.89 0.427851 0.651588 0.587127 0.764105 948.617 0.76226 0.0438417 5081.59 0.958613 2.70321 0.0996691
957.486 -0.409728 0.149135 -1 -1 -1 -1 683.529 0.704014 -1 0.700045 -1 838.496 -3.02033 0.00953364 1054.62 0.773737 3.11316 0.0996691
1041.13 0.924251 -1.92755 -1 -1 -1 -1 2002.94 0.395707 -1 0.876383 -1 886.834 1.11043 0.510439 1187.36 0.74616 2.68687 0.0996691
1745.77 1.41591 2.94827 1388.98 -0.377034 1.26244 3952.49 3910 0.230158 0.158016 0.777603 0.63296 623.369 -1.30715 0.159043 4987.41 0.359595 2.72868 0.0996691
2284.12 -0.249396 0.95915 1149.62 -0.486234 -2.02575 3309.5 3015.53 0.135692 0.471368 0.623597 0.401473 663.688 -2.02225 0.00227952 3961.57 0.397094 2.97794 -0.0996691
1737.48 0.196256 -0.58591 1301.56 0.124579 -2.37842 2368.57 2341.28 0.631161 0.509721 0.54965 0.650491 1109.55 1.75876 0.244331 4045.15 0.597326 2.09836 0.0996691
2787.5 -0.214986 -0.17954 733.757 -0.649305 2.36244 3181.25 892.086 0.362621 0.315514 0.496828 0.358934 2095.32 3.01448 0.0814033 3994.27 0.815421 3.08636 0.0996691
2747.04 -0.430055 0.659102 1522.93 1.128 2.87515 5079.95 5072.64 0.652966 0.40596 0.608808 0.646446 1819.6 -1.78694 0.178528 4883.14 0.866372 2.26751 0.0996691
1368.66 -1.40077 1.12138 1144.47 1.29162 1.93572 4597.16 4564.66 0.087806 0.633519 0.462016 0.732526 1482.41 -1.86778 0.0229139 3485.71 0.909102 3.01344 0.0996691
791.838 -1.99194 -1.90046 718.739 0.14854 2.28253 2428.21 2064.47 0.661115 0.715054 0.464667 0.663353 709.773 0.281947 0.671765 1990.65 0.565692 2.0881 0.0996691
1932.52 -0.391667 2.44382 1256.59 0.98379 -0.751577 3889.22 3872.93 0.626155 0.288559 0.677991 0.770663 1226.87 0.579401 0.42141 4447.52 0.907503 2.94747 -0.0996691
1470.35 -0.3584 -2.71397 1319.72 0.564607 0.454477 3102.78 3028.83 0.846181 0.545132 0.709852 0.632377 724.121 -2.95556 0.155734 3771.11 0.923986 3.09228 0.0996691
2321.9 -0.158612 2.76299 1207.98 0.0841181 -0.2583 3498 1767.78 0.480052 0.22059 0.571022 0.53146 1551.26 0.00384117 0.105711 4355.39 0.674994 2.86713 -0.0996691
1709.69 1.165 2.42008 953.012 -0.141255 0.133777 2961.08 2829.85 0.710675 0.497923 0.766654 0.583171 898.744 -1.67692 0.135388 4130.94 0.861905 2.53516 0.0996691
2708.52 0.0690472 1.68997 2560.99 0.163496 -1.19077 5754.67 2806.12 0.385116 0.545973 0.408911 0.594051 629.16 -2.77675 0.0147231 5933.59 0.341717 2.4533 -0.0996691
1851.27 0.25364 -2.77949 730.786 -1.04395 0.563029 2844.72 2758.66 0.657862 0.524287 0.666571 0.506177 701.873 0.35057 0.0273528 3121.53 0.60161 3.1167 0.0996691
1036.21 -0.313609 -0.18226 992.835 -0.268248 1.47889 1515.64 1491.12 0.757531 0.747546 0.604737 0.636869 1210.36 -3.09545 0.00465322 3045.23 0.611593 2.89558 0.0996691
1959.42 -1.29081 0.680298 873.429 0.362315 -2.15258 3556.3 3498.29 0.0322712 0.665757 0.658849 0.703936 1830.21 -2.40437 0.252336 3543.99 0.418394 2.8326 0.0996691
1696.28 -1.09312 -2.05072 1544.52 -0.605437 2.15617 2958.08 2909.92 0.468273 0.258095 0.779024 0.738604 2300.78 0.231933 0.107744 4251.68 0.624737 3.04307 0.0996691
2335.49 0.287689 -2.58405 1045.85 0.930124 0.0756579 3272.47 3027.42 0.248022 0.803475 0.594209 0.6569 967.909 0.0734024 0.0119293 4699.97 0.957814 3.09589 0.0996691
1318.79 -0.941344 -1.83829 1251.59 0.103519 0.75258 2865.32 2749.28 0.636225 0.0495805 0.745975 0.187953 1194.87 -2.69108 0.35094 3877.77 0.970523 2.48681 0.0996691
1164.86 0.42909 2.09732 581.815 -1.93823 -1.87123 2872.38 2854.17 0.664854 0.170784 0.737677 0.520118 770.338 -0.502065 0.0272137 1873.05 0.86597 2.57331 0.0996691
2212.81 0.10529 -2.98818 753.88 -0.110771 0.604664 2632.78 456.019 0.0517697 0.646423 0.764331 0.652588 1421.67 -0.0641599 0.159294 3068.6 0.824386 2.7871 0.0996691
2413.98 -0.645004 1.98733 2376.14 -0.709341 -0.673655 4949.28 3821.51 0.611562 0.098168 0.724893 0.69225 717.664 -2.42417 0.0746458 5029.57 0.984028 1.94578 0.0996691
1738.4 -0.38958 0.723506 1560.31 0.390698 -1.18275 3018.35 2977.02 0.536105 0.562229 0.498149 0.393117 2477.81 -3.02235 1.83897 4202.81 0.622753 1.89222 0.0996691
1975.13 0.514756 -0.726374 1260.86 0.721054 1.88896 3104.35 2933.57 0.180849 0.358539 0.425667 0.752885 762.492 2.01106 0.111024 4096.63 0.357116 2.62652 0.0996691
907.45 -1.33155 -2.34226 704.502 -0.221463 -0.266829 1715.06 1121.93 0.391141 0.223489 0.80134 0.457499 765.047 1.53216 0.0457733 1763.54 0.890727 2.46411 0.0996691
1221.35 -0.730613 0.480958 726.462 -0.591353 -2.1945 1855.44 1802.31 0.775124 0.502576 0.626688 0.502447 1023.64 -2.04608 0.124099 3239.14 0.203089 2.74673 0.0996691
1937.72 0.846233 2.82218 1741.5 -0.235067 1.18183 3443.32 3105.63 0.124094 0.597979 0.242501 0.285487 1164.7 -1.03737 0.0292361 5097.01 0.390399 2.65325 0.0996691
2082.44 -0.297939 0.817548 1150.35 -0.811715 2.67964 2623.4 2587.02 0.415554 0.586043 0.584462 0.616632 859.577 -1.38744 0.137754 4947.68 0.50883 2.07745 -0.0996691
1389.16 -0.81406 -0.446374 329.217 0.731669 -2.64592 1691.29 1538.9 0.11348 0.648083 0.605793 0.742328 1102.04 2.19615 0.0329521 2275.37 0.237078 2.77204 0.0996691
1200.26 -0.0638819 -1.81112 -1 -1 -1 -1 275.545 0.177048 -1 0.500366 -1 1112.98 1.39692 1.04421 1334.5 0.825564 2.14132 0.0996691
2360.99 -0.421406 1.4356 361.604 -1.0918 -1.46572 2056.1 584.359 0.100031 0.542755 0.359579 0.704344 1867.61 -1.85587 0.392661 3169.6 0.548585 2.62391 0.0996691
2412.56 0.824607 -0.352124 1961.25 0.373609 1.7725 4065.85 2854.01 0.172046 0.594833 0.549048 0.528369 1430.8 -2.57292 0.0432746 5034.51 0.927983 2.45798 0.0996691
1387.54 -0.400422 -2.40697 566.154 -1.47198 -2.54442 1028.32 1013.12 0.512892 0.458 0.471906 0.658844 1560.4 0.786773 0.265616 2487.55 0.874015 2.82301 0.0996691
1296.01 0.2728 -0.442259 615.412 2.08614 -3.08952 2542.18 2519.28 0.396434 0.604444 0.19976 0.521455 850.35 2.20868 0.161632 2104.13 0.328041 2.82265 0.0996691
1194.71 -0.564916 1.80794 -1 -1 -1 -1 980.115 0.670069 -1 0.683084 -1 1005.77 -1.32972 0.0938547 1375.92 0.723272 3.04367 0.0996691
1592.29 -0.826953 -0.00177357 1080.45 -0.0453245 2.95729 2844.66 2761.56 0.562735 0.662601 0.561924 0.811984 605.218 -2.10641 0.0685327 3334.15 0.346157 3.01053 0.0996691
2454.56 0.678333 0.506785 2125.29 -0.77938 2.75761 5513.67 5402.63 0.465669 0.749398 0.257559 0.576713 735.499 -1.5439 0.0968633 5843.05 0.935672 2.2986 0.0996691
1293.43 0.0800408 -1.31661 -1 -1 -1 -1 1000.25 0.272376 -1 0.52519 -1 1236.58 1.87613 0.219347 1449.68 0.786163 2.97339 0.0996691
2785.55 0.0323601 0.25858 2425.54 0.738076 -2.68323 5510.47 5465.33 0.601912 0.39864 0.659977 0.681807 622.873 0.356001 0.0973948 6358.75 0.125776 2.93798 -0.0996691
2031.16 -0.387391 -0.456476 1763.32 -0.638364 -2.24911 3030.81 2860.31 0.211152 0.420553 0.493322 0.602845 860.146 2.23218 0.518799 5573.08 0.612009 3.06557 0.0996691
1768.28 0.0698291 2.65029 745.079 0.649392 -0.591362 2570.3 547.235 0.337154 0.601283 0.753144 0.745045 881.905 -0.20021 0.345327 2096.08 0.669197 2.79016 0.0996691
1404.65 -1.6008 2.22679 499.294 0.934999 -2.20459 3061.19 2945.98 0.251695 0.643164 0.735552 0.590595 1149.24 -0.56882 0.0385288 2023.3 0.840029 2.83428 0.0996691
2362.1 0.0101334 -1.21011 1976.29 0.47257 1.48327 4560.2 3577.02 0.152835 0.248191 0.719467 0.758195 1214.13 2.86491 1.05748 4529.51 0.52372 2.04306 0.0996691
2232.25 0.0490278 -0.486596 1513.71 0.0238115 3.09525 3617.1 3526.97 0.387766 0.529715 0.374542 0.365464 977.494 2.08635 0.199885 3777.63 0.982612 2.37306 0.0996691
2695.68 0.805416 -1.01176 1394.72 0.509191 2.06769 3931.35 3911.25 0.507515 0.663616 0.415183 0.623806 1294.59 1.89812 0.173212 4676.96 0.321667 3.08355 0.0996691
1133 1.47123 0.897474 -1 -1 -1 -1 927.749 0.269989 -1 0.725662 -1 854.675 -2.10638 0.173771 1365.51 0.931917 3.10349 0.0996691
2015 -1.05401 -1.10331 1377.61 0.0792411 2.85328 3727.74 2906.2 0.16269 0.262954 0.495931 0.776083 1348.86 1.32898 0.0918345 3487.61 0.887563 2.54328 -0.0996691
3247.7 0.545546 2.23342 2451.92 -0.560146 -0.403641 6381.34 6367.76 0.66899 0.441928 0.450508 0.2677 1364.96 -1.80823 0.357159 6166.37 0.904021 1.88521 0.0996691
1891.59 -0.194967 0.7071 1418.28 0.776411 -2.10745 3779.05 3212.69 0.414899 0.444419 0.470146 0.674849 965.515 1.36945 0.0133419 4673.56 0.601652 2.81806 -0.0996691
1140.25 -1.45439 -2.34847 373.691 0.214992 -0.593026 1602.02 1526.17 0.121161 0.635105 0.811334 0.702418 882.852 1.09901 0.00934482 1691.51 0.702369 2.82557 0.0996691
1273.34 -0.962776 -1.05987 -1 -1 -1 -1 1027.96 0.614542 -1 0.293602 -1 896.693 2.0182 0.0981804 1592.34 0.767346 2.98043 0.0996691
1777.82 -1.17353 1.25963 1175.91 -0.464153 -2.4655 3014.02 2929.86 0.377593 0.375756 0.570007 0.688224 878.381 -2.19123 0.269499 4035.18 0.351685 2.55845 0.0996691
1839.09 0.452173 0.756626 1018.39 -0.29838 -1.93622 2945.3 2607.71 0.629645 0.43023 0.48525 0.680198 875.297 -2.73705 0.0473051 2995.62 0.766104 2.7415 0.0996691
2406.19 0.185403 2.57954 1883.32 -0.0313213 -1.8377 3468.82 3412.5 0.291709 0.348496 0.103993 0.447345 1118.27 0.315343 0.190761 5710.12 0.444615 2.46457 -0.0996691
1607.88 0.780051 0.265989 1316.28 -1.06852 -2.6265 4275 4048.12 0.525138 0.638504 0.639836 0.588284 692.586 -0.391418 0.109928 4240.28 0.943007 2.86266 0.0996691
1761.57 -0.803519 -1.22673 1714.49 -0.396197 0.560235 2856.6 2500.03 0.238327 0.495973 0.538386 0.558298 1547.47 3.02752 0.254224 4103.41 0.954907 2.72312 0.0996691
1838.73 -0.21514 2.4317 1786.56 0.874048 -0.910365 4188.06 4054.46 0.443641 0.205675 0.730335 0.767875 1125.8 0.398285 0.897363 4714.95 0.900877 1.50423 0.0996691
1454.17 -0.560967 2.82198 1217.63 0.200178 -1.08996 2716.92 2638.1 0.168811 0.698251 0.283451 0.86288 883.357 0.618122 0.415643 2685.61 0.945949 1.79104 0.0996691
1493.05 0.451082 -1.3366 1065.1 -0.297062 -0.58447 1348.04 1333.48 0.56471 0.181827 0.633135 0.47842 1793.17 1.96333 0.0178238 4344.91 0.669562 2.97097 0.0996691
1594.69 1.51624 -2.22707 1053.17 -0.171214 -1.77597 2533.5 2520.61 0.372748 0.664279 0.463828 0.595241 1466.56 1.35686 0.0407798 4008.4 0.617117 3.08992 0.0996691
1074.78 -1.70067 -2.62229 -1 -1 -1 -1 807.553 0.6638 -1 0.68307 -1 927.792 0.500326 0.103652 1176.76 0.818163 3.01607 0.0996691
762.993 1.67109 -3.01152 367.06 0.446648 1.31993 1141.02 1068.88 0.390791 0.705729 0.562901 0.566776 778.734 -0.260085 0.735083 1330.42 0.411465 2.37252 0.0996691
1035.53 1.15116 -1.44966 -1 -1 -1 -1 323.329 0.423926 -1 0.629036 -1 1004.82 1.72378 0.385413 1076.66 0.955999 2.61824 0.0996691
1533.84 -0.618465 0.636098 1432.03 -0.0574212 -1.7301 2881.7 2838.49 0.258435 0.539159 0.806668 0.663567 891.24 2.71554 0.061295 3216.11 0.772333 2.46771 0.0996691
2663.69 -0.0903064 -0.108287 1866.45 0.202963 2.51803 4786.2 3605.85 0.25513 0.166534 0.224721 0.472086 1275.39 -2.51925 0.152061 4723.79 0.76067 2.70883 0.0996691
1986.25 -0.958764 -2.5708 1927.05 -0.369655 0.619751 4233.78 3376.18 0.28586 0.318503 0.234384 0.55889 834.627 0.650971 0.0110041 4724.02 0.249181 3.05043 0.0996691
1436.67 0.100747 2.78767 1026.38 -1.76159 -2.35686 2941.01 2659.88 0.401427 0.393914 0.473409 0.699269 919.311 0.34996 0.00113037 3691.72 0.793963 2.99058 0.0996691
1602.92 0.312977 1.53655 423.51 1.97389 2.94989 1880.39 1827.52 0.694709 0.673434 0.621049 0.646117 1405.55 -1.30091 0.580304 2375.83 0.946468 2.25897 0.0996691
2332.47 -0.359416 2.68047 839.647 0.867886 2.13153 2093.26 1709.55 0.443712 0.64094 0.424182 0.733975 1847.18 -0.771638 0.069348 4488.87 0.163022 2.9963 0.0996691
1564.69 -0.19663 -1.73225 1382.07 0.277362 -0.439249 1937.12 1903.9 0.435829 0.33592 0.772363 0.766811 1259.56 2.55091 0.0460851 4610.33 0.549018 2.93931 0.0996691
1114.24 -0.707551 -0.893037 284.456 -1.94844 -1.19045 838.309 823.414 0.346936 0.361977 0.36083 0.671258 1115.2 2.16672 0.00599027 1636.94 0.622797 3.0526 0.0996691
2214.96 0.138882 1.56761 1704.95 -1.34556 -1.79383 5009.34 4981.02 0.62633 0.456603 0.705996 0.420102 1138.92 -0.513639 0.0215584 4742.68 0.578341 2.85855 0.0996691
2025.66 1.21594 -2.89125 438.471 -1.2719 1.3041 3703.55 978.726 0.415951 0.499971 0.511115 0.553664 1657.93 0.135137 0.124764 2899.78 0.742319 2.87715 0.0996691
3324.65 -0.651945 -0.481769 1366.31 -0.00279422 2.62331 4644.53 3348.83 0.613594 0.348666 0.413105 0.509174 1987.93 2.76403 0.015873 4751.43 0.712744 3.05178 0.0996691
1485.18 -0.777411 1.83052 1087.47 -1.03466 0.612931 1524.56 1467.78 0.702824 0.3923 0.600308 0.800715 930.986 -1.8728 0.164389 4034.07 0.284693 2.72809 0.0996691
1432.29 1.20759 2.68349 1229.62 -0.468248 1.89671 2835.31 2491.54 0.226841 0.17666 0.771205 0.671728 967.355 -0.535417 0.262524 4425.66 0.429463 2.95758 0.0996691
1512.91 -0.383867 -0.0266112 781.623 0.32758 -1.41027 1609.2 1584 0.584176 0.360261 0.568372 0.471948 819.584 2.80834 0.0850341 3564.56 0.945831 2.92183 0.0996691
1535.96 -0.119428 -0.589833 909.209 0.621672 0.779096 1768.59 1739.42 0.669552 0.378576 0.432652 0.275881 854.069 -3.06883 0.151578 3835.99 0.171765 2.9514 0.0996691
1603.37 0.422882 2.12945 1299.43 0.544737 1.07605 1481.14 1456.71 0.662998 0.475866 0.556023 0.353066 1016.27 -1.64625 0.12753 4368.21 0.548359 2.59345 0.0996691
1463.11 0.494858 0.211014 -1 -1 -1 -1 935.375 0.474901 -1 0.709231 -1 1304.64 -2.88827 0.0560589 1608.86 0.815299 3.13659 0.0996691
1771.98 -0.672441 2.00463 1497.78 0.287767 -2.16772 3349.52 2552.6 0.634419 0.402666 0.761109 0.270391 743.847 0.329253 0.099005 5430.06 0.573169 2.75364 0.0996691
1153.96 -1.21851 2.80591 1035.04 0.546054 -2.88566 2287.47 2272.08 0.358034 0.449631 0.568453 0.344773 1234.11 -0.0402564 0.00484744 3364.4 0.959439 2.85371 -0.0996691
2233.98 -0.480299 -2.66383 808.586 0.642342 1.10508 3057.92 3031.74 0.0869265 0.508805 0.639913 0.726577 1129.35 0.233936 0.034686 3698.8 0.60283 2.8602 -0.0996691
2591.17 -0.0733241 -1.19789 1407.54 0.17071 1.44124 3762.04 3734.01 0.478609 0.258726 0.783356 0.576524 1614.35 2.98585 0.00483441 5255.54 0.938552 2.27144 -0.0996691
1997.25 0.552883 2.43286 -1 -1 -1 -1 715.719 0.376522 -1 0.605828 -1 1982.63 -0.651432 0.157844 2219.85 0.517277 2.91542 0.0996691
1199.48 -0.123232 -0.746262 302.414 1.56009 2.48739 1665.06 1579.03 0.620643 0.502047 0.664953 0.778582 865.411 2.36914 0.0966337 1471.1 0.620392 3.07266 0.0996691
2201.64 0.429843 -0.826816 1852.56 -0.361144 -2.04921 2853.96 2799.83 0.595424 0.789273 0.815355 0.685552 1122.93 1.64327 0.143293 6213.35 0.391675 2.44886 0.0996691
1446.68 -0.0996585 -1.18283 1324.19 1.38946 1.7833 3594.4 3573.25 0.412817 0.27922 0.534315 0.525286 653.058 -1.2401 0.0593907 3577.76 0.849564 3.12111 0.0996691
3035 -0.0391708 -2.76883 1184.88 0.269729 -0.00648332 4010.79 2970.1 0.203659 0.533373 0.221432 0.761809 2014.38 0.573844 0.132652 4396.58 0.959854 2.97223 0.0996691
3109.12 0.316554 -0.929048 1809.6 0.947205 2.37148 5299.47 4350.04 0.149475 0.657274 0.572695 0.794129 702.822 2.12837 0.250121 5484.99 0.131734 2.96066 0.0996691
2161.45 0.451687 -0.404422 990.862 0.215825 -3.03389 2885.67 2830.22 0.230695 0.561867 0.467457 0.613683 1591.35 2.76366 0.386829 3648.8 0.975251 2.7834 -0.0996691
1063.1 0.615174 -2.29006 -1 -1 -1 -1 956.754 0.209743 -1 0.747369 -1 899.141 0.957604 0.667218 1287.37 0.734419 2.51688 0.0996691
1131.08 0.944399 1.89825 1112.85 -0.536231 -2.23668 2692.41 2616.71 0.596589 0.549957 0.765909 0.728894 901.936 -0.18554 0.164518 2223.06 0.971213 2.25477 0.0996691
1971.31 -0.88167 2.63272 1507.93 -0.00822393 -0.799665 3787.12 3712.78 0.284978 0.532529 0.626598 0.603752 1390.63 -0.645749 0.146819 4502.76 0.201563 2.85578 0.0996691
1986.46 -0.341281 2.16803 1286.94 -0.506432 0.229887 2811.44 2378.14 0.222271 0.140679 0.553227 0.700008 603.741 -2.02549 0.159461 4831.29 0.689104 2.9649 0.0996691
1771.94 -0.517066 0.592587 823.07 -0.512154 -2.28691 2616.2 1774.01 0.474639 0.657967 0.338378 0.71762 708.272 -2.34178 0.0590954 3032.48 0.103086 3.11203 0.0996691
2540.73 -0.447949 2.02408 1414.27 -0.260248 -1.47286 3771.36 3733.03 0.0468474 0.243851 0.510387 0.787898 792.876 -0.966154 0.0907695 4492.37 0.896586 2.89985 0.0996691
1212.86 1.30779 -2.87911 -1 -1 -1 -1 290.612 0.260546 -1 0.554431 -1 1187.2 0.249879 0.0031316 1517.81 0.763104 3.06408 0.0996691
853.821 -0.875424 2.99446 -1 -1 -1 -1 471.08 0.596118 -1 0.495818 -1 871.306 -0.180434 0.311014 1133.31 0.934734 2.87025 0.0996691
1140.46 0.370114 0.0585725 510.937 -0.836432 0.517381 1055.54 1004.3 0.79436 0.823743 0.791072 0.659416 1475.31 -2.97748 0.127197 1798.28 0.862865 3.11584 0.0996691
1143.93 0.75514 -0.0741372 307.532 -1.59212 -2.86418 2098.86 1791.18 0.325965 0.69742 0.504122 0.729586 840.088 2.90594 0.454899 1444.01 0.660582 2.8498 0.0996691
1659.68 -0.0834688 2.37434 1359.4 0.820822 1.41236 1979.73 1969.43 0.600943 0.691767 0.682688 0.597531 2343.99 -1.28722 0.908319 3487.33 0.728599 1.79184 0.0996691
2382.43 -0.782349 1.08042 2051.01 0.483749 -2.72283 5304.32 4244.05 0.0571237 0.238778 0.464261 0.590934 740.162 -1.42238 0.463958 5312.48 0.658965 2.25073 0.0996691
2185.83 -0.13277 -2.15801 1987.25 -0.862101 0.303292 4349.72 3143.3 0.22396 0.32667 0.339893 0.60728 782.329 2.10104 0.110224 4935.51 0.563181 2.20737 0.0996691
3744.91 0.19517 -1.25281 3075.7 0.104369 1.90513 6999.47 6056.09 0.370147 0.357516 0.206475 0.637571 690.8 1.80524 0.0562679 6876.27 0.91748 3.02838 -0.0996691
2979.6 0.0367529 0.806736 2004.81 -0.060526 -2.69726 4855.71 4704.75 0.43154 0.638945 0.596813 0.689753 938.876 -2.61934 0.0727994 6182.42 0.89858 2.92153 0.0996691
1883.84 0.20741 2.54036 1813.94 0.458996 0.667235 3042.89 2984.37 0.672983 0.43514 0.572286 0.185918 956.431 -1.3164 0.0730103 4875.71 0.779455 2.34777 -0.0996691
1752.52 0.0172976 -2.39171 1225.25 1.34711 1.23436 3540.63 3536.15 0.575597 0.278506 0.407665 0.503616 675.468 1.26494 0.0153706 4446.06 0.729732 2.61215 0.0996691
1430.52 -0.0330569 1.35174 1114.49 -0.196405 -1.97676 2546.39 2449.19 0.537303 0.49284 0.393451 0.434402 617.101 -1.88754 0.0791668 2936.66 0.665167 3.1266 0.0996691
1264.96 -0.829077 -0.293245 668.177 0.348258 2.41218 2167.94 1923 0.52299 0.559349 0.483249 0.520759 746.998 -2.92718 0.0365615 2043.38 0.433277 2.92594 0.0996691
1394.68 -0.160739 2.29271 -1 -1 -1 -1 949.579 0.278765 -1 0.598244 -1 1205.58 -0.862051 0.0835123 1551.88 0.793182 3.07582 0.0996691
687.495 1.30353 1.2768 259.877 0.159584 0.717907 600.417 550.604 0.63354 0.559612 0.779952 0.731605 775.969 -2.0671 0.00866652 1088.83 0.531286 2.92829 0.0996691
1007.57 -0.721521 0.536829 391.63 -0.0452188 -1.67832 1244.08 1009.1 0.829072 0.661971 0.685411 0.643514 819.034 -3.02207 0.682311 1386.78 0.954917 2.8761 0.0996691
1409.91 -1.4448 1.06468 1104.33 -0.435119 -0.502539 2230.47 2120.47 0.661678 0.563511 0.665225 0.749885 1724.88 -2.67082 0.2407 2722.98 0.860214 2.31027 -0.0996691
1439.94 -0.767257 -2.30455 1354.23 -0.674704 1.84516 2467.72 2399.05 0.303754 0.488195 0.524379 0.640481 1554.76 -0.42358 0.0629876 3612.53 0.804456 2.96172 0.0996691
1047.35 -0.512833 3.07882 1008.86 0.446406 1.46763 1823.64 1778.48 0.324602 0.303321 0.59352 0.645685 739.421 -0.788442 0.00778478 2957.46 0.377955 2.42445 0.0996691
1855.33 0.417093 0.0494352 815.677 1.8924 -2.72972 3143.79 3106.27 0.620135 0.604879 0.734793 0.324632 886.831 2.53049 1.01847 3165.29 0.941892 2.72067 0.0996691
1457.63 -1.07451 2.00424 1069.31 -0.552739 -0.941044 2775.97 1983.61 0.255642 0.526814 0.72563 0.535932 682.739 -0.4133 0.160505 3202.35 0.223649 2.8662 0.0996691
2351.51 -0.152126 -0.714467 1493.86 0.00546521 -3.0536 3882.96 1235.05 0.10629 0.41297 0.587562 0.575746 1440.23 1.74065 0.0070008 4352.6 0.745321 2.92775 0.0996691
