pT_j1 eta_j1 phi_j1 pT_j2 eta_j2 phi_j2 m_jj tau21_j1 tau21_j2 tau32_j1 tau32_j2 met phi_met min_dPhi ht weight
305.853 0.706295 -1.59813 303.009 -0.00579546 1.34111 656.277 0.804863 0.626824 0.829872 0.78402 146.358 -3.07598 1.47517 581.612 92.9047
713.016 0.416069 -2.62965 596.425 -0.795079 0.773514 1550.16 0.756339 0.575751 0.729222 0.854778 138.462 -1.18471 0.583783 1412.16 92.9047
493.687 1.43641 -0.942189 302.515 -0.304281 2.81535 1070.86 0.769405 0.70584 0.815704 0.842563 409.268 1.6986 0.470652 839.412 92.9047
318.253 1.84398 -0.114782 262.486 -0.137139 1.83715 846.687 0.411371 0.458473 0.814716 0.677306 634.73 -2.47053 1.75625 562.912 92.9047
634.176 -0.391326 2.59018 420.888 -0.665607 -0.199857 1039.98 0.586839 0.602634 0.711509 0.727042 336.166 -2.03344 1.65481 1014.1 92.9047
306.656 -0.354631 -1.46358 254.072 -0.637438 2.08668 588.109 0.750653 0.281639 0.827913 0.7569 207.645 2.61626 0.339059 523.205 92.9047
563.034 -0.0931111 1.55557 437.711 0.964181 -1.69843 1158.6 0.451499 0.502952 0.706672 0.433659 206.131 -0.780644 0.890043 995.545 92.9047
320.44 -0.779206 -1.53 254.427 -0.98539 1.1202 569.234 0.49964 0.650042 0.673247 0.747862 456.784 -0.878079 0.632989 628.683 92.9047
292.12 -0.158001 -2.47537 258.37 1.89824 -0.652972 807.752 0.814981 0.656129 0.842372 0.726375 300.063 1.94066 0.0110768 699.029 92.9047
399.324 0.70567 -2.90103 290.516 -0.274013 -0.418247 742.513 0.424707 0.797388 0.818024 0.743808 251.603 1.75191 0.244273 777.075 92.9047
447.212 1.27347 1.90904 290.217 1.42674 -1.03097 761.758 0.389579 0.625312 0.802179 0.801077 104.502 2.55313 0.0378306 728.43 92.9047
743.809 0.297434 1.5721 342.641 0.717281 -1.58882 1079.74 0.409333 0.447118 0.793452 0.847141 113.876 -0.151904 0.914103 1049.78 92.9047
656.756 0.327733 2.46395 320.162 -0.572271 -0.211052 1014.32 0.639307 0.176396 0.697866 0.783777 641.637 -1.34412 0.561654 969.137 92.9047
439.878 -1.18793 -0.226906 335.237 0.175164 2.16172 921.831 0.836547 0.624192 0.864024 0.832585 460.687 -2.58929 0.577466 770.575 92.9047
519.232 0.762272 -1.16854 359.413 0.0319711 2.21371 932.972 0.658244 0.642249 0.539748 0.656192 212.268 1.25088 0.970014 844.918 92.9047
496.227 -1.07249 1.20394 280.644 0.425923 -2.2995 965.429 0.729745 0.58792 0.767803 0.796525 218.429 -0.814736 1.4861 886.288 92.9047
525.95 0.0676221 -1.64589 471.102 0.630285 2.44753 968.805 0.489252 0.294438 0.789527 0.78349 349.603 0.236433 0.786816 1078.43 92.9047
582.353 -1.13099 2.49249 478.084 -1.07836 0.273479 954.752 0.818043 0.447657 0.786915 0.715255 517.239 -1.44286 0.818752 1072.18 92.9047
467.862 0.0320992 -1.21189 330.914 -0.879342 2.58329 898.384 0.0663876 0.757244 0.777488 0.712797 73.803 2.63198 0.0440986 928.395 92.9047
362.457 1.204 2.97222 330.298 0.068025 0.0104742 834.524 0.240025 0.801786 0.814869 0.787425 170.338 -2.06297 0.827453 670.169 92.9047
301.833 0.249253 -1.25133 277.958 -0.19131 0.520971 478.101 0.741051 0.674162 0.79847 0.770836 141.706 0.736148 0.204276 689.845 92.9047
374.365 0.0882235 -2.49941 292.566 -0.276421 0.24224 681.016 0.678902 0.790505 0.813496 0.771109 275.481 1.94145 1.69667 608.879 92.9047
507.424 0.212346 -1.81971 266.951 0.807213 1.08022 779.29 0.801957 0.651842 0.755041 0.511125 307.343 0.97233 0.0388424 798.466 92.9047
350.611 -0.66144 1.98448 262.348 0.557745 0.390081 600.791 0.418003 0.293193 0.725506 0.592238 402.895 -3.05435 0.0634167 671.797 92.9047
312.731 0.646815 -2.95281 289.607 0.695031 -0.179697 609.561 0.65345 0.365834 0.587544 0.550262 70.2519 -1.76264 1.18114 711.705 92.9047
319.254 -0.114062 -1.39002 276.429 0.667981 1.22767 638.893 0.35433 0.793079 0.681361 0.745492 577.976 -2.32891 0.413742 592.048 92.9047
355.982 -0.456823 1.83021 288.504 0.21322 -0.701578 673.986 0.605595 0.752047 0.814835 0.749943 431.975 -1.98638 1.26982 609.518 92.9047
370.712 -0.290961 0.486607 280.208 1.02291 -2.04377 776.586 0.621313 0.790522 0.648932 0.732358 303.072 0.984592 0.503022 857.706 92.9047
411.502 -1.07762 1.45393 383.585 -1.37991 -1.20085 797.956 0.756069 0.712053 0.824338 0.732329 275.117 3.10674 1.6594 746.561 92.9047
311.897 -0.498397 0.597742 293.252 0.944395 -2.40634 773.19 0.311821 0.842879 0.603157 0.832694 213.475 0.699947 0.0976779 617.525 92.9047
381.346 0.761557 -2.79601 295.493 1.37798 0.126899 746.688 0.130202 0.527782 0.842699 0.677659 176.361 0.873896 0.660298 670.95 92.9047
756.153 -0.528585 1.39839 443.107 -0.365121 2.78045 750.194 0.744579 0.354776 0.828041 0.59399 417.557 -0.982266 0.381315 1672.55 92.9047
335.334 -1.77672 2.31674 295.153 -1.19909 -0.3919 674.926 0.228433 0.780086 0.751733 0.710507 305.42 1.88279 0.333083 801.43 92.9047
451.316 1.27919 1.06302 308.452 0.736992 -2.63667 789.669 0.594932 0.242607 0.897461 0.613272 408.955 -1.24605 0.298793 771.715 92.9047
719.387 0.0377321 2.60933 661.81 0.302336 -0.488318 1423.2 0.487268 0.392728 0.848174 0.729421 120.962 -1.73709 1.23661 1362.61 92.9047
442.476 -1.11138 2.41482 351.186 1.24849 -1.19125 1399.39 0.515392 0.524679 0.430644 0.767923 355.032 0.238241 1.42845 797.8 92.9047
321.167 0.214613 2.67242 284.06 0.142344 -0.363967 613.285 0.634421 0.355466 0.820595 0.751911 608.832 2.64499 0.0310671 597.846 92.9047
410.853 -0.185899 2.17707 304.487 0.553378 -0.738812 796.014 0.283269 0.698967 0.747534 0.601256 204.026 2.67072 0.479458 664.661 92.9047
278.563 -0.26326 -2.9441 264.847 -0.473915 -0.372937 536.396 0.237852 0.797926 0.75455 0.741367 335.487 1.77752 0.367613 619.251 92.9047
596.436 0.620435 -0.799478 462.952 0.0451829 1.8396 1067.64 0.673773 0.51158 0.797053 0.861546 353.917 -2.91051 0.80772 1100.04 92.9047
433.507 -0.554843 -0.0184733 296.827 -1.25216 -2.87139 772.489 0.549217 0.462675 0.796925 0.710514 121.407 2.27094 1.14761 736.199 92.9047
586.527 0.737743 2.69475 302.713 0.921023 -0.55582 850.68 0.656753 0.377304 0.703789 0.549312 91.6937 1.0531 1.61604 878.295 92.9047
432.773 0.330175 -0.889945 372.066 1.01962 2.65642 849.711 0.643828 0.745148 0.86614 0.729382 258.403 1.05612 1.61121 760.865 92.9047
526.958 -0.469446 -2.79793 361.422 0.164931 0.382133 929.04 0.637983 0.627846 0.795245 0.737339 596.731 -1.45917 1.33781 1049.36 92.9047
687.765 0.890068 2.61153 452.797 0.112491 -0.819095 1205.05 0.521291 0.317517 0.556283 0.754845 284.46 -1.20027 0.377126 1163.46 -92.9047
481.409 -0.900083 -2.22467 434.545 0.229141 1.03738 1094.61 0.394192 0.7849 0.783378 0.790557 329.979 -0.0444094 1.08101 965.62 92.9047
302.27 -1.48811 0.115613 298.472 1.01765 2.42455 1117.47 0.832053 0.808946 0.783373 0.720569 141.299 1.32535 1.09399 734.179 92.9047
305.55 -1.32502 -1.09525 253.219 -0.800813 0.581161 457.187 0.77632 0.754898 0.824204 0.711699 427.392 2.28743 0.569023 639.627 92.9047
414.668 1.44913 -2.42349 261.486 0.105403 -0.46164 763.461 0.637154 0.626404 0.545386 0.782347 549.851 2.25613 1.21509 711.622 -92.9047
359.68 -1.1256 2.45489 286.165 1.41657 -0.166804 1249.38 0.413247 0.350805 0.80412 0.602908 364.519 -1.91525 1.53434 628.551 92.9047
600.98 -0.963381 1.8876 268.612 -0.158567 0.364688 667.534 0.773776 0.429644 0.769959 0.795537 825.576 -1.49468 1.52582 901.635 92.9047
425.63 -0.0195891 -0.949073 353.174 0.904546 1.46716 857.62 0.577281 0.173729 0.687437 0.82656 451.365 -2.23008 0.722935 842.535 92.9047
392.986 -0.279329 -2.86555 366.668 0.661563 -0.113585 845.203 0.734135 0.801862 0.831429 0.798099 375.695 2.51679 0.212567 847.843 92.9047
501.26 -0.689549 -2.79314 407.025 1.1139 0.769374 1290.43 0.652586 0.669989 0.797558 0.736401 200.839 -1.09025 1.71153 871.418 92.9047
469.891 0.892772 -2.13336 264.995 1.19666 2.13632 625.753 0.607115 0.765245 0.797726 0.746284 465.057 0.231379 0.228858 733.252 92.9047
431.727 -0.461079 2.65159 305.694 -0.358664 -0.936082 717.976 0.739347 0.768823 0.609546 0.816234 306.466 0.709751 0.279994 738.894 92.9047
488.294 0.945698 -2.71818 478.653 -0.946231 0.0623353 1439.89 0.42349 0.587891 0.692851 0.877601 111.539 0.9123 0.37415 987.37 92.9047
527.656 -0.872784 -0.736397 357.379 -0.765305 2.38681 931.241 0.216677 0.323191 0.857427 0.758552 367.425 2.40825 0.049109 876.407 92.9047
370.243 -0.681412 -3.12503 280.968 0.48448 0.310511 782.939 0.21966 0.164614 0.557249 0.589738 411.279 0.48459 0.101908 548.612 92.9047
323.453 0.96615 1.63724 276.142 1.34996 -0.169701 494.735 0.79186 0.822864 0.725298 0.891838 478.838 -1.97898 1.49617 723.031 92.9047
552.56 -0.220198 2.35698 292.33 0.341596 -1.48391 795.603 0.160799 0.686337 0.588282 0.767569 216.807 -0.374604 0.0742242 1073.14 92.9047
455.391 0.706735 2.43943 299.226 -0.29328 -1.04004 843.74 0.755243 0.568386 0.808367 0.447952 470.099 -0.141953 0.796235 748.1 92.9047
652.704 -0.325014 0.0724221 397.055 -0.356439 -3.09131 1037.99 0.57725 0.169695 0.672703 0.712369 18.6671 0.842887 0.77055 1089.67 92.9047
525.868 0.340153 2.87528 253.731 0.962402 -0.10301 772.017 0.783114 0.690963 0.712791 0.647019 114.629 -1.51299 0.095823 890.698 92.9047
1465.31 -0.156123 1.75233 294.59 -0.540588 -1.02615 1432.67 0.647106 0.561061 0.334372 0.70961 1350.28 -1.49443 0.490399 620.162 92.9047
591.411 1.63272 -1.12534 335.32 1.1654 2.87821 848.813 0.825463 0.70769 0.677021 0.693661 566.583 1.19476 0.356674 1026.89 92.9047
471.372 -0.0441828 2.76154 336.925 0.257375 -0.655734 803.861 0.577482 0.220968 0.732829 0.828173 168.011 0.597294 1.06209 908.979 92.9047
670.332 0.151176 0.224031 407.068 -0.549007 2.67904 1059.12 0.38623 0.75154 0.496711 0.712828 233.307 -2.02082 0.176983 1100.06 92.9047
331.847 0.348776 1.37606 271.676 0.854844 -1.90906 638.367 0.339662 0.710236 0.738308 0.690409 307.183 1.82318 0.382315 725.983 92.9047
315.51 0.150659 3.10783 307.812 -0.37672 -0.85293 610.898 0.467846 0.621079 0.537346 0.846853 221.855 0.186766 1.0545 825.848 92.9047
423.541 -0.0300742 0.456672 273.394 0.845022 2.51799 675.013 0.779428 0.827488 0.716372 0.805688 475.828 -2.10669 0.0804367 752.443 92.9047
417.667 -1.26781 1.84678 290.52 0.361936 -0.303251 891.231 0.708404 0.541444 0.709011 0.854193 278.354 -2.4807 1.07253 918.513 92.9047
780.576 -0.197791 -2.88776 284.84 0.310952 0.957081 934.628 0.466803 0.638873 0.676104 0.864361 533.246 0.19068 0.664782 1281.18 92.9047
499.008 0.423058 2.83095 412.738 -0.409187 -1.05413 944.478 0.750278 0.773322 0.73007 0.706711 279.232 1.21448 0.851548 1011.34 92.9047
410.377 -0.797166 0.59473 303.46 -0.562227 1.84948 447.171 0.674161 0.625102 0.660081 0.788481 259.254 -1.65765 0.475169 1024.63 92.9047
357.553 0.379548 -2.05106 328.679 -0.689585 2.07177 725.918 0.768441 0.690026 0.764781 0.782028 349.467 -0.494761 1.13426 710.41 92.9047
350.315 2.03538 -1.84167 346.105 0.843102 0.371993 777.431 0.747126 0.726031 0.915445 0.704886 23.9434 2.11759 0.0565658 941.993 92.9047
431.055 0.455283 2.67234 390.224 0.456767 0.170265 791.958 0.754294 0.771145 0.842593 0.705218 468.309 -1.68785 0.392905 829.726 92.9047
311.583 0.85929 -1.52134 305.739 -0.837413 1.12743 843.04 0.615672 0.610028 0.709294 0.783944 261.978 -2.72184 1.0459 800.257 92.9047
1413.74 0.104602 2.33786 384.568 0.773777 -0.728838 1577.5 0.665211 0.494664 0.809134 0.38668 313.161 -1.02481 0.253089 1856.63 92.9047
318.642 -1.65613 2.12019 293.288 0.654275 -1.12224 1071.57 0.765701 0.717268 0.876621 0.607466 86.4823 -2.18147 1.04427 589.484 92.9047
425.813 0.961673 -1.15238 350.743 1.18511 2.24533 777.086 0.759212 0.765417 0.743928 0.8289 341.216 1.61087 0.0511795 873.869 92.9047
400.328 0.507731 -2.96176 278.017 -1.23241 0.847538 920.817 0.568664 0.620475 0.726632 0.592819 305.521 -1.18451 0.298611 745.547 92.9047
436.003 0.271257 0.0769593 340.019 -0.839865 -2.27206 848.915 0.735223 0.79419 0.778151 0.727351 180.736 2.58543 0.134747 825.799 92.9047
404.03 0.773796 0.796275 350.852 -0.370508 -1.70724 862.105 0.692856 0.47538 0.817426 0.750984 344.356 2.79388 0.344241 775.287 92.9047
477.159 -0.912096 -0.198142 255.384 -1.47892 1.46093 566.42 0.800499 0.681977 0.734408 0.777473 476.56 -3.01415 0.562544 877.659 92.9047
602.268 0.912809 -2.29714 327.632 0.344846 0.940889 947.095 0.777987 0.741096 0.807474 0.691826 84.6847 -0.785886 1.50858 871.418 92.9047
529.322 -1.00724 -2.59261 254.984 -0.659796 1.47821 689.106 0.453149 0.724058 0.835184 0.720523 372.091 -0.408576 0.0939451 872.495 92.9047
424.505 -0.0980443 0.619162 259.716 0.0229757 2.78553 613.837 0.57637 0.562486 0.820306 0.757827 858.89 -2.15821 0.0212417 700.789 92.9047
376.076 -0.280904 -2.16125 357.188 -1.35183 -0.601781 669.496 0.768751 0.761721 0.719636 0.669606 386.099 2.12948 0.18532 597.139 92.9047
733.865 -0.202685 -1.64256 394.609 -1.58841 1.33747 1355.98 0.260549 0.314704 0.558976 0.821427 268.301 2.91235 1.5785 1183.51 92.9047
433.151 -0.474089 -1.88672 408.727 0.653796 1.75939 966.036 0.678463 0.682879 0.75544 0.753979 308.793 1.03131 0.73313 850.567 92.9047
613.989 -0.312781 1.70356 499.356 0.00981388 -1.26288 1126.43 0.768899 0.260165 0.763603 0.750589 55.6297 -0.273844 0.989819 1156.3 92.9047
485.601 -0.257148 -0.81627 280.566 -0.115934 1.62763 735.615 0.562984 0.266087 0.523582 0.652474 465.583 -3.07857 1.42314 742.395 92.9047
393.22 -0.356341 0.881042 285.591 -0.00468941 -2.70762 676.861 0.507416 0.727593 0.672172 0.762187 443.519 -1.09732 1.60712 645.258 92.9047
287.081 -1.26142 -2.45619 264.614 0.825676 -0.201065 857.175 0.775644 0.762752 0.742768 0.86331 115.741 -2.76911 0.31214 782.041 92.9047
346.587 -0.115493 0.91843 251.784 -0.0576722 -0.820502 464.898 0.761195 0.821708 0.809903 0.674748 777.904 -2.55042 0.0672095 636.636 92.9047
434.919 1.04478 -1.64325 385.985 0.320912 0.632484 810.224 0.743658 0.806711 0.836406 0.706403 267.249 -2.40047 0.758307 1115.45 92.9047
621.111 -0.250882 -2.16911 296.022 -0.659966 0.484216 866.86 0.508533 0.581061 0.585028 0.424642 413.416 2.32442 1.77877 906.043 92.9047
433.874 0.987832 -1.92731 254.242 -0.433984 0.639346 825.778 0.56319 0.719518 0.714078 0.551794 356.201 1.05285 0.395054 722.506 92.9047
347.759 1.10561 -0.725478 276.102 0.131616 2.88789 692.46 0.676876 0.392153 0.738814 0.733946 400.384 2.20698 0.609816 628.128 92.9047
567.421 -0.51005 -0.230547 405.099 0.269167 -2.73936 999.291 0.234775 0.464073 0.735241 0.789688 235.076 0.788256 0.812409 1069.24 92.9047
299.769 -0.907061 2.68889 287.578 -0.84238 -2.14064 426.563 0.522984 0.558056 0.85839 0.871339 156.72 0.822331 0.842552 766.902 92.9047
607.837 -0.0289811 2.35259 534.252 0.575231 -0.473372 1211.05 0.528079 0.13076 0.696128 0.653497 220.976 -2.14423 1.58864 1125.33 92.9047
297.371 -1.11637 -2.51061 253.648 2.62764 0.841063 1832.47 0.773169 0.625751 0.715236 0.850081 53.2616 -0.91967 1.59682 507.113 92.9047
293.245 0.144336 -1.19851 268.109 1.24855 2.25007 646.298 0.709582 0.7041 0.775619 0.580247 67.5356 -0.366917 0.35028 598.207 92.9047
348.038 -0.703493 -1.15665 340.686 1.1025 2.01702 1011.43 0.373067 0.615112 0.786924 0.447608 242.852 -0.623662 0.502233 695.364 92.9047
475.994 0.484432 -1.67753 343.65 0.394017 1.16902 832.354 0.360011 0.182245 0.674031 0.565899 367.177 -2.80125 1.12025 813.217 92.9047
660.449 -0.845556 2.38229 521.019 -0.62303 -0.334482 1163.89 0.720103 0.624195 0.682488 0.676014 158.036 -2.51126 0.0594859 1288.95 92.9047
862.623 -0.226526 1.78535 695.313 0.519803 -1.94487 1605.37 0.727708 0.764849 0.734199 0.720545 338.702 -0.0296758 0.40277 775.976 92.9047
347.314 0.280594 0.314516 318.136 0.524873 2.95344 687.068 0.350013 0.145932 0.391445 0.848961 190.672 -1.41332 0.00699258 701.769 92.9047
462.133 0.553338 -2.15525 251.821 0.466737 0.581978 689.751 0.774993 0.737841 0.809949 0.799996 556.85 1.15393 0.161102 777.502 92.9047
456.814 0.618285 0.333141 418.195 -0.696641 -2.5364 1069.58 0.676252 0.669878 0.697584 0.592582 311.478 1.70516 0.817809 893.976 92.9047
387.911 -0.237976 -0.557742 381.596 -1.07713 2.27344 847.693 0.681037 0.777829 0.609749 0.819263 240.856 -1.30784 0.765551 751.5 92.9047
395.293 0.202023 2.90715 262.671 -0.574384 -0.739863 686.074 0.777552 0.679383 0.734598 0.866249 410.071 1.13225 1.76803 629.363 92.9047
339.984 2.16621 -2.51396 272.867 0.832061 0.878664 807.168 0.53347 0.212888 0.715498 0.667404 164.09 -2.68804 0.162846 743.426 92.9047
532.217 0.502536 0.23171 459.878 -0.654986 2.66603 1112.72 0.589353 0.483243 0.769279 0.541798 271.653 -2.89069 0.726945 1112.23 92.9047
516.261 -0.135551 3.00978 336.413 1.08094 -0.900889 945.856 0.623593 0.165398 0.744276 0.659396 329.429 0.529278 0.882044 1039.15 92.9047
334.955 -0.558855 2.65121 304.974 -0.48402 -1.0889 629.361 0.549287 0.289243 0.559949 0.669895 225.631 0.63593 1.34227 624.071 92.9047
707.177 0.197596 -0.29713 291.851 1.49428 2.52561 1115.64 0.81672 0.39984 0.665086 0.810124 355.612 -2.92745 0.547772 960.326 92.9047
324.349 0.336059 1.2141 281.353 -1.78961 -2.52516 981.415 0.552624 0.806905 0.727232 0.655357 300.709 -1.58528 0.949435 615.39 92.9047
364.905 -0.700704 0.666244 283.908 0.458823 -2.02693 751.898 0.535701 0.53107 0.698573 0.695008 386.568 2.54267 1.70906 618.069 92.9047
324.09 0.929543 0.56907 285.253 0.46595 -2.76951 639.768 0.659763 0.789486 0.819378 0.657494 150.285 2.25343 1.22066 625.769 92.9047
512.026 -0.43483 -2.16148 296.046 1.11502 1.56732 1010.81 0.752792 0.800207 0.845025 0.820897 286.853 -0.0768971 1.6449 887.529 92.9047
483.337 -0.73939 -0.568479 253.985 -0.773369 -2.75079 634.061 0.342332 0.411179 0.726358 0.695821 450.452 1.79864 0.0728525 750.017 92.9047
350.817 -0.409456 -2.24007 259.715 -0.227143 1.28397 603.839 0.737918 0.800781 0.720718 0.674256 82.0527 -0.665334 0.140144 745.581 92.9047
484.681 -0.557375 -1.6251 402.444 -1.91039 1.76424 1101.27 0.80695 0.808313 0.739772 0.821668 161.792 1.40773 0.356751 963.208 92.9047
605.573 -0.807258 1.62575 375.708 0.417131 -0.20922 988.496 0.321443 0.395179 0.826762 0.643736 493.105 -2.54369 0.497303 1158.13 92.9047
463.138 -1.36219 -2.43416 414.545 0.0565036 0.617332 1117.93 0.711168 0.416506 0.835345 0.56861 365.928 -0.786328 1.37547 1097.68 92.9047
324.405 0.589119 -1.62971 289.366 -1.18935 1.36525 889.663 0.444194 0.193127 0.770996 0.810758 230.883 0.090237 1.17473 737.897 92.9047
396.697 0.813837 -2.3541 384.64 1.04065 0.836757 809.867 0.586649 0.721027 0.670373 0.676668 156.639 -3.10314 0.723869 798.433 92.9047
378.345 -0.244991 1.57039 285.178 -1.51369 -1.0726 784.957 0.65227 0.769666 0.858995 0.852935 320.63 -2.94948 1.77291 629.262 92.9047
329.632 0.989553 -0.942231 276.175 1.35487 1.13297 551.171 0.757719 0.650812 0.856226 0.77061 628.2 2.95964 1.50579 619.168 92.9047
328.703 -0.212524 2.66426 258.898 -0.352338 0.488044 535.87 0.732792 0.681294 0.857328 0.752693 288.892 -2.30264 1.31509 754.201 92.9047
379.729 0.397996 -2.41686 254.269 -0.0232857 1.87023 581.956 0.229326 0.440572 0.688405 0.592758 388.482 -0.413164 0.367987 761.981 92.9047
507.934 1.01102 0.210954 326.471 0.610553 -1.29647 597.614 0.657734 0.564463 0.846384 0.534621 162.389 2.96856 0.369437 1007.67 92.9047
521.447 -0.582574 2.77691 277.747 0.689197 -0.168206 935.577 0.742448 0.371549 0.657689 0.757243 175.355 -1.65517 0.790286 788.747 92.9047
608.753 0.785294 1.65081 398.898 -0.656905 -1.17549 1252.86 0.717673 0.828541 0.787719 0.827075 266.402 -0.579504 0.596305 1019.99 92.9047
590.208 0.580331 2.1474 266.046 0.700845 -0.888999 817.215 0.282136 0.835818 0.852859 0.613125 160.473 2.68454 0.116265 833.876 92.9047
403.429 0.396747 -1.09818 284.13 -0.912882 1.64477 829.825 0.760318 0.557043 0.710969 0.812617 197.033 -2.55022 1.45465 659.71 92.9047
588.157 -0.82632 3.12647 392.442 -1.2554 -1.31175 816.344 0.491725 0.493438 0.777472 0.806676 600.133 0.552138 0.598962 1263.36 92.9047
358.327 0.790365 -3.05445 301.782 -1.21245 -0.33465 1012.37 0.651089 0.542663 0.690539 0.797358 301.701 1.40671 1.28502 662.639 92.9047
400.628 -0.403334 -0.920268 374.937 0.0476719 1.72701 783.886 0.740504 0.761688 0.74531 0.806805 324.219 -2.80868 1.7403 744.154 92.9047
506.308 1.02496 1.23671 322.013 1.64549 -1.30955 827.742 0.80624 0.628321 0.777755 0.811479 321.432 0.542998 0.692002 930.236 92.9047
457.261 -0.610559 -1.24352 333.611 0.102209 2.36621 820.622 0.623752 0.56418 0.67892 0.707882 464.861 1.84887 0.525232 815.43 92.9047
339.676 0.0154531 -0.585438 268.044 0.273949 2.97318 629.385 0.262662 0.697349 0.759592 0.681975 208.085 0.910495 0.47915 642.641 92.9047
882.149 -1.05251 2.97694 431.816 -0.0573353 -0.266852 1402.69 0.72417 0.762523 0.766487 0.687036 1005.63 0.00853836 0.274856 1296.14 92.9047
405.1 -0.336673 -1.85969 274.25 1.19374 1.38446 880.893 0.508732 0.336581 0.682378 0.820943 201.71 -0.121382 1.50623 733.149 92.9047
535.484 -0.22518 2.61781 302.503 0.046936 0.0447986 792.883 0.791948 0.6841 0.733863 0.782524 418.66 -2.14423 0.881951 835.914 92.9047
564.677 0.789925 -1.24699 358.14 0.80267 1.69993 912.396 0.792175 0.601642 0.780672 0.568084 280.91 2.30894 0.586871 899.87 92.9047
566.46 -0.369318 1.38451 275.408 0.136138 -1.87759 826.683 0.570738 0.734015 0.85955 0.650371 392.941 -0.513724 1.35595 1009.08 92.9047
963.19 0.447121 0.246543 268.164 0.836252 -2.88087 1044.48 0.869351 0.542533 0.775649 0.818758 716.209 -2.62814 0.260787 1344.92 92.9047
468.832 0.945879 1.90261 311.405 0.445999 -0.583394 780.241 0.491132 0.702169 0.833327 0.837253 435.814 -2.49355 0.808037 801.626 -92.9047
404.282 -0.191601 0.309143 344.056 -0.0155292 -2.79709 767.405 0.563969 0.547031 0.79243 0.66466 106.229 -2.43245 0.122615 723.023 92.9047
593.139 0.673516 -3.02275 259.172 -0.967842 0.76842 1054.86 0.70048 0.335497 0.858295 0.677719 560.752 -0.643865 1.06365 819.787 92.9047
305.364 0.722892 -2.58604 285.175 0.783128 0.85427 602.446 0.772669 0.520432 0.835252 0.784779 186.285 -0.659062 1.44257 565.534 92.9047
370.956 0.267635 0.369456 300.863 -1.0179 -3.11462 808.087 0.811886 0.665019 0.842528 0.77552 289.816 -2.56114 0.553188 731.876 92.9047
492.635 -0.754912 -2.37132 293.822 -1.01293 1.22007 767.637 0.465084 0.837787 0.797335 0.718952 255.035 -0.539534 1.76751 740.796 92.9047
417.258 0.659006 2.24354 349.946 -1.04461 -1.92922 991.822 0.583542 0.684267 0.689824 0.730336 250.634 -0.367845 1.13173 988.281 92.9047
418.91 0.826267 -3.12474 282.389 -0.61535 -0.389381 882.589 0.818113 0.739243 0.634945 0.778175 224.464 1.48504 1.62606 658.324 92.9047
403.577 -1.05161 -0.373613 349.811 0.0990195 -3.02025 876.069 0.529405 0.491882 0.651324 0.516358 319.505 2.04093 1.2239 930.129 92.9047
320.149 0.77404 -0.61361 294.227 0.30894 -2.95477 619.584 0.26025 0.651803 0.742772 0.613904 398.993 1.73104 1.59241 609.032 92.9047
288.051 0.530036 -2.63746 254.002 0.796586 -0.0559104 545.276 0.807051 0.714718 0.75451 0.807207 229.45 -1.34306 1.27184 548.49 92.9047
387.53 0.446994 -2.45475 264.536 1.24626 0.704304 717.781 0.660942 0.384923 0.861833 0.610038 131.815 1.75174 0.926603 630.262 92.9047
433.075 -0.727218 -2.6601 319.949 0.894921 1.47155 949.928 0.632537 0.815175 0.771328 0.755897 551.433 -0.435679 0.332148 842.571 92.9047
303.804 0.412542 -0.487536 271.987 -0.169941 2.86756 608.765 0.719829 0.744941 0.733482 0.830323 278.026 -2.3931 1.03173 628 92.9047
390.076 0.85383 -2.41177 313.106 0.247161 -0.809476 556.878 0.638292 0.753909 0.564494 0.699125 143.349 0.561864 0.256542 878.588 92.9047
305.952 0.670156 1.0148 253.539 -0.876486 -2.69517 739.978 0.550062 0.5733 0.754342 0.837578 464.275 -1.01105 1.62291 536.639 92.9047
406.788 -0.306221 2.44472 292.499 -0.754358 -1.32261 688.575 0.764514 0.787167 0.755891 0.843904 326.221 0.624717 1.41873 688.088 92.9047
722.597 -0.822502 -3.05452 253.205 -0.543768 -0.529174 832.874 0.743936 0.767732 0.718588 0.68064 514.044 0.485747 0.410561 989.016 92.9047
346.534 0.637921 2.43303 328.761 1.29934 -0.546579 751.59 0.378042 0.442173 0.556436 0.725215 200.388 2.47079 0.196007 662.719 92.9047
287.011 -0.959535 -0.293614 280.391 1.09036 2.83848 906.803 0.591453 0.558519 0.864185 0.804443 238.188 -0.757436 0.426527 642.975 92.9047
369.986 0.398166 0.241359 363.322 0.843158 3.08623 753.969 0.695314 0.5438 0.545974 0.632507 168.416 -2.14226 0.56897 776.509 92.9047
463.152 0.404119 -2.8133 288.778 -0.325373 -0.719616 702.322 0.782381 0.447399 0.787665 0.726194 341.28 -2.56574 0.24858 890.016 92.9047
383.508 -0.719667 -2.30063 269.664 -0.754696 0.30236 637.141 0.574484 0.756255 0.801923 0.823563 448.584 2.48617 0.425582 639.763 92.9047
358.962 0.704035 -0.883259 346.289 0.0127676 2.89565 725.743 0.630583 0.720435 0.763278 0.675325 433.629 0.674805 0.212316 702.137 92.9047
412.531 0.191611 -1.34131 390.879 -0.795527 1.38765 902.341 0.311689 0.77166 0.715961 0.663105 314.443 -2.5328 0.601114 816.7 92.9047
580.16 -0.667838 -0.0546836 395.576 -1.05292 2.78554 977.449 0.56155 0.735412 0.699929 0.844709 190.437 -2.36553 0.0836804 978.958 92.9047
312.097 0.688669 2.29522 289.045 0.545701 0.487088 494.092 0.829705 0.62073 0.777775 0.733237 687.015 -1.43685 0.889878 628.341 92.9047
569.59 0.850378 3.09956 367.652 0.597457 -0.411321 915.081 0.790627 0.647395 0.738162 0.561202 371.662 1.47355 1.62853 994.904 92.9047
368.224 0.786531 -2.02218 282.406 1.48276 1.81231 659.799 0.839716 0.460539 0.670201 0.830352 372.536 -0.112587 0.072834 698.5 92.9047
649.539 0.00105051 0.0503696 272.887 0.43377 -1.70478 689.707 0.41433 0.71103 0.700179 0.683516 602.415 3.01752 0.322054 993.025 92.9047
803.376 -0.790309 -0.250447 283.834 -1.46599 -2.91015 992.837 0.42093 0.527237 0.437387 0.797034 159.575 1.61682 0.633289 1155.24 92.9047
448.617 -0.791926 -0.0286542 368.722 -0.662113 -2.47777 792.342 0.190175 0.584019 0.840582 0.602181 58.6186 0.578671 0.563638 909.897 92.9047
553.231 -0.181194 -1.51573 373.037 0.853095 0.939807 1038.71 0.083275 0.705089 0.721221 0.691144 558.141 2.40905 1.46677 948.011 92.9047
338.396 0.168012 1.25565 260.633 -1.14106 -3.05402 671.11 0.592473 0.526604 0.755893 0.527144 248.205 -1.83914 0.328224 739.246 92.9047
618.098 0.478766 0.406519 443.571 -0.023192 -2.6048 1089.76 0.620984 0.7953 0.692333 0.768535 274.858 0.632042 0.227622 1154.18 92.9047
1060.9 0.596433 -1.42355 618.291 -0.352116 1.72776 1817.92 0.71404 0.722325 0.75474 0.674593 399.631 1.61968 0.100367 1675.11 92.9047
290.143 0.648336 -2.10125 265.9 0.126828 0.556238 583.555 0.190423 0.737052 0.813406 0.740569 318.453 1.54999 0.449778 605.2 92.9047
517.287 -0.578201 1.58482 309.95 -0.363417 -0.879131 780.002 0.673091 0.366054 0.676841 0.704336 265.246 -2.40064 0.425494 966.864 92.9047
708.409 -0.253367 -2.84792 295.614 0.927482 1.12425 1027.25 0.215027 0.39664 0.534262 0.70385 487.94 -0.20464 0.754791 1006.88 92.9047
348.84 -0.868204 1.19491 272.913 -0.207708 -2.39885 681.777 0.238427 0.731277 0.745304 0.740488 444.189 -1.44887 0.711856 706.146 92.9047
555.232 -0.856313 2.59646 267.465 0.320124 -1.29137 871.944 0.463456 0.827069 0.825833 0.817086 332.873 -0.386888 0.90858 871.369 92.9047
366.421 1.0619 2.71309 268.151 0.218792 -1.80324 569.326 0.549586 0.644277 0.784105 0.836413 141.842 0.712747 0.966195 1063.24 92.9047
817.459 -0.0215192 -1.19823 552.077 0.737125 1.1152 1349.27 0.485675 0.44132 0.82099 0.659641 681.382 3.12569 1.70524 1357.18 92.9047
486.298 0.850097 0.974962 275.208 0.203674 -2.42141 773.854 0.501476 0.762377 0.7043 0.74136 83.4114 -0.201173 0.8855 764.966 92.9047
562.36 -0.642952 -1.68773 517.506 -0.0143566 1.43347 1144.16 0.815055 0.814571 0.766314 0.72028 680.009 -2.21751 0.284058 1266.82 92.9047
318.99 -1.46143 -1.08006 266.491 0.0094483 -0.0662201 571.242 0.794562 0.533152 0.83751 0.780251 635.912 2.4358 0.451245 611.401 92.9047
316.512 -0.85227 0.216136 311.111 1.43365 2.84282 1080.06 0.725799 0.796549 0.678257 0.871057 171.229 1.16709 0.949239 743.09 92.9047
925.971 -0.486953 -1.36926 541.591 -0.449208 1.5709 1450.31 0.672341 0.412125 0.582425 0.448146 395.422 2.61531 0.893903 1467.2 92.9047
565.201 -0.334894 0.540675 514.32 -0.750605 3.01802 1057.42 0.785905 0.743835 0.719104 0.801532 346.518 -0.986992 0.137944 1152.94 92.9047
313.376 0.277403 2.49607 250.274 1.27318 -1.98031 536.328 0.815812 0.683116 0.783521 0.759756 750.159 0.730426 0.00465268 618.905 92.9047
601.475 0.284254 -0.856102 575.442 -0.185327 2.94953 1154.59 0.45995 0.540939 0.690746 0.754194 420.968 1.25277 0.77772 1177.85 92.9047
737.588 -0.290719 2.34575 402.574 -0.305389 -0.42874 1088.78 0.515323 0.473475 0.743501 0.351841 561.782 -1.723 0.937636 1143.83 92.9047
297.825 -1.71923 2.31947 283.89 0.284613 -1.86494 870.876 0.659063 0.765714 0.837419 0.731452 457.646 0.845945 0.29636 755.093 92.9047
536.572 -0.356484 1.02396 364.084 1.38835 -2.01951 1255.42 0.57734 0.394432 0.812028 0.820706 115.244 1.8745 0.444548 885.617 92.9047
296.215 -1.60207 1.17129 271.258 -1.26417 -0.718724 488.133 0.739922 0.564054 0.697779 0.645161 243.176 -2.37211 0.616343 682.36 92.9047
347.897 -0.0229336 -2.88109 313.236 -0.851914 0.793369 703.101 0.729845 0.681014 0.576382 0.711779 128.914 -1.61402 0.812052 707.172 92.9047
664.516 0.0648488 0.803421 332.536 -0.114468 -2.26776 957.326 0.483526 0.672768 0.726583 0.801763 283.574 2.73557 1.29868 1094.99 92.9047
725.344 -0.186341 3.09201 545.608 0.713857 0.240158 1411.09 0.426258 0.309855 0.785817 0.689978 466.503 0.0803195 0.254714 1326.38 92.9047
313.275 0.749929 2.48284 275.724 0.36175 0.020251 599.161 0.290991 0.21261 0.852993 0.704119 441.2 -1.67733 0.11801 630.469 92.9047
379.836 -0.970293 -1.04403 300.934 0.447876 1.69665 864.427 0.523841 0.726779 0.668887 0.651748 260.584 -2.23662 0.0900192 670.925 92.9047
437.929 0.794171 -2.17498 271.514 0.816262 2.51652 513.242 0.682117 0.472032 0.719637 0.708829 244.538 -1.5139 0.193111 846.002 92.9047
758.686 -0.875903 -2.60418 346.045 -0.36829 0.0549969 1039 0.654366 0.595065 0.691934 0.786938 367.572 1.82016 1.7616 1085.24 92.9047
525.238 0.35397 2.73427 341.078 1.19464 -0.161604 944.442 0.660472 0.3607 0.603617 0.627214 355.135 -0.741244 0.0114861 900.181 92.9047
289.338 -0.196475 0.273585 270.19 0.725623 -3.09883 632.492 0.672376 0.325239 0.728674 0.804457 255.152 -3.09153 0.068213 576.889 92.9047
647.284 -0.755356 2.99613 438.291 -0.375731 -0.361737 1104.83 0.748576 0.500844 0.730524 0.775545 113.127 0.607324 0.209478 1096.53 92.9047
406.142 0.831288 2.00551 309.557 1.92316 -0.702647 815.618 0.541391 0.815195 0.775501 0.704128 362.295 -1.19012 0.08979 815.508 92.9047
505.57 -0.722902 0.661029 339.272 1.07535 -2.5732 1210.26 0.635463 0.495002 0.865032 0.817245 104.322 -0.604714 1.25604 796.646 92.9047
384.689 1.48121 2.36105 350.309 -0.59468 0.309181 1114.05 0.724111 0.431358 0.880703 0.748652 491.245 -1.33914 0.804924 722.492 92.9047
431.486 0.246617 1.22096 293.105 -0.51786 -0.975965 709.066 0.768704 0.516724 0.770657 0.696454 216.496 -2.09249 1.10784 890.441 92.9047
703.898 -1.07057 -2.10324 265.177 0.943617 0.756203 1343.74 0.412204 0.712564 0.736047 0.585775 81.7924 -2.42733 0.328252 1002.45 92.9047
532.03 -0.0837242 0.746828 455.972 0.581784 -2.92281 1022.71 0.524132 0.309084 0.680182 0.694199 357.734 -0.859364 1.16893 980.692 92.9047
349.515 0.0167332 0.0466774 312.288 0.928824 2.42438 709.843 0.771365 0.275742 0.826424 0.709596 464.264 -1.61642 0.289933 720.875 92.9047
281.927 0.282662 0.685364 258.178 2.35558 -2.35138 870.432 0.325185 0.545916 0.730549 0.872009 293.314 -2.30602 0.000984192 561.468 92.9047
456.055 -0.293623 1.07482 426.738 0.16849 2.57892 675.85 0.391277 0.704754 0.892914 0.758959 864.974 -1.15299 1.26125 484.133 92.9047
426.534 1.59349 -1.95346 381.044 -0.200434 -0.158964 1046.8 0.805543 0.688468 0.759334 0.68725 346.846 2.76448 1.44483 1032.64 92.9047
582.46 0.329899 -1.85967 400.418 0.705255 1.89377 944.537 0.543553 0.393947 0.913316 0.763631 503.738 0.0124119 1.87152 966.035 92.9047
1261.8 0.530509 -0.997146 790.33 0.295935 2.38727 2010.29 0.668609 0.774549 0.801174 0.692313 336.684 0.566225 1.56482 2038.95 92.9047
423.82 0.246052 2.95952 321.034 0.49475 -0.615514 760.799 0.323186 0.729902 0.827209 0.863716 227.93 1.21041 1.41108 779.604 92.9047
279.061 -1.0303 -1.38682 265.522 0.255516 1.73484 683.363 0.349542 0.614081 0.588557 0.71137 482.275 -2.2836 0.590951 701.578 92.9047
667.94 0.406498 0.85507 577.132 0.271525 -1.0594 1023.21 0.727899 0.743956 0.645635 0.651791 609.805 -3.02051 0.233946 1359.93 92.9047
580.2 -0.838185 1.8115 429.109 0.12539 -0.957447 1104.3 0.69196 0.670593 0.813694 0.630457 266.615 -2.48783 1.52782 998.831 92.9047
1233.36 -0.897275 -0.153361 832.43 -0.589138 2.89418 2055.92 0.45956 0.548463 0.842139 0.561793 269.966 -2.01157 1.37844 2050.93 92.9047
409.911 -0.850228 1.80229 256.456 -0.270643 -1.15034 688.028 0.730418 0.650544 0.801469 0.603455 440.293 -0.975839 0.208165 859.371 92.9047
463.022 -0.374839 -2.36539 439.408 0.560584 -0.148812 944.356 0.55676 0.144415 0.629057 0.789936 568.382 1.58715 0.774432 990.33 92.9047
438.76 1.12522 -2.08574 344.928 -0.558872 1.35091 1075.99 0.474258 0.315002 0.542206 0.709108 308.917 -0.298355 1.64525 766.228 92.9047
608.205 1.10313 -1.89108 345.309 -0.0356022 0.626657 1044.57 0.817303 0.278378 0.724547 0.668151 508.6 2.13972 0.764282 972.277 92.9047
353.486 -0.905701 2.92816 342.5 1.11758 -0.816285 1093.55 0.79948 0.305114 0.810281 0.802527 389.059 2.00619 0.269597 707.859 92.9047
266.531 0.0866707 -1.47577 263.572 0.253966 1.91794 544.062 0.43622 0.739843 0.633426 0.689191 250.834 0.710763 1.20454 515.067 92.9047
583.946 -0.928205 -1.90066 295.494 0.381428 1.6316 1009.74 0.661866 0.612898 0.70809 0.83895 308.736 -0.70058 0.17277 895.299 92.9047
508.848 1.51229 -2.75497 250.454 0.562419 1.43645 734.721 0.620483 0.436007 0.461901 0.622638 302.129 0.13544 0.600642 937.024 92.9047
326.941 -0.435453 0.727551 254.6 -1.5893 -1.86614 671.381 0.657796 0.731208 0.731007 0.82817 328.472 2.34702 1.4077 568.387 92.9047
475.028 0.702389 0.0579875 327.793 -1.41003 2.21957 1220.1 0.367516 0.793535 0.572398 0.825751 609.435 -2.62006 0.795235 823.782 92.9047
537.572 -0.567639 -1.21006 262.968 0.446871 0.402482 693.296 0.430402 0.832528 0.767246 0.77514 908.411 2.10395 1.70022 866.628 92.9047
321.818 0.223025 0.0471825 315.698 0.546094 -2.85382 650.923 0.772851 0.701652 0.84739 0.775607 119.335 0.855329 0.812367 681.746 92.9047
604.675 -1.49704 -1.40156 550.346 -1.12723 2.43344 1125.7 0.368755 0.780752 0.824848 0.784593 522.89 0.355979 0.0967938 1133.51 92.9047
391.5 0.9027 1.08036 370.561 -0.920979 -1.64144 1101.54 0.767126 0.621578 0.71408 0.770081 382.494 -2.56001 0.52158 723.302 92.9047
429.773 0.227162 -2.23923 265.85 -0.258621 0.133536 655.552 0.634135 0.574114 0.74451 0.697185 237.099 0.956711 0.828947 874.618 92.9047
312.434 0.214592 -1.38883 261.848 1.16333 0.072009 484.371 0.788804 0.579511 0.884673 0.728045 873.316 1.9775 1.78747 628.656 92.9047
522.607 -0.343527 1.81579 252.079 -0.630369 -0.587003 700.394 0.709758 0.75841 0.839334 0.739433 363.168 -1.86531 0.435684 940.831 92.9047
315.728 0.759363 -0.180044 298.202 0.447205 -2.60853 621.052 0.664839 0.243326 0.735121 0.708527 656.632 1.96893 1.52094 607.173 92.9047
1001.38 -1.35411 2.58251 381.761 1.07274 0.0743428 2243.82 0.759066 0.550927 0.842735 0.458696 427.702 -1.69564 0.628411 1439.55 92.9047
548.757 -0.164998 1.87911 295.145 0.228127 -1.87715 791.881 0.73325 0.671517 0.709016 0.801849 359.977 -0.00108623 1.87869 824.142 92.9047
456.031 2.03631 1.68197 452.655 1.06146 -2.21531 969.817 0.615412 0.63151 0.838012 0.801287 427.68 1.09159 0.582289 1148.55 92.9047
422.126 -0.946688 2.37461 373.978 -1.20256 0.0199792 757.261 0.356008 0.659402 0.802281 0.73673 237.593 -2.2324 0.410825 934.474 92.9047
340.392 0.323276 -2.86119 294.122 0.808043 0.358487 667.59 0.513985 0.553275 0.554043 0.512689 126.67 -0.775857 1.13347 631.398 92.9047
454.694 0.394924 2.50692 414.706 -0.23605 -1.71736 801.989 0.70131 0.637101 0.705423 0.747347 642.883 0.0928076 0.067391 878.605 92.9047
1126.31 -0.0398906 -1.27669 366.288 -0.327734 1.94881 1316.2 0.175947 0.41763 0.818385 0.820414 454.765 1.20178 0.772546 1561.26 92.9047
305.138 0.162441 1.39955 254.637 -0.672157 -0.978275 591.833 0.676997 0.373428 0.671429 0.781563 444.446 -2.91167 1.46912 524.204 92.9047
508.368 0.818434 -0.135385 354.332 -0.248016 2.11969 942.816 0.392828 0.520659 0.513776 0.449234 891.8 -2.71732 1.43903 845.703 92.9047
395.34 0.244654 2.67148 357.635 -1.84052 -0.308063 1204.05 0.513184 0.357995 0.658801 0.77087 112.686 -2.0272 1.58279 735.187 92.9047
337.18 -0.409168 1.91796 263.16 -0.754203 -1.88747 588.462 0.479637 0.755143 0.802531 0.797341 484.974 0.0532652 0.397334 670.088 92.9047
540.592 0.0027099 2.75431 300.395 -0.434406 0.440625 826.406 0.254004 0.374374 0.611471 0.734274 663.981 -1.25457 0.45992 905.869 92.9047
320.465 0.0201819 3.0051 277.057 0.535699 0.354552 616.435 0.813982 0.246407 0.750153 0.791311 361.933 -2.6218 0.663496 789.732 92.9047
896.487 0.156855 -2.81093 562.314 0.282793 0.44946 1473.77 0.340102 0.14438 0.833298 0.759756 378.362 -1.20282 1.5024 1450.55 92.9047
474.266 -0.598562 2.99673 271.123 -0.932898 0.188762 732.713 0.781393 0.273298 0.866394 0.836231 381.04 -1.07013 1.11995 729.555 92.9047
378.962 -0.324254 -2.23221 378.675 -1.42248 0.427433 886.482 0.594582 0.782553 0.73342 0.782547 268.827 2.23318 1.75909 703.084 92.9047
342.245 -1.69499 -1.17416 278.045 -0.0318274 2.68785 818.592 0.756414 0.46231 0.776709 0.660173 122.766 2.58719 0.104182 789.956 92.9047
334.225 -1.43356 -2.4975 318.211 -0.200279 1.05543 783.104 0.623829 0.772886 0.796931 0.836942 350.9 -0.659483 1.72623 610.729 92.9047
781.419 0.226729 2.20415 261.174 0.186413 -0.486558 913.7 0.207928 0.469759 0.819839 0.635604 468.781 -2.45649 1.25697 1028.62 92.9047
697.731 0.0591128 -0.55903 358.746 -0.510727 1.96794 1001.68 0.614271 0.746451 0.784107 0.686648 402.621 2.94994 0.980437 1149.26 92.9047
330.086 -0.124003 -1.20579 256.203 -0.295251 1.74293 592.135 0.690504 0.625651 0.79407 0.73892 194.054 1.8877 0.122461 661.589 92.9047
677.054 -0.184258 -0.777171 369.326 0.714759 2.20795 1133.27 0.177626 0.210285 0.573066 0.713252 294.7 2.89855 0.158292 1040.99 92.9047
784.366 0.522932 -1.46862 290.722 0.356862 1.23443 944.555 0.325685 0.379536 0.820037 0.819733 223.725 2.05986 0.640608 1164.55 92.9047
534.224 -0.595844 -2.945 291.808 1.36878 0.850364 1179 0.8168 0.372462 0.726398 0.76936 275.661 0.407443 0.445518 850.702 92.9047
435.765 0.494746 -0.00811484 260.302 0.742032 -3.05432 719.539 0.547434 0.702198 0.520439 0.795469 352.653 0.34046 0.126407 666.739 92.9047
456.28 -0.180126 -0.630369 309.039 -0.91609 2.11754 810.605 0.511724 0.249154 0.700012 0.716778 90.6134 1.83075 0.277439 888.145 92.9047
538.644 -0.922636 0.0328028 274.549 1.23335 -2.92671 1265.53 0.734774 0.779925 0.732065 0.804017 176.539 2.39978 0.0652599 822.185 92.9047
427.645 -1.03926 -0.661347 318.365 0.42645 2.02972 948.096 0.819691 0.751344 0.765539 0.600241 287.318 -2.81624 0.722848 738.852 92.9047
335.122 -0.459444 3.01443 304.683 0.409272 -0.0122682 734.895 0.39154 0.278367 0.735461 0.661584 392.627 -0.245149 0.142029 621.274 92.9047
634.358 0.685223 2.64384 346.07 0.877435 -0.90994 962.401 0.723364 0.418604 0.743804 0.434936 343.05 1.68342 0.959538 1094.59 92.9047
465.748 -0.75284 -1.07159 257.01 -0.58821 1.79728 717.706 0.336899 0.275408 0.780126 0.651284 760.041 2.11275 0.314843 734.678 92.9047
431.6 -0.777804 -1.7219 311.632 -1.60789 0.655145 760.99 0.796158 0.664737 0.80936 0.708169 325.009 -2.55945 0.826348 819.673 92.9047
325.211 0.182174 -1.02526 324.953 -0.982212 1.63945 757.389 0.701328 0.739122 0.728648 0.759207 702.426 -1.52849 0.491683 679.337 92.9047
355.812 -0.460049 0.110415 250.906 -0.783987 -1.87884 522.657 0.601592 0.648306 0.893001 0.755896 642.948 2.61443 0.382475 629.678 92.9047
357.58 0.847573 -1.72644 341.87 -0.947559 0.628157 966.99 0.732854 0.770723 0.735076 0.754632 448.681 -3.0396 0.0252206 761.35 92.9047
758.966 0.428093 2.65093 494.616 0.388573 -0.277381 1299.87 0.1217 0.731317 0.426218 0.795136 199.246 -1.23447 0.69467 1602.5 92.9047
375.805 0.568403 -1.41934 281.386 -2.05572 2.7094 1266.11 0.804442 0.846941 0.818033 0.837047 631.379 1.08277 0.418092 685.162 92.9047
363.364 -0.717802 -1.73079 277.344 0.751191 1.05844 819.393 0.293778 0.682436 0.804106 0.87369 261.725 2.89262 1.57214 612.062 92.9047
638.579 0.519776 0.581057 491.012 0.632817 -2.93023 1113.73 0.685986 0.301912 0.807823 0.755349 319.185 -3.03682 0.111816 1288.12 92.9047
328.594 1.1743 0.405248 313.538 0.693263 -3.01493 699.745 0.579782 0.248044 0.760778 0.838142 178.973 -1.52689 1.39219 613.821 92.9047
629.319 0.839335 -2.911 300.54 0.329867 0.782861 879.531 0.77194 0.492943 0.731808 0.773861 459.501 -0.963526 0.627742 942.142 92.9047
287.505 0.689229 -1.51574 275.493 0.964065 0.542423 509.964 0.420726 0.620549 0.471585 0.677221 250.75 2.49311 0.159919 766.326 92.9047
564.519 1.10403 1.51417 282.218 -0.144201 -1.96991 970.665 0.60674 0.784863 0.833034 0.832827 177.433 -2.03045 0.0463551 848.541 92.9047
310.395 -0.224693 -2.36874 290.865 -0.386988 0.590055 609.199 0.614509 0.716453 0.594032 0.788317 454.601 0.960548 0.366447 755.253 92.9047
531.58 -1.1759 -2.2783 265.503 -0.890038 0.629454 759.729 0.786879 0.592071 0.787407 0.752144 41.6105 1.60315 0.967114 818.286 92.9047
573.184 -0.487748 2.31906 280.891 -1.57164 -2.32643 757.368 0.469399 0.752426 0.809735 0.73357 926.003 -0.931668 1.40466 1052.36 92.9047
705.746 0.611681 0.540992 431.398 -0.169861 -1.78634 1131.09 0.717268 0.633839 0.803904 0.750653 636.496 2.28316 1.46016 1188.78 92.9047
400.787 1.43359 2.66754 310.773 -0.786357 0.645076 1134.48 0.767442 0.637216 0.814457 0.68471 174.567 -1.78552 0.394246 771.664 92.9047
666.353 0.721739 -2.68772 548.243 -0.493778 0.0453683 1436.24 0.694197 0.747693 0.673621 0.924557 334.863 1.32029 0.190166 1236.73 92.9047
364.449 0.660481 -3.10474 281.261 0.873503 -0.0914582 654.198 0.482411 0.817744 0.638115 0.850386 149.762 2.27565 0.502045 631.331 92.9047
404.73 -1.01493 1.96595 345.179 -0.378175 0.196608 640.83 0.766299 0.816249 0.807871 0.743952 581.578 -2.40892 1.29446 792.753 92.9047
443.473 -0.724563 -1.27226 385.107 0.574115 2.39949 997.955 0.490498 0.768831 0.866483 0.793245 479.531 0.438802 1.72084 785.145 92.9047
311.997 -1.13064 -1.39187 254.174 0.691624 2.54422 796.226 0.690109 0.675933 0.767256 0.777204 471.469 0.147812 1.13575 553.162 92.9047
300.881 -0.983195 -2.52568 262.91 -0.0480592 0.644383 636.4 0.38679 0.735508 0.631614 0.739792 113.156 -1.08669 1.3854 566.355 92.9047
301.559 0.828209 2.88187 298.742 1.36169 -0.969457 597.228 0.813331 0.581852 0.889399 0.677814 313.556 2.26509 0.618418 734.548 92.9047
496.952 -1.05637 -0.0680709 312.39 -1.40271 2.69888 818.155 0.540985 0.697809 0.628892 0.678126 359.797 -2.06926 1.52246 768.771 92.9047
589.06 0.270701 1.60916 404.721 1.16775 -0.902981 1043.2 0.711504 0.701158 0.663498 0.752271 694.374 -2.24991 1.35416 1055.73 92.9047
319.838 1.07141 -0.0755883 280.427 1.67896 1.56703 491.163 0.756687 0.614773 0.650109 0.67029 601.259 -2.75372 1.63673 652.219 92.9047
819.115 0.129246 -0.895662 522.073 -0.464218 2.53552 1413.96 0.409381 0.117398 0.770672 0.826979 664.263 1.72293 0.33785 1351.52 92.9047
464.644 -0.725125 -0.0482453 320.703 0.24352 2.72946 864.971 0.640366 0.558758 0.747319 0.585956 278.637 -2.47271 0.118538 780.982 92.9047
310.773 0.278912 -2.81231 290.281 -2.0701 -1.30952 973.152 0.534114 0.425164 0.119746 0.73118 276.014 1.83584 1.17842 693.371 92.9047
293.64 -0.603143 -0.916917 258.099 2.23741 2.09263 1211.61 0.786663 0.791086 0.808378 0.777142 141.853 2.78644 0.00386667 540.129 92.9047
562.102 -0.421022 -1.49509 490.512 -0.730452 1.50448 1090.08 0.839125 0.619428 0.77403 0.64288 564.056 2.73237 0.726998 1323.01 92.9047
330.701 2.047 -0.576566 261.054 0.383852 2.85851 813.429 0.658554 0.739383 0.842168 0.768627 158.823 0.99417 1.55841 548.459 92.9047
531.497 -0.678529 -2.13306 274.484 -1.88071 0.562262 899.555 0.430863 0.728398 0.75149 0.749709 324.755 1.0833 0.52652 818.957 92.9047
1169.73 -0.385608 1.399 292.818 -0.0804064 -2.06065 1184.99 0.685431 0.376523 0.900931 0.804701 374.363 -1.36395 0.123199 1680 92.9047
355.182 -0.400572 -1.70593 329.861 -0.986823 2.2696 672.512 0.739825 0.731073 0.728699 0.708675 479.451 0.299562 1.02522 678.546 92.9047
276.17 -0.334338 2.87287 258.135 0.626048 -1.32363 551.529 0.604328 0.800901 0.739196 0.832543 333.668 0.545861 0.197443 566.613 92.9047
486.568 -0.102534 -2.96836 486.318 1.09179 1.05261 1083.87 0.646441 0.72935 0.852668 0.781044 461.939 -0.784154 0.301815 1076.14 92.9047
386.356 0.431955 -3.04566 281.71 -0.0686941 0.909189 640.63 0.351628 0.750633 0.725495 0.743535 332.432 -0.571255 0.358313 664.733 92.9047
607.846 0.673825 -1.77509 284.422 1.25141 1.79778 858.586 0.733791 0.438975 0.670001 0.70782 547.667 0.989218 0.771271 935.19 92.9047
613.227 -0.721495 -2.30765 343.983 -0.608441 0.365216 910.595 0.803524 0.54078 0.820267 0.813017 471.657 2.03366 1.0472 934.717 92.9047
526.167 -0.390951 0.570902 266.699 -0.136471 -2.95872 777.271 0.542997 0.152732 0.721891 0.659804 1013 -2.30482 0.0265956 872.956 92.9047
345.673 -1.36693 -0.407729 260.241 1.84644 2.29169 1557.35 0.71156 0.796465 0.868773 0.706997 259.355 -2.74318 1.24149 665.33 92.9047
281.687 -1.73723 1.43324 267.715 -0.0840899 -1.01913 729.909 0.680651 0.627999 0.736895 0.550209 398.628 -1.54567 0.525997 714.257 92.9047
392.86 -1.81421 2.74003 265.564 1.10868 0.299771 1456.85 0.375652 0.573998 0.416162 0.701299 366.055 -1.64276 1.92615 615.039 92.9047
318.279 -1.99737 1.57227 302.739 -0.124012 -1.79214 929.276 0.447763 0.76268 0.665157 0.856066 246.709 1.39114 0.0963895 670.181 92.9047
478.895 0.118162 -0.379816 260.378 -1.29963 -2.9633 874.658 0.49622 0.731248 0.80501 0.499584 372.208 1.75499 0.445501 817.085 92.9047
537.363 -0.347418 1.66515 287.561 0.243957 -2.16786 791.859 0.734496 0.720469 0.808055 0.791133 557.68 -0.178434 1.83951 788.322 92.9047
597.791 -0.262435 1.85449 310.325 0.12976 -2.67069 715.567 0.544064 0.259839 0.862707 0.61333 1188.55 -0.911963 0.138296 995.554 92.9047
372.117 0.992745 2.67509 324.619 0.110477 -0.830357 766.454 0.736668 0.506934 0.823867 0.874053 278.38 -1.75766 0.931173 822.903 92.9047
286.451 2.60619 -1.084 275.713 -0.0728991 -2.69578 1094.3 0.536432 0.816063 0.78898 0.729216 202.188 0.649079 0.130795 596.469 92.9047
399.743 -0.165063 1.92624 285.211 0.415353 -0.209474 698.189 0.290388 0.473834 0.731577 0.825997 694.926 -1.51754 1.30617 661.179 92.9047
358.924 -0.886447 0.571588 267.613 1.72828 -2.41768 1239.31 0.536896 0.81182 0.766375 0.782525 287.407 -3.13865 0.735721 627.882 92.9047
486.53 0.648292 1.71539 277.822 -0.143104 -1.70147 798.131 0.402818 0.721692 0.804057 0.794253 102.457 0.817093 0.497705 834.507 92.9047
301.921 0.912332 -0.964867 295.135 1.25181 0.692721 472.452 0.371579 0.500953 0.69661 0.754052 588.177 -2.99949 0.347574 695.548 92.9047
955.401 -0.50829 -0.875889 275.876 -0.0085714 2.31754 1185.16 0.13104 0.504804 0.621708 0.674919 924.965 2.1151 0.28985 1251.95 92.9047
422.12 1.63098 0.981062 309.829 -0.743477 -1.36179 1276.72 0.420189 0.72738 0.785575 0.780401 350.13 2.31789 0.985987 758.239 92.9047
329.623 0.159704 -1.18551 297.307 -0.91227 2.26891 728.017 0.622019 0.828524 0.692128 0.79237 324.604 1.23322 1.03831 595.671 92.9047
308.746 -1.13358 -1.6614 286.161 -1.45815 1.62275 614.599 0.515865 0.775704 0.771977 0.777825 346.819 2.17188 0.547172 644.906 92.9047
321.753 -0.253579 -2.21074 291.511 0.95257 1.29572 727.886 0.72012 0.822177 0.792515 0.813211 354.131 -0.68262 1.52467 676.301 92.9047
320.857 -0.303851 -2.60243 272.972 0.574992 1.32482 625.436 0.782194 0.663194 0.738528 0.875513 409.727 -0.15162 0.649731 578.132 92.9047
407.322 1.27418 0.452025 316.393 0.370301 -0.612597 513.836 0.4809 0.405392 0.706092 0.700436 83.7765 0.0741243 0.365199 940.858 92.9047
334.711 -1.10728 0.275538 299.51 -1.00714 2.93799 643.579 0.210251 0.678983 0.725556 0.831164 113.355 2.76637 0.166025 773.364 92.9047
589.03 -0.074743 -2.24174 262.875 0.213444 1.63603 753.587 0.700538 0.558369 0.687692 0.751886 505.411 0.887503 0.756813 944.087 92.9047
759.584 -0.078876 2.13512 262.197 -1.05693 -1.44612 989.768 0.707255 0.562959 0.792207 0.682436 466.793 -0.498374 0.515124 1050.05 92.9047
416.126 0.20263 1.61056 366.959 -0.538143 -1.25673 845.073 0.612684 0.575442 0.731883 0.757777 405.464 -1.35624 0.0654706 802.669 92.9047
686.743 1.24742 2.12395 304.969 -1.16706 -0.61309 1664.63 0.47827 0.840101 0.637053 0.744737 289.891 -1.08007 0.470984 1018.32 92.9047
753.437 -0.582337 1.05389 342.726 -0.288123 -1.36394 982.318 0.688828 0.6954 0.794205 0.776504 223.961 -2.26225 0.782559 1210.71 92.9047
527.533 -0.155935 0.94743 352.102 0.386377 -2.04283 964.78 0.595776 0.405299 0.586131 0.625018 267.553 -2.33096 0.0354855 865.165 92.9047
349.476 0.163786 1.79153 276.759 0.0795201 -0.952951 627.389 0.700774 0.271797 0.565728 0.673326 264.176 -2.40897 0.786571 665.792 92.9047
408.54 0.422561 -1.11503 297.54 0.522404 1.36397 680.914 0.70646 0.290846 0.742396 0.70886 639.373 2.57059 1.13013 688.849 92.9047
447.718 -0.333109 -1.87185 266.161 1.17376 1.9044 884.885 0.622149 0.408284 0.811859 0.670101 633.771 1.20923 0.33161 879.087 92.9047
391.649 -0.720118 -1.1069 283.254 -1.32041 1.26634 671.137 0.528875 0.617629 0.732521 0.563652 385.566 2.839 1.42066 735.513 92.9047
321.704 1.15958 2.68923 316.858 0.294397 0.440195 663.355 0.245708 0.616681 0.693019 0.836823 416.941 -1.95626 1.48708 608.715 92.9047
795.251 -0.0900408 2.59363 315.319 0.217591 -1.29662 961.299 0.468459 0.392026 0.672134 0.814991 994.606 -0.212312 0.0145814 1179.18 92.9047
528.201 -0.473255 1.2586 345.728 -1.51316 -2.23377 977.811 0.717611 0.632435 0.779974 0.77006 205.534 0.294389 0.965728 900.317 92.9047
389.626 0.953932 1.28314 343.525 0.886654 -2.47731 712.51 0.803112 0.818504 0.851345 0.796891 239.526 -2.59161 0.123959 825.437 92.9047
554.343 0.138383 2.28804 441.398 -1.69234 -1.92387 1353.96 0.551108 0.879721 0.514927 0.75887 662.964 0.0724758 0.913543 992.961 92.9047
384.895 -0.740175 3.13998 250.11 -0.780839 -0.105301 628.029 0.672609 0.677632 0.744137 0.89334 461.153 0.603992 0.119082 815.249 92.9047
592.108 0.599405 -2.47883 289.571 -0.00968184 0.677814 894.988 0.25764 0.188299 0.388969 0.738556 57.265 0.522087 0.0592324 1116.02 92.9047
326.121 -0.749589 2.33869 316.651 0.610361 -0.977594 803.356 0.718871 0.689594 0.736808 0.672544 336.764 -1.71942 0.730632 678.509 92.9047
699.593 -1.12968 0.53133 261.164 -1.04034 -2.0633 838.42 0.740263 0.78141 0.895743 0.635699 86.245 -1.3946 0.657157 1104.56 92.9047
269.478 -1.59884 2.63637 258.855 -0.654717 -1.44126 549.287 0.699451 0.742053 0.777463 0.861847 141.44 -1.13041 0.30984 830.941 92.9047
300.844 -0.300629 1.92595 280.133 -0.727996 0.292989 461.765 0.715272 0.656376 0.756055 0.793955 409.153 -2.43635 0.857668 722.78 92.9047
490.75 0.296457 2.58229 361.821 0.0591914 -0.0586592 848.208 0.706658 0.57078 0.713545 0.754857 486.284 -1.5091 0.942571 813.906 92.9047
483.192 0.230524 -2.15409 286.497 0.543553 1.18869 768.804 0.689647 0.716315 0.739243 0.724092 126.04 1.7486 0.571456 892.668 92.9047
441.647 1.78975 -2.98069 277.41 0.0693271 -0.68615 961.044 0.641206 0.249119 0.755896 0.660815 467.737 1.11069 0.507144 715.797 92.9047
333.739 0.169272 0.625189 262.637 0.195318 -2.27475 603.555 0.416314 0.665853 0.739314 0.758059 134.051 2.45644 1.55502 566.324 92.9047
408.288 -0.0514911 1.93286 365.715 1.01226 -1.94155 853.861 0.747876 0.603975 0.740035 0.573273 411.626 0.558653 0.140348 810.757 92.9047
547.674 -0.493255 1.6361 345.224 0.730073 -0.954376 1019.49 0.253895 0.865586 0.671081 0.669921 90.2376 2.44692 0.816179 1147.05 92.9047
393.903 -0.278435 2.09833 323.9 0.0557423 0.090226 637.134 0.436687 0.797644 0.714873 0.701781 731.666 -1.4108 0.00477445 712.02 92.9047
313.401 -0.64349 1.41216 292.372 1.40857 -1.52861 967.287 0.742192 0.804424 0.687644 0.785638 635.968 -1.89994 0.377416 717.181 92.9047
564.257 0.118738 0.14661 378.608 1.3329 2.83329 1095.93 0.352368 0.750403 0.543417 0.79647 311.047 -2.22681 1.22569 924.138 92.9047
365.143 0.458582 -0.0522005 348.103 -0.278583 2.98432 770.004 0.450768 0.479039 0.799203 0.77376 98.154 -1.59429 1.54706 687.989 92.9047
291.88 1.14519 -0.458008 291.834 0.598476 2.87267 614.303 0.772561 0.785331 0.733404 0.819273 358.209 -0.0270254 0.445785 584.545 92.9047
476.892 0.142388 2.95651 286.266 1.13459 0.370964 815.315 0.832493 0.671072 0.724812 0.712296 282.825 0.0629429 0.299687 886.076 92.9047
322.246 -0.0873214 -0.883763 305.368 -0.410188 0.273493 379.291 0.751574 0.368897 0.772533 0.696067 322.099 2.76881 0.0707328 755.943 92.9047
371.039 0.850682 -2.65072 365.203 0.4642 0.652735 756.383 0.460918 0.614268 0.645203 0.664128 324.728 2.04034 1.39775 906.265 92.9047
332.948 -1.36022 -1.41039 281.482 0.801157 2.12344 1005.32 0.609293 0.339903 0.783723 0.58896 223.072 0.429463 1.68857 594.818 92.9047
268.782 -0.0793665 -0.00297439 266.289 0.666928 -3.02601 580.112 0.525976 0.68877 0.73935 0.713461 252.41 -0.142003 0.16372 547.368 92.9047
332.632 -0.521433 2.10458 277.615 1.127 -1.48497 837.447 0.499675 0.315146 0.881836 0.786323 336.401 0.136059 1.61302 608.06 92.9047
398.789 -1.54755 -0.318434 268.519 -1.05443 -2.40006 598.128 0.288411 0.322093 0.79161 0.791862 492.156 2.1494 0.266762 684.664 92.9047
375.724 1.20158 2.79406 276.994 0.743596 0.206979 677.28 0.409054 0.179717 0.75192 0.713759 358.069 -1.74922 1.73331 619.818 92.9047
378.927 -0.803413 -2.77004 309.168 0.154277 -0.603381 703.727 0.678572 0.744267 0.812566 0.736696 564.4 0.595423 0.505032 696.981 92.9047
342.623 0.259627 0.605815 253.402 0.181572 -2.89807 601.992 0.513431 0.689517 0.683502 0.752272 613.321 -2.3136 0.593132 621.033 92.9047
522.063 -1.72346 -0.36945 337.127 -0.486129 1.89537 948.876 0.761572 0.565037 0.768255 0.692055 439.535 -2.59893 0.45354 1079.05 92.9047
833.199 1.08428 1.85465 722.95 1.29238 -0.981521 1562.23 0.717547 0.432168 0.790633 0.634077 549.3 2.92459 1.07233 1517.33 92.9047
371.218 -0.537182 -0.472203 273.477 -1.32351 2.57426 712 0.707755 0.475831 0.755331 0.770724 79.5765 2.42941 0.0203469 599.142 92.9047
657.315 -0.947036 0.993006 489.549 -1.16005 -1.94796 1162.9 0.81637 0.749381 0.833958 0.756797 262.103 -1.91452 0.0335796 1248.43 92.9047
309.281 -0.0814359 -0.059813 299.442 0.286209 -3.01525 635.302 0.544634 0.493147 0.575202 0.737896 284.709 2.81114 0.299427 668.198 92.9047
308.416 0.359593 1.71126 277.727 0.851123 -0.272135 543.29 0.518184 0.752205 0.765656 0.773795 239.158 0.227808 0.526446 483.543 92.9047
410.876 -0.118389 -1.38793 252.942 -1.42487 3.09022 693.178 0.817694 0.768215 0.72074 0.742263 528.517 1.17553 0.357229 664.13 92.9047
328.421 -0.521699 -1.69122 292.703 -0.304463 1.5543 629.406 0.583227 0.605362 0.744436 0.704541 129.747 -1.53292 0.170115 631.774 92.9047
306.501 -0.58515 0.575285 258.301 -0.0609442 -2.96471 589.16 0.803539 0.792824 0.677873 0.685146 323.501 -1.25603 1.40364 568.169 92.9047
438.219 0.361969 -2.74583 361.26 -0.609811 1.83854 732.002 0.294866 0.597018 0.316741 0.46391 663.417 -0.467106 0.0560777 873.782 92.9047
720.82 -0.868428 -1.1737 276.887 -0.00656489 2.81133 940.534 0.77239 0.401404 0.83645 0.631958 619.998 1.3086 1.05453 986.646 92.9047
483.822 -0.764413 0.0455756 461.719 0.138777 3.0817 1047.68 0.185225 0.68059 0.540712 0.735519 113.975 -1.94257 1.26362 957.479 92.9047
508.985 0.248113 -0.530762 375.871 0.079909 -2.81283 845.439 0.758743 0.151581 0.672754 0.683921 201.684 2.08937 0.659241 1019.14 92.9047
693.726 -0.00565593 -2.83176 342.399 -0.963804 0.925961 1070.05 0.158527 0.67224 0.656364 0.417704 430.203 -0.679618 1.58265 1025.61 92.9047
663.055 0.328897 -2.34334 359.739 -1.94322 0.507688 1681.57 0.256438 0.835146 0.685254 0.74943 482.313 0.835693 0.325208 1122.14 92.9047
711.152 -0.572779 3.05921 584.476 0.976593 0.000426126 1711.04 0.550069 0.337278 0.708638 0.424421 108.094 -0.869528 0.770449 1285.98 92.9047
350.968 -1.29611 0.120921 338.022 -0.803656 -1.5724 586.913 0.472519 0.626641 0.679567 0.578818 597.202 2.48365 0.226405 826.049 92.9047
279.594 -0.191664 -1.84423 265.314 -1.22551 1.99442 606.726 0.735917 0.769976 0.747145 0.79743 365.565 -2.37571 0.100121 634.875 92.9047
823.451 1.25144 -1.53596 401.589 -0.697779 1.86065 1750.45 0.58933 0.373754 0.792346 0.828759 269.624 0.406121 1.43842 1185.6 -92.9047
294.431 0.67969 -1.35256 260.29 0.188915 3.13613 474.175 0.631497 0.292839 0.713047 0.778263 65.174 1.02977 0.846501 719.634 92.9047
481.298 -1.38009 -1.20468 331.365 -0.341439 -2.65611 705.817 0.780361 0.595571 0.793223 0.733081 551.519 1.86699 1.33191 893.536 92.9047
475.92 -1.15787 0.036916 258.967 0.186058 2.48669 850.371 0.50357 0.630979 0.652112 0.866442 356.811 -2.31099 0.480453 897.094 92.9047
565.793 -0.0525284 -0.416189 313.587 0.00861778 2.3937 839.732 0.722524 0.556193 0.690029 0.646306 115.65 3.0274 0.63642 935.309 92.9047
364.007 0.642639 2.94855 328.127 0.0232239 -1.05604 679.191 0.636792 0.856399 0.787253 0.74971 144.849 1.87291 0.0487918 865.139 92.9047
282.375 -0.257511 -2.90007 259.912 -0.378487 0.845005 544.282 0.616528 0.283771 0.842055 0.804385 374.751 -1.83166 1.07049 524.861 92.9047
398.379 0.430752 0.4652 309.425 0.442672 1.8656 472.483 0.735046 0.667228 0.819586 0.618612 223.306 2.33192 0.467396 797.533 92.9047
368.707 -0.422056 2.05121 259.51 1.06289 -0.706718 796.18 0.708149 0.442427 0.827224 0.759995 109.179 1.57005 0.100143 836.017 92.9047
295.342 0.345038 2.59025 252.019 -1.4573 -0.277875 790.136 0.827528 0.677359 0.84816 0.871387 128.205 -1.8449 1.56588 508.831 92.9047
292.813 1.19127 -0.629264 285.436 -0.589039 -3.12459 814.478 0.582044 0.736531 0.663694 0.846587 406.398 1.18069 1.82993 533.783 92.9047
410.189 -0.552814 2.52285 324.609 1.01822 -0.0162626 952.031 0.514707 0.691456 0.742314 0.776734 134.739 -2.05659 0.255044 911.233 92.9047
356.643 0.962878 -1.22695 253.722 -0.107283 2.22019 697.192 0.296082 0.731801 0.790899 0.774839 64.9889 1.97053 0.240561 672.726 92.9047
315.801 -1.84036 0.321472 279.089 -0.42622 2.37145 688.502 0.359294 0.744489 0.738672 0.744396 633.859 -1.42969 1.21618 604.727 92.9047
383.524 -1.01941 1.62821 266.892 1.55342 -1.32149 1253.6 0.619738 0.833697 0.816348 0.735843 115.532 -2.76279 1.43972 609.659 92.9047
360.739 -0.547424 2.71777 351.446 -1.10009 -0.0627319 773.654 0.104183 0.632503 0.808832 0.703186 207.469 2.49138 0.02512 812.577 92.9047
361.732 0.707358 -1.37164 331.365 0.259908 1.81964 729.671 0.644249 0.761534 0.782074 0.807994 392.061 1.63191 0.199389 657.408 92.9047
336.21 0.0627709 -1.12267 256.958 -0.781015 1.27229 617.188 0.283027 0.696399 0.759446 0.619051 317.949 -3.04171 0.193153 700.255 92.9047
282.737 -1.50926 -2.44026 252.373 0.974588 1.38186 990.666 0.642442 0.750353 0.716494 0.824946 295.198 0.0672183 0.00297657 568.861 92.9047
292.03 1.31042 -1.06918 253.595 0.828904 1.39573 550.273 0.705458 0.796707 0.758603 0.790727 157.506 2.37389 0.602537 717.307 92.9047
430.488 0.950048 -3.14125 284.199 -0.674882 0.776666 908.841 0.627812 0.389437 0.568054 0.754638 385.366 -1.24319 0.187929 771.852 92.9047
423.792 -0.550574 -0.642853 303.137 1.36417 1.98743 1082.65 0.0835451 0.564797 0.777531 0.77004 330.733 -1.7871 0.947076 602.593 92.9047
314.222 1.24709 -1.92011 279.356 0.255228 2.45962 585.291 0.69316 0.560932 0.852171 0.834094 692.656 -0.394494 1.24521 613.101 92.9047
400.192 -0.25185 0.312601 314.895 0.643451 -2.47811 788.59 0.731178 0.426436 0.806771 0.728097 843.737 3.10365 0.705647 722.056 92.9047
337.608 0.335272 -1.97069 250.309 -0.882047 1.12644 698.924 0.564244 0.658173 0.732269 0.755239 285.622 -0.803501 1.18075 803.188 92.9047
790.922 -1.20283 1.62935 560.684 0.162855 -1.88937 1638.43 0.65087 0.694682 0.837787 0.735542 259.054 -0.680988 0.376549 1414.81 92.9047
912.41 0.146795 2.87648 267.869 -1.33662 -0.0047193 1289.23 0.278971 0.678561 0.739284 0.769522 371.988 -1.11436 0.999332 1161.57 92.9047
655.049 0.068896 -0.586576 294.804 -1.19803 1.45172 964.59 0.562351 0.785896 0.795923 0.74844 842.302 3.05761 0.0786419 967.937 92.9047
430.564 0.504996 -1.89842 261.728 -0.764306 0.497214 791.706 0.443505 0.459754 0.471173 0.75458 339.458 1.8577 0.118965 726.903 92.9047
297.294 0.642387 -2.0978 294.19 1.55775 0.365256 634.074 0.734335 0.657155 0.762596 0.622274 137.863 -0.889493 1.21155 591.06 92.9047
447.043 0.510087 -2.86341 258.834 0.992906 1.25856 646.149 0.720398 0.309835 0.75306 0.729438 192.275 -0.47745 0.482074 834.355 92.9047
307.505 -0.809228 0.334412 279.309 0.970861 -2.82489 837.862 0.71225 0.752324 0.735445 0.754189 265.408 0.0653104 0.271879 713.65 92.9047
587.218 0.0315124 3.1179 329.83 -1.40589 -0.998262 1047.8 0.804292 0.76133 0.682284 0.733794 482.87 0.745537 0.137209 965.072 92.9047
326.813 -0.66335 -1.16617 316.981 0.0386596 1.6 683.772 0.713045 0.632641 0.687593 0.646705 294.399 2.31058 0.722703 643.132 92.9047
660.041 0.916466 2.77723 269.564 -0.35207 -0.535236 1027.38 0.690546 0.616672 0.699464 0.646357 99.3413 0.912561 0.33679 948.751 92.9047
596.948 1.05944 3.03992 363.235 -0.41994 1.0835 1092.2 0.773564 0.657322 0.839353 0.679826 453.067 -0.764121 0.31754 947.266 92.9047
459.439 -0.312062 -1.43107 270.426 -1.69835 1.10343 859.999 0.333043 0.725356 0.58085 0.783764 902.4 1.68507 0.570745 804.436 92.9047
361.755 0.256017 -1.2898 299.043 -1.69161 0.807383 952.782 0.762688 0.546638 0.764007 0.730723 722.375 2.57771 1.18621 638.456 92.9047
341.645 0.925572 0.0477027 313.186 -0.687447 -2.66389 889.426 0.530485 0.57068 0.672095 0.678316 271.367 2.66561 0.938881 636.16 92.9047
552.841 0.245729 1.36354 511.177 -1.18448 -1.00257 1293.82 0.498094 0.214576 0.685206 0.77586 346.701 -3.0155 0.0741336 1277.6 92.9047
679.882 0.432075 2.09171 654.664 -0.682537 -1.25931 1547.15 0.565719 0.713238 0.687757 0.755694 882.684 1.43617 0.653188 1338.75 92.9047
323.138 -0.341123 0.173255 272.657 -0.00654566 -2.12603 592.823 0.457967 0.446485 0.264142 0.639772 577.964 2.3351 1.81054 553.124 92.9047
417.081 -1.18708 -0.243453 335.209 1.58741 -3.08035 1596.26 0.692392 0.662382 0.74997 0.820596 135.547 1.10423 0.845036 782.839 92.9047
460.296 -1.07377 0.803692 277.75 -0.963597 -2.24911 730.542 0.287328 0.41153 0.7285 0.768075 159.35 -2.50974 0.260666 970.685 92.9047
274.606 -0.176451 -1.65727 272.683 -1.85899 2.03136 756.121 0.653569 0.737083 0.78466 0.805297 221.405 0.672045 0.664176 600.404 92.9047
863.779 0.731509 0.474224 283.53 -0.549507 -2.66874 1212.59 0.634654 0.770479 0.750525 0.779359 451.727 -2.85907 0.201817 1159.32 92.9047
284.791 -1.33858 1.27014 252.008 0.80522 -0.964073 848.061 0.778543 0.632994 0.779266 0.758507 190.728 -2.74547 0.417513 558.94 92.9047
428.893 0.423207 -0.482098 329.245 -0.430938 -3.01691 821.159 0.603996 0.421139 0.829814 0.821121 261.988 1.52922 1.35697 740.944 92.9047
423.469 0.135956 0.969784 310.313 1.46056 -1.29762 842.846 0.354795 0.811728 0.609292 0.861494 153.884 1.55968 0.590271 882.626 92.9047
345.343 -1.18115 1.80024 335.02 -0.349573 -0.786828 721.762 0.621045 0.712685 0.626747 0.808317 626.022 2.82171 0.120424 713.672 92.9047
407.983 0.598988 -2.72765 280.879 -0.0642056 0.631185 727.269 0.43527 0.822489 0.811175 0.755795 295.668 -1.28154 1.40823 659.111 92.9047
541.585 0.795201 -1.86882 399.821 -0.169218 0.983364 1054.34 0.706617 0.499817 0.734426 0.724074 222.176 2.94968 1.45201 912.373 92.9047
466.37 0.161307 -0.593677 273.233 -0.101924 1.13227 570.502 0.612584 0.623291 0.739003 0.642111 563.248 -2.57214 0.296057 757.007 92.9047
372.717 0.594542 -2.8019 339.685 0.453961 -1.01992 566.198 0.879419 0.787904 0.775044 0.737067 854.092 1.69799 0.655041 777.89 92.9047
1153.22 -0.977089 -2.57524 588.945 -0.366683 0.246168 1714.78 0.465942 0.38265 0.870247 0.686523 554.84 1.00933 0.542372 1788.02 92.9047
334.017 1.15665 -0.279433 309.384 0.644602 2.24818 647.568 0.62664 0.727645 0.694802 0.8009 590.366 -2.88022 1.14885 627.752 92.9047
313.372 1.31038 2.0237 303.754 0.655545 -1.27785 668.109 0.583528 0.611984 0.828685 0.790233 141.673 0.874387 0.512018 590.212 -92.9047
357.788 1.32522 0.253754 292.083 0.996599 -2.38355 644.164 0.764696 0.790754 0.759827 0.638929 410.524 -3.14036 0.750085 682.094 92.9047
391.791 0.352703 -2.24553 304.462 -0.415327 1.35797 738.482 0.341111 0.85829 0.697587 0.764103 473.759 0.668325 0.698707 671.96 92.9047
463.945 1.56909 -2.69806 292.897 -1.13576 0.144302 1535.83 0.183492 0.779195 0.82746 0.863112 151.758 0.604215 0.173143 794.126 92.9047
296.223 1.30044 0.640311 269.277 0.133527 2.92559 641.807 0.337889 0.504111 0.778372 0.515263 119.918 2.6186 0.391417 766.296 92.9047
376.084 0.119155 2.14183 306.582 0.403099 -0.654355 711.017 0.324053 0.395188 0.538545 0.536564 268.441 -1.58206 0.72329 672.437 92.9047
713.436 -0.532711 -2.53339 597.399 0.200101 0.343738 1395.05 0.281584 0.69934 0.75195 0.779109 360.195 0.989651 0.194228 1345.37 92.9047
450.508 -0.443978 0.847543 432.466 -1.1692 -3.04011 917.227 0.820936 0.421892 0.714154 0.567003 545.671 -0.462373 0.101591 901.905 92.9047
312.149 1.15797 2.61803 260.247 0.197918 -0.428081 648.535 0.359637 0.638556 0.371871 0.831452 100.729 -1.41052 0.976754 571.787 92.9047
542.948 -0.407606 -1.30051 411.866 -0.995097 1.79971 992.546 0.656261 0.770873 0.632626 0.743456 201.543 1.97869 0.172642 1067.65 92.9047
331.454 -0.457137 -2.48282 273.868 0.18433 -1.00841 461.594 0.213448 0.723822 0.501209 0.55578 219.414 2.04731 0.502981 692.873 92.9047
605.887 -1.5026 -0.12048 587.466 -1.02802 2.30014 1166.14 0.80254 0.792168 0.800777 0.765186 385.862 -1.99555 0.627461 1245.31 92.9047
333.913 0.512336 2.82441 261.811 0.982245 0.426379 581.808 0.653938 0.766457 0.786144 0.9032 324.07 -3.11476 0.338166 786.352 92.9047
596.756 0.0243737 -2.27887 288.082 -0.284031 0.457872 832.2 0.661254 0.707509 0.721512 0.649825 302.206 2.11412 1.66746 856.648 92.9047
386.202 1.04474 2.47828 283.864 2.12207 0.40635 697.497 0.801135 0.610562 0.798518 0.876748 388.548 -1.29078 0.719107 709.292 92.9047
435.566 -0.485396 -1.55047 335.456 1.11843 1.52621 1033.56 0.797245 0.396894 0.771605 0.756741 152.478 2.0027 0.403636 786.928 92.9047
708.943 -0.369672 -2.04763 417.553 0.508196 1.74033 1173.19 0.789507 0.390946 0.857462 0.557076 303.656 1.28246 0.375518 1074.21 92.9047
490.966 1.12333 -1.93911 441.613 -0.404356 0.781749 1205.75 0.32748 0.753822 0.840691 0.829914 191.489 1.7486 0.845663 1048.64 92.9047
302.137 0.0084853 -0.732202 295.458 -0.250691 2.61979 608.509 0.74446 0.712745 0.7408 0.666034 132.256 1.08939 1.52307 572.573 92.9047
411.42 -0.301468 -2.19602 298.708 -0.221597 0.868599 712.301 0.59327 0.499135 0.724055 0.827448 50.3635 -2.17591 0.0428529 772.184 92.9047
398.164 -0.75504 0.587046 287.189 1.03579 -2.28838 966.243 0.719512 0.730553 0.749793 0.72111 237.172 0.155647 0.437897 759.829 92.9047
296.763 -1.29318 1.9333 278.104 -0.571511 -1.47015 650.578 0.836324 0.218837 0.767801 0.744776 90.7458 -1.40722 0.119636 775.448 92.9047
426.094 0.566458 2.89907 336.034 0.69968 0.288477 756.055 0.507074 0.5976 0.459872 0.425837 528.347 -1.80522 1.54686 743.459 92.9047
350.685 -0.717665 -0.310537 308.49 0.476639 2.13092 757.616 0.549393 0.767604 0.804104 0.732769 101.315 -1.82741 0.98034 833.458 92.9047
703.785 0.712644 2.51404 332.241 0.592289 0.0545936 922.579 0.748599 0.623457 0.713294 0.483563 369.582 -1.32318 0.167202 1228.97 92.9047
842.975 0.00735928 -1.14223 331.329 0.605831 2.48179 1096.56 0.390792 0.463019 0.64927 0.804244 80.3305 0.569386 0.391497 1368.23 92.9047
889.281 -0.383635 -1.34809 368.104 0.156179 2.01004 1202.88 0.606339 0.465603 0.742595 0.670145 383.685 0.961869 0.795222 1348.91 92.9047
536.703 -0.0307164 0.458609 505.031 -1.74182 3.06402 1431.23 0.363948 0.619246 0.805039 0.778906 75.3993 2.88513 0.169271 1212.12 92.9047
322.974 0.494665 -1.66168 279.493 -0.449359 0.56695 629.605 0.594778 0.780824 0.456108 0.729447 132.835 2.74102 0.680722 787.364 92.9047
269.485 -0.426597 -2.90133 267.975 -0.494535 -1.35908 387.762 0.351129 0.673118 0.693528 0.702237 687.826 1.35705 0.0156426 563.774 92.9047
501.744 -1.39102 -0.606353 353.494 0.619217 2.80961 1307.4 0.795794 0.739221 0.762988 0.709752 98.8714 0.891261 0.0770102 878.79 92.9047
603.119 0.664757 -2.88916 293.972 -0.590722 0.260683 1035.61 0.750772 0.550529 0.805671 0.77244 300.292 -1.55356 0.762765 1005.33 92.9047
651.224 0.551128 2.55591 466.31 -0.35334 -1.32815 1165.7 0.436111 0.839762 0.698452 0.715935 662.35 0.16436 1.49083 1087.89 92.9047
298.193 1.16168 1.83629 271.644 0.0219371 -1.08202 679.952 0.273161 0.139741 0.489575 0.803072 378.603 -1.01295 0.162561 823.72 92.9047
369.183 -0.167688 -2.59212 335.231 -0.414033 0.53189 741.472 0.466922 0.450193 0.653472 0.647055 294.741 -2.55411 0.0342722 689.891 92.9047
395.893 -1.05888 -0.222374 378.122 -0.729205 2.77145 817.226 0.209088 0.803246 0.492818 0.661094 19.3466 -1.6244 1.17426 821.077 92.9047
490.207 -1.00705 -2.13446 418.334 0.0963467 0.924102 1066.16 0.263882 0.85941 0.619406 0.779209 50.7892 2.03207 1.10372 897.158 92.9047
528.208 -0.62318 -2.0586 487.997 -0.642066 1.37328 1053.27 0.303139 0.418842 0.536825 0.761385 321.254 -1.09009 0.821926 589.295 92.9047
372.55 -0.0779299 0.254179 349.837 0.19499 -2.31534 706.946 0.756628 0.616201 0.722002 0.336353 305.504 2.97358 0.991624 780.631 92.9047
413.419 0.162099 -1.94185 365.088 -0.985801 1.33886 917.988 0.788726 0.265028 0.78005 0.597553 194.183 -0.608257 1.34018 771.532 92.9047
446.993 0.0520677 1.41657 289.099 0.819288 -2.15617 770.987 0.299003 0.772606 0.781363 0.711532 85.0506 -0.849995 0.0278886 980.323 92.9047
402.223 -0.661935 1.733 284.996 -0.4025 -2.20489 639.363 0.402297 0.868501 0.759057 0.683358 623.235 -0.59026 1.61601 783.25 92.9047
287.849 0.453081 2.99409 266.194 -1.25508 2.58089 563.019 0.564765 0.499229 0.770804 0.701098 571.042 -0.472905 0.590745 567.244 92.9047
369.556 0.755885 -1.43605 273.736 0.0882424 1.25602 684.162 0.567474 0.463762 0.601472 0.854466 236.149 3.079 0.559857 664.403 92.9047
315.357 -0.713236 -2.92126 260.104 0.27453 -0.108343 647.792 0.672494 0.554872 0.705862 0.81522 130.641 2.35825 0.51106 614.018 92.9047
427.24 -0.393537 -2.72117 282.559 -0.155788 0.511479 709.515 0.768021 0.570531 0.697538 0.773131 115.572 -1.01476 1.53139 679.182 92.9047
460.555 -0.416806 -0.509098 298.522 1.08024 -3.05757 942.883 0.66239 0.717173 0.765056 0.729044 168.865 2.39555 0.337995 979.331 92.9047
531.609 -1.06804 -0.689022 376.092 0.294749 2.52869 1123.03 0.762506 0.700963 0.760223 0.791419 238.117 -0.27977 0.232049 974.416 92.9047
463.902 0.361916 -2.8667 373.944 0.653531 -0.43518 796.849 0.697334 0.800316 0.606359 0.742698 438.161 1.44126 1.87681 818.38 92.9047
336.609 -0.0863248 2.85439 283.121 0.877268 0.178073 683.45 0.797938 0.483992 0.731146 0.738362 367.222 -0.563663 0.329388 620.711 92.9047
293.71 -1.29041 2.65497 280.76 0.567951 -0.0529324 850.596 0.767506 0.267969 0.851017 0.835629 200.979 -1.70841 1.66174 560.01 92.9047
432.534 -1.24934 -3.05837 381.386 0.0587888 0.589846 998.814 0.332251 0.767676 0.776537 0.803261 536.931 -2.04963 0.994813 857.596 92.9047
304.816 0.796034 3.00029 268.501 0.13798 0.337828 596.108 0.650898 0.592461 0.768456 0.698851 240.192 -1.51131 1.75697 552.634 92.9047
556.59 0.494947 0.653776 346.769 0.532254 2.7408 774.517 0.847455 0.767851 0.705246 0.792167 559.94 -1.54186 0.737772 892.587 92.9047
451.286 -0.569861 -2.14281 413.239 -0.673063 0.458245 846.871 0.833646 0.553575 0.805697 0.65594 505.625 1.60914 0.022639 1014.94 92.9047
347.844 -1.14559 -0.997085 330.647 -0.98183 1.23497 624.468 0.711636 0.680556 0.687243 0.657901 705.28 2.83649 0.195629 750.151 92.9047
449.891 0.568322 -2.73772 408.792 0.524344 0.173829 860.829 0.329229 0.775131 0.846894 0.742554 376.029 1.47262 0.732398 1069.97 92.9047
1249.64 1.14401 2.39843 563.856 0.157091 -0.867981 1897.44 0.462468 0.765402 0.824637 0.866523 208.135 0.613512 0.410455 1814.03 92.9047
308.18 0.337047 -1.64452 289.319 0.9457 -3.02656 432.243 0.278434 0.711814 0.782736 0.744498 702.345 1.81378 1.44891 808.548 92.9047
403.296 0.199585 2.4651 366.674 0.498266 -0.83488 794.234 0.552583 0.271044 0.39219 0.685687 105.999 0.901545 0.601204 785.498 92.9047
400.126 -0.147033 -3.09637 256.709 0.963653 -0.485672 730.005 0.618807 0.805585 0.741392 0.710378 857.279 0.527796 0.218213 714.219 92.9047
345.515 -0.0698041 -0.353508 318.942 0.0203032 -2.74427 632.27 0.716893 0.749494 0.81064 0.656802 496.141 1.3906 0.730116 670.218 92.9047
670.388 0.0964621 -1.99586 262.974 -1.05403 0.194797 922.168 0.634176 0.778863 0.873735 0.65692 705.48 1.78546 0.22407 906.474 92.9047
428.712 -0.922593 -0.273781 257.171 -0.545712 -2.61154 652.041 0.421557 0.57805 0.850491 0.795057 308.176 2.17926 0.632757 767.528 92.9047
790.604 0.0533435 2.90009 267.678 -0.148959 -0.437571 930.94 0.675759 0.723295 0.693888 0.628695 177.101 1.12053 1.14301 1047.6 92.9047
303.031 -1.28281 -2.42125 281.985 0.929847 1.14348 978.504 0.675873 0.608243 0.75678 0.843031 257.615 1.16545 3.8743e-05 635.711 92.9047
339.082 0.457996 -2.27044 303.559 0.448453 0.386984 648.966 0.777413 0.55825 0.802571 0.699247 263.469 1.97554 1.55331 601.739 92.9047
591.429 -0.256495 2.20989 524.343 -1.087 -0.634655 1212.32 0.473212 0.503015 0.529756 0.444812 443.23 -2.27013 1.63512 1097.98 92.9047
511.361 -0.225286 -2.70188 395.236 -0.151267 1.09053 874.633 0.586622 0.688859 0.872204 0.83866 310.475 -0.184666 0.102636 925.212 92.9047
343.556 -0.945476 -0.660502 329.567 1.13316 2.07344 1068.54 0.320827 0.770065 0.781638 0.827297 228.342 -2.41292 1.74766 645.239 92.9047
497.644 1.30623 -2.0338 266.751 -0.265271 1.08331 978.363 0.756225 0.807571 0.810637 0.830425 216.769 1.65794 0.585737 798.394 92.9047
429.764 0.0438433 -1.06171 253.674 -2.24665 2.36957 1150.99 0.741911 0.585194 0.753596 0.826113 162.078 2.18844 0.162235 727.076 -92.9047
396.096 -0.482409 1.86271 302.114 -0.845288 -1.58775 748.892 0.226736 0.796259 0.837181 0.802958 49.7916 1.07957 0.503255 709.402 92.9047
422.917 0.978891 2.09217 259.446 -0.82555 -0.74489 952.632 0.810821 0.498229 0.746727 0.714771 570.89 -0.9237 0.182149 765.714 92.9047
443.51 0.168474 0.996126 281.15 -0.35697 -2.79012 713.184 0.801739 0.414726 0.773537 0.698708 75.5145 -1.6135 0.677562 764.821 92.9047
456.623 0.876301 -2.86194 345.658 1.23623 -0.0149695 815.047 0.543315 0.471611 0.761708 0.740816 275.372 1.78957 1.64149 837.945 92.9047
567.534 -1.03323 2.67529 459.424 -1.11459 -0.382014 1028.66 0.771586 0.767824 0.685014 0.610875 79.1947 -1.67405 1.30035 1003.78 92.9047
367.199 0.121002 -0.209581 348.563 1.07788 2.49761 793.197 0.629666 0.750063 0.831569 0.796759 276.805 -2.0383 1.5925 802.732 92.9047
414.068 0.252703 1.06719 258.516 0.16329 -1.48739 666.663 0.181138 0.428975 0.803234 0.796459 521.883 -2.74971 0.947489 661.026 92.9047
519.424 -0.0564072 -0.465955 265.25 0.843197 -3.01393 796.003 0.807334 0.581004 0.759588 0.750401 347.873 1.96798 1.03278 806.759 92.9047
530.955 0.141786 -2.31146 342.856 -0.280423 0.820299 888.885 0.377918 0.338046 0.398315 0.788605 109.635 1.09517 0.150358 856.826 92.9047
403.136 -0.652971 -0.567401 309.65 -0.652499 -2.49212 598.776 0.518939 0.676407 0.622495 0.703374 200.116 -2.75127 0.252215 956.262 92.9047
452.902 -0.600838 -1.59604 432.999 -0.552835 0.997871 868.821 0.595006 0.716161 0.715666 0.613476 437.338 3.02791 1.67108 916.164 92.9047
417.438 -0.756042 2.59987 284.862 -0.354712 -0.563223 714.08 0.574981 0.260697 0.876995 0.764766 230.955 -2.49953 1.18343 907.035 92.9047
380.648 0.532721 -0.845909 318.04 -0.338452 1.68693 762.031 0.54529 0.65441 0.467227 0.780037 314.681 -2.83631 0.0255065 741.973 92.9047
388.553 0.141267 -1.37789 359.784 0.817089 1.79746 817.969 0.508514 0.804715 0.886156 0.785431 169.35 0.184555 0.0753041 791.528 92.9047
402.886 -0.419202 1.42133 273.359 -0.473212 -0.663775 588.026 0.490439 0.538834 0.727025 0.713745 252.001 -2.421 0.967188 739.294 92.9047
322.111 -1.19867 0.304537 272.131 -0.872803 -2.61263 607.619 0.605709 0.71178 0.766184 0.811546 76.5025 -0.0924241 0.405443 766.987 92.9047
360.035 -0.102169 2.81373 267.5 -1.07836 -0.0858282 701.06 0.609851 0.691724 0.696404 0.722301 262.975 1.56403 1.24487 698.036 92.9047
397.843 0.782694 -0.934064 336.026 0.471698 2.32594 758.536 0.328214 0.761908 0.739677 0.550284 92.9918 -0.0235 0.913512 783.323 92.9047
545.599 0.750562 -2.33721 521.692 0.252294 1.00136 1107 0.595782 0.316177 0.722722 0.796224 97.7259 -0.613 1.61637 1038.38 92.9047
459.817 0.108418 -2.03112 424.161 0.100859 1.34834 903.712 0.706683 0.141543 0.714756 0.408473 274.882 0.244876 0.968357 867.764 92.9047
647.078 -0.333009 0.521401 490.527 0.318889 -2.40027 1199.27 0.734047 0.817185 0.783378 0.778475 415.326 1.95971 1.43501 1211.21 92.9047
393.603 0.447062 -2.07346 267.084 1.2382 0.240582 670.044 0.394789 0.829745 0.803172 0.758247 431.171 -3.06876 0.999527 743.096 92.9047
492.288 -0.122866 -2.89438 273.303 0.778133 -0.231701 803.065 0.627161 0.543145 0.771578 0.673423 444.916 0.476427 0.68227 755.883 92.9047
428.159 -0.190526 -2.71828 296.892 0.828628 0.595607 819.311 0.429537 0.766035 0.79722 0.802213 113.362 -1.21016 1.50558 687.451 92.9047
401.847 -0.469222 -1.73229 329.258 0.233681 2.66355 651.507 0.230848 0.568093 0.467229 0.566963 654.666 0.70267 0.277351 894.662 92.9047
749.839 0.430862 1.70372 257.729 1.25607 -0.862384 945.016 0.803974 0.781628 0.767712 0.692636 737.949 -2.0824 0.52501 959.886 -92.9047
353.543 0.757971 -2.3926 339.142 -1.38484 0.570947 1131.27 0.716928 0.599078 0.816956 0.739748 266.531 -2.58501 0.193093 728.583 92.9047
500.032 -0.449585 -2.89095 423.733 -0.467963 -1.59515 567.144 0.562583 0.248561 0.796065 0.561 207.51 1.38416 0.228448 851.21 92.9047
1170.9 1.28953 -0.062994 661.611 0.264004 2.55721 1950.5 0.767814 0.814366 0.95265 0.814626 504.011 -2.2846 0.128568 1866.08 92.9047
351.831 -0.467012 0.170902 251.843 -0.124778 2.64684 588.123 0.770464 0.622186 0.734005 0.769399 84.3043 -2.00387 0.165511 665.391 92.9047
564.956 0.475409 2.70845 330.311 0.688714 -0.330443 892.789 0.486112 0.172719 0.61891 0.492624 158.363 -0.832029 0.473323 867.113 92.9047
622.632 1.22174 1.48248 488.459 -0.149698 -0.972909 1334.93 0.631582 0.472453 0.823928 0.834725 627.583 -2.4885 1.27233 1093.87 92.9047
295.931 0.651878 -0.0869021 278.953 0.413367 2.39462 570.885 0.387144 0.448714 0.463683 0.758525 196.027 2.96688 0.574601 728.442 92.9047
500.028 -0.238802 1.56964 366.866 -0.66022 -1.11604 864.504 0.630659 0.563281 0.729955 0.72132 261.751 -2.87046 1.05007 1023.78 92.9047
321.676 -1.07484 3.08666 254.343 -1.38049 -0.495226 583.677 0.739654 0.745205 0.831793 0.868578 426.868 0.658359 0.0199382 741.961 92.9047
436.268 -0.39062 0.652891 264.765 -1.11298 -2.77773 737.391 0.424698 0.789657 0.802421 0.719213 155.911 -0.639777 0.989591 666.616 92.9047
499.964 -0.329259 -1.75178 367.376 0.85465 1.18277 1040.47 0.239551 0.641663 0.72928 0.721469 71.382 1.7292 0.503355 867.3 92.9047
499.146 0.0730393 0.599212 392.603 -1.0919 -3.12517 1019.4 0.729895 0.817808 0.811658 0.739382 481.995 -2.5391 0.584095 998.213 92.9047
342.761 0.664783 -2.40883 270.467 -0.225863 1.27889 663.714 0.757147 0.650503 0.688263 0.785703 222.152 -0.0906762 0.533502 661.402 92.9047
515.864 -1.30262 0.408677 416.735 -0.0951623 -2.73786 1134.81 0.195975 0.789894 0.811897 0.67193 248.361 -2.68782 0.0459347 976.526 92.9047
511.078 -0.259262 -2.18983 355.727 0.807346 1.32171 969.398 0.754362 0.688511 0.709268 0.733955 105.11 -1.8085 0.381655 948.851 92.9047
518.131 -0.118393 0.588531 354.889 -0.394668 -2.01455 887.858 0.228832 0.665382 0.781487 0.766775 347.168 2.58106 1.1689 870.924 92.9047
344.619 0.541236 -0.857145 331.135 -0.555504 1.82789 781.965 0.464468 0.516406 0.59411 0.556813 487.132 1.19359 0.0208261 955.558 92.9047
299.688 -0.560199 0.0680525 288.573 -0.645528 2.34662 549.274 0.772557 0.687127 0.728901 0.794823 223.728 -1.82001 0.184358 573.956 92.9047
389.723 0.437645 1.69928 332.456 -0.974406 -1.00728 902.532 0.603614 0.722899 0.820793 0.723338 274.546 -1.73156 0.722129 806.625 92.9047
486.189 0.137055 1.8945 288.129 0.201528 -2.04209 706.244 0.574424 0.77076 0.43327 0.887815 473.513 -0.786083 0.200142 934.392 92.9047
367.17 1.16887 -0.911602 271.706 -0.314807 2.65728 813.939 0.549722 0.597604 0.842169 0.751758 228.947 0.881824 1.79208 602.783 92.9047
416.843 0.0265349 0.0218381 302.442 -0.704717 3.03915 768.829 0.682798 0.490746 0.739548 0.835778 196.478 -1.7462 1.48146 693.037 92.9047
397.383 0.965632 -2.2832 386.294 -0.616357 1.95865 968.889 0.633019 0.770761 0.681842 0.76176 472.393 -1.43181 0.404279 1107.67 92.9047
297.301 -0.545062 -2.29502 251.953 -0.721798 1.71434 508.17 0.298631 0.431751 0.727007 0.611927 309.527 0.694486 0.437674 686.822 92.9047
599.902 0.942176 -0.195143 346.303 1.51417 2.23944 907.403 0.765526 0.843242 0.778564 0.81226 120.449 2.70526 0.466192 1233.8 92.9047
448.696 0.481668 0.702493 391.895 -0.330268 2.808 825.914 0.737866 0.767555 0.775254 0.738071 256.284 -0.780874 0.473486 869.966 92.9047
401.596 0.0755151 1.41801 346.809 -1.68601 -1.90299 1114.16 0.199223 0.613035 0.628748 0.777471 66.4109 0.555682 0.799043 923.167 92.9047
400.362 -0.950358 2.60747 281.68 0.176944 -0.169139 781.898 0.385561 0.246571 0.75763 0.564791 204.179 0.754477 0.923265 849.813 92.9047
288.734 0.597099 -2.38057 283.42 1.5914 0.719004 659.669 0.663576 0.625061 0.556862 0.822209 75.1648 -3.07597 0.605828 590.196 92.9047
290.898 -0.642449 -2.85793 265.653 0.309862 -1.38526 489.123 0.424623 0.750888 0.799603 0.837721 409.478 1.15032 0.0186641 726.518 92.9047
341.278 0.387264 -1.55101 271.602 1.92146 2.40664 775.699 0.693379 0.620283 0.652967 0.805668 398.487 0.818651 0.928411 675.977 92.9047
469.474 1.33852 1.99808 352.943 1.08181 -1.59578 811.011 0.618909 0.788963 0.771943 0.777931 115.512 -0.643372 0.07826 1014.6 92.9047
446.744 -1.335 3.06516 419.196 0.16842 -0.674263 1102.39 0.452889 0.614042 0.694802 0.813733 168.328 0.354887 0.148207 964.982 92.9047
327.345 -0.235145 2.65838 319.512 -2.26741 -1.16188 1012.06 0.769082 0.257918 0.799712 0.808955 393.102 0.570931 1.57997 603.094 92.9047
472.977 0.282548 -1.42118 412.258 -0.132648 2.02402 897.695 0.672797 0.535914 0.739604 0.811511 311.204 -0.583358 0.83562 901.686 92.9047
536.933 0.763499 1.85054 250.342 0.184389 -1.56371 786.162 0.266069 0.695695 0.796513 0.79888 140.543 0.0722794 1.34769 760.383 92.9047
406.388 0.65274 0.508944 300.028 0.315657 -2.00167 685.227 0.452609 0.734028 0.520604 0.665656 336.375 2.12754 1.67635 745.852 92.9047
440.525 0.147669 1.14533 422.253 0.634823 -2.39681 880.628 0.684304 0.369219 0.646281 0.818237 268.357 0.254749 0.116893 985.725 92.9047
390.912 0.752515 -2.9628 296.189 -0.0297347 -0.235517 721.698 0.77273 0.372374 0.755698 0.610625 86.8257 -0.169096 0.0643113 778.462 92.9047
669.795 1.1159 -2.72698 335.974 -0.154006 -0.0971571 1138.74 0.712785 0.34032 0.815297 0.70066 576.35 0.985007 1.01178 977.22 92.9047
315.892 -0.0195314 2.57521 251.547 -0.602237 0.0532497 585.297 0.361149 0.380777 0.84738 0.768333 98.1656 -1.54163 0.129513 648.745 92.9047
944.303 -1.00594 -2.38929 411.678 0.0588802 0.283751 1413.14 0.407442 0.78754 0.797274 0.837196 87.227 2.18438 0.804925 1569.76 92.9047
289.862 1.14395 -0.24163 263.839 1.56326 -2.54485 537.716 0.712652 0.828944 0.76121 0.830322 255.633 -0.707338 0.485386 659.697 92.9047
286.595 -2.21421 -0.304798 273.288 0.442018 2.16732 1127.25 0.807919 0.630334 0.800449 0.817384 632.04 -2.18405 1.87753 594.97 92.9047
329.161 1.25209 -1.11947 277.484 1.24079 2.61141 597.441 0.394311 0.55559 0.717037 0.831612 281.683 -0.49859 0.612119 793.864 -92.9047
281.024 -1.43161 -3.06213 263.831 0.373815 -0.897045 748.38 0.712741 0.641618 0.876769 0.82408 803.913 1.54234 0.585899 530.447 92.9047
283.671 -0.340926 2.28486 278.128 1.02301 -1.04461 709.85 0.709352 0.788484 0.624621 0.74209 347.152 1.66792 0.624134 527.635 92.9047
540.912 -0.456794 -1.85937 363.605 1.01643 0.924227 1135.67 0.862687 0.778737 0.799395 0.679585 301.354 2.65105 1.04125 897.217 92.9047
494.171 0.141743 3.02465 451.791 -1.11213 0.595319 1097.24 0.34682 0.312633 0.710364 0.696406 149.396 -0.730852 1.21296 1235.54 92.9047
307.111 1.71689 2.1671 295.943 0.107744 -1.22174 836.475 0.506431 0.656574 0.439912 0.66604 397.669 -0.410676 0.808108 605.038 92.9047
552.641 -0.913023 1.09546 401.748 -0.162536 -2.41141 1002.85 0.177865 0.518115 0.802265 0.623642 323.609 -0.70163 1.70868 938.154 92.9047
440.519 0.0939645 -0.856803 354.326 -1.24442 -2.50734 835.844 0.756926 0.763442 0.807164 0.783189 445.154 0.931846 1.41786 989.283 92.9047
389.443 0.861977 2.54485 324.93 -0.371489 -1.99237 727.234 0.775551 0.421287 0.736349 0.688899 474.021 0.37997 0.49597 872.812 92.9047
376.15 0.0703941 -3.01823 285.112 -0.202033 0.597058 663.641 0.435371 0.80471 0.739425 0.838941 295.562 -0.661538 1.26016 632.482 92.9047
391.65 1.23594 0.308731 257.656 1.61016 -2.96397 661.946 0.750071 0.259453 0.79194 0.74568 69.5415 3.04152 0.183231 676.784 92.9047
972.963 0.152034 0.57762 277.972 -0.333274 -2.74338 1115.35 0.706536 0.761881 0.858842 0.638749 550.286 -2.32231 0.0857234 1204.27 92.9047
414.361 -0.275058 0.0646386 285.259 -1.52118 -2.93806 833.58 0.72897 0.719806 0.845019 0.826226 224.621 3.06273 0.275488 695.783 92.9047
470.096 0.618559 -2.60307 250.279 -1.43202 -0.290353 1048.97 0.703653 0.289166 0.87234 0.801906 198.096 2.45658 1.02419 796.581 92.9047
324.037 -0.513544 1.33342 287.901 -1.53558 -0.0860662 522.751 0.272952 0.431469 0.66096 0.582118 566.563 -2.01684 0.928552 722.901 92.9047
389.494 0.666472 1.83013 262.779 0.120977 -0.933516 663.98 0.532048 0.526691 0.794953 0.705074 359.985 -2.66884 0.604978 765.472 92.9047
350.406 0.227969 -0.196482 277.796 -1.08771 2.94337 768.479 0.72967 0.656656 0.64364 0.832805 147.015 -0.0631748 0.137233 639.03 92.9047
385.733 -0.495212 1.36794 324.967 0.0823534 -1.73684 749.023 0.595386 0.642666 0.712056 0.665809 217.664 1.15023 0.215149 776.312 92.9047
845.218 0.153471 -3.11565 313.014 1.12245 0.60664 1121.71 0.459514 0.642782 0.693173 0.727711 840.393 -0.257043 0.268287 1160.63 92.9047
545.374 0.377386 2.17498 460.182 0.33884 -0.250537 970.139 0.463917 0.490296 0.832126 0.61339 609.378 -1.80647 1.43461 976.062 92.9047
320.944 -0.815136 1.0976 282.323 -1.80876 -2.8107 652.671 0.802233 0.712702 0.809819 0.796286 99.001 -2.51495 0.31189 735.556 92.9047
589.164 -0.103483 1.33969 313.685 0.315457 -1.23446 865.432 0.746105 0.619509 0.69079 0.712654 395.862 -2.9054 0.100109 881.647 92.9047
479.246 0.0974291 2.97747 311.593 -0.590365 0.0885593 829.515 0.795087 0.31987 0.744368 0.818487 131.198 -0.290441 0.194414 809.235 92.9047
294.743 -0.766291 -1.32469 280.323 0.848067 0.758053 722.546 0.701877 0.762486 0.760364 0.744109 188.958 -2.57787 0.60847 697.237 92.9047
508.501 -0.631364 -3.01843 305.183 -0.984865 0.954212 745.47 0.743798 0.778205 0.796834 0.753306 366.143 -1.13847 0.822272 825.524 92.9047
268.933 -0.904491 -1.31297 267.458 -1.05002 1.22927 523.969 0.505909 0.744367 0.629663 0.750141 264.515 3.01141 1.78812 513.359 92.9047
470.58 0.185568 0.641191 327.515 -1.75852 -2.74066 1198.65 0.79405 0.7433 0.797979 0.771876 24.8002 1.70418 1.06262 815.551 92.9047
372.943 0.526766 1.53724 315.671 0.823169 -0.889981 664.972 0.823587 0.791797 0.848806 0.836285 537.897 -2.3738 1.27574 753.623 92.9047
340.597 0.0630148 -1.16815 283.288 -1.4905 1.22142 804.341 0.575099 0.554637 0.63081 0.814267 66.157 2.93499 0.797939 758.251 92.9047
469.193 -0.291073 1.26414 257.756 -1.18019 -0.295757 600.412 0.489544 0.858383 0.734047 0.80793 663.2 -3.1166 0.0874643 850.517 92.9047
318.001 -0.242021 0.290028 296.615 0.867981 2.99393 705.358 0.740851 0.769776 0.778585 0.832381 268.049 -1.76773 0.326247 622.033 92.9047
341.636 0.654867 1.95451 332.462 0.45185 -2.43857 568.995 0.375819 0.753098 0.725476 0.667395 510.555 -0.567997 0.174128 684.826 92.9047
521.197 0.0514582 -2.82551 282.266 0.939797 0.478393 847.242 0.768679 0.800114 0.732193 0.763054 140.329 -1.17007 1.47461 903.799 92.9047
889.599 -0.066596 -1.34082 369.806 -0.434561 1.69172 1173.34 0.626519 0.756353 0.715729 0.741755 213.025 -2.72694 1.38369 1232.89 92.9047
976.25 0.135984 -1.77896 308.209 0.024033 0.976347 1094.4 0.749166 0.789123 0.795035 0.699386 447.592 2.38325 0.603675 1271.08 92.9047
633.108 0.031109 -0.179715 417.343 1.39961 2.2453 1231.03 0.38153 0.705688 0.717006 0.765818 874.081 -2.99782 0.0310173 1096.61 92.9047
774.329 0.0928209 1.71192 544.524 0.576986 -1.33374 1369.04 0.768344 0.291013 0.631836 0.617889 205.078 2.57199 0.0717089 1299.41 92.9047
555.684 -0.0211662 -0.0917998 400.201 -0.975075 3.112 1072.3 0.615322 0.198856 0.773362 0.677725 287.365 1.76303 1.17228 972.799 92.9047
502.104 1.33168 1.19059 400.424 0.712153 -1.59284 957.754 0.610579 0.41794 0.729167 0.776689 365.207 2.11007 0.527759 894.668 92.9047
333.776 -0.214544 -0.456803 266.526 -0.165838 -2.23562 486.24 0.53078 0.588819 0.735411 0.660254 565.79 2.41461 0.435326 572.871 92.9047
338.234 -0.812562 1.14163 303.852 1.60758 -1.81103 1174.42 0.186848 0.809667 0.748087 0.809821 68.5629 -0.207962 1.3522 732.047 92.9047
444.889 1.21555 2.68763 340.94 0.224025 -1.20041 842.749 0.549931 0.156857 0.837252 0.788804 198.652 0.0270636 0.586608 955.189 92.9047
506.655 -0.446251 1.37699 285.544 -0.628257 -0.420509 621.54 0.760744 0.602566 0.646297 0.683326 558.174 -2.11664 0.418978 888.508 92.9047
404.845 -1.11182 -2.69298 297.385 -0.922921 -0.568833 656.958 0.503511 0.272058 0.844099 0.680897 627.568 1.81505 1.69813 686.391 92.9047
374.389 1.5139 -0.95802 298.199 -0.140768 2.03964 916.566 0.660198 0.75015 0.768115 0.680755 101.647 0.668056 1.36666 721.319 92.9047
944.791 -0.116644 1.00939 332.229 -0.647163 -2.08853 1172.49 0.796045 0.771782 0.657496 0.800327 481.625 -2.04585 0.0272894 1292.44 92.9047
372.472 -0.466304 -2.76367 256.943 -0.55363 1.22002 580.268 0.512226 0.421935 0.750235 0.691041 445.688 -0.821483 0.740672 676.536 92.9047
617.063 -1.17787 0.682551 377.87 -0.566695 -3.0637 982.414 0.689304 0.675078 0.835775 0.725129 372.552 -2.53247 0.522043 1107.4 92.9047
759 0.242135 -2.41417 279.85 0.371269 1.02805 924.908 0.74778 0.721571 0.637405 0.692367 307.288 -0.342274 0.777954 1044.09 92.9047
385.766 -1.36738 -0.827648 268.325 -0.37506 2.04486 740.111 0.626527 0.491562 0.757695 0.930187 299.678 0.152689 0.965109 716.07 92.9047
402.142 0.892015 2.08061 376.694 0.33046 -1.80148 800.251 0.523565 0.0742627 0.536141 0.687015 454.377 1.07329 0.276824 796.64 92.9047
706.39 -0.192541 -0.0697289 251.23 -0.190432 2.91849 857.757 0.715858 0.529797 0.763422 0.786542 323.801 3.10104 0.189996 980.32 92.9047
325.894 2.13679 0.259476 303.408 0.928959 -2.53345 751.348 0.710183 0.800484 0.874471 0.740423 225.377 -0.946603 1.19417 836.903 92.9047
485.697 0.408411 -3.06412 431.551 1.43102 0.770068 1000.05 0.806659 0.794069 0.805675 0.761135 105.302 -1.23779 0.00125873 922.751 92.9047
447.846 0.143834 2.44547 414.997 -0.481863 0.306872 822.001 0.224856 0.447532 0.814989 0.706601 676.118 -1.95597 0.169323 847.704 92.9047
370.484 0.714127 -1.02639 365.093 0.551983 2.68809 729.828 0.256 0.535347 0.589614 0.601406 303.516 0.215213 0.705054 763.81 92.9047
320.89 -1.08472 2.76423 284.94 0.564982 -1.41019 775.545 0.672205 0.771835 0.751603 0.774345 178.662 0.935476 0.0587605 945.715 92.9047
420.067 -0.794552 2.5972 278.015 0.502544 0.126844 808.866 0.802954 0.620345 0.809394 0.753485 424.205 2.92702 0.329948 890.633 92.9047
431.917 0.908525 -3.11808 292.499 0.106046 0.940718 707.97 0.755496 0.516716 0.81626 0.736814 447.367 -0.677269 1.61934 740.33 92.9047
381.742 1.38447 -2.20628 327.001 0.629221 1.57072 735.073 0.758284 0.540365 0.691711 0.541109 331.533 -0.812154 0.821735 717.034 92.9047
422.553 -0.164889 3.08869 369.55 0.293965 -0.0369205 823.555 0.706982 0.76602 0.62336 0.810142 551.981 2.45177 0.614639 802.137 92.9047
366.438 1.63676 -1.36279 269.568 0.941424 3.01994 575.699 0.657849 0.461463 0.787139 0.822205 159.371 -2.5558 0.704558 1041.9 92.9047
387.832 0.563705 -1.70796 274.762 -1.56842 2.16534 1042.07 0.731506 0.503025 0.666161 0.728996 286.245 0.336477 0.813138 725.099 92.9047
439.016 -0.709453 2.85741 357.791 -1.10524 0.00419858 823.191 0.319601 0.602567 0.7237 0.502493 351.099 -1.33909 1.3397 876.16 92.9047
518.475 0.132728 -0.734646 301.953 -0.0296055 1.57592 766.319 0.275532 0.589724 0.8317 0.714052 693.092 3.07909 1.51357 826.78 92.9047
290.905 -1.20981 -0.278252 288.613 0.0789291 2.89384 721.147 0.83689 0.70744 0.708039 0.786425 410.752 2.90589 0.015871 621.189 92.9047
393.779 0.0499261 -0.766132 262.601 -0.0538759 2.35063 656.19 0.284989 0.602226 0.740015 0.551371 629.731 2.53575 0.20435 672.288 92.9047
489.783 -0.526216 1.60544 343.365 -0.423451 -2.3929 764.946 0.778512 0.661409 0.65682 0.834107 270.368 -0.575629 0.813238 884.41 92.9047
366.65 -0.365492 0.977339 342.428 0.160812 -2.98142 689.137 0.659257 0.691129 0.634068 0.673004 318.707 -0.754159 0.605828 785.007 92.9047
340.284 -0.492706 -0.70616 312.502 1.46801 2.85013 997.24 0.434698 0.76754 0.771241 0.780353 299.91 0.874349 1.55284 616.354 92.9047
286.238 -1.0197 2.73692 254.396 1.08616 0.809882 817.621 0.65414 0.612247 0.840134 0.389754 430.681 -0.672391 0.781702 655.627 92.9047
326.47 -0.152652 0.285563 312.095 -0.821535 -2.52777 673.661 0.715625 0.598746 0.706604 0.796038 219.828 1.70867 1.42554 659.609 92.9047
488.795 -0.596135 0.263979 271.874 -0.855318 2.35576 656.272 0.473147 0.751533 0.752918 0.674446 587.032 -2.40675 0.111516 750.665 92.9047
391.859 0.752248 -1.96082 260.625 0.920305 0.766083 634.819 0.719376 0.746196 0.723083 0.819905 94.6726 1.5579 0.447723 809.698 92.9047
408.306 1.47845 0.40111 309.505 0.93083 -2.16907 733.287 0.345853 0.714023 0.691898 0.686676 328.335 2.15513 0.312887 719.804 92.9047
458.348 1.04934 0.30375 408.784 0.455915 2.74644 874.69 0.665658 0.477504 0.83781 0.692121 441.074 -2.13803 1.35464 829.962 92.9047
295.084 1.24712 -1.10084 280.675 0.113238 -2.53566 536.031 0.403699 0.779859 0.620056 0.714427 544.308 0.6592 1.54303 634.412 92.9047
410.562 -0.857429 2.9228 255.201 0.422346 -0.467694 797.476 0.707407 0.718366 0.903143 0.631974 343.934 0.172876 0.609685 672.443 92.9047
330.19 1.8728 3.11656 306.522 1.42965 0.889847 606.015 0.577911 0.644263 0.756018 0.880852 172.665 -0.179074 0.252717 773.584 92.9047
396.391 0.460197 0.469469 300.652 -0.378934 -1.31269 642.241 0.563228 0.760259 0.686609 0.669483 214.936 -2.82941 0.363027 849.46 92.9047
473.935 -0.779017 2.53143 378.136 -0.961814 -0.0197082 833.241 0.652452 0.344619 0.778917 0.737039 370.391 -1.95606 0.591983 826.86 92.9047
508.324 -1.40928 1.47558 354.465 -0.480868 -1.0212 924.684 0.729948 0.789841 0.819962 0.836795 512.402 -2.87461 1.83727 809.206 92.9047
355.43 -0.536345 -1.38485 322.839 0.191697 1.55323 727.828 0.758546 0.808417 0.790869 0.748178 109.815 -2.63287 0.561182 806.256 92.9047
342.688 -0.429461 2.1184 270.988 0.846233 -1.49045 752.582 0.541207 0.864282 0.704758 0.813201 176.065 1.89292 0.0866538 698.475 92.9047
380.812 -0.774874 0.797006 378.962 -0.0972341 -2.58454 842.179 0.711652 0.343174 0.575789 0.737267 200.487 0.00637024 0.802182 744.274 92.9047
763.39 0.309679 -1.29773 664.989 -0.595472 2.29589 1550.65 0.742465 0.748016 0.726951 0.807844 262.154 0.570077 0.212977 1540.74 92.9047
553.523 -0.282832 1.59072 277.609 -0.711972 -2.77752 672.829 0.203499 0.530518 0.628247 0.599073 405.119 -0.0872603 1.58967 986.333 92.9047
377.578 0.161942 -2.31313 362.558 0.873769 1.42893 763.171 0.554589 0.644966 0.566487 0.73235 234.239 -0.14514 0.0494251 1041.15 92.9047
267.502 -1.3391 -1.11459 251.265 -1.24776 1.47002 511.695 0.397416 0.760993 0.716956 0.834479 395.447 -1.20185 0.0801481 663.331 92.9047
421.719 -0.0849957 -1.31498 339.462 0.927702 2.06676 864.116 0.738726 0.415035 0.786787 0.577689 433.497 1.45851 0.553868 773.162 92.9047
427.724 0.732637 -2.71832 280.535 0.987313 0.168206 698.402 0.774992 0.641761 0.709925 0.786155 112.844 1.427 0.566655 783.368 92.9047
327.551 -0.776409 1.97343 314.943 -0.491304 -1.08983 667.804 0.744661 0.683049 0.740732 0.83495 21.9387 0.807918 1.17256 610.384 92.9047
640.647 0.615888 -0.716948 406.1 -0.0169738 2.74287 1073.09 0.585076 0.689919 0.538893 0.748598 566.189 0.238737 0.956581 1022.53 92.9047
360.035 0.656044 2.98463 322.525 -0.549297 -0.222043 825.839 0.51195 0.369193 0.780138 0.681454 54.5019 1.34824 1.54629 629.607 92.9047
653.571 0.810526 0.900523 295.497 0.48691 -0.790502 712.702 0.562346 0.577487 0.704169 0.64575 313.815 -2.53453 0.404619 1037.28 92.9047
505.908 -0.255938 0.919641 284.727 0.269134 -1.79193 812.592 0.251607 0.660491 0.703859 0.80092 377.085 2.48983 1.42546 793.708 92.9047
439.57 -1.40873 0.584952 275.472 0.11929 -1.44831 848.359 0.690918 0.639466 0.709876 0.675209 555.382 3.13055 0.233589 703.38 92.9047
554.232 0.126747 2.29849 279.377 0.534764 -0.474363 804.975 0.785469 0.728568 0.822929 0.7638 127.904 -2.88263 0.469045 854.155 92.9047
354.865 -0.163889 3.11761 254.261 -2.20259 0.0601415 953.687 0.726405 0.607924 0.741411 0.738733 321.469 0.17135 0.112105 845.966 92.9047
367.684 -0.143247 2.43438 273.503 0.44204 -1.53028 626.049 0.56584 0.535293 0.490343 0.664164 386.293 0.295827 1.19973 720.644 92.9047
405.155 -0.783964 3.0067 312.167 -0.472177 1.13622 603.398 0.316901 0.301804 0.72832 0.65341 297.505 -1.31732 0.505319 765.368 92.9047
321.514 0.295788 -0.63072 317.08 -0.542338 2.9966 687.197 0.78107 0.742249 0.827662 0.73854 261.381 1.2054 1.79718 611.161 92.9047
301.811 -0.646544 -2.15625 267.835 -0.35568 0.546571 574.348 0.776486 0.75241 0.707353 0.762013 648.175 2.54109 1.21594 760.031 92.9047
481.166 0.329314 -0.0279379 275.141 -1.36461 -2.19029 980.451 0.517723 0.279624 0.817274 0.733469 560.139 2.3472 1.19939 745.037 92.9047
397.129 0.781888 1.24637 391.945 -0.898419 -1.34392 1070.03 0.619444 0.795757 0.713004 0.657698 79.8365 -1.39037 0.0507101 834.321 92.9047
322.201 -0.809952 -2.23159 266.296 0.968331 2.07015 793.301 0.738461 0.487721 0.775251 0.735288 702.854 -0.264441 1.80218 565.02 92.9047
598.744 1.11417 -1.69523 275.607 -0.0197389 0.80886 920.985 0.741743 0.527085 0.73694 0.716664 382.511 2.39024 0.789191 916.367 92.9047
519.274 -0.120444 -1.62351 418.346 0.0775926 2.7432 777.418 0.573736 0.181089 0.531099 0.522287 313.051 0.721687 0.256933 1286.37 92.9047
538.902 0.420535 3.10283 399.299 -0.181671 -0.817185 927.752 0.217609 0.638381 0.593345 0.616187 538.46 1.43285 1.39249 917.949 92.9047
507.758 0.196676 1.33719 376.297 0.43743 -1.29015 880.107 0.22272 0.130619 0.586183 0.700597 338.837 3.02182 0.345858 896.897 92.9047
332.252 -0.121919 1.19424 325.358 0.817455 -1.11358 698.25 0.821779 0.163701 0.766703 0.757643 457.933 -2.78919 0.0864933 686.753 92.9047
332.845 -0.534285 2.96356 327.27 0.271711 0.550349 730.722 0.163293 0.735778 0.769595 0.560466 457.259 -2.18182 0.716295 700.515 92.9047
287.37 0.798654 -2.36139 277.544 0.578609 1.31288 571.523 0.52737 0.151673 0.752008 0.706084 422.029 -0.146037 1.14215 556.713 92.9047
496.394 0.518203 2.45155 313.875 1.3199 -1.26966 885.387 0.227437 0.709579 0.660909 0.78923 292.532 0.784396 0.26946 834.805 92.9047
604.33 -1.41208 -0.37149 451.324 -0.092017 2.9206 1287.29 0.833292 0.685387 0.831653 0.742938 162.315 1.13961 1.51589 1028.17 92.9047
464.764 0.662436 -2.57185 398.967 -1.30592 0.732782 1319.12 0.280621 0.651254 0.729588 0.760602 311.395 -1.17817 1.39838 843.595 92.9047
505.229 -0.794521 0.756867 359.545 -0.929396 2.57591 692.365 0.690418 0.723781 0.719135 0.799053 710.047 -1.96508 0.764744 918.574 92.9047
420.793 1.03825 0.845345 291.934 -1.132 -3.08561 1130.14 0.243194 0.624028 0.569715 0.690482 218.485 0.0685547 0.778889 752.898 92.9047
389.026 -0.676599 -0.508795 314.825 -1.3205 2.65669 760.205 0.359152 0.571449 0.664897 0.568033 188.651 -2.54028 1.06853 690.217 92.9047
357.57 -0.510815 0.320973 353.362 0.503608 -2.61388 809.843 0.797626 0.489732 0.79361 0.826009 319.957 1.96576 1.65358 677.525 92.9047
385.617 0.757012 -1.44358 274.843 0.355302 2.1091 657.586 0.799834 0.769743 0.719076 0.724187 675.036 1.07182 0.675658 730.41 92.9047
286.835 -0.25742 -2.37658 267.173 0.237402 -0.153421 524.895 0.715066 0.708722 0.705286 0.690299 282.891 -3.05147 0.684532 773.237 92.9047
811.934 1.05658 -0.781772 322.386 0.770044 3.10296 978.958 0.789447 0.651778 0.822499 0.657182 549.502 1.20941 1.25165 1163.78 92.9047
546.034 0.667192 1.52717 320.294 0.256181 -0.870662 812.366 0.63056 0.562601 0.80509 0.596123 224.466 3.13706 0.678936 956.582 92.9047
320.631 -0.237653 0.831185 266.27 -0.796981 -1.90799 611.269 0.702893 0.274669 0.745437 0.648558 153.989 2.5328 0.632951 643.407 92.9047
362.77 -0.794331 2.47734 250.62 -0.166326 -1.16228 642.326 0.669218 0.598076 0.64718 0.48042 222.885 2.46634 0.0258069 684.369 92.9047
572.152 0.0992738 -2.60913 297.482 -0.17995 0.393281 850.642 0.704555 0.818579 0.739336 0.61666 214.564 -0.287433 0.141797 1124.58 92.9047
389.272 0.198111 -2.58448 379.676 0.639242 0.708351 815.156 0.389977 0.389306 0.806727 0.776966 170.138 -1.75869 0.782688 751.144 92.9047
281.766 0.524368 0.401956 258.831 1.65041 1.5365 459.269 0.772164 0.432337 0.783529 0.852713 57.9457 -2.25982 0.238907 737.987 92.9047
421.484 -0.0532702 2.09645 262.485 -0.524287 -0.909778 706.292 0.591484 0.764399 0.638517 0.800292 373.195 2.63261 0.445552 705.13 92.9047
304.562 0.528157 -2.39628 267.355 0.461977 1.19951 564.804 0.516789 0.651925 0.624268 0.652505 290.978 -0.614698 1.77499 599.795 92.9047
356.902 -1.30131 0.0895785 348.297 0.515846 -2.91442 1023.77 0.781974 0.803226 0.808235 0.781545 441.454 -2.62665 0.281713 912.585 92.9047
272.824 0.344827 -1.65801 261.399 0.926277 1.22071 565.051 0.740764 0.654836 0.838106 0.768912 511.036 -2.39111 0.730512 526.418 92.9047
348.659 -0.299011 -0.272945 283.999 0.287221 2.39639 660.138 0.78151 0.783635 0.696692 0.785305 335.838 -1.88282 0.466777 612.688 92.9047
414.291 -1.26494 0.26982 277.78 0.0581704 2.59088 817.246 0.385588 0.465642 0.827663 0.758991 319.413 -2.12828 0.448731 714.149 92.9047
373.684 1.17338 -3.03337 291.669 0.348086 -0.25147 716.5 0.497154 0.666654 0.786842 0.657251 207.192 1.28323 1.52408 673.305 92.9047
279.224 0.344318 -0.604733 253.875 -0.52091 2.5379 594.625 0.657161 0.703186 0.730024 0.710113 345.187 -1.95633 1.33198 518.825 92.9047
428.181 -1.65251 -1.1458 283.249 -0.812283 1.15769 724.934 0.70413 0.445637 0.836282 0.749595 305.908 1.97442 0.807263 800.547 92.9047
302.592 0.235283 -1.00398 280.287 0.866088 1.34803 583.572 0.688874 0.691489 0.675888 0.738272 414.283 -2.94943 0.602558 658.826 92.9047
393.966 1.18028 -2.05961 263.023 -0.573396 0.55414 902.008 0.482512 0.740721 0.725037 0.81753 271.65 1.39474 0.85023 663.259 92.9047
438.484 1.3461 2.83309 327.515 0.317255 -1.25956 801.531 0.77629 0.558309 0.711864 0.682042 724.843 1.46918 1.16336 836.1 92.9047
496.804 1.11034 -2.30993 428.641 0.351594 -0.0516948 916.112 0.667146 0.410971 0.766187 0.813327 494.582 2.16608 1.81135 946.493 92.9047
432.474 0.405467 -2.18538 335.417 0.691142 0.659032 770.767 0.642621 0.711359 0.714207 0.791361 631.169 -3.04216 0.857986 784.663 92.9047
325.877 0.814134 1.48948 271.704 -0.00529129 -2.54484 611.21 0.659034 0.592095 0.885288 0.855097 274.837 0.457415 1.04474 694.992 92.9047
324.499 -0.899988 -1.23398 288.044 -0.373413 1.81655 655.772 0.304577 0.725962 0.704231 0.620221 215.668 -1.92776 0.19338 604.004 92.9047
265.121 -0.923035 0.60338 265.013 1.14673 2.57594 792.145 0.725973 0.547346 0.836629 0.751526 554.658 -1.69356 0.320451 611.072 92.9047
538.412 1.28031 0.714128 279.953 0.372483 -2.16989 859.812 0.619526 0.76842 0.641561 0.821021 106.675 -0.578361 1.29555 960.357 92.9047
367.64 0.536318 -2.52731 344.854 0.33047 1.2225 697.256 0.653321 0.362891 0.614565 0.501331 414.089 -0.819508 0.4811 708.357 92.9047
504.779 0.445531 2.28384 250.993 0.888905 -1.37299 718.756 0.541713 0.501199 0.801747 0.562207 285.244 0.337259 1.72418 733.054 92.9047
475.76 1.90697 -1.54327 402.672 1.52271 1.41483 902.081 0.748292 0.671292 0.704588 0.801131 173.731 2.95306 1.54457 880.589 92.9047
486.976 0.0841853 1.94165 255.098 0.568548 -0.954626 725.763 0.692024 0.710537 0.707875 0.805976 109.494 -2.46312 0.945195 760.505 92.9047
485.727 0.241955 -0.896152 341.42 -0.108404 1.95922 836.017 0.714144 0.660048 0.653055 0.662936 295.704 2.82526 0.599062 820.699 92.9047
302.713 1.25488 2.29396 283.862 0.38765 -2.06673 559.624 0.321583 0.796876 0.655523 0.786641 398.964 -0.37379 1.62728 596.385 92.9047
471.306 0.435294 -1.10149 335.106 -0.40624 1.24733 818.557 0.391644 0.840212 0.788185 0.734467 172.123 3.07324 0.62683 994.709 92.9047
627.617 -0.77309 1.64446 292.86 0.194022 -0.801723 922.244 0.780604 0.655973 0.795665 0.781329 549.724 -2.53007 1.37892 923.616 92.9047
312.001 0.0602452 -1.43613 251.273 0.777067 1.77511 612.36 0.504578 0.758852 0.775026 0.77604 219.36 1.65986 0.119076 608.46 92.9047
440.219 -0.757848 -0.0803211 255.593 -0.634461 2.79406 686.638 0.892922 0.625856 0.800205 0.693334 192.302 -2.25415 1.17413 656.581 92.9047
388.06 0.109318 1.91172 263.386 0.0206517 -2.40389 543.167 0.744216 0.669325 0.67615 0.731711 375.653 -0.433435 0.03874 684.112 92.9047
671.198 0.405682 3.13964 591.331 -0.281784 0.282374 1351.9 0.77371 0.485998 0.855844 0.587554 699.792 -0.185384 0.321657 1361.17 92.9047
376.251 -0.445793 1.08656 332.001 0.623622 -1.98719 839.489 0.554289 0.241253 0.745654 0.642866 208.812 0.274186 0.818587 769.397 92.9047
489.39 -0.650263 2.10859 264.774 0.163171 -2.34503 660.401 0.243558 0.661918 0.72774 0.813251 517.846 -1.19782 1.15619 814.124 92.9047
493.753 -0.15624 1.78484 363.444 -1.6113 -2.46936 1004.99 0.697813 0.456419 0.687393 0.701778 276.34 -0.507701 0.196228 1106.79 92.9047
679.623 -0.817097 -0.0713011 253.864 -0.691595 -2.92103 854.579 0.268095 0.502836 0.858322 0.815832 352.018 2.16929 0.964485 923.605 92.9047
465.74 -0.625614 -1.66649 377.714 0.127518 2.2475 852.737 0.696277 0.636706 0.761293 0.68053 556.621 0.802585 0.209649 916.513 92.9047
578.958 -1.34303 2.25063 282.584 0.651032 -1.41623 1235.11 0.799664 0.67855 0.818667 0.674834 267.422 -1.06056 0.0674013 1074.15 92.9047
334.669 -1.63765 -3.004 327.179 -0.547598 0.434799 763.655 0.717055 0.344998 0.77272 0.73127 462.854 2.9836 0.310786 868.657 92.9047
339.035 -0.760054 1.12503 307.428 -0.522589 -0.511623 502.625 0.514386 0.846979 0.794376 0.736215 851.84 2.97053 1.37609 617.44 92.9047
704.375 -0.674091 1.11925 381.072 -0.166361 -1.48887 1057.5 0.224341 0.71369 0.677598 0.733183 547.233 2.95478 1.77429 1057.51 92.9047
403.043 0.604668 2.54682 308.565 0.700439 -1.15701 710.135 0.284344 0.731247 0.57706 0.808154 248.072 2.25454 0.329741 984.032 92.9047
323.735 0.864521 0.97839 258.399 0.492747 -3.10253 549.736 0.547006 0.34725 0.761045 0.655745 98.275 -0.993519 0.0500184 693.541 92.9047
524.395 0.142447 -1.97526 325.213 0.637511 0.917941 864.879 0.407831 0.841263 0.524899 0.679977 288.393 2.27322 1.05362 860.178 92.9047
457.247 -0.078976 -2.87102 307.417 0.877404 0.95395 826.816 0.692445 0.402942 0.696427 0.875673 261.121 -0.951861 0.0967963 760.929 92.9047
389.387 0.296614 -3.07396 287.967 -0.124864 1.53572 523.804 0.452797 0.835628 0.735573 0.685121 541.068 -0.507547 0.226434 740.497 92.9047
370.209 -1.14561 2.93064 252.081 -2.09785 -0.888033 667.239 0.673918 0.38916 0.842238 0.674163 646.827 0.0877764 0.752369 602.585 92.9047
597.471 -0.216214 -0.25286 291.913 0.850157 2.93144 967.714 0.849521 0.382256 0.727347 0.740242 267.262 1.2609 1.51119 987.222 92.9047
487.787 -0.450168 -2.86955 408.228 -0.379207 0.920232 875.451 0.820332 0.30078 0.810553 0.772149 458.03 -1.01024 1.8623 850.785 92.9047
389.285 0.766995 -0.210711 285.001 -0.592756 -2.429 780.857 0.665989 0.64247 0.835498 0.785009 853.967 2.1869 0.325205 727.568 92.9047
453.691 -0.0519544 -1.83406 271.573 0.0272401 1.44245 706.583 0.405767 0.261854 0.805989 0.66688 119.294 -0.235753 1.60988 774.408 92.9047
579.275 -0.48806 -1.64972 320.488 1.82818 0.917104 1493.01 0.78727 0.534837 0.79468 0.68622 144.638 2.66081 0.484439 1098.53 92.9047
330.226 -0.346211 -0.578873 312.473 1.18965 -2.80047 802.671 0.506943 0.594347 0.801978 0.792687 325.324 2.21067 0.815171 763.139 92.9047
597.442 0.308976 -2.896 251.584 -0.106734 1.63662 639.247 0.289072 0.535769 0.727523 0.690721 629.507 0.0283766 0.218159 951.865 92.9047
425.135 -1.1785 0.427132 291.716 -0.634502 -2.86847 746.298 0.568588 0.549738 0.818813 0.62647 68.6638 -0.00921494 0.424858 695.834 92.9047
438.579 0.476271 0.884884 252.41 -1.2776 -0.206155 757.863 0.759585 0.525168 0.765491 0.726821 76.5334 -0.509552 0.293137 1020.96 92.9047
398.766 0.5178 3.05978 375.808 0.777392 -0.621565 765.884 0.718848 0.794351 0.695141 0.784903 50.1094 0.153177 0.770877 891.925 92.9047
322.299 -0.0132427 -2.59546 280.364 0.976603 1.34283 650.513 0.718667 0.662757 0.768894 0.796039 652.89 -0.703552 0.523638 622.889 92.9047
844.2 0.897778 2.39594 288.854 0.481303 -0.456485 1011.8 0.777266 0.71297 0.733615 0.790693 217.429 -2.0853 1.46977 1184.09 92.9047
633.913 -1.16509 -2.21779 350.398 0.650548 0.381218 1353.45 0.513849 0.541167 0.754904 0.825955 326.281 1.59397 0.653785 999.591 92.9047
334.392 1.49577 -2.852 305.116 0.832128 -1.6528 440.481 0.413211 0.648157 0.549534 0.751602 252.46 1.48988 0.339199 880.126 92.9047
350.39 0.0118869 -1.71322 324.393 -0.109631 0.967387 699.25 0.747641 0.372895 0.824003 0.723154 229.732 3.02654 1.34878 653.425 92.9047
298.889 0.477548 -0.278137 276.672 1.1632 -2.23132 530.637 0.664729 0.695847 0.755848 0.829738 70.608 2.92895 0.955681 752.735 92.9047
481.783 0.18576 1.46825 313.226 -0.533694 -2.32551 795.584 0.562977 0.751791 0.7252 0.691912 367.686 -0.45331 0.0968385 844.957 92.9047
294.6 -0.568925 0.510866 273.474 0.302485 3.06049 608.817 0.680287 0.404318 0.800174 0.730267 275.853 -1.39934 0.196849 607.418 92.9047
396.861 0.424677 -1.25736 306.734 -0.19771 0.628362 625.086 0.638538 0.83598 0.832374 0.792484 524.207 2.29148 0.951407 683.886 92.9047
316.774 0.241768 -1.98272 270.563 -1.11535 2.48858 641.584 0.847481 0.408877 0.823929 0.811448 39.0042 2.99412 0.420663 748.671 92.9047
384.601 -1.28142 -0.562845 296.848 -0.73101 2.14581 696.113 0.619841 0.777633 0.825484 0.8375 317.925 -2.30226 1.74328 652.972 92.9047
684.911 -0.709732 1.62964 336.701 -0.135862 -1.28151 1008.17 0.858779 0.612969 0.784406 0.694287 275.8 -1.96708 0.688457 1017.17 92.9047
655.429 0.531514 -0.472683 279.797 0.830827 2.38356 876.163 0.466206 0.559459 0.697823 0.528042 154.912 -2.81659 0.668287 963.446 92.9047
374.235 -0.0322588 2.35249 270.118 0.580946 -0.922729 672.544 0.689636 0.709407 0.750195 0.641119 280.814 -1.32119 0.397289 677.038 92.9047
342.219 0.610093 2.0853 258.965 1.59341 -2.12164 620.265 0.635282 0.487539 0.774997 0.605153 533.033 -0.22299 1.5297 581.459 92.9047
539.521 0.545983 1.67517 306.804 -1.18984 -1.12153 1150.75 0.463607 0.559989 0.588176 0.852385 140.749 -2.03322 0.31085 961.858 92.9047
413.493 -0.34113 -1.89388 288.149 -0.893609 2.34032 639.687 0.650852 0.704214 0.77237 0.85153 689.471 0.464673 0.014816 679.219 92.9047
619.255 0.737693 1.87063 343.124 -0.684719 -0.340931 1100.14 0.752146 0.396339 0.779275 0.766454 287.836 -1.79763 0.761401 1196.86 92.9047
415.025 0.109579 -0.0305757 315.682 1.38174 1.91714 788.214 0.555099 0.81513 0.637273 0.762443 583.952 -2.48802 0.888875 744.688 92.9047
996.391 0.0471079 2.35509 256.973 0.462578 -1.34019 1010.04 0.315615 0.674534 0.608614 0.634211 347.205 -0.81129 0.0272763 1478.96 92.9047
336.134 -1.34946 2.30712 293.138 0.399765 -1.01155 898.744 0.74159 0.477073 0.740233 0.464758 61.4119 2.3732 0.0600994 729.733 92.9047
367.485 -1.51438 1.3315 252.99 -1.65057 -1.83835 626.952 0.459606 0.751306 0.620911 0.827681 57.9515 -0.515166 1.31068 692.518 92.9047
306.351 -0.700121 2.94743 267.373 -0.634696 0.802134 540.923 0.0768927 0.759704 0.689928 0.74436 599.3 -1.9242 1.40765 617.057 92.9047
505.942 0.994472 -1.32287 400.461 0.378536 2.23212 933.647 0.645711 0.783931 0.888211 0.550752 312.962 1.33374 0.0099839 905.804 92.9047
516.791 0.0112905 -0.434075 471.491 -1.16739 2.77604 1201.39 0.585083 0.525189 0.302801 0.615279 410.625 -1.24451 0.230025 1269.88 92.9047
322.678 -0.691387 1.80819 268.615 -0.884234 -1.68534 602.367 0.293965 0.629594 0.793867 0.699765 319.329 -1.40008 0.301034 720.221 92.9047
310.784 -1.42975 1.92701 276.839 0.549092 -1.61027 898.424 0.744226 0.681438 0.756659 0.765879 40.4166 0.963388 0.949206 752.596 92.9047
520.033 0.315372 -1.1182 341.012 0.0369406 1.39269 818.567 0.658103 0.536344 0.866635 0.799243 209.035 2.93868 0.861601 950.153 92.9047
408.271 2.06711 2.66275 369.89 -0.737244 -0.700304 1679.61 0.42724 0.560012 0.802967 0.804396 180.978 1.95157 0.473629 788.109 92.9047
833.858 0.666587 -2.65807 295.885 -0.463418 0.596746 1162.22 0.256686 0.579395 0.0965491 0.571712 599.552 0.209816 0.0270722 1319.18 92.9047
455.442 -0.482397 0.766295 364.187 -0.441143 -1.89822 815.873 0.351278 0.354032 0.711852 0.706265 620.229 1.79276 0.44708 843.458 92.9047
360.379 0.384199 1.5871 275.105 -0.0490521 -1.44853 652.101 0.732524 0.827196 0.779739 0.788476 350.505 -1.43792 0.00678694 670.015 92.9047
338.078 2.03575 0.972765 264.714 0.365772 -3.02829 793.466 0.741326 0.806656 0.771088 0.717889 325.387 -1.45532 1.55963 687.288 92.9047
412.951 0.522262 0.190718 409.14 -1.07102 3.04318 1104.08 0.614141 0.755062 0.81988 0.798696 230.003 2.28256 0.771743 872.683 92.9047
532.269 -0.180013 -1.44813 299.182 0.343616 1.87443 843.762 0.523796 0.842033 0.718284 0.834965 247.386 -0.163646 1.28439 810.031 92.9047
384.027 -0.683412 -1.55129 337.799 -0.493962 2.33038 714.443 0.396087 0.806844 0.668866 0.801573 375.369 -0.860654 0.855154 814.4 92.9047
488.987 1.59894 1.84931 409.502 0.1392 0.617208 891.281 0.627398 0.690213 0.465676 0.731566 598.366 -1.67382 0.0661331 983.521 92.9047
439.991 0.0949998 -0.946429 260.537 -0.515067 2.94774 729.24 0.289243 0.635399 0.295329 0.730118 455.199 1.7817 1.19422 733.027 92.9047
421.43 0.330569 -1.35562 391.188 -0.205206 1.89521 864.091 0.364709 0.746098 0.742123 0.839414 191.392 -1.27589 0.109368 786.435 92.9047
319.696 -0.23669 -2.15411 318.33 1.89082 0.15866 1012.24 0.775914 0.552386 0.765536 0.784243 625.402 1.94292 1.0739 615.247 92.9047
471.866 -0.459046 -2.36274 450.217 0.524188 0.480088 1036.05 0.742759 0.852573 0.813487 0.789135 286.904 1.93976 1.4543 889.385 92.9047
546.026 0.0806151 2.98539 330.123 -1.02793 -0.074036 1023.89 0.333296 0.740469 0.838391 0.782147 288.672 2.71676 0.00250769 870.412 92.9047
347.489 0.804759 -2.60365 256.185 0.0467365 -0.280899 605.045 0.657714 0.478376 0.803577 0.807956 604.5 1.00444 0.448285 642.392 92.9047
721.778 0.893066 -0.104875 264.315 -1.27668 2.25621 1419.07 0.445806 0.377719 0.762084 0.723336 638.086 -2.46086 1.13291 1067.65 92.9047
529.107 0.172239 -1.07276 524.557 0.568493 1.97281 1087.62 0.371987 0.870722 0.76415 0.727074 171.042 -2.77808 1.5312 1064.76 92.9047
447.044 0.421362 1.92254 364.924 -0.311452 -0.42553 818.39 0.762225 0.590946 0.853663 0.775103 222.654 -1.95941 0.876265 1004.01 92.9047
386.211 -0.730147 -0.416955 306.576 -0.665662 2.34097 695.995 0.593091 0.753716 0.626592 0.802565 204.623 -3.07027 0.162558 708.379 92.9047
544.886 0.106396 -1.82049 291.657 -0.760404 0.916342 868.973 0.590284 0.832876 0.815574 0.830549 435.211 1.26923 0.345222 867.142 92.9047
334.858 -0.906052 -3.09776 300.408 -0.408717 -0.480467 648.508 0.715382 0.789981 0.801857 0.725591 191.171 1.39298 0.526114 651.201 92.9047
474.896 -1.11739 -0.864593 269.751 -1.096 2.09238 718.237 0.596397 0.598974 0.840838 0.783524 307.62 -2.46029 1.59533 892.127 92.9047
522.221 0.181636 0.329621 366.259 -1.28856 -1.64273 1019.89 0.7554 0.758193 0.614142 0.83043 551.216 1.74719 0.278795 1169.27 92.9047
563.796 0.491028 0.862218 526.682 0.0211381 -1.13714 960.151 0.712491 0.720029 0.716141 0.685953 505.484 2.20812 0.434312 622.382 92.9047
429.726 -1.60237 2.54041 343.435 -1.1909 -0.362371 802.374 0.381224 0.761497 0.806659 0.721047 116.419 3.10481 0.123932 752.115 92.9047
561.471 0.419317 0.656499 421.595 -0.563896 -2.57071 1101.49 0.444567 0.653699 0.812754 0.757647 483.829 -2.08698 0.484871 1024.32 92.9047
600.088 -0.12491 0.679137 536.462 -1.05975 2.77394 1146.46 0.752037 0.624822 0.795801 0.651961 719.006 -1.28846 0.523009 1189.97 92.9047
379.277 -0.219949 2.05725 326.09 -0.599888 -1.60209 697.77 0.616671 0.691025 0.548176 0.553968 230.902 1.24197 0.809634 815.107 92.9047
477.58 -1.20491 1.9 402.456 -0.444857 -1.46914 966.134 0.278027 0.579987 0.751514 0.599787 351.731 -0.0535141 1.41481 855.509 92.9047
533.884 -0.601487 -2.71008 309.734 -0.15946 0.777406 836.662 0.73898 0.74931 0.757392 0.827882 309.242 0.69128 0.0578201 908.552 92.9047
354.06 1.71979 2.90692 256.391 -1.09849 -1.1209 1286.82 0.568697 0.721386 0.744752 0.759855 469.841 0.341069 1.45734 632.908 92.9047
381.502 -0.945274 -0.226984 255.573 0.314174 -3.12643 759.007 0.729842 0.715071 0.777186 0.805939 364.54 2.66528 0.502077 672.764 92.9047
567.229 -0.230339 -0.983092 370.559 1.34399 2.02139 1243.01 0.72506 0.279436 0.734985 0.481067 187.384 -2.61489 1.3874 922.541 92.9047
444.19 -0.607172 -0.254882 360.34 0.228803 -3.04745 885.171 0.827644 0.510566 0.812333 0.778513 136.673 3.12648 0.168633 878.292 92.9047
331.523 -1.07804 0.0997716 306.739 0.83947 -2.5111 952.657 0.330438 0.801697 0.846531 0.798083 297.718 3.13131 0.639794 658.21 92.9047
371.728 -0.0315048 -1.20742 269.927 0.320655 2.81493 595.226 0.771542 0.797512 0.642767 0.672435 321.05 1.9456 0.867885 823.629 92.9047
415.787 0.479577 1.67564 373.772 -0.605238 -0.917638 895.55 0.77278 0.282317 0.776989 0.86107 488.709 -2.31723 1.13583 779.209 92.9047
724.655 -0.909802 -1.79525 379.532 -0.291207 1.48292 1116.29 0.598218 0.358227 0.778526 0.689105 227.963 -0.988426 0.804633 1078.15 92.9047
940.781 0.93522 -2.14807 269.64 0.629102 1.28102 1018.21 0.627668 0.726775 0.682962 0.59904 387.377 0.871995 0.107276 1224.64 92.9047
341.462 0.0713801 2.60345 256.635 0.997431 -0.39561 661.719 0.672351 0.709343 0.583317 0.713251 119.371 2.47239 0.121172 640.235 92.9047
355.017 -0.846845 2.53238 300.344 -1.29644 0.0579802 654.301 0.800998 0.540883 0.767825 0.84262 448.364 -1.84187 1.50486 617.1 92.9047
593.361 -0.986412 1.46193 251.728 -0.223703 -1.68372 868.428 0.519193 0.312997 0.629465 0.887705 197.42 -0.123351 1.20982 826.046 92.9047
542.162 0.428089 1.17455 259.326 1.91733 -2.33394 968.474 0.785632 0.250569 0.819328 0.770554 434.231 -0.61521 1.71604 835.692 92.9047
488.855 0.517743 1.6162 257.367 -0.56523 -0.828506 793.231 0.814887 0.634988 0.763752 0.843918 379.526 -2.58495 0.67523 764.819 92.9047
571.007 0.240807 -1.53792 353.594 -1.89414 1.30575 1463.59 0.590411 0.791026 0.666354 0.73231 483.869 -1.33859 0.203604 1232.18 92.9047
375.242 0.441497 -1.17555 321.228 1.5029 0.697211 696.405 0.676918 0.497763 0.519639 0.768532 950.956 2.35454 0.1738 695.203 92.9047
300.214 0.725633 2.74043 274.258 -0.261043 -1.21559 630.974 0.803881 0.7429 0.7981 0.778597 421.206 0.730057 0.077114 580.938 92.9047
300.732 -1.32015 -2.74997 292.909 -0.0194534 0.211135 744.268 0.728761 0.512621 0.705609 0.836599 122.194 2.28792 1.25289 568.058 92.9047
497.686 0.406109 -1.50992 290.435 -0.0989447 1.64523 791.675 0.66098 0.216812 0.730392 0.820576 506.933 1.66921 0.0184889 802.214 92.9047
422.863 0.326831 -2.16497 340.936 -1.38326 0.163952 1023.13 0.426375 0.736383 0.724971 0.725286 522.355 2.58002 1.54029 870.595 92.9047
272.599 -0.681225 0.30612 260.066 0.11405 -1.85207 527.335 0.734712 0.311366 0.770392 0.794791 618.174 2.01273 0.0656483 557.64 92.9047
387.326 0.311631 -2.78409 250.94 -0.849464 0.440217 747.364 0.735038 0.481258 0.826387 0.80267 228.026 -0.12497 0.09016 714.574 92.9047
594.366 0.257857 1.45545 356.575 0.390543 -2.82859 789.635 0.753671 0.636179 0.753808 0.633285 552.905 -0.307144 1.05649 972.233 92.9047
319.855 -0.685341 2.83798 290.174 -0.719427 0.37037 584.749 0.625743 0.515265 0.77025 0.876227 502.999 -1.10301 0.94475 626.952 92.9047
529.446 -0.251958 -2.56687 275.899 -0.941692 0.768688 828.663 0.359756 0.40444 0.686696 0.650234 305.6 0.29434 0.483055 812.909 92.9047
299.324 -0.0879301 0.791374 271.146 0.690536 -1.89693 613.247 0.761005 0.443267 0.687039 0.610138 271.486 2.44726 1.64447 545.22 92.9047
781.517 -0.217744 -0.773239 252.287 -1.67929 2.30685 1146.14 0.641624 0.583639 0.683768 0.788957 315.621 2.97018 0.668689 1073.8 92.9047
335.719 1.43427 2.67991 332.325 1.48415 0.195487 638.924 0.405978 0.601561 0.665947 0.765428 110.277 -0.877376 0.797175 709.315 92.9047
306.773 -0.0863735 1.24336 298.421 2.26327 -0.204694 991.667 0.701904 0.370705 0.695787 0.818878 218.056 3.07025 0.603144 671.129 92.9047
288.928 -0.0310775 -1.82218 258.821 1.04766 2.11468 607.173 0.446842 0.530996 0.777274 0.666903 166.855 0.67865 0.480572 643.478 92.9047
379.988 -0.0344499 -0.645384 326.73 -0.71807 2.70001 753.312 0.615942 0.564648 0.584991 0.7174 308.154 1.82744 0.86782 729.308 92.9047
334.097 1.22762 -1.23947 315.715 0.911252 1.34366 648.971 0.660844 0.853979 0.74136 0.830466 149.966 -2.98946 1.75577 613.689 92.9047
595.892 -0.603313 0.868689 560.441 0.734904 -2.69678 1415.7 0.79577 0.35224 0.728998 0.668662 251.667 -2.09753 0.1496 1212.13 92.9047
556.425 0.463787 0.856354 330.184 -0.461813 -2.4157 957.268 0.628484 0.712081 0.7583 0.690404 136.814 -0.6946 1.55083 863.639 92.9047
265.815 0.406316 2.43888 263.69 0.361348 -0.0308617 514.274 0.542366 0.532509 0.602937 0.746105 119.723 -1.2916 0.587556 536.613 92.9047
812.721 -0.144145 2.98946 283.774 -0.709523 -0.44372 997.918 0.757451 0.677535 0.821681 0.663215 507.755 -0.279854 0.0441363 1198.82 92.9047
304.064 0.41881 -0.599672 302.923 -0.579763 2.13229 705.142 0.424411 0.799792 0.826754 0.838605 229.942 3.09165 0.955038 630.789 92.9047
388.278 0.00265324 2.40037 359.103 -0.578288 -0.481008 787.691 0.765847 0.813809 0.732502 0.770612 189.319 -1.95844 1.47486 703.674 92.9047
358.149 0.673744 1.95624 282.953 -0.731189 -1.82314 785.086 0.732483 0.857203 0.701169 0.768183 353.829 0.0616692 0.253876 714.227 92.9047
566.456 0.816168 1.51704 333.575 -0.550517 -2.2117 1063.68 0.75755 0.754723 0.748076 0.807514 388.407 -0.578638 0.98256 898.031 92.9047
286.592 -0.12531 -0.936654 261.175 0.183368 2.52107 557.47 0.560311 0.670943 0.71467 0.621501 214.182 2.93028 0.413616 813.273 92.9047
753.754 -0.56207 -2.03152 364.775 0.180539 1.55633 1120.86 0.57212 0.711566 0.805796 0.484369 485.167 0.426718 0.361243 1114.78 92.9047
568.246 0.48342 -0.2785 377.316 -0.200236 1.59773 824.082 0.75141 0.717967 0.781297 0.607685 598.921 -2.36722 0.252863 992.616 92.9047
596.204 1.21914 -2.98905 329.037 1.15481 0.564856 878.173 0.640007 0.699971 0.821645 0.701292 163.822 -1.66195 0.105839 992.928 92.9047
580.388 1.04882 2.4113 358.314 -0.745238 -0.733201 1334.42 0.765594 0.361381 0.787095 0.858098 203.278 -2.01787 0.880895 975.672 92.9047
285.05 -0.118776 0.544158 281.654 0.0882436 -2.47242 579.729 0.231359 0.504053 0.566687 0.80322 236.397 2.79546 0.989114 610.143 92.9047
452.314 1.13529 -0.252185 405.587 0.078884 2.2644 952.245 0.716791 0.488756 0.637565 0.733967 309.377 -1.82915 0.407687 855.586 92.9047
381.524 0.157428 1.59098 327.038 0.665866 -0.389185 626.679 0.664814 0.658001 0.689482 0.620759 416.385 -2.02491 0.562792 775.448 92.9047
438.967 1.60135 -1.47812 408.12 -0.217893 0.894426 1202.72 0.785271 0.531551 0.8137 0.795733 581.164 2.86762 1.92401 814.842 92.9047
368.66 -0.786403 -0.86073 295.327 0.89108 2.18015 922.352 0.757855 0.603919 0.782066 0.671315 66.1704 2.55731 0.227512 644.184 92.9047
528.816 -0.408977 -0.294484 376.637 -1.20827 2.16639 934.112 0.846275 0.361131 0.827894 0.497637 530.649 -1.95858 1.66601 891.763 92.9047
582.408 0.408883 -0.541327 352.551 0.526646 2.6273 932.975 0.475832 0.587817 0.350286 0.44065 148.839 2.94322 0.242136 928.667 92.9047
708.436 -0.500114 1.6564 295.477 0.348221 -1.3408 1040.93 0.309832 0.803771 0.74204 0.73709 1246.08 -1.32399 0.0196538 1003.06 -92.9047
985.594 0.574226 2.05533 576.056 -0.181207 -2.01455 1482.97 0.763539 0.7737 0.709002 0.763447 246.136 0.449931 0.975955 2027.25 92.9047
394.35 -0.0727039 -1.35321 288.991 0.849997 1.21482 735.157 0.749781 0.751093 0.686733 0.709445 216.741 2.66089 0.468654 797.265 92.9047
546.539 -0.109216 2.82949 262.167 -1.0073 -1.20593 835.099 0.186875 0.791814 0.343842 0.767211 336.651 1.28095 1.43557 926.419 92.9047
616.835 -1.31858 3.12316 416.247 -0.632813 -0.286682 1077.7 0.795918 0.561225 0.846792 0.77622 336.834 -0.596537 0.31334 1123.5 92.9047
401.103 1.43965 -1.17128 399.516 0.275121 2.6102 920.25 0.342925 0.48786 0.767511 0.597716 83.7364 0.556996 0.22471 905.438 92.9047
623.21 0.00980467 1.238 338.501 0.939813 -1.98966 1041.26 0.685097 0.179913 0.826749 0.76894 183.451 -1.1302 0.844591 942.101 92.9047
303.901 -0.000688998 -0.536607 260.846 0.568855 2.03076 573.021 0.72311 0.523444 0.678126 0.561168 492.099 3.06283 0.638978 554.348 92.9047
427.235 0.122695 2.04723 338.667 0.357649 -1.59517 759.594 0.149876 0.701704 0.740528 0.733563 289.414 -0.998552 0.588301 812.356 92.9047
582.37 0.876289 0.586906 385.537 0.695445 3.05804 904.542 0.778318 0.18167 0.809858 0.707758 321.324 -2.06355 0.0607376 1149.79 92.9047
297.39 -1.70802 2.72506 288.198 -0.401994 -1.90302 616.682 0.712958 0.788003 0.611789 0.714494 622.208 0.359717 0.29221 586.082 92.9047
310.694 0.198254 -0.0868393 294.96 0.253836 -2.92935 606.201 0.756888 0.642484 0.804062 0.873647 69.207 3.12244 0.225152 729.914 92.9047
522.881 1.55313 -2.23264 290.659 -1.4402 1.75293 1808.08 0.64241 0.62771 0.783814 0.679833 211.564 0.530531 0.369456 869.026 92.9047
474.251 -1.07599 -2.8286 373.671 -0.791702 -0.123685 846.771 0.60711 0.598491 0.824726 0.698095 252.163 0.37693 0.506668 875.299 92.9047
461.603 0.847997 0.0792783 418.431 1.01697 -2.92599 890.802 0.524255 0.814035 0.738934 0.667591 359.657 -3.07327 0.0608594 890.536 92.9047
407.85 1.06779 0.153511 396.6 0.442515 -2.8707 852.647 0.752204 0.748881 0.738605 0.808454 261.89 1.69401 1.54533 828.143 92.9047
392.943 -0.859332 2.31593 268.899 -0.145481 -1.01238 710.037 0.469157 0.578167 0.808423 0.893131 332.492 0.791314 1.51549 728.149 92.9047
473.759 0.918935 3.07528 282.919 -1.44863 -1.07232 1261.36 0.625035 0.736595 0.607687 0.808118 167.293 -2.02851 0.950649 819.259 92.9047
357.443 -0.435824 -2.57315 335.53 -1.27299 1.47775 700.955 0.40946 0.771522 0.733091 0.730555 360.053 -0.67921 0.207096 761.288 92.9047
350.153 -0.919836 -3.10815 323.456 -1.49601 1.39924 575.826 0.4946 0.735815 0.668598 0.756754 232.004 -0.124331 1.34133 805.502 92.9047
1038.69 0.840585 -0.0282712 255.174 0.146333 2.62861 1095.75 0.778865 0.596828 0.768588 0.665444 431.961 -2.9049 0.42616 1344.68 92.9047
442.276 0.0281121 3.06138 271.854 0.714772 -0.76946 705.602 0.460207 0.780262 0.53372 0.706851 395.184 -0.149817 0.621032 839.331 92.9047
333.258 -0.0497238 -2.68163 332.224 2.16172 1.42362 1082.06 0.742174 0.680871 0.900133 0.786381 345.975 -1.35905 0.652125 796.197 92.9047
278.862 -0.0115788 -0.056552 273.689 0.353357 2.7712 559.408 0.659101 0.486308 0.597525 0.756597 433.648 -0.548905 0.48915 606.62 92.9047
700.399 1.63099 1.51652 410.701 0.330712 -1.96638 1317.08 0.764288 0.832413 0.800801 0.781956 388.589 -0.626262 0.0990841 1096.8 92.9047
520.472 0.730024 -2.04315 375.856 0.0361648 1.46084 963.003 0.647632 0.276483 0.813432 0.666695 425.323 -0.0938706 0.970292 880.467 92.9047
468.634 0.694082 -0.422017 374.697 1.11722 2.96058 860.236 0.73568 0.811819 0.731626 0.778395 123.277 1.52288 0.236729 990.639 92.9047
486.893 -0.0549815 -1.8299 418.328 -0.491983 1.98505 896.56 0.812673 0.633908 0.828601 0.736005 454.375 -0.00414964 1.82936 841.671 92.9047
629.386 0.169299 3.13625 293.784 -0.437988 0.30521 906.955 0.520134 0.486706 0.744648 0.749787 64.1285 -2.53646 0.606837 1050.18 92.9047
443.447 0.309502 -0.588583 316.321 -0.302688 -2.54356 679.183 0.296459 0.743277 0.804392 0.65162 440.847 1.18448 1.37182 784.557 92.9047
364.834 0.622859 1.496 284.404 0.767984 -1.3612 653.662 0.377682 0.246803 0.656494 0.820307 199.337 2.9796 1.48715 625.383 92.9047
304.555 -0.781674 1.46213 286.166 -0.116414 3.04682 479.21 0.308309 0.217641 0.746126 0.527639 67.0255 -0.446726 0.382417 683.675 92.9047
385.568 1.19716 2.40722 346.119 -1.17632 -1.52009 1284.92 0.847755 0.591275 0.763388 0.771219 360.478 0.646922 1.31859 740.182 92.9047
345.019 -0.909354 0.712197 284.698 -0.443306 -2.42029 658.629 0.735634 0.665952 0.765151 0.870235 705.096 1.9668 1.266 768.245 92.9047
312.065 -1.03319 -1.25962 274.685 1.29263 1.57084 1043.41 0.786056 0.148045 0.767811 0.788438 42.8057 -0.11176 1.13548 505.136 92.9047
408.792 -1.01614 2.39794 313.366 -0.450744 -0.919388 760.159 0.275395 0.762653 0.547722 0.725573 175.407 -0.422321 0.0634985 729.601 92.9047
533.193 0.562214 -1.33979 291.151 1.59451 -2.93704 722.842 0.70999 0.657463 0.77285 0.756363 632.049 1.38143 1.43278 848.169 92.9047
588.137 0.986935 -1.93791 336.045 0.774903 1.43564 902.428 0.809889 0.631569 0.815752 0.759895 220.44 -0.85839 0.428046 927.329 92.9047
468.591 -0.689113 2.44841 290.333 -0.381702 -0.516987 776.592 0.212501 0.431238 0.582476 0.784145 503.372 -0.271901 0.240898 855.633 92.9047
510.22 1.03553 -0.0885295 382.109 -0.513328 -2.83768 1158.77 0.292557 0.794891 0.827234 0.751082 386.095 0.265213 0.342993 993.341 92.9047
479.136 0.534156 0.647912 286.211 -0.233174 -3.10653 775.542 0.564042 0.558253 0.726306 0.794516 274.983 -1.22573 0.459168 800.852 92.9047
344.071 -0.0127191 -2.16252 292.105 0.267818 1.12631 660.923 0.195323 0.681538 0.597189 0.728912 75.782 -1.34094 0.816147 675.295 92.9047
389.027 -1.42033 2.38747 332.19 -1.12494 -0.42187 745.941 0.738299 0.307267 0.813617 0.82808 72.1262 -2.42225 1.17352 722.787 92.9047
628.129 0.582608 0.972612 543.732 0.494869 -2.2078 1177.18 0.398402 0.202154 0.641503 0.688377 107.807 -0.880308 1.32489 1199.71 92.9047
358.637 0.392252 -0.179281 298.891 1.46115 -2.63149 724.754 0.831281 0.770427 0.74566 0.768479 280.278 1.73384 0.793171 666.116 92.9047
294.07 0.171058 -0.559431 261.824 0.269529 2.93184 560.78 0.675661 0.796868 0.856907 0.789969 120.695 1.43718 0.293245 566.626 92.9047
425.435 0.303471 0.309286 273.707 0.0955768 -2.29716 668.264 0.783028 0.700582 0.799474 0.743355 369.122 2.05605 1.7485 684.493 92.9047
478.017 -1.43265 1.93624 343.066 -0.417877 -0.754048 907.384 0.699542 0.367353 0.822664 0.679024 268.521 -1.45442 0.69636 858.002 92.9047
325.325 0.873124 -1.31173 312.614 -0.536018 1.1018 774.525 0.355077 0.631122 0.770668 0.744732 595.896 -2.49319 1.015 674.106 92.9047
633.448 -0.774609 1.26488 468.288 -1.03767 -1.74268 1102.64 0.625777 0.786701 0.697259 0.851432 64.8084 -3.10911 0.944558 1158.89 92.9047
459.544 0.438836 2.99426 281.179 -0.661445 -0.500505 835.67 0.455737 0.790951 0.763138 0.817343 218.271 1.42187 1.56517 704.233 92.9047
365.709 -0.139884 -1.33911 290.396 -0.917477 1.59453 718.884 0.560367 0.344826 0.802482 0.808216 180.445 1.75778 0.223986 705.194 92.9047
551.672 -0.674917 -2.32163 404.744 0.955533 1.20577 1271.53 0.454505 0.759256 0.803352 0.739635 222.336 -0.848612 0.253488 958.313 92.9047
378.29 0.172032 -0.64366 331.211 -0.343125 -2.78319 674.699 0.65947 0.321227 0.773353 0.772285 239.878 1.55668 0.593641 732.859 92.9047
344.221 0.527663 -0.790006 334.908 -0.386505 1.56629 727.207 0.769151 0.31732 0.762212 0.602968 291.968 2.06377 0.0307584 902.691 92.9047
299.285 0.324605 -1.75273 297.957 0.365163 1.66814 614.794 0.430407 0.480618 0.776735 0.718841 339.066 -0.325746 1.42391 577.164 92.9047
350.772 -0.585339 -0.871606 305.374 -1.20242 2.70807 694.384 0.698765 0.48562 0.73802 0.590555 237.527 1.65729 0.934054 621.673 92.9047
509.117 0.0410007 -1.75032 483.272 0.542233 0.73407 983.861 0.487806 0.775935 0.72881 0.687831 638.508 -2.81148 0.0954738 1294.86 92.9047
373.148 -0.170239 2.61388 312.201 1.00359 0.526935 737.427 0.787542 0.290513 0.776161 0.791058 106.351 -2.64455 0.972457 816.707 92.9047
277.296 1.19985 -0.0454432 274.216 0.829591 -2.9564 575.398 0.434546 0.691538 0.569089 0.687937 99.2259 -2.84036 0.117627 612.083 92.9047
290.227 -2.28299 -1.85053 271.533 -0.581976 0.450744 765.329 0.841077 0.795245 0.777351 0.722378 273.157 2.47534 1.80823 539.5 92.9047
474.864 -0.252047 -0.20883 297.503 0.079825 1.99909 700.721 0.799728 0.688727 0.836342 0.731858 555.459 -2.09737 0.439484 756.655 92.9047
349.701 0.675001 -2.05587 254.497 0.478266 -0.144446 510.135 0.578149 0.62342 0.760927 0.631812 189.826 1.16552 0.967507 706.975 92.9047
463.829 -0.0474155 1.23581 267.787 -1.08772 -1.40792 797.043 0.667397 0.558779 0.774692 0.80393 220.203 1.44715 0.204106 858.441 92.9047
528.261 0.460412 -0.440939 385.702 0.57315 -2.84488 863.945 0.777387 0.756793 0.790528 0.740791 376.378 1.13651 0.0314866 920.062 92.9047
523.03 0.795137 1.34081 372.915 0.529848 -1.43904 898.561 0.511556 0.362729 0.693746 0.760805 382.81 -1.57464 0.0687566 1008.51 92.9047
287.072 1.02954 -0.83326 269.198 -0.590461 -2.70813 685.745 0.665186 0.473527 0.92316 0.59476 472.369 1.0808 0.00520742 587.181 92.9047
326.54 -0.508284 -0.639374 273.227 0.432312 2.30315 673.423 0.61709 0.71468 0.712016 0.681423 342.981 1.11777 1.17598 797.113 92.9047
310.624 -1.04739 -2.39401 254.471 0.476972 0.520221 758.965 0.696906 0.241567 0.83113 0.779488 315.571 2.8348 1.05657 547.214 92.9047
456.018 0.898025 0.327958 421.736 1.08545 2.8804 881.389 0.466515 0.492917 0.426608 0.787434 368.459 -1.77581 1.04629 870.979 92.9047
734.305 -0.270689 2.57747 626.592 -0.610384 -0.40538 1390.22 0.568122 0.336699 0.620997 0.762654 267.269 -2.53813 1.17753 1404.42 92.9047
418.732 0.339824 -2.60001 322.504 -0.55587 -0.298189 770.563 0.762177 0.535397 0.71671 0.635685 518.174 1.37849 1.68765 742.8 92.9047
374.866 -0.193706 0.223686 292.673 -0.455839 -1.67322 554.183 0.307805 0.615807 0.786775 0.763314 482.461 2.71327 0.920755 774.999 92.9047
353.125 -0.325279 2.92896 295.206 -1.32505 -0.731413 716.844 0.413375 0.452225 0.779256 0.810657 392.54 1.15822 1.46146 637.295 -92.9047
763.236 -0.300604 -1.97834 250.823 1.14197 1.09875 1121.15 0.581458 0.691402 0.534606 0.747153 194.337 -2.41546 0.433343 1003.19 92.9047
673.964 -0.589414 0.899985 451.376 0.724534 -2.75972 1330.2 0.364577 0.341234 0.735991 0.568159 602.19 -1.34602 0.190306 1131.58 92.9047
538.341 -0.371091 2.45285 518.678 0.499337 -0.0913327 1124.5 0.78822 0.812605 0.751128 0.720167 337.567 -1.44006 0.282219 1177.22 92.9047
415.395 0.837913 -1.7382 282.193 0.291109 0.941483 702.601 0.495801 0.647357 0.642582 0.740721 133.479 2.84139 0.0042491 825.039 92.9047
430.151 0.320623 -2.31415 316.663 -1.46584 0.742389 1058.49 0.612129 0.484177 0.827212 0.76981 401.751 1.10631 0.3671 858.256 92.9047
544.287 0.309594 -1.97088 266.407 -0.611894 1.26732 866.853 0.395817 0.371774 0.332464 0.400505 620.797 0.915227 0.175647 798.528 92.9047
421.094 0.711412 1.68372 336.157 -0.682737 -1.79096 964.477 0.7089 0.494987 0.796715 0.739709 274.026 -0.532312 0.187124 743.68 92.9047
448.435 -0.599456 -1.19119 266.965 -0.753728 -2.81204 531.285 0.781974 0.45229 0.837316 0.70754 228.255 2.11778 0.853435 824.566 92.9047
298.454 -0.504203 -1.60971 272.06 1.17176 0.824909 763.44 0.749205 0.758626 0.783615 0.797713 209.25 0.268157 0.559719 713.041 92.9047
560.196 0.12981 -0.38165 260.084 -0.209959 2.90232 776.305 0.415606 0.668212 0.238039 0.884187 175.127 1.32034 1.57918 812.137 92.9047
426.203 0.101397 2.3295 370.724 0.0166434 -0.421494 810.959 0.76161 0.643866 0.738997 0.759317 718.06 -2.98142 0.993733 746.177 92.9047
391.747 0.130045 -0.669773 269.345 -0.540252 3.04951 670.46 0.629281 0.82411 0.582969 0.763146 339.82 1.87388 0.126608 827.165 92.9047
391.197 1.0402 -1.47825 283.827 0.794001 0.956986 670.863 0.402984 0.158248 0.813935 0.667656 335.122 1.62604 0.477494 880.001 92.9047
398.613 0.444958 -1.93981 256.81 -1.2708 0.804684 890.599 0.712406 0.47518 0.735582 0.835159 159.012 2.57173 0.071069 675.054 92.9047
353.229 1.45865 0.696941 297.481 -0.704542 3.0643 1059.72 0.202815 0.579524 0.815651 0.811372 718.639 -1.33639 1.74834 620.529 92.9047
266.941 0.0139249 -2.18024 262.685 0.230925 1.03778 570.005 0.792866 0.186408 0.807662 0.8322 230.501 0.377928 0.377069 529.465 92.9047
406.92 -0.203368 -1.41016 254.268 -0.544072 2.39292 653.768 0.775172 0.111972 0.711032 0.794373 340.044 -2.48418 0.897865 788.159 92.9047
400.541 1.10717 0.39446 380.296 1.15399 -1.95374 736.06 0.787433 0.40867 0.857463 0.754798 184.53 1.86582 0.0219584 839.946 92.9047
568.842 -0.449116 1.90976 533.821 1.19308 -1.6625 1482.44 0.742978 0.73971 0.704438 0.778267 316.172 0.0185559 0.240874 1202.95 92.9047
413.804 -0.302707 -2.30874 263.421 0.0153737 0.790771 682.626 0.504262 0.606015 0.559986 0.731379 274.239 0.712357 0.0999027 689.499 92.9047
297.793 1.19079 2.91477 281.593 0.715975 -0.0185393 635.568 0.727982 0.170798 0.795066 0.630262 395.24 -2.44152 0.914786 561.906 92.9047
408.003 -0.16342 -0.0652314 292.992 -1.07038 -2.48381 735.012 0.634527 0.59361 0.77856 0.58587 180.61 1.04007 0.959195 791.019 92.9047
318.478 0.879801 0.610181 292.286 -0.327901 -2.76046 727.514 0.629863 0.794797 0.74605 0.783719 215.981 -1.10181 1.6531 635.673 92.9047
834.136 0.407588 2.48557 602.756 0.400011 -0.467527 1422.6 0.750189 0.641535 0.750021 0.701332 280.892 -1.82313 1.35 1409.06 92.9047
426.983 -0.43383 -0.898574 345.562 -1.86745 -1.36899 635.378 0.779496 0.464406 0.774129 0.782032 756.99 1.57949 0.748346 968.457 92.9047
781.316 -0.362624 -2.61382 473.096 0.578466 0.67189 1360.58 0.840761 0.64262 0.741544 0.754805 161.212 2.23271 1.43518 1295.83 92.9047
939.797 0.0403779 0.824781 298.849 -0.538667 -2.67414 1119.93 0.114842 0.368968 0.711876 0.712696 163.445 -2.54787 0.121089 1283.93 92.9047
772.945 0.606236 2.1995 255.566 -0.349377 -0.201388 953.459 0.292215 0.526826 0.664332 0.7823 818.045 -1.26948 0.324653 1049.83 92.9047
325.233 0.380781 1.38392 269.903 -0.46361 -2.33261 651.234 0.715958 0.562064 0.691584 0.859013 242.558 -0.639644 0.907764 609.925 92.9047
628.873 0.943293 -0.476988 331.212 -0.0511177 2.18461 1043.26 0.581281 0.344758 0.641978 0.653226 383.769 -2.87033 0.987851 936.116 92.9047
616.789 0.643333 0.39154 316.755 -0.400459 -2.58736 1017.64 0.773458 0.612743 0.854556 0.827073 79.5816 -2.42315 0.165745 924.834 92.9047
332.938 0.421561 -0.630231 275.839 0.795985 1.66065 572.157 0.801033 0.719998 0.641371 0.756811 534.867 -2.57843 0.118124 619.898 92.9047
842.908 -0.333825 -2.39952 404.917 0.502524 0.214767 1242.98 0.680081 0.751453 0.771017 0.792961 384.529 1.79375 1.26472 1322.01 92.9047
366.787 -1.02954 0.444908 280.804 -0.124688 2.33466 613.508 0.455143 0.760561 0.443431 0.672509 720.831 -2.23091 0.152901 726.62 92.9047
338.654 0.414102 -1.43045 252.329 -0.112189 2.49639 567.573 0.770474 0.494569 0.620319 0.732872 166.412 -0.641288 0.770813 768.607 92.9047
393.62 -0.804456 -1.21576 282.147 1.72392 -0.251824 1140.76 0.772091 0.786642 0.821485 0.838891 776.647 2.42848 0.0745609 685.728 92.9047
450.767 -0.783539 -1.7145 428.768 0.963624 2.00245 1220.33 0.746765 0.479231 0.787838 0.797121 486.631 0.178768 0.805082 871.894 92.9047
712.082 -0.748178 -2.55771 394.802 1.04214 0.980571 1525.73 0.773266 0.574916 0.764525 0.36916 346.711 -0.238572 0.571487 1101.11 92.9047
459.441 0.522643 1.25103 315.778 0.0286546 -2.95333 705.108 0.773374 0.523037 0.749171 0.780689 791.044 -1.42767 1.49993 749.45 92.9047
310.002 -0.662475 1.43243 272.902 -0.431794 -1.37941 592.561 0.562854 0.830162 0.667347 0.793367 155.417 1.66446 0.187412 667.831 92.9047
501.916 -0.702107 2.27062 296.824 -0.996181 -1.23546 835.552 0.0973524 0.742383 0.821219 0.778254 188.824 -0.57482 0.0749136 949.703 92.9047
397.687 0.544518 2.93416 281.818 -0.891851 0.532843 822.241 0.822517 0.715542 0.825827 0.69147 541.438 -1.39144 1.93094 655.125 92.9047
534.02 0.412519 1.05979 443.603 0.829852 -2.48354 985.611 0.726261 0.884661 0.752006 0.790337 81.618 0.268845 0.788806 1091.68 92.9047
404.314 0.552962 -0.680227 370.524 -1.90171 2.39572 1438.96 0.726676 0.788088 0.676361 0.84899 27.6363 2.69276 0.295349 771.487 92.9047
368.456 -0.339341 2.37436 358.442 0.0501617 -0.294118 727.332 0.262217 0.531121 0.394702 0.641053 214.959 -2.02753 1.73629 714.942 92.9047
451.299 -0.719205 3.0377 339.331 -0.356122 -0.615816 794.867 0.646415 0.625198 0.755262 0.730155 603.436 -0.0138497 0.603588 776.455 92.9047
463.391 0.670147 -0.949188 278.338 -0.775075 2.0988 949.001 0.161275 0.399472 0.447678 0.661662 42.5044 2.34159 0.114776 758.122 92.9047
420.857 2.21285 1.31109 311.544 0.142298 -1.13322 1139.14 0.759041 0.627173 0.732087 0.871505 267.764 2.78036 1.48753 850.192 92.9047
416.171 -0.840469 2.87609 325.612 0.62598 0.23296 932.695 0.724258 0.797428 0.809807 0.703493 241.658 -0.932244 0.87754 862.677 92.9047
405.895 0.733015 -0.165135 394.703 0.207697 -2.74942 817.773 0.463643 0.30127 0.760694 0.808254 631.761 2.26221 0.151841 788.656 92.9047
513.686 0.624706 -2.38076 390.399 0.0155338 1.75129 852.138 0.418671 0.666928 0.608188 0.79708 645.754 0.381529 1.28358 1122.17 92.9047
349.461 0.702748 -1.10827 277.071 -1.80315 2.85018 1161.13 0.653004 0.694008 0.743453 0.683793 334.693 0.188744 0.135313 644.168 92.9047
472.122 -0.163828 -3.04376 311.835 0.442876 -0.95173 715.236 0.809855 0.736715 0.72634 0.823009 379.465 0.647442 0.633336 823.265 92.9047
684.481 -0.0358256 -1.49845 588.544 -0.214907 1.12864 1236.17 0.673358 0.263039 0.517916 0.538209 419.935 2.88832 1.76261 1266.38 92.9047
416.479 -1.20211 0.423866 387.598 0.0343727 -3.02345 970.541 0.749977 0.56034 0.717898 0.771973 223.652 -1.23707 1.6713 753.919 92.9047
618.116 -0.395618 2.44759 380.781 0.841734 -1.24312 1139.73 0.40826 0.837805 0.530568 0.722186 356.464 0.210795 0.198799 1051.99 92.9047
395.526 0.166432 2.64489 252.301 0.936922 -0.20264 695.598 0.773026 0.123999 0.802587 0.530902 177.262 -2.03981 1.59206 644.478 92.9047
537.757 0.18637 0.701843 413.013 -1.2716 -2.95334 1202.11 0.745745 0.584582 0.80693 0.799605 341.158 -1.24103 1.722 888.566 92.9047
273.714 -0.571909 -2.28603 269.389 0.0291465 0.440796 585.005 0.38182 0.533901 0.688721 0.714446 291.953 1.96824 1.52459 534.002 92.9047
356.35 -0.258692 2.74399 287.514 -0.662921 -1.5598 560.307 0.599506 0.630846 0.822862 0.771081 340.058 -0.280238 1.12444 645.677 92.9047
399.851 -0.419356 0.315462 255.093 -1.1902 -2.72523 713.247 0.738274 0.352352 0.729059 0.668061 352.675 -1.73604 0.836787 671.169 92.9047
392.684 2.08022 1.96853 250.466 -0.922253 -0.86516 1478.83 0.45615 0.280046 0.630285 0.748607 178.239 -2.3455 0.352163 741.735 92.9047
319.952 0.31907 1.79523 256.695 -0.564333 -2.18869 595.61 0.657692 0.696359 0.733663 0.788726 255.109 -0.685369 0.154081 807.197 92.9047
591.266 0.333582 -1.01143 366.664 -0.395211 2.86455 941.723 0.670612 0.809809 0.818546 0.741453 436.98 0.954751 1.91061 940.391 92.9047
408.801 0.149865 0.123237 299.314 -0.391373 2.80188 726.619 0.421107 0.591018 0.705763 0.62945 291.441 -1.781 1.70213 733.634 92.9047
493.475 0.361419 0.494038 304.664 -0.145706 -2.50655 839.014 0.673958 0.232186 0.680642 0.833164 190.234 2.20729 1.42281 781.64 92.9047
696.955 -0.263413 2.85366 462.866 1.2155 0.267464 1446.19 0.532714 0.61447 0.726068 0.784491 435.282 -1.9015 1.79322 493.52 92.9047
440.969 -0.762111 2.19582 379.996 0.0606289 -1.62342 853.88 0.66495 0.60726 0.851851 0.721863 320.288 0.312816 0.0669971 824.075 92.9047
420.575 -0.595245 -2.06709 306.057 0.168569 0.433011 750.464 0.600197 0.783334 0.772213 0.828276 298.822 2.01512 0.263522 776.777 92.9047
323.631 -0.827116 -0.566897 283.065 -0.971744 1.13701 468.065 0.724868 0.750331 0.784014 0.765143 387.535 -3.00345 0.328994 838.364 92.9047
347.112 -0.0187237 -1.56754 328.37 0.845349 2.59554 668.998 0.727711 0.755082 0.657321 0.768142 397.18 0.980197 0.433326 761.94 92.9047
316.032 -0.309743 -2.76 282.792 0.498378 0.949704 637.547 0.328083 0.252116 0.822181 0.588224 133.432 1.4894 0.383299 714.817 92.9047
733.058 0.847315 -0.810217 298.99 0.961758 -3.09511 882.04 0.593259 0.662366 0.77537 0.781836 368.488 1.11048 0.604049 1104.9 92.9047
359.056 0.0586468 3.07186 251.279 -0.570311 0.54935 616.355 0.481088 0.764611 0.74147 0.765067 405.45 -1.31014 1.51238 584.533 92.9047
440.108 0.968337 1.46559 404.3 -0.501106 -2.78539 1014.5 0.691437 0.189839 0.779581 0.709923 154.911 -0.764647 0.63737 869.993 92.9047
447.126 -1.01219 2.37006 333.006 -0.184581 -1.33572 835.399 0.592106 0.559202 0.743685 0.659771 473.241 0.286051 0.718185 768.911 92.9047
367.25 -0.00775654 -2.6164 260.188 1.75366 2.59674 714.517 0.645937 0.84833 0.751724 0.767125 409.049 0.13798 0.309626 918.009 92.9047
321.064 1.31124 -1.45103 296.516 -1.24768 1.2278 1191.45 0.634737 0.649657 0.582732 0.646094 316.309 3.04035 1.79854 646.018 92.9047
541.631 -0.833318 -1.29743 266.034 -0.990408 1.07424 732.786 0.76807 0.576403 0.813695 0.561794 362.319 2.99944 1.23187 802.04 92.9047
566.595 -0.554759 -1.4752 496.627 -0.826257 2.33776 1028.77 0.815442 0.779636 0.800441 0.766959 444.538 1.05368 0.828015 1116.57 92.9047
322.736 -1.47848 1.746 312.643 -1.14313 -1.31901 675.65 0.361424 0.48754 0.777394 0.695358 171.922 -0.865731 0.143718 684.73 92.9047
479.005 1.70872 -1.46529 331.746 -0.100219 1.7649 1171 0.802981 0.414323 0.751095 0.869247 241.723 0.747658 0.584438 893.185 92.9047
328.75 -0.772542 0.0582568 306.984 1.28421 -3.08412 1010.39 0.769828 0.671792 0.748723 0.763025 362.079 -0.864385 0.483892 620.36 92.9047
296.378 1.053 1.69157 274.805 -1.8928 -1.63721 1315.54 0.303855 0.56838 0.592953 0.68307 387.77 1.08997 0.220445 670.241 92.9047
652.966 -0.443233 -2.29277 611.123 -0.416142 1.34096 1237.74 0.705703 0.76162 0.718527 0.802303 273.473 -0.375897 1.13097 1311.54 92.9047
639.732 0.571107 -1.70013 286.966 -0.25407 2.44099 843.113 0.394295 0.368288 0.806118 0.699915 663.1 0.619257 1.04534 957.292 92.9047
406.179 0.319582 -1.96159 281.679 -1.16812 -0.150485 778.789 0.628567 0.77683 0.750546 0.804292 523.087 1.60866 0.331568 669.711 92.9047
358.358 0.889649 -2.21476 267.589 -0.715355 1.92588 783.225 0.317579 0.587304 0.73475 0.739666 44.2957 1.46887 0.445318 751.132 92.9047
391.822 -0.541788 0.451907 314.539 -0.0723227 -2.79028 741.804 0.528105 0.572701 0.815832 0.556342 332.63 -1.31969 0.497061 688.987 92.9047
358.285 -0.855804 0.580123 320.77 0.869187 -1.92187 936.747 0.696524 0.298469 0.753012 0.626245 521.669 1.54272 0.469295 692.392 92.9047
574.947 -0.669019 -1.64543 489.47 -0.657694 0.571414 961.582 0.60564 0.605253 0.712917 0.704339 479.223 2.91803 0.100915 1133.27 92.9047
401.609 -0.0323898 0.895312 272.179 0.0635137 -1.50809 661.515 0.86867 0.574794 0.781445 0.840229 487.248 -1.67409 0.192052 859.784 92.9047
527.015 1.5415 1.12659 327.134 1.22218 -1.64447 840.71 0.764121 0.567369 0.719897 0.686194 140.126 -1.86788 0.209439 879.812 92.9047
365.932 0.167091 -2.65474 328.083 -0.177597 0.595805 711.004 0.817543 0.676755 0.675927 0.722307 333.505 2.58158 1.04854 947.881 92.9047
621.785 0.164965 -1.28686 261.223 0.0965319 1.38105 794.992 0.75724 0.558157 0.788368 0.460875 254.943 1.88869 0.0690937 1014.25 92.9047
346.334 -0.480617 2.71648 298.381 0.101881 -0.0434789 670.915 0.608002 0.748659 0.682063 0.714209 218.542 -1.91733 1.61958 603.62 92.9047
566.648 0.263375 0.581229 455.855 0.869212 -2.26274 1056.89 0.571969 0.592642 0.721514 0.518178 84.2654 1.66738 0.477755 1125.96 92.9047
435.417 -0.0352531 -0.617012 296.568 -1.03249 2.13122 822.41 0.592144 0.695586 0.860217 0.786194 164.429 -2.36319 1.27241 734.524 92.9047
452.014 -1.19051 0.791886 312.641 1.25372 -1.8593 1385.5 0.75163 0.595511 0.730571 0.831992 67.7591 -2.78962 0.957012 799.135 92.9047
445.934 0.0301736 -2.71966 360.601 0.887765 0.16745 921.585 0.828943 0.174848 0.777298 0.632722 55.0072 1.63425 1.03014 804.411 92.9047
280.218 -0.032704 3.00486 271.618 -0.553062 0.579207 546.634 0.482497 0.548157 0.685191 0.668765 426.807 -1.18383 1.31969 623.263 92.9047
588.462 0.0266775 0.144496 408.6 -0.128447 2.42626 930.898 0.750556 0.45127 0.759095 0.451906 441.371 -2.29813 0.0861397 1208.84 92.9047
327.528 0.336421 -0.638789 323.67 -1.30515 2.90469 884.258 0.382928 0.817985 0.567853 0.751008 171.678 0.33755 0.635172 727.934 92.9047
277.276 0.625333 0.642286 263.368 -0.26183 -2.2517 601.402 0.653066 0.789736 0.674033 0.778394 201.874 2.80501 1.22919 616.279 92.9047
497.697 1.10591 2.53965 280.969 0.794825 -0.467147 764.491 0.713598 0.614107 0.675646 0.692359 416.343 -0.904823 0.442392 801.442 92.9047
319.647 0.428485 3.10526 304.788 1.15626 2.00755 408.585 0.551978 0.656473 0.540641 0.557658 414.691 -0.0461513 0.0219317 940.185 92.9047
542.559 -0.136295 2.96867 348.811 0.17025 0.637143 840.357 0.258109 0.768999 0.867154 0.708705 641.446 -1.71247 1.12129 869.273 92.9047
307.35 0.215529 0.0255464 303.678 1.1679 2.50322 671.675 0.594524 0.783445 0.830457 0.748587 527.833 -1.80923 1.36896 590.229 92.9047
389.461 -0.217476 1.2859 256.719 1.33811 -1.6609 848.971 0.590318 0.685673 0.658933 0.680551 239.203 -0.922367 0.701767 789.458 92.9047
634.736 -0.476839 -0.722541 342.616 -0.996039 1.45089 871.945 0.532456 0.781239 0.659123 0.747094 212.748 -2.22878 1.36962 1124.58 92.9047
322.534 0.283575 1.93833 290.373 0.505935 -0.997002 623.259 0.787497 0.730598 0.792491 0.692926 102.611 2.98947 1.04706 729.281 92.9047
274.716 0.569402 -1.76567 268.208 -0.248239 -0.0445336 480.37 0.594288 0.697043 0.76113 0.828383 228.855 2.8229 0.758844 747.885 92.9047
327.898 -0.64518 -1.2925 262.532 1.15583 -3.12798 772.792 0.748442 0.76721 0.778494 0.756278 124.449 0.188326 1.32339 674.663 92.9047
359.084 0.35441 -3.06149 329.036 0.964383 -0.350737 732.571 0.146338 0.646416 0.887567 0.721696 219.626 1.17513 1.51798 669.053 92.9047
301.202 1.28528 -2.80309 258.429 0.676255 0.445612 595.862 0.798044 0.847881 0.729307 0.804826 309.734 -1.49759 1.30608 552.55 92.9047
449.189 -0.309039 -2.1546 448.232 -0.500233 1.47824 892.092 0.800601 0.798161 0.669297 0.808077 492.623 0.241333 0.327596 879.072 92.9047
636.273 0.364184 0.0504 265.825 0.152498 -1.99647 720.092 0.759364 0.620469 0.802212 0.817559 278.388 2.85735 0.592119 1109.02 92.9047
568.331 0.418728 0.629437 328.859 0.343266 -2.79064 870.613 0.283302 0.854312 0.693832 0.811291 228.339 1.62617 0.991394 1101.96 92.9047
341.153 -0.923468 0.539745 286.169 -0.774455 -1.98583 613.914 0.759777 0.55951 0.740242 0.506981 401.565 2.37251 1.81222 590.792 92.9047
285.739 0.257549 -2.28323 254.057 1.06809 1.0805 590.276 0.693536 0.694144 0.787533 0.839261 557.84 0.38876 0.163421 653.831 92.9047
405.47 0.964896 3.04647 337.522 -0.0899013 0.151312 863.259 0.535702 0.415714 0.4969 0.697141 161.944 -1.86572 1.36727 712.4 92.9047
442.141 0.459301 1.38841 322.204 1.92021 -2.19945 964.203 0.803864 0.77689 0.768769 0.783237 98.9062 2.85354 1.23605 828.777 92.9047
381.055 -0.767048 1.0928 301.795 -0.497122 -0.510302 530.944 0.736644 0.759893 0.750772 0.724815 353.094 -2.83698 0.0153048 840.543 92.9047
600.424 0.945713 -1.12623 422.251 -0.267603 1.68459 1219.67 0.553601 0.344949 0.873463 0.812283 362.274 -2.5964 1.45094 995.638 92.9047
331.708 0.348946 0.588661 291.624 0.583917 -2.93513 621.047 0.836748 0.609818 0.646885 0.745536 290.465 -1.07625 1.66246 710.096 92.9047
428.538 -0.591976 -2.60602 304.94 -1.85107 -0.385867 820.511 0.695488 0.801762 0.725592 0.861766 400.967 1.55836 0.08391 759.435 92.9047
497.833 0.605067 0.622572 273.925 0.0554131 2.69091 687.036 0.750901 0.754589 0.742082 0.796021 358.387 -1.25375 0.373685 797.704 92.9047
558.83 0.325834 0.0824649 298.538 0.57137 -2.88965 829.979 0.369672 0.332976 0.762967 0.780112 178.533 1.7481 1.64693 880.417 92.9047
375.806 1.16149 0.406261 302.175 0.803079 -2.95212 691.102 0.676214 0.697543 0.794935 0.580641 64.7841 0.297494 0.0831247 801.481 92.9047
320.099 0.251747 2.82795 257.128 -1.08216 -0.688227 705.2 0.791737 0.627521 0.806285 0.864357 450.026 0.267004 0.949231 583.787 92.9047
336.862 -0.228908 1.5804 299.504 0.520098 -1.39356 690.803 0.52962 0.732859 0.781532 0.710432 480.282 -3.05709 1.64682 736.723 92.9047
566.599 -0.0611743 0.0908096 448.941 0.282066 3.07554 1048.99 0.312497 0.726506 0.463629 0.672293 134.208 -1.43716 0.117505 1064.37 92.9047
344.798 0.864172 0.149238 315.695 0.556994 2.61312 638.965 0.409363 0.698547 0.769086 0.657204 283.139 -2.32105 1.35905 688.18 92.9047
356.625 0.644704 2.33252 290.342 0.891902 -0.717029 671.833 0.613135 0.724832 0.781584 0.717039 185.771 2.74831 0.0534194 626.934 92.9047
599.159 -0.0249244 2.69066 470.989 -0.521731 -0.129907 1088.7 0.636212 0.780463 0.793674 0.757912 546.685 -2.10434 1.49392 1046.3 92.9047
463.213 -0.350819 -0.65074 257.913 0.0909898 1.79919 681.174 0.519684 0.746601 0.652409 0.727638 445.883 2.54878 0.738103 745.372 92.9047
518.86 0.573706 -0.544989 291.959 0.506796 2.29686 801.412 0.428627 0.597472 0.635021 0.69269 119.31 -2.75726 0.24336 829.551 92.9047
448.057 -1.24249 1.45656 422.764 -0.314696 -2.39812 942.54 0.442384 0.683203 0.799625 0.797885 468.607 -0.519928 1.85475 826.237 92.9047
354.772 0.926569 -0.657631 273.035 0.569476 2.9655 622.256 0.810952 0.725589 0.81093 0.792176 405.747 2.84792 0.115215 786.763 92.9047
468.679 0.273252 -0.00396034 260.766 -1.30247 -3.1347 935.454 0.809928 0.543523 0.776849 0.792595 184.97 -0.506485 0.498182 799.786 92.9047
678.319 0.364649 0.574006 313.707 0.1331 2.68018 819.692 0.760061 0.228026 0.810437 0.709756 504.874 -1.82703 0.291423 1144.86 92.9047
404.042 1.63042 -1.25189 261.709 -0.268991 -3.13849 898.335 0.217065 0.684945 0.730699 0.702877 269.181 1.41742 0.586721 663.147 92.9047
478.947 -0.66838 -0.29015 360.123 -0.112006 2.48848 867.547 0.325004 0.349872 0.769169 0.761568 254.385 3.11555 0.61367 883.754 92.9047
326.784 -0.334303 2.21093 310.398 0.800775 -0.194026 712.364 0.696058 0.632951 0.755721 0.808024 167.379 -0.594879 0.0557222 987.657 92.9047
483.548 0.00851855 2.49346 332.489 -0.501587 0.488434 725.912 0.557029 0.697095 0.779333 0.808315 323.941 -1.28854 0.177057 879.041 92.9047
792.954 -0.535382 0.560044 424.402 0.897129 -2.20362 1471.16 0.794804 0.664411 0.765758 0.819922 486.991 1.73191 1.16741 1181.22 92.9047
301.847 -0.779258 0.88027 285.76 0.322053 -1.7273 670.833 0.708461 0.651064 0.712224 0.71653 262.342 -3.11922 1.19835 673.614 92.9047
381.819 -0.832494 -2.8301 264.758 -1.44281 0.288199 670.842 0.340076 0.671061 0.728662 0.819903 249.851 1.458 1.17372 776.314 92.9047
317.221 0.425751 1.52755 309.329 0.365253 -2.01856 640.374 0.633861 0.302642 0.670661 0.785999 276.366 -0.949502 0.638201 600.477 92.9047
398.98 0.740062 1.4037 275.882 -1.09641 -1.19735 959.114 0.664215 0.786908 0.589574 0.836751 478.249 2.86544 0.0964577 722.671 92.9047
334.69 -1.22351 -0.870754 302.227 -0.767792 1.31603 615.108 0.804055 0.432359 0.762065 0.57755 606.12 -2.86676 1.90226 588.072 92.9047
333.042 -1.08733 -1.2378 316.748 1.41464 2.58747 1214.55 0.735006 0.818052 0.755846 0.784318 136.94 -0.857787 0.379367 786.653 92.9047
611.604 0.160918 -2.29774 447.079 -0.181852 1.11518 1078.35 0.263878 0.850011 0.844221 0.777821 267.046 -0.749496 1.55671 1007.5 92.9047
412 1.46967 0.986695 337.353 -0.608754 -1.77677 1186.23 0.355474 0.68833 0.770047 0.781692 240.965 -0.441479 1.34017 883.112 92.9047
361.828 1.54406 -0.343887 289.624 -0.652525 -2.76995 1065.14 0.695465 0.433718 0.794812 0.716701 529.581 1.55385 1.89234 617.475 92.9047
273.778 1.74221 -1.79888 271.725 -0.647521 1.08106 985.219 0.616314 0.604434 0.826353 0.866261 213.734 1.15239 0.0617822 597.774 92.9047
333.964 1.05894 2.75412 268.485 1.11896 1.36925 399.028 0.675358 0.785348 0.757443 0.785567 634.164 -1.35539 0.140473 691.8 92.9047
881.954 0.167414 -0.994583 537.952 0.0762845 2.05669 1400.85 0.646786 0.684542 0.808111 0.554421 661.165 2.17559 0.121394 1415.55 92.9047
306.483 -2.23026 0.108606 271.568 -1.17739 -3.10086 679.67 0.242421 0.693215 0.807643 0.728032 45.3601 0.0669693 0.087229 556.387 92.9047
948.718 0.311491 -0.352599 397.912 -0.284528 -2.5329 1221.73 0.292233 0.543017 0.401917 0.731014 950.511 2.23028 1.53989 1353.48 92.9047
630.636 -0.592314 -0.544855 284.264 0.975407 2.33321 1121.1 0.794751 0.713617 0.809035 0.81277 208.982 3.12985 0.562919 976.579 92.9047
521.296 0.0441562 2.20693 262.905 -0.443714 0.0498509 685.161 0.67328 0.736443 0.736001 0.798305 383.578 -1.89606 0.0897642 833.923 92.9047
318.499 1.51029 0.735937 265.879 0.409735 -1.75335 664.378 0.595636 0.693713 0.628498 0.810135 159.531 1.38115 0.611455 599.629 92.9047
530.788 -0.45134 0.829177 335.316 -1.68733 -2.26685 1034.49 0.459487 0.500961 0.685458 0.743179 26.1483 2.41955 1.58943 819.534 92.9047
326.209 -0.66174 -2.48068 274.891 -1.23941 1.64854 562.813 0.62495 0.338349 0.749024 0.818259 652.561 -0.898843 0.817425 608.002 92.9047
452.705 -0.625873 0.0532217 260.055 -0.116504 -2.5162 694.113 0.804776 0.46469 0.739905 0.660876 559.718 1.85988 1.79946 682.651 92.9047
340.293 -2.30583 -0.735141 250.727 -0.222196 2.1943 952.441 0.600153 0.801464 0.765461 0.777803 102.693 -1.31897 0.383611 571.678 92.9047
513.556 -1.22814 3.0593 359.473 -1.3962 -0.329355 861.638 0.690434 0.583755 0.635258 0.650421 140.997 1.38333 0.57636 1003.21 92.9047
449.385 0.998691 -0.794525 412.754 -0.353548 1.78866 1044.27 0.686243 0.7888 0.746468 0.74462 242.991 -2.70202 0.517651 920.783 92.9047
300.952 -0.324737 -1.62601 254.852 -0.195902 2.27393 525.005 0.741055 0.708305 0.724208 0.804724 222.32 0.66669 0.102635 611.095 92.9047
325.245 -1.86106 -2.51209 284.091 -0.181189 0.442772 841.067 0.710698 0.672755 0.740413 0.797588 104.207 2.29666 1.48056 617.563 92.9047
453.582 -0.883943 0.761413 264.219 -1.19347 -1.8713 690.678 0.815718 0.431073 0.727137 0.760006 314.754 -1.21632 0.653025 708.084 92.9047
361.733 0.601329 1.89994 357.627 1.76116 -0.812245 848.416 0.731953 0.710083 0.838624 0.823934 192.38 -3.10371 0.0465205 783.029 92.9047
342.365 1.19818 0.765295 250.266 0.0200708 -1.99924 731.781 0.663271 0.304347 0.837929 0.81363 151.05 2.17801 0.230385 625.709 92.9047
381.508 1.56782 -0.660935 316.74 1.14629 1.41059 623.389 0.801736 0.648504 0.716357 0.776011 599.886 -3.04547 1.16224 699.808 92.9047
476.675 -0.0388145 -0.604136 349.869 -0.271299 2.35209 840.217 0.229156 0.532851 0.776357 0.692477 92.4337 -3.05475 0.639392 1052.11 92.9047
317.358 -0.714966 -2.44516 307.481 0.909102 0.029286 830.002 0.838521 0.808745 0.667923 0.827612 288.93 -2.7678 0.299838 788.618 92.9047
399.023 0.632753 2.94885 256.537 -0.333384 0.327671 717.255 0.724881 0.488513 0.70709 0.578447 385.412 -1.73909 1.29579 615.756 92.9047
425.287 0.114085 2.42763 291.525 -0.49325 -1.1245 753.88 0.729784 0.277886 0.730941 0.778726 266.491 0.191534 1.07391 730.521 92.9047
364.175 0.421232 1.33092 262.247 1.55864 2.82143 576.365 0.679527 0.778312 0.734521 0.795835 133.734 1.28699 0.0440813 806.373 92.9047
368.571 0.207222 -0.152814 299.006 0.230707 2.64088 666.92 0.749335 0.663398 0.74677 0.697335 343.545 -2.04953 1.59438 636.138 92.9047
366.692 -0.182658 -0.137166 270.033 2.12909 -2.97446 1102.19 0.530643 0.757578 0.80799 0.773943 223.221 2.98345 0.324308 658.61 92.9047
342.559 0.700522 -1.64996 315.286 -0.490579 0.949661 785.728 0.69247 0.218106 0.837456 0.715763 98.2599 2.08211 0.576626 754.374 92.9047
353.993 0.238488 0.247828 289.108 0.958208 -2.97996 700.816 0.724877 0.621634 0.72077 0.437555 146.322 -0.994227 1.24526 764.179 92.9047
462.657 -0.123719 -0.47606 270.041 -0.761983 -3.02826 722.878 0.747999 0.743829 0.696927 0.694609 112.307 2.30087 0.947505 806.667 92.9047
548.121 1.61072 2.30296 282.693 0.0218942 -1.67233 1009.67 0.439857 0.551936 0.814535 0.291772 708.339 0.959601 0.0854228 848.513 92.9047
426.685 -0.00443083 1.01695 422.931 0.182516 -2.93917 795.746 0.820473 0.834391 0.77582 0.74965 660.621 -1.61671 0.161341 881.18 92.9047
548.169 0.382912 0.357832 375.675 1.58129 -1.98414 1024.65 0.660487 0.634089 0.71216 0.51713 697.595 2.33261 1.97675 895.43 92.9047
642.737 0.814233 2.59193 505.245 -0.0615641 -0.652676 1274.02 0.769214 0.269547 0.754052 0.67947 111.895 -2.70738 0.979136 1300.7 92.9047
417.687 0.718711 2.93377 337.43 0.629853 0.720231 681.99 0.435814 0.288108 0.631506 0.625261 251.588 -0.226465 0.942063 787.973 92.9047
326.689 0.0243008 2.36708 312.642 0.371953 -1.26723 653.725 0.705591 0.393497 0.68315 0.611845 392.527 0.468982 1.72307 598.363 92.9047
396.061 -0.614526 1.05748 324.498 0.00732616 -2.69823 738.512 0.726542 0.740766 0.751254 0.716884 341.388 -0.739069 0.359656 716.233 92.9047
386.807 0.932069 2.12188 358.766 0.0603894 -1.27354 832.702 0.588597 0.600447 0.383883 0.730121 51.1487 -1.49309 0.192415 752.457 92.9047
378.603 -0.731842 -0.208572 277.267 0.696979 -2.64123 800.204 0.541587 0.793219 0.595298 0.749643 268.362 1.07135 1.25041 685.731 92.9047
507.609 -0.438532 -1.30937 264.522 0.184324 2.19307 778.737 0.238192 0.551417 0.702628 0.732635 362.337 0.221073 1.51135 746.706 92.9047
314.713 0.764857 1.66678 287.94 -0.570395 -2.5048 717.813 0.243428 0.707799 0.750452 0.821573 462.481 -0.606954 1.58995 579.073 92.9047
303.698 0.268874 2.40017 278.087 0.783959 -0.91917 610.918 0.419319 0.613616 0.808203 0.859984 237.525 0.86384 1.48802 570.532 92.9047
664.138 -0.454769 2.17113 377.804 -0.228008 0.213987 885.382 0.258477 0.184861 0.472779 0.776455 286.236 -1.43338 0.280697 1250.32 92.9047
387.969 0.498629 1.0037 341.606 -0.23822 -1.99634 786.44 0.255538 0.669207 0.595029 0.663703 179.722 -2.09987 0.0457058 761.836 92.9047
371.304 0.955134 -0.0360437 309.415 -2.27537 2.23955 1753.03 0.821136 0.494922 0.713046 0.80175 96.4877 -2.38379 0.690905 827.576 92.9047
441.935 0.984193 -0.475197 346.135 0.894587 2.07816 769.29 0.527048 0.804383 0.730466 0.703878 529.445 -1.9865 1.36308 755.456 92.9047
475.238 -0.992473 1.65066 325.58 -0.0404576 -0.37703 782.036 0.807923 0.802623 0.734552 0.788666 817.227 -1.99683 0.345397 819.946 92.9047
416.901 -0.618616 -2.41181 281.863 -1.09245 0.957367 707.614 0.500096 0.303068 0.717456 0.685351 237.219 -0.716979 1.66944 685.931 92.9047
592.89 -0.197137 2.73992 262.238 1.49078 -1.20778 1050.79 0.791592 0.62705 0.858759 0.698652 187.171 0.597358 0.180682 1065.76 92.9047
476.009 -1.54583 -2.70431 277.259 1.06953 -1.23065 1347.15 0.673935 0.752485 0.822818 0.848743 603.617 1.12663 1.11568 787.634 92.9047
299.025 -0.0792629 -1.11497 286.5 0.727486 2.0751 658.488 0.815118 0.788951 0.771276 0.84961 575.675 2.06222 0.00453591 538.386 92.9047
454.062 -1.54851 0.404023 271.734 -0.786447 2.7283 720.741 0.818579 0.850672 0.817687 0.83143 478.015 -2.32422 0.0165596 738.961 92.9047
721.85 0.632918 -0.169282 567.369 0.412446 2.96595 1403.78 0.273605 0.73629 0.599395 0.798289 181.036 -1.19831 0.416031 1388.66 92.9047
400.587 0.465324 1.27481 314.301 -1.95242 -0.79752 1254.29 0.577187 0.847065 0.859715 0.769999 212.535 -2.48655 0.600329 942.045 92.9047
326.544 1.27814 -0.942474 285.213 -0.909815 2.0861 1020.49 0.672629 0.31133 0.824935 0.775504 72.6379 1.08495 0.990573 656.478 92.9047
544.663 0.158527 -0.18548 364.061 0.442544 -1.3253 509.034 0.504127 0.724821 0.58169 0.646372 315.544 0.212034 0.396058 1252.11 92.9047
544.208 -1.17059 -0.838519 403.618 1.05386 2.0012 1578.21 0.77723 0.635835 0.785017 0.690849 463.699 2.82407 0.368599 949.964 92.9047
1207.11 0.174322 -1.58614 319.077 -1.41641 1.07161 1638.45 0.807124 0.636968 0.768094 0.639319 901.447 1.88134 0.118108 1518.4 92.9047
440.99 -0.862072 -0.930455 328.993 -1.08386 2.6275 762.098 0.67555 0.803611 0.753543 0.716246 73.2155 -0.507556 0.422603 947.005 92.9047
663.9 0.61792 -2.69122 301.459 0.580156 0.803649 950.614 0.17611 0.534885 0.67695 0.747211 353.708 -0.135179 0.915299 964.283 92.9047
307.54 -0.546942 1.09381 279.198 0.103416 -1.6925 629.914 0.787256 0.552046 0.872194 0.818389 253.007 -3.07678 1.30199 560.654 92.9047
400.867 0.986929 -0.987275 259.477 0.636214 1.94863 668.08 0.725119 0.656876 0.684351 0.763972 48.3736 -2.22596 1.23116 668.985 92.9047
279.82 -1.19165 -1.80269 264.371 -0.706751 0.703639 546.267 0.784974 0.787315 0.747441 0.731395 401.684 1.9489 0.721533 600.051 92.9047
414.117 0.347761 2.77043 254.991 0.0151475 -1.6975 536.114 0.77278 0.651033 0.813121 0.830101 179.278 -1.67377 0.0452003 676.178 92.9047
374.95 -0.406078 -0.861053 257.097 -0.0402611 2.46904 641.744 0.728054 0.776995 0.790462 0.761389 188.474 1.70531 0.472387 621.267 92.9047
342.923 0.405291 -1.34043 258.755 0.543051 0.109349 425.139 0.767357 0.334646 0.720604 0.630918 198.246 1.08236 0.616345 657.033 92.9047
460.396 -1.7626 -0.966373 259.227 -0.77526 2.65901 772.069 0.744015 0.39901 0.83238 0.693352 315.225 0.859053 0.194336 728.449 92.9047
360.895 0.583093 -1.27471 283.835 1.06335 1.64031 665.047 0.772487 0.614195 0.66253 0.80208 215.002 3.08995 1.45249 684.848 92.9047
464.517 -0.29087 3.10344 356.935 0.607056 0.731897 857.038 0.247138 0.34838 0.770236 0.735929 451.891 -1.94172 1.24038 825.999 92.9047
278.302 -0.0997973 -2.88304 253.6 -0.696354 0.722618 554.821 0.593646 0.65871 0.582446 0.759953 567.254 -0.187318 0.0496298 522.767 92.9047
382.513 -1.02763 -2.22301 301.154 -0.834707 2.46716 515.336 0.417119 0.643924 0.816626 0.828909 963.377 -0.00959355 0.80885 729.874 92.9047
455.742 0.954483 -2.62038 314.035 0.236245 0.110857 802.525 0.638514 0.627974 0.693185 0.767916 363.933 -0.22779 0.324462 941.141 92.9047
311.93 0.859702 1.12762 250.877 0.37638 -0.688751 468.944 0.688621 0.520772 0.796797 0.70004 653.919 -2.23409 1.38345 616.586 92.9047
371.451 0.285481 1.00394 349.202 -0.541808 -3.06956 719.279 0.411972 0.750271 0.657964 0.753524 209.935 1.23761 0.235685 919.962 92.9047
315.76 1.09613 1.41819 306.964 -1.15857 -2.52036 1048.66 0.264634 0.661404 0.669259 0.788953 388.105 -0.413487 1.55695 596.244 92.9047
341.93 -0.161805 0.289883 308.721 -0.573609 -2.11661 652.273 0.771989 0.371366 0.743715 0.844216 430.283 -2.97978 0.265869 704.544 92.9047
465.603 -0.293135 -2.45997 276.023 -0.952441 0.53554 772.867 0.574774 0.807997 0.774652 0.809074 143.589 2.02345 1.49729 694.422 92.9047
603.802 0.255623 -2.92568 254.492 -1.92085 1.6567 1210.34 0.770554 0.794312 0.742392 0.84131 951.42 0.00360647 1.05382 832.354 92.9047
285.437 -0.643337 0.196877 272.656 -0.965781 -3.07776 616.154 0.244386 0.20279 0.641016 0.838857 109.125 -0.285421 0.184693 584.852 92.9047
463.986 -0.102023 -2.78201 348.06 -0.298125 -0.0711433 802.571 0.716608 0.474318 0.76798 0.693332 247.562 1.26596 0.706236 806.743 92.9047
771.195 -0.234624 -2.67721 424.592 -0.911644 1.10466 1166.08 0.809839 0.662471 0.794996 0.651605 441.96 0.246212 0.513962 1345.45 92.9047
353.025 0.396397 -0.926791 278.412 -1.23559 2.26926 872.04 0.352824 0.828566 0.6057 0.836746 49.1642 2.6597 0.0100999 700.969 92.9047
328.931 0.975136 2.91128 322.881 0.61768 -0.61181 663.099 0.6564 0.633145 0.79147 0.74288 269.378 -0.00693106 0.592576 682.257 92.9047
416.926 -0.758734 -0.0258749 285.578 1.31753 -2.5487 1100.8 0.310387 0.650459 0.863896 0.879631 340.311 2.28519 1.44072 690.878 92.9047
303.486 -0.121659 0.0143124 296.603 0.252667 2.14151 545.508 0.453268 0.733688 0.836676 0.732684 366.239 -1.78871 0.196474 660.467 92.9047
310.835 -1.74351 -0.853142 273.115 -1.0867 2.82578 607.106 0.581532 0.729442 0.731441 0.754396 336.938 -0.227546 0.621264 724.638 92.9047
368.12 0.103418 -2.98681 265.379 0.0742929 0.579556 640.183 0.158416 0.407761 0.752968 0.678904 498.82 0.358276 0.233009 784.192 92.9047
1064.5 -0.564495 -2.68444 733.113 1.28428 0.350207 2592.78 0.228423 0.258594 0.670908 0.600563 74.4179 2.30957 0.551719 1795.42 92.9047
710.107 -0.11042 -0.901682 522.62 -0.178803 2.393 1269.22 0.488633 0.537797 0.443194 0.39075 164.082 0.698431 1.58714 1209.2 92.9047
593.838 0.213275 -2.7375 467.899 0.134866 0.173208 1097.8 0.12172 0.743821 0.764056 0.789583 431.208 1.45632 1.29256 1039.79 92.9047
405.44 -1.86396 -1.46208 396.821 -0.418654 1.51838 1038.27 0.530909 0.600314 0.628778 0.735769 206.584 -1.45097 0.019857 838.127 92.9047
405.417 -0.589009 1.88107 256.622 -0.283705 -2.0396 624.217 0.739697 0.625139 0.749048 0.718715 578.869 -0.230926 1.30151 639.756 92.9047
380.196 0.285103 1.21729 324.831 0.177058 -1.26462 679.361 0.648606 0.848905 0.789575 0.748605 501.97 2.68881 0.0740366 741.302 92.9047
459.094 -1.07855 -2.30378 261.46 -1.19221 2.65385 444.051 0.64648 0.32606 0.711372 0.625991 212.497 1.95871 0.703391 918.41 92.9047
452.013 0.0607671 -1.32829 434.831 -0.853098 2.77496 898.779 0.55087 0.64793 0.518016 0.705716 703.446 0.473242 0.176952 896.754 92.9047
481.483 -1.2373 -1.43885 339.534 -1.50453 2.26969 797.159 0.377643 0.614056 0.792178 0.552494 438.493 0.944359 0.791726 806.821 92.9047
349.209 0.439723 0.179166 254.12 0.580181 -2.66561 603.737 0.560995 0.71082 0.767227 0.712502 744.037 2.88282 0.51102 609.686 92.9047
600.157 -0.883481 1.45791 280.671 -1.48701 -1.00058 828.75 0.876596 0.791463 0.8117 0.78938 512.137 -2.22774 1.22478 923.431 92.9047
370.203 -0.734717 2.53574 265.149 1.67756 -1.12755 1143.43 0.628282 0.411156 0.795128 0.655866 435.709 0.473388 1.40865 611.766 92.9047
513.379 -0.203588 -2.16064 393.065 -0.989256 1.16966 970.15 0.619934 0.775045 0.741791 0.700387 189.393 -1.2784 0.653222 981.681 92.9047
483.377 -0.159478 -0.621428 330.589 -2.03553 -2.80812 1133.96 0.634545 0.151173 0.820653 0.734437 155.065 1.72821 0.701533 815.265 -92.9047
571.68 0.408912 -2.30643 488.469 0.0607315 0.595346 1085.53 0.710582 0.656489 0.715855 0.598674 399.404 2.58387 1.39656 1133.79 92.9047
797.385 0.259244 -2.34484 337.612 0.574391 0.923491 1065.5 0.513477 0.703313 0.730776 0.825021 260.285 1.09388 0.144006 1177.97 92.9047
352.553 0.825584 -0.36223 283.201 1.42175 2.41195 657.634 0.737685 0.766542 0.775944 0.682528 209.414 -2.04028 1.67521 614.349 92.9047
797.461 -0.272157 -1.24075 341.096 -0.511638 1.50941 1043.55 0.705526 0.389875 0.779101 0.763803 379.794 2.58796 0.252585 1208.89 92.9047
386.027 -0.351224 1.39563 367.833 -0.894124 -1.46863 786.518 0.449571 0.742814 0.733783 0.785576 600.07 3.05902 1.63886 830.558 92.9047
288.524 -1.08471 -2.4821 286.442 -1.40283 0.463164 592.265 0.794662 0.836828 0.759909 0.804391 347.923 2.37053 1.45221 670.5 92.9047
358.791 0.473035 2.80219 284.772 0.69329 -1.80991 499.286 0.693036 0.753078 0.804779 0.771503 217.312 -0.648775 0.948778 859.566 92.9047
426.564 -0.563831 0.508553 358.644 1.05087 2.91417 1025.2 0.539612 0.659806 0.790142 0.800364 195.11 -2.62924 0.591775 914.515 92.9047
321.667 -1.36519 -1.28135 263.761 0.0838097 1.11635 727.805 0.738968 0.665816 0.833336 0.720759 314.807 -2.71397 1.41607 544.558 92.9047
427.235 -0.758169 1.96205 255.811 -1.12177 -1.09837 721.385 0.102908 0.488029 0.838358 0.798643 418.095 -1.37203 0.0652745 655.381 92.9047
423.447 -0.116978 -2.45675 336.047 1.03874 2.56636 659.556 0.745769 0.728004 0.788505 0.677912 725.167 -0.272215 1.71167 788.122 92.9047
397.25 0.361638 0.725876 354.166 0.8812 3.09226 749.966 0.220795 0.204524 0.577028 0.70397 415.062 -1.10597 0.638628 751.139 92.9047
503.929 -0.409156 2.25602 291.573 -0.661655 -0.657752 790.399 0.399022 0.433353 0.764858 0.527381 207.833 -0.0959428 0.517465 969.806 92.9047
389.996 1.24514 0.311277 379.264 0.722192 -2.68948 823.613 0.656067 0.252974 0.781 0.812799 191.666 0.94093 0.102004 791.317 92.9047
527.862 0.12319 0.765312 489.273 -1.12027 -2.51639 1229.15 0.463581 0.344516 0.670912 0.691636 109.125 -0.865612 1.61667 1003.05 92.9047
328.879 0.397055 -2.84315 252.133 1.04796 1.33956 559.973 0.710926 0.738182 0.747957 0.751597 438.494 -0.189319 0.494626 543.357 92.9047
590.441 -0.536823 0.580314 291.818 -0.371308 -2.84418 831.838 0.614678 0.664413 0.767189 0.778263 241.83 -1.37901 1.46429 865.262 92.9047
427.467 0.244305 2.75722 356.795 -0.153183 -1.16235 748.45 0.80257 0.746012 0.694855 0.846242 299.062 0.462752 0.116128 849.442 92.9047
683.022 -0.484316 0.241662 443.597 0.900735 -2.45033 1376.86 0.655461 0.311546 0.7147 0.6455 196.293 1.18455 0.627791 1337.77 92.9047
374.406 -0.39466 0.41335 303.086 -0.127914 -2.59254 684.947 0.504899 0.826837 0.728882 0.779664 275.295 -3.04381 0.033185 689.191 92.9047
417.609 0.235147 1.72325 297.389 0.597023 -1.24594 751.709 0.523814 0.29505 0.55027 0.832454 181.026 2.15586 0.101678 879.496 92.9047
392.223 -0.539782 2.96659 298.177 0.300061 -0.546648 748.475 0.795253 0.788769 0.791481 0.857008 207.766 1.08274 1.63826 651.943 92.9047
332.495 0.694561 1.90397 270.156 1.51366 0.181476 534.336 0.65019 0.684708 0.773618 0.700003 474.016 0.230011 0.0495204 641.297 92.9047
354.802 1.33684 0.590395 291.936 0.109487 1.94376 597.784 0.706743 0.670481 0.861059 0.756712 451.926 -1.17937 1.57305 698.272 92.9047
393.544 -0.755187 -1.27404 350.64 0.0516704 1.44227 845.057 0.358473 0.727633 0.305924 0.704899 453.023 -2.38255 0.728388 781.885 92.9047
413.078 0.598828 2.63864 411.409 0.515503 -1.07456 843.399 0.78871 0.210533 0.713965 0.803636 483.634 1.40816 0.231551 858.172 92.9047
436.677 0.44941 -3.13421 266.021 -0.564075 0.522678 763.88 0.653214 0.50111 0.478796 0.687651 416.515 -2.64895 0.019109 884.466 92.9047
507.043 0.720494 0.131235 278.789 -0.0400801 1.43699 556.154 0.636846 0.533589 0.711246 0.657262 213.245 -2.60856 0.33487 970.379 92.9047
487.568 -0.102153 -2.73487 417.996 -0.527609 1.24697 873.889 0.713877 0.494688 0.671846 0.448324 794.888 -0.364429 0.868594 924.028 92.9047
339.29 -0.096093 -1.78937 294.029 0.807814 -0.00333603 587.76 0.650569 0.68227 0.735763 0.799162 671.717 1.55584 0.90948 829.426 92.9047
620.228 1.15555 -0.527884 366.768 0.870128 1.60544 893.464 0.590311 0.414282 0.763549 0.759385 111.267 0.0968883 0.627127 1174.49 92.9047
523.788 -0.702634 2.32247 401.322 0.123678 -0.735107 1016.3 0.62395 0.718662 0.755725 0.735526 248.275 -1.81352 1.1056 891.578 92.9047
356.52 -0.359453 0.532558 343.398 -0.958789 3.08507 710.979 0.550308 0.81197 0.794204 0.767984 6.00192 -3.09808 0.0958007 800.754 92.9047
477.341 -1.36773 -3.00394 302.303 -0.114543 -0.517444 891.457 0.479264 0.234876 0.744042 0.721233 497.025 1.43988 1.84941 760.368 92.9047
464.285 -1.87401 -2.16707 420.847 -1.72149 1.67744 850.187 0.752985 0.769504 0.784708 0.856571 287.638 -1.23603 0.318767 1020.05 92.9047
323.456 -0.00178426 0.376025 264.344 -0.885334 2.24508 551.196 0.73571 0.446233 0.736917 0.836829 800.988 -2.33793 0.0917342 649.406 92.9047
360.731 -0.615336 -2.9928 288.457 0.430457 -0.416113 721.178 0.807039 0.597059 0.759836 0.708959 259.128 1.33648 0.100346 655.952 92.9047
292.397 1.19815 1.30044 270.378 -0.827111 -2.77061 844.627 0.739173 0.547994 0.812065 0.772101 421.22 -1.5521 1.21164 635.288 92.9047
612.95 0.0463371 2.59759 274.271 -0.0187665 -0.671712 837.748 0.826509 0.739572 0.807298 0.560501 222.629 -0.345254 0.343962 863.181 92.9047
371.665 -1.56962 1.88115 367.328 -1.41 -1.52497 780.501 0.802191 0.355245 0.79196 0.628523 168.892 0.181944 1.68269 708.013 92.9047
297.434 0.482985 0.0294923 253.313 0.545563 -2.80459 569.896 0.192115 0.254044 0.749375 0.847272 299.936 -0.0459246 0.0788376 837.718 92.9047
777.181 -0.804755 2.03623 258.739 0.287744 -0.195501 967.678 0.466117 0.608797 0.716827 0.681546 251.587 -1.37903 0.157502 1230.94 92.9047
327.663 -1.29924 -2.38705 317.93 -1.32403 0.19541 643.811 0.751211 0.599273 0.678763 0.750565 75.7596 -1.27647 0.826801 861.913 92.9047
640.396 -0.149743 -0.430175 416.795 0.507091 2.51426 1131.43 0.651532 0.229429 0.699776 0.419812 199.973 -1.62722 1.1948 1190.32 92.9047
383.486 0.112246 1.42618 317.093 0.0121038 -2.62666 637.241 0.704965 0.454768 0.777372 0.689527 395.803 -0.0189343 0.836197 915.913 92.9047
403.17 -0.390956 2.17768 296.998 0.710235 0.578414 647.497 0.748204 0.498711 0.801142 0.766996 379.383 -1.51589 0.342569 826.093 92.9047
457.019 0.689058 -0.599051 329.837 -0.270008 1.9933 869.462 0.377822 0.560598 0.765959 0.703573 339.578 -2.42088 1.28225 773.032 92.9047
316.162 1.77702 -3.1066 277.022 0.364067 2.60438 501.344 0.651667 0.685541 0.775511 0.817654 361.988 0.326687 0.434261 801.867 92.9047
786.134 1.6716 1.25326 345.206 0.0922603 -1.79425 1406.3 0.739157 0.78027 0.841249 0.675091 234.591 -1.76831 0.00257576 1110.43 92.9047
598.077 0.934509 -2.05813 513.407 -0.119065 1.01606 1273.88 0.716129 0.772828 0.788899 0.852097 457.754 0.573765 0.0933006 1182.38 92.9047
398.275 -1.34674 2.47644 289.871 0.563519 -1.00298 1014.61 0.816761 0.658293 0.846379 0.832246 74.3569 0.858853 1.02504 775.724 92.9047
333.483 0.421175 1.4664 299.039 0.586078 -2.15411 620.47 0.713577 0.721684 0.788782 0.696101 389.981 -0.346487 1.80245 621.558 92.9047
371.897 1.04651 -2.70481 363.506 0.0228852 -0.294814 807.638 0.799287 0.799474 0.842569 0.796024 239.548 1.45454 0.2557 920.824 92.9047
311.754 -0.233491 2.68987 253.958 -0.119932 -1.157 546.168 0.79964 0.766566 0.858874 0.807409 310.35 -0.104707 0.900571 553.83 92.9047
486.439 0.314624 0.980668 476.789 -0.157288 -2.061 1012.61 0.702984 0.655837 0.790839 0.872557 256.412 1.25118 0.263964 914.433 92.9047
394.816 0.619973 -1.47197 294.66 -0.0974852 1.56222 731.155 0.815482 0.664844 0.763431 0.760834 162.511 1.98937 0.142617 731.429 92.9047
362.81 -0.167933 2.18781 273.673 -2.36205 0.0150847 1019.29 0.656278 0.432315 0.605372 0.641916 660.352 -1.39806 1.18446 622.626 92.9047
537.8 -0.118585 -1.13976 443.772 0.00215936 2.37864 982.509 0.51425 0.315804 0.763855 0.320431 267.224 0.526184 1.66602 976.74 92.9047
283.848 -0.942875 -0.523878 283.705 1.2034 2.49811 933.007 0.790847 0.767497 0.828345 0.788956 42.6423 -2.25917 1.51494 578.982 92.9047
412.258 0.0401382 3.01918 261.057 0.846741 -0.682061 690.584 0.804011 0.692207 0.71164 0.709412 467.246 -0.2027 0.485248 810.484 92.9047
454.05 -0.121225 -0.449941 417.329 -1.8917 2.54269 1253.35 0.588311 0.771825 0.849184 0.746312 78.2173 3.1157 0.585537 849.545 92.9047
304.391 -0.78841 1.81694 291.998 0.486188 -0.432536 691.877 0.6043 0.72724 0.829238 0.707558 171.069 -2.58599 0.039762 759.757 92.9047
295.249 0.734956 -3.08896 271.623 1.25549 0.308205 589.957 0.63312 0.739221 0.817972 0.695619 113.268 1.14923 0.847443 871.655 92.9047
617.845 0.68407 -2.21029 556.491 -0.873995 0.429669 1556.91 0.64518 0.20857 0.843311 0.785351 316.41 1.99263 0.769524 1353.57 -92.9047
589.941 -0.0431898 1.52413 293.041 -0.389517 -1.40542 872.433 0.749999 0.195783 0.757998 0.653635 83.3738 -2.70738 1.25069 853.085 92.9047
264.535 -0.174233 -1.91586 250.245 0.694993 2.09598 526.893 0.748892 0.738794 0.891906 0.873111 174.536 -0.329149 0.731731 708.001 92.9047
277.024 -0.661898 -1.68747 260.405 1.02128 1.83245 741.283 0.727896 0.769203 0.72838 0.640446 137.748 -0.549257 0.666164 613.637 92.9047
384.068 -1.47668 0.4616 339.595 -0.959061 -2.30265 773.991 0.218576 0.609565 0.840222 0.815449 271.791 -2.25571 0.0132973 947.619 92.9047
460.605 -1.03365 0.485564 275.544 -0.182044 1.72244 524.821 0.476688 0.588893 0.499482 0.517263 895.699 -1.84565 1.35674 826.349 92.9047
529.769 -0.3238 2.62218 324.6 -1.03249 0.0908288 860.937 0.739861 0.450666 0.766189 0.678778 371.109 -2.07172 0.271635 880.144 92.9047
374.39 0.508059 1.55465 274.606 -0.616068 -2.18403 740.396 0.503491 0.565363 0.474865 0.838429 319.278 -0.963249 1.21501 710.514 92.9047
481.956 -0.614043 -0.248832 259.639 -0.421201 3.01635 727.307 0.728337 0.717558 0.736527 0.857352 311.105 1.44732 1.59278 692.068 92.9047
306.703 -2.43476 1.95244 286.352 0.217939 -0.180508 1207.26 0.782256 0.398145 0.80574 0.749635 473.348 -2.65948 0.226516 653.446 92.9047
423.567 -0.151431 3.01366 266.436 0.57041 0.29712 714.757 0.352511 0.661156 0.689781 0.689985 87.5344 3.13992 0.110689 749.747 92.9047
406.67 -0.201939 0.693799 250.139 0.163576 2.91452 600.097 0.802626 0.717182 0.748278 0.771643 573.045 -1.84768 0.248101 729.14 92.9047
312.812 -1.35692 -2.42794 296.363 -1.84432 0.180149 641.474 0.646419 0.329426 0.847391 0.716386 349.397 1.58858 0.23963 613.285 92.9047
367.62 1.82321 0.532579 258.17 -0.874957 -1.48348 1235.51 0.777375 0.784408 0.83983 0.813643 794.737 -2.85811 0.488433 696.156 92.9047
411.751 0.469308 3.06648 386.543 1.03596 0.487438 813.537 0.592137 0.773668 0.55878 0.646514 248.09 -1.94073 0.985791 836.502 92.9047
309.371 0.289361 -1.29517 283.603 0.871947 0.685241 541.149 0.648388 0.757254 0.738692 0.690153 140.011 -0.707515 0.602719 764.536 92.9047
386.647 -1.23776 2.69658 286.672 -0.801919 -1.24845 640.416 0.350987 0.607325 0.745766 0.353932 72.2325 0.240998 0.203406 822.355 92.9047
509.37 0.39632 -3.01451 501 0.578249 -0.284646 1001.57 0.511273 0.810587 0.655171 0.769029 167.63 2.09375 0.174361 1238.5 92.9047
287.287 -1.4292 1.68897 261.193 -0.285284 -0.608038 610.651 0.472999 0.439422 0.798364 0.760808 124.807 -2.23722 0.499733 746.39 92.9047
500.573 -0.437147 -1.38601 497.537 -0.757069 1.60109 1062 0.502192 0.147863 0.607698 0.69336 192.088 2.65188 1.0374 967.039 92.9047
550.516 0.267199 -0.151221 272.983 -0.866949 -2.20974 830.241 0.768668 0.107251 0.698992 0.790559 321.041 2.23313 0.418654 867.614 92.9047
412.618 1.09677 1.1312 265.927 0.651171 2.53084 463.76 0.685761 0.498428 0.622039 0.685714 283.446 -2.13542 1.27734 724.995 92.9047
537.454 -0.66619 0.193073 362.942 -0.639066 2.67043 848.845 0.576563 0.472528 0.813459 0.747472 452.147 -1.38221 0.24171 890.046 92.9047
645.274 -1.11725 0.983163 425.762 -1.36364 -3.09584 963.887 0.613057 0.825835 0.831651 0.809829 495 -0.925603 0.0116268 1118.43 92.9047
366.184 0.735571 -0.804792 268.659 1.20932 2.49608 657.922 0.721803 0.776374 0.811788 0.772855 498.229 -0.889652 0.0957617 643.215 92.9047
287.006 -0.263825 0.724818 270.379 -1.26326 3.04286 601.776 0.363456 0.609731 0.752991 0.752969 360.441 -1.32139 0.490915 564.245 92.9047
669.016 -0.988068 -0.305282 281.376 -0.290567 2.30385 915.411 0.834418 0.685746 0.802119 0.870961 258.864 2.88485 0.550816 1045.76 92.9047
409.853 0.712763 -2.53823 381.446 0.702551 0.113031 803.302 0.69496 0.229334 0.705223 0.577075 213.936 0.452329 0.178198 879.961 92.9047
447.742 -1.32731 0.577616 265.064 0.545167 -2.65155 1027.37 0.677883 0.644527 0.833285 0.744621 338.283 -2.85467 0.17524 787.343 92.9047
490.864 1.13224 -1.63274 305.043 -0.544096 1.39144 1080.34 0.771766 0.249062 0.612167 0.715956 320.617 1.72174 0.218167 790.443 92.9047
467.849 -0.175052 -3.07395 260.949 1.49007 -0.164547 968.518 0.320184 0.769886 0.818348 0.80341 332.913 0.314377 0.313963 919.123 92.9047
441.355 0.138888 -3.0522 410.243 -1.54797 0.0257125 1189.75 0.731785 0.306912 0.611065 0.46493 307.425 0.046361 0.0658171 772.971 92.9047
560.289 -0.257613 1.61394 484.83 0.495954 -1.02754 1096.19 0.303101 0.288891 0.824219 0.684958 240.109 -1.32784 0.300497 1235.9 92.9047
328.897 -0.652824 1.3335 308.342 -1.13223 -0.727819 576.857 0.377973 0.681005 0.595689 0.783037 248.52 -2.56923 0.0761375 735.126 92.9047
594.483 -0.0926825 -0.0843779 365.794 -1.15848 -2.90554 1076.92 0.793721 0.453722 0.777083 0.765792 271.621 3.0126 0.331023 1012.63 92.9047
828.921 0.668417 -2.74777 535.265 -1.21573 0.988164 1936.76 0.663072 0.671248 0.819469 0.813359 191.067 -1.21701 0.438639 1358.92 92.9047
439.747 -0.334921 0.66947 296.835 0.866143 -2.86561 856.167 0.708827 0.727904 0.853998 0.652174 209.136 -0.781554 0.753866 731.25 92.9047
359.202 0.82794 -1.98183 298.646 -1.02234 1.46407 969.025 0.408333 0.805014 0.680624 0.671914 324.29 -3.0509 0.997475 770.497 92.9047
396.399 0.142614 -1.83932 264.184 -0.760172 2.55809 624.032 0.583009 0.394676 0.683704 0.821734 367.444 0.829002 0.155775 810.558 92.9047
374.462 -0.34787 -0.742281 340.477 0.8039 3.03396 810.411 0.799565 0.417174 0.708832 0.482209 310.782 0.0383786 0.783134 730.773 92.9047
346.692 -0.84846 0.105391 257.268 -0.190989 3.10209 643.413 0.796576 0.63636 0.831871 0.754515 36.0734 2.33947 0.750992 623.042 92.9047
289.324 1.49604 2.00683 250.313 0.126136 -0.0198771 647.493 0.486291 0.187981 0.150986 0.86956 192.217 2.39416 0.378481 731.413 92.9047
359.6 1.16778 1.29444 292.832 -1.95544 -1.40546 1616.78 0.518454 0.580313 0.681998 0.588212 270.701 2.85662 1.24709 788.409 92.9047
404.004 0.31125 -1.85963 274.006 0.505857 0.697116 659.913 0.764583 0.772967 0.737523 0.909313 282.123 1.51378 0.82519 654.638 92.9047
435.959 -1.00106 -1.2522 261.077 0.123911 2.38096 781.215 0.803304 0.846258 0.849977 0.719395 107.512 -0.00330655 0.00776357 780.202 92.9047
438.182 1.00414 -2.87221 315.182 0.758946 0.369854 774.822 0.765019 0.713554 0.834384 0.80653 280.577 -1.83436 1.04711 738.736 92.9047
271.709 -0.2176 -0.549675 265.914 0.380425 -2.14244 433.95 0.45604 0.801484 0.767034 0.685837 114.484 2.09175 0.28536 649.921 92.9047
286.867 0.319531 -1.68968 277.255 -0.513382 0.486824 567.23 0.664825 0.780921 0.790067 0.855771 320.969 -2.5538 0.875534 649.418 92.9047
279.778 -0.802459 0.14484 264.278 -0.67401 -1.42668 394.774 0.767046 0.7753 0.728458 0.751 410.933 -3.09113 1.50811 559.276 92.9047
384.765 0.311322 -3.03771 282.686 -0.28343 -0.0106816 703.004 0.708285 0.779772 0.760965 0.808828 36.3545 -2.06327 0.97338 693.805 92.9047
325.208 0.14462 1.43889 253.321 1.32809 -2.54929 644.991 0.709547 0.46154 0.739042 0.71158 309.495 -1.55501 0.988832 706.733 -92.9047
326.997 -0.839836 1.90213 295.575 1.48005 -2.05784 1065.11 0.717439 0.767777 0.632035 0.732221 327.695 0.98391 0.926275 717.507 92.9047
423.038 -0.56587 -2.81724 288.38 0.239797 -0.284747 740.924 0.82559 0.6473 0.828984 0.692451 471.127 1.51519 1.78624 670.28 92.9047
407.178 0.175417 -2.54451 403.185 -0.84002 0.294743 935.428 0.192547 0.706791 0.50461 0.809044 63.7962 -1.96241 0.37664 995.364 92.9047
300.764 -1.04178 -0.759135 299.991 0.621333 -1.65424 627.451 0.810141 0.654179 0.744336 0.839178 716.051 2.31284 0.258065 681.379 92.9047
316.238 -1.26092 0.396005 292.078 0.781542 -1.26116 864.333 0.433859 0.579218 0.693696 0.688923 360.132 -2.46178 1.2146 844.6 92.9047
762.834 0.439736 -2.7218 416.621 0.333502 0.848691 1118.05 0.549599 0.532179 0.568843 0.442178 445.617 -0.302432 1.12373 1163.72 92.9047
378.86 -0.447129 2.02855 342.037 0.198891 0.310165 625.733 0.446109 0.316519 0.766637 0.804418 577.702 -2.26431 0.480649 815.937 92.9047
1300.56 0.765621 -0.971085 468.276 0.680856 2.55139 1553.02 0.733683 0.690445 0.778507 0.789458 66.6018 2.33488 0.197295 1796.35 92.9047
483.96 -0.463107 1.44668 263.325 0.74125 -1.10718 827.771 0.587715 0.388226 0.764476 0.683733 158.254 -1.20858 0.10101 393.333 92.9047
612.702 -0.788018 -2.35322 450.559 -0.178702 0.735143 1110.12 0.431396 0.700815 0.800269 0.689027 187.889 2.9294 0.966942 1096.82 92.9047
398.167 -0.144531 1.44425 352.331 -1.29919 -2.126 873.978 0.478527 0.440935 0.605627 0.727901 309.81 -0.0315926 1.47629 729.964 92.9047
526.545 0.74173 -1.7165 506.531 1.27347 1.30777 1073.88 0.795847 0.536693 0.742489 0.824667 26.4294 -0.642299 1.07258 1014.87 92.9047
473.927 0.116617 -0.500186 428.227 1.12971 2.36158 1027.49 0.637867 0.172381 0.602484 0.574072 254.98 -3.13635 0.257394 959.984 92.9047
413.771 -0.641453 -3.07659 404.521 -0.342055 -0.257692 830.568 0.631986 0.495638 0.63882 0.67326 298.256 0.292674 0.55032 845.974 92.9047
357.421 0.708814 -2.30612 263.575 -0.751281 1.72444 748.151 0.66035 0.690571 0.664999 0.800454 230.042 -0.928805 0.401548 777.431 92.9047
407.151 -1.95856 -0.815192 292.246 -1.01124 1.78781 763.875 0.836447 0.7991 0.780882 0.743478 243.569 2.28813 0.486081 735.362 92.9047
565.927 1.48576 1.54746 266.676 -0.0683276 -1.24304 1052.1 0.439057 0.646389 0.706676 0.745169 236.667 -2.75424 0.265723 936.459 92.9047
434.288 0.41395 1.35481 262.006 -1.70027 -2.80421 1045.14 0.736334 0.698825 0.700795 0.824564 629.707 -1.0104 0.232939 721.824 -92.9047
356.11 -1.82086 1.09377 341.213 0.103995 2.94423 976.666 0.663945 0.609115 0.703938 0.897147 620.55 -1.33961 0.0678781 699.187 92.9047
643.199 0.658726 2.55178 586.537 0.668096 -0.699341 1249.04 0.74911 0.270138 0.75288 0.76239 66.0563 0.817011 1.34296 1208.14 92.9047
343.062 1.47141 0.31993 334.237 -0.781072 2.75272 1168.66 0.731672 0.184194 0.604331 0.611574 154.355 0.0276571 0.30704 769.867 92.9047
377.054 0.492188 -0.221989 268.613 0.364917 2.67336 648.208 0.766441 0.589055 0.665456 0.733021 450.801 2.77579 0.0723908 688.436 92.9047
398.428 1.45913 -1.35672 268.745 0.594056 1.69591 735.229 0.853051 0.526835 0.83873 0.800308 149.97 2.64561 0.37207 635.082 92.9047
384.577 0.211651 0.425088 381.094 -1.39429 -2.49371 1029.68 0.274313 0.810034 0.451914 0.828392 354.333 -0.738016 1.16376 894.272 92.9047
664.87 -1.0414 2.76214 260.843 -0.313135 -0.737169 899.424 0.753261 0.503878 0.795535 0.578805 579.677 -0.126301 0.233239 910.128 92.9047
355.665 1.15183 -0.318965 276.213 1.37898 2.62714 654.873 0.723755 0.267549 0.786101 0.761017 185.169 2.98827 0.314458 627.543 92.9047
1269.87 0.156274 -2.26903 541.605 -0.976111 0.864437 1953.3 0.295895 0.803996 0.599118 0.757303 347.933 0.421993 0.442484 1873.51 92.9047
447.097 -0.718398 2.27627 339.486 0.444576 -1.32061 927.55 0.217436 0.776504 0.853123 0.817217 451.548 0.755039 0.993208 770.93 -92.9047
329.898 0.289623 2.41727 310.581 -0.198368 -0.944011 673.871 0.37469 0.495157 0.736974 0.76122 219.888 -1.14201 0.190809 702.637 92.9047
511.407 0.387262 -0.734442 252.716 -0.704275 2.05973 837.931 0.48733 0.821715 0.65747 0.846862 336.564 -2.1597 1.44191 780.068 92.9047
372.582 2.0869 -0.682661 285.639 -0.0228187 -2.25529 966.013 0.809651 0.680031 0.745691 0.826751 731.906 1.65706 0.525126 724.246 92.9047
466.457 0.103193 3.05629 255.442 0.413349 -0.570951 711.762 0.456087 0.792737 0.838944 0.854887 203.169 0.769607 0.525301 753.772 92.9047
646.005 -0.567003 2.16522 338.486 -0.241315 -0.821689 956.982 0.39257 0.754956 0.783488 0.733751 236.393 -1.67434 0.18326 1046.5 92.9047
296.637 0.188929 2.7097 295.785 0.313265 -1.0722 591.057 0.258662 0.233721 0.874597 0.702864 99.9994 0.0835783 0.273195 749.147 92.9047
353.452 -1.32837 -2.07939 329.635 0.588683 2.64613 904.964 0.475094 0.320875 0.487855 0.779053 201.062 0.670388 0.061606 740.336 92.9047
315.378 0.288092 2.80415 266.291 -0.0708676 -0.204996 622.03 0.513886 0.332981 0.4939 0.743038 302.958 -1.49824 0.999161 580.366 92.9047
650.057 0.137643 2.82398 451.322 0.735368 -0.543199 1149.76 0.671101 0.492926 0.796127 0.736039 52.3153 2.26693 0.223232 1095.95 -92.9047
457.26 -0.493799 -1.95225 365.378 -0.772596 0.427865 784.939 0.688129 0.653652 0.839029 0.832377 685.332 1.709 0.771731 888.979 92.9047
308.898 -0.241017 -0.60967 301.219 0.943347 1.96767 711.799 0.694982 0.675236 0.755064 0.758619 300.992 -2.44866 1.84395 574.168 92.9047
337.713 0.260569 -1.05322 280.173 -0.63697 1.40823 663.528 0.779141 0.613125 0.625724 0.783464 205.384 3.11839 0.703303 691.392 92.9047
265.599 -0.666599 2.25092 251.593 -1.87295 -0.252699 611.326 0.677706 0.453344 0.553329 0.713657 69.1718 -1.88689 0.744501 544.287 92.9047
478.056 1.01161 -2.38829 355.257 -0.485891 0.936505 1070.25 0.764817 0.514015 0.758307 0.772856 205.006 0.0548234 0.881382 838.484 92.9047
491.245 0.445137 -0.189113 302.015 0.339468 -2.63461 743.702 0.478084 0.635239 0.874235 0.649629 414.488 1.41963 1.60901 762.057 92.9047
336.25 0.24909 3.10098 295.804 0.25193 0.774264 592.284 0.60403 0.502094 0.716437 0.498842 368.082 -1.34413 0.71905 670.011 92.9047
419.046 0.00214507 0.1011 397.682 1.71235 2.65294 1125.88 0.637991 0.778558 0.780859 0.851269 417.726 -2.52698 1.11285 783.211 92.9047
279.751 -1.00748 -2.26755 269.839 -0.900647 1.46513 557.361 0.298814 0.609883 0.784177 0.732295 236.568 0.103451 0.48942 547.031 92.9047
485.12 0.028964 2.45047 330.448 0.918239 -0.862304 911.657 0.482404 0.200194 0.7364 0.689612 306.128 1.31894 1.13122 816.65 92.9047
969.972 0.776747 1.84695 572.854 0.147805 -1.25898 1594.39 0.736247 0.499997 0.828626 0.673956 206.681 -1.21477 0.0115852 1535.99 92.9047
449.876 -1.39424 0.270884 355.158 -0.053627 -2.72481 998.94 0.795542 0.56161 0.745011 0.783175 297.991 2.21816 1.38555 809.149 92.9047
536.615 1.21997 -1.56 316.092 -1.41454 1.54672 1661.01 0.754021 0.60768 0.727346 0.732898 349.177 1.49504 0.14088 880.016 92.9047
304.994 -2.01097 -1.61538 281.425 -1.66436 1.07227 600.885 0.785125 0.746042 0.741082 0.752699 391.16 -1.61373 0.0416934 745.824 92.9047
441.594 -0.272187 0.503269 374.557 -0.971147 -2.64977 895.141 0.722713 0.369669 0.836294 0.451092 369.862 2.42447 0.804808 872.153 92.9047
680.389 -0.164481 -1.49588 428.554 0.18902 1.1535 1076.63 0.753949 0.669995 0.618818 0.599853 547.803 2.46234 1.31251 1103.63 92.9047
604.249 0.640405 -1.64299 398.586 0.494129 1.43641 1041.13 0.388707 0.409932 0.432908 0.836404 46.8662 -1.89686 0.184205 957.613 92.9047
362.596 0.826924 0.482972 261.463 1.84148 -3.08256 700.15 0.768876 0.348915 0.804381 0.825396 417.022 -1.2373 1.55495 672.091 92.9047
413.38 -0.498855 -3.10721 256.295 -0.157829 0.72676 661.385 0.573382 0.33524 0.835885 0.525214 691.917 -0.604418 1.08587 676.382 92.9047
443.209 -0.883221 -1.79546 253.539 -0.392464 0.953219 695.707 0.816753 0.514353 0.792185 0.722134 403.301 -2.23484 0.428753 721.478 92.9047
395.999 1.05806 0.467821 321.374 -0.951349 -2.19119 1101.58 0.700411 0.541849 0.743417 0.834245 372.077 1.59169 0.357652 703.92 92.9047
462.122 -1.79898 -1.7502 456.904 -0.845681 1.50039 1046.02 0.701095 0.77621 0.877974 0.86697 70.3898 -3.03065 1.2938 891.613 92.9047
540.253 -0.700947 2.50249 376.444 -0.286496 -1.37056 876.498 0.758904 0.664746 0.749548 0.623584 453.684 0.0960802 1.47075 1038.89 92.9047
660.78 -0.215907 -2.80947 433.426 -0.271337 0.13823 1078.02 0.631794 0.673718 0.658249 0.776283 292.56 2.13829 1.33338 1115.77 92.9047
795.658 1.16458 -2.18663 254.085 0.411291 0.848054 1002.67 0.778931 0.570255 0.700594 0.739969 518.959 0.438911 0.0532374 1118.73 92.9047
479.337 0.115847 -0.854597 314.92 -0.592184 -2.63349 680.937 0.573233 0.727743 0.708408 0.721912 473.779 0.875431 1.48614 991.059 92.9047
417.976 -1.23645 1.2613 277.922 -0.915719 -1.27715 707.908 0.326791 0.718851 0.637715 0.822826 157.474 1.79281 0.614528 586.711 92.9047
380.341 -0.50483 -2.51471 286.8 0.942782 1.021 840.575 0.660562 0.429859 0.643042 0.765359 300.609 -0.699164 1.72008 639.719 92.9047
437.087 0.678719 0.282853 347.019 -0.613133 2.98148 935.028 0.523863 0.702231 0.525681 0.626021 348.034 -1.33589 1.61797 775.177 92.9047
552.341 -0.78488 2.94151 280.015 -0.213612 0.809929 734.086 0.595641 0.527812 0.749232 0.656578 416.315 -1.52293 0.387761 922.821 92.9047
504.001 1.25584 -2.01746 265.805 0.211218 2.08417 779.213 0.799047 0.679436 0.839695 0.572678 147.64 -0.356939 0.740261 853.372 92.9047
346.096 -0.58095 -0.952888 282.202 -0.294014 2.18028 647.176 0.811635 0.418712 0.754843 0.682128 121.729 1.69673 0.321446 606.21 92.9047
291.873 0.509678 3.06571 258.227 0.925612 0.381053 557.925 0.774841 0.720277 0.592322 0.73973 350.696 -1.98205 0.58276 546.571 92.9047
457.425 0.351586 0.457802 251.002 0.00787045 -1.67271 633.329 0.692757 0.250023 0.931432 0.790817 638.957 3.05824 1.27566 680.85 92.9047
457.949 -0.644175 1.94523 274.329 -0.381876 -1.85185 698.177 0.796857 0.628331 0.857643 0.662202 785.676 -0.787364 0.195205 722.556 92.9047
289.066 -0.0295004 -3.05334 275.069 -0.527377 -0.169013 587.778 0.576642 0.722371 0.819218 0.762002 362.947 -2.14152 0.915395 759.393 92.9047
529.182 0.196369 0.95432 366.152 0.979073 -2.0175 960.126 0.776108 0.46256 0.793586 0.661014 98.4799 -0.864009 0.825396 935.156 92.9047
493.925 0.542832 -2.20718 280.962 -0.388581 -0.357753 704.013 0.563327 0.63675 0.677863 0.716362 204.168 2.14516 0.602162 965.963 92.9047
825.242 0.00664547 -1.60584 626.969 1.14108 1.47682 1716.3 0.412098 0.147268 0.506051 0.83017 184.667 1.78366 0.305925 1690.54 92.9047
556.558 0.114205 -1.28642 426.99 -1.71827 1.00117 1377.64 0.714438 0.810187 0.817719 0.77922 551.866 3.1329 1.14166 1092.6 92.9047
434.555 0.326633 -1.0624 406.457 0.6287 2.0946 862.76 0.417113 0.663755 0.837975 0.623595 21.9172 -3.00417 1.19298 818.25 92.9047
675.159 0.259095 -1.47741 269.729 0.558359 2.99936 713.988 0.545127 0.483461 0.86017 0.721009 772.627 1.05556 1.539 995.402 92.9047
541.433 0.143125 -2.03159 278.768 -0.0458183 1.55084 779.941 0.575506 0.723859 0.831569 0.732909 294.175 2.2595 0.703541 988.903 92.9047
331.951 0.798564 -2.69341 256.066 -0.238773 0.322972 667.871 0.383458 0.581733 0.675686 0.625551 82.4839 2.91716 0.637565 604.809 92.9047
457.318 1.10825 -2.92467 382.539 -0.580217 0.670733 1167.02 0.779967 0.357103 0.77352 0.400071 292.37 -1.28237 1.64329 810.857 92.9047
294.684 -0.459389 -2.6233 259.562 -1.25479 2.54556 397.056 0.738552 0.484377 0.806988 0.568001 333.06 1.1655 0.339087 781.641 92.9047
508.119 -0.734103 -0.576464 313.314 -0.283003 2.94854 816.6 0.368634 0.424819 0.765653 0.752208 295.823 2.16685 0.599431 811.241 92.9047
546.584 -0.294838 -1.90758 275.544 1.38494 0.474209 1033.08 0.81956 0.702567 0.81277 0.758051 677.328 1.99354 0.331655 852.331 92.9047
491.031 0.287206 0.348526 447.875 -0.530493 -2.40032 1012.79 0.729744 0.315034 0.733198 0.633931 409.203 2.01539 1.65752 936.498 92.9047
447.784 -0.252754 -0.635833 338.831 0.300282 2.48067 819.077 0.454738 0.485965 0.827118 0.754366 245.283 -2.12079 1.48497 858.069 92.9047
443.324 0.139942 1.35133 336.96 0.715748 -1.09872 773.438 0.564113 0.71227 0.664237 0.694086 75.6134 -2.18371 1.08239 835.435 92.9047
554.223 -0.257448 -3.03136 366.849 0.832528 -0.179732 1040.54 0.713844 0.721171 0.80112 0.739435 73.872 1.90702 0.410651 1050.88 92.9047
446.999 2.17661 1.33066 409.207 0.179191 -1.63283 1322.78 0.500606 0.647779 0.72083 0.74207 354.01 2.34213 1.01905 935.439 92.9047
324.967 1.15603 -1.28279 295.854 -0.70234 2.61444 916.608 0.633973 0.461451 0.636444 0.584333 462.653 0.904779 1.0553 597.812 92.9047
503.194 -0.426775 -0.249916 294.555 0.914897 -2.80859 943.045 0.445206 0.764796 0.656645 0.838852 392.83 1.34857 0.831633 781.417 92.9047
434.629 -1.31834 -0.11299 370.69 0.149381 -2.5403 1001.91 0.466452 0.559258 0.812303 0.679766 462.5 2.12623 0.764318 808.733 92.9047
410.3 -0.130603 2.40159 254.697 0.152959 -0.788052 662.099 0.140963 0.769586 0.790594 0.765808 252.069 -1.09325 0.310216 775.505 92.9047
580.089 -0.440623 -1.7135 559.705 0.271249 1.16568 1224.13 0.776278 0.2946 0.79452 0.74111 303.161 3.13351 0.0574735 1218.76 92.9047
493.994 0.52927 -0.737471 360.406 0.339246 1.11573 694.069 0.57017 0.719017 0.685476 0.755752 729.718 2.88993 0.0700018 975.017 92.9047
416.907 1.11683 -0.342736 252.586 -0.317103 1.26788 709.275 0.814183 0.657099 0.751084 0.678031 492.732 -2.45625 0.171195 820.563 92.9047
349.699 -1.49051 0.620626 251.485 -0.236941 1.72862 514.296 0.663655 0.73203 0.751358 0.781276 181.518 -3.09486 1.30822 632.217 92.9047
336.174 0.251857 -1.11363 323.857 0.228524 1.23541 635.731 0.408874 0.47711 0.726772 0.375948 601.68 2.85085 0.943503 677.535 92.9047
513.342 0.876505 2.60125 295.542 0.341579 -0.0617028 810.848 0.469683 0.495746 0.690519 0.724502 301.402 -2.03982 0.143271 780.789 92.9047
314.359 0.811459 -1.90601 291.475 -0.518698 2.26701 691.911 0.358309 0.45073 0.834143 0.806708 480.466 -0.488573 0.361897 688.648 92.9047
365.072 -0.752182 -1.2283 290.275 0.00882025 1.46627 695.158 0.558516 0.741872 0.709207 0.757106 297.842 -2.81011 1.58006 617.526 92.9047
503.554 -0.218914 3.08514 280.102 0.845871 0.342261 902.746 0.100035 0.544485 0.814075 0.805575 336.211 -0.366484 0.0172947 795.143 92.9047
592.641 0.239718 -0.0954358 301.768 -0.557635 -3.09144 931.073 0.698663 0.552814 0.775505 0.787845 190.038 0.353259 0.460122 857.117 92.9047
570.233 -0.157424 -0.633936 298.029 0.522175 2.43496 897.221 0.745278 0.609191 0.64716 0.773732 295.65 2.7013 0.126504 872.167 92.9047
546.422 -0.593067 -2.54131 519.063 0.385344 0.999852 1183.93 0.661087 0.792863 0.696074 0.822615 262.995 -0.752987 1.75188 1044.77 92.9047
278.208 0.190408 -1.74371 256.887 -0.142042 2.29496 496.78 0.605274 0.171808 0.593677 0.638793 338.575 -0.484857 0.416091 713.555 92.9047
405.95 -1.20429 1.99428 283.048 1.25088 -2.20947 1222.27 0.750329 0.276002 0.712805 0.673551 336.53 -0.455159 0.366195 852.63 92.9047
581.885 0.388239 1.56869 254.112 0.202104 -0.779309 720.57 0.506314 0.379334 0.750267 0.681926 475.596 3.02016 0.438911 950.253 92.9047
423.731 -0.302915 -2.10495 265.87 0.844417 0.678586 838.94 0.141602 0.819787 0.809446 0.824918 289.083 -0.799618 1.08023 988.964 92.9047
479.151 -0.406133 1.99512 426.888 -0.596063 -0.610015 883.889 0.929813 0.692183 0.797032 0.586245 409.348 -2.52396 1.76502 888.84 92.9047
512.79 -0.464038 1.05391 336.43 -0.00396139 -2.35151 862.035 0.532482 0.434086 0.612008 0.693315 764.332 -2.31703 0.0230463 988.56 92.9047
567.371 -0.680404 -2.95834 330.126 -0.779909 0.720086 842.966 0.528708 0.657976 0.748986 0.657154 154.886 0.437557 0.283974 963.22 92.9047
439.69 0.793635 1.94143 426.775 -1.01255 -1.52794 1242.43 0.649611 0.725544 0.789485 0.754539 250.684 0.0401773 1.57248 845.777 92.9047
556.409 0.390058 -3.07507 293.14 1.10687 -0.180744 866.717 0.765328 0.807137 0.714454 0.814406 248.929 0.782989 0.970966 894.995 92.9047
289.703 0.115303 0.359397 252.589 -0.895669 -0.812166 428.765 0.758935 0.666796 0.551058 0.717742 600.335 -2.8495 0.555787 595.861 92.9047
604.864 -1.22199 -2.38426 263.575 1.43729 2.18429 1535.17 0.320415 0.550373 0.734524 0.69436 390.14 0.178297 0.254647 1034.38 -92.9047
340.399 1.11152 1.03604 319.712 0.606382 -2.74266 658.53 0.769168 0.376797 0.759097 0.674166 471.853 -0.354681 0.147477 697.194 92.9047
355.369 0.817724 -2.26088 345.395 -1.21561 1.60416 1071.03 0.605247 0.733661 0.691162 0.893494 426.725 0.923494 0.680507 936.555 92.9047
391.999 -1.24707 -1.80734 387.023 -0.168553 1.89811 878.895 0.719687 0.602571 0.653092 0.608135 335.981 0.423699 0.136468 839.51 92.9047
323.898 0.529425 2.61571 302.99 -0.130408 -0.483528 682.13 0.634832 0.383943 0.745525 0.833552 408.01 -0.312329 0.102585 841.283 92.9047
267.914 -0.578845 1.25298 261.194 0.405894 -1.35428 581.977 0.77418 0.711785 0.720928 0.62842 237.027 3.07563 1.8252 515.401 92.9047
560.94 0.889853 1.8024 353.075 1.42693 -1.35456 952.854 0.728114 0.674978 0.77223 0.684302 24.3262 -2.70048 1.02263 866.371 92.9047
510.129 -0.241584 1.90287 474.705 0.815008 -1.1521 1156.08 0.47403 0.456853 0.630671 0.839847 396.295 2.27082 0.348823 957.05 92.9047
535.753 -0.291379 3.09961 436.409 -0.595532 -0.241567 990.651 0.368805 0.674715 0.767922 0.824996 163.576 1.19216 1.42687 940.704 92.9047
405.313 -0.388857 -0.55909 405.301 1.19386 2.40334 1087.35 0.686038 0.672738 0.799819 0.692829 352.44 3.04947 0.644094 921.887 92.9047
377.566 -0.749947 -0.366743 333.377 -0.945316 3.11656 721.946 0.201088 0.47457 0.78422 0.650023 197.011 0.789895 0.346234 751.946 92.9047
386.917 -0.709367 -0.46255 367.409 -0.368681 2.10992 750.251 0.290904 0.509794 0.822262 0.728734 151.006 -2.89007 1.27879 870.853 92.9047
392.383 0.313138 0.734036 366.274 0.463404 -2.65042 763.635 0.323096 0.745276 0.826486 0.804018 310.039 -1.26508 1.37803 738.688 92.9047
480.178 -0.562217 -0.193393 280.155 -0.225716 -2.6129 722.35 0.616489 0.205492 0.687937 0.823395 896.788 2.53711 0.647579 747.337 92.9047
349.775 -0.350871 1.57794 287.711 0.667657 -0.887125 706.421 0.269699 0.605862 0.72867 0.665739 837.16 -2.06949 0.75282 614.153 92.9047
532.901 1.41156 -2.54738 356.194 1.45283 -0.36327 791.666 0.784321 0.585665 0.824262 0.452046 641.065 1.14689 1.04939 873.679 92.9047
309.986 -1.03195 -2.99609 277.005 -0.755372 -0.378761 578.815 0.712311 0.516658 0.743144 0.812165 482.587 1.62039 1.66166 568.787 92.9047
336.516 -0.131845 -1.58083 315.111 0.24755 1.61464 699.296 0.275908 0.367453 0.560632 0.73991 326.753 1.61769 0.0570712 621.031 92.9047
545.83 0.0936403 -1.68714 298.564 -0.436839 2.78329 685.263 0.636549 0.624936 0.66358 0.716468 712.869 0.843154 0.759578 843.111 92.9047
262.871 -0.360881 -0.15861 256.719 1.03209 2.5292 647.604 0.791501 0.811918 0.794454 0.789015 166.549 -0.451004 0.295035 549.389 92.9047
626.718 1.43644 2.00889 374.669 -1.1618 -1.83801 1883.48 0.525644 0.80299 0.553946 0.780742 414.552 0.831649 1.18436 1147.34 92.9047
419.169 0.045562 1.65594 414.479 0.638646 -1.88825 868.317 0.417511 0.605443 0.55641 0.713895 116.67 0.839769 0.681812 859.13 92.9047
314.823 -0.82358 1.21334 281.13 0.391189 -1.67635 714.464 0.513157 0.807085 0.574233 0.819754 103.559 2.81148 1.60595 572.172 92.9047
681.976 -0.277591 1.18211 313.163 -0.856743 3.12244 825.375 0.328005 0.600818 0.696097 0.718662 295.784 -2.21287 0.437914 1098.66 92.9047
351.779 -0.133226 0.229683 268.635 0.664311 -2.89663 693.721 0.673468 0.12583 0.540108 0.832768 35.4729 2.24842 0.704892 622.817 92.9047
418.874 -0.786976 1.46745 315.585 0.432024 -1.8647 876.977 0.771802 0.700615 0.849559 0.780075 204.547 0.0150615 1.44356 746.539 92.9047
800.383 0.0587863 1.47648 266.268 1.56174 -1.74021 1213.86 0.737848 0.524926 0.821479 0.304338 573.612 -1.62172 0.055584 1060.1 92.9047
443.555 0.027936 1.92278 312.62 0.501313 -1.20138 800.031 0.634067 0.13491 0.690548 0.627429 125.749 -1.62191 0.21148 754.762 92.9047
403.133 -0.811501 -2.14961 260.946 -0.228056 1.33278 687.84 0.533112 0.746967 0.717389 0.844172 141.603 0.819108 0.05308 682.895 92.9047
338.078 1.29202 0.177738 302.682 0.260679 3.13813 737.011 0.441947 0.795022 0.858419 0.695694 238.614 -0.590098 0.734337 624.881 -92.9047
410.849 -0.477443 -1.54086 360.173 0.0442275 1.46313 804.244 0.29565 0.529322 0.810408 0.738849 31.7257 1.54975 0.0862466 1097.12 92.9047
505.418 0.151099 2.6604 343.741 -0.45753 -0.267467 881.358 0.672867 0.739573 0.803288 0.757587 512.821 -0.603701 0.136586 932.539 92.9047
1020.03 0.284788 -0.696458 347.145 0.563613 2.6256 1205.77 0.63652 0.660027 0.739425 0.818087 518.946 2.41652 0.208846 1456.07 92.9047
360.306 1.29733 0.535089 284.676 0.551968 2.94864 656.382 0.787702 0.331503 0.710975 0.728003 25.2494 -1.75438 0.117497 746.248 92.9047
467.113 -0.772618 -1.8495 272.597 1.31368 1.4926 1142.45 0.636338 0.57706 0.834477 0.693359 201.727 -0.290959 1.55708 840.192 92.9047
1239.13 0.041053 -2.01393 404.038 0.945723 0.385443 1503.39 0.355941 0.829146 0.650112 0.69212 1412.27 1.31856 0.0481607 1631.44 92.9047
341.976 -0.651659 0.301201 336.232 0.360581 -2.30327 752.153 0.603119 0.719276 0.72528 0.789637 197.491 1.73769 1.23444 731.862 92.9047
405.882 0.669115 -1.35633 370.315 0.733178 1.94346 786.974 0.350302 0.39604 0.859595 0.695035 249.834 0.457599 1.48753 744.123 92.9047
344.476 -0.613908 -0.7319 252.123 -0.0617743 1.53086 574.843 0.688614 0.645574 0.789636 0.808695 73.2062 2.69906 0.740794 750.68 92.9047
648.718 0.794431 1.85582 310.266 -0.232673 -1.94313 989.541 0.660775 0.74375 0.813775 0.563096 434.717 -0.516143 0.406452 1048.92 92.9047
516.775 0.783222 1.30389 347.163 0.529011 -1.66771 868.288 0.700061 0.776914 0.683309 0.762775 238.005 2.42766 0.864693 828.242 92.9047
386.951 0.434903 -0.41544 299.547 -0.751894 2.47002 832.95 0.726643 0.456015 0.895117 0.550307 230.779 -1.76881 1.36936 649.066 92.9047
327.301 0.297349 1.11819 275.215 0.728948 -1.13541 563.472 0.731108 0.257803 0.759267 0.640872 349.292 2.49728 0.947315 696.971 92.9047
316.721 0.478574 -0.691687 308.959 1.24859 -2.99174 650.513 0.887936 0.634923 0.803136 0.813951 251.369 0.0538457 0.741041 658.282 92.9047
420.615 -0.203318 2.67218 302.266 -0.242728 -0.396273 775.681 0.693677 0.375938 0.850685 0.391116 355.511 -0.548335 0.187368 716.349 92.9047
301.384 0.0833691 -1.856 289.131 -0.0870104 0.573504 570.822 0.789968 0.505785 0.749745 0.693468 553.538 -3.01557 0.0584366 601.691 92.9047
293.466 -0.630779 0.0640883 270.204 -0.529276 -2.57497 566.322 0.249227 0.742637 0.788717 0.748533 454.763 2.07321 1.62502 545.416 92.9047
351.591 -1.2697 1.85189 324.756 -0.407983 -1.32777 775.821 0.531385 0.601341 0.574807 0.719003 270.059 1.51226 0.176896 662.931 92.9047
496.113 -1.3011 1.62616 360.262 -0.486948 -2.33682 886.92 0.675998 0.636126 0.830129 0.725307 472.893 -0.432992 0.903027 847.758 92.9047
333.166 0.0909066 -2.17506 268.038 -0.317641 0.426189 595.828 0.378852 0.67839 0.789704 0.825363 443.495 1.56359 0.120441 602.218 92.9047
397.913 1.22172 2.15738 295.086 -0.193701 -1.08669 877.377 0.71169 0.738878 0.676824 0.774198 265.047 -2.3606 0.364408 792.788 92.9047
304.232 -1.38854 2.75517 266.431 -0.00404273 -0.731089 720.678 0.487125 0.522122 0.751143 0.76511 60.321 0.469352 0.199391 630.407 92.9047
331.979 -1.43237 -2.71097 288.469 -0.254369 -0.865607 645.266 0.264924 0.747186 0.633441 0.773477 626.194 1.42836 0.219473 671.239 92.9047
481.069 -0.0981708 1.44683 473.313 -0.179197 -1.86676 965.051 0.704725 0.617914 0.698297 0.475101 96.3462 -2.01242 0.129161 1176.6 92.9047
593.387 1.18707 -0.190471 355.558 0.254558 2.38167 1006.43 0.737997 0.728109 0.7993 0.848997 254.278 -2.69979 0.377931 965.442 92.9047
284.598 -1.48071 -1.35792 259.433 -1.46309 2.683 510.511 0.754684 0.769384 0.858261 0.82844 161.102 1.39114 0.421955 649.839 92.9047
276.775 -1.18507 1.93762 257.275 -0.479337 -1.31656 595.302 0.529809 0.274405 0.802505 0.414294 68.7704 -0.597042 0.320875 520.369 92.9047
362.52 -0.885623 2.36592 277.611 -0.711128 -2.84441 401.875 0.820941 0.163364 0.749533 0.7701 82.4685 2.74579 0.376087 861.909 92.9047
374.608 0.7944 1.81222 317.951 -1.48855 -1.03699 1192.69 0.839543 0.692004 0.73847 0.823936 247.527 -2.53391 1.50377 662.464 92.9047
503.354 -1.47369 0.462508 315.605 0.699316 -2.5168 1333.66 0.817038 0.286459 0.796646 0.630223 256.07 2.46441 1.27837 848.944 92.9047
402.127 0.112699 0.314064 335.256 -1.12306 -2.95606 889.709 0.73753 0.633623 0.839182 0.873964 626.78 -2.92701 0.0367334 894.224 -92.9047
406.645 -0.707781 1.936 303.171 -0.671641 -1.82073 686.041 0.779895 0.472249 0.819854 0.748019 94.3118 0.518433 0.710535 712.035 92.9047
689.828 0.512332 -2.04353 381.866 0.870364 1.46145 1051.21 0.80007 0.298975 0.716172 0.709723 468.468 0.284278 1.07273 1058.8 92.9047
487.048 -0.25518 -2.69589 397.676 -0.855635 0.786052 916.899 0.656309 0.730833 0.750063 0.793743 757.226 0.378567 0.406915 883.961 92.9047
415.141 -0.55696 1.8195 298.352 -0.359276 -0.557037 668.59 0.540842 0.762835 0.821896 0.74519 416.203 -2.53561 1.92719 681.095 92.9047
354.09 0.609948 -2.13948 325.48 -1.11074 2.31783 858.58 0.715159 0.588667 0.840589 0.73096 499.711 -0.639781 0.356575 811.159 92.9047
603.917 -0.190614 -0.325647 348.316 0.843059 2.15132 1011.75 0.784827 0.648379 0.775895 0.664793 99.5154 2.71553 0.578604 1136.84 92.9047
344.881 0.788992 1.68262 283.665 1.13314 -2.16958 614.872 0.477548 0.256948 0.795857 0.819013 27.3009 1.8699 0.114166 774.309 92.9047
750.655 -0.0698022 1.34811 487.656 0.23854 -2.57392 1151.87 0.799898 0.638311 0.605325 0.724497 656.642 -0.137614 1.48137 1308.09 92.9047
706.702 0.330626 0.0548474 418.183 0.602265 -2.6641 1086.05 0.762158 0.599844 0.753983 0.783274 275.49 2.24396 0.52642 1135.03 92.9047
350.03 0.173685 -2.85041 316.159 -0.748831 0.774879 731.602 0.380471 0.771675 0.540561 0.693808 180.571 -0.601446 0.872058 767.918 92.9047
446.449 -1.18898 -3.12591 364.885 -0.531196 -0.408625 869.918 0.449677 0.614851 0.705028 0.583989 333.071 1.96916 1.16261 784.148 92.9047
601.451 -0.271877 -2.83718 310.483 0.79646 1.06077 960.515 0.686176 0.275533 0.841531 0.805012 557.094 -0.701275 1.38514 886.261 92.9047
399.624 0.480775 -2.88363 278.799 -0.327745 0.000325946 759.414 0.618335 0.211488 0.761451 0.800303 293.911 2.95856 0.45775 705.813 92.9047
398.047 -0.802809 0.957864 262.105 0.039147 -1.35488 665.288 0.833053 0.662338 0.747988 0.810426 327.401 -2.62635 0.363946 702.074 92.9047
334.549 0.459942 -2.9418 325.846 -0.180729 2.22347 423.457 0.724876 0.577534 0.690563 0.66514 209.659 3.08531 0.252856 932.801 92.9047
413.164 0.813722 -3.0152 358.534 0.441197 1.35624 686.299 0.562117 0.647726 0.760919 0.739097 536.64 -0.433421 8.9854e-05 534.81 92.9047
383.868 -1.15104 1.46141 378.102 -1.22007 -1.92602 772.259 0.50583 0.500512 0.595092 0.821456 210.905 -0.399647 1.51966 729.01 92.9047
341.351 -1.14089 2.94935 330.03 -0.508927 -0.340692 735.737 0.734747 0.298472 0.806201 0.836467 245.186 -2.09874 1.24911 913.602 92.9047
328.205 0.462617 1.53985 295.978 0.48145 -2.90461 505.97 0.780987 0.699868 0.830431 0.805549 971.902 0.0429392 0.461617 856.448 92.9047
462.095 -0.809978 -0.81792 331.141 -1.1089 2.31468 809.534 0.679294 0.543541 0.778216 0.524368 110.181 0.261741 1.07392 808.728 92.9047
486.04 0.911333 -1.32062 287.629 1.08199 2.75161 683.591 0.645433 0.668702 0.798354 0.789517 360.116 0.185582 0.590683 792.638 92.9047
511.05 -0.138272 1.25783 265.67 -0.101262 -1.33207 720.912 0.755496 0.606814 0.785292 0.719848 109.946 -2.80539 0.400503 849.702 92.9047
589.259 1.02006 0.327257 375.838 1.31237 -2.87533 965.109 0.739463 0.740825 0.823253 0.816491 411.707 -2.41622 0.46543 1005.4 92.9047
433.53 1.69008 -1.12962 339.579 0.657438 1.30127 855.381 0.636483 0.594882 0.791498 0.472536 262.179 -2.067 0.925135 877.137 92.9047
361.57 -0.100861 2.77616 329.391 0.825274 -0.134237 797.895 0.182267 0.528586 0.54462 0.67459 256.776 -0.759199 0.199485 678.427 92.9047
391.491 0.911579 1.73236 351.492 -0.0371394 -0.916316 823.677 0.737296 0.709394 0.718815 0.704869 296.984 -2.57939 1.69146 701.313 92.9047
301.725 0.804829 0.104979 290.324 0.487663 -3.13063 608.281 0.671948 0.743966 0.839117 0.716565 272.685 -1.67915 1.45352 676.19 92.9047
318.271 0.21537 -2.79602 288.238 -1.47388 0.885826 833.293 0.598644 0.664151 0.780945 0.775696 319.687 -1.17712 1.54496 560.587 92.9047
383.73 1.01492 -2.91156 279.778 0.190608 0.750844 708.583 0.780908 0.646099 0.780923 0.864942 209.215 0.159976 0.56707 877.012 92.9047
378.131 0.280485 -2.15436 277.973 -0.0943507 0.992106 715.219 0.528238 0.491537 0.386857 0.753009 146.385 -1.21743 0.127294 742.423 92.9047
414.668 -1.15878 1.06193 380.616 0.270013 -1.9079 1014.81 0.634413 0.33088 0.700352 0.545671 191.372 2.92953 1.44427 804.931 92.9047
358.976 0.183193 0.330819 308.458 0.175401 -2.0429 624.341 0.609609 0.782983 0.586777 0.738017 394.777 2.28544 0.128919 706.291 92.9047
610.386 -0.0568837 0.949363 458.686 0.372307 -2.36935 1093.98 0.725681 0.370046 0.843124 0.501564 225.308 0.454918 0.49564 1129.38 92.9047
485.546 1.22779 3.08437 322.858 -1.03439 -1.15914 1301.57 0.761802 0.747527 0.826005 0.774719 555.332 0.733503 1.27052 830.489 92.9047
311.462 -0.103215 2.22657 274.457 1.42539 0.283398 703.737 0.309536 0.718087 0.87267 0.617136 540.313 -1.54585 1.09329 588.77 92.9047
343.856 0.999035 -2.89184 266.811 0.532126 0.780663 616.221 0.404279 0.605727 0.826997 0.685409 354.668 -0.965509 1.74933 562.143 92.9047
391.689 -0.819761 -0.920853 348.935 0.432544 1.99389 896.129 0.616678 0.542209 0.676056 0.606511 121.291 -2.85994 1.41857 709.395 92.9047
368.403 1.80037 0.840377 253.882 -0.210448 -3.12619 924.172 0.561673 0.769994 0.709718 0.754773 291.755 -1.20148 0.0591066 824.922 92.9047
393.397 1.0714 0.849948 301.667 -0.698894 -3.05297 952.966 0.372772 0.621104 0.532018 0.411812 583.876 -0.915523 1.64126 783.462 92.9047
417.013 0.295894 -2.7438 354.137 -0.905176 1.24437 864.237 0.46105 0.777574 0.735385 0.654742 493.618 -1.47967 0.434202 774.231 92.9047
320.865 0.647822 2.73254 284.527 -0.00119375 0.165783 661.913 0.425359 0.172605 0.60958 0.569344 155.79 -0.628722 0.336663 680.647 92.9047
301.28 -0.335808 0.233833 266.842 0.212425 -2.52206 594.236 0.677396 0.731233 0.792853 0.766301 206.58 1.83625 1.60278 512.99 92.9047
337.627 -1.97283 0.713453 323.119 -0.594939 -2.93142 814.701 0.762345 0.312927 0.753317 0.607396 80.7438 -1.88045 1.05272 769.599 -92.9047
380.966 0.22309 1.51877 365.661 -0.391395 -1.96338 786.771 0.494104 0.800839 0.497967 0.777602 71.9546 2.46337 0.944195 833.377 92.9047
423.908 -0.381078 0.828683 344.869 0.484621 -2.5304 863.181 0.764373 0.510321 0.794475 0.736184 113.332 0.152179 0.657842 746.036 92.9047
496.43 -0.46991 -2.13621 395.424 -0.0521364 0.548108 901.37 0.495299 0.431651 0.698526 0.577547 539.618 -3.10843 0.924261 877.314 92.9047
336.36 0.339217 1.19554 316.775 -0.749395 -2.13154 759.256 0.781604 0.633116 0.674016 0.771823 329.405 -1.96063 0.18706 659.161 92.9047
362.397 -0.0358566 2.84605 265.494 1.17935 -1.24858 711.521 0.614705 0.397919 0.54697 0.713809 374.39 0.327989 0.0247478 841.464 92.9047
390.729 -1.0342 2.71314 268.136 -0.157786 1.57789 473.42 0.804249 0.575891 0.75977 0.666083 164.136 -2.51222 0.761872 843.393 92.9047
795.928 0.90889 -1.36874 263.382 -0.19094 2.14345 1096.07 0.229121 0.308277 0.782536 0.791656 447.321 1.31374 0.0088439 1067.7 92.9047
405.776 -0.666685 -0.284004 350.777 -0.227724 2.31876 773.165 0.543076 0.521558 0.779969 0.768235 379.582 -2.11372 1.79015 718.046 92.9047
343.889 -1.4576 0.132849 281.719 0.107349 1.82855 731.565 0.73809 0.802508 0.802088 0.811945 290.914 -2.36756 0.356216 708.442 92.9047
454.088 -0.283393 -0.671534 377.422 -0.316575 2.52316 838.657 0.743362 0.732805 0.745314 0.844415 304.842 -0.632561 0.0393448 1034.35 92.9047
419.015 -1.60084 1.39054 342.637 -1.27543 -1.8273 795.89 0.751274 0.72282 0.787588 0.744982 80.2364 -0.602374 1.21273 689.667 92.9047
365.031 0.988929 1.03568 302.716 0.254349 -0.725737 579.415 0.739721 0.57201 0.864514 0.823198 307.342 -2.33072 1.26394 762.377 92.9047
406.934 -0.0251619 -2.66404 388.269 -0.0488219 0.33189 809.264 0.692816 0.489549 0.703891 0.7982 272.926 0.87736 0.54023 743.722 92.9047
359.207 0.695698 0.0510932 322.064 0.500176 -1.88421 583.842 0.720683 0.66594 0.761449 0.806654 726.423 -2.96301 1.08422 728.282 92.9047
432.354 2.05316 0.648582 283.97 0.540239 -1.68363 902.102 0.804584 0.272667 0.838105 0.583468 469.435 2.59726 1.73267 694.873 92.9047
846.503 -0.61568 1.04008 353.378 0.306471 -1.39821 1179.69 0.747839 0.508817 0.761528 0.648889 419.99 2.82074 0.558339 528.054 92.9047
569.966 -1.63176 0.516252 397.862 -1.32003 2.4904 827.483 0.738476 0.638758 0.764413 0.819735 273.169 -2.12307 0.0422103 1168.7 92.9047
503.349 -0.0275592 -2.07063 431.9 -0.114592 1.24564 940.283 0.580075 0.751455 0.760136 0.763414 137.56 0.317462 0.677793 935.101 92.9047
398.267 -0.59825 2.07504 296.304 1.62954 -0.497734 1151.12 0.805443 0.67975 0.750475 0.800334 223.499 -2.18891 0.00992084 683.88 92.9047
456.027 -0.0255614 -1.03228 258.253 1.11286 1.85312 811.911 0.643585 0.294866 0.767211 0.748834 80.0011 -2.5697 1.53651 728.112 92.9047
397.824 -0.806153 2.75199 333.823 0.0674265 -0.694002 799.51 0.543921 0.413162 0.69991 0.748249 331.254 1.19411 1.56073 718.705 92.9047
413.396 0.850432 2.4118 297.055 0.49444 -0.954417 724.544 0.582204 0.716558 0.784075 0.770016 183.929 0.990254 1.41475 656.357 92.9047
314.791 -0.781667 0.892537 309.07 -1.15768 2.94666 570.333 0.63933 0.634416 0.657125 0.643852 581.278 -0.887822 1.31314 613.084 92.9047
455.384 0.864116 0.00908445 390.285 -1.10255 2.57583 1281.53 0.646017 0.263229 0.854847 0.37725 219.939 -0.643917 0.659644 957.196 92.9047
534.339 0.469136 0.0970573 287.738 0.104053 -2.8828 810.163 0.67332 0.726213 0.789119 0.658251 502.183 2.96085 0.443673 820.814 92.9047
272.749 -0.657129 -1.69215 262.049 0.597893 1.22791 646.749 0.674659 0.49361 0.760392 0.688219 138.223 3.08691 1.51125 521.728 92.9047
318.895 -0.747454 -1.38972 310.833 -1.92017 1.12517 729.977 0.503415 0.76486 0.814987 0.803966 559.838 3.02031 1.87989 638.765 92.9047
359.969 -0.350939 -3.02362 320.213 -0.846281 0.579122 713.106 0.683853 0.671116 0.697499 0.42769 368.058 -0.848542 1.37487 650.783 92.9047
384.902 -1.19432 -0.307285 293.966 0.371572 -2.42248 846.291 0.737317 0.329203 0.796774 0.574577 70.5729 3.06411 0.563376 864.752 92.9047
473.474 -0.404938 -2.1889 333.797 -1.14513 0.784378 857.817 0.760503 0.5966 0.827378 0.638564 155.417 0.58035 0.16969 807.726 92.9047
566.243 0.74105 1.1179 452.952 0.00530294 -1.77836 1081.4 0.621727 0.729476 0.681239 0.681592 264.591 2.341 0.867267 1023.03 92.9047
299.328 0.597074 -2.87343 298.706 0.67818 1.35042 569.298 0.320948 0.723626 0.768122 0.78618 364.869 -0.397316 0.263248 664.981 92.9047
361.46 0.222185 -2.9484 316.955 -0.138425 0.431234 690.79 0.619368 0.492011 0.850306 0.77507 252.128 -1.51784 1.43805 659.582 92.9047
443.588 -0.261541 0.794176 303.518 0.61895 -1.38715 741.25 0.691633 0.697106 0.728328 0.770693 412.665 -3.13291 0.384712 839.674 92.9047
443.335 1.15515 1.12687 274.179 -0.758173 -0.45887 931.136 0.697446 0.685132 0.747971 0.745505 356.231 -2.72496 0.0703659 822.265 92.9047
440.033 0.392554 2.06797 292.42 1.1882 -1.88657 737.53 0.785298 0.655305 0.791544 0.861687 298.926 -0.581319 0.303758 722.223 92.9047
425.179 0.39586 -2.81367 404.904 -0.14347 -0.285 830.855 0.51038 0.747433 0.728164 0.819422 205.136 1.35413 0.464044 867.975 92.9047
329.69 -0.311319 2.97177 257.158 -0.500743 1.30383 454.888 0.794184 0.589141 0.802415 0.703554 25.5346 0.00307175 1.08771 708.569 92.9047
543.663 0.678448 -3.1413 314.43 0.142793 -0.655228 827.287 0.61887 0.639918 0.675385 0.608868 212.429 1.54421 0.417654 1035.18 92.9047
401.839 0.937501 2.59911 303.568 0.767197 -0.256977 708.712 0.767012 0.61053 0.805286 0.720969 343.637 -2.19751 0.118435 944.487 92.9047
701.789 0.711624 2.51512 429.983 -0.242601 -0.0958247 1198.86 0.555994 0.375172 0.715824 0.666499 602.89 -1.14158 0.0387418 1225.4 92.9047
345.307 0.119779 -3.13552 263.598 -0.573337 -0.724717 625.064 0.530759 0.406205 0.803787 0.514208 260.564 0.838035 0.593035 758.67 92.9047
358.81 -0.366922 0.328678 289.803 0.87939 2.75158 751.284 0.526879 0.576949 0.642737 0.861937 412.658 -1.03562 0.0420582 733.918 92.9047
629.228 0.0451772 2.13757 513.941 -1.10509 -0.912707 1344.37 0.656084 0.756309 0.895886 0.657837 82.4942 -3.14141 0.986911 1125.42 92.9047
378.263 -0.869068 1.16177 289.274 -0.732618 -1.46731 649.432 0.727575 0.606988 0.669959 0.731721 750.198 -2.10901 0.63886 729.488 92.9047
383.766 -0.00421407 2.8869 288.62 -0.749174 0.152028 707.456 0.743598 0.659248 0.779163 0.810902 278.557 0.246106 0.0961685 825.21 92.9047
262.462 0.133785 -2.71248 261.658 -0.427745 -0.790006 468.078 0.520989 0.612313 0.752752 0.842526 120.304 -0.552911 0.013597 671.625 92.9047
569.233 -0.0337487 2.06586 300.213 -0.99609 -0.736214 924.823 0.456918 0.705613 0.623843 0.750731 379.791 -2.77827 1.45034 863.407 92.9047
391.064 0.72165 -1.10411 380.824 1.37685 1.53783 801.974 0.686571 0.699425 0.835004 0.799152 103.365 -2.93483 0.0289178 897.058 92.9047
356.077 -1.02019 1.72469 293.89 -0.817268 -2.19375 621.03 0.471537 0.508475 0.696937 0.755046 514.582 0.0500485 1.65068 622.981 92.9047
424.554 0.018463 -0.677741 346.949 -0.833042 2.73887 872.587 0.547908 0.365142 0.80136 0.644939 119.092 0.938352 1.57551 761.773 92.9047
348.944 0.108988 0.541277 313.239 -0.0241224 3.1174 655.092 0.765383 0.727164 0.752647 0.808793 268.241 -1.2247 0.21245 746.873 92.9047
332.939 0.388067 1.86745 257.84 -0.962636 -0.708807 712.26 0.28193 0.702701 0.764469 0.832962 377.594 -2.5637 1.8502 573.841 92.9047
710.473 0.886886 3.0128 394.057 -0.327378 -0.445005 1261.33 0.766797 0.282585 0.745722 0.697765 228.98 0.968396 0.829198 1190.86 92.9047
424.381 0.206709 1.01743 383.69 -0.191261 -2.98427 761.959 0.747655 0.78539 0.833742 0.74136 232.418 0.734299 0.278447 951.199 92.9047
386.688 -0.883748 -2.65494 258.036 0.0656122 0.516378 723.417 0.77031 0.660665 0.820358 0.672147 81.5488 0.991782 0.401778 612.604 92.9047
453.46 -0.179038 -2.84271 420.661 -0.153232 -0.66443 794.686 0.344183 0.158221 0.727896 0.642242 670.273 1.13986 1.40011 878.878 92.9047
571.648 -1.16276 -2.30669 385.669 -1.72044 0.9619 1000.99 0.743225 0.367331 0.80503 0.659805 419.515 0.607986 0.238359 956.082 92.9047
527.287 -0.808483 -1.78029 356.628 0.187457 0.41897 914.097 0.476447 0.543775 0.769384 0.764679 601.598 2.06437 0.796589 864.776 92.9047
298.055 1.10891 -0.954826 273.134 -0.791089 2.40143 861.944 0.35569 0.4919 0.710981 0.71821 283.015 1.20703 1.18909 580.644 92.9047
628.944 0.532777 2.7974 258.554 -0.310321 -0.667195 877.623 0.552646 0.34675 0.864523 0.632876 542.056 0.84622 1.50466 960.17 92.9047
431.818 1.29812 -1.23285 385.581 -1.41516 2.10161 1695.02 0.703165 0.69859 0.812106 0.831735 213.898 1.33666 0.440115 852.781 92.9047
467.618 1.02659 0.671053 255.958 -0.730843 -1.51387 931.87 0.605103 0.603408 0.679694 0.680345 599.576 2.2925 0.911872 718.383 92.9047
372.661 -0.992824 -2.09599 273.512 0.54723 1.15333 851.741 0.301871 0.764202 0.718808 0.742603 79.2203 0.580761 0.562831 695.702 92.9047
448.927 0.109456 2.20304 381.774 -0.780308 -1.29861 916.928 0.600705 0.737358 0.501129 0.861969 212.764 -0.585158 0.626181 994.633 92.9047
484.572 -0.178249 1.8131 373.382 0.336926 -1.3682 901.521 0.755806 0.712884 0.550671 0.770933 74.3862 -2.3697 0.990785 882.213 92.9047
993.476 0.115158 2.52287 421.447 0.223315 -0.631529 1375.96 0.86188 0.501145 0.843671 0.597907 628.327 -0.46208 0.0843995 1423.7 92.9047
521.074 0.617923 -1.19199 440.536 -1.06167 2.8043 1263.76 0.666227 0.781111 0.798265 0.76431 844.143 0.62803 0.625378 965.862 92.9047
318.973 -0.953227 -1.97526 287.082 1.50495 0.978315 1132.91 0.80756 0.514762 0.725344 0.28456 246.111 1.50997 0.454382 581.869 92.9047
394.81 -1.54211 -2.38406 302.894 -0.208633 0.772171 873.097 0.664259 0.527061 0.546614 0.830331 383.729 -0.0292165 0.753982 708.733 92.9047
716.244 -1.32979 2.14538 470.336 -0.128532 -0.653343 1369.44 0.621083 0.756446 0.755952 0.663317 358.648 -2.48034 1.65576 1161.7 92.9047
436.273 0.463875 2.13773 404.47 -0.467113 -1.03315 945.15 0.52165 0.63591 0.613538 0.661854 624.369 2.16306 0.0416954 873.401 92.9047
462.16 -0.380087 -0.0567353 365.851 -1.16261 1.98495 784.78 0.777444 0.730833 0.794655 0.703408 85.7891 -0.666136 0.610584 1079.96 92.9047
328.734 1.44874 1.14028 289.331 -1.2339 -2.09398 1269.9 0.687742 0.783537 0.809402 0.800237 63.3404 -0.261982 1.41109 562.47 92.9047
375.502 -0.854306 -0.443139 269.35 0.237308 -2.85714 712.994 0.733428 0.766886 0.792387 0.704172 392.192 1.47636 1.93888 594.962 92.9047
295.115 0.168971 -0.0111974 279.232 -0.203069 2.53335 579.267 0.673032 0.30357 0.681373 0.731751 470.15 -0.0131326 0.022777 729.22 92.9047
446.438 -0.485428 1.66765 330.157 0.35911 -1.90108 839.555 0.801563 0.700617 0.736844 0.742898 245.442 -1.81756 0.0584203 857.514 92.9047
685.64 -1.32509 -2.80025 323.287 -0.291625 0.448227 1102.99 0.748112 0.447486 0.711927 0.342151 150.62 -0.584987 0.491711 1042.04 92.9047
396.456 1.01598 0.752095 328.469 0.0768865 -1.81554 787.484 0.80211 0.473084 0.738966 0.508056 9.5938 2.62589 0.170209 868.925 92.9047
383.29 0.252548 0.456815 258.684 1.6961 -1.33974 715.736 0.467715 0.806563 0.708886 0.687542 662.647 3.08151 0.172452 649.915 92.9047
370.243 1.26098 3.07434 279.631 0.160101 0.664795 720.49 0.787532 0.716879 0.785985 0.788777 395.617 0.167072 0.512837 689.692 92.9047
385.586 0.397191 1.70566 270.261 -0.275453 -1.33213 694.709 0.748447 0.363498 0.841379 0.755928 117.751 -2.26659 0.917652 668.426 92.9047
818.234 0.734079 2.04079 425.315 0.777782 -1.34732 1182.61 0.402018 0.613535 0.795524 0.883655 397.606 -0.416074 0.163955 1236.75 92.9047
469.938 0.615598 -1.10608 260.255 -0.343397 1.74971 786.138 0.510624 0.644694 0.746068 0.789749 258.605 -2.89589 0.198508 863.437 92.9047
420.913 -0.554044 1.706 301.546 -0.841347 -1.81447 737.537 0.403595 0.740595 0.752076 0.71092 259.686 0.24331 0.634033 698.298 92.9047
395.745 0.273667 0.600119 285.522 0.866903 -2.5772 730.458 0.544209 0.161841 0.603506 0.759711 114.206 -0.99386 1.10651 704.136 92.9047
452.374 0.683885 -2.05554 437.647 0.159295 0.888969 927.12 0.554562 0.528569 0.453284 0.758487 578.344 0.366293 0.530022 945.907 92.9047
358.324 -0.408502 0.901696 269.367 1.02466 3.06935 746.358 0.554006 0.797371 0.803624 0.753925 196.792 -1.4763 0.110778 700.994 92.9047
546.098 -0.156123 -2.6529 419.902 -0.20143 1.06095 966.554 0.358119 0.821503 0.603495 0.716235 699.38 -1.38267 0.43474 960.86 92.9047
456.684 0.153646 -0.876218 303.402 -0.304087 2.16167 792.689 0.625228 0.497669 0.716047 0.626891 310.37 2.17708 0.0481915 758.261 92.9047
311.767 -1.29437 1.77171 304.75 0.158682 -0.612731 779.19 0.538189 0.488865 0.739731 0.457503 459.219 -2.35843 1.57892 611.823 92.9047
462.55 0.32894 0.983766 272.921 -0.179739 -0.847504 614.163 0.702514 0.453005 0.819456 0.603627 231.606 -2.12638 0.763309 823.893 92.9047
492.051 -0.715886 0.869029 277.552 0.167263 -1.65552 790.15 0.771636 0.665308 0.73027 0.495736 302.697 2.73903 0.43501 787.381 92.9047
467.18 -0.028422 2.1308 339.745 -0.30592 -0.819444 822.188 0.428536 0.749045 0.757599 0.816134 124.788 -2.44159 0.0687556 794.205 92.9047
431.738 1.54006 0.637438 260.804 -1.08759 -2.6243 1346.41 0.710682 0.560491 0.764049 0.769207 207.92 -1.82234 0.481918 792.59 92.9047
362.67 -0.0945378 0.505212 274.943 -1.72308 -2.79528 866.586 0.398487 0.508373 0.623372 0.777156 125.544 -1.94666 0.474192 652.57 92.9047
497.522 0.515197 0.481706 401.396 -0.159246 -3.08627 945.959 0.561308 0.405486 0.702997 0.574346 234.447 -1.95128 0.289366 895.913 92.9047
536.432 -0.38996 -3.0897 315.056 -0.473277 0.0701598 870.569 0.320002 0.233848 0.701807 0.742293 103.829 -0.792559 0.41609 849.12 92.9047
394.372 0.658981 -2.57399 388.552 0.129835 0.904367 813.277 0.330199 0.629815 0.534406 0.66246 554.928 -1.37072 1.16685 773.747 92.9047
523.675 -1.16107 1.5181 507.671 0.114362 -1.73017 1259.21 0.558829 0.784576 0.662747 0.832227 161.887 -1.46957 0.257918 1022.86 92.9047
335.586 1.44359 -1.06937 275.903 0.103532 1.36795 748.291 0.208185 0.680658 0.797429 0.803892 270.184 2.64557 0.388524 645.037 92.9047
308.947 0.540807 1.09562 304.361 -0.115267 -2.11076 660.347 0.570028 0.364028 0.618612 0.804594 432.146 2.63476 0.553639 812.695 92.9047
329.215 0.212982 0.189771 256.105 0.798896 -2.76708 615.077 0.562841 0.812907 0.617303 0.715912 445.101 -1.73581 1.02596 735.507 92.9047
341.154 0.480112 0.791066 255.966 -0.264072 -1.43758 589.515 0.763759 0.4562 0.841312 0.717262 457.031 2.91703 0.582895 617.368 92.9047
363.993 -0.0344351 2.19881 280.222 -0.432369 -0.445651 644.718 0.322557 0.769253 0.755836 0.840038 226.297 -2.67858 0.946008 641.61 92.9047
453.325 -0.0206434 1.17325 414.766 0.156032 -2.73852 820.179 0.39277 0.671164 0.529629 0.718675 665.6 -1.56475 1.16372 948.011 92.9047
413.352 -0.765831 1.85223 322.56 -0.245168 -1.30819 769.524 0.780995 0.736555 0.881165 0.715852 364.719 2.15605 0.308801 731.07 92.9047
433.149 0.864054 0.940829 354.701 0.264245 -2.30925 829.413 0.771878 0.761337 0.714312 0.523843 94.3362 -0.459119 1.40489 746.845 92.9047
292.396 0.282594 2.36074 262.41 1.22643 -0.738829 636.149 0.687328 0.792249 0.537521 0.713731 408.815 -2.34995 1.57138 726.412 92.9047
323.714 -1.30006 -2.69002 303.931 -1.32477 0.167516 649.911 0.664403 0.519298 0.7281 0.485817 261.916 2.54889 1.039 598.428 92.9047
608.608 1.1997 -0.190911 294.826 0.483198 2.27001 873.268 0.361683 0.650611 0.613279 0.810947 488.716 -2.8617 0.347754 1111.39 92.9047
325.478 -0.283439 -1.50437 256.346 -0.994468 2.05142 609.855 0.603547 0.716983 0.803603 0.706665 369.698 0.71154 1.33667 653.439 92.9047
411.576 1.53166 -1.42747 328.449 -0.983039 1.69862 1403.68 0.482057 0.638822 0.717838 0.834341 338.128 1.44695 0.250245 815.15 92.9047
508.157 -1.9117 0.981686 296.538 0.012543 -2.6767 1165.46 0.846397 0.622624 0.813723 0.719894 327.476 -1.89849 0.779767 854.489 92.9047
345.684 -0.556014 -2.19193 302.68 0.62812 1.37959 762.959 0.694908 0.608765 0.798263 0.446785 239.839 -0.278002 1.60414 636.831 92.9047
487.289 1.12553 -2.85949 410.792 0.771601 -0.820006 792.169 0.718048 0.823167 0.825171 0.771716 549.212 1.11447 0.0344083 986.651 92.9047
369.036 -0.923188 -1.45676 253.259 -0.44933 0.597679 565.309 0.84147 0.772851 0.790797 0.743303 699.574 2.44785 0.14374 598.186 92.9047
312.905 -1.24548 -2.60299 288.918 0.93288 1.32618 973.338 0.772533 0.735337 0.741889 0.735418 301.506 -1.20485 1.10756 710.731 92.9047
386.368 -1.12459 -1.60203 367.662 -0.342767 -0.142673 602.148 0.664805 0.744259 0.694789 0.660412 599.105 2.8917 1.54355 798.745 92.9047
345.621 0.593354 2.93564 259.479 1.29738 0.0905093 643.145 0.76535 0.653373 0.777537 0.757558 159.206 -1.71542 1.50529 612.376 92.9047
419.862 -0.640229 2.1664 337.529 0.120975 -2.06742 737.658 0.467754 0.506014 0.684982 0.65562 567.789 -0.220993 0.245027 820.935 92.9047
369.562 0.16298 -2.92663 336.275 1.89226 -0.134095 999.202 0.707861 0.312772 0.53159 0.58956 397.554 2.36041 0.991687 701.704 92.9047
470.215 0.0391891 -1.45643 354.806 0.494368 2.58162 773.765 0.818318 0.787529 0.841963 0.804171 698.279 1.20294 1.28047 857.94 92.9047
515.401 0.65994 -0.843965 326.426 -0.213151 2.66268 928.618 0.764879 0.240054 0.798724 0.7073 252.49 1.58353 0.47479 863.519 92.9047
301.586 -0.155739 -2.07995 274.18 0.0625591 0.591434 573.616 0.75078 0.727204 0.797344 0.647854 96.75 0.46188 0.131702 814.013 92.9047
396.838 0.975789 2.56767 292.085 0.348742 0.0698294 693.559 0.466317 0.535795 0.807145 0.716634 390.129 -1.75098 0.601719 705.14 92.9047
444.736 -1.53979 -1.14015 394.487 0.279422 1.66455 1212.93 0.629415 0.759825 0.749874 0.823087 276.725 -2.85599 1.7221 795.697 92.9047
624.218 0.365643 -1.2132 429.264 0.339206 1.72805 1082.96 0.467792 0.12523 0.711347 0.615284 951.26 1.96298 0.0167383 1245.65 92.9047
614.84 0.94606 3.04012 341.371 -0.549673 -0.490066 1211.19 0.764219 0.240274 0.852139 0.809936 254.424 0.454834 0.260762 1036.29 92.9047
328.057 -0.332741 -2.99941 270.648 0.338936 0.953032 635.924 0.232271 0.62 0.740952 0.644143 626.585 -0.890178 1.85343 570.258 92.9047
718.934 1.07621 0.653706 469.513 0.652594 -3.04914 1152.62 0.714795 0.784625 0.812145 0.775579 303.556 -0.124348 0.777766 1291.13 92.9047
738.373 0.340438 0.398087 457.783 -1.37906 -2.60677 1658.05 0.713783 0.240185 0.735536 0.760292 552.551 -2.57621 0.163348 1173.25 92.9047
393.78 -0.860503 -1.02914 327.302 -1.07612 2.09303 773.088 0.379332 0.68761 0.598099 0.732346 202.425 2.57789 0.417594 721.875 92.9047
630.144 -0.477363 -0.812496 300.274 -0.816351 2.83621 874.07 0.592206 0.779041 0.670479 0.643209 591.613 1.72255 0.17821 935.146 92.9047
270.405 -0.0393342 1.42261 252.025 1.90242 -1.49123 801.465 0.714426 0.611556 0.82098 0.818673 204.022 2.57626 0.562337 592.059 92.9047
367.742 0.120662 -2.41919 284.117 -0.420417 1.30137 665.677 0.535264 0.521808 0.622485 0.596903 208.199 0.785462 0.521649 892.877 92.9047
397.572 0.263389 0.607494 373.714 0.0418989 -2.66504 791.059 0.611085 0.441261 0.787799 0.801532 301.613 -1.55638 0.438547 874.052 92.9047
326.781 0.30573 3.04867 308.738 0.712108 -0.536008 648.158 0.452849 0.629809 0.791667 0.839633 72.2552 -1.81672 1.28516 880.176 92.9047
366.684 -0.856583 0.594822 277.907 -0.5685 -1.78395 618.661 0.675151 0.504407 0.695752 0.680731 417.341 2.8722 1.38998 695.07 92.9047
608.785 0.921023 1.10515 447.186 -0.942585 -1.56149 1517.5 0.74503 0.754943 0.794707 0.660449 315.619 2.7232 1.6154 1024.49 92.9047
832.381 0.0711013 2.04037 284.32 -1.00968 -1.34559 1138.14 0.31828 0.76787 0.591635 0.813515 564.5 -0.951382 0.384457 1160.63 92.9047
489.638 -0.542339 2.35727 256.905 -0.0994578 -1.33697 742.817 0.690439 0.332998 0.794894 0.663668 116.782 -1.77856 0.305334 869.059 92.9047
582.924 1.24475 1.37335 279.943 0.868816 -2.1561 823.473 0.757037 0.652866 0.777009 0.669412 169.439 2.58934 1.21815 991.768 92.9047
366.285 1.16767 1.33769 264.074 0.665911 -2.38481 625.949 0.83102 0.81955 0.88341 0.706359 126.06 -1.45526 0.933717 661.545 92.9047
521.338 -0.329608 0.271022 286.53 -1.09485 -2.92953 872.931 0.292504 0.592945 0.673893 0.805518 137.808 -1.42168 1.51326 823.994 92.9047
362.986 -1.06235 0.578025 291.555 0.0227933 -2.90295 756.788 0.405993 0.810988 0.779921 0.773717 262.838 3.0185 0.368713 687.319 92.9047
328.652 1.19251 -2.41479 276.539 -0.0608818 1.46191 721.829 0.71811 0.366749 0.778605 0.584312 301.735 0.52406 0.354771 759.654 92.9047
373.067 0.00854089 1.49148 353.832 -0.110133 -1.70626 740.954 0.545223 0.542458 0.810006 0.82328 413.831 0.311618 0.0698707 874.401 92.9047
287.611 0.26463 -2.28446 261.961 0.269422 0.307617 541.619 0.643762 0.770534 0.686362 0.837541 413.679 -1.52544 0.766342 658.391 92.9047
551.177 -0.123975 1.34108 422.949 -0.345469 -1.36275 958.463 0.40983 0.426852 0.709593 0.362436 248.284 -2.55724 0.211163 1062.8 92.9047
324.765 0.310012 -1.24156 308.839 0.448099 2.52771 637.725 0.590857 0.463524 0.571193 0.586574 497.505 0.0256629 0.257846 688.065 92.9047
445.939 0.740885 2.07034 324.186 -1.19445 -1.83253 1118.04 0.126367 0.26794 0.671202 0.743623 641.443 -0.740623 1.07173 762.982 92.9047
485.833 -0.927005 0.642396 423.362 0.298449 -1.7538 1034.76 0.671852 0.680146 0.819637 0.904591 327.651 -3.09333 0.303667 1020.91 92.9047
269.046 0.527573 -2.41446 255.081 -1.28197 0.218925 746.733 0.591253 0.846788 0.699269 0.791287 569.984 2.76837 1.1047 611.485 92.9047
474.045 -0.104735 -0.062462 299.649 0.270876 -2.06329 665.391 0.315602 0.425601 0.752895 0.729437 324.824 2.37141 0.677198 967.215 92.9047
447.061 0.476065 -2.90833 294.26 -0.297382 -0.443178 754.572 0.308195 0.329467 0.577392 0.730863 454.948 0.964667 0.780612 742.923 92.9047
363.295 -0.0340368 0.613165 250.303 0.244357 -2.79349 629.012 0.764591 0.670308 0.70204 0.64657 500.28 -2.35168 0.455957 573.416 92.9047
934.88 -0.579822 -2.71755 452.113 -0.562944 0.0596066 1302.54 0.182875 0.209584 0.624155 0.492619 346.843 1.53372 0.785467 1487.65 92.9047
360.604 0.182283 2.04533 274.73 -0.116314 -1.73413 624.283 0.564451 0.408119 0.66442 0.493527 412.431 -0.0162333 1.64511 614.518 92.9047
298.425 0.601645 -2.8148 263.097 -0.378989 1.16201 612.113 0.591592 0.560261 0.365382 0.581497 440.106 -0.972756 1.64335 548.493 92.9047
348.173 0.727906 -0.368828 297.666 -1.03356 1.49669 832.698 0.762571 0.582811 0.738749 0.866624 76.0203 -0.49572 0.138707 818.121 92.9047
351.782 0.597068 -2.83922 348.865 -0.337631 -0.4639 754.386 0.807956 0.27439 0.750477 0.728187 317.309 1.94042 0.475568 805.157 92.9047
538.378 -0.610559 -1.0446 289.567 0.355003 1.69343 895.77 0.756049 0.441276 0.861885 0.809912 314.684 3.03444 1.13758 788.572 92.9047
593.235 0.409183 -2.68377 383.416 0.221141 1.47908 848.721 0.685481 0.339264 0.843327 0.862447 743.364 -0.236377 0.334501 977.286 92.9047
703.051 -0.659369 -1.30752 273.022 -0.753206 2.31726 881.357 0.635065 0.578482 0.737119 0.593145 492.138 1.03352 0.872393 918.099 92.9047
585.007 0.851929 -1.95895 373.281 0.766043 1.14069 983.297 0.099424 0.531137 0.762566 0.826214 326.055 1.31521 0.172837 988.564 92.9047
532.459 -0.412638 -2.86632 464.217 0.152069 -0.910659 886.061 0.791626 0.478318 0.780462 0.732948 503.636 1.67084 1.23602 1090.78 92.9047
722.801 -0.989881 -2.35342 321.766 -1.06468 2.18124 752.332 0.581308 0.756637 0.788856 0.806542 799.827 0.352774 0.812856 1038.86 92.9047
381.781 -0.0593331 -0.339144 267.31 -0.932921 0.781944 459.466 0.694375 0.555952 0.761821 0.703614 491.244 -2.86789 0.0665679 819.541 92.9047
473.257 1.07169 0.111443 314.243 -0.482846 -1.9514 946.618 0.646439 0.64456 0.833244 0.751444 526.239 2.75099 0.0418494 791.907 92.9047
334.688 -0.0200901 -0.834479 266.162 0.174643 1.96497 616.754 0.72253 0.767162 0.802595 0.767114 273.771 2.71403 0.0907922 675.429 92.9047
971.998 -0.255641 2.09309 380.045 0.267243 -0.265097 1192.74 0.578562 0.344981 0.756159 0.687214 543.172 -1.8817 0.0175167 1381.69 92.9047
362.343 0.165258 1.83427 310.323 0.227988 -0.715777 673.821 0.441309 0.430539 0.592676 0.780666 364.124 -2.35726 1.55664 662.87 92.9047
385.155 -0.226039 0.573013 285.05 0.872958 -2.12982 757.433 0.670361 0.814514 0.746631 0.777024 744.837 2.54975 1.60695 800.59 92.9047
281.828 -0.965634 -0.128896 253.362 0.415229 2.00244 625.229 0.710009 0.681757 0.758754 0.828788 523.758 -1.8506 0.0240605 578.349 92.9047
293.522 0.148796 -0.297255 279.389 -0.440305 -3.08199 596.484 0.447814 0.764539 0.739736 0.798517 269.824 1.34558 1.63806 556.968 92.9047
288.731 0.924843 -0.133415 266.699 1.25745 3.00785 577.019 0.620393 0.628676 0.742111 0.665613 150.839 -2.8952 0.380848 593.944 92.9047
424.99 -0.578315 2.71718 352.082 1.15298 -0.529935 1087.12 0.510917 0.608035 0.389714 0.739914 148.77 1.95075 0.774507 794.361 92.9047
451.081 0.797599 1.5972 265.034 -1.13161 -1.21857 1041.51 0.62456 0.510878 0.704985 0.679122 154.433 -2.10566 0.22839 730.063 92.9047
774.102 -0.402922 0.80445 530.447 0.574172 -1.91404 1442.32 0.231223 0.490025 0.729193 0.797602 335.594 -2.86822 0.177232 1331.23 92.9047
462.997 -0.749912 0.748541 299.157 -0.444007 -2.22371 767.568 0.569566 0.664223 0.807061 0.803104 125.608 3.10221 0.0287809 790.866 92.9047
533.061 -0.998955 -1.57365 426.741 0.139645 1.23928 1129.68 0.462872 0.378051 0.818247 0.892373 832.179 2.30165 0.419365 1003.17 92.9047
510.725 0.858043 -2.87838 309.654 1.64831 0.51783 863.653 0.821944 0.752165 0.760938 0.856332 118.07 -0.324019 0.860831 957.278 92.9047
428.565 1.09389 -0.100102 407.474 0.969357 -2.64909 822.973 0.511244 0.365885 0.766391 0.858216 407.884 1.16442 0.0569954 909.264 92.9047
359.787 -0.0187512 2.10516 343.565 1.38654 -1.11549 919.186 0.435354 0.615104 0.747348 0.786772 59.0051 2.83548 0.439958 665.426 92.9047
470.311 -0.783019 -0.264202 295.045 -0.910546 1.44895 581.227 0.705327 0.309214 0.802514 0.643849 623.767 -3.08311 0.195577 1024.39 92.9047
314.391 -1.16732 -2.96126 256.453 1.03652 -0.548937 936.13 0.789178 0.820883 0.741378 0.907511 259.927 1.4084 1.89996 527.513 92.9047
384.497 -0.730712 -0.0873305 340.701 -0.147736 -2.90995 754.021 0.7183 0.750187 0.831395 0.807805 165.365 1.70046 1.67689 700.133 92.9047
569.573 -0.111653 0.0427894 414.532 1.004 -2.02306 1022.84 0.44424 0.715858 0.802902 0.758667 314.011 2.57255 0.102762 1208.14 92.9047
789.464 0.277742 -2.74024 640.944 1.38056 0.425978 1656.47 0.388282 0.641542 0.645518 0.864837 333.218 0.632136 0.20229 1427.92 92.9047
719.74 -0.0797132 -0.104662 361.595 -0.335905 2.47396 1000.86 0.374057 0.683396 0.572655 0.736608 465.549 2.9716 0.502441 1192.06 92.9047
575.461 1.01921 2.90135 517.609 0.293257 -1.08784 1082.33 0.706589 0.777782 0.802782 0.720645 472.649 0.977653 0.325201 1245.02 92.9047
501.784 0.341246 -0.162376 294.896 0.864652 2.31826 766.71 0.428797 0.831145 0.576358 0.726674 367.444 -1.95724 1.79573 778.645 92.9047
843.346 -0.559273 -1.70174 329.199 -1.09732 1.9689 1061.83 0.483687 0.214194 0.656012 0.692279 206.669 1.40208 0.564676 1351.57 92.9047
415.557 0.751835 2.94369 252.572 -0.378157 0.81358 697.912 0.701629 0.40661 0.670535 0.819078 531.801 -1.09245 1.35428 712.508 92.9047
456.742 -0.306937 1.17767 313.776 -0.442496 -1.58343 763.003 0.760756 0.729109 0.742053 0.734093 521.634 -2.42755 0.653973 786.765 92.9047
327.788 -0.555336 -0.790357 303.205 -0.92192 2.77637 640.058 0.345509 0.666638 0.775788 0.742206 139.71 -0.380698 0.300165 669.498 92.9047
477.787 -0.651233 2.68768 298.394 0.0270632 -1.32054 742.975 0.37664 0.705724 0.727244 0.756475 637.019 0.200032 0.170225 886.029 92.9047
363.983 0.913049 -1.94903 334.108 0.303382 1.76075 717.008 0.870747 0.757458 0.774005 0.749029 483.104 -0.225318 1.72196 658.731 92.9047
529.34 0.940962 3.01318 332.611 0.735696 0.22821 870.76 0.571949 0.633792 0.616066 0.77613 293.961 -0.74233 0.608286 840.11 92.9047
343.786 -1.15505 2.1497 256.547 -0.680989 -0.689957 621.262 0.523033 0.724262 0.836143 0.692315 138.481 -2.32863 0.29845 583.246 92.9047
494.123 -0.0991254 1.2221 392.808 -0.886253 -1.48562 936.109 0.657084 0.691112 0.608273 0.543741 316.57 1.84338 0.620076 957.903 92.9047
438.877 -0.739033 -0.0679315 315.746 -0.504821 -2.84015 748.254 0.83364 0.643094 0.729677 0.728406 340.956 1.46896 1.54434 722.027 92.9047
473.252 0.477018 2.914 287.099 -1.16861 -0.411208 1006.81 0.747256 0.750013 0.68832 0.758171 214.743 1.16005 1.56576 763.116 92.9047
325.293 0.354417 0.980518 264.719 1.93054 -1.5757 778.87 0.68936 0.661406 0.769342 0.771125 479.632 2.91445 1.80187 574.23 92.9047
368.404 0.668728 -1.50843 273.804 1.35389 0.400898 598.895 0.320626 0.409313 0.71415 0.551185 375.395 2.01888 0.691886 742.269 92.9047
577.766 -0.16265 2.04974 259 -0.115062 -1.4203 782.904 0.685364 0.525947 0.727573 0.737492 302.636 0.462639 1.58746 796.312 92.9047
465.141 0.408822 -1.90967 325.438 -0.280227 1.35805 834.888 0.763446 0.5459 0.772594 0.724832 196.636 1.14863 0.216249 793.107 92.9047
640.003 -1.14869 1.73377 425.256 0.370364 -1.67595 1366.73 0.618843 0.550519 0.46421 0.724149 239.864 -1.46767 0.209665 1134.97 92.9047
478.212 0.133103 0.597697 381.055 0.981026 -2.24226 947.867 0.37813 0.732523 0.703368 0.793001 321.752 -2.7587 0.291187 936.214 92.9047
473.514 -0.231837 3.13749 468.191 1.01399 0.357569 1139.6 0.862073 0.589422 0.774753 0.829998 309.047 -2.26259 0.249058 1498.8 92.9047
518.574 -0.536491 1.29578 504.674 -0.334382 -1.77819 1066.1 0.190473 0.289672 0.599159 0.753267 482.651 1.51745 0.339994 1033.49 92.9047
576.746 0.75148 -1.83598 251.684 0.0539452 1.26656 849.354 0.321399 0.276788 0.858717 0.844197 544.949 1.30621 0.0225967 805.032 92.9047
598.558 -0.582832 3.00537 281.467 -0.0041287 -1.02766 792.981 0.842197 0.762412 0.800587 0.708974 745.305 0.137895 0.882932 866.119 92.9047
313.61 0.637899 -1.73162 252.997 -0.780304 0.769651 706.382 0.694228 0.863769 0.720989 0.776827 336.934 2.17743 0.558681 562.34 92.9047
390.349 -0.518992 -2.86921 302.158 1.12985 -0.480846 913.51 0.587581 0.832241 0.67311 0.697783 497.063 1.831 0.991225 662.539 92.9047
586.503 0.92903 -1.16764 265.127 0.585443 0.881953 709.084 0.607871 0.536413 0.856134 0.532729 520.345 2.14237 0.716356 921.987 92.9047
414.25 -0.373058 2.49283 394.665 -0.616163 -1.58606 741.675 0.689109 0.848553 0.819529 0.701209 362.973 0.0199039 0.58274 1029.59 92.9047
323.359 1.26766 -2.23217 253.036 -0.156207 -0.792737 603.329 0.800778 0.520271 0.789731 0.373791 759.044 1.52158 0.430572 595.524 92.9047
710.142 0.0409833 -2.95264 294.435 0.685194 0.824041 926.428 0.703396 0.533508 0.660345 0.770128 429.959 -1.07095 1.87795 983.55 92.9047
338.613 0.0407898 0.690935 335.188 0.66563 -2.72622 714.602 0.630108 0.8253 0.765063 0.798334 67.5987 -1.28472 0.355372 768.64 92.9047
277.143 0.182291 -0.237563 264.989 -0.433893 -2.48905 531.071 0.660618 0.314621 0.656221 0.843763 338.214 1.8122 0.60411 561.064 92.9047
370.103 0.794674 0.655225 270.76 -1.18965 -1.9754 970.533 0.731404 0.411534 0.6996 0.778287 470.727 1.97655 0.275837 735.363 92.9047
626.569 0.189142 1.09484 510.686 1.83874 -2.45837 1540.79 0.801078 0.856677 0.804311 0.820576 276.532 -0.822033 1.63874 1083.49 92.9047
389.672 0.0684101 -1.72447 292.739 -0.933993 0.828336 767.703 0.775526 0.378034 0.624941 0.853482 165.897 1.97323 1.01943 848.92 92.9047
416.945 0.298238 -1.18751 294.153 -0.439859 0.7321 644.031 0.711421 0.668776 0.742093 0.686338 42.5064 0.662176 0.0575473 849.168 92.9047
295.159 -0.428019 1.09585 255.431 -1.92435 -1.01538 678.225 0.502447 0.407869 0.873061 0.579581 629.964 -2.81399 1.59607 520.52 92.9047
548.326 0.213151 -0.134985 307.188 -1.43213 2.81025 1116.69 0.447444 0.563153 0.651597 0.626219 32.7626 -1.96707 0.854129 869.686 92.9047
406.529 0.180725 -3.07289 387.852 1.24596 -0.253195 919.94 0.692214 0.694599 0.444931 0.791827 283.934 2.1502 0.843884 765.55 92.9047
425.897 0.430373 -0.188357 302.243 0.451752 -3.11995 773.837 0.711797 0.348264 0.749617 0.817501 234.52 -2.8624 0.159076 807.669 92.9047
389.529 -0.231852 -0.259857 386.756 0.195569 2.53232 833.607 0.170022 0.733483 0.632226 0.68666 71.2648 -0.695616 0.427484 971.197 92.9047
479.296 -1.12652 0.190336 294.147 0.159388 -2.87094 928.083 0.716939 0.191452 0.800081 0.767296 245.88 -3.09234 0.139566 759.738 92.9047
493.44 1.04542 -2.11593 418.731 -0.539884 0.824653 1215.62 0.674708 0.74517 0.709952 0.767679 219.598 2.82308 0.720604 921.36 92.9047
569.577 -0.868774 0.657406 313.329 0.449569 -1.86894 1008.35 0.755268 0.661724 0.570862 0.782908 159.296 -0.532529 1.19159 945.633 92.9047
264.448 1.55196 2.96892 258.36 -1.47189 -0.0664029 1246.68 0.622237 0.700117 0.824218 0.731402 100.157 -2.30165 0.795921 631.807 92.9047
337.889 -1.12592 1.51534 290.297 0.01028 -1.82098 736.99 0.707568 0.67276 0.767741 0.809458 137.091 -0.691099 1.11099 632.014 92.9047
556.098 0.119904 -0.566199 276.101 0.931697 2.34444 853.231 0.667016 0.711267 0.68706 0.764894 259.312 -3.03268 0.907486 881.017 92.9047
292.775 1.42173 -0.0118772 277.262 0.889198 2.40928 567.044 0.685062 0.604605 0.884009 0.747301 108.678 -1.2505 0.758408 615.235 92.9047
398.333 -0.168593 -3.05561 387.932 1.91134 0.119454 1285.61 0.312768 0.724636 0.783455 0.842614 133.756 -2.79564 0.242622 759.948 92.9047
348.393 0.313811 2.05585 307.297 -0.533555 -1.03361 723.034 0.588291 0.444994 0.735412 0.750645 90.9758 -2.3725 1.33951 629.121 92.9047
560.089 0.948246 0.598013 514.195 1.38588 -1.60869 994.314 0.746241 0.437949 0.785822 0.735611 482.56 2.86458 0.809457 1095.97 92.9047
391.112 -0.0955634 -2.54013 314.802 -0.678984 0.470826 792.514 0.28626 0.218784 0.772044 0.756976 111.922 1.23558 0.441766 702.699 92.9047
482.691 0.962093 -0.43665 374.329 0.389345 1.71247 796.08 0.521121 0.601633 0.608127 0.513927 307.065 -2.87989 0.882777 940.448 92.9047
280.729 0.302823 2.53587 275.004 1.28777 -0.695485 637.77 0.75042 0.607781 0.751167 0.774886 463.775 0.558567 1.26031 675.321 92.9047
351.835 -1.05938 0.3633 293.829 -1.08006 -2.35365 645.147 0.647174 0.596727 0.646985 0.651817 238.676 2.1519 1.77742 609.683 -92.9047
474.066 0.725713 -0.854273 436.761 -0.78524 1.15109 1086.15 0.681361 0.679656 0.651125 0.763708 342.316 2.81726 0.636737 1060.73 92.9047
661.034 0.916596 0.393019 455.851 -0.907236 -2.18492 1576 0.720423 0.430715 0.685031 0.727768 96.0319 0.403646 0.0232238 1238.22 92.9047
641.835 0.00111765 -0.0799837 311.853 1.69974 2.96892 1243.26 0.616255 0.499693 0.741115 0.822954 573.628 3.03915 0.0701423 1002.95 92.9047
447.169 0.958762 1.09026 384.525 -0.245686 -1.60327 1001.5 0.598098 0.161275 0.641039 0.685243 353.46 2.63547 1.54502 819.346 92.9047
416.986 -0.0347069 0.48717 321.769 -0.335002 2.56161 650.673 0.810485 0.735763 0.749679 0.719748 579.08 -1.56037 0.390051 793.941 92.9047
381.553 1.23693 -1.61582 299.658 0.164176 1.31943 792.689 0.810091 0.502999 0.752808 0.686576 161.686 1.98832 0.621851 647.944 92.9047
663.152 -0.222021 -2.30706 593.118 -1.45473 0.897922 1509.62 0.586337 0.791635 0.704544 0.783795 131.765 -1.00078 1.3065 1228.71 -92.9047
780.491 0.151687 -2.43969 533.534 -0.278083 0.689913 1340.96 0.449976 0.735092 0.654086 0.832665 351.616 0.939124 0.2456 1318.23 92.9047
802.239 0.270574 2.11911 655.015 -0.0639247 -0.749469 1469.34 0.715651 0.489997 0.691121 0.679313 429.075 -1.49342 0.751983 1449.56 92.9047
607.477 0.245468 1.46648 251.731 -1.07374 -1.80421 969.472 0.789713 0.633833 0.847848 0.707351 316.681 -1.30468 0.00326681 1122.55 92.9047
546.288 0.952808 0.250821 288.775 -2.16853 -2.47116 1973.79 0.805756 0.568923 0.813466 0.868951 268.524 2.91709 0.229594 855.594 92.9047
733.03 0.32431 -2.19585 415.01 -1.27068 1.0259 1479.5 0.750668 0.762659 0.760589 0.793502 162.399 1.75372 0.735106 1268.65 92.9047
327.815 1.0742 -0.195741 252.441 -0.067608 2.87313 689.295 0.80784 0.799359 0.75488 0.743549 207.117 2.24831 0.62567 584.245 92.9047
320.98 -0.615231 1.79267 317.583 0.571014 -1.95347 747.35 0.676768 0.712753 0.848257 0.659735 176.745 -0.00179698 0.574422 677.393 92.9047
428.266 -0.0276572 2.08698 356.272 0.387421 -1.75567 763.264 0.344108 0.548862 0.495989 0.730434 581.415 0.130876 1.88732 770.893 92.9047
544.578 -0.083943 -0.92956 395.26 0.206241 2.43636 957.912 0.714724 0.670595 0.705823 0.761767 215.858 0.615947 1.56005 884.877 92.9047
305.623 1.35061 -2.40531 263.763 1.51057 -0.828352 436.394 0.583739 0.54736 0.794058 0.706672 388.821 1.54257 0.0212559 826.355 92.9047
315.39 0.669074 0.0491334 258.122 -1.06241 -2.81729 805.251 0.409122 0.62206 0.719267 0.628082 261.558 1.86226 1.35857 556.685 92.9047
532.197 1.55891 0.637587 389.117 -0.335831 -1.82748 1327.31 0.683215 0.770717 0.900661 0.682401 265.013 3.04365 0.843122 929.155 92.9047
383.661 1.1389 2.9429 251.004 0.0220871 0.114471 726.528 0.495645 0.636901 0.6529 0.739099 238.208 -2.45229 0.888789 656.369 92.9047
385.075 -0.581968 -0.29311 324.608 -0.190054 -3.094 722.261 0.827842 0.607786 0.801449 0.517563 585.801 0.14702 0.202317 896.014 92.9047
437.154 1.11456 -2.46816 314.611 -1.44577 1.2923 1430.43 0.773345 0.437194 0.802996 0.611666 492.822 -0.910843 0.192485 1011.95 92.9047
378.777 0.071837 -2.35429 369.488 -0.738565 0.657055 815.452 0.727006 0.757639 0.720073 0.832103 112.473 3.03309 0.0715907 757.86 92.9047
643.249 0.00921891 2.33832 377.481 -0.563369 -0.613457 1025.01 0.67869 0.543303 0.611972 0.561114 96.7013 -1.9726 0.253464 1090.34 92.9047
369.048 -0.388759 1.58811 256.227 -0.264358 -0.465058 533.93 0.205618 0.346302 0.788495 0.718025 309.057 -2.28159 0.0949013 693.212 92.9047
379.614 -1.11546 -0.137747 371.115 1.29169 2.68374 1362.66 0.798232 0.543508 0.74337 0.676122 308.248 -2.52676 0.28131 896.229 92.9047
419.924 -0.121484 -2.82649 272.858 0.0470671 -0.158419 704.644 0.129225 0.624243 0.544972 0.822378 251.036 -2.60744 0.0300241 865.552 92.9047
787.377 0.481923 -0.549746 504.067 0.55537 2.38762 1269.29 0.484434 0.652012 0.711336 0.840844 281.427 -1.77954 1.05143 1278.15 92.9047
463.897 0.79906 1.13601 417.707 -0.0119164 -2.30354 953.459 0.736456 0.560816 0.747165 0.77673 181.775 -1.59602 0.357913 944.445 92.9047
498.41 0.869452 1.29164 274.512 -1.82731 -0.594001 1482.35 0.468113 0.548338 0.674922 0.70631 1319.55 -2.14009 1.43739 733.962 92.9047
368.958 -0.0433155 -2.65886 311.961 -0.419924 -0.446557 638.968 0.545795 0.463044 0.631289 0.688348 343.992 0.569477 0.859703 782.476 92.9047
382.072 -0.631453 0.617673 286.886 -0.425147 -2.80966 706.386 0.228332 0.111853 0.584935 0.75375 353.116 -0.528057 0.697018 666.749 92.9047
389.551 -0.0948946 2.98864 281.092 1.96542 0.0910629 1048.24 0.648881 0.369268 0.700209 0.773609 191.727 -0.859398 0.438331 920.875 -92.9047
459.913 -0.121685 -2.17873 364.839 0.137669 0.798981 837.971 0.811922 0.49831 0.711744 0.686387 183.732 -2.76819 0.579304 818.358 92.9047
514.486 -0.179161 0.419684 416.367 -0.561443 -3.03798 998.767 0.198454 0.7266 0.638811 0.769586 30.6104 -3.07534 0.0233448 946.237 92.9047
721.045 0.319293 1.81853 542.985 -1.51231 -0.970387 1812.71 0.61244 0.35126 0.712377 0.625593 265.778 -2.68723 0.519219 1269.91 92.9047
414.839 -1.33525 1.9345 389.052 -0.434379 -0.824183 887.078 0.826442 0.609489 0.735069 0.638565 169.846 2.51031 0.408647 858.393 92.9047
346.367 -0.0897036 -3.06746 329.005 -0.691077 0.646505 687.298 0.722762 0.75592 0.808867 0.748076 428.236 -1.22996 1.84055 654.768 92.9047
540.834 -0.551541 -1.42709 311.86 0.792344 0.816014 958.786 0.717127 0.491765 0.684371 0.702976 100.045 1.32548 0.51566 1040.92 92.9047
422.439 1.23038 -1.64377 406.133 -0.611404 1.20847 1205.6 0.402037 0.327717 0.847042 0.604002 329.959 0.998109 0.210381 950.645 92.9047
592.588 0.456839 -2.3646 282.356 0.284362 0.406736 827.254 0.392242 0.748039 0.490118 0.796557 252.038 0.939943 0.537156 923.179 92.9047
940.806 -0.448398 1.12901 381.795 -0.017898 -2.04861 1250.06 0.660809 0.688187 0.711679 0.759536 337.101 -2.03508 0.0116131 1321.04 92.9047
353.172 0.261592 1.43785 258.208 0.467463 -1.48786 612.4 0.809699 0.729851 0.643763 0.814482 42.9622 -1.08942 0.403092 795.325 92.9047
352.38 0.58705 0.256133 293.56 0.745403 2.63167 620.707 0.797188 0.395909 0.709946 0.881885 78.7307 -2.13594 0.58184 785.396 92.9047
361.221 -0.414244 -2.23903 331.151 -0.0948624 0.217585 676.232 0.666956 0.766611 0.800095 0.69462 343.081 2.48967 1.54394 717.44 92.9047
314.774 -0.228984 0.963263 281.011 -0.433381 -1.87402 623.938 0.683772 0.709877 0.730311 0.865837 377.487 1.47396 0.17191 554.633 92.9047
341.354 -1.13977 -1.33527 278.503 -0.876231 1.03331 593.879 0.628152 0.746445 0.602083 0.748065 153.887 2.37313 0.334521 786.619 92.9047
611.739 -0.255741 0.442642 297.536 -0.133069 2.74565 784.644 0.529414 0.387799 0.66748 0.55018 176.754 -2.89564 0.646643 973.655 92.9047
351.554 -0.210692 0.485826 254.288 -0.0523524 3.02439 582.976 0.797911 0.830169 0.830924 0.789886 174.355 -2.00792 0.790982 672.535 92.9047
353.319 0.336902 1.84442 259.863 -1.28205 -1.92133 801.859 0.735414 0.350042 0.782946 0.596189 302.41 0.386098 0.716904 659.068 92.9047
478.296 -1.12284 -1.11515 455.394 -0.211399 1.3079 1000.22 0.642238 0.759275 0.601073 0.673865 310.124 -3.12327 0.269508 902.032 92.9047
326.885 -0.164624 -2.84611 266.226 0.46939 1.55794 520.033 0.761927 0.742569 0.688817 0.71779 631.085 -0.164953 1.7214 706.609 92.9047
575.601 0.820656 1.85969 562.595 0.677233 -0.807345 1118.81 0.702045 0.619265 0.79337 0.81809 551.338 -2.02789 0.641905 1197.99 92.9047
302.318 0.135528 3.137 251.342 0.259251 -1.48616 422.135 0.809082 0.474064 0.797443 0.808301 440.826 1.0842 0.441681 670.459 92.9047
358.024 0.754005 0.852971 270.212 -0.162964 1.59457 396.57 0.645602 0.449711 0.81801 0.762776 422.28 -1.95603 0.391923 654.4 92.9047
407.293 0.142209 3.02195 403.357 -0.973917 -0.384411 950.231 0.312352 0.737985 0.708699 0.771134 263.003 1.53735 1.49316 837.24 92.9047
306.582 -0.181064 3.02218 265.573 0.277172 0.875666 536.956 0.275056 0.45417 0.469408 0.69974 142.222 -0.802862 0.0742905 701.484 92.9047
592.865 0.122704 -0.961126 568.312 0.00530894 2.50003 1155.12 0.285696 0.51377 0.700385 0.530553 283.153 0.983208 1.51601 1148.86 92.9047
391.473 -0.580031 -2.17638 338.764 0.568067 1.34733 845.951 0.275673 0.655693 0.782861 0.740789 351.848 0.698718 0.648684 764.683 92.9047
489.5 -1.20194 2.58448 325.651 0.982558 -1.95836 1223.97 0.700498 0.650078 0.807461 0.759608 774.934 -0.0419244 0.0176387 831.29 92.9047
507.754 -0.56316 0.272525 351.265 0.0486908 2.49147 808.628 0.742465 0.407895 0.71235 0.647727 230.311 -3.13635 0.660562 1026.06 92.9047
430.404 1.4005 -2.86587 415.93 -0.463141 0.803849 1231.61 0.691545 0.859583 0.73878 0.816314 265.675 -0.703768 0.717973 877.735 92.9047
521.29 0.583112 3.10383 417.808 0.864575 -0.850287 894.812 0.675176 0.578096 0.749803 0.730124 384.862 0.884949 0.164886 1041.47 92.9047
459.597 1.32035 -2.16805 328.307 -0.0687669 1.52784 966.243 0.79786 0.805118 0.719365 0.746856 295.392 -0.452259 1.7185 735.775 92.9047
553.071 0.9729 -0.597503 384.862 0.166198 2.50479 1008.73 0.726224 0.750649 0.764438 0.688267 326.702 -2.60088 1.17973 1048.29 92.9047
296.789 -1.23531 1.49819 275.642 -0.102963 -0.761769 632.398 0.712645 0.537899 0.799679 0.513906 47.3333 -0.222619 0.53113 595.716 92.9047
325.922 -1.03474 -0.519659 264.007 -0.65491 1.94217 572.687 0.507783 0.647559 0.759504 0.755399 375.953 2.13378 0.212389 714.705 -92.9047
842.295 -0.177656 -0.817025 427.899 0.113323 2.81694 1190.93 0.760133 0.679303 0.763044 0.788286 192.149 1.27996 0.0396607 1313.49 92.9047
436.159 -0.959082 -0.989756 410.591 -2.15573 2.68921 997.487 0.669262 0.752123 0.67656 0.828312 63.4665 -2.15078 1.16495 954.685 92.9047
764.246 0.403621 -0.381189 460.578 1.15156 -3.01702 1241.66 0.502833 0.14798 0.539212 0.600427 528.529 2.10175 0.240003 1341.56 92.9047
670.007 0.219474 1.64809 340.426 0.646887 -1.30704 1013.89 0.62111 0.328506 0.669784 0.503815 321.625 -2.13615 0.0450654 1012.76 92.9047
374.483 0.854603 -0.0305896 252.238 -0.602441 2.88747 794.585 0.755768 0.548101 0.751298 0.839992 361.548 -1.45349 1.43962 610.991 92.9047
740.767 0.822051 0.675934 280.472 1.51122 -1.71419 916.406 0.774514 0.659687 0.801737 0.814646 732.265 -2.89363 0.0303845 1023.84 92.9047
334.311 1.41075 1.5143 262.614 -0.0820787 -0.906246 754.868 0.16967 0.283043 0.577083 0.655872 388.527 -2.41526 0.649497 524.82 92.9047
682.639 -0.0684026 -1.8314 350.004 -0.830009 0.754814 1018.06 0.732263 0.715018 0.632076 0.693158 388.528 1.54479 0.575446 1198.66 92.9047
308.194 -0.106763 1.77674 298.909 0.877749 -2.90201 542.797 0.424817 0.677773 0.740883 0.817777 495.562 -0.713023 0.322451 653.431 92.9047
572.035 0.750229 2.5518 283.011 -0.0759503 -0.858972 913.053 0.579725 0.550559 0.708471 0.51854 245.062 0.0241682 0.0717866 855.363 92.9047
484.678 1.71241 1.17871 260.193 -0.774169 -3.03421 1289.67 0.812871 0.505097 0.791123 0.747469 277.476 -0.706887 0.323662 838.476 92.9047
526.156 0.439765 3.11612 289.2 -1.61694 -2.45174 999.138 0.719672 0.627197 0.706264 0.769285 695.405 0.0517021 0.673736 897.821 92.9047
311.04 1.78116 2.24737 256.765 0.804172 -0.99431 655.096 0.818742 0.307582 0.743771 0.725993 48.8445 1.11362 1.12035 532.988 92.9047
372.816 1.15499 -3.03779 259.817 0.473627 0.753785 648.064 0.810661 0.739734 0.72049 0.780067 418.667 -1.21333 1.8209 579.458 92.9047
383.516 1.68539 1.79985 303.294 0.803128 -0.406996 694.455 0.548359 0.610351 0.53252 0.78131 293.415 -2.64741 0.459373 802.707 92.9047
316.809 1.01083 -2.75991 260.342 0.418382 0.976694 591.239 0.609714 0.657551 0.767027 0.498271 303.729 0.290628 0.676264 618.295 92.9047
353.636 -0.807378 -2.7076 257.458 0.639801 1.15283 745.756 0.707585 0.62152 0.786263 0.713854 359.158 0.336118 0.816494 646.939 92.9047
487.306 0.538921 2.46119 284.863 -0.929461 -1.66097 898.797 0.821135 0.82364 0.80174 0.774733 420.416 -0.0416291 0.687706 850.189 92.9047
355.399 -0.0707087 -1.84843 301.08 -0.12114 1.38634 659.323 0.705106 0.769217 0.61068 0.808675 451.361 3.03619 1.39775 672.468 92.9047
291.056 1.24746 -1.76887 252.014 -0.755191 1.4551 845.972 0.7386 0.689404 0.799177 0.748872 66.7011 0.0104553 1.43989 499.333 92.9047
569.655 -0.898733 -2.50179 374.367 -0.0622528 0.529142 1035.94 0.729373 0.376518 0.824943 0.586472 390.919 0.980015 0.383862 937.198 92.9047
349.042 -0.449941 0.206798 329.731 0.462036 -2.41915 740.28 0.722925 0.765173 0.800292 0.779649 432.551 1.97663 1.76222 651.613 92.9047
568.445 1.00601 2.55678 308.755 -0.942182 -1.49326 1219.16 0.436429 0.872653 0.792364 0.715166 456.553 -0.332878 0.673355 888.668 92.9047
437.729 -0.092173 2.4501 327.658 -0.638645 -1.01444 782.289 0.524752 0.257148 0.512323 0.651455 180.985 -0.863381 0.14902 996.121 92.9047
281.64 -0.641229 -1.2429 268.617 0.0370016 1.23131 561.359 0.730112 0.729551 0.769641 0.586674 451.049 -2.85118 0.390005 564.677 92.9047
353.673 0.468207 -2.74125 286.346 -0.578199 1.14757 705.592 0.514474 0.717707 0.678157 0.747373 316.217 0.678445 0.475642 777.789 92.9047
487.77 -0.579453 0.821942 355.052 0.254672 -2.76601 896.813 0.625491 0.780819 0.839473 0.773029 317.069 -0.17997 0.435873 900.516 92.9047
430.763 0.763727 1.55453 276.729 -0.146869 -2.55806 699.183 0.752782 0.666152 0.708001 0.807689 626.049 0.0956806 0.39989 708.922 92.9047
363.281 -0.38087 -0.711431 293.085 -0.555275 1.98988 649.109 0.433507 0.594597 0.62268 0.777685 240.844 -2.43875 1.72606 636.876 92.9047
357.176 0.568944 -1.4276 329.378 1.54624 0.924836 730.798 0.734472 0.81555 0.680333 0.854277 132.495 3.0452 0.791053 947.478 92.9047
685.487 0.10011 -1.78746 348.719 -0.224857 1.02039 998.365 0.825929 0.36447 0.740434 0.474381 447.671 2.33463 1.16866 1017.79 92.9047
372.084 -0.031731 2.63226 273.851 0.202385 -1.93962 505.74 0.186671 0.545417 0.806547 0.55822 455.375 -0.328598 1.13699 767.644 92.9047
380.002 0.0152376 -2.38465 311.031 0.713997 1.80217 659.63 0.716902 0.754552 0.786504 0.763257 543.048 -0.49968 0.0188603 691.771 92.9047
369.483 0.481944 -1.82867 279.479 1.19364 2.38095 629.861 0.525826 0.652239 0.730763 0.679469 287.815 0.611699 0.219931 787.632 92.9047
337.657 -0.806935 -2.45988 307.315 -0.936982 1.86308 588.24 0.526021 0.390017 0.703928 0.76211 556.258 0.000714223 1.6737 641.515 92.9047
481.409 0.565958 -0.605075 481.036 1.41495 1.93633 1017.49 0.764921 0.499967 0.782943 0.838699 153.257 -2.57933 0.987238 1116.97 -92.9047
478.023 0.469026 -0.890173 296.198 0.378517 2.32025 767.507 0.377725 0.687662 0.792711 0.602624 120.728 0.80915 0.109686 964.102 92.9047
364.973 -0.673857 1.25718 337.851 -0.95254 -2.23206 740.846 0.107831 0.403098 0.796358 0.779199 512.752 -1.99927 0.174706 699.827 92.9047
568.177 -0.903533 -0.797656 321.815 0.385667 3.11768 1003.19 0.727576 0.569228 0.747956 0.794907 565.295 1.72565 0.107897 946.64 92.9047
313.826 -0.714974 0.0217353 251.21 -0.0233481 2.19361 540.635 0.805649 0.779588 0.810561 0.786177 222.645 -2.82358 0.38379 639.462 92.9047
377.796 0.202666 -1.85923 325.624 -0.991428 1.44372 835.151 0.225059 0.760693 0.736758 0.695621 114.634 0.0755767 1.36656 684.013 92.9047
283.826 1.03003 -0.937379 256.007 0.854512 1.89738 543.753 0.479699 0.726936 0.714352 0.62199 255.683 -2.41304 1.47699 577.906 92.9047
703.976 0.31662 1.65294 372.021 0.0968314 -1.15265 1028.07 0.382313 0.76475 0.728777 0.710587 254.941 -2.37339 0.967781 1223.9 92.9047
351.248 -0.813906 3.03698 320.55 -1.01982 1.04533 589.027 0.706326 0.802333 0.812544 0.753808 498.137 -1.28677 1.63596 756.472 -92.9047
833.664 -1.44572 0.728872 322.391 1.32272 -1.51641 2165.07 0.5893 0.512925 0.854209 0.735538 784.826 -2.59221 0.599331 1215.74 92.9047
257.004 -0.470798 -2.11781 256.642 0.0728624 2.0572 475.927 0.728624 0.390315 0.728503 0.75163 194.705 -1.00985 0.287315 746.676 92.9047
487.773 -0.653933 -1.45559 290.004 0.099761 2.41322 789.255 0.444736 0.577366 0.702276 0.793548 580.471 0.472949 0.287156 788.234 92.9047
401.455 -1.09874 2.43999 275.496 -0.826673 -1.28797 659.203 0.648578 0.490907 0.847839 0.496044 419.434 0.726659 0.194646 677.277 92.9047
321.707 -0.561413 2.58409 319.56 1.51493 -0.0707486 1022.28 0.748939 0.813848 0.792144 0.745402 147.375 1.82556 0.776841 815.662 92.9047
470.277 0.707521 -2.12205 357.078 0.0253348 1.56027 857.567 0.167746 0.391467 0.772329 0.722213 156.332 1.06431 0.495676 958.172 92.9047
465.299 1.33469 1.94022 337.878 -0.847895 -1.37169 1322.28 0.805266 0.746664 0.780692 0.808012 172.16 -1.57219 0.192943 973.379 92.9047
692.184 -0.28709 1.01818 336.416 -0.363412 -1.66716 962.13 0.361671 0.742361 0.748158 0.734507 305.218 3.10267 1.19431 1009.92 92.9047
455.848 1.85269 0.294835 260.515 0.430077 -2.14137 875.528 0.796296 0.73915 0.844057 0.796375 598.517 2.16228 0.510464 814.71 92.9047
419.487 -0.737856 -0.310996 314.427 0.471322 2.25039 858.154 0.627066 0.799874 0.837074 0.813882 218.554 2.24811 0.009902 742.264 92.9047
416.024 -0.345077 -2.52428 342.156 1.16688 0.210411 1015.86 0.144042 0.332504 0.793779 0.761143 158.367 2.27858 1.18391 799.441 92.9047
497.79 -0.300962 2.84895 352.758 -1.67357 -0.231328 1058.51 0.360637 0.611066 0.633561 0.567393 231.995 -0.593461 0.320502 829.772 92.9047
537.107 -0.860473 -2.2362 441.35 -0.695897 1.02705 982.501 0.630708 0.730064 0.735329 0.632855 37.1207 -0.914174 1.32132 960.283 92.9047
541.327 0.901173 -2.547 326 0.182148 0.00913585 891.618 0.738295 0.495262 0.837204 0.704373 368.643 1.82781 1.48107 816.514 92.9047
391.155 0.0684408 3.00829 264.893 -0.160129 0.393761 637.162 0.79622 0.277003 0.641578 0.550796 339.157 -1.57865 1.696 632.735 92.9047
349.882 0.12799 -1.22723 266.428 -2.19406 1.8896 1087 0.280105 0.746629 0.760416 0.753706 248.429 2.02613 0.13951 632.494 92.9047
390.51 -0.520815 0.339211 272.49 -0.893322 -2.69098 675.531 0.480156 0.70881 0.701838 0.71472 62.6546 1.97763 1.60637 628.847 92.9047
315.731 0.235885 0.333218 306.302 0.475573 -2.37923 623.508 0.777352 0.622808 0.880537 0.776185 312.852 1.75857 0.0985183 708.887 92.9047
377.954 -0.90961 -1.4568 254.152 -0.948222 0.706829 559.527 0.675447 0.760456 0.80086 0.725109 453.581 2.68966 0.235172 627.463 92.9047
631.145 -1.38737 -0.864814 325.963 -0.333149 -2.89242 929.469 0.770555 0.714441 0.7531 0.628788 346.51 0.798324 0.766697 1127.18 92.9047
360.308 -0.940421 -1.76351 321.63 0.217126 1.60013 802.515 0.497065 0.78267 0.701417 0.80116 471.948 -0.308173 0.285708 921.326 92.9047
513.639 -1.51664 1.60009 283.788 -0.07353 -0.756668 944.378 0.854796 0.498389 0.813096 0.793176 862.954 -2.27032 1.54737 782.303 92.9047
394.436 -0.598159 -0.591918 290.013 -0.661577 -2.76166 607.074 0.681895 0.56328 0.754362 0.727665 261.576 1.83787 0.312297 723.511 92.9047
400.13 0.0502129 -0.535471 390.481 -1.16859 3.13649 924.45 0.751411 0.673176 0.671348 0.799016 186.533 0.532334 1.01012 810.855 92.9047
465.945 -0.150861 0.698072 260.038 -0.0811831 2.5879 585.225 0.582212 0.828152 0.688817 0.711425 217.667 -1.91011 0.106068 857.755 92.9047
355.043 0.745275 -0.331935 263.401 0.83537 2.75946 622.839 0.718572 0.811258 0.746308 0.799125 333.579 -1.79276 0.585899 664.931 92.9047
372.259 2.67607 -2.409 297.147 -0.107477 -0.0601828 1410.88 0.75523 0.714022 0.816133 0.692511 341.173 2.89115 0.997032 672.73 92.9047
323.417 0.927332 0.730369 283.832 1.06492 -1.84995 594.294 0.745518 0.549416 0.840076 0.604539 251.74 -1.93978 0.0857509 777.499 92.9047
336.624 0.571088 1.37827 275.397 0.19131 -1.43391 615.776 0.770358 0.688923 0.674546 0.637163 560.467 3.06571 0.327203 953.841 92.9047
497.701 -0.200237 1.09619 258.481 -0.218547 -2.17967 729.502 0.425173 0.599089 0.839766 0.670953 156.474 0.392338 0.692003 747.78 92.9047
340.083 0.59855 -1.34067 295.622 0.559573 3.11662 511.081 0.698009 0.813493 0.767467 0.788641 544.288 0.654405 0.0577694 684.891 92.9047
495.634 0.181476 1.24085 405.803 -2.21736 -1.26542 1606.82 0.767326 0.777796 0.715529 0.785502 312.802 2.97219 0.26249 905.116 92.9047
502.888 1.05594 2.48201 252.624 -0.597705 -0.0105279 952.961 0.696981 0.64934 0.586098 0.466604 581.605 -1.87045 1.86544 720.783 92.9047
329.947 0.0267621 -1.41091 318.997 -0.391832 2.31156 654.587 0.645182 0.526414 0.730284 0.430527 355.74 0.234495 0.0534457 664.877 92.9047
476.151 0.646632 1.96706 423.046 0.788045 -1.46186 918.613 0.792467 0.673951 0.810735 0.488051 267.611 0.267774 1.14016 888.132 92.9047
523.8 -0.0218365 0.232155 258.333 0.26604 2.75563 720.769 0.284172 0.689079 0.821239 0.672683 660.133 -2.28401 1.26812 851.569 92.9047
930.122 0.756731 2.60614 576.212 0.429989 -0.576988 1506.03 0.601641 0.416298 0.764255 0.623757 323.561 1.45891 1.14678 1619.54 92.9047
292.893 0.236047 -2.77287 277.009 -0.74931 0.279598 678.725 0.40253 0.473766 0.623832 0.680711 72.4936 -1.27335 1.15632 637.423 92.9047
508.585 0.94683 -2.28479 288.863 0.261708 -0.519492 660.606 0.708199 0.722793 0.840584 0.723858 638.083 1.26607 0.358147 817.669 92.9047
319.449 -0.413515 0.711162 254.919 -1.15852 -2.48881 615.151 0.626089 0.687688 0.593325 0.690161 318.906 -2.01865 0.474262 603.592 92.9047
583.363 0.738953 0.199087 436.216 -0.205081 3.13029 1134.17 0.736196 0.644105 0.795876 0.673243 67.0097 -0.0558535 0.249045 1342.53 92.9047
372.329 -0.87102 -1.99923 326.15 0.171471 1.81825 769.146 0.732348 0.588237 0.773385 0.826671 244.39 -0.404879 0.928164 735.835 92.9047
282.055 1.1126 -1.33437 258.437 -2.01171 0.673782 1316.85 0.678979 0.792342 0.79939 0.744347 245.558 2.60366 0.984701 525.373 92.9047
306.13 -0.166849 1.0003 262.908 1.08614 -1.95663 695.117 0.806317 0.462714 0.704759 0.820874 293.744 -2.49886 0.204153 559.452 92.9047
317.385 1.17895 -2.86443 283.912 -1.07953 0.388253 1051.51 0.32857 0.538401 0.744322 0.777659 223.043 -0.265802 0.187516 598.227 92.9047
489.446 -0.285316 1.16579 253.906 -0.0414746 -1.90318 733.797 0.738415 0.562853 0.785066 0.529139 59.1625 -2.16636 0.284695 713.403 92.9047
632.616 0.374677 -1.01631 318.959 0.0148196 2.12263 921.485 0.758509 0.539431 0.75651 0.80042 10.3364 -2.89664 1.26931 929.591 92.9047
434.729 0.983179 2.71657 358.225 0.752203 0.406597 737.793 0.806419 0.811642 0.811133 0.772042 335.344 -1.47537 0.728693 973.404 92.9047
1081.22 0.676045 2.34765 668.266 0.610207 -0.629029 1719.93 0.449758 0.67699 0.279664 0.809892 366.479 -2.83868 1.09759 1727.44 92.9047
320.222 -0.372525 -2.40768 298.215 1.03337 0.0727737 767.233 0.262853 0.717593 0.833634 0.616677 344.47 1.88207 1.83066 578.896 92.9047
531.239 -0.0442127 -1.04941 325.923 1.55065 2.56694 1102.93 0.733114 0.793495 0.741319 0.791531 142.485 1.79255 0.263988 1080.28 92.9047
323.53 0.126931 2.43931 270.398 1.23454 -0.563124 690.391 0.704541 0.714106 0.687581 0.749699 332.174 -2.1258 1.55221 632.814 92.9047
361.129 0.0221252 2.85314 308.596 -1.12743 0.246505 772.272 0.518301 0.809632 0.763936 0.763356 644.251 -0.451818 0.322778 689.589 92.9047
585.829 -0.259965 2.03138 260.572 -1.77573 -2.16167 946.66 0.671037 0.57234 0.805024 0.727432 772.829 -0.899544 0.113244 959.485 92.9047
431.256 0.457892 -0.11771 318.432 -0.409952 2.73932 838.011 0.59219 0.199238 0.607889 0.765455 284.525 -1.96484 0.809467 749.282 92.9047
437.184 0.964406 -1.64484 373.431 1.03638 2.92581 629.786 0.762728 0.791372 0.823544 0.769412 531.849 0.999275 0.8484 1100.98 92.9047
690.772 -0.409187 0.780989 448.957 -0.444998 -2.78574 1137.7 0.10421 0.679352 0.793137 0.85472 321.262 -1.76363 1.01336 1149.27 92.9047
384.649 0.00786988 -2.41588 266.352 0.940223 -1.59747 411.769 0.537959 0.624881 0.750485 0.757754 1060.66 0.845329 0.633018 802.097 92.9047
398.285 -1.45284 -1.48456 345.722 -0.070998 1.66475 966.754 0.490855 0.551987 0.755751 0.459633 296.197 1.06719 0.478618 807.799 92.9047
640.91 0.551725 -2.84227 261.811 -1.0028 0.300794 1085.12 0.633962 0.557243 0.730693 0.682908 246.929 -1.48857 1.35461 969.056 92.9047
349.327 -0.878107 -2.20929 331.923 0.0145416 1.44055 743.698 0.864746 0.820309 0.795955 0.785723 765.521 0.828151 0.617662 692.248 92.9047
402.101 1.08807 1.80559 269.756 0.363344 -1.82431 719.357 0.638096 0.322838 0.720126 0.765909 161.078 0.528847 1.22885 697.423 92.9047
673.456 -0.242847 1.90906 314.833 -0.440934 -0.483857 868.857 0.772061 0.606493 0.793655 0.842756 571.439 -1.66297 0.147826 1000.78 92.9047
630.695 -0.499705 1.70406 394.715 0.107041 -1.77899 1040.01 0.62545 0.143641 0.747688 0.754384 43.0108 2.90404 0.595552 1248.83 92.9047
570.064 0.248068 -1.55936 362.815 -0.824655 2.17928 1015.9 0.791189 0.493509 0.663632 0.752631 718.766 0.298878 1.8576 1125.63 92.9047
389.36 1.04339 0.729605 254.839 0.640131 -2.89929 649.617 0.478906 0.663364 0.818007 0.806486 169.172 1.79394 1.07624 771.346 92.9047
557.177 -0.815847 2.57065 352.336 -0.917289 -0.465444 899.032 0.584324 0.566531 0.750533 0.836073 67.3622 -2.35749 1.3603 875.293 92.9047
713.904 -0.0288251 0.291076 541.229 0.366995 -3.13064 1272.89 0.696587 0.765806 0.849626 0.79854 174.781 -0.703749 0.527104 1239.93 92.9047
389.147 0.217843 -2.4499 282.049 1.06682 0.461564 728.352 0.731211 0.767385 0.736486 0.781929 144.415 1.05042 0.589377 667.856 92.9047
633.854 -0.163846 -2.59791 366.677 -1.11412 1.63353 969.311 0.802494 0.812195 0.765559 0.805721 473.119 -0.0637072 0.419061 1091.45 92.9047
492.99 -0.91805 -1.84319 412.54 1.06432 0.941584 1383.38 0.718944 0.476068 0.695017 0.797443 157.981 0.915451 0.00932401 1063.65 92.9047
464.112 0.0223962 0.0771744 292.552 0.9918 -3.06085 843.718 0.495759 0.771947 0.789182 0.907766 317.099 0.807027 0.597755 1076.4 92.9047
432.863 1.47197 2.11926 277.917 0.177585 -2.04517 783.126 0.469028 0.673103 0.80293 0.713964 432.222 -0.273585 0.176043 712.077 92.9047
556.817 -1.11226 -2.43009 263.969 0.922195 1.60771 1162.01 0.714291 0.804743 0.734727 0.838867 445.943 0.108199 0.484457 823.441 92.9047
336.545 0.145273 -3.10117 274.148 0.331874 -0.450012 602.032 0.422396 0.709362 0.571083 0.662444 70.354 2.12362 1.02167 717.333 92.9047
387.066 1.62651 0.145445 364.243 0.105238 2.90715 979.541 0.57802 0.559251 0.789937 0.789939 370.033 1.00975 0.875499 1048.6 92.9047
448.527 0.379631 1.35108 288.702 -0.462659 -2.91609 696.387 0.631355 0.375791 0.596006 0.750228 831.4 -1.436 1.36648 768.256 92.9047
553.009 -0.898299 0.465927 303.269 0.072956 -2.31323 935.819 0.488546 0.737842 0.787122 0.766755 209.579 1.37467 0.851305 890.793 92.9047
370.785 -0.365494 0.533037 318.873 -0.197377 -2.21696 685.943 0.187795 0.772066 0.660788 0.735952 308.951 2.46086 1.59436 670.296 92.9047
914.272 0.347725 -0.745404 312.104 0.530025 1.71755 1039.71 0.760302 0.556696 0.804018 0.334478 676.484 2.59339 0.00909519 1252.65 92.9047
364.151 -0.878562 1.96716 322.331 0.878234 -1.27704 968.251 0.503851 0.577976 0.641311 0.608201 581.948 0.326635 1.60523 895.471 92.9047
279.583 -0.70974 -1.571 261.178 0.703567 2.07391 675.86 0.687387 0.789734 0.800003 0.806585 31.6923 0.725409 1.10474 646.125 92.9047
666.763 0.132303 -1.73491 366.068 1.31189 0.58738 1113.13 0.560893 0.872729 0.768569 0.763259 674.316 2.821 1.26444 1008.23 92.9047
418.217 0.374524 -1.25863 251.839 -0.609451 1.78123 742.937 0.441923 0.744821 0.60499 0.758062 253.503 -1.43471 0.147006 640.161 92.9047
478.411 0.703692 0.38037 274.524 0.33876 -2.05039 707.945 0.670538 0.399477 0.496534 0.374607 607.265 2.15936 1.72898 739.421 92.9047
338.148 -1.40923 -2.79369 265.568 0.943758 1.09378 1049.81 0.770504 0.811906 0.800397 0.756865 264.349 -1.33662 1.43899 721.482 92.9047
281.437 -0.097291 -2.63874 254.662 1.56292 0.690721 747.546 0.820586 0.542758 0.757048 0.640056 177.071 3.02842 0.62807 606.46 92.9047
357.616 0.211581 2.92985 290.581 0.0870519 0.415115 646.925 0.648641 0.41007 0.689651 0.633952 269.237 -1.66126 1.48331 644.565 92.9047
588.255 -0.85312 2.34468 540.399 -0.547058 -1.12356 1144.66 0.630264 0.300022 0.665185 0.784357 95.7939 2.38008 0.0369351 1386.43 92.9047
600.764 0.108839 -1.69192 302.785 -0.770186 1.29963 946.689 0.758024 0.497437 0.758713 0.691439 306.246 1.98214 0.021261 888.878 92.9047
368.174 0.587242 -1.51863 311.863 1.94619 1.59727 857.054 0.81927 0.664292 0.772051 0.699528 235.07 1.98623 0.363964 640.826 92.9047
469.312 -0.446529 -2.58063 270.511 -1.09801 1.25491 722.943 0.475693 0.436131 0.765431 0.768922 354.941 -0.695635 1.88448 709.477 92.9047
319.314 -0.771247 1.97357 317.705 -0.561706 -1.66657 633.81 0.595688 0.753539 0.793595 0.832647 616.833 0.903327 0.656729 637.092 92.9047
478.419 -0.433897 1.06238 400.842 -0.551709 -1.01345 769.792 0.434405 0.671971 0.670188 0.841602 717.789 -2.7263 0.354182 865.203 92.9047
413.893 1.34322 0.654428 266.395 0.0104639 -2.08527 816.015 0.759426 0.693256 0.779614 0.808586 316.025 2.20804 1.54893 646.922 92.9047
779.41 -0.387336 -3.10721 580.252 -0.0449716 0.464542 1348.27 0.797587 0.598768 0.783709 0.580746 369.423 -1.42103 1.67993 1336.29 92.9047
1134.33 0.7825 2.32166 468.855 0.81008 -0.895438 1491.23 0.395542 0.165736 0.637417 0.839044 192.906 -0.0478821 0.762011 1620.9 92.9047
549.703 0.955729 0.732667 366.934 -0.335443 -2.1367 1124.7 0.135843 0.798833 0.742234 0.79317 89.8777 2.86242 1.28077 915.018 92.9047
339.786 -0.357374 -0.813397 251.21 1.02532 -0.281998 479.392 0.747441 0.377299 0.712951 0.432389 174.224 1.74485 0.744604 774.035 92.9047
285.091 0.938859 -1.70263 256.225 1.98403 1.76676 632.882 0.767212 0.291739 0.776473 0.722076 161.89 1.73514 0.189075 618.423 92.9047
372.013 0.630178 2.76736 281.678 0.651533 0.228925 643.219 0.801422 0.719851 0.771714 0.789655 343.674 -1.55023 1.50126 733.182 92.9047
315.673 -0.982412 0.804214 272.746 0.117387 -2.19661 693.088 0.238407 0.669916 0.678935 0.815327 335.029 -2.53209 0.338957 596.122 92.9047
708.888 -0.273738 1.21954 294.123 -0.905761 -1.50752 951.568 0.653142 0.378797 0.749178 0.727658 378.528 -3.01544 1.14488 1086.71 92.9047
362.711 -1.1289 2.71015 282.063 -0.889694 0.283532 613.234 0.37856 0.285764 0.778202 0.742856 447.91 -2.89662 0.677161 780.373 92.9047
367.843 0.743524 -1.07062 291.974 1.24124 0.83391 617.563 0.727272 0.40465 0.68006 0.713533 490.127 2.90324 0.0310376 707.064 92.9047
372.339 0.724962 -2.8607 323.287 0.0577311 -0.11618 733.329 0.698226 0.527596 0.667354 0.824537 183.493 -2.08938 0.777958 749.242 92.9047
364.675 1.44171 -0.816203 342.207 -0.735284 -2.28171 1047.61 0.786072 0.658135 0.766469 0.800162 106.14 1.95461 0.174773 853.426 92.9047
311.936 1.53997 -1.53947 253.803 -0.197192 1.60847 800.74 0.496203 0.556454 0.871357 0.736055 242.412 -1.91048 0.369598 577.538 92.9047
316.491 1.06921 0.345301 310.759 0.202605 2.44478 620.164 0.781931 0.537614 0.764286 0.646033 406.286 -2.54642 1.29752 889.398 92.9047
403.526 0.714983 -2.62961 292.037 -0.874139 0.788734 913.715 0.53326 0.633643 0.638921 0.624662 241.08 -0.626162 1.3016 726.264 -92.9047
381.772 -0.429592 2.60745 374.55 0.823252 -1.36551 860.115 0.297147 0.842994 0.672175 0.788887 510.119 0.248246 1.14048 820.626 92.9047
514.461 0.26796 1.76908 269.967 -0.89016 -1.97947 857.926 0.497226 0.519173 0.714806 0.630731 601.833 -0.860229 0.14738 803.633 92.9047
285.122 -0.0812112 -0.124997 283.138 0.686106 -0.937176 333.127 0.756898 0.707304 0.66656 0.647301 299.579 2.30583 0.252897 658.94 92.9047
427.628 -0.544735 -1.39316 413.309 -1.32122 1.58391 941.861 0.444545 0.808049 0.463774 0.87939 318.79 -2.86056 1.34984 829.456 92.9047
554.299 0.13771 1.99198 287.973 -0.35796 -1.04753 831.461 0.337686 0.581597 0.655542 0.685435 331.855 -0.77075 0.266995 941.928 92.9047
579.404 1.16136 -1.6514 402.077 0.586085 2.06125 991.035 0.681893 0.261403 0.736622 0.750788 318.305 -0.0407076 0.00853044 1024.32 92.9047
385.012 0.876375 -2.82878 277.453 0.87208 0.555333 689.683 0.222623 0.294551 0.540373 0.633269 212.954 -1.23139 1.42252 676.553 92.9047
416.093 1.2312 -0.508909 325.727 0.917397 -3.12207 745.268 0.67017 0.552144 0.822932 0.639032 391.361 1.74764 0.538247 731.689 92.9047
471.183 0.791421 2.1876 314.528 -0.200014 -1.89345 808.796 0.624387 0.595545 0.796131 0.629393 616.384 0.242411 1.67391 754.669 92.9047
368.701 -1.00641 1.51522 284.781 1.19128 -1.89411 1107.56 0.694922 0.126741 0.660514 0.807759 100.708 0.0155172 0.532372 684.152 92.9047
349.191 0.133774 -1.14949 263.451 0.454855 -3.0086 508.852 0.247225 0.701311 0.765587 0.770599 1118.6 1.70368 0.45645 631.172 92.9047
329.501 -0.518891 -1.96793 292.892 -0.273054 1.33477 643.265 0.602885 0.707295 0.774007 0.662796 49.9222 1.72576 0.37891 624.511 92.9047
520.798 0.193847 0.617037 446.254 -1.1279 -3.00282 1192.44 0.294541 0.72678 0.72383 0.829172 529.859 -0.973764 1.24477 936.623 92.9047
306.928 0.664662 -1.62519 268.377 0.150395 -2.99741 418.707 0.808978 0.47403 0.818683 0.85253 84.9254 1.32311 0.24462 690.14 92.9047
317.627 0.780295 -2.27507 313.082 0.964178 1.66527 597.784 0.699068 0.507049 0.858259 0.747551 154.57 -1.59044 0.682964 693.319 92.9047
408.502 -0.649604 0.266215 358.698 -0.461587 -2.4465 762.242 0.373977 0.733227 0.800853 0.687083 269.878 2.21286 1.61474 740.684 92.9047
291.149 -0.883668 1.27142 278.868 0.736609 -2.10508 806.07 0.654648 0.218118 0.772128 0.824898 137.546 -1.65726 0.143605 545.051 92.9047
555.749 -1.0732 0.21039 323.267 -0.301149 -2.15763 865.857 0.350207 0.625323 0.822195 0.744879 411.263 2.59473 0.0306947 966.872 92.9047
448.593 0.509033 1.03673 251.305 -0.17473 -2.62684 716.293 0.491832 0.35063 0.791947 0.863549 373.761 -1.32672 1.31048 675.01 92.9047
307.228 0.347941 -1.81746 276.249 0.46778 0.918781 610.629 0.185315 0.751931 0.665783 0.744597 129.164 2.52398 0.310919 688.103 92.9047
494.736 0.741961 2.69318 484.913 0.532799 -0.218757 992.55 0.577102 0.852299 0.787333 0.844919 143.057 -2.08158 1.51376 947.644 92.9047
669.937 0.544632 -1.89369 263.294 0.353501 1.35568 861.685 0.698057 0.586474 0.757372 0.562241 98.929 0.586899 0.612265 914.043 92.9047
385.889 0.218598 -2.55382 304.528 0.297641 0.716412 705.414 0.163037 0.473845 0.836143 0.378331 528.714 -1.9919 0.419616 709.175 92.9047
350.358 0.170806 -1.89509 266.858 0.645726 0.403734 592.048 0.447901 0.811593 0.842125 0.765334 591.37 2.04903 0.942488 612.601 92.9047
383.894 1.26615 0.211563 280.482 0.417976 2.75622 702.448 0.69492 0.397581 0.754314 0.734923 422.969 -1.59349 1.82952 628.214 92.9047
368.323 0.0262683 0.320217 278.209 -0.0481718 -2.32219 626.205 0.773794 0.632926 0.63739 0.783864 139.824 -1.19609 1.12758 699.013 92.9047
399.82 0.238332 0.0649169 257.531 0.837541 2.18997 601.64 0.622392 0.73648 0.767477 0.752515 123.578 -3.00522 0.966015 694.801 92.9047
312.762 0.363682 2.32325 277.256 1.04506 -0.0157358 618.195 0.352575 0.322635 0.748494 0.799973 414.816 -2.55711 1.30946 568.366 92.9047
292.338 0.650754 -0.368584 286.018 -1.06597 2.8959 814.946 0.762739 0.670578 0.678437 0.756631 130.393 1.60068 0.163916 732.439 92.9047
313.076 0.34994 0.758153 253.209 0.165468 -1.84082 564.841 0.753197 0.647819 0.827006 0.800127 227.293 2.39234 0.443208 589.668 92.9047
292.189 0.24442 -1.03622 289.71 -1.20508 0.794363 665.395 0.757142 0.798214 0.832758 0.800309 652.297 -2.67319 0.0106275 608.568 92.9047
610.94 0.526051 -1.52858 393.816 0.269264 2.02721 979.881 0.788317 0.742891 0.77899 0.829896 236.446 1.59737 0.421061 1108.85 92.9047
440.686 -2.12809 0.277112 299.586 -1.29383 1.81735 606.414 0.742166 0.373757 0.77907 0.682123 264.411 -2.01428 0.2119 1101.42 92.9047
419.71 -0.472085 1.29071 383.362 -0.30183 -1.45813 823.175 0.528289 0.383013 0.782366 0.773845 184.495 -1.87093 0.305511 834.2 92.9047
881.308 -0.369635 -2.99549 270.029 -0.439832 -0.371058 955.324 0.599661 0.509188 0.725697 0.62456 388.116 2.80707 0.489485 1472.96 92.9047
462.231 0.537713 1.36833 290.232 0.396766 -1.4397 755.572 0.508799 0.277227 0.754613 0.562154 182.578 2.98788 1.27907 748.064 92.9047
532.919 0.0207289 -1.72409 250.292 0.718734 1.77448 777.833 0.83058 0.755786 0.814066 0.666668 578.516 0.64965 1.13954 783.072 92.9047
410.053 -0.354493 -2.67249 283.355 -0.0902245 -0.0546079 674.569 0.73803 0.693704 0.804712 0.745197 137.696 1.21345 0.772461 751.667 92.9047
483.895 -1.16492 -1.76968 260.034 -0.520423 2.0285 718.013 0.788738 0.283055 0.821023 0.783157 172.384 1.10896 0.90275 851.285 92.9047
333.085 -0.883976 2.31979 268.308 0.0917368 -0.366686 665.886 0.226619 0.575765 0.666927 0.708689 137.103 -1.80708 0.318026 614.647 92.9047
333.494 0.627711 1.84801 270.13 -1.41227 -2.21214 914.132 0.759874 0.762616 0.753638 0.843408 419.831 0.14186 0.33481 723.347 92.9047
307.607 0.698393 1.11677 296.476 0.381113 -2.23221 622.812 0.895083 0.791946 0.712853 0.779869 200.894 -0.737683 1.49028 663.373 92.9047
427.018 0.0682248 2.40578 261.546 -0.0429201 -2.28323 499.797 0.489719 0.738578 0.83812 0.754477 483.651 -0.027214 0.562241 800.815 92.9047
316.992 0.139497 -2.55935 305.208 1.85208 1.08945 902.037 0.261071 0.54214 0.72509 0.808451 286.44 -1.19941 0.638443 622.355 92.9047
337.735 -0.0263051 -1.51826 288.219 -1.58301 2.75776 767.163 0.768681 0.759046 0.89335 0.873019 549.563 0.457786 0.704052 689.411 92.9047
495.987 0.862087 -0.861024 335.351 -0.190401 1.86985 927.487 0.626285 0.640536 0.698904 0.658845 286.171 -2.77103 1.65217 796.482 92.9047
467.334 -0.653916 2.59463 348.774 0.101954 -0.554004 915.76 0.562422 0.218433 0.669781 0.682451 233.611 -2.53591 1.11074 823.907 92.9047
429.795 1.21675 -1.15889 319.901 0.670628 1.9686 786.871 0.360973 0.461389 0.623593 0.777309 80.9325 2.26602 0.296029 753.225 92.9047
266.435 -1.30289 0.255117 264.202 -0.0670305 2.53769 610.727 0.618347 0.80726 0.696471 0.788401 436.243 -1.37871 0.0726609 537.669 92.9047
463.881 0.0332505 2.85372 250.749 -0.69074 0.385562 700.664 0.78868 0.692397 0.78484 0.79245 421.282 -1.57618 0.458146 715.583 92.9047
569.907 -0.455559 -1.89314 388.204 -0.668223 1.45843 966.463 0.277372 0.469381 0.603544 0.634643 231.379 0.117611 1.32882 942.896 92.9047
343.372 0.73709 2.28114 308.106 0.671034 -1.79743 587.729 0.716465 0.774292 0.706818 0.798229 309.675 -0.440064 0.019186 867.909 92.9047
296.899 0.888637 -1.8653 265.68 -0.0470207 0.870696 635.064 0.433152 0.669283 0.66503 0.652853 372.318 -2.98273 0.962704 543.292 92.9047
639.836 -0.0923624 1.12993 270.381 0.163185 -1.94914 858.561 0.717357 0.464225 0.553054 0.802669 585.937 -2.01297 0.150281 946.454 92.9047
348.898 0.477173 0.560296 338.023 -0.739334 -2.93672 817.776 0.744887 0.691077 0.765948 0.821754 185.372 -1.94202 1.00197 730.797 92.9047
401.712 1.26142 1.37458 302.079 0.277316 -2.26989 786.853 0.448673 0.597418 0.636355 0.701238 35.5406 -0.79765 1.2682 980.8 92.9047
484.478 -0.435711 -1.29335 339.8 0.242974 1.36436 849.381 0.578239 0.767263 0.688142 0.810893 152.931 -0.436962 0.83227 1043.88 92.9047
422.699 0.829888 -0.870219 367.78 0.570143 2.93812 783.307 0.697871 0.158181 0.746059 0.87037 419.373 1.42234 0.518655 884.872 92.9047
465.639 0.152269 2.40984 462.775 -0.13099 -0.374864 935.654 0.52181 0.451355 0.794795 0.493445 153.013 -1.49958 0.659438 952.118 92.9047
675.634 0.456612 -1.15637 399.088 -0.697033 1.79786 1216.8 0.444812 0.764506 0.691934 0.697993 83.0334 -2.63944 0.0724976 1097.74 92.9047
270.075 0.566953 -2.95508 268.82 -0.4181 0.755582 598.394 0.797666 0.358426 0.735601 0.745031 612.798 -1.02828 1.79426 509.638 92.9047
321.596 -0.980278 0.183823 261.401 -0.22551 -2.05396 575.17 0.390211 0.398905 0.732067 0.579235 164.083 -0.0801791 0.261652 676.355 92.9047
483.814 0.658443 -1.67688 411.828 0.0657494 0.547191 877.702 0.697848 0.515805 0.679861 0.576731 536.765 2.80935 0.107296 885.742 92.9047
546.059 0.0570305 -0.285466 268.235 0.434033 2.13247 737.494 0.785547 0.426979 0.775248 0.802802 669.371 -1.85288 0.307246 900.561 92.9047
477.34 -0.838995 -2.36716 360.29 -0.866597 -0.427125 704.07 0.664869 0.424952 0.760345 0.762415 836.703 1.31141 0.467096 809.088 92.9047
354.275 -0.306575 3.06691 324.481 0.778111 -1.59643 635.922 0.279193 0.590659 0.783835 0.738473 111.087 0.163954 0.6162 716.269 92.9047
408.067 -0.0628977 -0.536231 294.9 1.18345 -2.99377 810.204 0.79441 0.742208 0.830457 0.73983 381.349 2.21184 1.07614 751.23 92.9047
621.852 -0.185608 3.1115 527.053 0.363845 -0.360685 1185.24 0.635008 0.778697 0.548336 0.816781 108.513 0.758366 0.440206 1235.87 92.9047
634.711 -0.463893 1.98696 461.551 -1.87147 -1.77611 1334.52 0.834538 0.384034 0.794713 0.779988 358.474 -0.825066 0.757657 1136.89 92.9047
608.348 -0.926047 1.38255 253.891 -0.358995 -1.63011 846.964 0.297157 0.448468 0.84008 0.807026 92.6988 -2.67381 0.657178 876.604 92.9047
456.154 0.169907 2.96235 401.604 0.401822 0.0142866 868.175 0.754869 0.606733 0.785313 0.690339 131.378 -2.10194 0.895555 863.51 92.9047
902.208 0.228445 -0.720026 446.486 0.396098 1.93392 1246.46 0.724293 0.729627 0.775954 0.731152 467.733 2.57531 0.647116 1406.18 92.9047
308.766 0.521775 -2.36344 303.457 0.153656 1.59893 589.481 0.659705 0.397954 0.551503 0.584819 98.5408 2.58833 0.929141 796.202 92.9047
364.703 -0.470112 1.28279 260.967 0.0890298 -2.1663 646.328 0.525666 0.664627 0.70309 0.715544 99.4994 -0.464513 0.460098 614.441 92.9047
630.617 1.24792 -1.91217 358.109 0.60303 1.8745 972.993 0.779392 0.451576 0.743796 0.652511 341.884 -0.578316 0.704101 998.516 92.9047
520.336 -1.52334 -1.56811 251.413 -1.52846 1.01629 726.298 0.741853 0.328552 0.742975 0.8172 971.911 1.99079 0.378626 745.802 92.9047
292.944 0.592118 -1.74756 273.037 -1.71277 2.18708 968.346 0.77965 0.464357 0.766982 0.762399 269.585 -1.89081 0.141018 776.025 92.9047
618.24 -1.02093 -0.110042 340.705 -1.61692 1.94607 842.609 0.692482 0.79647 0.820961 0.663331 532.56 -2.58432 0.160444 959.796 92.9047
506.051 -0.817223 -2.29907 328.065 -0.760925 0.315801 797.054 0.861753 0.597988 0.852895 0.795641 262.018 2.76271 1.22035 908.771 92.9047
512.728 0.159375 -1.99388 424.677 0.0335764 0.986049 947.307 0.48039 0.795973 0.781173 0.760092 746.007 1.38262 0.389556 943.479 92.9047
395.476 0.229287 2.09632 265.472 -0.410054 -0.900271 698.665 0.544345 0.503996 0.670032 0.829598 143.954 -2.51569 1.62059 637.758 92.9047
636.623 -0.876568 1.60362 533.776 1.27892 -1.37935 1919.46 0.801801 0.618567 0.785088 0.763593 274.049 1.66289 0.0640153 1690.74 92.9047
357.971 0.0958068 3.06847 341.7 -1.2641 -0.423609 864.455 0.786611 0.493133 0.692449 0.817819 296.549 1.92018 0.51169 703.601 92.9047
569.895 -0.487367 1.50633 402.055 -1.12106 -1.93889 1026.69 0.456381 0.150619 0.697234 0.861244 374.46 -0.929702 0.426076 971.697 92.9047
315.551 0.370784 -0.497494 254.878 0.0234599 2.23692 571.561 0.447259 0.642937 0.688253 0.467823 262.574 -0.443024 0.05476 596.116 92.9047
334.033 0.704184 3.07956 287.865 1.11673 -0.202578 647.466 0.801332 0.603465 0.779777 0.745204 211.906 0.627514 0.46143 600.731 92.9047
403.023 -0.755137 -0.638399 254.858 -1.46531 -2.821 625.834 0.754282 0.70211 0.860847 0.768972 610.297 1.84961 0.0882562 671.228 92.9047
272.401 0.335412 -0.775109 260.534 -0.111456 2.03339 549.685 0.536946 0.558472 0.802306 0.788018 211.602 -2.48906 1.71018 506.48 92.9047
313.731 1.1862 3.03816 272.673 0.480449 0.982167 552.392 0.350582 0.842049 0.862143 0.784018 172.546 -1.48785 0.262707 725.258 92.9047
356.725 0.153983 0.741168 264.746 -0.701582 -2.34603 679.846 0.712674 0.667911 0.663563 0.78787 315.666 -2.95788 0.478178 803.952 92.9047
833.489 -0.182046 -1.30733 663.636 0.94087 1.48443 1834.16 0.0513385 0.0504577 0.511141 0.767243 129.782 -0.859428 0.152523 1605.53 -92.9047
533.998 0.352951 1.51835 356.731 1.08451 -1.14642 917.039 0.756767 0.834015 0.739141 0.761178 522.058 -1.66254 0.511301 1017.97 92.9047
483.936 -0.576106 -2.78194 282.371 -0.501062 0.557565 773.015 0.406439 0.840501 0.628869 0.766687 194.893 -2.07944 0.618196 788.987 92.9047
288.35 -0.183687 -1.2164 264.304 0.578314 1.52131 586.394 0.534788 0.29878 0.42777 0.114791 114.421 2.51464 0.14377 765.579 92.9047
412.211 0.543639 2.0643 255.718 -0.565452 -0.0276123 685.278 0.725114 0.305925 0.789585 0.670142 413.711 -2.41231 1.06585 771.75 92.9047
537.786 0.0514646 -2.76461 330.497 0.613858 0.395571 896.442 0.562055 0.189772 0.763074 0.488904 21.9515 -1.07256 1.1791 872.114 92.9047
597.978 0.435665 2.40492 263.365 -0.365379 -0.685323 892.456 0.371073 0.434495 0.791495 0.584369 445.069 -0.735886 0.0101593 828.243 92.9047
590.314 0.537527 -0.63462 574.119 -0.427916 2.53871 1331.37 0.466909 0.63008 0.800091 0.512214 129.853 1.97762 0.518076 1114.32 92.9047
356.05 0.206261 0.835374 253.107 -1.67548 -2.96295 878.705 0.716263 0.424437 0.730881 0.745022 603.297 -1.82806 0.806764 582.116 92.9047
328.966 0.437401 -0.552526 256.865 0.13882 2.50361 598.35 0.663417 0.588756 0.659088 0.503197 427.35 -0.232905 0.316259 686.672 -92.9047
344.783 0.557689 -0.712005 314.358 0.9839 2.73107 679.259 0.782267 0.672098 0.611962 0.783898 356.19 1.98376 0.736167 721.742 92.9047
529.877 0.0575019 1.44019 491.333 0.98853 -1.47351 1141.86 0.286744 0.686267 0.760917 0.602662 40.0097 3.13501 0.438843 1129.92 92.9047
495.456 -0.0692175 -1.32118 278.203 -1.41188 -2.94661 770.742 0.684938 0.636365 0.764083 0.741767 627.034 1.28171 0.541302 900.239 92.9047
483.064 0.0389261 -0.433901 390.682 0.212986 -3.08422 880.725 0.282592 0.764423 0.731971 0.759776 166.958 0.923563 0.848381 923.245 92.9047
847.368 -0.777508 -0.334634 432.207 0.131329 -2.87191 1332.02 0.712172 0.403196 0.73849 0.755325 547.308 1.93952 1.43756 1237.86 92.9047
371.975 0.407823 -1.63987 255.186 -1.44579 2.75465 837.287 0.737193 0.756622 0.85648 0.835181 444.015 0.716137 0.262693 698.389 92.9047
469.953 -0.711676 -0.933988 385.545 -0.810044 1.798 845.695 0.660547 0.763824 0.71537 0.759045 149.286 -2.9145 0.309231 856.829 92.9047
516.551 0.78442 -2.79744 311.843 0.110187 0.312322 887.694 0.295035 0.553477 0.379925 0.766156 167.049 -0.643168 0.942671 829.38 92.9047
297.608 -0.922886 2.6362 263.131 -0.929947 -0.131264 587.215 0.426392 0.305951 0.806693 0.739783 469.056 -1.04365 0.788983 789.091 92.9047
333.886 0.451953 2.4733 307.701 -0.395685 -0.51029 719.565 0.668684 0.253349 0.731606 0.82211 192.308 -2.09049 1.25181 680.185 92.9047
399.116 -0.159171 2.0067 296.69 -1.73768 -2.15594 863.761 0.555835 0.802238 0.553567 0.746818 450.046 -0.412126 0.647101 719.238 -92.9047
430.008 -0.342738 -0.176477 271.151 1.12474 3.13506 895.475 0.386667 0.766659 0.680506 0.834017 222.056 0.423587 0.561252 657.195 92.9047
579.573 0.504763 0.779944 526.938 0.379576 -2.1528 1150.79 0.114294 0.542882 0.731001 0.778945 260.925 2.11912 0.824963 1100.09 -92.9047
339.118 0.103464 3.00418 297.384 1.37289 0.0846669 776.481 0.464901 0.380533 0.844778 0.895324 314.027 -2.71184 0.200234 615.724 92.9047
805.101 0.859898 -0.724606 416.89 1.87659 2.51494 1320.14 0.775531 0.833073 0.81789 0.733579 190.447 1.9938 0.516203 1235.08 92.9047
325.499 0.426202 -1.71203 310.358 0.115077 1.00717 649.82 0.739211 0.176665 0.734672 0.771347 129.558 -2.7871 1.08677 593.414 92.9047
360.639 -0.246907 -2.87182 357.071 -0.718331 0.508434 747.847 0.512186 0.563405 0.677816 0.637535 370.995 -2.29321 0.576084 711.913 92.9047
406.627 -1.32495 -1.25287 263.283 -0.924944 2.04579 674.116 0.552686 0.711561 0.73834 0.767622 235.642 1.68416 0.358715 680.089 92.9047
530.29 -1.38835 0.550242 263.038 0.264168 -2.36456 1026.07 0.762214 0.537406 0.802121 0.750336 139.551 1.84232 1.29878 812.25 92.9047
279.983 -0.275115 1.07331 257.402 -0.610841 -2.3164 554.631 0.439186 0.629296 0.665034 0.72499 215.595 1.09124 0.00169134 586.25 92.9047
593.657 0.277136 -2.83145 451.914 0.398745 0.389113 1045.79 0.710481 0.738357 0.510514 0.83828 390.163 1.56986 1.17433 1288.88 92.9047
495.744 0.772037 1.11617 373.51 -0.538643 -1.64968 1059.39 0.463001 0.553638 0.398932 0.732946 519.237 -2.3169 0.663673 881.884 92.9047
337.46 -0.998356 1.76103 328.977 0.31876 -1.77238 816.805 0.754645 0.749199 0.79012 0.824061 526.441 0.197045 1.20732 812.971 92.9047
322.877 0.690815 -0.89164 270.656 2.46113 -2.95677 823.817 0.300358 0.552831 0.752912 0.766926 317.745 1.76828 0.521919 646.022 92.9047
460.105 -0.806361 1.61032 371.914 1.41642 -0.644219 1363.43 0.86086 0.493169 0.615714 0.686933 85.4188 2.35705 0.753346 1114.5 92.9047
301.834 -0.965122 0.230254 286.485 -1.34014 -2.26381 589.664 0.684186 0.277767 0.653591 0.804846 386.405 1.06792 0.84282 799.868 92.9047
588.842 1.14868 1.6216 534.731 0.224625 -1.49205 1250.53 0.793983 0.711107 0.895494 0.734424 217.241 -1.32257 0.172597 1161.7 92.9047
345.63 -0.473273 -1.62072 313.946 1.16991 1.01884 884.264 0.482516 0.768897 0.603967 0.821409 295.988 3.06449 1.11958 722.751 92.9047
455.974 -0.0790227 -1.93439 309.028 -0.169436 2.51178 609.126 0.542524 0.472531 0.846726 0.80229 627.212 0.582725 1.41687 441.599 92.9047
269.64 -0.770453 -1.68635 259.88 2.4513 0.571631 1364.03 0.794461 0.808888 0.78513 0.747792 458.757 2.9288 1.6657 647.717 92.9047
723.628 -0.375732 2.39613 254.144 -0.67069 -1.25108 852.271 0.629772 0.813913 0.583628 0.754818 474.055 0.409514 1.66605 947.411 92.9047
472.425 -1.35982 0.672051 282.468 -0.857337 -2.59883 774.708 0.558877 0.610142 0.653918 0.63091 57.8866 -0.0558758 0.728059 733.587 92.9047
280.292 -0.0331221 -1.33975 274.573 0.14285 0.928843 533.499 0.70513 0.578305 0.759955 0.780833 53.2422 1.21845 0.0722181 778.405 92.9047
686.288 0.355866 2.86889 335.436 -0.454661 -0.389045 1093.68 0.24332 0.311128 0.624178 0.708694 264.432 -0.540478 0.273928 1150.84 92.9047
747.922 -0.437012 0.885656 359.203 -0.819343 -2.18399 1062.53 0.689695 0.627345 0.694504 0.604118 172.561 2.65976 1.44497 1092.52 92.9047
479.302 -1.1488 0.348402 371.889 -0.420565 2.56339 836.401 0.435972 0.511411 0.747124 0.745119 485.042 -1.28479 0.472816 447.682 92.9047
323.059 -0.450782 1.34058 301.045 -1.20089 -2.09772 675.368 0.534941 0.650417 0.748754 0.829351 369.014 -1.35173 0.716599 596.732 92.9047
604.716 -1.21611 -0.641359 410.11 -0.279135 2.87235 1106.91 0.560873 0.403571 0.811388 0.80678 237.272 2.39698 0.465991 1066.88 92.9047
390.455 -0.50305 -1.27943 261.642 -0.199638 0.372458 485.972 0.776813 0.659192 0.766011 0.648914 519.818 2.6382 0.476319 745.481 92.9047
846.713 0.082139 -0.061882 514.239 -0.485527 3.11767 1382.56 0.732663 0.789284 0.738505 0.788252 83.4898 0.423148 0.487712 1363.26 92.9047
711.045 0.139567 -2.72703 372.466 0.242482 0.0745845 1024.4 0.737828 0.659039 0.602587 0.708008 214.68 1.60663 0.891287 1197.94 92.9047
284.79 1.18329 -2.72475 272.14 0.12234 -0.547689 587.387 0.82492 0.684191 0.750003 0.772607 306.093 1.36167 0.320685 717.735 92.9047
479.553 -0.586346 -1.87685 377.768 0.927103 1.66544 1104.18 0.621453 0.507223 0.732033 0.895291 177.997 0.688378 0.41532 948.562 92.9047
735.581 -0.919257 0.373795 406.21 0.913362 3.05259 1568.37 0.575485 0.838182 0.520116 0.775446 394.426 -1.81281 1.30161 1159.89 92.9047
503.279 0.0720025 2.05353 353.989 0.467225 -1.77178 825.665 0.557611 0.835781 0.786298 0.77037 446.593 -2.46974 0.698655 1162.35 92.9047
511.413 0.339169 -1.52207 307.258 -0.406654 1.33538 871.68 0.668797 0.789516 0.683015 0.858459 664.888 -2.66236 0.524718 879.536 92.9047
418.885 0.482479 2.09135 289.562 0.475826 -1.97683 636.749 0.627317 0.728384 0.864481 0.7852 705.833 -0.594544 0.0169787 728.092 92.9047
629.701 -1.0404 1.12543 388.085 1.34341 -2.10654 1788.33 0.614984 0.299523 0.734275 0.860806 365.953 -1.87103 0.219469 1061.7 -92.9047
688.297 0.236345 0.264791 283.415 -0.445385 2.90694 922.748 0.787949 0.592449 0.773378 0.743514 341.368 -1.06557 0.773415 1018.71 92.9047
441.928 -0.0805669 1.2382 259.648 -2.32001 -0.828224 1113.9 0.826489 0.843706 0.870634 0.773453 174.415 3.0131 0.883869 778.534 92.9047
360.523 -0.589023 0.0156015 259.914 0.469227 2.47434 687.845 0.453411 0.60774 0.698188 0.747061 211.651 -0.564139 0.258938 704.678 92.9047
588.118 -0.651486 2.29614 261.886 -1.04651 -0.264374 784.235 0.766145 0.84026 0.739729 0.796461 451.228 -1.72746 0.971663 821.814 92.9047
588.747 -1.29008 -2.94412 332.235 -1.22291 1.37459 748.543 0.688933 0.808445 0.799333 0.807127 644.887 -0.278013 0.192774 935.991 92.9047
376.042 -1.29821 -3.01971 371.647 -0.136055 2.39039 580.309 0.828055 0.750727 0.78332 0.778578 280.924 -2.06796 0.953698 755.028 92.9047
475.151 -0.495059 0.973703 311.018 -0.435195 -1.92337 779.588 0.584287 0.550605 0.706752 0.591613 298.377 2.12032 1.1222 761.573 92.9047
403.378 -1.21901 -2.50566 310.966 0.399475 -0.608861 863.986 0.647749 0.734004 0.690587 0.720101 754.7 1.37248 0.188931 727.676 92.9047
466.436 -1.18586 -2.18719 406.396 -0.215914 1.13073 1000.31 0.658012 0.782766 0.709884 0.799173 391.494 -1.72118 0.00233018 874.582 92.9047
525.313 -0.605135 2.31342 346.805 0.489639 -1.45456 973.818 0.624916 0.387859 0.716477 0.83798 219.781 1.49641 0.815787 977.822 92.9047
410.373 -0.256972 -1.7015 380.616 -0.372822 2.39508 721.405 0.711859 0.320232 0.778962 0.608461 224.309 0.272974 0.115341 847.411 92.9047
371.046 -0.824875 3.01168 343.32 -1.60007 0.299663 791.773 0.470479 0.716549 0.553246 0.800428 339.328 -1.91963 0.641648 714.469 92.9047
608.838 -1.43755 -2.36979 273.68 -0.456985 -0.264748 854.134 0.816879 0.24868 0.812512 0.745639 896.755 1.25469 0.0782298 735.862 92.9047
540.598 -0.735676 1.95951 427.717 -0.557231 -1.50126 970.763 0.614664 0.438782 0.62 0.82119 229.897 0.0457359 0.787814 963.127 92.9047
436.971 0.879076 2.4524 321.989 1.75959 -0.422841 828.651 0.814209 0.715065 0.807082 0.83768 231.739 -1.21084 0.140246 827.874 92.9047
323.06 0.490941 0.26419 273.023 1.36993 -2.36304 642.271 0.882239 0.620364 0.845442 0.389239 537.479 3.06573 0.330297 633.828 92.9047
290.094 1.09821 -1.6845 254.202 -0.701218 1.15021 784.005 0.760624 0.575234 0.761592 0.765759 242.931 1.78265 0.610302 564.415 92.9047
461.734 -1.47358 -1.638 275.837 -0.207147 2.10213 860.246 0.676807 0.404146 0.614672 0.793834 655.39 0.700622 1.32506 812.501 92.9047
340.661 0.0487748 -1.24422 320.137 -0.110658 2.16708 679.482 0.829661 0.616378 0.809515 0.749747 292.666 2.06394 0.125735 905.899 92.9047
374.799 0.871236 -0.561681 305.811 -1.59051 1.87709 1241.61 0.755842 0.834529 0.771972 0.799119 186.159 2.78188 0.722141 865.557 92.9047
501.143 0.11688 2.13094 345.462 1.11856 0.155961 834.78 0.493524 0.369115 0.75513 0.702724 291.958 -1.34414 0.201553 1092.14 92.9047
408.98 -1.44595 3.0204 322.825 0.401672 0.251469 1066.32 0.72952 0.541713 0.736919 0.834994 189.071 -2.33084 0.9394 713.639 92.9047
519.468 0.264944 -1.64671 450.686 -0.299486 2.40712 934.639 0.636678 0.757225 0.789422 0.71357 614.359 0.332476 1.53121 922.898 92.9047
442.494 0.244994 1.80979 374.369 -0.486514 -0.80371 854.455 0.762742 0.418111 0.667906 0.717814 411.384 -2.85376 1.35631 838.792 92.9047
455.94 -0.579303 -1.97184 261.719 -0.214857 0.98419 720.592 0.195347 0.584399 0.798149 0.815338 220.76 1.49718 0.0146791 691.529 92.9047
466.446 0.155445 2.33551 291.42 1.49543 -1.00427 919.199 0.789653 0.547038 0.780383 0.741865 203.336 0.947691 1.38605 718.666 92.9047
503.545 -0.137676 1.33519 286.221 0.306242 -2.72899 716.362 0.812404 0.312296 0.801202 0.865344 547.918 -0.124422 1.4567 841.761 92.9047
617.151 -0.952661 0.486247 456.719 -0.403089 -1.70551 1000.03 0.728288 0.740306 0.834336 0.802392 465.801 2.37646 0.61533 1242.27 92.9047
358.75 0.824602 -0.0867712 251.937 0.323821 -1.60967 456.988 0.366727 0.696863 0.711867 0.746057 759.296 1.1682 0.0916932 908.205 92.9047
315.799 1.07006 -1.80241 269.255 -0.612329 1.28941 827.139 0.66718 0.405492 0.654307 0.722772 63.3039 1.63491 0.253663 620.805 92.9047
570.499 0.657669 -0.744371 557.136 -1.05563 -2.8779 1478.45 0.67295 0.566802 0.598766 0.69844 473.04 1.53986 0.0299579 1245.25 92.9047
336.158 0.292133 -0.910188 286.275 -0.450116 2.52903 679.187 0.301616 0.467683 0.646271 0.61254 378.804 1.70858 0.583572 610.447 92.9047
458.289 -0.614629 1.84636 306.29 0.255783 -1.75881 831.415 0.733612 0.272726 0.782508 0.798158 278.574 0.881034 0.959246 792.429 92.9047
375.562 -1.21581 2.83746 286.711 0.0964943 -0.206115 841.404 0.765399 0.448068 0.705163 0.567021 100.544 -0.558508 0.096674 654.932 92.9047
302.4 -1.43475 2.74563 273.659 -0.724579 -0.259389 629.025 0.603956 0.716493 0.802202 0.884087 77.7342 2.181 0.200794 810.387 92.9047
468.796 -1.35979 -0.182113 255.748 -1.20561 2.16748 656.513 0.399211 0.336483 0.470088 0.756566 519.975 -1.91852 1.73672 710.881 92.9047
405.367 -0.150531 1.83108 392.432 0.0984548 -0.507474 750.636 0.854735 0.839814 0.820285 0.724855 303.283 -1.96111 0.110093 884.077 92.9047
467.71 -1.01919 -1.26437 282.696 0.0630727 2.05922 862.169 0.22024 0.735964 0.669263 0.764279 289.729 0.927161 1.13137 750.097 92.9047
374.558 -0.524829 -1.32091 341.636 0.498266 1.82149 834.778 0.719071 0.664095 0.849259 0.595256 76.6635 -1.04356 0.274744 741.492 92.9047
518.45 0.720167 0.422531 288.381 -0.7461 2.25446 880.705 0.803157 0.841001 0.796179 0.854261 702.536 -2.30102 0.240891 846.05 92.9047
559.644 -0.226072 -2.28857 304.829 0.347347 1.38002 841.643 0.644342 0.723643 0.719816 0.811831 176.219 -0.566106 1.01991 870.892 92.9047
296.49 0.800166 -2.31022 280.605 0.232212 1.43308 596.093 0.616474 0.539018 0.734293 0.848588 296.733 -0.381959 1.44062 543.899 92.9047
354.061 0.762795 -2.22115 280.813 -0.666295 1.03306 810.377 0.728629 0.657865 0.876944 0.820548 185.159 -0.146056 0.918837 718.924 92.9047
340.976 -0.133715 0.238075 289.578 0.736183 2.58312 684.056 0.638196 0.444642 0.720803 0.470205 422.704 -1.72462 0.0698897 639.64 92.9047
325.764 1.07734 1.01344 298.751 -0.301854 -2.40805 795.954 0.309866 0.771985 0.786063 0.683246 13.5373 0.979713 0.0277597 692.298 92.9047
526.713 -0.379518 -3.07602 361.041 -0.308742 -0.400855 860.27 0.59762 0.183837 0.567858 0.500131 225.755 1.4821 0.966607 1017.86 92.9047
431.725 -0.696068 -1.42879 286.027 0.460108 2.10596 817.844 0.723097 0.83728 0.74753 0.833129 237.385 1.90826 0.194975 856.801 92.9047
269.192 -0.973764 1.23446 253.796 0.939936 -1.29832 775.399 0.826214 0.546588 0.853087 0.661273 285.21 -2.78564 0.852987 528.32 92.9047
605.66 0.49617 2.47055 485.621 1.36018 -0.450879 1202.65 0.665595 0.728505 0.704688 0.799126 203.081 -1.82813 0.985199 1062.11 92.9047
373.128 -0.758695 0.318625 266.557 -0.808613 3.0579 645.211 0.757742 0.304231 0.869393 0.588566 465.717 -2.40261 0.634299 617.579 92.9047
458.733 0.545656 -1.48167 331.35 -0.133495 1.9866 828.793 0.183978 0.758655 0.825882 0.814117 199.755 -0.0204908 1.10957 779.192 92.9047
473.238 -0.773567 -1.75519 378.099 -0.558498 1.08449 846.231 0.616708 0.270976 0.697877 0.696062 156.49 -1.26875 0.480776 915.796 92.9047
569.383 0.720458 2.81421 307.131 -0.354175 -0.688344 955.446 0.275309 0.810123 0.616547 0.873117 263.119 1.99331 0.815663 964.826 92.9047
284.316 -0.119572 -2.12834 274.401 -2.53368 0.00605078 996.087 0.703053 0.611735 0.724544 0.753058 140.603 1.86902 0.0837046 702.992 92.9047
426.088 -1.1674 1.67729 367.811 -0.54625 -1.90653 816.539 0.809851 0.825024 0.7196 0.798175 354.114 1.07512 0.600122 896.663 92.9047
623.346 0.16537 0.976762 327.354 -1.8708 -1.48318 1393.64 0.759425 0.805504 0.818455 0.823605 303.328 -2.06726 0.594662 1109.88 92.9047
386.611 1.73339 2.70892 303.254 -1.11291 -0.193653 1517.65 0.571804 0.148558 0.577106 0.852513 134.433 -1.02629 0.078123 685.556 92.9047
625.457 0.278354 -2.46656 336.889 -0.607723 0.663245 1020.76 0.703578 0.558304 0.726778 0.797063 84.3528 -2.53256 0.0660906 951.319 92.9047
604.675 0.366242 0.815706 281.665 1.30118 3.05615 859.792 0.537338 0.675519 0.651157 0.526257 710.975 -2.28638 0.870013 958.368 92.9047
655.365 0.892075 1.52682 251.528 -0.0398474 -1.34659 912.339 0.662344 0.707683 0.741293 0.718813 141.072 -2.8007 0.623534 889.214 92.9047
600.538 0.0222124 0.666786 492.336 -1.11991 -1.57753 1188.2 0.468403 0.735671 0.67 0.845609 139.277 2.3002 0.0581839 1392.31 92.9047
342.14 0.950922 2.76229 301.348 0.249739 -0.497425 732.572 0.49128 0.646331 0.583274 0.735098 88.3595 2.62676 0.21924 663.263 92.9047
401.016 -0.217286 2.70316 307.218 0.305135 0.65952 643.932 0.294676 0.676167 0.616895 0.746497 579.722 -0.547766 1.21772 944.435 92.9047
355.704 0.620447 -0.19453 351.968 -0.917596 3.0596 939.499 0.608355 0.661674 0.722415 0.836568 250.242 2.73678 0.325549 691.026 92.9047
396.79 -0.273256 1.26241 329.784 -0.312906 -2.84264 656.398 0.778477 0.766877 0.757789 0.790898 410.165 -0.684614 0.152086 754.249 92.9047
319.587 0.863882 -1.97792 266.389 0.904721 0.204139 573.656 0.19306 0.449327 0.61542 0.817657 714.653 2.73615 1.34872 568.791 92.9047
458.84 -1.39758 -1.74329 307.292 -0.526927 0.98385 819.243 0.188132 0.606969 0.821814 0.743757 330.881 2.35217 0.195037 766.897 -92.9047
429.803 1.41887 1.79976 344.033 -0.0227704 -1.18894 991.677 0.583971 0.621124 0.634862 0.778721 234.987 3.0721 1.21378 760.424 -92.9047
416.25 -0.654925 -0.442126 400.537 -0.19921 -2.84147 800.972 0.50121 0.413259 0.660028 0.752945 528.182 1.93433 0.448564 818.273 92.9047
581.501 -0.490517 -1.51936 547.588 -0.52614 1.561 1139.89 0.332874 0.258687 0.633538 0.68343 72.6561 -1.71826 0.19933 1192.19 92.9047
378.587 0.10996 2.92503 288.549 -0.716317 0.687816 670.771 0.605348 0.718867 0.770075 0.834907 341.536 -1.71016 0.126903 695.251 92.9047
423.097 0.311311 1.04808 346.225 0.288827 -2.5481 752.392 0.124326 0.466273 0.601562 0.303206 26.2348 1.28553 0.23577 858.833 92.9047
398.361 -1.72582 0.148724 367.016 0.258738 -2.07903 1131.75 0.708506 0.781837 0.737373 0.77288 408.444 2.7225 1.48124 897.937 92.9047
556.046 0.756632 -1.05304 305.946 0.0426918 1.81511 881.612 0.733325 0.776788 0.763691 0.686794 312.543 -2.65663 1.60348 890.524 92.9047
296.372 0.520717 1.99721 272.804 1.89891 -0.488078 701.036 0.757721 0.150626 0.939789 0.759157 300.196 -2.12702 0.033891 617.274 92.9047
753.779 -0.802575 -2.87351 434.885 0.467827 0.903514 1345.47 0.770741 0.659366 0.711454 0.830795 477.6 -1.31011 1.5573 1236.17 92.9047
316.419 -1.18114 0.0536904 287.47 1.84965 -2.58031 1434.22 0.649204 0.447014 0.595404 0.668408 497.834 1.91082 0.0687248 729.044 92.9047
738.241 0.330944 -2.38548 308.389 -1.28029 1.49643 1244.69 0.747546 0.665646 0.788799 0.813973 778.954 -0.453245 1.93526 1006.88 -92.9047
600.083 -1.27201 -1.20147 540.446 -0.180473 2.72277 1251.97 0.540707 0.820984 0.760835 0.84338 547.419 0.560095 0.367885 1133.17 92.9047
631.722 0.802883 -0.546364 351.83 0.262619 2.15982 967.954 0.685195 0.754428 0.774079 0.826146 245.188 -2.45528 0.136805 1039.94 92.9047
314.107 1.58096 1.75319 285.394 1.29732 -3.12973 431.242 0.358253 0.682042 0.696732 0.682731 609.465 -0.121684 1.26442 786.794 92.9047
542.123 -0.707245 -2.77187 297.733 0.108988 0.376365 904.312 0.763287 0.46661 0.849325 0.716429 252.32 0.876076 0.170948 876.36 92.9047
441.788 -1.27906 -2.68166 343.444 -0.241548 1.28977 842.322 0.808879 0.780321 0.839333 0.757056 713.448 -1.09708 0.82016 767.484 92.9047
334.293 -0.328937 -1.62932 255.416 -0.720843 2.04662 602.938 0.553823 0.53095 0.760736 0.757102 113.611 1.35772 0.536561 627.53 92.9047
575.694 0.659009 1.31911 297.014 0.592955 -2.23374 827.947 0.632351 0.718393 0.761476 0.766122 393.841 -0.284872 1.62009 872.696 92.9047
277.41 0.963939 -1.19006 250.442 -0.565516 2.8944 659.235 0.633327 0.609169 0.735328 0.77139 557.046 1.49353 1.00399 495.272 92.9047
496.313 -0.0723422 2.79662 468.645 0.868994 -0.0872092 1072.86 0.504904 0.667025 0.755533 0.737056 132.248 -3.07331 0.238134 1143.74 92.9047
585.499 -0.872286 0.648467 333.745 1.38447 -1.98427 1498.88 0.730671 0.712983 0.816424 0.747185 316.405 3.12481 1.16012 911.647 92.9047
321.705 0.258652 -2.80909 313.046 -0.208067 0.311888 684.561 0.192558 0.637989 0.776279 0.802303 141.706 0.40936 0.0981659 969.371 92.9047
300.63 0.554352 -3.00134 271.989 -0.441529 1.49595 545.488 0.432685 0.688862 0.757729 0.5828 544.722 -1.29283 1.2325 592.957 92.9047
370.526 -0.0504575 -1.96666 353.289 0.753181 0.894952 783.719 0.5714 0.556869 0.822552 0.767042 274.477 -2.74066 0.763722 748.24 92.9047
422.347 -0.492202 1.37863 289.321 -0.896347 -2.96679 604.49 0.634426 0.715194 0.71311 0.808629 179.062 -2.64437 0.328245 758.719 92.9047
573.923 0.0716105 1.19534 264.185 0.542341 -2.30309 798.905 0.538274 0.78878 0.759731 0.801523 342.155 -1.26724 0.95799 840.916 92.9047
554.209 0.578025 -2.92585 260.677 -0.495242 -0.00597285 898.172 0.580656 0.361067 0.823829 0.737911 515.767 0.612376 0.54167 787.94 92.9047
378.026 -0.127372 -1.2397 298.436 1.55617 1.58505 929.051 0.532499 0.776109 0.760148 0.791808 251.404 -1.52811 0.272862 772.635 92.9047
515.656 0.921309 -0.930567 390.784 0.167764 2.72207 953.849 0.250481 0.750909 0.66158 0.733577 359.867 0.851641 1.7636 885.656 92.9047
306.803 -0.178967 -2.23961 282.677 -0.99353 -0.737022 486.373 0.59748 0.723493 0.748904 0.807792 237.476 2.19039 0.554535 637.113 92.9047
306.339 0.703519 1.9305 304.865 1.10615 -0.361927 587.006 0.809044 0.603661 0.816684 0.737819 507.223 -2.21614 0.524519 613.413 92.9047
496.62 -1.21153 -1.21674 339.738 -1.42919 2.08294 848.241 0.33235 0.153339 0.701709 0.777631 140.587 2.40738 0.208633 819.882 92.9047
465.772 0.429085 -2.89601 273.384 0.30912 0.824761 691.836 0.58597 0.765252 0.560241 0.752582 537.216 -2.14565 0.349287 833.318 92.9047
964.687 0.10588 -2.02756 307.592 0.00542068 1.04481 1099.05 0.633661 0.684164 0.695265 0.698785 136.468 1.64366 0.593567 1299.03 92.9047
269.38 0.120075 -1.08046 264.806 0.942605 1.83381 586.226 0.495307 0.824171 0.684457 0.672908 184.32 1.96816 0.139904 680.421 92.9047
392.942 0.274089 1.94391 264.847 0.35629 -1.25831 664.413 0.339514 0.58429 0.671038 0.550227 125.277 -0.798406 0.162633 629.639 92.9047
374.476 0.912546 -0.906865 275.668 1.11356 -2.97368 568.525 0.618441 0.857126 0.721035 0.801303 612.375 0.916029 0.372235 651.019 92.9047
376.175 -0.539214 0.78687 300.707 -0.147752 -2.99976 672.724 0.325498 0.340266 0.849085 0.651384 179.048 -1.03146 0.196058 687.541 92.9047
626.629 -0.858743 -0.396497 439.812 1.30392 -2.92069 1706.73 0.233629 0.723079 0.776814 0.798403 464.697 1.55963 1.69331 1099.14 92.9047
465.454 0.401117 -2.41591 292.356 -0.355668 0.648946 812.797 0.750971 0.509932 0.6681 0.861467 234.327 -2.26949 0.180942 785.961 92.9047
305.592 0.363633 0.359314 273.843 -0.290446 -2.40884 610.914 0.841518 0.782139 0.625871 0.799886 349.749 -1.61231 0.792393 662.159 92.9047
593.823 0.561073 1.6522 399.272 -0.0702255 -1.17886 1020.9 0.765956 0.59565 0.740607 0.687174 152.428 2.60254 0.528754 1068.05 92.9047
409.712 -0.0297419 -3.0436 281.046 0.365794 0.571887 680.03 0.722653 0.244846 0.724649 0.800912 269.962 0.548126 0.0205893 802.874 92.9047
494.652 0.068637 -0.0378426 257.425 0.457039 2.92266 766.762 0.0800759 0.795861 0.786124 0.824382 345.095 -1.54646 1.11789 752.313 92.9047
467.61 -0.614344 -3.08395 283.23 -0.423026 0.239894 751.957 0.464963 0.3779 0.343013 0.695851 252.768 2.45714 0.729228 863.987 92.9047
478.086 0.737523 -2.49168 255.713 -0.54763 0.260704 853.394 0.457283 0.580242 0.81017 0.775768 236.991 -2.73275 0.235495 834.484 92.9047
585.063 -1.02473 -0.472374 296.353 -0.800512 2.85938 838.217 0.767323 0.54974 0.76427 0.611901 321.81 2.36304 0.494412 1018.4 92.9047
373.529 -1.26544 2.01014 368.275 0.448578 -0.544888 1024.03 0.388836 0.62323 0.512208 0.720794 530.575 -1.36749 0.83516 774.631 92.9047
614.92 1.00823 -1.76386 350.241 1.18968 1.04467 936.589 0.45117 0.702498 0.569131 0.621986 359.453 2.39434 0.199675 950.39 92.9047
453.011 -0.964524 -2.70153 252.967 -1.03457 1.12408 708.722 0.162297 0.652486 0.707152 0.782127 67.6044 -2.64172 0.416781 946.207 92.9047
582.495 0.0691962 1.492 462.763 0.790624 -1.52485 1114.22 0.610493 0.551102 0.689112 0.626351 583.77 -0.696167 0.383852 1356.09 92.9047
510.402 -0.744129 0.813092 294.756 0.674209 -1.48452 940.602 0.634906 0.602861 0.609093 0.726451 242.1 2.77873 0.263978 996.973 92.9047
302.852 1.28519 -1.27773 290.875 0.304721 1.48203 673.199 0.757122 0.705521 0.80229 0.585383 151.633 -2.92879 1.49564 566.962 92.9047
341.165 0.289987 1.32139 294.863 -1.20553 -1.49667 821.083 0.712329 0.752855 0.845336 0.849936 133.969 -2.51078 0.140085 634.461 92.9047
516.082 0.145301 0.409868 269.198 0.253089 2.84841 712.114 0.768493 0.688983 0.712061 0.702255 97.1579 -0.691437 0.415672 972.587 92.9047
455.806 0.332104 -2.61548 277.721 0.935371 0.741638 750.07 0.611069 0.774601 0.752254 0.794307 568.159 0.636909 0.12688 764.226 92.9047
524.586 0.434684 2.562 318.376 0.00560115 -0.490911 846.019 0.610731 0.715371 0.754596 0.732017 81.487 -2.20172 1.51919 812.388 92.9047
411.435 -0.813924 -1.88685 389.747 -0.0266434 2.30135 773.939 0.271886 0.354966 0.64547 0.419193 209.432 0.105532 0.0496182 886.573 92.9047
277.547 1.14552 -1.39156 255.802 -1.55945 2.25122 1097.97 0.365764 0.758073 0.758574 0.874545 184.212 1.35704 0.463168 606.62 -92.9047
307.5 0.184352 2.53987 296.402 0.220125 -1.5849 548.077 0.596154 0.751913 0.787732 0.80894 443.65 0.041583 1.45255 592.936 92.9047
444.624 0.906208 1.16368 257.665 -1.22111 -0.952498 1054.44 0.710128 0.465624 0.786444 0.84928 585.457 -2.1011 0.586106 773.141 92.9047
516.687 0.0845535 -3.13106 385.652 1.30211 -0.57938 1042.25 0.646042 0.658547 0.588072 0.841751 417.49 0.904851 0.203872 891.797 92.9047
425.526 0.319412 0.0267101 333.271 -0.129733 -1.19285 476.856 0.778582 0.158587 0.851375 0.672428 308.219 -2.99528 0.976447 920.657 92.9047
299.724 1.26266 0.222584 282.644 -0.180523 2.62503 722.58 0.800399 0.544048 0.780754 0.344507 868.636 -2.66789 0.98582 801.305 92.9047
347.069 0.663478 0.394861 312.642 0.913741 2.94557 645.841 0.809083 0.616254 0.7595 0.648918 367.072 -2.36396 0.98766 729.325 92.9047
349.432 -0.172648 3.0868 311.432 -0.83541 1.20062 621.526 0.734004 0.318335 0.822919 0.882961 738.001 -0.720636 0.856948 635.067 92.9047
777.36 0.113827 1.51818 296.057 1.85457 -1.35954 1347.26 0.235781 0.580153 0.780313 0.588454 1209.09 -1.76284 0.226339 1060.68 92.9047
314.009 -0.724688 2.81717 296.271 0.773759 1.91072 577.327 0.723153 0.755777 0.700293 0.874874 514.618 -0.434233 0.0112728 883.254 92.9047
362.873 1.57648 0.152624 277.324 0.955286 -2.6522 688.308 0.740131 0.296484 0.81524 0.782049 192.363 1.86114 1.22083 617.513 92.9047
556.16 0.72676 -3.01503 378.767 -0.163408 -0.19666 1005.01 0.459111 0.788671 0.639025 0.869337 252.347 1.52565 0.0119179 997.76 92.9047
616.205 1.69024 -2.97981 267.211 -0.0135162 -0.393177 1154.61 0.0800703 0.285139 0.397508 0.742613 405.292 1.29252 1.6105 716.624 92.9047
285.984 -0.582325 2.93502 267.755 -0.868874 0.147891 605.715 0.376525 0.626619 0.707822 0.712434 574.276 -2.6119 0.670187 406.58 92.9047
406.239 0.230011 -1.09961 353.936 -0.70842 3.10353 768.749 0.66596 0.768181 0.769417 0.846982 480.497 0.717366 0.870315 835.943 92.9047
261.134 0.595051 1.35143 255.455 1.02831 -0.535475 438.39 0.652015 0.72905 0.670806 0.728272 782.428 3.02374 0.537042 728.42 92.9047
275.208 0.851106 -2.34025 273.646 -0.950917 0.123467 770.797 0.724893 0.112379 0.627541 0.611417 218.104 1.89485 1.31694 686.07 92.9047
455.804 -0.996136 -1.78749 356.893 -0.237414 1.69144 867.714 0.41016 0.367385 0.828725 0.807587 397.431 -0.101339 1.00566 805.767 92.9047
291.969 1.7645 0.545797 288.504 0.406639 -2.65776 724.635 0.746573 0.719981 0.764274 0.683253 290.161 -0.836348 1.38108 643.244 92.9047
417.473 -0.543962 0.598746 371.521 1.38581 -2.24284 1187.8 0.800727 0.561806 0.847537 0.698587 281.284 -2.02905 0.21877 923.249 92.9047
308.44 -0.285252 -3.05074 255.196 0.418973 1.2614 522.13 0.666536 0.558748 0.649158 0.786468 511.206 -0.406532 1.67047 636.691 92.9047
431.038 -0.528396 -2.693 427.281 -0.887926 0.193577 881.114 0.71789 0.809886 0.729389 0.838804 255.164 2.17783 1.42691 811.367 92.9047
288.922 0.23673 2.58095 288.802 -1.36726 0.142285 766.337 0.348641 0.819858 0.7838 0.792295 622.636 -1.049 0.147826 660.874 92.9047
287.694 1.11189 0.297145 281.287 -0.424475 -1.8891 725.549 0.738155 0.335154 0.789543 0.583477 340.018 2.4028 0.223392 622.417 92.9047
566.318 -0.37262 1.05907 428.151 0.627499 -1.66712 1104.34 0.669329 0.760747 0.750707 0.831437 259.314 -2.76958 0.58304 978.01 92.9047
422.731 -0.0511607 2.97933 253.762 1.00212 -1.38425 651.831 0.694678 0.666424 0.555501 0.59567 89.3384 -0.966207 0.409223 834.556 92.9047
314.973 1.56185 -0.136117 266.421 -0.185238 -2.85148 822.266 0.864626 0.666982 0.756526 0.7388 161.375 -0.908306 0.0944389 744.835 92.9047
553.809 0.490646 0.738914 335.495 -0.778708 -2.94303 1031.72 0.781273 0.272528 0.757351 0.705479 363.212 -1.30482 1.18126 877.663 92.9047
580.982 0.0852692 -2.73564 288.978 -0.689162 0.15718 891.256 0.547907 0.701178 0.689344 0.805967 24.6749 2.61187 0.927733 926.674 92.9047
477.56 -0.680911 1.69311 394.882 -0.460085 -1.76607 875.757 0.753953 0.403593 0.78794 0.58189 348.363 -1.87902 0.122973 970.874 92.9047
291.469 -0.077876 1.36639 269.755 0.458917 -2.1718 577.72 0.369205 0.387987 0.813166 0.717893 447.66 -2.06153 0.113071 737.339 92.9047
431.51 0.529001 2.24214 286.21 1.34824 -1.33935 760.992 0.799403 0.595374 0.801613 0.552804 576.446 1.56811 0.675374 747.102 92.9047
871.775 -0.668658 -2.44152 590.943 -0.00642265 0.787617 1521.29 0.793522 0.148331 0.771476 0.828924 175.295 -0.829819 1.29138 1595.34 92.9047
402.31 -0.278936 -1.92786 323.382 0.607012 0.998165 795.752 0.710834 0.544186 0.656274 0.735871 245.038 2.48337 1.47597 758.1 92.9047
434.133 0.0217235 -0.828332 315.875 0.219184 2.82777 768.261 0.367389 0.384147 0.76724 0.425808 397.262 0.841045 1.67114 731.696 92.9047
400.238 -0.0846269 -0.930346 306.692 -0.0731876 2.16906 725.451 0.781088 0.364592 0.796187 0.856543 144.865 2.28698 0.046617 739.962 92.9047
312.655 -0.89839 -1.58548 272.861 -0.998604 0.748653 553.501 0.814763 0.766212 0.749156 0.893958 107.988 1.87836 1.13898 605.651 92.9047
514.71 -0.838109 1.63149 425.357 -0.238072 -0.740551 925.807 0.667083 0.493632 0.75606 0.396099 350.526 -2.44338 0.616573 1117.27 92.9047
333.094 0.611378 -1.60519 252.449 -0.663522 1.60089 734.131 0.752848 0.222196 0.846756 0.745217 133.577 0.0591267 0.849725 581.17 92.9047
573.137 0.262466 0.197117 506.116 0.650034 -2.62645 1091.25 0.646983 0.725024 0.709311 0.683806 372.137 -2.43415 0.196411 1275.36 92.9047
497.901 0.607049 1.98805 348.102 0.562936 -1.67143 822.689 0.783012 0.772691 0.73663 0.739769 560.568 -0.983955 0.698977 942.81 92.9047
286.766 -1.38307 -2.99027 279.599 -1.08691 0.746664 577.586 0.326315 0.799254 0.790951 0.835633 457.972 -0.595863 0.286839 544.083 92.9047
525.508 -0.753347 -1.53761 475.923 -1.56369 1.20837 1079.02 0.563641 0.712858 0.38331 0.781814 369.562 2.08148 0.0440187 1129.66 92.9047
458.6 -0.193338 2.60479 294.466 -1.63456 -1.41829 889.528 0.716463 0.490639 0.724921 0.810687 373.633 0.411051 0.288186 992.045 92.9047
585.779 0.713248 -0.607071 258.965 -1.36494 2.33951 1242.38 0.822659 0.613743 0.836776 0.628024 324.81 -2.89527 1.01687 914.855 92.9047
335.54 -0.795069 3.12099 333.045 -1.03097 0.653351 647.066 0.786128 0.497891 0.708602 0.78856 329.914 -1.28525 1.8702 646.615 92.9047
426.863 2.16206 -2.6986 368.447 -0.807117 0.55129 1847.16 0.798559 0.817579 0.844651 0.727281 178.133 -1.17435 1.52992 787.619 92.9047
380.053 -1.11628 2.8789 253.198 -1.15286 1.0481 511.026 0.732126 0.720016 0.832667 0.855964 472.489 -1.51921 0.391836 694.062 92.9047
483.993 0.62608 2.50091 326.79 1.75313 0.464276 833.986 0.588938 0.785952 0.736442 0.836885 329.407 -1.39669 0.456999 913.85 92.9047
300.353 1.64022 -2.18549 278.129 -0.196088 0.63236 868.511 0.635909 0.279173 0.768036 0.699738 51.0301 -3.06591 0.0581496 662.345 92.9047
371.409 0.863578 -1.2075 334.414 0.844608 3.0477 639.946 0.303909 0.702532 0.641236 0.706368 750.824 1.27656 0.170662 701.171 92.9047
499.141 1.4459 1.86314 472.207 -0.702 -1.53266 1587.11 0.739523 0.684147 0.759727 0.741782 151.939 -0.213249 0.729754 984.776 92.9047
423.788 0.115399 1.55882 275.548 -0.529015 -0.163322 573.195 0.76367 0.774966 0.722074 0.81502 479.423 -1.62631 1.20608 784.121 92.9047
469.77 -1.28019 2.30056 397.826 -0.214428 -1.62649 988.572 0.482262 0.259153 0.672477 0.69529 497.414 0.0613928 1.51268 829.922 92.9047
541.273 0.157065 -2.5141 427.566 0.456601 0.0631671 950.128 0.7486 0.720755 0.768781 0.839566 462.634 2.4731 0.738146 993.988 92.9047
586.654 -0.147427 2.92091 340.729 0.625695 -0.526224 969.365 0.732224 0.737304 0.728706 0.698532 263.015 1.02196 1.56565 871.586 92.9047
313.656 0.535037 -1.12402 286.273 1.74051 1.41879 702.134 0.809488 0.733752 0.798533 0.683023 226.988 2.86816 0.316094 622.427 92.9047
294.782 -0.517315 2.05753 293.007 -1.3242 -1.20622 648.542 0.643365 0.578743 0.75217 0.537868 55.2117 -0.101958 0.676122 558.237 92.9047
322.375 -0.749228 -0.60194 312.478 0.374425 -3.13826 725.012 0.433625 0.605078 0.851418 0.793991 329.783 0.766941 0.89746 650.629 92.9047
353.247 -0.151606 -0.791502 280.257 -0.56768 -3.10729 619.267 0.768634 0.680269 0.8903 0.574685 674.192 0.778169 1.55568 606.915 92.9047
334.116 -0.384635 -2.11913 264.767 -0.34848 0.597306 599.12 0.763594 0.344568 0.671704 0.793801 53.3766 0.689537 0.0269477 692.728 92.9047
663.918 -0.527598 -1.89698 314.717 0.693952 0.547601 1058.94 0.617993 0.613618 0.726849 0.745545 524.058 1.09009 0.543999 1115.22 92.9047
406.368 0.938946 -1.59857 257.717 -1.16291 2.56233 998.035 0.791562 0.761407 0.823255 0.764736 522.996 0.203761 0.49567 665.841 92.9047
434.564 -1.10774 -2.72929 276.165 -1.18579 -0.621642 616.994 0.335316 0.670434 0.614688 0.566797 395.069 0.525386 0.776633 874.455 92.9047
506.41 0.325078 -0.350034 340.179 -1.37626 -2.91147 1136.24 0.524161 0.459514 0.660485 0.76181 247.404 1.97851 0.927945 892.643 92.9047
538.707 0.0352285 -2.8672 301.921 0.0413933 1.21954 728.867 0.604145 0.739568 0.742396 0.732368 121.83 -0.88587 0.415463 1191.22 92.9047
303.667 -0.589353 2.33516 277.47 1.68636 0.358788 953.948 0.551144 0.480161 0.90144 0.619304 352.191 -1.9649 0.381982 633.122 92.9047
467.173 -0.106109 -2.05989 427.091 1.39042 0.752737 1162.52 0.735912 0.463083 0.788701 0.451913 329.215 2.29345 1.48979 867.041 92.9047
534.046 -0.627743 1.32365 461.25 -0.568894 -2.20178 984.507 0.523935 0.481487 0.766914 0.808513 112.339 0.308511 0.239337 1087.98 92.9047
309.179 1.14162 -1.29023 296.618 -0.95376 2.19165 973.881 0.521365 0.403878 0.782044 0.774123 228.338 -0.159352 0.338895 622.869 92.9047
642.307 0.162529 -2.70363 331.198 -0.40035 -0.523708 881.524 0.78521 0.587407 0.665037 0.761162 567.852 0.810654 1.33802 1065.38 92.9047
677.8 -0.415752 -1.01654 619.638 -0.457849 1.76084 1281.73 0.467068 0.463304 0.666881 0.706553 97.3984 -1.86124 0.107747 1438.5 92.9047
438.563 0.671896 -0.947048 268.155 -0.245521 2.78522 741.838 0.75849 0.761486 0.721172 0.750273 377.82 1.939 0.827255 736.085 92.9047
313.86 1.45545 0.549814 287.37 0.295035 2.70132 661.045 0.587747 0.584945 0.701998 0.797375 218.709 2.90077 0.184258 852.342 92.9047
536.437 0.458589 1.29783 288.008 -1.48049 -1.68468 1191.77 0.134616 0.793001 0.697744 0.789919 280.805 -1.58359 0.105878 935.992 92.9047
634.217 0.941331 -1.20008 293.22 1.41037 1.51526 891.139 0.764262 0.72038 0.79255 0.785385 399.919 -2.54236 0.449925 890.292 92.9047
294.433 -0.119586 -1.34603 257.38 -0.960601 2.66479 560.583 0.630977 0.498873 0.637509 0.71943 66.5551 0.539216 0.317432 726.339 92.9047
583.412 0.221329 -2.72542 348.764 0.862404 0.106302 954.979 0.814924 0.500929 0.780356 0.620221 332.49 1.00477 0.556815 903.112 92.9047
482.619 0.694507 -1.55719 440.15 0.0786574 1.22678 964.04 0.791889 0.44876 0.816718 0.732971 525.159 2.73242 1.47699 951.003 92.9047
433.384 -0.328587 2.40717 274.596 0.250128 -0.57646 733.187 0.582062 0.399242 0.854855 0.72351 188.772 -1.27759 0.703936 688.496 92.9047
382.283 0.580024 -3.01137 348.886 0.890761 -1.19851 592.93 0.647341 0.582573 0.843489 0.698374 266.807 0.645612 0.949839 847.467 92.9047
463.995 -0.546625 -1.59448 401.894 0.16846 1.73121 921.208 0.803133 0.675186 0.653069 0.595297 72.2785 0.697185 1.02987 974.118 92.9047
372.643 0.0910588 -2.69475 361.08 -1.27891 -0.578404 850.979 0.682784 0.707472 0.771011 0.830816 320.872 2.01789 0.806322 729.052 92.9047
513.407 1.13796 -1.43471 290.66 0.472117 1.23168 825.128 0.805469 0.76 0.796966 0.836428 476.568 2.01291 0.184909 761.683 92.9047
279.119 1.24887 0.981832 253.072 -0.531772 2.97842 707.76 0.698043 0.727676 0.678962 0.772059 530.292 -1.50881 0.364395 600.496 92.9047
603.913 1.19866 -1.13161 378.831 -1.37613 1.86919 1866.31 0.626315 0.809127 0.746779 0.761911 54.1226 2.00159 0.132068 1030.75 92.9047
450.979 0.914683 -2.71796 362.576 1.18672 1.49894 731.538 0.759362 0.672528 0.727684 0.715553 307.203 0.942175 0.576239 850.041 92.9047
285.63 -1.863 -2.07431 276.009 -0.366259 0.29705 721.199 0.656669 0.147668 0.812487 0.703893 147.528 0.795931 0.334726 541.874 92.9047
325.382 -0.460103 0.0676096 255.047 1.21165 -0.963531 626.348 0.766496 0.747873 0.709926 0.782412 364.068 -2.69088 1.46337 587.019 92.9047
347.602 -0.00957883 1.98604 260.079 -0.617973 -0.040629 559.292 0.724211 0.460094 0.688499 0.667296 146.206 -2.38748 0.817969 623.687 92.9047
338.714 -0.913087 0.631724 273.373 1.25619 -2.11261 1003.36 0.705149 0.590415 0.684485 0.732989 267.613 1.66937 0.600096 611.503 92.9047
476.704 -0.129553 0.604743 285.046 -0.529043 -2.12185 746.401 0.732962 0.595161 0.734256 0.728533 210.001 2.72516 0.0876417 811.45 92.9047
496.666 0.616088 -2.29152 278.778 -0.56092 1.12318 885.628 0.793085 0.785375 0.71987 0.873828 255.388 0.205253 0.912627 917.757 92.9047
429.404 0.36641 1.15019 273.443 1.01425 -1.9499 731.882 0.740079 0.82544 0.811873 0.783238 237.263 -0.373048 1.52757 739.213 92.9047
427.931 0.428953 2.28105 376.512 1.26105 -0.810445 879.052 0.674957 0.55827 0.650263 0.730196 163.77 -0.276053 0.536858 847.704 92.9047
342.257 -0.0898696 -1.60283 335.643 1.06578 1.72048 825.106 0.752949 0.194704 0.778368 0.650878 112.902 2.04053 0.104413 838.785 92.9047
425.143 0.25587 2.88588 334.806 -1.15551 1.5563 748.294 0.422815 0.587554 0.628464 0.530071 421.244 -1.8111 0.0443799 933.108 92.9047
411.697 0.482192 -2.56182 269.361 1.20907 0.939958 714.386 0.392327 0.782373 0.791966 0.813662 288.964 0.897376 0.0361709 812 92.9047
331.731 0.00337459 0.274897 292.308 0.828686 2.80621 659.477 0.658103 0.385613 0.817908 0.542788 412.215 -2.08882 0.586914 615.596 92.9047
495.082 0.510606 1.18008 306.645 0.972156 -1.03926 729.519 0.601052 0.739802 0.740019 0.760764 680.732 2.71739 0.154908 821.644 92.9047
374.395 0.290681 -2.79212 307.608 0.658891 1.15109 644.343 0.714575 0.335319 0.856368 0.671527 625.608 -1.61006 1.1245 824.328 92.9047
460.713 0.0178715 2.69616 336.025 -0.594802 0.399901 769.831 0.396767 0.46061 0.731329 0.587248 244.607 -1.69786 0.151834 908.352 92.9047
529.658 -0.316484 0.798652 446.139 0.180111 -2.02218 995.336 0.59674 0.802368 0.702 0.812508 156.833 -0.597725 1.39464 1306.19 92.9047
335.637 1.06698 -1.10352 283.982 0.716232 -2.72914 471.544 0.762621 0.783235 0.799259 0.749615 704.137 1.28737 0.696353 832.027 92.9047
394.481 0.301657 1.27007 303.852 0.847819 -0.974354 664.107 0.768208 0.264065 0.733077 0.729829 621.444 2.90313 0.500922 718.028 92.9047
442.447 0.491327 -2.83987 423.3 0.610204 0.884706 855.638 0.711517 0.368485 0.806438 0.77531 525.841 -0.732215 1.59386 822.216 92.9047
738.419 -0.469591 3.03087 335.752 0.662072 0.057204 1166.63 0.569172 0.3041 0.713789 0.760633 255.077 -0.327363 0.384923 1293.31 92.9047
327.406 0.738395 -0.50873 289.782 0.239409 2.25619 662.782 0.472412 0.759216 0.776202 0.778779 261.181 -2.00846 1.43423 538.808 92.9047
649.85 0.781084 -2.06046 260.847 0.759208 0.803226 827.351 0.546133 0.598643 0.713198 0.645313 137.534 1.28742 0.472039 1027.7 92.9047
429.959 0.912887 1.0811 252.964 0.584903 -3.08268 602.605 0.736825 0.766871 0.792961 0.707508 271.758 -1.34539 0.271865 927.202 92.9047
434.623 -0.0134719 0.599258 289.228 -1.59603 -2.44113 958.234 0.223236 0.487492 0.742313 0.779777 137.732 2.35065 1.34105 714.456 92.9047
1020.67 -0.104016 -2.84783 742.019 -1.02468 0.264545 1961.82 0.74896 0.206645 0.815901 0.791572 477.587 0.293435 0.0306043 1741.14 92.9047
340.537 0.157353 1.99103 312.526 -0.036211 -1.4689 658.829 0.385209 0.548398 0.526609 0.786759 188.225 0.505319 0.415096 912.13 92.9047
353.995 -1.65035 -2.00209 285.453 -0.550777 1.24538 751.65 0.639557 0.641991 0.4553 0.813736 76.9972 0.117471 1.11962 606.713 -92.9047
290.21 0.44098 1.6182 273.328 2.22818 -0.464472 765.299 0.354572 0.775045 0.793161 0.833689 254.301 -3.02314 1.20604 690.324 92.9047
280.337 -0.196173 -0.479023 256.572 -0.0630322 -2.28226 436.788 0.48092 0.673384 0.835229 0.657787 514.827 2.12527 1.14074 694.323 92.9047
574.441 -0.224876 0.613747 321.068 0.59802 -1.22734 785.021 0.499318 0.774551 0.659083 0.719071 772.429 -2.87623 0.257053 926.762 92.9047
462.947 -0.83357 0.770672 340.903 0.869605 -3.07364 1078.11 0.760348 0.39473 0.763644 0.731153 393.698 -2.3233 0.766117 826.903 92.9047
509.877 -0.962661 -1.43517 372.155 -0.971873 1.10643 850.819 0.144733 0.661224 0.529876 0.77977 401.404 1.29023 0.167834 1126.04 92.9047
325.519 1.00132 1.14336 324.581 0.802779 -2.20388 665.638 0.801547 0.751267 0.689529 0.646812 150.988 2.81539 1.27562 777.751 92.9047
845.386 1.31068 2.57939 303.213 -0.22232 0.295504 1269.92 0.771041 0.696841 0.804916 0.657662 342.909 -1.19225 0.29801 1254.47 92.9047
388.711 -0.0127007 1.92286 363.248 -0.267617 -2.05433 759.366 0.545666 0.404347 0.809604 0.62773 546.771 -0.411297 1.36498 693.229 92.9047
318.803 0.264549 0.0131103 268.619 0.965185 -2.2221 578.405 0.609258 0.614397 0.693651 0.78587 259.269 2.66582 1.40255 606.394 92.9047
396.904 0.571571 -1.95377 313.386 -0.377974 1.53765 791.351 0.466495 0.756295 0.642824 0.646787 383.753 -1.05526 0.0588795 715.71 92.9047
382.252 0.265661 0.427663 259.46 -0.300088 -2.88781 670.178 0.478177 0.381491 0.834355 0.323351 170.67 -2.76119 0.277389 636.922 92.9047
442.402 0.111327 1.36642 361.598 -0.478441 -2.0501 879.612 0.233091 0.839716 0.255783 0.86399 413.622 -1.5494 0.50721 794.285 92.9047
446.801 1.29713 -0.995422 287.201 -0.0178968 1.24734 825.456 0.838831 0.735626 0.810016 0.561709 499.691 -2.66126 0.832419 841.211 92.9047
344.348 -1.24161 -2.28802 292.985 0.27322 0.30512 826.177 0.828431 0.608694 0.8027 0.896302 176.239 1.56179 0.68886 903.562 92.9047
366.127 -0.537629 -2.82685 316.814 0.785877 -0.827628 760.676 0.515673 0.337759 0.696467 0.686598 578.727 0.862919 0.508639 722.977 92.9047
328.439 -0.0531985 0.172969 323.988 0.714925 -2.89466 720.061 0.576528 0.378407 0.668813 0.814019 414.096 1.66574 1.5034 821.975 92.9047
451.747 1.31516 -2.24398 315.164 0.389204 1.15255 847.147 0.445477 0.786269 0.478537 0.693993 193.301 -0.780017 1.46355 782.912 92.9047
599.677 0.173918 -0.0124398 342.543 -0.519948 2.88647 985.379 0.539835 0.642507 0.725969 0.714029 748.761 3.13378 0.191852 1090.71 92.9047
533.197 0.47217 -1.94772 476.376 0.901087 1.48833 1027.65 0.629455 0.756877 0.592819 0.82628 360.603 0.894778 0.586829 1035.12 92.9047
869.702 -1.00888 -0.32422 778.936 -0.809636 2.47968 1646.7 0.571748 0.880723 0.738574 0.713218 256.045 -1.38327 0.00265384 1743.93 92.9047
838.706 0.415311 -1.60882 426.007 0.347401 2.25027 1131.27 0.779126 0.742308 0.665048 0.845385 345.503 1.05766 0.127207 1376.02 92.9047
490.682 0.469587 2.93718 339.32 0.941283 -0.281035 847.694 0.702576 0.384114 0.721682 0.711285 278.326 1.47003 1.46551 912.14 92.9047
670.106 -0.535054 -0.0328189 460.208 0.528849 2.37726 1214.67 0.699476 0.50257 0.738796 0.740564 418.079 -2.44754 0.665486 1156.86 92.9047
353.032 0.212455 2.91273 260.695 -0.901506 0.445285 682.006 0.637146 0.694196 0.589935 0.559101 379.125 -0.884182 0.867308 744.437 92.9047
302.913 0.56865 -0.390344 269.919 0.312892 -2.86066 552.707 0.555499 0.553948 0.730849 0.762216 330.008 1.77023 1.62373 566.246 92.9047
312.064 -1.01708 -0.669088 260.823 -0.961065 2.9535 571.383 0.471763 0.701743 0.705283 0.797385 268.053 -2.57895 0.713399 720.23 92.9047
330.779 -0.504209 0.825752 289.049 0.617598 -2.62208 746.718 0.739174 0.300136 0.783286 0.837831 180.98 -1.34772 1.19804 578.562 92.9047
637.624 -0.0221711 2.23051 440.372 0.189589 -0.953519 1072 0.809945 0.616696 0.777393 0.708985 242.084 -2.56013 0.0721662 1189.73 92.9047
463.144 -0.259392 2.12802 353.526 -0.8759 -1.91848 776.477 0.0745427 0.672363 0.663175 0.657396 565.528 -0.00234468 1.07545 842.957 92.9047
414.373 -0.188446 2.6529 407.904 0.0233706 -0.523953 850.258 0.527002 0.623636 0.789468 0.68983 315.788 2.91028 0.271569 791.08 92.9047
335.205 0.0724456 -1.93781 264.887 -0.709219 1.43172 651.181 0.664479 0.270053 0.716482 0.851365 229.237 1.11001 0.107844 620.158 92.9047
675.943 -0.953806 0.417139 292.046 -0.747584 3.04374 870.663 0.784738 0.633316 0.648426 0.780868 238.856 -2.00051 0.186821 1070.92 92.9047
667.342 1.05533 -2.70473 276.929 1.11042 0.543286 889.137 0.570682 0.683481 0.493539 0.769923 368.294 0.78496 0.270551 941.393 92.9047
366.139 -0.506043 0.799692 260.395 0.38413 -1.06873 587.103 0.6528 0.56598 0.605672 0.465194 695.322 -2.98549 1.42448 617.671 92.9047
708.585 -0.0373783 -3.0043 681.68 0.408402 0.223257 1434.26 0.550249 0.739854 0.661925 0.63203 194.729 -2.16138 0.735671 1410.6 92.9047
331.881 1.18587 -1.43444 294.387 -0.644829 1.0827 893.318 0.692918 0.739743 0.618935 0.862422 185.357 -2.48404 1.05442 720.575 92.9047
523.714 0.835404 2.32948 304.108 0.345585 -1.62401 831.412 0.197331 0.560391 0.796493 0.752246 493.261 -0.00439778 1.60625 798.708 92.9047
426.024 0.938387 1.94558 307.975 0.898545 -0.196125 650.127 0.586625 0.666605 0.761782 0.697112 203.142 -1.18067 0.811548 862.771 92.9047
517.011 0.128489 2.41834 273.02 -0.134737 0.845323 549.425 0.802694 0.631797 0.924396 0.522552 580.295 -1.92432 1.59059 837.288 92.9047
412.223 -1.0851 -1.18866 293.449 0.342648 2.44472 882.297 0.7043 0.510493 0.759594 0.767154 390.635 1.42206 0.155217 861.812 92.9047
417.008 -1.34969 2.60733 273.221 0.278866 -1.09581 897.095 0.749912 0.217324 0.799749 0.854967 354.37 0.882975 1.01013 700.309 92.9047
439.034 -0.753949 1.26359 401.911 -0.369503 -2.21065 856.879 0.693949 0.358854 0.681773 0.752582 259.444 -1.09671 0.669571 820.49 92.9047
494.481 -1.14633 1.15799 409.037 -0.266757 -1.65756 1025 0.823092 0.163984 0.767308 0.794314 445.014 -3.02788 1.14402 938.806 92.9047
584.822 0.190289 1.89253 422.164 0.10417 -1.58062 1006.82 0.28812 0.381228 0.460167 0.858892 326.704 -0.0196072 1.55478 1132.9 92.9047
479.667 -0.549503 -2.05099 401.282 -0.655728 1.31763 885.846 0.709612 0.712362 0.863541 0.748435 236.496 -0.416931 1.63944 869.628 92.9047
302.325 0.309566 1.72247 290.543 0.865725 -0.97895 645.378 0.364951 0.688152 0.675497 0.695184 126.951 2.35451 0.475695 629.667 -92.9047
431.806 0.119855 2.44983 277.834 0.100095 -0.971313 694.905 0.634602 0.375726 0.660814 0.452585 285.301 0.436647 1.38207 700.391 92.9047
466.316 0.643053 2.8644 275.593 -0.741012 -0.689772 948.144 0.212779 0.172429 0.696506 0.548119 479.027 0.876698 0.86508 766.328 92.9047
421.444 0.58836 0.317845 255.037 -2.03123 2.01079 1240.31 0.600926 0.839102 0.857768 0.701549 92.6706 2.33925 0.319026 835.588 92.9047
534.408 -0.908918 1.07354 269.299 -0.796033 -1.79184 768.906 0.745339 0.582124 0.724463 0.515852 325.436 2.65929 1.5813 850.762 92.9047
532.706 0.207985 -2.61235 431.323 -1.80291 -0.522686 1420.94 0.770115 0.764014 0.764135 0.813516 108.122 2.17786 0.377913 806.564 92.9047
365.657 -0.776652 0.68792 288.895 -0.875805 -2.56721 677.63 0.759718 0.54343 0.78494 0.684896 405.054 3.05695 0.614357 681.002 92.9047
522.823 0.212178 -0.466786 422.315 -0.641218 2.51062 1062.47 0.16352 0.606289 0.698318 0.688227 408.977 -1.10894 0.512437 949.748 92.9047
426.154 -0.570451 -0.938364 279.987 0.433599 2.1804 790.702 0.718496 0.658487 0.634786 0.513719 172.651 -1.98265 1.0346 685.073 92.9047
669.519 0.108548 0.0970677 327.343 -0.403613 2.67237 940.689 0.569581 0.528599 0.756356 0.483699 493.951 -2.07131 0.254788 1038.28 92.9047
368.164 0.68364 -0.219152 334.408 -2.72474 -0.14279 1875.19 0.532563 0.691995 0.718618 0.787105 415.902 -0.730733 0.510598 899.657 92.9047
300.242 -1.20321 0.330942 286.954 -0.405371 -1.2501 502.043 0.501704 0.681019 0.851587 0.900179 626.655 2.54264 0.950354 584.683 92.9047
316.776 0.0874804 -0.417152 265.947 -0.137862 -3.1023 588.611 0.741951 0.652401 0.796894 0.814396 294.058 1.8672 1.28033 587.672 92.9047
461.267 0.735729 -2.92529 395.297 -0.414851 0.289298 1007.66 0.788098 0.334528 0.727992 0.743641 185.526 -1.32938 1.59794 908.088 92.9047
371.966 1.44676 1.67474 279.294 -0.280239 -2.37438 865.109 0.809145 0.723863 0.746688 0.824689 283.769 -0.505547 0.18822 737.261 92.9047
300.238 -1.16443 1.00039 280.168 -0.783855 -2.51506 598.5 0.822776 0.577416 0.804841 0.665368 109.171 1.0506 0.0551642 604.717 92.9047
408.793 0.686859 0.814125 348.339 1.47878 -2.23172 836.53 0.675445 0.565967 0.840608 0.811772 212.024 2.34566 1.52522 777.233 92.9047
756.989 0.128278 -0.107255 484.336 0.534383 3.10994 1249.02 0.436524 0.769169 0.782455 0.750791 235.286 3.00201 0.113308 1262.63 92.9047
487.796 -0.375658 2.03472 358.114 1.16008 -1.30985 1104.77 0.457004 0.619589 0.833294 0.794619 77.1855 2.47311 0.448179 881.822 92.9047
285.335 -0.263261 0.145435 257.492 -0.351327 2.92673 545.05 0.589592 0.58645 0.652637 0.585846 140.444 2.67424 0.219485 608.728 92.9047
437.234 0.395415 -2.82509 359.335 -0.41382 -0.137683 865.684 0.424758 0.755058 0.75516 0.836984 244.36 1.89748 0.310572 863.891 92.9047
582.209 -0.0804704 2.80825 418.488 -0.336011 0.126462 994.268 0.408294 0.215563 0.627544 0.459933 472.188 -1.18264 1.15867 987.26 92.9047
444.397 -0.808126 0.62999 425.322 0.865687 -2.79685 1194.79 0.650652 0.459424 0.600597 0.71691 521.655 -1.16948 1.63465 946.455 92.9047
409.492 -0.664346 0.660347 365.816 -0.886847 -2.70065 782.719 0.631461 0.661809 0.760343 0.766573 280.924 -0.927586 0.0546324 938.843 92.9047
730.7 -0.177802 -2.37165 554.573 -0.161153 1.11145 1268.37 0.812504 0.445081 0.727325 0.809942 476.641 0.338228 0.023582 1287.44 92.9047
322.368 -0.898158 1.00426 257.047 -0.286901 2.54571 456.07 0.525371 0.875739 0.845966 0.819254 536.27 -1.24315 0.137063 618.263 92.9047
462.021 0.781097 3.0051 271.89 -0.326249 -0.824392 798.405 0.776704 0.648907 0.63884 0.725885 531.134 0.760263 0.564044 733.056 92.9047
555.075 0.650691 0.186446 362.572 -1.78179 2.78476 1636.21 0.827645 0.770715 0.841564 0.826685 287.683 -0.925296 1.11128 964.042 92.9047
278.57 -0.806819 -0.965811 258.499 -0.315657 3.06687 532.117 0.654729 0.199393 0.813713 0.756397 128.514 -0.216321 0.747927 588.378 92.9047
423.42 0.219515 -1.4482 292.548 -0.473921 2.3019 734.212 0.340475 0.692303 0.483645 0.739611 574.16 1.16107 0.0418193 733.506 92.9047
288.708 -1.67618 -0.079484 254.591 -1.21641 -2.97699 564.829 0.603 0.57869 0.642967 0.849336 152.807 1.10083 0.25576 530.759 92.9047
325.775 -0.957484 -0.700539 317.799 -0.424069 -2.03466 444.865 0.450424 0.626594 0.713461 0.513699 263.543 -0.0689021 0.619253 891.861 92.9047
331.823 -0.427814 1.01176 311.768 -1.49001 -1.41021 717.118 0.750912 0.633236 0.750204 0.791299 451.73 -2.96601 1.32552 608.624 92.9047
350.69 -1.2847 -0.843129 272.145 0.749417 1.61761 947.968 0.419906 0.682756 0.830688 0.767317 446.655 -2.77124 1.89529 607.877 92.9047
524.138 0.54447 1.72591 288.581 -0.236635 -1.10139 850.634 0.446803 0.733004 0.724995 0.8237 315.7 -3.07974 1.47823 768.52 92.9047
377.789 -1.48814 2.18929 302.688 1.29003 -0.955396 1451.99 0.804477 0.384993 0.837392 0.653441 54.5758 -1.16541 0.00320697 761.942 92.9047
308.35 0.798004 -1.42686 272.207 -1.30823 0.6363 886.182 0.492011 0.68437 0.593329 0.784611 312.203 2.1347 0.583253 683.099 92.9047
769.878 -0.256634 0.100171 463.933 -0.258554 -2.37032 1149.78 0.226311 0.780474 0.765136 0.77432 248.279 3.13976 0.568523 1500.69 92.9047
408.291 -1.25014 -0.781783 312.727 0.20945 3.04829 887.493 0.683783 0.785768 0.88162 0.838479 394.442 1.45971 0.289993 723.718 92.9047
426.893 -1.06035 2.65542 325.5 -0.757918 -0.457512 792.509 0.242339 0.285049 0.720904 0.72935 346.861 -1.51694 1.02063 841.517 92.9047
453.248 -0.504015 -1.01043 344.708 -1.24703 2.89224 801.525 0.509164 0.3842 0.821405 0.777042 536.783 1.68757 0.71233 833.104 92.9047
288.505 0.211071 2.13268 251.789 -0.298195 -0.311619 545.775 0.682473 0.74825 0.735984 0.884401 211.589 -2.62032 0.747763 628.028 92.9047
438.156 0.330185 0.618834 416.463 -1.43035 -2.34265 1210.07 0.558789 0.597461 0.726674 0.693858 196.994 2.20659 1.58705 829.502 92.9047
539.009 -0.0558642 1.5424 343.736 -1.11033 -1.68356 988.923 0.357981 0.482381 0.815762 0.633346 65.7533 -0.224848 1.46625 867.086 92.9047
794.984 0.750268 2.58407 304.73 -0.276783 -1.67015 1022.33 0.518264 0.332813 0.699694 0.776505 633.376 0.133994 0.0819721 1117.77 92.9047
460.773 -0.942691 -0.855452 368.65 -0.116675 2.65108 889.495 0.423629 0.659629 0.523812 0.645955 246.902 0.782259 1.65005 870.131 92.9047
812.005 -1.39336e-05 1.40107 411.44 0.169764 -1.42057 1174.17 0.720202 0.70228 0.707464 0.522181 276.181 2.97302 1.57484 1211.98 92.9047
331.278 0.715197 2.54082 320.805 0.650848 -1.33068 634.289 0.784257 0.339373 0.838977 0.52869 298.807 1.9274 0.621858 823.494 92.9047
512.672 1.29044 -1.71783 378.91 0.851506 -0.0438124 694.814 0.87194 0.550388 0.741331 0.711699 56.4889 -0.0437547 0.0035388 1155.93 92.9047
619.404 -1.13169 1.44911 268.259 -0.496162 -1.52444 871.984 0.750033 0.441633 0.804696 0.728775 174.85 -2.88884 1.35198 852.597 92.9047
339.516 0.269477 -2.20127 250.626 -0.541229 0.479054 637.563 0.708794 0.416563 0.705607 0.702648 59.812 -1.16426 1.03131 762.354 92.9047
301.615 1.17785 -0.870498 272.617 1.36124 2.99235 548.375 0.684169 0.489905 0.725693 0.444145 65.238 1.90666 0.316974 782.411 92.9047
1012.31 -0.0451635 -2.32366 376.64 -0.467166 0.919597 1296.5 0.707028 0.233627 0.818512 0.694884 361.765 1.09532 0.286665 1481.52 92.9047
283.518 -1.0833 -0.939905 279.598 -0.00153358 1.70995 656.873 0.73971 0.654216 0.756822 0.547162 279.413 -2.46644 1.21398 551.741 92.9047
315.554 1.87751 1.65237 293.335 0.338427 -1.73702 803.356 0.767393 0.737459 0.660897 0.79485 120.375 1.03239 0.618533 716.845 92.9047
330.749 -0.329514 -1.1728 252.253 -0.428013 1.78419 606.238 0.684996 0.764812 0.682831 0.765927 217.322 2.97249 1.19573 522.998 92.9047
423.609 0.412205 0.894689 383.922 -0.192831 -1.63453 847.725 0.816617 0.276237 0.679687 0.765995 444.411 3.03642 0.0446608 931.482 92.9047
434.845 -0.550323 2.6104 430.533 0.628435 0.0531329 1009.24 0.630462 0.688173 0.829499 0.670409 356.787 -1.65339 1.00589 832.057 92.9047
308.812 0.513607 2.00051 303.474 -0.1957 -1.12963 677.041 0.395568 0.330771 0.658147 0.709382 163.903 -1.29043 0.24886 590.496 92.9047
818.806 0.171944 -1.53649 321.523 0.00456988 1.93576 1024.49 0.634692 0.472896 0.746187 0.598093 212.329 0.625245 0.0923355 1222.85 92.9047
482.409 -1.29743 0.0924417 264.042 -1.38907 2.66865 725.311 0.454101 0.305153 0.836987 0.81818 433.198 -2.89925 0.038393 809.069 92.9047
402.529 -0.393251 -0.751228 308.981 -0.70187 3.06835 693.727 0.783298 0.547241 0.750898 0.864969 413.171 1.01297 0.0823873 732.665 92.9047
364.068 0.820322 -1.54746 250.727 -0.336588 1.00508 694.381 0.559051 0.760135 0.769897 0.772356 63.8901 0.223638 0.779809 805.435 92.9047
332.374 0.530321 1.82786 258.053 0.637797 -0.89374 593.535 0.845534 0.562075 0.738108 0.736706 201.995 -2.1612 1.14382 675.749 92.9047
372.363 0.0379645 1.80972 302.328 -1.55181 -2.72639 800.056 0.496955 0.687025 0.678063 0.84288 550.866 -0.584786 0.444095 796.41 92.9047
592.186 -0.509534 2.17221 357.471 -0.840981 -0.998775 941.344 0.816328 0.281969 0.728891 0.790449 329.75 -0.796191 0.200316 1078.02 92.9047
430.386 0.52037 0.563374 327.874 -0.0753511 -1.96106 770.566 0.283968 0.429446 0.813444 0.808955 320.509 -3.06254 1.09484 786.95 92.9047
422.128 -0.767979 -0.770621 295.749 0.819781 1.47068 898.581 0.840626 0.804877 0.813784 0.876009 532.72 1.0003 0.465878 907.867 92.9047
471.576 -1.10952 1.97076 256.289 -0.0114299 -1.94413 791.373 0.696719 0.748879 0.80493 0.704608 415.736 0.0830257 0.889377 685.877 92.9047
570.973 -1.35773 -0.266231 253.402 -1.48183 2.54772 781.034 0.725584 0.799602 0.665617 0.801298 360.385 -1.51417 0.67737 772.138 92.9047
446.379 -0.693983 3.06329 252.276 -1.24205 0.197014 708.641 0.666471 0.793135 0.771946 0.887095 189.876 -1.79148 1.42443 656.195 92.9047
398.566 -1.03386 2.64744 356.542 -0.546635 -0.663652 784.724 0.792735 0.675557 0.727644 0.728028 221.459 -0.377784 0.281215 764.04 92.9047
529.458 0.0484266 -1.06489 392.47 -0.93248 -3.09881 917.093 0.381125 0.554827 0.774153 0.762211 192.28 2.89153 0.306948 1020.52 92.9047
266.032 -0.496639 1.50249 253.81 -0.0973975 -0.577821 469.835 0.697878 0.603607 0.661655 0.813797 66.892 2.79397 0.0125971 797.336 92.9047
332.694 0.105327 2.44303 273.398 1.07237 -0.546777 686.303 0.776618 0.692023 0.83864 0.612113 340.183 -0.272488 0.28141 640.878 92.9047
532.112 -0.509472 -2.58648 511.867 -0.269312 0.635319 1079.76 0.435 0.312929 0.729186 0.799588 89.4652 -0.103388 0.222033 1019.32 92.9047
296.273 -0.235124 -2.88456 294.227 -0.800588 0.837709 603.493 0.61401 0.702946 0.665847 0.740797 267.704 -0.807296 1.0231 579.183 92.9047
355.061 -0.648426 -2.14255 275.14 -0.982771 0.43946 627.553 0.184213 0.551759 0.775999 0.691506 386.752 2.10394 1.68077 607.888 92.9047
344.026 -1.06733 -0.998641 327.148 -2.37897 1.64037 825.463 0.765372 0.486811 0.743113 0.787478 459.236 -2.93529 1.71403 647.428 92.9047
338.12 0.603412 -2.24406 284.532 0.545669 0.483954 619.549 0.673917 0.442312 0.831995 0.812457 323.419 2.65263 1.38753 611.234 92.9047
424.476 0.65012 1.04335 415.129 0.656245 -3.05635 774.651 0.652781 0.614836 0.450197 0.828465 342.35 -1.28362 0.026787 965.021 92.9047
598.768 -0.158117 -0.800178 273.976 -1.28164 1.42361 878.536 0.596023 0.830105 0.809858 0.768573 730.507 2.85741 0.230106 917.072 92.9047
813.108 0.0868787 0.943135 373.324 0.224061 -2.42023 1114.16 0.585882 0.462095 0.755179 0.586824 404.679 2.75015 0.15392 1487.95 92.9047
323.395 0.879261 1.91953 315.412 -0.0315488 -1.271 726.555 0.691261 0.572129 0.669869 0.722526 132.516 0.169759 0.848197 599.452 92.9047
608.174 -0.0757623 2.85187 252.545 -0.679973 0.881756 725.825 0.638615 0.821561 0.809439 0.841753 782.443 -0.738506 0.00510401 973.074 92.9047
277.979 -1.58768 -0.738895 269.174 -0.306975 -1.43594 447.926 0.653646 0.752428 0.715832 0.739215 472.814 2.30546 0.612963 789.753 92.9047
636.054 -0.682746 1.5703 285.18 -0.250522 -1.10487 861.055 0.81311 0.803023 0.826702 0.746127 333.891 -2.77016 0.585466 970.058 92.9047
413.282 -0.18155 -2.73439 385.179 0.70105 0.286654 902.443 0.552309 0.492686 0.691413 0.543302 105.623 1.19468 0.912993 771.451 92.9047
472.533 0.917782 -2.80165 295.786 0.490946 -0.00459832 765.324 0.775701 0.805603 0.723078 0.770381 117.574 1.95868 1.52642 741.157 92.9047
322.657 0.6778 3.10075 269.267 -0.578097 0.793281 689.939 0.128428 0.270746 0.634334 0.703954 694.872 -1.61871 1.28408 592.952 92.9047
697.83 -1.24123 -2.15879 370.361 -0.237585 0.987885 1165.16 0.627697 0.704187 0.738733 0.714786 177.151 0.951537 0.0396629 1378.97 92.9047
389.559 0.66314 2.25379 312.121 0.984978 -0.746383 714.415 0.681066 0.728009 0.694438 0.832277 186.349 2.82955 0.57877 753.471 92.9047
353.212 0.19984 -2.76013 261.024 -0.0208847 0.959988 595.503 0.840578 0.719211 0.801896 0.768981 219.591 0.00628703 0.42503 675.931 92.9047
324.524 -0.323911 0.601643 269.607 0.0165924 -1.44309 542.404 0.720028 0.350378 0.733105 0.521219 139.574 -1.70754 0.339433 813.053 92.9047
343.811 -1.49505 -2.72986 334.606 -0.994891 0.779543 709.433 0.258125 0.576484 0.568067 0.710042 236.99 1.69766 0.917923 670.336 92.9047
416.931 0.168678 -1.07811 413.666 0.63087 2.6345 857.74 0.581701 0.122103 0.750688 0.821104 92.6087 0.518877 0.143971 862.891 92.9047
386.74 -0.558345 -0.0261679 376.32 0.647206 -2.18715 849.965 0.569943 0.693871 0.522742 0.814745 550.398 2.2274 1.75574 728.856 92.9047
279.799 0.309176 2.8904 274.696 1.18921 -0.11153 636.091 0.73186 0.292745 0.738138 0.840605 33.9559 -0.992183 0.461877 524.182 92.9047
344.683 -0.750089 -3.03088 302.104 -0.27855 -0.0278613 684.585 0.485428 0.394313 0.370777 0.789506 87.7419 -0.487408 0.0637842 692.649 92.9047
529.901 0.112008 1.39432 398.149 -0.263086 -1.12827 904.479 0.741611 0.34762 0.674547 0.792832 935.674 -2.14579 0.755135 954.313 92.9047
755.221 0.113086 -1.17492 374.019 -0.149753 2.30393 1063.55 0.530229 0.819993 0.610136 0.79986 341.908 1.5953 0.028536 1354.8 92.9047
954.858 -0.192531 1.55148 633.017 0.507343 -1.21587 1642.08 0.670522 0.717251 0.820568 0.781861 267.976 0.701191 0.0892938 1811.75 92.9047
316.131 0.894452 -2.15216 286.393 -1.57858 -1.76803 960.775 0.757215 0.81263 0.753124 0.810679 716.239 1.1327 0.0932875 645.501 92.9047
314.029 -1.83109 -1.25915 296.108 -0.565295 2.73257 725.655 0.477314 0.186001 0.751978 0.652182 106.563 0.14567 0.537726 858.278 92.9047
449.019 0.77715 2.11597 389.789 0.682651 -1.29889 836.321 0.585805 0.121825 0.604195 0.640774 397.997 1.92668 0.191833 954.45 92.9047
502.085 0.743487 -0.0361243 297.924 -0.0601755 2.95373 849.995 0.300202 0.867774 0.782772 0.816683 158.791 -2.00361 1.3186 763.817 92.9047
376.116 -0.553379 3.03843 294.475 0.412873 0.418234 731.313 0.479281 0.571316 0.73808 0.738642 310.538 -0.149284 0.561227 726.015 92.9047
316.847 1.00903 1.3705 296.965 -0.241367 -1.74254 749.959 0.519609 0.712768 0.822097 0.776066 223.341 1.02627 0.343773 643.902 92.9047
521.701 -0.895759 -1.64064 292.017 0.103601 0.974147 865.829 0.723078 0.7939 0.806864 0.872225 379.604 2.90095 1.58375 818.389 92.9047
543.759 -0.270422 -2.51481 259.694 1.41112 1.61576 973.821 0.115801 0.593309 0.457949 0.712863 755.471 0.160098 0.283654 917.026 92.9047
312.121 0.514431 0.62584 270.062 -1.18771 -2.2175 821.726 0.496054 0.579081 0.773447 0.61624 318.055 1.42625 0.621288 583.141 92.9047
562.373 0.738373 -2.8551 341.422 -0.213408 1.01059 941.879 0.817522 0.797325 0.719793 0.761821 507.67 -0.401347 0.174699 943.583 92.9047
357.67 -0.4573 2.52051 284.528 -1.58293 -0.102769 731.905 0.477967 0.654798 0.673245 0.774203 247.229 -0.991043 0.85088 774.457 92.9047
309.547 0.538137 1.76796 279.085 0.80229 -1.54699 624.762 0.202054 0.553808 0.755808 0.773028 266.863 -1.26691 0.280795 717.898 92.9047
411.773 -0.521393 -0.362075 283.416 0.644968 -2.73853 770.688 0.805929 0.672975 0.697524 0.728044 394.446 1.51117 0.296264 691.557 92.9047
333.084 -0.380938 3.09388 314.236 0.323256 -0.81136 660.355 0.833872 0.486412 0.750182 0.858258 296.654 1.7773 0.678785 682.303 92.9047
391.604 -0.869757 1.3576 256.493 0.682654 -0.313956 724.817 0.377346 0.626483 0.744889 0.54988 49.5935 1.02728 0.326399 779.199 92.9047
331.03 -0.768887 -1.49953 287.405 0.922512 2.22164 851.932 0.596479 0.216938 0.832466 0.779401 264.167 -0.115848 1.37425 598.731 92.9047
801.816 0.816848 2.32661 268.49 -0.202746 -0.667129 1062.81 0.48664 0.821952 0.865682 0.780315 255.15 -0.461339 0.198418 1088.15 92.9047
491.766 -0.00846155 2.26442 357.172 1.00741 -1.51584 930.299 0.716971 0.549479 0.865334 0.756614 673.683 -0.594663 0.361925 837.223 92.9047
446.353 0.443508 -0.728466 375.991 0.101196 2.74874 829.038 0.812252 0.566145 0.755802 0.602525 310.737 2.06511 0.679236 814.32 92.9047
486.883 0.627329 1.96963 259.072 0.0954126 -1.3068 748.507 0.849547 0.491809 0.727335 0.789522 155.159 -0.219242 1.02943 723.834 92.9047
438.81 0.66842 -1.8666 259.413 -0.549023 0.987912 806.532 0.236647 0.78372 0.600611 0.752237 93.8694 -0.430084 1.41554 930.614 92.9047
377.422 -0.736255 1.19876 335.393 -0.455894 -1.75808 736.031 0.50899 0.649222 0.733618 0.822921 137.621 1.64863 0.400298 674.973 92.9047
533.055 0.415543 -0.248219 430.944 -0.0889256 -3.05085 997.503 0.794591 0.412001 0.732961 0.878595 546.761 2.40536 0.462425 942.838 92.9047
487.154 1.47409 -0.783759 270.838 0.0128203 2.1674 935.8 0.45396 0.650889 0.751984 0.696446 146.565 2.64289 0.477897 780.373 92.9047
343.641 0.16499 3.06319 285.534 -0.379555 -0.201704 666.963 0.438161 0.70529 0.776095 0.862378 203.133 -0.481867 0.30512 690.694 92.9047
594.267 -1.35396 0.836238 287.873 -1.06411 -1.15841 747.029 0.407886 0.594987 0.775163 0.6775 28.8642 0.361077 0.440128 896.351 92.9047
699.046 -0.724313 1.95486 533.576 0.48371 -1.31267 1473.44 0.765994 0.240821 0.837331 0.613136 446.816 -0.949723 0.141429 1210.74 92.9047
353.686 -0.146057 -0.662168 301.593 -0.187681 -2.51791 531.211 0.513271 0.482871 0.532527 0.795405 663.971 2.53854 1.22786 924.136 92.9047
805.937 0.31038 -1.29591 589.511 -0.755781 1.97641 1583.99 0.703556 0.741401 0.789693 0.811388 454.583 2.33296 0.358492 1721.85 92.9047
428.894 0.722615 -2.53415 391.72 -0.319367 -2.35937 482.91 0.447817 0.492562 0.753142 0.643467 223.001 -2.09129 0.24642 1014.91 92.9047
513.463 -0.421525 -0.0953504 304.178 -0.736441 2.76495 822.874 0.585649 0.325989 0.768218 0.611705 408.404 -2.95334 0.51498 780.524 92.9047
453.764 -0.310626 0.415169 289.714 -1.02346 -3.13888 773.78 0.315997 0.35828 0.770311 0.777451 211.649 -2.03826 0.729584 788.425 92.9047
344.614 -0.374614 2.40814 267.406 1.56465 0.837388 816.799 0.663796 0.717892 0.697379 0.828195 464.014 -0.688294 1.52985 624.374 92.9047
1097.38 0.412401 -2.89386 494.222 0.677516 0.408278 1490.75 0.800926 0.415366 0.689492 0.68984 779.182 0.0637078 0.342721 1594.68 92.9047
351.288 -2.05223 -2.92685 327.821 -0.386022 0.983169 905.963 0.776988 0.618802 0.701331 0.797447 317.922 -1.62064 0.458352 695.629 92.9047
407.581 -1.03775 2.55263 379.231 -0.213861 -1.13591 831.997 0.345038 0.187877 0.764349 0.673623 428.216 0.932931 1.26432 832.109 92.9047
386.886 -0.293281 -3.02133 274.874 -0.254153 0.0872871 661.235 0.334502 0.706022 0.774614 0.727648 250.784 -0.162419 0.253455 835.354 92.9047
653.12 -0.345224 -1.71633 288.73 -1.56968 0.713941 996.917 0.748515 0.773246 0.694259 0.809676 431.48 2.0801 0.611555 952.654 92.9047
303.804 -0.17668 -0.260279 294.418 -1.25076 2.31781 683.122 0.746372 0.576295 0.776152 0.674638 334.85 -1.97283 0.351553 587.263 92.9047
356.273 0.563504 1.00231 355.283 0.180982 -1.46216 714.631 0.589289 0.188645 0.509252 0.719297 549.311 -3.08358 1.58288 695.179 92.9047
388.42 -0.18441 2.11663 314.528 1.05295 -0.381097 820.233 0.732446 0.810335 0.804305 0.672601 180.026 -1.34383 0.975889 795.944 92.9047
455.025 -0.606715 -2.00262 280.91 -0.4554 1.08356 734.245 0.504 0.615794 0.809619 0.701065 116.436 1.89772 0.420243 1018.28 92.9047
519.853 0.383496 0.279854 261.427 -0.305513 3.09215 802.998 0.679532 0.201358 0.768265 0.623847 398.774 -2.54981 0.176389 779.836 92.9047
434.496 -0.10354 0.0245086 290.489 -0.956048 -2.52537 774.908 0.889724 0.645674 0.718826 0.831473 385.625 1.68877 0.959124 704.253 92.9047
346.812 -0.185566 -1.34416 299.116 -0.355556 1.83593 671.669 0.399117 0.593294 0.303046 0.726939 54.2492 2.77349 0.595649 647.837 92.9047
415.407 -0.212227 -1.40104 316.471 -0.00217345 2.09065 725.955 0.250024 0.682552 0.631204 0.863033 41.1051 0.509256 0.11079 942.451 92.9047
514.94 -0.702536 2.02841 268.446 0.378675 -1.60906 848.071 0.458325 0.660266 0.794895 0.623784 146.628 1.37206 0.650049 829.338 92.9047
494.956 -0.358459 -2.10555 449.054 -0.669612 1.22418 962.098 0.574121 0.781749 0.78892 0.869051 344.567 0.24656 0.828264 932.515 92.9047
821.391 0.129584 -2.13528 294.732 0.235363 0.485539 966.353 0.689427 0.762785 0.725277 0.793687 643.883 1.33985 0.582925 1158.97 92.9047
436.707 -0.0435625 1.64359 367.679 -1.50808 -0.599857 978.746 0.435193 0.859148 0.612407 0.802389 364.445 -2.77598 0.0130007 844.779 92.9047
464.473 -0.233499 0.389721 429.902 0.423772 2.62392 872.065 0.850088 0.777174 0.782186 0.819892 423.379 -1.74887 0.0865524 984.308 92.9047
442.682 -1.31075 -1.67906 322.897 -0.973981 1.8544 759.004 0.517863 0.829126 0.890695 0.767595 142.83 -2.8931 1.21165 960.337 92.9047
355.763 0.353391 -0.23486 253.461 0.830868 -3.04006 627.393 0.40893 0.73338 0.694871 0.843058 187.684 1.2844 1.06624 584.699 92.9047
553.752 0.782505 -2.72227 435.622 1.27735 0.383658 1065.01 0.0905723 0.653558 0.7895 0.76301 207.988 2.79503 0.233038 1035.43 92.9047
370.483 -0.644497 -0.618039 254.458 0.10671 1.4801 600.778 0.86368 0.757627 0.615176 0.711199 526.606 -2.53843 0.0313301 655.322 92.9047
346.298 1.01737 -0.640929 282.026 0.414962 2.00801 650.278 0.782628 0.508462 0.646198 0.777835 441.612 0.765179 1.24725 624.55 92.9047
346.411 0.325754 -0.309855 283.393 0.454476 2.26694 648.591 0.377679 0.694527 0.512772 0.744431 74.1204 -0.575527 0.265484 700.719 92.9047
348.724 -1.39525 2.46539 261.974 -0.60157 0.31151 609.136 0.795172 0.679968 0.830837 0.707396 516.644 -0.937956 1.06822 578.125 92.9047
494.618 -1.50225 1.12296 263.585 0.101709 -2.34322 973.85 0.788791 0.744807 0.784852 0.87025 524.679 2.6463 1.27791 812.211 92.9047
421.435 -0.0366083 1.09065 254.671 1.7619 -2.06338 973.304 0.495121 0.1836 0.645805 0.765959 337.059 -1.29268 0.471732 733.651 92.9047
633.979 -0.97236 1.5128 470.224 -0.177464 -1.5821 1191.98 0.545732 0.730011 0.77752 0.817564 96.8371 -1.96857 0.184991 1187.5 92.9047
296.431 0.18621 -0.359833 258.372 0.521366 -2.95751 587.99 0.223561 0.559578 0.817892 0.611274 388.171 1.08307 1.21127 525.731 92.9047
297.863 -0.103309 -0.434242 273.867 -0.016723 -3.04961 566 0.761701 0.681866 0.814876 0.750605 139.168 1.49906 0.0956907 683.638 92.9047
784.203 -0.163404 -0.414931 250.503 -0.060519 2.77899 935.635 0.213773 0.569259 0.6282 0.701312 162.346 2.21544 0.450978 1021.3 92.9047
381.466 0.890819 -0.919677 380.454 -0.0455997 1.54928 816.011 0.460573 0.616892 0.819067 0.781651 229.957 -2.50294 0.423835 1002.01 92.9047
391.863 0.810298 1.61002 274.982 0.0716782 -1.34959 705.931 0.789612 0.869582 0.788651 0.773592 352.795 2.15736 0.552588 696.883 92.9047
310.79 0.813092 0.229117 276.025 1.75494 2.65412 625.551 0.305955 0.583487 0.728942 0.689456 317.316 -0.848341 1.07924 645.481 92.9047
548.051 -0.317697 0.959117 296.202 0.930134 3.12371 905.039 0.792974 0.664902 0.759586 0.843354 419.11 -0.979865 0.0295889 945.485 92.9047
338.603 0.0251877 2.17244 289.304 -1.27497 -0.95486 767.248 0.0669177 0.308063 0.667815 0.423881 144.824 1.3558 0.816035 734.3 92.9047
348.077 -0.368991 -1.91455 268.422 -1.0092 1.5803 650.797 0.403154 0.732693 0.72999 0.804375 433.846 -0.0287773 1.60907 653.797 92.9047
632.814 -0.894462 -0.809575 296.258 0.494253 2.53707 1090.22 0.652475 0.739482 0.64896 0.758583 661.064 2.09676 0.267482 1044.88 92.9047
813.475 -0.141401 0.133373 478.527 -0.513285 -2.75394 1330.32 0.257683 0.779116 0.469777 0.730018 61.1636 1.42903 0.995974 1431.41 92.9047
323.488 -0.92894 -1.4233 264.099 0.772814 2.32827 813.105 0.536617 0.313782 0.514598 0.779291 444.583 0.191958 1.61749 568.085 92.9047
481.699 -0.593078 0.0414379 376.948 -0.780595 -2.34198 805.76 0.551747 0.517098 0.743484 0.545798 221.58 2.02318 0.011821 903.54 92.9047
753.841 -0.758277 0.832808 259.075 -0.172327 -2.80298 919.939 0.800775 0.442805 0.750763 0.802339 519.061 -1.72262 0.871023 984.484 92.9047
345.407 0.489795 -2.34715 333.556 0.371856 -0.321302 596.317 0.698905 0.616088 0.79812 0.835772 354.869 2.6092 0.981958 746.452 92.9047
343.599 -0.356203 2.4055 321.657 0.352233 -0.784885 736.719 0.681749 0.602816 0.565556 0.501515 223.624 -1.18177 0.336927 700.888 92.9047
575.929 0.552942 0.315458 352.862 0.492274 2.29963 786.587 0.64722 0.815769 0.788772 0.781528 789.982 -2.31169 0.123631 879.215 92.9047
353.625 0.831736 2.49831 307.548 -0.417142 -0.569864 798.161 0.358761 0.798026 0.684347 0.686191 245.086 1.0715 1.42338 807.346 92.9047
329.866 0.198806 1.46815 267.103 1.20966 -1.30368 680.204 0.18257 0.220811 0.632427 0.715021 293.99 2.8308 0.273368 632.343 92.9047
594.671 0.255626 -1.00617 522.503 -0.150236 1.60284 1172.73 0.150784 0.67056 0.673579 0.739101 371.484 2.13266 0.531744 1391.45 92.9047
342.817 0.289225 -2.09457 313.298 -0.395655 1.33826 695.77 0.788831 0.683958 0.802313 0.694211 197.093 -0.946195 0.390678 677.482 92.9047
343.985 -0.435701 0.477522 338.244 -0.618703 -2.75503 704.873 0.77416 0.571174 0.667208 0.763316 158.246 0.0023266 0.454806 647.024 92.9047
362.726 -0.843372 -2.91902 322.571 0.400453 0.925363 804.502 0.627581 0.584509 0.757887 0.819957 290.226 -0.41063 0.310737 677.217 92.9047
522.332 -0.240171 -2.56488 332.764 0.747299 0.205284 940.29 0.642123 0.634602 0.699695 0.705921 262.307 1.66664 0.746158 838.204 92.9047
321.257 -0.572378 -0.443717 264.984 -0.851299 1.86418 555.344 0.508437 0.631639 0.676972 0.738986 109.105 -1.56092 0.598943 710.062 92.9047
452.597 -0.1885 -2.10064 304.758 -0.127738 0.21486 709.646 0.755215 0.337189 0.684917 0.771684 337.688 2.20551 0.714356 803.649 92.9047
387.428 0.162376 3.07435 311.041 0.779845 0.480734 714.615 0.76939 0.758926 0.740963 0.661248 219.06 -1.11371 1.27492 855.681 92.9047
386.506 0.659048 -1.85883 284.173 -0.519291 0.355148 744.642 0.732172 0.576823 0.657465 0.758293 729.076 1.79846 0.0971549 657.547 92.9047
362.027 -0.444309 0.429256 250.234 2.08715 -1.65638 1120.42 0.678427 0.358097 0.800763 0.811418 391.208 2.63283 0.739034 431.923 92.9047
516.963 -0.350395 -1.00263 310.408 0.477625 0.859333 745.576 0.773282 0.768711 0.760869 0.712002 182.93 3.08661 0.0315387 952.449 92.9047
686.587 -0.168994 0.0736884 555.493 0.573509 -2.3587 1259.79 0.788331 0.784232 0.790348 0.681431 506.513 2.50344 0.246002 1239.96 92.9047
383.171 -0.0302893 -0.107408 305.772 1.47271 1.77874 801.072 0.769208 0.792995 0.752932 0.811201 301.385 2.97438 1.07809 926.202 92.9047
430.804 0.956053 -1.72786 430.208 -0.404997 2.22184 1020.96 0.778428 0.242869 0.874782 0.777893 416.159 0.591262 0.27916 890.878 92.9047
454.903 0.659521 -0.730501 254.891 0.602568 1.90196 696.6 0.554604 0.398849 0.742967 0.672839 622.969 2.74321 0.816588 672.566 92.9047
1374.91 -0.0581401 1.23956 522.098 0.416846 -2.07694 1800.97 0.743071 0.217014 0.754197 0.70266 504.224 -1.46139 0.35874 1910.05 92.9047
553.236 0.82704 -2.15086 437.031 0.177831 0.774288 1053.23 0.621529 0.787777 0.792902 0.816077 512.195 -2.57101 0.112857 948.431 92.9047
340.933 0.186153 -2.51013 313.918 -0.398003 1.66315 629.619 0.306652 0.614881 0.691888 0.698572 151.522 -0.852571 0.55352 761.943 92.9047
507.739 0.00810141 -0.743061 311.979 0.920599 2.49503 894.956 0.659018 0.809539 0.693164 0.77109 437.561 -1.90735 0.246122 944.248 92.9047
386.129 -0.470239 -0.406937 347.12 -0.0640342 2.86339 753.81 0.700238 0.831232 0.600883 0.741807 205.791 -0.661013 0.246385 734.735 92.9047
388.711 0.681707 -1.45297 263.329 -0.221064 1.88136 720.075 0.798852 0.783592 0.795402 0.823783 83.8092 -0.152886 1.30446 624.728 92.9047
303.523 0.0114969 -0.756567 278.138 -0.713628 0.921037 494.075 0.513133 0.591779 0.506183 0.685187 71.2111 0.466813 0.456416 844.288 92.9047
284.405 0.953206 0.456031 283.009 -0.881056 2.98923 811.909 0.627831 0.790151 0.731213 0.809443 245.62 0.116138 0.351691 713.199 92.9047
537.827 -0.629094 -0.298223 270.643 0.182724 -2.75131 790.722 0.665503 0.542573 0.681677 0.749112 185.943 1.18743 0.23547 918.646 92.9047
315.295 1.16366 0.461566 312.376 -0.57112 -2.83678 904.69 0.49963 0.805232 0.715533 0.845708 408.843 0.292357 0.110003 603.303 92.9047
437.035 0.357493 2.41119 351.261 -1.1432 -0.201349 1005.29 0.599722 0.436279 0.807248 0.714931 376.076 -1.58827 0.219557 778.425 92.9047
341.109 1.31114 0.911672 255.98 0.732937 -2.93613 605.339 0.34366 0.615277 0.811691 0.683265 350.237 -1.00712 0.376084 588.584 92.9047
501.958 1.05791 1.16112 310.669 -0.550985 -0.796469 977.616 0.730089 0.493771 0.69483 0.75032 703.192 -2.78124 0.144201 802.93 92.9047
403.544 -0.274298 -2.02254 344.405 -0.4299 1.27282 770.741 0.496462 0.230164 0.767365 0.761254 379.338 2.3707 0.970706 744.883 92.9047
634.431 -1.03311 -2.41485 438.156 0.446988 0.791656 1365.6 0.329775 0.60868 0.717677 0.686463 318.026 1.55089 0.738846 1210.46 92.9047
330.526 0.443923 -1.28461 255.729 0.0612114 1.44909 602.493 0.780174 0.397308 0.724202 0.789555 420.793 2.27808 0.0799148 571.548 92.9047
470.388 -0.508133 1.90365 357.765 -0.307837 -1.2579 839.558 0.714348 0.355278 0.732196 0.840801 350.67 -2.9862 1.38501 979.235 92.9047
407.168 -0.450122 -2.71225 261.413 -1.44326 1.07268 732.339 0.741838 0.197189 0.69528 0.785764 632.739 -0.0663871 0.916767 664.822 92.9047
561.227 0.433097 2.17888 429.637 0.613784 -1.07726 1004.28 0.649697 0.629884 0.712347 0.755953 75.8526 0.183132 1.27209 949.633 92.9047
581.774 -1.54965 -2.16722 418.484 -0.725598 1.43927 1058.37 0.548331 0.774153 0.835046 0.739445 431.694 0.542632 0.716032 1019.39 92.9047
323.426 0.86483 1.29223 300.772 -2.2965 -1.96595 1585.66 0.74171 0.742299 0.848873 0.84596 101.921 1.8161 0.533363 643.879 92.9047
531.589 -1.41517 0.79638 336.091 -0.963221 -2.58308 873.493 0.679365 0.874002 0.812839 0.798328 173.797 -0.921417 0.804813 936.949 92.9047
376.206 -0.272548 0.743264 321.228 -0.701665 -1.62676 714.351 0.457273 0.760844 0.75975 0.76021 349.254 2.49243 1.61522 669.75 92.9047
575.1 -1.28523 -0.60824 398.712 -0.379214 2.89538 1060.9 0.769347 0.827237 0.77877 0.822218 146.557 -1.64935 1.04788 993.092 92.9047
714.441 -0.604735 -1.28844 378.379 -0.317168 2.32687 1042.16 0.76977 0.724757 0.760402 0.609909 482.304 1.29365 0.0626038 1326.72 92.9047
407.269 -0.198365 -0.0681984 318.952 -1.28228 3.02529 838.291 0.738131 0.740851 0.734702 0.717713 141.523 1.58917 1.45694 811.102 92.9047
386.94 -1.41742 -1.09213 360.444 -0.221307 2.70304 863.449 0.736227 0.65619 0.704497 0.745742 55.0633 -2.13968 1.04982 877.025 92.9047
623.522 -0.768292 -0.936293 326.056 -0.336563 1.45622 881.137 0.746487 0.783575 0.85851 0.742029 435.061 2.5691 0.0430081 1097.19 92.9047
491.911 0.333075 -2.02794 275.513 2.07442 0.249476 996.905 0.791121 0.709014 0.758811 0.857445 333.23 0.972285 0.719978 958.736 92.9047
1184.87 -0.241858 -1.14919 338.169 -0.804761 2.38402 1302.72 0.665084 0.785152 0.744307 0.795974 393.938 0.475771 1.61997 1502.24 92.9047
390.643 0.258632 -0.290815 324.807 -1.25925 -1.07321 665.989 0.777986 0.66311 0.71195 0.721114 403.096 -3.03483 0.472526 761.128 92.9047
428.273 0.446466 0.98019 351.996 -1.2449 -2.52744 1075.21 0.532538 0.778396 0.831817 0.792027 326.946 -1.75536 0.350299 783.092 92.9047
360.466 -1.43811 2.16282 342.648 0.207728 -0.646097 956.38 0.324935 0.776091 0.720093 0.756078 289.465 -2.18395 1.54813 673.505 92.9047
339.78 0.0961594 -0.502909 298.7 0.890561 1.85173 652.669 0.751806 0.660023 0.663545 0.839419 831.553 -1.70432 1.10042 419.087 92.9047
691.372 0.0321263 0.554313 316.699 -1.3104 -2.80911 1163.9 0.346082 0.56026 0.701691 0.557676 291.964 -1.65998 0.185315 1005.02 92.9047
428.856 0.847176 1.20436 327.225 0.773194 -1.40689 735.688 0.492728 0.500252 0.77097 0.787532 43.5299 -0.955192 0.298679 994.685 92.9047
421.921 1.19413 2.16422 293.097 -1.00275 0.275777 1106 0.750939 0.767891 0.747478 0.825026 425.297 -2.38797 1.06751 697.41 92.9047
336.529 -0.109258 -1.7747 316.457 0.427503 0.855522 660.656 0.251914 0.840129 0.783906 0.803533 232.428 3.01579 0.774461 665.987 92.9047
380.982 -1.75564 1.49894 274.445 -0.835124 -1.94908 727.935 0.786921 0.402184 0.846655 0.773399 118.425 -0.102664 1.60893 627.361 92.9047
495.129 -0.975317 -0.214722 338.502 -0.22341 2.61561 877.242 0.717932 0.458535 0.656743 0.577587 331.246 -1.70404 1.48734 815.744 92.9047
529.37 -1.3114 -2.9102 448.861 -0.088533 -0.314997 1145.82 0.788321 0.318878 0.729194 0.690154 211.739 0.177686 0.277593 1099.13 92.9047
466.629 0.799547 0.793218 260.11 -0.344427 -1.45715 767.975 0.307542 0.553654 0.511157 0.875348 275.689 2.84508 0.414267 790.64 92.9047
382.395 -2.18863 2.81469 296.387 0.134515 -0.451616 1188.47 0.856027 0.545528 0.799381 0.640436 474.634 -0.412038 0.0322457 803.294 92.9047
338.775 0.364761 1.76104 260.278 -1.91734 -1.14067 1033.65 0.476955 0.679885 0.689296 0.83425 270.348 2.61128 0.83326 577.212 92.9047
354.43 0.112867 -0.249216 263.969 0.181895 -2.70474 597.232 0.857795 0.573717 0.76022 0.732599 205.38 1.58494 0.217468 617.292 92.9047
727.516 -1.41158 -1.02569 314.656 0.346301 2.59882 1359.23 0.282892 0.730359 0.761541 0.833674 371.607 1.9315 0.389977 1117.49 92.9047
322.541 -0.492315 2.20592 262.673 -0.0902083 -1.03481 627.424 0.629603 0.556091 0.767052 0.68128 215.286 -2.06997 0.643269 731.401 92.9047
474.751 0.0653297 -0.577294 307.376 0.262988 -2.87298 717.834 0.905004 0.548888 0.808559 0.7356 468.535 2.17669 0.530525 956.288 92.9047
646.999 0.0321313 1.60184 414.049 0.787681 -1.79789 1110.47 0.608602 0.604757 0.79248 0.719036 314.888 1.31129 0.291926 1101.13 92.9047
833.906 0.450914 -0.0797262 328.177 -0.795055 2.82521 1260.87 0.812392 0.600937 0.850892 0.753319 221.29 3.01377 0.179094 1223.39 92.9047
354.097 -0.0962858 -2.31728 299.838 0.135457 0.231396 644.582 0.735718 0.457943 0.76444 0.725011 243.111 2.57396 0.50964 691.351 92.9047
728.153 -0.40607 -1.42584 489.489 -1.19078 1.52927 1288.03 0.711381 0.500283 0.761998 0.609301 193.712 1.32876 0.200902 1281.84 92.9047
670.209 -0.017325 -1.52498 400.074 -0.144776 2.23173 1002.7 0.719242 0.809091 0.840383 0.869037 79.2649 -2.19896 0.673984 1274.1 92.9047
431.78 -0.224024 2.85068 287.861 0.844109 -1.35494 749.661 0.301607 0.492036 0.798437 0.76843 354.839 0.807957 0.573394 903.109 92.9047
289.493 0.419123 -2.54586 277.332 1.39832 -0.611113 559.31 0.437093 0.862925 0.667863 0.81589 125.466 2.32153 1.41882 806.969 92.9047
296.068 1.02119 -2.60895 263.98 0.449852 1.03814 591.216 0.823612 0.235642 0.835734 0.85027 621.905 -0.487114 1.11704 618.622 92.9047
323.152 -0.747882 -1.63978 252.47 -0.537214 1.91767 588.115 0.541328 0.783729 0.730712 0.798112 112.025 -0.347312 0.786432 630.787 92.9047
349.134 0.584484 1.40154 265.545 -0.0906935 -2.81542 576.454 0.722023 0.601691 0.808832 0.691896 207.515 -0.0922673 1.00003 792.954 92.9047
400.939 0.0548755 0.448704 277.994 -0.0377976 -1.3016 539.949 0.549281 0.478454 0.784667 0.678512 370.147 2.69358 0.0914099 819.76 92.9047
494.746 -1.22237 -2.79165 328.226 0.318791 0.0665585 1084.19 0.621783 0.442468 0.814675 0.686533 593.636 0.419651 0.299226 778.975 -92.9047
600.905 -0.0717461 -1.24116 322.984 0.175733 1.43221 903.79 0.679877 0.471008 0.567527 0.38373 466.242 -3.0456 1.13996 913.511 92.9047
303.18 0.698392 1.90931 285.553 -2.32157 -0.395769 1388.85 0.778242 0.537127 0.723039 0.645055 627.522 -1.65033 0.900945 601.81 92.9047
407.028 0.548971 -1.11532 256.645 1.1014 -2.9919 579.047 0.215712 0.534984 0.883718 0.536532 628.973 0.522716 0.0970068 729.189 92.9047
391.604 0.0680672 0.0947593 258.712 0.844447 -2.32627 660.594 0.584936 0.434547 0.82464 0.804761 430.271 2.96118 0.952775 664.006 92.9047
342.266 0.574705 2.78037 276.855 -0.826466 0.38823 756.051 0.590176 0.462446 0.645206 0.641213 391.651 -0.637436 0.461199 617.941 92.9047
585.996 -0.34781 0.506398 364.854 0.352097 -2.5912 1003.17 0.214648 0.86207 0.829772 0.773266 99.4833 1.39025 0.857324 926.385 92.9047
493.831 0.276492 -2.5685 281.234 0.207916 0.464309 750.11 0.679232 0.739884 0.753644 0.741501 177.189 0.515604 0.0555385 821.992 92.9047
738.798 -0.120495 1.96415 402.173 1.93179 -1.89 1682.72 0.604995 0.683283 0.405449 0.849402 293.096 0.110026 0.780927 1400.58 92.9047
316.282 0.441479 2.31875 312.641 0.18983 0.0278912 585.087 0.786468 0.762293 0.79233 0.696073 500.636 -1.17046 1.19997 730.092 92.9047
659.89 -0.161543 2.59245 320.595 -0.213843 -0.532115 948.025 0.149292 0.600965 0.775587 0.757371 465.727 -0.723343 0.152095 943.275 92.9047
853.844 -0.673838 2.60776 316.782 -0.073515 -0.770657 1092.83 0.7765 0.829156 0.724513 0.866686 581.826 1.99608 0.61097 1189.59 92.9047
332.394 -0.223199 -1.2262 324.973 -0.415721 1.91851 674.566 0.750393 0.473551 0.809188 0.849518 73.661 -1.11469 0.120541 709.215 92.9047
278.041 -0.189472 0.139893 273.985 -0.251101 2.44163 515.013 0.731652 0.382841 0.714066 0.701006 417.52 -1.74366 1.12926 559.599 92.9047
407.838 0.600799 -2.05236 309.649 -0.349446 1.27279 794.308 0.669958 0.710509 0.6815 0.709608 134.388 -0.183934 1.45636 805.177 92.9047
394.32 0.976936 0.460675 303.486 -0.235226 3.10932 817.472 0.748132 0.742644 0.744373 0.737921 266.453 -2.47184 0.6946 715.948 92.9047
367.687 0.496793 2.77846 294.482 -1.44514 -0.582481 1000.96 0.8305 0.659407 0.802243 0.600253 165.971 0.561951 0.631007 650.245 92.9047
285.86 0.0799725 1.47613 257.211 -0.97769 -1.55313 627.747 0.744818 0.762679 0.731841 0.762816 152.903 3.0458 1.58887 516.059 92.9047
369.569 0.341239 1.29552 342.31 1.73166 -2.00265 895.648 0.68838 0.797991 0.668085 0.731218 210.454 -2.11186 0.101309 845.485 92.9047
373.826 -1.033 -2.81579 305.931 -0.817168 0.730749 717.71 0.228431 0.550909 0.86154 0.774332 251.835 -0.958256 0.028026 890.518 92.9047
333.779 -0.335666 0.640169 319.959 0.3452 -1.89683 672.835 0.718096 0.21056 0.710728 0.786358 120.839 -0.675939 1.22129 891.463 92.9047
419.406 1.19623 -1.45206 390.459 -0.461456 1.61424 1116.4 0.73528 0.604362 0.789416 0.716487 86.9811 -1.44641 0.0128863 920.905 92.9047
754.108 -0.934699 -0.430661 401.62 -1.00455 -2.45683 948.213 0.770728 0.815518 0.784953 0.728677 590.161 2.35407 0.0681307 1216.37 92.9047
399.84 -0.67248 -1.30856 391.355 -0.189526 1.06037 771.112 0.752785 0.779335 0.841519 0.701601 374.271 -2.72783 1.34749 861.052 92.9047
463.992 0.641244 -1.4472 446.602 0.861043 1.32793 909.195 0.817571 0.599845 0.817512 0.678605 222.048 2.71839 0.837828 946.828 92.9047
344.489 0.375402 0.111185 288.239 1.08056 -1.77945 581.984 0.734454 0.540075 0.772004 0.746946 413.976 2.67991 0.567568 676.463 92.9047
326.31 0.750483 2.0243 287.276 -0.855815 -2.3888 748.295 0.658556 0.137774 0.813371 0.677129 125.416 -0.498277 0.612437 787.627 92.9047
679.509 -0.745842 -2.44376 589.913 -0.654145 0.974847 1281.52 0.781966 0.412861 0.749326 0.725351 234.713 -0.0937672 0.189914 1462.44 92.9047
528.759 -0.0652526 -0.69565 423.242 0.0400802 2.38141 955.973 0.779074 0.561546 0.726606 0.790006 690.269 -2.8876 0.292122 1131.56 92.9047
477.033 -0.752843 -0.971122 341.739 -0.624666 1.82786 833.337 0.345199 0.752546 0.727105 0.809217 152.707 -0.227572 0.606334 1124.38 92.9047
488.752 0.239068 0.655297 272.498 0.331329 2.64363 621.087 0.661872 0.674176 0.843308 0.69255 608.63 -1.75208 0.59127 775.378 92.9047
381.36 0.345739 0.457649 273.405 0.991325 -1.81556 649.154 0.743224 0.415385 0.732304 0.55128 403.153 2.8716 0.521348 689.369 92.9047
478.841 1.60001 0.315742 401.583 -0.721339 2.48177 1488.58 0.550843 0.693653 0.749508 0.766617 297.811 -0.656564 0.967728 972.498 92.9047
718.305 0.109211 -1.72584 336.867 -1.96586 1.55878 1572.24 0.675794 0.682377 0.765536 0.715154 221.725 0.586927 0.204384 1033.01 92.9047
495.569 -0.864356 2.34014 353.904 -0.859257 -0.509497 841.127 0.615843 0.659951 0.708131 0.68187 317.716 2.8798 0.548907 873.36 92.9047
297.011 -0.896801 -2.97915 269.857 -0.556479 0.779684 565.353 0.748883 0.680736 0.611174 0.798378 155.751 -0.0519531 0.0246551 676.322 92.9047
390.865 -1.07931 1.74291 372.856 0.540261 -0.796744 1026.31 0.412671 0.700989 0.734592 0.64287 457.343 -2.88982 1.46979 745.931 92.9047
472.252 -1.53746 3.128 357.17 0.11371 -0.397516 1115.26 0.551703 0.645634 0.782443 0.730081 227.028 1.91164 1.05733 934.641 92.9047
321.359 0.994842 -1.437 256.156 0.0513525 -0.574496 394.219 0.720392 0.698812 0.744699 0.772119 89.5279 -2.8782 0.190111 753.234 92.9047
617.333 -1.45896 2.36075 369.431 0.0609926 -0.933363 1258.21 0.320868 0.38169 0.817258 0.68792 204.77 1.73185 0.201146 1034.06 92.9047
735.875 -0.133954 -0.725009 449.919 -0.00154335 2.3665 1179.2 0.540644 0.692287 0.827031 0.719711 130.411 -1.93679 1.18819 1155.26 92.9047
436.119 0.28874 -1.39216 407.475 1.46365 2.01844 999.503 0.740122 0.850421 0.804936 0.757844 252.434 -0.356296 1.03749 835.105 92.9047
408.251 0.147344 3.03853 323.027 0.177728 -0.720369 712.044 0.655755 0.821028 0.484977 0.730022 850.746 1.80045 0.68731 702.7 92.9047
541.286 -1.27343 -0.217916 335.324 -0.95945 2.70192 876.98 0.537121 0.744737 0.744118 0.590617 192.547 -2.05735 0.777717 867.369 92.9047
384.367 1.32275 0.697096 297.2 -1.13144 -2.50646 1263.45 0.801221 0.663554 0.886163 0.668919 83.4391 1.48747 0.794728 704.002 92.9047
470.161 -1.19663 -2.01638 298.691 0.623202 1.60481 1081.58 0.772535 0.167347 0.839182 0.75261 285.68 2.92191 1.15167 950.442 92.9047
325.948 -0.261453 -0.816034 292.507 0.075256 2.7606 623.972 0.811968 0.625405 0.712739 0.552781 96.6354 -0.730926 0.0779389 675.288 92.9047
498.243 0.0552246 -2.09644 306.38 0.314528 -0.443338 594.34 0.581965 0.656812 0.654054 0.602939 769.236 1.53544 1.39142 851.097 92.9047
579.752 0.544938 0.757756 520.291 0.626339 -2.30957 1137.46 0.554928 0.696017 0.453696 0.788813 201.436 1.23296 0.31375 1100.54 92.9047
466.913 -0.174485 -1.19089 348.858 0.478254 2.89691 801.573 0.322861 0.3002 0.76035 0.629428 667.17 1.31369 1.4276 803.906 92.9047
302.322 -0.497096 0.124737 289.648 -1.03173 2.169 555.44 0.555296 0.74221 0.7272 0.699901 478.2 -1.79303 0.363992 673.939 92.9047
382.085 0.787177 -1.31957 332.424 -0.942712 2.12706 1016.72 0.704363 0.356318 0.790812 0.632054 206.614 0.714921 0.855304 767.591 92.9047
397.797 -0.778896 2.42078 371.603 -0.042151 0.34557 750.206 0.805329 0.663706 0.682322 0.769601 219.3 -1.61885 0.0817883 811.821 92.9047
315.673 1.61169 1.19858 276.723 -1.89524 -2.29179 1762.52 0.774016 0.307249 0.768244 0.771463 83.1886 -1.81689 0.281157 566.493 92.9047
425.83 0.325795 -2.67909 380.277 -1.0685 0.187746 1014.25 0.445053 0.577387 0.526584 0.744451 151.369 1.80823 1.60786 774.885 92.9047
362.025 0.177418 1.77388 277.399 -0.14936 -3.0816 472.592 0.230035 0.675107 0.789843 0.843448 147.264 -0.287114 0.56811 798.242 92.9047
319.322 -0.436547 2.33002 262.966 1.15335 -0.0770483 755.013 0.699608 0.687802 0.794879 0.796843 227.374 -1.62205 0.278834 677.443 92.9047
774.17 0.877133 2.02553 729.592 0.309027 -1.22706 1573.46 0.330959 0.6205 0.756985 0.736825 244.683 0.420436 0.845207 1568.81 92.9047
578.873 0.178423 1.34692 340.01 0.0979655 -1.31057 875.626 0.572476 0.454721 0.82458 0.821262 184.333 2.71672 0.584377 1038.45 92.9047
486.692 1.1804 0.697518 483.381 1.85286 -2.52287 1031.26 0.66909 0.420309 0.748729 0.760601 139.747 -0.372493 0.0785543 1084.46 92.9047
332.359 -1.18994 3.12651 303.545 -0.502125 0.722602 667.949 0.174096 0.520126 0.724132 0.666445 110.144 -1.19546 0.603385 811.632 92.9047
352.649 0.237909 -2.89332 289.275 0.404362 0.0224458 642.648 0.16252 0.582493 0.61366 0.388175 153.065 0.679812 0.647142 703.628 92.9047
280.896 0.0734686 2.24086 253.93 0.168367 -0.747929 558.35 0.579941 0.375611 0.793085 0.509144 291.867 -0.723963 0.0697107 912.425 92.9047
553.355 0.0360088 3.0779 389.406 -0.346693 0.676023 893.224 0.644537 0.777599 0.674727 0.784605 481.146 -0.143712 0.731225 1028.87 92.9047
552.686 -0.545643 0.682243 431.151 -1.11237 -0.995662 804.036 0.666126 0.29271 0.577462 0.756797 872.287 -3.08469 0.842242 1060.99 92.9047
379.77 -1.07069 2.99816 372.978 -0.669104 -0.372963 810.434 0.181829 0.677526 0.707268 0.716729 63.5456 -2.73789 0.120887 941.426 92.9047
539.541 0.164446 -1.32941 488.478 -0.571828 1.43284 1085.91 0.722523 0.68222 0.703579 0.773663 523.68 1.83495 0.401352 1146.08 92.9047
338.902 0.467871 0.662744 325.714 0.0450985 -2.28953 685.305 0.311329 0.767653 0.770735 0.745164 115.901 0.485341 0.172888 700.353 92.9047
479.148 -0.0404634 2.81259 292.365 0.471777 0.269428 750.401 0.674088 0.843152 0.794467 0.737307 402.669 -1.55191 1.8121 742.516 92.9047
409.554 -0.966143 1.4237 284.243 -1.58615 -0.471511 607.583 0.619165 0.605007 0.814461 0.829151 586.073 -2.29474 0.244425 724.937 92.9047
436.16 -0.147718 -1.64437 332.831 -0.396073 1.17835 771.277 0.799928 0.456088 0.78257 0.68339 239.491 2.05077 0.869887 776.625 92.9047
296.173 0.732755 -1.65236 257.081 -1.85411 2.00364 1080.34 0.837079 0.783214 0.749598 0.819108 279.099 0.405017 1.012 572.071 92.9047
388.34 0.239792 0.901761 298.29 0.0228746 -2.38966 694.814 0.811878 0.784762 0.754423 0.733476 79.0321 -0.419068 1.3117 654.304 92.9047
384.071 0.132617 3.0163 302.575 -1.07469 -0.671292 818.655 0.670641 0.375504 0.754455 0.682316 321.327 1.12784 0.925339 713.63 92.9047
612.429 -0.183042 -2.22455 327.911 -0.887398 0.493308 952.83 0.723031 0.60027 0.750368 0.685389 389.289 2.29167 1.75886 891.175 92.9047
540.711 -0.419521 2.4699 316.871 -0.566887 -0.568702 844.449 0.769393 0.722559 0.774054 0.790441 333.752 1.32867 1.14447 899.601 92.9047
316.845 -1.20679 1.32173 307.396 -0.113672 -1.69761 758.262 0.608681 0.519213 0.331853 0.730365 188.529 -0.609238 1.07717 640.865 92.9047
308.904 -0.200439 1.815 297.433 -1.10053 -1.66853 674.063 0.755668 0.812696 0.696122 0.790834 294.987 1.94226 0.143929 732.65 92.9047
681.549 1.09163 -0.117028 340.538 0.163914 -3.12971 1074.58 0.789438 0.754768 0.757979 0.693769 318.747 1.62522 0.115558 1058.16 92.9047
601.737 0.0506083 1.24598 588.48 -0.496848 -2.05719 1244.31 0.557025 0.631197 0.817762 0.718127 347.179 -1.57159 0.214499 1171.89 92.9047
775.703 -0.283202 -0.500874 387.835 -1.54804 2.6148 1334.78 0.711305 0.609343 0.640505 0.742651 528.333 2.68328 0.050822 1178.64 92.9047
458.38 -0.563849 0.273299 288.597 -0.345382 -2.52939 737.934 0.634791 0.638254 0.772327 0.790817 285.385 2.17744 1.54896 768.939 92.9047
493.925 -0.0939268 2.69475 284.1 -1.04032 -0.260002 844.717 0.766193 0.4548 0.72965 0.851117 140.474 -1.27856 1.01968 759.479 92.9047
561.548 0.120864 3.08865 372.049 0.279958 1.54716 664.242 0.502252 0.724261 0.656135 0.676008 1164.08 -0.443214 0.761748 1035.58 92.9047
575.021 -0.566646 2.86773 252.311 0.154342 -1.47108 706.097 0.617656 0.786271 0.79671 0.749811 540.046 0.47334 0.554237 807.732 92.9047
290.729 0.0638025 -0.52928 270.168 -0.660617 2.89644 601.195 0.634563 0.663555 0.444838 0.807703 338.926 2.15547 0.729862 633.077 92.9047
776.838 0.535213 2.9917 253.438 -0.464396 0.0359625 1012.54 0.392205 0.693176 0.727529 0.745945 115.592 1.21305 0.590752 1205.57 92.9047
1183.43 0.423519 2.36842 279.449 0.375322 -0.985866 1180.82 0.80858 0.310654 0.79856 0.726417 465.769 -0.797924 0.195774 1507.95 92.9047
409.161 -0.115151 1.65367 253.646 -0.475016 -1.5119 680.053 0.353679 0.113805 0.609768 0.500481 494.591 -1.55075 0.221699 656.36 92.9047
338.501 -0.177247 -2.38749 291.056 0.997719 0.0156714 729.961 0.554104 0.61307 0.665947 0.698351 477.049 2.16947 1.37549 584.144 92.9047
480.907 -0.589372 0.0997598 341.62 0.270221 2.91643 902.156 0.573082 0.574355 0.646914 0.648426 99.7841 -1.76247 0.607863 855.866 92.9047
348.597 -1.12502 1.78613 286.388 -0.142205 0.545997 498.902 0.390014 0.524762 0.654136 0.728759 98.8739 1.37194 0.422086 836.003 92.9047
483.414 -0.500502 -2.80084 259.202 -0.684988 0.723583 717.133 0.707221 0.369829 0.641428 0.815701 352.271 -1.1665 1.63158 716.422 92.9047
473.628 0.447221 0.923599 315.828 -0.293454 -2.63819 822.604 0.591668 0.473477 0.844531 0.756107 331.718 -1.3564 0.256724 795.434 92.9047
512.876 -1.13195 -1.20334 480.883 -0.284076 1.54807 1076.53 0.803217 0.750556 0.778324 0.753283 260.064 2.61642 0.350279 1036.02 92.9047
326.295 -0.425521 -1.30963 256.422 0.32477 1.78067 629.116 0.465561 0.756488 0.611032 0.837012 107.564 2.15993 0.0919535 835.55 92.9047
382.123 -0.0525954 1.4831 333.07 -1.40775 -1.36912 902.408 0.361827 0.676909 0.70984 0.696914 292.474 2.38291 0.563832 697.882 92.9047
550.758 0.192058 1.40604 275.054 1.55973 -1.19793 957.293 0.806018 0.616373 0.74597 0.791319 342.036 -2.19959 0.453311 896.317 92.9047
347.116 0.167125 1.19975 256.099 0.662128 -1.89926 624.563 0.791864 0.699209 0.714897 0.703012 399.328 0.587562 0.6095 641.598 92.9047
337.542 0.812219 1.61123 293.016 0.832849 -2.60068 593.548 0.269847 0.514563 0.517233 0.821591 147.087 -0.771589 0.42832 933.096 92.9047
454.899 1.17897 2.80374 262.719 -0.640424 -0.450269 1006.45 0.809379 0.795112 0.923515 0.813406 139.386 0.919029 0.00226051 839.908 92.9047
614.532 -0.556067 0.596118 336.835 0.783986 3.06176 1088.58 0.811682 0.695331 0.701346 0.652474 431.059 -1.68488 0.404098 990.91 92.9047
440.604 -0.127251 2.24487 251.337 0.728395 -0.284851 713.471 0.69172 0.754819 0.811928 0.746404 79.6501 -1.45524 0.687733 783.582 92.9047
487.38 -1.5376 -1.73398 390.456 -1.50821 1.68384 875.265 0.388522 0.812282 0.771333 0.746396 111.242 -0.644051 0.0288185 869.654 92.9047
429.127 -0.940012 0.737496 263.164 0.698908 -2.45604 918.588 0.523389 0.61644 0.487696 0.736789 362.271 0.585633 0.1596 795.472 -92.9047
444.69 0.392068 2.21462 283.851 -0.51661 -0.326251 761.512 0.599545 0.775732 0.733914 0.792698 239.241 -1.61379 0.956316 767.618 92.9047
518.318 -0.191486 1.03196 428.348 0.201656 -2.01716 1017.8 0.220388 0.704936 0.647487 0.820617 280.788 1.35041 0.243225 940.532 92.9047
537.243 0.191017 -2.08982 294.618 1.38019 1.2891 942.058 0.804799 0.343503 0.729339 0.629915 71.7281 1.79331 0.506858 1084.12 92.9047
478.054 -0.197598 2.075 282.874 0.886242 -1.88258 804.108 0.826137 0.777352 0.804752 0.794415 335.285 0.119403 0.0731459 869.438 92.9047
410.88 0.0169191 -0.65037 363.913 -0.416773 2.7533 814.236 0.807394 0.682267 0.803366 0.802288 306.475 2.17909 0.585856 729.508 92.9047
682.909 1.55049 0.329402 424.024 -0.0442493 -2.60276 1443.46 0.805702 0.600663 0.824262 0.697151 196.382 0.280769 0.0487663 1295.02 92.9047
473.895 -1.64696 -0.332875 367.199 -1.18404 2.2604 836.956 0.401772 0.740934 0.820018 0.748681 379.897 -2.18526 1.35496 834.043 92.9047
582.871 0.35129 2.23721 445.175 -1.38309 -1.45917 1410.39 0.433622 0.774027 0.76892 0.701137 227.415 0.284898 1.74669 994.351 92.9047
1022.94 -0.454888 0.230519 420.48 0.185297 -2.32719 1413.46 0.0546311 0.359627 0.74717 0.3303 673.72 2.78348 0.529135 688.348 92.9047
485.318 -0.613089 2.47736 483.128 0.0815234 -0.534896 1054.9 0.45423 0.759145 0.617305 0.798542 478.607 2.6943 0.048912 1042.76 92.9047
291.533 1.22285 2.7369 254.828 -0.24012 1.17026 591.406 0.709361 0.460271 0.727249 0.763478 762.849 -0.787164 0.398351 537.455 92.9047
600.747 -0.214831 -1.735 521.959 1.19091 1.58725 1426.49 0.418075 0.445925 0.538981 0.493457 150.611 0.46439 1.11223 1099.96 92.9047
377.7 0.246437 1.04146 298.414 1.75961 -2.40123 883.213 0.700327 0.706717 0.851979 0.690243 156.928 -1.422 0.24174 664.271 92.9047
562.528 -0.61451 -2.48372 331.88 0.188512 2.59324 615.893 0.747897 0.665627 0.673353 0.784398 257.646 0.425279 0.106399 1048.9 92.9047
480.339 -0.636949 -2.62327 337.217 -1.00013 0.407694 826.764 0.769587 0.689727 0.783896 0.759588 44.9776 2.38646 1.27257 788.861 92.9047
429.381 0.263769 -0.318972 320.561 -0.526918 -2.82319 786.662 0.469712 0.606143 0.783507 0.712275 149.464 0.989654 0.940423 819.302 92.9047
388.04 -0.620718 -1.91181 278.222 -1.45263 2.16376 678.213 0.438476 0.616179 0.566733 0.692768 110.888 2.837 0.686848 788.578 92.9047
465.661 0.200091 -0.810044 296.841 0.0384813 1.38485 690.417 0.690197 0.703612 0.780497 0.697082 505.982 2.82791 0.0178707 877.934 92.9047
496.231 0.0709138 -1.54957 297.736 -0.766412 2.1084 833.374 0.718432 0.609086 0.628188 0.794453 210.261 -0.563066 0.983879 889.544 92.9047
382.029 -0.759761 -2.86688 297.825 0.166373 -0.106165 752.79 0.596635 0.786166 0.895434 0.735965 470.481 -3.04061 0.180193 835.255 92.9047
327.586 1.05261 -1.54096 293.106 0.27297 2.24998 648.783 0.640108 0.717466 0.761208 0.807873 405.175 0.0345841 1.12997 690.138 92.9047
269.652 1.08528 -1.32737 260.129 0.107188 2.00784 605.396 0.296352 0.471402 0.739376 0.753644 124.128 -0.555682 0.45711 522.357 92.9047
327.199 -0.26216 0.930291 268.396 -0.176088 -1.9836 599.657 0.631229 0.460123 0.655022 0.626136 396.309 -2.81492 0.822173 827.663 92.9047
501.315 0.216577 -0.74467 336.506 0.255939 1.29989 715.621 0.721283 0.681574 0.692732 0.784437 368.555 -3.01529 0.247913 1011.18 92.9047
316.331 -0.705443 -0.0381886 316.062 -1.09671 2.4128 617.115 0.736121 0.553277 0.8549 0.808217 365.946 -2.71446 1.1632 785.816 92.9047
332.573 0.250276 -0.993197 304.031 -0.314587 1.44933 637.729 0.422636 0.743459 0.75243 0.770046 257.644 1.96452 0.496754 891.91 92.9047
554.617 0.0321659 0.584956 448.751 -0.000521458 -2.52471 1045.14 0.24492 0.469072 0.729252 0.595318 499.816 0.525923 0.0531822 1027.95 -92.9047
303.634 -1.63286 -2.68774 258.35 -0.455502 0.811967 668.963 0.70793 0.593932 0.849938 0.72103 133.448 -0.880303 1.66954 528.131 92.9047
470.819 1.7381 2.96829 311.246 0.0171335 0.837177 1005.81 0.837185 0.794979 0.821988 0.833308 478.181 -0.91348 0.17454 796.727 92.9047
454.462 0.697006 -1.98598 315.089 -0.920281 0.39885 983.711 0.209492 0.587672 0.703871 0.718616 397.188 1.52359 0.954229 891.43 92.9047
349.449 0.72457 -2.31545 325.345 0.20765 -0.305355 620.379 0.313679 0.638036 0.717996 0.82875 711.673 1.40386 1.35586 710.674 92.9047
826.487 -0.467137 -0.296868 299.934 -0.352264 -3.10288 1014.81 0.611364 0.353207 0.761456 0.561562 186.359 -2.48845 0.989378 1048.69 92.9047
362.967 -0.136584 0.609462 355.554 -0.958135 -2.36313 789.872 0.563015 0.370672 0.591576 0.797815 153.727 1.47402 0.864714 701.557 92.9047
407.602 -1.20189 1.44534 399.455 0.0337309 -1.89045 976.347 0.331071 0.626561 0.730411 0.536482 138.4 -0.161603 1.6045 777.638 92.9047
427.536 0.114905 -0.216312 252.093 0.58397 2.12962 645.213 0.379285 0.450701 0.443088 0.546845 163.394 -1.3983 0.941015 790.014 92.9047
331.474 0.658957 -1.34181 257.767 0.865775 0.990569 573.429 0.750215 0.262819 0.688102 0.670773 440.558 -3.00359 0.517443 613.871 92.9047
426.906 -0.714657 3.05679 260.562 -0.298917 0.00940802 688.054 0.335421 0.643284 0.723777 0.766213 375.845 -2.9783 0.249168 718.362 92.9047
458.09 0.568468 -1.69739 368.551 0.492868 0.564056 753.996 0.912243 0.450014 0.844472 0.812122 278.252 2.98696 0.425692 954.802 92.9047
431.895 0.0315129 3.08739 347.408 0.252725 0.422901 778.848 0.354317 0.262362 0.782561 0.715706 258.902 -1.92614 0.155053 841.762 92.9047
279.951 0.249119 0.0134097 251.733 0.879588 -3.07444 571.51 0.661286 0.667978 0.607807 0.672115 164.209 1.426 1.42007 539.357 92.9047
448.661 -0.280491 2.14353 381.473 -1.71558 -1.66102 1039.13 0.584716 0.8195 0.785988 0.749869 480.263 -0.345218 0.491042 817.672 92.9047
661.461 0.859547 -0.0372332 351.839 0.333267 2.17874 921.459 0.62892 0.415312 0.838948 0.769277 534.617 -2.26871 0.306499 1033.22 92.9047
296.719 -0.0709185 -0.0195976 280.438 -0.248935 -2.38741 555.27 0.776607 0.750392 0.788488 0.665638 379.038 1.90134 0.640225 647.394 92.9047
689.064 -0.555399 2.94231 414.267 -0.833626 -0.463172 1074.23 0.797591 0.755158 0.716391 0.733187 215.856 0.277096 0.387737 1152.84 92.9047
521.242 0.156144 -1.70048 368.115 -1.22868 2.28656 1100.54 0.120433 0.768437 0.791545 0.73783 185.394 0.793411 0.171531 703.086 92.9047
589.675 0.121984 1.74999 442.109 -0.044048 -1.75599 1021.57 0.725065 0.792387 0.79907 0.708858 451.855 0.102451 0.328239 1061.74 92.9047
502.468 -0.396306 2.9106 308.798 0.74385 -1.05835 870.552 0.701359 0.815249 0.826725 0.832784 783.838 0.290766 0.41867 840.001 92.9047
472.921 -0.518514 -1.81772 326.225 -1.29228 1.50174 859.748 0.669684 0.407204 0.618954 0.488845 153.073 1.54602 0.0491467 838.308 92.9047
388.926 -0.476842 -1.14769 256.613 0.457337 2.44705 697.826 0.827794 0.606026 0.780885 0.780075 136.938 0.595784 1.53832 616.021 92.9047
436.762 -0.226803 0.54973 320.751 -0.344889 -2.96232 788.121 0.456014 0.477321 0.255633 0.553123 335.02 -1.55875 1.34176 760.152 92.9047
395.685 0.282318 3.09652 292.719 0.912785 -0.031651 752.928 0.202725 0.595809 0.637232 0.707781 289.848 3.12342 0.15904 780.653 92.9047
550.99 0.61748 -2.03636 343.14 -0.191073 -0.0857843 861.18 0.280821 0.590858 0.781734 0.677388 721.146 1.68374 0.594626 906.094 92.9047
499.719 1.25776 -1.44415 282.025 -0.756993 1.16813 1172.77 0.541353 0.293759 0.803521 0.772171 225.107 -2.4813 1.0385 801.985 92.9047
720.715 -0.950916 -1.03672 320.12 0.319804 1.85873 1173.18 0.379147 0.700844 0.848622 0.851417 451.236 2.34836 0.482024 1033.74 92.9047
700.734 0.690337 -2.13517 602.429 1.86058 1.47979 1506.82 0.598955 0.68888 0.475736 0.82006 490.33 -0.49859 1.64634 1274.69 92.9047
407.144 0.993694 2.17071 269.8 -0.842274 -2.03785 904.17 0.554056 0.378123 0.601702 0.720063 64.3904 0.48065 0.400779 845.791 92.9047
324.557 0.271821 -0.692103 308.108 -1.28458 -2.56238 759.145 0.547332 0.769094 0.651356 0.847161 196.266 2.00062 0.292847 729.247 92.9047
327.691 -0.788229 -1.92601 276.729 -0.859466 0.632628 588.504 0.814648 0.671796 0.708483 0.794352 273.133 -0.729746 1.19412 786.605 92.9047
332.555 0.0350151 -0.166451 261.241 -0.482205 -2.60793 591.647 0.408228 0.803433 0.695146 0.846166 241.495 0.853927 0.776293 596.408 92.9047
337.429 -0.153985 0.35111 272.788 -0.400025 3.12062 643.733 0.376923 0.292744 0.855518 0.72968 343.797 -1.05617 1.27416 592.163 92.9047
395.045 -1.17884 -0.631592 283.745 1.52155 -2.67369 1339.2 0.769836 0.424125 0.797992 0.813148 445.42 1.56116 0.139324 735.485 92.9047
613.555 0.708419 2.98534 337.132 -0.444104 -0.432399 1067.56 0.851805 0.770081 0.817643 0.782893 363.617 -0.0454371 0.375313 1006.71 92.9047
375.596 -0.43564 -2.57411 264.558 -1.24744 -0.103853 673.457 0.260925 0.575115 0.702592 0.735014 387.768 1.89523 0.103273 693.415 92.9047
1234.06 0.79618 -2.55979 251.247 0.335757 0.832911 1155.84 0.242669 0.339716 0.851119 0.522231 386.081 -1.03567 0.584487 1515.08 92.9047
411.285 0.329902 2.87536 390.994 -0.61762 -0.618015 898.861 0.497428 0.432187 0.59812 0.752578 292.643 1.80734 1.06292 812.66 92.9047
490.556 -0.228627 1.16596 349.061 -0.869407 -2.81631 819.13 0.236086 0.560436 0.6984 0.654803 485.677 -0.42754 1.41805 916.732 92.9047
337.916 -0.933012 -2.60636 257.875 0.48887 1.59732 695.406 0.799273 0.293876 0.791065 0.795535 163.173 -1.76223 0.625784 730.875 92.9047
516.484 0.91238 0.992408 303.782 -0.448249 2.92947 886.473 0.806962 0.278841 0.764234 0.840266 526.563 -1.55299 0.0980786 1050.42 92.9047
421.16 0.29929 -2.21326 381.821 1.77519 0.609794 1036.91 0.796282 0.704932 0.656603 0.753367 70.7347 3.04731 0.67394 797.988 92.9047
312.468 -0.846207 -1.87264 258.854 0.802299 0.15832 720.936 0.755899 0.664485 0.697911 0.550945 378.691 2.83971 1.5772 774.125 92.9047
351.961 -0.00727899 1.42164 293.922 -0.0382069 -0.758829 584.99 0.52329 0.766155 0.705542 0.616339 482.02 -2.38623 0.774633 690.87 92.9047
276.186 0.235975 -1.89437 254.644 0.500369 1.27606 536.972 0.66375 0.65756 0.56594 0.475453 383.344 -1.83789 0.0594132 563.723 92.9047
335.775 0.321633 -2.06648 282.751 -1.24713 2.73767 696.203 0.728472 0.664265 0.774885 0.798893 375.57 -0.533319 1.51179 739.07 92.9047
332.67 -0.464449 0.172864 271.297 -0.48887 1.71007 429.332 0.76532 0.749324 0.723766 0.819524 738.033 -1.15685 0.146063 815.691 92.9047
267.973 0.520666 -0.658858 256.132 0.410939 1.84027 507.986 0.758374 0.558092 0.682472 0.81148 366.199 2.38574 0.0793238 659.524 92.9047
435.695 -1.13049 3.02576 286.236 0.961903 -0.162678 1136.28 0.751034 0.657135 0.797823 0.850025 207.616 0.260068 0.422291 715.802 92.9047
363.199 -0.717685 -0.587032 302.913 -0.999578 2.03021 670.599 0.460751 0.671703 0.556951 0.851254 635.062 -3.09037 0.274169 644.083 92.9047
451.144 0.101983 0.50566 276.808 0.651769 2.97449 712.223 0.706649 0.621668 0.732852 0.646728 315.505 -1.99697 0.434031 741.862 92.9047
317.343 -0.70075 1.40985 250.436 -1.94984 2.4808 494.118 0.692567 0.557884 0.669289 0.879303 419.981 -1.00761 0.0981336 608.887 92.9047
325.174 0.514696 -0.155602 307.1 -0.906945 2.69869 802.083 0.684177 0.791022 0.891381 0.895803 211.601 -2.77111 0.809631 629.465 92.9047
529.875 -0.628741 -2.09504 258.244 0.517864 1.73211 844.489 0.773239 0.691745 0.702796 0.779623 445.71 0.915127 0.815123 842.59 92.9047
308.106 0.0202202 2.83023 265.299 0.842263 -1.25871 575.354 0.612093 0.343028 0.74089 0.702153 671.564 0.325163 0.156829 588.685 92.9047
363.673 -0.331347 2.57374 271.284 0.795374 -1.8142 643.703 0.590023 0.80401 0.841945 0.776439 50.7261 1.05124 0.399195 882.461 92.9047
436.249 -1.33628 -1.05986 310.948 -0.357055 2.38957 879.647 0.590798 0.379216 0.808907 0.73373 368.313 0.333979 1.38416 713.213 92.9047
356.466 -1.03731 3.06063 302.504 -1.02423 -0.123631 668.714 0.389063 0.793076 0.84505 0.716923 219.226 2.97728 0.0262403 644.553 92.9047
589.244 -0.313436 -2.10834 334.399 0.738506 0.723752 1011.96 0.488786 0.745254 0.723118 0.733614 391.747 1.59002 0.807377 942.096 92.9047
385.063 0.231558 -1.71976 302.483 -0.964204 0.656634 777.659 0.605096 0.777885 0.636608 0.775427 489.999 2.59195 0.793041 684.343 92.9047
500.203 -1.62859 2.41932 252.547 -1.20648 -1.81988 640.537 0.752718 0.827674 0.832435 0.861292 353.706 -0.173745 0.122165 783.592 92.9047
347.506 0.00119595 0.428439 286.196 0.973151 -2.14561 703.051 0.33954 0.519125 0.762567 0.807283 176.722 3.08609 1.05674 658.29 92.9047
735.567 -0.165824 -2.48199 662.52 -0.0233923 1.17965 1366.02 0.647713 0.153787 0.67542 0.601014 417.803 -0.51773 0.402239 1465.06 92.9047
310.326 -1.92807 -1.15487 300.393 -0.170692 -3.04238 798.644 0.719825 0.667111 0.797514 0.781966 220.748 1.55292 0.744236 756.484 92.9047
672.383 -0.199194 2.79193 319.454 -0.0573449 0.250159 909.31 0.434317 0.5955 0.721937 0.689254 79.7632 1.6055 1.18827 1110.48 92.9047
458.275 0.211423 0.138518 339.072 -0.0120048 -2.64118 792.038 0.4637 0.707653 0.646467 0.849146 162.88 2.66045 0.139963 863.854 92.9047
360.385 1.51093 0.216264 294.989 1.33329 2.68225 632.193 0.626501 0.641736 0.71994 0.745763 351.191 -1.61573 1.82718 617.298 92.9047
471.638 0.117804 3.02369 439.358 0.370523 0.471747 925.826 0.476273 0.301476 0.666861 0.695624 570.444 -1.11595 1.18882 900.817 92.9047
724.5 0.584872 0.0642591 545.792 0.576218 2.93709 1257.34 0.684128 0.405902 0.727983 0.591029 590.131 -2.70539 0.167017 1343.99 92.9047
361.742 -0.520902 0.676368 302.626 -0.414082 2.90723 604.801 0.706485 0.492276 0.678353 0.690029 309.499 -2.01697 0.0438738 737.621 92.9047
424.108 0.404479 -2.34031 316.677 0.701049 0.691145 749.547 0.232132 0.299722 0.824578 0.874446 88.6659 1.40348 0.68649 729.771 92.9047
768.466 -0.591014 -2.34359 259.03 -1.07592 1.12416 922.865 0.606125 0.595157 0.826824 0.676139 569.222 1.29289 0.140986 1209.07 92.9047
435.868 0.276762 0.101185 412.136 -0.451418 -2.51931 890.842 0.362939 0.740641 0.705055 0.773607 389.386 2.96414 0.787054 893.374 92.9047
405.693 0.405186 2.8961 283.153 -0.516932 0.48662 720.04 0.758493 0.786325 0.811785 0.738846 232.368 -0.610102 0.505963 692.708 92.9047
888.891 -1.3222 -0.00320359 281.881 -0.665947 1.67214 907.465 0.255185 0.305233 0.220033 0.592228 1115.32 -2.76906 0.110871 1213.54 92.9047
377.952 1.16167 1.61632 292.085 -0.110186 -0.530058 747.455 0.59458 0.390517 0.713153 0.512959 362.23 -2.14891 0.40241 754.305 92.9047
408.774 0.202823 1.31803 307.261 1.05927 -1.83697 805.222 0.199751 0.342275 0.751034 0.679139 157.231 0.332175 0.582971 784.647 92.9047
522.484 -0.574937 1.46721 428.412 -0.216741 -1.23331 985.416 0.625667 0.286207 0.712242 0.61058 493.468 -2.40565 0.883464 940.157 92.9047
511.18 0.668157 0.606475 300.987 0.885018 -2.77897 795.289 0.685884 0.690552 0.847502 0.775122 523.427 -2.65228 0.123057 850.067 92.9047
530.694 -0.549522 -1.37267 267.863 1.20701 1.48557 1068.15 0.828881 0.492593 0.848077 0.666493 78.3333 2.21015 0.731429 939.017 92.9047
335.021 -0.0205783 1.88872 290.354 1.48051 -1.63806 838.926 0.203904 0.793718 0.810868 0.764524 36.7136 -3.06042 0.239361 897.503 92.9047
429.002 -1.74713 2.86213 338.534 -0.852651 0.293675 831.021 0.788094 0.769872 0.857616 0.751471 248.556 -1.462 1.74976 714.251 92.9047
336.022 0.357067 0.843227 306.127 -0.297411 -2.69524 686.58 0.770956 0.8169 0.675216 0.781228 183.886 0.189694 0.65536 656.002 92.9047
355.094 1.99835 0.214814 258.744 1.04813 -3.01972 692.303 0.709828 0.65539 0.819124 0.725102 407.045 -0.510629 0.741669 677.226 92.9047
392.437 0.299224 -2.64166 309.515 -0.377544 0.566199 764.609 0.240604 0.669882 0.790212 0.766768 147.31 -2.72479 0.214716 769.386 92.9047
308.962 0.85041 2.05484 271.488 0.72907 -0.767484 589.006 0.441396 0.407237 0.372209 0.726626 693.346 -0.902791 0.151306 784.81 92.9047
765.257 -0.655799 -1.33895 688.193 -1.20412 1.64406 1525.51 0.786245 0.388355 0.799484 0.698889 246.382 -2.9155 0.532793 1502.69 92.9047
696.662 0.365156 -1.80112 543.55 -0.134275 1.89247 1230.98 0.778282 0.890144 0.827573 0.759763 218.073 -0.583653 0.750281 1275.31 92.9047
288.375 -0.494052 -0.666375 273.751 -0.642893 1.62947 529.561 0.814451 0.678063 0.829124 0.810907 330.653 -1.9358 1.19322 630.864 92.9047
331.736 0.374057 2.99853 297.553 0.867915 -0.431014 667.612 0.519925 0.719715 0.665656 0.738007 239.822 -0.740979 0.300872 724.335 92.9047
309.05 0.145138 -1.61117 263.184 0.807124 1.62057 621.368 0.786817 0.757175 0.809415 0.810658 316.09 -1.64125 0.0440652 607.635 92.9047
408.285 -0.808451 -2.65165 301.065 0.572308 1.20295 857.859 0.782675 0.764625 0.755486 0.688385 504.733 -0.640485 1.82757 654.684 92.9047
525.379 1.02084 -1.38602 267.517 -0.76946 2.13228 1096.98 0.307664 0.734515 0.743632 0.746928 142.91 0.627623 0.722084 812.587 92.9047
374.532 0.378035 -0.635821 336.277 -1.78114 1.85227 1150.84 0.655083 0.733399 0.868947 0.718927 181.368 1.45841 0.389975 919.77 92.9047
364.041 -0.29684 2.55664 332.506 -1.63742 -1.8341 770.977 0.739686 0.6097 0.688319 0.721502 772.484 0.633258 1.9192 666.089 92.9047
321.386 0.320287 -1.10241 250.392 -0.490395 2.70538 592.874 0.605288 0.528155 0.716638 0.863619 675.677 1.08313 0.649157 685.124 92.9047
431.335 -0.641349 3.07373 251.42 -0.00354096 -0.301107 718.652 0.238693 0.812848 0.356661 0.782847 92.8597 -1.28236 0.977968 764.228 92.9047
1331.47 0.382639 2.5047 797.107 0.430029 -0.252536 2034.76 0.821695 0.315389 0.784632 0.655741 1135.39 -1.05408 0.803835 2136.62 92.9047
819.305 -0.607835 0.441963 262.849 -0.122652 -0.879631 644.044 0.800559 0.636879 0.709398 0.716956 1189.65 3.10975 0.598028 1158.17 92.9047
683.215 -1.08193 -1.47 386.162 -0.730164 2.20462 1023.07 0.646954 0.768605 0.893999 0.741341 366.501 0.503431 1.69652 1035.04 92.9047
387.606 0.490739 -0.896142 256.301 0.527587 1.82233 629.76 0.697225 0.438022 0.77314 0.840652 818.747 -1.52019 0.321527 639.751 92.9047
660.189 0.888202 2.20204 554.845 0.346196 -1.32217 1241.5 0.745138 0.185888 0.734506 0.546974 175.097 -0.220511 0.0243746 1358.21 92.9047
515.997 1.56518 -0.173794 390.393 1.58692 2.4928 881.631 0.735072 0.736861 0.813864 0.820567 253.145 -1.95009 1.30994 944.029 92.9047
423.451 0.210376 -0.503847 264.299 0.489669 1.78775 623.609 0.678694 0.741116 0.792082 0.841162 415.427 1.68495 1.73907 590.995 92.9047
285.923 -0.109002 -0.760191 260.988 0.501576 0.124949 296.566 0.604176 0.734196 0.730978 0.695228 1683.82 2.93597 0.105273 642.568 92.9047
508.258 0.586049 0.253851 353.099 0.0422815 -3.03589 890.018 0.674295 0.25015 0.733138 0.700276 214.011 -3.02299 0.0148685 859.943 92.9047
543.906 1.37386 0.235946 295.234 0.00109315 -2.51758 1038.23 0.724241 0.325349 0.845065 0.769841 74.2354 0.940025 0.702203 998.695 92.9047
460.191 -1.4332 -0.354683 354.67 -0.714907 1.61276 745.071 0.73161 0.813786 0.703918 0.801516 441.733 2.8742 0.598168 956.411 92.9047
528.761 0.0126682 3.07585 304.104 -1.32868 -0.616226 972.202 0.718141 0.854768 0.659401 0.828995 222.465 1.56877 0.56939 985.484 92.9047
426.551 0.431485 2.50284 259.796 0.727122 -1.06651 687.047 0.745146 0.291127 0.534514 0.784425 368.912 -1.03997 0.0687294 697.895 92.9047
349.872 -0.786507 2.17714 340.208 -1.67157 -0.524467 768.804 0.719658 0.590259 0.729317 0.753708 267.296 -1.73513 0.973945 662.078 92.9047
405.345 2.73578 -1.30006 271.072 0.302828 2.16147 1227.06 0.777657 0.736777 0.803663 0.844147 151.04 -2.21056 0.911198 723.013 92.9047
415.147 1.27556 -0.605331 392.606 1.24598 -2.91833 756.438 0.623144 0.78806 0.795611 0.782751 278.926 0.591874 1.20464 894.918 92.9047
450.701 0.101422 2.16452 266.948 -0.0274944 -1.16982 696.66 0.362354 0.746404 0.695408 0.718051 276.425 0.820866 0.327044 815.634 92.9047
395.636 0.00117873 2.37006 316.583 -0.528002 -1.32492 712.004 0.850115 0.305175 0.842122 0.707682 270.157 0.929036 0.0986263 804.198 92.9047
394.166 0.805535 2.93747 261.67 0.966706 -0.042975 711.708 0.254281 0.360565 0.697887 0.804567 246.363 -3.00996 0.142819 645.033 92.9047
464.18 -0.125002 -2.03009 398.791 0.204664 1.69466 845.728 0.686231 0.34151 0.785201 0.650297 214.583 1.31115 0.371559 918.919 92.9047
310.888 0.772497 2.26952 282.143 2.54866 -0.048347 864.966 0.387102 0.824748 0.646476 0.835157 539.947 -0.753327 0.702617 593.113 92.9047
331.666 -1.44887 0.77102 266.966 -0.879701 -2.60527 638.909 0.326628 0.55029 0.60088 0.737615 142.46 -1.30348 1.30545 590.161 92.9047
338.364 0.924286 -2.67697 299.293 0.6206 1.61324 555.973 0.459181 0.673261 0.856541 0.705983 430.168 -0.241712 0.642541 637.17 92.9047
864.836 0.124495 0.947652 432.78 0.621044 -1.80456 1260.99 0.294692 0.577942 0.78126 0.741688 395.717 3.06523 1.41718 1291.55 92.9047
463.529 -0.149396 -2.87617 384.929 -0.0120884 0.1975 912.19 0.12712 0.250427 0.555409 0.358958 84.9591 -0.848588 0.827296 857.901 92.9047
291.018 -0.197424 -1.66416 268.583 -0.42098 1.41953 589.914 0.652794 0.397403 0.843877 0.783368 41.8227 -2.14725 0.476642 562.176 92.9047
296.34 -1.9903 -2.18895 285.431 -0.264585 0.854175 835.467 0.247296 0.4485 0.771664 0.517473 46.7893 -2.57017 0.327199 565.508 92.9047
273.669 0.771559 -2.45425 263.964 0.0757712 -0.305057 520.509 0.682979 0.69831 0.780455 0.790453 535.253 1.76653 0.183073 558.982 92.9047
325.851 0.2407 2.70997 314.734 -1.94911 -1.34455 1037.05 0.572063 0.699659 0.79074 0.791592 381.316 1.1906 1.29715 681.829 92.9047
670.671 -0.2149 1.49598 304.503 -0.297613 -1.36248 912.895 0.642045 0.325808 0.875525 0.845826 275.252 -2.74686 1.38797 949.167 92.9047
378.357 1.0169 -2.83451 280.238 -0.890293 0.0531663 979.817 0.500268 0.692851 0.594239 0.733817 252.572 0.850624 0.503231 647.678 92.9047
365.36 -0.695362 0.63939 297.904 -0.968434 -1.86459 650.323 0.448467 0.722878 0.721147 0.756282 424.91 2.88554 0.992841 669.477 92.9047
499.881 0.586602 -2.70414 412.71 -1.08419 0.118853 1242.75 0.804889 0.771326 0.809531 0.795834 95.6355 0.916874 0.791532 1000.62 92.9047
422.601 1.45083 -1.51919 299.282 0.738739 2.65517 679.239 0.769361 0.597894 0.754958 0.729393 324.728 -0.947491 0.571452 885.704 92.9047
497.934 -0.100699 0.462384 283.582 0.660682 2.96851 788.545 0.828111 0.614217 0.67069 0.880808 322.642 -2.00054 1.28545 876.363 92.9047
715.514 -0.280709 -1.42899 295.177 0.0532298 1.50592 938.719 0.805856 0.658147 0.809466 0.773198 163.851 -2.76453 1.33795 1002.22 92.9047
461.406 -1.14359 1.47199 300.247 -1.38376 -1.74126 770.776 0.780219 0.78106 0.779491 0.839714 213.584 1.20798 0.260518 727.473 92.9047
727.249 -0.195783 -1.25244 355.087 -0.541584 1.77186 1056.22 0.476982 0.654587 0.432081 0.628905 395.121 2.0316 0.0733685 1037.74 92.9047
568.492 0.155977 -1.26755 319.11 -0.56745 1.02857 853.21 0.715691 0.669788 0.795484 0.715872 308.101 1.6413 0.597326 1119.31 92.9047
325.704 -0.362965 -2.2479 270.916 -0.309969 1.0206 632.182 0.158455 0.637214 0.544926 0.802377 170.034 -1.60553 0.113316 587.031 92.9047
327.513 1.36533 2.38335 262.906 -0.611906 -1.3312 890.387 0.434163 0.726283 0.762046 0.476851 283.705 -0.183698 0.562392 623.375 92.9047
450.108 1.06698 1.46591 250.879 0.277717 -1.8251 734.8 0.68625 0.731499 0.623352 0.769704 63.5285 -0.344778 1.48092 760.219 92.9047
623.988 0.323254 0.5837 317.246 -0.210539 -1.58115 835.737 0.539932 0.752528 0.318151 0.754739 458.238 2.18504 1.6009 1000.49 92.9047
474.931 -0.107418 -0.304856 254.912 0.882176 -2.54252 733.397 0.728112 0.488781 0.829096 0.780697 477.662 1.53902 0.290844 764.436 92.9047
578.967 -0.47297 1.1128 562.423 0.157792 -2.21918 1225.63 0.76005 0.296698 0.691159 0.635749 167.348 -0.0184685 1.13782 1110.79 92.9047
