pT_j1 eta_j1 phi_j1 pT_j2 eta_j2 phi_j2 m_jj tau21_j1 tau21_j2 tau32_j1 tau32_j2 met phi_met min_dPhi ht
594.111 -0.076083 1.26603 273.576 0.617945 2.86815 672.225 0.581996 0.343265 0.79955 0.431631 1542.74 -1.62191 1.79312 997.412
604.575 0.590283 0.10025 320.185 -1.07123 -2.35723 1176.68 0.468443 0.81084 0.73096 0.745208 849.521 2.55187 1.37409 1036.63
901.533 0.590743 -2.40538 435.571 -1.32181 0.0801391 1836.99 0.468233 0.648257 0.733238 0.740366 1239.87 1.35531 1.27517 1441.51
746.493 0.661014 0.520277 409.091 0.64193 -2.25906 1122.55 0.489113 0.615994 0.657581 0.544932 1248.63 -2.85189 0.592834 1144.21
564.192 -0.300547 -0.100979 395.069 0.0502779 -2.42013 894.548 0.69244 0.609267 0.773925 0.555523 823.686 1.93781 1.92524 1180.53
678.642 0.164696 1.5562 654.687 -0.451802 -1.40897 1428.28 0.555353 0.239472 0.853169 0.816576 568.834 -2.47413 1.06517 1326.28
647.558 0.338131 -2.56768 598.055 -0.121748 0.973112 1267.8 0.675859 0.629667 0.750122 0.731292 749.055 -0.383476 1.35659 1294.42
478.451 0.197975 -1.97641 363.705 1.06165 0.371801 894.248 0.323055 0.681961 0.7538 0.804805 896.474 2.73322 1.57355 840.125
975.189 1.06023 0.215162 406.139 -0.477482 2.98567 1656.89 0.255618 0.364893 0.642684 0.467958 863.699 -2.49744 0.800072 1370.7
1005.56 -0.516809 0.97654 333.535 -0.707839 -0.691242 886.386 0.609724 0.697387 0.584079 0.809029 2618.06 -2.26717 1.57593 1559.28
1020.28 -0.778619 0.532325 288.837 -0.345204 -2.12311 1113.58 0.506195 0.433039 0.768385 0.754035 1085.19 -2.77672 0.653609 1312.75
707.044 0.430662 -1.00896 484.379 0.847159 0.893009 1010.05 0.758064 0.502441 0.757053 0.505086 1358.8 2.16099 1.26798 1359.99
492.82 -0.139595 0.760004 375.084 -1.12643 -2.37767 993.053 0.496816 0.352296 0.272291 0.747038 867.849 0.00610994 0.753894 1083.87
2496.1 0.741856 -1.91649 656.614 -0.43441 2.60951 2554.77 0.739661 0.457177 0.756685 0.31485 2584.16 0.772152 1.83736 3203.99
1054.94 -0.415157 -1.36776 648.837 1.54812 1.81639 2528.29 0.738487 0.675926 0.765143 0.816072 436.302 0.627483 1.18891 1777.49
457.732 0.502311 -0.340901 310.72 0.539312 2.67688 770.97 0.664616 0.585935 0.597729 0.598905 1011.84 2.80811 0.131233 753.617
751.216 0.745029 -0.85407 290.295 -0.0812695 1.95112 1014.26 0.727576 0.413047 0.810826 0.336497 685.999 2.18727 0.23615 1263.71
678.929 -0.344213 3.1364 443.39 0.557699 1.84648 846.156 0.732317 0.708793 0.758795 0.829902 914.125 -0.519103 2.36558 1276.7
400.488 -0.687157 2.04732 250.732 1.25212 -0.123053 920.17 0.718175 0.792852 0.692844 0.689618 1221.18 -2.44016 1.7957 674.606
832.022 0.151177 -0.69518 716.668 0.104615 2.39754 1697.43 0.0879822 0.111838 0.701887 0.535458 725.841 2.91345 0.515909 1635.3
355.875 -0.580694 1.99564 285.963 -0.817982 -1.61143 631.875 0.776312 0.677725 0.688367 0.885246 647.832 -0.869466 0.741966 698.627
785.417 0.493994 1.74772 513.066 1.33758 -1.30872 1398.27 0.1734 0.829061 0.578901 0.797788 614.909 -0.955458 0.353262 1418.19
1095.41 0.285273 1.49633 314.573 -0.174284 -2.63312 1090.06 0.276545 0.660381 0.535097 0.638409 1382.24 -0.74812 1.885 1473.18
505.114 -0.586701 1.31772 259.324 0.267146 -2.06438 828.869 0.181427 0.208497 0.846186 0.850258 574.633 -1.19906 0.86532 751.924
754.532 -0.535856 2.79508 741.62 -0.570832 -0.936953 1455.29 0.76902 0.631063 0.689095 0.82096 1733.14 1.64132 1.15376 1465.4
344.325 0.611809 -2.22417 311.663 0.953573 -0.0743755 597.912 0.721219 0.283687 0.706368 0.573105 1025.75 1.41791 1.49228 715.595
998.56 -0.387572 -1.34946 630.092 -0.293705 2.19404 1579.26 0.734136 0.798532 0.599107 0.773047 524.709 -2.41621 1.06675 2194.93
295.404 0.739486 -1.63091 259.726 -0.420976 1.37524 669.657 0.741708 0.64491 0.825557 0.71577 127.673 2.85734 1.4821 522.355
713.345 0.0163059 1.73816 712.431 -1.41083 1.22975 1175.49 0.566681 0.380586 0.741631 0.568241 2336.33 -1.67659 2.86844 1502.94
487.363 0.979772 0.0114168 311.626 -0.739419 2.71233 1080.1 0.601049 0.115977 0.617941 0.772579 94.8185 -0.523079 0.534496 917.835
1071.87 1.00839 -2.93382 328.516 -0.586223 1.38913 1448.07 0.764309 0.39242 0.717423 0.827814 664.34 0.327342 1.06179 1459.8
2631.67 0.15693 -0.82923 1226.94 -0.065066 2.10618 3610.49 0.806457 0.738734 0.711036 0.740012 605.746 -1.04591 0.21668 4176.02
674.892 -0.0902661 -0.561334 413.527 0.183209 2.41029 1071.71 0.731873 0.711159 0.743228 0.866538 454.024 1.11621 1.29408 1258.62
909.959 -0.498641 0.557626 280.72 0.0667297 -2.70893 1065.43 0.514905 0.679886 0.553221 0.701599 917.388 -2.59555 0.113383 1574.45
631.707 0.309712 -0.805455 250.118 1.15866 1.44908 824.386 0.729678 0.827397 0.799316 0.764959 1145.58 -3.02509 1.80901 921.18
304.223 0.616933 1.28296 278.213 0.0718761 -2.28146 601.472 0.419522 0.718868 0.536072 0.778571 88.0553 -1.54134 0.740119 817.769
1177.21 1.29956 -2.34739 484.645 0.853471 1.72304 1405.89 0.692635 0.753323 0.786233 0.855219 477.911 -0.0981626 1.8212 1731.61
656.482 0.977643 1.17439 540.797 1.20779 -1.18087 1137.31 0.593936 0.548469 0.773701 0.442824 633.995 2.997 1.82261 1168.62
652.497 -0.834106 -1.79175 332.609 1.09312 2.27808 1355.27 0.337939 0.726499 0.804407 0.82971 1049.19 1.02592 1.25216 984.917
1176.8 0.248812 1.36955 289.428 -0.336258 -2.25918 1218.9 0.362201 0.828277 0.32316 0.709168 1080.02 -1.39537 0.863816 1527.56
1275.01 -0.169445 0.956584 447.894 0.633864 -2.60021 1623.42 0.367846 0.642389 0.864881 0.726667 1173.92 2.59152 1.09146 1845.74
804.92 -0.703904 -1.36502 342.91 0.194902 1.18396 1139.62 0.78341 0.794286 0.853279 0.775789 1200.36 1.57648 0.392527 1312.03
628.929 -0.0941563 -1.1938 500.554 0.101505 1.97267 1140.63 0.747043 0.757534 0.890698 0.806838 23.8024 1.10904 0.863633 1114.2
441.35 -1.06821 -2.78636 381.515 1.08373 0.474126 1348.24 0.769202 0.785825 0.843016 0.672163 69.217 -0.894849 1.36898 792.942
335.12 1.38218 -2.39594 332.083 -1.08888 3.13707 1086.07 0.631693 0.691644 0.766124 0.607628 1086.2 0.432814 2.70426 723.233
1601.97 0.939048 -2.43559 310.624 0.476808 0.855405 1652.24 0.0577313 0.474089 0.86844 0.756919 1485.79 0.824213 0.0311919 2095.98
665.85 1.29596 -1.03086 482.635 0.543549 2.73603 1187.28 0.374726 0.608166 0.447568 0.742748 827.613 2.16381 0.572215 1208.78
678.537 0.67216 2.49698 314.022 0.354923 0.287197 846.451 0.678875 0.573296 0.782905 0.853981 1893.46 -1.5229 1.81009 1021.54
956.769 0.27193 -3.08273 603.772 -0.897667 -0.924592 1672.58 0.463692 0.124854 0.680849 0.804145 281.628 1.41672 1.78373 2050.58
1706.41 -0.480954 0.834135 276.296 0.126973 -1.13792 1262.69 0.788108 0.547197 0.711048 0.655425 2397.04 -2.867 1.72908 2097.07
1072.96 0.522616 -1.41329 457.665 -0.0519967 -3.02393 1133.55 0.219201 0.558271 0.640663 0.781361 822.909 1.27097 1.98829 1527.35
792.39 0.0647512 -2.18654 277.798 1.14874 -2.51545 575.572 0.617762 0.678547 0.747379 0.660976 1707.08 0.77384 2.96038 1126.5
448.65 -0.85634 -0.010644 378.181 -0.0424186 2.92615 909.527 0.316279 0.413486 0.533361 0.886572 49.8087 -0.326382 0.315738 913.541
606.051 0.0452178 1.66525 325.948 -1.10345 -0.414599 961.559 0.45899 0.468954 0.758623 0.809211 924.209 -1.69476 1.28016 955.1
557.486 1.45906 -0.0561603 357.347 -0.829727 1.5775 1431.71 0.584622 0.647069 0.614429 0.733586 1095.45 -1.99118 1.93502 1257.39
560.659 0.274193 -0.958534 461.741 0.159818 -2.8124 826.866 0.337265 0.756654 0.715017 0.518158 849.799 0.145006 1.10354 1428.4
950.384 0.103839 3.00186 877.28 -0.668808 -0.233121 2019.92 0.379579 0.584856 0.703725 0.652046 258.378 0.86161 1.09473 1849.29
504.374 0.125868 1.44953 338.504 -0.60064 -1.09945 858.492 0.761448 0.325341 0.783249 0.624572 1770.75 -1.61521 0.515756 936.137
398.652 0.444396 -2.94492 325.679 -0.456114 0.947668 768.837 0.241775 0.597543 0.760572 0.813886 498.55 -1.62909 1.31583 1182.71
1110.5 -0.268474 0.586106 299.96 2.30918 -1.31033 2164.44 0.558534 0.630918 0.895412 0.661253 1460.07 -2.82237 1.51204 1410.68
579.496 0.188962 3.02313 440.357 0.252347 0.80699 977.396 0.419194 0.766073 0.611163 0.751901 745.309 -0.261518 1.06851 1235.58
389.774 0.915343 2.67492 345.753 -0.676892 0.00374434 971.438 0.696262 0.802377 0.724234 0.678942 83.6395 -0.763006 0.76675 961.965
443.714 -0.919869 -0.85733 351.771 -0.0749049 2.10096 903.574 0.364529 0.605087 0.724124 0.647684 505.592 -1.55489 0.697563 750.921
823.186 0.550515 3.10715 336.67 0.265275 0.963217 950.042 0.707698 0.73156 0.782005 0.537694 1408.9 -0.838216 1.80143 1439.47
790.453 0.129482 -0.367265 464.035 0.84873 -1.90523 992.118 0.823641 0.751538 0.783758 0.727962 1247.32 1.42977 1.79704 1479.57
579.424 -0.181911 -1.09684 497.088 0.144532 1.78233 1091.99 0.438218 0.46458 0.640059 0.796612 573.249 -1.70696 0.610119 1246.61
328.734 -0.0829512 0.813718 270.739 0.942049 -2.41962 700.99 0.442102 0.328113 0.693476 0.634996 1403.43 -2.16351 0.256113 600.541
408.623 1.60975 -2.3137 296.051 -0.702362 0.571537 1215.51 0.869856 0.55165 0.59187 0.509525 286.917 3.13727 0.832208 790.914
670.317 -0.153176 2.18039 258.048 1.17861 -1.17899 1026.97 0.495421 0.55371 0.679447 0.800449 527.324 -0.553643 0.625345 1124.21
772.963 0.57122 -2.95237 533.1 0.170436 0.43516 1329.97 0.607926 0.459394 0.851481 0.782327 422.224 -2.20439 0.747985 1716.62
966.591 0.377035 -0.0764495 417.325 -0.0674136 2.4757 1265.21 0.760423 0.413922 0.726965 0.768722 736.017 -2.08778 1.71971 1369.66
748.425 -0.672907 -0.910209 270.119 0.865964 1.03059 1074.15 0.219548 0.775875 0.808571 0.778677 1821.93 2.97402 1.94343 1051.25
892.56 -0.62975 -1.6419 396.077 1.36737 1.34866 1855.53 0.449837 0.756221 0.727936 0.769169 1562.03 1.63356 0.284896 1281.68
545.148 -0.835076 1.35029 506.228 1.41568 3.01453 1656.78 0.624048 0.507533 0.808051 0.651725 2002.03 -0.988541 2.28011 1158.13
677.362 0.685262 -2.13786 462.076 1.33012 -0.307937 976.752 0.711415 0.493052 0.681858 0.600068 1118.41 1.68434 1.99228 1174.72
1007.77 -0.55715 -2.02515 706.099 -0.35794 1.83626 1602.93 0.284523 0.460896 0.704206 0.571371 1095.63 0.176966 1.65929 1738.86
511.099 -0.154281 -1.73085 501.529 -0.484047 1.27982 1090.23 0.0838407 0.605759 0.643091 0.791747 151.241 2.71892 1.43911 1071.87
548.375 -1.03665 -0.661596 523.497 -0.826485 -1.96745 702.208 0.763809 0.596598 0.794575 0.545978 2046.58 2.34689 1.96885 1632.55
487.523 -0.268134 -2.2486 455.982 -0.360361 1.56267 915.84 0.461674 0.169699 0.493482 0.695852 883.532 -0.850114 1.39848 936.108
437.957 -0.465928 1.32252 262.048 1.08624 -2.8481 838.327 0.183832 0.776252 0.810701 0.782554 1624.9 -1.4231 1.425 710.446
482.791 -1.27308 -1.56641 290.629 -0.655267 2.68335 697.813 0.559832 0.577881 0.517161 0.866616 779.535 1.00936 1.67398 841.46
711.855 -0.0402701 -2.28911 556.744 0.689418 1.16273 1393.18 0.76189 0.445009 0.641492 0.316971 1869.15 1.02699 0.13574 1641.57
330.338 -0.40778 0.959944 255.272 0.88805 -1.97971 718.831 0.632042 0.81984 0.822559 0.741556 559.297 1.30848 0.348541 581.594
650.416 -0.0481457 -2.41982 508.476 0.103559 0.284135 1136.93 0.52103 0.724377 0.820978 0.614913 260.319 -1.3364 1.08342 1472.32
980.236 0.61232 -1.2286 863.3 -0.265609 1.99667 2068.88 0.076982 0.767043 0.752189 0.666465 136.378 3.05202 1.05535 2320.29
886.025 -0.541002 -0.558946 366.891 2.25819 1.98086 2439.71 0.593673 0.749409 0.731417 0.835365 376.676 2.8599 0.879034 1439.74
868.651 0.247241 0.103673 562.236 -0.181684 -2.04445 1274.19 0.722061 0.268285 0.689078 0.641544 999.658 2.20603 2.0327 1522.58
1255.98 0.613399 1.61254 606.58 0.0279056 -2.56854 1613.35 0.160863 0.613554 0.731874 0.637955 2431.75 -0.870045 1.6985 1856.34
706.09 -0.167699 2.05571 270.278 -1.04887 -2.6337 773.893 0.486503 0.508508 0.676886 0.747406 1350.39 -0.308963 2.32474 1090.82
294.864 -0.545821 2.23314 264.932 -0.768633 0.263285 481.214 0.754097 0.803746 0.841271 0.815076 1125.67 -2.13692 1.91312 704.804
988.272 -0.499119 2.05181 895.757 -0.481945 -1.37056 1879.67 0.572912 0.587993 0.767176 0.808111 980.688 -0.990279 0.380278 1869.88
922.507 -0.167016 -2.57967 549.539 0.754192 1.50168 1482.22 0.421461 0.637709 0.56589 0.545423 1978.49 -0.0160248 1.51771 1575.77
394.089 0.289766 1.45945 251.687 1.35383 0.119201 540.084 0.791743 0.737298 0.757694 0.841052 830.258 -2.24845 2.36766 760.774
372.168 0.795672 1.51864 347.1 -1.25597 -2.37495 1114.02 0.642759 0.473426 0.657944 0.747214 640.352 -0.826337 1.54861 721.633
926.26 0.180698 2.83811 520.895 0.717082 0.973303 1188.16 0.439193 0.643603 0.481233 0.839913 1476.07 -0.934112 1.90741 1718.89
695.568 -0.657235 -0.669963 383.509 1.11407 -2.53004 1341.56 0.388809 0.8142 0.792588 0.82357 1897.48 2.30363 1.44952 1315.86
1356.02 0.32295 2.38743 1194.45 -0.33685 -0.67598 2708.23 0.393168 0.220329 0.630797 0.859926 420.915 -2.00039 1.32441 2663.29
977.065 0.163483 2.91927 812.317 0.504461 -0.129452 1899.67 0.471738 0.57381 0.447053 0.45986 931.362 -0.513442 0.383991 1787.17
2057.18 -0.932267 1.71392 497.28 -0.113511 -1.66046 2217.81 0.542512 0.615427 0.750526 0.751315 363.044 -0.640895 1.01956 3304.79
554.098 -0.0665935 -0.732399 537.463 -0.160954 2.53787 1119.07 0.151339 0.66964 0.631458 0.756005 95.629 0.593825 1.32622 1078.14
637.461 -0.791034 -2.57379 333.339 -1.00899 1.68006 803.137 0.823953 0.531757 0.787097 0.726904 1269.52 -0.133086 1.81315 1181.08
975.981 0.685573 -2.81389 394.166 -0.385823 2.24902 1011.11 0.175761 0.766205 0.691048 0.817711 678.817 0.0503719 2.19865 1686.24
1218.12 -0.0351084 -0.505034 1132.25 0.0862401 -2.69322 2126.73 0.49042 0.621987 0.770985 0.863003 1458.15 1.67121 1.91876 2832.76
899.223 0.0726125 -0.572887 358.583 0.493115 2.93696 1151.78 0.688992 0.515493 0.832582 0.805509 1024.68 2.45653 0.480433 1464.43
642.956 -1.26594 -0.350786 362.319 1.38185 1.64147 1881.78 0.283434 0.525883 0.391342 0.635056 624.744 2.48257 0.841105 1103.56
539.906 -0.21695 -2.01261 406.186 -0.558055 -0.703375 615.898 0.515356 0.307205 0.768137 0.651835 1679.52 1.66441 2.36778 1088.2
940.34 0.00143596 -1.85639 555.081 0.511116 0.949922 1489.38 0.833411 0.57285 0.754709 0.728299 52.1137 1.53285 0.582924 1573.18
1087.21 -0.06578 2.10999 277.829 0.3393 -2.24242 1090.5 0.0632449 0.752842 0.688996 0.74764 1132.17 -0.308314 1.93411 1523.24
884.344 -0.88652 -0.913005 689.246 1.51223 1.76316 2809.12 0.235639 0.722403 0.718284 0.725807 632.439 -2.52702 1.61402 1548.13
818.575 -0.415889 1.07033 361.456 -0.373696 -2.41236 1094.01 0.788962 0.643962 0.857888 0.77985 289.341 -2.79782 0.385463 1175.45
517.136 0.459967 0.504577 340.869 1.75551 2.01656 843.647 0.516772 0.775877 0.853747 0.744864 803.896 -2.35387 1.91275 878.685
567.397 1.07565 1.73413 361.356 0.184644 -2.83862 825.961 0.758722 0.337639 0.74784 0.738563 1687.6 -0.256516 1.99065 937.552
1037.48 -0.640699 0.76307 363.064 1.08059 -2.21896 1732.82 0.694797 0.36679 0.729779 0.341433 943.175 -2.52906 0.310097 1418.11
1566.74 -0.0698311 -3.02428 309.097 -1.24709 0.826781 1593.56 0.797529 0.485094 0.735953 0.289969 1151.07 -0.754588 1.58137 2024.76
864.462 -0.716153 -0.992734 802.787 1.34342 3.09707 2527.31 0.786052 0.768919 0.851464 0.803536 1462.54 1.85081 1.24626 1739.78
1367.38 -0.0626538 0.0449066 614.595 0.0597805 2.10471 1605.12 0.177971 0.607942 0.856016 0.849322 295.44 -2.38796 1.79051 2714.42
630.453 -0.512713 -1.28435 332.812 0.532111 1.1014 1010.91 0.744459 0.562191 0.757747 0.486892 742.519 2.77848 1.67708 1196.32
716.053 -1.05237 -1.93085 500.802 0.303182 0.555444 1465.63 0.653453 0.137692 0.659994 0.253865 1281.89 2.4109 1.85546 1235.01
784.535 -0.748077 1.25951 539.79 -0.0487071 -2.02037 1425.1 0.16324 0.624963 0.723201 0.668414 399.608 -1.23707 0.783295 1361.16
493.067 -0.701024 0.621716 425.518 0.341075 2.87045 992.426 0.797894 0.605749 0.894909 0.654599 1283.63 -1.46442 1.94832 915.819
430.047 0.945593 1.90528 317.984 0.715117 -1.21237 763.746 0.714817 0.807891 0.846088 0.779251 102.756 -0.47728 0.73509 880.207
880.576 -0.341713 1.37565 640.608 0.999732 2.74919 1467.46 0.335389 0.632202 0.788347 0.611563 617.665 -1.86228 1.67172 2027.91
467.697 -1.6025 1.55399 321.189 -0.544366 -0.936607 897.105 0.833494 0.354552 0.863735 0.626969 665.884 -2.24867 1.31206 896.704
731.315 0.108413 2.01117 640.597 -0.148326 -0.486703 1319.78 0.0794197 0.433977 0.615839 0.650495 864.608 -2.29291 1.80621 1398.95
907.469 -0.44625 1.06901 482.606 1.46479 -2.68091 1946.41 0.794816 0.8601 0.711553 0.781407 1185.15 -0.182827 1.25183 1688.76
388.716 -0.593001 -1.64851 320.62 -0.375641 -2.62972 355.648 0.584906 0.102885 0.615081 0.628595 369.14 2.45301 1.20046 973.238
553.784 0.0533836 -1.47352 313.121 -0.349846 1.95299 865.379 0.631111 0.411549 0.531307 0.828632 326.805 0.531981 1.42101 842.343
324.311 0.15907 -2.17806 263.678 1.56573 -0.124788 682.7 0.623852 0.593602 0.519284 0.512128 910.627 1.63942 1.76421 634.664
1026 0.0669573 -2.96322 591.502 -1.2027 -1.2615 1603.72 0.695259 0.374541 0.72975 0.489267 579.546 0.198574 1.46008 2007.92
340.786 0.150739 -1.96627 331.758 0.122604 -0.121923 548.874 0.622978 0.796794 0.795226 0.81924 1288.62 1.00681 1.12874 824.902
817.801 0.320383 -1.51796 449.34 0.28335 1.38837 1274.91 0.46258 0.250348 0.527666 0.800147 1271.62 1.94683 0.558455 1247.48
641.52 -0.12055 1.93249 589.854 0.857288 0.541745 1055.59 0.769665 0.315817 0.792581 0.622146 2353.87 -1.72547 2.26721 1275.41
857.299 0.595718 1.58277 776.361 0.0125743 -1.30316 1700.24 0.730753 0.383378 0.69958 0.779157 474.773 -1.03244 0.27072 2192.77
947.108 0.578141 0.887379 288.509 0.457466 -2.47464 1068.05 0.610677 0.430572 0.657028 0.740777 454.728 -1.84935 0.625281 1212.93
346.533 0.290807 -1.64062 278.938 -0.914868 0.98278 743.574 0.650432 0.418796 0.594196 0.750669 608.266 2.18712 1.20434 729.661
821.884 -0.563697 1.51638 454.418 0.0471175 -1.96301 1350.12 0.208777 0.374412 0.571947 0.643207 1560.74 -1.42331 0.539704 1285.84
618.508 0.411599 1.84511 309.174 -0.693262 -2.06311 964.685 0.420785 0.624986 0.692977 0.799654 747.334 0.89366 0.951452 1038.65
565.321 -0.732931 1.62754 369.206 0.177798 -0.0624922 815.767 0.815159 0.668144 0.789363 0.823443 1844.12 -2.73513 1.92051 1130.78
353.7 1.13895 -0.562814 350.403 -1.54864 -2.19077 1361.22 0.624675 0.822683 0.650973 0.647406 2049.5 2.20394 1.88848 726.187
597.336 0.701563 -2.29634 381.581 0.192193 0.236708 972.05 0.688394 0.621313 0.79658 0.653271 2046.07 -2.75223 0.45589 1219.87
906.096 -0.268909 1.73905 344.057 -0.0480766 -1.34363 1131.85 0.107199 0.406127 0.701982 0.74947 196.814 -2.51596 1.17232 1800.26
1237.75 -0.130683 0.913994 771.873 -0.13611 -1.77133 1925.91 0.710222 0.467804 0.806559 0.425974 929.455 2.53284 1.61884 1973.79
510.684 0.867348 0.303136 284.748 1.34086 -2.96902 800.812 0.863719 0.710508 0.818908 0.869252 100.083 0.690723 0.387587 912.759
525.71 -0.897704 -1.82098 417.603 0.468125 0.844053 1153.06 0.753617 0.717171 0.718444 0.649487 599.599 -2.02494 0.203965 1106.92
338.801 -1.1945 -2.8671 298.12 0.211318 0.528619 829.622 0.425943 0.49632 0.453169 0.858671 307.219 -0.491571 1.02019 652.889
328.175 -0.151184 1.07722 298.375 -0.113847 -2.08122 634.708 0.227162 0.840762 0.764735 0.770619 168.1 -0.173519 1.25074 655.512
1574.78 1.15481 -0.0250772 886.083 -0.979315 2.74335 3834.12 0.170778 0.727633 0.568905 0.869322 909.381 -2.39968 1.14015 2473.45
949.437 -0.217374 -1.49898 281.152 -0.504428 1.42655 1061.38 0.539355 0.801073 0.603452 0.671912 149.316 1.98677 0.560228 1463.04
838.193 -0.319491 -1.84088 683.251 0.47016 1.16014 1650.5 0.315928 0.541252 0.788136 0.794925 188.77 2.48216 1.32203 1479.29
721.178 0.71044 -0.913462 513.171 0.0610101 3.10463 1190.2 0.764556 0.613632 0.738947 0.686139 963.805 1.92291 1.18172 1233.08
868.049 0.56379 -1.54591 853.124 0.97328 0.983429 1751.54 0.784905 0.200581 0.761256 0.845622 593.941 0.377215 0.606214 2103.66
694.192 0.293015 2.81949 386.222 0.0402291 -1.02272 1003.4 0.347646 0.769749 0.7747 0.802999 1652.68 -0.109451 0.91327 1102.04
492.834 0.196288 1.79077 305.355 0.342389 -1.81341 775.373 0.352702 0.519047 0.464328 0.84372 467.954 0.129135 1.66163 1288.16
751.544 -0.647923 -0.248064 718.839 -0.375018 2.20628 1409.53 0.608061 0.730067 0.824439 0.721063 677.776 -2.4141 1.66281 1561.65
714.665 0.543731 2.9411 463.452 -0.975035 -0.589853 1489.82 0.520477 0.502279 0.682293 0.626787 1427.74 0.535616 1.12547 1416.91
482.871 0.667261 -1.98723 418.212 -0.496187 1.6726 1042.44 0.44023 0.584758 0.407295 0.658812 626.413 -1.23113 0.756106 1126.98
461.129 1.28565 -2.44622 390.54 1.05512 2.38862 583.015 0.817289 0.680042 0.832025 0.663448 1162.25 -0.274053 2.17217 1079.29
658.795 -0.306835 1.54524 255.705 0.46222 -2.57872 811.934 0.577165 0.694474 0.847268 0.817462 1092.79 -1.10899 1.46972 956.107
403.047 -0.345886 -2.11037 385.72 -0.742266 2.37462 715.193 0.511428 0.375451 0.667481 0.66751 1804.88 -0.473554 1.63681 850.999
315.808 -0.396336 -2.06531 270.953 0.561645 1.53707 671.102 0.687361 0.300844 0.806756 0.51183 367.527 0.876606 0.660462 629.637
471.143 2.23189 -0.234779 361.176 -0.235544 -2.8789 1539.98 0.400115 0.51364 0.740872 0.708858 1069.61 0.424648 0.659427 886.717
338.158 -0.38382 1.96303 273.995 -0.312719 -0.961888 621.872 0.303382 0.656318 0.58674 0.725399 646.143 -1.62222 0.660328 631.132
799.327 0.691073 -0.283706 449.949 -0.800917 -0.852933 1138.62 0.145704 0.57447 0.798902 0.879174 2074.01 2.57344 2.85681 1582.23
997.601 0.452227 -0.0945671 846.554 -0.0520947 2.26435 1775.06 0.169749 0.821715 0.638792 0.792467 1622.11 -1.7052 1.61064 1896.6
819.614 0.477517 0.241109 607.316 0.0347191 -1.83244 1270.37 0.762442 0.127203 0.749651 0.723016 1089.68 -2.46395 0.631513 1953.65
1608.95 -0.0841113 -3.07516 312.903 0.470785 0.762554 1402.56 0.824434 0.5534 0.685836 0.669441 1148.75 -0.0807022 0.843256 2113.16
594.263 -0.588773 -2.29032 487.985 0.18398 2.00504 1006.47 0.28353 0.165812 0.750627 0.484676 1027.81 -0.148318 2.142 1569.96
466.158 0.851265 1.38382 285.962 -0.559097 -2.84567 886.13 0.472289 0.283707 0.793275 0.82441 705.971 -1.21572 1.62995 841.562
1279.32 0.851992 1.35363 360.649 -0.583518 -1.81008 1734.57 0.750493 0.49703 0.780637 0.6675 355.371 -1.37935 0.430737 2062.53
628.827 0.0862907 -2.53899 274.271 0.262532 0.769845 855.353 0.654739 0.76926 0.736594 0.728197 1676.4 0.0663938 0.703452 1071.23
1456.36 0.768382 -2.94079 1124.94 0.698721 0.245308 2687.53 0.195756 0.0453869 0.559363 0.657107 540.083 0.438401 0.193093 2695.47
772.003 -1.07139 -1.65717 395.018 0.558491 -0.378118 1217.98 0.652231 0.867795 0.753842 0.676306 1267.75 0.34132 0.719437 1431.05
983.948 -0.209511 0.888397 389.985 0.883188 -1.68347 1395.17 0.258445 0.761141 0.650101 0.791586 1070.62 -2.51197 0.828501 1479.94
601.901 -0.619887 -1.02694 582.057 0.0633284 2.00241 1291.15 0.605371 0.42423 0.772482 0.638207 1592.6 -1.16379 0.136847 1620.34
512.33 -1.53691 2.15766 486.683 -0.122442 0.143352 1145.94 0.659184 0.668908 0.426568 0.619085 772.369 -0.558138 0.701491 1857.53
629.709 -0.0282486 -2.58898 308.586 0.0251661 0.186083 903.376 0.183355 0.619919 0.704015 0.794898 1978.18 1.11031 0.92423 952.027
911.286 0.74775 -1.00773 453.784 1.40653 0.599915 1046.9 0.211188 0.628104 0.723623 0.821983 955.432 2.40635 1.80644 1688.34
1031.55 0.942086 -1.96232 374.65 -1.67833 0.928173 2482.78 0.776492 0.458216 0.737631 0.556472 1039.76 1.51304 0.58487 1416.57
783.47 0.358356 1.5167 429.08 0.306797 -2.91467 949.203 0.77682 0.496703 0.646767 0.690764 1187.16 -0.925309 1.98936 1387.45
669.733 -1.15298 1.8167 280.109 1.60297 -1.34425 1857.39 0.199928 0.499059 0.756643 0.739607 1305.9 -1.33835 0.00589478 969.511
668.853 0.36875 2.32217 570.555 -0.0688654 -0.923123 1279.58 0.483333 0.827336 0.642908 0.846364 399.422 -1.51556 0.592433 1607.52
863.557 0.0723557 -2.8286 296.283 -0.0772302 0.951879 1022.46 0.328 0.758733 0.230275 0.711017 1598.24 -0.00956888 0.961448 1283.76
383.559 -0.0170405 2.12658 266.464 0.581003 0.791486 446.361 0.418713 0.723921 0.685104 0.606784 610.036 -1.58395 2.37543 829.207
462.328 -0.646572 1.51264 407.034 0.237521 -0.278838 806.675 0.57551 0.615081 0.809539 0.512032 261.334 -2.9607 1.80985 1114.78
1872.37 -0.432237 1.47126 788.047 -0.500886 -2.18776 2384.88 0.206718 0.279976 0.638925 0.576276 767.967 -1.43306 0.754701 2682.14
557.537 -0.566114 -0.310214 454.465 -0.857889 -1.3248 567.474 0.431377 0.757825 0.733482 0.763052 1156.69 3.03934 1.91904 1572.34
459.885 1.79615 0.342125 386.251 0.496911 2.54822 965.569 0.326502 0.720443 0.713923 0.733247 1031.26 -1.93249 1.80248 1060.73
1173.34 0.300629 0.944713 256.608 0.641133 3.13211 1012.78 0.792091 0.723182 0.761883 0.78684 1361.23 -1.88325 1.26782 1612
763.77 -0.215768 -1.45798 400.795 -0.125941 3.06165 891.126 0.333988 0.709787 0.79117 0.728921 1011.14 0.74267 2.20065 1283.96
809.065 0.358153 1.74298 404.338 -1.12891 1.03306 1100 0.230508 0.0897028 0.803762 0.800543 1619.82 -1.71072 2.74378 1500.5
882.056 -0.95956 3.01561 313.722 0.108984 -0.326137 1216.71 0.704662 0.38817 0.733017 0.634491 1174.86 1.43409 1.58152 1459.98
903.895 -0.391982 -2.31464 531.222 0.439675 1.29596 1488.52 0.252126 0.437528 0.669917 0.798367 740.574 -0.74168 1.57296 2151.94
1036.75 0.314264 -1.3671 271.511 0.459443 2.40951 1032.26 0.714214 0.214567 0.740709 0.619053 1590.31 1.45953 0.949987 1286.71
737.277 -0.0539462 1.84392 609.444 -0.792803 -1.61332 1443.87 0.289349 0.612496 0.779116 0.483797 1261.25 2.66465 0.820723 1756.97
720.645 -0.432123 -3.0288 425.927 0.307672 -1.28775 961.63 0.645408 0.272809 0.638794 0.48842 1207.01 1.38328 1.8711 1489.83
567.12 0.250958 -3.09191 535.126 -0.3971 -0.306371 1174.83 0.456529 0.391164 0.78041 0.795858 1621.11 0.405717 0.712088 1083.72
611.349 -0.306028 1.18878 411.709 0.395387 -2.46991 1039.01 0.767982 0.787875 0.714311 0.764709 932.792 -0.60008 1.78886 1008.79
968.219 0.470341 -1.49551 513.509 0.324842 2.32125 1442.81 0.194792 0.796417 0.7619 0.727389 1401.85 0.789992 1.53126 1539.81
1016.83 -0.302893 -0.604819 466.897 -0.18827 2.59526 1400.35 0.581821 0.381084 0.707451 0.748855 301.667 0.807439 1.41226 1518.16
410.331 -0.513629 -1.33783 384.151 1.13838 0.733045 1009.11 0.807116 0.735847 0.82562 0.804856 542.182 3.13473 1.81062 871.547
859.757 0.249853 0.853204 337.762 -0.686533 0.284653 627.224 0.317278 0.460773 0.690901 0.727406 789.972 -2.29143 2.57608 1453.91
904.428 0.805043 -0.518036 267.66 -0.136312 2.44226 1126.16 0.219469 0.52456 0.426411 0.701792 1479.27 2.5963 0.154037 1271.19
595.108 -0.53305 -0.757731 499.547 1.19092 1.42014 1488.07 0.16319 0.172914 0.721187 0.557036 1143.95 -3.08041 1.78264 1099.33
1125.26 0.405458 0.565512 660.603 -0.858537 -2.01511 2042.09 0.723414 0.735542 0.797736 0.845582 1160.39 2.30701 1.7415 1728.81
839.426 -0.533235 -1.81862 754.523 0.238075 -0.00508514 1437.08 0.684094 0.591109 0.681639 0.662968 711.104 0.382414 0.387499 2149.52
404.575 -0.699974 -1.61665 305.789 -0.552462 2.47551 646.991 0.396336 0.734291 0.757989 0.77093 988.254 1.11159 1.36392 749.393
767.193 -0.333382 0.335378 431.067 -0.0283441 -2.74106 1275.03 0.197323 0.0969157 0.681865 0.743449 139.353 0.798907 0.463529 1219.27
493.974 0.116371 0.915772 465.681 -0.536046 -1.23499 926.839 0.395007 0.580989 0.632103 0.749295 1002.91 -2.84857 1.61357 1079.54
1599.56 0.508144 -2.21712 894.825 -0.342124 0.111914 2441.78 0.544724 0.0832139 0.764515 0.750731 1080.4 2.51735 1.54871 2577.47
810.647 -0.837287 -2.39686 546.698 -0.0414963 0.370154 1487.57 0.387956 0.343935 0.478885 0.684006 966.653 1.42296 1.05281 1454.36
905.568 0.531761 -0.0943776 794.402 0.293074 -3.12321 1756.67 0.636185 0.112911 0.778932 0.824729 602.571 -0.477132 0.382755 1769.45
1670.96 -0.0484486 -2.25136 837.355 -0.926555 0.987413 2631.38 0.673704 0.34438 0.661362 0.483581 1016.46 -1.81595 0.435416 2542.09
885.74 -0.282137 -2.19372 796.287 0.00363714 2.49928 1242.62 0.467389 0.718463 0.697952 0.7758 1438.07 -0.0364294 2.15729 1895.95
1063.37 0.433219 2.94618 342.739 -0.501626 -0.673001 1318.08 0.217384 0.450429 0.651673 0.703693 683.469 0.968222 1.64122 1391.74
538.782 0.921535 -2.73319 514.003 0.0865214 0.780685 1144.06 0.369658 0.661895 0.757968 0.781706 815.953 -1.11174 1.62145 1034.19
1164.15 -0.507387 -0.351231 453.396 1.47738 1.94697 2162.11 0.556221 0.47531 0.341663 0.784429 1750.18 3.08252 1.13555 2000.53
410.261 -1.36501 1.75365 354.707 -0.311781 -2.26165 844.435 0.777284 0.261144 0.774252 0.670959 1404.16 0.605651 1.148 829.677
526.179 -0.334353 2.22125 428.451 0.568817 -1.90389 982.385 0.748766 0.26972 0.737906 0.83427 708.099 0.662525 1.55873 1496.05
1420.63 -0.178647 1.08899 864.928 0.225546 -3.0345 2030.43 0.395163 0.708344 0.694857 0.715712 1809.11 -1.29591 1.73859 2367.4
466.629 0.517347 0.331823 319.874 -0.16336 1.29727 518.182 0.534528 0.371605 0.490107 0.770654 530.42 0.356274 0.0244508 831.573
1502.84 0.458276 -0.354031 526.645 0.280611 -2.02872 1367.96 0.764577 0.590068 0.591569 0.553701 1525.1 2.26451 1.98995 2148.82
1277.77 0.273744 0.821656 797.993 0.730641 -2.1137 2132.64 0.590801 0.419815 0.4122 0.601951 890.061 -2.62991 0.516216 2093.86
803.214 -0.843779 0.50446 261.486 -0.533474 -1.84548 884.269 0.454944 0.539929 0.715063 0.708312 1165.72 -2.37379 0.528307 1193.1
579.085 -0.546044 2.60866 562.841 -1.20516 -0.174996 1253.51 0.319204 0.427638 0.760482 0.646244 1220.66 2.80254 0.193874 1451.42
388.239 -0.227551 2.71647 360.943 1.14074 -0.507535 970.963 0.161454 0.785307 0.701589 0.754134 65.892 2.86556 0.14909 720.164
392.679 0.484167 -0.325003 325.213 -0.916781 2.30004 888.072 0.750992 0.604379 0.740127 0.742132 593.042 -2.96183 1.02132 697.637
623.054 -0.870053 -2.06387 329.893 -0.0988689 -0.345648 784.276 0.265777 0.646731 0.848109 0.496927 760.403 0.124898 0.470546 1383.88
1164.72 -0.174693 -0.271427 405.744 -1.25362 3.11751 1577.45 0.405717 0.605445 0.694947 0.686872 902.054 2.478 0.639516 1625.37
432.845 1.15148 -2.95825 327.913 0.918575 0.702462 742.962 0.723449 0.62043 0.744389 0.719561 702.578 -2.58116 0.377086 917.442
573.051 -1.13667 0.701378 328.732 -0.948956 -2.07461 895.234 0.219444 0.440963 0.826397 0.657065 1004.52 -3.10603 1.03142 1133.95
1058.79 1.17255 1.76299 310.648 -0.0653336 -2.40461 1308.48 0.790031 0.530893 0.816534 0.586472 1384.57 -0.560749 1.84386 1648.9
547.072 1.02819 -1.59016 432.99 0.598571 2.56288 893.088 0.582234 0.413881 0.78446 0.541616 469.139 -0.190802 1.39936 1128.42
430.503 0.901936 -0.269557 405.352 -1.20721 1.55288 1286.95 0.299728 0.707238 0.735003 0.778686 1011.59 2.8272 1.27432 987.383
630.328 0.151971 3.11516 535.805 0.421616 0.506025 1148.78 0.725166 0.233303 0.679002 0.809882 1089.24 -2.89785 0.270167 1468.66
758.757 -0.216712 -2.28065 731.197 -0.101887 0.380241 1501.34 0.446237 0.146116 0.725941 0.611152 523.013 1.96428 1.58404 1501.33
576.889 0.345508 2.71771 279.279 0.368804 0.748327 720.623 0.472946 0.727749 0.512069 0.743718 871.42 -0.494372 1.2427 1060.81
1297.91 -0.437387 -0.0982046 408.816 -0.217839 -2.23361 1452.12 0.0299464 0.475344 0.825207 0.255941 905.281 2.17813 1.87144 1918.35
632.707 -0.296337 0.620891 600.454 0.710098 -2.06222 1404.18 0.597823 0.223128 0.867416 0.445304 391.455 0.461933 0.158957 1739.93
741.792 -0.042744 1.81464 449.355 0.66566 -1.93368 1262.7 0.144765 0.5221 0.516695 0.713123 1267.8 -0.718592 1.21509 1212.77
557.581 0.975726 2.66579 481.549 1.62056 -1.35295 1014.05 0.739054 0.585414 0.770123 0.691928 916.88 0.151369 1.50432 1031.52
1108.62 -0.167335 0.206648 995.618 0.11892 -2.15147 1980.06 0.67467 0.195887 0.661481 0.709187 1117.35 2.7649 1.36682 2266.51
804.283 -0.176441 2.67659 791.379 0.987279 -0.89266 1850.96 0.688765 0.662219 0.647451 0.695621 658.043 1.93865 0.737938 1879.09
573.575 0.481698 -1.81074 356.272 0.853692 1.5935 935.62 0.473742 0.753481 0.474887 0.87624 116.68 2.19686 0.603365 1036.61
730.17 0.0120887 -0.583432 419.715 -1.03823 -2.2402 1027.44 0.822944 0.473379 0.769483 0.654514 1660.99 2.21067 1.83232 1398.28
939.418 -0.075983 -1.50159 900.574 -1.49542 2.36516 2246.99 0.660046 0.74785 0.813344 0.655205 823.273 0.351315 1.8529 1896.72
1085.07 -0.351371 -1.81785 363.439 -1.4869 0.281531 1336.73 0.625019 0.473075 0.65778 0.795647 1561.65 1.59477 1.31323 1628.97
591.031 0.903761 -0.374803 284.561 -0.439165 1.46632 892.116 0.392707 0.537103 0.79066 0.831807 2515.04 -2.97508 1.84178 955.52
721.654 -1.50703 -2.48596 563.888 0.594657 2.93349 1699.55 0.763651 0.625774 0.792751 0.652818 1782.03 0.100143 2.5861 1418.96
1575.83 0.554741 -2.12577 529.495 0.36107 1.88174 1682.43 0.237658 0.745838 0.676269 0.832246 2067.67 0.828421 1.05332 2157.6
1530.69 0.818773 2.28616 690.181 -0.50382 -0.278206 2508.55 0.641841 0.195648 0.7556 0.661524 1081.06 -0.73514 0.456934 2288.68
586.949 0.460621 0.989911 456.676 -0.560923 -2.88708 1133.54 0.815924 0.491824 0.746495 0.643848 1097.54 -2.30205 0.585026 1148.42
492.01 0.033191 1.65339 429.369 -0.37868 -2.3612 867.762 0.690415 0.381331 0.797193 0.752213 1265.02 -0.767052 1.59414 917.087
747.764 0.964572 1.60191 563.834 0.161514 0.747462 835.796 0.299067 0.381629 0.396377 0.793823 2364.2 -1.84419 2.59165 1379.04
1052.7 0.310715 1.19731 843.218 -0.444868 -1.02456 1850.02 0.824813 0.663345 0.795528 0.641771 1686.51 -2.97671 1.95215 2051.13
456.637 -0.912667 0.11857 339.049 0.0142976 -2.72177 875.052 0.319372 0.523152 0.772406 0.636899 1100.6 0.904721 0.786152 1075
395.113 -1.28364 -2.91962 369.581 -0.200524 -0.28914 885.311 0.523015 0.360621 0.660584 0.231507 1394.76 -0.481346 0.192206 906.515
1612.23 0.100334 0.448112 1248.65 -0.102848 -1.41049 2319.98 0.499975 0.643403 0.548234 0.663099 1292.09 2.52273 2.07461 2980.32
1084.96 0.527303 -2.89314 542.041 -0.674749 -0.764549 1686.89 0.723833 0.48133 0.792628 0.782912 1598.2 1.12685 1.8914 1594.79
317.61 -0.745281 -0.685169 252.649 0.141715 2.34845 630.117 0.745941 0.5555 0.741105 0.606473 1058.31 3.02519 0.676743 680.072
730.272 -0.362389 2.04885 433.831 -0.454932 -2.38997 909.368 0.741137 0.455972 0.747222 0.694065 1415.94 -0.465786 1.92419 1477.09
816.893 -0.484344 0.753248 404.311 0.0808253 -2.43347 1208.43 0.812974 0.748133 0.821549 0.804255 893.743 -2.40496 0.0285075 1238.52
713.25 0.770507 0.0792079 460.51 -0.912271 -2.53775 1564.81 0.339689 0.82508 0.709832 0.804889 681.762 2.43233 1.3131 1164.56
1460.92 -0.0985854 1.28469 777.979 0.755906 -2.71423 2162.05 0.589349 0.553169 0.601593 0.848721 707.375 -2.19038 0.523859 2690.19
538.079 -0.396773 2.25515 265.812 1.27552 -0.637229 1054.78 0.729335 0.480845 0.672704 0.718256 828.301 -1.02708 0.389848 801.026
1231.7 0.0421579 -2.316 324.573 0.0776263 0.410083 1379.27 0.159688 0.493326 0.457525 0.80687 1108.48 1.21047 0.800386 1723.83
717.054 -0.170035 -0.0146048 642.741 -0.168896 -1.59276 997.462 0.278857 0.696462 0.7818 0.789883 1225.21 2.13219 2.1468 1656.66
486.876 0.0399067 1.76114 295.561 -0.56475 0.661683 480.328 0.501376 0.565628 0.606031 0.614685 1655.64 -1.79882 2.4605 1068.3
1111.06 -0.486108 -0.34384 352.811 1.98809 -1.91562 2188.75 0.413102 0.701444 0.628741 0.653675 1959.65 2.38039 1.98717 1462.54
359.278 -0.440009 2.04384 320.033 0.194192 -1.18186 721.702 0.51545 0.362981 0.77575 0.588176 743.802 1.57487 0.468969 699.017
483.124 0.438697 -1.19315 288.693 -0.348211 1.315 783.058 0.584416 0.563453 0.753618 0.729473 596.517 -1.89185 0.6987 903.998
1128.82 -0.693549 -2.0462 282.276 1.18929 1.46837 1661.21 0.821734 0.704277 0.742303 0.64737 622.538 -0.197046 1.66541 1447.28
1927.6 -0.165519 1.30543 1220.16 -0.175131 -2.6303 2844.98 0.376476 0.32666 0.666174 0.662096 491.866 -0.590676 1.8961 4020.92
1013.97 0.0811221 2.74428 256.236 -1.67459 -1.40701 1370.99 0.0794453 0.629093 0.77866 0.836865 1122.35 0.248068 1.65508 1310.94
554.13 -0.467548 -0.503819 546.142 1.07653 -0.480021 943.501 0.496183 0.848871 0.436148 0.696695 306.49 2.0495 2.52953 1489.26
1201.87 0.582808 -2.49049 1024.08 0.609331 -0.0789099 2094.22 0.566777 0.413982 0.809085 0.655899 1353.83 2.48079 1.3119 2355.76
811.706 0.388412 0.0629037 423.424 -1.30893 1.64136 1420.2 0.553338 0.522574 0.306879 0.802084 761.389 -2.8753 1.76653 1497.54
537.383 0.0526412 -0.711442 331.525 -0.340085 2.13008 855.389 0.376414 0.700604 0.33218 0.679249 1083.22 2.63371 0.503633 887.389
421.356 0.193009 -2.47045 415.596 1.01418 0.137428 893.912 0.449661 0.686723 0.585021 0.738003 360.516 2.45658 1.35616 937.228
293.676 -0.714043 -3.10446 274.313 0.728127 0.722009 726.307 0.749438 0.494988 0.83382 0.661467 619.335 -0.808719 1.53073 562.35
819.351 -0.118879 -2.80912 280.992 0.71001 1.26224 997.185 0.379692 0.705298 0.224992 0.532261 1205 -0.587894 1.85014 1170.14
806.636 0.576059 0.198263 483.078 -0.35277 2.83848 1359.28 0.782765 0.723673 0.809067 0.747991 673.87 -1.643 1.80171 1266.55
762.178 0.484184 2.23426 285.119 -0.783059 -1.46357 1111.06 0.742079 0.728489 0.764336 0.65787 628.505 0.501129 1.73313 1004.86
641.549 -0.423746 -1.00586 433.852 -0.33584 2.58864 1115.62 0.692903 0.33568 0.553447 0.686157 235.58 -1.54419 0.538334 1235.12
1596.58 0.843967 -1.42039 925.037 -0.440805 1.78982 2974.22 0.55797 0.591306 0.866141 0.514741 360.629 0.743518 1.0463 2490.56
783.794 0.309058 -0.671489 734.657 0.394383 -2.67118 1297.32 0.703603 0.660491 0.599391 0.696262 1014.88 2.09636 1.51565 1753.55
920.702 -0.0426745 0.5386 495.604 -0.34021 2.7832 1243.43 0.725203 0.227444 0.799837 0.75753 1819.17 -1.38389 1.92249 1601.43
392.405 -1.87386 1.72195 316.052 0.531369 2.09298 1100.19 0.802934 0.716502 0.809238 0.578238 1295.64 -1.60772 2.58248 888.496
300.802 1.2351 -1.76654 256.396 1.93193 0.379777 540.096 0.820495 0.754827 0.666444 0.773844 1340.59 2.6326 1.88404 713.58
595.145 -0.205824 1.61211 463.155 0.45219 -0.201914 906.928 0.71844 0.448225 0.695311 0.656463 956.715 -2.79447 1.87661 1487.16
1242.06 -0.135613 -2.55235 533.663 -0.311486 1.27875 1577.03 0.696797 0.543654 0.746606 0.419619 2060.01 0.292036 0.98671 1803.72
1628.8 -0.336768 -1.61866 626.232 -1.30629 2.12862 2196.9 0.47411 0.486835 0.718617 0.574813 290.806 -0.120153 1.49851 2806.26
1320.53 -0.750959 0.470779 914.093 0.21953 2.7354 2295.44 0.603894 0.279729 0.75189 0.446188 2391.34 -1.08376 1.55454 2277.09
439.421 0.523746 -1.95542 361.294 -1.03817 2.12177 1000.64 0.0596143 0.739218 0.761899 0.580629 1079.9 -1.40561 0.549817 981.278
697.005 0.683454 1.36896 553.45 -1.21653 -1.6252 1861.71 0.588293 0.711346 0.419556 0.790741 532.202 1.33691 0.0320543 1494.41
390.434 -0.0870337 -2.7984 286.587 0.201904 1.28386 622.309 0.757686 0.697788 0.819092 0.769268 1102.76 -0.508936 1.7928 689.479
492.047 0.183932 -1.22495 483.527 -0.0357207 2.93638 893.413 0.436108 0.684179 0.59177 0.644486 1370.73 1.0377 1.89868 1240.36
1020.73 -0.728046 -0.182654 559.526 -0.122454 -2.98996 1668.36 0.385615 0.413465 0.393696 0.598109 835.957 2.49222 0.801007 1652.16
292.318 -1.5502 -1.53592 264.073 -0.0357368 -2.75707 590.579 0.708822 0.646897 0.784907 0.562053 1056.87 1.26096 2.26516 635.607
1003.45 -0.051513 -2.14732 288.455 0.0721852 1.38419 1065.57 0.705606 0.800272 0.759249 0.691548 54.0493 -2.93442 0.787101 1395.93
647.654 -1.10826 1.20829 494.201 1.83288 1.71889 2353.49 0.734342 0.81803 0.847464 0.848856 1151.42 -2.13451 2.42979 1255.34
877.357 -0.494671 -2.7278 590.236 0.249839 1.53189 1379.15 0.507166 0.311327 0.826428 0.459127 549.777 -0.994095 1.7337 1890.55
581.042 -0.564741 1.2478 389.768 1.28612 -2.17362 1407.53 0.608961 0.411143 0.839877 0.879918 143.721 -1.05353 1.1201 976.819
478.992 -1.24367 -2.86499 349.571 -0.691921 1.69919 678.681 0.756528 0.704623 0.782277 0.841437 1044.52 -1.04416 1.82083 1283.66
369.858 -0.817947 -2.24075 273.211 -0.285532 1.52916 654.434 0.630894 0.657496 0.416536 0.434938 977.733 0.224571 1.30459 646.574
734.41 0.132702 -2.37162 402.532 -0.985927 -0.0689995 1192.42 0.734185 0.214558 0.673037 0.810735 1407.32 0.361124 0.430123 1492.35
827.027 2.24392 2.93421 341.965 0.193846 0.572091 1646.34 0.787469 0.579873 0.704823 0.704073 1278.1 -1.90182 1.44715 1177.45
582.315 0.657974 1.18836 401.834 -1.32375 0.341756 1209.63 0.379307 0.786667 0.586023 0.808295 978.808 -2.35418 2.69594 1350.64
566.214 0.304127 -2.40796 323.826 0.135845 1.6283 815.64 0.208918 0.506609 0.844839 0.658266 886.6 0.691951 0.936347 1132.01
527.682 0.493862 -2.76306 284.814 0.866044 -0.474181 728.658 0.654867 0.685279 0.695815 0.727905 1631.89 2.84793 0.672195 1056.36
624.738 0.390679 -0.316536 472.388 -1.16244 2.12615 1398.11 0.739434 0.64632 0.81045 0.717376 457.659 -3.07679 1.08025 1279.42
750.387 -0.424025 1.22633 506.264 -0.506324 -1.90615 1243.52 0.425232 0.627915 0.732427 0.503429 541.212 -1.7923 0.113844 1256.07
914.516 0.624196 -1.73462 501.276 -0.94843 0.582 1764.02 0.145806 0.58598 0.60823 0.6247 1298 2.21796 1.63596 1411.97
952.299 0.486227 -2.33291 362.275 0.988409 0.145539 1165.18 0.219888 0.674159 0.774407 0.734092 508.389 -3.13561 0.802697 1621.16
2718.08 0.754672 -2.92043 330.858 0.255377 -0.103673 1983.82 0.733514 0.287003 0.787286 0.799819 1674.04 0.347841 0.451514 3029.03
638.31 1.03276 1.13317 309.394 0.0915485 -1.13884 923.231 0.796901 0.785682 0.830438 0.774437 709.134 -0.733521 0.405316 1003.59
376.297 0.111753 -0.932182 373.95 -0.489019 2.35049 791.336 0.31331 0.634275 0.582535 0.650238 1079.31 2.4684 0.117913 801.789
863.594 0.0468407 2.29386 473.234 -0.857699 0.823448 1135.31 0.505125 0.578749 0.513259 0.925064 1833.02 -1.29222 2.11567 1413.26
529.992 -0.540488 0.442152 272.588 0.726111 -1.97189 888.917 0.734308 0.80092 0.75741 0.75473 545.466 -3.07316 1.10127 891.828
624.005 -0.158138 -2.10203 546.092 -0.732651 1.95444 1135.53 0.317883 0.714624 0.654002 0.732523 700.128 0.857309 1.09713 1613.91
542.541 -0.422152 1.98063 331.165 0.347245 -0.291377 856.856 0.365353 0.744703 0.813669 0.802784 1316.8 -2.37872 1.92384 876.292
1500.71 -0.89865 1.98061 636.329 -0.550513 -0.617502 1934.03 0.570387 0.333758 0.835309 0.688824 954.971 -1.4854 0.867898 2297.41
1348.5 -0.178118 2.89076 958.683 0.341969 -0.738268 2302.76 0.640301 0.747413 0.801966 0.829649 1222.31 -0.319549 0.418718 2894.16
395.69 -0.753714 -1.33554 326.219 -1.23152 -2.80934 585.274 0.193626 0.628904 0.421389 0.815916 448.772 -2.90639 0.0970511 940.655
458.748 0.097561 -2.5557 441.676 -0.281382 0.983982 921.275 0.778902 0.572677 0.821267 0.671646 528.792 0.00541253 0.978569 870.361
457.985 -1.11414 -1.09533 270.481 0.864639 -2.75797 984.163 0.724762 0.409454 0.816612 0.703313 331.391 1.55946 1.96576 1046.9
764.17 -0.457867 2.63348 586.547 0.574168 2.02246 836.558 0.542936 0.568172 0.654631 0.807653 1250.83 -0.913611 2.73609 1786.4
970.072 -0.489277 0.329877 366.381 -0.247811 -1.74445 1077.17 0.400663 0.504553 0.681264 0.769937 1879.69 2.99186 1.54688 1284.5
1478.32 -0.709906 -2.14996 723.681 0.750221 0.0799708 2492.74 0.320236 0.612086 0.842494 0.769818 2148.02 1.63548 1.55551 2231.12
701.225 0.321107 -2.74039 334.985 0.233949 -0.300776 929.355 0.625371 0.748251 0.676828 0.788976 870.587 1.64361 1.89918 987.226
593.359 1.28468 2.66607 374.393 -0.0394887 -0.127911 1164.4 0.745309 0.586084 0.844212 0.858199 427.2 -2.44418 1.17294 976.425
332.735 1.17944 1.73229 305.353 0.385667 -1.83684 695.87 0.461998 0.687142 0.678822 0.61756 248.109 0.101898 1.63039 620.86
1289.77 0.596614 -1.61846 262.945 1.11629 0.866941 1165.7 0.236872 0.745305 0.739491 0.407072 1729.23 1.61162 0.744683 1533.26
962.623 0.0432352 0.806495 715.42 0.115989 3.08442 1578.58 0.592077 0.537361 0.82824 0.723364 880.451 -0.806117 1.61261 1750.72
340.749 -1.73587 -0.382449 325.618 -0.145278 0.580368 681.336 0.819346 0.651514 0.820127 0.80311 982.47 -2.49576 2.11331 786.693
1270.11 -0.280642 -1.98057 776.899 0.748446 1.47962 2272.05 0.285943 0.768091 0.215667 0.695968 516.407 0.273536 1.20608 2208.18
371.376 1.06349 0.115951 305.217 0.341194 2.08334 621.947 0.730233 0.540563 0.736326 0.648738 1073.27 -2.38715 1.81269 676.61
694.594 -0.424167 1.73726 360.766 0.119599 -2.02914 1035.83 0.324918 0.635012 0.282352 0.51317 924.654 -0.88764 1.1415 1065.09
412.155 -0.986436 1.01014 324.995 0.164111 0.805552 515.831 0.267183 0.185597 0.726701 0.652301 1284.69 -2.99978 2.27326 1268.39
660.09 -0.190054 -1.29378 274.888 0.0569307 1.91181 875.061 0.373185 0.335598 0.743261 0.454223 866.459 -3.04065 1.33073 1121.29
736.841 -0.656749 0.500416 409.154 -0.238297 -2.35224 1131.57 0.167807 0.548204 0.775998 0.231674 1465.6 2.90263 1.02832 1497.48
1280.67 -0.830621 -1.62812 394.425 0.825889 2.86211 1736.1 0.125337 0.27648 0.811259 0.819707 860.379 2.26733 0.59478 1835.9
1161.58 0.245279 -1.86191 1066.7 -0.0818108 -0.192322 1697.91 0.795231 0.478512 0.72859 0.4998 1988.97 1.79242 1.98475 2401.57
502.528 1.02601 2.28952 500.65 0.289353 -1.84396 991.466 0.50063 0.170658 0.753273 0.794896 934.935 -2.28468 0.440714 1654.13
951.062 0.219397 1.9067 814.209 0.896084 -0.57701 1862.06 0.696503 0.308285 0.744113 0.324659 1153.37 -2.58798 1.78851 1759.41
1066.57 0.0383259 -0.182105 347.687 0.409292 -1.50123 820.972 0.747761 0.604802 0.734922 0.896482 2199.54 2.56071 2.22125 1396.83
673.195 -0.597457 2.43617 582.592 0.27713 0.53565 1177.59 0.669216 0.538203 0.801139 0.586005 694.167 -3.0915 0.755517 1739.44
982.309 0.650578 2.26052 375.128 -0.16973 -2.03573 1199.7 0.768593 0.284355 0.802825 0.804606 1697.37 -0.0884549 1.94727 1409.24
630.45 -0.090841 -2.04569 257.476 2.50554 1.09071 1622.35 0.303235 0.789459 0.764371 0.787011 1014.17 1.11404 0.0233306 899.969
907.693 -0.0779439 1.11362 362.259 0.852558 -2.70782 1228.37 0.803459 0.671932 0.797969 0.709995 547.401 -0.00573272 1.11935 1547.65
1051.29 -0.0299769 -0.343246 1004.51 0.191055 2.41376 2068.22 0.421881 0.277645 0.616085 0.828674 823.097 -2.53163 1.3378 2039.45
831.553 0.0892677 2.64075 780.226 -0.949694 -0.281554 1860.52 0.674054 0.356697 0.630361 0.415935 944.793 -3.03225 0.610186 1630.59
1130.09 -0.589646 0.0982244 403.823 1.12166 2.69347 1859.71 0.810141 0.642217 0.824893 0.795929 1676.98 -2.49103 1.09868 1588.45
775.998 0.338133 2.49128 253.744 1.41854 0.143489 978.717 0.762033 0.585368 0.806479 0.597592 1406.9 -1.43379 1.57728 1118.06
567.009 -0.107554 -0.334765 273.018 1.43064 1.70199 950.242 0.771105 0.667716 0.731472 0.788279 1620.73 -3.1029 1.4783 856.307
721.727 0.664944 1.07445 299.636 1.32912 -2.69106 950.843 0.730722 0.700125 0.76019 0.72371 112.071 -2.35586 0.335199 1112.96
469.484 -0.631585 -3.07356 312.688 -1.42175 0.509514 830.937 0.766006 0.524204 0.786247 0.856717 1188.9 -0.506174 1.01569 1229.26
1284.21 -0.698985 2.5337 348.256 0.952775 -2.53264 1474.88 0.741079 0.557752 0.795819 0.846726 678.598 -0.177798 2.35484 2056.23
600.313 0.38346 -0.467963 314.438 -1.35207 1.92229 1193.2 0.725384 0.701342 0.715939 0.803171 800.215 -3.02186 1.33904 1251.8
498.98 -0.151264 0.591192 393.897 -0.760063 1.53415 508.439 0.680108 0.704891 0.682989 0.756327 1679.42 -1.89965 2.49084 1173.82
395.625 1.6783 -0.436526 255.935 0.64078 2.36715 730.597 0.715048 0.691279 0.570373 0.767236 935.116 1.34156 1.02559 778.101
389.631 1.00498 0.788641 257.342 -0.539591 2.29816 714.447 0.706971 0.653327 0.608494 0.666236 1161.78 -1.54875 2.3374 659.549
895.239 0.554804 -1.80434 852.201 -0.355333 1.25091 1950.84 0.211095 0.497103 0.70411 0.416496 337.184 2.72796 1.47705 1797.05
429.793 0.106242 0.921438 285.469 -0.419329 -0.375524 493.071 0.581171 0.625686 0.800376 0.675805 560.035 -2.38101 2.00549 1004.13
554.841 -0.607816 -0.528331 417.465 -0.553756 0.791306 641.186 0.402545 0.753662 0.838299 0.698313 2117.12 2.73954 1.94823 1281.74
707.702 -0.0255517 2.34518 540.101 -0.193821 -0.0669767 1169.99 0.742911 0.770065 0.683849 0.676646 619.791 -0.861444 0.794467 1342.77
1151.7 0.490274 -2.16615 442.709 -0.138286 0.0890506 1393.73 0.484017 0.688954 0.898321 0.773337 1579.57 1.71435 1.6253 1553.6
410.856 0.453234 1.75747 337.729 0.643084 -2.13283 705.228 0.542337 0.752588 0.775213 0.814454 554.505 -0.917078 1.21575 829.241
836.551 -0.247531 0.975383 450.516 -1.24279 -2.37222 1392.53 0.350531 0.548226 0.357946 0.800626 335.95 -1.40611 0.966118 1326.98
580.477 0.814811 2.42888 327.907 -0.381702 -0.340661 1028.18 0.631126 0.769211 0.698739 0.80782 1038.59 -1.84506 1.5044 1197.06
851.614 -0.550856 -2.32324 338.766 -0.0541114 1.60864 1044.05 0.662234 0.774173 0.684628 0.757319 1575.12 0.811784 0.79686 1299.47
676.251 0.140204 -1.89257 452.386 0.560138 1.15486 1215.12 0.16806 0.263838 0.394452 0.819196 2012.25 1.72006 0.565196 1209.77
641.54 -0.62845 -1.34185 534.087 -0.104842 1.41622 1225.26 0.299788 0.520626 0.682089 0.738239 932.72 2.20548 0.78926 1201.48
1037.9 -0.354135 -1.25914 828.191 0.010251 1.9116 1999.16 0.134545 0.777236 0.594306 0.729109 2159.73 1.57525 0.336352 1884.52
639.797 -0.192493 2.2686 504.254 -0.497652 -0.657037 1159.92 0.755743 0.491533 0.812196 0.773937 305.767 2.68762 0.419024 1717.26
1049.3 -1.45458 0.99241 900.901 -0.42661 -3.08357 2039.98 0.589134 0.63777 0.54138 0.718754 1139.05 -1.11519 1.96838 1947.17
908.652 0.284543 -2.77493 344.541 0.2765 0.396928 1187.92 0.0351504 0.483203 0.58159 0.312673 112.001 2.35522 1.15303 1455.95
993.457 -0.31192 -2.68118 302.984 -0.711984 0.543893 1131.15 0.77618 0.641958 0.829008 0.642344 409.318 0.19776 0.346133 1291.17
369.437 0.945548 -0.654818 337.209 -0.468279 3.09309 874.338 0.702957 0.745279 0.745859 0.752292 809.294 0.758226 1.41304 698.563
803.84 0.28255 -0.307793 803.498 -1.06381 1.88618 1925.54 0.132432 0.817933 0.687902 0.790797 1428.59 -2.29909 1.99129 1625.3
423.894 -0.214695 2.04548 301.649 0.810717 0.0765705 739.414 0.433631 0.637322 0.615896 0.820586 422.118 0.116623 0.0400528 929.036
427.776 -0.179395 -1.12605 268.301 1.60277 0.183081 829.813 0.247938 0.469008 0.748453 0.660351 804.658 -1.03555 0.0904909 927.408
555.972 -1.49069 1.42942 510.433 0.450767 -1.87028 1617.41 0.401792 0.599833 0.753766 0.741107 57.949 3.03358 1.37933 1389.73
612.892 -0.26876 -0.753474 589.549 1.56433 0.771855 1529.6 0.507473 0.632259 0.530188 0.824922 1078.6 3.08181 2.30996 1212.4
569.106 1.01759 -1.18446 474.262 -0.363707 0.40743 1119.94 0.344775 0.663114 0.631368 0.748753 1563.55 2.28871 1.88128 1383.59
1195.92 0.0327662 -1.68704 531.107 -0.345335 1.66699 1630.3 0.380729 0.603684 0.531558 0.727181 298.231 -0.104009 1.58303 1893.82
393.002 -0.241466 0.616783 374.289 0.581668 -0.742458 596.942 0.683423 0.320108 0.841287 0.60678 1303.47 2.5426 1.92582 1022.53
383.221 0.820034 -3.0813 340.565 0.955904 -1.30636 570.137 0.733258 0.430064 0.598142 0.769054 1974.1 0.437268 1.74363 826.467
709.733 0.0807555 -2.15342 416.591 -1.94174 0.571892 1686.38 0.742457 0.411806 0.716772 0.811642 570.581 1.31258 0.740687 1137.5
627.147 -0.467711 1.90462 582.324 -0.216922 0.377633 871.466 0.774902 0.728159 0.682377 0.78787 272.752 -2.40902 1.96954 1401.47
1163.76 0.378223 -0.106179 284.724 0.812225 3.09334 1255.48 0.0402983 0.606761 0.802708 0.74029 1532.14 2.95209 0.141256 1436.98
837.35 0.159518 2.06486 678.287 0.314757 -1.65254 1503.7 0.782495 0.191771 0.861425 0.775467 1570.27 -0.738447 0.914097 1494.78
717.996 -0.203822 0.759699 262.533 1.64308 -1.81539 1249.68 0.203061 0.463595 0.685839 0.712273 422.82 2.59017 1.83047 961.965
518.692 -0.173636 1.67895 270.286 -0.333813 -2.28806 701.737 0.284767 0.697738 0.713401 0.807527 788.03 -0.434817 1.85324 921.039
1045.24 0.14902 2.5602 383.24 1.09539 -1.86979 1203.29 0.490941 0.81624 0.713201 0.766162 1718.43 -0.0640742 1.80571 1557.37
396.951 0.676215 -1.43 262.021 0.16712 0.575584 607.531 0.390419 0.460269 0.804636 0.617961 814.844 1.48457 0.908987 666.619
379.778 0.0232736 0.0643747 256.329 -0.494549 1.36971 434.443 0.636005 0.706794 0.779923 0.710075 1839.57 -2.98373 1.92974 877.881
497.282 -0.304968 0.251143 352.85 -0.150936 2.54903 788.202 0.54501 0.591292 0.767544 0.710929 1328.84 -2.03814 1.69602 847.442
373.893 0.125746 -2.20204 364.655 1.18849 1.00984 856.986 0.547724 0.367829 0.747643 0.808019 706.955 0.877851 0.131991 721.274
1200.55 0.712402 1.44539 407.989 -1.63923 -2.21417 2460.91 0.663368 0.667971 0.801935 0.723221 1245.2 -1.52379 0.690376 1794.73
393.838 1.08692 -2.11305 387.342 -0.11338 0.772978 932.22 0.541152 0.767581 0.842023 0.741014 489.337 -2.71173 0.598673 772.504
514.071 0.293904 -2.24595 374.229 -0.110004 2.03475 799.254 0.41994 0.622709 0.792063 0.411218 1400.59 0.598372 1.43637 903.755
636.862 0.265929 -0.602606 315.788 0.699382 -1.70007 532.376 0.301267 0.541517 0.176101 0.586725 2134.88 2.13906 2.44406 1008.67
778.677 -0.045699 -1.19123 724.435 -0.167749 2.53465 1468.2 0.415945 0.584964 0.82793 0.486022 739.012 1.27151 1.26314 1678.37
975.874 0.195569 2.51867 776.249 -0.190171 -1.4714 1693.57 0.258265 0.764136 0.18078 0.810028 1422.71 -0.419572 1.05183 2212.67
591.829 0.331087 3.0545 322.628 0.186527 -2.1532 534.806 0.262883 0.684541 0.63653 0.743057 1468.64 0.187414 2.34062 988.831
910.56 0.934343 1.04662 778.398 0.331511 -2.77921 1703.62 0.790111 0.606179 0.753636 0.692091 1311.31 -0.888792 1.89042 1726.4
795.147 -0.139754 -1.54432 700.546 0.0152169 1.47086 1515.92 0.632613 0.559821 0.609402 0.770016 556.166 -2.03062 0.4863 1482.46
598.678 -0.0679637 2.25011 361.266 0.100837 -1.75962 878.981 0.356565 0.698624 0.50225 0.67632 657.373 0.0288057 1.78842 1331.53
714.075 -0.345597 -1.24021 306.67 0.331178 -3.11507 863.166 0.691252 0.712911 0.808523 0.75454 1127.86 1.37549 1.79263 1224.63
1401.31 0.0233001 3.1011 1160.7 -0.103709 1.01032 2317.66 0.0756586 0.730998 0.695208 0.687893 1289.85 -0.954845 1.96516 2873.16
609.192 0.166091 1.77121 478.89 -0.73816 -1.90012 1167.16 0.801938 0.680688 0.668117 0.724425 871.857 -0.386345 1.51377 1213.11
476.903 -0.210927 0.848415 353.757 0.612832 -1.56218 853.823 0.426916 0.445861 0.719147 0.832768 653.706 2.70987 1.86146 861.747
771.335 -0.119588 2.03607 660.76 0.644935 -0.593786 1515.91 0.22243 0.355202 0.746832 0.669253 990.888 -2.09382 1.50004 1526.24
516.025 -0.151303 2.17223 322.58 1.01646 -1.73515 925.062 0.77108 0.526252 0.761217 0.519348 715.592 -2.44028 0.705128 1156.82
699.938 -0.513594 -0.958462 557.155 0.363311 2.5447 1420.69 0.337915 0.426554 0.336476 0.62127 351.049 1.08334 1.46136 1254.87
1304.7 0.0304423 -2.75486 435.109 -0.645791 0.0537196 1585.5 0.264046 0.692269 0.565238 0.732773 813.273 -0.0706981 0.124418 2041.07
988.131 0.346508 1.98836 266.339 0.222429 -1.20628 1045.56 0.769229 0.847224 0.744731 0.741894 57.4762 2.39844 0.410073 1239.64
756.892 0.894202 1.37621 269.14 -0.664041 -1.23734 1192.5 0.349504 0.685849 0.569911 0.714635 1273.39 -1.96464 0.727297 1103.37
759.707 -1.09704 -0.728261 333.397 -0.389996 0.594826 739.984 0.551622 0.408093 0.827407 0.742746 2017.24 -3.0628 2.33454 1117.48
2433.21 0.157007 -1.31608 928.316 -0.389199 2.49953 3010.64 0.831729 0.285357 0.82199 0.287642 1409.78 0.733581 1.76595 3371.27
307.709 -0.110523 -2.34659 258.758 1.2636 0.76275 722.209 0.498624 0.779629 0.725143 0.726758 609.083 1.0313 0.268553 628.215
1746.32 -0.832608 -0.139657 988.371 -0.489565 2.93891 2674.89 0.795736 0.261723 0.808067 0.236888 768.379 2.83897 0.0999441 2799.34
536.99 0.142674 -2.72711 291.899 -1.05218 1.52358 868.166 0.439216 0.782062 0.729809 0.868882 1534.14 -0.29084 1.81442 1046.47
372.862 0.626528 -2.13838 257.087 1.5148 -1.10752 435.638 0.698189 0.783022 0.762053 0.817841 1023.97 1.34217 2.44969 735.102
1144.71 -1.21715 -2.41625 326.629 0.547269 2.34432 1521.25 0.795029 0.367543 0.787452 0.615629 1820.65 0.215468 2.12885 1530.54
618.421 -0.323933 -1.63451 511.528 0.737492 -3.0699 1012.7 0.286627 0.765849 0.559909 0.819143 1384.74 0.597209 2.23172 1250.19
818.464 -0.98461 0.727671 561.009 0.366085 -1.41597 1562.58 0.525219 0.505545 0.639386 0.756208 1670.1 2.90965 1.95757 1372.61
446.96 0.358887 -2.07603 375.049 1.30175 1.70709 889.903 0.804984 0.274175 0.765289 0.840282 539.358 0.763328 0.943764 1169.46
815.938 -0.169844 2.27565 714.002 0.507255 -0.676491 1639.59 0.794572 0.521111 0.727133 0.703458 205.88 -2.0466 1.37011 1495.6
904.116 0.652548 -3.06667 315.803 1.34809 1.09239 1016.31 0.582097 0.657612 0.807251 0.795668 1413.59 -0.364676 1.45707 1425.35
371.736 0.913334 2.07179 315.37 -2.05739 1.68062 1448.68 0.431557 0.655749 0.792286 0.802606 1080.61 -1.52388 2.68751 913.909
454.52 -1.56007 -2.92103 425.25 -0.242395 0.779953 1089.9 0.563351 0.277516 0.843787 0.776221 541.817 -1.5857 1.33533 879.862
349.852 -0.702 -1.127 277.259 -0.711148 0.31161 429.888 0.433188 0.54029 0.829002 0.896738 1469.85 -3.11389 1.98689 804.139
490.029 -1.14867 2.54174 412.941 -0.0788006 0.486016 937.548 0.634314 0.676527 0.745783 0.70414 607.257 -1.51497 2.00098 1096.97
598.769 -0.620551 1.46416 291.226 -0.245773 -0.727891 767.131 0.511673 0.650872 0.741165 0.800284 1029.58 -2.9313 1.88772 1001.68
670.837 -0.236014 2.3948 298.697 0.465912 -1.93101 856.483 0.370054 0.120099 0.434923 0.773901 1269.14 -0.178596 1.75241 1157.16
833.022 -0.0370395 2.72412 449.288 -0.167821 -0.326793 1233.69 0.541256 0.352456 0.787334 0.744447 985.365 0.741704 1.0685 1354.25
1956.81 0.0335358 1.98519 425.521 -0.674757 -1.2402 1957.09 0.580022 0.741038 0.626143 0.827806 189.417 -1.19937 0.0408264 2492.03
828.23 0.216108 2.88031 377.582 0.776932 1.023 966.372 0.772845 0.4988 0.785415 0.706135 1106.9 -1.01531 2.03832 1633.71
434.144 0.626113 -0.9875 401.829 -0.121219 1.74109 927.595 0.244194 0.839514 0.654961 0.754574 226.443 0.400013 1.34108 1000.77
721.399 -0.0918984 2.30167 435.137 -0.368453 -1.07353 1177.4 0.34675 0.574667 0.469433 0.528227 435.547 -0.229153 0.844382 1144.03
590.53 0.912539 2.24206 343.574 -0.291117 0.219579 994.62 0.425218 0.59591 0.733743 0.645291 1533.21 -1.93448 2.10664 926.356
436.685 -1.20351 1.90111 395.849 -0.215346 -0.79742 940.823 0.696528 0.426976 0.759857 0.263871 591.55 2.18968 0.288567 1139.56
889.107 0.340847 -0.791477 312.527 0.280666 2.32615 1066.62 0.731385 0.635835 0.767771 0.512648 1367.3 2.93224 0.606088 1416.14
635.092 0.108474 -0.843346 386.867 -0.137182 1.57996 944.507 0.671102 0.192251 0.776624 0.648257 566.761 0.06466 0.908006 1356.46
560.54 -0.249318 -2.10868 290.724 0.772206 1.90868 869.148 0.738813 0.424606 0.813024 0.786 976.947 0.0836391 1.82504 818.398
443.361 1.43107 0.666828 270.924 -1.23215 -2.11172 1403.74 0.767985 0.799724 0.748034 0.778282 118.854 1.92229 1.25546 719.171
359.375 -1.20547 1.7928 294.186 -1.55037 -0.856435 662.176 0.725805 0.803067 0.823147 0.630144 722.522 -1.41036 0.55392 788.266
956.293 -0.462792 -1.70365 255.014 -1.72471 2.36509 1115.17 0.84974 0.570685 0.751591 0.740696 796.966 1.03919 1.32589 1366.49
579.897 -0.185745 -0.16361 336.992 -1.72764 2.93658 1165.36 0.259101 0.602245 0.621644 0.632809 977.219 -1.99204 1.35456 1048.85
680.112 0.346971 0.232045 506.605 0.559689 -2.18127 1115.22 0.819098 0.22285 0.770865 0.490984 1234.73 2.23839 1.86352 1226.31
424.593 -0.952285 3.08728 289.704 0.905575 -0.000748393 1046.39 0.585361 0.671097 0.588434 0.670796 329.939 -0.655902 0.655154 929.075
533.333 -0.732915 2.5126 460.201 -0.0664729 -1.29743 1067.72 0.258655 0.661587 0.521952 0.53683 1011.86 0.849554 1.66305 974.977
1143.49 0.131559 -0.951065 404.103 -1.81047 2.48748 2054.31 0.813014 0.784029 0.769623 0.79351 1487.25 2.15092 0.336561 1566.92
420.459 0.972952 1.25503 356.022 0.040384 -2.97279 814.755 0.143019 0.509443 0.73653 0.648988 1853.15 -2.87902 0.0937624 910.737
626.132 0.0972093 -2.28733 584.362 -0.0808936 1.3454 1187.31 0.632393 0.628139 0.831735 0.66013 237.356 -1.16838 1.11894 1494.78
499.33 0.0926738 -0.739599 267.5 0.897553 -2.00708 549.359 0.550187 0.645829 0.727616 0.813089 2664.11 1.89366 2.38244 773.777
539.757 1.17604 2.66741 455.505 -0.300252 2.74011 817.145 0.816136 0.569157 0.801437 0.842454 687.448 -1.12947 2.41361 1481.8
397.389 -1.48775 2.37315 360.577 -0.406566 0.284393 807.274 0.376792 0.609801 0.608495 0.730833 768.736 1.38256 0.990594 1053.43
1027.54 0.574599 3.04524 810.377 -0.985623 -0.43458 2408.12 0.246043 0.11517 0.783692 0.514769 532.384 0.430342 0.864922 1843.97
1038.95 0.772853 -2.34596 336.986 0.0902562 0.159303 1211.54 0.0673972 0.67351 0.693649 0.770168 1175.43 1.5194 1.3601 1602.54
1003.82 -0.0794589 3.08628 369.959 -0.173555 -0.292141 1227.14 0.465959 0.817654 0.745216 0.684008 1008.8 0.237382 0.529523 1452.54
831.456 0.273858 2.9991 698.871 -0.593333 0.67568 1572.04 0.255678 0.430348 0.594779 0.763546 1159.06 0.000643508 0.675037 1805.53
844.876 0.165644 1.17797 506.93 1.60778 -3.00777 1537.37 0.630401 0.167057 0.690247 0.774425 1024.32 -1.10251 1.90526 1355.08
669.274 0.376202 -2.17584 387.448 0.47946 0.36625 990.045 0.474623 0.697453 0.824843 0.6882 849.887 1.38327 1.01702 1136.05
1069.29 -0.219636 -0.114338 271.495 1.15662 -2.71582 1444.33 0.15772 0.301375 0.627988 0.715648 1553.36 2.74424 0.82313 1341.74
1417.01 0.0105724 2.80946 559.78 -0.021116 0.835586 1520.37 0.747663 0.117774 0.644628 0.56104 1555.5 -1.17716 2.01275 2104.15
667.063 -1.30788 1.90767 507.105 -0.330409 -2.50165 1123.12 0.755535 0.618363 0.773529 0.847827 1529.72 -0.768383 1.73327 1521.48
1086.66 1.04895 1.2004 1077.82 -0.185177 -2.02331 2615.57 0.56801 0.336941 0.752011 0.806175 602.814 -2.94671 0.923393 2225.79
785.338 -0.876245 -1.93427 608.884 0.838309 0.795935 1915.32 0.513143 0.484558 0.553867 0.716815 948.877 -2.89509 0.960817 1462.8
514.262 -0.0358023 -0.0504957 466.557 0.612513 1.78705 889.799 0.822025 0.20983 0.828462 0.762794 1240.78 -2.82311 1.67302 1247.53
846.086 -0.983939 1.28521 288.418 0.177394 -0.411904 1022.89 0.322269 0.7427 0.744496 0.801623 1518.59 -2.80401 2.19397 1359.77
1157.27 0.0103432 -0.824845 317.241 -1.42382 -2.34935 1282.84 0.173623 0.676365 0.691909 0.809451 2448.43 2.10664 1.8272 1433.06
754.099 -0.0528874 -2.89368 681.363 0.704799 1.44039 1330.79 0.655002 0.634426 0.399825 0.764094 931.948 0.0465891 1.39381 2232.3
681.134 0.152512 1.94035 647.075 -0.560138 -1.41901 1422.68 0.656467 0.834428 0.713707 0.761841 805 -1.12106 0.297948 1338.96
1433.94 0.196385 -0.421044 408.939 -0.490916 1.81772 1489.27 0.824247 0.658898 0.773155 0.714942 1569.52 -2.8946 1.57086 1931.96
847.402 0.919501 -2.69369 846.134 -0.545428 -0.31063 2110.01 0.48978 0.828318 0.819437 0.75248 1278.02 1.59171 1.90234 1721.58
688.196 -0.83795 -3.13227 430.267 -0.718337 0.450327 1099.65 0.163646 0.240962 0.818133 0.786534 192.815 -2.90205 0.230218 1275.15
1362.19 -0.458615 2.93761 302.364 0.603592 1.78536 1033.75 0.744066 0.257985 0.852293 0.66636 1387.63 -0.556747 2.34211 2088.37
473.957 -0.168062 2.87067 387.062 -0.873411 0.21126 905.539 0.458116 0.634784 0.631946 0.538394 824.039 -0.145834 0.357094 1147.1
1310.07 0.48998 1.03938 455.626 -0.110363 -2.21001 1630.84 0.619477 0.612776 0.765265 0.57912 1001.39 -1.43319 0.776817 2141.81
969.996 -0.211573 -1.72542 447.768 0.791518 2.61249 1312.34 0.659903 0.593416 0.864975 0.621901 1210.29 0.813645 1.79884 1420.81
585.839 -1.20838 0.326951 325.7 -0.577165 -1.48213 760.699 0.799815 0.825281 0.896858 0.831495 1418.25 2.91237 1.88868 894.628
358.233 1.26779 1.66897 261.793 0.142073 1.25531 405.467 0.768652 0.772279 0.758791 0.760729 1666.81 -1.65641 2.91172 883.945
836.357 -0.312574 0.406453 509.327 0.205859 -2.81869 1391.49 0.506791 0.451771 0.492556 0.507572 477.538 -2.36872 0.449972 1339.73
355.701 0.44475 -1.91893 302.415 -0.572438 -1.54025 402.798 0.358765 0.671528 0.820652 0.799359 1601.08 1.38147 2.92172 704.153
520.014 0.075861 0.00946092 259.839 -0.349931 2.3201 714.256 0.723858 0.530357 0.751851 0.867966 1150.83 -2.29367 1.66942 745.818
572.532 0.0645204 -0.216407 384.075 -0.311806 2.98382 981.076 0.695352 0.174314 0.706008 0.740557 182.676 3.07696 0.093147 957.088
712.209 1.07206 0.193636 649.063 -0.379612 -1.47589 1505.54 0.08714 0.80362 0.763619 0.839649 1616.32 2.65624 2.15106 1385.42
723.918 -0.440422 0.781215 325.051 -0.0189586 -2.64013 1005.59 0.555313 0.743394 0.741325 0.724794 460.669 -2.98189 0.341761 1311.32
603.374 -0.698819 1.20288 322.326 -0.49213 -2.49318 885.904 0.332633 0.309711 0.774875 0.723524 1305.99 -1.6082 0.884983 894.884
750.342 -0.261097 0.0923666 432.814 0.816576 -2.87841 1352.69 0.77025 0.31237 0.658729 0.339753 154.984 1.80584 1.59894 1267.25
1374.71 0.580774 -2.60424 755.465 0.788404 0.66279 2077.71 0.182041 0.241313 0.523474 0.801493 459.842 0.342735 0.320054 2169.8
712.929 -1.74597 -1.12536 630.745 0.0306176 -1.71644 1425.41 0.574015 0.694241 0.788901 0.76761 944.763 1.43914 2.5645 1440.94
709.482 -0.209274 -2.29972 642.029 0.210895 1.01011 1447.44 0.140889 0.467407 0.795944 0.124499 311.612 -2.18 0.119723 1364.04
657.235 -0.107456 1.6455 288.751 -1.32439 -1.02036 1022.17 0.790082 0.564115 0.674238 0.760461 976.601 -2.65502 1.63466 963.227
855.091 -0.399439 1.18642 277.585 1.22248 -2.87157 1256.66 0.547314 0.58667 0.542613 0.703529 1350.79 -1.55005 1.32152 1102.43
637.796 0.483605 -0.705087 534.562 -0.22572 3.07099 1194.81 0.758599 0.680846 0.781499 0.717709 518.191 0.799435 1.50452 1297.35
542.125 1.17015 1.74169 315.731 0.260877 -0.368757 847.229 0.739203 0.678094 0.698547 0.747356 1701.81 -2.17815 1.80939 934.179
552.822 -0.193695 -3.13287 477.776 -0.222861 -1.48924 777.878 0.595904 0.825708 0.761979 0.860081 2117.19 0.628121 2.11736 1318.68
346.589 0.317306 2.48649 260.498 -1.58136 -0.933343 895.83 0.557684 0.589211 0.702002 0.873803 164.836 1.52681 0.959677 608.778
735.22 0.531577 -0.257133 385.361 -0.289795 -2.53775 1080.95 0.460105 0.522345 0.670136 0.694967 1526.47 2.25436 1.49107 1174.08
991.36 -0.553755 1.34391 314.371 -0.267879 -1.87533 1146.23 0.507496 0.397271 0.768008 0.809712 688.737 -1.81521 0.0601256 1286.66
818.909 0.376246 1.05649 446.94 1.18731 -1.28035 1273.96 0.224896 0.186643 0.674698 0.766706 1167.09 -3.0276 1.74726 1260.5
521.134 0.0959562 -2.46498 481.022 -0.319622 2.37351 764.104 0.530581 0.334115 0.595507 0.431826 1417.56 0.0199978 2.35351 1012.01
764.162 -0.871655 3.09985 347.296 0.689975 -2.19215 1023.61 0.675667 0.698631 0.752303 0.746075 1308.91 -0.123272 2.06888 1213.08
1122.93 -0.828072 -3.07502 868.276 -0.177714 0.646214 2032.51 0.0959099 0.459405 0.692249 0.669614 653.874 -1.57462 1.50039 2210.52
717.947 0.379767 -2.12251 691.563 -0.719686 1.8675 1536.43 0.4381 0.423018 0.682888 0.579482 1316.75 0.139675 1.72783 1471.99
888.855 0.914046 0.113478 505.88 -0.292404 -2.68874 1596.37 0.383237 0.689167 0.634248 0.806304 902.245 -2.16673 0.522012 1852.99
566.708 -0.927257 -2.63511 560.809 -0.173843 -0.0730524 1186.53 0.410316 0.502779 0.67061 0.691966 1223.09 1.03385 1.10691 1151.11
1176.48 1.09972 2.65974 505.082 0.462176 -1.09374 1562.89 0.632332 0.57958 0.751502 0.719596 160.143 2.44314 0.216602 2186.14
665.153 0.453911 -2.60277 572.41 -0.33152 -0.34455 1235.63 0.695699 0.509484 0.795589 0.702888 1266.97 1.88068 1.79973 1522.67
408.534 0.331806 2.56962 299.344 -1.20202 -0.463666 925.692 0.652869 0.763258 0.72808 0.751071 421.034 -0.788541 0.324875 710.139
682.381 -0.32138 0.243919 671.963 0.318466 2.60819 1365.57 0.446084 0.233428 0.750649 0.603229 1475.19 -2.23477 1.44022 1327.55
1296.56 0.144056 2.52333 605.804 0.282632 -2.18956 1275.25 0.782235 0.575695 0.826245 0.606398 918.494 -0.952899 1.23666 2318.85
651.462 0.337536 2.07692 283.907 0.616713 -0.980658 890.178 0.450818 0.314268 0.304873 0.816514 336.916 2.24848 0.171559 918.216
301.169 -0.735582 1.35465 252.592 0.221095 -2.75498 577.503 0.365137 0.637249 0.674861 0.583984 845.457 -1.27164 1.48334 628.859
393.382 1.53031 -1.78442 293.942 -0.554335 0.21346 1030.15 0.842147 0.83692 0.77728 0.774023 2344.36 3.12958 1.36918 741.048
632.017 0.603319 -1.58064 275.212 0.550355 1.66949 844.064 0.751945 0.556958 0.815069 0.7875 993.208 1.52901 0.140473 1093.84
603.764 -0.0530047 -0.739067 520.748 -0.190876 -2.65752 958.586 0.607033 0.710732 0.780287 0.889854 1493.03 1.33737 2.07643 1175.84
376.406 -0.708857 1.18208 295.859 0.400821 0.731634 437.642 0.782248 0.550153 0.774313 0.697593 2179.34 -2.20646 2.89464 831.108
1157.44 -0.228388 0.465201 479.357 0.166242 -1.5103 1291.12 0.710339 0.742745 0.805067 0.73854 1660.1 2.84105 1.93184 1740.36
547.258 -1.01756 -0.311738 275.87 -0.557521 -2.19581 690.262 0.63977 0.351485 0.834349 0.543258 881.723 1.89318 2.1942 856.575
366.453 -1.42222 1.05882 299.345 1.2822 -2.59807 1361.92 0.408209 0.484039 0.744393 0.736024 1175.95 -1.7763 0.82177 679.794
523.345 -0.251071 2.15877 268.237 0.765318 -3.06905 578.69 0.524278 0.618855 0.561474 0.75069 1932.06 -0.499783 2.56927 958.168
570.381 -0.789307 -1.12302 551.347 0.493535 2.66876 1328.86 0.677487 0.641769 0.777261 0.848953 66.1786 -0.464711 0.658305 1560.37
1027.01 -0.761768 0.477183 255.268 -0.0445805 -2.01279 1093.81 0.665063 0.431932 0.583159 0.560471 939.181 1.90334 1.42616 1373.51
929.795 -0.897355 -1.29797 304.208 0.00336719 1.79366 1195.54 0.384046 0.764542 0.690433 0.808262 156.621 -0.559822 0.738152 1578.3
695.661 0.024402 -2.24268 594.759 -0.375278 1.0911 1315.55 0.496672 0.2119 0.609434 0.4694 199.838 0.626183 0.464921 1325.61
1092.76 -0.0505623 0.0801504 497.206 0.53377 1.2662 951.553 0.735708 0.632593 0.741484 0.823118 2028.66 -2.49938 2.5176 1743.37
935.614 -0.232438 0.57627 615.294 1.01336 2.94226 1737.35 0.721099 0.604877 0.80712 0.842513 1395.07 -2.18143 1.15949 1652.6
1063.12 -0.198176 2.75487 694.537 -1.05537 -0.641967 1889.25 0.721204 0.348854 0.721031 0.531947 600.623 0.818081 1.46005 1738.35
1552.57 -0.392986 -1.45666 254.461 -0.096467 0.238572 1044.28 0.336372 0.145854 0.753067 0.604136 1518.87 2.21581 1.97724 1913.35
1015.94 0.461055 -2.92505 386.458 0.671416 -0.0821769 1277.11 0.298621 0.631388 0.770275 0.8372 1250.56 1.7217 1.63643 1748.22
502.152 0.065473 -1.88117 269.08 -1.03801 0.795663 843.413 0.491622 0.456054 0.722528 0.792537 605.692 2.60635 1.79566 739.481
340.082 -0.0820901 -2.60523 317.166 -1.47934 -0.702024 740.451 0.755672 0.754788 0.779615 0.868421 875.057 1.17795 1.87998 1097.03
393.21 0.164639 -1.85469 301.629 -0.843571 0.469611 751.783 0.693729 0.505738 0.766855 0.763456 1308.06 -2.60656 0.751874 893.937
961.899 0.109086 0.810411 524.349 -0.362536 -2.36423 1476.89 0.777812 0.568016 0.757086 0.807645 1498.95 -2.17162 0.192614 1611.25
794.98 -0.594803 2.20802 646.04 1.23703 1.23399 1659.66 0.501261 0.775121 0.679548 0.778684 1697.32 -1.38073 2.61473 1771.36
537.305 -0.0685353 2.81826 365.418 0.215661 -0.86538 878.341 0.420095 0.676119 0.655983 0.828037 378.553 0.920566 1.78595 958.706
687.688 0.390304 1.28796 496.563 0.622872 -0.934258 1080.13 0.727863 0.661559 0.770604 0.647976 774.063 -2.33698 1.40272 1353.76
485.633 0.436616 -1.3084 433.794 0.325979 -3.09652 744.513 0.654763 0.393478 0.726091 0.686448 2279.68 1.38684 1.79982 911.594
372.604 -0.0959277 -2.48735 368.014 0.738591 1.54998 747.315 0.484495 0.749426 0.810041 0.74541 745.297 -0.724102 1.76324 838.874
1587.02 0.750481 0.366392 632.912 0.251294 -2.83927 2093.93 0.622935 0.460569 0.464326 0.437891 671.191 2.98342 0.460505 2459.59
757.401 -0.0246115 -1.35382 276.642 -1.02625 1.99867 1062.48 0.191531 0.496643 0.811687 0.582373 214.228 0.0307083 1.38453 1053.91
353.893 0.419732 -2.76625 347.644 -0.685198 -0.822963 713.422 0.476273 0.694744 0.792724 0.606427 1472.26 1.84538 1.67156 789.97
684.321 0.382638 -1.16671 519.403 0.68973 3.01865 1060.06 0.720006 0.424432 0.706946 0.572759 1428.41 1.51959 1.49906 1270
545.821 0.611578 1.21859 257.404 0.853697 -1.07982 708.562 0.262151 0.412333 0.828052 0.632175 930.624 -2.64489 1.56507 887.358
611.738 0.327545 2.12717 453.008 0.179618 -0.845028 1108.95 0.180094 0.517545 0.813697 0.839266 802.42 3.09851 0.971341 1381.72
1458.46 0.676816 0.594641 261.497 0.808315 -2.26657 1245.83 0.611138 0.404656 0.574428 0.765695 813.861 3.02331 0.99331 1824.76
746.583 0.696322 2.44746 704.243 -0.643974 -2.50473 1393.55 0.837066 0.796947 0.768788 0.787398 1101.37 0.256763 2.1907 1842.31
959.661 0.260326 -0.496785 889.06 1.06693 3.11273 2097.53 0.07124 0.667435 0.785611 0.704619 875.638 1.88437 1.22836 1891.72
668.204 1.20219 0.0879531 288.374 1.19828 2.3783 817.799 0.775603 0.794815 0.742801 0.836672 1106.38 -2.3641 1.54078 1125.14
1379.31 0.0263557 0.62018 440.843 0.438665 -2.35878 1621.06 0.203859 0.390717 0.859929 0.764582 771.817 -2.81621 0.457433 1812.54
395.363 -0.857648 -0.233017 373.365 0.769642 1.80018 967.074 0.152853 0.262845 0.681797 0.418653 197.019 -2.8874 1.59561 1063.44
1279.09 0.199913 -2.30482 830.18 1.23824 1.00231 2363.7 0.26153 0.556176 0.8418 0.764744 359.987 0.159125 0.843182 2101.3
592.009 0.316071 1.97987 342.57 -0.478446 -1.67164 971.808 0.581754 0.294284 0.771819 0.60515 632.136 0.795984 1.18389 1123.71
389.298 0.293434 -1.41164 338.938 0.787086 -2.8375 523.59 0.723889 0.454086 0.671516 0.83325 1682.64 0.599028 2.01067 858.276
593.628 0.277435 1.53147 382.279 -0.91417 -2.08163 1117.81 0.768514 0.760754 0.81116 0.800179 698.105 -1.68549 0.396138 1074.93
428.876 0.237469 -2.79441 404.645 -0.216501 -0.166853 848.801 0.492389 0.624202 0.789438 0.810406 548.197 1.5892 1.75605 796.711
723.525 0.842408 -0.590456 298.523 -0.510773 1.93751 1122.21 0.741407 0.58066 0.781986 0.662854 647.897 3.04096 1.10345 1249.14
458.604 -0.207365 -1.45054 305.315 -0.182365 2.23847 730.751 0.752959 0.711733 0.769912 0.840267 674.81 -0.904953 0.545591 915.986
617.921 -1.01547 -2.76692 521.441 -0.456405 0.252902 1189.75 0.707468 0.530299 0.813976 0.778901 490.186 0.636614 0.383713 1124.76
580.328 0.633164 -2.3374 547.754 0.463678 0.00783675 1054.54 0.442937 0.296577 0.518527 0.786206 863.67 1.2115 1.20366 1469.91
755.178 -0.449526 -0.595703 640.94 0.484894 1.73933 1496.24 0.686467 0.181809 0.831253 0.830431 1336.85 -3.02991 1.51395 1399.53
290.291 -1.25512 -1.35907 280.09 -1.3554 2.1888 572.483 0.604496 0.836695 0.681629 0.778478 1067.18 2.38469 0.195886 665.666
923.247 -0.90596 0.323092 365.06 0.479062 -2.54293 1486.09 0.275012 0.34544 0.68445 0.723468 1440.17 -2.60325 0.0603182 1479.4
801.976 0.250737 -0.787874 406.477 0.364168 1.68536 1153.93 0.125664 0.685853 0.477608 0.811313 1339.62 -2.16976 1.38189 1440.13
510.865 -0.451423 1.84297 466.927 -1.80088 -0.575535 1173.41 0.38697 0.487653 0.810347 0.827176 981.413 -2.98155 1.45867 1115.78
319.529 0.184426 -0.242501 285.545 -0.428695 -1.43713 405.515 0.723907 0.677791 0.851675 0.729935 1660.21 2.30592 2.54014 669.215
482.581 -1.27189 1.72103 363.835 1.51151 -1.49242 1801.55 0.745022 0.420842 0.769815 0.779452 77.5952 2.44498 0.723958 877.933
512.433 -1.2497 1.09883 287.734 -1.11808 2.49224 510.997 0.447059 0.417371 0.788024 0.7287 522.07 -0.624637 1.72346 863.085
2136.65 0.283774 -1.8932 518.333 -0.327892 0.953073 2193.11 0.581969 0.425965 0.793212 0.662596 1105.21 1.58529 0.632216 2784.89
497.631 1.38261 -1.74841 362.179 0.101877 -0.243334 866.043 0.691875 0.174677 0.682423 0.762605 621.002 2.03376 2.27709 999.833
312.667 -0.520843 3.06625 253.141 0.0693238 1.04473 517.702 0.777128 0.640383 0.710784 0.687283 1636.13 -0.987724 2.03245 562.664
1443.51 -0.804135 -1.52487 984.169 0.41705 1.00153 2760.23 0.772764 0.327168 0.772195 0.795478 1269 2.42729 1.42576 2642.6
759.73 -0.639434 0.305169 347.568 0.174889 -1.89456 1066.94 0.601861 0.374901 0.816414 0.743244 976.042 1.56172 1.25656 1348.8
307.515 0.225311 0.640974 290.932 -0.434966 -1.7638 611.806 0.231869 0.217354 0.805294 0.698537 741.273 -2.74996 0.986163 807.027
658.034 0.491991 1.3091 391.513 -0.619975 -1.6022 1261.42 0.242087 0.0745976 0.64709 0.768565 290.227 -2.3827 0.780503 1081.08
528.952 -0.0391585 0.784587 285.032 -1.29197 -2.69741 937.718 0.443699 0.741965 0.714721 0.737367 250.127 -0.904124 1.68871 780.693
1279.29 0.489929 0.557904 368.393 0.817704 2.71521 1249.45 0.704516 0.489489 0.827193 0.759194 1453.32 -1.63221 1.93576 1722.78
686.127 -0.379199 -2.37567 300.013 -0.926001 0.509435 949.66 0.43533 0.574956 0.431977 0.629783 1465.14 -0.396746 0.906181 1145.07
653.932 -0.196259 -1.94336 387.109 -0.447424 0.905217 1017.74 0.808168 0.747202 0.818081 0.884958 428.152 1.6271 0.721879 1049.1
965.221 0.298999 0.654596 336.872 0.659554 3.04655 1108.52 0.27764 0.565401 0.800491 0.536785 1446.86 -1.8045 1.43214 1296.05
775.326 -0.613026 0.768087 728.626 -0.0165299 -2.50124 1631.05 0.710468 0.120665 0.595785 0.615464 1470.61 0.455435 0.312652 1591.47
962.705 -0.0960336 -2.19544 525.781 -0.236134 1.88953 1306.16 0.319854 0.566758 0.777597 0.619051 1259.03 0.385525 1.50401 1624.1
441.08 -0.0792354 -0.637036 431.05 0.00573645 2.28522 884.149 0.69104 0.319491 0.758061 0.517828 433.564 -0.994623 0.357587 894.034
650.911 0.00508526 -1.39008 393.515 -0.701884 1.70224 1095.47 0.47784 0.453121 0.630803 0.586877 1063.36 -1.27182 0.118255 1053.94
1097.57 0.43645 -2.58241 761.156 -0.183565 0.803226 1942.4 0.76367 0.256704 0.746611 0.814172 1345.56 -0.0926121 0.895838 1848.49
354.781 -0.76533 -0.302673 257.621 0.811391 -2.49018 762.619 0.629085 0.730117 0.816686 0.760094 776.4 2.05299 1.74002 624.781
915.106 -0.0162188 1.15665 306.087 0.333727 -1.61881 1075.76 0.695121 0.760682 0.718309 0.608162 607.504 2.56821 1.41156 1269.16
304.099 -0.158056 1.68311 300.111 1.92264 -2.18877 948.2 0.562384 0.606139 0.634809 0.766049 352.153 1.56473 0.118384 724.555
933.503 0.0570337 -3.09476 253.777 -0.501355 0.445065 1012.29 0.42593 0.737711 0.785762 0.518627 1165.3 -0.453633 0.898698 1308.68
705.621 -0.214744 1.79416 500.787 0.142936 -2.46601 1082.02 0.147231 0.697137 0.698281 0.830271 1045.55 -0.422316 2.04369 1232.26
1159.28 0.245046 2.06844 737.508 0.734413 -1.7098 1827.1 0.676908 0.731416 0.756563 0.746133 167.613 2.63462 0.566176 2418.6
915.174 0.123678 -2.63798 617.82 -0.331388 1.49188 1389.16 0.31862 0.538613 0.662862 0.694051 1099.18 0.0363611 1.45552 1688.37
722.573 -1.15929 0.472602 653.893 -0.0569335 -2.18282 1580.05 0.683407 0.661158 0.76112 0.807693 1023.1 1.77839 1.30579 1359.51
823.477 0.248204 2.28557 590.392 0.0432268 -0.388487 1370.11 0.618335 0.318835 0.744709 0.666383 529.846 -1.75441 1.36592 1568.84
446.812 0.166861 -0.248443 359.141 -0.11651 3.01022 817.951 0.247057 0.705652 0.757595 0.703473 233.4 1.69192 1.3183 786.127
1084.37 -1.21516 2.87838 382.389 0.42149 0.0162985 1771.26 0.696831 0.641702 0.842266 0.712372 275.63 -1.06025 1.07655 1775.56
533.673 -1.67093 0.0960524 518.753 -0.19464 -1.86872 1229.46 0.573941 0.540856 0.68181 0.664031 544.047 1.26755 1.17149 1300.07
635.871 0.455306 2.73429 513.633 -0.19374 -0.416494 1262.2 0.630314 0.154699 0.678112 0.576467 145.045 0.400247 0.816741 1128.29
401.741 0.568809 -1.97919 324.958 -0.384061 0.809589 820.766 0.714933 0.394237 0.812227 0.854094 1574.94 -1.60448 0.374714 970.139
579.405 0.945507 -2.31244 520.054 -0.287128 0.80365 1335.35 0.543976 0.63224 0.654017 0.865373 269.489 0.0245624 0.779088 1058.73
665.169 -0.14064 -0.671746 569.27 0.128246 -2.92722 1173.3 0.45381 0.188004 0.739848 0.419914 1826.56 0.334376 1.00612 1272.31
559.084 1.23035 0.907541 379.334 -0.14397 -2.03903 1153.99 0.539535 0.382456 0.832157 0.665422 188.328 -1.07507 0.963962 1179.77
1757.67 -0.0222212 3.0917 970.295 -0.659913 -0.551524 2682.78 0.681326 0.415778 0.820518 0.743292 1371.18 1.21064 1.76216 2863.71
481.473 0.338098 0.746451 386.166 1.28692 -2.64065 965.336 0.563768 0.382505 0.67896 0.660398 379.431 0.493185 0.253266 966.993
1069.53 -0.947742 -2.80632 631.952 1.15684 -0.332718 2600.59 0.21053 0.530007 0.787198 0.782179 1143.34 1.37164 1.70436 1972.75
667.16 1.22846 1.27493 481.027 0.221875 -2.59704 1237.48 0.470559 0.715953 0.677373 0.813941 460.618 0.952765 0.322162 1327.25
639.892 -0.368887 -0.872382 403.104 -0.65847 1.34792 955.295 0.0646344 0.829872 0.701888 0.689379 1454.46 -3.11567 1.81959 1041.54
1391.35 0.0160472 -0.518197 1127.2 0.931 -2.34694 2319.71 0.625914 0.651185 0.813654 0.72253 1070.55 1.96673 1.96951 2915.53
440.813 1.14326 -1.21083 312.212 -0.0191723 2.87086 831.305 0.261147 0.696479 0.73017 0.629329 833.235 2.08149 0.789367 874.39
1084.36 0.667454 -2.88416 293.98 -0.818064 -0.0402989 1459.67 0.253953 0.704608 0.692141 0.719237 677.797 0.327469 0.367768 1451.67
2521.66 -0.605348 -1.74704 562.035 0.0331106 0.411398 2256.51 0.67379 0.463643 0.629102 0.629878 1495.91 2.16145 1.75005 3291.68
1008.87 0.32192 -0.520322 595.911 0.271822 2.42763 1597.21 0.293963 0.153971 0.7716 0.494794 897.284 -0.989166 0.468845 1591.1
974.557 -0.472846 -0.923721 622.25 1.42257 1.4803 2248.34 0.736793 0.710819 0.59751 0.723982 1264.37 -3.01281 1.79007 1710.2
429.708 -0.539688 -2.10107 412.126 0.29225 2.21759 806.881 0.6274 0.3786 0.765675 0.705886 1199.83 -0.125813 1.97526 1074.18
870.216 -0.171941 -2.1117 788.041 -0.454142 1.23384 1686.8 0.8349 0.576255 0.781413 0.498466 612.983 -0.93071 1.18099 1639.78
382.747 -0.453459 0.242772 300.302 0.0719755 2.84787 689.413 0.696876 0.776296 0.80407 0.776978 1349.05 -2.74671 0.688608 879.13
744.228 -0.394983 2.6023 452.639 -0.0971074 -0.376921 1179.23 0.778683 0.298939 0.869938 0.74492 263.602 -1.11906 0.742142 1300.61
688.59 -0.352746 -0.677115 673.799 -0.00761204 0.535446 838.012 0.779948 0.487334 0.758089 0.651993 161.436 3.11569 2.49038 2258.02
448.341 0.830277 -0.644089 418.116 -0.240222 1.26406 871.174 0.679058 0.770667 0.791759 0.821386 1272.5 2.42639 1.16233 1224.28
805.957 -0.444658 -2.17821 551.127 -0.245647 1.6919 1275.02 0.768088 0.822414 0.681905 0.890758 1758.86 0.14324 1.54866 1354.66
713.462 -0.0419172 -0.847764 330.876 0.0191236 1.88178 966.198 0.46863 0.766108 0.795828 0.757706 405.224 -2.1242 1.27644 1312.23
944.194 -1.0441 3.07015 659.099 -0.62029 -0.370137 1619.35 0.192664 0.826857 0.660646 0.755382 188.798 0.746098 1.11624 1717.75
510.512 0.0802887 -2.22902 386.462 -0.049959 -0.0708817 797.797 0.536893 0.718365 0.597699 0.770877 1928.47 2.24813 1.80603 1161.49
639.522 0.0989452 -1.03899 593.152 -0.552939 2.73083 1246.32 0.361855 0.407067 0.753939 0.702576 821.949 0.840894 1.87988 1242.97
1964.96 0.0660524 -2.87769 587.501 -0.377851 -0.58043 2032.59 0.83603 0.709246 0.812477 0.805201 1021.36 0.108989 0.689419 3261.29
1263.26 0.465539 -2.36415 832.85 -0.197603 -0.136333 2029.6 0.119284 0.54438 0.659141 0.627919 1771.03 2.10735 1.81169 2123.95
416.174 0.286739 0.164662 364.766 -0.221798 -3.0742 815.11 0.709683 0.338934 0.711522 0.870092 946.866 0.198622 0.0339599 897.737
729.045 -0.412568 2.77997 538.563 0.615503 0.505588 1341.49 0.827299 0.37675 0.837861 0.631666 448.731 -1.38693 1.89252 1528.69
1011.02 -0.560079 0.260126 506.769 0.0620229 -2.56806 1520.07 0.248235 0.691264 0.64844 0.76223 453.791 2.49634 1.21878 1571.69
682.813 0.395429 1.60442 280.644 0.658323 -0.80627 843.59 0.688432 0.56904 0.532037 0.805183 1131.39 -2.00021 1.19394 994.078
1058.72 0.118147 1.73394 513.101 1.12965 -1.52366 1699.01 0.456403 0.772385 0.637301 0.724868 772.335 -0.843774 0.679888 1788.78
827.388 0.310323 -2.13341 611.307 -1.27463 0.27064 1832.64 0.375955 0.439357 0.559676 0.784647 1355.68 1.472 1.20136 1449.19
536.961 -0.531618 1.52931 369.549 -0.100634 -2.3169 871.203 0.674976 0.787786 0.758294 0.697048 608.34 0.231746 1.29757 970.364
844.77 0.816528 2.57764 741.16 -0.28966 -0.618594 1842.11 0.653694 0.572583 0.71434 0.679938 538.966 2.13036 0.447277 2695.24
2229.71 -0.0673502 -2.60581 515.763 -0.372463 0.578123 2180.59 0.695517 0.119427 0.80968 0.778488 1992.94 0.719462 0.141339 2921.51
894.764 0.718522 -0.623613 500.928 -0.382053 1.59 1434.6 0.598744 0.76373 0.515802 0.68364 1076.9 -2.97356 1.71963 1503.89
965.841 -0.340021 2.21432 369.46 -0.614732 -1.28901 1213.31 0.302358 0.754991 0.706551 0.845656 1065.25 -0.682168 0.606838 1321.73
667.125 -1.19015 0.660724 422.677 1.04275 -1.74285 1772.53 0.385093 0.272087 0.769195 0.89845 455.617 -0.531259 1.19198 1340.64
855.475 1.0188 1.19269 490.428 0.430514 2.86174 1051.8 0.13659 0.140341 0.669969 0.678686 1389.61 -0.922952 2.11564 1625.1
1306.92 0.029844 1.499 293.738 1.53319 -2.19446 1601.08 0.626862 0.384806 0.674874 0.43227 1113.07 -1.42586 0.768594 1564.78
820.742 -0.26897 2.59767 714.367 -0.299554 -0.276023 1546.28 0.484993 0.584382 0.754484 0.748838 649.976 -1.23012 0.954101 1490.36
740.041 0.10721 0.41756 535.065 -0.930051 2.09891 1167.14 0.693548 0.542441 0.803862 0.846512 434.516 -1.79356 2.21112 1483.67
1298.01 -0.820986 0.10591 755.086 0.955858 2.31483 2705.22 0.712496 0.503449 0.87478 0.521748 1460.94 -2.31468 1.65367 2036.68
1208.58 0.0408675 -0.766297 1139.83 -0.0677246 2.67789 2468.07 0.330616 0.332577 0.843278 0.394031 873.769 0.624024 1.39032 2332.23
1414.45 0.82172 -0.335185 564.147 0.642933 -2.77296 1697.56 0.377567 0.810915 0.649199 0.80729 833.605 2.92216 0.58807 2368.14
710.729 -0.200197 2.82037 605.936 0.580779 0.184882 1407.07 0.302043 0.221026 0.765903 0.655445 980.3 -1.71677 1.74604 1311.39
298.905 -0.486318 0.426 267.82 -0.428043 2.18197 448.792 0.512599 0.527185 0.744085 0.831037 496.44 -0.469857 0.895857 835.717
780.035 -0.862197 -1.4333 612.698 0.287953 1.59025 1632.2 0.353439 0.665215 0.84412 0.827952 212.952 2.33021 0.739954 1518.16
1071.72 -0.62762 -1.55189 440.983 -1.05809 0.665291 1281.93 0.619503 0.426648 0.710023 0.739936 520.225 -3.07296 1.52107 1645.72
572.448 0.450652 1.88437 362.771 1.00381 -0.77889 952.959 0.573971 0.373187 0.76795 0.718655 466.204 0.422468 1.20136 1238.36
386.037 -0.515803 -1.5315 307.026 -0.437671 1.11466 676.096 0.753046 0.791512 0.777695 0.788223 981.915 -2.80855 1.27705 713.379
883.091 0.0322182 0.928649 280.105 1.4263 -0.619274 1044.06 0.510163 0.662557 0.384025 0.766959 1947.17 -2.46855 1.84928 1207.2
724.711 -0.290543 -0.247068 553.708 1.11075 -2.55199 1515.83 0.612513 0.726134 0.789564 0.770121 697.022 -0.403154 0.156085 1508.12
979.307 0.734651 -3.02597 524.601 0.524942 -0.0757451 1458.11 0.662402 0.269726 0.765264 0.611457 555.217 -1.59982 1.42614 1727.16
774.82 0.478227 3.08948 621.113 -0.192175 -0.454385 1447.74 0.772912 0.774989 0.796167 0.78673 865.87 2.04713 1.04236 1473.63
1649.07 0.200718 -1.95171 874.283 0.193768 0.136866 2095.42 0.817484 0.808314 0.777343 0.746468 907.794 2.05218 1.91532 2842.3
1921.8 0.653128 1.12234 1355.12 0.143382 -1.63792 3287.9 0.506009 0.765601 0.798296 0.750741 960.244 2.71744 1.5951 3265.42
373.714 -1.47117 -2.40836 284.588 2.33205 -0.508109 2205.02 0.627319 0.833932 0.582728 0.700325 619.28 1.60619 2.1143 676.22
1025.73 -0.846413 -1.82998 367.982 0.582416 1.14732 1585.54 0.638671 0.456072 0.628508 0.281227 678.534 1.84509 0.697776 1698.97
755.596 -0.0613493 1.22732 291.106 -1.65386 -2.38683 1246.13 0.71938 0.793913 0.79448 0.791176 635.59 -2.4654 0.0785642 1193.65
775.032 0.263353 -0.920132 720.616 0.302207 2.34407 1516.2 0.206157 0.745897 0.733532 0.648925 778.627 0.304788 1.22492 2010.34
726.066 -0.817366 0.817667 277.4 -1.43554 -0.772272 885.86 0.351202 0.663401 0.49473 0.824248 1958.67 -2.52636 1.75409 1097
2107.89 -0.749581 -3.10438 472.432 -0.317212 0.0364056 2064.05 0.712663 0.659201 0.863521 0.815843 1351.33 0.0517415 0.0153359 2784.58
412.079 -0.0658997 -1.62328 392.198 -1.01725 2.01631 880.464 0.779857 0.714001 0.687779 0.78136 882.293 1.68445 0.331861 916.604
1163.68 0.696478 -0.583541 741.76 -0.170546 2.43555 2053.74 0.400167 0.240318 0.575119 0.692481 326.42 -1.83753 1.25399 1905.36
484.075 -0.642572 -1.62142 326.9 -0.367826 -2.69749 468.924 0.517479 0.512907 0.441579 0.560668 957.516 0.211529 1.83295 881.615
414.989 0.585068 2.11151 334.393 0.353833 -1.34189 746.108 0.535258 0.619052 0.682639 0.678361 337.568 2.11435 0.00284266 956.152
731.604 -1.05911 0.4091 270.188 -1.23187 -1.32788 698.322 0.814497 0.7233 0.748333 0.800494 850.948 3.12956 1.82575 1016.14
277.779 -1.49845 3.09681 263.236 0.224064 -0.702885 756.347 0.393687 0.323037 0.737744 0.707027 287.009 1.68889 1.40793 687.682
661.294 -0.595529 2.91029 459.663 0.325695 0.137953 1221.14 0.578741 0.783879 0.813822 0.830608 1182.94 -0.4596 0.597553 1096.24
880.212 -0.490644 -2.43507 599.019 -0.764828 0.693397 1527.11 0.784774 0.043005 0.801461 0.737967 506.136 0.318655 0.374742 1808.85
845.701 -1.11954 0.519336 528.283 -0.993006 -1.34905 1103.18 0.505865 0.420112 0.809772 0.770301 1082.86 3.10499 1.82915 1429.93
873.949 -0.834995 3.05724 440.425 0.375731 0.101889 1488.21 0.727372 0.685252 0.721933 0.555984 1082.32 -0.108278 0.210167 1399.94
374.368 1.33181 0.309561 370.678 -0.919541 -2.24426 1257.99 0.566507 0.725438 0.872386 0.856329 1006.5 1.97733 1.66777 992.876
580.237 -0.205592 -0.938662 271.304 -0.541078 1.41055 755.64 0.809341 0.722255 0.739616 0.652174 1267.83 -1.07248 0.133815 1071.8
411.345 1.12158 -1.53591 265.677 0.128657 2.65734 677.454 0.54028 0.587389 0.513659 0.751936 709.785 -2.32179 0.785885 806.082
1325.62 -1.04427 1.64064 531.527 1.22102 -1.49577 2885.14 0.434523 0.217071 0.507254 0.79985 717.826 0.265594 1.37505 1982.53
1251.15 0.464891 -1.09766 642.637 -0.171175 3.05527 1700.78 0.579327 0.445941 0.856592 0.760322 1621.07 0.591814 1.68948 1970.07
619.3 -0.526708 1.85099 271.75 -0.258329 -2.21985 779.909 0.172733 0.718792 0.652877 0.844752 1268.63 -0.925015 1.29483 891.296
433.943 1.17013 2.20773 299.954 -0.783973 1.16095 941.955 0.727883 0.367302 0.775128 0.546938 2022.37 -1.50597 2.56948 773.349
541.466 -0.583849 0.828587 271.914 -0.68961 -1.51786 739.94 0.584568 0.548024 0.808954 0.528672 1273.8 3.0063 1.75903 942.918
875.948 -1.39814 -2.90914 395.073 0.652904 -0.239659 1840.81 0.709366 0.782525 0.697451 0.773636 1238.53 0.467132 0.706791 1456.44
926.822 -0.0453322 -2.11946 363.573 1.44154 2.62637 1261.32 0.824542 0.417724 0.73505 0.688815 258.154 2.66986 0.043489 1578.73
994.366 0.397923 1.50397 656.315 0.411343 -2.08299 1590.75 0.612089 0.789173 0.732933 0.814468 146.789 0.663797 0.840177 1790.92
772.23 0.802395 1.02323 598.413 0.132696 -3.13798 1294.99 0.316536 0.349399 0.373526 0.447717 1437.4 -1.28121 1.85678 1415.75
739.435 0.305635 -2.39245 529.596 -1.2439 1.18088 1637.33 0.624564 0.469619 0.693551 0.745804 625.355 -1.63724 0.755218 1288.02
830.298 -0.456625 2.62945 368.384 0.0235208 -1.46343 1030.55 0.478249 0.583095 0.708625 0.442367 1130.46 0.435994 1.89943 1301.48
528.382 0.186752 -0.476196 462.847 -1.19226 0.800279 964.397 0.338704 0.28382 0.593782 0.477444 1464.19 -3.1173 2.36561 1147.59
1682.57 0.284764 3.07506 717.744 0.217476 -0.604765 2175.72 0.625103 0.257652 0.70471 0.693692 815.338 1.1239 1.72866 2454.5
1058.83 -0.170952 2.82771 299.172 -0.44783 -0.196337 1174.24 0.797558 0.319708 0.838602 0.640329 741.63 -0.676305 0.479968 1368.35
686.858 1.70277 2.22353 346.025 -1.44548 -1.4504 2447.73 0.803298 0.722621 0.818288 0.727559 138.108 -1.34761 0.102783 1307.86
711.586 0.629871 1.50924 264.975 -0.860946 -2.75192 1032.73 0.574733 0.684642 0.669573 0.875573 1418.16 -0.983446 1.76847 1021.48
308.501 0.19725 -0.274544 262.201 -0.549506 -2.46258 557.522 0.433685 0.220833 0.716604 0.636012 420.536 1.86016 1.96044 719.755
808.725 -1.16562 -2.17307 778.05 -0.524372 0.186888 1573.97 0.356498 0.665353 0.252427 0.716939 930.163 1.49204 1.30515 1898.55
767.887 0.927916 -2.04684 691.848 -0.21068 0.310619 1614.44 0.664713 0.83857 0.7315 0.761186 1108.57 3.04536 1.19098 1709.12
881.478 -0.940136 2.02814 548.962 0.136573 2.38493 846.89 0.48337 0.704053 0.762632 0.708966 1803.98 -1.26051 2.63775 1674.49
385.458 0.601301 -0.460292 365.772 1.24974 2.2686 801.064 0.50527 0.443104 0.394274 0.815443 548.071 -2.49818 1.51641 756.529
408.201 -1.29002 0.320803 399.193 0.518324 0.394997 839.191 0.700826 0.494976 0.660107 0.699153 768.286 -2.62606 2.94686 934.979
819.599 -0.538539 -0.133454 758.397 0.328516 -2.29195 1646.3 0.534765 0.476639 0.739792 0.267366 489.232 -0.73343 0.599976 1562.61
878.312 0.930667 1.29861 664.148 -0.368513 -3.0651 1665.37 0.775391 0.816761 0.703317 0.820986 644.313 -1.23202 1.83309 1994.28
575.193 0.77849 1.74686 565.549 0.777771 -1.85835 1167.58 0.722347 0.121065 0.790517 0.42797 866.156 0.57228 1.17458 1177.69
1835.7 0.539696 -2.13764 673.681 -0.866568 1.26052 2792.47 0.0688719 0.811738 0.754056 0.709481 1039.02 0.305139 0.955378 2612.7
839.554 -0.237347 -1.43407 691.816 0.221112 1.79829 1578.6 0.775931 0.493351 0.783286 0.594794 1184.96 1.54127 0.257019 1512.75
351.032 1.09828 -1.98484 257.18 -0.817829 2.13756 870.117 0.639637 0.623864 0.737029 0.726228 580.6 1.78422 0.353339 741.275
879.852 1.03215 -2.97326 507.323 -1.26896 -0.0599452 2326.51 0.703004 0.794998 0.694485 0.766997 1096.49 0.555347 0.615292 1637.32
798.721 0.527431 -2.09246 359.539 0.483666 1.76748 1033.95 0.791162 0.42003 0.727032 0.665643 605.498 -1.14152 0.950935 1195.93
700.891 -1.89531 1.52376 290.311 0.512646 0.0405885 1517.88 0.643813 0.580584 0.770978 0.543892 1340.84 -2.53666 2.22277 1167.28
604.448 0.568226 -0.434995 545.731 0.632744 1.42365 947.652 0.701689 0.817432 0.768074 0.812555 1483.66 -2.7435 2.11604 1285.05
592.822 0.692708 1.40489 397.319 1.15304 -0.963296 948.396 0.765937 0.801238 0.768355 0.683865 1429.76 -1.84372 0.88042 1313.74
1125.91 0.216093 -1.52976 1067.42 -0.265841 2.27317 2214.85 0.170439 0.372918 0.747404 0.696355 754.341 0.219537 1.7493 2409.07
370.524 0.214564 -0.97399 357.111 0.837304 1.40151 724.513 0.612624 0.111649 0.85085 0.684994 751.836 -2.89024 1.91625 731.852
1189.87 -0.418682 0.150358 409.715 0.532817 -2.68697 1558.84 0.545425 0.686799 0.858476 0.792532 407.29 -1.43219 1.25478 1779.06
1536.94 -0.447087 -3.11014 276.07 -0.772595 -0.604832 1270.32 0.309439 0.66357 0.787148 0.802805 1269.13 0.750795 1.35563 1850.62
594.749 1.24789 -2.77733 467.346 -0.506354 1.34452 1434.47 0.843387 0.222472 0.760352 0.62181 533.833 -1.37017 1.40716 1363.61
447.314 0.618867 0.527537 290.054 -1.17453 -1.83449 1000.54 0.740017 0.511998 0.741746 0.744502 953.723 1.30633 0.778793 1095.35
992.069 -0.697949 -2.58804 386.182 1.56576 1.03168 2112.45 0.690014 0.7737 0.799386 0.769179 1029.25 0.601403 0.430279 1402.9
557.507 -1.24175 -2.43348 347.761 -0.602295 1.46107 883.585 0.849888 0.401537 0.74786 0.704968 266.423 1.3822 0.0788684 1118.87
1047.84 -0.93737 0.941124 338.076 0.193994 -3.08852 1312.9 0.649373 0.634762 0.549481 0.813072 1195.86 -1.4295 1.65902 1431.22
1021.06 -0.406704 1.52024 345.683 -0.866009 -2.9303 998.426 0.685042 0.804537 0.692069 0.782504 1335.99 -1.29565 1.63465 1411.7
656.238 0.828183 -1.99767 502.433 -0.0859385 0.108936 1151.6 0.506575 0.258691 0.551826 0.5828 1374.12 2.5489 1.73662 1220.33
632.237 -0.368296 -2.21731 481.984 -1.07384 0.782859 1183.57 0.524413 0.536495 0.822642 0.453444 364.486 1.79166 1.0088 1198.59
1205.7 0.144041 -0.817436 338.059 -0.338293 2.29997 1333.38 0.570067 0.582489 0.843911 0.779235 50.6225 0.748182 1.55179 1520.09
537.92 0.0761751 -0.175924 449.816 0.862261 3.00496 1099.06 0.691294 0.363831 0.841198 0.808409 803.005 2.55307 0.451885 1051.29
476.421 1.29826 0.762915 443.445 -0.372934 3.02701 1208.86 0.316263 0.636082 0.766808 0.779382 877.079 -0.662987 1.4259 956.804
653.507 -0.946917 2.16873 486.832 -0.235268 -1.83725 1176.27 0.650926 0.397371 0.73471 0.478192 1262.73 0.78699 1.38174 1359.3
368.818 -0.808605 0.606996 305.572 -0.166748 2.3503 573.678 0.639827 0.631415 0.730675 0.675913 1269.93 -1.5007 2.10769 705.064
881.839 -1.1341 -2.39483 580.177 0.00938947 -0.239949 1564.43 0.2716 0.642671 0.74625 0.728577 1760.06 2.0461 1.84225 1416.56
646.176 0.149203 -1.87883 399.192 0.39638 0.729855 1006.61 0.233254 0.605838 0.508827 0.646864 348.527 -0.360834 1.09069 1052.99
704.22 -0.23545 -1.87778 560.855 -0.466008 0.513747 1200.31 0.653124 0.300536 0.557211 0.631617 1243 0.769929 0.256183 1584.86
634.488 0.285576 0.982808 415.639 -0.984288 -2.83376 1264.98 0.584835 0.353392 0.737082 0.798101 951.874 -1.3515 1.48227 1031.87
678.347 0.0708375 -0.365433 250.492 0.808238 1.58356 772.797 0.322052 0.275339 0.654764 0.80559 2673.94 -2.9942 1.70542 941.315
1285.79 0.843225 2.29721 1123.64 0.0720897 -2.06355 2197.74 0.803085 0.774929 0.798348 0.777222 1910.93 -0.135806 1.92775 2412.21
763.495 -0.394307 2.83478 715.382 0.92951 0.836679 1638.85 0.688028 0.251273 0.843872 0.774514 1097.25 -1.13364 1.97031 1567.32
1103.25 -0.390846 0.0603035 307.074 0.924342 -2.33592 1389.7 0.708104 0.371326 0.709727 0.80583 796.751 2.4248 1.52246 1416.26
401.563 0.837462 -3.0429 270.653 -0.586533 0.271136 848.138 0.367739 0.824593 0.882778 0.720133 693.545 0.541465 0.270329 709.773
696.931 -0.120634 2.91812 259.37 -0.97401 1.2182 756.847 0.563204 0.689346 0.66267 0.685572 1929.3 -0.697599 1.9158 1093.21
495.585 -0.697613 -2.78251 288.516 0.390102 1.23234 830.745 0.82975 0.656241 0.746588 0.636564 537.789 0.0159147 1.21643 937.159
436.131 0.677693 0.503495 266.078 -1.51767 -2.32614 1138.88 0.585607 0.720954 0.704244 0.800559 133.948 2.6755 1.28155 721.09
633.12 -0.304398 1.09195 622.533 -0.0623325 -0.686965 1002.27 0.551968 0.674036 0.698662 0.703369 1419.37 -2.40508 1.71812 1289.46
521.378 0.439904 1.73505 438.701 0.537758 -0.606501 932.931 0.319628 0.0390059 0.567608 0.793055 587.552 -1.32651 0.720009 1239.04
535.889 1.12515 2.86985 314.977 -0.823332 1.01847 1159.61 0.80022 0.745707 0.712921 0.812757 1380.21 -0.716507 1.73497 1008
731.554 0.091933 1.57255 579.718 0.137864 -1.09915 1294.64 0.560039 0.731092 0.812758 0.73215 170.676 -2.50835 1.4092 1481.1
378.255 0.147797 2.35338 286.058 0.67453 -1.04166 702.074 0.71238 0.339624 0.776734 0.728191 216.134 1.32461 1.02877 699.78
1058.28 -0.051122 -0.274104 558.064 -0.789019 1.31844 1253.13 0.515851 0.206213 0.746119 0.615798 884.676 3.04217 1.72373 2131.67
887.459 0.0879584 1.70992 799.035 0.860009 -1.54156 1867.2 0.17589 0.140507 0.469865 0.509031 62.747 -0.233134 1.30843 1696.15
510.571 0.234006 0.974437 502.86 -0.814966 -2.69715 1156.39 0.541923 0.710173 0.61946 0.829368 751.116 -0.195631 1.17007 1073.32
774.734 0.56402 -1.37547 282.287 -0.980262 1.74806 1237 0.417172 0.572639 0.58271 0.685745 188.609 1.2588 0.489262 1045.66
894.694 -0.253764 -0.840117 351.599 0.527336 2.74541 1206.93 0.347268 0.625171 0.700985 0.703077 948.595 1.95425 0.791156 1262.76
841.431 0.206117 -1.8132 300.942 -1.02698 0.89837 1198.74 0.190248 0.162859 0.681303 0.626663 1588.45 0.451145 0.447225 1423.75
871.34 1.46721 0.793423 269.964 -0.277717 -2.51757 1370.65 0.763438 0.718634 0.863363 0.680483 1071.17 0.192738 0.600685 1216.31
382.446 1.01592 -1.68299 336.28 -0.901511 2.87372 981.406 0.505185 0.348399 0.841751 0.727761 607.445 0.131864 1.81485 846.285
547.86 -0.272735 -2.8051 361.898 -1.65247 0.453901 1121.53 0.780517 0.670413 0.718482 0.783232 913.641 -0.684742 1.13864 1203.19
1038.81 0.657233 1.93842 622.152 0.224499 0.112568 1341.24 0.48403 0.797152 0.497229 0.751767 1977.58 -1.69866 1.81122 1666.42
944.617 -0.976616 -0.281003 696.118 -0.833345 2.37548 1596.42 0.535273 0.751786 0.86227 0.785989 836.497 2.46734 0.0918629 1703.85
592.414 -0.0675898 -2.45083 472.092 -0.108816 1.05158 1057.94 0.502216 0.715854 0.776016 0.70944 397.997 1.79942 0.747832 1341.79
832.026 1.2453 -0.129556 589.162 -0.800884 -3.05325 2207.24 0.289546 0.613096 0.813481 0.598165 837.298 1.38689 1.51644 1492
760.139 -0.427264 -2.27161 447.77 1.21145 0.627188 1577.4 0.0839123 0.763195 0.674116 0.73699 526.433 -0.115215 0.742403 1714.6
859.665 0.229459 2.27227 598.663 0.160736 -2.20847 1163.7 0.801895 0.625119 0.807723 0.809513 2391.25 0.46 1.81227 1449.95
404.229 -0.777677 1.94476 318.738 1.17778 2.21799 862.632 0.322298 0.119846 0.700123 0.678632 1208.78 -1.40618 2.65901 951.649
486.489 -0.340481 2.48415 357.665 0.701145 -0.742823 978.673 0.575957 0.462775 0.537001 0.690674 132.764 1.88302 0.601138 853.706
504.303 -0.328422 -2.99385 405.762 -0.458268 -1.79487 595.436 0.340508 0.451389 0.57726 0.731897 1288.94 1.54457 1.74476 1252.32
1062.72 0.725495 -1.38785 679.194 0.219508 2.59961 1618.14 0.560499 0.746005 0.570199 0.709443 936.709 1.13619 1.46341 1881.24
442.429 -0.313805 0.742751 339.132 0.891224 -1.27222 837.627 0.557269 0.494439 0.778637 0.770985 974.115 -3.05487 1.78265 879.279
901.954 -0.0778765 -0.221019 342.208 -1.13878 -2.07425 1094.32 0.694369 0.783879 0.607755 0.810651 1055.82 2.20873 2.00021 1626.53
578.865 0.221349 -0.29123 263.651 0.61816 3.09374 804.486 0.720185 0.672841 0.716012 0.74771 551.111 2.52291 0.570825 834.322
1011.49 0.306059 2.87089 917.951 -0.880042 0.617889 2128.74 0.692029 0.72203 0.520283 0.779686 1423.77 -1.32125 1.93914 1944.86
706.745 -0.112289 -2.46156 316.229 -0.134469 -0.0357767 900.635 0.762408 0.744593 0.729094 0.750628 845.415 1.19992 1.2357 1263.55
726.576 -0.865504 -1.3917 308.883 1.79171 0.369752 1824.83 0.459767 0.700912 0.642547 0.785362 383.98 -0.0374606 0.407213 1373.14
932.836 -0.886202 -1.12695 797.695 0.653606 2.02789 2279.43 0.39655 0.581554 0.624378 0.80644 293.829 2.23604 0.208148 1837.24
1012.4 -0.250142 -0.260733 558.07 0.740368 2.30047 1653.43 0.54161 0.53088 0.705024 0.822937 989.685 -2.49756 1.48516 1567.72
767.615 -0.929236 1.09089 559.663 0.0329305 -1.63376 1454.36 0.437582 0.574766 0.726257 0.817413 813.094 2.20027 1.10938 1318.87
1130.68 0.592005 -1.21321 473.308 -0.601784 0.503263 1446.63 0.579802 0.693062 0.671925 0.804868 501.975 1.22993 0.726668 2159.14
1057.72 0.063941 2.48883 643.844 0.240233 -1.15609 1630.66 0.114201 0.786036 0.807242 0.715011 723.683 -0.575155 0.58094 2079.41
360.62 0.685379 3.06409 294.202 0.0812705 -0.98499 626.915 0.751004 0.400808 0.80159 0.652972 1367.87 2.00492 1.05917 684.646
491.03 -0.252794 -1.03209 254.896 -0.00331974 3.08223 700.421 0.428808 0.664163 0.786484 0.793267 1365.46 1.63686 1.44537 806.914
1240.55 -0.576455 2.88497 885.57 0.853068 -1.58956 2436.02 0.165643 0.63292 0.628219 0.485526 2092.14 0.503255 2.09281 2192.89
423.208 0.587662 0.980571 393.533 -0.700371 -2.01559 1005.91 0.735405 0.695922 0.665634 0.519939 136.343 2.23972 1.25915 788.946
344.17 -0.769884 -1.0167 327.45 0.0748401 -0.239947 440.74 0.725126 0.66176 0.571739 0.783278 1352.87 2.1548 2.39475 1016.41
515.7 1.11167 -1.52521 269.545 -1.27279 -1.18027 1133.88 0.655914 0.647528 0.818848 0.82498 883.765 -1.09959 0.0806733 1120.23
1215.62 -0.252503 0.702416 316.514 0.0851463 -3.02394 1210.77 0.704025 0.469525 0.766937 0.574577 1300.72 -1.20565 1.8183 1520.7
765.297 -0.254095 -0.112918 330.476 0.471604 2.47372 1106.11 0.26611 0.685685 0.308491 0.560974 763.555 2.89619 0.422474 1125.05
581.368 0.118621 -2.74476 273.006 0.544897 0.382791 896.732 0.252749 0.456654 0.634866 0.823214 473.513 0.622937 0.240147 830.298
744.411 -0.175549 1.86362 264.597 -1.1638 -0.890551 998.279 0.737361 0.458831 0.727234 0.779861 750.189 -1.47678 0.58623 1068.77
394.59 -0.368571 1.96869 301.811 0.798688 -2.54362 693.492 0.6666 0.463815 0.71611 0.663655 1046.96 -0.6085 1.93512 700.246
938.597 0.329081 -1.47792 708.169 0.170306 2.36923 1553.33 0.582554 0.530705 0.794105 0.606475 969.511 1.74341 0.625823 1828.34
593.21 -0.780076 1.42322 562.95 -1.09809 -1.79656 1208.84 0.48045 0.125167 0.682027 0.590978 422.959 -1.55587 0.240683 1158.28
401.933 -0.265989 -0.6339 362.153 0.204983 2.28464 791.529 0.327937 0.5151 0.767782 0.467159 147.068 -2.4657 1.53284 769.151
763.366 0.0783466 1.90311 285.859 0.228265 -1.69876 916.181 0.60945 0.675861 0.683252 0.841529 1046.05 -0.924567 0.774191 1265.58
871.278 -0.733827 2.72752 294.296 0.416237 -1.72571 1042.23 0.238442 0.686927 0.713261 0.66956 1660.13 0.207621 1.93334 1385.21
441.373 0.0871281 -0.298838 362.813 0.117536 -2.48011 748.169 0.342933 0.727799 0.540797 0.760656 1430.37 2.22493 1.57815 906.881
704.526 0.0783896 -2.20009 365.781 1.0416 0.200851 1096.93 0.527534 0.319615 0.772904 0.682666 805.201 1.83065 1.6298 1052.86
921.334 -0.0943971 -1.43726 441.147 -0.550488 1.2947 1292.15 0.837766 0.749347 0.752025 0.797937 1555.25 1.34875 0.0540494 1525.68
911.499 -0.0162011 0.785629 478.498 -0.137227 -1.13176 1170.95 0.433616 0.474434 0.671762 0.577107 1555.77 -2.86582 1.73405 1418.61
286.226 1.73129 3.08664 281.879 -0.0257652 -1.3186 740.825 0.756339 0.755371 0.768948 0.867171 636.815 1.2667 1.81994 582.592
1695.42 0.0364055 -2.4047 399.196 -1.03686 1.56598 1779.61 0.772964 0.710312 0.759188 0.695793 503.639 1.10887 0.457106 2373.07
1094.47 -0.275659 -2.88752 974.446 0.307765 0.184345 2219.51 0.231559 0.451175 0.174501 0.645938 493.94 0.357961 0.173616 2157.66
735.037 -0.352736 1.6145 378.664 0.610724 -1.05821 1165.38 0.796286 0.834253 0.865961 0.819384 675.936 -2.81366 1.75546 1108.56
777.031 0.320184 -0.907787 556.155 -0.399453 1.82775 1407.45 0.638024 0.333152 0.344259 0.386894 724.016 2.75479 0.927034 1364.5
432.893 -0.506162 2.07611 409.361 0.559861 -2.2182 874.982 0.773695 0.519538 0.590936 0.805597 1734.8 -0.854947 1.36325 945.453
708.258 -0.0789611 -2.88532 317.343 1.53873 -0.0348486 1277.93 0.663779 0.731356 0.794168 0.680039 708.009 0.743666 0.778515 1223.32
562.959 -0.844883 -1.37179 258.209 1.18238 2.37792 1181.77 0.697739 0.688716 0.752793 0.69924 65.8189 0.996678 1.38124 801.54
708.409 -1.12433 -2.3094 349.583 0.544785 -0.153075 1283.15 0.575952 0.675256 0.751162 0.716849 1615.09 2.30842 1.66537 1243.44
319.291 0.131665 0.135453 260.38 -0.374781 -1.99204 550.404 0.734988 0.655959 0.751273 0.857632 664.988 2.88484 1.4063 623.958
869.357 0.654319 1.18768 468.039 -0.170926 -0.423006 1103.1 0.577486 0.415498 0.434596 0.65319 1674.1 -3.14043 1.95508 1458.98
1314.71 -0.355182 -0.484485 510.355 0.0820343 -2.67923 1515.52 0.824767 0.531632 0.767093 0.643578 565.996 2.69186 0.912094 2126.83
565.669 -1.13534 -0.379201 551.981 -0.798331 1.94857 1061.21 0.779033 0.80578 0.804439 0.845725 318.5 -2.99934 1.33527 1366.39
951.926 -0.500274 2.55537 804.499 -0.107464 -0.706791 1842.23 0.585084 0.187293 0.585696 0.758591 79.6796 -0.173745 0.533046 1998.27
361.525 0.959268 0.801281 319.638 -0.301292 -1.61176 796.067 0.74357 0.544647 0.786819 0.80018 661.634 2.90197 1.76946 756.1
449.88 0.804332 2.06042 424.751 -0.587221 -2.23628 1001.15 0.78406 0.308638 0.780892 0.728308 222.161 -1.04994 1.18634 1186.62
612.403 -0.676752 0.221737 520.149 0.766691 -2.26939 1395.4 0.779768 0.802229 0.734212 0.816625 481.629 1.65321 1.43148 1164.26
1207.19 0.335108 0.756351 417.308 2.17837 -0.471601 1719.2 0.726529 0.789051 0.801793 0.733278 1053.9 -3.12481 2.40203 1965.7
705.54 0.240812 -2.89186 277.073 -0.0284699 -0.298825 879.174 0.77004 0.739697 0.585472 0.800544 1558.39 0.94516 1.24398 1161.15
906.062 0.0519516 -1.91455 429.734 0.428857 1.83133 1224.46 0.675005 0.613761 0.715539 0.777198 358.41 0.000177297 1.83115 1650.69
378.328 1.26324 0.749298 258.104 1.39909 -2.19527 634.882 0.551079 0.76271 0.571617 0.662097 592.052 3.11684 0.971079 723.802
466.549 0.422471 -1.61527 404.447 -0.619837 -0.107824 774.847 0.549553 0.34496 0.770549 0.483184 1470.89 1.5154 1.62323 1050.34
1084.6 0.102854 -0.150939 326.769 0.0659776 1.60099 961.565 0.65592 0.468129 0.759089 0.725538 2439.48 -2.96341 1.71878 1460.95
699.033 0.203196 -2.24035 624.476 0.567792 2.15324 1142.66 0.713524 0.325558 0.789835 0.770489 556.062 0.0434802 2.10976 1502
1669.07 0.529346 -2.7114 605.958 -0.617618 -0.291954 2275.85 0.491831 0.63146 0.465837 0.777257 575.91 -0.358581 0.0666263 2665.48
533.734 -0.413522 -0.563523 519.9 0.408173 -2.30891 948.414 0.678752 0.390827 0.830215 0.831323 590.25 1.94343 2.03085 1461.29
495.097 0.268032 1.47523 391.829 0.672405 -0.938408 854.675 0.515718 0.423806 0.573623 0.796339 1209.98 -1.74924 0.81083 1202.54
788.448 -0.468232 0.783775 264.963 -0.868711 -1.95476 986.364 0.386843 0.66576 0.228908 0.770808 1450.02 -2.64596 0.691203 1133.76
316.11 1.66966 0.723498 300.644 -0.856215 2.46803 1115.44 0.801228 0.725182 0.77395 0.732388 669.352 -1.95982 1.85534 807.5
338.321 -0.838513 2.65187 301.312 0.987269 1.76277 731.183 0.740473 0.799322 0.839378 0.822083 1867.07 -0.81058 2.57335 670.117
628.265 0.543733 2.17727 545.841 0.776414 -1.63767 1186.24 0.438869 0.276265 0.670332 0.790093 1136.43 0.362219 1.81505 1233.79
1049.85 -0.426289 -0.461299 320.958 -0.341657 2.29211 1309.29 0.223852 0.508907 0.479067 0.846994 1059.24 3.03494 0.742822 1434.3
633.46 -0.33008 1.53713 494.558 0.324772 -1.7271 1216.02 0.184303 0.235031 0.48233 0.745383 861.658 1.77167 0.23454 1121.12
699.662 -0.175402 -1.43119 449.403 -0.288825 2.28042 1126.52 0.352355 0.164262 0.336946 0.544223 620.442 0.557605 1.72282 1276.93
1235.35 -0.980527 -0.365339 799.591 0.0776118 2.66149 2296.5 0.571985 0.781764 0.266192 0.82089 123.85 -1.64462 1.27928 2032.24
608.885 0.870443 -0.314608 420.221 -0.56391 -1.33874 952.293 0.80381 0.809534 0.739061 0.772343 944.193 1.95627 2.27087 1312.99
1416.97 1.0669 -1.90572 359.195 0.195615 1.85145 1556.62 0.846338 0.25567 0.789774 0.647286 1137.24 -0.322994 1.58273 1766.99
760.023 -0.452031 -0.0499772 337.981 0.795012 -2.14251 1133.95 0.700853 0.297455 0.809449 0.825442 1160.43 1.7788 1.82878 1305.92
825.094 0.327297 2.60725 737.478 -0.0587375 0.212272 1514.56 0.177189 0.449969 0.770155 0.835666 1153.49 -1.29411 1.50638 1580.2
742.289 0.586172 3.09852 690.057 -0.300225 -1.68861 1200.06 0.869299 0.55059 0.663224 0.701523 1373.47 1.20947 1.88904 2027.46
582.855 -0.756009 -2.69294 314.405 -0.82725 1.27929 794.532 0.230288 0.847168 0.877836 0.802331 1171.4 -0.671932 1.95122 898.881
949.743 0.144084 2.81388 776.774 0.984187 0.059819 1885.15 0.179586 0.604832 0.798979 0.821638 967.831 0.146643 0.0868245 2312.74
614.651 0.598313 -2.54517 296.195 -0.0561784 -0.928061 691.167 0.480002 0.670345 0.701812 0.729329 1492.47 1.02438 1.95244 1054.67
1000.89 0.472648 2.29492 782.316 -0.586197 -2.14168 1732.79 0.592422 0.7879 0.762469 0.759437 223.692 -0.0389928 2.10269 2399.19
610.282 0.88629 -3.02246 345.016 0.490033 -1.54852 732.386 0.377638 0.491442 0.656545 0.548142 137.037 0.608926 2.15745 1105.02
1778.79 0.0468172 0.466273 1030.78 -0.129805 -2.45244 2719.45 0.420448 0.492933 0.612791 0.659887 1264.68 -3.03981 0.587373 2781.94
539.471 -0.224275 2.85559 368.982 0.854669 -0.0504895 1032.41 0.849735 0.370002 0.812101 0.706554 98.3176 -0.869234 0.818744 1114.34
464.257 0.539735 -2.84197 328.212 -0.120541 -0.820407 749.624 0.463028 0.512099 0.66706 0.501232 1196.77 3.10111 0.340108 998.588
1019.14 0.0238819 -1.06847 451.831 0.137104 1.05044 1260.45 0.433142 0.513876 0.381279 0.668123 1492.51 2.62049 1.57005 1522.69
407.717 -0.874811 -2.17605 325.761 0.32752 0.423328 879.146 0.715568 0.320466 0.791999 0.550128 609.2 0.968057 0.544729 1021.75
1067.57 0.711969 -1.33396 308.39 -0.411211 2.5116 1297.42 0.592635 0.686973 0.492477 0.647987 626.582 -0.138125 1.19584 1603.35
791.6 0.595268 2.94158 619.313 -0.397832 -0.334077 1646.89 0.604751 0.125589 0.652147 0.742615 405.972 -2.52386 0.817748 1672.32
465.38 0.589734 0.363703 260.9 0.643062 -1.42055 552.609 0.707865 0.653432 0.806219 0.611723 1205 -2.97259 1.55204 732.097
847.25 -0.318285 1.03495 580.19 -0.147357 3.03806 1255.76 0.751299 0.189378 0.74175 0.32323 1759.58 -1.25473 1.9904 1495.58
498.814 0.184525 -2.63032 343.694 0.0441846 -1.00777 616.59 0.773073 0.669726 0.669576 0.609221 1176.47 1.3168 2.32457 962.598
409.199 0.373292 -2.66077 309.48 0.118959 0.213418 722.497 0.564084 0.764241 0.673692 0.716239 1015.94 -0.323884 0.537302 1060.1
615.934 -0.47346 -0.0377408 362.859 0.443759 2.45657 1022.97 0.7461 0.733387 0.781044 0.780225 596.427 -2.08172 1.7449 1033.99
696.277 -0.188282 -0.598471 627.106 0.0107071 1.60113 1218.57 0.262858 0.38427 0.620228 0.47602 1302.11 -2.46988 1.87141 1316.24
861.081 0.131392 2.24338 464.252 0.286959 0.297715 1073.04 0.278412 0.579674 0.676174 0.601194 1056.34 -0.894703 1.19242 1749.61
1306.25 -0.681763 2.18958 497.053 -0.10025 0.283844 1417.51 0.675045 0.454965 0.718941 0.701934 1980.28 -1.55406 1.8379 1855.22
1487.65 -0.612171 1.95062 308.031 0.73515 -0.998931 1681.2 0.649295 0.266478 0.723798 0.808523 539.586 -1.19437 0.195441 2317.54
291.629 0.2634 2.41999 261.238 -0.757647 -1.15035 622.005 0.286765 0.780522 0.685963 0.785424 539.239 0.506287 1.65664 553.475
1159.95 0.35387 0.377582 721.043 -0.124304 -1.27334 1444.53 0.170007 0.269966 0.58017 0.624102 2163.8 3.05517 1.95467 1986.8
582.252 0.339752 0.214901 347.064 0.359658 -2.3208 879.569 0.44508 0.567684 0.245926 0.581556 1034.34 1.82764 1.61274 930.444
798.324 -1.12382 -0.804743 614.821 0.569178 1.20851 1797.95 0.474961 0.672618 0.778978 0.802763 770.223 -2.65836 1.85362 1615.44
624.157 0.131826 -2.02451 527.071 -1.15549 -0.0352198 1257.14 0.479641 0.768845 0.649092 0.766584 1319.54 1.94963 1.98485 1238.87
454.355 1.08869 1.4404 358.715 0.559028 -0.819322 783.977 0.448682 0.571082 0.721434 0.669741 726.345 3.12436 1.68395 819.816
387.721 -0.495678 2.84577 364.12 0.481002 1.08156 700.757 0.694287 0.85157 0.800563 0.801556 868.467 -0.806354 1.88792 833.412
791.181 -0.246256 -0.498207 541.49 1.3489 -2.20623 1558.91 0.514224 0.20268 0.466529 0.711214 1536.8 2.21513 1.86182 1410.83
651.758 1.24271 2.65376 340.034 0.31686 0.773331 914.776 0.754348 0.684782 0.820721 0.536426 1121.03 -1.42023 2.19356 1002.25
1135.87 0.0976132 -2.34994 385.947 0.886057 1.58651 1379.03 0.427606 0.330727 0.37066 0.548778 1196.18 0.0868284 1.49969 1525.48
716.73 -0.597631 -1.1112 629.265 -0.286653 -2.14761 711.591 0.698137 0.281728 0.749999 0.734442 1310.86 1.4117 2.52291 1575.35
788.445 -0.414326 0.269058 504.155 -0.697991 -3.02783 1281.94 0.738193 0.445755 0.815442 0.793434 1197.17 -0.0230776 0.292136 1357.38
393.233 0.909803 1.91692 375.293 -0.39249 1.90473 586.997 0.152099 0.742284 0.732479 0.780192 1284.2 -1.26585 3.10042 1278.28
615.237 -0.584132 1.70557 534.996 0.558261 -2.215 1293.15 0.3596 0.685073 0.729785 0.757353 786.47 1.01024 0.695327 1273.18
867.265 0.315306 2.85193 610.203 0.251292 -0.616195 1474.4 0.530849 0.468212 0.72638 0.636062 673.984 1.65746 1.19447 1529.79
459.873 -0.818642 -1.95867 337.371 0.814126 2.03938 1043.26 0.207421 0.62757 0.320417 0.740799 821.428 0.0410038 1.99838 971.433
453.414 -0.53372 -2.92186 361.063 -1.43526 -1.12647 749.107 0.763739 0.779709 0.766073 0.760871 919.794 1.04963 2.17611 896.78
741.055 0.463958 -0.00970917 542.619 -1.12328 -1.56873 1455.5 0.567818 0.66054 0.75805 0.356121 1348.99 2.16117 2.17088 1428.6
538.868 -0.00865553 -1.68153 529.579 0.266161 1.23113 1091.36 0.327063 0.685389 0.761593 0.740816 457.178 -1.05891 0.622626 1418.51
356.836 -0.984568 0.365683 279.236 1.36252 -2.16918 1109.49 0.764776 0.379705 0.780108 0.822444 1482.17 0.914712 0.549029 769.517
529.949 -0.51154 -2.44161 462.631 -0.0397605 1.7729 899.162 0.757972 0.6871 0.828873 0.737464 128.848 2.06541 0.292511 1648.19
339.524 -1.13672 1.38777 266.135 0.993763 -2.26914 966.369 0.578707 0.60584 0.673482 0.71001 1310.59 -0.281518 1.66928 740.94
1032.53 0.150476 -2.17928 562.157 1.13679 1.49485 1680.19 0.428278 0.440354 0.45275 0.545306 1059.95 0.76501 0.729839 1772.21
487.559 1.24353 -0.471376 358.208 0.0284716 1.11342 824.513 0.778375 0.177695 0.889917 0.715734 1149.42 -2.42236 1.95099 889.422
428.975 -1.0119 -1.96754 410.882 -0.106545 0.765906 946.215 0.477184 0.576849 0.679779 0.856246 157.668 2.40753 1.64163 1016.21
1084.3 0.38751 1.651 385.685 -1.94817 0.462669 2030.39 0.260853 0.780731 0.450373 0.73527 1112.32 -1.51998 1.98265 1811.27
1348.87 -0.866735 -0.648174 568.351 -0.898024 1.73716 1705.57 0.413775 0.255585 0.749531 0.666312 1239.76 -2.46086 1.81268 2218.78
915.381 0.0569849 -2.94723 271.766 0.0132471 0.758268 965.204 0.402477 0.641001 0.659171 0.686536 862.345 -0.903243 1.66151 1415.67
786.069 0.140067 1.57264 551.505 0.453797 -2.18543 1317.74 0.333078 0.333905 0.681253 0.60685 1106.18 -0.384372 1.80105 1370.53
781.172 -0.247364 2.20662 342.369 0.343764 -2.17433 923.852 0.614641 0.680549 0.628862 0.837294 1575.11 0.668628 1.53799 1129.18
537.701 -0.2155 -0.287886 481.649 1.22644 1.79571 1277.87 0.226955 0.182247 0.61636 0.753683 1259.16 -2.43491 2.05257 1038.02
889.299 -0.223596 -0.967561 512.65 -1.11997 -2.999 1319.43 0.671858 0.670453 0.76378 0.88816 1133.72 1.35002 1.93417 1981.06
1175.03 -0.0929759 1.13864 373.216 -0.374067 -2.91118 1228.14 0.374533 0.697978 0.323826 0.790624 2040.09 -1.76445 1.14673 1556.63
653.384 -0.466297 -2.23839 453.244 0.0509352 1.89188 1036.53 0.669865 0.416739 0.693487 0.562254 1367.02 -0.921612 1.31678 1424.14
574.197 -0.994425 -1.99104 389.858 0.0503139 0.303714 1092.57 0.564963 0.805191 0.171944 0.731755 1063.02 2.69544 1.59671 1072.65
922.685 -1.19256 -1.9948 325.933 -0.777442 2.13708 1026.58 0.788217 0.748667 0.745203 0.762906 967.679 0.504223 1.63286 1211.07
706.863 -0.566292 -2.90437 275.337 -1.50838 -0.359942 962.554 0.764465 0.776697 0.835704 0.771361 1046.39 0.554316 0.914257 988.898
434.187 -0.541584 2.45135 388.245 0.55073 0.672497 806.891 0.570226 0.781227 0.818898 0.775717 1699.3 -1.10778 1.78027 1210.53
471.844 0.31011 -2.72907 322.444 0.318962 1.31695 775.679 0.614875 0.640605 0.556549 0.572342 777.26 -0.813071 1.916 823.692
622.508 -0.22981 -0.817759 620.982 0.744205 1.42521 1301.69 0.59466 0.765115 0.752428 0.819408 684.871 -1.33512 0.517357 1284.26
581.017 1.70114 -2.62002 285.72 0.39077 0.699858 1009.75 0.425098 0.373199 0.656401 0.709836 438.658 0.540768 0.159091 908.56
1096.41 -0.0644307 1.13701 298.955 -1.03294 -0.736603 1108.93 0.662134 0.776599 0.772155 0.810706 1880.65 -2.49046 1.75386 1431.35
932.41 -0.0375261 -2.00396 405.28 -0.0476659 -0.918672 651.792 0.800846 0.791723 0.832274 0.752048 1644.57 1.31541 2.23409 1763.86
441.707 -0.574292 2.64224 440.78 0.258855 -0.13908 964.322 0.656789 0.528415 0.758112 0.743856 351.647 -0.654402 0.515321 1068.66
409.796 0.239716 -3.04209 342.358 -2.07117 0.0357187 1321.13 0.722858 0.71758 0.895995 0.786972 869.235 1.00663 0.970916 1107.56
1629.46 0.837035 0.427448 336.675 0.257879 -3.08002 1546.32 0.618843 0.558757 0.908532 0.854388 1466.34 -2.78875 0.291279 2014.42
557.938 -0.0513234 1.06578 509.872 -0.692459 0.270996 561.362 0.592939 0.772994 0.669768 0.769635 2275.2 -2.42065 2.69165 1208.02
626.723 -0.279491 3.10347 532.965 -0.163583 -1.17847 1007.82 0.410572 0.230792 0.492063 0.697566 1175.19 0.834762 2.01323 1155.6
562.505 0.655791 -1.0966 362.777 0.00917939 1.64633 975.185 0.697126 0.553579 0.712263 0.639415 1167.21 -3.08866 1.54819 1289.51
805.285 0.538038 0.945239 310.276 0.327856 -1.33226 924.827 0.399288 0.545355 0.711239 0.781889 1559.36 3.07835 1.87258 1116.12
490.117 -0.886032 -3.02315 382.625 0.34258 -0.187676 1036.5 0.757374 0.847318 0.750699 0.839943 1009.58 2.90551 0.354527 1135.57
571.362 0.246994 -2.86635 274.306 -0.330135 -1.212 686.667 0.352173 0.39572 0.673468 0.672445 566.979 1.5021 1.91473 1229.19
1566.39 0.220588 1.37582 270.069 1.15805 -1.81299 1465.11 0.295316 0.458216 0.718269 0.823977 681.139 -1.26714 0.545856 1818.24
917.688 0.126904 -1.17624 560.922 0.809299 1.98134 1589.05 0.160796 0.590232 0.675718 0.633728 452.984 -1.79626 0.620019 1575.63
651.71 -0.258075 -0.716941 442.951 -0.453275 0.340185 583.092 0.831753 0.609367 0.809961 0.606279 2237.84 2.66986 2.32968 1358.31
374.598 0.9424 -1.71743 257.338 -0.500816 0.869172 786.638 0.221406 0.733516 0.867877 0.774267 1108.93 2.46331 1.59414 675.742
780.294 -0.244713 -0.515952 332.68 0.780553 2.79486 1190.16 0.105954 0.604043 0.710883 0.780192 881.266 2.29852 0.496337 1154.78
689.79 1.28104 0.965733 508.133 0.779992 -1.76333 1209.04 0.797202 0.702642 0.765303 0.566403 717.237 2.69912 1.73339 1250.32
935.702 0.358462 -2.23575 464.494 0.113172 0.492242 1325.22 0.669712 0.488868 0.679344 0.658918 740.146 1.95527 1.46303 1376.17
1082.18 -0.802151 2.84044 822.527 -0.583075 0.208231 1905.73 0.497287 0.155076 0.714891 0.672752 718.564 -1.11364 1.32187 1908.57
752.497 0.0664886 -1.21621 425.379 1.1909 -2.28916 907.103 0.675332 0.787337 0.700171 0.802984 973.483 1.17722 2.39343 1529.01
895.875 -0.128748 -1.66413 628.568 -0.0732572 1.70195 1513.42 0.620314 0.418959 0.602746 0.476643 443.223 -1.51428 0.149845 1528.21
405.242 -0.342106 -0.460273 317.577 -0.739443 0.951582 502.315 0.756408 0.587568 0.769862 0.733947 1243.41 2.99152 2.03994 814.299
929.963 0.0558498 2.46007 337.947 0.519275 -0.213873 1142.81 0.147497 0.568416 0.663273 0.61012 707.79 -2.05255 1.77057 1262.88
430.43 1.32935 -1.25127 411.037 -0.14192 1.64167 1082.18 0.723457 0.67744 0.801201 0.800981 328.828 0.796615 0.845054 996.743
649.587 -0.813492 1.47566 270.591 0.342306 -0.765801 951.076 0.158785 0.724605 0.628204 0.871307 1285.84 -2.77278 2.00698 922.466
931.045 0.0798883 -1.96505 925.6 -0.62491 -0.0375236 1790.35 0.233314 0.811043 0.407079 0.832187 1727.04 2.15195 2.16619 1946.37
821.48 0.476029 -0.260429 513.368 0.655436 1.06898 822.042 0.522222 0.462676 0.368785 0.68866 1302.16 -2.08748 1.82705 1677.7
409.542 0.945986 -2.22269 348.667 -0.574011 -2.31591 640.403 0.546236 0.717562 0.646354 0.67383 1423.87 0.595396 2.81808 993.015
743.883 0.0261342 -1.22487 692.995 0.0204126 1.62886 1498.01 0.17468 0.589412 0.749232 0.862332 969.699 2.60861 0.979755 1450.94
1254.57 0.454545 1.33161 400.163 1.15828 0.0471499 1016.31 0.246466 0.244568 0.801967 0.74931 2339.86 -2.08189 2.12904 1901.03
743.228 0.147035 -0.967343 603.763 0.339917 0.204749 764.718 0.471223 0.652038 0.719301 0.523797 1830.31 2.55658 2.35183 1624.39
775.251 0.0292901 -2.32934 613.824 -0.789959 -0.505082 1290.97 0.563937 0.391657 0.730867 0.376497 1474.27 1.44526 1.95035 1667.18
863.984 -0.372012 -1.75764 516.607 -1.05372 1.11754 1480.32 0.204317 0.658499 0.429021 0.820585 170.678 -0.763068 0.994575 1464.06
451.34 -1.05988 1.90408 396.925 0.63628 -2.43071 1075.78 0.540283 0.677912 0.539254 0.741733 1056.09 -0.653257 1.77745 877.361
550.737 0.928765 3.05689 371.578 1.01418 0.259156 903.992 0.814667 0.783856 0.81939 0.699463 281.737 -0.182556 0.441712 1040.77
1051.83 0.419187 1.09832 297.271 0.0110203 2.32554 715.269 0.792281 0.645194 0.854313 0.782246 932.526 -1.46464 2.493 1425.68
1000.05 0.133207 2.35317 720.055 -0.335201 -1.4639 1697.81 0.276117 0.271509 0.738636 0.529085 1076.47 0.416468 1.88037 1718.8
1696.83 0.0359686 0.637771 324.449 0.558678 -2.34431 1653 0.0481015 0.760643 0.839715 0.881306 267.962 1.89315 1.25538 2059.16
1140.68 0.171736 2.94846 932.818 -0.13928 -0.616411 2134.8 0.638959 0.57998 0.831357 0.372079 1342.15 1.33835 1.6101 2121.66
594.498 -0.330041 2.5347 339.766 1.42457 -1.09424 1336.81 0.26442 0.777269 0.47751 0.619747 707.23 0.564017 1.65826 960.658
592.885 -0.315222 -1.49031 342.826 0.036444 1.11617 893.618 0.300829 0.704312 0.80394 0.769814 642.195 2.91132 1.79514 914.681
1352.26 0.519671 2.29972 266.274 -0.784612 -0.304583 1449.08 0.548491 0.516778 0.886481 0.40245 1552.05 -1.3659 1.06132 1753.69
1590.7 0.504155 1.76841 715.143 0.384842 -2.60153 1761.56 0.72387 0.681941 0.810112 0.648115 960.768 -1.46536 1.13616 2921.21
977.625 -0.744991 -2.87889 427.536 0.313167 0.35928 1489.06 0.744698 0.667594 0.758403 0.819277 467.711 0.438798 0.079518 1419.12
1520.59 -0.324844 -0.457559 1051.11 0.689965 2.46111 2857.41 0.726682 0.580481 0.736667 0.771636 1177.89 2.2816 0.179506 2753.83
409.696 -0.111189 0.564328 373.073 1.0747 2.58208 831.714 0.406031 0.436644 0.648904 0.393888 1277.35 -0.855483 1.41981 928.274
292.622 0.0569162 2.5999 287.251 -0.1305 -0.227481 600.37 0.614582 0.750508 0.745596 0.551056 679.577 -2.3426 1.34069 547.794
497.014 -0.690674 1.28871 271.183 -0.929625 -2.37051 731.061 0.458983 0.449955 0.682546 0.794918 714.814 -0.717771 1.65274 841.672
495.927 -1.32054 -0.353464 305.897 0.187535 0.815102 814.501 0.774874 0.353003 0.836336 0.894148 990.353 -3.09512 2.37296 1074.1
822.428 -0.720121 -2.11039 567.088 1.36763 -0.237699 2036.34 0.642709 0.571946 0.863467 0.531701 1534.38 1.66436 1.90206 1713.36
657.783 -0.606126 -1.13571 447.01 0.429764 2.46177 1230.06 0.640027 0.604264 0.802129 0.779256 1319.16 0.675897 1.78587 1480.22
633.097 -0.0651212 1.77854 326.503 -0.0670338 -2.3323 820.48 0.826669 0.753438 0.799595 0.681127 657.727 -0.743605 1.5887 1102.38
622.186 -0.548842 -0.773602 311.976 -0.73451 -2.30917 634.703 0.644149 0.587377 0.647841 0.720489 973.425 0.293167 1.06677 1048.08
1229.41 -0.390524 -1.98706 581.106 1.37838 -1.60462 1737.73 0.562772 0.66496 0.682219 0.781295 2161.85 1.22512 2.82975 1933.84
560.425 0.961231 -1.32422 549.633 0.434733 2.09812 1189.57 0.496727 0.198707 0.800698 0.775902 1339.14 2.20681 0.108688 1150.64
476.908 1.24391 3.01474 371.88 0.447697 0.107458 915.876 0.342789 0.706637 0.764082 0.778966 1164.67 -2.01945 1.249 1428.55
711.074 -0.702916 0.990353 530.694 0.583692 2.5384 1220.99 0.454243 0.876578 0.762293 0.894487 1764.87 -1.86156 1.88323 1502.67
398.224 0.106338 -0.0371417 332.226 -0.851322 2.50744 797.122 0.646386 0.618349 0.634053 0.851211 917.43 -2.84147 0.934276 860.965
616.813 -1.35219 -1.80725 343.369 -0.972386 1.8214 957.883 0.620434 0.286273 0.686087 0.711126 836.027 1.87947 0.0580742 1259.69
739.011 -0.402407 2.63051 458.343 0.688103 0.575188 1214.07 0.63251 0.610456 0.720714 0.703991 1270.9 -1.52331 2.0985 1545.79
1658.46 0.0239619 1.23482 374.487 0.0233535 3.02206 1275.42 0.526511 0.284539 0.762135 0.626779 1353.25 -1.74702 1.51411 2266.09
545.062 0.926459 -2.33789 462.824 -0.431722 1.53604 1207.44 0.58636 0.279408 0.668001 0.702373 607.696 -0.290271 1.82631 1114.14
512.824 0.201348 -2.67099 491.219 -1.35795 0.0472374 1331.37 0.403213 0.1104 0.733802 0.767964 550.906 1.39352 1.34628 1015.64
731.172 -0.645966 0.96837 289.263 0.0598324 -1.74594 990.236 0.439225 0.228254 0.759019 0.845591 1376.74 -2.19359 0.447651 1151.12
644.927 -0.94152 2.8782 594.604 -0.168647 -0.183659 1341.95 0.275159 0.791778 0.796126 0.845887 236.868 0.0770788 0.260738 1261.81
1125.87 0.0788373 2.96392 296.656 0.582344 0.5857 1118.89 0.632076 0.692441 0.81527 0.742408 1638.63 -0.901446 1.48715 1503.2
507.429 -0.975506 -2.67716 359.034 0.0545207 -0.935437 820.043 0.766061 0.568429 0.690121 0.840846 963.66 0.926122 1.86156 898.995
874.392 0.437501 -2.72954 565.801 -0.656084 1.36764 1531.16 0.757103 0.111908 0.696757 0.702184 1253.78 -1.1069 1.62264 1674.48
863.121 -0.0655364 -0.772248 365.162 0.382893 2.02653 1176.65 0.202247 0.301173 0.545444 0.719157 1149.83 2.7448 0.718275 1243.44
821.183 -0.277181 1.18625 718.321 1.1392 -1.67725 1935.68 0.681428 0.784721 0.70643 0.820821 616.451 -1.23051 0.446743 1627.24
521.347 -1.19603 0.135681 342.891 0.895871 2.0681 1296.36 0.287687 0.196818 0.646978 0.745948 701.446 -1.96572 2.1014 892.082
614.223 0.180862 2.13662 542.847 0.382619 -1.8139 1094.88 0.623525 0.593498 0.733441 0.731944 900.508 0.00140867 1.81531 1129.16
725.413 0.334561 -0.375635 257.362 1.58385 3.02518 1051.78 0.79884 0.654257 0.765349 0.735622 851.806 2.16941 0.855773 922.862
1131.14 -0.202509 -0.0374725 364.235 0.345397 2.67614 1315.11 0.715292 0.763917 0.727809 0.710268 525.343 -1.75093 1.71345 1460.65
568.999 0.389669 -3.08577 418.295 1.51305 -0.296326 1151.14 0.373776 0.491343 0.831353 0.526166 649.456 -0.0729057 0.22342 1055.05
718.406 1.05016 -1.02514 530.852 -1.25445 2.04907 2160.22 0.789203 0.721885 0.815563 0.835865 1010.31 1.22555 0.823518 1267.03
665.135 0.375988 1.23469 517.662 0.544184 -1.37385 1146.63 0.730681 0.27252 0.770914 0.649538 627.931 -2.46435 1.0905 1619.02
450.76 -0.606058 2.31479 334.496 0.742881 -1.27412 959.378 0.396481 0.547997 0.557598 0.771233 392.213 -0.158299 1.11582 786.234
1786.4 0.377994 1.36631 641.131 -0.634604 -2.00823 2434.06 0.626364 0.103521 0.800283 0.759581 888.775 -1.34163 0.666595 2437.41
876.007 -0.37155 2.71086 335.754 -1.00884 0.376847 1076.79 0.561777 0.549039 0.641817 0.533237 891.865 -0.89761 1.27446 1304.75
748.885 -0.0905031 2.47942 301.503 1.05254 -2.07241 940.546 0.614172 0.551234 0.771988 0.627771 1210.3 0.0761167 2.14852 1050.95
772.361 -0.104901 -0.0734674 448.494 -1.18026 2.46089 1313.13 0.783169 0.452265 0.726433 0.545041 637.952 -2.80549 1.0168 1358.34
1265.25 -0.595706 1.7999 415.395 1.50208 -0.0805506 2172.06 0.770906 0.315058 0.768686 0.859336 666.161 -1.66153 1.58098 1793.73
610.655 0.289398 -0.434784 265.782 -0.101707 2.4469 832.025 0.624097 0.616978 0.69827 0.77437 253.382 -2.747 1.08928 909.426
429.858 1.0718 2.92266 347.277 -0.279619 1.28098 816.079 0.511398 0.483656 0.773183 0.503784 1332.15 -1.18396 2.17657 816.625
1090.53 0.319347 -1.46312 403.008 0.113789 1.91897 1330.73 0.843102 0.799881 0.805026 0.921749 866.146 1.94608 0.0271125 1675.25
1254.26 -0.892878 3.07276 270.486 0.141666 -0.916977 1267.48 0.613513 0.72824 0.475883 0.774604 547.02 -0.0123938 0.904583 1704.2
890.916 0.355889 0.0389263 436.229 -0.388558 3.12512 1405.98 0.047109 0.695891 0.71448 0.673505 930.813 -2.86024 0.297822 1373.87
709.088 -0.338492 -1.9702 286.076 -1.58089 0.602815 1086.92 0.206044 0.342594 0.508895 0.765814 941.515 1.57054 0.96772 1025.94
320.36 -0.474242 2.97984 275.213 0.645452 -1.45245 609.431 0.351905 0.856867 0.838499 0.762555 1697.07 0.712475 2.16492 597.45
1367.47 -0.347262 1.56601 428.112 0.978098 -2.37626 1815.25 0.614339 0.432528 0.778946 0.803573 1185.89 -1.16406 1.2122 2101.43
435.394 1.06803 2.06087 289.605 0.0239371 -1.53626 826.554 0.504569 0.21786 0.548682 0.721339 521.742 -1.88605 0.349789 905.45
412.941 -0.243072 2.48933 407.697 0.226008 -0.539847 860.01 0.656642 0.621311 0.768185 0.852641 186.237 2.70102 0.211684 797.696
1228.04 1.02512 0.948478 581.455 -0.661357 -2.03891 2335.58 0.858614 0.751476 0.834058 0.772737 939.48 2.66647 1.5778 2114.7
632.739 0.530877 -2.24375 452.411 1.23292 -0.414875 943.961 0.622751 0.564843 0.723124 0.706204 509.939 1.29388 1.70876 1207.01
708.585 -0.604572 -0.927201 617.061 0.175007 0.245724 971.686 0.15789 0.697814 0.771553 0.775566 1175.97 -2.80921 1.88201 1594.47
567.836 0.0659856 -2.81472 287.073 -1.8779 1.66911 1160.87 0.264841 0.553648 0.793133 0.659 977.868 0.151316 1.5178 901.584
526.492 -0.824425 2.0846 404.78 -0.601626 -1.12098 937.424 0.661814 0.331422 0.758233 0.70464 307.428 2.11087 0.0262721 939.414
684.076 -0.524376 -1.63083 424.048 -0.179585 2.75787 915.743 0.695241 0.754618 0.727875 0.839902 364.262 -2.95543 0.569887 1455.77
1010.5 0.0252387 -0.51691 544.448 0.0150352 2.39804 1504.05 0.515975 0.711085 0.313359 0.676486 1339.18 -3.05488 0.830259 1671.94
582.407 0.551193 1.62487 414.159 -0.5705 -1.04626 1186.68 0.511544 0.372263 0.546657 0.483849 1025.72 2.92757 1.3027 1353.22
693.739 -0.215323 -2.36641 485.849 -0.578435 -0.16139 1086.08 0.682844 0.411339 0.629343 0.809732 983.347 1.75172 1.91311 1164.52
893.652 0.018604 -2.41406 540.704 0.496668 0.590728 1454.43 0.397041 0.375287 0.757919 0.631879 921.779 2.96929 0.899838 1579.6
373.535 -0.883147 0.88595 345.375 -0.134291 1.78895 441.317 0.489616 0.58201 0.615911 0.633455 1512.12 -1.67716 2.56311 905.791
379.019 -0.546703 2.76675 298.093 -0.247249 -1.18437 654.633 0.370699 0.465152 0.587514 0.619563 852.855 1.36286 1.40388 679.287
694.967 -0.447706 0.995506 563.629 0.643925 2.87008 1251.92 0.46188 0.683746 0.76283 0.744108 239.972 1.45423 0.458724 1767.31
1470.22 0.129235 3.04818 565.966 0.772036 0.699009 1860.01 0.169767 0.29032 0.653602 0.774771 2116.89 -0.616005 1.31501 2039.88
905.291 0.211266 -1.13062 279.949 -1.24301 0.729354 1152.73 0.245847 0.779518 0.931794 0.794522 2095.36 2.34417 1.61481 1288.32
532.373 0.0769886 2.80306 504.543 -0.150605 0.0844023 1059.61 0.724754 0.450052 0.833936 0.765824 642.468 -1.46045 1.54485 1037.83
600.576 0.221931 0.570293 344.342 -0.866609 -1.67487 977.687 0.685989 0.63505 0.772338 0.766037 1137.86 2.05429 1.484 1265.73
1136.54 -0.0552055 0.0252304 570.893 0.729549 -2.91914 1776.13 0.66795 0.153192 0.856142 0.811143 574.797 2.93998 0.42407 1755.34
432.547 -1.54723 0.335752 370.911 0.635201 2.21353 1249.61 0.458106 0.774771 0.746303 0.615275 1374.76 -1.49038 1.82614 814.908
665.064 0.100888 2.18395 647.289 0.72216 0.426216 1126.76 0.367163 0.585706 0.640825 0.511661 1151.94 -1.45042 1.87664 1494.69
865.473 -0.376146 0.0352757 543.989 -1.24703 2.77849 1498.77 0.128142 0.689947 0.408425 0.817796 990.155 -2.52304 0.981653 1405.07
892.7 0.706581 -1.2511 372.048 -1.00616 2.76746 1569.54 0.415803 0.84819 0.679346 0.797855 1610.78 1.64497 1.12249 1283.69
383.215 0.194988 -1.78068 328.513 0.713146 2.68335 626.559 0.694149 0.69292 0.726459 0.674573 987.149 -3.02901 0.570818 835.464
715.269 -0.298669 -1.84249 300.921 -0.134037 2.94606 682.833 0.477196 0.383947 0.728395 0.669915 1636.01 0.64051 2.30555 1112.89
809.266 0.627544 -2.43945 314.654 1.47174 -0.89774 845.667 0.52219 0.652864 0.63547 0.75555 1395.21 1.22086 2.1186 1203.51
486.381 -1.25269 0.250956 408.937 -0.742343 -2.46893 940.656 0.405955 0.334393 0.730194 0.710234 411.239 1.60678 1.35582 934.705
352.315 -0.0396302 -2.53023 326.46 -2.57932 0.558279 1343.94 0.55999 0.621212 0.583598 0.468178 162.433 -0.442064 1.00034 1005.16
844.985 -0.775685 -3.12109 484.542 -0.706376 -0.744498 1218.84 0.65132 0.355122 0.685025 0.477444 1760.42 -0.475864 0.268634 1728.71
643.692 0.190035 2.62812 369.437 0.0352875 -1.29548 913.576 0.318637 0.611465 0.753435 0.65703 554.117 -1.03737 0.258112 1491.6
676.756 0.975507 2.42088 595.89 0.31465 -2.78704 792.213 0.384182 0.590307 0.729594 0.388434 1798.21 -0.168225 2.58911 1475.26
637.274 -0.15214 -1.3246 256.276 -0.458652 1.82014 870.126 0.490068 0.193568 0.770896 0.788741 1252.27 1.75639 0.0637505 877.19
1390.65 0.00198448 0.24749 631.03 -0.247301 3.07993 1919.89 0.461382 0.423501 0.48225 0.709981 635.727 -1.17847 1.42596 1975.99
600.716 0.850422 2.63326 319.344 0.831375 -0.54404 893.588 0.735121 0.762531 0.740255 0.726716 758.767 0.0197824 0.563823 1045.23
557.153 0.380373 2.15759 447.31 0.181383 0.122343 865.224 0.359625 0.601536 0.481382 0.646706 622.434 0.244832 0.122489 1496.5
520.778 0.0637628 -0.512893 323.348 0.0144202 1.94433 809.488 0.379973 0.503259 0.741727 0.751052 1738.55 3.01941 1.07508 828.016
442.729 0.77343 -2.7987 381.95 -0.424823 1.02973 953.865 0.512238 0.810616 0.852345 0.802718 1102.88 -1.12626 1.67244 789.903
657.684 0.786381 -0.525207 501.098 0.0960125 1.61752 1107.64 0.532525 0.764145 0.41985 0.85119 751.247 2.7259 1.10839 1267.97
716.055 -0.15018 1.87263 474.118 0.789559 -0.465792 1227.7 0.76049 0.487261 0.738802 0.639678 910.213 -2.59924 1.81132 1226.08
504.426 0.161678 -2.85683 448.735 -0.080364 0.547023 977.479 0.567983 0.52179 0.445816 0.46771 1203.85 -2.36982 0.487016 1157.53
513.691 -1.70412 -2.75512 480.998 1.3599 1.15766 2388.25 0.607717 0.809079 0.75472 0.799172 586.781 -0.743643 1.9013 1071.46
751.386 -0.938785 1.74306 744.256 -0.131081 -1.56719 1650.44 0.326345 0.10544 0.778328 0.694331 614.365 1.06398 0.679083 1513.84
312.803 -1.6241 1.51282 284.897 -0.566638 -3.01254 575.355 0.488171 0.17256 0.64801 0.779941 1090.72 -0.624072 2.13689 659.742
742.491 0.203545 -2.07331 314.605 -0.463181 1.51148 1051.56 0.584933 0.673453 0.624282 0.690271 1172.26 0.565595 0.945886 1109
819.227 0.000976015 -1.23999 537.86 0.618708 1.87184 1450.51 0.400262 0.564102 0.827239 0.812493 921.304 -0.503915 0.736071 1645.95
389.646 -0.359166 2.35025 343.492 -2.56819 -0.392914 1227.73 0.873318 0.380604 0.669017 0.78543 351.544 -1.16719 0.774278 747.237
510.31 -0.790259 -1.19127 369.329 0.977134 2.36193 1234.73 0.197581 0.705938 0.586347 0.733096 643.515 2.22369 0.138241 935.86
432.213 1.51902 -1.5876 292.228 -0.659028 2.72454 1116.73 0.544363 0.395368 0.797658 0.777791 913.976 0.753961 1.97058 851.257
732.601 0.470967 2.73526 299.221 0.383874 0.969717 756.072 0.356063 0.51372 0.614005 0.801538 1227.27 -0.751647 1.72136 1049.65
884.525 0.000301038 1.26279 481.275 0.0304306 -2.36926 1273.03 0.426985 0.548583 0.668525 0.623787 745.325 -1.08087 1.28839 1385.17
915.668 0.828625 -2.64561 456.683 0.137589 0.674113 1405.79 0.491941 0.851644 0.453166 0.815034 532.845 -1.07667 1.56894 1340.72
750.963 0.343689 -1.51339 252.453 -0.756548 1.06749 985.822 0.671879 0.54656 0.746401 0.768337 981.847 1.63812 0.57063 1127.37
825.787 -0.150796 -0.300172 298.868 1.19849 1.31716 1083.07 0.412224 0.58638 0.418484 0.63412 2095.63 2.96524 1.64808 1172.17
679.837 -0.0147699 0.631782 646.604 -0.0792811 2.88143 1213.74 0.755496 0.475549 0.710788 0.617746 682.435 0.449926 0.181856 2162.37
841.924 0.0156432 -0.27626 370.867 -0.185436 2.18348 1086.99 0.524024 0.28509 0.765494 0.829303 1199.01 -2.96098 1.13872 1186.5
539.174 1.16816 1.82017 262.403 0.892967 0.428555 595.775 0.42429 0.788433 0.87351 0.656906 1239.5 -1.7455 2.17406 970.948
739.502 0.0304851 2.92943 553.481 -1.53197 -2.06264 1360.36 0.691391 0.567799 0.784716 0.78028 293.924 -0.0516537 2.01099 1775.13
546.087 0.486442 0.860613 288.049 0.0713089 -2.77172 801.456 0.605553 0.480736 0.568083 0.797276 1667.23 -2.65287 0.118855 963.281
896.814 0.0261361 -2.94973 369.292 0.555949 1.98151 816.534 0.382429 0.683913 0.467748 0.706729 2605.86 -0.154427 2.13594 1664.66
384.707 -0.126417 1.26661 309.354 -1.51144 -0.690343 784.847 0.764312 0.848976 0.813523 0.775155 469.912 -1.8321 1.14175 1072.16
591.83 0.946783 0.111469 571.6 0.0931958 2.78216 1247.5 0.620127 0.375288 0.671439 0.507146 513.369 -0.453024 0.564493 1333.77
1091.46 -0.594562 2.61168 260.522 -0.353146 0.969267 824.206 0.37032 0.411104 0.575957 0.772938 1877.43 -0.929252 1.89852 1449.55
483.284 -0.419441 2.20311 415.762 -0.55343 0.0719723 808.334 0.591933 0.79871 0.745512 0.76817 812.957 -1.75429 1.82626 977.675
971.043 0.618955 2.77476 604.327 0.107482 0.908996 1304.5 0.589707 0.626133 0.895285 0.713872 1933.97 -1.05567 1.96466 1569.23
318.854 -1.18031 0.584006 289.923 1.25307 -2.92567 1119.1 0.684919 0.534193 0.760584 0.747686 214.511 -0.91201 1.49602 595.555
812.875 -0.0870183 0.982793 600.247 -0.823865 -2.15554 1503.48 0.0599388 0.53434 0.77725 0.55847 1553.48 -0.338495 1.32129 1760.45
1322.31 0.260627 0.727747 950.885 -0.430836 -2.76615 2355.4 0.815895 0.715449 0.743223 0.721998 805.554 -2.02258 0.743566 2346.95
1249.32 -0.555082 -2.68279 1134.8 0.834456 1.98615 2492.23 0.664004 0.396161 0.713931 0.840593 1106.97 0.244578 1.74157 2978.1
308.727 1.12532 -0.983075 302.29 0.867382 2.59491 611.536 0.481232 0.800281 0.775811 0.726239 340.968 0.717054 1.70013 735.728
593.126 0.618428 2.73982 583.672 0.734621 -0.84138 1166.4 0.692309 0.288364 0.859311 0.726074 377.905 -2.18347 1.34209 1632.97
882.891 -0.430125 -0.0981611 690.047 0.28386 -2.81264 1765.53 0.103371 0.553588 0.742128 0.784631 1202.43 2.97754 0.493006 1688.41
415.321 -1.16987 -0.530515 397.4 1.10759 2.57837 1405.43 0.687141 0.802725 0.809429 0.715222 504.763 2.74113 0.162759 839.168
1095.08 -0.0428588 -1.01086 437.596 0.185999 2.4446 1392.55 0.244989 0.793312 0.593071 0.830158 681.141 0.702028 1.71288 1534.55
557.411 0.772942 -0.812736 425.438 -0.528958 -2.7078 1052.42 0.496817 0.624256 0.722054 0.770048 533.547 -2.36162 0.346177 1217.47
739.66 -0.183482 -0.312908 422.154 0.193656 -2.61885 1056.27 0.615574 0.248196 0.779463 0.844497 1954.65 2.63192 1.03242 1175.42
716.083 -1.17131 1.29353 397.03 -1.16272 -1.49552 1079.62 0.820099 0.615939 0.774008 0.788038 437.449 -2.66226 1.16675 1450.42
458.653 0.607396 0.285608 398.391 -1.20141 0.595165 906.469 0.519261 0.703398 0.807191 0.790145 822.455 -1.38097 1.66657 967.081
1158.61 -1.07108 -2.13091 629.544 0.482793 1.50972 2234.53 0.72078 0.644279 0.854039 0.867346 385.782 -1.04276 1.08815 1931.33
709.532 -0.247864 1.84634 631.517 -0.272356 -2.218 1224.82 0.248819 0.355512 0.62801 0.669755 1762.88 -0.567921 1.65008 1489.46
418.278 0.240242 -2.88484 342.589 1.16508 0.100788 848.673 0.467029 0.848527 0.62751 0.817761 776.383 0.315211 0.214423 788.348
836.562 0.0536103 -1.8944 384.22 -0.768627 1.63413 1218.82 0.773507 0.72376 0.842275 0.585167 1049.81 1.16255 0.471581 1384.61
613.023 -0.259002 -2.99392 595.398 -0.458954 -1.5494 832.04 0.737776 0.558327 0.83435 0.788812 548.943 1.41909 1.87018 1805.54
981.469 1.43401 3.02464 273.51 -0.0463343 -0.754378 1307.46 0.438462 0.704725 0.742468 0.705839 1071.21 1.14266 1.88197 1224.4
1004.51 1.0965 -0.33558 565.174 -0.36329 2.78683 1949.03 0.758253 0.267078 0.763814 0.854134 233.773 2.62049 0.166331 1552.69
427.462 -0.334129 2.81584 335.68 1.72005 -1.67311 1110.29 0.659541 0.795127 0.840251 0.734393 1131.43 -0.734151 0.938958 901.942
694.141 -1.05444 -0.310662 490.274 0.931895 2.68447 1810.47 0.386233 0.733778 0.824127 0.76472 239.88 -0.91597 0.605308 1151.28
646.416 0.996559 -1.8815 485.029 0.0205787 1.33111 1279.45 0.411695 0.606845 0.680518 0.715848 175.125 1.59506 0.263951 1121.14
1375.66 -0.277277 -2.25305 779.594 -0.00117283 0.559632 2220.19 0.0500199 0.545701 0.660108 0.609966 1623.68 1.16451 0.604874 2232.44
646.978 -0.176437 -2.73942 522.086 -0.412 0.515247 1178.68 0.431211 0.830875 0.607338 0.751235 192.391 2.35275 1.19101 1229.08
1012.44 0.511161 -2.2412 374.594 -1.30194 -0.759833 1538.84 0.736881 0.759709 0.805339 0.823782 1879.04 1.02945 1.78929 1495.14
824.849 0.643859 1.39985 477.489 -0.758515 -0.795474 1475.51 0.79734 0.410423 0.72513 0.580926 1057.59 -2.44843 1.65296 1465.54
1422.64 -0.00148481 -1.59711 476.601 0.330791 1.01927 1722.97 0.143767 0.674935 0.633797 0.752833 978.193 2.67653 1.65726 1928.45
455.92 1.10237 -2.05154 265.92 0.243203 -0.175935 673.896 0.843225 0.214884 0.87047 0.853913 849.251 1.34387 1.5198 963.822
690.944 0.134581 1.98465 334.571 0.427847 -1.56049 990.168 0.326558 0.280311 0.523976 0.771966 1154.66 -0.836429 0.724064 1020.31
586.103 -0.743731 -0.898591 447.899 -0.0432488 3.07472 1033.07 0.631569 0.332245 0.778485 0.631163 611.227 0.963585 1.86218 1203.02
514.281 0.0403038 1.42641 311.224 -0.32584 -1.94217 819.953 0.2564 0.576457 0.513968 0.769209 1071.75 -1.66139 0.280781 831.865
393.045 1.11748 -3.08418 359.866 -0.936376 0.452129 1183.59 0.739014 0.684215 0.780463 0.773731 414.009 -2.53923 0.544953 931.521
685.156 0.144445 -0.169493 679.625 1.63638 2.63368 1768.75 0.803945 0.432649 0.703934 0.83473 738.45 -2.70872 0.940793 1389.34
1331.48 0.116304 -0.110098 430.958 -0.540742 -2.75821 1566.98 0.617137 0.674226 0.809755 0.768029 1338.13 1.5996 1.7097 1731.74
1304.48 1.12255 -0.646807 299.538 0.676329 2.85949 1336.77 0.52228 0.271118 0.185012 0.897699 1078.59 2.19483 0.664663 1773.09
521.967 0.481097 2.86181 359.614 -1.76333 1.71989 1292.08 0.235261 0.762069 0.783668 0.815596 1439.23 -0.691244 2.41114 1025.86
768.619 -0.37029 -0.620816 684.255 1.00851 0.0317446 1251.05 0.400065 0.628652 0.329155 0.765687 1657.02 2.41117 2.37942 1889.37
448.632 0.325527 -1.42258 428.106 -1.77641 1.28001 1435.06 0.201628 0.436093 0.798289 0.684591 528.241 1.86817 0.58816 1184.91
392.226 -1.76383 -1.24762 365.807 0.902391 -2.63625 1443.64 0.307062 0.548092 0.621856 0.582126 652.117 1.37733 2.26961 1033.75
584.497 0.819686 0.267626 316.068 1.24037 -2.40661 885.312 0.1044 0.560054 0.633514 0.622402 938.049 3.04906 0.827518 1064.06
402.346 -1.13396 -2.04089 318.358 1.30364 0.821478 1316.58 0.853543 0.547891 0.776884 0.779419 59.4754 -2.44382 0.402935 840.931
361.084 0.214071 -2.13604 274.16 0.534209 0.943511 682.513 0.28543 0.685859 0.76333 0.889631 1063.2 -2.19738 0.0613368 625.728
871.456 0.179486 3.0563 638.757 0.688215 -0.774025 1466.01 0.729424 0.664094 0.747832 0.875268 1002.02 1.43699 1.61931 1602.44
784.162 -0.393408 -0.289852 662.606 -0.302974 1.0623 923.523 0.274065 0.544273 0.454814 0.68894 2428.37 -2.90992 2.31096 1539.14
488.771 1.14546 -1.02207 323.153 -1.14155 2.13935 1387.04 0.667137 0.336144 0.87544 0.87078 718.819 2.32377 0.184417 786.875
308.971 0.945951 -2.4624 274.406 -1.55301 -3.02291 953.439 0.715304 0.830079 0.830565 0.819467 316.67 0.838427 2.42184 674.443
670.323 0.85772 0.47088 403.186 0.536115 -1.24517 821.3 0.817695 0.397949 0.805261 0.689438 1754.72 -3.12147 1.8763 1128.66
428.865 -0.258157 1.34434 394.982 0.879924 -1.81998 980.604 0.290485 0.499752 0.606658 0.824834 80.5157 -1.25497 0.565012 810.161
788.406 -0.161166 -1.55491 263.941 -0.828811 1.53445 989.928 0.78747 0.636837 0.798772 0.560293 356.847 1.49597 0.038479 1459.65
598.786 -0.0760934 1.31039 367.907 0.985126 -0.901985 998.843 0.207725 0.709195 0.510232 0.698416 1146.97 2.88192 1.57153 1302.87
822.589 -0.212234 -2.69889 609.208 -0.665289 0.340495 1467.9 0.583828 0.833284 0.710231 0.737242 182.275 -1.03847 1.37896 1587.83
1138.29 -0.0503395 2.40686 452.948 0.686214 -0.413589 1567.41 0.344373 0.371877 0.84008 0.535428 1084.78 -1.31495 0.901365 1582.58
724.663 1.10453 0.678952 573.654 -0.106004 -3.09598 1504.12 0.487117 0.701251 0.729524 0.709361 1511.76 -1.77542 1.32056 1578.66
795.029 -0.320237 -0.172054 266.127 0.751547 -2.25831 972.222 0.63518 0.52502 0.605391 0.772243 1953.9 2.06128 1.9636 1026.93
1250.3 -0.680022 1.81125 449.921 1.00703 -1.229 2078.87 0.361641 0.335681 0.549653 0.726988 170.438 -1.97101 0.742011 1705.52
474.162 -0.96473 -1.95925 362.59 1.16254 0.937497 1346.68 0.733689 0.443909 0.753865 0.606012 1463.56 0.977749 0.0402521 1162.14
875.197 -0.864897 -2.80721 781.006 -0.449555 -0.955913 1389.44 0.868107 0.761121 0.882445 0.818651 13.297 -2.00144 0.80577 1969.12
1108.96 -0.154007 0.620774 900.001 0.412313 -2.08265 2170.59 0.28467 0.419769 0.254056 0.313674 383.797 3.08662 1.11392 2573.77
1239.39 -0.458968 -1.83388 659.794 -0.160465 -0.466049 1199.88 0.676555 0.542634 0.712121 0.80237 2021.51 1.48072 1.94677 2221.19
1514.38 0.307286 -2.80295 399.601 0.571217 1.01963 1491.43 0.739416 0.66372 0.790027 0.782065 1500.08 -0.546913 1.56654 2224.6
647.853 -0.609879 -1.5058 371.909 0.338933 2.51815 1026.03 0.533684 0.785607 0.848023 0.738405 725.701 0.722257 1.7959 1145.93
484.145 0.26714 -2.39838 425.258 -0.854283 0.310334 1045.47 0.652927 0.757351 0.727145 0.774474 424.717 -0.491932 0.802266 1250.52
903.078 0.233021 -2.06026 256.51 2.47992 1.48151 1633.78 0.777066 0.534879 0.629457 0.827 1200.22 0.292223 1.18929 1232.67
889.817 -1.09447 0.6229 757.122 1.69108 2.16529 3310.23 0.704483 0.752246 0.791091 0.752557 1724.18 -1.65886 2.28176 1717.88
556.477 -0.232313 -1.26535 291.21 -0.101113 0.914448 744.871 0.465526 0.212796 0.700157 0.789687 444.531 2.50213 1.58768 1223.17
2089.31 -0.724327 2.14385 352.18 -0.0874015 -0.716895 1810.46 0.788012 0.663447 0.777888 0.723988 735.077 -1.42377 0.706871 2473.58
669.213 0.498667 1.7591 470.24 -0.0655964 0.00703327 933.926 0.662411 0.680315 0.742187 0.763614 1724.47 -0.94178 0.948813 1338.61
783.072 -1.6364 -2.96287 430.281 -0.0439902 1.08248 1473.28 0.79944 0.755082 0.803498 0.760408 598.428 -1.73937 1.2235 1307.49
1012.71 -0.299555 -2.66917 883.009 -0.711147 0.34512 1985.11 0.148301 0.686107 0.570121 0.721044 356.431 3.13811 0.475902 2106.57
1250.25 -0.482301 -2.11175 453.519 -0.158177 -0.0390312 1344.61 0.658815 0.601117 0.766377 0.633786 1982.14 1.81548 1.85451 1686.93
616.242 -0.52179 -2.22058 547.521 0.179964 2.54357 909.532 0.508436 0.754817 0.718963 0.785571 1022.85 1.31588 1.22769 1399.82
428.452 -0.93344 1.84815 273.737 -1.30017 0.0803911 561.301 0.54417 0.73821 0.822596 0.751816 810.513 -2.58869 1.84635 805.169
393.803 0.565734 -0.00455031 277.004 -1.89531 2.72337 1237.23 0.750076 0.620091 0.692342 0.752441 610.892 -2.08975 1.47006 654.541
708.817 0.927957 2.36371 463.81 -0.0370184 -1.31439 1278.39 0.529524 0.621801 0.770082 0.787268 875.861 1.05078 1.31293 1123.2
637.146 -1.12634 0.0971668 281.654 -1.19201 -2.85547 858.682 0.340566 0.633403 0.743365 0.711934 219.098 3.12096 0.306751 955.605
611.667 -0.743856 -0.795049 416.05 1.3163 1.85404 1602.81 0.355859 0.690339 0.696185 0.836151 29.3942 1.41828 0.435755 1404.76
640.388 0.73836 -2.91497 419.343 -0.287328 0.0739172 1183.06 0.7546 0.479139 0.698783 0.568257 338.145 1.00316 0.929244 1058.13
451.223 -0.113372 2.40755 321.818 0.229711 0.762276 582.564 0.780326 0.58342 0.552425 0.626428 999.146 -1.18229 1.94456 925.339
667.561 -0.744297 -0.712798 662.083 0.464112 1.48042 1465.29 0.708554 0.769141 0.734911 0.765638 1653.82 3.06118 1.58076 1360.35
313.852 -0.448625 -2.92434 269.76 0.535246 -0.35844 648.553 0.453708 0.413035 0.693125 0.622496 655.081 2.73766 0.62119 733.041
701.383 -0.45701 2.82807 385.417 0.942276 0.390635 1262.82 0.343363 0.528618 0.816484 0.70202 998.973 -0.864654 1.25529 1375.94
375.868 0.850398 -2.42529 282.952 -1.47113 -1.3507 1009.64 0.757749 0.596314 0.682232 0.809527 841.914 0.191061 1.54176 892.262
660.006 -1.23614 -2.07672 292.89 -0.120695 1.32452 1025.43 0.475339 0.630329 0.706493 0.571289 481.338 -0.811122 1.26559 1202.76
698.571 -0.239635 2.4296 582.374 0.236197 -2.07071 1060.11 0.706316 0.741318 0.815732 0.828202 1562.88 -0.384379 1.68633 1647.1
632.619 -0.148955 -2.3248 553.606 0.120129 2.38008 864.896 0.31998 0.693529 0.722907 0.660119 602.76 0.0103918 2.3352 1533.54
787.562 0.634056 0.66768 306.744 1.69978 -2.24077 1129.24 0.480813 0.762477 0.763065 0.838253 944.516 2.9657 1.07672 1306.9
487.024 -0.0808263 -2.64279 260.987 -0.250219 -0.353175 675.37 0.718584 0.712652 0.739271 0.760709 702.262 1.02649 1.37967 789.769
262.709 0.101673 2.13034 255.785 -0.721986 -0.712608 566.863 0.630761 0.811248 0.679975 0.751351 666.57 -1.29182 0.579211 515.055
902.964 0.207734 -1.11948 516.14 1.14414 1.67883 1545.67 0.347232 0.307609 0.599587 0.591516 495.055 -2.89009 1.71427 1442.81
845.217 0.339287 -1.293 569.937 0.637252 2.38413 1365.55 0.657936 0.541329 0.746718 0.830892 934.809 1.01963 1.3645 1487.67
1247.36 0.428684 -1.92648 597.37 -0.392069 2.77419 1455.14 0.58235 0.779393 0.544977 0.719536 1722.55 0.809748 1.96444 1995.8
726.352 -1.42896 -1.276 685.096 1.03087 2.74528 2553.8 0.833566 0.716505 0.829476 0.810573 804.69 0.660563 1.93656 1439.27
1096.21 -0.706617 2.68669 633.312 -1.02672 -0.794953 1676.06 0.715046 0.746787 0.794482 0.721689 544.038 0.894586 1.68954 1744.2
616.703 0.906591 -0.91306 446.388 1.65971 -1.77586 606.586 0.686295 0.577982 0.698883 0.737533 1588.24 1.73587 2.64893 1369.77
724.536 0.860841 0.517857 641.069 0.373367 -2.58216 1411.96 0.419671 0.76135 0.784456 0.741845 1297.27 0.884141 0.366284 1398.62
700.2 -0.294349 1.16471 534.243 1.28437 -1.59627 1617.64 0.765757 0.322718 0.691672 0.835276 1098.08 -1.73672 0.140458 1617.93
846.651 0.94781 -0.189188 327.12 0.173112 -2.21441 1013.34 0.611327 0.54667 0.750629 0.818154 1509.06 1.44951 1.6387 1275.24
531.651 -0.330551 2.0144 450.039 0.411407 -0.455782 1030.68 0.28978 0.35709 0.772441 0.736805 901.903 -2.43406 1.83473 1102.26
459.009 -0.862317 0.792198 274.535 0.523347 -2.66155 888.986 0.852802 0.600527 0.814554 0.649741 375.691 -0.345812 1.13801 811.351
667.168 -0.0997901 -0.238828 515.287 -0.395371 1.95894 1070 0.911258 0.535295 0.754038 0.441947 1238.79 -2.99051 1.33373 1222.33
376.067 -0.542877 1.8985 311.342 0.513704 0.892718 613.204 0.523412 0.412602 0.293329 0.680821 342.349 -1.71129 2.604 1068.38
1011.35 0.323817 -1.14623 334.686 0.0993817 1.24922 1101.78 0.635794 0.652125 0.756121 0.747413 1063.13 2.88178 1.63256 1360.05
689.365 -1.11545 -1.6265 446.695 0.205646 2.19024 1314.81 0.274896 0.456177 0.633198 0.767537 42.0301 -2.32036 0.693864 1569.86
592.332 0.834752 3.05621 365.752 1.83996 1.51551 816.986 0.55464 0.77399 0.793874 0.835565 1932.72 -0.319308 1.83482 1023.04
741.736 -0.880354 1.5594 482.807 0.266031 -1.23814 1391.17 0.585678 0.768387 0.83422 0.846709 660.196 3.08032 1.52092 1234.94
479.426 -1.01111 -0.949809 348.898 0.26079 2.33206 997.254 0.716958 0.783813 0.563232 0.77399 1128.53 -0.66148 0.288329 844.301
871.02 1.17144 -1.21797 636.54 -0.88522 1.24841 2303.18 0.624819 0.618264 0.732274 0.527952 1394.05 -2.67615 1.45818 1986.7
1234.86 -0.094585 0.153417 1213.08 0.461188 2.74462 2469.68 0.48269 0.716699 0.749728 0.83764 1070.31 -1.80956 1.729 2405.34
553.609 -0.071454 -3.04801 320.726 0.16145 -0.536685 851.387 0.343639 0.557274 0.37431 0.714006 779.126 1.94411 1.29107 1095.23
583.059 -1.11375 2.8698 397.286 -0.492468 -0.12816 1048.97 0.49016 0.245737 0.539445 0.745489 192.77 -0.369652 0.241491 961.576
961.264 -0.491412 1.20615 336.667 0.685209 -1.18677 1293.33 0.756374 0.36625 0.765301 0.778027 1502.07 2.77987 1.57372 1482.88
579.506 0.830315 -1.56401 350.381 -0.0509818 0.984238 1021.43 0.224325 0.670663 0.61514 0.551876 855.646 1.72573 0.741493 1087.92
973.285 -0.208548 2.82106 858.67 0.0525064 -0.13104 1862.94 0.700471 0.787736 0.811848 0.695911 342.688 -2.54043 0.921692 2138.65
474.828 0.248562 0.587552 417.86 -0.220911 -2.53663 926.248 0.303393 0.755781 0.738805 0.823683 993.739 2.82566 0.920893 1193.9
863.125 -0.472777 0.95167 716.078 -0.10185 -2.90423 1510.62 0.349104 0.703867 0.784134 0.767127 595.068 -1.90236 1.00188 1989.85
571.006 -0.196724 2.57438 279.897 -0.7431 0.0987064 808.495 0.492864 0.383252 0.605191 0.739765 894.41 -0.254317 0.353023 1147.69
992.664 -0.328968 1.12063 505.548 0.0720767 -1.3609 1379.55 0.480459 0.689818 0.468928 0.601136 1391.19 -1.89814 0.537236 1741.98
524.22 0.504875 -2.43811 365.398 -1.48929 0.813082 1356.39 0.171099 0.758776 0.747605 0.823941 603.59 0.933044 0.119963 938.189
597.566 0.0670731 -2.44557 319.111 -0.68108 1.33098 925.665 0.557041 0.39921 0.757573 0.814306 1676.87 0.539851 0.791132 1199.93
1528.86 -0.409579 2.85119 894.997 0.15153 -0.840414 2364.46 0.783816 0.509152 0.614456 0.827462 905.725 0.510707 1.35112 2398.76
862.166 0.420454 -0.283285 483.73 0.418558 -2.5306 1175.77 0.36901 0.551049 0.473823 0.550372 1280.89 2.07868 1.67391 1378.23
621.041 -0.544206 -2.73856 256.871 0.172731 0.368733 911.483 0.444039 0.338335 0.424991 0.436229 118.771 -0.643517 1.01225 876.723
483.878 1.46532 2.20621 459.355 0.227339 -2.06413 1040.43 0.601998 0.59144 0.844599 0.304589 789.379 0.0912519 2.11495 1272.3
457.216 0.0879172 -1.36517 324.812 0.229355 2.74649 723.813 0.491125 0.835009 0.705278 0.839738 590.56 0.862402 1.88409 921.914
524.749 1.99726 -1.07623 254.98 -0.987905 2.7255 1703.41 0.581093 0.695768 0.778359 0.708098 804.919 1.36962 1.35588 931.547
922.46 0.544931 2.03499 909.219 0.518118 -1.3655 1826.76 0.655953 0.658905 0.625227 0.791009 294.798 0.228302 1.5938 1800.41
580.727 -0.0938833 -2.73864 260.743 1.25662 -1.81633 703.69 0.431646 0.756632 0.805148 0.797675 1574.94 0.618526 2.43485 874.922
732.132 -0.0674046 2.26337 389.676 -0.451921 -0.331735 1064.77 0.737139 0.749549 0.783692 0.8243 615.344 -2.61371 1.4061 1270.39
987.7 0.154703 1.28195 337.565 -0.0291094 -1.31696 1196.14 0.350036 0.688373 0.296822 0.69837 786.664 0.314186 0.967767 1619.15
536.329 -0.48137 -1.38751 512.096 0.741287 2.37729 1232.06 0.392198 0.224925 0.602574 0.710834 1184.84 1.30771 1.06958 1287.75
736.15 0.5622 -2.85803 639.011 0.108544 -0.958965 1261.76 0.231624 0.389916 0.648075 0.776658 495.236 -0.493793 0.465172 1900.66
494.89 0.586659 1.35834 355.453 -0.0239586 -2.03692 894.427 0.351313 0.649883 0.804287 0.824261 1163.65 1.07516 0.283177 899.12
852.708 -0.570185 -0.288412 578.916 0.0833333 -1.83325 1139.36 0.755768 0.201155 0.719426 0.736016 1240.88 1.5125 1.80091 1650.03
994.87 -1.09524 2.68248 339.761 0.355682 -1.60211 1467.02 0.230732 0.413608 0.315874 0.746833 1027.57 -0.45725 1.14486 1576.4
395.757 -0.22246 -2.4389 261.262 0.177532 0.78973 669.072 0.793506 0.739388 0.833853 0.83271 74.805 -1.92198 0.516921 693.105
409.3 0.658074 -1.39071 354.708 0.478716 2.52202 721.334 0.709506 0.722194 0.893083 0.661433 774.741 0.61025 1.91177 924.523
1003.43 0.54936 2.36597 514.615 1.0399 -1.34761 1473.56 0.138285 0.257098 0.44914 0.700874 1167.54 0.477238 1.82484 1521.11
768.832 0.780407 -2.42675 518.795 -1.73328 0.0791205 2387.43 0.238683 0.457017 0.759706 0.753685 407.849 1.01432 0.935199 1662.79
990.247 -0.815645 2.52702 652.118 -0.907646 0.626279 1350.47 0.831832 0.512135 0.808698 0.8291 1791.82 -1.80883 1.94733 1629.69
761.404 -0.933025 1.80251 518.071 1.06071 -0.829221 1934.83 0.778413 0.177352 0.63457 0.647233 335.259 2.70454 0.902035 1566.28
1203.92 0.456587 -0.685645 1048.32 -0.150716 -3.05551 2219.08 0.411345 0.405463 0.781847 0.852888 1289.11 0.214395 0.90004 2621.54
628.6 0.0870728 0.499988 484.19 -0.285761 2.75797 1049.68 0.293464 0.40813 0.593413 0.857479 1116.23 -1.36497 1.86495 1082.99
724.871 0.128236 -2.53761 350.87 -0.58377 0.398754 1093.06 0.317605 0.374565 0.619471 0.68703 572.461 0.772713 0.373959 1292.94
562.187 -0.561499 2.84729 463.477 -0.0677236 -0.747597 1080.26 0.394986 0.171425 0.739054 0.794666 242.104 2.67737 0.169927 1322.64
946.415 0.10898 -1.32133 516.397 0.102763 0.944804 1379.74 0.248569 0.168205 0.298581 0.601264 1395.03 2.18584 1.24103 1638.94
886.459 -0.429626 -2.27411 319.908 0.569555 2.43407 956.196 0.744541 0.800154 0.8889 0.805285 1131.08 0.731556 1.70252 1450.19
452.518 1.28187 1.14904 386.661 -0.296939 1.06045 748.094 0.764 0.24963 0.737054 0.65283 1805.84 -1.99509 3.05554 1123.68
748.294 0.563494 0.929823 288.747 -0.0364469 -2.97471 933.308 0.607997 0.418401 0.700997 0.812477 867.307 -1.30166 1.67304 1097.01
396.211 -1.40995 -2.25348 336.59 -1.57807 1.51561 728.59 0.281736 0.386105 0.600797 0.813174 783.332 0.0987023 1.41691 701.486
357.968 -0.966038 -1.27538 273.69 0.500035 1.86486 835.679 0.194531 0.230015 0.703358 0.891302 216.503 -1.17123 0.104152 636.457
878.085 1.23319 -0.315706 656.013 0.209181 1.52704 1567.76 0.711624 0.403814 0.791419 0.70905 2325.64 -1.9277 1.61199 1567.22
692.48 0.0649119 2.40644 345.34 -1.37279 -0.72345 1248.07 0.717985 0.586734 0.675935 0.593266 351.975 -1.95174 1.22829 1446.14
774.205 0.91891 2.05888 739.291 -1.0532 2.83377 1883.9 0.229912 0.472006 0.698376 0.690371 1864.43 -0.696141 2.75327 1881.75
1124.14 -0.764779 3.07083 768.508 -0.148153 -0.898337 1877.88 0.32358 0.777735 0.347463 0.769318 882.332 -0.420448 0.477889 2387.2
509.391 -0.155363 -1.98764 387.237 -0.80366 0.86154 935.979 0.826967 0.670956 0.841217 0.572171 198.419 1.16392 0.302384 1003.65
633.588 -0.193858 2.62578 630.768 -0.103153 -0.0562791 1248.04 0.294289 0.725178 0.743338 0.636848 464.774 -1.81478 1.7585 1240.36
697.748 0.52008 3.01148 643.377 -0.273474 1.54298 1075.77 0.647965 0.511027 0.624071 0.750496 885.469 -0.499809 2.04279 1659.09
816.279 -0.610567 -1.3421 376.48 0.925662 1.26495 1430.81 0.768115 0.873272 0.780924 0.814254 681.431 -3.06662 1.72452 1244.7
653.846 -1.03092 -0.872842 326.309 0.329604 0.190637 845.151 0.710069 0.631083 0.76341 0.832249 1662.07 -3.11346 2.24062 1290.77
652.853 -0.0530825 2.68543 450.842 1.17788 0.926799 1183.82 0.110312 0.765871 0.640262 0.693602 333.859 -1.89896 1.6988 1157.67
391.302 -0.618637 -0.274717 311.397 -0.398579 3.10272 708.93 0.699488 0.568662 0.693748 0.58077 315.04 0.181978 0.456694 914.449
460.072 0.0465572 0.864577 270.706 0.769071 -2.70185 784.225 0.32258 0.43381 0.523129 0.631281 424.556 -2.23216 0.46969 916.282
559.964 0.667889 -0.86417 311.365 -1.15583 -1.74826 961.626 0.4756 0.862991 0.308719 0.713003 822.206 1.80665 2.67082 962.134
1183.74 0.431766 -0.398559 292.701 -2.17199 -2.39152 2248.88 0.626599 0.784115 0.778455 0.783971 1398.67 2.41989 1.47177 1582.16
328.113 1.56798 -0.0130798 277.405 0.583163 1.73406 580.755 0.709948 0.676631 0.878903 0.887316 1169.83 -1.87298 1.8599 572.308
697.609 0.42585 -0.415629 354.127 0.514459 -2.9028 978.732 0.676403 0.122479 0.791689 0.846502 881.845 2.45235 0.928034 1097.72
632.915 -0.623828 -0.924322 293.948 -0.156544 2.27406 933.271 0.151459 0.570583 0.802653 0.622327 329.479 2.07159 0.202472 920.274
633.608 -0.872353 -0.11852 510.365 -0.384922 1.73844 977.451 0.85054 0.538422 0.830765 0.420863 1128.17 -2.65057 1.89417 1209.05
712.998 -0.0630339 -0.926187 344.955 0.264489 1.3905 931.774 0.322848 0.66652 0.631982 0.810584 1458.31 -2.8157 1.88951 1082.95
667.972 0.0704706 1.91052 617.633 1.07087 -1.70776 1453.25 0.197506 0.376788 0.794382 0.731627 422.081 -1.23425 0.473507 1333.31
336.295 1.372 0.336478 254.714 -1.33977 -2.34266 1210.37 0.81788 0.878554 0.82731 0.741441 477.287 2.75374 1.18679 569.295
768.38 -0.334584 -0.108831 642.743 0.747677 -2.26602 1483.15 0.63764 0.785222 0.781155 0.743837 643.328 -2.99053 0.724512 1844.34
459.98 1.79717 -2.67735 342.962 -0.373696 1.38572 1293.32 0.582028 0.333094 0.697058 0.613405 1668.81 -0.975529 1.70182 785.332
659.334 -0.828027 -1.19804 359.355 -1.28753 0.950605 931.76 0.575115 0.619181 0.657878 0.784933 378.28 2.5934 1.6428 1014.14
605.574 -0.0230626 1.3318 541.08 -0.592655 -0.832923 1071 0.478503 0.191607 0.762728 0.510432 466.226 1.48736 0.155556 1876.7
1082.29 -0.672979 -0.767258 613.431 1.28319 1.392 2362.77 0.575522 0.566646 0.769708 0.81333 1068.65 -2.54696 1.77971 1905.8
517.479 -0.998356 2.57369 309.607 -1.22357 -2.2338 607.765 0.653891 0.336858 0.868046 0.615673 1967.33 -0.199624 2.03417 830.948
332.741 0.0195427 0.5892 287.146 0.959174 -2.99215 689.878 0.467492 0.755725 0.65624 0.842302 463.207 -1.37908 1.61307 610.12
586.292 1.66411 -1.18345 316.7 -0.164588 0.874981 1176.81 0.735401 0.731072 0.808687 0.758075 1058.05 1.28093 0.405947 1098.88
586.886 -0.891733 -0.756707 418.836 0.21672 2.50971 1180.43 0.663767 0.0732894 0.774761 0.782805 131.675 2.78902 0.27931 1156.2
363.877 -0.000957124 2.0351 363.171 -0.399717 -1.47761 740.578 0.260801 0.48902 0.752335 0.800271 746.082 -1.51462 0.0370061 931.819
353.446 1.44965 -1.4344 267.454 -0.312234 2.37366 852.645 0.771781 0.458171 0.803618 0.619721 917.271 1.45003 0.923635 682.853
492.238 0.429501 0.143051 276.064 -1.20133 1.71182 874.627 0.0414558 0.672597 0.69585 0.717705 784.172 -1.62066 1.76371 996.779
1799.04 0.0136516 -1.09006 275.267 -1.00169 1.88843 1613.61 0.553292 0.701592 0.772889 0.809102 1144.24 2.36815 0.479726 2210.68
1347.05 0.727836 -2.55825 914.382 1.09326 1.45132 2078.52 0.6288 0.762499 0.759304 0.831624 968.98 -0.111178 1.5625 2499.34
647.403 -0.488765 0.393131 437.416 -0.929438 -2.63102 1110.13 0.702201 0.571367 0.808251 0.592999 506.821 -2.15 0.481015 1174.62
373.241 -0.639642 -1.98902 314.777 -1.45991 2.53082 636.796 0.530231 0.746846 0.632149 0.807217 981.163 0.578306 1.95251 683.946
698.373 -1.2472 1.02784 280.583 -0.514313 -2.44267 955.677 0.67657 0.22773 0.810597 0.83324 1419.26 -2.06803 0.374641 957.343
814.55 -0.583332 0.562039 324.092 0.263162 -1.36456 970.804 0.565365 0.786549 0.662796 0.729088 2207 3.06533 1.85329 1121.12
580.277 1.04366 -0.257044 484.093 1.0715 -2.92702 1047.03 0.439303 0.375933 0.714371 0.688826 392.217 1.63496 1.72121 1262.11
621.048 0.626144 -3.13025 312.711 -0.5989 0.304249 1062 0.773128 0.573647 0.715379 0.75009 247.679 -1.65097 1.47929 916.453
532.085 -0.164877 -0.280525 434.057 -0.129867 2.86502 971.762 0.683632 0.657205 0.62562 0.778847 763.793 -0.347116 0.0665904 959.498
431.495 -0.517479 0.416445 371.081 1.30111 -2.94889 1165.33 0.609133 0.255964 0.484862 0.818474 294.246 2.0366 1.29769 987.59
548.851 0.0645706 -1.84257 485.934 -0.536473 1.65646 1087.32 0.587257 0.276104 0.743641 0.789006 457.375 0.0982258 1.55824 992.622
987.817 -0.127125 2.17887 457.27 1.65309 0.51499 1693.21 0.568434 0.152986 0.730976 0.713698 1804.96 -1.18541 1.7004 1485.52
418.769 -0.499651 2.75527 286.325 0.272384 1.98208 426.578 0.38241 0.730235 0.617682 0.852709 2194.99 -1.2214 2.30652 917.643
1119.78 0.704407 1.14281 352.546 -0.470401 -0.586309 1252.87 0.631924 0.441201 0.775984 0.845767 125.218 -0.0476938 0.538615 1887.08
1120.77 0.239291 -1.29599 337.994 0.343178 1.49338 1404.1 0.0335677 0.600182 0.785225 0.723707 2140.4 1.76097 0.267593 1536.13
847.883 -0.377987 -2.38235 701.676 -0.0817242 1.7767 1483.31 0.720951 0.196468 0.749276 0.527089 1361.88 -0.399556 1.98279 1576.75
989.161 0.485933 0.228089 372.618 -1.57872 -1.81085 1824.2 0.66277 0.792187 0.769607 0.807281 709.549 -3.07722 1.26637 1660.35
1269.61 0.711462 0.488711 852.413 0.474527 2.92839 2041.02 0.41766 0.545556 0.676478 0.546014 1450.86 -2.47058 0.884207 2185.71
492.731 0.604502 0.30428 362.514 -0.323783 -2.38719 944.675 0.549641 0.694988 0.701999 0.831923 108.699 2.04132 1.73704 898.275
1051.4 0.117346 -1.079 541.912 0.503899 1.07728 1390.19 0.786565 0.402114 0.809013 0.770354 1861.03 2.28326 1.20598 1625.18
923.054 0.36284 -0.351715 326.473 -1.72051 2.40076 1742.31 0.674112 0.388371 0.586829 0.82604 478.577 -3.0537 0.828734 1371.87
687.96 0.172552 -0.725953 502.646 0.639246 0.519344 762.913 0.730998 0.633508 0.697767 0.606326 1390.3 -2.66828 1.94233 1700.16
275.206 0.545705 1.55499 258.606 -0.784615 -0.711589 630.595 0.370229 0.448379 0.763366 0.582701 859.711 1.87264 0.317655 751.894
1274.58 -0.584634 0.83729 894.393 0.489723 -2.24889 2458.74 0.705618 0.86633 0.678874 0.813353 226.475 -1.31826 0.930639 2634.18
903.129 -0.0177709 -2.59152 569.324 -1.10744 0.843318 1674.86 0.33377 0.459787 0.661225 0.430291 669.923 -1.46252 1.129 1460.88
1029.09 0.182735 -2.32565 265.316 0.838238 1.37495 1074.05 0.0893979 0.596875 0.647431 0.345066 572.022 -1.18639 1.13927 1491.63
506.624 0.177521 2.21082 310.57 -0.303107 0.0392887 752.136 0.529937 0.35138 0.729017 0.462957 1288.49 -1.60414 1.64343 1000.6
2352.96 0.0713537 -2.35261 1033.38 -0.19418 1.24766 3167.95 0.800854 0.285351 0.782106 0.746759 795.305 -0.334374 1.58203 3514.07
489.58 1.11084 3.13715 363.828 0.667452 -0.125032 895.748 0.55639 0.616039 0.661709 0.707033 403.363 -0.251021 0.125989 883.557
1044.06 -0.402247 2.44205 256.692 -0.790285 -0.882012 1070.5 0.810516 0.458112 0.761311 0.4778 919.581 -0.750844 0.131168 1441.97
813.153 -0.109159 -2.7183 709.487 -1.00626 0.945283 1728.83 0.0646413 0.736431 0.830781 0.807369 1196.01 -0.123858 1.06914 1567.5
1165.48 -0.342504 -0.8404 499.682 0.277551 2.31797 1629.85 0.648625 0.693907 0.683885 0.805806 714.234 2.53635 0.21838 1705.38
660.769 0.185006 -0.657069 402.083 1.72155 2.13131 1359.65 0.36214 0.466962 0.731489 0.711179 446.235 1.71165 0.41966 1233.8
1091.97 -0.85192 -1.78436 330.185 1.58244 2.55264 2107.47 0.701947 0.744366 0.588365 0.695056 1292.89 0.581743 1.9709 1430.45
1124.06 0.653442 -0.894321 1021.77 0.623548 2.36154 2185.45 0.261313 0.526736 0.664961 0.531212 664.911 0.299346 1.19367 2302.93
453.248 -0.283319 -1.82234 390.982 -0.0135025 2.43213 764.97 0.126638 0.727674 0.80481 0.778062 1059.46 1.07324 1.3589 919.615
808.783 0.122609 1.79751 267.233 2.12383 0.034446 1325.97 0.700497 0.342911 0.640408 0.815984 885.308 -1.57782 1.61227 1232.21
424.034 -0.279204 1.90119 308.439 -0.812305 -0.389385 722.352 0.297702 0.726916 0.503972 0.814074 1371.18 -2.83361 1.54838 939.515
370.489 -0.0722512 -0.993494 346.988 0.133873 2.10961 741.023 0.496727 0.640864 0.501047 0.745849 851.803 -2.10852 1.11503 818.702
375.127 -0.857808 -1.38615 352.405 0.420434 2.94799 793.556 0.60352 0.716055 0.740227 0.744056 847.895 0.809594 2.13839 881.7
520.831 0.0233091 -0.858102 508.982 -0.681397 0.132622 626.951 0.552569 0.681154 0.691059 0.696405 1168.25 -2.9649 2.1068 1502.97
657.461 0.332576 -0.388933 419.341 0.921598 1.78749 991.763 0.705655 0.683096 0.80537 0.675193 312.856 2.95339 1.16589 1304.52
1733 0.381942 -1.32009 1100.69 -0.564204 0.800014 2781.31 0.724457 0.676401 0.800174 0.791211 557.013 2.91441 2.04868 3042.67
907.387 -0.833717 2.39789 646.216 0.437916 -1.22761 1861.88 0.407539 0.0774951 0.76252 0.823793 280.835 -1.39616 0.168549 2038.41
410.573 -0.107228 0.0233834 282.147 0.675691 2.52717 717.186 0.771793 0.788971 0.741965 0.791551 1119.14 -2.56404 1.19197 685.191
1063.82 -0.273768 -2.63098 522.471 0.581333 1.07315 1598.39 0.537947 0.487983 0.782975 0.83681 1279.77 -0.473607 1.54676 1571.04
556.219 -0.493569 -1.16397 444.631 1.15671 2.80445 1302.1 0.676486 0.843381 0.808182 0.717004 558.583 1.06112 1.74333 1118.17
540.74 -0.741475 -2.54942 495.778 0.674302 -1.30028 1016.7 0.717346 0.402997 0.844703 0.576599 302.916 0.914322 2.2146 1405.42
619.704 1.66079 2.17465 496.009 -1.99212 2.0394 3360.42 0.707989 0.391816 0.806552 0.654554 965.647 -1.01095 3.05035 1285.86
388.183 0.695941 -2.54947 312.278 -0.403814 1.18627 797.152 0.140454 0.546754 0.881117 0.718806 313.863 -1.60793 0.941545 917.169
809.661 0.596261 2.7294 658.714 -0.464665 0.837908 1467.77 0.437252 0.521863 0.862724 0.691376 2078 -0.969632 1.80754 1500.02
1345.99 0.649735 1.50501 401.556 0.303482 -0.924181 1465.47 0.731972 0.599225 0.762557 0.476947 1491.65 -2.39123 1.46705 1728.14
370.241 -1.0212 -1.16128 336.419 -0.65662 2.10762 750.302 0.298225 0.494601 0.432324 0.725851 163.597 -0.672413 0.488871 762.892
1365.81 0.517242 -0.541371 376.85 -0.572529 2.91214 1657.2 0.571131 0.76987 0.533763 0.777026 845.414 2.27793 0.634212 1746.11
523.156 -0.461095 1.70825 494.886 -0.434262 -1.02743 1029.14 0.504975 0.196653 0.739385 0.813262 1340.24 -1.83198 0.80455 996.668
809.021 0.266022 -2.45731 389.278 -0.855682 1.57834 1258.13 0.26901 0.693275 0.667403 0.812124 1261.86 0.178729 1.39961 1330.03
483.024 -0.517151 0.56309 315.039 0.209497 -2.11912 858.663 0.492417 0.587372 0.690202 0.799913 1113.4 2.81871 1.34536 760.295
419.942 1.76556 -1.8415 263.295 -0.516861 -0.4839 1041.27 0.395025 0.391323 0.752827 0.799231 1667.99 1.58273 2.06663 733.425
871.431 0.162413 -0.509567 505.342 -0.80416 -3.05689 1445.75 0.198065 0.774071 0.711444 0.780339 829.319 2.50794 0.718358 1779.1
901.764 -0.484144 -2.52394 681.565 0.887549 0.0889876 1915.54 0.438135 0.549096 0.840523 0.778031 1625.95 0.991052 0.902064 1646.07
1254.74 0.280506 2.21889 674.511 -0.00934472 -1.12593 1884.84 0.337402 0.624902 0.497422 0.77605 1476.32 -1.54499 0.419054 1969.79
697.695 -0.285455 2.24823 460.703 -0.606955 -0.153555 1092.17 0.679762 0.755818 0.741227 0.690448 172.98 -2.60092 1.43404 1850.31
615.877 -0.0875093 -1.69387 353.058 -0.818071 -2.93097 653.918 0.635134 0.816921 0.68417 0.813805 1334.45 0.771518 2.46539 1004.44
483.435 -1.41402 -2.41184 402.552 -0.382764 0.270917 996.38 0.3285 0.708038 0.767398 0.74882 640.505 2.88867 0.982674 889.212
668.2 -0.292591 -1.59643 616.465 -0.592711 1.51448 1307.18 0.593875 0.137881 0.590113 0.581464 226.534 2.49424 0.97976 1312.68
1126.59 -0.0259966 0.558999 661.854 -0.474896 -2.01632 1759.65 0.467002 0.439585 0.68158 0.517441 214.365 1.91278 1.35378 2432.64
595.582 -0.26693 -2.21308 522.822 0.54273 1.8934 1115.35 0.70632 0.828104 0.736394 0.792078 1429.87 0.0777822 1.81562 1247.24
813.134 0.544642 1.22618 615.323 -0.439859 -2.29644 1587.37 0.78353 0.788762 0.764124 0.703872 467.636 -0.573437 1.723 1641.02
953.425 0.79698 -1.02043 724.42 -0.179725 1.12488 1694.12 0.72754 0.310326 0.646185 0.723523 1662.49 -2.78313 1.7627 1763.9
896.779 0.0221495 -0.522357 425.51 -0.157437 1.45486 1058.96 0.641514 0.819132 0.820085 0.759827 714.947 -2.62139 2.09904 1441.28
466.213 -0.0973907 2.8199 410.558 0.892491 1.22463 785.442 0.442692 0.6727 0.631156 0.877682 487.801 -1.52032 1.94296 1061.49
967.582 -0.0723151 -1.79442 375.12 0.484415 2.55198 1120.16 0.438107 0.345846 0.737121 0.745301 1718.47 0.944434 1.60754 1365.54
319.85 -0.84734 3.0733 290.939 0.87576 -1.0243 817.074 0.341671 0.302961 0.721008 0.850738 986.21 -0.113734 0.910566 841.457
1150.37 -0.264141 -2.50241 444.157 -1.0587 0.164337 1570.05 0.251615 0.194581 0.313738 0.62964 1251.09 1.12768 0.96334 1593.8
1014.86 0.270679 0.387559 799.052 0.163769 2.92851 1852.68 0.830892 0.337499 0.712927 0.332933 532.716 2.855 0.0735121 2748.36
674.265 0.256695 -1.59474 273.599 0.221636 1.84135 863.895 0.63772 0.849312 0.749117 0.810705 24.0227 2.36061 0.519263 1194.77
577.463 0.173137 0.341394 517.564 -0.333999 2.08568 901.157 0.380281 0.810856 0.776844 0.85937 2629.21 -2.2902 1.9073 1090.19
772.905 0.0263045 1.02512 677.32 0.372172 -2.95173 1410.7 0.537574 0.525915 0.845806 0.702278 775.387 -1.25345 1.69827 1842.03
395.341 -0.731733 1.71014 282.209 1.07839 -1.03613 963.131 0.74636 0.81232 0.738696 0.744203 1341.9 -1.86042 0.824284 702.944
700.772 0.538304 -0.454752 447.613 0.0225457 1.84634 1083.3 0.698596 0.654024 0.479363 0.64496 1281.01 -2.67034 1.7665 1168.36
779.788 -0.745131 2.64795 592.72 1.64482 1.03379 2272.9 0.817621 0.828451 0.774489 0.776933 1554.76 -1.07922 2.11301 1547.92
598.914 0.675867 0.21803 415.068 -0.542912 -2.9426 1216.14 0.710509 0.455083 0.713202 0.87329 634.369 -2.69265 0.249951 963.476
574.934 -0.44737 0.27019 330.962 0.497796 2.63864 943.843 0.355599 0.434796 0.86327 0.840258 1001.65 -1.78776 1.85679 884.282
1332.47 0.148862 1.82002 956.589 0.365705 -0.907256 2234.38 0.764156 0.373968 0.818261 0.822617 526.776 2.86494 1.04492 2348.45
666.567 -0.193985 2.5696 568.966 0.355541 -0.227346 1282.94 0.215907 0.760725 0.791921 0.841169 436.226 2.82021 0.25061 1332.03
834.431 -0.832032 -1.21827 383.485 0.131172 1.46852 1253.38 0.745111 0.441849 0.783039 0.695571 898.779 2.05249 0.583971 1307.36
1140.67 -0.558614 1.52984 643.894 1.38377 -0.81251 2516.84 0.563981 0.366856 0.634602 0.845204 1167.39 -2.39774 1.58523 1773.75
654.581 0.333847 2.26386 541.806 0.898067 -0.437707 1274.97 0.195996 0.360371 0.759587 0.597549 743.351 2.99809 0.73423 1402.16
580.224 0.653335 -1.38046 417.462 -0.725807 1.04459 1192.16 0.424747 0.383392 0.755414 0.658629 772.755 2.99454 1.90818 1056.82
588.873 -0.058428 -1.54711 511.326 0.925103 2.28946 1204.31 0.20147 0.701113 0.527968 0.788813 242.919 0.210982 1.75809 1237.86
397.472 -0.141104 0.866487 265.064 -0.903428 -0.472558 499.852 0.628684 0.726107 0.41571 0.808174 982.048 -3.0415 2.37519 810.522
655.88 0.608169 1.86876 396.901 0.70068 -1.18613 1058.36 0.304542 0.385138 0.578852 0.273132 642.255 -1.65489 0.468763 1188.03
922.068 0.549272 -2.65468 838.998 0.288638 0.781296 1763.56 0.381036 0.118472 0.697485 0.57071 736.187 0.811329 0.0300326 2296.46
658.015 0.0483793 0.377049 501.072 -0.145421 2.91591 1118.39 0.689141 0.721616 0.597915 0.511534 1221.96 -1.46639 1.84344 1155.32
722.497 -0.289108 -0.0597263 500.969 0.884943 -2.13813 1366.02 0.199649 0.666703 0.408196 0.71506 1285.58 1.68091 1.74064 1391.98
829.561 0.921338 0.446228 499.778 -0.466631 -2.06679 1589.11 0.299309 0.695264 0.778486 0.398395 577.549 2.50493 1.71146 1302.07
564.78 0.675782 0.477608 480.981 1.80725 3.04408 1207.99 0.558773 0.534614 0.622305 0.855421 705.7 0.486099 0.00849169 1088.3
1631.63 -0.128576 -0.189269 701.536 0.265827 3.0187 2280.91 0.117443 0.335133 0.545344 0.733201 925.837 2.81806 0.200643 2336.01
1138.4 -0.192202 1.16273 847.241 -0.276902 -1.8099 1975.25 0.605328 0.443417 0.786208 0.465525 350.479 1.65776 0.495023 2058.52
380.548 -1.69282 0.532527 370.524 0.576565 -2.31992 1287.54 0.838322 0.707154 0.861526 0.6793 976.698 -2.60943 0.289509 1034.42
742.354 1.04956 1.53971 731.781 -0.613642 -2.47797 1922.67 0.72867 0.164638 0.701703 0.84109 296.024 -1.79007 0.687909 1940.15
669.022 -0.871521 0.505685 435.368 -1.81345 -2.38247 1224.1 0.712533 0.460491 0.583206 0.775614 775.325 3.09626 0.804454 1451.71
531.733 -0.438164 2.72485 427.591 -0.290302 -1.13633 912.559 0.608875 0.47342 0.717349 0.820377 1280.78 0.879922 1.84493 1223.25
1387.77 0.458751 0.640711 1017.63 -0.445556 -3.0145 2585.41 0.384243 0.832964 0.721768 0.752407 707.708 -0.727841 1.36855 2551.14
1161.21 0.916777 -0.944136 533.074 -0.477842 2.38694 2004.63 0.299889 0.394471 0.412502 0.570301 316.655 0.326298 1.27043 2271.92
1209.43 0.696972 -0.713951 544.802 0.0415468 1.19927 1445.61 0.260428 0.69877 0.359819 0.798805 1636.11 2.99079 1.79152 1926.19
390.516 0.243445 0.985998 365.802 0.214395 -1.63691 771.405 0.297386 0.702234 0.734862 0.730705 497.795 2.59364 1.60764 738.434
586.294 -0.138955 0.245475 257.841 0.247336 -2.66614 806.61 0.493151 0.558912 0.805328 0.734491 953.875 2.54629 1.07075 1030.93
429.252 0.463975 -1.14474 341.584 0.0503646 1.90565 789.362 0.792041 0.702702 0.740229 0.771402 165.604 -1.53451 0.389766 1039.92
951.907 -0.906411 0.446351 851.113 0.71366 -3.11384 2401.12 0.583623 0.14021 0.662383 0.676641 316.303 0.0503311 0.39602 2146.63
1167.99 0.56997 0.934258 597.96 -0.449161 -1.64746 1845.82 0.743819 0.683369 0.843361 0.772438 1057.48 -2.96365 1.31619 1773.71
1207.69 0.718422 -1.09503 255.178 -0.163572 2.80755 1155.76 0.697267 0.375117 0.768733 0.431582 881.791 1.92011 0.887442 1686.43
404.716 -0.461861 1.13557 254.677 -1.23649 -2.20924 747.803 0.25548 0.467766 0.736874 0.875502 832.346 -2.33487 0.125628 740.957
815.946 -1.2492 -2.45371 494.184 0.200307 0.0776349 1585.17 0.737942 0.461297 0.850659 0.529725 1135.56 1.90852 1.83088 1284.22
703.033 -0.844266 0.442447 549.326 -1.08302 2.32285 1029.81 0.312179 0.57905 0.502086 0.662722 795.438 -1.57407 2.01652 1353.92
1132.8 0.885179 2.2078 1128.03 -0.258316 -0.897614 2670.65 0.734001 0.316978 0.883394 0.550364 165.687 -2.79391 1.28147 2214.18
914.632 0.0701074 0.531887 913.902 -0.469378 -2.85939 1904.9 0.366681 0.425978 0.660109 0.513515 259.027 -0.520741 1.05263 1827.99
933.435 -0.393183 0.0132736 441.208 -0.0231318 2.41796 1234.59 0.387464 0.814789 0.445301 0.826002 1033.57 -2.13241 1.73282 1381.88
613.382 -0.130814 -2.57542 566.803 -1.26854 0.902239 1475.63 0.200079 0.72034 0.596191 0.790796 324.799 0.756139 0.1461 1343.45
728.42 -0.662131 -2.54512 258.556 0.605064 2.67234 740.817 0.43705 0.155172 0.587709 0.59827 1911.79 0.148655 2.52368 1147.84
769.758 -0.288946 -2.59904 737.684 1.8079 0.287566 2416.7 0.672867 0.732498 0.782645 0.852755 1442.04 0.941754 0.654188 1872.15
814.399 0.455547 0.861722 566.272 -0.786325 -1.98251 1650.05 0.56438 0.211384 0.591795 0.64049 474.852 -2.56424 0.581738 1412.79
1021.25 0.787485 2.64583 433.06 0.411242 0.290126 1297.28 0.766885 0.224598 0.665616 0.567345 1205.58 -1.82864 1.80871 1468.11
466.553 -1.25763 -3.07118 317.634 -0.710515 -1.822 519.837 0.566311 0.713379 0.732582 0.554717 1120.15 -0.027439 1.79456 924.846
1589.38 -0.462326 1.99832 311.448 0.254774 -1.46812 1497.14 0.691128 0.530921 0.769777 0.72794 562.415 -1.0477 0.420414 2036.58
708.783 -0.21353 -1.56705 282.595 0.279033 -2.96742 655.009 0.596845 0.735826 0.668906 0.713302 1824.22 1.19624 2.11952 1104.33
1001.79 -0.082892 1.40373 763.79 -0.429654 -2.33744 1724.98 0.711714 0.65829 0.766138 0.810584 1189.84 -0.559834 1.7776 1928.86
530.518 0.0799448 2.45557 495.727 -0.738968 -1.57526 1042.13 0.501539 0.424102 0.64236 0.639203 128.158 1.66462 0.79095 1385.94
464.336 1.5875 -0.0976637 319.731 -0.259714 -2.23064 1072.18 0.804387 0.525465 0.776771 0.837003 304.332 -0.507831 0.410168 826.434
1179.12 0.357866 2.67029 445.029 -0.0802407 0.443978 1367.83 0.599136 0.275488 0.743787 0.737106 1077.19 -1.13647 1.58045 1954.91
659.77 0.625825 2.64054 518.02 0.047286 -0.913094 1226.21 0.201868 0.659107 0.768816 0.699759 581.431 0.875758 1.76478 1166.28
725.729 0.495272 -1.63692 341.343 1.1249 1.22552 1046.66 0.759042 0.715386 0.742934 0.810674 587.104 2.70294 1.47742 1170.65
1150.08 -0.473008 2.07183 447.272 -0.457532 -1.54335 1436.73 0.350422 0.575241 0.641709 0.645115 1901.61 -1.48354 0.0598141 1821.28
1134.23 0.144407 1.12125 649.042 1.04634 -2.52104 1861.18 0.770794 0.782339 0.758955 0.757085 668.849 -1.58678 0.93426 1907.93
598.334 -0.701036 2.42041 311.294 -0.764249 -2.19624 648.75 0.692015 0.46772 0.739422 0.747681 1117.3 -0.764753 1.43149 1074.9
799.745 1.41701 -0.807507 497.774 0.902994 2.77026 1304.19 0.662126 0.536158 0.712969 0.613177 933.848 3.05916 0.2889 1564.8
680.648 1.13351 0.0279433 301.469 1.73326 1.8013 764.227 0.759703 0.822856 0.690406 0.834826 1190.18 -2.57821 1.90368 1007.85
534.932 0.294434 -0.912486 317.546 -0.654883 2.6663 932.762 0.48485 0.644613 0.580709 0.691688 435.662 1.35836 1.30795 827.457
403.814 1.35468 1.79142 348.88 0.571314 -1.76681 813.152 0.793215 0.583963 0.757996 0.704688 1526.23 0.600347 1.19107 1079.12
907.516 1.17487 0.971087 264.118 0.77842 -2.06466 1020.38 0.386166 0.741269 0.76593 0.770619 1266.09 -2.5779 0.513237 1382.57
318.192 0.635259 -3.13283 296.402 -0.68557 -0.367422 766.51 0.74073 0.49548 0.871412 0.774434 574.086 0.315113 0.682535 565.917
871.857 -0.744773 -0.485508 318.309 -0.241396 2.62268 1120.75 0.784575 0.33588 0.739541 0.813953 900.447 2.70777 0.085088 1161.66
887.826 0.661081 -0.191719 346.939 -0.52901 -2.47778 1243.27 0.824738 0.701624 0.770629 0.829979 1119.54 2.47943 1.32597 1426.81
502.121 0.872173 2.13363 439.482 1.15104 -0.130292 880.251 0.47971 0.802316 0.684216 0.82021 845.752 -1.56836 1.43807 1013.97
475.798 -0.124568 -1.18149 354.164 -0.162445 3.13647 691.831 0.563927 0.524721 0.702796 0.788746 584.27 0.414118 1.59561 1247.67
407.906 -0.520064 -2.19118 254.759 1.7748 1.59452 1115.29 0.454014 0.719077 0.553579 0.541941 788.105 0.483137 1.11138 901.566
742.437 0.133826 0.464274 345.495 -0.577994 -2.48168 1082.84 0.811819 0.725447 0.718835 0.761784 1693.82 -2.56158 0.0798991 1324.32
268.477 0.416464 -2.1826 255.671 -0.944149 0.614192 666.397 0.415977 0.357846 0.67785 0.721017 177.24 -2.91341 0.730814 639.575
1318.94 0.24422 1.0786 820.28 -0.091667 -2.27957 2119.65 0.777111 0.298873 0.868421 0.539506 789.232 -2.32634 0.0467644 2360.24
496.943 1.30125 2.29971 433.916 -0.830059 -2.08472 1456.15 0.524459 0.242618 0.374928 0.798443 408.223 -0.292694 1.79202 1291.38
893.566 -0.359716 2.3477 544.381 0.705846 -2.08194 1368.86 0.728073 0.679532 0.787898 0.822795 605.123 -0.576956 1.50498 1439.75
390.2 -0.106935 0.596861 309.426 -0.77801 -1.51081 658.496 0.586266 0.716985 0.686451 0.809455 598.401 0.270887 0.325974 1056.32
964.684 0.0399542 1.39393 310.743 1.57192 -0.74285 1340.9 0.781575 0.48937 0.827407 0.667994 1540.44 -2.58124 1.83839 1373.8
491.737 -0.777928 0.0231691 258.495 -0.936269 2.91852 741.609 0.663111 0.645107 0.679356 0.756851 424.317 2.61221 0.306308 979.95
481.46 0.653886 0.389246 287.219 1.04052 -1.99574 719.284 0.551676 0.732183 0.599837 0.846552 527.425 -3.03495 1.03921 915.432
328.167 1.06863 -2.74644 322.581 0.984841 -0.867357 542.859 0.456947 0.444131 0.742467 0.772111 1019.81 1.16309 2.03045 1089.02
541.99 0.665633 -0.683127 360.523 -0.132612 2.7236 969.794 0.404846 0.546045 0.52621 0.721711 997.66 -3.12932 0.43027 1168.54
328.676 1.31601 -1.77639 265.673 -0.622506 0.877203 897.608 0.418826 0.603738 0.81052 0.834627 696.142 -3.05771 1.28131 594.567
665.538 -0.0392865 -1.19334 584.105 -0.224977 0.915922 1134.4 0.772809 0.268956 0.745585 0.855912 1640.42 2.71222 1.7963 1279.08
471.838 -0.0470642 2.49221 271.461 0.189027 -1.13362 742.289 0.47106 0.375779 0.837125 0.58073 537.784 -0.00702575 1.1266 761
689.579 0.219539 0.441336 532.404 -0.356669 -1.37527 1029.19 0.799984 0.677839 0.804923 0.727652 1198.99 -2.44919 1.07393 1555.9
847.63 -0.392249 1.56231 792.183 -0.243042 -0.984881 1594.74 0.359596 0.773649 0.814203 0.66983 846.916 2.86013 1.29782 1772.61
618.335 1.09456 -0.78085 474.401 -1.97429 2.65819 2639.02 0.382604 0.789029 0.595315 0.797873 195.412 2.27018 0.388008 1106.92
1121.18 -0.24939 0.517526 461.487 -0.958429 -1.9344 1496.13 0.287461 0.743706 0.662966 0.736833 737.836 2.32926 1.81173 1766.12
775.154 0.794111 2.49536 401.95 -1.04957 -1.83778 1516.02 0.74376 0.62058 0.761756 0.790225 1456.07 0.650999 1.84436 1273.35
953.47 0.300626 -2.13615 370.806 -0.439236 2.48937 1001.03 0.267178 0.69606 0.805988 0.654709 1255.91 0.417425 2.07194 1399.39
486.808 0.177669 -1.81769 402.107 0.310478 1.07184 889.059 0.799094 0.658059 0.650207 0.832425 264.722 2.82907 1.63642 877.131
359.961 1.40419 0.189531 292.952 -0.563627 2.32246 967.787 0.417848 0.500331 0.323132 0.471784 540.067 -1.47092 1.66045 708.886
1692.68 0.514212 2.6701 334.869 0.0750365 -0.173283 1647.9 0.476876 0.394075 0.282268 0.528656 1282.39 -0.814681 0.641398 2021.9
377.646 0.0531817 -1.19576 274.97 -1.40381 -0.973386 533.547 0.448718 0.658195 0.587149 0.85115 467.562 -2.71556 1.5198 796.859
582.232 -0.00689843 1.08892 291.26 -1.0783 2.54478 736.369 0.760907 0.525866 0.743051 0.650776 907.761 -1.98695 1.75146 1053.72
540.543 0.228591 -0.613467 365.377 0.0726118 -3.09697 861.06 0.330601 0.781498 0.798388 0.609286 842.548 1.29682 1.8894 889.706
442.684 0.660901 0.42284 290.152 -0.907939 -2.32802 945.857 0.537959 0.535353 0.657309 0.695156 620.345 2.58038 1.37479 847.168
821.009 -0.730537 2.83889 310.385 -1.21927 -1.08806 993.1 0.670286 0.295524 0.767446 0.595964 432.302 -0.836372 0.251693 1419.21
956.717 -0.400736 2.50867 314.444 1.78332 0.053167 1796.41 0.476479 0.661746 0.675712 0.558162 930.012 -0.908052 0.961219 1422.57
623.639 -0.570234 1.13866 449.284 1.30036 -0.538937 1398.39 0.451485 0.685784 0.781093 0.820824 1509.18 -2.44622 1.90728 1082.03
815.089 -0.0584166 2.83519 576.007 -0.698424 -0.475099 1459.67 0.205783 0.442109 0.731284 0.782201 468.721 -0.0543302 0.420769 1436.35
653.049 -0.178002 -0.548786 313.235 -0.507202 0.744609 586.808 0.71525 0.708431 0.817901 0.809583 1054.1 -2.63208 2.08329 1020.84
661.684 1.51455 0.471302 361.771 0.587394 -0.0247511 597.869 0.198074 0.698329 0.647911 0.729194 1962.74 -2.78081 2.75606 1079.11
1036.61 -1.19508 1.70093 294.68 1.47406 -1.50193 2261.42 0.780975 0.389889 0.776819 0.550119 353.627 -0.96507 0.536861 1416.18
538.516 0.216016 -0.602261 495.79 0.0776635 2.06949 1013.56 0.72476 0.611052 0.638753 0.553142 962.439 -2.46955 1.74415 1272.34
611.448 1.46077 -2.69924 465.793 1.54274 0.562203 1077.3 0.801923 0.708615 0.741962 0.779874 161.163 2.05798 1.49578 1292.33
472.628 -0.475587 1.05186 373.424 0.242123 -1.40195 880.515 0.176192 0.732767 0.83587 0.756852 1236.03 -1.84801 0.446063 1188.43
450.475 -0.516082 1.65424 285.085 0.304049 -2.61465 701.495 0.543316 0.746811 0.566288 0.828097 175.382 2.07918 0.424941 911.494
1012.09 -1.13058 -2.42441 525.914 -0.20901 2.07866 1357.48 0.147491 0.747006 0.689075 0.790601 1819.38 0.391469 1.68719 1573.95
673.513 0.00939383 -1.54365 607.855 0.159183 1.49936 1295.6 0.625896 0.592362 0.647402 0.603976 419.72 2.98243 1.48307 1241.02
533.278 0.0578186 -0.861 368.748 -0.00966374 2.78529 875.845 0.235132 0.777984 0.65384 0.7488 898.738 2.22532 0.55997 898.124
984.154 1.28749 -0.766673 882.828 0.532769 2.22933 2037.27 0.16689 0.16309 0.43098 0.578007 363.535 -1.55851 0.791835 1937.46
624.616 0.918965 0.0872049 526.646 -0.998845 0.423398 1301.58 0.641362 0.393763 0.6652 0.836192 2205.24 2.622 2.1986 1469.73
1393.34 0.0974015 -0.78503 264.828 0.582269 2.65609 1261.79 0.245431 0.761258 0.81954 0.642025 1108.48 2.11768 0.538406 1661.62
1371.26 -0.338547 0.935226 313.431 -1.06388 2.67435 1164.79 0.777466 0.251408 0.873393 0.838336 1412.28 -2.16573 1.44311 1753.33
1058.82 0.768552 2.64507 560.108 -0.246793 -0.944663 1748.04 0.694705 0.107469 0.717767 0.614749 1061.96 -1.01909 0.0744225 1697.93
585.56 -0.0168914 -0.168369 583.081 0.826779 -2.21398 1144.52 0.703303 0.259102 0.799648 0.785071 794.309 2.78356 1.28564 1361.89
833.13 -0.386172 -2.34565 502.996 0.352579 0.586462 1397.65 0.76166 0.568023 0.648374 0.435835 332.083 1.22801 0.641544 1359.42
387.017 2.40704 -1.7478 250.205 -0.0601507 2.50184 1123.48 0.627539 0.763418 0.805878 0.756621 1494.84 -0.306341 1.44146 630.52
655.97 -0.0557889 -2.37028 445.076 0.229146 -0.773906 836.487 0.491498 0.441558 0.317868 0.691954 1250.09 1.56654 2.34045 1296.36
378.016 -0.827196 0.537321 315.691 -0.875624 -2.38916 702.857 0.327988 0.590896 0.682438 0.777204 416.805 1.72611 1.18879 679.032
440.816 -0.388983 -2.56136 372.908 0.649308 -2.32314 462.89 0.633968 0.645087 0.733372 0.631615 912.307 0.704582 3.01724 1122.79
813.698 -0.197219 -1.41487 364.007 0.464042 1.67743 1157.33 0.560613 0.764638 0.813112 0.720776 181.955 -2.22995 0.815079 1308.27
670.626 -0.0135709 2.7662 429.486 1.35369 -0.555938 1347.57 0.791305 0.586129 0.797016 0.519189 600.052 -0.693403 0.137464 1341.17
470.901 -0.312139 3.02307 377.923 -0.527694 1.03515 736.829 0.393487 0.331336 0.572598 0.79163 508.265 -1.69705 1.56306 1059.29
844.904 0.377366 -1.59364 357.943 0.259064 1.87476 1145.26 0.377271 0.631897 0.528984 0.679446 1415.36 0.47287 1.40189 1358.59
575.321 1.10702 -1.11953 548.302 -0.510385 2.76798 1468.54 0.796131 0.556693 0.790302 0.724358 1282.64 -0.271596 0.847935 1177.11
465.737 -0.297242 -1.03709 350.431 0.811176 2.2984 938.279 0.564218 0.545489 0.567479 0.730788 1187.21 2.37658 0.0781763 1056.16
927.034 0.0246344 2.89118 740.853 -0.684362 -1.04762 1699.53 0.170589 0.341901 0.552823 0.505543 1464.62 0.533537 1.58116 1813.38
397.649 0.0757704 -2.19386 276.183 -0.733271 1.1125 725.454 0.461136 0.678857 0.690499 0.822758 569.055 -1.6309 0.562953 672.159
700.999 1.23318 2.09251 522.424 -1.2244 -0.371778 2235.74 0.51102 0.42508 0.519932 0.629002 1003.76 -2.99978 1.1909 1193.72
1627.96 0.522062 -0.0396477 302.671 0.0116451 1.36863 996.316 0.769113 0.75757 0.711488 0.754448 1985.41 -2.64046 2.2741 2232.31
946.405 -0.348147 2.8529 425.812 -0.183922 0.655418 1164.42 0.227915 0.63523 0.519638 0.545578 1150.58 0.177012 0.478405 1525.87
399.5 0.102828 0.481601 381.648 0.679549 2.92878 798.447 0.481981 0.599693 0.789902 0.615536 36.9727 -1.87671 1.47769 947.749
769.939 -0.234732 3.00233 364.076 -0.14893 0.382279 1049.34 0.258919 0.383494 0.44799 0.569943 1047.88 -1.09836 1.48063 1172.22
403.114 0.543952 1.32843 299.332 -0.117492 0.0487164 494.64 0.483067 0.758118 0.355725 0.809407 718.265 -2.84901 2.10575 906.034
351.427 0.842611 2.89433 266.686 0.882336 0.437865 582.594 0.743593 0.782201 0.838564 0.744941 595.37 -1.49021 1.89864 604.922
441.561 -1.67475 0.59516 254.655 -0.438948 -2.84973 812.169 0.764141 0.678842 0.794847 0.579011 308.643 -1.60988 1.23985 752.419
707.888 -0.350658 0.974918 361.69 1.04666 -1.90225 1273.52 0.387579 0.624929 0.635506 0.744312 972.243 0.591673 0.383245 1352.17
715.532 0.623167 -0.584128 388.943 0.481129 1.31427 871.976 0.354416 0.80521 0.43605 0.795254 1236.64 2.20267 0.888396 1501.52
900.785 -0.386994 -0.791349 784.641 0.835067 2.35429 2038.19 0.527095 0.169354 0.872186 0.775681 139.922 2.629 0.274713 1664.7
1160.84 0.361522 2.55389 377.148 -0.112231 -0.893131 1358.93 0.656152 0.706733 0.815386 0.639939 788.479 -0.27347 0.61966 1904.48
462.964 0.379225 0.240627 314.723 1.12558 -2.78239 826.458 0.526429 0.79165 0.714831 0.860502 441.379 2.87692 0.623873 883.413
538.268 0.665407 1.89532 279.595 -1.06957 -2.37674 1012.82 0.645785 0.674271 0.731178 0.760772 281.862 -1.11387 1.26288 1142.59
1028.72 0.540873 -1.14238 532.347 0.0694346 2.17043 1562.02 0.359544 0.143595 0.801616 0.529378 150.938 -0.799586 0.342798 1885.91
972.773 0.0204354 -1.1496 486.636 1.66057 0.964468 1744.69 0.65448 0.397239 0.764513 0.81653 1384.82 2.41085 1.44638 1552.87
1609.08 -1.0472 -0.753227 294.364 0.171945 -2.90783 1528.73 0.758329 0.68735 0.853862 0.656677 703.074 2.11626 1.25909 2114.23
914.075 -0.124217 0.743943 553.028 0.421564 -2.86483 1452.99 0.724515 0.331278 0.745961 0.691809 771.643 -2.67167 0.193167 1981.83
507.107 -0.62576 -1.08451 321.228 -0.373296 1.20671 778.56 0.41786 0.734123 0.666767 0.750004 1110.73 -1.46186 0.377354 1026.43
713.953 -0.424344 2.38771 416.599 0.658525 -0.394751 1261.89 0.658563 0.768673 0.607946 0.700792 1038.35 -0.702745 0.307994 1314.63
1272.57 0.838769 -0.0927694 758.784 -1.14917 2.25465 2932.94 0.756949 0.709676 0.752792 0.72671 1330.38 -2.38935 1.63918 2051.69
678.618 -0.742764 -2.23423 546.29 0.341813 0.79033 1414.7 0.745805 0.424416 0.812988 0.821413 899.703 1.14434 0.354012 1293.45
795.669 0.256976 -0.835541 695.711 0.164592 2.55829 1603.67 0.121351 0.579802 0.70088 0.764935 446.071 1.56631 0.991976 1475.03
1398.88 -0.75485 -3.03318 417.059 0.0273048 0.697383 1619.42 0.784644 0.551926 0.824758 0.751125 931.363 -0.924744 1.62213 1787.18
344.123 0.299772 0.726297 322.856 -0.17395 -3.05371 666.427 0.690724 0.548466 0.714145 0.588988 548.08 -0.771233 1.49753 890.852
1625.63 0.268675 2.74721 1021.17 0.518749 0.300935 2467.1 0.705459 0.45851 0.838388 0.615093 1530.75 -1.18914 1.49007 2630.68
273.646 -0.936362 -0.869716 251.498 -0.0841302 -1.56921 309.072 0.268505 0.338349 0.792015 0.641034 1275.72 2.20079 2.51318 659.309
431.733 -0.658232 -0.573112 354.233 0.259646 2.27241 875.028 0.707743 0.840706 0.641354 0.797523 330.766 -2.1506 1.57749 738.924
480.916 -1.30585 -0.502671 404.075 0.13539 -0.888713 715.629 0.594269 0.747206 0.673726 0.692154 582.6 2.53684 2.85763 1078.05
1218.46 0.00616966 -2.10522 504.096 -0.247884 -0.29206 1275.88 0.353058 0.788378 0.775087 0.769925 2315.79 1.57099 1.86305 1773.87
786.259 -0.190692 2.721 573.898 -0.888655 0.645005 1267.94 0.708158 0.775171 0.731237 0.835069 1550.15 -0.988065 1.63307 1480.66
843.167 -0.242979 -0.191057 356.393 0.454266 2.70329 1271.84 0.133444 0.494682 0.335498 0.361213 1671.81 3.05235 0.34906 1226.5
1318.69 -0.525842 0.819442 285.692 0.0592325 -2.33578 1394.9 0.333294 0.462888 0.399629 0.637142 1658.66 -2.33514 0.000643253 1588.99
661.557 -1.01003 2.06002 267.223 0.618704 -1.94435 1095.46 0.755896 0.353621 0.749743 0.664282 1001.63 -0.963858 0.980494 1015.2
284.167 -2.4333 1.68157 261.13 0.875745 0.643048 1406.86 0.886973 0.650609 0.843586 0.748134 473.82 -0.491475 1.13452 783.197
483.045 0.601878 -0.088028 332.623 0.757594 3.05126 812.574 0.819171 0.479652 0.815468 0.760583 651.826 -3.12594 0.105982 1056.99
1028.26 0.562587 -1.12678 476.069 -0.966166 1.61097 1813.15 0.629217 0.575202 0.722061 0.748256 806.406 -3.12623 1.54599 1668.51
961.685 0.248059 -2.03303 614.958 0.109202 1.69208 1539.61 0.195795 0.0378928 0.688735 0.645407 764.104 -1.42924 0.603784 1957.56
945.604 0.478006 0.816259 499.609 0.688267 -3.11589 1297.6 0.621893 0.313569 0.784323 0.717303 1093.91 -2.77778 0.338108 1704.85
712.209 1.14638 1.44106 492.57 -0.823182 -2.82782 1708.63 0.390532 0.500535 0.683005 0.569836 1776.55 -0.852541 1.97528 1200.19
559.237 1.16264 -0.439756 504.652 -0.968758 -2.6832 1668.65 0.672436 0.669915 0.827205 0.758955 491.478 2.2663 1.33369 1633.39
851.083 0.716507 1.86362 537.703 -0.338867 -1.17818 1574.84 0.220822 0.185115 0.678921 0.798352 276.044 -1.06123 0.116955 1492.5
424.719 0.324419 -1.38041 276.681 0.376698 1.35552 735.318 0.476339 0.681917 0.468003 0.719935 389.7 2.99265 1.63713 707.031
641.252 -0.167696 2.37872 465.188 -0.117186 -1.10953 1132.44 0.147599 0.777479 0.823494 0.690577 812.351 0.462632 1.57217 1198.47
911.7 -0.476918 0.598552 487.798 0.401811 -1.42398 1291.58 0.729528 0.511447 0.775786 0.665074 1733.48 2.93862 1.92059 1530.98
531.604 0.602201 -2.1568 342.317 -0.795373 2.00296 1006.75 0.370529 0.502086 0.793624 0.506551 643.471 -0.0250989 2.02806 988.331
566.784 -1.14399 2.39367 515.565 0.428227 -1.76416 1343.31 0.640062 0.5746 0.778537 0.749188 986.673 -0.0933039 1.67086 1104.09
683.119 -0.433261 -2.5827 490.497 -0.341252 -0.425522 1050.52 0.744427 0.448042 0.729776 0.785733 938.523 0.968453 1.39398 1427.27
475.298 0.304679 -2.34831 442.343 -1.08083 2.16632 1005.13 0.414155 0.632499 0.833467 0.480682 1608.45 -0.535394 1.81292 996.839
1054.76 0.144824 1.13838 399.085 -0.0881856 -2.75464 1229.61 0.367835 0.639365 0.713325 0.846855 860.532 0.0329035 1.10548 1536.59
1819 0.713614 1.80244 302.754 0.470239 -2.39994 1302.23 0.783329 0.631379 0.827352 0.669026 2251.11 -1.02885 1.37109 2155.19
600.754 0.281536 -1.50156 505.535 0.526461 1.13943 1080.73 0.732355 0.794147 0.828586 0.743161 1345.81 -2.42036 0.918799 1170.4
1067.63 0.861034 2.36737 761.87 -0.710947 -0.265549 2389.48 0.0956126 0.547288 0.731711 0.671305 467.48 3.0009 0.633539 2239.34
545.867 0.189076 2.92699 467.742 -0.4044 0.986157 961.64 0.31904 0.788229 0.840958 0.811343 987.288 -1.02227 2.00842 1126.1
534.111 0.614024 -2.73723 317.081 -1.61095 0.180048 1395.76 0.704191 0.591314 0.816394 0.864248 224.179 -0.145737 0.325785 978.385
517.295 -0.247312 0.824364 394.961 -0.20616 -0.381816 536.375 0.673232 0.689834 0.833633 0.667169 831.48 -2.92436 2.53446 1164.03
271.976 -0.704533 2.51826 253.136 1.33215 0.184076 822.434 0.505543 0.404866 0.792674 0.651394 252.446 -1.77274 1.95681 521.106
662.845 -0.136924 -2.20724 508.713 1.26456 2.41136 1247.61 0.762624 0.749419 0.766708 0.702999 867.059 1.00486 1.4065 1550.09
878.937 0.260209 -2.60425 681.833 -1.79764 1.73721 2306.79 0.581623 0.633103 0.828413 0.704539 1467.4 -0.431337 2.16855 1628.67
718.435 0.500019 1.23179 538.427 0.725533 -2.40059 1226.15 0.601549 0.662578 0.468901 0.871637 400.045 -1.40164 0.998954 1684.9
323.951 -0.152542 -1.47239 317.892 1.18385 0.367718 704.445 0.572492 0.718429 0.766482 0.719779 1178.29 1.49313 1.12541 843.479
329.287 0.510289 0.440394 320.013 -0.442441 2.87388 713.077 0.59417 0.76379 0.690978 0.662336 609.787 -0.973141 1.41354 874.338
429.231 0.129881 -3.04089 267.7 -0.425943 -0.808554 647.573 0.785522 0.75845 0.764458 0.863326 1101.33 0.689079 1.49763 738.51
1691.25 0.632846 1.94534 816.86 0.372607 -1.39309 2376.01 0.420004 0.787805 0.739222 0.713817 298.251 0.197434 1.59052 2474.72
322.328 1.08865 0.711549 289.347 1.20151 -2.55352 625.114 0.385544 0.676846 0.733581 0.762528 1547.83 0.528961 0.182588 584.659
407.637 -1.00627 1.7826 371.295 0.603365 -2.50673 985.111 0.282745 0.738287 0.497221 0.781227 1183.95 -0.652523 1.8542 763.127
572.825 -0.50035 -0.504911 396.738 0.541086 -2.44803 1007.62 0.235713 0.679962 0.63534 0.699816 1614.38 1.55695 2.06186 1155.25
656.526 -0.0964537 2.54271 307.447 -1.59711 0.831506 1060.74 0.406869 0.4049 0.519906 0.585173 1383.12 -1.09279 1.92429 990.895
1338.85 0.119272 1.01171 646.401 0.129775 -1.86126 1851.17 0.708481 0.673114 0.573856 0.726912 563.2 2.97248 1.44945 1968.54
520.064 0.969758 -2.5094 337.649 -1.6752 -1.08659 1577.99 0.375183 0.421469 0.709459 0.721237 337.398 -0.412504 0.674091 1352.27
477.388 -0.204347 2.44812 284.805 1.52207 -0.827109 1049.85 0.721304 0.712745 0.731063 0.631356 220.816 -1.99217 1.16506 810.097
576.482 -0.206949 -0.499887 554.663 -0.987523 2.53353 1259.38 0.544032 0.429914 0.592862 0.791354 147.675 -1.8256 1.32571 1138.12
575.914 -0.107251 -1.53004 335.404 1.28146 -0.431076 823.262 0.217142 0.528047 0.687703 0.755213 1674.3 2.22591 2.52724 919.317
380.26 0.141091 2.06515 269.947 -1.16706 0.0438597 746.082 0.537514 0.75472 0.365702 0.775029 875.746 -1.41309 1.45695 664.103
401.585 -1.43834 -0.1129 391.013 0.561998 2.09301 1180.4 0.285236 0.734187 0.733515 0.839165 697.238 -2.07918 1.96628 862.854
589.63 1.01129 2.77488 309.192 0.181242 -0.164753 954.483 0.468432 0.380416 0.77382 0.710175 300.408 -1.86365 1.64465 872.142
391.15 -0.699706 1.96041 276.89 1.02278 -2.14532 872.615 0.807544 0.264422 0.697634 0.727579 765.841 -0.549741 1.59558 672.25
1462.95 -0.10702 3.10005 538.551 0.582227 -1.65699 1391.42 0.743461 0.705383 0.785898 0.771706 2422.22 0.790676 2.30938 2078.71
336.467 -0.292475 -0.70545 266.434 1.36666 2.93388 815.37 0.739277 0.511149 0.63926 0.768162 714.101 2.23365 0.700229 618.522
316.652 0.989927 -0.77489 271.731 -0.356138 0.890842 625.997 0.731732 0.547836 0.709361 0.52902 1314.43 -2.50846 1.73357 618.638
419.802 -0.851711 0.724666 315.943 0.96937 -2.32562 1058.3 0.417716 0.365639 0.783375 0.822268 719.948 -2.66649 0.34087 882.067
624.053 0.00586636 -0.0754938 338.479 -0.588068 -2.92504 985.321 0.188371 0.574413 0.71502 0.806258 775.54 3.13336 0.224783 1009.87
812.902 -0.467396 -2.11805 398.856 0.276466 -0.519252 943.81 0.653423 0.838119 0.810223 0.775139 1517.24 2.48471 1.68042 1329.43
780.218 0.314695 -1.24815 308.271 0.168714 1.7486 1017.58 0.289488 0.336524 0.76309 0.775944 245.898 2.99289 1.24429 1063.91
1496.05 0.0371998 -0.658777 283.884 0.706598 -2.86886 1258.97 0.663903 0.664247 0.719489 0.763555 1553.38 2.32217 1.09215 1908.11
488.024 -0.717387 1.08166 285.472 -1.34164 -0.976367 693.005 0.811551 0.758591 0.743026 0.656644 1445.02 -2.86752 1.89115 1053.53
486.053 -0.381736 0.194458 289.235 -0.860402 -2.99879 811.446 0.103552 0.619688 0.775889 0.82693 1548.04 -3.04951 0.050724 776.685
1128.95 0.708675 -0.679841 359.508 -0.573534 1.49826 1448.8 0.818452 0.463105 0.721215 0.738418 810.932 -2.02798 1.34814 1780.04
890.384 -0.83983 1.84206 263.839 1.34045 -0.672241 1585.52 0.808168 0.590252 0.762519 0.800409 664.779 -1.99194 1.3197 1177.16
589.345 -0.639302 2.77398 343.654 0.0280442 -0.395307 966.996 0.724699 0.463576 0.747974 0.840167 277.2 -0.191382 0.203925 926.469
997.156 -0.257498 2.07772 382.483 -0.928697 -2.19046 1148.59 0.628217 0.449511 0.78482 0.674072 868.25 -0.566315 1.62415 1677.4
824.129 0.841102 -2.55102 742.12 0.283967 0.265196 1638.21 0.156571 0.153372 0.676757 0.656933 19.8134 -1.62512 0.925906 1834.62
808.677 -0.0887349 -2.34836 272.524 -0.683143 0.161021 1089.16 0.215984 0.561982 0.721485 0.455952 626.392 1.01814 0.857118 1301.18
1529 0.985924 -1.5286 522.266 -0.981659 2.40663 2645.83 0.472723 0.796144 0.833009 0.676893 1177.98 1.88853 0.518097 2348.76
652.92 -1.5043 -1.23542 331.743 0.998619 -3.03227 1694.53 0.462371 0.547542 0.492151 0.552788 707.175 1.05977 2.19115 1229.4
848.817 -0.0282991 -3.09087 649.526 1.50609 -1.03008 1837.61 0.671173 0.395883 0.752461 0.698588 1251.65 0.380042 1.41012 1929.08
812.477 0.649442 2.1504 467.209 0.362836 -2.08278 1101.05 0.155402 0.626784 0.876721 0.82337 1497.78 -0.0346251 2.04816 1378.98
1726.01 -0.160683 0.442486 738.482 -0.50401 -2.94253 2287.49 0.695646 0.663336 0.740542 0.796376 430.569 -0.913728 1.35621 2481.36
1087.11 -0.548276 0.213559 606.811 -0.307539 -2.63563 1646.01 0.204144 0.630869 0.802008 0.798867 1047.22 2.5222 1.12536 1699.87
605.476 -0.996507 -1.13728 409.691 -0.941736 1.79779 1019.9 0.596995 0.0950792 0.503466 0.709789 769.219 2.64013 0.842344 1001.8
464.389 -0.099096 -1.3389 322.288 0.737611 1.01855 798.26 0.723097 0.725931 0.751118 0.776882 1414.09 1.61411 0.595566 867.144
584.462 0.854109 -0.928417 268.513 -0.916834 1.49692 1102.79 0.801807 0.529762 0.761059 0.864278 710.721 -3.07973 1.70653 892.462
812.565 0.0135886 1.71092 279.212 0.752089 2.68595 628.394 0.272564 0.335359 0.682147 0.70917 1814.31 -1.38984 2.2074 1338.68
528.089 0.864222 -2.90948 347.688 0.222135 0.673712 904.623 0.681812 0.311414 0.679065 0.854032 674.75 -0.543531 1.21724 856.385
1040.66 -0.112167 0.0239625 571.645 -1.03747 3.02542 1735.41 0.713251 0.549856 0.773641 0.842644 236.008 -1.97308 1.28468 1567.08
1169.73 -0.0530028 -0.803554 358.747 -0.981413 2.77043 1428.68 0.719214 0.703936 0.561314 0.837704 1407.23 1.94642 0.824011 1492.43
507.529 -0.148389 1.99342 375.039 0.597116 -1.60216 922.108 0.747004 0.450885 0.658904 0.809512 545.055 -0.521043 1.08112 965.206
564.071 -1.16914 1.59687 444.22 -0.292793 2.37196 616.995 0.464344 0.375972 0.735523 0.678156 1360.75 -0.254969 1.85183 1300.63
954.099 0.0371984 1.11986 393.199 0.268227 -2.92494 1125.13 0.453374 0.74915 0.51815 0.666415 1235.8 -1.51554 1.4094 1408.51
1270.01 0.280725 -0.0939854 315.616 -1.41866 -1.95211 1590.06 0.735841 0.715133 0.688453 0.725905 1749.8 2.52348 1.8076 1793.65
347.752 -0.633579 -0.433674 308.506 2.06271 3.12714 1362.65 0.423562 0.795555 0.749551 0.736148 481.418 2.39212 0.735027 760.716
513.715 -0.420349 0.496133 457.187 1.41521 -2.2177 1398.56 0.722671 0.842367 0.809577 0.787188 158.678 -2.04105 0.176649 1532.54
481.401 -0.770511 -0.625801 345.978 0.978007 2.52713 1160.42 0.460779 0.651218 0.778354 0.641168 1269.31 -0.593551 0.03225 874.884
618.89 0.386274 2.3861 323.983 1.17709 -1.02795 975.165 0.482885 0.478338 0.703541 0.682342 826.71 -2.54181 1.35527 1182.97
1161.87 0.332072 -3.06763 626.954 0.0687639 0.14597 1769.07 0.489646 0.616682 0.638637 0.43481 755.86 2.77017 0.445387 1882.36
648.333 -0.39718 -0.561359 633.206 -0.0953079 3.04454 1334.19 0.222735 0.433223 0.392567 0.528064 957.565 2.87305 0.171499 1314.54
695.213 -0.0874296 0.591884 325.89 1.44667 2.98846 1208.66 0.767872 0.458467 0.695264 0.753201 231.114 2.17452 0.813941 1120.57
1224.22 -0.357179 2.17969 671.775 0.8206 -1.28781 2134.14 0.446936 0.692218 0.503334 0.741134 480.926 -1.27789 0.00991619 3032.11
613.717 0.27016 0.497451 484.86 0.111167 -3.01221 1087.63 0.747068 0.809655 0.738033 0.779196 442.909 -2.06082 0.951387 1131.01
744.368 -0.419318 -1.75218 408.654 -0.0841099 0.594234 1046.97 0.586513 0.415395 0.615444 0.755076 1070.82 2.89203 1.63898 1670.37
768.159 -0.742132 2.19001 535.168 -1.25771 -1.83934 1217.56 0.179585 0.59408 0.704462 0.797424 1153.57 -0.201794 1.63755 1297.46
728.091 0.533952 2.54596 600.768 1.78768 -1.06301 1573.12 0.784245 0.588717 0.796931 0.605873 71.0424 0.177951 1.24096 1441.99
819.997 -0.666039 2.33339 671.545 -0.175027 -2.1495 1234.81 0.390775 0.508486 0.491618 0.730822 1460.37 -0.683285 1.46621 1795.75
699.308 -0.274168 -0.253192 380.714 -1.14217 -0.819684 555.201 0.493413 0.710764 0.66983 0.621844 2051.66 2.48975 2.74294 1215.06
610.665 -1.54965 1.58444 495.008 0.492551 -1.29113 1752.73 0.468262 0.246291 0.604444 0.497053 986.998 -1.47998 0.188847 1093.8
604.569 0.0191249 -1.42513 377.354 -0.875736 0.736113 1028.68 0.382779 0.708366 0.411146 0.761657 1235.7 2.93218 1.92587 1023.45
338.481 0.59546 0.574574 325.559 -0.294734 -1.52835 659.108 0.506729 0.663724 0.530148 0.73699 1186.08 -3.09762 1.56927 684.527
546.443 -0.228213 0.741702 394.391 -0.467102 -2.68573 934.989 0.550658 0.476842 0.659129 0.634629 513.267 -2.13035 0.555376 1011.77
471.891 0.767957 1.88112 462.649 -0.340602 -0.996413 1086.35 0.548016 0.732678 0.790164 0.7778 549.653 2.99781 1.11669 978.001
562.788 0.391907 0.854757 418.276 -0.0452595 2.82354 870.464 0.504131 0.487297 0.499398 0.606903 910.226 -0.950964 1.80572 1058.97
1374.47 -0.343676 -2.28434 470.526 1.38459 -0.571788 1995.5 0.573766 0.733385 0.772121 0.637558 2130.4 1.1617 1.73348 1859.88
470.449 -0.822188 -2.18021 322.426 -0.330088 0.248625 791.622 0.749481 0.399344 0.712137 0.729465 1197.32 1.57716 1.32853 797.401
1051.29 0.149031 2.67808 598.823 -1.26983 -0.233996 2009.78 0.687689 0.381017 0.687991 0.882015 444.424 -0.669784 0.435788 1727.43
967.55 -1.06526 -1.28528 278.795 0.845423 -2.91267 1393.56 0.735115 0.713146 0.835313 0.575458 518.873 2.76404 0.60648 1292.28
764.309 0.479137 -0.477769 366.255 -0.420364 -2.60717 1058.28 0.729339 0.45057 0.759393 0.625038 1677.12 2.36391 1.3121 1223.98
778.572 -0.620524 1.76612 373.698 -1.41177 2.5522 615.368 0.707255 0.633814 0.703319 0.699035 871 -0.7818 2.54792 1726.48
766.021 0.0281186 2.11705 334.089 -0.919989 -2.08895 1026.05 0.598043 0.830585 0.740442 0.724686 1716.01 0.0379708 2.07908 1224.45
1136.84 0.639096 -2.08774 296.395 0.922094 1.94666 1070.27 0.648412 0.810993 0.853997 0.789049 532.21 0.874128 1.07253 1864.25
531.345 0.622231 0.0876912 251.862 -1.26195 -2.60777 1078.58 0.655139 0.551491 0.609247 0.712648 294.533 2.06529 1.61013 805.759
602.882 -0.11225 -1.85362 342.129 -0.966239 2.89981 763.782 0.560318 0.622223 0.667361 0.380746 1669.66 0.768091 2.13172 1263.27
806.84 -0.055167 -0.877095 440.028 -0.343404 1.30177 1076.36 0.206119 0.67772 0.618782 0.798203 730.993 -2.65054 1.77344 1558.84
501.468 -0.722068 -2.60604 461.366 -0.222457 2.46949 701.103 0.44328 0.281349 0.497053 0.633776 602.946 -0.0535346 2.52303 1379.59
779.509 -0.180484 0.869384 567.648 -0.42597 2.49825 993.503 0.842343 0.71007 0.711782 0.71702 1421.78 -2.23278 1.55215 1885.5
662.213 -0.707549 1.52815 541.068 0.694177 -1.91077 1500.02 0.819995 0.689664 0.789147 0.734065 1214.41 -2.10706 0.196288 1724.16
371.541 -0.0500943 -2.52562 337.632 0.0969958 0.678389 751.834 0.406188 0.228478 0.68579 0.531732 213.028 -0.588849 1.26724 692.645
1119.98 0.196997 -1.06475 338.966 -0.0214417 2.74535 1185.4 0.770214 0.680878 0.8177 0.547879 523.874 -2.48221 1.05563 1577.46
881.382 0.0529054 2.2621 277.517 2.30378 0.876079 1525.42 0.588406 0.205941 0.586665 0.872407 1388.67 0.137082 0.738997 1244.42
933.209 -0.229984 -2.29759 389.598 0.000963049 2.24066 958.099 0.299526 0.441866 0.571146 0.42419 759.11 -0.164984 2.13261 1591.21
367.09 0.0239968 -0.392521 340.918 0.418294 -2.83959 687.029 0.780032 0.531452 0.815468 0.585849 912.476 -3.11903 0.279435 961.779
973.121 0.247604 2.29967 536.366 -0.894882 -1.39324 1680.43 0.10219 0.327193 0.840156 0.828008 988.979 0.671418 1.62825 1531.79
1278.9 0.276932 1.3149 888.646 0.346181 -3.10962 1753.48 0.278542 0.75695 0.629619 0.7843 1923.39 -0.656655 1.97155 2379.71
437.125 1.30797 -2.44826 254.337 0.110407 1.04269 803.152 0.567941 0.738443 0.831381 0.55519 654.783 2.30097 1.25829 870.962
580.707 -0.761561 0.263016 475.439 -0.349881 2.88084 1052.52 0.686741 0.262785 0.760418 0.613653 238.19 -0.141934 0.40495 1179.45
499.367 -0.610073 0.131181 366.861 0.851145 -1.98094 1021.55 0.475838 0.665654 0.543222 0.735793 778.941 3.03744 1.2648 909.363
921.957 -0.306701 -0.253563 609.327 -0.741214 -2.64986 1450.86 0.279961 0.523194 0.455054 0.764314 1071.16 1.72275 1.91058 1549.48
784.504 0.276557 -2.12366 346.232 0.826096 0.367802 1127.69 0.169712 0.65342 0.703159 0.837078 1425.55 1.31667 0.948864 1219.57
1303.56 -0.146579 -2.33847 566.899 0.84187 0.960795 1935.77 0.628175 0.331586 0.665295 0.59891 895.093 1.5039 0.543103 2096.63
1667.12 0.105201 0.820797 289.93 -1.87238 -2.78297 2228.31 0.0445731 0.457264 0.734139 0.845516 610.212 -2.43459 0.348377 2316.2
981.24 0.235286 -1.0857 297.245 -0.29137 1.21296 1055.96 0.061052 0.238043 0.547728 0.342504 1558.39 2.75928 1.54632 1645.45
1003.12 0.988433 0.29224 773.851 -0.788536 -2.29386 2462.06 0.838536 0.60817 0.724841 0.814713 1369.06 2.03028 1.73804 2161.99
884.798 -0.422378 -1.62862 496.346 -0.886788 0.905234 1314.43 0.296916 0.553249 0.796933 0.769029 793.023 2.76265 1.85741 1382.86
425.609 0.58467 -0.720186 301.581 -0.373463 -1.75015 546.134 0.604978 0.740516 0.522292 0.744405 1553.06 2.19113 2.3419 838.089
1061.91 -0.00171789 -1.46792 369.035 0.201636 1.15955 1239.9 0.54659 0.408863 0.834969 0.483575 894.855 2.57564 1.41609 1540.23
581.215 -0.498379 -2.29834 445.003 -0.0547297 0.680327 1063.18 0.403839 0.47379 0.808765 0.657398 200.546 2.36193 1.62291 1000.84
905.414 -1.00474 -2.08799 576.601 -0.849592 -0.0459491 1253.57 0.158855 0.73284 0.780057 0.773612 1684.47 2.81279 1.38241 2006.65
423.508 0.50312 1.66807 285.525 0.187885 -2.73579 580.989 0.738257 0.757269 0.851953 0.845899 517.265 -1.03133 1.70446 869.638
790.02 0.0227949 -3.06535 731.661 -0.569268 0.145126 1608.07 0.514968 0.752306 0.572998 0.730012 51.1581 0.835604 0.690478 1507.59
1078.66 -0.968622 -0.945393 341.185 -1.12829 1.16841 1107.55 0.543125 0.493746 0.544868 0.450503 1482.58 2.59805 1.42964 1417.03
606.138 -0.123796 -3.04791 484.061 0.660122 1.19288 1036.34 0.521593 0.802209 0.527227 0.801104 490.422 0.693807 0.499075 1365.89
588.027 1.48584 -0.183019 413.983 -1.16597 -0.302102 1735.74 0.715766 0.264711 0.621819 0.559175 1185.91 2.50769 2.6907 1269.36
1076.58 0.7919 -2.91249 470.771 -0.184293 -0.154461 1608.05 0.679902 0.760633 0.77185 0.800534 586.45 2.52298 0.847712 1720.42
413.137 0.944827 0.187007 280.925 -0.922622 2.81754 1002.96 0.725171 0.589357 0.705843 0.903657 962.928 -2.66908 0.796566 1053.99
607.306 -0.667414 -2.20199 292.038 0.150851 0.437178 955.445 0.11274 0.55714 0.811071 0.759208 897.301 2.59685 1.48435 900.622
362.395 -0.159851 0.236318 348.314 0.974011 -0.615281 526.452 0.421835 0.824497 0.742064 0.494385 875.782 -2.14484 1.52956 776.965
1052.46 -0.338235 -2.68734 257.699 -0.420173 0.186506 1076.97 0.538335 0.504283 0.653161 0.664859 1597.67 0.627321 0.440814 1285.33
1261.69 -0.819202 -0.268526 254.824 0.0718093 -2.99567 1242.56 0.524322 0.648478 0.763096 0.611411 1499.92 -3.06803 0.0723636 1948.87
468.621 1.87737 0.971685 443.241 -0.333107 -1.55909 1507.93 0.498897 0.715325 0.754812 0.666737 564.268 3.0968 1.62729 1448.1
631.309 0.568533 0.375024 388.747 1.03057 -2.5859 1067.85 0.10764 0.805987 0.400541 0.792479 564.387 -2.98682 0.400928 1599.59
875.198 -0.260085 3.012 670.263 0.292063 1.24513 1322.93 0.498198 0.326789 0.702949 0.186195 628.429 0.0276936 1.21743 2088.05
1199.45 0.681045 2.68557 886.545 -0.270469 -0.665176 2317.05 0.476783 0.74179 0.722938 0.657127 569.16 2.06228 0.623288 2090.53
422.975 -0.434177 -2.45701 372.076 0.75406 0.735886 946.114 0.683592 0.402726 0.713443 0.784373 941.381 0.209373 0.526513 981.354
324.163 0.904146 -1.30796 307.533 -1.18606 -3.06322 944.798 0.619608 0.369626 0.644398 0.845352 1070.76 0.619949 1.92791 716.318
694.575 -0.520184 0.202556 483.894 0.412637 2.35648 1183.18 0.674824 0.624371 0.795054 0.75267 581.736 -0.947175 1.14973 1320.54
914.577 -0.36037 -1.49898 469.335 0.0123063 1.79046 1346.8 0.590517 0.338546 0.804791 0.734378 698.648 0.0420583 1.54104 1402.53
548.167 -0.882517 0.206189 369.01 -0.132928 2.81073 969.89 0.750435 0.510185 0.806585 0.540309 438.578 -1.23899 1.44518 895.971
299.398 0.949759 -0.796248 279.78 -1.52636 -0.213044 933.779 0.698695 0.637942 0.809202 0.811074 783.092 2.59668 2.80972 770.969
769.736 -0.373106 -2.77562 681.197 0.197094 -0.630083 1357.75 0.344464 0.306491 0.824214 0.697613 1493.31 1.29044 1.92052 1467.1
1000.75 -0.374928 -1.39695 689.305 1.39708 -2.13741 1787.81 0.528759 0.574119 0.491581 0.741902 1996.85 1.34633 2.74328 1831.04
491.543 -0.314026 1.04563 435.15 -0.5461 -2.86637 901.533 0.58815 0.680985 0.62277 0.751367 1057.05 -1.66391 1.20246 1008.12
424.653 -0.561306 -1.3158 273.13 -1.5414 1.72612 798.273 0.650984 0.273455 0.773481 0.837839 324.668 2.33455 0.608423 661.151
451.28 0.556894 -2.61758 414.096 -1.04443 0.219781 1167.12 0.714606 0.495259 0.710371 0.777194 555.891 0.536968 0.317187 1079.69
331.11 0.373136 -0.379027 283.606 1.20448 2.67904 676.227 0.711717 0.751467 0.796581 0.720637 1583.11 -2.66121 0.942931 810.672
614.888 -0.319977 -0.823356 372.515 0.397415 -3.0901 995.758 0.200559 0.269545 0.8495 0.626249 1339.8 1.61366 1.57942 1143.21
911.886 -0.26117 0.383204 387.318 -0.795165 1.59283 768.225 0.666751 0.372134 0.726071 0.802865 1117.28 -2.71661 1.97375 1664
434.653 -0.158987 1.98168 318.14 0.302693 -1.48785 777.406 0.583917 0.423232 0.707874 0.590145 1306.86 -0.900384 0.587471 795.912
900.699 0.630851 0.627896 755.731 0.0457676 -2.48458 1735.18 0.634069 0.216537 0.775621 0.731819 1312.25 -2.32402 0.160559 1800.55
671.353 0.76671 2.55396 628.281 -0.309855 0.600376 1338.08 0.38956 0.63935 0.902148 0.464284 1814.38 -1.78049 1.94873 1349.3
715.204 0.681648 -1.83184 297.926 0.385915 1.84886 914.514 0.530794 0.830353 0.140021 0.835683 1220.66 -1.19497 0.636874 1294.19
594.102 0.736817 -2.89629 555.399 -0.499781 0.035144 1382.69 0.336245 0.79898 0.618215 0.814683 346.386 1.74899 1.63791 1127.43
601.364 -0.305925 -1.07637 298.014 -0.868191 2.20284 959.408 0.289801 0.512333 0.699857 0.725083 493.395 2.1598 0.0430367 917.112
371.091 -1.61011 -2.05589 340.433 0.738364 1.8309 1239.98 0.730567 0.45675 0.842394 0.745553 999.162 -0.574687 1.48121 738.178
780.631 -0.402646 1.43345 342.144 1.76146 3.11673 1628.52 0.0624619 0.389452 0.67896 0.776442 1654.65 -1.27349 1.89297 1396.99
787.192 0.270571 2.22034 573.123 -0.956698 -1.09416 1619.31 0.385748 0.751642 0.783103 0.845805 318.928 0.428849 1.52301 1346.97
677.288 -0.475764 1.13765 501.609 -1.20319 -3.11638 1101.27 0.614416 0.585844 0.43639 0.797069 1020.47 -0.812599 1.95025 1258.2
700.194 0.186096 0.613414 588.953 0.331673 -2.20321 1280.91 0.453368 0.625356 0.765761 0.719724 149.84 1.95672 1.34331 1773.43
444.726 0.973202 0.602655 397.646 -0.0476428 2.96917 914.712 0.515965 0.779367 0.543649 0.706063 986.996 -1.22842 1.83107 869.374
866.175 0.93157 -1.33792 265.947 0.14231 1.97389 1095.09 0.308911 0.4613 0.524311 0.734589 1005.88 -0.254486 1.08343 1298.68
1283.87 -0.154637 0.471179 541.341 0.179018 2.31982 1427.58 0.404152 0.219705 0.398145 0.928007 1806.84 -1.82039 2.14297 1864.74
1407.74 -0.182755 0.478521 1198.33 0.573678 -2.38526 2796.16 0.684978 0.659707 0.625433 0.466806 849.535 1.57121 1.09269 2682.8
607.557 1.23976 0.975742 426.702 -0.0932208 2.70146 1094.31 0.597474 0.73317 0.753815 0.727825 334.833 -1.50894 2.07278 1201.95
758.641 -0.43193 -1.17838 474.03 -0.799724 3.02327 1073.87 0.512913 0.718648 0.318559 0.648178 1559.13 1.55381 1.46947 1295.24
761.992 0.355968 0.963542 742.362 0.319005 -2.27532 1600.57 0.333248 0.589779 0.338429 0.581071 235.664 -1.46586 0.809455 1585.46
1387.56 0.606291 1.58082 492.499 -0.159596 -2.83422 1523.77 0.0601962 0.361688 0.699944 0.663558 2273.9 -1.04246 1.79175 2007.07
355.777 -1.11103 -0.459248 261.608 1.09082 1.72643 988.062 0.804461 0.743734 0.806254 0.64568 960.715 0.817576 0.908856 649.063
534.873 -0.512408 0.862425 438.836 -0.777606 -1.60041 938.886 0.323513 0.593272 0.542689 0.596642 863.021 2.91157 1.7712 963.98
939.169 0.230232 -2.35617 599.975 -1.11131 0.840762 1857.8 0.35291 0.588983 0.641674 0.688337 227.272 -1.76559 0.590587 1959.6
657.394 -0.111192 -2.96117 362.313 -0.452438 0.312651 1052.58 0.220516 0.0767208 0.513246 0.760241 169.439 -1.28074 1.59339 1230.39
852.852 0.65128 -1.90118 551.621 -0.0232991 2.12736 1341.19 0.648385 0.434077 0.636571 0.4306 1282.85 0.439629 1.68773 1432.35
595.755 0.486181 0.334386 313.875 -0.795085 2.18679 935.434 0.129213 0.528285 0.782253 0.629794 975.416 -1.00285 1.33723 975.496
1045.94 -0.0928936 2.32805 640.314 0.179531 -1.55364 1609.4 0.245939 0.628324 0.38984 0.73728 1374.96 0.235807 1.78944 1671.76
1285.97 -0.628109 -2.65985 1095.11 0.443507 -0.138213 2672.37 0.779339 0.12513 0.746167 0.719635 1123 1.245 1.38322 2478.22
1050.14 0.344961 1.40495 286.383 0.749837 -1.98616 1131.75 0.690204 0.405911 0.641794 0.756849 912.38 -1.46118 0.524984 1307.4
1452.4 -0.30791 -0.824056 374.964 -1.25409 1.9174 1646.68 0.412802 0.460896 0.847908 0.638265 1278.09 2.61869 0.701293 1955.77
365.515 1.18123 -2.35563 306.68 -1.15566 -1.70307 1011.95 0.567772 0.416402 0.711851 0.772327 1615.53 1.43005 2.49751 887.886
541.929 0.156214 0.754277 402.26 -0.732839 -2.3743 1044.29 0.685582 0.525905 0.82531 0.851001 852.88 0.834832 0.0805551 907.917
953.876 -0.0613599 -0.414458 367.023 -1.42394 -3.13501 1482.89 0.436155 0.607548 0.715855 0.662182 2165.9 2.62345 0.524727 1584.94
641.643 0.572511 2.69609 517.223 0.491485 0.0338396 1182.39 0.579259 0.531092 0.798041 0.506809 427.436 -1.6503 1.68414 1165.42
1288.42 0.0293293 -0.271361 362.962 0.167314 -2.95252 1364.84 0.145022 0.779529 0.889725 0.758247 1699.37 2.4379 0.892767 1679.53
736.59 -0.52893 0.777249 605.989 -0.0920503 1.69111 674.555 0.768873 0.610066 0.763601 0.79576 2194.07 -2.19892 2.39315 1580.14
455.822 0.070489 2.28302 284.825 -1.35962 2.56476 584.546 0.822576 0.645715 0.829694 0.809739 1235.63 -0.302071 2.58509 1124.83
904.032 -0.706296 -1.17839 628.034 -0.209792 1.34208 1494.63 0.659617 0.218924 0.743906 0.752003 1106.6 2.78469 1.44261 1996.42
808.11 -0.762749 -2.61624 372.3 -1.11031 -0.979452 865.654 0.669132 0.810497 0.497408 0.799353 1251.1 1.08788 2.06733 1285.71
389.596 -1.39395 0.790954 291.58 0.0894076 -1.12136 783.245 0.700051 0.7026 0.770308 0.66384 620.444 2.62334 1.83238 717.582
705.417 0.628854 0.749204 566.797 -0.0414511 -3.06289 1289.15 0.429457 0.352632 0.840427 0.801623 339.904 -1.40428 1.65861 1577.47
848.767 1.30705 3.0236 396.012 -0.601482 1.35229 1594.01 0.687916 0.247341 0.771179 0.630115 1160.51 -0.334421 1.68671 1409.59
652.756 1.28202 -2.99042 284.652 -1.30034 -0.0590125 1693.48 0.727174 0.699068 0.761808 0.80106 453.481 0.286134 0.345146 1014.28
438.177 0.767236 -0.890536 406.676 -0.626724 2.7917 1063.91 0.364844 0.322809 0.789841 0.825253 780.017 2.75138 0.0403161 996.822
328.146 0.833836 2.82434 274.947 -1.19048 1.82226 786.698 0.813405 0.461803 0.745036 0.795903 1079.66 -1.06736 2.39149 890.565
990.598 -0.0890884 -2.32145 472.542 -0.28721 0.408751 1358.31 0.453779 0.231585 0.57384 0.661056 962.591 1.86623 1.45748 1503.04
393.958 0.68818 -0.514748 306.09 -0.303855 2.01285 766.901 0.700283 0.401797 0.663741 0.753876 870.684 -2.15098 1.63623 750.413
560.042 -0.752944 -0.092516 297.738 -1.16666 -2.57092 852.001 0.479811 0.489794 0.632241 0.676489 1094.3 2.68225 1.03001 925.206
504.291 0.00886623 2.67393 467.848 -0.400141 0.256651 938.957 0.393529 0.582843 0.612795 0.729842 740.244 -2.31544 1.29382 1108.46
1552.3 0.284811 -1.43131 828.149 0.545683 2.498 2146.33 0.730136 0.638012 0.760518 0.679349 1634.67 0.877946 1.62005 2493.81
1020.72 -0.636661 2.29288 525.466 -0.576665 0.944272 943.313 0.535984 0.725545 0.338626 0.544254 2035.07 -1.05018 1.99445 1616.48
628.518 0.484603 2.58873 484.4 -1.22656 1.1126 1308.3 0.7598 0.500051 0.747197 0.733077 2048.25 -1.4961 2.19836 1260.97
276.135 -0.586689 2.08649 259.677 0.883702 -1.43305 687.012 0.758666 0.740727 0.797132 0.599113 144.454 0.224176 1.65723 603.675
944.659 -0.149901 -2.89559 625.422 -0.00687128 -1.33968 1109.23 0.14639 0.542435 0.667854 0.455871 977.594 1.58363 1.80396 2474.73
684.903 0.22009 0.158217 458.562 0.0212534 -1.46742 841.055 0.782382 0.559085 0.801939 0.824973 1797.63 2.91968 1.89608 1290.9
979.347 -0.063327 -2.93228 439.929 0.832972 -1.45665 1120.4 0.317833 0.228415 0.588222 0.728049 677.559 0.328911 1.78556 1497.58
361.873 -1.56633 0.454384 301.955 -0.435048 -1.90079 742.759 0.791772 0.615894 0.723938 0.795302 880.654 1.64699 1.1926 1052.91
965.611 -0.307163 1.49287 411.993 0.94837 -1.64225 1554.76 0.302401 0.423655 0.789012 0.822704 660.514 -1.30568 0.33657 1324.32
871.295 0.226683 2.92503 505.626 0.590628 1.05321 1128.8 0.624305 0.674798 0.678642 0.598227 870.497 -0.281175 1.33438 1719.61
603.067 0.162012 -2.83918 574.716 -0.0611076 0.58388 1188.55 0.507378 0.730668 0.762972 0.76139 624.707 -1.11683 1.70071 1133.96
900.556 0.426611 -2.03788 328.977 1.46066 -0.180871 1069.08 0.754095 0.498989 0.834328 0.752608 1077.92 2.30448 1.94083 1351.3
830.027 -0.476304 -2.21076 535.845 0.625537 1.17329 1558.48 0.327557 0.11411 0.575133 0.547161 907.53 -2.0503 0.16046 1648.8
681.394 0.0431523 0.133374 464.913 -0.3286 -2.92898 1227.96 0.0917842 0.179638 0.539483 0.707896 156.852 -0.459043 0.592417 1176.55
469.256 -0.0374628 -1.55172 400.757 -0.154247 1.43927 876.707 0.607051 0.503841 0.693442 0.630865 253.321 1.77877 0.339508 901.568
540.349 -0.967939 -2.43535 317.629 -0.255077 -0.0513526 847.071 0.713192 0.493235 0.802975 0.818807 1575.74 1.27937 1.33072 1052.69
467.14 0.0727005 0.620773 270.779 -0.364714 -1.69472 679.176 0.762907 0.472363 0.716767 0.768103 998.703 -2.60192 0.907199 798.292
748.943 -0.340869 2.74438 311.65 -0.726495 -0.724771 980.25 0.44236 0.827142 0.722663 0.806587 819.629 0.536252 1.26102 1099.97
811.163 -0.0921899 2.81295 335.164 -0.167679 -0.31182 1063.95 0.794737 0.396142 0.666808 0.584966 497.756 -0.336874 0.025054 1121.38
695.384 -0.889211 -0.893458 534.186 0.118484 1.52914 1332.99 0.446842 0.290394 0.802845 0.576555 611.773 -2.22625 1.33279 1531.11
726.758 0.365136 -0.255352 374.288 -0.0810298 3.13984 1070.88 0.339926 0.650998 0.676352 0.794321 1753.14 -3.13745 0.00589592 1220.59
1383.44 -1.05085 -3.11967 380.184 0.89187 0.270135 2193.15 0.737328 0.742269 0.804956 0.77048 267.531 -0.354695 0.62483 1988.5
733.711 -0.854067 1.50338 572.658 0.00652057 -1.18969 1402.05 0.62356 0.260939 0.764126 0.419445 529.229 2.40377 0.900395 1322.07
531.898 1.68956 1.46042 309.153 -0.610783 -2.99586 1331.38 0.46548 0.71342 0.581635 0.747126 905.393 -0.548472 2.00889 869.806
543.527 0.75663 -2.96207 278.951 -0.312708 -0.491513 887.257 0.693825 0.397963 0.718008 0.691361 952.251 -2.10246 0.859613 846.745
803.967 -0.844052 0.224221 679.778 0.791097 -2.723 2026.37 0.661873 0.126737 0.501595 0.786338 888.041 0.873242 0.649021 1479.22
1410.25 -0.068198 1.96382 316.231 0.347298 0.024533 1298.47 0.135065 0.608011 0.571372 0.70225 1765.65 -1.12376 1.14829 1937.27
402.298 1.14064 -2.26963 329.598 -0.772872 -0.664381 970.331 0.564161 0.356609 0.351213 0.814655 297.449 -0.625229 0.0391518 950.649
418.006 -1.15867 0.103712 318.851 1.4816 -2.28048 1453.24 0.515943 0.558051 0.790598 0.714608 859.043 2.35069 1.65202 705.696
988.486 -0.969344 -1.17784 594.308 0.383411 1.36635 1851.21 0.755602 0.702715 0.783177 0.686688 605.294 -2.5371 1.35926 1621.3
551.808 0.0942378 1.8531 319.707 0.10691 -2.69988 654.881 0.725087 0.694076 0.781211 0.865182 708.164 -0.522678 2.1772 1137.87
1204.22 0.916252 -2.85405 430.391 0.247005 0.482445 1533.6 0.710865 0.445516 0.778561 0.66776 794.403 -0.343089 0.825534 1830.78
588.37 -0.380973 -0.616676 437.122 1.59047 -2.85308 1515.91 0.464951 0.61502 0.659901 0.581506 1255.05 1.29591 1.91258 1016.74
451.005 1.06779 1.69992 283.955 0.447688 -1.59003 769.875 0.498557 0.621694 0.399465 0.735399 365.179 -1.38185 0.208181 737.905
1035.8 0.688782 2.09061 360.889 1.44772 -1.12083 1326.44 0.764872 0.292633 0.797145 0.458569 502.786 -0.646614 0.474212 1529.85
710.114 -0.42989 -3.12823 462.695 -0.0814537 -0.77583 1089.89 0.260431 0.759281 0.535203 0.798096 794.156 -0.157628 0.618202 1579.9
352.121 -1.03074 -1.88064 321.413 0.531711 -0.78676 693.715 0.487278 0.792598 0.791938 0.805182 918.813 1.32545 2.11221 842.314
1388.5 1.06245 -0.290995 489.441 -0.495492 2.34588 2146.09 0.765004 0.788885 0.727864 0.702133 1466.69 2.58132 0.235434 2348.09
497.95 0.27948 -0.138039 302.285 -0.536014 -2.88026 849.946 0.829982 0.668755 0.709482 0.75093 733.05 2.4799 0.92302 857.239
420.049 -0.805203 1.03636 358.851 0.265883 2.44689 689.756 0.67946 0.248353 0.770569 0.71958 722.367 -0.757337 1.7937 1057.49
796.579 -1.21521 0.633491 728.391 -0.158365 -2.04683 1733.61 0.701665 0.358448 0.803956 0.653693 585.252 1.42768 0.794186 1604.01
898.594 0.660674 -3.03068 727.997 0.282054 0.790511 1599.31 0.475689 0.468896 0.544177 0.674433 1286.61 -0.968214 1.75873 1675.84
376.759 1.54032 -0.973011 325.242 0.194216 0.522863 713.213 0.705125 0.491467 0.60567 0.549223 1982.39 2.83449 2.31163 706.814
708.451 -0.734812 -0.363096 460.69 -0.460417 -2.89823 1113.47 0.769364 0.796166 0.742132 0.863501 160.897 -0.593892 0.230796 1440.81
412.334 -0.357333 1.44772 306.035 -0.437088 -1.00052 694.684 0.607738 0.32942 0.851009 0.790383 425.648 2.65657 1.20885 838.555
393.746 0.489927 1.76279 265.28 -0.12837 -0.67934 682.182 0.27714 0.676742 0.727557 0.612489 911.528 -1.40176 0.722421 705.01
900.16 -0.103967 0.306264 487.855 -0.970691 -1.81533 1377.93 0.227392 0.419061 0.468045 0.219433 1399.23 2.66045 1.8074 1485.19
549.629 0.14759 1.82101 318.742 1.09744 -2.92485 770.672 0.421882 0.363373 0.505803 0.763221 1296.2 -0.275138 2.09615 1065.05
488.978 -0.0707239 -1.03232 394.893 -0.0840344 0.0830403 485.51 0.439128 0.454576 0.625572 0.387561 1146.43 2.76294 2.48792 1165.09
456.76 0.622341 0.682759 352.438 -0.674513 2.8285 912.698 0.672013 0.589469 0.876218 0.811655 1201.91 -2.24621 1.20848 825.434
774.052 0.487136 0.113654 553.107 0.0338108 -2.40214 1305.97 0.453701 0.449639 0.748715 0.640429 1076.13 2.51859 1.36246 1407.84
582.019 -0.106899 2.85117 395.891 -0.37938 -1.7026 753.389 0.761296 0.799545 0.78071 0.819364 1364.54 0.0635142 1.76612 1313.86
1328.74 -0.390532 0.637277 821.238 -0.156537 -2.18721 2121.12 0.775735 0.671812 0.512938 0.756203 736.868 0.600911 0.0363664 2396.61
843.796 -1.1145 2.7201 469.163 0.758905 -0.627043 1855.24 0.673158 0.406657 0.784872 0.576893 578.451 0.527006 1.15405 1771.36
606.097 0.016401 -1.3046 524.33 -0.767444 2.10075 1242.17 0.413705 0.718469 0.490959 0.821005 577.529 0.289586 1.59419 1156.97
942.036 -0.219874 -2.25563 398.83 1.2352 0.313814 1533.45 0.779063 0.713336 0.699449 0.613456 657.244 1.37017 1.05635 1713.37
495.785 0.842898 2.33037 413.83 0.654137 1.21926 559.031 0.516967 0.549905 0.577724 0.521844 330.465 -1.44224 2.51057 1264.59
853.109 0.322718 -1.3409 480.047 -1.08268 1.75696 1629.69 0.750558 0.271311 0.749543 0.830226 306.864 1.92962 0.172664 1290.71
988.704 -0.720323 -1.25875 803.983 -0.33267 1.77554 1883.6 0.492236 0.0196711 0.444392 0.623581 509.434 -1.6909 0.432142 1814.97
1333.16 0.228095 -2.01486 281.366 0.277772 0.778927 1239.69 0.0853446 0.727269 0.804769 0.817308 657.617 2.7832 1.48512 1574.49
467.991 -1.00598 2.46718 290.804 1.43066 -2.92513 1192.64 0.716273 0.81764 0.842185 0.741449 492.043 -0.12748 2.59466 983.131
1118.57 -0.0967126 -1.23857 267.239 0.28977 0.310622 815.119 0.762805 0.798785 0.710082 0.687987 1112.18 2.28755 1.97692 1489.52
1818.88 -0.110545 1.44166 362.505 -0.189509 -1.01614 1543.86 0.730025 0.482674 0.77431 0.761955 974.012 -0.586806 0.429335 2221.99
1208.65 0.409178 1.68676 874.534 -0.732762 -0.554321 2237.39 0.610889 0.58968 0.725663 0.679011 1027.56 -2.53619 1.98187 2385.15
930.677 1.36997 0.439273 638 -0.716478 -1.77235 2368.84 0.834536 0.562699 0.798754 0.780531 1293.44 1.81242 1.37315 1621.57
893.6 -0.55631 -2.56983 681.271 -0.164854 0.214892 1632.48 0.244217 0.177897 0.713874 0.40067 672.147 1.78819 1.5733 1562
369.063 0.500881 1.45949 368.72 1.03135 -1.87963 779.568 0.469502 0.197438 0.710442 0.894473 979.909 -1.34209 0.537541 757.541
360.916 -0.191737 0.280383 296.85 0.396953 -1.3129 562.237 0.572313 0.395493 0.331234 0.734628 1506.62 2.14838 1.86799 783.042
677.417 -1.02303 -0.959125 532.903 -0.734165 1.16302 1076.06 0.809477 0.459366 0.736069 0.707441 728.427 -2.62128 1.66215 1238.09
915.89 -1.46701 0.661871 777.864 0.856639 -2.93179 2950.53 0.861116 0.342238 0.73788 0.684573 791.492 -1.56354 1.36825 1665.65
963.095 0.340982 -1.0769 389.46 0.517685 1.56416 1229.96 0.282969 0.258637 0.633907 0.753176 1056.18 -3.0115 1.70753 1459.86
351.191 -0.425422 -1.75661 289.582 1.02428 2.56119 739.939 0.76286 0.737787 0.671846 0.786009 1935.94 0.726861 1.83433 829.561
573.515 -0.0638217 2.69354 445.027 -0.803712 -2.67456 602.384 0.684366 0.72207 0.811644 0.79478 1356.04 0.213587 2.47996 1272.53
1520.52 0.672113 3.06177 588.218 0.0424853 -0.0227106 2026.33 0.817728 0.610942 0.672691 0.674642 608.004 -0.130643 0.107933 2053.16
1225.05 -0.924036 0.673327 445.871 -0.742067 -2.11934 1475.23 0.637566 0.709539 0.848054 0.753135 1917.69 -2.59899 0.479651 1969.87
1822.29 -0.0440593 -0.466663 802.285 -0.157849 2.82492 2480.56 0.159662 0.228373 0.613728 0.727892 88.339 0.0966973 0.563361 2860.74
358.466 0.320406 0.970852 265.314 -2.34027 1.73305 1136.41 0.46006 0.608658 0.853516 0.86083 1112.38 -2.04641 2.50373 814.996
1314.17 0.681672 -1.62644 487.156 0.739005 -2.97696 1028.05 0.482552 0.49231 0.602388 0.557725 2404.87 1.46095 1.84527 2033.61
769.877 0.840644 -3.04135 547.519 -0.703861 0.926033 1648.53 0.41488 0.441029 0.726713 0.685237 1600.15 -0.803777 1.72981 1302.93
448.172 0.319689 -1.09862 293.453 1.00117 2.81327 732.37 0.306989 0.704632 0.824609 0.711057 724.738 1.75306 1.06022 875.962
666.99 -0.127473 2.6442 297.196 0.265075 0.411717 868.759 0.238109 0.398976 0.43422 0.544345 24.2971 -2.86567 0.773316 1098.25
1534.64 0.23149 -0.24932 933.9 0.203367 -2.99917 2397.1 0.606354 0.34586 0.577673 0.415987 1067.71 1.94347 1.34054 2565.87
1152.69 -0.958524 0.448306 1137.03 0.360341 -1.89785 2673.98 0.486581 0.447049 0.53898 0.728495 1347.81 2.295 1.8467 2383.64
768.958 0.516993 -2.42523 579.205 -0.269891 1.39468 1384.97 0.718809 0.736885 0.514553 0.76123 1127.46 -3.05016 0.62494 1610.17
833.883 -0.26615 3.09948 456.143 0.123655 -0.542302 1242.42 0.442303 0.703962 0.564576 0.66648 49.0358 2.18117 0.918304 1376.62
1504.07 0.419012 2.07041 398.716 -1.26001 -2.59388 1851.08 0.675769 0.466486 0.813848 0.82873 1923.93 -0.486231 2.10765 1938.51
886.98 0.951487 1.08314 675.801 0.0872586 -2.99275 1592.09 0.521634 0.106376 0.606901 0.692383 1277.26 -1.06038 1.93237 1679.06
517.957 1.07121 -2.84598 463.879 0.627632 2.43214 532.261 0.713932 0.594767 0.773783 0.711185 589.483 -0.510533 2.33545 1447.25
635.982 -0.531655 1.9493 548.989 1.45322 -1.23895 1842.03 0.176875 0.550713 0.641696 0.746203 678.454 -1.72401 0.485069 1407.88
332.696 1.36727 0.714777 302.566 -0.0530095 3.08971 778.113 0.625315 0.670369 0.802567 0.71245 1198.89 -0.46 1.17478 628.596
929.878 -0.262566 2.11594 686.156 0.501478 -0.312485 1662.71 0.538566 0.159408 0.759289 0.682271 1545.11 -1.5477 1.23521 1616.48
786.745 -0.950737 -2.23511 711.88 0.777541 0.257004 2047.37 0.417276 0.562665 0.787058 0.641387 1012.63 1.72737 1.47037 1656.06
1044.5 0.128001 1.17704 426.152 0.517734 -2.87152 1242.51 0.382601 0.435495 0.835425 0.815556 1243.3 -1.38804 1.48348 1538.69
910.383 0.114942 -1.34426 321.932 0.727286 2.62855 1066.76 0.322642 0.767934 0.714698 0.666613 1266.22 1.58973 1.03882 1299.62
837.081 -0.631493 0.616065 448.54 -0.188719 1.72134 722.035 0.796234 0.229335 0.852724 0.553793 1455.13 -2.04119 2.52066 1688.85
718.992 0.878831 -2.30487 575.275 0.184987 1.26146 1376.95 0.0609789 0.49595 0.849124 0.7229 498.339 -0.0548575 1.31632 1311.05
595.422 -0.188707 0.665187 547.737 -0.214949 2.73699 994.302 0.317671 0.551208 0.846948 0.755677 1515.73 -2.09065 1.45555 1158.89
523.328 1.19952 0.738279 465.522 0.743108 -2.56999 1060.07 0.301754 0.442917 0.553345 0.449552 484.317 -0.375412 1.11369 994.779
882.481 0.805061 0.61814 316.37 0.826315 -2.82627 1056.08 0.764824 0.656154 0.800667 0.744769 1052.8 -2.62204 0.204222 1356.22
2371.94 0.00611619 -0.91501 862.682 0.173581 2.0737 2880.76 0.732228 0.47022 0.714532 0.880793 763.84 2.59133 0.517629 3201.21
675.53 0.638463 0.533172 304.165 0.250347 -1.32041 757.148 0.745782 0.442326 0.649702 0.820313 488.82 1.70694 1.17377 1335.45
635.012 -0.51518 -1.48045 378.998 -0.022256 -2.67235 643.659 0.630289 0.406201 0.720384 0.805224 488.512 1.60951 2.00132 1394.4
977.663 1.42551 0.107132 657.921 -1.25519 2.95313 3281.97 0.190685 0.755339 0.753613 0.780475 509.377 -3.06001 0.27005 1816.86
561.452 1.05934 3.12487 428.281 0.939291 0.424065 962.109 0.60881 0.590057 0.84682 0.707446 382.496 -2.16804 0.990269 1100.78
872.25 -0.327622 0.314764 396.818 0.0415338 1.37442 662.784 0.413592 0.737063 0.444006 0.721823 1822.09 -2.55346 2.3553 1335.12
487.077 -0.36585 -3.01244 281.534 -1.30151 -0.00461654 845.534 0.457461 0.809591 0.63628 0.731041 1229.65 -0.330002 0.325386 940.965
895.778 0.888872 -0.626498 320.64 -0.081262 1.95501 1176.4 0.709532 0.588229 0.761794 0.698373 669.866 -3.08192 1.24625 1548.72
551.195 1.23984 -2.82869 362.458 0.509914 -1.21945 736.918 0.727907 0.359508 0.436406 0.682271 1138.14 0.778413 1.99786 977.987
529.263 1.23616 -1.07122 434.899 -0.579543 1.52861 1363.35 0.480213 0.667306 0.650819 0.745893 886.035 -2.03721 0.965997 972.115
1384.47 1.00071 1.78945 734.849 0.760133 0.0221623 1594.94 0.592687 0.812944 0.768204 0.833306 2107.09 -1.81151 1.83368 2131.46
548.792 0.560778 -1.18021 495.193 -0.0175897 0.380806 867.055 0.648085 0.607148 0.801954 0.784395 1957.63 2.63551 2.2547 1304.38
475.926 -0.140338 -2.20018 312.453 1.5539 1.82613 1031.46 0.234139 0.474695 0.778646 0.674643 528.384 0.118748 1.70738 972.804
592.083 0.445071 -2.05741 277.416 -1.52007 1.14623 1259.33 0.511156 0.423027 0.605121 0.612746 335.665 0.9083 0.237931 886.137
528.143 0.0857963 -2.47744 439.285 -0.745715 -0.627943 908.013 0.838657 0.723482 0.745687 0.622106 1547.84 1.5731 2.20104 1142.76
697.69 0.913096 2.80174 568.785 -0.0683888 0.619415 1347.02 0.319689 0.765179 0.455719 0.569188 957.074 -0.960971 1.58039 1478.85
543.597 -0.333829 -2.06584 302.346 1.01102 2.37788 883.727 0.64592 0.390595 0.642298 0.727155 1040.49 0.827993 1.54989 1065.28
1047.41 0.480161 2.78147 262.219 0.0151795 0.865339 964.35 0.0657137 0.52126 0.49065 0.490299 1613.91 -0.511074 1.37641 1418.86
332.88 0.486997 -1.68956 291.437 -0.47781 1.53806 711.983 0.7606 0.397597 0.752981 0.811739 73.953 -0.0521565 1.59021 584.378
954.531 -0.169849 -1.95721 700.566 0.466775 1.80693 1655.88 0.478937 0.635229 0.400767 0.816511 1339.99 1.33514 0.471781 1855.58
355.185 1.54258 -2.2799 302.034 0.882508 0.629318 714.336 0.767778 0.30595 0.625104 0.68791 468.008 2.48819 1.5151 832.079
785.233 -0.584224 1.44914 387.771 -0.796959 -1.03049 1112.81 0.401688 0.168914 0.843365 0.778376 808.12 -2.8114 1.78092 1217.84
412.477 1.57479 1.18102 322.841 -0.420233 -2.67066 1107.44 0.446714 0.665645 0.78434 0.782358 167.356 -2.22402 0.446641 830.282
1385.17 -0.950161 -2.01553 813.864 0.19411 1.21513 2631.15 0.137575 0.0778365 0.359771 0.256526 750 1.18919 0.0259339 2323.89
503.695 1.22028 2.79581 269.306 -0.533891 -1.39804 984.079 0.667821 0.840279 0.72156 0.782329 983.416 1.81399 0.981817 945.239
1241.95 -0.360454 1.60022 449.647 -1.132 -1.08969 1584.46 0.738768 0.581246 0.723212 0.830309 1046.44 -2.09021 1.00052 1683.65
893.366 -1.10688 -2.30478 392.265 -0.397635 2.38958 974.995 0.583092 0.682857 0.439486 0.738228 2329.59 0.306252 2.08333 1640.29
464.306 -1.22905 0.0248786 336.124 -0.742153 -2.90838 835.782 0.294318 0.760156 0.661134 0.663072 850.447 -2.91934 0.0109642 1157.53
304.586 -0.258978 -2.80804 297.952 0.795761 0.897209 680.195 0.592042 0.798538 0.700669 0.799698 354.03 -1.80359 1.00445 619.025
554.222 0.297512 -1.37365 359.021 -0.112404 2.71863 858.49 0.726047 0.203499 0.732766 0.705238 763.231 0.997996 1.72064 1010.31
558.046 -1.05908 1.71345 311.237 0.567762 -2.76058 1016.5 0.700858 0.717666 0.714797 0.844798 920.825 -1.54569 1.21489 1059.91
546.91 0.456178 1.40121 376.859 2.77721 1.61718 1344.61 0.790706 0.770518 0.811537 0.864274 1582.04 -1.70227 2.96374 919.025
380.511 0.477639 2.45241 350.252 -0.058269 -1.82802 661.325 0.694819 0.579072 0.833088 0.713228 784.636 0.892093 1.56032 740.922
491.176 0.044838 -2.64104 455.292 1.9443 -1.88335 1155.12 0.30478 0.325654 0.711678 0.684823 2008.41 0.493217 2.37657 960.778
680.85 -0.978126 2.18181 372.353 1.28216 -0.104057 1678.52 0.44403 0.754087 0.835329 0.857813 819.948 -1.96946 1.8654 1075.15
428.035 -0.284016 1.68668 323.585 -0.859092 -2.05407 754.82 0.612808 0.340885 0.813578 0.769092 379.09 0.14921 1.53747 789.247
1023.25 -0.389155 1.10771 462.118 0.0931555 -1.6765 1435.82 0.599539 0.280117 0.339721 0.830418 937.221 -2.57501 0.89851 1596.82
436.315 0.751757 -1.57589 295.827 -1.06883 -0.356246 865.027 0.159672 0.401043 0.614715 0.51904 1437.73 2.25186 2.45544 847.359
765.212 0.0642034 1.83749 568.992 -0.0294319 -1.30352 1330.89 0.791698 0.595794 0.758709 0.604043 983.603 0.426767 1.41073 1487.25
846.458 0.463007 -2.27253 387.678 0.860738 0.262977 1128.2 0.663274 0.299349 0.770628 0.821124 973.832 0.835105 0.572127 1393.03
581.615 -0.440619 -3.08402 262.701 0.686008 1.21497 809.57 0.549758 0.550489 0.772673 0.701534 1823.34 -1.09502 1.989 916.908
728.271 -0.669803 -2.93258 691.67 -0.272427 -0.0211602 1446.24 0.812291 0.316065 0.701631 0.684177 1015.17 -0.125947 0.104787 1675.77
436.075 -0.262798 0.825877 303.474 -1.86744 -2.39577 991.245 0.527737 0.528671 0.68731 0.66287 532.086 -2.27032 0.125454 709.884
490.458 -0.433037 -1.04583 410.629 1.42716 2.35847 1324.28 0.793691 0.800229 0.780055 0.799231 72.5581 1.57331 0.785161 972.195
753.342 -0.0299924 -2.15758 621.56 -0.486846 2.80815 939.517 0.0843514 0.43734 0.66509 0.743584 2204.09 0.412464 2.39569 1412.43
440.384 0.56734 -2.74644 411.159 -0.00431305 -0.525852 814.595 0.620381 0.726575 0.894659 0.755858 873.432 3.06518 0.471567 945.754
391.55 -0.836296 -1.88708 349.061 0.81262 -0.152594 891.526 0.71069 0.709514 0.778785 0.749458 606.932 0.0773204 0.229915 968.505
722.616 -0.335764 -0.50268 498.453 0.0550288 1.31621 982.795 0.778088 0.768078 0.8345 0.715143 1221.54 -1.87696 1.37428 1491.06
1281.74 0.247012 0.185109 423.584 0.636327 -2.03433 1364.15 0.663577 0.35076 0.603327 0.313461 1373.63 2.82467 1.42419 1793.48
887.655 -0.107784 -3.0697 423.48 -0.50043 0.646914 1230.43 0.584833 0.791372 0.689215 0.736202 814.047 0.0482912 0.598622 1655.88
868.286 0.328151 -2.69374 467.891 -0.0185468 0.230035 1336.37 0.685855 0.20951 0.691266 0.829328 417.693 2.47019 1.11926 1476.57
555.558 0.180692 -0.592497 440.948 -0.472318 -2.56223 932.691 0.521846 0.352615 0.327811 0.659718 904.442 1.6925 2.02846 1320.09
655.207 -0.0965774 -0.819872 331.58 1.42189 -2.38567 1040.3 0.433379 0.714169 0.580434 0.645484 1240.51 1.81403 2.08349 1142.92
369.872 0.560829 1.17253 336.624 0.155833 -0.343054 535.128 0.662631 0.547785 0.77857 0.804339 1065.71 -2.27495 1.93189 736.724
477.494 -0.0520727 2.36674 313.446 -0.952653 -0.0958244 819.95 0.379927 0.700917 0.816984 0.750268 1247.49 -1.26711 1.17128 802.176
570.395 -0.229308 2.02502 366.567 -0.534197 -0.467363 889.33 0.287813 0.653251 0.713174 0.745943 1763.54 -1.84816 1.38079 1039.39
961.166 0.579319 -2.99915 489.363 0.673764 -0.560166 1313.52 0.428373 0.307978 0.425938 0.667236 360.283 -0.477778 0.0823876 1695.03
1156.91 1.19667 -2.66193 756.779 0.227745 1.87464 1736.68 0.49807 0.475474 0.876314 0.765644 454.305 -0.269694 2.14434 2709.87
676.388 0.255377 2.13088 495.481 -0.358122 0.961988 759.816 0.787162 0.513599 0.842948 0.803997 1852.09 -1.78574 2.36656 1322.76
857.37 -0.126715 -0.589374 293.759 0.358579 3.05479 1033.49 0.681455 0.410581 0.625649 0.713301 1430.55 1.95966 1.09514 1339.29
678.281 0.265014 -0.370524 341.918 -0.406388 1.77168 916.359 0.347172 0.625481 0.771063 0.696537 1297.23 2.83017 1.05849 1240.9
395.37 0.161722 -0.280703 317.766 -1.03774 1.70234 768.296 0.319425 0.705649 0.366024 0.810984 593.522 -1.87036 1.58965 830.937
1331.59 -0.0917344 0.239367 507.044 0.465389 -2.88899 1780.79 0.272014 0.301722 0.831051 0.229716 474.7 -3.10202 0.21303 2080.22
871.678 -0.172819 1.10661 666.86 -0.0912068 -0.957427 1472.88 0.480404 0.660304 0.536137 0.714723 1512.43 -2.70673 1.7493 1532.53
1512.58 0.100772 2.64752 603.489 -0.682956 0.605199 1817.07 0.763716 0.750053 0.807861 0.641816 1931.22 -1.29356 1.89876 2359.28
876.531 0.210799 2.53123 313.511 -0.747084 0.546915 1027.53 0.483615 0.700295 0.65359 0.770399 1310.32 -1.56936 2.11628 1330.97
1129.46 0.912306 2.59024 256.636 1.00703 0.240529 1021.66 0.684159 0.352822 0.79023 0.680572 1287.62 -1.41071 1.65124 1612.2
1838.47 0.109111 -1.91421 532.826 -0.503557 1.28185 2121.91 0.574579 0.297103 0.355116 0.659713 472.84 1.28548 0.00362182 2360.47
965.271 0.567487 -2.70505 375.958 -0.362891 -0.0816241 1315.12 0.683579 0.553194 0.765146 0.749934 1077.8 0.7637 0.845325 1350.03
843.344 1.04438 -2.85976 253.75 0.822475 -0.449986 883.59 0.773721 0.513943 0.786758 0.463583 1195.24 0.766899 1.21688 1404.91
646.503 0.349456 2.41108 437.523 1.3498 -0.0572606 1203.65 0.233258 0.577418 0.68818 0.805705 1011.05 -1.39715 1.33988 1065.95
850.558 0.482907 -1.21668 359.082 0.814427 2.63015 1109.2 0.713297 0.519 0.836792 0.60192 1667.01 1.7112 0.918948 1185.36
696.719 0.00388004 -2.52963 559.51 -0.0907884 0.335588 1274.65 0.0654827 0.122144 0.492305 0.536636 778.298 1.16754 0.831952 1259.94
1898.88 -0.985117 -1.07612 989.193 -0.0616295 2.86355 2875.64 0.740307 0.739268 0.808604 0.722783 1204.99 1.68459 1.17895 3157.26
603.585 -0.589686 -0.750559 275.246 -0.828343 2.713 829.781 0.731954 0.681967 0.766603 0.735702 547.664 2.44941 0.263591 909.643
635.249 0.608387 2.14088 311.535 0.773094 -1.12904 914.996 0.475707 0.709817 0.536755 0.723182 165.319 0.398565 1.5276 924.221
681.029 2.01357 -2.08558 263.283 -2.61259 2.35191 4296.07 0.721488 0.340437 0.769077 0.757395 1103.87 0.606728 1.74518 907.823
1158.35 -0.345011 1.31615 792.677 0.391361 -1.30342 1991.54 0.485263 0.648618 0.646684 0.714434 1281.03 -1.43846 0.135041 2349.74
637.596 -0.446838 1.13737 496.412 0.741672 -2.25567 1357.45 0.695032 0.17549 0.85675 0.683573 451.232 1.54314 0.405771 1285.08
807.93 0.608473 -2.39029 807.285 -0.161809 0.232285 1691.63 0.683273 0.429666 0.637374 0.672415 412.846 -1.54945 0.840842 1860.27
281.785 0.0275707 -0.38255 250.37 0.833987 3.04195 603.601 0.60785 0.356792 0.807017 0.766001 614.674 2.75478 0.287171 499.7
517.321 0.200426 1.01071 336.807 0.575852 -2.39468 882.386 0.251248 0.554263 0.457844 0.82265 284.898 -1.23504 1.15964 839.155
557.587 -0.243647 2.05723 311.168 1.03316 0.0169874 929.76 0.751494 0.616252 0.793493 0.525215 1783.64 -1.47976 1.49675 880.369
733.483 -0.212659 -0.459184 275.328 2.308 2.1769 1708.17 0.639941 0.598315 0.685605 0.733162 1038.27 2.61716 0.440261 1113.04
684.557 0.224849 -1.25192 608.348 0.00651184 0.503182 1019.09 0.582665 0.393458 0.828738 0.677977 739.639 2.93596 2.09531 1657.9
1193.59 0.21078 3.00385 917.066 -0.562457 0.550174 2195.09 0.607234 0.133564 0.822901 0.357537 963.882 -1.30978 1.85996 2373.82
722.756 1.58272 0.227086 352.653 -0.275003 -2.91179 1485.4 0.620223 0.543675 0.781196 0.833728 435.807 0.449842 0.222756 1126.97
640.669 -1.43439 -1.38335 442.003 0.447249 2.25917 1571.24 0.780421 0.790206 0.803914 0.788646 171.916 0.803063 1.4561 1145.89
365.42 -0.33894 -2.26598 342.308 -0.53454 0.980205 766.319 0.385842 0.69461 0.724854 0.734958 268.651 -2.01889 0.247092 734.209
937.045 -0.855559 3.06417 312.006 -1.06553 1.09435 916.289 0.167184 0.669855 0.730592 0.647042 1838.74 -0.486001 1.58035 1345.73
587.13 0.531489 -0.461268 387.632 0.715807 -2.30234 781.258 0.807562 0.846661 0.838653 0.769376 1222.16 2.32723 1.65361 990.072
710.486 -1.05253 1.85085 383.469 -0.328655 0.138178 893.122 0.673153 0.79037 0.774956 0.775248 644.546 -1.48204 1.62022 1405.97
427.897 -0.526278 2.06024 287.016 -0.346388 -0.587118 697.15 0.498967 0.666086 0.808111 0.728912 1818.56 2.6683 0.608058 749.801
817.834 0.624524 0.641853 697.792 0.468522 -2.11147 1503.72 0.770889 0.522629 0.808021 0.426363 1081.87 1.37796 0.736107 1567.76
613.485 -0.0671711 -3.10948 375.259 0.738607 -0.887627 992.616 0.28624 0.237749 0.679863 0.453737 915.089 1.45308 1.72063 994.485
274.943 1.8727 -0.904506 252.141 -0.140438 0.379973 713.333 0.436197 0.533303 0.69722 0.626183 816.062 -0.485066 0.419439 721.517
464.387 0.649067 -2.26711 280.174 -0.818324 0.0663555 888.154 0.538522 0.417004 0.602927 0.713803 1995.91 0.898678 0.832323 777.881
590.665 -0.711468 0.28298 524.824 -0.185152 -0.877069 704.364 0.632956 0.392144 0.625308 0.624534 1480.97 2.92871 2.47741 1170.51
1171.38 -0.287653 -1.83721 469.261 -0.317418 1.39732 1491.32 0.772832 0.708767 0.762706 0.775203 381.843 -2.94247 1.10526 1819.6
686.674 -0.165498 2.14718 447.134 -0.963967 -0.881414 1221.33 0.533692 0.428284 0.77676 0.386841 787.665 -0.904253 0.0228386 1353.75
404.815 -0.112415 -2.22812 312.039 0.15059 -0.112999 645.72 0.293658 0.27037 0.454938 0.779729 1395.03 2.16483 1.89024 696.73
744.983 0.717106 -2.0903 250.704 0.516728 1.36097 874.079 0.609403 0.651508 0.81636 0.682099 696.013 1.113 0.247977 1126.16
557.63 -0.320035 -2.92091 375.905 0.0994882 1.35335 807.171 0.845156 0.641755 0.794216 0.832406 818.593 -0.94597 1.97495 1117.64
761.643 -0.742556 -1.47678 303.618 0.335035 0.306653 930.516 0.78399 0.698087 0.739533 0.733733 1845.55 1.26618 0.959526 1075.76
728.285 0.608586 0.400869 444.489 0.718766 1.82336 757.654 0.814374 0.561475 0.777665 0.762786 1241.71 -2.55801 1.90182 1335.05
692.589 0.606498 0.116377 689.6 -1.35576 -1.30748 1848.73 0.408214 0.555122 0.559113 0.728765 564.87 1.99783 1.88145 1766.28
941.336 -1.2888 -2.85939 392.88 0.406741 0.251952 1692.83 0.748896 0.591208 0.804517 0.668273 728.979 -1.39775 1.46164 1986.84
701.952 1.30627 -1.93169 311.69 -0.893076 -0.650401 1378.6 0.771797 0.570153 0.758013 0.728337 1018.67 2.04569 2.30581 1053.99
503.255 -1.16135 0.457154 399.172 -0.373007 3.02552 944.065 0.319204 0.692346 0.789381 0.803166 723.955 -2.93256 0.325109 1246.63
681.454 0.571433 -2.06978 484.521 0.66687 0.15447 1044.71 0.823551 0.739619 0.789057 0.736933 941.704 2.24585 1.96755 1224.65
499.793 -0.362744 0.771596 381.333 0.46276 2.80596 904.853 0.152855 0.67887 0.828731 0.796516 1341.58 -1.07986 1.85146 1065.58
434.203 -0.0533957 -0.237478 372.422 -0.0604514 -3.04284 804.559 0.332628 0.499564 0.608904 0.417564 873.729 1.99798 1.24237 1034.8
563.517 0.690716 0.109725 404.341 1.14062 -1.94587 857.524 0.343744 0.490519 0.52008 0.80362 1513.52 2.66089 1.67642 1032.89
626.795 0.104496 0.608099 421.827 1.34636 2.87779 1165.92 0.159121 0.474476 0.767967 0.746834 1132.62 -1.85372 1.55168 1137.64
415.596 -0.710454 2.26377 252.364 0.264603 0.854689 552.639 0.500964 0.372173 0.754455 0.741524 1471.6 -1.39671 2.2514 720.95
598.244 -0.657403 -1.3048 346.202 0.942976 3.11581 1115.97 0.5233 0.335944 0.700493 0.774838 876.357 1.25524 1.86057 1097.52
1448.42 -0.189088 1.79727 1226.33 0.446762 -1.14831 2805.48 0.332996 0.684192 0.372439 0.745828 1470.82 -1.95009 0.801773 3042.07
693.777 0.294676 -1.17613 494.684 -0.16958 0.782396 1017.89 0.676526 0.633948 0.743233 0.807413 806.467 3.11297 1.99408 1373.79
633.119 0.378085 1.86287 617.581 0.940699 -1.78652 1279.53 0.455087 0.440633 0.614455 0.76177 450.037 -1.14892 0.637598 1256.72
713.307 0.093746 -1.97748 324.774 0.740566 1.3008 1022.07 0.605929 0.369993 0.724993 0.720123 33.786 1.58422 0.283418 1146.06
764.521 -0.589954 -1.53753 760.048 -0.520671 2.66589 1326.97 0.738445 0.774367 0.730877 0.72454 563.86 -2.07868 0.541156 2328.92
490.041 0.523223 -1.47631 270.179 1.35891 2.90452 733.059 0.374177 0.840702 0.727513 0.83825 1311.03 1.04892 1.8556 870.192
408.18 -0.872233 -0.113526 291.958 0.347664 2.82537 830.915 0.630416 0.687339 0.80085 0.723066 340.728 -2.43032 1.02749 736.548
761.078 0.323393 1.65855 254.3 0.530677 -1.42785 908.574 0.252126 0.58527 0.798832 0.793382 1648.83 -1.48053 0.0526788 1168.89
392.026 0.0810489 -0.782462 290.297 0.5824 1.75422 723.329 0.14622 0.333258 0.525401 0.722936 883.526 -2.85093 1.67804 784.99
935.579 -0.614822 -0.570361 519.92 0.152379 1.57202 1345.11 0.632087 0.525076 0.733863 0.674991 1377.2 -2.71117 2 1536.99
1153.01 -0.862944 -0.970254 745.131 0.595925 1.63679 2324.81 0.389239 0.159032 0.810518 0.547863 940.875 3.0039 1.36712 1962.09
1114.74 -0.265442 -1.20092 409.729 -0.505701 2.11505 1382.49 0.596647 0.710723 0.775406 0.700356 816.244 1.53036 0.584683 1585.56
594.101 0.599396 -0.300603 361.517 -0.073936 -1.94137 786.36 0.293812 0.379362 0.680511 0.808644 2031.37 2.47383 1.86799 929.769
741.303 0.20486 0.14362 366.898 0.925067 -2.06203 1044.89 0.177324 0.39826 0.686481 0.726495 689.473 2.8372 1.38395 1223.34
738.369 -0.560315 0.926171 399.472 -0.563369 -2.59684 1098.81 0.311142 0.767526 0.593477 0.824537 712.838 -0.673455 1.59963 1211.13
639.209 0.417158 -1.77674 287.079 0.369513 1.4982 872.838 0.69821 0.714294 0.799017 0.658539 1875.53 1.2169 0.281303 1026.85
872.746 -0.050828 -0.280162 255.376 0.550225 2.02163 922.081 0.713727 0.372449 0.856574 0.702628 613.181 -2.27753 1.98403 1331.57
923.78 0.956145 1.17665 330.53 -1.51896 0.88704 1813.13 0.121938 0.770535 0.639341 0.869528 1091.98 -1.21748 2.10452 1537.82
1394.55 -0.21673 0.929574 349.513 0.216423 -3.06069 1325.74 0.453881 0.481199 0.750839 0.659137 1478.93 -2.74198 0.318707 1816.19
675.746 0.328976 0.109142 418.999 0.61481 1.52022 717.518 0.28722 0.201445 0.763451 0.831858 1814.91 -2.29261 2.40175 1159.86
1163.57 0.257584 -2.39645 343.29 0.559158 0.942167 1310.75 0.431039 0.530235 0.758642 0.479743 783.758 0.615356 0.326811 1477.03
724.753 -0.602067 -0.225133 716.201 0.325201 2.66492 1616.27 0.637338 0.286166 0.566321 0.590471 797.943 -0.725228 0.500095 1557.78
715.999 -0.0548077 -1.40207 291.325 0.316948 1.6736 962.957 0.277083 0.749453 0.710889 0.765348 635.813 1.97772 0.304117 1074.9
1130.19 0.0101129 0.348686 423.519 1.14143 -2.49219 1629.36 0.271384 0.28086 0.582061 0.534935 1591.96 -2.93492 0.442727 1708.33
566.615 0.240471 -0.343277 326.738 -1.26136 -1.95848 951.897 0.685191 0.556864 0.819927 0.647084 831.538 2.51013 1.81458 943.555
734.494 0.378776 -0.794204 350.286 1.02125 1.48736 1005.17 0.456963 0.405637 0.501889 0.756002 886.48 -3.11082 1.685 1220.01
617.727 -0.15068 -2.5073 267.836 1.12736 -0.0168698 959.9 0.323323 0.753568 0.838705 0.844348 1351.01 1.3019 1.31877 1115.73
425.249 0.648037 -2.62919 366.042 -0.557427 0.666839 950.422 0.359052 0.71243 0.778663 0.721833 1284.22 -2.1069 0.522291 891.984
485.307 0.00903765 -2.61423 460.576 0.477584 0.777707 996.183 0.672544 0.228277 0.646038 0.664492 146.903 -0.924208 1.69002 980.779
1044.75 0.00126353 -1.13233 724.734 -0.167643 2.25925 1740.05 0.793066 0.295967 0.767147 0.793702 701.32 0.83745 1.4218 2287.86
819.728 -0.217539 1.0897 334.942 1.56292 2.6917 1309.96 0.667144 0.808989 0.748354 0.91903 497.681 -1.86419 1.72729 1332.9
749.533 -0.211644 1.3692 401.341 -0.37328 -0.885712 1043.81 0.3235 0.415366 0.66795 0.565448 1224.61 -2.85477 1.96906 1363.79
645.299 0.0291537 3.11267 366.318 1.36028 -0.573275 1174.95 0.465542 0.641127 0.734834 0.735387 1189.35 0.361926 0.935201 1028.84
466.622 1.23236 1.98674 408.124 -1.26546 1.43423 1422.21 0.607566 0.737387 0.611403 0.80976 1300.45 -1.34383 2.77806 1082.64
644.17 1.59702 -2.93856 573.77 -0.079581 -0.362646 1648.78 0.714778 0.577623 0.806782 0.425865 936.443 -2.88369 0.0548661 1670.87
489.947 1.35155 2.70267 278.695 0.228526 1.80572 571.42 0.256533 0.397078 0.396112 0.722198 486.446 2.04574 0.240028 1371.82
648.897 0.523886 -0.431424 557.508 -0.624615 -3.12136 1400.5 0.813564 0.629335 0.805411 0.661011 551.872 1.29142 1.72285 1339.72
411.736 0.272149 -0.674668 311.24 1.39721 -2.77985 823.431 0.217749 0.655504 0.850514 0.808538 497.501 0.862301 1.53697 1051.79
1050.17 -0.262032 -1.72983 523.585 -1.47374 2.6186 1562.29 0.762296 0.513196 0.708745 0.782155 1338.03 0.840408 1.77819 1552.06
966.47 -0.206372 -2.67919 420.003 -0.162012 -0.945752 996.026 0.464693 0.636138 0.692983 0.734416 2185.35 0.907933 1.85368 1378.48
995.602 -0.56851 -0.556832 971.46 0.326487 2.06918 2162.85 0.356394 0.532551 0.548701 0.759854 936.502 -2.20363 1.64679 1987.72
572.89 -0.493189 -1.13232 390.336 -1.61298 1.85731 1118.95 0.306306 0.421407 0.521686 0.651138 590.203 2.24724 0.389931 1073.85
583.402 -1.51426 -0.486575 445.169 -0.444543 2.59794 1186.03 0.869114 0.256296 0.810422 0.830975 117.168 -2.24836 1.43688 1002.15
508.805 -0.637852 1.48366 276.701 0.213854 2.81697 587.611 0.762873 0.746094 0.773804 0.61308 1387.12 -0.985453 2.46911 946.415
453.774 1.36732 2.02476 309.448 0.738841 1.04256 445.486 0.788197 0.578771 0.710656 0.504227 843.572 -0.936808 1.97937 957.612
526.99 1.18314 -0.533677 470.767 -0.558364 -3.05965 1377.52 0.137283 0.517291 0.784704 0.709535 548.393 1.40426 1.81927 969.592
521.167 0.114778 -0.8219 303.866 0.830332 2.59563 842.838 0.635439 0.733327 0.555782 0.677761 1021.75 2.19699 0.398633 942.752
835.449 -0.28518 0.766966 562.57 -0.349882 -3.03157 1352.88 0.656514 0.339172 0.705346 0.819866 1676.2 -1.07345 1.84042 1578.21
1184.54 1.30375 0.10408 514.523 0.539738 -3.04429 1735.97 0.653768 0.460012 0.697565 0.407944 151.258 -0.237871 0.341951 1755.58
365.251 0.645974 2.37269 346.148 1.95938 1.34412 644.058 0.684715 0.828654 0.696014 0.780404 751.607 -1.15321 2.49733 863.532
765.965 0.143775 -2.78237 294.269 -0.218401 -1.18948 721.645 0.635636 0.801143 0.64791 0.711847 813.349 1.00192 2.1914 1291.92
848.24 1.28364 2.05373 614.745 -0.835563 -2.24214 2241.81 0.354538 0.474215 0.54074 0.849409 314.288 -2.97181 0.729673 1856.63
513.89 -0.717528 -1.52903 305.689 -0.649368 -2.88441 526.016 0.367433 0.592437 0.760472 0.723566 792.747 2.1229 1.27587 1092.81
304.245 1.40158 -1.86714 267.677 1.2001 1.11487 583.963 0.680828 0.547492 0.628756 0.83589 109.128 2.55473 1.43986 545.842
804.462 0.451967 -2.12299 528.246 -0.492869 1.14713 1484.34 0.460424 0.633139 0.790704 0.615477 288.686 -0.622508 1.50048 1970.38
764.29 0.377844 0.70115 471.166 -0.175017 -2.6449 1254.55 0.802684 0.588459 0.72742 0.589492 573.194 -1.94205 0.702845 1290.12
1234.75 0.792576 0.450371 664.815 -0.953111 2.35643 2331.95 0.69359 0.786746 0.834578 0.790215 1836.15 -1.8506 2.07615 1938.87
689.743 0.822658 0.827926 328.245 -0.284222 3.10977 1049.27 0.172158 0.502605 0.41366 0.565818 1126.93 -1.73044 1.44298 1074.09
585.405 0.746094 -2.85302 335.114 0.0606183 0.271513 963.992 0.236159 0.631419 0.638862 0.723261 337.072 -1.82489 1.02814 1195.64
750.493 0.552945 -0.642023 542.69 0.186195 2.08555 1277.92 0.734025 0.78011 0.707404 0.817844 775.479 -2.60246 1.59518 1274.43
590.972 -0.277527 2.38522 304.877 -0.361481 -1.62755 785.602 0.623897 0.525211 0.89969 0.828522 1463.29 -0.451666 1.17589 886.567
758.866 -0.294634 -1.27125 260.922 0.348868 1.81091 977.407 0.124848 0.228192 0.821514 0.81266 698.06 2.51406 0.703153 1192.73
711.394 -0.31583 2.8574 460.436 0.598926 -0.821099 1234.46 0.71448 0.430723 0.605411 0.490804 185.618 -0.542561 0.278538 1482.42
973.386 0.310256 3.01227 442.12 0.658491 0.811411 1198.76 0.690646 0.378338 0.818317 0.521082 547.974 0.849834 0.0384229 1737.37
610.717 -0.312853 -0.568446 398.484 -0.354711 2.53087 1001.35 0.726601 0.329679 0.818182 0.504544 797.492 2.59156 0.060688 998.587
852.752 -0.72438 -2.28102 320.076 -1.31027 2.27722 864.903 0.676815 0.558369 0.693327 0.912683 1643.95 0.635727 1.64149 1399.99
765.343 -0.623189 0.720958 756.414 -1.06557 -2.91118 1635.79 0.205283 0.304524 0.386027 0.545283 799.588 -0.941176 1.66213 1681.41
874.498 0.0201494 0.548766 292.403 -0.761993 -2.3362 1125.45 0.330578 0.265036 0.666357 0.799682 391.504 -2.83758 0.50138 1279.55
1065.88 0.422722 -0.737124 984.359 -0.474195 2.10413 2254.25 0.621733 0.551352 0.643634 0.568366 102.943 -2.07657 1.33944 2144.86
850.255 -0.70733 -2.13877 365.015 -1.09275 1.07015 1170.48 0.501193 0.759832 0.509415 0.826625 1264.39 1.04856 0.0215905 1204.76
989.643 0.492256 0.282537 746.567 -0.953561 -2.4669 2230.91 0.351645 0.526505 0.761395 0.699094 587.046 1.25475 0.972212 2005.48
406.935 -0.860397 -0.730323 347.266 0.0228907 -2.13143 617.031 0.711428 0.296842 0.798554 0.572245 1698.7 1.88346 2.26829 805.278
1229.83 -0.221498 -0.594463 354.601 0.0374896 0.953224 1019.17 0.521237 0.255218 0.296601 0.709406 2698.29 3.01714 2.06392 1632.8
325.974 0.625982 0.0521144 291.174 -0.9276 -1.79148 757.536 0.791693 0.30232 0.714039 0.867188 1391.8 2.39999 2.09172 607.081
487.994 -0.747137 2.72567 265.694 2.32648 0.581096 1723.3 0.786094 0.822835 0.684926 0.777029 1296.15 -1.30391 1.88501 1002.15
1941.03 -0.213686 2.15155 342.168 -0.520452 -1.19341 1653.22 0.720544 0.56698 0.712095 0.48964 802.74 -0.876759 0.316647 2477.89
567.411 -0.57492 -2.98423 473.527 0.841995 -1.43213 1100.35 0.544218 0.573761 0.540394 0.686217 2146.15 0.528572 1.9607 1135.76
631.83 0.962424 -0.37133 500.131 -0.475331 1.79283 1334.98 0.678169 0.745774 0.628338 0.738801 1226.71 -1.87804 1.50671 1332.28
361.665 1.93075 -1.95189 293.378 -1.43133 0.894298 1815.68 0.702647 0.470734 0.708735 0.691366 348.55 -3.02894 1.07704 615.97
914.345 0.0299336 2.64958 437.231 0.452992 0.00872216 1294.25 0.601203 0.535683 0.521498 0.623541 139.642 -0.536898 0.54562 1758.42
687.356 0.0727538 1.55913 348.554 1.02706 -2.05544 1075.28 0.365074 0.704743 0.629982 0.757719 851.162 -1.1611 0.894332 1175.59
1452.43 -0.232523 1.96661 525.733 -0.549506 -1.6739 1788.88 0.438021 0.695709 0.350664 0.637711 1715.11 -1.04847 0.625426 1990.15
408.573 -0.222649 3.0162 383.631 0.831536 -0.25219 917.994 0.434972 0.49567 0.583516 0.668976 224.594 2.3897 0.626501 1159.64
623.849 0.664062 -1.9239 510.385 -1.14781 0.625674 1620.82 0.594864 0.327623 0.799087 0.513723 1161.36 2.23374 1.60807 1339.66
1290.6 -0.611792 0.784095 973.687 0.711128 -1.40414 2593.95 0.147254 0.530965 0.83576 0.749452 1576.77 2.53884 1.75475 2348.67
748.219 0.42344 -2.10445 666.102 -0.124498 1.93038 1346.96 0.680961 0.787002 0.773176 0.791935 893.236 0.379907 1.55048 1501.53
424.495 0.541382 0.247271 350.523 0.448274 -1.11868 529.447 0.449595 0.577717 0.657126 0.645388 1520.98 1.351 1.10373 1001.49
687.047 -0.759091 -1.55619 549.23 0.268359 1.14022 1437.89 0.448955 0.251036 0.524616 0.637457 1007.04 -2.71594 1.15975 1375.89
881.671 0.558604 -0.0588355 523.623 -0.0793967 2.6029 1446.19 0.766166 0.618702 0.75953 0.517452 770.544 -2.28875 1.39154 1383.95
567.81 0.79381 -3.05827 541.154 -0.437245 1.42951 1148.59 0.566458 0.82566 0.751537 0.806805 1030.02 -1.91777 1.1405 1572.48
794.787 -0.123339 -0.381999 463.993 0.661693 2.23899 1295.83 0.422349 0.83957 0.806279 0.833266 964.251 -2.61277 1.43143 1260.69
620.865 -0.884685 -0.666398 276.782 1.20697 1.09353 1227.95 0.82986 0.590719 0.790421 0.736916 179.151 -2.33745 1.67105 880.16
1051.85 0.0896925 -2.40692 798.104 -0.178223 0.58632 1927.73 0.783163 0.059245 0.646859 0.702734 587.411 1.62929 1.04297 1820.13
500.714 0.720701 0.173216 413.257 -0.679108 -2.24026 1107.34 0.729091 0.551719 0.731685 0.680825 610.358 1.28756 1.11434 955.78
1020.63 0.579714 -2.22295 373.645 1.34751 1.91415 1202.52 0.682271 0.748224 0.832224 0.744345 339.211 1.09634 0.817815 2015.62
1809.08 -0.0634913 -0.706047 587.685 1.00208 2.48773 2393.78 0.426552 0.50662 0.152553 0.74691 1205.64 2.41452 0.0732055 2680.05
586.207 -0.713158 -2.51959 549.948 0.310893 1.64734 1169.92 0.654407 0.570823 0.837734 0.740109 512.959 0.95803 0.689306 1232.77
577.051 0.110856 -2.73766 358.623 -1.01409 -0.461735 1002.5 0.169038 0.698949 0.787989 0.727003 870.481 1.57742 1.96811 1016.13
617.978 -1.12854 -0.724296 342.855 0.0974187 1.57885 1054.96 0.460648 0.78754 0.78105 0.769296 1123.63 -2.7763 1.92803 1204.29
901.68 -0.907852 1.50105 259.731 1.69978 -1.62511 1924.16 0.751637 0.693974 0.612326 0.664755 617.149 -1.18456 0.440551 1236.01
697.993 0.959092 1.04342 366.612 -0.732356 -2.08068 1412.25 0.0822645 0.400133 0.779904 0.781145 747.717 -1.96359 0.117088 1106.01
810.828 0.0869179 2.20768 274.001 -1.49152 0.868579 1022.43 0.573955 0.666111 0.766189 0.78575 1985.78 -1.16468 2.03326 1103.17
1911.7 0.155087 0.238393 401.607 -0.153371 -2.31592 1734.39 0.738871 0.50162 0.823099 0.751749 1212.76 -2.97452 0.658601 2504.29
1379.29 0.158652 2.43485 256.119 1.17639 -1.59097 1254.09 0.556438 0.541801 0.657165 0.72726 1660.26 -0.471686 1.11928 1626.37
821.883 1.40689 0.505637 436.354 -0.550251 0.2246 1392.45 0.623879 0.858958 0.756845 0.825384 1974.75 -2.75846 2.98306 1419.62
1577.09 0.649152 2.57194 786.92 -0.672037 -0.217136 2718.02 0.828464 0.212783 0.769397 0.85874 318.967 -0.378396 0.16126 2436.4
355.444 1.66784 -2.09699 292.305 -0.112789 1.21325 923.618 0.429715 0.688528 0.750334 0.625445 849.257 2.81862 1.36758 798.213
1016.32 0.317163 -1.62499 587.169 -0.411005 2.46569 1567.56 0.331848 0.697183 0.523265 0.781187 329.096 2.4043 0.061383 1959.92
871.571 0.493904 -0.918428 536.911 0.94298 2.89113 1347.22 0.804981 0.643925 0.79354 0.804857 957.455 2.20389 0.687242 1517.19
445.968 -0.665373 -1.0339 435.884 0.812959 1.99825 1142.65 0.722969 0.747609 0.721962 0.744668 1377.69 0.627187 1.37106 1266.12
791.526 -1.14439 2.69771 541.167 0.534306 0.51458 1742.93 0.633884 0.200351 0.489508 0.406859 677.351 0.25551 0.25907 1898.1
906.85 0.13164 2.92774 555.951 0.903807 -1.71918 1248.23 0.321447 0.30256 0.420375 0.641024 1578.11 0.386703 2.10588 1931.95
903.06 0.795126 -0.311643 515.215 -0.62363 2.26663 1705.36 0.766499 0.30773 0.793148 0.787616 134.077 -1.49585 1.1842 1673.43
431.373 0.327353 1.71097 314.839 0.655252 -1.53098 765.139 0.606533 0.572764 0.674614 0.751712 227.023 -1.51554 0.0154433 705.356
855.355 0.170739 -1.99858 438.799 0.621792 0.438547 1210.16 0.713908 0.229417 0.79984 0.763205 1214.6 1.82939 1.39084 1288.96
652.539 0.294795 -2.35098 290.272 -1.32221 0.819015 1219.84 0.328705 0.687206 0.483375 0.787798 514.707 -1.8491 0.501875 1324.87
968.548 0.231885 0.581865 419.241 0.0932285 2.02387 859.468 0.338707 0.561686 0.0543135 0.730186 1758.69 -1.78993 2.37179 1574.19
921.982 0.355585 -0.615898 597.64 -0.599197 2.79135 1678.79 0.552882 0.56071 0.53502 0.594672 1368.14 2.28449 0.506858 1576.09
1384.61 0.261432 0.530255 293.651 0.705358 2.96853 1245.63 0.551784 0.697248 0.725185 0.737498 1393.12 -2.53558 0.779079 1880.76
966.439 0.483079 -0.864504 357.976 -0.158566 1.79442 1286.3 0.444316 0.241415 0.597607 0.80036 981.11 3.13906 1.34463 1354.78
556.551 0.592638 -2.53805 254.433 -0.656669 1.32559 872.622 0.745672 0.76225 0.809672 0.732602 1205.18 0.0897271 1.23586 814.153
592.657 -0.747148 2.95518 261.151 -0.542626 -0.73932 788.082 0.736375 0.652852 0.833658 0.729154 766.988 1.18716 1.76802 865.757
899.305 -0.553375 -2.37875 401.596 -0.481898 0.137532 1213.22 0.209211 0.8345 0.412776 0.72436 1161.58 2.17219 1.73224 1324.56
835.651 -0.269178 1.17504 615.489 -0.0187955 -1.36001 1406.29 0.739915 0.430391 0.848458 0.839437 1582.09 3.08906 1.83411 1394.96
542.735 -0.446733 2.30266 483.607 0.309242 -1.23017 1089.38 0.464867 0.533722 0.692356 0.689816 240.844 -2.85406 1.12646 1335.09
588.371 -0.594388 -2.03209 388.113 -1.62161 1.09176 1091.7 0.463336 0.812282 0.604836 0.697982 562.764 1.04553 0.0462208 1058.23
1252.25 0.506268 0.687328 277.4 -0.845383 -1.85946 1421.32 0.608349 0.693122 0.553317 0.761474 977.572 -3.05552 1.19605 1660.9
697.175 -0.617887 -1.20086 327.615 0.621865 -3.10362 1021.66 0.76884 0.564385 0.830618 0.402084 1350.87 0.725556 1.92642 993.136
935.8 -0.329863 -1.98654 787.293 -0.224639 0.971923 1781.02 0.0869153 0.386553 0.577718 0.636871 361.937 2.74166 1.55499 1713.9
360.996 -0.447457 -0.979164 306.838 -1.33942 1.68196 756.759 0.566496 0.309884 0.682971 0.737961 1313.52 2.56683 0.884869 695.569
1367.29 0.533842 0.556232 1183.54 0.272834 -2.4271 2572.62 0.55144 0.252086 0.813151 0.557381 807.427 1.37537 0.819138 2536.16
920.255 -0.103879 0.744715 340.387 0.18852 -1.79192 1088.93 0.771321 0.651379 0.613811 0.579142 740.521 -2.07262 0.280695 1404.17
349.324 -0.692863 1.62797 316.287 -0.617912 -0.986605 685.292 0.767324 0.560613 0.80964 0.692368 998.506 -2.42087 1.43426 1052.52
329.352 0.379387 -1.88955 310.166 -0.381181 0.687259 672.753 0.786055 0.693116 0.831621 0.800031 1277.11 2.46181 1.77455 607.73
440.303 1.18599 -1.72558 339.205 -0.686222 0.278827 1067.53 0.574955 0.558127 0.753995 0.816158 1370.86 2.39309 2.11426 963.253
398.465 1.61052 1.37854 376.149 0.978745 -1.59409 866.068 0.765722 0.306203 0.724917 0.422706 180.547 -2.69756 1.10347 776.655
1223.54 0.913027 0.0360805 802.722 0.200712 2.70379 2069.29 0.759133 0.401978 0.835057 0.83114 933.616 -1.47585 1.51193 2105.65
478.31 -0.584595 -2.68285 420.184 0.0500846 0.938955 936.48 0.455393 0.663533 0.576445 0.663969 1015.26 -0.925961 1.75689 883.235
1691.7 -0.711364 -0.978639 877.83 0.0290946 2.64132 2605.02 0.28108 0.659067 0.357828 0.781626 1335.88 0.550052 1.52869 2541.26
894.645 -0.120321 1.31921 368.028 -0.0370313 -2.3279 1140.82 0.564886 0.226158 0.455002 0.614695 577.154 0.0752741 1.24394 1349.25
634.951 -0.456247 -0.0724088 354.85 -1.00266 2.86078 985.71 0.765726 0.335418 0.638134 0.802916 1101.78 2.75482 0.105961 1085.95
1121.7 -0.408376 -0.72371 260.714 -0.00575838 2.24669 1119.42 0.312001 0.895399 0.542234 0.784769 860.482 -2.35449 1.63078 1351.48
696.968 0.936342 0.224934 291.37 -0.604826 3.10109 1178.69 0.829256 0.665171 0.844175 0.641793 257.071 1.61787 1.39293 1173.66
704.388 -0.286865 -0.717388 554.741 0.0150826 2.32084 1295.2 0.860965 0.416857 0.835063 0.893281 1051.19 1.56221 0.758635 1516.74
829.858 0.311814 2.31697 730.662 1.24696 -1.23019 1724.22 0.139339 0.157423 0.524594 0.766229 661.068 0.932901 1.38407 1595.49
1146.18 0.0877999 2.58232 441.129 -0.697799 0.248135 1447.84 0.156491 0.705435 0.751295 0.778706 760.494 -1.22773 1.47586 1715.8
757.327 0.226072 1.70924 524.697 -0.627033 -2.20527 1345.29 0.468485 0.100748 0.744605 0.640195 1646.12 -0.84712 1.35815 1298.96
833.652 -0.46897 2.44932 585.91 -0.089573 -0.783117 1462.53 0.526558 0.573069 0.811796 0.609297 363.483 -0.379297 0.40382 1374.36
816.095 -0.652227 -2.59993 281.879 0.857563 0.129157 1241.34 0.434903 0.666282 0.718793 0.569034 481.985 1.85456 1.72541 1290.98
833.104 -0.495971 1.53697 501.452 -0.191176 -0.709432 1196.32 0.776033 0.39336 0.797415 0.867649 593.845 1.80808 0.271114 1600.97
770.431 0.214905 2.85477 425.542 -0.750382 0.809549 1137.05 0.774661 0.621806 0.6162 0.739856 387.556 -0.821764 1.63131 1578.32
463.448 -0.667792 -0.234079 298.266 0.581572 1.5528 770.634 0.459993 0.700541 0.67856 0.739326 288.631 1.91142 0.358619 930.536
796.066 -0.209222 1.99588 699.889 0.410868 -0.802682 1561.76 0.821918 0.542607 0.800017 0.757847 460.142 -3.00628 1.28103 2101.1
1713.59 -1.01174 1.92605 657 -0.77687 -0.303021 1928.92 0.56695 0.701445 0.637643 0.75611 609.479 -1.50038 1.19736 2665.13
602.78 -0.367381 2.28103 479.786 0.0239296 -0.854558 1112.79 0.602675 0.490202 0.72076 0.731807 107.055 -0.848107 0.00645101 1092.86
942.55 1.09845 -1.61948 447.323 0.996995 0.84124 1241.68 0.357257 0.586259 0.81315 0.544039 776.562 -0.527925 1.09156 1805.88
322.31 0.525601 -1.93971 312.467 -1.18565 0.982151 885.761 0.725247 0.389794 0.788245 0.740084 347.742 -0.492157 1.44756 820.175
599.23 0.0291401 -3.00005 353.226 -0.741808 -0.913613 879.236 0.617846 0.68917 0.650903 0.720641 1023.1 0.548388 1.462 1051.62
1213.23 -0.381936 2.40461 792.831 1.71861 -0.0976442 3109.57 0.525068 0.782141 0.617555 0.852935 1126.05 -1.4814 1.38375 1973.61
503.696 -0.46884 2.89646 389.933 -1.21365 -1.71552 748.359 0.699259 0.619745 0.7737 0.848594 1518.75 0.529723 2.24524 952.859
869.834 -0.947308 0.859362 586.929 -0.675685 2.57121 1119.56 0.759835 0.806042 0.736093 0.717193 650.473 -1.06307 1.92244 1836.18
1387.23 -0.487486 -2.13521 905.093 -0.297813 0.888152 2270.38 0.582113 0.646957 0.790003 0.694338 733.945 1.37515 0.487003 2350.59
405.625 -0.107476 -2.98967 321.37 0.0742435 1.35344 630.989 0.331915 0.696128 0.774509 0.733397 1806.69 -0.931669 2.05801 1099.11
1859.17 0.779683 -1.19829 306.741 -1.31295 1.30671 2387.2 0.717506 0.504565 0.799723 0.744842 1600.27 2.04089 0.734183 2179.6
1331.76 0.309268 -2.04224 1049.65 1.19293 1.09947 2621.92 0.452981 0.503898 0.690947 0.305591 776.976 -1.34769 0.694544 2498.46
1014.81 0.124289 -2.21146 501.303 -0.231691 0.766298 1464.56 0.346554 0.573733 0.728882 0.776089 1851.26 0.753183 0.0131146 1658.04
706.291 0.621373 -0.555454 440.092 -0.806808 1.49086 1339.04 0.683053 0.288681 0.638526 0.799437 1562.71 -2.69288 2.09944 1159.92
696.819 0.270672 -2.63081 370.596 -1.27764 0.676706 1349.63 0.440834 0.632098 0.631148 0.542582 416.593 0.321803 0.354903 1419.35
1425.58 -0.529406 -0.844005 1123.53 -0.399617 1.63878 2430.09 0.777097 0.107827 0.706169 0.625786 1452.08 -2.92858 1.71583 2545.1
794.512 -0.391867 -0.437972 271.708 0.144278 -2.67623 934.923 0.466999 0.505101 0.40367 0.429371 1181.53 2.78075 0.826199 1181.17
1013.08 0.244156 3.0822 287.08 0.218195 0.596697 1036.64 0.752117 0.702435 0.820529 0.798449 1379.03 -0.398645 0.995341 1336.58
569.372 0.157308 -1.57567 259.448 0.262266 -0.221965 527.473 0.335873 0.591918 0.750072 0.860784 1906.46 1.82075 2.04272 914.804
683.606 -1.62776 0.564934 399.566 -0.184272 -2.4373 1344.92 0.670303 0.503326 0.698001 0.356179 106.256 1.93897 1.37403 1051.47
381.638 0.526106 -0.234918 349.97 1.04185 1.29552 557.677 0.578403 0.639559 0.697363 0.730275 112.954 1.67627 0.380751 1179.24
395.053 -0.794545 -2.92707 373.033 0.798916 -1.11735 920.951 0.744254 0.644103 0.74979 0.720048 718.409 0.819994 1.93734 876.771
850.179 -0.205502 -1.67452 420.473 -1.16973 -0.92705 786.138 0.434519 0.417209 0.747886 0.680971 2243.81 1.79372 2.72077 1363.68
495.121 -0.165345 1.84659 309.172 0.356263 -0.0449708 725.032 0.654096 0.689737 0.429231 0.561188 965.492 -2.01117 1.9662 910.87
465.918 -0.0668805 0.595385 422.127 0.831657 -1.97304 954.399 0.36289 0.276518 0.740645 0.154631 994.067 2.49054 1.8196 954.451
913.338 -0.19656 2.24513 529.394 -1.29852 -1.58603 1549.77 0.813627 0.830076 0.748582 0.768996 971.212 0.346133 1.899 1677.16
1101.57 -0.0173062 -1.77552 411.718 0.713079 0.130215 1215.3 0.572192 0.618577 0.710389 0.845607 1679.37 1.70577 1.57556 1689.89
1009.93 -0.340324 2.58459 558.023 -0.0620129 -0.324928 1518.27 0.828129 0.438925 0.850157 0.51387 363.631 -0.593532 0.268604 1625.73
1009.94 -0.96274 -2.75528 903.411 -0.203338 1.07114 2014.11 0.0322986 0.710773 0.749254 0.869645 1253.01 -0.476556 1.5477 1972.56
1511.23 -0.480874 1.47865 402.062 0.276794 -1.64717 1729.91 0.426947 0.143721 0.287304 0.713629 2016.05 -1.66834 0.0211704 1891.52
668.504 -0.128836 -1.62825 379.905 -0.409102 0.552151 908.439 0.663282 0.688689 0.845627 0.541696 1966.97 2.88357 1.77136 1060.85
835.072 -1.6339 -1.16476 713.991 0.411092 1.27911 2396.8 0.224075 0.651951 0.843255 0.591609 1618.93 -2.73417 1.56941 1535.8
890.28 0.0663432 -0.0648461 317.201 1.25934 1.49636 1023.81 0.539956 0.697211 0.863861 0.640764 1833.94 -2.7017 2.08513 1250.08
1267.1 -0.588227 -2.64317 712.659 -0.412284 -0.0473233 1848.56 0.792862 0.834104 0.749254 0.798969 1013.37 2.08772 1.5523 2016.92
1660 0.232085 -2.84059 1000.27 0.38703 0.940377 2522.32 0.612824 0.538261 0.737402 0.507503 1155.22 -0.643171 1.58355 2647.62
818.232 0.441185 -1.05545 447.326 -0.532297 3.01933 1273.48 0.55068 0.421362 0.725561 0.675667 918.296 0.391548 1.44699 1502.01
567.807 -0.767881 -0.398062 490.366 0.851163 -3.02978 1405.57 0.4554 0.733444 0.775143 0.794065 803.963 1.4999 1.7535 1038.02
696.956 0.0730708 0.291045 494.893 -0.342313 -2.70825 1280.03 0.132867 0.3377 0.787699 0.561173 590.782 0.350611 0.0595656 1174.16
750.869 -0.399485 -2.69406 603.093 0.675346 1.5028 1492.13 0.153947 0.206181 0.575986 0.752548 1665.61 -0.464586 1.96738 1359.05
1045.8 0.0182748 2.08277 748.082 -0.756218 0.14275 1628.49 0.675093 0.831587 0.705511 0.712393 1250.22 -0.868456 1.01121 2316.65
772.411 -0.186533 -1.6567 637.678 0.458033 -3.08865 1054.35 0.335968 0.784417 0.494816 0.783629 955.119 0.73631 2.39301 1854.43
908.415 -0.0885379 0.258797 494.717 0.0740543 1.97962 1039.54 0.782186 0.583207 0.826312 0.716089 1123.25 -1.47979 1.73858 1697.12
1046.69 0.476492 2.49653 378.864 -0.374279 -0.167055 1478.79 0.51566 0.55024 0.262886 0.820997 2098.86 -0.754433 0.587378 1468.43
399.793 -0.406775 0.501623 324.88 -0.0374693 -1.48708 658.887 0.678845 0.425224 0.797035 0.755072 1134.48 2.21587 1.71425 802.162
662.227 0.726197 -1.58105 398.269 0.983003 1.83882 1043.64 0.775142 0.389252 0.76031 0.622045 1038.3 1.98904 0.150221 1293.01
573.585 1.08264 1.15019 492.674 0.0927058 -2.7658 1143.75 0.525795 0.446382 0.636085 0.810693 1307.13 -0.365073 1.51526 1060.4
1263.95 -0.949048 2.80611 741.183 0.381977 0.471478 2272.98 0.306515 0.792196 0.720162 0.757104 1282.43 -1.50585 1.97123 2559.69
423.058 1.11004 -0.215219 359.646 -0.550299 -2.62105 1048.06 0.744021 0.2127 0.783903 0.81482 572.1 1.8551 1.80703 843.992
858.641 -0.767723 2.70148 318.917 1.55675 1.36772 1719.32 0.0550126 0.607749 0.817337 0.827222 302.563 2.84482 0.143343 1465.71
922.305 -0.291387 -1.1623 683.106 -1.11748 1.49089 1686.93 0.690663 0.640081 0.572742 0.706291 598.945 2.52259 1.0317 1754.06
733.635 0.261986 2.5575 284.961 -0.517817 -0.422001 1001.8 0.53303 0.638238 0.545027 0.763525 831.3 -0.441419 0.0194174 989.584
933.933 0.332388 -0.214113 293.094 0.332443 -2.22333 899.61 0.365554 0.741404 0.688211 0.753696 2311.27 2.16982 1.89004 1225.08
769.414 -0.626733 2.13061 555.345 0.387198 -0.600629 1494.03 0.489687 0.338631 0.694858 0.534274 531.894 -3.10577 1.04681 1485.49
686.309 -0.0795096 2.54612 522.67 -1.27062 -1.01257 1412.52 0.383288 0.663315 0.745338 0.831738 654.147 -0.118667 0.893906 1187.92
554.836 -0.114903 -0.285417 284.49 -0.760807 2.47001 839.571 0.263436 0.634603 0.637125 0.787048 417.485 2.79475 0.324748 898.17
878.963 -1.45612 0.271156 295.969 -0.531553 2.17019 1032.24 0.481349 0.429277 0.717638 0.710708 883.988 -1.89307 2.16423 1270.4
534.812 -0.678936 1.46645 516.24 0.220383 -1.31327 1172.18 0.704 0.562882 0.833101 0.671167 648.132 -2.63688 1.32362 1064
1038.2 0.351897 -3.08608 697.779 0.681741 -0.649947 1655.32 0.422356 0.239347 0.520088 0.227655 388.902 0.150016 0.799963 1953.48
567.921 -0.266153 -0.642831 521.309 0.490055 2.05758 1156.22 0.658965 0.553435 0.713973 0.470792 772.865 2.97236 0.914781 1183.9
413.774 -0.150689 -0.373085 262.635 -0.220461 1.96978 616.907 0.714547 0.510278 0.720984 0.599663 1195.82 -2.59165 1.72175 853.449
343.867 0.979147 0.322968 296.246 -0.94386 2.69354 935.412 0.626308 0.76282 0.646827 0.660993 928.067 -1.13819 1.46116 745.149
826.939 -0.0990128 -0.75962 451.64 -1.39114 2.97507 1452.5 0.705396 0.633057 0.824012 0.857386 778.413 2.77418 0.200891 1677.82
803.184 -1.33549 -1.26422 319.3 0.391381 0.568845 1282.33 0.724644 0.647943 0.82036 0.782543 734.163 2.41443 1.84558 1413.4
956.906 0.0627978 0.491916 467.366 -1.09428 3.04184 1535.35 0.120153 0.638233 0.622888 0.565177 1368.58 -1.98316 1.25818 1407.02
702.742 -0.728586 2.30774 341.436 0.64712 -1.78214 1156.82 0.783396 0.482601 0.7753 0.750655 1479.32 0.322578 1.98516 1067.17
545.313 -1.03574 1.78212 506.141 -0.954573 -0.952214 1062.44 0.576014 0.272601 0.669264 0.859757 339.687 -1.94207 0.989855 1031.03
320.626 -0.31189 1.15177 257.729 0.0814431 -2.69111 565.909 0.523921 0.202002 0.518102 0.425861 442.252 -1.26935 1.42176 594.392
559.725 0.0235165 -1.75062 353.015 -0.992714 2.04864 978.828 0.536823 0.737879 0.506094 0.659053 1154.75 2.73003 0.68139 1259.07
500.895 -0.956816 -1.93343 250.347 1.62768 -0.761808 1281.02 0.423724 0.777451 0.670833 0.746216 832.772 1.5436 2.30541 944.18
458.482 -0.226737 -2.12541 379.22 -0.60091 0.816243 869.234 0.551551 0.333977 0.773489 0.730625 240.43 2.34408 1.52784 796.069
1247.5 0.501039 -1.63882 573.474 0.520892 0.2865 1422.24 0.678864 0.474474 0.616647 0.341885 1496.43 2.63192 2.01244 2023.96
932.93 0.70239 -0.465494 340.202 0.59772 2.49401 1131.67 0.718055 0.725342 0.746886 0.866537 934.653 2.73213 0.238122 1682.93
1565.97 -0.0857068 2.03226 495.254 -0.0110795 -0.617543 1943.04 0.0916272 0.596998 0.661489 0.727755 1661.71 -1.31912 0.70158 2414.65
462.57 -1.0292 1.12486 361.35 1.19608 0.103076 1197.14 0.634254 0.539071 0.856862 0.858905 1807.77 -2.36085 2.46393 939.181
853.338 0.465636 1.98822 327.175 0.157506 -1.6855 1044.76 0.202636 0.534049 0.751921 0.825996 649.817 0.536081 1.45213 1306.68
767.906 -0.565685 -1.09986 380.168 0.94403 3.02325 1317.18 0.795364 0.423813 0.772592 0.622333 396.772 1.44018 1.58307 1257.78
582.278 -0.0798806 0.550696 562.52 1.23625 0.167478 851.777 0.835472 0.528388 0.750891 0.758169 2305.74 -2.93686 2.79563 1232.74
918.5 -0.373464 2.18491 750.499 -0.477135 -0.477359 1744.09 0.101568 0.733379 0.751815 0.789081 1371.04 -2.8236 1.27467 1656.04
841.389 -0.265276 -1.98177 532.94 -0.748614 1.70091 1366.26 0.0570303 0.664113 0.845716 0.534768 953.283 0.396357 1.30455 1363.46
693.377 -0.292968 2.30362 365.677 -0.696791 -1.53553 980.489 0.683676 0.758072 0.844996 0.707596 1389.41 1.00131 1.30232 1492.03
899.723 0.217707 0.339849 743.555 -0.119552 -2.96957 1696.02 0.799151 0.195388 0.809246 0.516117 534.634 -1.36105 1.60851 1619.45
612.501 -0.484481 0.133846 270.255 1.96816 -2.52462 1552.04 0.174676 0.768374 0.771514 0.659613 792.036 2.72181 1.03676 913.139
810.7 -0.175786 -2.85683 396.444 0.340325 -1.22136 912.027 0.506174 0.423985 0.51299 0.506445 2019.42 0.736617 1.95798 1199.5
895.595 -0.140081 0.849347 381.639 -0.507149 -1.33336 1072.62 0.665646 0.470053 0.685242 0.590893 844.973 -2.4732 1.13984 1360.85
413.805 0.637033 0.0587163 387.677 -0.685473 2.24718 928.786 0.714549 0.577501 0.640274 0.750051 381.671 0.608293 0.549577 1172.9
403.585 -0.859183 -1.97053 326.509 1.0516 -0.201327 996.497 0.43749 0.685417 0.784483 0.75944 700.873 -2.99486 1.02433 805.699
585.032 -0.313525 -0.500469 482.145 -0.421173 1.777 1008.84 0.378986 0.610942 0.405795 0.580419 1124.87 -2.83081 1.67538 1084.93
615.76 0.0320318 -0.262559 258.624 1.13415 -1.00042 566.198 0.604828 0.582909 0.744893 0.636314 845.409 2.61846 2.6643 1107.76
730.283 1.36414 -2.23883 726.465 0.282926 -2.34014 883.293 0.696752 0.661549 0.78852 0.592803 1452.67 0.881887 3.06116 1727.56
1110.35 0.0109193 1.0935 582.536 0.0936969 -1.34543 1529.08 0.739104 0.464615 0.694067 0.676168 1139.57 -2.50057 1.15513 1982.02
750.846 0.263235 -2.37059 338.398 -0.281451 -1.06353 694.104 0.0606841 0.686041 0.830279 0.652177 1228.04 1.2669 2.33042 1343.01
418.892 -0.16581 2.82099 403.298 -0.472982 -1.76847 683.219 0.470946 0.635134 0.666813 0.681557 797.343 0.0939872 1.86246 885.496
364.529 0.570755 -1.35108 344.426 0.494596 1.60899 730.945 0.280657 0.685359 0.686878 0.829809 497.57 2.89725 1.28825 1027.58
683.666 -1.5867 2.13859 521.826 0.653426 0.622861 1841.61 0.791878 0.803335 0.753668 0.723252 1602.36 -1.85466 2.28994 1205.86
674.714 -0.05569 1.43239 610.705 -1.27909 -1.08334 1489.36 0.764799 0.678347 0.830265 0.756171 577.27 2.9922 1.55981 1292.92
570.204 -0.468823 0.783575 307.085 -0.575359 2.21548 571.479 0.663192 0.865198 0.739516 0.718773 1704.65 -1.99277 2.07493 982.936
486.606 -0.0553146 -2.16948 378.589 1.89804 0.778516 1330.35 0.240892 0.691896 0.769496 0.724429 978.667 1.10143 0.322917 813.597
1187.78 -1.24112 -1.06594 1139.47 0.324278 2.60109 3072.38 0.113527 0.747308 0.855683 0.859716 1215.36 0.270777 1.33671 2642.25
1965.86 0.0943823 -2.9754 1065.54 0.257026 0.288593 2923.46 0.0484166 0.834394 0.807777 0.721052 804.144 -2.33778 0.637622 3062.37
1339.23 1.31976 -2.82752 744.626 0.840645 0.113682 2060.12 0.784414 0.396039 0.77592 0.593666 803.951 -0.0706458 0.184328 2305.2
388.071 1.54299 -2.78874 276.306 -0.557733 1.94378 962.476 0.738654 0.599629 0.762414 0.791036 1547.16 -1.11742 1.67132 654.064
1023.03 -0.0952515 3.10732 451.476 -0.434511 -1.50564 1056.97 0.282218 0.223108 0.845807 0.673057 2339.6 1.11914 1.98818 1587.99
834.482 -0.548266 -2.33879 433.177 -0.941836 1.18219 1213.02 0.397787 0.556211 0.781992 0.678641 747.664 -0.539788 1.72198 1907.58
1105.86 0.250074 1.8082 615.347 -0.839956 -1.04236 1966.56 0.459087 0.659146 0.645443 0.700324 353.331 -0.781264 0.261097 2079.74
555.927 -1.11022 -3.00996 527.707 -0.214422 0.22005 1222.13 0.27511 0.768827 0.494613 0.662086 17.135 2.43841 0.834811 1311.84
1345.18 -0.0534892 -0.598749 377.556 0.141532 2.83309 1446.94 0.768196 0.788853 0.657788 0.783586 2059.46 2.56807 0.265022 2004.51
842.623 1.0513 0.3953 449.185 0.0167882 -2.37973 1394.79 0.639758 0.786964 0.837394 0.737309 921.435 1.09614 0.700836 1418.83
708.847 -1.00883 0.939341 264.64 2.15312 -0.774145 2128.54 0.361508 0.508499 0.647972 0.781047 1636.18 -2.43354 1.6594 1401.99
675.394 0.965801 2.84354 586.189 0.830237 -1.26922 1139.55 0.271527 0.661011 0.673797 0.513021 1441.95 0.934011 1.90953 1301.38
947.877 0.164166 -1.44757 796.336 -1.36884 1.91969 2306.99 0.196219 0.498454 0.517282 0.415959 551.962 2.39798 0.478286 1886.85
780.521 0.858549 0.261631 284.494 0.723504 -2.34955 917.868 0.715614 0.504986 0.813312 0.824382 446.955 2.56458 1.36905 1087.73
1261.37 -0.253722 1.44896 398.514 0.0758939 -1.34137 1423.06 0.484241 0.675038 0.608059 0.772349 572.433 3.06694 1.61798 1674.26
642.721 0.203193 -0.448694 583.377 0.39392 -2.92406 1190.41 0.619379 0.650631 0.769712 0.367382 1172.96 1.76118 1.59795 1226.18
939.365 -0.13149 -2.08903 875.747 -0.408559 1.41586 1815.94 0.0927805 0.265943 0.801251 0.767332 724.21 2.54295 1.12709 2215.03
595.118 -0.094946 1.10704 301.457 0.335063 -2.49564 855.952 0.108642 0.704924 0.578561 0.800651 345.034 0.139151 0.967888 1019.11
1382.79 -0.143483 2.26551 878.476 0.426314 -2.28404 1883.78 0.578705 0.263907 0.724246 0.651087 1266.18 -0.827554 1.45648 2533.8
639.298 0.531987 -0.27244 424.549 -0.186214 2.84585 1119.7 0.641139 0.695016 0.807108 0.695307 572.384 -0.557805 0.285365 1148.55
803.947 -0.696203 -0.240943 357.081 -0.748093 -3.08905 1073.11 0.684506 0.799411 0.820979 0.779533 1558.76 2.6625 0.53164 1215.4
1053.92 0.67472 1.80433 536.166 -0.525758 -0.953817 1770.25 0.419547 0.451538 0.786883 0.405809 430.011 1.95222 0.147894 2063.11
745.618 0.37858 0.245881 440.423 -0.152302 -2.34103 1154.3 0.519905 0.590307 0.832232 0.644218 681.886 3.07642 0.865737 1522.93
906.622 0.333147 -2.13312 443.674 -0.957107 -0.055592 1482.66 0.499723 0.723402 0.556206 0.842405 1306.35 1.47285 1.52844 1516.02
337.504 1.70662 2.3419 291.795 0.168054 0.0433801 796.618 0.615983 0.713449 0.756405 0.767506 1146.85 -2.99302 0.948261 733.241
1117.44 0.275462 3.13744 698.376 -0.0989057 -0.0159515 1824.23 0.276752 0.460559 0.652698 0.759639 177.505 0.324943 0.340895 1811.78
437.517 -0.556467 -0.263434 260.147 0.277199 0.64258 428.57 0.715721 0.706074 0.745483 0.664098 1105.45 3.10364 2.46106 742.512
572.523 -0.07325 -1.3456 497.674 0.138552 2.37221 1097.78 0.364238 0.122524 0.713789 0.688943 1556.16 1.72803 0.64418 1160.74
1099.07 -0.323702 -0.763268 354.068 -0.797237 -2.19681 902.231 0.355395 0.511646 0.527505 0.6121 2106.9 2.21055 1.87582 1643.79
806.698 0.0563909 0.954828 263.666 -0.945383 -1.30321 1006.23 0.26455 0.852409 0.39609 0.832781 2160.52 2.42089 1.46606 1039.91
492.057 0.337765 0.581931 381.734 -0.617868 2.23852 814.243 0.0788182 0.358192 0.537478 0.851881 294.291 0.398439 0.183492 1138.7
325.312 -1.00397 1.58483 277.648 0.113749 -2.23365 680.622 0.668092 0.763928 0.745005 0.782773 581.681 1.06694 0.517893 766.82
503.33 -0.104446 0.680688 356.136 1.57667 3.00544 1134.46 0.322874 0.620538 0.494066 0.761969 2021.14 -2.31966 0.958086 1116.11
999.057 -0.622233 0.999228 348.724 0.152544 2.93679 1091.85 0.715491 0.424779 0.789935 0.796352 1421.05 -0.989377 1.9886 1569.39
418.012 0.762104 -2.7368 377.731 0.327471 -0.869108 682.458 0.778872 0.722156 0.776906 0.823853 1724.57 0.845848 1.71496 823.98
388.236 0.812728 -0.259068 321.858 1.68617 -2.81681 763.613 0.671575 0.706652 0.653673 0.750905 200.974 1.91092 1.55545 750.563
798.55 0.0887537 0.23781 736.414 -0.340991 -2.61251 1594.15 0.554305 0.334536 0.815 0.88348 703.746 1.12165 0.883837 1730.46
1107.76 -0.0152304 1.44426 612.068 -0.50919 -1.13959 1646.83 0.628997 0.646468 0.630234 0.704129 1210.54 -3.02086 1.81807 1683.55
794.528 -0.25892 0.430132 334.715 0.401344 3.11744 1083.14 0.397791 0.757699 0.708434 0.680087 265.63 -2.71162 0.454131 1355.57
563.588 0.52535 -3.05855 360.868 -1.52044 -0.572457 1391.45 0.760772 0.78317 0.787594 0.769202 1175.04 -0.64642 0.073963 1157.56
727.392 -0.576947 -0.0626649 252.66 -1.68325 2.24832 941.879 0.740458 0.745556 0.81446 0.87742 880.222 2.89987 0.651553 1107.79
1007.64 -0.629362 -1.2589 511.076 0.193268 0.759964 1380.32 0.577969 0.672209 0.63953 0.696574 748.141 0.407833 0.352132 1734.54
584.002 -0.899873 -0.936859 300.049 -0.260712 -2.75342 735.084 0.375835 0.523874 0.58471 0.473117 1318.01 0.533477 1.47034 1180.79
376.346 -0.755711 -2.54665 364.963 0.351142 -0.883266 719.609 0.717098 0.71582 0.84918 0.625646 1412.11 1.55305 2.18349 745.123
888.952 0.744156 0.533471 592.349 -0.552331 3.05095 1716.36 0.629856 0.353281 0.620852 0.704814 923.722 -1.42988 1.80236 1464.16
380.899 0.152054 -2.61638 378.737 -0.962015 -2.17488 491.472 0.865988 0.36808 0.781806 0.633641 500.802 0.960749 2.70606 1160.63
768.717 0.0707823 -1.24414 333.309 0.415426 2.35066 1036.21 0.731362 0.712782 0.813327 0.620765 553.796 0.691838 1.65882 1148.75
460.168 -0.0726526 -0.680743 314.259 -0.435879 -2.94381 736.127 0.50963 0.713051 0.38871 0.733078 1414.56 1.41817 1.9212 894.547
709.068 0.16957 1.31953 479.9 0.768981 -1.10485 1161.77 0.19663 0.631331 0.505478 0.526141 824.161 -2.36292 1.25806 1228.77
311.991 0.374484 1.65515 271.604 -0.336729 -1.06309 619.071 0.421397 0.505388 0.805113 0.787689 392.91 -1.86492 0.801825 595.609
433.059 -0.0932713 -1.34529 334.794 -0.544494 0.911856 727.856 0.738166 0.709478 0.88416 0.796876 281.194 1.6368 0.724948 1031.75
1184.95 0.273474 0.135884 536.935 -0.583059 2.9095 1732.92 0.799203 0.797635 0.709199 0.721301 918.369 -2.69821 0.675473 1708.05
1552.91 0.784983 -0.501789 951.395 -0.0352538 2.16884 2579.62 0.72343 0.717948 0.610269 0.615125 799.683 -2.00142 1.49963 2538.65
400.905 1.17578 0.635565 392.317 -1.14598 -2.67737 1397.09 0.706767 0.5097 0.78408 0.718706 987.561 -2.64234 0.0350256 1186.87
557.418 -1.27709 1.4296 539.632 0.780502 -0.465855 1613.57 0.76157 0.747789 0.793906 0.824951 1050.94 -2.68665 2.16694 1284.54
343.777 0.338685 -0.693908 324.462 -0.712382 -2.15156 611.776 0.62978 0.737694 0.725062 0.75455 1920.22 1.7733 2.35832 673.114
529.202 2.04423 0.0657581 351.342 -0.270855 -2.93218 1530.43 0.241783 0.762676 0.676835 0.788883 186.501 -2.97616 0.0439732 896.375
899.727 -0.624203 2.91766 705.971 0.142236 0.617191 1593.89 0.562115 0.555974 0.661729 0.6857 850.669 -1.20036 1.81755 1728.57
1215.3 0.375884 0.836741 400.023 0.554164 2.46973 1074.04 0.424941 0.549673 0.463589 0.606077 958.241 -1.97763 1.83583 1707.11
1538.66 0.446741 0.821678 332.508 -1.28936 -1.45512 1919.78 0.79352 0.237565 0.783527 0.763053 1028.66 2.79935 1.97767 2183.75
909.432 -0.409554 -1.62445 257.769 0.660683 2.03378 1092.56 0.425016 0.785535 0.360701 0.727722 1203.72 1.41343 0.620352 1366
634.39 -0.261415 -2.15548 416.048 -0.874985 1.17751 1085.97 0.270115 0.705541 0.714011 0.728111 642.041 -1.9335 0.221987 1127.73
571.744 -0.483153 1.23029 279.688 0.607132 0.617214 543.807 0.708126 0.758814 0.772678 0.778596 918.067 -2.11789 2.73511 908.011
704.031 -0.379012 -0.845239 547.703 0.295879 2.37722 1351.85 0.589605 0.55641 0.622359 0.415293 467.06 0.988044 1.38917 1307.21
1145.77 -0.81022 0.26747 504.061 -0.945194 -2.85698 1547.92 0.307226 0.333352 0.647574 0.610084 1204.28 -2.98266 0.125677 2049.37
651.84 1.28778 0.885107 418.254 1.33367 3.04858 934.794 0.222559 0.715008 0.601546 0.756506 361.417 -2.55576 0.678847 1118.37
1140.45 -0.273822 -2.43393 865.842 0.385613 -0.403744 1828.35 0.065724 0.692057 0.690944 0.664464 1119.91 2.28926 1.56 2127.99
360.753 -0.553772 -2.3995 282.362 0.355963 1.60254 686.042 0.409959 0.661897 0.346372 0.877319 619.225 -0.840517 1.55898 821.322
808.159 -0.00956209 -0.919105 497.578 -0.937753 -0.0325037 844.348 0.483302 0.559346 0.174576 0.82457 1557.86 2.29788 2.33038 1387.43
743.885 0.259764 2.06873 373.273 0.167928 0.860532 636.384 0.625272 0.667607 0.863024 0.723776 1975.55 -1.57161 2.43214 1226.87
530.456 1.6894 -0.0767206 335.322 -0.727144 2.6637 1567.73 0.6926 0.199494 0.747002 0.758514 185.298 2.51536 0.148341 1017.57
1088.39 -0.189171 -2.71202 266.015 0.254261 0.910031 1104.85 0.547371 0.385179 0.717198 0.86914 2329.03 0.336177 0.573854 1440.53
746.913 0.252889 1.08951 480.757 -0.224876 -1.4756 1294.1 0.0938592 0.671564 0.745081 0.838309 751.285 3.01461 1.79298 1171.63
816.03 -0.988545 1.81998 420.698 -0.541029 -0.55938 1151.43 0.543194 0.781417 0.74905 0.837691 1096.83 -2.27205 1.71267 1491.08
578.769 1.03994 -2.24513 341.486 -0.560123 0.868639 1252.68 0.312686 0.276615 0.510066 0.685709 504.506 0.158079 0.71056 1129.78
943.61 0.241914 2.4113 417.134 1.09398 -0.213733 1352.94 0.816707 0.642285 0.758787 0.726354 412.224 -1.39865 1.18491 1352.38
340.625 0.375252 1.16751 320.497 -0.414326 -2.78578 670.338 0.462036 0.714788 0.759697 0.812294 871.377 -2.21266 0.573112 838.66
710.55 -0.553739 -1.93893 435.813 0.272695 -0.343655 948.308 0.571491 0.571373 0.771887 0.757511 922.875 2.26153 2.08272 1211.59
892.559 0.555197 -2.43475 280.189 0.393208 -0.636255 802.811 0.440828 0.215527 0.523254 0.689323 2513.97 1.03902 1.67528 1224.02
489.43 0.291862 -1.84037 307.007 0.431291 1.4543 786.206 0.502026 0.676953 0.60591 0.719257 785.742 1.09616 0.358143 819.365
573.657 0.859595 1.19969 387.998 -1.27668 1.06869 1220.08 0.775295 0.716986 0.822372 0.76 864.775 -1.13916 2.20785 1504.62
668.321 0.927708 1.10896 574.334 0.856426 -2.79228 1174.01 0.307473 0.268589 0.720379 0.557609 1390.69 -0.802236 1.9112 1243.26
1022.24 -0.279711 -0.977308 443.14 -0.288884 1.24387 1249.43 0.656617 0.361046 0.742312 0.521 1080.31 3.04778 1.80391 1492.52
720.92 -0.531583 -2.34885 694.31 -1.20748 2.90396 863.849 0.686228 0.549042 0.671307 0.389937 977.179 1.18619 1.71777 2174.38
1191.26 -0.53467 -1.14155 253.248 -0.181598 2.57816 1087.67 0.523301 0.786405 0.788188 0.84436 588.187 -2.96094 0.744082 1986.18
491.732 -0.0633082 -1.52134 418.854 -1.04613 -0.466352 671.982 0.764941 0.572519 0.848835 0.84714 1826.59 2.14497 2.61133 987.178
791.545 -0.240848 -0.472349 611.821 -0.357288 2.83859 1417.67 0.710526 0.294421 0.630072 0.404498 999.253 2.44213 0.396465 1384.6
689.014 -0.42383 1.6956 368.988 0.10338 -2.699 872.691 0.661009 0.700396 0.805178 0.705356 1491.73 0.464458 1.23115 1542.04
698.306 -1.29814 0.979357 305.321 0.415152 -1.75625 1310.43 0.468453 0.35119 0.795413 0.62883 384.811 1.31036 0.331001 1146.28
1213.6 0.191279 -1.09789 426.39 -0.934051 -3.04138 1471.67 0.662179 0.543062 0.715323 0.882727 1704.71 1.58927 1.65253 1661.66
648.073 -0.356775 1.70788 265.365 0.395082 -1.40743 910.862 0.47829 0.774367 0.773596 0.557456 834.896 -1.24864 0.158783 947.625
494.895 0.474396 0.521445 270.484 1.99406 -1.46205 885.944 0.66599 0.693592 0.762627 0.828094 1332.59 3.07379 1.74734 894.014
583.755 -0.631678 0.17524 432.663 1.1865 1.69044 1266.22 0.667549 0.835781 0.455341 0.795974 966.006 -3.03645 1.55629 1309.92
998.429 0.646941 1.78229 723.954 -0.42811 -0.637194 1885.2 0.65636 0.443877 0.575947 0.565903 1305.83 -2.56263 1.92543 1879.43
413.414 -0.4913 -1.06236 284.811 0.0357729 1.77011 730.509 0.470909 0.79012 0.807575 0.776507 949.498 -1.91456 0.852198 664.606
2020.94 0.798144 2.675 1391.16 0.0683481 -1.09053 3457.2 0.282634 0.821443 0.703254 0.891285 601.669 -0.628821 0.46171 3621.99
698.27 -0.77676 -2.87111 433.064 0.291847 -0.496827 1218.72 0.553457 0.534079 0.816784 0.831484 930.016 1.42755 1.92437 1112.93
683.356 -0.807667 -1.65734 301.024 1.36666 -0.123831 1370.97 0.794336 0.309638 0.794234 0.628364 1677.57 1.9094 2.03323 1028.91
638.335 -0.465875 2.61724 274.162 -0.937186 -0.237656 864.432 0.717775 0.546969 0.738858 0.731032 1117.51 -0.514958 0.277302 1045.74
808.508 -0.84899 -0.457156 550.805 0.336945 0.796578 1161.89 0.834772 0.400255 0.70878 0.597856 363.834 -1.39889 0.941735 2203.31
354.758 0.399265 -2.54766 337.282 -0.20665 1.13874 717.809 0.675716 0.6231 0.836326 0.716423 1081.47 -1.50497 1.04269 785.168
1066.03 -0.0950621 1.10116 398.091 -0.87641 -2.7525 1340.42 0.733182 0.469159 0.750588 0.778772 942.089 -1.46558 1.28692 1664.06
786.406 1.30624 -0.305827 373.138 -1.11361 1.22031 1839.22 0.141798 0.655433 0.562636 0.726466 160.403 0.961204 0.259102 1282.8
781.975 -0.87175 2.87345 414.249 -0.13592 -0.676492 1240.99 0.438358 0.624066 0.735978 0.791061 436.174 -1.29259 0.6161 1282.31
1229.24 -0.437686 0.62552 1068.19 0.0378062 -1.87569 2252.45 0.822819 0.226211 0.700655 0.522062 786.247 3.14134 1.26616 2514.76
707.427 0.768726 -1.93557 614.181 -0.649846 0.0596495 1516.63 0.787344 0.563608 0.738973 0.809468 1137.89 1.60693 1.54728 1462.82
712.687 0.0986951 -3.00389 513.55 0.159586 0.507131 1250.12 0.618074 0.182608 0.778705 0.544729 610.079 1.13339 0.62626 1490.96
1877.18 -0.187968 0.56401 1343.74 -0.727235 -2.55349 3319.83 0.250667 0.715599 0.851663 0.721505 153.148 1.29318 0.72917 3249.04
945.362 -0.227444 0.0460369 517.314 -1.39151 -3.0822 1659.58 0.369103 0.591948 0.768529 0.827849 156.251 -2.67948 0.402716 1436.55
921.097 -0.0726392 -2.90544 610.526 0.265817 1.47977 1249.77 0.720785 0.672529 0.829259 0.76105 1817.49 -0.493562 1.97333 1541.43
1270.65 0.378249 2.95044 670.593 0.502543 0.407625 1794.26 0.247342 0.763279 0.697402 0.750774 1191.72 -0.966507 1.37413 1916.14
506.918 -0.887523 -1.52629 487.495 -0.254049 -2.96147 733.725 0.704158 0.78774 0.642024 0.756563 358.996 -1.76946 0.243169 1382.83
471.699 0.43962 -0.959235 431.577 1.38943 1.53435 1015.19 0.276023 0.386497 0.704815 0.698918 637.48 0.844357 0.68999 1089.09
428.499 -0.321548 -0.832814 344.648 0.466754 2.83072 820.167 0.514065 0.627058 0.574908 0.359357 1506.17 3.11573 0.285011 985.783
945.643 -0.306492 -2.3089 772.326 0.0918192 2.09143 1491.97 0.128126 0.782995 0.759728 0.790708 877.324 0.870075 1.22135 2259.88
1011.19 -0.0968039 2.37129 767.741 0.167952 0.021537 1654.76 0.437919 0.266384 0.668919 0.681305 910.047 -1.02736 1.0489 1794.6
1200.55 -0.541433 -2.1476 602.814 -1.31086 0.899916 1839.74 0.537769 0.798635 0.65275 0.802017 759.968 0.802777 0.0971393 1982.32
517.824 0.758734 1.0967 313.102 -0.276944 -0.583407 756.003 0.756892 0.698566 0.760877 0.739045 467.698 -1.81344 1.23003 1025.7
348.125 -0.431704 2.94487 281.386 0.582421 -1.49202 615.328 0.422431 0.490797 0.618876 0.744958 1252.98 1.56141 1.38347 839.475
1358.79 0.318735 1.40854 338.584 0.504836 -0.329338 1073.77 0.29257 0.733356 0.844422 0.822357 220.06 -1.02517 0.695827 1915.41
459.337 -0.447455 0.148789 437.625 0.654977 -1.67175 887.082 0.712642 0.592645 0.541981 0.603481 1168.03 2.19726 2.04847 1111.65
517.37 0.690013 -0.651702 263.823 0.904419 -2.41906 593.294 0.821115 0.632223 0.845489 0.681986 990.08 2.77018 1.09394 1038.42
1433.82 -0.0522095 -1.27102 414.987 -0.585287 1.56364 1602.51 0.37014 0.660319 0.639696 0.618669 973.45 2.51039 0.946744 2018.69
827.188 0.933542 -2.39465 614.108 1.11179 0.300326 1406.24 0.736866 0.780321 0.530327 0.749379 993.386 0.616422 0.316096 1547.87
690.638 0.480099 -1.43283 485.415 0.239621 2.30155 1150.2 0.388384 0.634155 0.663378 0.761831 1121.92 1.08462 1.21692 1224.94
1550.77 0.17932 -0.208833 1081.17 0.0835926 2.61885 2571.19 0.732216 0.280888 0.773745 0.39021 87.6249 -0.866793 0.65796 2947.35
961.325 0.0749099 -2.86937 957.368 0.453796 -0.403305 1868.01 0.195226 0.686027 0.848409 0.833798 1569.31 1.24566 1.64897 1934.38
586.642 -0.197953 1.53839 291.388 1.13957 -1.08829 1004.93 0.634967 0.805671 0.792794 0.759533 494.456 -2.59304 1.50475 874.446
850.46 -1.08482 -2.63161 478.931 0.110825 0.464653 1550.11 0.736123 0.58499 0.795527 0.570017 500.757 0.901818 0.437165 1398.48
402.279 0.260255 2.12091 251.154 -0.40204 -0.142033 624.36 0.687445 0.584003 0.712958 0.939505 217.595 -3.00549 1.15679 749.313
948.672 -0.93882 2.92346 698.284 0.0837904 -0.918916 1773.9 0.456775 0.238062 0.752965 0.72241 201.605 -2.91128 0.448448 2074.24
1466.58 -0.0355565 0.560762 515.273 0.0720224 -1.54247 1529.97 0.370244 0.603527 0.79311 0.814816 1463.1 2.75715 1.98356 2101.94
489.02 -1.55205 2.47049 447.122 0.994109 -0.0193088 1821.76 0.262177 0.53235 0.862059 0.696595 617.479 -2.551 1.26169 931.597
817.841 -0.248252 1.13587 453.155 0.0305594 -1.21 1201.43 0.579161 0.647337 0.568625 0.535518 883.604 -1.71499 0.50499 1520.2
526.344 0.238352 -0.0596624 368.11 0.337069 -1.68579 727.643 0.418995 0.740021 0.622541 0.76927 1483.02 2.65032 1.94708 899.763
363.545 -1.09402 1.859 320.957 -0.533649 -1.4183 727.07 0.473716 0.498815 0.653592 0.704007 164.165 1.10943 0.749575 661.361
948.659 -0.248792 2.04996 388.708 -1.15436 -2.17718 1200.81 0.61285 0.611307 0.599311 0.764017 1111.84 -0.384935 1.79224 1413.55
530.56 1.22184 -1.63125 261.851 -0.87865 1.78271 1197.53 0.644343 0.637087 0.701673 0.660254 547.512 0.748694 1.03401 804.487
874.347 0.344012 0.939121 359.798 0.972566 -2.20099 1195.44 0.78039 0.120167 0.698255 0.790681 314.989 -1.89419 0.3068 1232.92
627.803 -0.0374265 -1.78755 445.72 -0.253322 2.32359 992.089 0.516611 0.183153 0.870374 0.731751 179.732 -3.1141 0.845496 1177.18
709.225 0.0306846 0.0900804 301.368 -0.213193 -2.19119 850.033 0.628812 0.622008 0.788551 0.435795 1033.53 -2.80716 0.61597 1316.11
646.001 0.610822 1.22383 422.766 -1.12615 -2.15415 1485.26 0.295382 0.778349 0.676387 0.723259 765.195 -2.30489 0.150741 1560.21
994.781 -0.625186 0.385585 696.177 -0.0735106 2.80409 1642.73 0.658306 0.557194 0.766863 0.701437 1206.62 -1.14425 1.52983 1737.66
1113.24 0.057456 1.15176 340.314 -0.532353 -1.65542 1279.12 0.70302 0.666072 0.735659 0.746301 1063.4 1.01592 0.135837 1656.34
465.028 0.727734 2.21799 339.259 0.420681 -1.94218 741.767 0.492481 0.603393 0.391067 0.790234 1397.92 0.48516 1.73283 803.501
297.433 -0.295523 -2.85481 292.014 1.78113 0.028649 951.252 0.725171 0.206857 0.737989 0.787596 886.706 -1.89868 0.956129 901.845
1416.33 -0.00585778 -1.40654 1221.21 0.299803 1.47499 2651.33 0.514968 0.336358 0.670345 0.431604 905.264 2.22871 0.75372 2729.19
589.73 -0.882001 1.93194 268.425 0.0350017 -1.57605 882.144 0.478659 0.658064 0.808785 0.490457 626.661 -1.62889 0.0528344 1035.72
965.411 0.108286 1.68021 604.805 -0.0340852 -1.3019 1535.54 0.583855 0.788228 0.768979 0.784157 1035.08 -1.41829 0.116398 2313.46
895.127 0.661377 -0.376235 765.585 -0.371827 2.75559 1911.56 0.47473 0.305953 0.469826 0.789886 32.3074 0.601978 0.978213 1647.1
528.258 -0.654257 1.27144 492.991 0.220645 -2.76095 1076.72 0.772417 0.711833 0.716216 0.412524 233.201 0.0267706 1.24467 1809.76
326.21 0.176133 -2.8437 259.447 -0.0452838 0.966143 567.437 0.801215 0.71159 0.77314 0.774689 454.429 0.446997 0.519145 661.418
572.974 -0.150631 2.94026 325.135 1.02519 -1.30466 914.221 0.641169 0.237044 0.74421 0.638807 819.151 1.10671 1.83356 1023.54
634.704 0.319164 0.893533 330.016 1.57578 -2.36855 1114.23 0.720632 0.609931 0.812738 0.481674 172.762 -1.23953 1.12902 963.81
714.868 -0.279166 0.288741 652.426 -0.513358 2.24855 1155 0.527668 0.737883 0.641933 0.802287 1838.2 -2.11809 1.91654 1405.4
431.026 -1.31642 2.71419 413.293 -0.632824 0.565075 819.707 0.76302 0.685214 0.698724 0.712023 1143.98 -1.06907 1.63415 875.286
533.405 0.0823994 0.912034 275.976 1.25326 -2.91996 876.103 0.76292 0.574202 0.819037 0.776423 867.39 -1.7038 1.21615 837.746
2059.06 0.0769368 -3.036 852.731 0.165691 -0.169694 2657.73 0.678428 0.318467 0.863337 0.851978 1757.44 0.65517 0.824864 3097.79
400.209 -0.975542 0.67258 387.935 -0.053504 -3.14136 859.767 0.339506 0.445292 0.625315 0.651956 495.409 -0.691334 1.36391 1008.29
870.769 0.464976 0.264398 254.326 -0.0774916 -2.75849 995.89 0.584501 0.220565 0.775082 0.801148 1023.52 -2.97393 0.215445 1121.04
622.428 1.47394 -2.85012 380.083 0.197045 -0.990322 1042.76 0.788317 0.698444 0.83929 0.73037 660.467 -0.428129 0.562193 1236.54
720.179 0.380331 -0.214093 324.371 -0.919566 2.85295 1198.36 0.553406 0.551569 0.817389 0.585077 235.052 -2.45318 0.97705 1150.68
758.89 0.0803454 -2.12862 406.699 0.479764 1.30678 1147 0.288865 0.680471 0.623467 0.815735 987.664 -3.07006 0.94144 1455.11
870.643 0.606848 3.0008 690.737 -0.400065 0.186241 1746.56 0.802126 0.363124 0.777343 0.629611 594.449 -1.91476 1.36763 1552.83
1107.13 0.692416 -0.980416 355.832 0.989764 -2.97612 1084.42 0.659951 0.676254 0.630926 0.842328 1146.65 2.14158 1.16549 1760.73
562.955 -1.04616 -2.88477 504.66 -0.249484 2.60595 648.538 0.806721 0.200309 0.77798 0.844798 128.537 -0.313096 2.57168 1899.33
450.274 0.97555 1.26032 376.064 0.0654219 2.24224 564.468 0.750619 0.744277 0.718686 0.759118 347.617 1.31479 0.0544666 1115.69
803.859 0.126228 3.09707 718.487 -0.247738 0.251672 1552.24 0.346297 0.332813 0.788529 0.427462 787.105 -1.38917 1.64084 1544.55
353.509 0.423416 -2.08437 276.344 -0.654319 -3.00258 478.212 0.521322 0.826619 0.703704 0.811072 2328.3 0.887119 2.39348 694.798
306.909 -1.23346 3.04929 280.458 0.474256 0.720972 790.12 0.732057 0.773331 0.753689 0.756631 270.173 -1.61889 1.61501 758.805
587.939 0.0467221 -1.72438 541.483 0.54914 1.28033 1191.03 0.455913 0.828842 0.764306 0.741382 683.787 2.29631 1.01598 1221.47
1155.37 -0.134816 -0.568115 374.563 -0.659658 1.47607 1190.59 0.73992 0.625227 0.710902 0.888357 2106.37 -2.92789 1.87923 1636.45
760.306 0.488632 1.96115 743.674 0.151493 -2.13667 1375.9 0.705171 0.731447 0.744046 0.850294 769.034 0.557881 1.40327 1783.09
357.546 -0.107005 -1.4586 280.857 -0.248633 -2.92034 439.534 0.762605 0.742805 0.77101 0.780505 633.363 1.48187 1.88097 719.869
994.61 -0.325713 -0.674569 623.951 -0.481011 2.21803 1579.24 0.802799 0.507281 0.65361 0.67011 487.967 -2.26931 1.59474 1584.73
889.852 0.270756 0.725123 431.044 -0.821314 3.10776 1376.3 0.722284 0.366587 0.902324 0.362754 1663.11 -1.87802 1.2974 1360.43
1018.05 0.0976723 -3.06082 862.184 -0.502026 0.707339 1877.07 0.565651 0.774309 0.707314 0.798483 1247.47 -1.00045 1.70779 1879.27
385.195 -0.792341 1.4596 336.903 1.63999 -2.50669 1296.14 0.774742 0.391739 0.704566 0.848446 1044.97 -1.65152 0.855165 1005.05
441.971 0.342409 -3.07392 299.992 -0.706657 -0.0891947 862.157 0.249179 0.554957 0.644047 0.738764 389.63 0.644623 0.733817 788.519
698.899 -0.483353 -2.44745 400.66 -0.0102549 0.776289 1126.9 0.0993034 0.51807 0.835369 0.425626 348.758 -2.06145 0.386005 1111.77
367.044 0.129846 2.83037 288.907 1.45684 0.876816 724.994 0.724592 0.705611 0.788422 0.838017 1137.12 -0.724177 1.60099 773.803
733.75 -0.0127204 -1.13659 483.795 -0.671814 2.10921 1267.72 0.646666 0.437664 0.766964 0.821569 1727.37 2.02365 0.0855584 1211.38
840.482 0.54046 -2.84141 475.953 0.294598 0.353844 1400.87 0.295732 0.377655 0.685666 0.580208 1621.2 0.426185 0.0723405 1427.5
1207.47 -0.628765 1.80206 384.953 2.31189 -0.797725 3109.89 0.645777 0.823753 0.861277 0.797634 1149.62 -1.39432 0.596593 1626.32
672.219 -0.227381 -1.83588 506.083 -0.573829 -0.143405 909.329 0.814065 0.365978 0.804172 0.830416 1214.47 1.60876 1.75216 1479.82
1305.98 0.188409 2.52337 872.125 -0.018013 -0.743289 2174.11 0.406446 0.610767 0.818388 0.705113 300.572 0.228026 0.971315 3017.99
617.759 0.47819 -1.151 534.604 -0.596246 3.04275 1265.41 0.333433 0.417457 0.706201 0.331167 1690.86 1.12622 1.91652 1193.53
809.051 1.10208 -2.23175 757.221 -0.443138 0.391163 2028.52 0.309459 0.649626 0.721801 0.724541 708.718 2.25487 1.79657 1543.61
734.425 1.16817 -0.531909 651.896 -1.38877 1.50601 2581.65 0.713883 0.110603 0.840161 0.696031 710.115 -2.88481 1.89237 1520.01
959.237 0.43737 -2.73932 722.831 -1.30175 0.645408 2359.84 0.533928 0.808365 0.482479 0.853107 367.324 -0.127766 0.773174 1960.21
414.109 0.166273 1.30306 394.109 0.105514 -1.63897 825.81 0.174301 0.756258 0.813515 0.715439 523.213 3.03137 1.61285 796.394
357.993 0.318679 -0.289174 354.92 -0.0250508 2.38061 729.414 0.65368 0.257803 0.798814 0.837868 644.95 2.55769 0.177082 1188.3
2510.93 0.378156 0.693679 1485.07 0.345167 -2.16715 3833.29 0.784606 0.445643 0.765185 0.652492 1280.77 -2.60356 0.436414 4104.19
443.05 -0.287816 0.11602 317.35 1.4652 2.94886 1059.85 0.748771 0.429359 0.741615 0.762208 1082.02 3.13323 0.184371 811.36
768.301 0.429476 2.98594 584.713 0.219535 -0.145862 1357.18 0.527574 0.639193 0.566958 0.555632 895.899 -0.047086 0.0987759 1473.36
697.631 -0.259539 2.58835 302.353 -0.985481 -0.103446 974.199 0.422858 0.705324 0.641992 0.760964 390.896 -1.09042 0.986975 1334.14
716.499 -0.394383 2.21344 337.556 -0.515491 -1.27989 992.122 0.798556 0.69297 0.789828 0.636859 202.191 0.342594 1.62249 1081.21
760.607 0.904557 -0.842567 516.282 0.427969 1.62094 1239.98 0.485912 0.41546 0.447783 0.555084 653.142 2.62027 0.999332 1428.51
429.671 0.0611094 1.34467 303.415 0.603653 -2.59101 708.578 0.770636 0.630355 0.683584 0.779904 1232.06 0.121425 1.22325 778.37
455.744 0.716685 -1.96722 358.402 -0.209344 1.67377 911.334 0.520195 0.577811 0.680364 0.489325 707.477 2.63879 0.96502 1152.23
704.075 0.033876 1.86548 665.102 0.269707 0.787927 731.964 0.737917 0.182852 0.74008 0.625932 976.467 -1.05316 1.84109 1716.15
615.21 -1.60771 1.79742 587.068 0.212119 -0.301219 1691.72 0.337166 0.442988 0.421225 0.283391 1291.68 -2.99217 1.49359 1228.05
540.328 0.427975 2.83841 354.147 -1.00162 0.0227498 1106.23 0.702024 0.584641 0.908105 0.712696 336.169 -2.59816 0.846611 885.318
340.914 -1.86067 -1.49376 302.228 0.52728 -0.133598 1055.93 0.579369 0.726409 0.683672 0.734258 591.208 1.29698 1.43058 765.31
579.939 0.075996 -2.02476 287.483 1.34225 -1.33052 633.668 0.686571 0.616113 0.80786 0.692002 817.707 1.15828 2.4888 1268.33
1017.93 -0.0746702 0.308814 556.652 0.536736 -2.41358 1552.64 0.563033 0.346625 0.450009 0.588483 569.747 2.84068 1.02892 1785.16
703.859 0.531269 1.7822 250.952 -0.231646 -1.70092 904.201 0.329835 0.68069 0.714275 0.688342 1098.32 -1.21681 0.484108 957.075
441.565 -0.263331 -0.0229934 277.348 0.0351393 0.973845 365.656 0.561 0.627454 0.777287 0.728085 1184.95 2.91391 1.94007 875.741
1378.94 0.960834 -0.65789 273.152 -0.540207 1.86218 1590.36 0.737935 0.299308 0.753309 0.664523 577.436 2.91851 1.05633 1816.59
470.907 -0.241894 1.96422 388.076 -0.202985 -2.37614 745.15 0.179954 0.631572 0.778946 0.766413 1123.19 -0.464663 1.91148 955.264
716.753 0.506151 1.9346 438.113 -1.0499 -0.72219 1462.38 0.596759 0.479885 0.730052 0.699453 426.305 -1.70052 0.978326 1278.04
501.908 0.940746 -0.03281 482.104 -0.764327 2.51182 1344.31 0.770217 0.736573 0.798839 0.783678 444.874 -2.04081 1.73055 1273.83
693.575 0.173933 0.317933 432.775 0.0554996 -1.11021 771.264 0.0828021 0.756852 0.761211 0.919931 1499.43 2.83104 2.34193 1585.75
725.449 -1.42559 -1.25366 301.063 1.4963 -2.14409 1958.04 0.694814 0.80384 0.774931 0.779342 1121.77 1.49479 2.64431 1061.59
697.368 0.446592 -3.11949 343.935 0.539284 -0.17165 1103.36 0.146093 0.302201 0.366694 0.705768 1410.55 1.85542 1.30828 1336.69
743.3 0.619562 1.32439 368.802 0.566933 -0.121471 737.883 0.605446 0.45897 0.737181 0.413565 2187.86 -2.43957 2.3181 1112.39
580.788 -1.12047 -0.780043 373.978 -0.307296 1.80404 987.76 0.399855 0.240449 0.725216 0.661117 1530.44 -2.59538 1.81534 980.076
456.979 -0.908608 2.82353 265.933 0.335828 0.844672 749.175 0.644493 0.550348 0.799947 0.65091 682.473 -2.72665 0.733004 1092.38
495.626 -0.253648 -2.11933 461.993 1.3553 0.105619 1222.02 0.380409 0.787798 0.773175 0.805853 824.42 1.39874 1.29312 1100.45
825.193 -0.141953 -1.19186 513.852 1.38633 -1.78548 1178.22 0.559592 0.797047 0.815547 0.835134 1974.61 1.78394 2.71377 1395.14
341.97 0.238548 2.93351 308.328 0.136152 -2.13847 391.529 0.787363 0.790103 0.547886 0.724493 817.428 1.09111 1.8424 954.945
685.614 1.1624 -0.381484 621.788 0.446644 1.3123 1134.94 0.555431 0.406462 0.742728 0.591754 1648.69 -2.94119 2.02969 1510.76
373.003 -0.803154 -1.1012 354.909 -0.471762 1.64808 785.376 0.203272 0.610522 0.60787 0.848952 644.295 2.99039 1.34231 840.241
507.193 0.179529 1.54585 390.912 -0.745214 -0.878319 946.534 0.414161 0.626086 0.746449 0.683391 446.33 3.06646 1.5206 1183.51
995.706 -1.534 2.80997 643.809 -0.174296 0.364171 1918.91 0.741096 0.68095 0.862925 0.691717 819.979 -0.921968 1.28614 1800.05
503.345 -1.06491 -0.657527 438.629 0.0502687 1.18301 939.154 0.695654 0.629547 0.785349 0.76981 789.188 -3.00696 2.09322 1082.1
712.494 0.493371 -1.02327 678.097 -1.12553 -3.04513 1724.33 0.652788 0.19763 0.745015 0.820323 1002.5 0.736001 1.75927 1623.3
1113.57 0.596558 -1.67945 1113.08 0.283876 0.930206 2207.79 0.596576 0.589938 0.724893 0.335831 1364.24 -2.87782 1.19837 2228.78
1181.55 0.044542 -0.974673 491.77 -0.344744 -2.8566 1283.16 0.648389 0.401632 0.597563 0.778848 1693.46 1.79123 1.63536 1986.41
629.954 -0.564801 2.05104 429.511 -0.25548 -1.42149 1061.07 0.692142 0.618031 0.797934 0.630095 814.114 1.47769 0.573351 1213.91
402.062 0.53098 0.0687829 378.185 -0.298037 2.61586 828.854 0.663095 0.746859 0.752113 0.809649 1176.07 -1.39828 1.46706 816.704
504.299 -0.860437 0.0514013 497.304 0.0347317 2.83131 1113.52 0.295686 0.628333 0.516287 0.597135 1220.93 -1.11026 1.16166 971.494
633.324 -0.874475 1.74127 525.674 1.03913 -1.34713 1741.69 0.767632 0.472662 0.718399 0.669727 451.418 -3.00097 1.54094 1290.24
566.416 0.532539 2.41524 250.391 0.487366 -0.905756 763.233 0.420122 0.760743 0.611947 0.753028 64.9211 -1.2478 0.342045 833.729
568.976 -0.398535 -0.48677 476.788 -1.54936 2.21593 1208.69 0.735387 0.719756 0.759476 0.700048 1224.54 3.03873 0.822801 1047.28
963.286 -0.583491 -1.20819 260.879 0.228408 1.94592 1099.25 0.661886 0.483731 0.744654 0.745555 71.6369 -2.89784 1.43942 1243.99
497.912 0.364418 -0.105366 266.802 -1.26284 -2.93149 996.613 0.158412 0.700927 0.796188 0.748933 902.497 3.09038 0.261307 837.771
682.624 -0.775971 2.08546 336.076 -1.15623 -1.16953 991.82 0.786646 0.698135 0.831743 0.752112 277.061 1.79973 0.285726 994.588
535.611 1.16738 2.89636 497.54 0.547281 0.236285 1115.42 0.352828 0.670969 0.468375 0.799201 1042.65 -1.49871 1.73499 1167.9
326.691 -0.724971 -2.14833 275.62 -1.05766 2.41717 490.838 0.792198 0.438524 0.759002 0.772271 1602.95 0.598614 1.81856 695.119
908.625 0.719189 -3.07998 262.86 -0.213462 0.377596 1096.07 0.745402 0.75581 0.742229 0.74895 483.335 -0.529594 0.90719 1187.73
1116.03 -0.502173 0.747026 927.137 0.205184 3.09577 2030.97 0.663743 0.241898 0.76506 0.586855 759.948 -0.985968 1.73299 2442.84
458.743 -0.696212 3.10664 378.3 1.00787 -1.43158 1040.64 0.634851 0.558997 0.635929 0.630056 1187.86 1.154 1.95264 881.101
854.26 -0.367377 -2.56272 379.228 -0.586924 1.07512 1137.45 0.850281 0.467459 0.763272 0.42739 803.688 0.0198693 1.05525 1211.09
827.682 0.163391 2.79252 255.754 0.486442 0.517251 870.347 0.283522 0.804519 0.768474 0.80476 824.296 -0.956143 1.47339 1353.95
667.512 1.24113 0.765245 617.842 -0.0361512 -2.39619 1592.87 0.157437 0.803816 0.434355 0.774986 717.775 0.698077 0.0671679 1287.7
425.869 0.185919 -0.939408 383.23 2.11886 1.8194 1214.94 0.249414 0.483438 0.629455 0.747391 1314.84 3.02405 1.20465 1028.21
917.211 -0.641671 -0.708309 490.71 -1.42435 -2.75077 1275.61 0.669329 0.562516 0.774399 0.735536 900.445 1.56919 1.96322 1925.66
591.137 -0.19095 -1.66131 464.61 -0.18825 0.874311 1011.2 0.191542 0.239154 0.678557 0.72645 641.97 -2.99923 1.33792 1239.43
1158.78 0.212794 -0.25008 735.405 0.50253 -2.90166 1828.37 0.616619 0.694836 0.617112 0.742412 1073.11 2.73341 0.648122 1938.35
1485.68 0.0517783 0.804181 722.243 -0.778893 -2.48557 2277.27 0.742081 0.549239 0.589757 0.361631 1769.21 -2.2667 0.218872 2301.34
956.067 0.912461 -0.384636 756.281 -1.38602 3.07082 2952.97 0.475917 0.812582 0.830764 0.798461 331.887 2.0044 1.06642 1690.78
297.67 0.754032 -1.60609 267.299 -0.829119 -2.85967 608.505 0.724903 0.468045 0.845546 0.616083 1032.91 0.904055 2.51015 670.381
374.76 0.728683 2.42792 252.154 -1.70733 1.74517 995.969 0.630252 0.60627 0.449052 0.846109 1464.59 -0.816591 2.56176 740.843
611.2 -0.105474 -2.48218 511.321 0.0559082 -0.239365 1028.04 0.667053 0.357662 0.814195 0.781207 438.602 0.0895393 0.328904 1491.5
824.59 0.501215 0.325221 643.324 0.0987328 3.07039 1479.91 0.750243 0.77108 0.773694 0.595071 1224.9 1.19925 0.87403 1973.93
418.661 -0.810463 -1.54746 389.045 0.537448 2.22151 982.519 0.705654 0.480312 0.71628 0.576744 317.86 -0.725155 0.822305 946.583
1311.37 -0.366604 -3.02196 408.122 0.283589 -0.290724 1536.53 0.514669 0.716174 0.500121 0.773303 1387.96 0.177852 0.468576 1747.06
686.25 0.051406 -0.137683 342.059 -0.295149 1.73503 812.023 0.428954 0.564013 0.507289 0.48835 1825.01 2.62799 0.892962 1354.49
1497.48 -0.279813 1.44394 350.715 -0.704653 -1.95459 1484.06 0.700116 0.655462 0.8796 0.720378 1398.94 -1.78093 0.173656 2142.85
1043.03 0.101716 -0.45735 424.804 0.496082 2.37805 1350.59 0.784667 0.680973 0.789822 0.783368 1328.44 2.68529 0.307241 1551.59
610.177 0.0192368 -2.69693 353.995 -0.562276 1.04325 953.706 0.424661 0.578633 0.30384 0.583131 779.262 0.140519 0.90273 993.246
792.588 0.905219 2.5671 329.574 -0.764826 -0.631993 1426.72 0.735304 0.463158 0.756034 0.807773 141.886 0.720961 1.35295 1101.79
1181.78 0.0790486 0.291278 712.179 0.666746 -1.92314 1743.82 0.318381 0.719959 0.722777 0.681601 1286.59 2.90308 1.45696 2015.34
537.888 -0.634181 -2.00884 403.793 -0.252075 2.06029 860.609 0.666734 0.737737 0.706683 0.79564 1061.62 2.5847 0.524416 1159.89
528.506 -1.29208 -2.47499 301.173 -1.02416 0.787934 841.021 0.254999 0.514411 0.822425 0.627594 229.765 -0.815543 1.60348 846.918
858.791 1.03533 -1.74246 629.841 0.295512 0.814192 1591.33 0.193005 0.30872 0.70257 0.855123 1044.94 -2.07023 0.327777 1977.01
846.895 1.24566 -0.320897 326.443 0.933984 1.98678 982.869 0.70957 0.762119 0.694602 0.744722 1190.16 -3.10116 1.19525 1282.95
1321.55 0.150549 -0.63577 258.682 -0.0556609 1.2101 990.28 0.413936 0.649271 0.310232 0.664633 1599.01 3.10637 1.89627 1694.11
1431.02 -0.118276 -2.28391 527.705 0.551897 1.46224 1780.39 0.702202 0.742445 0.814946 0.803366 1851.67 0.00716599 1.45507 2019.38
1196.14 -0.355037 0.111849 640.253 0.191103 -2.7784 1824.94 0.687802 0.431534 0.731148 0.601438 616.264 1.03437 0.922525 1836.56
476.214 1.31457 2.52549 450.513 0.473485 3.11356 492.814 0.709719 0.273076 0.614954 0.862541 1279.89 -0.289042 2.81453 1220.31
1509.03 -0.530229 1.71591 406.209 1.01422 -2.66693 1852.72 0.592051 0.488266 0.838944 0.610567 1929.78 -0.769377 1.89756 1934.31
966.032 0.510446 -2.83521 877.022 0.160262 0.407851 1948.43 0.637413 0.189351 0.601682 0.568683 254.405 -0.368933 0.776784 1865.27
529.804 -0.849849 1.67096 461.883 -0.657895 -1.02828 1006.57 0.53505 0.46804 0.756135 0.682931 1313.1 -1.56158 0.533297 1127.9
412.038 0.138257 1.07259 288.817 -0.777803 -2.03227 782.471 0.212915 0.224514 0.582354 0.532724 169.843 -1.9751 0.057165 706.79
480.767 0.899561 -1.62679 286.986 -1.41381 1.91151 1296.54 0.421717 0.736524 0.516545 0.802808 579.256 1.17075 0.740758 922.014
436.904 -0.36464 2.5212 311.274 2.19631 -2.93585 1293.55 0.393003 0.734987 0.842067 0.854245 404.916 3.05648 0.290856 946.453
604.513 0.455639 1.73178 269.863 0.359728 -1.44922 820.692 0.58434 0.201936 0.755404 0.737459 688.683 1.62539 0.106387 859.52
818.789 -0.0644481 0.39393 289.534 0.703384 2.88868 1015.14 0.818638 0.677741 0.769797 0.786974 1474.77 -2.57616 0.81834 1197.02
639.505 -0.290221 0.489338 292.383 -0.748321 -2.64511 912.304 0.599042 0.451552 0.794344 0.708088 302.613 -2.59676 0.0483508 898.925
1291.8 0.728304 -0.108928 484.485 0.924643 2.93338 1597.21 0.76148 0.707922 0.680619 0.741368 551.854 3.00521 0.0718248 1790.31
389.211 -0.733292 -3.1046 305.429 -0.258079 0.886204 661.955 0.71939 0.737416 0.77301 0.816797 303.298 0.658725 0.227479 795.341
437.572 -0.66173 1.93125 326.256 0.416684 -0.122795 802.874 0.390487 0.856402 0.567155 0.775282 1169.64 -2.55812 1.79382 860.987
567.566 -0.185441 -2.3544 358.894 0.324294 -0.332615 809.342 0.352497 0.757341 0.748577 0.745664 392.995 -1.17702 0.844404 1531.02
940.065 -0.630921 1.99635 288.089 -0.255491 -1.34163 1061.94 0.654685 0.778248 0.835567 0.72736 275.991 1.2729 0.723449 1346
994.778 0.754153 -1.96865 390.524 -0.457624 1.09604 1524.14 0.720491 0.443292 0.580143 0.582216 1214.79 1.0221 0.0739415 1717.12
678.233 -0.286322 0.347707 288.064 1.19519 -0.989024 921.425 0.584852 0.492767 0.753206 0.861372 1817.57 -3.01939 2.03036 1049.16
593.553 0.990245 -1.09767 542.45 -0.82078 1.26789 1587.46 0.462421 0.45796 0.520309 0.514922 454.687 2.38697 1.11909 1432
270.76 -0.99017 2.30408 256.674 0.498854 1.78206 462.465 0.448163 0.615328 0.840485 0.779772 2219.41 -1.00197 2.78403 553.952
351.087 -0.313181 2.16196 275.389 -0.115063 -0.477595 611.93 0.631263 0.729782 0.695735 0.68738 1435.9 -0.595208 0.117613 718.504
830.618 0.330807 0.309698 627.418 0.411144 -2.41293 1438.24 0.221023 0.533361 0.773477 0.72639 1217.89 -2.6004 0.187467 1640.21
544.659 -0.902206 2.64946 292.373 1.29281 -0.880028 1332.03 0.729928 0.756477 0.813108 0.851555 333.015 0.571494 1.45152 804.499
1095.05 0.906917 -1.97211 982.154 0.02727 1.07582 2304.75 0.756749 0.547267 0.819661 0.210714 857.566 0.608881 0.466942 2617.28
1187.99 -0.76914 1.28387 680.447 0.751334 -1.19137 2282.45 0.409979 0.247469 0.845392 0.697511 1254.9 -2.27327 1.0819 2004.6
476.314 -0.416986 -0.616525 378.113 -1.01606 -2.77497 805.604 0.75012 0.397778 0.724008 0.664092 1429.59 1.88943 1.61879 833.265
833.011 0.67213 -1.31837 515.779 -0.015099 2.05257 1383.93 0.641186 0.462766 0.798885 0.393414 213.396 0.260603 1.57897 1341.89
389.399 -0.89904 -1.01567 326.279 2.14559 2.79095 1707.59 0.484406 0.284505 0.635704 0.48336 1010.5 1.9042 0.886745 703.939
516.283 1.92065 -0.422312 448.197 -0.312224 -3.03202 1628.56 0.619155 0.635883 0.819603 0.683536 447.061 2.64443 0.60673 1185.48
614.997 0.645742 -1.6626 525.333 1.59112 1.6894 1279.62 0.36648 0.312919 0.515123 0.793472 123.791 2.35701 0.667615 1252.79
676.662 -0.0466022 -0.892825 644.889 -0.624951 2.81917 1336.64 0.771413 0.510196 0.740805 0.872887 705.291 0.709873 1.6027 1347.14
989.32 0.591484 2.98443 935.214 -0.5595 -0.523611 2230.39 0.469888 0.101562 0.720292 0.757057 640.457 1.4117 1.57273 2086.19
481.35 -0.152294 -2.09378 283.686 -1.20582 -1.47291 491.405 0.684118 0.739981 0.459966 0.748118 1323.65 1.24549 2.7184 843.711
426.762 0.0152376 -2.57088 335.042 -1.12909 1.14794 875.69 0.604246 0.315153 0.814883 0.776082 1420.25 0.776237 0.371702 964.136
818.465 -0.665541 2.11539 576.828 0.37784 -2.4121 1313.44 0.525403 0.581233 0.476287 0.714835 977.178 0.550586 1.5648 1434.65
1502.7 0.0642435 -2.47349 517.263 0.634555 -0.0236999 1752.51 0.642068 0.80001 0.884788 0.853724 198.986 1.07909 1.10279 2500.72
624.986 1.37527 -2.92434 486.471 -0.244632 0.614222 1502.13 0.632008 0.383269 0.656487 0.666142 651.172 -1.35614 1.5682 1120.66
852.651 -0.707662 -1.91904 281.109 -0.628979 2.09355 962.201 0.478976 0.7031 0.641039 0.878805 1362.3 0.790948 1.3026 1286
871.571 0.657579 -2.76256 301.458 -1.99716 -0.19812 2057.6 0.793529 0.77637 0.870818 0.80738 1230.37 0.616805 0.814925 1201.05
1061.09 -0.0997341 -0.11548 490.338 -0.263294 -2.88249 1433.53 0.67591 0.474439 0.811232 0.711861 900.671 -3.0983 0.215809 1762.73
457.109 0.409028 0.551502 392.262 0.472575 3.06086 812.897 0.1463 0.813951 0.738143 0.809563 580.011 1.66409 1.11259 1155.82
1066.8 0.127772 2.38988 477.104 0.236159 0.0570683 1429.3 0.34 0.215007 0.634148 0.639118 1202.58 -1.40637 1.46344 1596.93
539.68 0.678605 -2.35301 260.49 0.063916 2.26464 653.624 0.251884 0.731737 0.803656 0.835608 685.678 0.386706 1.87794 1067.79
758.895 0.398334 -2.0664 497.6 0.527532 2.47553 951.449 0.744054 0.512101 0.606396 0.574322 1338.58 0.560956 1.91457 1301.36
404.048 -0.291765 -3.02669 262.528 -0.00199456 0.564953 658.033 0.373662 0.454199 0.897274 0.723534 629.267 -1.18742 1.75237 954.156
775.989 -0.795466 0.662524 414.973 0.535792 2.79838 1285.94 0.673472 0.227837 0.777447 0.514543 1595.15 -2.07207 1.41274 1654.64
842.895 0.362635 0.734075 827.135 0.588956 2.74625 1435.23 0.568772 0.567687 0.640326 0.507933 68.8152 0.467191 0.266884 2757.87
1017.03 -0.377575 1.81863 601.229 -0.732641 -2.20039 1482.4 0.39171 0.451293 0.693815 0.84779 1433.54 0.304675 1.51395 1658.71
555.198 0.305697 0.407504 266.645 -0.979702 -2.45674 931.793 0.613003 0.537848 0.640293 0.76742 676.146 2.94609 0.880354 978.123
1170.15 -0.0472718 0.269352 501.309 -0.410669 -3.01036 1675.91 0.0774773 0.632818 0.82892 0.767858 1133.62 -2.90035 0.110003 1743.49
395.864 0.368482 2.45066 254.781 0.12122 -2.35886 485.164 0.247951 0.709519 0.710302 0.736561 2038.24 0.254911 2.19575 689.517
604.247 -0.522082 1.91496 319.316 0.0179023 -2.10619 844.742 0.637651 0.472084 0.746806 0.530172 640.731 -0.198639 1.90756 1093.05
2045.84 -0.390846 2.42163 1095.97 0.411036 -0.625835 3290.78 0.438103 0.475167 0.78072 0.320681 286.414 -2.15102 1.52518 3119.96
521.811 1.2046 -0.993214 483.868 1.22265 2.89948 954.788 0.701902 0.789361 0.738814 0.812656 764.406 0.0939538 1.08717 1020.88
880.321 0.403602 0.290573 464.299 0.201914 1.95422 970.069 0.607772 0.697967 0.737208 0.755675 1974.79 -2.26593 2.06304 1427.45
349.633 0.933898 0.743288 332.085 -0.693757 -1.0071 839.962 0.194232 0.287892 0.754222 0.629234 1270.37 -3.00651 1.99941 1163.88
979.776 -0.0433228 -0.932923 549.868 -0.362518 1.083 1274.17 0.782216 0.492713 0.64907 0.747006 764.846 2.62748 1.54448 1778.96
361.14 -0.92958 1.95145 290.531 -0.249054 -1.54008 723.233 0.608245 0.595437 0.606374 0.640347 344.396 -1.06068 0.479401 657.129
571.828 1.07306 -0.695501 408.758 0.816138 2.59057 1003.74 0.281376 0.706814 0.728808 0.572616 1275.35 -2.92351 0.769102 1218.35
776.933 -0.56315 2.8859 487.765 0.959371 0.274347 1652.94 0.0262621 0.581083 0.580807 0.730542 1312 -0.6673 0.941647 1512.66
735.931 0.118887 -0.290856 380.749 0.319997 2.97397 1073.06 0.387636 0.605564 0.696397 0.672896 1031.13 2.39566 0.578316 1398.13
627.692 -0.341931 -0.983949 520.803 -0.0577954 1.66201 1144.49 0.378763 0.650629 0.834756 0.714895 1624.72 -2.01853 1.03458 1876.44
1236.1 -0.726248 0.376982 1088.39 0.0166498 -2.80098 2511.31 0.511051 0.762163 0.678359 0.830855 75.3214 0.912546 0.535564 2290.1
604.039 -0.917967 1.22969 485.258 -1.18158 -2.16129 1107.28 0.7075 0.851506 0.759117 0.793885 669.826 -0.722502 1.43879 1261.72
1536.31 0.474014 -0.605931 350.591 -0.318551 -2.38861 1315.38 0.167586 0.799082 0.872631 0.839446 2468.19 2.16061 1.73396 2049.95
926.3 0.151516 0.49648 804.561 0.0757527 -2.58616 1778.9 0.164682 0.296578 0.71808 0.285315 283.551 -2.83455 0.248389 1739.26
659.408 -0.12934 1.59434 490.879 1.60095 -2.42396 1578.89 0.544717 0.408378 0.620351 0.426206 1108.01 -0.630754 1.79321 1150.37
578.332 -1.18106 -2.6966 266.052 -1.03533 1.98938 593.637 0.706314 0.615917 0.785052 0.707621 672.041 1.53271 0.45667 1005.99
1022.57 -0.548446 2.52389 338.313 0.941699 -1.09152 1507.05 0.822985 0.28812 0.818175 0.774874 1746.87 -0.356399 0.735116 1360.85
607.818 0.529449 -2.62327 313.588 2.06207 0.992427 1143.61 0.720774 0.630315 0.837347 0.727474 857.671 0.227211 0.765216 916.74
963.639 -0.103616 1.44063 592.523 0.586976 -1.35232 1630.12 0.47804 0.145519 0.784174 0.746276 876.742 -2.39967 1.04735 1589.02
632.614 -0.111598 -2.42156 540.793 0.818818 0.114451 1256.35 0.657732 0.724327 0.56799 0.748912 975.373 0.600938 0.486487 1620.9
736.542 0.303148 0.593708 345.955 0.303775 -3.04932 987.851 0.556903 0.258447 0.651639 0.642903 366.266 0.12323 0.470478 1380.92
461.915 0.290035 -2.49406 279.724 1.38968 1.48854 799.211 0.563085 0.536832 0.671168 0.817557 252.642 0.366611 1.12193 813.005
601.406 -0.936676 -1.87941 441.966 0.369731 2.32652 1173.07 0.328366 0.485403 0.870883 0.718177 1668.84 0.490976 1.83555 1024.89
928.481 0.0690343 2.18773 397.141 -1.46024 0.766093 1297.84 0.674559 0.647479 0.63732 0.541002 2054.97 -0.910997 1.67709 1532.33
612.201 0.489128 2.79539 318.223 -1.05125 0.150972 1155.64 0.48258 0.438508 0.566352 0.641031 688.428 -1.47963 1.6306 915.453
569.678 0.780034 -1.10601 393.915 -0.984211 0.915323 1249.62 0.226756 0.769478 0.717537 0.781485 705.48 -2.94586 1.83985 1410.16
365.617 0.910997 -1.4514 323.501 -0.540659 0.328752 775.43 0.441355 0.642307 0.525305 0.768463 1164.86 2.85605 1.97573 855.257
896.729 -0.334222 -1.54795 270.324 1.30999 0.811048 1290.56 0.579615 0.728288 0.73222 0.772263 894.552 1.68937 0.878325 1283.76
1045.81 -0.431375 -2.59788 533.042 0.351453 1.11087 1582.02 0.544405 0.340636 0.66304 0.569971 1450.06 -1.31394 1.28394 1672.28
1451.72 0.869237 -1.05618 723.873 -0.077617 2.53878 2251.83 0.756839 0.665893 0.831585 0.693026 948.038 1.04398 1.4948 2199.69
446.905 -0.0239048 1.27082 305.545 -1.2753 -2.81151 835.59 0.463667 0.702043 0.749787 0.826564 941.479 -1.12334 1.68816 776.043
863.731 -0.0363506 0.367192 283.863 0.0544485 1.4684 542.751 0.650873 0.666546 0.710591 0.642914 1585.38 -3.05755 1.75723 1323.65
684.146 0.378024 -1.34804 405.542 -1.16296 2.44384 1362.97 0.393441 0.325929 0.835499 0.841434 1063.42 0.524278 1.87232 1063.55
659.656 -0.758018 0.443914 654.589 -0.220185 3.1112 1338.65 0.704086 0.416182 0.825801 0.40305 875.915 -1.63707 1.53491 1390.16
413.892 -0.914281 1.65441 386.801 0.353539 -2.03504 964.667 0.178891 0.758488 0.883391 0.889641 665.396 0.166776 1.48764 764.436
510.561 0.115641 0.867641 265.217 0.388214 -1.12618 648.178 0.394753 0.719912 0.858724 0.701954 1289.89 -2.8431 1.71692 954.83
656.696 -0.0935828 -1.40876 336.47 0.0077308 2.34163 916.909 0.366359 0.488992 0.760776 0.681643 1618.59 1.73749 0.604135 1010.86
428.145 -0.485395 -0.979287 335.434 -0.720255 1.77773 761.079 0.419257 0.749021 0.579264 0.756517 1418.69 1.96696 0.189232 996.915
379.808 1.19654 3.01341 277.004 0.512553 0.658975 674.702 0.367228 0.421123 0.874616 0.87428 757.868 -0.961998 1.62097 741.524
342.151 2.33589 -0.0883847 293.525 -0.617521 -1.38014 1382.44 0.760431 0.817679 0.837996 0.73845 1265.94 2.24783 2.33621 825.011
460.177 -1.00487 3.05738 309.19 -1.50772 -1.38263 643.628 0.559317 0.632487 0.689386 0.732489 547.785 0.38479 1.76742 862.431
359.616 0.637486 -3.01008 348.326 1.12561 -0.054322 743.973 0.634251 0.287781 0.634885 0.819231 210.214 1.20881 1.26313 680.249
507.628 0.0463131 0.16344 386.435 0.566578 -0.960579 541.67 0.567975 0.702222 0.761764 0.778468 371.722 2.44111 2.27767 1324.76
472.773 0.81887 -2.07678 383.343 -0.170288 0.0932457 876.71 0.696163 0.411867 0.839073 0.531151 850.247 1.60619 1.51294 958.035
1246.85 -0.331516 2.74082 316.168 -1.08623 -0.938453 1313.81 0.696266 0.653812 0.816692 0.690258 1751.58 0.182764 1.12122 1696.7
744.184 0.439059 -1.68031 669.748 0.30846 1.30653 1481.49 0.556406 0.613662 0.523515 0.747881 864.974 -2.0723 0.391986 1795.72
617.196 -0.398575 -0.926314 405.569 -0.615383 -2.52912 750.18 0.731204 0.81665 0.864672 0.684363 867.438 0.746176 1.67249 1374.08
417.014 0.0544231 0.132234 396.29 0.904092 2.00684 765.413 0.791982 0.538944 0.838682 0.787507 1199.75 -1.81149 1.94372 862.646
363.662 -0.074019 0.525591 323.747 -0.972262 1.69227 517.042 0.408716 0.771903 0.460709 0.696376 147.16 -2.25109 2.33983 1034.84
475.619 -0.313772 -2.84124 344.536 -0.307853 1.94137 570.56 0.301939 0.745286 0.656228 0.595498 1079.79 -0.892574 1.94867 1157.42
1356.76 -1.03627 3.11742 373.887 -0.206882 -2.30345 875.767 0.623834 0.663309 0.583441 0.613616 1794.01 0.622302 2.49512 2055.11
841.735 0.789398 -1.39703 491.877 -1.1265 0.451973 1863.92 0.161065 0.709967 0.544804 0.784459 1851.54 2.05997 1.60799 1418.09
554.622 -0.945055 0.740681 346.058 1.46646 2.46932 1495.93 0.72254 0.738726 0.797562 0.789091 414.123 -2.56507 1.2488 1177.62
578.658 -0.232567 -1.39916 578.605 -0.637298 1.49795 1189.88 0.636128 0.719466 0.839659 0.781031 369.866 2.75989 1.26194 1146.76
679.502 -0.680553 -1.36408 486.936 0.528688 1.72626 1408.57 0.0448389 0.301345 0.540639 0.476964 484.971 -3.03892 1.51801 1192.21
632.184 0.345051 -0.813881 551.402 0.780641 -2.38922 884.92 0.797646 0.846621 0.818624 0.813734 673.064 1.59695 2.29701 1643.53
1140.73 0.240761 -0.295931 403.993 1.06206 2.17412 1455.43 0.233158 0.36089 0.515215 0.750274 1657.5 2.51901 0.344889 1731.74
553.133 -0.0544303 3.0287 340.383 0.93154 -0.561612 969.834 0.67604 0.742264 0.727657 0.789834 709.998 1.3958 1.63289 1106.22
629.816 0.321049 -1.56556 477.735 -0.441383 3.07651 921.233 0.473674 0.825145 0.692237 0.836225 958.979 1.19814 1.87837 1311.46
519.425 0.628339 -2.89609 427.988 0.819265 2.11167 581.786 0.26277 0.673308 0.762612 0.753984 315.139 0.244878 1.86679 1338.22
782.716 -0.387015 -0.642061 615.109 0.44128 1.34149 1316.05 0.456281 0.752619 0.6604 0.78251 1555.89 -2.24433 1.60227 1529.97
971.014 -0.193735 0.403297 823.401 0.0776156 -3.12437 1784.87 0.43403 0.169452 0.716979 0.788259 894.18 -0.884649 1.28795 1787.48
1487.18 -0.654944 -1.03919 357.09 0.469448 0.858474 1478.64 0.597623 0.706977 0.819963 0.754114 724.786 2.29564 1.43717 2041.63
404.084 1.35605 -1.11518 358.546 -0.489341 2.07908 1147.59 0.519146 0.281301 0.733451 0.715875 623.349 -0.453654 0.661529 757.168
1660.14 -1.07175 -2.25703 257.632 -1.01988 1.85853 1205.07 0.44232 0.344126 0.581285 0.705144 1976.28 0.642594 1.21594 1956.65
402.241 0.832693 -2.37667 352.636 0.162341 -0.423927 696.829 0.832559 0.589026 0.819931 0.783774 840.874 1.25835 1.68228 730.068
479.655 1.65245 1.57234 438.223 -0.760631 2.93263 1515.23 0.733596 0.60035 0.683826 0.724876 1030.12 -0.403634 1.97598 1099.32
735.535 -0.507907 -1.12369 581.772 0.882891 1.20982 1570.95 0.733171 0.247612 0.806796 0.864223 1375.7 -3.11724 1.95613 1278.08
513.204 -0.648714 0.466129 494.111 -0.469464 2.77011 934.437 0.551254 0.623167 0.34799 0.746878 1610.96 -1.59944 1.91363 1511.29
940.377 -0.268228 2.4501 296.635 -0.971956 -1.0903 1123.6 0.653238 0.470712 0.797561 0.632482 786.667 -0.0977172 0.992587 1335.76
434.716 0.516049 0.347935 360.422 -1.42706 2.9693 1204.56 0.311574 0.749825 0.84673 0.714546 311.746 2.95266 0.0166419 1048.54
501.62 -0.578872 2.56353 352.589 -0.416696 -0.733494 871.309 0.530166 0.412991 0.730155 0.536702 105.608 0.410609 1.1441 837.401
693.009 1.09766 -0.605316 389.325 -0.0548547 -2.97988 1159.13 0.237213 0.726329 0.561794 0.571122 1181.33 2.04997 1.25334 1180.23
1255.76 -0.2754 2.91524 658.262 0.756028 0.170661 2049.67 0.638247 0.399016 0.718134 0.680776 1219.67 -0.464538 0.635199 1949.23
493.479 -0.208412 1.61762 482.368 0.364459 -1.32994 1030.15 0.741537 0.581504 0.60101 0.655272 300.267 -2.79269 1.46274 929.787
842.724 -0.774498 -1.79611 459.378 1.48599 1.52814 2134 0.588018 0.460087 0.827924 0.583313 376.483 0.528539 0.999599 1347.16
889.943 0.120658 1.00233 383.188 -0.032435 -2.79292 1122.39 0.510527 0.780323 0.486925 0.769495 928.598 -1.42388 1.36903 1301.37
997.453 -0.475864 0.589496 856.3 -0.483919 -0.567987 1040.84 0.636629 0.698726 0.573646 0.797667 1840.05 -2.90454 2.33656 2102.81
288.095 -1.38365 -0.815144 258.303 -0.641587 0.318593 374.219 0.582958 0.799609 0.871879 0.723202 727.006 2.80906 2.49046 644.651
347.552 0.11021 2.34566 314.162 -1.13767 -1.35916 826.192 0.369877 0.698373 0.508945 0.625185 404.079 -2.66208 1.27545 873.103
1208.59 -0.249437 1.37465 523.495 0.430958 -1.19909 1637.82 0.713974 0.801742 0.748829 0.735914 1323.74 -3.11837 1.79016 1734.55
741.087 -0.650615 -2.50943 396.038 -0.801076 0.269322 1081.04 0.500274 0.354593 0.74754 0.684572 367.532 -1.4344 1.07503 1479.99
333.403 0.0054145 -1.2869 290.273 -0.897573 -3.06123 577.616 0.62589 0.691845 0.706359 0.833251 1279.23 1.24282 1.97913 650.794
551.053 -1.37582 -1.78751 437.279 -0.275075 1.21322 1138.24 0.447515 0.588487 0.83223 0.631226 327.86 1.80598 0.592757 1034.42
1198.46 0.183405 -2.31567 563.752 0.036386 -0.18228 1450.13 0.635329 0.182015 0.656267 0.620711 1725.22 1.45368 1.63596 1832.36
709.695 -0.872336 0.660973 391.817 0.0150148 1.97873 820.147 0.463795 0.335186 0.778643 0.758946 1099.29 -1.88153 2.42293 1414.17
1004.69 -0.115859 2.43629 433.536 0.5738 -1.27758 1395.22 0.637828 0.447509 0.718044 0.738071 1193.82 0.624989 1.8113 1471.07
657.535 0.230387 -2.19837 303.744 1.59914 1.12116 1120.54 0.547674 0.771956 0.805161 0.818537 1324.36 0.736439 0.384723 983.014
715 0.292008 2.31462 646.341 0.616148 -1.26541 1362.78 0.225707 0.771404 0.899491 0.748875 1273.23 -1.23388 0.0315369 1534.11
663.197 0.892024 -1.8933 597.679 0.543654 2.11454 1181.03 0.612467 0.774966 0.594096 0.735725 1150.51 0.00971297 1.90302 1419.37
891.003 -0.208369 -0.766661 702.444 2.16812 1.68126 2803.38 0.331333 0.719197 0.606958 0.861898 373.962 3.01673 1.33547 1808.78
388.792 -0.981054 -2.07569 261.75 -1.77161 -2.75396 356.589 0.690629 0.855748 0.76269 0.710917 903.011 0.271202 2.34689 814.87
748.906 -0.253811 0.79511 563.841 0.285052 3.05344 1240.81 0.610307 0.271221 0.687779 0.642813 988.265 -1.26379 1.96596 1338.54
712.251 -0.509769 2.87665 597.884 1.21191 -0.668206 1816.64 0.220584 0.319247 0.750279 0.56142 597.308 1.09063 1.75884 1307.2
691.42 0.11228 3.07953 401.843 0.731489 -1.38127 912.693 0.791338 0.521811 0.728347 0.813607 853.849 0.985991 2.09354 1233.52
645.837 -0.502565 3.04812 407.157 0.347598 0.0795772 1126.38 0.532495 0.523049 0.696779 0.781305 508.607 -1.51654 1.59612 1057.7
941.782 0.123359 -1.75329 593.355 0.990659 1.07315 1710.67 0.385048 0.724234 0.427334 0.695082 441.054 3.0878 1.4421 1589.4
962.651 -0.0479591 -2.05805 776.214 0.950732 -0.215529 1669.36 0.683445 0.72134 0.726721 0.780827 1377.61 2.02104 2.2041 1810.13
1280.71 0.307844 2.56698 304.261 -0.79135 0.877943 1202.46 0.512948 0.132324 0.794495 0.627496 1402.76 -1.45382 2.26238 1750.64
947.135 -0.531742 1.35756 833.356 -0.248628 -2.32812 1768.81 0.431518 0.77576 0.575029 0.775035 653.18 -0.54197 1.78615 2249.69
818.818 -0.0170274 2.6755 498.545 -0.619277 1.49943 825.609 0.55834 0.829129 0.763907 0.781601 1214.09 0.982832 0.516603 1558.01
367.511 0.153447 1.99183 255.387 0.425947 -1.417 634.082 0.444313 0.19584 0.710048 0.696071 87.9406 -2.3393 0.922303 687.418
899.811 0.140868 -1.33397 260.704 -0.858118 0.640698 973.226 0.738223 0.748909 0.82667 0.833789 1255.26 2.2216 1.5809 1228.45
567.325 0.118626 -2.83393 419.123 -1.18228 0.320206 1193.49 0.750794 0.644704 0.681486 0.766557 78.8218 1.51956 1.19935 973.749
1012.04 0.264157 -2.43389 357.343 -0.151186 0.243041 1226.3 0.706014 0.19836 0.617949 0.706831 1240.87 1.47709 1.23404 1367.44
648.835 0.528866 1.71707 272.356 0.701945 -1.07489 844.067 0.793978 0.792517 0.742088 0.808555 780.386 -1.74695 0.672059 1119.71
971.925 0.211882 -2.00101 567.432 0.460008 -0.0409024 1271.52 0.691829 0.68235 0.668132 0.774243 1488.52 1.80498 1.84588 1744.77
494.303 -0.300814 1.60326 345.414 0.82551 0.90575 596.444 0.482484 0.471478 0.724894 0.765501 1914.29 -1.49472 2.40047 1039.27
874.153 0.485766 -0.96713 651.115 -0.610451 1.85215 1763.88 0.15692 0.479554 0.611671 0.889684 528.66 -2.35772 1.39059 1497.97
899.204 -0.0637996 1.2483 478.27 0.757291 -2.20441 1427.84 0.617332 0.742595 0.491957 0.798573 554.898 -0.773561 1.43085 1498.02
406.456 0.910872 -2.42237 261.588 -0.989187 -0.273727 928.889 0.668041 0.759954 0.820572 0.765431 1635.61 2.22304 1.63777 640.944
1208.77 0.95821 -2.54998 316.55 -0.69254 0.977253 1685.97 0.655629 0.685264 0.633706 0.807232 1527.31 0.0532182 0.924035 1656.04
1168.4 0.576806 2.21543 276.891 0.837227 -0.34293 1169.59 0.446602 0.363946 0.610793 0.772615 1842.94 -1.15048 0.807548 1413.94
1367.8 -0.291394 0.700278 1015.4 -0.177199 -1.97957 2307.27 0.476757 0.713919 0.451135 0.55252 878.487 2.33281 1.63253 2363.46
398.231 -1.2226 1.76799 302.361 0.508952 -0.817468 985.014 0.408503 0.569649 0.694417 0.566108 811.055 2.75819 0.990198 718.427
630.69 1.20137 -1.04578 308.718 -0.275191 2.1075 1146.83 0.765446 0.761783 0.766425 0.740435 602.291 2.14623 0.0387239 994.936
529.925 -0.220414 0.145924 416.483 -1.20396 1.33991 759.631 0.565054 0.528054 0.731708 0.52446 335.583 -1.84737 1.99329 1280.36
798.219 0.640065 0.0812302 730.016 0.580032 -2.91001 1539.42 0.281104 0.556955 0.776362 0.795083 405.291 1.59886 1.51763 1494.78
502.136 -0.265097 -0.560871 341.102 1.46472 0.997467 1014.6 0.468904 0.792137 0.841073 0.756033 1531.41 2.87332 1.87585 869.917
1066.09 -0.27705 -0.911935 383.742 -2.01818 1.94015 1910.16 0.139123 0.480991 0.282587 0.565357 241.874 -3.12784 1.21519 1650.15
1595.48 0.847678 3.11802 398.557 -0.35217 -0.329268 1895.53 0.413722 0.72964 0.738683 0.774289 1544.73 0.0856341 0.414902 2026.99
308.013 -0.643128 2.85603 277.881 0.928689 0.400735 762.908 0.755486 0.85502 0.690102 0.776548 706.743 -2.36632 1.06084 556.796
1283.51 0.576982 1.88155 357.452 1.58004 -1.70288 1570.03 0.343235 0.677214 0.394513 0.725989 985.447 -0.455916 1.24696 1838.32
377.427 0.131497 0.360078 252.093 1.1743 2.82994 686.878 0.76842 0.739418 0.851333 0.807436 910.662 -0.729553 1.08963 1005.06
503.558 1.10538 -2.1589 460.395 1.93611 -0.909237 711.163 0.758517 0.618168 0.770753 0.827833 446.241 -2.08967 0.0692315 1195.77
338.361 -0.428121 2.70483 335.237 0.000544342 -0.42882 694.562 0.729536 0.375537 0.696178 0.79805 575.348 -0.389305 0.0395144 1092.71
633.902 0.301425 3.05114 343.791 0.891134 -0.787514 1020.07 0.172042 0.64812 0.269548 0.831181 824.919 0.827819 1.61533 1000.18
1577.69 -0.0283425 -0.19356 393.658 -0.0947772 -2.69615 1530.92 0.755088 0.701661 0.761293 0.785788 1072.58 -3.07459 0.378446 2338.57
347.123 -0.344528 1.99736 300.385 -0.295804 -1.52077 658.109 0.673876 0.694466 0.629496 0.607995 628.589 0.0599812 1.58075 858.303
623.875 -0.178691 0.498591 483.87 0.372903 -1.8998 1147.89 0.257269 0.593448 0.81841 0.6652 705.914 3.08354 1.29985 1309.58
400.024 0.924993 0.290085 377.737 -0.0476953 1.67937 652.225 0.585735 0.664499 0.837774 0.634974 348.943 1.64494 0.0344309 837.189
389.406 -0.310238 2.71462 281.012 1.4092 -1.17415 905.763 0.527327 0.730051 0.835771 0.795493 494.441 0.965967 1.74866 689.844
418.488 -0.625874 1.5737 377.466 -1.17595 -0.375019 706.816 0.746952 0.764495 0.735779 0.777467 690.003 -2.3674 1.99238 935.056
889.829 0.0834256 -2.0885 441.243 -0.214521 0.669792 1263.84 0.78372 0.750568 0.788413 0.630417 1169.82 1.75019 1.08039 1316.65
458.48 -0.302837 -1.5434 443.768 0.611019 1.18386 988.18 0.80596 0.622368 0.698738 0.850484 562.857 2.98299 1.7568 955.964
396.006 0.588075 0.378874 257.15 -0.364648 -2.30423 711.481 0.779868 0.453383 0.812889 0.638025 707.371 2.18319 1.79577 608.712
607.296 0.0805635 1.75646 441.683 -1.56077 -1.02357 1427.09 0.759063 0.216101 0.792912 0.680441 612.777 -1.72596 0.702386 1013.26
954.947 0.278361 -1.1437 413.387 1.15355 1.31309 1344.57 0.73865 0.235773 0.729288 0.621156 1393.84 2.70593 1.39285 1360.18
532.082 -0.0778776 -0.297316 436.333 -0.953643 2.81896 1063.04 0.255925 0.627922 0.705043 0.603067 102.72 -2.81833 0.645894 1020.93
1892.24 0.557982 -2.91989 430.414 0.705553 0.954918 1716.91 0.520555 0.804709 0.477745 0.723929 1414.45 -0.0480319 1.00295 2463.44
544.653 0.467795 -0.296797 385.376 -0.383679 1.52845 874.515 0.615518 0.242671 0.819297 0.766285 917.167 -1.98395 1.68715 1082.79
719.563 0.491106 -2.27107 499.113 0.0363842 0.262903 1223.23 0.411716 0.244555 0.391161 0.392825 533.557 0.558459 0.295556 1668.11
605.612 -0.450781 -2.91259 276.095 -0.165138 0.648551 825.49 0.578219 0.533258 0.610934 0.858115 854.584 -1.13713 1.77545 1151.29
1058.6 -0.0343841 -1.09583 840.146 -0.108888 2.28887 1881.06 0.705684 0.283901 0.75877 0.738072 1477.72 1.97034 0.318532 2065.44
919.493 -0.4987 1.05861 479.657 -0.0391514 -1.16901 1265.88 0.541116 0.345863 0.625184 0.791371 1780.09 -2.45496 1.28595 1461.65
1398.4 0.539715 2.48862 395.346 -0.0608089 -1.40322 1533.94 0.412995 0.377527 0.619884 0.355772 1299.16 -0.101489 1.30173 1841.65
558.958 0.906335 -2.85345 303.212 0.445568 -0.239528 837.097 0.450298 0.714539 0.829321 0.612746 609.748 1.3471 1.58662 1141.97
590.803 0.478518 1.72111 370.475 -0.812162 -1.10254 1158.31 0.812983 0.748784 0.772232 0.644087 1196.55 -1.26713 0.16459 1273.06
938.268 -0.650902 -2.30802 697.186 -0.288267 0.205773 1596.57 0.243342 0.65291 0.665687 0.634236 919.627 1.8544 1.64862 2078.55
650.533 0.420407 0.24813 487.903 -0.599001 -2.38469 1258.65 0.730299 0.517296 0.767449 0.817879 916.712 2.50492 1.39357 1141.41
332.167 0.768623 2.71282 320.428 0.706299 -1.56884 573.946 0.734007 0.605063 0.81618 0.485524 746.949 -0.873811 0.695026 920.628
898.857 -0.627518 2.60355 343.362 0.604796 0.0992125 1295.49 0.609528 0.70511 0.856551 0.555833 2152.23 -0.138836 0.238048 1369.89
569.632 -0.854994 0.826594 444.2 0.503489 -1.69365 1215.57 0.807085 0.843635 0.925222 0.795511 538.097 2.3461 1.51951 1292.73
933.639 1.30799 1.59282 652.386 -0.281114 -0.367597 1898.92 0.52358 0.759464 0.804285 0.622176 1941.24 -1.9759 1.6083 1615.66
436.214 0.631806 2.57171 333.96 -0.920351 0.634505 916.082 0.716738 0.82099 0.841217 0.777194 1070.57 -0.714775 1.34928 880.389
642.178 -1.06531 -0.0653927 319.125 0.676322 -2.84741 1290.82 0.572191 0.621975 0.645726 0.6957 547.148 1.64358 1.70898 973.617
556.974 0.484332 -3.1239 362.027 -0.0574193 -0.542142 920.347 0.666614 0.735995 0.728345 0.82523 1205.52 0.272508 0.81465 1134.23
547.225 0.181539 -1.09849 475.756 -1.01178 2.1893 1221.94 0.68947 0.786142 0.761617 0.873538 1220.43 -1.10128 0.00279331 1360.29
762.905 0.119518 -2.18602 271.489 -0.200253 1.60573 885.346 0.735436 0.670242 0.757504 0.605738 81.6276 1.06404 0.541688 1087.86
669.554 -0.529443 1.65344 305.935 2.11829 -1.75999 1824.99 0.670922 0.707968 0.768459 0.790638 1643.16 -2.36747 0.607483 1234.45
510.469 1.13557 -3.07733 399.273 0.209482 0.516782 986.683 0.619836 0.680818 0.659167 0.850083 348.767 1.42135 0.904572 1441.8
815.375 -1.00048 0.513118 415.204 0.416929 -1.82809 1416.41 0.76461 0.389099 0.771527 0.725432 971.033 3.00609 1.449 1204.13
726.566 0.620834 -0.283934 374.89 0.501369 1.552 884.297 0.667936 0.201433 0.701173 0.625664 1288.13 -2.65882 2.07236 1316.96
767.381 -0.0269678 -0.304072 311.924 0.398702 2.72055 1019.24 0.355221 0.757634 0.726313 0.686083 1757.08 2.86324 0.142687 1140.68
599.123 1.22648 0.0376821 415.82 -2.09674 -0.400977 2546.66 0.734448 0.761345 0.682389 0.776457 1544.58 3.0756 2.8066 1172.47
972.469 0.451633 -2.62669 813.272 -0.658078 1.53566 1995.58 0.0740788 0.549698 0.747446 0.806381 746.872 -0.901898 1.72479 2188.53
392.791 0.0194564 1.59759 260.259 1.26662 -2.64383 703.865 0.734569 0.651414 0.783784 0.803521 816.334 -0.883256 1.76057 641.805
1485.36 -0.0102102 -1.89584 481.109 0.386644 1.26434 1805.26 0.251673 0.835475 0.140908 0.800947 1400.41 1.26796 0.00362051 2062.07
467.306 0.233748 2.68953 384.378 -0.830118 0.560821 960.611 0.277605 0.605837 0.556681 0.619981 1116.66 -1.31181 1.87263 890.425
1380.81 0.412464 1.4781 1356.79 -0.357655 -2.04285 2932.6 0.199446 0.760723 0.796434 0.702088 1248.22 -0.687033 1.35582 2747.83
854.754 0.165977 0.543968 348.87 -0.162249 2.93558 1039.55 0.10386 0.725681 0.720082 0.795924 1832.26 -2.18778 1.15982 1318.2
452.195 -0.0896634 1.79074 413.666 -0.146436 -2.99886 609.38 0.555112 0.498492 0.415744 0.697478 1290.69 -0.0153064 1.80605 1079.64
1372.9 -0.156193 -0.83046 455.365 0.960654 1.40938 1718.99 0.566861 0.529782 0.682176 0.798451 1747.97 2.56573 1.15635 1862.07
571.587 -1.27207 0.296321 484.239 -0.498598 2.70473 1079.89 0.654366 0.729765 0.83171 0.613867 1210.11 -0.978635 1.27496 1309.03
1183.3 0.14407 0.838031 833.652 0.00723265 -0.842986 1490.32 0.767158 0.677863 0.790716 0.826381 968.667 -2.5779 1.73491 2443.26
987.82 -0.0488106 -3.06678 391.571 0.622609 1.34509 1102.7 0.56106 0.541375 0.661725 0.718051 905.117 -0.21081 1.5559 1715.84
844.41 0.760796 2.32622 608.912 -0.829479 -0.911993 1933.82 0.58384 0.509502 0.741847 0.796001 899.688 0.113782 1.02577 1504.14
329.754 -0.0831386 -0.108411 283.289 0.882868 1.91761 623.852 0.410678 0.656091 0.839577 0.789217 1493.84 -2.36836 1.99721 589.287
464.646 0.363375 0.194103 450.177 -0.127183 2.24681 833.159 0.731755 0.0617367 0.677169 0.812809 234.231 -0.179223 0.373325 1355.7
832.643 -0.699713 2.33414 509.576 -1.14527 0.32642 1159.55 0.722322 0.390716 0.761731 0.794741 961.658 -2.30452 1.64453 2177.83
696.54 -0.587803 -2.64302 377.201 -0.814565 0.676068 1043.4 0.718693 0.626265 0.72901 0.467564 943.922 0.475075 0.200993 1084.58
871.788 0.541774 0.313962 298.234 0.426668 -1.97274 945.846 0.757002 0.695652 0.805425 0.555973 1126.82 2.62825 1.68219 1456.07
1396.04 -0.768873 1.59305 885.095 -0.880757 -2.03516 2186.33 0.795313 0.0852993 0.79829 0.874488 834.85 -0.130406 1.72345 2305.47
717.024 0.454458 0.64236 365.305 -1.10227 -0.109615 975.404 0.680888 0.67746 0.790474 0.759306 1445.24 -2.0989 1.98929 1125.27
1060.3 0.350836 0.0340277 502.304 0.475589 -2.92344 1482.49 0.748098 0.513456 0.696122 0.804693 1181.58 -2.99582 0.0723786 1718.84
1148.51 0.473197 1.18258 486.145 -0.461584 -1.69566 1709.1 0.232086 0.738209 0.530218 0.742223 534.552 2.38739 1.20481 1720.44
782.645 -0.953115 -2.312 390.588 0.165516 -0.45064 1190.04 0.158067 0.538345 0.630261 0.629952 1527.59 1.64817 2.0988 1290.58
454.305 -0.149927 -2.27859 378.248 0.542831 0.531054 882.233 0.637144 0.717458 0.68713 0.76118 390.533 2.82234 1.18225 808.291
403.509 -1.53233 -0.714651 342.769 -1.17481 -2.94337 700.661 0.797623 0.583948 0.638486 0.741014 1372.03 2.08556 1.25425 729.008
723.424 -0.562704 1.57162 507.727 0.6915 -0.837185 1404.98 0.599274 0.812181 0.527615 0.749632 623.022 -2.30799 1.47081 1451.62
956.576 -0.0354358 -0.0634489 725.235 -0.0745745 -2.20009 1488.31 0.524332 0.684365 0.673778 0.888407 1296.84 2.21 1.87309 1728.85
435.002 -0.844393 1.26416 355.962 -0.719452 -2.09203 792.715 0.58057 0.517844 0.766289 0.67333 535.604 -1.5616 0.530435 795.951
423.871 -0.207529 -1.648 349.5 -0.180971 -0.120203 604.838 0.58744 0.318575 0.642531 0.552117 856.333 2.36116 2.27403 937.502
1262.6 -0.519812 0.838213 611.506 0.627241 -2.03381 2184.86 0.0266136 0.213108 0.7203 0.443326 244.143 2.66434 1.58504 2027.72
670.238 2.03301 -1.22001 342.562 -0.837263 2.37668 2130.45 0.728901 0.708766 0.790669 0.671076 656.964 1.19679 1.17989 1183.84
1120.2 0.93815 -0.879239 674.174 -0.381483 2.72273 2109.31 0.263962 0.725871 0.811599 0.819744 393.467 0.84281 1.72205 2063.55
632.956 0.847686 -3.05943 351.05 -1.2992 -0.34003 1541.6 0.312575 0.281933 0.79164 0.493316 1184.24 -1.75617 1.30326 1183.43
667.238 0.0967748 2.68581 308.584 0.699632 -0.657175 983.388 0.0978728 0.41757 0.667891 0.643386 778.622 -0.233544 0.423631 977.109
338.027 -0.977619 -0.509127 251.474 0.32523 3.13533 707.018 0.701989 0.411682 0.789157 0.745185 176.975 1.66983 1.46551 698.117
480.59 -0.519892 0.22549 476.757 0.619462 -2.01346 1048.5 0.671145 0.763812 0.81304 0.645952 670.947 2.95559 1.31413 950.282
692.309 0.212674 0.651844 375.685 0.799515 2.89721 981.796 0.238216 0.582876 0.678896 0.610798 721.848 -1.63202 1.75396 1177.66
1212.14 -0.712499 2.36711 1092.09 0.995276 -1.23843 3169.09 0.698475 0.313941 0.754223 0.794215 845.576 0.631359 1.73575 2278.52
743.407 -0.530048 -0.909342 351.383 0.0481705 2.02652 1158.08 0.684732 0.762086 0.675524 0.723774 295.421 -3.02674 1.22992 1111.86
441.518 -0.989923 1.41859 313.346 1.61802 1.13294 1285.85 0.286505 0.824614 0.847435 0.796254 1084.23 -2.29358 2.57102 787.615
826.615 -0.936611 2.33194 283.476 -0.931767 -0.942898 985.739 0.820399 0.759619 0.750975 0.806485 882.951 1.89732 0.434622 1198.46
492.093 -0.235809 -0.77941 481.144 -0.213418 -2.33829 704.651 0.451507 0.713768 0.629529 0.722188 414.826 2.2606 1.6843 1366.9
1237.5 -0.998966 -0.31271 662.331 -0.642363 3.03842 1858.25 0.570644 0.568365 0.806459 0.797834 479.136 0.986294 1.299 1881.38
577.549 -1.28978 0.942904 570.274 1.52024 -0.464246 2330.03 0.829148 0.726957 0.816586 0.86096 834.068 -2.67089 2.20664 1328.34
1263.71 -0.43329 1.00264 349.707 0.112886 -2.17641 1401.42 0.582728 0.623575 0.687929 0.744417 826.431 -1.20139 0.975021 1858.27
757.383 -0.930703 -1.78852 256.735 0.485509 -0.549072 864.872 0.64708 0.706509 0.768047 0.696527 1128.82 1.88977 2.43884 1226.03
651.542 -0.73208 -1.67313 567.913 -0.263135 1.15343 1254.69 0.78997 0.688984 0.605795 0.72655 1090.26 2.80744 1.65401 1546.35
574.489 0.180694 -1.81958 293.199 -0.622073 2.78626 734.058 0.733453 0.263965 0.869999 0.699545 1839.3 0.711592 2.07467 887.555
1235.5 0.867218 -2.01789 278.615 0.769426 0.910817 1192.61 0.523423 0.718445 0.730388 0.747104 740.053 0.623882 0.286935 1680.88
790.069 0.578989 1.37649 676.165 -1.05453 -1.48808 1985.27 0.548182 0.402155 0.695328 0.801561 1040.82 -2.39451 0.906422 1425.14
346.738 0.493298 -1.30043 339.543 0.79644 2.72631 638.872 0.706492 0.683659 0.691192 0.565917 1068.96 1.04513 1.68117 995.693
849.802 0.197333 -3.00908 320.902 0.0555977 0.310666 1054.7 0.600211 0.309657 0.8035 0.821001 1013.92 -1.14962 1.46028 1369.29
841.691 0.568066 -0.544455 432.32 -0.733546 2.64891 1532.85 0.180047 0.707764 0.512159 0.655799 440.201 2.4724 0.176518 1280.42
392.016 -0.462421 3.05704 305.918 -0.550564 0.972108 638.285 0.776918 0.478851 0.718261 0.572568 1092.28 -0.814155 1.78626 712.577
1430.59 -0.478732 -0.418255 496.323 -0.477625 -2.66535 1533.22 0.748945 0.633339 0.685961 0.777483 1641.75 1.20784 1.6261 1946.64
540.089 0.359127 1.15891 532.282 -0.205387 2.85787 866.75 0.656379 0.486957 0.713507 0.783801 971.384 -0.820227 1.97914 1092.4
765.195 -0.772492 0.0584851 589.644 -0.175223 2.56664 1367.32 0.354476 0.784286 0.785156 0.780288 1431.49 -2.73677 0.979777 1369.61
829.601 0.141145 -1.70434 333.704 0.349476 1.72642 1069.63 0.544464 0.664257 0.507979 0.717879 434.173 -0.142877 1.56147 1148.81
565.409 -0.553784 -0.880725 351.476 0.512736 2.5814 1030.22 0.554165 0.755898 0.835218 0.831441 370.646 1.86617 0.715233 981.038
851.858 0.420412 0.279673 395.691 -0.673247 -2.32455 1308.78 0.679654 0.566385 0.755101 0.810945 758.126 1.59293 1.31325 1339.27
420.785 -1.39148 -2.17212 333.482 1.03204 0.194782 1347.3 0.5936 0.790465 0.834349 0.665343 735.793 -0.97227 1.16705 824.192
479.578 -0.0339813 2.23308 343.371 -0.657717 0.326143 722.101 0.779169 0.662034 0.700396 0.696792 480.803 -2.97947 1.07063 1370.37
499.353 -0.435448 -2.24601 412.673 -0.635293 0.076512 854.976 0.290521 0.766604 0.519018 0.730669 868.094 1.82921 1.7527 910.427
741.455 0.620547 1.73664 535.45 0.662787 -0.888778 1230.36 0.582043 0.381709 0.828294 0.425403 743.01 -1.80728 0.918502 1432.63
1021.42 0.334427 -3.11449 622.056 0.186405 0.603549 1636.65 0.165659 0.492624 0.442122 0.526938 1086.63 -0.733888 1.33744 1692.89
803.725 0.0879016 1.64043 456.387 0.881048 -0.55256 1197.04 0.473318 0.522094 0.763605 0.768231 1572.27 -2.32161 1.76905 1454.12
748.444 -0.134932 -1.20466 327.061 -0.47604 2.13847 1006.78 0.680023 0.700026 0.832536 0.685144 320.95 0.263986 1.46865 1202.31
780.89 0.843957 -1.55812 299.054 0.145083 1.62017 1066.46 0.284687 0.44611 0.32312 0.729922 416.335 1.3411 0.279064 1060.19
424.063 -0.752748 0.0107381 258.548 -1.34111 -2.49399 674.161 0.561203 0.824833 0.779023 0.839281 490.988 0.756604 0.745866 845.312
902.165 0.320107 1.07043 543.328 0.0392212 -1.30287 1373.19 0.555417 0.322572 0.60438 0.766715 1947.33 -2.68954 1.38668 1429.1
666.175 -0.851055 -2.60298 461.221 0.254446 1.08894 1264.44 0.403031 0.52611 0.695599 0.667541 1115.39 0.108963 0.979979 1211.22
643.384 0.366807 2.93559 592.978 -0.0773495 0.344172 1251.84 0.324747 0.620268 0.711037 0.826144 670.866 -2.79081 0.556777 1503.33
1040.11 -0.448062 2.38036 821.175 1.53616 -1.54636 2755.73 0.35948 0.420494 0.719076 0.741984 546.854 1.46138 0.918973 2203.38
1020.3 0.386275 1.29156 427.109 0.675319 -1.79718 1360.36 0.788619 0.436004 0.793223 0.518774 163.307 2.72026 1.4287 1419.1
1139.6 0.678087 -3.11405 406.65 1.30921 -0.151687 1444.05 0.512747 0.521602 0.388044 0.802745 1448.25 0.574739 0.726425 1664.68
473.121 0.255467 0.290916 343.402 0.186195 2.13603 707.505 0.390215 0.465695 0.446802 0.759392 1023.36 -2.68168 1.46548 1032.88
452.554 1.03839 -1.37125 323.667 0.238297 -2.99496 682.66 0.397986 0.476323 0.719073 0.585621 1085.54 1.07609 2.21213 1065.53
431.184 -0.00869219 -2.16166 430.706 -0.468015 1.641 855.33 0.352247 0.654481 0.787682 0.840882 747.78 -0.23468 1.87568 1354.81
723.557 0.727719 1.47454 386.421 0.111692 -1.94232 1185.88 0.177669 0.718883 0.714485 0.785895 407.148 -0.00242308 1.47696 1120.97
532.639 2.18137 1.64308 353.496 -0.691885 -1.24701 1937.8 0.789836 0.794248 0.785656 0.75283 328.34 2.18869 0.545612 866.846
594.438 0.851855 0.0778699 401.433 1.02784 2.57631 937.813 0.783229 0.749363 0.670915 0.793583 611.458 -1.73375 1.81162 974.091
409.115 -0.442522 1.69434 268.892 -0.482723 -2.78133 553.479 0.307707 0.396752 0.769089 0.707993 867.987 -1.00858 1.77274 781.238
2029.7 0.154711 -2.72049 1123.9 0.332281 0.42765 3041.39 0.696836 0.320662 0.691314 0.709919 215.419 -0.110926 0.538576 3162.92
898.079 -0.0652673 -1.37179 579.481 0.675294 2.0836 1625.64 0.0759723 0.691369 0.731671 0.76702 566.964 0.403823 1.67978 1526.02
688.929 0.160712 0.434953 403.143 -0.979295 -2.51308 1240.24 0.783455 0.812319 0.754461 0.812371 180.867 2.99948 0.770624 1066.77
1621.62 0.322958 -0.6181 457.384 0.627477 2.51315 1786.23 0.601057 0.556163 0.473022 0.379351 546.802 2.56093 0.047776 2449.12
382.363 0.0636234 2.98423 377.011 0.298508 -1.93618 502.772 0.748326 0.766491 0.71457 0.632902 2586.37 0.840361 2.14387 826.888
674.053 -0.124695 -1.66123 609.412 -0.643704 1.8353 1325.91 0.604367 0.747467 0.744517 0.832339 723.067 0.470248 1.36505 1659.7
1107.22 -1.02753 -1.32603 846.957 0.875164 1.84511 2904.44 0.415729 0.498748 0.744925 0.657112 261.523 -0.869447 0.456584 1961.11
443.477 -0.400257 -2.72785 287.53 1.57351 1.10618 1076.2 0.652227 0.51201 0.725657 0.762991 1275.94 -1.48645 1.2414 766.395
609.841 -1.54928 2.94473 349.818 0.822699 -0.418409 1660.35 0.569586 0.722419 0.730593 0.713908 71.5444 3.0322 0.0874653 1119.64
558.763 0.689502 1.49004 386.613 -0.323058 -1.35815 1047.63 0.716261 0.776838 0.850668 0.796249 1432.44 3.1071 1.61705 1310.76
495.118 0.260592 -3.00481 266.66 0.733003 0.196171 776.405 0.787917 0.284025 0.742088 0.761142 504.991 0.614719 0.418548 873.743
1108.64 0.282592 1.72067 619.022 -0.26425 -1.93697 1685.5 0.240247 0.227404 0.658979 0.798485 1004.54 -0.645429 1.29154 1842.19
1261.81 0.40521 0.0235197 286.07 -1.91788 2.46141 2073.53 0.511071 0.535025 0.804734 0.601598 1972.6 -2.8618 0.959984 1529.79
857.139 -0.131662 3.05326 829.347 -0.939929 -0.465684 1810.9 0.182339 0.750968 0.505509 0.809525 648.683 2.58781 0.465454 1746.85
505.527 0.0873138 -2.34192 476.441 -0.10395 1.4674 944.912 0.391724 0.836124 0.697192 0.725363 1289.21 -0.750633 1.59128 1226.13
662.066 0.488889 -1.05562 420.19 -0.87315 2.90849 1266.51 0.381434 0.603463 0.754958 0.663925 1565.32 1.57599 1.3325 1076.07
309.888 1.50619 -2.36165 304.469 -1.10084 2.21377 1157.03 0.647287 0.829552 0.548107 0.854082 298.41 1.0767 1.13708 701.667
989.167 -0.0965389 -1.57517 356.72 -0.133593 2.64189 1046.64 0.732838 0.540211 0.791853 0.745956 1853.9 0.836303 1.80559 1305.52
681.733 -0.268673 0.926683 535.899 -1.10539 3.13557 1204.71 0.3736 0.599119 0.197095 0.553978 430.198 -1.5144 1.63321 1622.48
333.672 -0.878426 2.04907 268.118 0.0323707 -1.45249 671.128 0.692196 0.761692 0.731989 0.823321 247.979 -3.12828 1.10584 713.879
807.951 0.0997839 -2.82926 606.927 -0.470234 0.0635349 1464.83 0.742611 0.461095 0.777645 0.802369 1478 1.7483 1.68477 1730.75
325.82 -0.111872 1.40203 317.899 -0.271721 -0.844257 613.317 0.749688 0.630532 0.812165 0.483351 1670.67 -2.60291 1.75866 662.826
659.169 1.41379 -1.96605 497.41 -0.935876 2.22786 1954.16 0.782128 0.660623 0.75408 0.850784 766.87 1.55856 0.669301 1622.02
863.756 0.301339 2.2458 403.156 0.388809 -1.26206 1234.98 0.123637 0.531179 0.669913 0.582982 343.632 0.206374 1.46843 1522.13
893.324 0.18578 2.12103 598.396 -0.803395 -2.08022 1495.16 0.476685 0.648422 0.646675 0.823681 1633.69 -0.818019 1.2622 1554.49
439.681 -0.427535 -2.40796 337.166 -0.722957 0.170304 787.665 0.199062 0.69849 0.851677 0.858958 1312.08 -0.476108 0.646412 982.844
898.351 0.0563837 -2.06981 325.953 0.0856254 1.15287 1100.97 0.667274 0.741036 0.702047 0.836235 1185.37 0.767082 0.385792 1279.52
615.146 -0.562604 -0.55432 602.186 -1.14208 2.71772 1354.23 0.295125 0.157324 0.32835 0.708861 586.955 0.438252 0.992571 1233.42
809.317 -0.102107 -2.11836 401.528 0.0770989 -0.624452 832.631 0.43799 0.250045 0.777301 0.804367 1905.15 1.7444 2.36885 1214.87
500.453 -0.537239 -0.10199 272.252 -0.104323 2.21205 751.495 0.39145 0.52332 0.745414 0.686849 1055.31 -1.87129 1.7693 743.602
521.841 1.13358 -1.94314 428.871 -0.247639 2.1842 1120.03 0.650991 0.690946 0.812582 0.761013 1331.49 0.292806 1.89139 1407.11
661.46 0.365809 -0.274242 538.204 -1.30766 2.79697 1645.52 0.715899 0.486709 0.805354 0.842629 699.834 2.83334 0.0363693 1465.73
1646.36 -0.0700187 -1.23485 250.178 2.96964 0.799658 3005.6 0.7 0.509919 0.702034 0.87621 1902.79 2.02127 1.22162 1869.28
657.492 -0.918327 0.239269 308.493 1.26786 -1.6241 1440.25 0.105341 0.743007 0.714002 0.793995 1290.21 3.0878 1.57129 1058.68
712.954 -0.523567 1.72829 311.451 -0.33022 -1.93922 928.832 0.722083 0.465135 0.804776 0.745446 278.044 -0.131731 1.80749 1126.95
632.639 -0.538182 -0.995823 268.542 -0.155517 1.87046 851.542 0.795257 0.58464 0.859712 0.771245 691.237 -2.93304 1.47969 928.499
335.947 -0.287848 0.100596 297.892 -0.747967 1.95026 556.676 0.705 0.73894 0.707743 0.724582 1036.48 -2.52789 1.80503 639.431
350.794 -0.463385 0.27107 291.532 0.878741 -2.84584 797.955 0.744692 0.777586 0.75016 0.730188 140.174 0.434131 0.163061 671.141
521.338 0.602057 1.19424 262.337 -0.27732 3.06494 702.119 0.390078 0.625639 0.716012 0.825429 1600.16 -1.4769 1.74135 858.215
373.523 -0.702473 0.882546 277.041 0.797062 -1.99179 846.821 0.770603 0.64128 0.766843 0.80538 282.934 2.58457 1.70202 630.457
1385.55 -0.548277 2.95027 340.695 -0.657146 0.667667 1289.67 0.803317 0.295016 0.74418 0.735185 2129.44 -0.42445 1.09212 2056.35
818.819 0.15022 2.9383 391.795 0.0959306 0.465219 1083.08 0.817301 0.517887 0.822882 0.739286 871.213 -1.30891 1.77413 1215.31
1051.5 0.241127 -0.862014 480.405 -0.0462218 2.04156 1502.88 0.101069 0.641961 0.672896 0.631027 1212.04 2.45461 0.413052 1546.41
578.945 1.21279 1.49645 384.979 -1.43423 -2.21751 1886.94 0.533909 0.689145 0.690333 0.733428 726.972 -1.20499 1.01252 1190.82
2011.05 0.0683738 0.725846 587.991 -1.51814 -2.09722 2888.43 0.440415 0.666493 0.864488 0.694345 1247.92 -2.47963 0.382408 3042.34
738.67 -0.512836 1.13199 544.017 -0.566854 -2.87006 1174.19 0.373899 0.665394 0.754298 0.769022 1259.56 -1.19323 1.67683 1403.65
990.474 -0.589706 -1.90509 311.626 -0.165697 1.26157 1166.81 0.669469 0.431518 0.840174 0.783421 933.049 1.24713 0.0144438 1253.65
693.894 -1.06761 0.469802 363.787 0.292202 2.01015 1038.86 0.4358 0.510775 0.793573 0.690567 1173.8 1.84222 0.167933 1269.69
296.41 0.994636 -2.66042 294.043 -0.0699107 0.926143 667.868 0.658542 0.77047 0.765296 0.608736 186.482 -2.9492 0.288776 674.179
541.658 -0.414434 -1.46874 361.901 0.270471 2.41492 901.481 0.549938 0.617884 0.742776 0.570189 1105.42 2.28301 0.13191 1235.42
823.294 0.0469846 1.8993 339.959 -1.04038 -2.47963 1123.09 0.389543 0.211436 0.546235 0.824842 1226.76 -0.646007 1.83363 1331.11
650.815 0.919606 2.80563 516.428 0.424935 -0.443502 1208.7 0.843079 0.619272 0.719949 0.860768 796.926 -1.23205 0.788548 1335.18
372.781 0.459044 -2.63389 330.282 0.988022 0.918083 740.561 0.363935 0.409214 0.512528 0.685307 407.044 -0.516915 1.435 673.706
978.039 0.0723507 -2.71727 278.646 0.100708 -0.239302 1035.06 0.607355 0.482826 0.606775 0.320988 985.675 0.588724 0.828026 1464.26
554.632 -0.354922 -0.607724 285.414 -0.550935 2.28281 889.75 0.592057 0.630749 0.545163 0.775241 631.8 -1.12601 0.51829 844.584
1509.17 0.064825 -3.05569 730.863 0.160465 -0.666227 1974.84 0.540445 0.63117 0.53621 0.676852 2052.9 0.292787 0.959014 2341.06
1193.16 0.392029 -1.70756 738.446 0.729185 2.79974 1506.25 0.604766 0.339834 0.716352 0.65884 2245.54 0.867012 1.93273 1937.11
1347.96 0.747064 -0.0847287 574.04 -0.746225 -3.11283 2306.83 0.697124 0.604678 0.722719 0.570822 947.075 3.09855 0.071812 1913.91
769.222 -1.35761 -3.00412 257.359 0.428898 -1.68844 1081.57 0.110841 0.486608 0.582154 0.83962 1453.64 0.981723 2.29734 1185.74
537.005 -0.0585131 0.6769 376.981 0.351419 2.89323 853.638 0.55635 0.538487 0.556774 0.811981 1043.16 -2.08775 1.30221 1331.66
431.888 -0.0692582 -0.0143558 413.759 -0.208517 -3.12002 911.426 0.409273 0.194849 0.64164 0.665717 241.122 -0.0549984 0.0406426 888.062
379.61 1.48851 1.96426 361.752 -1.11711 0.681626 1345.53 0.641845 0.58851 0.706328 0.724915 512.445 2.49826 0.533994 1080.33
978.296 -0.514904 -1.73745 832.329 0.861355 3.01069 1914.78 0.218708 0.811262 0.458926 0.785601 1457.85 0.895472 2.11522 2091.37
1023.07 0.400779 2.34511 614.864 -0.962507 0.608735 1740.12 0.713531 0.138334 0.801706 0.317694 1855 -1.83907 2.09901 1822.78
914.086 -0.414017 0.883864 428.846 1.0784 -2.12474 1637.3 0.173892 0.709855 0.698613 0.758534 1243.33 -2.39512 0.270387 1373.23
511.285 -0.166456 -3.01305 269.667 -0.0408177 1.09997 679.021 0.183694 0.472633 0.79039 0.837381 1064.12 1.71466 0.614691 1010.36
1048.93 0.135098 2.42439 370.999 1.58413 -1.1469 1585.47 0.674565 0.700399 0.710133 0.619066 531.783 -0.403078 0.74382 1696.65
773.277 0.930163 -2.64636 741.767 0.658436 -0.172482 1458.06 0.56193 0.410708 0.748098 0.636835 951.123 1.62535 1.79783 1894.63
1316.39 -0.36196 2.80147 728.314 -0.0527242 0.695905 1754.66 0.75879 0.334988 0.869552 0.808085 1704.89 -0.949535 1.64544 2413.19
1296.85 0.705485 -2.1732 433.512 1.53775 0.235903 1549.58 0.480703 0.534991 0.653434 0.707435 1214.17 1.27313 1.03723 1762.6
795.441 0.161322 1.19933 729.953 -0.940396 -2.48935 1737.83 0.666562 0.323682 0.70355 0.722409 752.575 -1.27118 1.21817 1518.66
691.967 0.647155 1.68149 331.933 0.217569 -0.403609 878.051 0.437172 0.409952 0.869723 0.735273 1031.24 -2.37572 1.97211 1135.45
949.269 -0.351016 1.45576 766.719 -0.192027 -1.68872 1788.95 0.0726903 0.337045 0.563094 0.743559 672.81 -1.4685 0.220217 1750.08
490.477 0.0391001 0.962857 403.981 0.495539 -2.84602 877.78 0.703907 0.416894 0.829893 0.499144 265.299 0.0592846 0.903572 1254.74
798.113 -0.596962 0.960738 482.159 -0.480331 -0.810519 988.457 0.535181 0.233367 0.631274 0.593179 1087.21 -2.64883 1.83832 1389.03
1447 0.919853 0.105894 534.178 -0.18918 -2.39214 1968.05 0.48333 0.708266 0.599355 0.769855 230.047 -1.47625 0.915892 2387.12
764.668 -1.72354 -1.11426 355.599 0.0137036 1.84617 1512.98 0.641144 0.270619 0.764532 0.782433 496.409 -1.44117 0.326914 1116.7
583.335 -0.678992 1.70617 324.153 -1.28701 -1.62175 912.507 0.721717 0.330654 0.688971 0.813656 995.874 1.57575 0.130417 1046.92
978.692 -0.00608405 1.50479 831.689 -1.14006 -1.70985 2126.03 0.715019 0.457746 0.734472 0.508268 249.472 -1.43334 0.276512 1829.2
1529.43 0.920004 1.42204 275.718 0.894775 2.6856 787.245 0.796294 0.409262 0.788144 0.663924 2513.16 -1.5547 2.04289 1889.71
635.977 0.587366 -1.44308 487.222 0.419564 2.0224 1112.55 0.211117 0.788099 0.595063 0.792421 556.736 -2.67957 1.23648 1473.6
887.886 -0.118047 1.74185 266.615 -0.302075 -1.51935 987.55 0.730556 0.590433 0.672762 0.718587 754.196 -1.4112 0.108147 1507.16
806.03 0.0197404 -1.93956 253.694 -1.30154 0.169621 1030.13 0.685884 0.60078 0.739041 0.760011 2476.81 1.4111 1.24148 1056.23
844.036 -0.632438 0.753074 592.228 -0.196357 3.03775 1475.44 0.0668711 0.411995 0.631123 0.676023 920.121 -1.20894 1.96202 1726.49
1092.99 -0.811297 -3.01088 699.885 0.303702 -1.36036 1696.28 0.3203 0.785673 0.870015 0.827343 329.087 -0.699818 0.66054 2338.08
1020.94 -0.175321 0.350739 632.796 -0.568762 -1.99589 1548.83 0.674176 0.432458 0.712198 0.606934 1879.08 2.40452 1.88277 1637.77
900.766 -0.109192 -2.91749 360.738 -0.0923319 -0.809342 1090.81 0.225369 0.205028 0.323385 0.529131 1062.15 0.489772 1.29911 1291.49
819.758 -0.952576 1.18595 804.438 0.0767966 -1.62649 1849.15 0.315865 0.4575 0.690189 0.72678 580.851 -3.08832 1.46183 1592.88
541.423 1.22947 1.42731 358.916 -2.0779 0.941417 2238.34 0.475864 0.672805 0.584195 0.767713 1197.53 -1.94793 2.88935 988.157
737.019 -0.336114 -0.152043 336.943 -1.01777 2.55104 1081.27 0.595679 0.243095 0.826783 0.512445 767.181 -2.33787 1.39428 1122.31
948.475 0.218084 -2.54715 294.921 -0.902452 1.80682 1078.45 0.511078 0.686662 0.805809 0.707895 1191.77 0.0454307 1.76139 1253.9
1232.81 0.454827 2.8445 375.275 -0.229132 -0.759845 1419.62 0.733094 0.56964 0.853783 0.794347 999.058 -0.780898 0.0210525 1670.8
985.88 0.501929 0.303457 919.046 -0.0810948 -2.29025 1934.98 0.527328 0.609452 0.747314 0.734943 1038.22 1.99998 1.69652 2032.79
838.535 -0.99705 -2.75307 591.022 0.641689 0.372185 1932.45 0.0732821 0.35419 0.435536 0.331533 60.5206 2.30722 1.22289 1440.2
644.561 -0.178474 1.34719 422.585 0.751012 -1.44154 1160.81 0.467579 0.534133 0.796027 0.766759 774.278 -2.81317 1.37163 1049.73
691.961 0.986036 -2.84257 442.359 0.428556 -0.653044 1049.39 0.701433 0.501529 0.864128 0.485381 860.043 1.70934 1.73128 1195.38
330.524 2.28894 0.682288 257.138 1.50628 2.9273 588.035 0.443354 0.735872 0.826883 0.798349 210.899 0.794484 0.112196 803.793
319.2 -1.28074 1.8262 295.848 0.326528 -0.292041 777.274 0.501804 0.782864 0.778008 0.822784 487.387 -3.11224 1.34475 772.288
549.198 -0.323172 1.75961 395.735 0.0273257 -1.48883 982.122 0.273775 0.350671 0.585358 0.712979 1621.43 -1.21348 0.275347 944.265
315.379 -0.875037 -2.0846 296.207 -0.49218 -0.0513216 569.37 0.448431 0.46627 0.438916 0.599628 1110.62 1.858 1.90932 651.21
473.074 -0.886521 -0.744491 317.237 0.563558 2.27923 1009.18 0.448751 0.745936 0.623449 0.800034 497.631 -1.81086 1.06637 1289.47
670.869 0.0315157 -2.74712 289.048 0.685202 1.11192 887.75 0.484053 0.821706 0.83915 0.834194 1031.19 0.069078 1.04284 962.097
660.344 0.153398 -2.85139 448.252 -0.0300652 0.625941 1097.69 0.709269 0.477428 0.728069 0.670471 986.977 -0.83918 1.46512 1088.32
564.52 -0.403432 -2.42998 321.29 0.941887 1.34172 1027.18 0.795972 0.556948 0.684909 0.702067 541.431 -1.16487 1.26511 958.729
744.226 -0.240304 2.6705 271.311 -0.528341 -0.82822 913.089 0.47792 0.362557 0.667825 0.519356 1874.18 -0.861094 0.0328739 1079.72
1408 0.0712172 1.48905 1349.06 -0.453703 -1.02993 2740.69 0.34797 0.440954 0.798078 0.819031 199.59 1.52179 0.0327405 3251.47
1014.12 0.595641 -2.89127 271.248 0.69614 -0.732813 960.364 0.484323 0.765074 0.578031 0.800127 1631.35 0.681094 1.41391 1320.46
918.385 0.628957 -2.04824 487.858 -0.198767 1.33013 1460.47 0.595358 0.535003 0.691868 0.612357 1127.1 -0.319049 1.64917 1834.64
697.994 -0.328858 -0.230088 265.394 -0.743374 2.1451 825.611 0.634249 0.729433 0.553013 0.697603 75.8702 1.4336 0.7115 1173.24
1315.33 0.840094 -0.943357 656.42 -0.830596 2.03697 2551.15 0.219266 0.758009 0.841556 0.704193 800.096 1.92209 0.114876 2476.63
665.719 -1.04388 2.58759 364.982 -0.181367 -0.114029 1076.37 0.740305 0.835386 0.78755 0.784278 282.943 2.54082 0.0467763 1180.95
432.993 0.42465 1.49473 268.843 -0.67706 -2.57373 752.298 0.509598 0.695779 0.595191 0.538223 1377.74 -1.417 1.15673 746.807
512.165 -0.5216 0.415658 332.299 -1.51938 -2.05372 897.895 0.59601 0.737768 0.723991 0.742709 111.426 -2.92278 0.869057 1056.73
806.148 0.232329 2.35227 462.558 -0.431015 0.341897 1125.97 0.317546 0.691403 0.628256 0.792171 808.828 -1.40288 1.74478 1359.51
418.681 1.14423 -1.80365 250.143 -0.160024 0.62359 778.719 0.584837 0.695814 0.732498 0.681642 1272.23 2.0106 1.38701 835.234
558.438 -0.0673923 2.55436 504.689 -0.482407 -0.78879 1196.62 0.342721 0.336984 0.639888 0.694012 332.612 0.0685014 0.857291 1062.88
507.127 -0.790211 1.45505 302.064 1.01911 -2.55981 1103.31 0.482957 0.63404 0.658313 0.741603 1325.12 -1.00443 1.55537 1275.86
542.393 0.255158 -2.61459 431.793 0.16212 0.383739 976.695 0.464888 0.705467 0.641654 0.753012 484.187 -0.75567 1.13941 1101.93
795.799 0.430732 -0.495299 307.754 -0.121933 -2.56715 914.596 0.461978 0.779724 0.498586 0.70266 848.704 2.81606 0.899973 1194.24
348.475 -0.31291 0.629986 258.838 0.0910708 -2.14707 616.275 0.662803 0.79316 0.7783 0.80915 472.686 -1.0439 1.10317 768.627
833.758 0.679001 1.27756 476.873 -0.501256 -0.24963 1193.13 0.379886 0.741261 0.582695 0.684624 393.573 -0.480386 0.230756 1587.79
1288.31 0.2904 2.72529 695.818 -0.901342 -0.351777 2260.52 0.514438 0.193534 0.769745 0.643752 591.204 -0.769322 0.417545 1964.9
346.517 1.11193 0.0617181 297.808 -1.18415 0.863842 953.709 0.615721 0.595509 0.818455 0.695396 1734.78 -2.82682 2.59253 807.249
1381.28 -0.559701 -1.27466 859.088 0.502939 1.06423 2352.43 0.663638 0.792014 0.711392 0.842574 1451.43 -3.06105 1.78639 2270.15
762.066 0.835054 1.37826 711.738 -0.406875 -1.72405 1771.38 0.457427 0.685044 0.771399 0.691531 414.127 -0.119566 1.49783 1552.83
490.609 -0.669201 -0.443708 273.748 0.161772 2.55708 802.164 0.5038 0.478482 0.635891 0.705772 289.803 -2.44591 1.28019 751.129
422.497 -0.333589 -2.91399 322.575 -0.151545 0.923034 724.201 0.787886 0.690858 0.803219 0.829502 1490.63 -1.11226 1.80172 707.376
512.45 -1.15445 0.976997 500.741 -0.468839 3.13188 1042.1 0.605102 0.313619 0.624663 0.771291 857.553 -0.573836 1.55083 1430.38
581.119 -0.0272685 0.398631 403.432 -0.286775 -2.62405 1005.16 0.336097 0.157524 0.585945 0.866114 29.4438 -1.68781 0.936238 1071.65
450.508 0.710143 0.877023 254.399 1.92583 -1.58962 783.789 0.771174 0.469295 0.743839 0.766215 122.301 -2.01783 0.428211 805.407
728.841 0.529174 -2.50345 456.238 -0.222577 0.42896 1233.99 0.671358 0.673321 0.768866 0.674147 1979.76 -0.747418 1.17638 1741.93
846.478 -0.107755 1.00958 536.7 -0.161693 -1.07558 1187.09 0.823729 0.690286 0.740468 0.699123 1364.75 -2.73017 1.65458 1617.32
697.543 -0.475052 1.32418 364.189 -1.68702 -1.26547 1179.48 0.652018 0.658942 0.608944 0.811281 562.112 2.04616 0.721973 1297.86
1095.65 -0.625865 -1.20646 465.141 0.597073 2.38575 1696.93 0.611183 0.0868064 0.857185 0.756485 727.071 1.92897 0.45678 1539.89
1265.22 0.812841 -2.54609 451.151 1.10986 -0.243466 1417.25 0.663507 0.441558 0.651023 0.68898 1106.58 1.87708 1.86002 1700.34
637.644 0.421334 0.33681 505.712 1.34686 -2.53422 1256.4 0.804508 0.832687 0.667353 0.811415 1014.22 -3.06873 0.534501 1175.68
584.56 -1.44624 -0.519733 411.181 0.148735 -1.983 1096.89 0.213551 0.490465 0.63405 0.674015 1155.2 0.821409 1.34114 1428.83
1322.82 -1.14881 -2.15452 656.963 -0.0401026 0.478267 2128.3 0.396703 0.637945 0.672311 0.834197 944.511 2.17163 1.69337 1935.71
1439.96 -0.353751 2.4981 722.15 0.000201558 -1.13407 2020.42 0.810948 0.445175 0.718151 0.447434 801.326 0.202192 1.33626 2160.89
1036.69 0.172066 2.54185 693.795 -0.840601 -1.7452 1697.27 0.717656 0.779309 0.653454 0.747889 1179.76 1.00808 1.53376 2154.9
885.199 -0.43055 -2.58405 254.546 1.67844 0.599549 1535.55 0.673817 0.775247 0.729795 0.703832 880.577 -0.275128 0.874677 1411.46
874.328 -0.923732 -0.303519 330.874 -0.111097 2.23277 1137.46 0.784451 0.612909 0.774246 0.577528 481.811 -1.42958 1.12607 1322.69
689.865 -0.339041 -1.19856 407.793 -0.508875 1.6301 1056.59 0.754144 0.635035 0.610987 0.675324 577.742 -2.79515 1.59659 1117.43
795.4 0.237293 -3.07904 271.827 1.55806 0.966219 1146.92 0.141711 0.855845 0.645957 0.689786 1643.04 -0.0115645 0.977783 1259.66
983.298 -0.864928 -1.25883 334.637 1.3825 1.79713 1965.23 0.71597 0.749568 0.849769 0.791131 714.476 1.04601 0.751115 1488.74
647.33 -1.67122 2.05893 437.488 -0.221749 0.900945 1059.3 0.805447 0.480083 0.814661 0.556964 1439.08 -1.85816 2.36609 1293.46
1369.21 0.0288623 -0.756764 451.359 1.08941 3.11516 1716.85 0.821155 0.751215 0.785345 0.793432 1326.03 1.52121 1.59395 1890.65
812.372 0.806303 0.655529 321.116 -0.0151607 -2.87069 1135.58 0.665689 0.57707 0.745847 0.419601 660.402 -1.19582 1.67487 1225.39
731.634 1.17206 -0.909607 317.827 0.0290372 -2.82582 1004.39 0.507114 0.712357 0.44623 0.473747 825.945 0.99685 1.90646 1204.39
476.949 0.762751 -1.05806 302.024 0.596257 2.6413 773.4 0.570313 0.214031 0.634612 0.599243 874.779 1.98556 0.655741 810.221
547.269 0.2978 3.06085 409.409 0.915393 -0.73326 959.929 0.290328 0.827698 0.600069 0.72825 1410.67 0.771603 1.50486 934.379
1131.36 0.387532 1.16332 546.796 0.694609 -2.04685 1607.53 0.723307 0.821204 0.583176 0.838826 112.818 -1.9545 0.0923536 1713.32
411.905 0.342196 2.03739 254.471 0.589318 0.152214 542.365 0.775116 0.455826 0.741913 0.463973 857.014 -2.87236 1.37343 865.712
516.42 -0.453683 1.57258 323.911 -1.00399 0.294437 563.601 0.706672 0.341362 0.849692 0.625935 2221.65 -1.69462 1.98905 903.367
314.147 0.251386 -0.22156 269.775 1.21674 2.47756 642.651 0.486669 0.796235 0.718454 0.82113 1119.71 2.96927 0.491705 708.228
489.175 0.192355 -0.979078 330.015 0.597528 2.25279 838.467 0.680687 0.593825 0.806295 0.697922 239.762 -2.35586 1.37678 1147.71
1593.92 0.456521 -2.77417 310.836 0.372688 0.0552666 1403.72 0.538875 0.574878 0.72257 0.720973 1944.65 0.291071 0.235804 1947.89
1071.8 -0.580515 2.68719 347.899 -0.898226 -1.81171 993.784 0.666701 0.499568 0.890348 0.651239 1565.68 0.13595 1.94766 1447.65
454.879 -0.0186843 -0.058618 294.091 -0.0205464 1.30141 503.687 0.363817 0.365306 0.746718 0.574291 1194.87 -2.0556 1.99698 839.651
1561.45 -0.371703 1.19084 358.102 -0.522038 -1.34007 1697.32 0.0482177 0.252368 0.665385 0.843941 1102.11 -2.65315 1.31308 2357.76
376.797 -0.0777795 -0.835006 335.484 0.79066 -1.65173 454.38 0.587676 0.518019 0.342046 0.636534 1118.59 1.58015 2.41516 781.878
857.13 1.91914 1.2007 390.06 -0.822379 -1.93912 2447.79 0.761999 0.276249 0.803768 0.69975 1260.57 2.3918 1.1911 1294.29
1420.15 0.0541483 0.786305 341.069 1.61842 -1.94427 1824.36 0.722412 0.576215 0.695648 0.488986 758.668 2.9182 1.42072 1815.95
645.181 0.30957 2.31449 426.258 -1.22887 -0.653259 1386.27 0.476382 0.333449 0.740874 0.684455 292.763 -0.934998 0.281739 1034.11
1446.55 -0.0299123 0.466351 614.836 0.401359 -2.57673 1946.05 0.609853 0.556466 0.775281 0.403828 914.939 -2.42595 0.150789 2355.06
608.108 -0.281092 -2.9651 374.993 0.246438 -0.722619 994.103 0.365331 0.411642 0.523052 0.783313 1247.25 0.123758 0.846377 1340.52
637.258 0.310579 1.07258 511.359 -0.721583 -2.59012 1273.97 0.692249 0.541195 0.672172 0.688182 463.135 -0.555157 1.62773 1140.2
893.46 1.04972 -2.47572 518.238 -0.987505 0.937831 2126.71 0.299313 0.594238 0.780881 0.643183 549.805 1.16752 0.229685 1832.34
459.678 1.06995 -2.48957 389.227 0.104167 1.52777 886.597 0.356867 0.5898 0.448205 0.681663 542.618 0.177163 1.35061 958.118
819.414 -0.233135 -1.86832 444.425 0.251606 2.58716 1008.6 0.37431 0.292964 0.719282 0.74653 1321.05 0.113874 1.98219 1450.21
626.308 0.433312 0.0801882 348.376 0.569399 -3.10628 956.461 0.764081 0.76897 0.740051 0.838627 206.804 -0.0693269 0.149515 941.223
456.153 -0.118562 2.08009 426.203 -1.04322 -1.67592 956.795 0.670053 0.747188 0.730875 0.559649 696.813 0.213598 1.86649 852.756
658.243 -0.438171 1.80006 303.107 0.679954 2.05144 549.781 0.587657 0.607566 0.49232 0.694503 1350.89 -1.01264 2.8127 1178.83
561.948 0.961502 -2.74691 465.497 0.0669405 0.665818 1125.47 0.783403 0.281447 0.834254 0.768553 505.068 -2.23387 0.51304 1168.32
647.831 -0.212934 0.0629996 448.202 -0.140453 -2.57234 1060.39 0.273229 0.798388 0.681224 0.761443 834.953 2.53449 1.17635 1099.1
530.933 -0.291131 1.24493 365.534 0.472045 -1.4837 938.454 0.7907 0.456894 0.760137 0.72866 123.625 -0.861617 0.622081 1133.55
654.553 -0.0157856 0.163715 286.669 -0.350229 2.95143 883.617 0.355395 0.704128 0.680805 0.669772 581.642 -1.73158 1.60017 925.277
699.026 -0.30115 -0.667491 559.902 -0.647272 2.25727 1272.79 0.761375 0.760302 0.653518 0.761549 85.4968 1.69991 0.557364 1776.31
1705.91 1.30509 2.39076 273.434 -0.469109 -1.63894 1867.67 0.695694 0.758474 0.796043 0.755926 1740.76 0.122889 1.76183 1955.17
508.614 0.223696 -2.53316 465.825 -0.374158 1.31467 992.335 0.577428 0.370704 0.779326 0.685184 1019.01 1.60983 0.295157 1542.39
1051.78 -0.863167 -2.14474 545.616 0.229637 0.699186 1742.19 0.193572 0.653972 0.751452 0.763962 481.664 2.2542 1.55501 1571.63
552.152 -0.0283905 -0.426385 482.859 -0.767327 1.813 1058.6 0.104968 0.368333 0.60673 0.802071 1053.74 -2.42372 1.99733 1022.05
322.028 -1.4998 0.158382 257.645 1.20246 -1.72229 1141.99 0.700777 0.883896 0.746383 0.714838 1124.86 1.81053 1.65215 640.057
961.657 -0.225999 -2.88779 304.13 -0.0325353 1.32871 957.478 0.724688 0.646619 0.770889 0.640871 1041.96 -0.579812 1.90852 1321.45
1080.64 0.00967745 3.06332 806.917 -0.963174 -0.222497 2103.69 0.291284 0.795861 0.852405 0.811763 1596.83 0.0170573 0.239554 1878.7
350.535 1.10177 2.17527 259.965 -0.723268 -0.642832 887.828 0.454053 0.578059 0.737817 0.723105 494.204 -2.03054 1.38771 605.176
2060.39 0.653416 2.20499 442.489 0.325683 -0.214077 1819.93 0.676918 0.716192 0.579611 0.553299 1140.84 -1.80865 1.59457 2515.61
834.073 0.484239 -0.896274 400.459 1.19468 2.85299 1240.82 0.165461 0.543438 0.110811 0.685951 1255.54 1.11874 1.73426 1254.48
897.191 0.334108 -0.327871 823.04 0.667171 2.64954 1858.87 0.100615 0.0371653 0.547764 0.734951 104.172 -1.08926 0.761391 1719.82
1842.41 -0.335491 -0.14268 436.52 -0.0263785 -2.42808 1681.9 0.141638 0.812176 0.734975 0.66825 1431.35 2.35509 1.50002 2349.49
915.804 0.0247031 -2.57488 581.542 0.492438 0.556792 1526.27 0.0768679 0.557351 0.870927 0.554332 655.685 -2.30218 0.272697 1556.71
502.444 1.40596 2.167 315.263 -0.898926 0.796966 1247.49 0.521303 0.73681 0.651325 0.737604 597.569 -1.45787 2.25484 1172.67
1633.63 -0.171391 -0.218173 432.834 0.224008 2.83452 1723.9 0.245553 0.725674 0.649807 0.786266 1588.07 -3.07699 0.371677 2530.78
824.355 0.918264 2.47979 319.723 0.296732 -0.942506 1083.26 0.507055 0.477577 0.601655 0.72892 386.78 1.03147 1.44832 1189.55
906.609 -0.394409 -0.345107 865.961 -0.439892 2.65423 1772.4 0.748576 0.640327 0.765447 0.812569 860.312 -1.51662 1.17151 2308.5
591.636 -0.384691 -1.36904 458.585 -0.935596 1.00085 1033.96 0.249335 0.749019 0.836994 0.796614 895.215 -2.97675 1.60771 1109.33
502.879 0.0297765 1.25208 260.619 1.67101 -0.965771 942.171 0.339877 0.761007 0.697779 0.797645 815.962 -2.69486 1.72909 937.019
1138.62 0.238181 -2.77701 756.413 -0.212247 -1.1676 1422.5 0.456608 0.793481 0.86186 0.86833 2494.87 0.263794 1.43139 2245.12
705.38 0.526704 -0.735855 271.242 1.07379 -2.37473 707.382 0.763307 0.665205 0.691288 0.790689 830.365 1.45229 2.18815 1134.26
398.58 -1.79236 -2.06318 275.007 0.788019 1.03214 1313.37 0.18162 0.773187 0.83232 0.776211 317.511 -2.43178 0.3686 644.478
748.501 -0.00078819 -0.51505 392.72 -1.35097 2.40769 1342.68 0.564597 0.58757 0.609318 0.734798 523.009 -3.03019 0.845305 1194.2
1485.64 0.966796 0.0253024 898.598 0.422099 -2.71303 2391.28 0.66839 0.452671 0.706467 0.505299 1071.96 1.81025 1.75991 2369.22
1026.53 -0.614815 -2.76197 449.835 -1.72642 0.960304 1533.44 0.800243 0.796514 0.725028 0.783118 852.422 1.30829 0.347988 1877.15
1129.53 -1.05118 -1.59524 441.327 -0.296081 2.42569 1413.48 0.788307 0.465953 0.751374 0.368677 914.104 0.579003 1.84669 1847.05
633.641 -0.122708 0.823084 252.043 1.09462 -2.28495 967.123 0.373953 0.898147 0.736935 0.821645 754.404 -2.16908 0.11587 1069.38
619.156 -1.38218 -1.58503 474.177 1.4878 -1.82335 2161.94 0.32119 0.754797 0.847115 0.851764 1575.87 1.47928 2.98056 1233.29
1271.11 -0.258585 1.3107 757.284 -0.274408 -2.39979 1895.67 0.460606 0.580521 0.572606 0.748688 1005.84 -0.797086 1.6027 2313.25
1111.5 -0.789161 2.19675 399.941 -0.530635 -0.871341 1371.1 0.475103 0.727173 0.748162 0.809476 205.06 -2.99771 1.08872 1495.87
664.416 0.377951 2.14083 367.337 1.08699 0.674145 759.907 0.3231 0.599285 0.751593 0.659853 618.877 -2.48236 1.65999 1229.76
747.53 0.0369204 0.826886 366.235 0.86391 1.43037 616.494 0.265529 0.581958 0.754473 0.776152 2120.96 -2.09657 2.75624 1284.12
816.541 0.0397469 -1.10843 376.616 1.05313 1.99486 1262.56 0.774915 0.254395 0.700323 0.698726 187.01 2.06526 0.0704014 1197.1
1015.45 0.309198 -0.485718 501.703 -0.836542 2.20698 1728.15 0.242999 0.639941 0.475418 0.338509 861.916 -3.09059 0.985617 1513.98
735.48 0.632541 -1.34398 527.016 -0.461876 1.63591 1467.85 0.553313 0.737502 0.222671 0.586386 1199.44 2.22237 0.586455 1373.73
566.918 0.427032 -1.17845 385.442 -1.5158 2.76519 1380.07 0.730101 0.671384 0.863214 0.505474 1511.74 0.678121 1.85657 1173.12
599.894 -0.803603 2.1294 290.304 0.975869 -0.109872 1134.48 0.664808 0.657109 0.690386 0.717185 1107.98 -1.62749 1.51762 930.856
833.001 1.03841 1.60755 634.31 -0.700859 -1.10675 2021.74 0.696302 0.78113 0.687843 0.724176 1234.53 2.12925 0.5217 1976.83
299.474 1.0536 1.90389 255.605 1.40605 -2.96444 390.432 0.389459 0.705168 0.811445 0.590299 701.326 -0.903707 2.06073 621.952
1436.61 0.6848 -0.204662 686.664 0.348806 -2.74161 1933.87 0.619841 0.322562 0.777917 0.690188 1999.27 2.89811 0.643459 2149.15
1248 0.626628 0.58804 458.312 0.362163 -2.53259 1576.45 0.629578 0.466499 0.684762 0.651207 215.767 -2.21001 0.32258 1672.29
416.987 1.45903 -0.295599 390.691 0.412893 2.67145 925.264 0.605286 0.515331 0.654845 0.581308 614.368 -0.728432 0.432832 912.568
793.699 -0.103184 -1.69897 574.999 0.0445096 0.798782 1310.54 0.633937 0.494041 0.77325 0.637767 1469.57 2.95098 1.63324 1339.68
324.035 0.620105 2.29722 313.625 0.847739 0.251469 568.956 0.527488 0.708365 0.683523 0.831194 692.513 -1.80166 2.05313 813.705
862.332 -0.459235 0.799176 483.823 1.15961 -1.12924 1586.01 0.661006 0.585742 0.689598 0.843536 1768.05 2.61859 1.81941 1585.13
632.24 0.86634 -1.36277 267.967 -1.51004 0.395212 1387.72 0.506485 0.650682 0.747537 0.771734 1022.25 1.91375 1.51854 1122.16
1088.74 -0.421704 2.03034 508.772 0.113822 -0.327648 1509.91 0.756206 0.0637581 0.822549 0.734643 1128.38 -1.89238 1.56473 1589.39
631.131 0.638501 1.6301 379.479 -0.15293 -0.308527 918.178 0.17493 0.737135 0.604866 0.660349 842.771 -2.81424 1.83884 1344.41
899.391 -0.373793 -2.27408 830.583 -0.0513398 1.31611 1726.37 0.43025 0.563839 0.857727 0.814118 652.787 0.679184 0.636926 1896.67
1292.95 -0.360594 -1.24703 437.256 1.00314 2.30745 1874.72 0.662915 0.643624 0.697776 0.772047 1033.72 1.03024 1.27721 1977.55
1198.89 0.447505 0.753289 1128.02 -0.450123 -2.09512 2662.08 0.104326 0.341444 0.231087 0.804213 261.782 0.6113 0.141989 2602.11
787.66 -0.0991154 -1.33775 570.506 0.352206 3.00559 1154.99 0.789005 0.561023 0.734515 0.619184 282.397 1.92932 1.07626 1916.5
405.968 1.36278 -0.20698 374.563 0.187887 2.52913 921.589 0.648811 0.406991 0.769204 0.801542 520.054 1.18059 1.34854 864.545
917.371 -0.168709 1.50557 457.455 -0.404375 -1.07116 1283.55 0.663964 0.442869 0.820456 0.71975 1135.2 3.13529 1.62973 1550.08
733.581 -0.163916 0.693008 710.488 -0.207816 -2.81964 1435.6 0.129304 0.508279 0.663678 0.746735 983.689 -0.875217 1.56823 1431.46
607.518 0.221825 -1.54065 365.79 0.422872 0.0353138 716.09 0.437696 0.457064 0.592617 0.630225 804.237 2.4023 2.34023 1338.95
456.046 -0.347814 0.313942 339.096 -1.06839 1.15283 446.861 0.578481 0.55559 0.583348 0.655559 2272.52 -2.28372 2.59766 926.677
1846.28 -0.288013 1.0829 257.017 -0.913819 2.95872 1265.11 0.342611 0.36189 0.667625 0.727213 2237.67 -1.5486 1.77586 2102.29
432.342 0.589978 2.7945 309.574 -0.459924 -0.500505 850.154 0.743925 0.616612 0.667414 0.659998 185.183 1.51646 1.27804 690.575
963.995 -0.872158 -2.74548 619.002 -0.541595 0.303224 1585.34 0.736937 0.446702 0.787632 0.727409 445.257 0.69951 0.396286 1549.75
329.351 -1.5981 -1.67014 297.249 -0.388501 1.93913 743.896 0.687365 0.6967 0.702882 0.757183 533.841 0.949488 0.989645 854.54
532.807 0.929173 0.681235 520.241 0.0199263 -2.63519 1177.04 0.401386 0.667217 0.829017 0.767731 250.163 -1.26203 1.37316 1015.7
710.197 -0.102309 3.00005 560.781 -0.809856 -0.163804 1383.47 0.482009 0.824162 0.668163 0.822503 98.6453 -1.95556 1.32757 1272.31
664.567 0.430709 2.57228 595.315 0.00534384 0.0332665 1265.43 0.347419 0.811351 0.792712 0.841107 1119.26 -1.78891 1.82218 1265.3
567.217 -0.511208 2.94971 255.136 1.65983 -0.764645 1241.98 0.636855 0.595892 0.790849 0.751708 584.676 0.273792 1.03844 1183.24
853.891 0.821257 0.680354 424.472 -0.670289 2.22293 1307.38 0.749138 0.817191 0.797747 0.866123 684.423 2.39091 0.16798 1572.36
374.354 -0.714802 -2.17291 286.545 -0.279784 0.79563 683.039 0.795177 0.691942 0.774476 0.794083 15.9805 2.64763 1.46264 747.456
393.308 0.0498608 -2.54819 302.045 0.864869 -0.47162 680.398 0.265679 0.340009 0.660716 0.594525 1456.73 1.82388 1.91112 804.683
625.894 1.33933 2.07726 307.857 0.45015 -1.37611 968.502 0.718878 0.701465 0.761084 0.788556 114.87 0.627687 1.44957 1144.6
1346.48 0.453272 2.06363 611.471 -0.874472 -2.00345 2096.98 0.828099 0.622803 0.787716 0.75299 577.127 -1.482 0.521444 2244.62
539.834 0.382294 -0.633679 280.551 -0.101382 0.996558 620.462 0.429604 0.446545 0.719853 0.741365 395.094 -2.62173 1.98805 1221.89
1251.32 -0.342558 -2.00551 820.726 -0.293531 -0.64368 1310.78 0.0871273 0.288811 0.455619 0.543334 1382.08 1.52817 2.17185 2568.48
296.469 -0.588938 2.00822 257.685 0.856575 -1.34812 712.564 0.690762 0.387306 0.737064 0.857289 189.236 0.756803 1.25142 556.245
1122.02 0.287552 0.0996574 915.706 -0.695735 2.62688 2218.39 0.0762328 0.670663 0.797847 0.847362 904.339 1.86412 0.762761 2512.17
573.165 -0.100875 -2.38655 490.055 -0.455209 -0.451697 924.517 0.103817 0.58168 0.784702 0.488425 1433.83 1.31642 1.76812 1045.46
858.83 0.544972 -0.322745 668.621 0.39533 2.56839 1538.32 0.521415 0.141498 0.625575 0.244863 520.501 -1.60243 1.27968 1531.25
613.347 0.581217 2.63066 378.729 -1.09888 1.18444 1160.43 0.30554 0.672485 0.854499 0.699778 2309.25 -0.670413 1.85485 981.311
519.703 0.510174 -2.05767 381.632 -0.666618 2.13246 967.461 0.470968 0.723342 0.681573 0.794035 797.804 -0.152972 1.9047 1134.55
581.385 -0.0629372 -0.607687 571.539 -1.12098 2.69389 1332.37 0.773014 0.674787 0.826756 0.828086 516.322 1.77808 0.915809 1226.26
1328.78 0.831219 2.44695 454.412 -1.12521 -0.34948 2353.46 0.566619 0.410495 0.827469 0.623951 887.943 -0.458493 0.109012 2282.67
540.889 -0.549287 -0.520568 306.6 0.205006 2.62928 937.611 0.134134 0.495211 0.76253 0.767087 293.965 2.33432 0.294957 852.459
1071.37 0.260937 -0.996783 616.53 -0.0594895 1.83203 1672.49 0.351066 0.505876 0.32895 0.581664 954.233 2.99689 1.16486 1675.87
404.455 -0.497896 1.32953 258.818 -0.578227 -0.806327 578.62 0.579548 0.414238 0.740829 0.697267 1106.38 -3.04622 1.90744 671.791
526.206 -0.335991 1.07745 400.52 -0.970482 -1.84209 964.211 0.518437 0.849127 0.434344 0.785264 166.896 2.73334 1.65589 915.7
598.6 1.03921 2.88013 277.124 -0.371909 -0.214605 1036.9 0.569429 0.748504 0.680685 0.763539 905.676 -0.458707 0.244103 895.033
1137.34 -0.941836 2.28942 351.972 -0.276354 -1.61814 1282.56 0.755572 0.473682 0.77948 0.716771 926.791 -0.275727 1.34241 1463.15
1039.45 0.187397 0.588583 304.395 1.55336 2.75396 1316.1 0.714822 0.470644 0.807317 0.667575 2230.61 -2.18005 1.34917 1358.84
675.184 0.057151 -2.4736 400.665 0.539618 1.02668 1069.76 0.680335 0.547438 0.810468 0.714852 1142.31 -2.12334 0.35026 1196.04
679.018 -1.25376 -1.33634 606.28 -0.166875 1.50835 1555.79 0.214542 0.11115 0.738099 0.477824 290.812 2.9461 1.43775 1310.19
934.025 -0.412884 -0.846222 592.333 0.10383 2.65163 1532.69 0.604425 0.557641 0.494146 0.676972 479.959 1.42347 1.22816 1641.1
1063.29 -0.681564 -2.97312 802.465 -0.262032 0.261483 1903.58 0.607165 0.534894 0.345422 0.838714 411.809 -0.833446 1.09493 1843.32
432.33 0.787284 3.13906 411.685 -0.638889 -3.13238 686.925 0.342526 0.360426 0.82787 0.799883 996.77 0.0300927 3.10897 1104.73
822.294 0.83025 1.99059 602.471 -0.182911 -0.141204 1464.89 0.542643 0.300556 0.841526 0.851335 677.004 0.300242 0.441446 1806.43
799.59 0.593268 -2.88328 324.807 0.869084 -1.13044 825.418 0.602306 0.759926 0.821937 0.809408 1254.63 0.838276 1.96871 1142.63
401.018 0.234046 2.9963 326.349 -1.19898 0.145448 946.972 0.330811 0.78093 0.835511 0.801996 390.451 0.421454 0.276005 1042.11
664.809 -0.509051 -0.364996 514.7 -1.87885 -2.30716 1329.5 0.452669 0.402623 0.716868 0.739067 755.694 1.16138 1.52637 1291.71
426.619 -0.775611 -0.515494 357.798 -1.22895 -1.66506 489.954 0.172096 0.246329 0.693295 0.637566 709.039 1.39929 1.91479 1045
598.903 0.514526 1.57461 407.465 0.781896 -2.48906 924.187 0.516268 0.569274 0.493014 0.765864 1162.52 -1.41847 1.07059 1064.61
855.723 -0.410106 -1.9747 262.77 1.07374 0.823426 1215.84 0.700755 0.777835 0.709932 0.719334 1330.43 1.56849 0.745068 1232.35
1152.48 -0.334199 0.548076 1138.35 -0.0585766 2.02175 1591.76 0.441866 0.282793 0.750499 0.686342 332.83 -2.39519 1.86624 2623.12
976.837 0.634965 -0.912569 484.267 -0.176584 1.27876 1364.26 0.691539 0.399438 0.756759 0.730163 1173.42 -3.13812 1.86631 1610.37
922.205 -0.275541 2.68721 413.521 1.35903 1.07187 1448.33 0.653473 0.559563 0.768557 0.62945 2093.02 -1.05804 2.12991 1470.49
943.049 0.535008 1.06713 935.813 0.408228 -2.70197 1800.4 0.722912 0.320363 0.866319 0.630558 923.873 -0.980463 1.72151 1874.73
788.206 0.683069 2.3278 317.654 0.290178 -0.481746 1030.78 0.704999 0.750871 0.77216 0.699895 1008.06 -0.556678 0.0749319 1339.79
546.07 -0.000639208 2.72717 396.106 -0.0614132 0.680104 813.632 0.445069 0.216511 0.533349 0.761726 758.506 -0.818697 1.4988 1336.46
759.077 0.589706 -0.370679 360.104 0.169744 1.73205 989.926 0.551212 0.377166 0.624502 0.711676 1182.56 2.93409 1.20205 1371.36
748.905 -0.208198 -0.322544 354.5 -0.220129 -2.49371 985.855 0.261129 0.599083 0.733167 0.513241 754.962 1.52754 1.85008 1267.7
792.561 -0.768393 -1.49462 331.074 0.850848 2.51357 1319.95 0.694382 0.764038 0.760503 0.74626 769.964 0.161074 1.65569 1214.17
583.074 -0.616852 -0.202556 546.136 -0.111775 2.97084 1197.06 0.359394 0.761403 0.778781 0.768307 158.623 2.48371 0.487134 1139.34
715.29 -0.747182 2.88995 425.886 -0.672707 -0.291786 1128.31 0.37201 0.240832 0.628199 0.556002 741.993 0.17883 0.470616 1292.11
792.719 0.0692484 0.516559 411.635 -0.620693 2.6293 1083.53 0.740192 0.657198 0.631689 0.637472 1518.76 2.91379 0.284492 1512.55
631.742 -1.23912 -3.02259 380.771 1.58853 0.472068 2146.42 0.268031 0.8796 0.805729 0.829994 98.3022 1.5666 1.09453 1176.65
454.49 -0.636896 -2.9939 430.814 0.137465 1.44152 804.284 0.671477 0.737786 0.746425 0.721287 1494.64 -0.71155 2.15307 916.522
685.085 0.134737 -0.0125912 439.162 -1.15774 0.932082 959.185 0.183511 0.619765 0.590754 0.448076 939.648 -2.85468 2.49643 1315.38
926.831 -0.0552118 -1.18869 327.632 0.190889 2.59994 1060.17 0.774117 0.612044 0.865768 0.570857 284.253 2.66795 0.0680099 1746.16
982.481 1.21182 -2.82488 444.891 1.11467 2.13197 887.274 0.738455 0.245873 0.686199 0.72711 1338.91 -0.170428 2.30239 1677.64
328.291 -0.267406 1.0369 268.733 0.0902562 -1.17324 565.824 0.467422 0.587472 0.571348 0.69385 628.705 0.652942 0.383956 656.667
692.559 -0.380528 -0.979797 484.678 -0.437798 1.7184 1144.17 0.182311 0.754755 0.816728 0.756251 510.653 1.4916 0.226802 1553.26
1089.08 0.0239951 2.93762 387.35 0.549066 -0.851574 1307.93 0.436186 0.558269 0.573489 0.739184 618.229 -0.217305 0.634269 1557.57
628.28 0.45951 2.88187 350.549 -1.14383 -0.230021 1277.11 0.732732 0.161899 0.660845 0.502919 320.619 -0.294271 0.0642492 969.06
697.945 0.649908 0.769228 542.485 0.483476 2.42846 940.247 0.753656 0.733622 0.692178 0.722287 1100.26 -1.83676 2.01797 1562.95
354.684 -0.846637 -2.43686 263.027 0.79259 -0.00697461 811.609 0.359994 0.31064 0.881847 0.79011 1146 3.06098 0.785345 739.312
365.334 -0.717492 1.47983 276.1 -0.765939 -1.6883 666.322 0.371842 0.253045 0.696008 0.851019 263.19 -2.48327 0.794973 623.083
470.955 0.30436 -2.79285 413.585 0.252758 1.74533 708.118 0.68942 0.817159 0.655257 0.783598 1058.92 -0.957656 1.83519 906.071
1085.19 0.698267 1.59297 929.254 -0.508934 -1.26274 2376.32 0.604754 0.718669 0.713575 0.740878 776.412 2.92466 1.33169 2207.72
704.326 -0.0632249 2.68129 410.167 0.486516 0.32282 1063.62 0.164432 0.261732 0.75746 0.66404 1277.64 -1.95784 1.64406 1144.52
804.031 -0.786122 -0.48069 656.162 -0.06035 -3.04657 1526.86 0.665321 0.293648 0.45741 0.710255 705.916 1.6209 1.61572 1593.52
872.289 0.190913 -0.401527 252.44 0.181973 3.01608 942.207 0.225002 0.515215 0.444435 0.561991 246.186 0.609963 1.01149 1186.09
439.129 0.519958 -0.400974 320.81 0.391119 1.78348 695.275 0.58163 0.564172 0.854485 0.87541 1389.19 -1.85704 1.45606 764.231
838.203 -0.68602 -1.43717 420.03 0.226083 3.06628 1087.27 0.429271 0.499352 0.805075 0.661188 1490.97 2.20899 0.857285 1581.78
634.921 0.87714 0.224022 490.451 -0.136172 0.995082 738.374 0.759745 0.442293 0.699695 0.595242 1889.94 -2.5087 2.73272 1153.19
396.23 -0.680385 -2.45618 369.786 -0.848437 0.0922134 759.268 0.728308 0.458498 0.822898 0.744823 1889.66 -1.78822 0.667958 1247.88
620.298 -0.244314 -0.0524429 462.418 0.418927 2.27056 1096.12 0.125608 0.750255 0.252336 0.721887 1125.08 -2.14579 1.86684 1081.01
529.458 -0.024831 -0.593004 468.477 -1.29117 -2.77906 1139.11 0.569444 0.517838 0.725393 0.810512 1325.97 1.77469 1.72943 1065.89
714.459 -0.528049 1.80391 536.669 1.23839 -2.48826 1634.39 0.235636 0.396183 0.716944 0.669538 1358.7 0.0658174 1.73809 1413.22
608.781 0.666163 -1.52029 536.94 0.100582 2.07258 1179.13 0.197653 0.691639 0.738055 0.671517 751.786 0.570634 1.50194 1174.33
1157.75 0.326967 -1.06262 645.14 -0.981275 1.35042 2024.15 0.658737 0.850245 0.614789 0.749209 1052.32 -3.03116 1.9016 1894.07
1334.61 -0.0776437 -0.303618 707.356 -0.507743 -2.44367 1770.14 0.585845 0.661898 0.637967 0.635671 946.742 -1.23329 0.929672 2745.93
855.154 0.864378 -2.85182 533.96 -0.732082 -0.720312 1695.06 0.359099 0.63347 0.877347 0.790996 1161.98 0.573973 1.29429 1937.13
859.658 -0.364884 -2.45915 345.942 0.76091 0.683708 1334.58 0.176407 0.503878 0.883985 0.334907 373.79 -2.92623 0.467088 1220.85
424.111 -0.629012 0.413823 392.634 -0.597467 -2.8427 832.281 0.667339 0.566026 0.729284 0.6762 716.965 2.26954 1.17094 979.984
813.993 -0.482659 1.9991 725.178 -0.879791 0.508925 1109.54 0.752125 0.634633 0.881696 0.865631 997.702 -2.05376 2.23032 1798.83
917.311 0.113888 -2.58733 288.101 -0.387081 0.604854 1091.82 0.376839 0.700846 0.505082 0.834105 1501.34 0.402915 0.201939 1229.79
384.457 -1.19038 -1.64379 345.834 -0.113306 1.24758 842.089 0.793353 0.722947 0.724641 0.862087 712.825 1.50484 0.257261 766.353
792.102 -0.628062 2.42004 439.308 -0.108164 0.0647943 1228.35 0.174323 0.585294 0.508178 0.751238 1684.24 -1.19269 1.25749 1266.31
563.831 0.453203 -0.34675 347.435 1.58202 1.34771 892.188 0.548318 0.402876 0.328064 0.595054 1016.43 -2.80435 2.13113 968.02
684.941 0.338187 -0.879393 289.831 0.877247 1.90595 928.051 0.740142 0.579556 0.753961 0.858193 1150.39 1.91992 0.0139644 997.948
1139.34 0.391474 -1.34014 774.806 0.213502 2.19662 1890.94 0.770218 0.646671 0.792016 0.622041 791.177 0.383857 1.724 1878.52
574.38 -1.69947 -0.672984 279.862 -0.305145 -2.92129 966.985 0.846585 0.603868 0.834293 0.748522 1165.35 -1.58542 0.91244 1047.78
804.716 -0.994994 -0.509343 505.197 0.759539 1.66876 1710.05 0.718418 0.528151 0.798566 0.737841 627.04 3.03759 1.36883 1738.99
634.35 -0.345735 -1.64928 573.313 0.787492 2.05973 1402.31 0.304514 0.656001 0.705328 0.754874 817.387 0.435646 1.62408 1229.47
373.969 -0.662562 2.12122 259.865 0.207456 -1.96635 627.38 0.491973 0.685693 0.484099 0.724832 160.577 2.99839 0.87717 784.19
544.169 -1.77739 0.815708 260.505 -0.291803 -1.86061 980.894 0.74273 0.484233 0.801166 0.78168 361.607 -2.74231 0.881699 790.408
1228.17 -0.268848 1.86793 760.504 0.512855 -1.15627 2102.46 0.700894 0.275217 0.633697 0.656601 565.893 2.55804 0.690107 1950.92
1098.16 0.362202 -2.04689 456.254 -0.315118 1.61989 1530.96 0.0813131 0.725551 0.804839 0.801177 1336.64 0.116898 1.50299 1600.6
552.819 -1.24597 -2.73483 498.469 0.809196 -0.0343623 1643.36 0.476526 0.695996 0.420562 0.526408 643.302 0.868306 0.902669 1168.88
681.648 0.805201 1.16015 280.077 0.610191 -1.8818 887.687 0.748848 0.704662 0.791412 0.726656 415.707 1.53123 0.371075 962.592
864.927 1.36545 -1.07511 841.584 -0.387879 0.230599 2009.15 0.760499 0.21087 0.867012 0.692218 1872.91 -2.9112 1.83609 2215.85
801.419 -0.17356 -0.0961097 501.319 -0.765062 -2.95257 1320.64 0.705707 0.565832 0.709599 0.69427 1433.94 2.76063 0.569985 1679.45
420.187 -0.507181 -2.61835 280.739 0.490533 -1.07231 611.351 0.794946 0.678227 0.776302 0.817168 1491.99 1.37254 2.2923 778.842
1373.38 -0.354993 0.0416932 252.415 0.270126 2.82848 1266.88 0.699989 0.213278 0.680262 0.738851 814.295 -2.3818 1.07291 1580.8
306.8 -1.1779 2.00149 265.469 1.58769 1.0493 1105.45 0.802945 0.711488 0.804369 0.832351 16.5811 1.30219 0.25289 800.197
701.051 -0.0454193 -0.540056 447.865 -1.20036 2.58933 1397.52 0.53808 0.446851 0.691062 0.526805 2018.85 -3.09933 0.59453 1357.31
615.113 -0.497263 0.67018 598.32 -0.0354993 -1.66284 1167.58 0.510152 0.763394 0.82017 0.807047 898.94 0.99072 0.32054 1487.68
950.499 -0.271805 -0.137617 529.138 -0.147932 2.07138 1285.07 0.63389 0.266245 0.717364 0.285574 1366.88 -2.91289 1.29891 1817.48
594.568 0.419112 1.0681 471.389 -0.0573731 -1.08046 981.756 0.423001 0.702601 0.696189 0.651806 726.517 -2.58959 1.50913 1107.53
337.367 -0.287485 2.1173 270.523 0.587328 -0.618374 685.084 0.137969 0.781324 0.777764 0.74193 513.45 -1.12861 0.510234 608.902
544.365 0.718285 -3.05725 438.161 -0.800113 -2.56954 865.001 0.494588 0.737056 0.633915 0.776829 2250.55 0.202285 2.77182 1065.33
297.932 1.20814 0.338675 280.313 -0.185824 2.30727 658.799 0.53393 0.71954 0.788296 0.809548 2209.06 -1.25171 1.59038 595.195
1207.39 -0.240765 -1.49913 559.438 -0.00135756 2.61907 1485.91 0.608372 0.142899 0.789467 0.770871 1448.16 0.763002 1.85607 1940.27
741.921 -0.14398 0.909027 374.485 -0.732765 -2.56308 1091.78 0.811401 0.596973 0.752942 0.756386 1207.07 -2.68393 0.120843 1374.52
820.66 -0.174769 1.42723 771.8 -0.179471 -1.40999 1600.36 0.518806 0.751301 0.832772 0.716654 432.727 1.6 0.172773 1677.51
416.224 0.773177 1.98195 261.325 -0.699022 2.20694 556.517 0.48 0.639121 0.736811 0.533878 1588.79 -1.14612 2.93013 878.777
786.209 -0.62003 2.64558 553.756 1.56402 1.20571 1957.75 0.741846 0.531762 0.710152 0.718997 1989.28 -1.30837 2.32923 1449.12
893.975 -0.215531 1.40495 339.201 -0.416319 -2.34652 1127.87 0.088489 0.674496 0.752467 0.74979 1142.72 -1.18349 1.16302 1506.96
761.428 -0.547524 1.77872 331.434 0.582206 -2.70739 1000.25 0.43102 0.612517 0.698044 0.705311 1746.55 -0.718045 1.98934 1108.37
1336.94 0.266284 2.65547 267.449 0.980901 -0.379014 1305.21 0.132098 0.338945 0.457785 0.703944 715.435 -0.850367 0.471353 1592.21
695.517 0.676397 -2.76387 251.056 0.0482892 0.414379 902.278 0.82529 0.193602 0.796649 0.786103 989.55 0.364237 0.050141 940.057
721.725 0.392428 0.980397 364.885 1.13562 -2.01777 1139.36 0.240843 0.619452 0.795463 0.534095 669.987 -2.29343 0.275657 1048.2
1021.02 0.518473 0.889276 640.243 -0.734267 -1.97846 1966.73 0.514993 0.663533 0.569519 0.580171 822.232 -3.01257 1.03411 1796.64
684.709 0.410887 -2.89289 455.23 -0.730806 -1.35157 1046.36 0.832477 0.762887 0.723052 0.759734 2248.54 1.32747 2.06282 1256.23
803.161 -0.108139 2.30292 627.174 0.555997 -0.163961 1449.76 0.7762 0.620793 0.820118 0.570995 1611.13 -1.36254 1.19858 1450.03
1487.55 0.850162 0.00291967 699.281 -0.478621 -2.03206 2275.44 0.570873 0.834971 0.599874 0.775317 1546.45 2.62273 1.6284 2353.83
288.29 -1.84666 0.354859 276.723 1.38383 1.16983 1389.42 0.664029 0.679437 0.729035 0.774523 442.449 -2.46109 2.65227 739.89
480.387 -0.619605 1.84128 466.427 0.168937 -2.67926 835.719 0.673828 0.395653 0.695418 0.674964 427.15 -0.383123 2.2244 1136.69
619.55 -0.430381 1.71002 330.527 1.93625 -0.114549 1531.78 0.534257 0.684066 0.711096 0.824222 624.622 0.17228 0.286829 1241.45
854.237 -0.696364 0.114502 259.443 -0.875531 2.69485 926.399 0.658599 0.681942 0.773751 0.811625 755.587 -1.98441 1.60392 1124.97
420.157 0.240248 -3.03068 284.982 -0.240737 -1.30339 629.685 0.317745 0.786197 0.704956 0.776265 1950.79 0.156014 1.4594 753.566
611.857 1.08646 0.17251 550.463 0.275863 -1.80783 1121.48 0.435658 0.577288 0.728191 0.544383 687.262 2.21664 2.04413 1514.79
576.501 -0.548044 -0.554415 251.286 -1.16535 2.54419 823.064 0.420992 0.598928 0.817785 0.510943 621.415 2.61489 0.0707006 803.019
823.517 1.04736 0.812132 436.288 0.75972 -1.36061 1118.58 0.488246 0.553911 0.590685 0.757018 1092.78 2.90417 2.0184 1230.5
992.426 -0.311455 -2.78384 250.687 0.280077 -0.0297621 1082.69 0.301277 0.480866 0.805485 0.807772 1102.95 0.5605 0.590262 1256.53
1100.14 -0.319871 0.809267 869.751 0.381089 2.82938 1813.62 0.429293 0.244707 0.705829 0.840353 1743.75 -1.51711 1.9367 1963.13
703.111 -0.159502 -1.31257 514.304 -0.188254 1.25428 1162 0.706956 0.498406 0.742217 0.77907 710.321 2.56628 1.31199 1260.6
592.98 -1.04384 3.06056 431.056 -0.625384 0.779245 959.296 0.302942 0.570252 0.82466 0.753977 1061.24 -1.64883 1.5738 1178.4
478.319 0.463019 1.32863 323.508 -0.951135 -0.964468 953.791 0.155649 0.410846 0.68016 0.505623 1114.56 -3.01736 1.93719 829.249
749.847 0.0728607 -0.317369 288.782 0.242342 -2.17079 770.031 0.701194 0.594928 0.691066 0.870659 1578.34 2.50259 1.60981 1110.84
1048.36 -0.13644 0.199537 413.615 -0.294267 -2.93786 1339.11 0.4466 0.263791 0.568083 0.639458 839.865 -2.68923 0.248632 1575.35
414.746 0.983121 -3.09521 253.739 -0.0421185 1.08537 675.712 0.608176 0.524246 0.752799 0.774067 1132.62 -0.892852 1.97822 830.144
662.606 0.144896 2.82981 508.865 -1.16261 -0.0473485 1433.63 0.795895 0.628271 0.673886 0.618899 1190.13 -1.43338 1.38604 1543.18
885.927 0.564249 0.708119 617.438 0.384187 -2.66767 1528.51 0.511987 0.179751 0.506055 0.645014 856.588 -1.58685 1.08082 1584.91
898.605 -0.998517 -0.0666585 576.204 0.581413 1.34965 1582.26 0.186725 0.228659 0.614926 0.703882 988.748 2.95387 1.60422 1787.84
609.642 0.919124 -0.965507 299.258 -0.250855 1.97775 1040.44 0.394141 0.357247 0.82379 0.674012 487.03 2.77977 0.802014 886.643
545.701 0.347269 0.88389 413.778 -0.057592 -2.65461 963.994 0.643621 0.401453 0.799509 0.718948 1218 -1.60976 1.04485 1015.07
903.872 0.362953 -2.38307 271.319 0.049779 0.861679 1026.21 0.179278 0.515184 0.769992 0.62363 1979.26 0.837364 0.0243145 1277.53
911.261 -0.770264 -1.17059 633.919 -0.347072 2.82083 1435.8 0.455821 0.582484 0.818992 0.65915 775.836 -2.76656 0.695797 1957.35
1576.33 0.0355645 0.014493 435.401 1.75457 2.28191 2212.53 0.777703 0.230523 0.794478 0.843426 1533.12 -2.85732 1.14396 2096.49
802.41 0.800992 1.8495 568.835 -0.134021 -1.4866 1515.1 0.763608 0.410161 0.812678 0.728146 183.973 3.10192 1.25242 1462.01
691.299 -0.632635 2.83846 368.698 0.0155164 -0.492821 1101.13 0.143691 0.333968 0.681536 0.643942 1159.84 2.11299 0.725471 1038.92
519.449 0.552468 2.18003 387.766 -1.06756 -2.50791 1067.22 0.466632 0.577736 0.609174 0.808816 1909.17 -0.832472 1.67544 1023.02
699.102 -0.343961 -0.447944 414.263 -0.365248 1.77695 975.756 0.477193 0.716981 0.609062 0.8196 1391.79 -2.20257 1.75462 1476.85
409.547 -0.0242723 2.92101 405.479 -1.09588 -0.957993 899.934 0.609073 0.5148 0.817547 0.662198 945.458 -2.48176 0.880416 1084.11
472.381 -0.140096 -1.21161 326.852 -0.390803 -0.129801 447.761 0.600334 0.685036 0.829633 0.727009 992.168 2.56555 2.50602 877.786
795.004 0.0655224 0.357018 549.066 -0.345088 -2.93179 1353.82 0.724123 0.804299 0.814907 0.659889 525.26 2.30481 1.04658 1797.41
1073.47 -0.687058 2.00672 250.911 0.0901482 -2.09857 1019.23 0.740083 0.701033 0.690663 0.816997 892.732 -1.11006 0.988516 1402.91
426.82 -0.650882 2.55061 266.524 1.1193 -1.31226 932.957 0.42723 0.726026 0.651845 0.85418 1178.27 0.124126 1.43638 893.421
1343.25 -0.150702 1.34087 901.46 0.183906 -2.28663 2189.91 0.646655 0.318037 0.791521 0.37462 1163 -0.42527 1.76614 2212.44
755.811 0.226957 -0.897229 358.432 0.465686 2.26485 1150.62 0.329286 0.520078 0.583426 0.838433 1777.02 2.40984 0.14499 1273.23
625.968 -0.270821 -1.77653 333.209 0.176375 1.36108 966.229 0.797571 0.143679 0.734671 0.60063 166.317 2.23003 0.868949 951.959
782.968 -0.395258 0.947866 367.765 -1.09168 1.91503 636.95 0.799509 0.557735 0.800615 0.824602 1874.32 -2.02804 2.34011 1449.59
541.479 0.174235 -0.811358 336.655 -0.00191813 2.74046 869.015 0.359462 0.529128 0.546119 0.804897 1405.38 1.83897 0.901495 1174.48
1059.39 1.41169 -1.36526 438.618 -0.203994 2.21047 1822.99 0.656993 0.762868 0.835838 0.713117 538.727 0.337251 1.70251 1519.32
746.295 -0.261955 -1.77366 373.041 -0.385562 0.160836 884.174 0.742915 0.792324 0.765416 0.717831 1387.75 1.64977 1.48894 1273.01
497.224 -0.345262 -0.834459 305.595 1.35905 -2.69339 982.782 0.47756 0.830649 0.653307 0.713074 641.576 0.729541 1.564 957.874
427.572 -0.708592 -0.536442 404.949 0.248841 -3.00443 922.006 0.04826 0.560373 0.657243 0.487389 342.374 -0.0834477 0.452994 1001.93
814.199 0.496039 -2.82787 367.992 -0.199075 -0.417838 1107.81 0.661737 0.754809 0.77707 0.685464 1187.72 0.637528 1.05537 1272.02
521.826 -1.22915 -1.13311 421.773 -1.11068 0.999485 842.777 0.605711 0.660294 0.679353 0.767201 730.205 -3.01662 1.88351 1210.39
1422.24 0.473291 -2.58491 1145.97 -0.566796 0.452917 2909.7 0.184877 0.562983 0.806689 0.682395 48.4959 1.62804 1.17513 2671.49
566.978 0.877701 0.777421 299.487 -0.467108 -3.11404 977.768 0.721515 0.729733 0.736384 0.754604 824.538 -1.57219 1.54185 1026.72
587.373 0.237714 1.46342 518.69 1.20204 -2.19661 1214.09 0.513278 0.762744 0.512848 0.834749 458.984 -0.0499848 1.5134 1231.8
739.612 -0.169318 -2.12664 680.268 -0.209965 1.73961 1435 0.0560405 0.735255 0.842114 0.777776 150.836 -1.89742 0.229223 1593.73
390.321 0.529866 1.43776 285.755 0.0648085 -2.13774 691.887 0.473369 0.596166 0.710224 0.694021 394.444 0.40549 1.03227 650.904
296.702 -0.0960602 -2.17296 266.95 1.40595 0.0598882 693.502 0.520154 0.705049 0.724402 0.668971 857.369 1.95593 1.89604 662.811
511.989 -0.0407761 1.86428 457.387 0.144905 -0.537623 923.914 0.724764 0.327669 0.747986 0.773579 791.309 -0.00327324 0.534349 1642.65
654.408 -0.323284 1.83387 642.666 0.367214 -2.7322 1177.51 0.41424 0.733694 0.727984 0.776091 790.03 -1.41104 1.32115 1811.65
448.346 -0.335536 0.668686 316.25 -0.104812 -3.02567 740.555 0.511452 0.431327 0.799859 0.736166 558.534 -0.95105 1.61974 839.377
364.776 1.51628 -1.46098 314.218 0.567909 1.67832 774.573 0.58193 0.708966 0.788308 0.80507 387.096 -1.31004 0.150943 906.006
634.304 0.0336072 -0.143516 485.807 0.0329848 2.01725 996.507 0.425667 0.65642 0.743449 0.715788 2009.56 2.80075 0.783504 1321.13
494.953 1.06448 2.23161 461.959 -0.833725 0.104557 1354.42 0.449266 0.625635 0.758382 0.58231 595.302 -1.68149 1.78605 966.53
383.568 -0.791325 3.0702 256.417 -0.210048 -0.423704 654.556 0.222956 0.343959 0.524673 0.73103 807.855 0.229799 0.653504 653.592
586.67 -0.604708 -0.707753 377.325 0.114361 1.86713 1000.59 0.553393 0.723422 0.578612 0.838158 678.603 -2.27191 1.56415 910.831
1154.71 0.889389 -1.22801 643.769 -0.120746 1.13336 1873.68 0.787192 0.349006 0.838772 0.83352 435.017 -3.07892 1.85091 2090.82
1706.54 0.444105 1.18124 492.696 0.790808 -1.75906 1882.18 0.749596 0.309932 0.758261 0.644104 1029.12 -1.83667 0.0776166 2346.81
505.365 -0.198802 2.19516 342.187 0.487987 0.660351 662.543 0.633698 0.668493 0.393071 0.768088 453.135 -1.10785 1.7682 1187.72
1159.43 0.7655 -1.42929 761.36 0.666719 1.90616 1902.71 0.81675 0.186255 0.840996 0.559108 854.883 1.13849 0.767672 2018.35
1317.34 0.454133 0.126424 565.451 0.339874 -2.8906 1734.52 0.433165 0.553605 0.580637 0.487195 566.365 2.88241 0.510171 2006.56
466.186 1.1629 -2.86182 306.556 -0.632501 1.4162 1012.5 0.76422 0.600776 0.759867 0.787366 1062.48 -2.26971 0.592111 1005.4
744.558 -0.156631 -1.7793 522.15 0.719511 1.6993 1371.82 0.378267 0.537772 0.831665 0.594561 557.292 -1.19203 0.58727 1265.9
782.677 0.303176 -0.778137 344.333 -1.94637 1.37272 1705.11 0.587278 0.666688 0.655178 0.571083 826.247 2.00017 0.627453 1497.82
743.27 0.476802 1.30254 399.049 -0.268522 2.26034 664.807 0.777787 0.275157 0.799626 0.581603 2268.81 -1.34263 2.64517 1218.91
740.855 -0.711159 1.84682 606.534 -0.12738 -1.6167 1406.37 0.693338 0.211258 0.677769 0.755355 1334.19 1.33305 0.51377 1351.46
535.396 -0.272073 -2.39574 523.016 -0.347915 1.8851 907.097 0.605253 0.562246 0.693415 0.771029 877.704 -0.592499 1.80324 1388.04
1016.13 -0.398791 -1.96439 824.801 0.276359 0.335461 1800.66 0.690816 0.0846742 0.729536 0.804408 322.925 -2.83491 0.870519 2101.56
404.782 -0.524009 -0.315214 393.435 0.762552 -2.54735 910.938 0.517101 0.772513 0.463055 0.786223 1314.71 2.36312 1.37272 846.235
796.451 0.295502 -2.47496 554.386 -0.132961 1.32132 1315.05 0.604462 0.522134 0.781208 0.475086 1025.54 -0.239095 1.56041 1402.91
888.747 0.948975 0.511139 538.347 1.05687 2.14657 1065.49 0.485274 0.650618 0.521148 0.495505 1186.1 -2.13004 2.00657 1605
902.275 -0.173316 0.342679 601.537 0.501203 -2.67261 1606.72 0.526788 0.418351 0.318055 0.570936 808.109 -3.00533 0.332716 1845.06
428.924 -1.61734 2.85766 309.484 1.03017 -0.343363 1474.67 0.596744 0.745989 0.798437 0.828072 160.181 3.1305 0.272838 835.289
582.159 -0.692564 3.05198 450.274 1.07574 0.71563 1399.22 0.271992 0.748132 0.768333 0.719639 1058.77 -1.83432 1.39688 1206.56
679.692 -1.1453 0.648373 358.691 -1.17556 -2.51635 1004.51 0.455981 0.798795 0.890106 0.775578 885.887 -0.0445138 0.692887 1256.55
623.148 -0.131467 0.687151 525.157 -1.42857 1.1703 856.036 0.807431 0.775019 0.793243 0.7975 1020.48 -1.9096 2.59675 1672.79
370.85 1.00565 1.30834 288.576 -1.40622 -0.300498 1106.37 0.695755 0.451867 0.842965 0.815414 200.407 -3.07232 1.90252 838.796
1205.95 -0.293713 1.23246 806.195 -0.113085 -2.44458 1948.23 0.798407 0.313903 0.748019 0.358944 1392.97 -1.47099 0.97359 2054.59
667.131 0.342062 2.22715 551.71 0.669558 -0.866611 1247.31 0.658724 0.664573 0.762111 0.569252 215.285 -1.4614 0.594788 1190.53
499.601 1.14083 -0.0204108 480.5 -0.362232 -0.0262486 831.002 0.142745 0.4865 0.683693 0.710986 1639.35 3.04726 3.06767 1054.25
808.745 -0.36706 -1.15068 484.741 -1.27352 1.99299 1391 0.778531 0.727106 0.727093 0.849051 312.852 1.34188 0.651112 1939.31
896.88 -0.295855 -2.00001 467.016 0.600047 1.08685 1444.36 0.471848 0.319363 0.63178 0.419421 732.744 1.25543 0.168576 1417.76
670.96 -0.252791 0.932058 341.747 0.0199058 -1.27059 896.808 0.805983 0.315095 0.839931 0.839127 886.729 -2.45246 1.18187 998.652
434.182 0.646242 -0.380248 273.27 0.050302 1.14228 547.683 0.755715 0.67675 0.737949 0.66935 1317.77 -2.79437 2.34653 953.393
598.156 0.666091 -1.28166 282.009 -0.151387 -2.97625 721.009 0.476344 0.713082 0.541945 0.733168 769.643 0.271898 1.55355 906.481
1524.81 0.822697 -2.28704 310.873 0.730282 -0.0139719 1271.49 0.624929 0.424417 0.789236 0.828917 1403.36 0.553673 0.567645 2069.03
761.109 0.183434 2.98603 488.607 0.0744874 -2.28148 605.831 0.761637 0.543416 0.537915 0.721987 2040.1 0.308562 2.59004 1497.51
746.135 -0.171138 -1.9395 683.909 1.30372 2.98123 1476.17 0.640556 0.777962 0.804504 0.68503 2287.36 0.533165 2.44807 1480.61
617.007 -1.09135 -0.644542 565.257 0.169699 1.33956 1278.9 0.669285 0.250186 0.799949 0.703634 435.967 -3.0139 1.92973 1342.09
386.537 0.0941655 2.14656 315.286 -0.803933 -2.28812 658.022 0.180362 0.519072 0.826215 0.777207 689.777 -1.11368 1.17444 780.017
522.513 0.0865482 -1.20346 257.755 -0.438196 2.66328 728.994 0.520326 0.638672 0.460778 0.758677 907.854 1.57051 1.09277 780.559
1462.31 0.92053 -1.11404 427.749 -1.22384 2.92003 2492.76 0.765082 0.40667 0.743157 0.771443 1571.47 1.77425 1.14578 2350.8
684.619 -0.0365702 0.980418 378.659 0.48563 -1.40802 1051.04 0.435083 0.71059 0.640144 0.673924 915.794 2.71722 1.7368 1137.26
345.649 -0.1665 -0.844009 281.826 -0.350738 2.84409 617.991 0.767286 0.639497 0.7488 0.675898 499.061 1.42371 1.42037 673.925
738.303 -0.0174335 -2.62967 352.91 -1.80047 -2.67582 1049.03 0.621921 0.617164 0.712837 0.820768 1652.18 0.562529 3.04483 1334.13
936.094 -0.373225 -1.62318 624.671 0.868655 2.05759 1800.08 0.736687 0.515078 0.830229 0.711678 27.4309 -2.77617 1.153 1866.67
920.438 1.12565 -2.52418 701.934 0.0531662 2.11109 1497.25 0.755264 0.659705 0.747904 0.847971 1246.01 0.0537954 2.05729 1818.52
1572.59 -0.0138895 -2.83494 825.772 -0.486108 0.989525 2261.12 0.57171 0.256001 0.821417 0.59941 1444.4 -0.460922 1.45045 2382.62
357.911 0.0706224 1.12971 324.126 -1.15159 -0.832234 732.745 0.64397 0.42273 0.748638 0.768469 120.514 0.0688768 0.90111 879.04
1051.37 0.360939 -0.587174 370.875 -0.421529 2.33075 1362.69 0.717066 0.825444 0.587605 0.836451 533.017 -1.23028 0.643111 1383.73
603.536 -1.01557 -3.04094 365.031 -0.566462 -0.0776018 971.952 0.298944 0.666781 0.654045 0.79162 826.052 -0.874422 0.79682 995.332
804.008 0.397321 -0.984893 491.929 0.423689 3.04412 1171.53 0.561691 0.747198 0.435793 0.749329 1028.08 1.8169 1.22722 1448.01
470.007 0.439318 0.291688 435.272 0.651644 2.65383 872.115 0.709475 0.423467 0.791114 0.738373 1090.09 -2.98847 0.640885 1096.38
328.321 -0.375939 -1.64932 282.771 0.170219 1.23288 637.434 0.78588 0.429895 0.668923 0.55174 343.448 2.35646 1.12358 616.544
997.957 0.859386 1.81907 513.163 0.281369 -0.100659 1270.84 0.539089 0.481547 0.809315 0.792094 597.931 -0.655623 0.554965 1586.85
621.446 0.841507 -0.379351 488.856 0.659687 2.60486 1151.23 0.768654 0.37912 0.800732 0.806787 221.613 -2.8824 0.795929 1104.29
875.795 0.0382675 -1.23273 594.104 -0.6561 1.16177 1446.75 0.725279 0.360443 0.730507 0.731687 217.725 3.06945 1.90767 1766.3
832.388 -0.215196 2.67943 795.826 0.409654 -0.778216 1699.54 0.766573 0.753874 0.725716 0.756324 258.707 0.0965173 0.874734 2130.72
317.703 -0.689068 -3.12163 252.524 1.28307 1.93935 743.589 0.72057 0.738105 0.761838 0.649705 1281.91 -0.835635 2.286 725.582
603.131 0.739986 -2.3169 429.769 0.430837 0.242098 995.112 0.751294 0.614037 0.826075 0.696159 756.932 -2.9577 0.640804 1321.64
1563.27 0.00110083 0.0314497 291.425 0.608314 -2.78635 1412.27 0.653395 0.639888 0.804998 0.723727 1141.84 -2.69147 0.0948782 2075.92
1380.98 0.327244 0.27179 558.227 0.26228 -2.92674 1767.84 0.564019 0.232983 0.687737 0.716633 1092.4 0.26223 0.00955945 1981.16
374.188 0.715447 1.45262 283.225 0.996929 -1.14918 645.703 0.542539 0.370096 0.784695 0.727299 303.462 -1.71882 0.569639 749.478
518.507 -0.192014 1.40088 384.125 -1.12814 3.13601 864.934 0.233731 0.664977 0.454224 0.762655 1624.03 -1.48481 1.66237 967.027
504.735 -0.307364 0.928123 315.156 1.0699 -2.19433 1002.17 0.724848 0.537791 0.747515 0.691273 1365.82 3.06925 1.0196 996.611
637.511 -0.415674 0.760172 559.801 -1.14408 -1.53615 1190.87 0.670505 0.549547 0.681152 0.896973 1093.67 -1.40351 0.132633 1675.79
406.596 -0.233632 2.64771 333.829 1.55246 -1.19898 1028.14 0.27344 0.752801 0.829277 0.705896 1363.86 1.69312 0.95459 878.723
1027.7 0.124613 2.9779 656.808 -0.630069 -0.921376 1674.85 0.381525 0.395412 0.606002 0.366639 544.784 -0.418501 0.502875 2498.07
671.349 -1.50568 -2.72474 420.239 -0.314536 1.19714 1230.17 0.633183 0.23449 0.795051 0.607637 400.715 0.391529 0.805614 1180.61
682.508 -0.591293 -1.80079 435.177 0.406211 0.517127 1172.95 0.791375 0.415939 0.791252 0.745078 1560.73 -3.05582 1.25503 1297.25
1287.72 -0.115573 -0.640502 331.526 -0.715555 1.26108 1150.35 0.130564 0.236179 0.647704 0.500562 1938.97 3.07737 1.8163 1674.81
1173.7 0.150272 1.06307 345.51 1.39392 -2.50165 1549.72 0.740061 0.364239 0.764978 0.361558 1561.42 -2.36936 0.132295 1781.75
476.191 -1.20972 0.961944 390.987 0.411271 -2.619 1169.59 0.194784 0.591075 0.779604 0.807219 470.237 0.639651 0.322292 1244.4
843.58 -0.528305 -2.5231 731.536 0.475292 1.71736 1615.22 0.47562 0.659155 0.252661 0.669141 2381 -0.945243 1.57786 1638.51
823.572 0.0127989 -0.457523 573.446 -0.577919 -2.16522 1126.72 0.79429 0.769013 0.763979 0.572639 837.35 -0.653822 0.196299 1959.72
1053.68 -0.0133348 2.67516 857.627 0.181881 -1.36372 1741.34 0.696158 0.514292 0.654084 0.73399 1162.73 0.586284 1.95 1947.27
784.106 0.204628 -2.92578 677.666 1.59049 0.498857 1837.37 0.725506 0.154188 0.550003 0.84461 533.096 -0.406118 0.904975 1526.14
624.232 -0.144144 1.44867 448.069 -0.196541 -1.49509 1058.94 0.75337 0.58164 0.789967 0.726756 578.83 -1.89366 0.398564 1078.65
824.977 -1.20536 1.07986 379.387 0.595966 -0.61575 1477.45 0.697622 0.499036 0.858421 0.504605 1786.07 -3.02692 2.1764 1400.65
876.51 0.110237 -1.84788 607.141 0.265836 0.69385 1413.24 0.4677 0.617386 0.604199 0.697978 1699.84 0.847008 0.153158 2004.44
656.551 -0.319612 1.38582 366.773 0.532682 -2.4799 1020.68 0.704111 0.31127 0.680074 0.778565 1338.61 -1.26093 1.21897 1058.72
511.134 -0.351412 1.61562 346.966 -0.44241 -1.34969 875.522 0.554032 0.359786 0.573666 0.774847 784.916 -1.57986 0.230165 890.173
383.956 0.21087 3.02999 289.345 0.46134 -1.14358 625.303 0.338169 0.3215 0.685092 0.60897 810.249 0.556676 1.70025 684.242
578.811 -0.0190343 -2.88273 459.871 -0.53474 0.419021 1089.58 0.33356 0.433838 0.777444 0.777923 675.268 0.840273 0.421252 1078.56
644.93 -0.0794644 2.5287 601.975 -0.637795 -2.90396 666.431 0.668836 0.536156 0.746089 0.770373 2266.59 0.288726 2.23998 1543.74
832.688 -0.143278 -2.52538 392.895 1.0096 1.53266 1255.3 0.754753 0.67806 0.779968 0.815731 971.833 -0.249213 1.78188 1294.11
533.572 -0.000749079 -0.418275 440.527 -0.941438 1.48403 968.819 0.555379 0.766822 0.589404 0.745833 1672.19 3.01235 1.52832 993.919
1227.79 0.874168 -1.20577 902.876 -0.104757 1.00974 2174.67 0.542124 0.756928 0.745892 0.772691 1362.85 2.74637 1.73664 2193.68
758.305 -0.611337 -1.06918 671.018 0.706068 -2.8573 1509.37 0.672683 0.573951 0.714189 0.721554 1771.48 0.845357 1.91454 1616.32
946.71 -0.310047 -0.21305 917.178 -0.0168092 1.74173 1590.46 0.61085 0.400206 0.788856 0.880506 1504.44 -2.30483 2.09178 1879.33
606.458 0.458504 -2.84046 494.445 -0.385629 -0.864586 1080.7 0.178857 0.69893 0.601321 0.849447 2171.51 0.854084 1.71867 1617.7
816.49 0.614705 -2.91923 607.177 -0.647912 1.63816 1453.21 0.717174 0.404506 0.696537 0.844704 485.057 -0.588018 2.22618 1747.29
1562.77 -0.130615 -2.26137 438.474 1.22615 -2.61876 1258.66 0.628629 0.733788 0.631439 0.633681 2308.35 0.705799 2.95862 2080.77
620.079 -0.102692 2.07338 564.529 -1.14122 -0.234915 1301.12 0.142337 0.528561 0.720624 0.537837 1607.93 -3.01711 1.1927 1494.92
534.058 0.11762 1.17314 444.524 -0.250367 -1.43568 966.815 0.801429 0.649942 0.803435 0.730669 391.742 1.83292 0.659775 1030.43
802.122 0.97753 0.0666832 538.327 0.154461 2.46038 1444.54 0.334047 0.212723 0.501119 0.251794 1241.2 -0.571646 0.638329 1670.6
382.344 0.354091 2.25382 353.965 -0.350987 -1.1954 790.22 0.0832988 0.532186 0.731674 0.503093 161.871 0.0160156 1.21142 828.506
703.166 -0.423519 -0.713107 460.783 0.993446 3.00812 1411.73 0.632749 0.421103 0.731277 0.660639 633.992 1.00748 1.72059 1202.42
679.939 0.317147 -1.01785 540.217 -0.94633 -2.59584 1194.22 0.407269 0.692832 0.771372 0.783863 1260 1.76789 1.91945 1336.82
624.909 -0.230574 -0.432997 467.916 0.579755 2.41514 1171.54 0.682177 0.560619 0.860927 0.708055 715.823 2.94686 0.531718 1107.74
981.958 -0.80894 -1.75351 353.057 -0.625763 1.39011 1214.18 0.531672 0.680932 0.523394 0.637742 927.309 1.33439 0.0557209 1326.92
678.21 0.0860234 1.94323 532.55 -1.18975 -1.60684 1447.79 0.685035 0.733527 0.769587 0.765272 525.195 1.71569 0.227542 1692.02
1002.88 0.0498114 1.90414 780.892 0.326757 -0.775076 1770.36 0.532582 0.733394 0.800988 0.617705 1520.14 -2.0456 1.27053 1760.59
725.564 0.178024 -1.02882 725.273 0.907001 0.630211 1214 0.167925 0.673566 0.633931 0.853021 1915.33 2.47215 1.84193 1566.38
540.944 0.238483 0.306982 477.954 0.899827 -2.34179 1066.59 0.574424 0.763573 0.876361 0.808898 1211.42 2.02002 1.71304 1416.5
901.545 1.36426 -2.89439 436.639 -0.065478 1.75644 1375.12 0.411117 0.645898 0.585731 0.796695 791.488 -0.0854752 1.84192 1780.6
706.598 0.154145 -1.48919 427.084 -1.55294 2.34467 1489.59 0.65339 0.678139 0.791774 0.837062 360.124 1.44935 0.895319 1453.06
614.202 -0.087434 2.94836 443.509 0.485411 0.331905 1079.24 0.631807 0.242051 0.732742 0.63909 1036.9 -1.79313 1.54169 1079.72
1988.01 -0.175501 1.14615 794.539 0.316953 -2.29887 2666.32 0.409108 0.242253 0.272632 0.875773 816.882 -1.4447 0.854171 2780.78
1069.74 -0.0493718 1.98152 398.607 1.46459 -2.31431 1554.07 0.462306 0.82082 0.347212 0.760472 1718.67 -1.21041 1.10391 1555.93
793.343 -0.970419 0.699646 549.623 0.370817 -2.0413 1623.01 0.760875 0.654548 0.819508 0.681498 335.859 0.362245 0.337401 1826.7
527.61 1.25035 2.86962 313.491 -0.141016 1.56304 814.891 0.793954 0.152178 0.74725 0.779215 1519.53 -1.65925 1.75432 1031.9
508.609 -1.01242 -2.64461 277.513 0.637611 -1.19996 876.212 0.159556 0.427426 0.851259 0.677975 1465.82 1.02853 2.22849 852.268
665.001 0.214089 -1.93022 399.453 -1.37417 0.409294 1337.52 0.723049 0.66386 0.533715 0.752563 1176.91 1.94726 1.53797 1245.51
694.492 -0.509944 0.136126 380.587 0.404602 -3.02517 1159.73 0.393736 0.456449 0.57449 0.699413 988.845 -2.80268 0.222485 1131.88
1062.27 0.680691 -1.50619 267.675 -1.44493 1.83611 1738.49 0.502336 0.240632 0.619504 0.724506 649.859 0.914337 0.921774 1352.21
371.266 -0.054566 0.23505 330.869 0.571234 -1.86681 666.801 0.533662 0.625054 0.568083 0.805222 730.462 1.81205 1.577 932.137
521.683 0.102142 0.90829 450.503 -0.724521 -1.24325 952.933 0.834822 0.647323 0.680078 0.75551 486.745 -2.60175 1.3585 1349.87
566.579 0.384153 -1.17379 517.26 0.439012 0.835349 945.208 0.340831 0.434891 0.748894 0.845054 618.947 -2.64628 1.47249 1349.65
573.79 -0.543771 2.65637 377.531 0.0188819 0.739984 820.149 0.828667 0.691969 0.781013 0.73896 820.609 -1.24606 1.98605 1057.45
1010.22 -0.19551 -1.72638 890.135 -0.595941 2.31341 1777.07 0.620291 0.45079 0.727954 0.701798 684.261 1.58976 0.723648 2136.75
509.965 -1.28793 -2.67597 340.825 0.632756 3.10936 979.466 0.560368 0.604178 0.531981 0.73154 809.572 -0.155928 2.52004 970.004
671.735 -0.223476 3.0015 463.819 1.18706 -0.685795 1386.44 0.682989 0.572991 0.78062 0.852991 750.289 0.525681 1.21148 1095.86
1251.86 0.0149316 0.192258 304.252 0.85133 -1.89652 1210.1 0.566554 0.795227 0.585376 0.748043 1619.62 3.1176 1.26906 1588.17
517.887 -0.599492 0.991041 251.613 -0.0513427 -2.61668 743.443 0.688676 0.31052 0.736928 0.734553 1546.93 -2.00923 0.607454 812.722
1188.14 0.358531 -2.24309 502.209 -0.193134 1.59047 1551.56 0.614878 0.132097 0.659731 0.613367 606.5 0.315415 1.27506 1932.07
863.62 0.121346 1.44709 658.611 0.130979 -0.571908 1300.65 0.704774 0.374976 0.775964 0.557433 1697.3 -2.36081 1.7889 1494.6
1434.31 -0.299016 0.691229 604.269 0.721786 -3.09327 2089.44 0.0303326 0.165799 0.828644 0.866753 1122.58 -1.18729 1.87852 2169.62
638.153 -0.412492 0.775351 425.569 -0.6084 -3.02274 1036.28 0.665607 0.12106 0.505283 0.323667 823.328 -1.55339 1.46935 1202.19
1009.07 0.34414 -2.78732 481.379 0.348104 -0.386851 1306.67 0.844356 0.773071 0.713146 0.708496 957.66 1.46723 1.85408 1786.35
544.358 -0.820228 -1.02814 284.077 0.313213 2.99142 861.95 0.518981 0.701354 0.753963 0.746491 578.079 -0.148217 0.879923 1064.05
266.808 1.86007 -1.26646 261.465 0.0848106 3.0771 697.3 0.525695 0.454375 0.767306 0.804917 212.16 2.28423 0.792873 709.739
954.929 0.0757369 2.81213 865.152 -1.03812 1.43884 1598.3 0.684514 0.087849 0.797156 0.406418 1929.88 -0.936897 2.37574 1997.55
280.34 -0.673875 -2.89939 260.657 -1.66442 2.93187 322.542 0.681755 0.780887 0.716215 0.778084 977.123 -0.216853 2.68254 872.422
1385.62 -0.786784 -1.54019 352.417 -0.639674 1.25278 1388 0.836506 0.244094 0.712197 0.67818 804.613 1.74741 0.494628 1762.05
725.752 -0.332575 -1.05308 393.145 0.733187 2.5276 1212.59 0.725502 0.469777 0.707181 0.670918 898.777 0.0289606 1.08204 1295.8
673.916 -0.0352539 -0.342665 429.573 1.38564 -2.5849 1298.25 0.404417 0.34996 0.487564 0.859814 1276.62 2.20888 1.48941 1241.51
648.341 0.0839732 -2.57539 511.361 -0.249921 0.804555 1198.11 0.110071 0.711918 0.796688 0.774938 197.654 -2.88766 0.312265 1602.43
503.503 -2.39873 -0.483584 332.475 1.67985 -1.97766 3148.03 0.360567 0.458039 0.617377 0.8418 808.745 1.98175 2.32378 883.079
862.994 -0.641033 1.98193 632.996 1.05412 -1.60064 2029.92 0.535074 0.602265 0.581836 0.808698 537.851 0.132397 1.73304 1533.37
579.702 0.562803 -0.45671 486.833 0.37109 1.89949 1001.85 0.662094 0.666896 0.809943 0.819357 1367.85 -0.684814 0.228104 1429.26
1258 0.51237 -0.439122 505.026 -0.29158 2.68048 1751.42 0.309365 0.520522 0.495045 0.556319 41.2953 2.10921 0.57127 1726.17
944.178 0.0342014 2.68946 584.384 -1.19749 -0.324711 1783.38 0.777566 0.53018 0.840742 0.829074 543.875 -0.71437 0.389659 1612.37
672.647 0.131893 1.93974 263.487 -1.1803 -0.925622 1027.49 0.653614 0.459609 0.610655 0.795519 327.605 -1.68789 0.762268 1010.84
974.803 0.255676 2.80611 340.696 1.08702 -2.23554 859.144 0.407269 0.289481 0.648337 0.610529 1737.17 -0.0682172 2.16732 1400.05
741.856 0.798996 -1.02556 345.715 -0.669139 -2.73261 1137.06 0.174671 0.612537 0.758862 0.565066 1312.02 2.11139 1.43918 1296.73
864.818 -0.0468128 0.213127 612.957 0.479805 -2.32387 1460.7 0.32152 0.504657 0.794705 0.507588 1306.23 2.18364 1.77567 1447.02
400.495 -0.840869 -2.95029 354.782 -0.568847 -1.68179 475.86 0.751115 0.678047 0.726361 0.845108 713.336 0.468129 2.14992 1044.67
1103.57 0.789997 2.16544 638.166 -0.466064 -0.876161 2023.04 0.56998 0.433875 0.780721 0.465081 335.635 1.60276 0.562675 1902.75
795.348 0.265055 0.125182 558.877 -1.17918 2.36895 1608.83 0.788677 0.606594 0.757687 0.572938 2202.84 -2.67544 1.23879 1324.65
690.135 0.65021 1.06857 336.41 -0.552144 -0.584526 965.773 0.570968 0.342629 0.352561 0.826013 989.427 -2.423 1.83847 1197.58
467.887 0.84037 1.2732 341.294 0.348953 -2.06652 883.307 0.10924 0.383265 0.768885 0.711407 775.824 1.30301 0.0298036 910.858
568.142 0.304756 -0.402158 525.433 0.907028 1.65478 1007.55 0.523451 0.256145 0.575555 0.50322 1649.35 -3.07602 1.55239 1093.16
419.967 0.523654 -2.03823 358.579 0.647032 1.79239 746.831 0.443636 0.693795 0.800752 0.785102 1285.04 -0.590947 1.44728 768.504
1650.12 -0.137516 -2.97039 910.468 0.61134 -0.473512 2517.04 0.590353 0.366475 0.846917 0.602915 806.022 1.89826 1.41454 2766.3
1037.32 0.811748 1.66402 713.191 -0.112134 -1.30587 1968.88 0.332333 0.389481 0.338704 0.705662 271.441 -3.02908 1.59009 1768.11
435.585 1.21747 2.69967 349.319 0.235378 0.206158 877.851 0.287364 0.64247 0.91893 0.78191 641.709 -0.809028 1.01519 909.152
905.136 -0.791983 1.995 644.435 0.843492 -1.77394 2017.65 0.741978 0.44019 0.744926 0.735255 2022.76 -0.925075 0.848863 1653.07
777.924 0.992262 -0.167398 654.546 0.650768 2.40641 1446.54 0.399777 0.64356 0.657496 0.651166 320.97 -1.95718 1.78979 1792.26
475.077 0.362736 -1.03269 467.959 0.0358936 -2.65395 728.802 0.724112 0.668195 0.830291 0.781982 1527.33 1.49698 2.13226 1021.35
778.318 -0.0566438 2.48429 498.912 0.979904 -0.241698 1410.45 0.286288 0.73623 0.706871 0.794932 2240.27 -1.11565 0.873952 1533.96
494.36 0.551608 2.78471 397.351 -1.09539 -0.0112885 1205.56 0.683556 0.707939 0.573169 0.721468 279.482 2.30867 0.476045 1197.04
356.03 -0.390833 -0.317317 304.889 -0.641506 2.1248 631.416 0.595319 0.446482 0.86178 0.723585 109.257 1.45634 0.668466 1122.77
297.888 -1.59266 2.63997 282.478 -0.444283 -0.680575 691.077 0.652222 0.741068 0.683878 0.817307 1061.65 1.89885 0.741119 743.278
659.406 -0.726864 0.316119 456.603 -0.208667 -1.61588 1008.24 0.304463 0.330465 0.698169 0.666352 1568.6 2.66968 1.99763 1168.25
1371.59 -0.714395 0.413143 523.368 0.182568 -1.69294 1694.79 0.741208 0.377714 0.716878 0.684621 1387.71 2.38519 1.97205 1975.77
1174.52 -0.0877858 2.22202 991.396 0.390687 -0.524227 2202.37 0.577977 0.392221 0.808176 0.792029 630.517 -2.56993 1.49124 2149.09
557.037 -0.274542 -2.89462 498.796 0.685889 -0.180924 1168.65 0.685313 0.357509 0.729871 0.901409 534.413 1.06733 1.24825 1078.68
1008.43 -0.474445 -0.403637 967.823 0.496894 2.55679 2213.86 0.700682 0.760829 0.717114 0.784819 707.087 1.27284 1.28395 2300.97
629.272 -0.456549 0.559786 371.534 0.806892 -2.03236 1205.82 0.461767 0.721736 0.509989 0.653224 1285.82 -2.75301 0.720655 1131.54
603.916 0.286864 -2.40773 355.208 0.00115011 1.12941 961.109 0.483045 0.245881 0.725478 0.805627 1009.33 -0.843805 1.56393 1300.94
895.512 -0.258328 -0.279222 527.359 0.77637 -2.20143 1365.47 0.69527 0.762959 0.614044 0.736835 805.822 2.33445 1.74731 1483.63
567.914 0.123418 -0.896842 396.477 -0.386167 -2.83489 830.938 0.266143 0.414431 0.816174 0.780657 696.202 2.52661 0.92169 1274.64
669.789 0.634271 2.16654 268.124 -0.301334 -2.26786 849.103 0.293517 0.699675 0.703748 0.752467 320.528 -0.350651 1.91721 1039.14
1149.01 -0.970332 -0.615352 327.964 -0.653586 2.67795 1291.85 0.0854576 0.777824 0.76367 0.654611 1721.43 2.56665 0.111296 1515.87
1200.67 -0.377575 -1.42804 395.688 0.469143 2.25886 1478.71 0.570934 0.148141 0.72829 0.76551 950.255 0.997902 1.26096 1913.01
558.334 0.33218 1.66507 453.465 -0.314128 2.97994 708.087 0.620941 0.677196 0.732236 0.753068 2215.55 -1.19929 2.10395 1044.66
867.134 0.0242677 -0.019306 591.74 0.515929 -2.86196 1526.52 0.508616 0.495434 0.716265 0.431891 896.876 2.67258 0.748646 1447.65
1092.14 -0.780968 2.25129 1037.47 -0.819961 -0.433388 2083.24 0.744622 0.741503 0.659587 0.785551 896.426 -1.9983 1.56491 2210.83
736.73 -0.861349 -1.61399 401.005 0.800772 -1.13098 1054.74 0.716933 0.271564 0.740231 0.808013 597.855 -0.127031 1.00395 1406.44
1897.03 -0.000223781 -0.970875 265.12 -0.665696 -2.82133 1244.75 0.75448 0.304454 0.695974 0.613454 1098.84 1.55058 1.91128 2549.17
824.301 0.289485 3.01017 250.401 0.763422 -1.63219 711.369 0.369583 0.651307 0.785019 0.705156 2192.47 0.149912 1.7821 1073.98
1337.09 0.399739 1.66132 386.209 0.495623 -0.434408 1276.48 0.439148 0.51353 0.731506 0.780563 2362.92 -1.88508 1.45068 1808.61
491.825 -0.482468 0.70195 440.286 2.35403 0.0151478 1872.88 0.306173 0.797739 0.785055 0.779527 1737.26 -2.76339 2.77854 1152.26
1148.64 0.388822 -1.33185 460.243 0.153793 1.36373 1447.65 0.696717 0.584787 0.684426 0.467338 1274.05 1.63422 0.270489 1936.03
454.935 0.822029 -0.382278 368.509 0.20729 -3.02954 841.963 0.692823 0.342583 0.78383 0.364183 697.941 2.87474 0.378908 962.763
1120.9 -0.405027 2.5573 318.537 0.444209 -2.58435 878.35 0.155191 0.629292 0.812174 0.444436 2373.76 -0.189052 2.3953 1510.66
387.364 1.00819 2.22613 378.149 0.805876 0.0994741 692.594 0.608257 0.762435 0.826769 0.804701 650.841 -2.38939 1.66767 1095.04
880.456 0.508861 -1.89361 455.418 0.608298 2.09101 1197.87 0.490075 0.82049 0.481698 0.719387 1118.45 0.998946 1.09207 1421.5
622.542 0.478805 3.09096 271.722 1.46888 -1.6483 723.522 0.417164 0.667637 0.404221 0.535468 1140.99 0.296213 1.94451 1000.26
401.608 0.0349621 -0.752353 257.853 -0.0890739 2.24273 676.706 0.376025 0.344645 0.636616 0.365961 854.566 2.12426 0.118472 677.555
922.379 0.380514 -0.226356 695.185 0.32408 2.67572 1602.36 0.467872 0.621645 0.657478 0.736536 318.201 -2.01549 1.59197 1662.01
771.547 0.346877 -0.0923142 586.497 0.0408191 1.22249 858.162 0.73952 0.274966 0.799356 0.618945 1161.84 -2.697 2.36369 1809.56
667.129 -0.389781 -2.66728 600.799 -0.383783 1.40598 1154.74 0.657698 0.603862 0.699613 0.825986 1432.43 2.06664 0.66065 1448
679.419 -0.45645 2.31662 278.501 1.63756 -0.802685 1409.47 0.561074 0.257371 0.547655 0.732377 880.865 -0.831205 0.0285191 930.054
504.932 -0.0460121 -2.20886 463.134 -0.0861856 2.9114 609.815 0.65516 0.427633 0.83614 0.694794 1373.79 0.0655699 2.27443 1022.77
419.204 -0.835352 1.65814 265.783 -0.294715 2.64136 388.663 0.385642 0.583748 0.798237 0.64858 2229.61 -1.1232 2.51862 805.868
1160.08 0.609048 1.45974 640.327 0.284883 0.189655 1087.69 0.637724 0.47943 0.776334 0.86494 1526.89 -2.33227 2.49118 2213.63
481.152 -0.689171 -1.3553 251.915 -1.08278 0.00452445 480.237 0.78195 0.761783 0.695012 0.782543 895.475 1.27801 1.27349 764.258
818.653 0.79972 2.2678 502.314 0.188247 -0.818194 1367.27 0.711199 0.272784 0.66018 0.744119 117.964 -1.55196 0.73377 1300.99
1289.73 0.433837 0.838237 609.881 0.0217585 2.32587 1274.96 0.468187 0.673092 0.712372 0.741983 647.094 -2.14666 1.81065 2280.89
580.672 0.773313 -0.99724 396.003 -1.11804 1.99615 1426.3 0.749644 0.44576 0.764318 0.500831 150.054 2.91449 0.918334 1013.74
503.364 -0.0900216 -0.244659 296.716 -1.99382 2.89433 1184.09 0.584382 0.832823 0.865555 0.789877 607.85 2.38638 0.507954 885.481
522.473 -0.366219 2.87086 410.587 -0.77412 -0.911497 905.952 0.513091 0.582032 0.641438 0.441131 1748.76 0.321567 1.23306 1201.71
742.556 0.441447 -2.24883 475.019 -0.0397896 -0.611213 935.716 0.862087 0.608771 0.798638 0.67796 1020.17 1.22616 1.83738 1413.61
753.416 -0.670759 2.02596 299.159 -0.529411 -1.40862 954.899 0.713315 0.768539 0.80577 0.675034 456.828 0.111582 1.5202 1021.76
474.585 -0.572276 -0.143743 311.239 1.08023 3.01542 1055.42 0.757652 0.461422 0.732242 0.791279 767.45 3.03805 0.0226321 920.741
795.922 0.785533 -1.28207 496.877 1.27479 2.32686 1283.47 0.234778 0.83148 0.766415 0.842325 496.049 1.33555 0.991314 1385.6
275.193 -0.88146 1.96225 270.554 0.420229 -0.0767122 620.467 0.666819 0.574595 0.821461 0.825093 409.337 0.576684 0.653396 679.771
592.604 -0.989401 -1.392 587.239 0.371084 1.61557 1472.28 0.111234 0.340943 0.571898 0.700476 323.338 -2.40235 1.01035 1380.83
559.285 -1.22214 0.11256 288.429 0.830934 1.82428 1160.96 0.811129 0.77077 0.728586 0.747412 536.157 2.51959 0.695309 1023.26
732.771 0.827672 3.11798 613.258 -0.612281 0.57278 1695.7 0.494188 0.418586 0.658132 0.343479 415.09 -2.80703 0.358175 1754.56
480.879 1.96147 0.945808 344.537 -0.551169 -0.820819 1471.2 0.601697 0.714252 0.636795 0.726457 1237.97 2.94951 2.0037 844.963
903.905 -0.682965 2.22501 368.215 -0.846107 -0.451877 1155.2 0.538709 0.474274 0.533069 0.714664 568.118 -1.45539 1.00352 1355.27
1124.13 -0.0259712 -0.643529 626.756 -0.888746 -2.43821 1518.01 0.729054 0.668629 0.741924 0.809672 1308.78 2.18012 1.66485 1835.5
360.111 -0.402363 1.28931 330.439 -0.668617 -0.708417 608.428 0.676716 0.639523 0.748178 0.798512 776.82 2.67336 1.38405 897.109
372.524 0.0648928 -0.42284 372.465 0.302156 2.46411 773.108 0.707809 0.523485 0.786741 0.579224 595.209 -1.48996 1.06712 714.7
385.426 -0.238261 -1.41301 338.07 0.292093 2.01753 816.614 0.280547 0.333399 0.285539 0.789648 227.309 2.04238 0.0248432 747.48
458.58 1.39316 2.05006 412.511 -0.886731 0.594084 1353.33 0.680925 0.735882 0.809892 0.648366 958.828 -1.55341 2.1475 1144.74
436.979 0.486836 0.835965 358.996 0.0932501 -2.19606 832.375 0.305752 0.190182 0.646452 0.661796 527.673 -2.31688 0.12082 808.819
873.979 -0.159324 -1.42022 708.052 0.692439 0.718401 1598.43 0.568154 0.730539 0.442182 0.82608 1463.64 3.09111 1.77186 1585.22
755.466 -0.545148 -0.333399 605.136 0.0651352 3.08652 1456 0.0923458 0.528123 0.808991 0.692578 327.345 1.58289 1.50363 1355.41
539.866 -1.23315 -1.13854 510.018 -0.524379 2.61303 1084 0.677733 0.761047 0.651864 0.827023 622.995 -1.14542 0.00687718 1485.79
872.823 0.0891932 2.12345 449.465 0.677617 -1.20252 1318.63 0.572918 0.594299 0.784611 0.268253 375.1 0.331136 1.53365 1299.02
1017.29 -0.05804 -1.36535 304.827 0.0522907 2.59171 1036.88 0.750571 0.619684 0.796962 0.653107 634.874 2.02532 0.566392 1655.89
1212.26 -0.923807 -0.807424 346.96 0.893605 3.05359 1839.25 0.241841 0.499186 0.645037 0.649985 1130.75 1.66309 1.3905 1629.16
968.508 0.517161 1.75566 704.149 -0.285124 -1.04713 1785 0.656189 0.259835 0.75752 0.804956 1681.29 -1.75563 0.708498 1650.13
433.026 0.183804 -1.31302 347.092 -0.905886 1.36367 895.031 0.636032 0.270091 0.741624 0.839107 435.923 2.80542 1.44175 802.514
351.274 -0.703261 -1.70398 258.982 -1.38059 1.56932 649.978 0.574847 0.644536 0.737553 0.762752 759.115 1.23902 0.330297 632.826
906.935 -0.331582 -1.07447 320.48 0.373348 2.19833 1190.44 0.379427 0.752936 0.651544 0.680575 531.997 0.132829 1.2073 1202.83
709.916 0.0232113 -1.71514 598.032 1.45237 1.28825 1658.35 0.62672 0.403203 0.740144 0.830393 1303.86 0.157862 1.13039 1789.86
565.726 0.215919 1.1884 376.538 0.847432 -2.82833 895.058 0.665755 0.293881 0.73385 0.766382 359.713 0.906689 0.281709 1223.05
538.163 -0.376261 2.64043 254.294 0.444227 -1.32856 764.04 0.452956 0.529959 0.743449 0.833723 1276.82 -0.195169 1.13339 787.734
489.226 -0.725489 -0.388866 427.208 0.297878 -2.56505 955.553 0.659875 0.291143 0.748665 0.305747 1490.64 1.18466 1.57352 926.608
498.52 0.687408 0.0436437 443.919 -0.109655 -0.873214 594.982 0.269365 0.660339 0.735628 0.711751 1873.51 2.71002 2.66637 1059.56
458.195 1.33049 -0.123346 279.33 0.0951827 1.03572 631.565 0.776216 0.680067 0.834074 0.785615 1067.31 -2.70782 2.53964 953.301
650.736 -0.539007 -2.36663 493.407 0.540613 0.972771 1324.77 0.367965 0.728153 0.794636 0.78679 1347.65 -2.78628 0.419646 1217.92
332.799 0.558588 1.03962 326.046 -1.00682 2.48172 726.125 0.727181 0.700706 0.730605 0.769271 746.698 1.17843 0.13881 938.706
743.563 0.593437 -1.93003 353.578 -0.780309 0.557907 1312.61 0.240423 0.628395 0.681874 0.730768 788.383 1.89133 1.33342 1157.75
632.02 -0.0512581 2.25418 505.576 -0.315971 -1.68347 1070.6 0.761738 0.79983 0.868782 0.747411 1530.68 -1.04069 0.642784 1231.56
678.355 0.628307 2.13915 275.837 -0.637677 -0.453403 1038.81 0.323694 0.888798 0.818739 0.783571 1431.91 3.09399 0.954849 935.195
399.488 -1.21754 2.94319 267.707 -0.344302 -0.554632 730.811 0.537314 0.622334 0.825123 0.483114 468.356 0.379156 0.933789 656.281
472.573 -0.934273 -0.635276 382.133 -1.30305 -2.76846 797.471 0.731797 0.813972 0.574463 0.810597 1060.57 1.50985 2.00488 831.114
2187.94 0.273044 -1.12617 1265.37 -0.324904 2.19721 3473.65 0.727446 0.194338 0.825983 0.72309 379.315 -1.10915 0.0170257 3555.69
474.351 -0.0521296 2.026 403.566 0.159568 -0.198911 817.005 0.466929 0.538787 0.730791 0.45092 765.843 3.12742 1.10142 1104.25
832.934 0.376311 2.61752 568.543 0.538965 -1.1609 1357.97 0.42412 0.14189 0.707256 0.723056 827.223 0.472972 1.63387 1519.73
1276.5 -0.133808 1.08258 679.038 0.744114 2.52511 1510.45 0.796418 0.510656 0.664706 0.73094 1674.42 -0.684072 1.76666 2394.33
658.138 -0.508232 1.7974 307.778 -1.65172 -2.12565 1004.12 0.770138 0.837286 0.801416 0.749274 1160.51 -1.00087 1.12478 1037.43
561.582 -0.75381 2.28748 367.684 0.250561 -0.485221 1058.11 0.242825 0.724425 0.601717 0.792287 1633.51 -0.945896 0.460675 940.858
658.337 -0.14868 -2.07643 260.704 1.20769 1.23759 1036.84 0.290228 0.387694 0.71126 0.685073 40.3665 -2.93032 0.853888 1145.55
768.285 -0.125719 -2.51031 364.772 -0.346024 2.16346 817.014 0.515631 0.880984 0.325285 0.736956 1028.08 0.465088 1.69837 1385.62
965.15 1.21982 -0.505914 510.095 -0.840015 2.3366 2214.84 0.693141 0.213096 0.81224 0.654697 506.459 -2.2168 1.71089 1580.21
775.532 0.0515076 -2.42008 291.489 -1.18494 2.60193 853.443 0.524646 0.48574 0.794694 0.80778 1026.26 0.246877 2.35505 1167.01
859.989 0.1107 -0.805899 474.768 1.37851 -0.114733 995.651 0.77064 0.111493 0.764685 0.714556 1622.45 2.77163 2.70566 1398.22
820.492 0.581846 -2.36764 278.288 1.08588 1.91127 866.095 0.661759 0.286481 0.715926 0.798028 1906.75 0.319813 1.59146 1086.35
1673.03 -0.719408 2.63562 441.357 -0.368722 0.511373 1553.35 0.858659 0.312426 0.804323 0.629496 1187.58 -1.31721 1.82858 2201.9
844.061 -0.46973 -0.055691 271.283 -0.167813 -2.85042 1026.4 0.13274 0.677002 0.351645 0.675896 870.405 2.81559 0.61718 1269.57
923.561 0.443706 0.458479 406.506 0.112358 -1.89189 1166.97 0.795226 0.844112 0.76225 0.876883 2047.8 3.03316 1.35814 1596.45
1076.25 -0.687065 0.1321 547.896 -0.182547 1.61776 1127.79 0.796385 0.548843 0.725034 0.761694 1704.75 3.10633 1.48856 1946.03
606.621 -1.56041 0.344044 286.057 0.907092 -0.028108 1331.82 0.782036 0.583626 0.77057 0.739949 1223.56 -3.01313 2.92601 1015.41
2579.8 -0.0251469 1.84833 403.392 -0.606934 -1.26092 2407.39 0.0206408 0.303043 0.799553 0.824585 1887.91 -1.29583 0.0349187 2976.63
418.888 0.359552 -2.10729 284.052 -0.690963 0.667501 800.166 0.500401 0.567301 0.716643 0.731718 1117.04 0.893139 0.225638 841.404
741.902 -0.212685 1.44236 484.232 0.873213 1.76781 773.335 0.307588 0.159061 0.559937 0.743843 2293.98 -1.52024 2.9626 1344.64
709.124 -0.889165 -1.21373 466.614 -0.194208 2.16159 1235.42 0.643865 0.569442 0.776097 0.678805 770.494 -0.682457 0.531269 1159.19
604.886 -0.00831867 3.01217 582.922 -0.56364 0.0142533 1321.8 0.528774 0.227642 0.658869 0.507431 625.049 -2.9857 0.28531 1649
678.887 0.152038 -0.219797 662.069 -0.112553 -2.9778 1384.26 0.383281 0.249588 0.545812 0.675793 632.211 1.29458 1.51438 1338.24
1904.55 0.0622643 1.33966 293.662 -0.0285168 -1.70932 1716.96 0.0427664 0.320886 0.867353 0.684844 2049.81 -1.79786 0.0885334 2311.45
1370.8 0.258837 2.41671 460.632 -0.263269 0.112572 1583.32 0.446107 0.34295 0.714958 0.386193 556.42 -0.737376 0.849948 2271.7
716.662 -0.548784 -1.99246 348.65 1.10543 2.18718 1295.38 0.435222 0.393489 0.736756 0.675145 1562.96 0.348403 1.83878 1154.19
1488.8 -0.318335 -2.28211 333.877 0.681653 1.4757 1544.98 0.356067 0.76549 0.667844 0.633202 1007.51 0.689901 0.785802 2094
758.716 0.900407 1.43415 447.716 -1.17661 -1.69481 1860.06 0.550956 0.726357 0.749103 0.732413 642.131 -0.276507 1.41831 1257.42
449.818 -0.145049 -2.22393 295.878 0.310886 2.05502 650.642 0.600314 0.811409 0.804167 0.761955 878.482 -2.94639 0.722455 990.088
494.637 -0.43938 -0.230688 367.084 1.17758 1.60208 1031.22 0.530744 0.438941 0.687033 0.753013 1657.15 -1.64789 1.4172 1064.91
698.456 1.01967 -1.80853 281.403 2.05477 -1.39757 520.736 0.753228 0.65646 0.637319 0.749805 1563.68 1.47705 2.87462 1011.88
383.563 0.283267 -2.5899 374.392 -0.00679296 0.145037 784.636 0.767358 0.26939 0.852806 0.814486 396.293 2.07089 1.6224 735.483
1071.8 0.632173 -0.721684 328.725 0.095501 2.64039 1236.73 0.653888 0.394805 0.768002 0.71782 381.525 0.823769 1.54545 1388.55
1527.6 -0.610857 2.20586 875.11 0.0612952 0.551146 1901.06 0.77319 0.702618 0.727946 0.75939 1271.18 -2.05488 2.02244 2611.23
1458.91 -0.114346 -2.64045 548.65 1.07721 -0.514592 1944.3 0.653475 0.327397 0.785946 0.707683 2158.5 0.804686 1.31928 1978.11
677.874 0.760312 -2.17727 581.771 -0.426583 2.03693 1405.93 0.571981 0.412463 0.820169 0.578407 1736.22 -0.107409 2.06986 1250.2
1161.04 0.337291 -1.01166 1074.22 -0.242094 2.08968 2359.38 0.366894 0.488996 0.768907 0.670388 887.878 2.43763 0.34795 2266.35
540.975 0.872442 -2.54545 400.242 -1.03588 0.834833 1392.18 0.794086 0.570926 0.785822 0.658378 255.15 -0.361451 1.19628 1049.33
737.94 1.57583 2.08957 677.609 0.537338 -1.01225 1616.05 0.516262 0.707178 0.654439 0.67083 578.388 0.0404661 1.05272 1520.55
563.357 0.199472 2.76408 462.715 0.82084 -0.708901 1071.98 0.724523 0.395986 0.751066 0.573536 660.515 0.709278 1.41818 1063.28
846.315 -0.00914688 -0.865808 417.707 0.303213 2.50778 1208.01 0.506579 0.779228 0.862667 0.864452 465.141 1.11901 1.38877 1233.43
801.984 0.834172 0.839886 306.42 -0.679685 -1.95204 1288.56 0.210483 0.813038 0.63155 0.732868 611.173 -2.60593 0.653886 1235.68
1645.59 -0.436314 -1.18782 313.307 -0.51727 2.83767 1335.27 0.354487 0.440327 0.75602 0.475994 1878.24 1.59536 1.24231 1933.59
764.156 1.13935 -0.00972558 269.402 0.0444924 -2.68662 1034.93 0.488004 0.680927 0.706979 0.777869 1039.38 3.095 0.501571 1104.64
408.569 -1.10195 0.730089 378.918 -0.681644 -2.93216 799.111 0.676641 0.578325 0.811423 0.792499 405.955 -1.08359 1.81368 781.149
414.27 -0.563464 -3.10852 396.967 -1.3252 -0.93018 813.558 0.759896 0.465748 0.664903 0.63225 1019.96 0.602204 1.53238 768.465
1016.21 0.21762 -1.98609 817.279 -1.07586 1.7262 2171.91 0.714152 0.564447 0.563628 0.24074 847.193 0.175811 1.55039 1963.83
583.346 0.707757 2.86687 270.808 0.0501378 -2.24192 548.343 0.795499 0.643768 0.826475 0.856753 1255.91 0.212764 2.45468 907.694
1924.7 -0.270062 2.0645 554.242 -0.634374 -1.12739 2115.71 0.504397 0.717098 0.699519 0.829127 1376.39 -1.33025 0.202866 2677.5
573.761 0.138445 0.965079 548.825 0.409208 -1.31712 1061.4 0.721039 0.73604 0.744377 0.734457 909.786 2.39715 1.43207 1294.35
695.563 0.334284 0.176553 455.8 0.347639 2.98708 1138.68 0.226229 0.541477 0.779951 0.667864 1289 -2.82158 0.474524 1184.25
427.513 -0.140875 -0.702239 394.712 -1.02862 2.20609 922.778 0.55575 0.756864 0.708996 0.705879 157.428 1.94568 0.260401 1052.05
457.342 0.976612 -1.2244 336.837 1.37431 0.623004 667.155 0.77098 0.699506 0.726672 0.831033 759.992 -2.86314 1.63874 798.104
718.476 -1.01205 -2.50119 429.521 -0.24752 0.124958 1197.84 0.39433 0.319833 0.806353 0.851505 258.884 1.78912 1.66417 1307.52
1100.98 -0.859472 -0.722202 572.702 -0.257665 2.34015 1683.84 0.093258 0.577734 0.668027 0.439705 410.751 2.61662 0.27647 1704.77
777.227 0.329309 0.911591 387.689 -0.753889 -1.18695 1159.7 0.362126 0.324625 0.596232 0.802227 765.941 -2.81252 1.62557 1238.7
1427.38 0.608224 -0.780335 1036.67 -0.37409 2.71455 2725.88 0.338504 0.423403 0.556129 0.537013 735.04 0.998304 1.71624 2439.03
845.48 0.638564 -0.178709 504.486 0.545935 3.04363 1408.47 0.124956 0.46897 0.445896 0.792003 571.094 3.12252 0.0788815 1412.14
426.78 -0.414389 -1.5998 335.423 0.733877 0.946907 894.561 0.15944 0.455588 0.774324 0.815645 476.626 3.02387 1.65951 974.201
311.981 -0.253807 -0.402714 280.797 1.21059 -2.89323 743.709 0.327131 0.705147 0.828509 0.735876 812.508 1.27768 1.68039 829.169
628.627 0.044824 0.5024 581.491 0.313784 2.89596 1180.57 0.748624 0.233009 0.693545 0.31891 1072.49 -1.97075 1.41648 1247.78
665.755 0.929978 -2.94202 264.465 -0.364398 0.453469 1030.14 0.400823 0.708255 0.72252 0.791297 919.708 -2.49665 0.445367 1072.14
574.112 1.10906 2.09402 258.217 -1.75934 1.89022 1533.02 0.782467 0.687993 0.79093 0.828591 1330.24 -1.23622 2.95295 960.573
533.723 1.28169 0.886544 421.816 0.225926 -1.40981 1016.57 0.580194 0.54106 0.734813 0.476928 680.805 -3.06622 1.65641 1161.89
542.273 0.934124 1.46309 504.891 -1.65031 -0.704068 1994.73 0.656691 0.341513 0.669137 0.744136 646.076 -1.94922 1.24515 1375.71
1408.99 0.496229 -1.75948 1158.58 -0.396874 0.939578 2773.38 0.450313 0.656438 0.426882 0.797888 526.747 1.55232 0.612744 3039.07
623.291 -1.0703 2.75957 346.213 0.44255 -0.856997 1197.15 0.71528 0.688044 0.767947 0.668766 1298.13 0.167243 1.02424 1242.98
871.894 0.577128 0.500794 507.195 -0.177676 -2.97357 1452.66 0.532077 0.345401 0.63342 0.73834 621.285 2.84965 0.45996 1596.78
553.994 0.158195 0.457549 422.656 0.689814 2.25559 834.217 0.649931 0.487099 0.653268 0.489139 1791.71 -2.09063 1.93697 960.875
1524.45 0.2258 2.19274 484.798 -0.064094 -0.741046 1763.9 0.246637 0.288696 0.447009 0.845565 694.082 -0.958316 0.21727 2093.69
620.62 -0.953498 1.32811 489.568 1.17369 -1.6272 1790.73 0.513447 0.406777 0.713744 0.708438 567.112 -1.61172 0.0154847 1167.28
809.409 0.0736925 2.41462 405.86 0.538929 -0.642801 1190.38 0.873818 0.693636 0.798114 0.832547 103.424 0.182345 0.825147 1320.18
696.397 -0.957988 1.85106 431.94 -1.6284 -0.904004 1188.84 0.330376 0.265194 0.714506 0.780234 1119.66 -3.12339 1.30873 1498.81
1039.18 0.408554 3.10427 498.37 -0.81195 0.573288 1681.36 0.295454 0.486586 0.592027 0.616888 880.89 -1.52525 1.65367 1575.58
645.312 0.687529 0.268151 389.679 -0.627268 -2.48131 1234.19 0.442367 0.470917 0.806789 0.638687 388.123 2.98898 0.812898 1022.2
970.338 0.119118 1.69231 354.403 -0.513769 -0.733894 1177.33 0.703383 0.58917 0.803321 0.531933 1517.8 -2.1233 1.38941 1322.26
1096.51 -0.613093 -2.46412 446.333 -0.092364 -0.585714 1232.28 0.800534 0.417666 0.695295 0.816954 706.724 1.56144 2.14716 1718.04
824.883 -0.264737 0.371312 507.898 1.62211 -1.93895 1869.51 0.558985 0.596178 0.800596 0.83237 1073.74 2.52878 1.81545 1308.94
694.509 -1.30935 1.22587 396.895 0.0605762 2.43793 1006.98 0.768964 0.529606 0.802353 0.597048 1773.18 -1.39445 2.45081 1138.8
502.073 0.21845 2.67876 350.777 -1.02407 0.755616 907.679 0.30534 0.115069 0.602302 0.821675 1218.92 -1.30996 2.06557 945.214
397.339 1.01202 0.209902 320.428 -0.267859 -2.50977 859.125 0.306089 0.529726 0.887133 0.834286 218.223 2.32927 1.44415 918.25
393.963 -1.06206 -0.246454 338.995 -0.767922 -1.22512 392.172 0.744126 0.673071 0.805221 0.629761 626.386 2.17165 2.41811 880.218
386.939 0.723761 -0.317768 337.565 0.730996 2.67844 734.502 0.680794 0.822752 0.735426 0.751276 542.52 2.68404 0.00560093 744.413
599.659 0.621723 -2.72545 264.783 1.55832 1.65264 768.104 0.751661 0.796714 0.740589 0.823906 194.739 0.597372 1.05526 1047.78
804.324 1.13496 -1.19192 505.7 -0.784987 1.53711 1908.78 0.641455 0.746617 0.601188 0.623638 922.911 -3.108 1.63807 1255.32
727.548 -0.416762 1.85816 539.211 0.129922 -0.364065 1208.81 0.278538 0.401252 0.702871 0.666537 1632.2 -2.06187 1.6978 1248.95
625.845 0.118687 -1.05826 550.4 -0.204025 2.12402 1215.85 0.796837 0.64606 0.737712 0.497787 108.896 0.669976 1.45405 1209.05
776.74 -0.524131 2.5804 462.033 -0.106063 -1.45719 1144.19 0.448002 0.84823 0.483008 0.791331 1800.07 0.142808 1.6 1211.11
1074.7 0.383952 2.12799 827.187 0.678921 -1.66681 1819.39 0.382469 0.562797 0.750266 0.722044 1335.33 0.180878 1.84769 1875.12
580.028 0.5478 -3.06059 432.611 0.0919148 1.02774 994.641 0.384515 0.186514 0.552898 0.439716 1572.84 -1.18763 1.87296 1247.52
522.28 -0.834103 1.96252 381.118 0.121743 -0.705313 1002.85 0.509787 0.61474 0.812421 0.516043 644.944 -2.91196 1.40871 895.786
441.944 -0.440325 2.5286 276.597 -1.94176 0.924745 771.136 0.278606 0.484592 0.742772 0.675692 1906.33 -0.83511 1.75985 787.924
559.638 0.500804 -3.08411 329.071 -1.10642 1.39723 1037.8 0.626982 0.780695 0.698921 0.736178 942.617 -0.728524 2.12575 927.698
287.669 -0.15374 0.964841 277.746 0.175956 -0.867102 485.354 0.810313 0.558575 0.793505 0.736378 1099.52 -2.50635 1.63925 677.568
699.471 0.87568 -0.198737 337.458 -0.773548 -2.02113 1192.5 0.399485 0.387219 0.706904 0.771307 785.996 2.59061 1.67144 1281.35
1549.21 0.289503 -0.0629737 423.691 -1.8124 -2.21048 2501.02 0.73682 0.828728 0.747851 0.80415 1541.83 2.71377 1.35894 2009.94
618.247 -0.246394 2.66482 264.057 0.243948 -1.26502 796.884 0.221369 0.687478 0.77713 0.557824 1210.93 -0.103368 1.16165 941.734
334.562 1.77365 -1.43806 302.778 -0.0137628 -0.967056 668.959 0.762476 0.625882 0.671393 0.575197 1862.01 1.61652 2.58357 861.039
572.331 -1.73301 -2.85558 333.648 1.02859 2.63666 1666.92 0.526111 0.62214 0.753942 0.712299 2055.42 -0.275055 2.58053 990.637
1126.3 -0.110694 -2.29799 266.669 0.736162 -0.18644 1206.45 0.0547367 0.71862 0.65361 0.808825 1498.43 1.16434 1.35078 1486.02
399.177 0.346878 2.03749 279.531 -0.520302 -0.398838 731.403 0.395261 0.510412 0.755007 0.757401 70.7884 -2.32521 1.92048 880.363
563.948 1.34057 -2.48703 349.998 -1.02881 0.974477 1589.17 0.619861 0.498986 0.775894 0.695807 184.528 0.284369 0.690109 1052.3
1456.89 -0.386459 3.04168 319.914 -0.238578 0.574872 1306.94 0.800059 0.437477 0.77206 0.520365 1143.12 -0.639021 1.21389 1937.75
387.404 0.500217 -2.54162 284.402 -1.40807 -0.250786 962.024 0.730593 0.701677 0.759943 0.814872 726.559 1.09619 1.34697 766.233
357.07 -0.615673 1.37158 272.319 0.804044 -2.0587 791.678 0.557584 0.488241 0.641058 0.76745 376.468 -1.86436 0.194344 704.471
826.35 -0.595356 1.04668 698.123 -1.27052 -1.97599 1628.31 0.568079 0.470231 0.460598 0.787544 197.192 3.01318 1.29402 1493.92
732.014 -0.517787 -1.85901 302.905 1.03564 2.81905 1064.65 0.720676 0.758215 0.827572 0.776003 1451.75 1.13721 1.68184 1072.74
1020.76 0.0449882 -1.31286 578.626 -0.195755 2.58872 1492.07 0.508229 0.727445 0.37776 0.700931 230.883 1.82588 0.762844 1961.82
1055.41 -1.21552 0.292655 333.935 -1.10081 3.01513 1215.75 0.314803 0.58582 0.798481 0.905902 853.014 -1.07336 1.36601 1471.07
629.067 0.23315 -1.6121 376.075 -1.88356 1.25696 1609.67 0.151508 0.579514 0.814127 0.715291 1201.87 1.6509 0.393943 1125.62
818.361 0.0357954 -1.13322 263.792 -0.817552 0.841725 888.599 0.764529 0.856066 0.737495 0.849145 736.248 1.72672 0.884999 1087.33
487.164 -0.638343 -0.255901 256.137 -0.767335 -2.01737 570.855 0.841475 0.602522 0.824764 0.749004 1274.59 2.37075 1.89506 838.464
419.337 -0.625056 -1.79344 384.92 -0.578762 1.69325 815.189 0.343376 0.63173 0.797949 0.82868 405.758 -2.5575 0.764065 1124.73
776.625 0.296533 -0.866497 563.15 -0.422816 -2.84336 1216.06 0.234202 0.766477 0.530918 0.666568 1634.51 1.57029 1.86954 1373.48
754.14 0.359052 0.833365 531.279 1.92916 -2.50841 1706.37 0.218565 0.712802 0.68053 0.852003 482.113 -1.86308 0.645332 1278.71
1685.21 0.272546 -1.89617 282.126 1.14286 1.0466 1646.68 0.520174 0.233182 0.688052 0.645462 1640.95 1.30244 0.25584 2091.35
1489.41 -0.590281 2.90488 271.698 -1.17533 -1.80268 1019.87 0.465633 0.81664 0.782832 0.821108 1206.36 -0.00666465 1.79602 1954.35
447.456 0.877932 -0.140025 298.755 -0.829748 -3.04203 1050.62 0.160339 0.620762 0.643292 0.63537 390.896 -1.85877 1.18326 815.566
1063.71 -0.24048 -2.79169 718.382 -0.403486 0.643007 1814.16 0.354642 0.450098 0.553362 0.578524 973.232 -0.0122522 0.655259 1789.75
678.527 -0.684907 1.43573 387.894 0.573778 2.45838 862.246 0.844477 0.704834 0.735842 0.72425 1738.64 -1.30662 2.51819 1194.97
628.395 0.157473 -0.0272712 620.947 -0.740684 2.44308 1369.55 0.298895 0.223747 0.782096 0.754154 1263.73 -1.63722 1.60995 1348.78
373.95 0.752844 2.64805 264.169 -0.0523256 -0.613225 721.213 0.200501 0.683332 0.546928 0.683063 239.855 2.51372 0.13433 634.499
446.931 0.489863 0.983919 391.295 0.130777 -1.6214 835.287 0.669948 0.63859 0.742847 0.693096 1228.74 -2.19937 0.577973 1162.85
374.632 -0.887895 2.44065 329.138 0.224044 -0.765009 844.012 0.662455 0.677031 0.557557 0.753687 287.319 -0.47897 0.286039 740.816
324.736 0.870483 -0.580197 324.692 1.04766 3.08819 652.872 0.355613 0.401082 0.77177 0.790138 854.773 1.77427 1.31392 882.081
1033.03 -0.142726 -1.2172 980.592 -0.0881702 1.77323 2018.07 0.151404 0.729946 0.726493 0.712273 1064.64 2.65786 0.884622 2480.75
448.234 0.482518 2.52614 432.63 0.599671 0.969123 639.512 0.39899 0.494117 0.702408 0.681318 818.813 -1.1223 2.09142 1143.47
487.579 -0.528355 -0.289348 374.516 -0.894083 2.873 904.732 0.759291 0.234409 0.747095 0.811286 533.371 -2.99479 0.415388 1063.72
285.01 1.08328 -0.231141 260.072 -0.74719 -2.25249 746.653 0.580742 0.781836 0.573465 0.777857 1184.6 1.11917 1.35031 753.964
535.006 0.79176 0.0114916 250.531 0.0367179 2.988 799.105 0.768823 0.623061 0.787679 0.768504 133.647 -0.383393 0.394884 790.163
989.152 0.621871 -2.41805 764.45 0.689753 0.697185 1878.6 0.210082 0.104276 0.690624 0.791706 1632.21 0.768438 0.0712523 1723.85
527.552 0.422095 0.660222 348.218 0.141732 -2.65671 870.533 0.468106 0.363483 0.484301 0.776659 419.224 -2.12693 0.529783 880.289
472.442 -0.328012 1.24124 415.673 -0.125001 -2.41385 874.421 0.609749 0.599037 0.765564 0.86601 799.586 -0.682803 1.73105 931.571
778.25 0.0652549 0.468055 594.423 -1.16031 -2.16205 1604.54 0.542323 0.811737 0.671227 0.691789 1192.67 -2.29854 0.136492 1678.5
705.416 -0.0420557 -2.16556 670.49 0.230189 0.751617 1428.2 0.75916 0.449826 0.689748 0.341879 1244.24 3.03623 1.0814 1376.06
687.85 -1.15372 -1.11168 440.933 0.847019 2.15741 1709.54 0.773677 0.502411 0.809946 0.633971 713.502 1.23083 0.926579 1278.58
757.848 -0.00735826 2.36282 500.477 0.872167 -1.16511 1356 0.193863 0.649041 0.732472 0.58309 387.767 -0.355433 0.809681 1657.66
341.828 0.377861 -1.69463 252.669 0.530871 2.80488 501.907 0.34133 0.406658 0.737333 0.600284 1465.86 0.778468 2.02641 585.234
377.208 0.0537519 -2.20658 332.204 -0.263385 2.08957 622.515 0.573713 0.392278 0.646894 0.601778 1484.29 1.7755 0.314062 794.223
518.853 0.0490858 2.39282 278.142 -1.86931 -1.28661 1125.74 0.221767 0.266499 0.798403 0.784806 863.059 0.0657063 1.35232 1097.74
413.458 -0.952752 -0.391424 386.685 1.07102 2.9959 1256.36 0.286495 0.744461 0.782076 0.594822 1028.15 1.92178 1.07413 811.907
432.058 -0.271145 -2.50048 322.004 -0.119053 0.315022 785.907 0.664965 0.37817 0.811675 0.407602 182.331 2.897 0.885706 807.447
647.186 -0.172189 -0.0890226 616.103 0.744223 1.98326 1247.32 0.425805 0.467575 0.819759 0.821882 885.6 2.3053 0.322046 1399.35
950.205 -0.360642 -1.54256 530.674 -0.881768 0.855177 1400.01 0.251573 0.181207 0.768405 0.657238 367.938 -0.959112 0.583445 1574.85
1044.76 0.244042 -1.41441 300.528 1.19756 2.81494 1147.69 0.475976 0.651235 0.713229 0.701628 1772.69 1.36368 1.45126 1453.37
1106.09 0.290498 -0.120961 320.013 -0.243002 2.93502 1258.86 0.417951 0.314793 0.833092 0.666906 1217.9 3.06651 0.131483 1399.27
917.176 0.287039 -0.104313 316.435 -0.41896 -2.29647 1076.09 0.646122 0.756673 0.360176 0.618213 1175.05 2.07214 1.91457 1330.44
1709.35 -0.0826386 3.09532 301.224 0.686249 0.14792 1585.95 0.400179 0.636906 0.882407 0.7743 503.965 -0.243491 0.391411 2000.76
654.868 0.156015 1.37803 588.392 -0.737446 -2.40907 1324.58 0.124644 0.610817 0.797356 0.570246 837.447 -2.52633 0.11726 1324.83
646.565 -0.388121 1.10593 597.765 -0.708614 -1.13921 1172.41 0.226021 0.492522 0.849777 0.676959 1063.24 -3.02622 1.88701 1306.08
545.274 0.328151 1.38055 475.917 -0.196644 -2.03858 1081.83 0.474304 0.378917 0.821012 0.777024 74.9703 -2.52887 0.490297 1266.14
884.399 -0.355589 1.95666 861.942 0.26749 -0.986958 1898.9 0.0370691 0.328523 0.485365 0.719473 949.051 -1.24567 0.25871 1775.71
603.931 0.204524 2.25148 503.303 -0.470268 -0.657791 1186.07 0.395964 0.480815 0.70148 0.880948 543.597 -2.74485 1.28685 1107.42
583.674 0.211688 0.60201 360.86 1.26571 2.2427 904.355 0.0585719 0.389636 0.822506 0.719218 1523.59 -2.34778 1.69271 1011.07
501.665 -1.04325 0.350622 317.662 -0.316377 2.75996 816.891 0.635898 0.725725 0.720768 0.743817 875.164 -2.13127 1.39195 859.309
868.476 0.291742 1.94042 547.834 -0.0938699 -2.78399 1021.77 0.82907 0.416414 0.693978 0.839287 2066.17 -0.54189 2.2421 1463.35
257.418 0.847305 -2.34698 250.248 -0.144799 -0.506901 491.27 0.636647 0.686615 0.641892 0.76301 804.163 0.198191 0.705091 976.621
438.496 0.166977 -2.52549 349.689 0.167102 0.586816 798.887 0.579311 0.574571 0.725994 0.682173 740.916 -2.19052 0.334968 1129.76
798.978 0.388336 -2.49459 509.674 -1.47177 0.320009 1870.6 0.764147 0.701229 0.786232 0.890139 357.507 1.43262 1.11261 1290.85
832.33 0.278187 0.267153 478.975 0.117703 -2.3216 1277.88 0.191663 0.23128 0.459692 0.62801 1529.32 2.99365 0.967928 1390.54
787.843 -0.330604 0.247806 457.96 -0.0883459 2.83348 1190.21 0.431794 0.631812 0.593381 0.821329 959.658 -1.82309 1.62661 1283.94
642.524 -0.271144 -0.38445 448.739 0.184178 -2.51852 1064.38 0.501209 0.547359 0.331776 0.724104 1621.23 2.0441 1.72057 1137.51
736.45 -0.161737 2.74778 294.973 -0.745885 -1.58452 854.712 0.247517 0.548209 0.680645 0.509863 1629.21 0.0130568 1.59757 1000.71
368.496 -0.240029 0.654982 343.615 0.590654 2.54175 663.308 0.762265 0.723388 0.824966 0.612344 853.284 -1.1087 1.76368 1067.98
1377.29 -0.0205929 -2.43373 766.74 -0.00403505 0.568252 2061.49 0.449503 0.777602 0.793609 0.803593 262.568 1.3153 0.747051 2166.14
526.633 -0.979614 1.87416 460.948 -0.863354 -2.30975 865.452 0.764226 0.826491 0.818995 0.797576 825.002 -0.533247 1.7765 1072.44
544.135 -0.38434 -0.0761605 333.879 0.254577 2.48038 934.969 0.208286 0.721433 0.862559 0.752562 1130.87 -1.81934 1.74318 852.66
831.965 0.118675 -1.68682 274.944 -0.583433 0.911316 1015.64 0.769125 0.36863 0.733961 0.752698 961.169 -3.06942 1.3826 1099.57
616.777 0.883035 1.74722 262.342 -0.536438 -0.98729 1013.96 0.530724 0.686801 0.820544 0.708726 521.543 -2.54564 1.55835 882.218
772.184 -1.20882 0.488984 455.136 2.15481 -2.44389 3303.39 0.381749 0.598013 0.56128 0.892067 494.24 -2.82337 0.379485 1320.88
560.498 2.07859 -1.62853 512.316 -0.296978 -1.73056 1641.05 0.803775 0.349871 0.776079 0.747452 855.456 -2.25089 0.520332 1283.03
399.121 0.320077 2.62056 332.985 0.950064 -1.45901 698.291 0.643784 0.666253 0.720181 0.726254 1299.77 -0.48767 0.971336 738.877
312.1 0.0512683 1.19887 277.458 -0.961782 0.5178 415.07 0.432009 0.36942 0.816082 0.593638 1215.32 -1.95778 2.47558 875.606
646.891 -0.888811 1.71093 325.199 0.713083 -1.05799 1251.09 0.630609 0.145424 0.751924 0.837794 853.774 -2.24138 1.18339 1129.35
686.806 -0.249456 -1.60499 545.999 0.0999726 1.14955 1235.46 0.550847 0.500827 0.57878 0.666621 406.204 2.35416 1.20462 1242.33
1434.22 0.0181503 2.96326 511.111 0.456298 -0.925533 1650.41 0.665744 0.431449 0.752051 0.792269 1220.59 0.677971 1.6035 2012.72
1046.85 -0.419826 -1.31854 317.594 0.235999 2.76884 1121.22 0.551011 0.38103 0.643377 0.718936 1505.15 1.34577 1.42307 1526.78
521.101 0.555177 -2.26865 455.546 -1.12421 -0.665537 1164.1 0.71302 0.778666 0.756924 0.828407 1809.92 1.23226 1.8978 976.137
688.469 0.465194 3.04156 466.408 0.685006 -2.15333 613.261 0.525675 0.428926 0.853368 0.779117 993.788 0.287288 2.44062 1700.9
1519.98 -0.0556969 1.01111 750.973 0.216404 -2.26995 2199.03 0.508764 0.316126 0.784658 0.240448 184.807 -0.791689 1.47826 2258.27
1330.21 0.0367978 0.650717 990.216 -0.0308415 2.91579 2105.54 0.346656 0.668261 0.783607 0.716973 2291.28 -1.8466 1.5208 2281.91
353.315 -0.67712 -1.8842 264.038 -1.05499 0.586965 609.871 0.611638 0.626903 0.705205 0.533781 680.563 1.68884 1.10188 620.209
1228.3 -0.00240885 2.91695 424.992 0.476818 -0.357908 1631.4 0.14871 0.44082 0.395186 0.783849 774.177 0.0761817 0.434089 1797.19
1066.1 0.489324 2.95845 768.663 -0.0631807 -0.733032 1821.81 0.724853 0.763443 0.829207 0.754047 873.791 0.356989 1.09002 1914.17
764.783 -0.194644 -1.47197 562.335 -0.109448 -0.114843 842.983 0.774136 0.256159 0.797993 0.631623 527.756 0.222938 0.337781 1583.99
506.055 -0.660686 0.334483 330.378 0.448493 2.63459 914.909 0.436585 0.534364 0.757907 0.61972 553.18 -1.56842 1.90291 991.72
428.419 0.642401 -1.9846 312.351 -0.957327 1.36777 997.819 0.21553 0.665812 0.712948 0.749594 126.229 -0.306467 1.67424 734.977
1233.36 -1.05623 -3.10945 417.014 0.268174 -1.48741 1486.62 0.702983 0.268469 0.724569 0.846306 2745.94 0.404412 1.89182 1781.11
400.048 -0.74079 -2.99854 265.677 -0.157848 0.83707 659.694 0.508955 0.406941 0.781918 0.716408 332.606 -2.28158 0.716967 790.061
1034.52 0.130722 1.40195 347.141 -0.66589 -2.58027 1206.93 0.464223 0.766891 0.638613 0.790168 1020.35 -1.76135 0.818916 1640.96
982.459 -0.510937 -1.9157 762.008 -0.0206898 1.73528 1739.93 0.780914 0.750838 0.815998 0.837562 224.681 1.64829 0.0869892 1963.8
493.624 -1.07906 2.50737 434.986 -0.352793 -1.36778 949.281 0.576539 0.568637 0.817127 0.872808 359.489 0.425227 1.79301 1432.04
465.306 -0.105018 -1.52196 369.251 0.0173687 2.13429 815.829 0.482892 0.563089 0.674453 0.826995 993.658 0.169726 1.69168 1113.38
327.339 -0.601576 1.67701 323.827 1.00074 -1.60955 877.552 0.603867 0.563112 0.750053 0.548307 307.16 -1.26737 0.342185 685.107
790.621 -0.349153 1.35819 573.971 0.284322 -3.09825 1180.92 0.397193 0.327519 0.747926 0.609326 1991.79 -1.22613 1.87213 1480.46
881.583 1.23379 -1.4285 466.259 -0.944683 2.12759 2114.62 0.637587 0.336599 0.749004 0.726516 729.938 2.27832 0.150724 1530.71
325.071 -0.645418 2.19287 255.427 0.313211 1.7271 324.065 0.741877 0.619971 0.574093 0.606766 570.27 1.85602 0.128925 801.639
742.521 -0.554025 -2.68732 555.406 -0.486549 0.400859 1318.78 0.403679 0.420562 0.842569 0.60847 96.8765 0.0642822 0.336577 1270.69
553.683 0.501078 2.56919 381.389 0.567073 -0.161003 960.442 0.518062 0.149672 0.68575 0.750931 413.548 -2.38189 1.3321 1006.54
522.523 0.189269 2.37841 333.541 0.815412 0.0493279 823.465 0.40348 0.685183 0.771017 0.731884 862.939 -1.31524 1.36457 1140.37
1037.24 0.440021 -0.748274 680.588 -1.26451 -2.97343 2213.86 0.431265 0.530052 0.59661 0.832148 1696.96 1.92599 1.38376 1916.95
1186.4 -0.167427 -2.72111 539.52 0.308998 0.892611 1611.32 0.783541 0.716463 0.689061 0.733899 1231.49 0.584924 0.307687 1975.27
837.65 -0.554144 -1.73429 424.282 0.150023 1.89347 1260.16 0.734575 0.495016 0.736211 0.519028 575.356 0.0445442 1.77884 1245.15
835.261 0.170161 -1.32241 478.757 0.618851 0.857476 1197.28 0.598253 0.488235 0.367848 0.599989 464.346 -3.04189 1.71948 1508.78
621.032 0.445719 -1.91167 355.019 -0.430484 0.997471 1071.2 0.206376 0.434442 0.657679 0.783323 340.518 2.9353 1.43622 966.072
689.113 0.148991 -2.99342 556.755 0.455789 -0.744441 1190.76 0.565368 0.599864 0.808118 0.637237 986.299 1.09965 1.84409 1245.47
572.584 0.353944 1.2299 431.94 0.0967953 -1.96849 1098.82 0.32535 0.284915 0.755366 0.454629 2091.74 -1.72039 0.248103 1050.98
591.247 0.751247 1.07953 488.258 -0.853934 -2.67298 1445.96 0.455551 0.331454 0.825345 0.489174 689.757 0.623304 0.456223 1209.75
770.755 0.373022 -3.09355 606.094 -0.526311 1.0146 1372.25 0.625757 0.702779 0.605315 0.707317 341.676 1.05804 0.043438 1790.01
886.489 0.329704 1.28965 582.494 -0.513363 -2.39307 1522.07 0.64667 0.56554 0.814032 0.44176 488.279 -0.801777 1.5913 1646.18
679.592 0.743526 0.156955 461.686 0.490503 1.21111 626.28 0.332945 0.772552 0.612953 0.712561 1802.76 -2.57786 2.49421 1201.12
727.505 -0.688639 2.78103 329.617 1.25046 0.515882 1469.5 0.469325 0.158247 0.615097 0.592382 1133.78 -0.789221 1.3051 1129.59
668.69 0.651613 0.495409 371.486 -0.866921 -2.08862 1296.14 0.311635 0.480276 0.303055 0.703935 650.427 -1.88968 0.198936 1130.17
733.586 0.105017 -1.93778 288.544 0.928443 1.84395 965.845 0.209799 0.653581 0.737005 0.741168 1218.78 0.241174 1.60278 1034.07
444.158 0.459147 -1.29125 392.922 -0.110638 1.16666 829.644 0.749403 0.540306 0.773115 0.633718 1062.67 2.78338 1.61672 1011.83
924.511 -0.794149 1.20588 345.276 1.22299 -1.9987 1759.11 0.759298 0.240797 0.790564 0.792322 891.583 -1.98084 0.0178624 1323.03
703.997 -0.011575 0.215766 254.433 1.83955 2.21777 1159.83 0.554843 0.705364 0.766739 0.713232 1502.99 -2.42316 1.64226 1009.67
695.486 -0.634932 0.688957 417.955 -0.420658 -2.55584 1106.8 0.359905 0.774758 0.750673 0.784891 214.091 -0.588618 1.27757 1104.84
569.81 -0.130672 1.30397 306.742 -0.22308 -2.10986 859.237 0.746556 0.174257 0.697665 0.404759 758.142 -1.06107 1.04879 890.744
1149.63 0.0655043 -0.981873 585.668 0.0338706 2.20988 1659.17 0.288396 0.295735 0.485768 0.853793 953.469 2.13432 0.0755584 1927.14
309.083 -0.689558 -0.709212 271.768 0.568114 2.97003 691.79 0.459669 0.649085 0.734237 0.70077 88.2635 1.49399 1.47604 796.404
618.301 0.312351 -2.50418 314.468 -1.05621 0.216568 1094.64 0.58972 0.419603 0.282289 0.317957 461.491 0.3807 0.164133 1146.48
1336.26 0.0700721 -1.38894 487.721 0.0222352 1.35424 1632.87 0.636478 0.116038 0.657041 0.774893 732.027 2.55841 1.20417 1829.8
512.215 0.75366 -2.97001 335.065 -0.526586 0.196813 1021.49 0.738364 0.404001 0.670996 0.872632 1388.1 0.267583 0.0707695 1016.39
474.604 0.14782 0.91009 276.01 0.802167 2.24555 538.37 0.702384 0.717927 0.797023 0.706879 1383.29 -1.02905 1.93915 786.118
841.184 -0.119832 -2.73765 445.671 1.05139 0.0614194 1443.61 0.510536 0.449606 0.722283 0.637108 356.862 1.75402 1.6926 1242.38
1305.29 1.21016 -0.626453 421.731 -1.11473 2.67588 2610.31 0.622378 0.715958 0.690448 0.713864 479.601 1.89364 0.782239 1713.7
1980.93 0.305057 0.622921 1179.87 -0.601345 -1.37691 2950.15 0.445358 0.535746 0.610113 0.725591 1982.39 3.1144 1.79188 3200.72
852.018 0.362832 -1.34132 425.69 -2.20569 0.690088 2265.74 0.575893 0.330874 0.688117 0.796871 1348.12 2.28464 1.59455 1257.71
872.574 0.837875 0.173373 431.984 -0.706372 -0.469995 1154.99 0.621939 0.654371 0.60055 0.620545 2483.56 -3.07343 2.60343 1461.14
1250.18 0.609859 -0.300258 638.638 0.836009 1.32759 1352.6 0.55947 0.462663 0.560228 0.729332 1033.79 -3.13702 1.81857 2203.9
1114.1 0.283647 0.761038 710.735 -0.859206 -1.45948 1942.24 0.589449 0.667646 0.667053 0.783385 1394.29 2.7144 1.95336 1854.62
713.799 0.163334 2.85772 443.397 -1.27301 -0.362678 1436.22 0.342326 0.609576 0.819981 0.674061 758.821 -0.185184 0.177494 1170.84
434.178 -0.506331 2.73119 385.983 1.12128 0.570559 1044.35 0.509554 0.393401 0.508839 0.475094 1407.05 -2.71825 0.833748 871.089
915.662 0.332215 2.74817 306.308 0.292392 0.253835 1025.57 0.796935 0.71853 0.848713 0.791315 1487.27 -0.96266 1.21649 1297.6
1108.45 -0.0847997 -1.03416 906.713 0.0636538 1.21937 1876.03 0.551946 0.670087 0.610841 0.571839 1322.88 -3.10515 1.95866 2137.44
618.354 0.131214 1.17163 527.893 -0.468704 -0.244136 840.593 0.699139 0.532883 0.671393 0.608494 2133.68 -2.80505 2.30651 1183.74
1112.55 -0.061314 -2.55065 372.6 -0.417466 0.0189787 1275.86 0.603982 0.485369 0.518957 0.649766 1125.25 1.65501 1.63603 1682.66
544.94 -0.067551 2.23348 423.108 -0.933974 -1.4041 1036.46 0.428102 0.702831 0.632704 0.699723 277.301 -0.416984 0.987121 1097.59
555.962 -0.316119 -1.10733 531.523 0.523027 2.24807 1207.82 0.172888 0.502182 0.6303 0.487224 1010.15 1.57265 0.67542 1077.1
1023.62 -1.16884 -0.878576 551.485 0.00276039 2.85872 1792.94 0.779832 0.493702 0.76142 0.577874 1335.63 1.30504 1.55367 1631.45
450.055 -0.661411 1.40126 296.354 -0.788674 -2.01415 763.39 0.75642 0.200749 0.735779 0.763381 533.989 0.144423 1.25684 812.029
427.78 -0.719835 -2.49173 309.458 1.29648 1.32386 1122.64 0.338902 0.420598 0.708575 0.424054 1205.49 0.114735 1.20913 730.76
928.834 0.561965 -2.06379 398.776 0.411114 0.374873 1186.4 0.309787 0.186084 0.724871 0.524597 1298.56 1.36872 0.993849 1428.58
575.962 -1.22533 -2.35171 438.432 1.08669 1.06437 1777.57 0.264347 0.210995 0.524004 0.669845 708.917 -0.560909 1.62528 993.724
661.347 -0.380096 -2.24623 353.711 -0.0608564 1.76288 906.367 0.741712 0.656829 0.561783 0.616886 1200.23 0.408855 1.35402 1210.33
306.734 0.356029 -2.27167 284.198 -0.0978992 1.20799 643.401 0.611267 0.223101 0.690375 0.790748 444.274 -1.18285 1.08882 893.527
877.212 1.35623 1.78368 635.618 0.16948 -2.76107 1497.75 0.38565 0.677588 0.59129 0.851552 1078.23 -1.52257 1.2385 1718.93
673.908 -0.83479 2.83653 490.01 1.02267 0.349463 1655.96 0.702686 0.358167 0.870158 0.761486 919.475 -1.63376 1.81289 1174.94
720.279 0.650831 -0.290894 552.297 -1.00627 -3.04396 1730.32 0.156585 0.679734 0.779538 0.585221 348.437 1.2785 1.56939 1242.14
1108.44 0.0880967 0.983397 366.665 -0.833668 0.50127 697.273 0.65124 0.625328 0.698191 0.600395 1537.01 -1.45403 1.9553 1727.02
985.414 -0.522566 -1.6682 787.157 0.355271 1.13371 1936.08 0.726385 0.355946 0.742141 0.778482 472.865 2.54272 1.40901 1779.09
821.976 0.543253 -1.83296 744.845 -0.186035 1.73468 1645.82 0.36213 0.757866 0.662806 0.787877 630.202 -1.10879 0.724178 1585.82
1079.43 -0.634001 1.90612 250.502 -0.953575 -0.228987 936.303 0.302709 0.599031 0.743072 0.794439 1384.29 -2.01787 1.78888 1405.53
543.018 1.35052 2.40917 262.945 -0.662264 -2.84814 984.668 0.758911 0.627854 0.77107 0.664197 1275.48 -0.143032 2.55221 946.469
389.539 -0.983768 -2.72614 275.36 0.290337 1.33549 764.833 0.851329 0.210923 0.786707 0.769126 650.314 0.954495 0.380997 704.062
418.512 1.25898 -1.13702 397.108 -0.0249702 2.76317 956.428 0.214825 0.292283 0.81106 0.611909 184.338 1.46295 1.30023 1182.4
738.802 -0.157598 1.58523 250.791 -1.19835 -1.20905 973.884 0.239317 0.72658 0.744549 0.692198 546.093 -1.30642 0.097368 1193.52
1446.39 0.458546 -1.01742 281.723 -1.06474 2.85267 1614.33 0.604459 0.650084 0.733264 0.863727 1486.34 2.02818 0.824484 1819.39
363.595 -1.22101 2.37057 303.45 0.40856 0.299159 835.57 0.806669 0.499757 0.788781 0.748954 931.619 -1.65386 1.95302 698.901
1200.8 -0.0833547 2.37189 412.883 0.181248 -1.35603 1379.16 0.0640255 0.287936 0.717559 0.563679 2072.44 -1.11569 0.24034 1823.07
826.702 0.0615416 0.16349 407.566 0.910634 -0.906767 809.626 0.535072 0.74826 0.74394 0.785168 1915.37 3.05363 2.32278 1428.16
304.899 -1.8768 -0.568358 301.162 0.181595 -1.81379 827.372 0.494665 0.407022 0.694933 0.68744 226.839 -0.0407404 0.527618 701.609
424.045 0.0566021 -1.43625 378.79 -0.527466 0.0352221 600.061 0.525234 0.585271 0.800147 0.863392 1385.05 -1.44032 0.00407755 1099.48
402.866 0.773174 -2.95813 278.523 1.4802 -1.96929 438.528 0.634788 0.689273 0.664367 0.571403 556.55 0.601157 2.57044 984.778
773.789 0.645755 -2.956 580.004 -0.555649 -0.780226 1530.92 0.107837 0.720358 0.771494 0.818383 1067.16 0.870508 1.65073 1419.61
1386.53 -0.510916 -2.60956 822.56 -0.230727 0.428626 2179.11 0.600888 0.357425 0.540475 0.707712 464.854 1.89555 1.46692 2169.74
756.297 0.044599 -2.32783 471.429 0.309219 1.50281 1181.38 0.693013 0.33115 0.743189 0.69852 1258.92 -1.28495 1.04288 1223.18
458.016 -0.563902 2.35139 367.805 -0.956364 -0.315311 831.368 0.446374 0.802185 0.804171 0.817833 629.386 -1.52096 1.20564 970.072
662.517 -0.239632 0.664842 421.616 -1.5666 -2.0723 1285.09 0.603698 0.723874 0.663739 0.694955 1164.61 2.00666 1.34182 1375.48
551.411 1.13472 -0.842434 367.805 0.448579 2.48515 975.941 0.304603 0.670679 0.857177 0.787249 1527.58 2.25326 0.231886 989.532
1348.76 0.297123 2.01693 446.161 1.25552 0.259841 1430.28 0.737238 0.465674 0.75282 0.800846 1599.64 -1.72375 1.9836 1860.96
1271.35 -0.258128 0.449204 847.134 1.26636 -3.02879 2709.62 0.273553 0.077616 0.350216 0.723745 1184.26 -2.5936 0.435195 2270.93
607.119 0.691004 2.52932 276.914 0.713733 -0.984731 816.225 0.814267 0.770173 0.707998 0.752236 503.125 1.71685 0.812473 897.364
954.169 0.623316 -1.25599 494.168 -0.473178 2.25051 1605.58 0.228771 0.705442 0.720084 0.752436 888.66 0.840605 1.4099 1849.9
575.71 0.532234 -1.71617 481.313 -1.58794 1.17158 1725.78 0.68996 0.195042 0.75865 0.81497 114.74 1.61839 0.446807 1056.86
853.086 0.92602 -0.136301 270.247 -0.579576 -1.1002 924.181 0.369655 0.224994 0.589441 0.716737 1483.85 2.33288 2.46918 1422.59
1035.54 -0.5342 0.978223 362.24 -0.283152 -1.36665 1164.93 0.743428 0.300389 0.77811 0.736156 1351.51 2.32238 1.34416 1393.79
1037.36 0.715477 1.58859 712.688 -0.169713 -0.524684 1715.42 0.755248 0.725922 0.815891 0.715697 340.91 -2.00466 1.47997 1984.95
868.308 1.1231 -0.506738 546.513 0.58845 2.87951 1434.12 0.648061 0.827557 0.785548 0.749494 904.16 -0.243842 0.262896 1721.89
831.591 0.200821 -2.8877 711.969 -1.02646 -0.688396 1715.1 0.668437 0.544162 0.791983 0.37793 1658.47 1.51895 1.87654 1961.04
1161.13 -0.0869583 2.85048 1159.24 -0.399815 -1.12829 2172.01 0.614568 0.529574 0.661688 0.522853 780.005 1.85626 0.99422 2552.96
576.842 -0.640613 3.10324 351.85 0.298019 -0.762038 968.238 0.694055 0.5165 0.564779 0.517721 968.763 2.19064 0.912595 1120.61
635.308 -0.255323 2.15274 267.615 0.707713 -0.59732 927.268 0.726951 0.368746 0.655174 0.740126 141.849 2.3647 0.211958 979.003
422.575 1.10993 2.77147 415.917 0.0610636 -1.07498 924.361 0.36122 0.209021 0.779186 0.772117 906.253 1.03745 1.73402 1176.91
751.652 0.288245 -3.10858 286.924 0.14473 0.55636 905.828 0.719443 0.714034 0.62601 0.780075 302.379 1.16341 0.607053 1166.11
301.428 -0.740717 -2.05878 254.692 1.14183 1.05976 831.777 0.622702 0.701321 0.806505 0.584213 516.236 1.33505 0.275289 651.312
668.776 -1.30514 0.119355 332.336 1.23464 -2.85349 1816.91 0.475676 0.800526 0.575771 0.755816 160.659 -2.739 0.114492 1106.32
446 0.0857719 2.08941 346.524 -0.450007 -0.172394 801.289 0.310665 0.468432 0.593378 0.737175 1737.72 -1.22857 1.05618 903.906
650.081 -0.890338 -2.93232 589.548 -0.294256 1.20597 1162.75 0.760786 0.771785 0.857798 0.7259 225.854 -1.43992 1.4924 1491.7
511.93 0.544446 -2.2007 341.52 0.596246 0.751363 866.102 0.229862 0.788691 0.602873 0.762971 520.751 1.00448 0.253121 896.183
629.007 -0.206992 -2.21353 467.307 -0.408068 0.541967 1094.57 0.622116 0.749379 0.583557 0.66131 641.039 2.90241 1.16724 1069.11
410.116 0.406801 -1.35569 399.91 -0.356404 1.81453 911.574 0.574948 0.156992 0.353505 0.819116 297.36 1.59701 0.217522 798.894
1007.51 -0.192811 2.23261 368.954 -0.0128278 0.586549 919.542 0.58855 0.730264 0.520409 0.643991 2449.5 -1.26827 1.85481 1432.07
641.535 0.597747 0.0719503 523.182 -0.131554 2.38737 1162.53 0.765893 0.377886 0.730569 0.667877 1814.13 -2.2163 1.67952 1166.23
454.412 0.848256 -2.56919 299.928 0.913728 2.08265 550.944 0.488015 0.331047 0.805747 0.431353 874.251 0.258723 1.82393 904.311
790.985 -0.0396388 -0.111259 461.566 0.782558 2.5353 1348.07 0.337139 0.247793 0.481221 0.722661 899.088 -3.04274 0.705149 1282.08
556.245 -1.37852 3.05589 342.276 -0.687162 1.29552 759.352 0.822497 0.643508 0.854675 0.741905 620.753 -1.01921 2.20809 1098.34
649.113 0.996541 -0.662822 395.099 0.860158 2.68697 1034.15 0.622361 0.182573 0.776023 0.620719 496.967 1.95197 0.734999 1105.91
552.104 0.661504 -1.83266 528.18 -1.28998 -0.826404 1346.67 0.681013 0.799833 0.685831 0.835197 385.187 2.74188 1.70865 1561.72
425.841 -0.381384 0.273945 360.107 0.372327 2.35489 745.626 0.480382 0.641832 0.583171 0.634993 1003.47 0.747041 0.473096 1125.33
480.683 0.165063 1.04253 308.089 -1.35397 1.53106 682.367 0.640442 0.819523 0.711515 0.737314 365.524 -2.27467 2.47745 1124.34
604.429 0.316894 -2.49868 498.909 0.644679 1.62028 1002.68 0.727678 0.746968 0.77514 0.760587 494.554 0.612534 1.00774 1462.2
742.23 0.995395 0.38668 485.66 0.929369 -2.8023 1218.58 0.692458 0.472191 0.627848 0.544939 406.759 0.0645556 0.322124 1310.94
755.763 0.150352 -2.10422 463.679 0.550202 -0.518958 912.556 0.817853 0.168415 0.766447 0.804295 1505.15 1.29248 1.81144 1321.75
1405.42 0.0036795 -1.98391 1118.73 0.127299 0.697174 2460.43 0.767406 0.609076 0.835745 0.853876 722.057 -2.82195 0.838044 2865.96
759.059 0.113412 1.72139 501.736 0.272926 -1.91794 1235.34 0.476006 0.572241 0.588077 0.423649 69.0679 -0.212092 1.70585 1505.3
418.326 -0.856517 -2.38171 272.216 1.12379 -1.35208 882.788 0.477881 0.501424 0.748602 0.87106 997.209 0.996822 2.3489 748.703
748.652 0.831611 -2.2955 594.858 0.196067 -0.649015 1109.95 0.591455 0.739989 0.680361 0.831209 1411.8 1.22648 1.8755 1723.28
356.857 -1.43006 1.85173 284.75 -0.280845 -2.91625 643.698 0.162758 0.455838 0.580878 0.572479 1243.71 -0.907148 2.00911 727.07
632.559 0.399666 1.18065 261.779 -0.0046326 -1.34207 817.246 0.618756 0.635754 0.6608 0.665706 793.218 3.06747 1.87365 948.397
341.088 -0.360833 0.0118559 333.032 -1.14048 -3.02416 732.853 0.749757 0.691737 0.810515 0.874072 996.688 1.7388 1.52023 961.008
718.179 -0.138983 -0.427431 268.62 0.807834 3.09749 970.863 0.451607 0.775143 0.765046 0.523787 752.01 2.94058 0.156914 1050.11
615.63 1.29845 -2.30568 477.107 0.810165 -0.760361 812.288 0.657453 0.444644 0.797444 0.853357 1659.25 1.92389 2.05362 1248.33
438.933 0.3187 -2.25371 393.712 -0.460191 0.1263 878.904 0.775846 0.363588 0.738201 0.552655 1475.72 1.54045 1.41415 858.902
665.942 0.327957 -1.16677 458.977 -0.972534 2.26844 1345.95 0.515732 0.735879 0.530432 0.487935 289.723 0.770286 1.49815 1112.49
376.53 -0.655472 0.641988 263.494 -2.37864 -2.90006 893.736 0.441992 0.426439 0.83506 0.825308 199.507 -1.91739 0.982671 750.376
1240.52 -0.186474 1.15461 610.299 -0.791668 -2.97788 1634.55 0.708435 0.675369 0.727296 0.747304 1686.84 -1.22809 1.74979 1902.11
780.567 1.18133 1.52423 675.357 -0.62151 -1.0048 2097.3 0.261191 0.569526 0.668609 0.812082 1079.89 -2.29786 1.29307 1498.56
1114.02 0.254497 -1.64839 977.124 -0.152906 1.30621 2134.17 0.31184 0.640472 0.564184 0.669842 469.698 2.78394 1.47773 2329.14
1109.13 -0.897905 -2.30098 448.169 0.208533 -0.227398 1481.25 0.255743 0.570028 0.583315 0.86626 1492.58 1.60468 1.83207 1729.12
1159.18 -1.02248 2.48175 889.618 0.518185 -1.33618 2671.1 0.0633487 0.752662 0.840896 0.810821 1431.08 -0.345662 0.990522 2089.41
849.618 -0.0514868 -1.06098 428.909 0.01009 2.11351 1251.19 0.388971 0.277999 0.776656 0.481831 256.661 -1.43693 0.37595 1263.31
399.2 -0.899501 -1.34112 317.243 -1.26707 0.484479 601.389 0.704139 0.706631 0.804189 0.46777 622.306 1.97339 1.48891 768.654
641.439 0.0536699 -2.19289 341.617 0.950849 -0.568051 829.17 0.721725 0.717924 0.729552 0.794501 500.555 -0.746333 0.178282 1281.28
1098.25 0.265062 1.3524 916.095 0.0412364 -2.40571 1945.33 0.715907 0.817096 0.800494 0.801093 1131.7 -0.453199 1.8056 2233.03
953.354 -0.174079 -2.88128 440.321 -0.591449 0.667677 1332.65 0.540152 0.415447 0.624852 0.712988 1608.56 -0.14643 0.814107 1389.91
1195.8 0.129791 0.300573 542.691 0.747284 2.50453 1533.95 0.592138 0.551754 0.709329 0.564584 88.9771 0.20974 0.0908321 2254.32
1085.54 -0.386299 1.21346 440.308 -0.334851 -1.39417 1377.95 0.815372 0.660158 0.806296 0.73041 1436.82 -2.66071 1.26654 1768.94
743.784 0.832718 -3.0683 738.971 0.141183 1.2673 1348.01 0.797049 0.769652 0.792996 0.777264 1613.39 -1.63609 1.43221 1807.14
406.777 -0.016975 -0.188194 377.821 0.144478 1.40578 578.548 0.743219 0.584162 0.799652 0.533856 1619.48 -3.02626 1.85115 880.612
445.627 0.606634 2.1465 361.386 0.111982 -0.0567818 786.09 0.651384 0.484318 0.781857 0.599387 1269.67 -2.59687 1.53982 819.753
404.463 -0.272248 2.18797 290.07 -2.42815 0.0354643 1089.22 0.783019 0.877937 0.855789 0.801387 313.477 1.43983 0.748141 812.099
1588.55 0.78265 -2.40304 450.933 -0.256941 1.69771 1770.76 0.731566 0.402463 0.777753 0.64954 2213.9 0.384438 1.31327 2261.94
461.19 1.84307 0.435742 423.356 0.552627 2.52735 987.936 0.778767 0.807684 0.86559 0.774947 1098.49 -2.32008 1.43575 1260.13
482.069 0.294331 0.396591 355.672 -0.306201 -2.04136 844.06 0.405166 0.412879 0.300262 0.723921 998.37 2.71013 1.5317 1000.76
509.802 -0.168453 0.938475 324.089 -0.195923 -1.46057 806.769 0.735713 0.370424 0.779142 0.706889 401.001 -1.99289 0.532326 1013.29
874.232 -0.22581 -2.77524 289.982 1.07299 -0.59643 1145.14 0.697324 0.736243 0.738004 0.775905 1119.25 1.3407 1.93713 1266.34
814.102 -0.798367 -2.53477 811.506 0.303339 -0.6211 1634.89 0.450651 0.75545 0.768085 0.803451 2428.63 1.20801 1.82911 1670.6
1491.85 -0.0704123 1.49813 436.027 -0.228352 -1.27369 1613.14 0.441842 0.694714 0.806635 0.381056 749.41 3.00355 1.50543 1953.63
511.415 0.0990184 -0.247096 416.44 -1.41391 1.54076 1088.39 0.542849 0.703797 0.585885 0.792286 173.542 0.105932 0.353028 1282.33
1031.51 -0.0704714 -1.93853 794.198 -0.110444 -0.388905 1287.89 0.786667 0.0969126 0.668271 0.708941 1336.39 2.10956 2.2351 2060.81
755.901 0.0647098 -0.15305 446.572 0.344093 2.81986 1178.29 0.211723 0.570658 0.767839 0.50603 464.382 -3.11703 0.346293 1220.34
451.322 -1.60254 0.45076 379.772 1.04925 2.16012 1603.21 0.619921 0.613215 0.769206 0.670973 983.289 -1.93863 2.18444 900.103
1162.21 0.298273 1.86271 628.786 -0.574665 -0.109419 1657.29 0.175263 0.511744 0.789678 0.812144 1594.02 -1.87591 1.76649 1826.05
700.111 0.145911 -0.48935 578.681 0.693386 2.77894 1337.66 0.699402 0.584092 0.753233 0.633134 154.949 1.49153 1.28741 1327.76
1115.46 0.00509584 1.73719 367.875 -1.01249 -1.49568 1473.14 0.309846 0.225819 0.571194 0.67842 30.4556 -0.360083 1.1356 1798.92
600.134 -0.426739 -2.07296 452.748 -0.35006 1.79625 985.493 0.782046 0.724621 0.711724 0.771772 1315.28 0.512788 1.28346 1072.21
643.503 -0.747449 0.648495 419.44 1.0733 -2.49636 1506.68 0.643544 0.68096 0.593325 0.744658 565.405 1.89619 1.24769 1363.12
809.295 -0.355504 1.11157 617.182 0.602447 -1.73413 1599.14 0.641028 0.653725 0.50998 0.75668 859.664 -2.6892 0.955074 1494.49
862.393 0.300829 0.679159 635.677 0.516886 -1.52474 1412.37 0.163144 0.645272 0.537845 0.721353 1719.01 2.8215 1.93694 1485.85
899.459 -0.128865 1.70779 481.442 0.545076 -0.608638 1295.3 0.722842 0.565733 0.798744 0.676215 907.32 -1.72548 1.11684 1592.98
556.194 -0.184365 -2.34773 312.761 0.920235 0.95883 966.073 0.745493 0.75793 0.733337 0.807603 330.32 1.46187 0.503042 1103.7
538.081 -0.2923 -0.110389 463.819 -0.0863896 -2.82094 1044.85 0.31739 0.579964 0.305281 0.521923 756.051 1.1994 1.30979 1012.87
797.512 -0.107521 2.76134 443.947 -1.24493 0.715384 1261.1 0.174322 0.828035 0.701405 0.790855 1181.61 -0.871398 1.58678 1286.23
714.481 0.329205 -1.29851 473.85 -0.515863 2.80629 1161.14 0.792013 0.781997 0.837443 0.828977 418.408 1.00896 1.79733 1379.68
471.847 -0.278175 -1.86551 313.717 0.282424 0.663312 780.171 0.757627 0.56932 0.682026 0.728307 629.537 -0.229169 0.89248 881.834
335.119 0.994668 2.40773 281.779 -1.98885 3.05804 1316.49 0.717776 0.725977 0.756795 0.864111 850.951 -0.434582 2.79056 643.709
631.796 0.297202 1.13331 618.575 1.21292 -1.2416 1331.05 0.344114 0.823525 0.543122 0.837269 915.977 3.13428 1.90731 1670.87
534.879 -0.442231 2.37626 339.564 -1.43608 -1.16847 957.736 0.429709 0.765596 0.709675 0.608772 604.943 1.15587 1.22039 1086.62
631.988 0.487759 -2.00785 343.562 0.410764 0.922989 956.637 0.55436 0.707622 0.843151 0.810379 594.438 1.22073 0.297743 961.411
481.989 -0.0769968 -0.66167 450.12 -0.654642 2.05873 967.619 0.726652 0.488845 0.77873 0.57418 694.114 -2.1673 1.50563 962.132
642.387 -0.400974 -2.41903 568.157 0.243736 0.767937 1285.05 0.816508 0.491948 0.699695 0.783123 1174.82 1.20912 0.44118 1450.68
377.323 0.00373586 -1.81188 361.786 -0.0129851 0.254622 659.79 0.640763 0.792118 0.772212 0.717857 900.728 1.25722 1.0026 944.298
695.559 0.309551 2.42243 383.919 -0.136584 -1.49154 1026.49 0.411436 0.790911 0.645408 0.662716 1748.81 -0.919574 0.571969 1238.17
782.778 -1.53241 0.0341712 715.283 -0.107323 -2.01688 1767 0.285647 0.32214 0.777663 0.499598 444.506 1.76253 1.72836 1803.44
797.926 -0.535975 -1.70295 253.948 -0.903 0.491516 870.16 0.392669 0.321368 0.542283 0.716154 1570.67 1.87008 1.37856 1132.44
487.944 -0.0599106 2.45377 431.392 -1.63792 0.219719 1157.89 0.767206 0.813372 0.760704 0.8352 383.213 -2.9175 0.911918 1152.83
591.67 -0.397834 -2.19447 412.795 1.0999 2.07022 1170.04 0.814265 0.704085 0.757289 0.760675 940.959 0.1523 1.91792 1010.33
759.552 1.00332 -0.939282 571.706 0.395116 2.98896 1355.76 0.800633 0.345654 0.727233 0.678579 807.063 0.299151 1.23843 1335.02
1777.39 0.635845 1.13244 630.236 -0.347342 2.69281 1897.7 0.218985 0.579532 0.527025 0.682678 467.211 -1.90426 1.68611 2808.67
1097.51 -0.0834846 -2.72174 680.67 0.570039 1.7546 1503.44 0.659147 0.706323 0.825293 0.693054 1717.91 0.240639 1.51396 2225.59
999.704 0.76734 -0.156697 435.806 -0.372897 -3.00255 1545.57 0.5243 0.773361 0.814111 0.608798 575.596 3.08953 0.191105 1606.16
1252.26 -0.0841217 2.3281 1116.71 -0.865564 -0.80927 2569.44 0.735014 0.0842063 0.814669 0.73175 1183.94 -0.875752 0.0664816 2462.37
587.949 0.493503 -2.04336 253.278 1.72145 0.565632 921.117 0.529462 0.568525 0.755522 0.683211 750.911 1.70398 1.13835 850.298
1098.58 -1.48722 -3.05807 276.863 0.707106 -0.0917146 1853.87 0.399676 0.711088 0.172519 0.569546 958.787 0.237159 0.328873 1360.47
616.594 0.243752 -0.013951 477.125 0.657384 -2.37565 1086.56 0.181992 0.353184 0.733594 0.837902 1596.63 1.71312 1.72707 1150.55
574.758 0.10327 0.583477 505.986 -0.707083 -2.24518 1178.76 0.723796 0.613347 0.849376 0.854967 979.765 -2.00694 0.238242 1194.7
673.673 -0.565124 -1.4367 424.71 0.914532 -1.29244 885.325 0.664696 0.864408 0.698741 0.700917 1589.8 1.74481 3.03725 1290.43
875.332 0.653429 -2.33726 260.667 -0.837268 0.830488 1406.61 0.254964 0.274328 0.176355 0.630215 1504 1.12235 0.291867 1183.28
653.182 0.175753 2.025 379.592 1.31915 -1.14862 1254.42 0.179158 0.643286 0.706012 0.646154 377.06 -1.94649 0.797872 1175.3
688.917 0.619561 1.92386 599.134 -0.330419 -2.07986 1343.43 0.788409 0.838807 0.771053 0.812386 541.691 -0.553726 1.52614 1815.1
2776.01 0.0309443 -1.62045 1343.27 -0.2349 0.82302 3672.64 0.636065 0.557293 0.876727 0.688106 1596.17 1.90441 1.08139 4557.21
440.124 0.0514688 0.201381 279.549 2.63597 -1.97154 1343.07 0.623984 0.506809 0.697009 0.611446 625.706 -1.34379 0.627746 1134.85
404.574 -0.459693 2.16607 275.768 -0.0215795 -0.55694 688.344 0.414838 0.351345 0.642085 0.813707 503.627 2.76848 0.602405 981.002
518.548 1.34368 1.69327 341.783 -0.294156 -1.89979 1137.66 0.397989 0.580556 0.843647 0.573581 511.342 -0.00897353 1.70224 839.899
758.01 -0.529199 -2.21709 501.755 -1.20443 -0.930125 908.574 0.563168 0.67014 0.409828 0.784358 1451.48 1.41754 2.34766 1286.01
887.11 0.183449 0.0311087 715.658 1.21424 2.26669 1709.84 0.287608 0.177211 0.741422 0.723328 1128.75 -2.06567 1.95083 1592.94
890.764 -1.45637 2.61751 422.642 1.4672 0.0767089 2776.83 0.211077 0.750152 0.764601 0.839031 1033.77 -0.749273 0.825982 1366.52
631.621 -1.11018 2.53931 564.536 -0.645822 -1.49163 1124.44 0.376338 0.413576 0.744968 0.714843 1201.23 0.649266 1.89004 1205.16
1650.12 0.266466 -0.337093 678.354 -0.0713256 -2.01667 1632.59 0.650443 0.169189 0.783262 0.618717 2161.03 2.18654 2.07997 2442.67
1043.78 -0.259446 -2.87675 667.224 -0.656611 -0.0545366 1768.63 0.606397 0.15699 0.805826 0.605051 820.945 1.57422 1.62876 1720.65
531.432 0.312365 -1.61892 294.472 1.74828 0.999878 1002.18 0.503572 0.62064 0.756905 0.809943 746.042 1.00324 0.00336218 1058.13
1073.07 1.06098 -2.25164 867.71 -0.0574647 1.6408 2142 0.788491 0.298175 0.808383 0.737955 178.232 -1.30304 0.948597 2468.26
359.094 -1.28507 -0.853578 341.647 0.0452621 2.10189 917.507 0.386527 0.33736 0.763135 0.554121 298.074 0.00605224 0.859631 915.784
718.594 -0.443806 2.0041 640.601 -0.375236 -1.20583 1410.74 0.515755 0.409687 0.411954 0.535151 624.119 2.2484 0.244299 1405.26
391.981 0.359013 -2.3715 341.456 1.63002 0.237456 883.157 0.504869 0.815153 0.704678 0.795455 1071.93 1.25581 1.01835 706.247
1003.2 -0.353573 1.29464 809.024 -0.206783 -1.47326 1916.68 0.204213 0.0471965 0.612848 0.587219 136.45 -2.50414 1.03088 2038.02
1502.34 0.121188 0.787074 954.517 0.448958 -3.10015 2279.7 0.483643 0.437291 0.709577 0.696092 1210.72 -1.32379 1.77636 2562.43
778.101 -0.953909 0.299409 295.341 1.11575 -2.76861 1532.04 0.109814 0.382348 0.814069 0.588294 831.11 -2.15354 0.615072 1199.37
650.883 -0.0446019 2.81757 397.7 -0.910361 -1.16746 1112.62 0.235893 0.423696 0.696731 0.55062 972.003 0.0803788 1.24783 1064.24
835.556 0.595472 -0.100637 457.015 -0.305092 2.56744 1364 0.274656 0.570766 0.725227 0.720328 594.153 -1.97707 1.73867 1301.99
912.574 -0.108033 0.101667 331.671 0.279232 -2.74105 1124.46 0.787301 0.495894 0.802926 0.702443 422.959 1.01156 0.909897 1457.99
826.611 0.450678 -2.23254 540.985 -1.18183 0.428703 1790.36 0.743761 0.779161 0.768148 0.770177 1597.86 1.51402 1.08532 1375.44
904.199 -0.971272 0.0961597 826.059 0.842389 -2.31685 2428.54 0.544853 0.381456 0.615756 0.446089 320.795 1.98615 1.88999 1993.31
933.92 0.834691 1.67212 604.754 -0.38107 -1.89651 1771.2 0.364425 0.492373 0.821364 0.552069 1100.82 0.193975 1.47814 1599.07
747.135 -0.0962629 2.33535 349.776 0.845822 -1.13523 1185.04 0.148177 0.66289 0.315203 0.76442 1158.09 -0.757211 0.378022 1132.73
968.174 -0.51402 -1.47551 437.098 0.959444 1.0539 1642.16 0.816908 0.802203 0.857846 0.753574 1128.31 2.92011 1.86621 1346.57
1468.35 0.0834535 -0.953455 390.205 -0.215617 1.3761 1412.72 0.514054 0.523257 0.158123 0.507455 1410.48 -2.65675 1.70329 2082.8
543.181 0.749425 2.93013 318.332 -1.19933 -2.87141 1001.27 0.584241 0.601449 0.595791 0.63066 763.171 0.316239 2.61389 1062
907.858 0.0443514 2.20008 488.17 -1.07938 -0.660097 1544.74 0.76481 0.750325 0.811997 0.675131 160.688 0.308831 0.968928 1864.59
1033.12 -0.373748 2.68824 859.857 0.361407 0.864152 1675.22 0.65404 0.746045 0.561751 0.713573 1945.62 -1.01534 1.87949 2011.12
654.715 0.236569 -1.49153 400.165 0.668523 1.24144 1033.44 0.565774 0.718798 0.693942 0.669207 826.147 1.90228 0.660838 1070.91
376.569 -0.423742 -2.98553 296.903 0.866819 2.98221 487.252 0.796171 0.683734 0.7657 0.844814 2077.39 -0.0564317 2.9291 733.793
744.134 -0.346419 -0.985914 267.156 0.0780978 2.11725 929.093 0.623005 0.642619 0.570266 0.678037 295.995 1.76786 0.349393 1039.2
2070.81 0.9118 -2.98473 620.957 -0.278186 0.102718 2698.59 0.676049 0.438272 0.667619 0.66769 273.849 -0.989682 1.0924 2869.54
954.678 -0.747234 1.68399 312.134 -1.4205 -2.86272 1050.41 0.122059 0.707401 0.863622 0.694917 2179.62 -1.548 1.31471 1522.24
690.143 0.622696 1.04822 359.245 -0.754414 -1.46241 1247.89 0.115636 0.74575 0.723108 0.777505 926.413 -3.11252 1.65011 1062.5
308.865 0.642891 -1.6954 272.731 0.919298 -0.128123 425.86 0.672918 0.45145 0.700303 0.687114 832.981 1.7284 1.85653 894.094
468.196 0.665474 -0.487147 267.862 -0.436507 -1.65316 664.51 0.290021 0.296126 0.501856 0.585551 1075.67 1.53222 2.01937 962.724
358.402 0.82578 -0.0763767 316.144 -0.338735 -1.90498 692.812 0.422288 0.623725 0.880563 0.575763 1115.04 2.32067 2.05753 727.293
630.302 0.157751 1.00415 535.509 1.27971 -1.92164 1361.02 0.336278 0.796031 0.69694 0.830049 306.624 1.33889 0.334742 1211.07
442.929 -0.315141 -2.84578 339.026 0.203685 -0.824265 702.339 0.127299 0.815512 0.764655 0.80455 965.547 0.669455 1.49372 1113.14
730.473 0.459253 1.89309 354.944 0.0927608 -0.449483 991 0.482848 0.313964 0.680199 0.56398 1008.55 -2.79821 1.59188 1099.88
833.295 0.158157 -0.198906 435.478 -1.49443 -1.84242 1516.32 0.112486 0.786402 0.529995 0.807188 1480.52 2.54349 1.89728 1442.96
1204.1 0.877428 -1.67819 391.724 -1.21425 2.35338 2124.39 0.474806 0.533488 0.662741 0.871192 1291.6 0.62964 1.72374 1585.78
745.532 0.690531 -0.890902 419.164 -0.174597 3.08111 1155.88 0.32498 0.385638 0.749237 0.712771 949.047 2.0526 1.02851 1386.32
1302.72 -0.0819664 2.7764 885.274 0.45774 -1.00526 2196.74 0.784613 0.0646348 0.723161 0.845347 166.829 0.79681 1.80207 2431.54
764.588 -0.390238 2.00172 438.866 0.212095 1.04102 654.016 0.521508 0.670125 0.700755 0.713768 1997.73 -1.70185 2.57962 1580.92
895.677 -0.311638 1.88671 411.148 0.994175 -1.93512 1441.95 0.636062 0.325785 0.798562 0.70251 614.007 -0.287448 1.64767 1339.57
595.534 -0.44219 -1.38075 384.929 -0.97584 2.67808 925.976 0.408844 0.431092 0.698423 0.629064 1263.23 1.08507 1.59301 966.877
677.595 -0.424174 2.13162 326.595 -0.145238 -0.520765 944.345 0.610858 0.511691 0.770769 0.745887 824.208 0.766599 1.28736 1258.1
1106.24 -0.779426 -1.84093 289.591 1.64102 1.88149 2065.7 0.262128 0.686974 0.82461 0.82117 1496.25 1.05778 0.823712 1465.09
904.616 -0.359554 -1.33507 312.082 -0.472513 0.258643 774.684 0.818381 0.694521 0.681145 0.725986 1105.25 2.5688 2.31016 1312
723.369 0.395948 -3.01948 445.74 -0.450509 0.512434 1244.12 0.530711 0.357606 0.694421 0.641761 1149.41 0.0365577 0.475876 1562.41
623.671 -0.314213 2.87394 293.952 -0.0669153 -0.196966 867.425 0.450963 0.691431 0.685937 0.850568 830.549 -0.3484 0.151434 967.396
834.924 1.03805 2.5828 508.711 -1.08741 -0.698388 2133.21 0.541071 0.559121 0.863115 0.583583 262.132 0.0423176 0.740706 1327.32
302.296 0.456446 -2.48502 272.053 -1.38138 1.2586 831.577 0.547956 0.731194 0.882183 0.763325 651.976 -0.194045 1.45264 589.446
861.216 -0.264428 0.665248 445.616 0.649072 -2.6501 1400.09 0.670479 0.176655 0.510026 0.853664 1430.65 -0.469014 1.13426 1645
855.309 -0.220311 0.772178 341.01 -1.77712 -2.74864 1415.7 0.760471 0.712751 0.670722 0.622598 829.28 -2.18827 0.56037 1315.15
797.777 -0.233489 -0.842812 615.472 -1.78982 1.99306 1869.68 0.687129 0.261211 0.629856 0.809685 367.09 -2.36305 1.52024 1516.85
920.378 -0.251711 3.11114 256.929 0.378973 -0.73803 987.508 0.591201 0.634847 0.763117 0.51804 995.756 -0.1911 0.54693 1388.47
908.38 -0.232843 -2.00162 856.51 0.433236 0.912046 1864.57 0.723022 0.621293 0.898299 0.691634 1074.57 2.43414 1.52209 1888.5
379.667 -0.908141 1.57279 348.558 -0.826031 -2.09904 718.178 0.39648 0.550853 0.696555 0.828569 613.945 -2.62618 0.527139 970.824
849.071 0.134516 2.04565 492.124 -0.324546 0.47834 973.118 0.752041 0.790087 0.751639 0.773947 1227.09 -2.5284 1.70913 1770.47
456.333 -0.152476 -1.18902 371.741 -0.696268 1.4955 850.574 0.40013 0.460687 0.582926 0.805229 961.335 -0.399001 0.790024 1133.17
787.623 0.0205252 3.04576 478.751 0.337085 1.05866 1147.6 0.217672 0.233201 0.607368 0.709252 1879 -1.06197 2.12064 1335.94
961.819 0.0663035 2.99508 373.58 0.451628 -1.36241 1023.24 0.771923 0.71671 0.796621 0.657943 1760.49 0.258731 1.62115 1463.59
829.471 -0.743159 2.45612 827.029 0.254956 -0.521101 1866.69 0.601507 0.798806 0.49576 0.730462 265.082 -1.85066 1.32956 1642.74
392.21 0.546371 3.1311 390.943 0.0570156 -1.99149 478.023 0.63643 0.61111 0.586547 0.632245 869.361 0.0505964 2.04209 1075.29
702.827 -0.476628 1.60726 304.207 0.0474895 -2.25962 914.721 0.698901 0.761285 0.806602 0.786484 678.015 -0.754714 1.50491 1008
1318.14 -0.000229333 0.249509 299.653 0.349702 -2.52319 1299.55 0.305488 0.633999 0.776095 0.579167 2551.18 -2.40814 0.115044 1750.33
691.031 0.639183 0.894646 309.79 0.402693 -1.07351 786.489 0.417175 0.727923 0.672651 0.760244 1744.79 -2.8662 1.79269 1010.82
733.041 -0.751613 -2.00693 708.014 -0.434029 -0.213927 1220.84 0.300032 0.219812 0.435614 0.553996 2208.22 1.9683 2.18223 1514.57
1114.07 -0.269031 2.39963 426.453 -0.0726901 -0.318724 1415.09 0.746577 0.367212 0.744987 0.745799 930.883 -2.75588 1.12768 1592.02
1064.13 -0.0667354 -1.9862 575.561 0.56814 0.779014 1674.19 0.715516 0.510941 0.694219 0.4497 554.576 1.34317 0.564154 1825.13
575.88 -0.169677 -1.84526 321.682 -0.00500729 0.600736 831.738 0.459811 0.610023 0.221041 0.499016 1441.33 2.81578 1.62214 907.695
1402.74 0.208974 -1.7006 858.865 -0.623729 1.72615 2393.36 0.2764 0.243282 0.784138 0.848448 617.504 -0.274343 1.42626 2235.97
543.963 0.467311 -2.0586 314.226 0.338128 0.563639 866.532 0.23609 0.709525 0.574082 0.786621 1799.09 0.695776 0.132137 1033.35
845.419 -0.429603 -0.583871 371.131 -0.339922 2.38243 1166.03 0.248195 0.479723 0.749525 0.659244 759.109 2.94634 0.563915 1179.37
963.99 0.988957 0.725978 376.684 0.52027 2.8899 1117.92 0.79713 0.693755 0.832267 0.671701 1126.23 -1.45 1.94329 1380.56
540.858 -0.126274 -1.69281 489.927 0.206968 0.981608 1036.5 0.808218 0.732243 0.820353 0.841027 475.376 2.85671 1.73366 1002.23
422.089 1.58507 -1.80995 280.309 -0.029105 2.01179 908.095 0.712982 0.671207 0.754862 0.784478 896.289 -0.65459 1.15536 700.331
721.393 0.174373 -1.6375 254.945 0.118633 3.11322 609.125 0.72539 0.694327 0.817811 0.683922 960.763 0.936014 2.1772 1224.7
631.58 -0.747466 0.656071 512.342 0.260604 -0.442638 863.617 0.185863 0.37796 0.440276 0.672329 2560.75 -2.91307 2.47043 1159.1
975.226 0.372823 3.10936 791.773 -0.246595 -1.30365 1530.5 0.657887 0.34329 0.689149 0.750735 1043.52 0.276603 1.58026 2214.09
366.377 0.555175 -3.08164 251.415 -1.29866 0.571921 885.123 0.541991 0.687828 0.686064 0.571343 392.002 -0.788667 1.36059 608.437
558.918 -0.000403028 2.20172 301.883 -1.06871 -0.997328 950.002 0.512652 0.527565 0.630108 0.787632 591.548 -0.950244 0.0470839 845.866
1641.44 -0.343225 1.31915 367.173 0.527817 -1.96999 1757.89 0.299075 0.552039 0.593744 0.733184 2059.2 -1.63548 0.334513 2147.53
850.426 0.0789121 -2.10335 473.878 0.230602 1.66069 1240.58 0.201713 0.233524 0.616286 0.71583 604.504 -0.216871 1.87757 1481.11
384.626 -1.05352 -1.11463 355.236 0.04109 2.78673 830.484 0.634225 0.173245 0.614208 0.629877 637.759 0.821347 1.93597 729.745
2209.22 0.454654 -2.32455 582.635 0.594862 2.19931 1787.47 0.799098 0.661503 0.803062 0.64199 2493.69 0.626083 1.57322 3154.68
1446.86 1.27984 1.14011 730.501 -0.856255 -1.92793 3348.89 0.633046 0.48442 0.82791 0.774966 240.76 -0.253702 1.39381 2820.52
1017.68 1.36802 -2.70314 559.856 -0.107524 0.556342 1951.56 0.557731 0.312468 0.653314 0.604467 727.388 0.193248 0.363093 1596
960.535 -0.149737 3.13385 292.986 1.07234 0.773091 1213.26 0.61831 0.628141 0.58072 0.716037 346.843 -1.04843 1.82152 1434.78
741.883 -0.220321 -1.4749 726.566 0.570681 2.26472 1624.46 0.412153 0.119289 0.267594 0.816522 1182.83 -0.17648 1.29842 1792.42
642.962 -0.833992 1.16854 350.426 -0.308128 -1.81318 1003.29 0.374217 0.539374 0.759354 0.62014 178.403 -3.07526 1.26208 976.463
345.751 -0.388877 1.5702 333.548 -1.50112 -0.945543 816.174 0.485192 0.698457 0.557749 0.656408 1009.04 -2.79325 1.8477 741.316
534.414 1.11448 -0.500751 349.011 0.801757 -2.85091 895.599 0.192716 0.543639 0.771828 0.835833 1007.54 1.76957 1.66272 1212.33
430.03 1.35461 -0.751899 348.657 0.343159 2.95477 858.123 0.513826 0.683423 0.475632 0.799136 923.406 0.0332089 0.785107 784.992
743.19 -0.251761 -2.7106 366.237 -0.47506 -0.48209 993.658 0.638501 0.41601 0.735859 0.482737 1622.87 1.9856 1.58698 1339.79
412.488 -0.082316 2.17226 365.58 0.103659 -0.798668 808.16 0.205009 0.730883 0.602396 0.85468 732.74 0.215411 1.01408 1013.84
707.837 -0.635618 -2.89715 271.877 -0.00151573 -0.510463 876.98 0.589556 0.80797 0.57066 0.78169 1151.85 1.94998 1.43605 988.18
371.144 0.353743 -1.93711 329.304 -1.72082 1.68629 1131.46 0.658097 0.769437 0.735515 0.836507 907.337 0.502827 1.18347 705.273
1021.85 -0.3715 1.53147 321.269 0.114493 -0.385981 1091.78 0.0539569 0.464682 0.756959 0.386906 1725.08 -2.21262 1.82664 1429.36
706.278 0.0711682 2.84269 504.625 0.525635 0.234794 1202.75 0.236729 0.626298 0.81927 0.824174 1164.76 -0.725661 0.960456 1239.24
656.416 -0.486678 0.841328 297.728 -0.337938 -2.89046 866.276 0.586828 0.690482 0.63726 0.824599 1878.33 -2.46791 0.422552 1301.41
321.295 -0.990302 -1.21198 254.705 -0.273936 2.87002 560.678 0.743398 0.313111 0.769278 0.629271 795.799 -0.180654 1.03133 715.021
757.722 -0.164267 2.48585 462.389 -0.316734 -0.720273 1198.43 0.557427 0.835898 0.740512 0.716683 539.128 -3.11833 0.679011 1476.05
616.357 -0.374688 0.932621 509.271 -0.322333 -1.18459 983.539 0.760404 0.768691 0.770642 0.830665 892.667 -3.0544 1.86981 1169.75
543.167 0.608549 0.797422 273.451 -0.763824 -1.60901 926.116 0.770887 0.707475 0.79418 0.802948 1519.17 -2.6534 1.04439 853.723
412.531 -0.447942 2.26874 410.942 0.481491 -1.41925 903.749 0.414845 0.73102 0.73802 0.753065 1278.45 1.60463 0.664115 964.409
631.944 0.440596 0.148443 383.522 -1.6004 -1.99747 1479.37 0.679579 0.792178 0.631777 0.709782 30.9009 -0.787993 0.936435 1067.57
440.705 1.09037 -1.44849 294.67 0.950807 2.4774 675.014 0.203988 0.552966 0.816961 0.63192 1163.62 0.750968 1.72644 898.575
464.176 0.293357 -0.564705 320.966 -0.859395 1.20884 788.829 0.347175 0.707388 0.600245 0.764394 567.527 -2.27459 1.70988 980.928
513.218 -1.09703 -0.561956 404.269 0.122103 -1.99873 849.014 0.793545 0.674073 0.675256 0.786192 1664.46 1.94723 2.33723 1305.65
419.459 -1.12559 -1.65232 360.788 -0.170115 0.108892 721.181 0.747828 0.690272 0.770941 0.721165 1341.96 1.6991 1.59021 1097.55
577.231 -0.648931 0.333784 573.28 0.864027 0.406334 966.074 0.73515 0.740999 0.811845 0.859739 1969.35 -2.88411 2.99274 1343.6
678.889 -0.367236 -1.20593 546.558 1.2097 2.88189 1541.17 0.674828 0.653031 0.562979 0.843968 1296.31 0.620604 1.82653 1211.62
745.616 -0.262393 3.0028 560.448 -0.64179 -0.828784 1254.82 0.426304 0.755055 0.806907 0.65122 573.947 -3.14026 0.140121 1978.58
638.932 0.303899 0.627218 472.755 0.479352 -2.76227 1138.59 0.143629 0.195133 0.776631 0.528393 367.937 -0.586294 1.21351 1119.14
960.682 -1.2704 1.43351 363.281 0.49349 0.91725 1243.18 0.474953 0.31865 0.746101 0.802764 2030.28 -1.97444 2.87523 1516.61
780.46 -0.392392 1.41163 290.826 -0.506746 -1.31493 945.142 0.662352 0.597654 0.526236 0.340715 568.201 -1.84229 0.527365 1308.08
867.047 -0.430999 0.583779 320.897 -0.388806 -2.7142 1066.15 0.399843 0.472226 0.808487 0.714614 425.848 -1.38465 1.32955 1270.87
359.312 -0.0607303 2.49781 352.95 0.838945 -1.24429 765.509 0.359933 0.386285 0.73192 0.686227 681.946 -0.179023 1.06526 923.908
1228.63 1.06597 -1.98614 379.999 -0.121662 0.986489 1702.27 0.0847964 0.651398 0.754809 0.680889 1678.74 1.58643 0.59994 1650.61
584.103 0.672231 0.131951 377.318 1.38557 1.92029 814.103 0.700198 0.805187 0.728134 0.754877 1263.8 2.93463 1.01434 976.395
358.205 0.416865 -1.87001 285.264 -1.09461 1.68007 834.846 0.610585 0.553151 0.540199 0.70817 910.905 -0.241241 1.62877 622.006
804.246 0.612992 0.173703 405.371 -0.673212 -2.43221 1368.98 0.550963 0.607619 0.72903 0.794725 1191.45 2.73215 1.11882 1258.64
1114.88 -0.17415 -1.3226 289.881 -0.845137 0.69163 1052.85 0.767188 0.713407 0.762794 0.649433 1553.68 2.32786 1.63623 1587.13
786.939 0.172635 2.43735 352.2 0.6254 -1.37569 1026.91 0.575323 0.815097 0.595127 0.696776 522.769 0.51613 1.89182 1316.58
326.57 -0.222506 -0.022403 256.134 1.81394 -1.63803 828.175 0.801571 0.847599 0.789693 0.768019 774.356 2.9034 1.74176 658.188
790.996 -0.66245 -3.04332 343.118 -0.82555 -0.571314 998.885 0.392996 0.329722 0.749248 0.677026 1326.6 1.08143 1.65274 1128.82
349.718 -0.225093 -1.53456 311.294 1.40689 -1.09583 652.089 0.536279 0.215124 0.795876 0.661541 914.987 1.89505 2.85357 904.51
426.617 -1.33746 -1.40458 326.577 0.5565 -1.26915 842.696 0.779092 0.571797 0.833056 0.538697 2305.74 1.76801 3.03716 798.331
632.987 0.54762 0.158034 500.797 -1.12876 -2.75645 1549.37 0.349781 0.232603 0.572657 0.750145 46.9527 1.66449 1.50646 1136.41
509.512 0.101127 -0.218139 378.257 -0.424982 1.66262 755.24 0.291012 0.8057 0.775969 0.845916 1958.86 -2.40574 2.1876 976.059
534.057 1.10613 0.0411821 324.244 0.322154 -0.762487 523.497 0.153394 0.513412 0.742046 0.756988 1667.01 2.9201 2.6006 1007.34
328.94 -1.57915 -0.579738 306.191 0.454718 3.10166 999.839 0.37913 0.690721 0.73739 0.650149 389.523 1.55101 1.55066 610.26
710.01 -0.931387 -0.501787 492.307 -0.484398 2.94187 1251.83 0.790683 0.591656 0.791443 0.694303 143.311 0.478892 0.980679 1184.32
832.623 -0.236261 0.685575 545.587 0.282754 2.59397 1196.33 0.524797 0.775431 0.706948 0.79404 891.778 -2.15719 1.53203 1640.34
1357.36 -0.899605 -1.74679 339.169 -0.591908 -0.546773 878.632 0.66556 0.428627 0.787709 0.79132 2120.47 1.71575 2.26253 1678.08
416.589 -0.799744 -0.143266 277.009 0.665723 -2.45985 838.581 0.572433 0.617734 0.857157 0.710696 1028.53 2.14498 1.67835 692.532
614.172 -0.129885 -0.572163 320.041 0.0840838 2.5625 961.747 0.450194 0.383491 0.601958 0.715729 490.513 3.10139 0.53889 1152.28
411.965 0.488815 2.94255 302.556 -0.613595 -0.546954 816.159 0.519213 0.627642 0.780608 0.802311 800.256 0.32025 0.867204 848.408
577.488 0.0584847 2.62626 255.354 0.951807 0.252473 811.221 0.46312 0.825799 0.699933 0.801766 414.864 -1.5719 1.82438 1004.6
425.926 -0.32677 -1.34886 344.107 0.349453 2.0797 816.25 0.582615 0.796433 0.707662 0.514366 532.148 1.32971 0.749986 794.363
781.943 -0.332518 -2.83176 569.816 0.218984 -1.55698 892.95 0.606495 0.547881 0.639813 0.542582 1639.13 0.930483 2.48747 1831.46
405.772 0.588437 -1.77285 368.369 -0.151111 1.48951 853.817 0.671671 0.724143 0.590779 0.756038 103.618 -0.190346 1.58251 779.225
768.8 -0.899736 -1.95718 349.169 0.184492 2.02847 1126.37 0.485727 0.833843 0.783385 0.788314 996.623 -2.92441 0.967225 1132.76
799.801 0.51308 1.51101 557.718 0.208711 -1.23313 1415.52 0.2622 0.506278 0.546377 0.501675 529.509 -2.2481 1.01497 1325.16
665.423 -0.341111 2.38556 358.83 -0.882464 -0.976408 1017.49 0.741871 0.512444 0.791424 0.749035 794.384 -0.534633 0.441774 1007
497.451 0.236974 3.09496 468.633 0.00355092 -1.77151 653.58 0.403247 0.445685 0.741931 0.740011 1986.34 0.759109 2.33586 1055.64
622.881 -1.01532 1.74609 491.277 0.701365 0.0361122 1371.5 0.514312 0.407873 0.674621 0.745224 1393.29 -2.44659 2.0905 1294.23
494.787 -0.799709 -0.952389 371.246 0.475426 2.92125 998.688 0.505209 0.462498 0.709173 0.740642 992.891 0.975782 1.92817 841.649
563.828 0.418255 2.54768 477.177 -0.459933 -0.259992 1136.19 0.621216 0.699813 0.734797 0.807511 371.748 -2.88622 0.849288 1071.61
727.927 -0.138434 2.0967 371.641 0.942269 -2.60361 964.252 0.610769 0.605341 0.498727 0.495935 2045.81 -0.630264 1.97335 1204.22
833.821 -0.126277 2.05386 667.19 0.0941423 -2.38248 1230.24 0.704587 0.354254 0.719611 0.778146 1478.97 -0.3303 2.05218 1515.96
692.128 -0.873115 -1.63802 331.381 -0.257899 2.90107 817.036 0.400787 0.787887 0.754499 0.885915 1568.09 0.045392 1.68342 1379.57
473.855 -0.25081 -0.817083 350.531 0.530085 1.82067 879.494 0.532654 0.27794 0.717838 0.803608 1070.4 2.77195 0.951277 879.426
520.159 -0.441214 -1.39137 365.144 0.45132 1.11198 928.08 0.797914 0.611455 0.826938 0.808999 779.59 -3.09556 1.7042 934.397
1657.9 0.407339 -2.99964 396.975 0.695438 1.4549 1332.53 0.109264 0.274197 0.392491 0.356481 1413.5 -0.483611 1.93852 2270.02
1549.83 -0.0788611 -1.5891 313.825 0.126816 -0.245028 912.958 0.142662 0.64137 0.478271 0.688691 2263.11 1.92444 2.16947 1917.36
1181.04 0.689257 0.911185 467.088 0.629467 -1.17365 1292.28 0.590893 0.412779 0.597078 0.85506 1306.72 2.6502 1.73901 1749.51
621.1 0.689452 -3.10796 355.844 0.298462 -0.770447 990.651 0.250401 0.78193 0.514797 0.715242 979.792 0.989483 1.75993 966.156
493.036 0.735466 2.00665 320.053 0.593032 -1.97145 747.372 0.671237 0.798983 0.718447 0.67365 449.423 0.874225 1.13243 951.816
1355.32 -0.648008 -2.73091 835.938 0.0158056 -0.883145 1870.39 0.0736396 0.390927 0.699059 0.57589 2301.64 1.08275 1.9659 2283.28
879.106 0.130878 -2.12657 706.233 0.72147 0.408247 1587.07 0.397709 0.536416 0.720637 0.631671 1484.1 2.93642 1.22019 1576.72
572.028 0.0153556 -0.738959 546.956 -0.512803 -2.67009 980.816 0.683618 0.780659 0.539537 0.712835 1098.55 1.16434 1.9033 1124.37
358.677 0.346405 -2.77638 311.231 -0.328739 -0.776039 657.106 0.555088 0.500222 0.694174 0.555545 794.345 0.766153 1.54219 1143.55
631.368 0.223674 1.8154 378.068 -0.153259 -2.38707 889.815 0.643181 0.694358 0.805057 0.814829 719.054 -0.736245 1.65083 1244.78
715.146 -0.506148 3.03584 531.806 0.301181 -1.52238 1080.95 0.226957 0.42027 0.387092 0.845225 245.267 0.41589 1.93827 1567.64
1066.43 -0.350335 2.20033 968.372 -1.40576 -1.07943 2324.93 0.712736 0.483287 0.759821 0.729102 421.08 -1.67807 0.598639 2281.86
825.938 -0.325067 -0.390493 375.805 0.791186 -1.52932 914.609 0.414226 0.729205 0.629171 0.80371 421.866 1.6285 2.019 1525.16
326.775 -0.850167 -0.985477 263.579 -0.0730438 2.07407 643.543 0.694639 0.498506 0.710466 0.813669 488.773 2.07742 0.00334287 742.429
988.924 -1.23802 0.476533 443.667 -1.12761 2.71386 1203.57 0.628514 0.571702 0.66768 0.545097 816.518 -1.92375 1.64557 1477.94
607.38 -0.186453 -1.23427 324.472 0.382119 -2.8294 713.535 0.752203 0.340289 0.741937 0.713073 1417.56 1.14345 2.31033 1138.89
522.374 0.0394826 2.52839 494.999 -1.16277 -3.11982 736.535 0.735659 0.720095 0.677317 0.822366 1308.94 -1.13914 1.98068 1468
468.019 0.279229 -0.0401293 388.737 -0.427556 -2.79493 909.755 0.672466 0.747153 0.790549 0.640872 362.192 1.8642 1.62406 839.386
614.686 -0.0838962 1.66403 350.567 0.777955 -1.40596 1031.51 0.779171 0.297364 0.698659 0.658025 1363.33 1.03748 0.62655 1194.48
1272.26 0.8947 1.97235 565.459 0.413033 -1.37348 1790.81 0.347358 0.206832 0.75245 0.561807 1484.45 -1.38481 0.0113267 2086.62
595.137 -0.245441 -0.432811 463.349 1.95649 -0.661843 1422.28 0.210086 0.860921 0.62871 0.778956 511.81 1.63853 2.07134 1423.05
486.99 0.416751 -1.03117 278.158 1.46491 -1.13946 443.517 0.608546 0.674661 0.567679 0.743685 1722.47 2.01991 3.05108 1075.09
746.242 0.66333 -2.17716 451.473 -0.510178 2.14261 1214.04 0.547795 0.784765 0.879526 0.811552 1281.89 0.272241 1.87037 1427.08
758.588 0.89246 -0.962226 457.467 -0.369144 1.86467 1449.79 0.734937 0.362563 0.74911 0.641319 703.489 2.97009 1.10542 1201.86
319.129 -0.584134 -2.6371 292.98 0.196692 0.446894 683.99 0.304554 0.558336 0.840988 0.438478 162.309 -0.176123 0.623017 621.173
505.609 -0.00285002 3.06337 318.178 1.08859 0.676032 909.058 0.0365359 0.613278 0.668287 0.535118 154.287 -0.847047 1.52308 1081.08
299.963 -1.18748 1.44138 262.484 -0.708094 -2.16864 575.714 0.739597 0.445325 0.788714 0.683781 542.26 -2.89586 0.727218 744.767
657.647 0.257816 0.340546 268.276 0.598614 3.08403 861.379 0.415857 0.466391 0.762955 0.671911 423.06 -1.46231 1.73685 923.32
689.247 0.288006 2.41173 585.417 0.581923 0.471182 1073.16 0.485705 0.477371 0.78963 0.756152 1645.23 -1.95339 1.91807 1680.37
1572.39 -0.143552 1.4935 836.549 0.438438 -2.46138 2284.37 0.746607 0.192371 0.775827 0.71493 1412.61 -0.383909 1.87741 2477.65
1196.61 0.93709 1.09578 252.158 0.903635 -2.43011 1099.57 0.277079 0.70127 0.772947 0.760222 880.981 2.52552 1.32755 1611.49
751.518 -0.408166 1.05065 615.405 0.300344 -1.22389 1374.43 0.724943 0.265397 0.715726 0.64492 14.7892 -1.09146 0.132421 1411.82
522.466 1.22239 0.4043 457.73 -0.319899 -2.42411 1279.81 0.434808 0.705359 0.721326 0.823683 817.161 1.01616 0.611857 1010.42
456.722 0.367001 -2.91131 451.037 -0.29608 1.19718 924.691 0.283372 0.357071 0.722218 0.766144 1393.63 -1.02913 1.88218 1013.73
1012.76 1.26892 1.57717 397.965 -0.876799 -2.31377 2038.18 0.592079 0.590855 0.821754 0.56133 650.537 -0.634622 1.67915 1540.95
441.432 0.540309 3.06576 375.565 -0.184924 0.594263 838.401 0.616152 0.483087 0.752641 0.492341 767.961 -1.00875 1.60302 807.387
1351.82 -0.0708287 3.09142 449.191 -1.5681 -0.0297475 2024.83 0.777882 0.61897 0.66249 0.801158 858.961 0.206928 0.236675 1798.26
1241.48 0.674249 0.276004 595.3 -1.33854 2.67702 2605.7 0.657906 0.541 0.732434 0.625763 894.057 -2.43559 1.17058 2016.99
655.347 1.50259 -2.49385 571.616 0.21896 0.994338 1488.8 0.698613 0.556637 0.709262 0.786842 668.386 0.764893 0.229445 1376.67
655.078 0.0567765 -2.95897 321.718 -0.753425 -0.521685 984.171 0.46717 0.717911 0.746117 0.709537 493.506 1.0976 1.61929 1131.49
710.526 0.676294 1.69493 406.55 0.16466 -0.531366 1024.12 0.731682 0.441248 0.740551 0.790023 1591.29 3.0994 1.40447 1217.78
593.92 0.874725 2.88922 402.28 -2.04053 -0.590755 2214.49 0.54987 0.532659 0.703444 0.66145 400.496 2.11197 0.777251 1348.57
367.881 0.864455 2.80332 322.592 -0.686607 -1.47676 838.188 0.310309 0.647985 0.764985 0.649713 1107.53 -0.116855 1.3599 810.265
404.994 1.32923 -1.58104 348.606 1.23506 -0.383725 472.627 0.582406 0.552677 0.701766 0.421501 1662.34 1.93678 2.3205 788.031
1062.28 0.144843 0.902131 667.189 0.761638 -2.34807 1775.46 0.522018 0.225269 0.769411 0.803938 527.304 -2.01135 0.336715 1736.84
352.254 -1.55809 -1.82797 306.139 0.172852 1.34221 939.368 0.215132 0.75168 0.747737 0.731534 136.526 -1.2026 0.625374 625.953
788.974 0.749405 -0.437601 355.279 1.13527 2.4241 1081.07 0.792494 0.761308 0.789611 0.749652 662.53 -3.05701 0.802073 1257.1
638.596 0.656882 -2.86653 541.51 0.325279 0.0492436 1199.51 0.404952 0.199551 0.798117 0.585747 299.755 1.47989 1.43064 1148.25
1300.39 0.213654 -1.81324 479.757 -0.328252 0.996691 1664.3 0.555147 0.329092 0.76532 0.800422 709.484 1.77725 0.780555 1752.96
470.077 0.565655 3.12598 457.207 0.0260442 0.789745 935.22 0.327115 0.758668 0.774402 0.715874 796.482 -2.20008 0.957127 1101.8
1147.57 -0.0601242 1.94977 427.346 0.561288 -0.761986 1446.74 0.788912 0.806796 0.696579 0.809233 531.707 -1.84547 1.08349 1710.18
623.82 0.535685 1.10165 495.657 0.448821 -2.36389 1113.4 0.765684 0.665432 0.701662 0.632973 1554.39 0.574033 0.527617 1251.25
615.725 1.25517 0.642811 364.491 -0.0323887 -1.24335 1030.42 0.672288 0.702582 0.729202 0.879549 1207.69 2.61974 1.97693 1110.91
1278.86 0.768019 2.93024 844.253 -0.829233 -0.208228 2787.14 0.629724 0.774044 0.833488 0.751812 156.275 1.71662 1.21362 2094.37
1049.26 -0.820792 -0.482611 742.804 0.659249 1.41306 2038.06 0.230046 0.594182 0.833264 0.81721 1479.59 -2.89966 1.97047 1919.32
513.583 -0.230149 -0.688192 317.993 0.404178 1.51349 783.232 0.79756 0.536623 0.84815 0.69722 293.418 -2.89647 1.87323 954.672
530.636 0.938928 2.83595 499.309 0.155043 0.347419 1070.45 0.381245 0.687633 0.777105 0.834235 738.186 -1.55969 1.88754 1643.64
942.498 0.128173 -1.44281 502.956 -0.266073 -2.8698 1004.45 0.522884 0.872944 0.188951 0.75735 1750.73 1.04773 2.36566 1725.04
965.306 1.13993 -2.45513 669.435 0.186985 1.39777 1719.31 0.721676 0.450889 0.767144 0.587999 476.21 -0.450954 1.84872 2273.32
501.852 0.724375 -1.25174 459.145 0.446728 -3.11071 794.557 0.342924 0.771342 0.755382 0.731128 1259.16 0.0741475 1.32589 1275.98
634.891 0.150616 -0.597174 568.389 1.47279 3.05445 1447.26 0.72357 0.44679 0.748027 0.859698 355.65 1.36769 1.68676 1343.05
487.203 -0.0469593 0.539499 335.822 0.152223 -1.00086 593.362 0.450221 0.339128 0.825946 0.798661 437.448 2.38389 1.84439 963.434
407.287 -1.02851 -2.33227 401.841 -0.637795 1.26361 815.577 0.694505 0.777697 0.876406 0.786048 1148.88 -0.849595 1.48268 1116.82
1253.79 -0.210709 -3.00135 1130.72 -0.223065 0.298552 2462.51 0.170123 0.172194 0.565737 0.637014 150.601 2.07225 1.20958 2402.09
389.326 -0.376683 -2.40513 270.775 0.496289 -0.469598 622.746 0.810967 0.543175 0.745476 0.752804 701.238 0.55645 1.02605 733.223
429.267 0.324277 -0.259005 331.843 -1.21119 1.53695 886.304 0.71855 0.256398 0.751016 0.829779 925.237 -1.93659 1.67758 950.978
514.986 -0.628885 1.09228 507.468 -0.613955 -2.01614 1049.87 0.435594 0.416902 0.580441 0.782067 1507.58 0.999698 0.092577 1171.24
629.425 1.19864 -0.725398 388.682 -1.00197 2.06695 1653.65 0.396447 0.301309 0.713287 0.683673 489.457 2.9416 0.874658 1147.91
739.796 0.242897 1.61175 273.645 -0.818835 -0.572269 1008.88 0.174334 0.320077 0.702834 0.687555 852.973 -2.16083 1.58856 996.854
1189.93 0.742831 2.97659 290.663 -1.81437 0.165064 2277.18 0.715142 0.782129 0.817572 0.808926 781.048 -0.370561 0.535625 1457.21
492.224 0.57252 0.540125 429.517 0.841773 -0.642128 551.351 0.627041 0.646776 0.56158 0.804768 1713.79 -2.76763 2.12551 1238.98
819.494 -0.0574407 1.81803 735.476 0.735144 -2.52672 1473.11 0.356801 0.723116 0.400064 0.71719 442.156 0.0334568 1.78457 2083.22
646.931 -0.300232 -1.16729 428.881 -1.22117 1.71069 1214.15 0.579267 0.194086 0.515256 0.678767 530.75 2.92713 1.21645 1198.86
871.951 -1.13422 -0.14551 270.441 -1.47833 -2.3101 900.275 0.649837 0.56021 0.798252 0.824019 971.209 2.59607 1.37702 1210.54
731.727 -0.779274 2.72177 533.057 -0.671908 -0.788682 1245.52 0.739984 0.288751 0.807236 0.854494 761.512 0.793741 1.58242 1275.39
862.87 -0.366992 0.343702 315.312 1.0109 -1.5732 1167.36 0.166901 0.395426 0.844381 0.719839 1210.08 2.74917 1.96081 1324.22
677.98 -0.0570596 0.384811 639.785 -1.66295 -1.73403 1657.85 0.779012 0.52436 0.682651 0.657243 1593.99 3.07209 1.47706 1311.28
974.775 -0.783057 -0.86836 594.308 1.3507 -2.10428 2163.04 0.847376 0.514303 0.760375 0.459964 1904.86 1.62904 2.4974 1806.27
464.829 0.500688 -2.39432 304.613 0.0935282 2.87426 409.279 0.435814 0.748079 0.72569 0.654854 1655.89 0.398183 2.47608 1139.1
506.848 0.089022 1.42871 367.321 0.238593 -0.954903 824.821 0.462724 0.675088 0.795077 0.816133 1158.72 -2.32061 1.3657 906.772
1529.48 -0.0643766 -0.250246 339.948 -0.739561 -1.90444 1179.71 0.537466 0.765062 0.492464 0.79401 1700.36 2.46678 1.91197 2047.95
455.273 -1.08404 1.78582 429.875 0.129461 2.86335 755.441 0.820686 0.698966 0.780157 0.782436 1253.01 -1.66504 1.7548 1096.36
768.626 0.0529681 2.14342 593.382 -0.333184 -1.70066 1317.86 0.346107 0.745417 0.705942 0.599614 495.953 -0.331967 1.36869 1491.21
903.887 -0.364394 -2.62361 702.374 0.0250849 0.605279 1737.27 0.0993805 0.348744 0.0878378 0.742514 248.916 1.18411 0.578826 1679.78
522.618 0.151369 -0.605932 259.31 0.0137409 3.12885 714.918 0.701312 0.706523 0.612081 0.719557 592.012 1.1591 1.76504 804.657
570.357 -0.173958 -0.680817 378.95 0.32441 1.79996 918.027 0.188409 0.355202 0.740565 0.70711 1502.34 2.82823 1.02827 1214.03
2143.17 -0.328557 -2.65564 393.846 -1.21466 -0.812587 1694.16 0.877714 0.804583 0.757131 0.819276 1777.89 0.829659 1.64225 2841.73
782.531 0.209138 1.78015 744.464 -1.49322 -1.27635 2140.29 0.446753 0.688621 0.62533 0.7865 394.518 -0.0377679 1.23858 1716.78
726.135 -0.526334 3.03317 284.443 1.85274 0.719419 1600.15 0.73294 0.267025 0.807121 0.765256 735.722 -1.16538 1.8848 1027.98
417.713 -0.63319 2.31642 290.997 0.650725 -1.17445 852.336 0.722923 0.333316 0.74455 0.652026 516.295 -0.132853 1.0416 685.123
1224.68 -0.05046 0.746729 727.691 -0.16937 -2.25899 1900.49 0.82455 0.884455 0.808285 0.835052 864.198 -2.5702 0.311211 1950.81
497.993 -0.878663 1.61165 496.192 -0.695593 2.65229 533.046 0.821181 0.793288 0.78493 0.837034 1353.57 -1.01017 2.62072 1294.6
688.533 -0.788271 0.561121 640.091 -0.290251 -2.23772 1388.21 0.190992 0.525138 0.563507 0.761096 764.59 1.41897 0.857851 1321.86
692.701 1.06577 2.22679 341.189 0.168088 0.757604 831.65 0.716651 0.579041 0.762295 0.594916 1277.28 -1.47321 2.23082 1218.25
622.788 -0.813332 -1.60705 467.328 -0.385955 1.16443 1098.91 0.46567 0.443333 0.577272 0.693851 391.264 -2.59311 0.986059 1154.7
1183.3 0.170732 -2.20199 379.43 0.0057136 1.50728 1310.79 0.692517 0.76537 0.738853 0.724443 929.791 1.07034 0.436942 1640.73
415.492 1.88327 -2.955 252.797 0.722045 -1.63401 578.524 0.620829 0.658672 0.80517 0.7191 769.486 0.918819 2.40937 947.129
627.413 -0.375162 0.848468 373.707 0.235746 -2.17278 1109.43 0.388449 0.284048 0.562467 0.685868 1303.37 -2.33507 0.162296 1052.61
598.576 0.617666 -0.184073 370.757 -0.26732 2.26168 1008.75 0.082494 0.286222 0.771307 0.628622 874.134 -1.8852 1.70113 1009.97
893.304 -0.363345 -0.415542 535.477 -0.361532 0.981851 966.2 0.402334 0.467655 0.382361 0.867834 627.432 2.91289 1.93104 1914.05
637.275 -0.234657 -0.380944 457.08 0.86589 1.49459 1133.34 0.111356 0.848844 0.741769 0.794645 1577.81 2.97933 1.48474 1115.06
424.977 -1.23809 0.903842 265.452 1.25411 -1.08885 1218.83 0.760955 0.489114 0.738771 0.725895 321.194 0.344254 0.559588 885.367
572.912 -0.719804 -1.96839 381.512 -1.16757 0.742485 990.709 0.552035 0.210894 0.747733 0.788769 913.258 0.307703 0.434783 1242.83
922.464 -0.133319 -0.530515 903.138 -0.308515 2.91309 1875.75 0.334822 0.322966 0.554425 0.378217 687.049 0.244222 0.774737 1987.97
1679.05 -0.0159462 0.235066 796.543 0.205 -2.75896 2393.33 0.157161 0.611423 0.723358 0.510726 847.744 -2.50045 0.258513 2673.29
602.336 1.20416 1.6178 416.756 0.677403 -2.51581 942.548 0.307364 0.703423 0.874983 0.600169 400.573 -2.1981 0.317707 1269.2
877.854 1.09026 -0.801654 424.741 0.238617 3.00725 1294.4 0.701442 0.324367 0.815727 0.810698 974.442 0.39349 1.19514 1360.06
767.126 0.0167997 0.959384 549.465 0.774922 -1.82844 1403.52 0.492719 0.593021 0.539448 0.821736 409.794 2.44089 1.48151 1479.63
943.346 -0.182792 -2.4073 414.091 0.751955 2.34901 1063.6 0.747174 0.779818 0.815924 0.728199 1141.32 0.661074 1.68793 1386.23
627.772 -1.52722 -1.60049 309.803 1.18357 1.01749 1828.25 0.706198 0.364589 0.72059 0.275713 281.735 -2.84536 1.24487 986.925
1074.69 -0.0914746 -1.28601 874.9 -0.182471 1.79852 2064.73 0.586812 0.40021 0.603418 0.277314 372.793 2.1604 0.361884 1957.98
549.011 -0.925072 -1.18264 520.671 -0.504109 1.50667 1076.02 0.540438 0.614899 0.629077 0.803682 1244.64 -2.78117 1.59853 1240.57
606.357 0.721915 1.19351 253.981 0.76991 -0.911575 715.698 0.361314 0.665999 0.703183 0.718857 751.084 -2.96701 2.05543 965.283
788.758 0.533724 0.235653 292.082 1.42422 2.86872 1041.13 0.183251 0.821481 0.761453 0.780118 761.962 -1.9388 1.47566 1282.6
1075.97 0.00556761 0.134096 527.318 0.00107009 -2.51758 1476.98 0.376289 0.390221 0.466613 0.613412 1108.68 3.01247 0.753129 1814.34
618.041 -0.148027 1.94197 281.32 -0.531773 -0.524298 811.816 0.746402 0.417886 0.712924 0.679213 812.019 -1.39064 0.866344 926.962
436.622 -0.791875 1.83013 333.793 1.50171 -0.401774 1282.82 0.603672 0.630665 0.743621 0.55797 854.311 -2.33728 1.93551 835.256
584.08 -0.814778 -0.312296 543.938 -0.0151403 0.684503 733.55 0.63262 0.470373 0.848036 0.67365 974.644 -2.21878 1.90648 1414.46
1397.06 0.323829 1.3627 885.552 -0.784265 -1.68865 2600.79 0.774375 0.094048 0.73161 0.802188 347.152 2.44084 1.07814 2309.71
1315.17 -0.901433 -1.00136 685.503 0.0004981 1.76801 2079.12 0.117857 0.576223 0.772851 0.807023 580.702 -2.68456 1.68319 2019.28
477.304 0.987382 1.22664 395.102 0.490867 -0.674575 785.958 0.471651 0.769259 0.496949 0.832931 1321.3 -3.05094 2.0056 871.731
778.319 0.367751 -3.08186 651.591 -1.25734 1.18659 1823.92 0.220361 0.51052 0.792666 0.288478 831.786 -1.24173 1.84013 1783.39
418.612 0.466342 -0.138358 388.345 0.114912 2.40267 824.569 0.260865 0.723379 0.674302 0.807759 536.742 -2.3961 1.48442 958.732
989.737 -0.227304 -1.66921 383.987 0.322902 1.64175 1349.02 0.208085 0.460503 0.731277 0.268177 1011 1.95559 0.313841 1673.34
908.618 -0.000711931 -1.16395 253.674 0.767057 1.11539 979.955 0.422311 0.766226 0.864993 0.830076 538.5 2.0878 0.972416 1250.68
699.446 0.212883 2.50062 600.517 0.707525 0.225702 1287.11 0.111025 0.743021 0.458479 0.742218 1783.73 -2.01705 1.76552 1266.69
757.271 -0.824476 2.55831 615.656 0.974733 -0.658714 1984.81 0.547915 0.434631 0.737141 0.767615 620.816 0.0669604 0.725674 1411.48
834.386 -0.539414 -2.90373 542.107 -1.08502 -0.296386 1405.51 0.441475 0.614387 0.328254 0.67534 1262.26 1.40373 1.70012 1774.32
970.328 0.430809 -0.321172 307.832 0.940836 -2.57024 1042.23 0.440901 0.741684 0.638006 0.749691 1014.09 2.51311 1.19984 1345.44
457.352 0.239684 2.87809 299.502 -0.759325 -0.962618 815.237 0.345115 0.768258 0.833226 0.79074 1218.73 0.976985 1.9011 751.837
2206.05 0.51444 -2.80847 266.231 -0.857998 0.13154 1917.31 0.643229 0.573024 0.699405 0.769849 1201.26 0.540099 0.408559 2463.51
588.553 0.98263 -0.514761 427.349 0.63962 2.01003 1040.32 0.161477 0.624393 0.687925 0.676154 991.398 -0.0328717 0.481889 1284.12
509.905 -1.07053 0.709256 439.525 -0.899243 -2.54581 965.198 0.591845 0.382433 0.870665 0.828297 278.023 -1.23827 1.30754 928.727
671.883 -0.458827 -2.0345 383.554 0.339083 0.816019 1100.67 0.176159 0.71981 0.719011 0.780933 1331.89 1.17501 0.358992 1114.72
591.052 -0.471854 2.06574 398.562 0.705647 -1.78952 1096.85 0.512596 0.740335 0.690108 0.805528 416.481 -0.429052 1.36046 1109.16
535.001 -0.612285 -1.03201 367.974 1.52761 2.51326 1438.46 0.182994 0.754482 0.737774 0.820784 1121.4 -2.55296 1.21697 1221.41
1150.84 0.64171 1.50857 788.479 -0.641924 -1.17003 2314.46 0.445438 0.443172 0.640896 0.869089 1315.93 -2.86305 1.69302 1949.69
604.614 0.151892 -2.89608 535.78 -0.969207 -2.29693 771.313 0.610191 0.562208 0.823868 0.58207 1886.66 0.545023 2.84196 1375.97
404.322 0.797364 2.72839 336.305 1.03152 -0.248999 752.129 0.582882 0.404103 0.693195 0.712618 30.153 1.88096 0.847425 776.169
833.896 -1.48305 -0.996598 576.917 -0.682169 1.02227 1319.67 0.808597 0.472185 0.821575 0.676356 1102.27 -3.03287 2.03627 1457.72
518.154 0.687686 2.52771 395.073 -1.31682 -0.043625 1385.84 0.249877 0.611646 0.719142 0.491969 871.689 -0.849371 0.805746 933.523
1157.82 -0.589893 -2.02159 293.546 0.564773 -1.91092 728.442 0.32702 0.227124 0.241085 0.631724 2769.24 1.13057 3.04149 1564.08
725.691 0.745387 0.781199 386.556 -0.284525 -2.34989 1254.53 0.839787 0.276854 0.821478 0.520241 225.672 1.82727 1.04607 1120.67
773.385 -0.998028 -2.11498 262.545 0.326206 1.89972 1067.4 0.261637 0.315818 0.741828 0.612196 1878.38 0.847141 1.05257 1055.84
455.603 0.647944 2.82913 416.144 0.914535 -0.203342 889.677 0.6898 0.79896 0.779074 0.791093 1301.14 -3.1042 0.34985 1247.96
487.971 -0.488661 1.19347 426.542 -0.909343 -0.41343 746.607 0.315168 0.526297 0.836469 0.69847 1484.39 -3.05038 2.03934 950.573
993.629 -0.175877 -0.391869 447.945 -1.40365 1.57735 1491.99 0.260878 0.590273 0.806845 0.833814 1187.2 -2.84265 1.86319 1495.05
1024.46 0.367725 -0.0895663 346.619 0.488712 2.14315 1094.74 0.22184 0.495758 0.725785 0.753706 1676.1 -2.76641 1.37363 1503.68
783.187 -0.371402 0.26958 371.893 -0.00268007 -2.27606 1101.19 0.0485203 0.745717 0.605845 0.842895 1416.23 -2.92766 0.651599 1200.24
575.363 -0.300973 -2.40786 277.287 -0.696231 2.06982 677.122 0.549832 0.363965 0.623548 0.419424 1053.9 -0.0371816 2.107 834.47
981.376 0.386942 -2.93025 458.233 -2.01349 2.54105 2100.96 0.453703 0.405351 0.646935 0.752277 1197.84 -0.673604 2.25664 1822.01
733.327 -0.281703 -0.811402 326.359 1.75551 -2.94117 1462.53 0.691237 0.611653 0.74795 0.830099 129.59 1.9963 1.34571 1300.33
423.324 1.37533 2.31626 373.724 -0.19255 1.94397 712.579 0.35791 0.519811 0.726784 0.797819 1992.04 -1.2073 2.75962 1079.69
907.719 0.253753 -2.6348 290.642 -0.419761 0.842267 1094.88 0.659612 0.753189 0.78625 0.834744 1590.2 -0.0905668 0.932834 1320.72
387.305 -1.13415 -1.58278 255.276 -0.314444 -0.831286 392.215 0.592899 0.715601 0.664158 0.587387 301.8 1.46112 2.29241 754.944
521.047 -0.0208541 -0.284255 460.901 -0.429874 -2.34175 879.819 0.540618 0.345119 0.317999 0.715832 685.296 2.16732 1.77411 1325.49
1600.24 0.148909 2.69827 836.502 0.839166 -1.00481 2384.21 0.48481 0.776128 0.495024 0.722957 1191.08 0.604089 1.6089 2458.65
903.749 -0.373846 3.01636 391.239 -0.507029 0.0327387 1219.76 0.430669 0.710677 0.435574 0.75967 1218.53 0.134598 0.101859 1476.62
780.07 -0.0881344 2.22559 436.764 -0.0025912 0.451938 914.6 0.351407 0.628218 0.743232 0.712633 1894.49 -2.29039 1.76721 1528.46
757.112 -0.447367 -1.02484 416.392 -0.46922 2.64889 1124.7 0.174139 0.615479 0.528235 0.705365 737.271 -0.460937 0.563908 1631.26
694.156 0.256433 1.04913 547.305 0.632134 2.91454 1035.92 0.486984 0.82718 0.768397 0.748322 1378.27 -0.14267 1.1918 1627.44
1338.7 -0.583538 -3.05304 305.221 -0.216415 1.89565 845.139 0.15627 0.581488 0.781645 0.752565 2308.26 -0.313041 2.20869 1803.28
569.157 1.25151 -0.546359 288.648 0.204812 2.95709 939.378 0.657456 0.24789 0.695066 0.497209 1088.06 -0.352286 0.194073 1116.72
789.876 -0.206829 2.36698 468.244 -0.603891 -0.634251 1270.84 0.274696 0.669619 0.605877 0.784571 388.552 3.02999 0.66301 1497.61
508.991 -0.910336 2.97146 339.952 0.202844 1.1704 846.45 0.560248 0.388387 0.346434 0.709205 2217.96 -1.38061 1.93112 957.616
794.438 0.769334 -2.22668 752.559 0.440598 -0.250976 1350.94 0.394196 0.204553 0.850489 0.614191 1897.31 2.1238 1.93271 1515.6
662.377 -0.483693 2.01681 290.59 0.152637 -0.25651 882.401 0.688883 0.330758 0.691917 0.830163 1544.24 -3.03413 1.23224 931.463
447.981 1.12228 2.30527 384.9 -1.47568 -0.887835 1655.64 0.3729 0.232637 0.763896 0.716142 74.2389 0.399422 1.28726 851.523
340.746 -0.625117 0.105504 256.048 0.0753494 -2.96205 643.542 0.703953 0.745913 0.769094 0.791665 1047.32 0.155103 0.0495992 664.229
1552.71 0.378423 2.68234 934.478 -0.930853 -0.484888 2948.37 0.698979 0.557075 0.693475 0.639233 583.657 0.668117 1.153 2836.88
1684.84 0.230986 -1.56328 674.923 -0.041003 0.739993 1981.84 0.627385 0.337199 0.705063 0.421627 1118.19 2.50371 1.76371 2445.68
624.759 0.616548 1.60416 263.984 0.73197 -0.265179 680.654 0.630699 0.496591 0.766596 0.634992 1089.48 -2.07433 1.80915 918.062
2523.31 -0.25347 1.40235 1948.59 -0.654214 -1.68797 4546.16 0.724076 0.549716 0.805646 0.712868 515.424 -2.07252 0.384557 4506.29
1048.76 -1.37169 -0.621553 389.625 0.0885672 1.06734 1443.98 0.431707 0.553713 0.400799 0.583113 1316.19 2.61156 1.54422 1725.7
498.146 0.597966 1.35903 401.144 -0.617256 -0.741631 984.455 0.728211 0.314458 0.632646 0.442245 1781.24 -2.4952 1.75357 882.209
765.307 0.417527 -2.5897 591.254 -0.487242 3.09121 753.494 0.709572 0.707063 0.663643 0.738497 2183.22 0.120146 2.70985 1491.73
493.316 -0.00401376 -2.34055 471.675 -0.0621996 1.74082 869.81 0.644615 0.202752 0.666892 0.679357 1692.05 -1.19817 1.14238 1058.31
709.895 0.353549 2.91485 313.465 0.931974 0.0851516 983.258 0.754228 0.651985 0.622576 0.805799 1541.46 -1.43663 1.52178 1179.38
928.046 0.275864 0.0357276 313.042 0.324882 -3.11243 1097.53 0.549044 0.621321 0.561152 0.681179 264.732 -2.85616 0.256266 1349.66
495.972 -0.659418 0.337466 261.212 0.591783 1.9518 728.439 0.44135 0.547625 0.720669 0.826521 1262.9 -1.98369 2.32115 891.686
396.666 0.943514 0.709338 263.404 0.312221 -2.1355 704.401 0.774269 0.238682 0.635776 0.790595 855.642 -2.97473 0.839227 896.92
1277.02 -0.430883 0.436423 682.753 -0.121326 -2.29273 1871.14 0.360068 0.611866 0.647037 0.695472 775.893 -3.039 0.746264 2061.17
556.032 0.284979 -0.31918 456.514 0.27493 1.84124 897.19 0.717035 0.231436 0.767907 0.667508 692.87 -1.79373 1.47455 1420.08
1016.36 -0.409395 3.05628 450.274 0.134614 1.2558 1136.5 0.701923 0.809471 0.779768 0.726911 648.801 -1.68025 1.54665 1884.3
454.019 -1.50134 1.54028 324.147 1.06233 -2.89856 1444.02 0.773524 0.490562 0.805974 0.629542 592.051 -0.590872 2.13115 896.312
356.78 -0.739223 1.62042 289.714 0.35988 -0.170166 645.075 0.708395 0.31353 0.801762 0.754629 1700.35 -2.15919 1.98903 951.417
2041.95 -0.305743 -0.653117 361.56 0.0342748 1.91422 1715.44 0.103364 0.242359 0.677654 0.36351 1635.35 -2.60245 1.76652 2387.29
1020.47 -0.770325 0.488195 312.802 -0.252925 -2.90294 1180.33 0.600719 0.663939 0.779479 0.712518 382.421 -2.37173 0.531211 1322.24
1467.87 -0.314329 2.25673 497.877 0.099067 -0.860964 1780.39 0.441166 0.539974 0.522079 0.709446 179.065 3.06461 0.807873 1987.99
1482.74 0.692393 -0.206778 1058.25 -0.0095379 2.10539 2472.29 0.648492 0.311708 0.817536 0.787227 1547.34 -2.11629 1.90951 2786.74
533.837 -1.21244 2.06895 323.145 -0.950025 -0.557225 825.412 0.551111 0.440317 0.719182 0.708515 1012.2 1.86106 0.207892 1206.25
573.125 -0.675878 1.50191 483.704 0.190323 -1.52774 1198.1 0.752722 0.271983 0.748448 0.59733 185.805 2.67667 1.17476 1149.29
634.35 0.206085 0.830475 250.609 1.97756 -1.47774 1106.64 0.270246 0.71318 0.573534 0.678575 484.603 3.13199 1.67345 908.894
916.538 -0.10546 2.63643 342.617 -0.362521 -0.814372 1183.28 0.56708 0.323688 0.751424 0.635531 466.676 -2.17806 1.36368 1413.8
861.912 -0.12435 1.88812 514.332 -0.637071 -1.17214 1391.65 0.611312 0.651259 0.81107 0.465911 1686.28 -1.26624 0.0941018 1805.65
499.431 -0.0137407 -2.04314 418.947 -0.223873 1.50522 931.119 0.774559 0.282382 0.773552 0.851251 851.935 0.195251 1.30997 926.042
1200.65 -0.241306 0.410435 654.805 -0.676773 -1.84829 1868.41 0.0229182 0.107956 0.85427 0.823447 2061.02 3.07694 1.35795 1880.41
775.91 0.362173 2.34007 330.45 -0.254962 -0.281765 1103.85 0.434356 0.769326 0.705562 0.809636 1298.07 -0.951594 0.669829 1209.17
614.973 -0.218834 -1.17097 542.922 1.65393 0.604448 1562.49 0.618728 0.563458 0.758131 0.822543 859.183 2.85151 2.24707 1305.96
433.675 -0.17524 -2.81151 338.756 -0.162389 -0.301127 753.551 0.763843 0.305325 0.805848 0.664968 511.756 0.130115 0.431242 922.969
493.254 0.925572 2.58231 261.522 1.88878 -1.7035 722.275 0.830952 0.200306 0.815785 0.829774 899.2 -0.130036 1.57347 769.669
720.189 0.12462 -0.609757 466.677 0.0424539 2.93824 1142.89 0.720205 0.756305 0.751906 0.740065 1174.48 -0.376244 0.233513 1454.11
500.728 -0.259068 1.66215 353.53 -2.55619 -0.561456 1511.33 0.325567 0.360688 0.520309 0.628034 1071.35 -1.92594 1.36448 1014.46
790.44 1.13483 -2.9508 400.96 -1.42175 -0.923797 2107.13 0.780211 0.206679 0.831375 0.729969 1618.86 0.625977 1.54977 1167.84
1170.19 0.639324 2.23131 261.175 0.696961 -0.0164525 1028.56 0.744249 0.716081 0.816019 0.727024 1066.55 -1.75544 1.73899 1394.73
515.839 0.687275 -0.63498 269.407 1.15588 -1.86421 522.137 0.349006 0.740057 0.622461 0.692552 1490.82 2.17482 2.24415 918.374
503.211 -0.346785 1.07379 337.386 1.64898 -1.26823 1234.74 0.59794 0.25011 0.72244 0.799533 1311.06 -2.30064 1.03241 827.723
854.267 -0.390463 0.236564 259.005 -0.655362 2.2136 812.391 0.445995 0.761909 0.797857 0.805746 1358.65 -2.73755 1.33204 1160.99
853.175 -0.551892 0.600256 529.725 -0.320297 1.81849 796.309 0.555237 0.64902 0.545474 0.822264 1077.01 -1.8187 2.41896 1636.15
363.982 -0.289183 0.788748 261.484 -0.492048 -2.8315 621.728 0.81432 0.783665 0.829507 0.720696 730.417 -1.60243 1.22907 644.632
608.73 -1.24172 -2.38222 456.685 1.57347 2.09894 2213.98 0.0209568 0.729565 0.745583 0.755809 1209.8 0.633473 1.46546 1294.48
986.678 -0.513899 -1.87608 579.981 0.712616 1.15578 1834.23 0.549538 0.610203 0.768233 0.684939 240.595 -2.9082 1.03212 1568.9
571.698 -0.280517 0.771914 379.989 0.391045 -2.266 995.691 0.820926 0.360127 0.752413 0.809405 138.003 2.11997 1.34805 920.97
693.347 -0.707206 -0.974818 539.423 -0.297994 1.55365 1207.24 0.640116 0.715704 0.805353 0.857669 890.771 -2.39722 1.4224 1289.11
1002.41 0.212541 1.78661 341.958 -0.903065 -2.31819 1255.9 0.736088 0.796591 0.714312 0.817241 578.164 -1.40966 0.90852 1553.97
621.222 -1.39918 2.05234 257.271 -1.73249 -1.62821 790.161 0.774306 0.619247 0.66927 0.707704 574.041 -0.632079 0.996135 891.489
725.236 0.0325469 -0.122668 714.756 0.513063 2.62667 1489.73 0.663837 0.542892 0.732363 0.637471 806.764 -2.44458 1.21193 1424.81
1028.62 0.128537 1.92752 965.96 0.0559443 -0.791194 1989.38 0.769431 0.235661 0.910974 0.775886 1054.69 -1.51697 0.725775 1974.8
378.127 -0.130925 2.29044 287.145 -0.227678 0.525358 533.05 0.793519 0.396991 0.760737 0.700329 1411.92 -1.34888 1.87424 900.88
1012.97 0.251854 -1.80407 637.354 -0.522741 1.77297 1754.42 0.65713 0.0748 0.818088 0.820662 1004.45 -0.601583 1.20249 1646.67
427.213 0.176857 -2.29605 365.769 1.07597 1.73478 841.469 0.372412 0.519454 0.584898 0.79187 970.843 0.182793 1.55199 785.333
1025.26 -0.857431 0.0417214 402.203 0.760442 -2.32909 1682.97 0.419167 0.286382 0.745249 0.744616 258.048 1.73676 1.69504 1729.89
1073.46 -0.483028 2.17871 418.225 -0.61262 0.394908 1066.21 0.527963 0.390696 0.397222 0.73446 2057.29 -1.30972 1.70463 1496.12
893.846 -0.635674 0.272345 542.72 -0.32396 -2.24606 1400.72 0.806499 0.368679 0.789519 0.657792 958.188 2.75988 1.27725 1433.49
774.472 -0.12182 -1.22109 613.045 0.417177 3.12842 1230.3 0.19549 0.697488 0.476633 0.785157 1671.96 1.14471 1.98371 1425.44
711.504 -0.236561 -1.3264 550.729 -0.955553 2.25802 1358.48 0.433474 0.0672163 0.696474 0.669043 1170.64 1.53404 0.723983 1421.16
714.452 -0.463874 -2.74779 359.559 -1.19791 -0.531434 1043.98 0.217781 0.69995 0.562983 0.674009 1395.95 0.625254 1.15669 1202.63
530.537 -0.691823 -0.386668 295.686 1.62716 -0.956468 1174.21 0.61088 0.759038 0.574796 0.767135 1966.33 2.21617 2.60284 1052.69
368.717 0.403848 -2.7844 269.356 0.163627 1.36374 565.499 0.749668 0.785668 0.61969 0.733585 872.548 -1.03473 1.74967 839.987
837.142 -0.981849 -2.95765 440.449 0.682262 -0.279975 1648.77 0.412623 0.694192 0.528949 0.773926 700.969 -0.124442 0.155533 1407.74
550.055 0.236335 1.60419 523.049 -0.93375 -0.464125 1216.13 0.246608 0.112418 0.79877 0.813666 1483.14 -2.56017 2.09604 1075.5
444.151 0.678248 1.6403 432.149 -0.880504 -0.401807 1077.69 0.787815 0.471273 0.77482 0.770254 651.297 -1.36544 0.963637 1193.37
684.492 -0.416635 0.025048 627.434 -0.221477 -2.58952 1283.93 0.473857 0.833316 0.643001 0.760246 792.686 1.86588 1.82778 1283.94
734.028 -0.271306 -0.156582 276.531 0.112162 -1.57494 626.069 0.151499 0.505323 0.765536 0.708539 1937.41 2.47392 2.23433 1151.78
1055.68 -0.0962166 0.937052 321.438 -0.745749 -0.593461 935.281 0.784519 0.36584 0.759872 0.624217 1761.56 -2.77688 2.18342 1567.15
1329.97 0.295616 -1.8238 572.652 0.152474 0.733707 1684.23 0.695288 0.799723 0.708202 0.806757 1069.89 2.15272 1.41901 1919.29
1629.28 0.74744 0.971337 410.091 0.272969 -2.87077 1606.47 0.590368 0.384981 0.845711 0.438138 1409.01 -1.33789 1.53288 2044.04
566.701 1.22006 2.67301 286.141 0.159776 -0.133993 956.511 0.128249 0.792295 0.80398 0.742613 614.358 3.06589 0.392879 1067.44
645.207 0.364523 0.00565549 476.652 -0.0679515 2.59433 1103.86 0.662018 0.565462 0.76265 0.753091 770.616 -2.37694 1.31191 1238.33
658.044 -0.371506 -1.17966 599.828 0.00149195 2.94578 1145.54 0.426479 0.76524 0.788907 0.822185 1297.99 0.549477 1.72914 1444.39
1058.57 -0.593095 2.073 452.521 0.557041 -0.311273 1552.26 0.705441 0.73861 0.802894 0.848694 1426.59 -1.59281 1.28153 1633.59
504.309 -0.634689 1.09688 400.158 0.868442 -1.53658 1164.1 0.815242 0.557556 0.715119 0.780286 991.721 -2.79851 1.26193 873.186
387.214 0.98921 -1.30028 296.831 1.41011 1.24186 673.898 0.635324 0.639631 0.754562 0.785226 852.767 2.88693 1.64506 958.956
594.221 0.269581 -0.560913 465.956 -0.748195 -1.99671 907.123 0.376033 0.52506 0.823418 0.566558 1646.71 2.05147 2.235 1537.76
447.048 -0.177636 -0.301428 387.175 0.443335 2.87871 883.672 0.737952 0.697008 0.847422 0.760348 117.554 -0.194879 0.106549 849.464
773.927 -0.705546 -1.6839 440.287 0.879603 1.22157 1553.23 0.448569 0.606824 0.614232 0.74491 278.84 0.296166 0.9254 1620.19
501.892 0.112625 -1.3498 443.415 -1.26055 0.502414 1046.23 0.390758 0.655448 0.305736 0.7464 958.363 1.56573 1.06332 1083.15
406.599 -0.489193 0.0852377 359.561 0.467508 -2.42285 836.366 0.464004 0.655887 0.690885 0.789604 1173.85 1.32078 1.23555 844.177
2105.48 -0.694369 2.02243 896.165 0.869117 -2.18037 3360.02 0.74401 0.309247 0.797396 0.691203 1044.23 -0.927967 1.2524 3480.12
961.74 -1.08624 1.3182 338.361 0.174172 -2.16425 1374.04 0.726861 0.710516 0.852775 0.72827 1071.71 -1.46915 0.695105 1331.74
707.115 -0.77404 -0.784624 322.517 -0.541361 -1.99784 581.822 0.803141 0.706004 0.756151 0.775285 2513.54 1.86042 2.42492 1060.93
436.682 -0.0539043 1.73858 275.936 0.867053 -1.68234 776.708 0.704974 0.823068 0.853345 0.827743 5.00535 -0.321391 1.36095 1129.77
507.333 -0.0503172 -1.28091 361.493 0.155006 1.26187 846.576 0.738282 0.618303 0.585645 0.884746 789.911 2.68575 1.42388 871.203
717.027 -0.544791 0.147555 290.31 0.758318 0.530779 679.862 0.762769 0.66478 0.831043 0.356117 2087.54 -2.63722 2.78478 1187.75
1369.89 -0.336673 -0.265053 282.844 -0.245374 2.53 1275.31 0.190995 0.45405 0.669472 0.738806 2539.37 2.84647 0.316468 1778.38
1129.68 0.0628487 -0.640618 808.271 -0.255459 2.38624 1947.24 0.726212 0.656867 0.744886 0.717703 903.104 2.53179 0.145551 1955.1
427.556 -0.822214 2.86117 282.372 0.942472 0.273716 974.542 0.498011 0.413186 0.802876 0.567768 249.74 -1.26984 1.54355 773.323
747.274 0.270202 -1.1325 457.852 -0.796572 1.54183 1323.29 0.0993942 0.553978 0.690556 0.727484 786.828 -2.80504 1.67254 1229.02
615.753 -0.0696852 2.80236 427.033 -1.66509 -0.26687 1384.79 0.230823 0.796881 0.379607 0.727671 1573.17 0.00187428 0.268745 1268.3
785.42 -1.04857 2.13891 538.491 0.508765 -0.534971 1703.52 0.371357 0.79718 0.69562 0.749811 601.143 -1.05777 0.522796 1464.54
732.526 -0.950101 0.80799 345.475 -0.262699 -0.747564 869.349 0.130945 0.553021 0.811486 0.750109 1315.74 -2.95785 2.21029 1184.23
933.687 -1.1614 2.11997 374.501 -1.5805 -1.69977 1167.93 0.422226 0.635486 0.783968 0.575365 698.956 0.1863 1.88607 1290.24
422.847 -1.15615 -1.20117 347.075 0.70846 2.52154 1107.9 0.672034 0.73901 0.737862 0.707932 780.108 -3.04884 0.712811 1003.42
747.203 0.519529 -2.2352 697.31 -1.30001 1.29749 2144.43 0.1153 0.576647 0.632967 0.749092 409.48 0.117344 1.18014 1524.97
668.388 -0.625413 -2.91492 267.464 0.878597 0.0720425 1107.23 0.727513 0.724188 0.847676 0.661708 570.67 0.464658 0.392615 951.666
661.213 -0.637297 2.52427 332.716 -0.36709 -0.203497 946.717 0.816117 0.308939 0.736168 0.723104 237.71 -0.593751 0.390255 1132.55
607.858 -0.0268271 -2.36161 328.975 0.205557 1.29298 893.412 0.417606 0.640249 0.565274 0.690575 990.73 1.03972 0.25326 1189.38
878.58 -0.848118 -2.84035 306.954 1.13703 0.363942 1632.22 0.299251 0.724881 0.399205 0.66607 835.227 0.293141 0.070801 1232.19
894.289 1.07318 0.926484 388.457 0.332582 -2.7001 1281.36 0.165372 0.342476 0.722214 0.502643 425.092 -0.949832 1.75027 1379.29
1323.66 -0.664826 2.07296 357.703 1.0954 -1.12635 1980.68 0.362685 0.651025 0.696048 0.781655 561.912 0.29768 1.42403 2158.82
938.027 0.898059 -2.03053 679.031 -0.347324 1.79242 1871.55 0.409579 0.321311 0.407964 0.564233 1101.28 -0.344688 1.68584 1580.76
664.381 -0.915116 -2.28343 513.673 0.343929 -0.655917 1203.51 0.387209 0.554161 0.656693 0.790497 1461.05 1.85658 2.14318 1302.16
913.732 0.11625 0.0527754 628.508 -0.546426 2.51101 1535.88 0.396334 0.754279 0.680929 0.796014 1268.1 -2.07114 1.70104 1524.14
974.566 0.907801 -0.995927 569.467 0.452295 2.9589 1424.43 0.711179 0.676404 0.769639 0.779814 1018.62 -2.74919 0.5751 1988.83
1027.62 -0.458065 1.03963 553.92 1.41422 -1.771 2240.6 0.693305 0.180708 0.821954 0.612702 539.959 -2.33602 0.565026 1675.15
605.192 -0.385558 -2.29083 445.924 0.101222 2.2402 904.564 0.357081 0.346216 0.551655 0.618194 1768.17 0.0870379 2.15317 1079.79
1047.39 -0.306854 -2.7521 566.561 0.951033 -0.65094 1699.14 0.0840605 0.226544 0.714961 0.613902 1285.03 1.44774 2.08335 1788.38
431.099 0.304636 -2.5122 407.262 1.07023 2.97096 476.766 0.543361 0.2801 0.731345 0.737228 446.089 -0.382402 2.1298 1238.34
260.064 -0.720845 -2.16166 258.151 -0.0589038 0.541569 542.318 0.367264 0.581361 0.588922 0.706697 839.136 -2.66888 0.507215 647.925
1123.34 0.218798 -1.93134 454.849 -0.511674 0.948464 1536.93 0.187676 0.532667 0.507767 0.539355 741.216 1.32593 0.377463 1646.14
482.843 -1.49442 0.612778 329.05 -0.653811 -2.35362 873.516 0.729711 0.399883 0.721926 0.787106 55.6899 0.49814 0.114639 878.637
293.164 0.082487 3.09863 287.328 0.112591 1.63043 427.89 0.317743 0.819239 0.785778 0.7661 611.782 -0.963923 2.22063 772.84
529.772 0.899122 0.648893 444.714 -0.959039 -2.33553 1436.83 0.7723 0.579963 0.814965 0.45671 572.634 -2.69406 0.35853 1044.26
630.06 0.264926 -0.426912 443.385 -0.448825 2.61684 1143.85 0.540933 0.528653 0.637624 0.789517 272.604 -1.09341 0.666493 1080.78
780.478 -0.760399 1.87738 658.886 -0.508477 -1.76224 1480.88 0.239208 0.613717 0.760878 0.396899 1290.97 -0.643964 1.11828 1517.2
947.346 -1.12136 1.45937 250.225 0.529966 0.379408 1045.56 0.772169 0.834986 0.798795 0.813129 2258.77 -2.03179 2.4112 1240.54
908.271 0.750447 2.89921 482.493 -0.233798 -0.654531 1482.59 0.693833 0.515365 0.807912 0.750446 825.024 0.758933 1.41346 1363.4
479.88 -0.209489 -2.46847 443.519 -0.462017 0.395447 952.493 0.260108 0.709807 0.377167 0.696205 955.937 0.893748 0.498301 1047.07
475.948 -1.05269 -0.148888 378.489 0.435843 -2.05841 982.299 0.739912 0.664486 0.755727 0.747779 916.685 1.33778 1.48667 995.932
1612.88 -0.422811 -1.99641 714.395 -0.528503 1.98742 2036.57 0.81072 0.587461 0.766395 0.617403 619.384 -0.305365 1.69105 3001.63
556.24 1.16074 2.35567 481.006 0.688961 -2.29114 802.378 0.347047 0.54328 0.635939 0.776822 1288.41 -0.467947 1.8232 1450.79
403.069 -0.529231 -2.65561 343.764 0.246453 -0.820369 673.231 0.783817 0.38671 0.812936 0.780155 1001.8 1.16441 1.98478 753.578
653.027 -0.314007 1.49198 298.843 1.5532 0.518479 1052.52 0.383798 0.761964 0.865635 0.745867 984.162 -1.31661 1.83509 1010.44
899.472 0.270833 0.928045 280.39 0.932921 -1.81727 1064.57 0.825719 0.23437 0.805712 0.788674 747.534 -2.70035 0.88308 1175.67
677.273 0.546385 2.31838 509.259 -1.68467 -0.734367 2033.57 0.263898 0.522379 0.325608 0.814545 382.35 -1.23755 0.503185 1187.94
896.21 0.083735 1.77776 564.467 0.684255 -0.799731 1446.63 0.696574 0.559628 0.671038 0.400324 713.712 -0.358938 0.440793 1885.19
603.801 -1.04873 0.022125 330.842 0.5004 1.17664 923.667 0.756681 0.726888 0.755419 0.772652 1574.56 -2.54184 2.56396 1086.75
708.362 0.0820353 0.267742 353.329 -0.0376503 3.12339 1001.83 0.602894 0.627128 0.579804 0.788294 536.721 1.92679 1.1966 1322.58
839.901 0.755929 -0.39821 587.573 0.665507 3.10404 1415.92 0.290928 0.66175 0.691453 0.767612 693.778 2.77949 0.324556 1465.1
366.64 -0.242459 0.128446 304.128 0.911216 1.83437 663.021 0.415327 0.82122 0.649887 0.787123 971.276 -2.53533 1.91348 775.524
815.964 0.0186541 -0.371909 480.968 -0.690184 -2.80922 1275.55 0.70701 0.0611034 0.74692 0.748146 895.944 2.10171 1.37226 1289.82
712.553 0.314534 2.53492 472.496 1.60627 -0.33152 1415.81 0.590616 0.625174 0.559917 0.630252 2008.03 -0.873553 0.542033 1181.65
554.106 -1.12647 0.755064 439.983 -0.0912891 -2.68077 1135.47 0.357988 0.459772 0.763946 0.680012 425.008 -0.163269 0.918333 968.535
495.873 -0.37085 1.36989 478.069 -0.504314 -1.65854 1017.01 0.132416 0.126423 0.56685 0.834869 1021.8 3.03974 1.5849 1107.04
723.926 -1.13215 2.34831 705.118 -0.359773 -1.28148 1542.8 0.121613 0.334545 0.784433 0.268205 518.152 0.668069 1.68024 1518.69
634.754 -0.125135 -1.10673 439.082 0.23206 1.25046 1005.94 0.704602 0.433379 0.717842 0.677589 750.236 2.5602 1.30975 1153.79
618.67 1.11847 2.55235 459.902 -0.266073 0.279719 1286.74 0.445288 0.44355 0.402457 0.452099 1097.42 -1.75436 1.97647 1066.79
661.647 0.745954 -0.0527854 647.177 -0.458767 -1.98155 1370.09 0.711353 0.721927 0.655908 0.785928 1116.58 -3.11253 1.13098 1559.34
430.223 0.347036 1.32345 423.328 0.410143 -1.46397 852.315 0.534617 0.613334 0.784482 0.61547 303.894 2.10777 0.784323 897.678
1460.49 -0.00304262 -2.85806 275.055 -1.24915 -0.318764 1493.94 0.361489 0.559358 0.588004 0.717564 938.864 0.795293 1.11406 1780.1
719.514 0.674958 -0.664034 369.811 -0.806892 1.20837 1181.89 0.512141 0.550897 0.576964 0.647275 1250.94 3.12693 1.91856 1125.51
780.906 -0.725239 0.694421 275.352 -0.895929 2.89418 863.121 0.803372 0.716186 0.834315 0.752624 1195.82 -1.865 1.52401 1017.14
291.595 -0.892513 2.8776 265.727 -0.202226 -1.28215 535.031 0.652572 0.599773 0.591775 0.689729 1179.54 -0.673006 0.60914 710.936
1773.14 0.0720412 -1.32223 567.151 -0.857751 2.80432 2034.8 0.526312 0.297004 0.781717 0.784089 1464.46 1.4494 1.35492 2529.83
355.782 0.321451 -1.73841 261.554 -2.06091 1.49414 1103.18 0.42116 0.683413 0.804669 0.616149 804.466 1.23478 0.259363 621.823
1745.65 -0.304903 -2.76583 950.347 0.0335186 0.722269 2588.41 0.764271 0.794324 0.770272 0.749236 183.581 -1.09329 1.67254 2807.26
327.761 0.390026 2.28978 277.177 0.0560628 -0.597722 650.372 0.774929 0.390641 0.726193 0.552746 435.99 -0.913257 0.315535 783.893
376.854 -0.147104 -0.205872 300.201 -1.40419 2.90662 824.281 0.687192 0.537633 0.749958 0.724514 401.638 2.8943 0.0123193 666.469
566.5 -1.03808 2.66896 352.608 -0.424343 -0.261832 993.664 0.424478 0.385016 0.511213 0.694721 246.782 -0.802611 0.540779 932.675
386.975 -1.49935 -0.197706 255.656 -0.622807 -2.46247 646.83 0.710357 0.71894 0.789854 0.688419 1678.76 2.94519 0.875528 865.841
585.753 0.36108 -1.42454 323.539 -0.758969 1.15978 997.893 0.785994 0.397967 0.743343 0.811004 958.584 -3.08356 1.65902 881.641
1551.5 0.489982 1.77365 375.133 0.771787 0.367512 1035.54 0.342378 0.68306 0.757254 0.586596 2502.57 -1.80426 2.17177 1974.41
1663.83 0.578412 -3.05176 651.22 0.347847 1.20763 1798.43 0.737905 0.851362 0.798123 0.765787 2060.12 -0.43271 1.64034 2492.82
332.94 1.29267 0.748902 291.353 -0.265501 2.11171 687.766 0.776426 0.381098 0.720816 0.695554 1789.16 -1.95502 2.21645 661.356
938.635 0.720007 1.92733 668.31 -0.243332 -0.50606 1713.13 0.550992 0.771385 0.631227 0.783619 716.794 1.59769 0.329637 1826.17
525.084 0.0470852 0.28811 275.788 -0.495949 -1.51779 659.898 0.414545 0.174074 0.748557 0.73315 2025.59 2.14628 1.85817 814.89
548.784 0.940205 1.23706 401.264 1.35872 0.0277937 593.222 0.2397 0.596485 0.708713 0.820719 960.995 -3.04673 1.9994 1214.88
365.149 0.141506 -1.22745 282.812 0.138999 3.04043 578.158 0.450288 0.608061 0.329156 0.465705 2192.43 -1.30475 0.0772951 853.472
453.633 -1.10204 2.7608 404.172 0.335828 0.908871 968.324 0.471709 0.47146 0.738142 0.554171 560.023 -1.44573 2.07666 1029.74
510.961 0.679463 2.32128 350.553 -0.85159 0.0221961 1057.55 0.417677 0.583134 0.597754 0.466148 1546.07 -1.25852 1.28071 884.114
1692.45 0.0838096 2.9431 498.823 -1.43602 0.367805 2348.18 0.489836 0.491227 0.839131 0.629653 1326.86 -0.625176 0.992981 2171.29
912.061 1.32769 -1.83186 581.317 -0.24318 0.794344 1901.96 0.876619 0.730595 0.86255 0.770651 485.942 1.09646 0.302117 1687.59
426.208 -0.323569 2.04596 250.678 -0.544365 -1.31779 691.851 0.235898 0.567896 0.818721 0.840514 1430.82 -1.21754 0.100252 698.463
511.944 0.014211 -1.80369 296.009 0.20233 -0.468843 503.571 0.510144 0.62189 0.722185 0.644291 1501.31 2.54302 1.93648 977.05
1052.62 -0.986971 -2.34001 537.49 1.1701 -0.121292 2387.88 0.562246 0.408849 0.706806 0.751699 1770.46 1.97302 1.97016 1562.29
612.4 0.0466309 -1.04806 346.574 1.77421 2.84864 1280.37 0.261133 0.488244 0.565331 0.538404 972.034 1.29571 1.55293 991.821
589.103 1.22606 -0.682085 364.605 0.699917 1.91363 974.925 0.223968 0.283617 0.808393 0.756308 928.422 -3.05014 1.31941 1053.82
578.042 -0.0976785 -1.67616 424.466 -1.19761 1.26497 1185.41 0.197066 0.639229 0.552386 0.725679 1194.06 2.02744 0.762472 1007.91
392.676 -0.453713 -1.67158 285.41 -0.773661 0.42155 612.894 0.531253 0.69285 0.618226 0.768491 1326.74 -2.45524 0.783659 678.176
1850.48 -0.32971 -0.0633696 471.893 0.393771 -2.67005 1957.34 0.761416 0.670421 0.710557 0.6253 996.838 2.48086 1.13227 2538.49
625.931 0.474566 -1.77172 339.803 -1.64611 2.71148 1395.51 0.842438 0.851112 0.778626 0.739114 1148.02 1.25273 1.45876 1092.27
679.825 -0.890278 3.09807 499.706 -1.78389 -0.433037 1277.42 0.675027 0.628106 0.823015 0.530928 1186.23 0.237445 0.670482 1336.3
1112.78 0.556005 -0.0423913 477.51 0.341334 2.82798 1487.37 0.254987 0.532754 0.571017 0.281963 1192.66 2.68841 0.13957 2019.36
334.16 0.225563 2.36592 262.166 0.169138 0.855401 437.011 0.777414 0.568294 0.616438 0.797798 1246.14 -1.2452 2.1006 613.693
447.508 1.06815 -2.75048 395.736 0.901098 0.598668 847.881 0.246323 0.273335 0.571743 0.705482 305.248 0.526287 0.0723818 963.298
795.315 1.17778 2.7223 708.225 -0.421073 -1.3132 1908.79 0.803941 0.636021 0.73096 0.81712 696.535 0.882082 1.84022 1611.46
630.424 -0.191065 -2.91124 498.712 -0.504205 0.533496 1168.1 0.625994 0.113477 0.58797 0.776646 477.286 -0.546597 1.08009 1147.26
391.125 0.0514336 -2.34427 382.794 -0.575547 1.33183 821.122 0.381864 0.727023 0.401163 0.610633 411.391 -0.364276 1.69611 794.464
1045.68 0.412103 -0.529845 257.662 -0.80769 -0.790341 715.335 0.325541 0.76384 0.719927 0.93265 2072.09 2.27706 2.80691 1505.3
371.088 0.201328 2.00125 284.654 -1.55646 -1.54305 921.363 0.484738 0.616549 0.698143 0.775212 951.852 -1.08866 0.45439 693.826
593.291 0.752914 -2.79741 328.083 0.766669 0.798506 898.218 0.537276 0.36649 0.691378 0.751855 877.889 -1.10064 1.69677 976.294
1394.98 0.683399 1.15051 845.737 -1.10821 -2.30663 3091.36 0.400966 0.23907 0.812557 0.856793 273.386 1.76946 0.618948 2659.76
1207.48 0.224621 2.88385 1018.13 -1.76165 0.0787554 3504.96 0.104954 0.471216 0.74122 0.735633 467.557 -0.720228 0.798983 2410.54
1001.43 0.153057 0.33654 589.055 0.221113 2.96783 1497.79 0.698505 0.673559 0.703779 0.700827 628.789 2.93321 0.0346208 1988.88
683.525 0.710839 -1.50779 674.994 0.635426 2.05286 1346.43 0.686244 0.720978 0.781001 0.808414 870.474 0.377193 1.67567 1677.22
455 0.625931 2.06769 335.403 -0.205285 -1.81101 826.946 0.695488 0.746468 0.790206 0.776142 389.854 -0.419573 1.39143 946.061
639.289 -0.210881 2.19241 419.733 0.983808 -1.62027 1188.69 0.791744 0.79393 0.763313 0.684747 235.936 1.86152 0.330897 1257.7
884.109 -0.67487 -2.66756 645.585 -0.417246 -0.483675 1371.38 0.7691 0.811095 0.858491 0.77728 204.65 1.0345 1.51817 1999.91
1265.28 0.897799 -1.24632 518.144 0.343549 2.599 1601.46 0.284786 0.556768 0.828307 0.657039 977.36 2.2481 0.350906 2084.14
698.228 0.223666 -1.52848 288.982 0.607952 -2.59015 512.126 0.763685 0.713132 0.807226 0.603242 2227.51 1.27457 2.41847 1227.75
823.733 0.337838 0.0981311 433.005 0.717093 -2.52698 1187.45 0.292335 0.616001 0.459841 0.858307 1068.34 1.41669 1.31856 1341.86
276.474 0.804953 -0.0222619 259.602 0.862086 1.71237 421.092 0.590977 0.67345 0.775976 0.810164 847.976 -1.82651 1.80425 543.265
858.814 -0.76048 -0.529824 456.16 -0.17126 2.4307 1342.6 0.735609 0.619704 0.761003 0.685021 1614.18 -2.07244 1.54261 1640.47
1050.03 0.949562 1.39932 336.087 -0.293832 -2.69276 1335.84 0.779203 0.520452 0.799576 0.77534 1185.9 -1.09651 1.59625 1775.61
432.04 0.19809 -1.77152 276.569 -0.293671 0.930821 757.527 0.311348 0.242296 0.616102 0.738445 711.421 2.18229 1.25147 780.984
1238.22 -0.503409 -0.962721 361.499 0.206894 1.92224 1418.87 0.605125 0.568995 0.769319 0.802021 552.741 -0.0420268 0.920695 1892.43
725.802 0.522121 -0.922721 439.193 -0.0639864 1.11498 1036.11 0.732319 0.418992 0.757413 0.693092 1705.34 -2.90921 1.98649 1244.34
500.894 -0.0987593 -1.24913 349.708 -0.985146 2.89303 846.132 0.343148 0.770985 0.689301 0.837634 715.027 0.566498 1.81563 1075.11
1585.6 -0.500995 -1.63556 567.618 0.854194 1.53042 2364.66 0.814714 0.710569 0.812621 0.77179 1670.38 1.5104 0.0200233 2126.84
577.441 -0.474665 -1.33056 313.28 1.05531 -0.801446 759.927 0.737676 0.365333 0.804855 0.857561 894.88 1.05202 1.85347 1028.34
1367.1 0.103472 0.638277 324.629 -1.64367 -1.56203 1784.63 0.447397 0.623912 0.226464 0.731155 801.881 -1.58653 0.0245043 1689.68
800.268 -0.29604 -0.221571 407.374 -0.289042 2.71408 1193.72 0.124435 0.769168 0.834732 0.721903 1079.14 -2.68174 0.887363 1407.54
480.229 -0.0133923 2.96761 370.921 -0.988558 -2.03226 681.231 0.769492 0.455022 0.763975 0.736714 1254.99 0.319566 2.35183 1130.89
726.158 -0.894616 -2.32396 626.574 -0.0381455 0.61623 1499.33 0.368795 0.718427 0.77024 0.621155 551.624 0.442049 0.174181 1769.47
504.37 0.066593 0.54481 379.493 -1.04947 0.513382 523.76 0.709294 0.490163 0.835038 0.704087 2038.77 -2.5507 3.06408 987.631
1143.14 -0.755085 -1.50805 548.816 0.173922 2.58926 1687.94 0.743805 0.231814 0.816859 0.64376 1852.62 0.696655 1.89261 1706.82
653.458 -0.0783978 2.48867 317.903 1.49339 1.12648 987.218 0.485796 0.162844 0.524722 0.832459 1915.4 -0.498997 1.62548 1111.78
607.697 -0.768395 -1.77229 317.641 0.212529 -0.269342 762.261 0.616375 0.603546 0.720491 0.521551 1095.05 2.74213 1.76876 1096.68
798.764 0.341329 -1.33119 405.264 1.05463 2.79025 1099.24 0.546564 0.743541 0.742182 0.777094 688.902 1.78687 1.00337 1909.85
446.733 -0.192409 3.06115 403.124 1.49475 0.32411 1215.75 0.187938 0.337888 0.752086 0.681419 912.882 -2.50187 0.720172 976.7
900.843 -0.162869 -0.677463 383.782 -0.312114 1.33339 1110.76 0.077319 0.665673 0.548783 0.774105 1177.26 -1.20621 0.528747 1517.06
1742.85 0.608263 0.447323 358.127 0.905503 2.86897 1531.67 0.40041 0.834846 0.860085 0.73825 1173.57 -2.55448 0.859739 2217.41
425.588 -0.909982 0.935398 296.079 0.244783 -2.40922 861.99 0.620161 0.145352 0.532871 0.691088 955.608 -1.77335 0.635865 724.854
718.688 -0.150891 0.0366475 386.74 -1.30846 2.55751 1202.73 0.611871 0.817772 0.791438 0.779676 642.108 -2.18956 1.53612 1129.57
518.57 -0.406937 -1.98787 295.71 0.919022 -0.355308 818.952 0.661383 0.593724 0.829374 0.766421 164.702 0.303573 0.65888 1093.85
708.008 0.273044 -1.86409 533.323 -0.280258 2.23655 1159.1 0.614146 0.519855 0.783735 0.696611 1027.45 0.313126 1.92343 1429.77
905.117 -0.553038 -1.38647 543.23 0.359636 1.22998 1657.07 0.0841788 0.20909 0.640434 0.845207 518.479 -1.03658 0.349888 1643.86
665.141 0.344417 -0.49421 500.544 -0.748895 -1.70729 962.256 0.653921 0.550088 0.769861 0.760402 2423.53 1.4821 1.97631 1444.66
617.021 0.210597 2.23981 432.857 -0.457943 -0.37511 1075.11 0.234995 0.278753 0.826642 0.833959 1215.61 -1.263 0.887894 1033.65
421.921 -0.310995 0.959178 345.925 -0.0144153 -1.87917 786.441 0.630138 0.610392 0.710257 0.782757 562.595 -1.10732 0.771846 1004.33
964.793 -0.707716 1.27303 436.198 0.121605 -0.832541 1274.58 0.801326 0.256463 0.839754 0.705275 906.383 3.00646 1.73343 1594.71
913.73 0.250875 0.162568 313.656 0.485562 3.04503 1113.92 0.578731 0.271337 0.689624 0.749054 742.308 -3.01577 0.222383 1422.91
535.174 0.209485 -1.07797 297.894 1.27757 2.0383 955.569 0.543671 0.328072 0.515835 0.325341 371.902 2.01013 0.028163 815.891
593.41 -0.508362 -0.642814 503.894 -0.165561 -2.90989 1063.37 0.24883 0.375757 0.814998 0.679096 1342.14 2.34807 1.02523 1136.86
1591.86 -0.266261 -2.26869 1118.2 -0.14695 0.583335 2677.78 0.128222 0.545231 0.858205 0.794286 107.761 -1.19333 1.07536 3214.66
653.022 -0.402678 -1.17588 459.768 -0.461711 0.396181 848.2 0.536249 0.676817 0.64131 0.814668 1687.47 2.8961 2.21121 1282.18
505.195 0.61903 1.13114 328.386 0.501987 -1.99533 830.732 0.521798 0.632728 0.781483 0.710609 123.149 2.29927 1.16813 796.351
329.058 0.635033 -2.95121 273.683 1.08089 0.0402355 643.139 0.257016 0.738973 0.763302 0.784234 36.0534 -3.10999 0.158787 628.459
1246.77 -0.416936 -1.68668 627.813 0.12364 0.816307 1812.95 0.194898 0.500902 0.724743 0.508907 1216.46 2.79874 1.79777 1852.11
646.524 0.12591 -1.55927 379.209 0.220883 2.32535 944.781 0.347364 0.727091 0.769669 0.836864 1037.54 1.74513 0.58022 1064.55
484.148 1.35416 1.28637 402.871 -0.75367 2.56207 1241.23 0.757826 0.483395 0.825112 0.661657 1412.29 -0.883442 2.16981 1118.09
772.475 0.379353 2.79726 366.063 -0.421434 -1.65851 992.437 0.163242 0.472452 0.345728 0.720124 1891.11 -0.74231 0.916197 1225.61
892.209 -0.48068 1.24228 331.516 0.537771 -1.81177 1251.49 0.645587 0.234565 0.71684 0.746386 199.948 -1.44696 0.364807 1204.16
627.606 0.819026 0.00321525 451.363 0.339695 1.12276 649.37 0.622764 0.303016 0.767511 0.811563 1372.31 -2.07647 2.07969 1250.05
652.753 -0.885496 -1.41919 398.95 0.659624 2.76831 1259.72 0.649753 0.501155 0.608565 0.63574 1731.82 0.152575 1.57177 1040.51
1321.82 0.0387805 -1.07437 642.894 0.851171 0.335101 1445.38 0.431974 0.246324 0.872269 0.598307 2306.58 2.57344 2.23834 1997.5
813.464 -0.652937 -0.839161 641.54 -0.0648494 -2.56 1192.82 0.737627 0.634017 0.780343 0.67606 875.603 0.904179 1.74334 1972.79
1200.41 0.103195 1.20533 714.591 -0.17256 -2.95154 1655.84 0.737361 0.54138 0.794078 0.758655 1368.53 -1.23828 1.71326 1939.62
804.131 -0.17458 -0.609265 422.875 0.0545131 2.38951 1176.77 0.690656 0.689442 0.652479 0.662988 167.892 -2.34517 1.54851 1213.26
1118.06 0.140283 2.36149 475.704 -0.134741 -0.973176 1536.58 0.119098 0.370001 0.727798 0.274955 466.584 -0.765218 0.207957 1592.86
1548.73 0.625329 -1.40605 702.674 0.540991 1.99731 2100.75 0.779907 0.571913 0.813644 0.725437 478.139 2.7708 0.773495 2643.54
995.964 -0.418709 1.36307 576.745 -0.758397 -2.10937 1573.02 0.15227 0.203441 0.715947 0.705838 436.263 -1.33611 0.773259 1761.25
579.731 -0.547934 2.92251 377.463 -0.212699 -0.645561 941.782 0.381982 0.647086 0.851418 0.583492 1509.09 -0.277176 0.368385 1109.18
468.532 0.932632 1.06618 301.193 0.577156 -1.93713 782.674 0.750644 0.703434 0.71536 0.788511 270.737 -3.04388 1.10674 896.997
414.026 -0.0602645 1.7589 295.151 1.26537 0.0474561 731.705 0.745716 0.689681 0.690518 0.867361 1272.87 1.61182 0.147086 944.814
544.55 0.588117 -1.58392 295.959 -0.622388 2.36384 921.091 0.611864 0.777763 0.810738 0.820059 1441.24 2.28071 0.0831251 888.609
813.404 0.258982 -0.988548 308.498 -0.06142 1.44869 973.539 0.554835 0.618454 0.812513 0.795743 469.141 2.34419 0.895495 1332.28
784.207 0.230185 -2.15194 367.741 0.665412 1.748 1032.83 0.406359 0.49688 0.688224 0.675343 917.007 -0.96084 1.1911 1303.91
349.618 -0.759912 0.725823 322.33 -0.372152 -0.463127 420.002 0.841499 0.516821 0.73302 0.79045 517.265 0.565744 0.160079 1156.05
955.879 0.742478 -0.83126 321.248 1.45539 2.77458 1166.79 0.231827 0.754991 0.777139 0.854751 723.109 2.47445 0.300131 1572.54
506.5 -0.101602 2.44038 437.357 -0.100482 -0.645545 1019.95 0.708356 0.20927 0.687105 0.693509 173.204 3.01356 0.573179 972.927
419.34 0.00521582 0.138979 404.747 0.124304 -1.9603 724.36 0.671006 0.314751 0.655553 0.570667 1212.03 0.525975 0.386997 1242.13
641.003 -0.293734 1.58495 399.305 -0.20557 -0.448018 887.758 0.703767 0.552891 0.516529 0.719521 291.573 -2.17617 1.72815 1162.11
427.168 -1.06552 -0.438373 320.409 0.52728 0.717898 779.367 0.543978 0.333748 0.666594 0.771659 1013.24 2.77525 2.05735 1014.59
726.931 0.916473 1.68343 447.115 -0.580175 -1.41568 1485.76 0.712062 0.585654 0.741214 0.721945 333.839 -2.82659 1.41091 1263.04
702.645 -1.19573 -2.12831 344.406 -0.0635314 1.36343 1168.72 0.741954 0.3955 0.81591 0.648361 671.074 0.377217 0.986208 1017.95
705.599 -0.468819 -1.32947 433.622 0.0217436 0.448991 917.237 0.832787 0.772298 0.78581 0.809309 2108.68 2.14232 1.69333 1348.95
841.159 -1.06645 -2.72763 728.273 1.19242 1.34655 2587.4 0.793833 0.753001 0.817996 0.751031 1005.74 -0.951893 1.77573 1562.32
478.335 0.408599 -0.767059 260.932 0.0406885 1.56062 673.611 0.282063 0.737965 0.770568 0.741643 1060.47 3.11077 1.55015 769.184
1035.77 -0.507092 2.58079 663.91 -0.429693 -0.889726 1755.47 0.141231 0.385894 0.779458 0.47809 686.901 -0.243589 0.646138 1757.92
438.792 0.0397649 2.91309 351.947 -0.730072 -1.24019 829.305 0.259274 0.438476 0.776164 0.847597 1086.61 -0.111073 1.12911 1027.06
1183.46 -0.231021 0.247895 454.333 0.394085 3.07223 1535.95 0.252333 0.754035 0.66041 0.771382 1316.56 -2.96712 0.243839 1975.83
476.289 -0.686358 1.56224 465.426 0.338695 -2.08579 1060.47 0.306873 0.697757 0.827413 0.632793 807.286 1.1891 0.373143 1104.48
1081.29 0.265435 -2.92959 258.409 0.687508 -0.379594 1065.01 0.443943 0.695245 0.273093 0.759501 793.304 1.20641 1.58601 1404.46
1179.57 -0.0138299 -0.0501359 377.029 0.761011 2.77514 1441.9 0.538608 0.762245 0.587295 0.767921 931.807 -2.05755 1.4505 1972.99
675.033 -0.233692 -2.21733 414.389 0.0251931 2.85081 657.312 0.552729 0.602126 0.699086 0.334877 2281.93 0.357674 2.49314 1106.47
430.078 1.02202 0.297388 402.608 -0.559309 3.10552 1153.78 0.339373 0.140435 0.738565 0.852988 696.564 -0.533324 0.830712 863.259
476.408 1.34733 1.62211 366.25 0.72279 -0.549894 821.257 0.114465 0.601179 0.747918 0.735193 1275.51 -2.27865 1.72875 897.63
618.407 -0.38827 3.06906 548.17 0.28807 0.485189 1206.44 0.196127 0.293834 0.760348 0.324951 626.634 -1.23634 1.72153 1148.51
1372.66 0.227439 1.6859 429.508 -0.590824 -2.59015 1462.02 0.519518 0.516081 0.666133 0.744811 1692.76 -0.703312 1.88684 1798.55
632.664 0.539891 -0.10558 345.705 0.175316 -1.72436 729.473 0.46582 0.797225 0.604031 0.810009 1545.9 -1.46147 0.26289 1371.69
1155.28 1.19198 0.201148 359.522 0.135164 1.18546 954.886 0.398023 0.69098 0.734811 0.667363 2138.2 -2.8185 2.27922 1721.57
1094.3 0.320095 1.13219 379.46 -0.5269 -2.49374 1401.27 0.421288 0.36457 0.35386 0.818586 468.277 -1.08434 1.40941 1649.62
354.662 1.49895 -1.2337 345.526 -0.318742 -0.0544881 837.462 0.641505 0.574352 0.762426 0.630991 586.17 -0.642793 0.588305 744.216
1068.77 0.0804637 1.31132 586.496 0.642022 -2.34691 1610.17 0.629888 0.729263 0.65232 0.691758 1192.04 -2.20027 0.146637 1824.63
860.157 0.803389 -2.89966 442.733 -0.154906 0.332507 1435.34 0.151519 0.369156 0.479851 0.826718 1676.68 0.066596 0.265911 1316.02
445.256 0.446698 1.85405 352.638 -1.73828 -1.7694 1320.53 0.704497 0.17439 0.71156 0.808222 525.533 3.04359 1.18953 1005.72
372.034 -0.4994 -0.141838 313.749 0.0667304 -2.77941 708.301 0.28631 0.661663 0.747033 0.691549 471.55 1.85609 1.64769 685.078
788.628 -0.966998 -2.82558 746.74 -0.00765626 -0.68198 1557.27 0.735892 0.597758 0.846023 0.75083 860.102 0.760895 1.44287 1725.97
1067.63 -0.331795 0.411532 705.812 0.728146 -1.70087 1817.15 0.279406 0.225542 0.690665 0.715061 859.073 2.70742 1.8749 1860.88
1020.93 0.359584 0.416213 711.311 -0.426424 2.69042 1715.11 0.715349 0.356309 0.796663 0.840502 1212.72 -1.50118 1.9174 1713.36
691.903 -1.00192 -0.0800055 329.591 0.0550356 2.14209 1014.06 0.658354 0.742925 0.796475 0.648476 581.261 -2.58703 1.55406 1316.71
400.134 0.150916 -2.69384 288.032 -1.31821 2.69342 630.703 0.680469 0.400826 0.582138 0.766926 491.227 -0.0559499 2.63789 912.609
268.668 0.887477 0.152404 253.129 1.34719 1.37812 341.161 0.478043 0.764424 0.635128 0.782767 865.857 -2.44301 2.46206 568.521
1027.73 -0.692917 -3.1348 526.423 -1.14247 0.569877 1531.45 0.705999 0.222923 0.764112 0.5529 656.769 -0.485542 1.05542 1840.82
1267.28 0.748573 -0.248594 561.254 -0.564994 -2.87122 2039.36 0.14426 0.85256 0.292007 0.780865 764.416 2.25904 1.15292 2050.04
546.862 -0.110953 -1.8449 414.481 0.808281 -0.612023 721.956 0.695566 0.660894 0.679389 0.766174 1694.35 2.11203 2.32625 1091.09
1383.03 -0.706075 2.53618 392.21 -1.55278 -0.825346 1649.86 0.346359 0.320814 0.43446 0.816305 1987.46 -0.625732 0.199614 1774.26
624.676 -0.558989 -2.87573 550.8 1.48384 1.44941 1733.56 0.85455 0.489613 0.762644 0.820771 1064.88 0.233406 1.21601 1358.03
568.547 -0.166673 3.12137 511.777 1.09593 0.797982 1250.84 0.519606 0.716672 0.829932 0.839251 1347.14 0.199273 0.598709 1437.38
991.483 0.294734 -1.47673 464.761 -0.0962898 -2.67302 821.793 0.474997 0.574115 0.635159 0.794502 1408.6 1.62245 1.98772 1744.55
416.338 0.647397 -1.76027 275.93 -0.165405 1.46793 746.638 0.122627 0.49077 0.773946 0.766363 292.037 -1.64615 0.114114 697.812
1144.47 -0.0740587 -3.13952 1096.37 0.131654 -0.295422 2242.34 0.444038 0.229447 0.541011 0.827344 1255.16 0.749073 1.0445 2251.3
2153.09 0.218068 0.612398 455.107 0.535562 -2.74455 2000.85 0.733855 0.174855 0.689856 0.731265 884.751 -1.76902 0.97553 2746.96
570.517 -0.653798 -0.265313 543.696 0.131697 1.26254 898.926 0.801285 0.791094 0.873821 0.799817 1975.7 -1.67092 1.40561 1265.23
1077.03 0.31435 -0.743654 352.9 -0.110851 2.41238 1319.94 0.0774532 0.824991 0.721455 0.79598 202.943 -0.485821 0.257833 1442.61
1912.1 0.0772794 1.15374 877.43 -0.476631 -1.87195 2729.47 0.497812 0.616366 0.748816 0.497615 224.75 -2.90641 1.03445 2893.37
429.843 -1.98037 -2.35326 281.927 0.743699 -2.60921 1279.38 0.781511 0.643944 0.834152 0.718964 1328.56 1.01374 2.66023 889.258
384.491 0.12571 -1.53064 374.057 0.528558 0.55019 687.224 0.697444 0.66225 0.763439 0.857106 2158.81 2.28353 1.73335 1142.17
598.208 1.14969 1.01458 514.684 -0.93289 -2.01763 1778.05 0.7733 0.504523 0.658527 0.735754 650.775 2.86849 1.39706 1294.34
735.716 -0.155591 2.75233 484.157 -1.0049 -0.0913926 1323.9 0.718112 0.3152 0.808003 0.720608 79.5057 -2.20574 1.32512 1304.77
470.696 -0.335115 -1.46402 419.323 0.425326 2.19922 967.777 0.253258 0.466037 0.721523 0.538653 1071.62 0.418438 1.78078 904.036
874.511 0.468224 -0.137808 843.219 0.549961 2.77114 1718.55 0.776859 0.716268 0.770412 0.799394 1082.75 1.16074 1.29855 2341.32
486.561 -0.282774 -3.01998 461.812 0.923694 1.03101 1057.67 0.525154 0.758399 0.684292 0.819916 414.61 -0.536977 1.56798 1113.92
555.704 1.05706 -2.53514 534.829 -0.700925 0.329552 1536.36 0.180618 0.640171 0.698622 0.886967 259.828 2.08456 1.66349 1268.82
317.061 0.96849 2.28329 288.014 0.177694 -2.51992 512.423 0.292238 0.782469 0.650806 0.751635 1173.91 -0.442411 2.07751 837.363
1113.89 -0.602664 -0.382181 1063.23 0.355225 2.67123 2438.25 0.683443 0.642825 0.799949 0.473534 399.058 2.54477 0.126458 2178.84
457.69 0.344291 0.52257 406.89 -0.603519 2.90119 924.305 0.399294 0.604444 0.385933 0.634141 240.885 -1.42602 1.94859 989.708
495.107 0.636448 1.62443 276.807 -1.58803 -0.417756 1190.37 0.65307 0.63646 0.654384 0.657489 824.726 -2.5319 2.11414 956.567
684.464 1.13264 3.10821 547.993 -0.902414 -0.218174 1979.28 0.380018 0.47979 0.593689 0.715243 311.832 0.308289 0.526463 1312.48
1335.21 0.320103 -0.581928 452.634 -0.214342 2.78254 1640.65 0.293764 0.459485 0.557254 0.365956 559.22 1.26906 1.51348 1821.98
592.984 0.237951 3.07607 412.863 0.972347 1.47785 812.848 0.479077 0.644597 0.676857 0.700004 2549.93 -0.492272 1.97013 1152.54
665.726 0.451072 1.34527 320.03 0.184497 -0.799576 873.129 0.305952 0.537281 0.47684 0.292836 1401.46 -2.2609 1.46132 1102.46
754.973 -0.366665 -2.04145 360.626 0.204476 0.505364 1060.34 0.645004 0.499305 0.693246 0.58995 686.386 1.235 0.72964 1094.96
1276.04 0.18621 0.386193 1071.71 0.423703 -2.74975 2376.8 0.555708 0.803205 0.808021 0.82833 2002.11 1.8965 1.51031 2770.35
387.304 -0.571313 -1.17561 259.917 -1.04239 1.34902 629.615 0.219581 0.44316 0.637927 0.753352 711.467 -2.78679 1.61118 750.375
489.605 -0.352465 1.20807 295.916 0.0365345 -0.748977 667.038 0.622282 0.531507 0.718324 0.743767 1131.88 2.78666 1.57859 802.058
1050.37 -0.231384 1.84842 403.133 -0.429454 -2.59689 1050.33 0.698322 0.614527 0.773198 0.743922 1684.75 -0.897851 1.69904 1579.1
919.263 -0.18686 1.11831 699.087 0.154429 -1.71009 1672.92 0.514245 0.167337 0.579057 0.665096 1064.76 -2.87998 1.16989 1639.41
1412.57 0.00988918 -0.216313 872.244 -0.396972 -2.9443 2231.4 0.834185 0.798178 0.785633 0.690949 903.725 0.425515 0.641828 2558.02
549.037 0.207801 1.51573 313.274 -0.601206 -1.61219 929.447 0.127073 0.810733 0.838693 0.808632 745.321 -1.77984 0.167647 857.147
1260.65 0.67926 -1.27484 656.511 0.594889 1.15388 1729.15 0.792231 0.727621 0.77462 0.794611 315.397 2.8283 1.67443 2066.39
880.457 0.0791358 -1.0383 456.14 0.202742 1.73564 1258.79 0.626967 0.782666 0.762441 0.773195 293.8 2.31673 0.581084 1638.67
552.37 -1.74369 -1.15254 372.689 -0.412815 0.974268 1035.06 0.708645 0.477024 0.651501 0.57797 491.774 -2.65832 1.50578 1336.3
884.944 -0.260082 -0.224763 829.157 0.167237 -2.0085 1438.02 0.389773 0.580156 0.840742 0.411354 1295.89 1.85993 2.08469 1810.72
754.002 -0.557805 -2.33541 740.674 0.454349 2.37656 1375.78 0.47611 0.683325 0.495999 0.638802 973.168 -0.587079 1.74833 1723.62
707.28 0.448156 1.0742 459.918 -0.158332 -2.17986 1203.94 0.693933 0.755458 0.789854 0.711791 688.556 0.350272 0.72393 1350.04
612.311 -0.588027 -0.995051 499.244 0.966682 -3.00725 1370.89 0.356864 0.531266 0.551213 0.824551 1555.09 1.50285 1.77308 1177.05
601.301 0.501085 0.52962 276.427 0.533879 -1.4904 726.81 0.732285 0.336068 0.78156 0.752354 1387.91 -2.70986 1.21946 919.015
451.926 -1.6472 -1.0806 319.599 -1.31938 1.92492 783.812 0.67172 0.784629 0.851969 0.752228 63.0101 -2.7544 1.60387 728.726
694.121 0.153071 -2.26332 328.983 -1.19268 2.3208 1005.12 0.674258 0.836077 0.655282 0.764735 1785.75 0.462854 1.85795 1214.84
468.462 0.38154 1.85503 311.781 0.857362 2.75343 405.304 0.276062 0.62911 0.688534 0.760856 1157.48 -0.880097 2.64966 856.795
474.096 -0.510416 0.856242 458.912 -0.125557 -2.55185 1026.1 0.459494 0.194454 0.706624 0.818545 686.286 -0.0188731 0.875115 904.646
412.661 -0.888083 1.40188 397.066 1.40191 -0.682196 1371.52 0.166226 0.830954 0.844615 0.897705 465.053 -3.00032 1.88099 981.822
505.242 0.65623 -0.613001 399.036 -0.763764 2.04511 1145.66 0.728766 0.619296 0.620161 0.601056 688.802 -2.972 1.26607 968.242
781.313 0.164024 -0.111665 544.881 -0.772101 -2.70153 1414.02 0.627532 0.697109 0.825223 0.728952 717.433 2.93635 0.645306 1575.63
389.504 0.644259 2.83049 321.428 0.184857 0.364466 727.682 0.384775 0.198441 0.820846 0.795477 337.148 1.99598 0.834508 1235.64
906.608 -0.538855 0.831524 262.758 -1.95347 3.05727 1163.7 0.81092 0.779171 0.757911 0.778456 684.144 -1.66157 1.56434 1487.31
850.859 -1.1401 -0.748627 723.691 -0.55689 2.35997 1724.96 0.376207 0.467856 0.374296 0.704882 673.308 2.75957 0.399604 1556.37
509.815 -0.431106 -2.31527 457.893 -1.91182 1.56124 1212.48 0.727488 0.447648 0.898125 0.853002 394.011 -2.05915 0.25612 1219.63
1092.14 0.247764 -1.28878 579.719 0.7614 1.13402 1556.8 0.370289 0.800141 0.392137 0.739271 340.47 2.62364 1.48962 1968.66
332.533 0.0576609 3.09448 287.82 1.82023 0.374409 886.884 0.756698 0.507456 0.788757 0.612421 150.321 -0.581685 0.956093 696.891
500.615 0.189701 0.137807 456.117 0.434068 -2.07883 879.631 0.191901 0.417136 0.777104 0.67016 715.414 2.71441 1.48994 1118.62
1174.42 1.22814 2.681 355.278 -1.0532 0.18176 2206.15 0.601729 0.550141 0.39004 0.791719 918.22 -0.724641 0.906402 1719.78
610.482 0.119036 2.06339 375.765 -0.232348 -1.01298 980.193 0.708096 0.677135 0.822394 0.621569 155.601 -2.09396 1.08098 984.826
554.911 1.37464 1.37276 386.652 1.03549 2.99649 725.013 0.487157 0.664797 0.546212 0.757416 1869.47 -1.09689 2.18981 953.215
689.304 -0.0325125 1.5791 379.493 -0.666451 0.638778 639.379 0.374357 0.411282 0.848287 0.773138 2096.07 -1.89786 2.53664 1087.2
597.827 -0.607827 -2.15594 263.699 -0.598828 2.25253 661.809 0.363886 0.667471 0.820495 0.794329 1086.12 0.48005 1.77248 861.335
830.099 -0.0355693 -0.135497 392.225 0.984848 -2.35732 1194.51 0.78331 0.641656 0.668042 0.557732 96.0033 1.4133 1.5488 1550.09
392.49 -1.75634 -0.32619 324.179 0.232508 -3.11638 1134.79 0.273082 0.676432 0.79747 0.750159 643.405 2.51435 0.652452 849.979
604.681 -1.32015 0.837862 586.805 -0.704532 -2.08939 1259.47 0.205861 0.491913 0.745944 0.732225 860.499 2.07082 1.23295 1642.01
457.195 -0.744115 -2.24673 385.038 0.133713 2.29667 764.473 0.492272 0.790971 0.642077 0.770432 1600.08 -0.182761 2.06397 897.086
675.77 0.977683 2.9178 514.106 0.107601 -1.5084 1097.43 0.703009 0.532739 0.734874 0.701534 844.63 1.09146 1.82634 1580.82
1362.22 0.261199 2.04818 423.61 -0.375399 -0.352942 1528.77 0.556613 0.696334 0.284243 0.657977 891.777 -1.60658 1.25363 1776.11
769.576 -0.0681335 3.0031 399.129 0.0474459 0.201217 1120.74 0.538984 0.603924 0.567332 0.635289 331.247 -1.75488 1.52521 1168.59
464.671 -0.365381 -1.221 346.56 -1.6518 2.38026 1013.73 0.578478 0.391142 0.811699 0.602882 809.261 1.01109 1.36917 883.845
1304.64 0.0717605 -2.21242 423.953 1.97109 0.970123 2216.52 0.709186 0.841736 0.754574 0.785405 993.768 0.996706 0.0265828 1876.32
532.721 -0.768037 1.45133 268.697 -0.692289 -1.14011 736.87 0.785779 0.737002 0.741781 0.794966 459.599 1.03966 0.411671 1114.78
1309.26 -0.161973 1.76987 870.277 -0.0394492 -1.21587 2141.61 0.69848 0.720583 0.710186 0.668344 910.579 -2.55476 1.33889 2527.81
1070.11 -1.16028 1.50959 832.069 0.692676 -2.62621 2613.11 0.627313 0.328749 0.820625 0.642757 1353.78 -1.08697 1.53924 1954.89
267.968 1.61934 -0.746803 255.194 0.390069 -2.85639 580.191 0.709183 0.499368 0.739137 0.65033 671.388 1.13111 1.87791 605.431
733.114 -0.667334 0.0210483 428.726 -0.271805 -2.52715 1099.97 0.313206 0.666008 0.841599 0.636675 1533.11 1.8016 1.78055 1209.51
953.927 -0.591235 -0.0479862 588.393 -0.45847 2.80177 1544.7 0.237647 0.184645 0.545072 0.188086 946.886 -2.43578 1.04563 1730.32
769.469 -0.0401056 -1.59473 421.465 -0.288912 0.472794 1014.51 0.578059 0.435601 0.827069 0.380042 1098.16 2.15339 1.68059 1284.29
710.675 0.467019 -2.51586 601.301 -0.494183 -0.0706808 1411.22 0.538067 0.703729 0.867102 0.776773 840.746 1.58239 1.65307 1320.63
1047.56 -1.52707 -1.78463 393.055 0.24567 1.92687 1841.54 0.398539 0.308205 0.685894 0.400713 314.135 1.60637 0.320496 1553.4
378.63 -0.718684 2.09313 353.74 -0.747236 -1.33161 750.207 0.403002 0.488003 0.720907 0.802117 493.128 1.58593 0.507199 746.265
1580.07 -0.492225 -1.11696 270.929 -0.220894 -2.24423 812.207 0.180362 0.674862 0.666703 0.758678 1627.69 1.56492 2.47404 1907.9
697.209 -0.320452 0.0128946 382.981 -0.478014 -2.25106 977.262 0.482721 0.124502 0.733197 0.649132 1826.15 2.79436 1.23777 1311.72
542.248 -0.747897 -0.0607961 483.436 1.20159 1.29466 1335.57 0.641075 0.652662 0.770533 0.700575 319.105 -0.690338 0.629542 1413.53
394.922 -1.17973 1.72502 296.646 -0.661535 0.231714 553.582 0.359288 0.328742 0.760374 0.766957 1663.33 -2.12772 2.35943 768.868
762.863 0.608858 -1.46165 741.652 0.129463 2.8973 1301.01 0.449562 0.705807 0.69562 0.587713 1267.88 0.312429 1.77408 1867.49
742.537 0.467878 2.35007 644.343 -0.71394 -1.69061 1574.83 0.215231 0.21406 0.667518 0.643435 591.173 0.422006 1.92806 1559.11
1149.4 -0.138955 0.760006 319.016 0.18062 -2.7357 1225.98 0.578959 0.634242 0.656359 0.564617 392.658 -2.53625 0.199444 1494.7
327.499 -0.629617 -2.90573 322.676 0.724576 0.320008 832.394 0.475252 0.431832 0.761339 0.758224 1011.13 0.19457 0.125438 672.777
737.384 0.0328925 1.20345 476.035 -0.419741 -1.58676 1220.85 0.720616 0.550407 0.851286 0.7155 415.39 3.13974 1.55668 1249.53
983.904 0.862767 3.07849 352.442 -0.640986 -1.34793 1373.03 0.263003 0.652728 0.601475 0.873779 1391.1 0.900959 2.17753 1459.37
729.023 -0.0211309 -2.06779 410.761 -0.305071 1.01619 1130.37 0.245166 0.747584 0.445498 0.724922 159.366 -2.46885 0.40106 1113.2
441.466 0.824907 -1.05573 308.549 1.46329 -1.9849 428.035 0.635679 0.592197 0.816229 0.37967 1184.83 2.29629 2.002 1004.82
513.369 -1.41136 0.437797 298.735 1.56119 -2.46492 1822.54 0.577711 0.807009 0.836842 0.708443 129.846 -2.99358 0.528662 876.28
455.367 1.39487 -0.511168 446.917 -0.542096 2.28537 1374.86 0.463838 0.36925 0.799759 0.627566 425.32 -1.74446 1.23329 892.762
1239.41 0.52046 1.93062 261.303 -2.48211 -1.89445 2657.15 0.529839 0.675334 0.801634 0.816131 1456.19 -0.94464 0.949809 1506.89
670.055 -0.20279 -0.716612 448.028 0.319191 -2.93303 1031.34 0.466845 0.72608 0.686703 0.733074 677.959 1.07609 1.7927 1444.75
568.843 0.022589 0.857417 530.225 -1.04971 -2.54362 1283.94 0.498087 0.503739 0.784673 0.764184 331.568 -1.59928 0.944332 1078.31
812.004 0.115686 -2.20456 310.361 -0.104244 0.249917 983.032 0.571259 0.522806 0.624316 0.730053 903.557 1.43872 1.1888 1119.5
476.457 -0.0705173 -0.281631 329.319 0.990359 1.48873 761.953 0.732753 0.737144 0.714073 0.7368 1126.34 -2.03403 1.7524 952.31
780.764 -0.476406 1.1904 337.571 -0.371946 -1.16974 984.273 0.536061 0.534224 0.250321 0.588438 733.1 -2.2286 1.05886 1303.55
898.029 0.482134 -1.0825 492.314 -6.68554e-05 0.573087 1052.55 0.50804 0.402224 0.606855 0.610824 1431.11 1.54882 0.975733 1512.94
646.723 -0.667892 -2.69167 425.757 0.0746555 0.439105 1128.49 0.804575 0.583062 0.674971 0.738282 109.199 1.96468 1.52557 1051.15
757.978 0.508586 0.416546 613.303 -0.461272 -1.43006 1290.78 0.641066 0.65207 0.634311 0.834095 1311.14 -3.11642 1.68636 1715.71
1322.15 0.330907 2.05619 969.908 0.408936 -0.963295 2293.23 0.736201 0.284095 0.656326 0.748282 784.2 -1.29242 0.329128 2270.93
865.876 -0.021188 -2.94197 390.591 -0.00115926 -0.289275 1144.51 0.677276 0.581039 0.683666 0.663549 611.472 0.87375 1.16303 1587.7
825.571 -0.920991 -0.160935 305.214 -0.478142 -2.66735 1001.04 0.525262 0.760242 0.885743 0.813606 649.858 2.81354 0.802289 1344.99
478.274 -0.61989 -0.630049 346.987 -0.775744 2.30601 823.921 0.820472 0.381931 0.773878 0.828014 202.194 -1.28258 0.652532 840.667
512.638 -0.253968 2.24726 373.253 -0.34414 -0.979488 877.908 0.698715 0.481907 0.664235 0.684925 215.765 -2.55135 1.48457 877.604
738.723 -0.926776 -1.36715 327.887 0.435399 -2.9743 1022.17 0.758616 0.724631 0.699057 0.771659 1825.21 1.46292 1.84597 1122.86
868.688 0.592681 -1.5482 476.834 -0.110158 0.725037 1267.59 0.782685 0.374494 0.778978 0.303327 1045.92 2.48804 1.763 1442.22
917.168 1.22803 2.92286 901.702 0.994113 -0.666566 1805.41 0.0712241 0.458053 0.792026 0.784024 623.181 0.136236 0.802802 2678.97
881.108 -0.0542028 -2.0538 792.965 -0.519534 1.15789 1735.94 0.759534 0.284829 0.689637 0.646008 874.623 -1.85071 0.203094 1675.21
874.661 0.266858 0.527611 396.17 -1.81193 -2.89473 1875.24 0.774117 0.585738 0.758898 0.853968 767.536 -2.33822 0.556515 1360.16
1341.73 0.160225 0.842445 400.2 1.01329 -2.25655 1698.03 0.35899 0.796958 0.277253 0.756433 1934.1 -2.24065 0.0159049 1867.94
678.515 -0.107916 -2.0359 550.155 -0.311658 1.78138 1183.53 0.579451 0.751526 0.629991 0.795597 541.996 0.911522 0.869853 1352.52
927.899 -0.770261 1.58675 660.746 0.141773 -1.30402 1761.91 0.725423 0.670078 0.737824 0.477361 264.97 -2.56388 1.25986 1545.48
467.088 0.0936377 -0.0632232 298.398 -0.149828 -2.05913 675.104 0.33508 0.41431 0.883654 0.687101 893.392 -2.68764 0.628505 1078.45
534.985 0.531384 2.76191 529.867 0.785475 -1.74914 907.702 0.0549443 0.735513 0.649361 0.756973 1931.57 0.859321 1.90259 1319.33
796.432 -0.541485 -2.27531 278.951 1.25093 1.8931 1298.23 0.529512 0.283815 0.700086 0.793482 944.784 0.239047 1.65406 1062.79
455.114 -0.0302848 1.04345 265.411 -0.421017 -2.80888 685.219 0.634061 0.64432 0.788742 0.595183 725.306 -1.36035 1.44853 870.151
616.49 0.225377 -0.579071 278.079 1.20665 1.16112 783.818 0.796522 0.553619 0.810555 0.83307 714.962 -2.81449 2.23542 1029.98
1099.35 0.36832 -0.717866 493.076 0.303871 3.05994 1466.08 0.332243 0.334563 0.676594 0.793018 1069.21 1.37533 1.68461 1608.14
629.845 -0.573429 -1.03712 250.129 -1.0722 1.0874 751.987 0.337881 0.76676 0.822279 0.801342 791.209 -2.91047 1.87335 1035.07
455.425 0.266302 1.18012 342.45 -1.98756 0.972209 1105.03 0.455124 0.553804 0.673117 0.762942 557.581 2.73084 1.55072 935.553
336.15 0.0656532 0.115517 290.927 -0.864946 2.3658 685.641 0.356814 0.641365 0.554023 0.762651 574.182 1.72642 0.639375 779.559
744.665 -0.498844 0.988802 393.462 0.0382971 2.53128 827.139 0.399381 0.677864 0.814023 0.713757 1135.43 -2.19831 1.55359 1337.25
400.268 -0.505208 -1.59483 393.158 0.638691 1.91513 968.31 0.228377 0.493801 0.579121 0.562747 958.566 -0.564022 1.03081 1031.85
537.492 -0.214195 0.366502 380.033 -0.817919 -3.11766 947.221 0.353878 0.565586 0.698053 0.519786 472.611 2.26696 0.898568 1298.93
326.253 -0.190511 -2.92504 290.387 1.21035 -0.506528 753.673 0.489308 0.461716 0.729794 0.739654 1380.48 0.798509 1.30504 877.005
836.763 -0.627565 3.1271 734.738 0.884834 0.760857 1955.66 0.649317 0.739993 0.774057 0.592759 329.626 -1.65936 1.49672 2053.16
587.246 -1.16572 1.62576 291.207 1.01725 2.16119 1124.58 0.554664 0.68429 0.944452 0.796915 1396.72 -1.11512 2.74088 1150.15
767.315 -1.04727 -2.16185 334.739 1.16521 -0.0989395 1624.78 0.564204 0.615097 0.711303 0.828984 1755.47 1.47855 1.57749 1159.24
1402.31 0.121594 -0.56452 621.256 1.35878 2.12882 2222.22 0.345678 0.253678 0.655154 0.732193 1607.05 2.95095 0.822136 2013.36
1482.09 0.072711 2.37462 616.997 -0.559744 0.261958 1792.3 0.382721 0.500131 0.708754 0.253895 643.448 -0.457852 0.71981 2494.02
640.262 0.257515 -1.72299 267.243 -0.622547 0.944329 898.439 0.223071 0.505705 0.655064 0.63288 794.664 1.83666 0.892332 911.68
753.731 -0.839442 -0.186993 536.183 -0.351811 1.68192 1086.11 0.80199 0.603329 0.722876 0.75617 288.915 -2.80751 1.79376 1601.58
708.843 -0.533595 -3.09054 691.764 0.226018 0.636056 1465.38 0.630213 0.514675 0.770275 0.606248 566.577 -1.20677 1.84283 1400.75
968.883 0.643453 0.898867 645.299 -0.366063 -1.95559 1802.59 0.549709 0.330639 0.815134 0.72717 652.528 -2.7731 0.817505 1587.08
808.966 0.0215472 0.806116 566.829 -0.770786 -2.69763 1494.43 0.277064 0.299811 0.635883 0.728753 343.512 -1.1102 1.58743 1529.98
599.175 -0.115174 1.00714 574.607 0.368254 2.52707 877.785 0.530541 0.742222 0.744286 0.5534 1277.87 -1.74178 2.01434 1273.04
380.708 0.0127034 1.18703 342.26 -0.674523 3.02325 643.806 0.731303 0.593108 0.751779 0.842022 1670.56 -0.657785 1.84481 800.372
723.108 0.188453 0.0775497 528.915 0.265187 2.39156 1150.32 0.441166 0.708333 0.510399 0.721387 1852.44 2.86937 0.477815 1577.25
1065.21 -0.283805 -0.381731 937.486 0.35432 -2.91439 2036.49 0.2424 0.698749 0.573613 0.692856 1164.67 1.75857 1.61023 2068.27
407.047 1.51533 -0.00513515 350.44 -0.312621 -1.31657 928.814 0.628376 0.628276 0.727746 0.572328 924.091 2.28621 2.29135 864.762
1529.25 0.150435 -1.69124 642.305 0.390899 1.51076 2061.23 0.0918496 0.260536 0.70866 0.718795 1024.67 1.26004 0.250725 2252.12
780.669 1.24448 2.74714 678.243 -0.444347 2.58908 1405.63 0.698971 0.131886 0.620498 0.541905 1161.08 -0.443116 3.0322 1766.36
705.529 -0.263527 -0.0101526 255.592 1.28435 -2.55573 1106.9 0.759052 0.599264 0.795205 0.675502 2133.06 2.85331 0.874145 951.518
358.673 0.24266 -1.82166 272.425 0.872112 1.57441 674.299 0.307767 0.808925 0.679428 0.762977 1144.99 -0.501647 1.32002 848.563
823.994 1.09372 -2.00213 311.628 -0.561273 -0.208891 1258.03 0.587281 0.523228 0.532453 0.585819 1715.3 2.24315 2.03791 1277.48
723.172 1.41168 -0.746184 515.397 -0.280101 1.62427 1630.73 0.64155 0.749546 0.790899 0.702726 1097.95 -2.75436 1.90455 1433.27
645.025 -0.052004 -0.0121981 553.359 -0.175459 -1.89943 980.275 0.607818 0.787139 0.855177 0.808316 1160.89 2.3671 2.01666 1318.41
606.73 -0.475479 -0.182307 309.395 -0.318442 3.12617 972.717 0.286675 0.503416 0.612357 0.553096 1268.83 2.85351 0.272663 984.157
506.689 -0.355867 1.41518 487.757 0.206688 -2.65508 940.276 0.63964 0.190413 0.786848 0.616592 1132.76 -1.13013 1.52495 1365.49
923.553 -0.0158711 2.89979 514.711 0.474248 -0.565326 1420.77 0.800741 0.720997 0.7757 0.659099 1111.27 -0.128023 0.437303 1502.58
551.301 -0.868187 1.63355 382.612 0.0544028 -0.926038 1000.78 0.662799 0.69901 0.640265 0.728139 162.418 -1.16383 0.237792 1092.06
661.632 0.68093 -0.947094 292.953 0.0458442 1.33065 857.043 0.679256 0.456487 0.691523 0.689257 631.304 -2.29912 1.35202 1120.36
556.159 -0.55477 -0.768911 361.071 0.287456 1.65836 956.905 0.715824 0.713748 0.822938 0.729322 1758.69 1.48617 0.172186 1050.9
1445.11 0.56786 2.27894 324.883 0.225325 -0.192105 1515.89 0.210927 0.631411 0.548684 0.744182 566.715 -0.388472 0.196366 2124.7
1305.64 -0.0655266 1.71748 474.125 -1.46883 -1.81138 1980.58 0.60014 0.296194 0.634045 0.795262 639 -0.875906 0.93547 2016.32
765.964 0.274846 -2.60593 701.2 -0.965969 -0.820919 1513.93 0.354986 0.111088 0.267769 0.776965 1286.03 0.822844 1.64376 2122.64
342.237 -0.473781 -1.52542 256.525 -0.0535968 -0.345818 365.01 0.692006 0.706492 0.766367 0.763538 2049.55 1.9867 2.33252 730.102
806.658 0.123289 -1.06498 377.443 0.450866 0.795951 920.769 0.812629 0.751752 0.748145 0.614392 992.189 2.91722 2.12127 1294.57
328.442 -0.03521 2.81404 315.877 0.131627 -0.592319 679.403 0.820367 0.215539 0.705439 0.738752 674.432 0.238853 0.831172 646.058
515.279 -0.169445 2.41899 511.685 0.307786 -0.538359 1073.5 0.573784 0.399349 0.448472 0.425609 396.296 -2.9769 0.887295 1007.36
382.921 -1.09764 0.336575 277.707 -0.497813 -2.53142 709.486 0.29342 0.70741 0.723087 0.814776 1009.26 1.09371 0.757136 639.13
1645.79 -0.261542 1.76969 817.858 0.130061 -0.832349 2296.94 0.491679 0.485693 0.751642 0.421981 1177.2 -2.18016 1.34781 2487.48
346.69 0.0306621 -0.561812 272.96 -1.93702 -1.55703 780.81 0.424374 0.791161 0.703704 0.745833 1186.87 2.55589 2.17026 686.681
428.644 -0.161188 -1.18028 385.895 -1.71178 -0.503233 788.829 0.455857 0.789116 0.787191 0.728029 661.014 2.17735 2.68059 1147.74
323.569 -0.367732 -1.3349 255.85 0.941256 -2.20679 482.872 0.469514 0.85174 0.869575 0.705129 1149.16 1.43608 2.64032 711.713
324.252 -0.447343 1.83819 303.564 -0.249951 -0.855833 632.961 0.747272 0.511432 0.724078 0.659144 411.38 2.62734 0.789145 692.46
785.873 -0.688022 1.47499 718.499 0.585812 -2.2552 1781.37 0.263972 0.428488 0.58707 0.726523 1346.15 -0.35859 1.83358 1586.88
1058.86 -0.34835 0.640035 794.053 -0.893777 2.28799 1453.51 0.77907 0.645022 0.820292 0.749699 1158.65 -2.45195 1.54324 2216.05
425.668 -0.0794938 -3.10792 291.457 0.243104 -1.85234 467.39 0.55732 0.427702 0.450644 0.802376 1236.82 0.685766 2.4895 1018.63
686.012 0.176532 0.46346 588.255 -1.69476 -2.88575 1869 0.738756 0.817905 0.620525 0.861606 1253.72 -2.35737 0.528384 1374.91
1118.73 0.19308 -2.20382 600.373 0.746458 0.464888 1683.12 0.61143 0.694066 0.741975 0.764821 315.683 0.46476 0.00012812 2413.48
714.121 0.172479 -1.27271 378.676 -1.67525 -2.79597 1361.71 0.2016 0.851233 0.776522 0.724615 1711.77 1.26264 2.22457 1150.84
339.634 -0.62753 -0.844492 264.186 -0.683455 2.07634 619.827 0.525668 0.559919 0.440963 0.727723 515.341 -1.26487 0.420377 595.402
917.764 -0.470783 1.41116 256.042 -0.000179194 -1.0132 951.752 0.563496 0.78146 0.84974 0.78192 692.388 -2.12957 1.11637 1358.79
932.195 -0.434763 0.667654 561.436 0.580741 2.66189 1449.14 0.777553 0.549573 0.776504 0.397153 2121.62 -2.00662 1.61467 1568.97
700.815 0.438981 1.29432 504.62 -0.728447 -1.89967 1481.38 0.567563 0.0673054 0.247954 0.669264 359.304 -1.55112 0.348544 1231.78
909.334 0.114959 0.0137326 669.594 -0.407159 1.50233 1157.56 0.72926 0.634581 0.714398 0.501597 1771.79 -2.18421 2.19794 1791.26
395.394 0.340884 2.31836 260.871 -0.135303 -0.233012 675.079 0.362492 0.416993 0.641954 0.604755 664.634 -1.19088 0.957869 633.797
881.244 0.490577 -2.1287 816.6 0.0430344 1.48298 1707.41 0.441009 0.602543 0.59303 0.628174 690.02 1.18246 0.300522 2207.72
876.251 0.231462 3.04038 521.223 -0.965326 0.230499 1597.16 0.796066 0.780605 0.784078 0.818561 647.478 -0.908867 1.13937 1455.56
412.968 -1.66722 1.78042 252.839 0.139422 0.230721 823.314 0.548395 0.33722 0.667166 0.676084 1513.48 -1.48506 1.71578 791.616
980.677 1.42308 2.33784 368.898 -1.03222 -0.250022 2223.27 0.705916 0.471313 0.692131 0.719978 1103.19 -1.73835 1.48832 1322.48
734.638 0.348831 -1.31677 330.447 -0.266763 -3.06959 858.52 0.553638 0.567836 0.626519 0.854034 1094.55 0.773601 2.09038 1500.03
528.923 0.16538 2.09171 294.773 0.65903 -0.36022 777.901 0.61925 0.689584 0.653749 0.744179 135.328 -2.22619 1.86597 1073.95
721.815 0.483082 2.28421 595.901 0.850775 -1.13196 1331.51 0.756434 0.719642 0.775523 0.685424 337.348 -0.00928453 1.12268 1339.76
1072.34 -0.358708 2.7463 263.292 0.728565 -2.27044 886.319 0.634893 0.742538 0.743256 0.722309 1999.67 0.172356 2.4428 1576.64
647.655 0.649245 -1.73418 379.446 0.766493 1.35922 1082.95 0.121805 0.691264 0.580812 0.777714 990.776 -1.48087 0.253306 1219.25
1552.58 -0.458383 -2.15811 591.109 -0.678764 1.3467 1940.86 0.147406 0.610731 0.644745 0.682307 515.05 -1.26887 0.889238 2342.83
912.574 0.968253 -0.772534 421.606 -0.586258 2.43117 1687.37 0.232476 0.568078 0.715105 0.564805 1328.67 2.39295 0.0382223 1295.02
719.386 0.786687 -0.847945 383.521 0.826095 2.15635 1062.88 0.663061 0.645772 0.774866 0.650916 580.367 1.71159 0.444759 1285.24
1719.66 0.147705 2.75023 885.247 0.195256 0.30658 2363.8 0.353635 0.24378 0.58472 0.585651 703.475 -0.254242 0.560822 3116.21
910.349 -0.0725185 -0.468719 288.362 -1.15837 1.68683 1087.27 0.69916 0.866276 0.649323 0.771566 2048.26 2.93596 1.24913 1251.09
485.685 0.533405 -2.862 323.425 -0.898481 0.0279552 1015.28 0.664028 0.576039 0.694934 0.820492 1596.95 0.985973 0.958018 1072.12
395.587 0.658504 -1.64592 277.777 0.176305 3.07467 517.446 0.781235 0.775709 0.755888 0.881222 1155.7 1.0784 1.99627 805.282
1619.37 0.2048 -2.11832 856.299 0.720611 0.570014 2433.15 0.42565 0.210573 0.344989 0.77727 708.856 0.316735 0.253279 2976.49
995.72 -0.984047 -2.56783 987.315 0.349635 1.78462 2171.91 0.791617 0.503029 0.815416 0.728567 1695.15 -0.209949 1.99457 2051.79
688.246 -0.214861 2.0026 271.024 0.193463 -1.1273 959.652 0.306325 0.476806 0.356889 0.757399 818.586 -1.13512 0.00782239 959.327
871.841 0.192001 -0.523591 466.275 0.612193 -2.67434 1168.03 0.713941 0.414653 0.719255 0.778798 1865.83 1.98422 1.62463 1424.63
536.627 -0.273169 -1.52081 352.231 0.20505 1.64683 909.099 0.627846 0.673785 0.625033 0.66813 525.43 -1.47433 0.046477 939.876
1658.88 0.285564 0.561538 949.079 -0.324782 -2.04795 2631.53 0.143239 0.504998 0.754111 0.75882 1359.52 2.22098 1.65945 2600.37
611.009 0.318992 -0.0609345 379.493 0.0230721 2.85745 1036.48 0.0798835 0.751804 0.771673 0.753429 1570.97 3.02397 0.166527 1228.31
537.78 0.53706 -2.35264 438.029 -0.540106 1.88601 1010.85 0.695481 0.565413 0.774244 0.578088 1195.78 0.214729 1.67128 1314.17
715.954 -0.370219 -1.95116 643.689 -0.326758 -0.0725288 1122.64 0.671913 0.816421 0.741643 0.753502 918.697 2.42526 1.90677 1435.11
394.163 -0.0603763 2.65293 341.744 -0.97146 1.38566 639.322 0.610533 0.243064 0.68296 0.740319 1109.32 -0.979688 2.36535 867.999
491.797 0.3576 2.4068 255.946 0.36745 -1.20919 711.884 0.798179 0.46562 0.741268 0.680182 855.174 -0.663101 0.546093 718.469
425.428 0.799866 0.800603 323.474 0.814018 2.13212 475.674 0.455989 0.506309 0.776158 0.682593 458.933 -2.3072 1.84387 922.721
1128.19 0.45235 -1.54662 293.123 1.00659 0.881972 1143.43 0.473039 0.494887 0.861352 0.826989 1022.07 2.28604 1.40406 1430.06
404.398 0.262818 -3.02737 300.756 -0.243336 -0.0899596 732.613 0.75952 0.552349 0.663694 0.548998 97.2903 -1.63531 1.39206 847.814
384.761 0.256342 -2.17938 276.619 -1.19391 1.34675 846.817 0.806858 0.39287 0.857592 0.758145 376.576 -0.256777 1.60353 628.875
571.033 -0.543568 -0.980681 468.658 0.0242159 2.8226 1031.68 0.730779 0.587212 0.800658 0.80459 717.685 0.693869 1.67455 1256.64
530.592 -1.03554 0.711499 426.248 0.525826 0.26137 879.509 0.275533 0.214021 0.679386 0.605869 1793.06 -2.98943 2.58225 1333
745.445 -0.187876 -2.60527 496.295 -0.0675385 1.38443 1165.71 0.121606 0.066799 0.726695 0.447385 809.066 1.44754 0.0631073 1619.35
1221.6 -0.326714 1.6412 319.818 -0.52466 -1.67569 1286.68 0.508634 0.169795 0.807838 0.778705 915.805 -1.39703 0.278662 1543.33
465.755 -0.647553 1.70753 449.852 0.450525 -1.3878 1063.68 0.402705 0.437603 0.855386 0.556789 1320.26 -2.6814 1.2936 1515.01
786.46 0.433072 -1.28261 365.557 -0.470365 1.20704 1150.52 0.329744 0.710737 0.857974 0.781727 1177.45 -3.05375 1.77114 1177.75
936.074 0.589151 -2.80952 560.206 -0.80125 0.52632 1814.99 0.37789 0.650683 0.745219 0.776799 888.962 0.0861687 0.440151 1634.92
811.865 -0.170435 2.15814 394.143 0.396725 -0.0138557 1072.63 0.556132 0.750677 0.790002 0.688699 1200.5 -1.76477 1.75092 1228.77
514.203 -0.36342 0.752736 420.211 0.0887758 2.80943 832.799 0.655973 0.596763 0.733926 0.726782 900.196 -0.778431 1.53117 1032.64
392.478 -0.709215 -2.91635 350.086 -1.97665 0.292236 911.139 0.504296 0.796133 0.746943 0.726244 1323.9 -2.6699 0.246442 940.384
1598.23 -0.370128 0.573736 1194.38 0.452576 -1.21169 2465.11 0.807456 0.420165 0.820494 0.792336 1617.2 2.90013 2.17137 2889.94
655.548 -0.182747 -2.90755 538.959 0.210677 0.273124 1309.03 0.145958 0.204324 0.746142 0.775035 857.398 0.171548 0.101576 1208.22
775.179 -1.00109 -2.3409 532.764 -0.99264 2.13354 1150.57 0.481795 0.280817 0.448098 0.645887 1187.01 0.00500736 2.12853 1543.17
431.498 0.379393 -2.07496 264.719 0.14342 0.164095 619.285 0.703602 0.814298 0.775656 0.8374 820.689 1.6744 1.5103 983.436
999.224 1.50731 3.03492 783.167 -1.09915 -0.170271 3510.58 0.667679 0.547413 0.847099 0.558831 372.025 3.10352 0.0685971 1807.9
532.383 -0.06817 -2.87924 496.593 0.62752 0.655811 1105.9 0.413758 0.300445 0.82701 0.576047 429.07 -0.902002 1.55781 1064.61
416.577 -0.704121 0.63007 381.541 -0.236202 -2.60475 827.18 0.729438 0.414806 0.771833 0.63696 493.008 3.12052 0.557921 1179.51
732.689 0.475518 -2.48634 476.243 -0.556463 0.0768675 1317.05 0.304272 0.627989 0.617249 0.831653 803.009 1.29296 1.21609 1296.96
887.593 0.62728 0.0946747 712.403 -0.366702 3.03435 1853.51 0.0586586 0.50554 0.845446 0.319294 365.733 -1.79361 1.45523 1637.16
934.183 -1.06124 1.83745 661.633 0.239064 -1.82633 1899.54 0.644438 0.81597 0.796983 0.82202 983.94 0.52665 1.3108 1524.24
832.24 0.313521 1.52511 375.313 0.516448 0.0133099 860.433 0.720761 0.125948 0.806573 0.603368 1339.42 -2.41015 2.34793 1395.93
832.712 -0.334275 2.1539 342.262 0.457943 -0.816443 1174.15 0.87388 0.233462 0.735324 0.469572 454.368 -1.22557 0.409128 1200.64
798.891 0.679644 0.333839 584.689 0.149313 -2.67961 1427.86 0.853357 0.365274 0.85392 0.744241 122.554 1.98507 1.61851 1350.15
729.138 1.00154 1.45685 303.132 -0.885446 -1.87166 1393.2 0.687868 0.685135 0.723006 0.628705 599.523 0.00294076 1.45391 1348.39
1101.77 0.00819047 -0.443443 434.723 -1.07411 2.08944 1553.69 0.273509 0.457099 0.626589 0.698226 1535.94 -2.0818 1.63835 1570.68
789.568 -1.48613 -1.0436 385.803 1.46444 1.05532 2485.07 0.727675 0.822228 0.786216 0.740014 1116.26 2.9089 1.85358 1184.76
688.741 1.13569 -0.638377 346.138 0.374905 -1.87908 699.66 0.661746 0.760358 0.742051 0.720625 186.79 1.82288 2.46126 1415.56
1081.22 0.277181 -2.158 453.332 0.530698 2.18064 1187.46 0.40532 0.656051 0.599883 0.464647 1056.08 0.512702 1.66794 1718.22
997.027 0.1113 2.81842 276.149 -0.913961 -1.08424 1134.23 0.519574 0.645895 0.713506 0.769351 2076.66 -0.560527 0.52371 1387.26
442.811 0.339649 0.55001 415.459 0.607596 -0.784567 561.838 0.815643 0.540331 0.700787 0.752926 882.885 2.96101 2.411 1239.54
897.912 0.0699099 2.47804 751.581 -0.40946 -1.69216 1511.87 0.067444 0.86321 0.525934 0.719396 1674.93 0.796466 1.68158 1683.3
695.456 -0.675287 0.633025 316.87 0.0224971 -2.83438 999.207 0.661314 0.482174 0.808843 0.546627 1081.78 -2.14358 0.690803 1160.68
427.884 1.08962 -2.05639 411.138 -0.0289374 0.90419 1019.21 0.861682 0.364544 0.833133 0.580074 554.68 -1.34373 0.712659 1347.86
505.973 0.307832 1.02947 279.167 0.0633931 -2.92991 722.159 0.813676 0.719051 0.78555 0.70445 1338.65 -0.190145 1.21961 840.263
311.893 0.177532 -1.83282 308.653 0.739059 1.77767 658.789 0.597837 0.36729 0.790569 0.706115 841.557 1.01774 0.759926 617.831
655.044 0.102816 0.131278 596.43 1.36557 -2.34216 1470 0.351626 0.727853 0.824856 0.753044 855.921 2.90252 1.0385 1478.77
1353.77 -0.237144 -0.972587 323.441 0.340174 0.73764 1090.3 0.517099 0.779053 0.81623 0.6808 2012.76 2.60212 1.86448 1737.9
542.818 0.0264555 0.547686 477.361 0.312871 -1.81557 976.045 0.57741 0.517701 0.759093 0.919142 760.979 2.55838 1.90923 1045.31
556.448 0.62461 2.95659 472.49 1.29306 -1.09354 1030.11 0.275303 0.717112 0.677876 0.764921 769.675 0.545433 1.63898 1069.48
718.302 0.0707316 -1.08059 418.93 0.332804 1.77183 1113.13 0.595344 0.715338 0.521882 0.794114 395.633 -2.00297 0.922385 1144.78
856.533 -1.34089 -1.86807 357.078 -0.793926 0.984319 1146.22 0.382191 0.351692 0.678566 0.720274 1192.5 -0.955761 0.912309 1460.05
611.415 -1.00773 1.43754 338.275 0.424496 -2.89291 1063.97 0.332649 0.638806 0.597436 0.651304 1272.69 -1.47567 1.41724 1056.18
588.791 -0.192384 0.985486 548.067 1.19933 -1.63925 1398.52 0.697773 0.4942 0.668555 0.729982 750.225 1.07499 0.0895089 1847.32
452.155 0.761028 -2.20731 259.151 1.26376 0.453034 708.969 0.302108 0.633908 0.824963 0.717568 2012.04 0.965083 0.512049 718.151
442.194 -1.30597 0.189638 368.13 -0.581383 -1.39607 692.853 0.81277 0.492578 0.822153 0.643793 1090.91 2.95015 1.93696 954.16
399.753 0.517351 -2.15195 285.438 -0.371749 0.772156 755.263 0.78757 0.647474 0.802475 0.642348 1138.03 0.621931 0.150225 792.876
1103.42 -0.20189 2.55877 964.998 0.100532 0.666239 1720.35 0.85402 0.776936 0.794425 0.807051 1523.32 -2.14421 1.58021 2685.31
715.275 0.00716906 -2.99308 623.901 -0.0307434 -0.222674 1329.61 0.745158 0.712967 0.835623 0.818121 765.857 2.46878 0.821317 1369.08
748.956 -0.770436 2.59545 337.002 -0.820094 0.78001 827.522 0.57512 0.744365 0.689484 0.856027 1993.04 -0.950841 1.73085 1138.2
437.431 0.829038 -0.837917 290.061 -1.36037 0.743288 1079.12 0.73419 0.558784 0.685275 0.700645 246.631 2.1056 1.36231 859.555
1237.61 0.0363044 -1.61373 360.079 1.32968 -2.36339 1081.85 0.112286 0.423783 0.4331 0.561996 2326.76 1.32177 2.59803 1759.03
1235.8 0.770624 2.83538 589.07 0.489601 0.545006 1588.5 0.713109 0.752218 0.716443 0.698357 1585.48 -1.88465 1.56315 1858.07
459.895 0.448997 2.29512 370.847 0.417519 -0.227163 796.907 0.730375 0.837594 0.633704 0.766046 1237.67 -0.902639 0.675476 922.403
380.002 0.411805 2.55756 323.208 -0.0181714 0.525883 637.637 0.619853 0.441883 0.704854 0.376365 695.721 -1.14884 1.67472 705.223
1078.42 -0.105814 3.09552 329.321 -0.189693 -0.231659 1197.3 0.313386 0.73583 0.698124 0.718918 919.719 0.0840463 0.315705 1453.82
848.142 -0.149342 -1.48538 307.115 0.288597 0.994721 1004.2 0.20883 0.647311 0.607148 0.64248 927.892 2.61779 1.62307 1231.01
806.674 -0.109656 -1.23675 614.416 -0.572747 1.09499 1364.46 0.313106 0.647807 0.767161 0.795144 1038.85 0.326235 0.768756 1883.73
428.204 0.251472 -2.41062 254.149 -0.304203 0.615696 698.994 0.763688 0.808511 0.723578 0.775308 534.517 -0.300457 0.916153 929.864
1191.74 -0.206414 -2.28611 875.027 0.0408837 0.507271 2073.28 0.149266 0.533441 0.531375 0.539605 1269.48 1.04419 0.536922 2138.48
903.533 -0.116324 -0.271341 319.068 -0.825202 3.11073 1173.29 0.647651 0.618074 0.622594 0.557286 1324.37 2.11753 0.993195 1443.12
662.755 -0.207307 0.337033 353.657 0.701813 -2.15694 1065.59 0.386339 0.709596 0.304084 0.793448 1639.68 -2.95183 0.794887 1150.37
721.864 -1.26808 1.19814 689.834 0.429419 -2.72175 1890.35 0.751031 0.624142 0.668748 0.541507 1190.86 -0.569199 1.76734 1397.76
677.912 1.16693 -0.5028 353.201 -0.574903 -2.97812 1355.26 0.440303 0.764205 0.608231 0.736455 266.451 1.94803 1.35704 1149.12
1269.99 -0.167944 0.488611 1231.26 0.172471 -0.797818 1578.12 0.581683 0.791442 0.71126 0.733657 1971.68 3.01214 2.47323 2879.26
406.982 1.79485 0.0512661 372.363 -0.893878 -3.12389 1612.92 0.170917 0.682576 0.447809 0.703129 502.301 2.8277 0.331595 826.254
1584.2 -0.346155 -1.0315 636.919 0.749877 1.77028 2337.52 0.113357 0.768591 0.747651 0.813722 530.637 3.03729 1.26701 2222.52
816.596 -0.119083 2.2764 707.853 0.604311 -0.140408 1544.4 0.519878 0.272782 0.188354 0.374799 953.572 -2.60181 1.40497 1924.5
432.486 -0.332309 -0.89749 279.587 0.64824 2.14204 794.855 0.556955 0.757096 0.57082 0.863755 700.587 -0.700948 0.196543 875.896
953.326 0.578724 1.4345 376.952 0.631365 0.0986307 762.216 0.592645 0.362773 0.773069 0.710274 1442.6 -3.02812 1.82056 1832.1
421.733 -1.33769 -2.14027 344.562 0.250303 2.28168 913.142 0.841406 0.400154 0.859403 0.55298 727.215 2.2573 0.0243821 1149.04
435.538 0.814126 1.26495 286.326 -0.902399 -2.3827 980.154 0.551283 0.515549 0.572767 0.674319 516.806 -0.0818502 1.3468 727.57
591.846 1.18788 -0.572601 253.999 0.165752 1.28573 771.116 0.727553 0.234438 0.758397 0.878723 1283.62 -2.38137 1.80877 833.671
1238.38 -0.504254 0.0968055 622.519 0.752742 2.49607 2024.84 0.690686 0.362816 0.629584 0.905649 1601.63 -1.95442 1.83269 1893.88
426.414 -1.32732 -2.17939 382.468 0.699626 1.93788 1205.88 0.260231 0.798166 0.677733 0.728411 574.483 -0.300411 1.87898 1012.31
492.065 1.88997 -1.58459 453.951 -2.04424 0.915697 3435.63 0.571594 0.366616 0.567571 0.736324 469.87 2.56058 1.64488 1187.57
468.351 -0.699035 -1.65712 341.45 0.57997 1.36681 975.636 0.774206 0.691079 0.73881 0.822697 214.582 -3.03597 1.37885 812.737
610.339 -0.858814 1.73567 435.983 1.24138 -0.495917 1606.98 0.787374 0.411327 0.848093 0.71981 793.075 -2.47137 1.97545 1068.65
983.309 1.07802 2.20172 371.461 0.283079 0.798905 966.365 0.623494 0.190461 0.683734 0.631223 1718.83 -1.54779 2.34669 1529.58
698.544 0.739243 -0.110491 669.312 0.0712112 3.01536 1462.67 0.766426 0.610745 0.744755 0.815386 921.333 -0.204406 0.0939143 1400.71
935.278 -0.560658 -1.32759 637.18 0.839517 3.0346 1783.68 0.127961 0.325209 0.792955 0.75028 975.601 0.532242 1.85984 1826.58
530.971 -0.195744 -2.40854 424.578 1.01083 0.00351591 1095.39 0.808839 0.6378 0.758941 0.62732 572.928 2.80704 1.0676 959.813
335.423 0.805154 -2.04888 271.583 1.7982 1.32995 688.271 0.625498 0.784722 0.736082 0.800438 162.321 0.483911 0.846043 591.35
612.228 1.5643 -1.69941 371.796 0.458286 2.01224 1086.41 0.729558 0.695221 0.811979 0.617708 477.186 -0.237901 1.46151 1059.97
1338.6 0.563607 0.180445 285.273 -1.18443 2.67675 1703.48 0.726782 0.615549 0.561412 0.713241 697.654 2.17885 0.497904 1722.17
551.456 -1.10049 2.69134 497.763 2.03399 -0.484873 2629.56 0.848798 0.829892 0.839785 0.821985 969.018 -2.73796 0.853887 1570.06
1251.44 0.398054 0.892024 858.269 -0.129844 -2.65241 2141.04 0.424479 0.639652 0.698946 0.716062 754.109 -0.257379 1.1494 2326.86
549.499 0.0410637 0.179526 408.821 0.671545 3.1172 999.951 0.732402 0.611622 0.891987 0.583917 228.195 -0.125708 0.305234 994.615
563.466 1.35946 -0.871933 506.708 0.145807 2.95818 1334.08 0.229118 0.14107 0.844896 0.684095 360.353 0.421415 1.29335 1379.69
857.147 0.401087 1.12816 666.696 0.363332 -2.17744 1518.17 0.648868 0.482945 0.810254 0.772037 1047.22 -2.20318 0.0257442 1880.28
1364.84 -0.0865301 -0.20081 311.096 0.969362 -2.92893 1488.33 0.788303 0.272828 0.818207 0.842344 900.617 2.32477 1.02949 1681.6
700.902 -1.54943 -0.0269596 626.904 0.348463 -1.05483 1609.46 0.614248 0.773548 0.725024 0.432764 1087.21 1.81136 1.83832 1844.64
672.811 0.331073 -0.883616 429.715 -2.08833 2.19157 1988.47 0.782865 0.436195 0.77184 0.84969 706.269 2.17829 0.0132859 1043.85
614.735 -0.497897 -1.67034 300.268 -0.263539 2.94657 710.256 0.390657 0.323759 0.382676 0.677822 1853.6 0.662597 2.28397 1014.4
432.481 0.261918 -2.18873 281.124 0.350445 -0.852241 461.722 0.716873 0.721523 0.743788 0.734527 1375.69 1.69428 2.40018 915.31
697.078 0.156852 2.6969 340.27 0.499556 -1.48944 897.939 0.448892 0.603023 0.816522 0.741253 1339.04 0.64535 2.05155 1072.17
496.086 -0.187546 -0.33121 360.015 0.166909 0.959791 544.054 0.573483 0.394776 0.566674 0.836715 1975.05 -2.87776 2.44563 948.944
715.734 -0.69399 -0.134415 531.775 0.321401 2.33838 1359.44 0.772024 0.802207 0.757628 0.784827 988.583 -1.50414 1.36973 1236.56
588.814 -0.470661 1.72651 551.035 -0.276685 -0.903544 1119.04 0.751152 0.698195 0.858114 0.759823 1018.24 -2.78596 1.77072 1111.57
1032.49 0.549289 0.536834 536.287 0.389072 -2.59549 1507.27 0.471631 0.357921 0.82751 0.879846 572.179 0.693469 0.156636 1546.33
1539.95 0.564079 0.0450469 544.296 -0.0932786 -2.59995 1885.08 0.337049 0.382892 0.584871 0.5498 1661.54 3.01401 0.669228 2473.63
583.328 -1.25011 -1.82031 323.277 0.526896 0.991833 1234.34 0.336246 0.577602 0.812559 0.668328 83.0437 -1.24244 0.577869 1241.67
768.715 0.256808 -1.64801 494.207 0.0171415 1.56097 1291.74 0.199371 0.324154 0.749666 0.471495 114.31 -2.27747 0.629462 1607.56
665.565 0.805929 -0.542495 331.673 -1.82005 -2.46696 1802.54 0.357665 0.799453 0.780595 0.812826 608.889 1.1633 1.70579 1128.31
901.898 0.0033861 -2.46949 866.758 -0.516082 -0.341152 1624.14 0.833459 0.491266 0.787594 0.768894 1385.16 1.48905 1.83021 1796.51
409.568 -0.412255 0.486077 376.432 0.0879102 -1.84534 803.507 0.078408 0.21712 0.677273 0.827489 918.436 -0.534477 1.02055 1149.96
1254.09 -0.224167 2.17087 270.178 -1.22808 -2.61619 1049.66 0.173711 0.62116 0.709963 0.674893 1927.09 -0.642962 1.97323 1619.65
484.966 -0.854076 -2.95614 419.161 0.197424 2.99165 530.159 0.53905 0.673124 0.793227 0.703976 538.441 -2.10872 0.847417 1300.24
447.527 0.85741 -0.619673 365.351 1.44347 -3.03742 822.496 0.619214 0.443532 0.592909 0.743563 857.441 2.71656 0.529208 1170.99
1412.82 0.000171797 1.88612 289.794 -0.137623 -0.601144 1238.11 0.42094 0.394025 0.53552 0.647189 736.502 -1.09889 0.497748 2082.8
1055.56 -0.144492 2.17634 425.08 1.33355 2.0953 1091.42 0.690792 0.705422 0.645784 0.719212 1481.48 -1.58598 2.52087 1687.33
760.143 0.898714 -1.35315 470.254 -0.0170039 2.66693 1238.52 0.753696 0.745046 0.623182 0.642313 1587.21 0.635958 1.98911 1229.21
762.787 0.602753 3.00063 653.968 0.355898 0.867866 1314.13 0.6555 0.118505 0.719329 0.604115 1225.74 -0.949341 1.81721 1474.92
538.899 -0.742208 1.40903 290.123 1.1873 -2.00311 1198.88 0.341738 0.325302 0.579521 0.778253 439.205 -1.38128 0.621824 801.105
1242.98 -0.121378 1.45403 801.446 -1.17017 -0.927331 2256.74 0.30539 0.152632 0.679845 0.832563 1125.78 -2.44674 1.51941 2073.97
1325.35 -0.479789 -1.10384 268.509 1.60923 0.301081 1681.33 0.719614 0.592613 0.80755 0.780283 1861.87 2.25573 1.95465 1756.1
780.626 0.0506623 0.265636 481.759 0.0660841 -2.33934 1208.14 0.737237 0.696944 0.716069 0.730187 503.984 2.32474 1.6191 1276.94
653.057 -1.33401 2.40779 304.294 0.0567588 1.04866 921.872 0.731373 0.658234 0.715538 0.702847 1686.07 -1.38961 2.43827 962.87
932.468 0.420038 -0.952812 361.396 -1.02042 2.24371 1506.69 0.343576 0.487491 0.773631 0.792583 122.814 -0.647063 0.305749 1262.16
521.947 -0.169482 0.441219 401.805 0.286452 -3.09456 951.668 0.498049 0.429242 0.603667 0.664026 460.857 -2.81787 0.276691 1022.25
617.664 -0.354386 2.50107 297.426 0.386863 0.469066 810.997 0.576964 0.840853 0.801157 0.712277 1260.48 -0.613037 1.0821 1079.59
1656.28 0.0039535 2.47416 1143.49 0.532728 0.0815033 2761.14 0.715448 0.103628 0.701455 0.742177 738.729 3.11376 0.639606 3614.2
808.06 -0.623403 -0.0954905 259.859 -0.359756 -2.6836 916.448 0.730141 0.581084 0.496286 0.726801 1728.26 2.91738 0.682204 1187.64
695.58 -0.147046 -0.259328 530.794 0.618201 1.5453 1098.28 0.689683 0.6789 0.489751 0.879982 1510.23 -2.47561 2.21628 1396.36
470.355 0.807584 -2.6862 317.923 -0.724005 0.53796 1019.79 0.650198 0.724172 0.768923 0.737173 313.821 -2.91742 0.231215 810.75
1053.64 -0.165074 1.40623 815.868 0.912145 -0.914153 2013.76 0.524709 0.476642 0.785666 0.599332 1197.51 -2.80633 1.89218 2087.12
902.852 0.141223 -2.85124 562.7 0.296159 0.267397 1438.44 0.59017 0.453276 0.476019 0.841693 435.31 -2.23792 0.613315 1825.16
605.672 1.16165 2.27999 402.606 0.883543 -1.73931 967.609 0.4286 0.79786 0.591367 0.74317 957.428 -1.79155 0.0522308 1227.79
595.278 -0.0540274 0.546817 306.59 -0.330853 3.07446 837.26 0.716017 0.694531 0.76742 0.817299 473.869 2.17248 0.901983 1295.23
443.782 1.24911 0.512017 310.584 0.227887 3.11445 832.073 0.480229 0.681394 0.749427 0.73315 586.387 -2.55512 0.613615 993.633
890.25 0.722674 -1.49149 504.164 -0.793126 0.345251 1643.09 0.057595 0.799255 0.830997 0.758769 1353.6 2.77503 2.01667 1685.62
502.722 -1.11626 1.44075 323.704 1.97514 -0.466402 1924.96 0.324473 0.775771 0.740517 0.79459 769.504 -2.0545 1.5881 1056.4
648.992 0.177968 -0.396074 251.683 -1.16026 -1.09324 684.799 0.32081 0.78377 0.756219 0.752745 1143.25 2.5307 2.65924 1141.17
581.216 -0.348814 -2.17013 564.664 -0.635272 2.37989 905.357 0.396381 0.452073 0.722501 0.798241 876.819 0.192172 2.18772 1424.55
565.606 -0.452869 -2.24957 428.325 -0.678433 1.07047 1001.58 0.639018 0.749468 0.718257 0.677819 746.998 0.811513 0.25896 1102.94
495.544 1.26498 0.87165 290.296 -0.306335 -1.21154 936.4 0.72288 0.627671 0.780855 0.614065 1488.4 -2.02681 0.81527 902.201
579.395 -0.801911 2.72913 383.799 0.385303 -1.36067 1071.47 0.375693 0.221448 0.550824 0.793874 1025.1 0.44584 1.80652 971.31
566.343 -0.383554 2.95597 291.497 -0.397981 1.44136 585.116 0.538737 0.266834 0.684292 0.363717 870.52 2.08167 0.640303 934.263
860.324 0.369053 -0.440235 312.175 0.0005242 -2.6279 1035.85 0.269443 0.476746 0.61036 0.785925 2077.71 2.16059 1.4947 1320.41
432.996 -0.0273143 0.462189 288.942 -0.875633 -2.29561 794.943 0.241255 0.751292 0.5133 0.657546 525.906 0.447444 0.0147452 917.709
455.515 -0.0803662 2.66097 375.451 -2.00415 -0.998053 1240.04 0.788759 0.357995 0.773843 0.352979 1256.17 -0.267387 0.730666 826.777
1518.93 1.03707 -2.85646 384.166 -0.865465 1.2931 2193.93 0.340318 0.538211 0.780259 0.755633 1380.34 -0.41098 1.70408 1954.31
800.592 0.402833 2.06456 436.695 0.384092 -0.699068 1181.08 0.702657 0.501993 0.792115 0.76407 450.046 2.7379 0.673342 1446.03
719.407 0.607109 1.5152 581.478 1.29299 -1.82676 1404.04 0.210779 0.20414 0.668736 0.747283 343.192 -0.350468 1.4763 1301.31
1191.45 -0.00416455 1.50083 407.028 -1.16611 -0.842019 1566.61 0.452174 0.570238 0.908715 0.778042 932.115 -2.20089 1.35888 1736.16
840.477 -1.41569 0.199033 460.471 -1.1383 -2.58221 1248.94 0.700386 0.331858 0.860285 0.771133 447.144 1.53448 1.33545 1859.11
622.024 -0.532363 -0.75842 569.012 0.00048165 2.08014 1250 0.688656 0.370362 0.797777 0.708964 643.955 -2.3841 1.62568 1936.91
632.07 1.09005 1.56476 301.198 -1.23381 -0.900097 1515.65 0.816366 0.756615 0.783464 0.768213 725.058 -2.28197 1.38187 1051.97
2062.14 -0.37173 0.301768 488.333 0.0890892 -2.23875 1986.3 0.817634 0.749676 0.742232 0.759784 601.344 2.34763 1.6968 2648.88
1063.3 0.370703 1.68158 303.413 1.15586 -2.23975 1153.17 0.340927 0.724222 0.854318 0.755925 848.323 -0.501509 1.73824 1551.85
833.835 -1.00658 -1.06788 671.007 0.326365 1.81765 1839.74 0.462389 0.196308 0.590207 0.741046 793.009 1.93123 0.113573 1892.96
862.088 -0.806469 0.848145 308.869 -0.198959 -0.89111 864.237 0.326205 0.663372 0.672205 0.663836 904.744 -2.43941 1.5483 1215.61
699.359 0.688368 2.04053 462.758 -0.642826 -0.106244 1339.73 0.554692 0.397105 0.698787 0.276104 1312.5 -1.57663 1.47039 1175.99
1070.16 0.359494 2.27466 485.874 1.16133 -0.535795 1556.78 0.438011 0.738031 0.731442 0.800241 956.396 -1.15796 0.622166 1672.07
732.785 -0.162702 -0.635691 286.84 0.105497 2.54833 937.383 0.630461 0.421962 0.768705 0.530613 994.547 3.13383 0.585493 1277.65
468.534 -0.956933 -0.916209 380.912 -0.533508 2.50586 877.604 0.782603 0.479052 0.715831 0.43693 201.375 0.54042 1.45663 825.919
584.597 0.217174 -0.235452 459.169 0.315952 -1.67198 835.35 0.264925 0.123926 0.486086 0.663671 2292.79 2.02121 2.25667 1681
908.053 -0.197846 0.205412 786.051 -0.0084671 -2.04347 1585.12 0.128668 0.12779 0.811354 0.726818 1306.73 2.15672 1.95131 1692.2
640.009 -0.355674 1.65133 457.649 0.323805 -1.98155 1165.1 0.818302 0.491302 0.719552 0.541652 391.343 -0.097599 1.74893 1198.29
799.983 0.435629 -1.02648 701.457 -0.420799 2.27145 1641.22 0.210887 0.769387 0.71572 0.880729 487.633 -1.10244 0.0759605 1973.22
559.884 -0.125015 1.41838 341.681 -0.463256 -2.35901 850.198 0.574278 0.665191 0.752237 0.748967 395.927 -1.95138 0.407634 1265.31
478.064 -1.63584 2.63177 349.235 -0.254659 0.317489 990.432 0.682664 0.576879 0.707545 0.626683 505.718 -2.20194 1.44947 991.778
1044.94 -0.498246 0.484761 789.417 -0.205895 2.67422 1645.77 0.2601 0.379743 0.72491 0.596349 439.335 -2.52541 1.08355 2438.01
757.822 -0.241579 -0.988347 385.783 1.37168 -2.09404 1142.98 0.609963 0.580235 0.834543 0.678973 1237.04 2.19589 1.99326 1444.68
658.051 0.616295 -0.369295 555.704 -0.311506 2.45188 1373.41 0.336352 0.626512 0.309796 0.748347 562.977 -2.03531 1.66601 1214.68
882.817 1.2938 3.00017 420.228 -1.26734 -1.49789 2245.64 0.737064 0.698382 0.800927 0.771314 1537.67 -0.0268554 1.47103 1632.61
538.984 0.136378 0.770748 267.739 0.564825 -2.5771 780.251 0.619267 0.728473 0.619595 0.682247 103.379 -1.33193 1.24516 806.679
864.379 -1.32135 1.76396 695.675 -0.696724 -1.33383 1658.31 0.249406 0.771043 0.825432 0.828168 127.8 -2.61707 1.28325 1536.1
643.024 -0.785733 -2.10654 335.163 0.0534361 1.38101 1018.65 0.643323 0.753117 0.563144 0.811257 410.919 1.97511 0.594107 1383.81
647.664 -0.325728 0.532994 483.369 -0.867689 -2.52045 1216.83 0.717805 0.176733 0.800166 0.888223 70.9403 -1.07587 1.44458 1131.52
960.953 0.158618 -1.62526 649.7 0.758477 0.879002 1597.35 0.557181 0.627681 0.752565 0.776853 618.127 -3.07768 1.45242 1702.91
1545.88 -0.371954 0.751152 836.664 0.3861 -1.46217 2241.2 0.452661 0.252989 0.538383 0.736809 1749.75 2.94639 1.87463 2367.06
855.661 -0.581043 3.09888 578.596 -1.40284 0.997231 1477.73 0.546958 0.681646 0.22917 0.609949 957.845 0.0752552 0.921976 1970.56
749.823 -0.793831 -2.00503 679.551 0.539913 1.85419 1694.48 0.660843 0.622257 0.77124 0.714378 406.632 0.448282 1.40591 1791.82
520.155 0.527914 -0.324791 276.224 0.56616 -1.44246 439.945 0.65645 0.682392 0.684384 0.663909 816.179 2.38181 2.45892 919.03
545.44 0.464086 -2.77127 367.732 0.552573 0.727169 907.939 0.662785 0.578196 0.631303 0.711042 247.372 -0.468048 1.19522 1093.45
505.944 -0.552725 2.9069 475.334 -0.47894 0.0684355 985.682 0.635963 0.839553 0.645949 0.826686 487.082 -3.09958 0.276704 1186.32
525.339 0.877486 -1.35436 464.083 -0.820186 2.12297 1376.52 0.67373 0.521585 0.67481 0.683176 139.154 -0.0207496 1.33361 1046.52
1276.79 0.636819 -1.35469 320.956 0.941685 1.87912 1315.6 0.816901 0.400812 0.802194 0.671683 1173.5 1.76471 0.114407 1657.25
2907.09 -0.678562 0.0997358 734.767 0.769674 3.07133 3724.42 0.707757 0.342902 0.595546 0.535481 668.382 -2.45746 0.754394 3646.78
808.158 0.688058 -0.951458 309.929 -2.27416 1.92661 2314.54 0.709817 0.689411 0.658983 0.498863 873.321 2.00216 0.075551 1288.24
710.615 -0.00630548 2.70729 627.044 1.38332 -0.260777 1677.21 0.777204 0.153585 0.825972 0.829115 275.688 -2.61139 0.964511 1448.53
665.034 0.74305 -0.800749 454.944 -0.969058 -2.54727 1372.01 0.686425 0.690138 0.759747 0.860984 1805.49 1.86653 1.86938 1544.34
936.867 1.02455 2.59125 538.02 -0.637485 -1.27617 1903.52 0.0914459 0.505732 0.719511 0.672557 868.597 -0.807871 0.468296 1784.21
490.567 0.434858 2.82272 478.699 1.37559 -2.63333 639.124 0.633011 0.326454 0.637661 0.707768 1558.64 0.111541 2.71118 1182.48
862.951 -0.241984 -3.08474 306.341 -0.0127668 -0.513589 1000.63 0.645296 0.75702 0.700793 0.807311 1965.53 0.663534 1.17712 1330.25
593.244 -0.0973756 0.12348 381.588 0.620343 1.78014 804.622 0.463706 0.14926 0.459986 0.755264 1328.18 -2.48173 2.02132 994.083
801.411 -1.12991 -2.79927 543.804 0.926383 -0.94117 1936.17 0.7247 0.325559 0.79839 0.850398 624.505 1.87462 1.6093 1730.01
702.463 1.65255 0.23934 272.278 -1.17053 2.44137 1868.81 0.287724 0.82 0.805959 0.705392 698.958 -2.47574 1.36607 1080.26
1313.63 0.0155401 1.3038 1275.66 0.845423 -1.54693 2796 0.688878 0.658277 0.797489 0.856618 1952.37 -2.08436 0.537429 2787.92
505.71 0.307908 -0.62342 307.66 -0.330373 2.42147 850.973 0.726509 0.407616 0.751333 0.735576 1093.03 -2.71245 1.14926 854.749
475.949 1.01953 -2.50701 300.973 -1.76331 1.41488 1612.99 0.380216 0.632639 0.717961 0.780791 1061.2 0.285162 1.12972 820.647
577.448 0.632915 0.0547914 544.279 0.934075 -2.66524 1146.37 0.428182 0.766762 0.429601 0.798393 638.935 2.10971 1.50823 1131.52
742.139 -0.119358 0.908434 438.335 0.400365 -2.94895 1126.36 0.597377 0.577501 0.70606 0.735768 810.385 -0.948699 1.85713 1159.77
427.533 0.570949 -1.79575 291.556 0.525836 0.955191 695.847 0.487778 0.601967 0.551908 0.70071 677.594 -2.57768 0.781928 779.313
775.576 -0.0780234 -2.58966 755.115 0.464535 0.896284 1579.67 0.575271 0.615176 0.810465 0.843191 284.398 -0.799049 1.69533 1605.73
524.274 0.756978 0.891147 279.688 -0.305188 -2.16155 882.646 0.769439 0.699117 0.755384 0.739232 513.074 2.4886 1.59745 1084.36
315.835 1.11276 -1.74865 271.862 1.67517 2.08131 590.255 0.517344 0.643084 0.740513 0.835963 748.669 0.207099 1.87421 630.653
649.053 -0.563678 -1.53808 547.574 -1.02665 1.99982 1243.8 0.57195 0.424757 0.651315 0.416726 476.944 1.52794 0.47188 1617.89
777.555 0.934237 2.0742 620.79 -0.667551 -0.80045 1883.24 0.713373 0.459607 0.581886 0.223445 778.297 -2.68014 1.52885 1474.19
589.426 0.0460514 2.91807 456.035 -0.410773 0.613661 990.476 0.82188 0.746328 0.764352 0.797372 1235.83 -0.868193 1.48185 1146.76
709.147 0.167041 -2.77011 348.356 -1.56719 1.78138 1243.25 0.719759 0.685321 0.83305 0.759056 1221.86 0.193136 1.58825 1158.3
676.86 -1.45828 0.504053 328.009 0.446919 2.37595 1299.79 0.284729 0.347533 0.847905 0.568476 876.985 -1.65583 2.15989 1142.71
1018.37 0.0803875 -0.537883 481.166 0.733295 2.57982 1481.63 0.712558 0.702096 0.627338 0.61037 249.806 3.05874 0.478917 1906.43
657.476 0.850655 -1.4903 253.634 -0.612432 2.15744 1046.27 0.319613 0.438373 0.753037 0.633071 458.152 1.33564 0.821803 1100.52
872.91 -0.259757 2.88751 358.508 -0.164217 -0.284457 1136 0.754014 0.664023 0.763428 0.679809 793.729 -0.301783 0.0173256 1411.38
282.166 -0.436869 1.07303 268.01 -0.444891 -2.28623 555.848 0.380189 0.755566 0.80914 0.799717 377.167 3.00233 0.994624 697.472
290.186 -0.504447 2.79202 285.726 0.626533 1.25801 535.567 0.74688 0.813103 0.70549 0.760059 239.552 1.97657 0.718563 778.33
430.967 0.259485 1.56086 291.742 -1.78584 -1.86865 1114.64 0.629279 0.458568 0.683792 0.728245 22.653 -1.41992 0.448732 862.683
611.024 0.851917 0.138476 369.717 0.0939445 2.11611 890.66 0.784548 0.727403 0.722292 0.809066 1406.97 -2.4998 1.66728 990.728
742.071 0.857569 -1.72714 730.491 0.339784 2.34244 1393.34 0.73732 0.332928 0.822624 0.641336 1253.31 0.152858 1.88 1763.33
715.435 -0.2945 0.461637 335.268 -0.835829 -0.837219 669.352 0.517242 0.733473 0.443043 0.73819 1549.25 -3.13381 2.2966 1300.72
880.997 0.175374 -1.42873 450.579 0.249851 1.52604 1273.58 0.765607 0.542393 0.777472 0.553069 433.553 2.21377 0.687733 1301.3
438.246 -0.459917 0.0380032 404.655 0.0571245 3.00044 877.952 0.759072 0.672639 0.755481 0.656451 666.037 2.72021 0.280234 931.145
374.782 0.253423 -0.434964 370.959 -0.951409 1.73214 826.685 0.344013 0.319887 0.805605 0.874451 416.052 -3.01968 1.53136 1001.2
891.3 0.152193 0.126946 840.268 -0.364559 2.96528 1777.32 0.731458 0.799826 0.749001 0.791411 1585.97 -1.81055 1.50736 1846.69
482.832 0.360831 0.255085 272.958 0.0813874 2.27718 650.698 0.732921 0.388584 0.74491 0.741058 1238.74 -2.28112 1.72488 796.857
1081.92 -0.181033 -0.315802 458.009 0.762276 2.47883 1559.26 0.460512 0.62493 0.85044 0.810145 875.402 -1.9655 1.6497 1515.16
337.945 0.0562319 -0.614532 270.12 -0.36025 2.96308 634.258 0.121618 0.631085 0.837317 0.733213 289.254 3.10249 0.139416 839.667
806.906 -0.209357 2.62831 344.888 0.217222 1.09076 788.886 0.420584 0.58413 0.811046 0.789986 1678.5 -1.44394 2.21094 1480.53
696.38 -0.311712 -0.718815 269.444 -0.0226077 2.83799 967.548 0.0758001 0.499395 0.583552 0.759975 2094.65 2.33369 0.5043 1112.21
980.449 -0.163644 1.6032 596.38 -0.0849565 -2.89407 1215.5 0.762192 0.445119 0.713167 0.84901 1360.36 -0.854047 2.04002 1745.7
1031.56 -0.411327 2.98569 820.668 0.0608411 0.0485341 1907.76 0.727453 0.302872 0.678753 0.477712 350.164 -1.21644 1.26497 1857.6
711.449 -0.576422 0.401193 654.608 -0.286375 2.64625 1260.71 0.523573 0.325426 0.591314 0.55235 1595.1 -1.90339 1.73355 1374.75
1822.79 0.019196 -2.37731 490.704 -0.685201 1.07467 2002.91 0.65091 0.452197 0.703871 0.734318 701.217 0.263976 0.810696 2733.96
476.011 0.310608 1.7314 303.108 1.93448 -0.56885 1028.14 0.268969 0.70492 0.604853 0.765684 1562.59 -1.67511 1.10626 759.972
582.701 -0.514553 -0.923306 569.348 -0.561915 1.94818 1157.14 0.725833 0.77757 0.780941 0.72343 360.307 0.916851 1.03133 1629.24
337.365 0.160412 -1.31532 285.313 0.666643 1.91945 647.133 0.737082 0.609963 0.677413 0.723361 338.966 -1.17923 0.136085 635.996
593.492 -0.700866 -2.6153 286.359 -0.635269 2.11235 598.709 0.697883 0.526197 0.751422 0.778105 2383.44 0.14544 1.96691 928.484
1069.49 0.755755 3.07369 374.188 0.44528 -0.6446 1255.44 0.705556 0.615783 0.54104 0.639198 1543.17 0.431437 1.07604 1604.55
1208.33 1.11626 0.568528 553.753 -0.722777 -2.97138 2378.09 0.750014 0.687204 0.751308 0.701705 1078.61 -2.70856 0.262819 2112.62
909.258 -0.570628 1.53886 432.542 -0.464462 -1.9408 1247.49 0.56878 0.762533 0.685227 0.826433 672.555 0.266697 1.27216 1766.6
1779.02 -0.13853 -1.44531 509.013 -0.921162 1.22885 2134.96 0.0778842 0.680059 0.794951 0.677423 1079.63 2.8018 1.57295 2315.04
845.08 0.582559 3.01113 613.879 -0.697253 -1.22734 1585.34 0.736121 0.751885 0.850186 0.811237 1117.97 0.986199 2.02493 1598.76
431.112 1.85528 0.144156 373.691 -0.51039 -2.81932 1441.75 0.768257 0.379171 0.795064 0.625006 143.958 1.0452 0.901042 877.435
1328.18 0.655653 -1.1076 492.348 -0.114752 1.30578 1658.4 0.236338 0.535483 0.764095 0.702213 866.777 2.96496 1.65918 1913.35
582.464 1.06477 0.800134 285.942 0.512936 -1.95209 855.642 0.476026 0.38664 0.535859 0.667989 591.595 2.10306 1.30293 860.152
314.377 -0.154457 1.53902 311.839 -0.953623 -1.53701 691.319 0.612744 0.485019 0.721487 0.793015 888.818 -1.71587 0.178857 659.608
1119.92 0.102 2.8425 367.884 0.524126 -0.0572896 1322.81 0.628988 0.546893 0.831562 0.858838 1202.2 -0.296708 0.239418 1529.14
985.988 -0.447383 1.05972 327.294 0.118581 2.73821 928.713 0.744838 0.335709 0.773423 0.842203 1950.11 -1.61424 1.93074 1398.38
735.339 -0.260886 -3.05789 490.272 -0.631826 0.649661 1197.59 0.512007 0.316223 0.760742 0.622305 400.233 -1.07375 1.72341 1247.3
688.351 0.99151 0.11598 272.966 0.425135 -2.43855 894.945 0.770766 0.639457 0.607194 0.617083 671.987 -3.04724 0.608689 1052.48
608.944 -0.0555962 -2.89272 258.905 -0.4926 1.62209 652.086 0.674456 0.400385 0.833964 0.727185 805.404 0.19097 1.43112 1081.72
554.584 -1.16378 0.624004 517.645 -0.838906 2.72618 968.157 0.696694 0.284305 0.701387 0.793436 859.314 -1.23878 1.86279 1051.73
996.714 0.135705 -1.41585 966.782 0.142164 1.0641 1884.57 0.415169 0.14325 0.772073 0.785975 1206.29 2.71096 1.64686 1957.67
1119.8 -0.574749 2.45333 576.099 -0.493355 -1.7384 1408.81 0.486806 0.373995 0.685805 0.546829 1927.87 -0.0167163 1.72168 1721.59
425.006 -0.297939 -1.94488 376.214 0.351387 1.53969 848.174 0.774827 0.681791 0.746848 0.747808 569.37 0.414027 1.12566 856.614
975.248 0.498917 -2.00845 645.577 -0.285486 0.909269 1716.86 0.730741 0.476471 0.758976 0.678442 1511.55 -1.2648 0.743649 1872.02
644.101 0.708468 -0.402002 288.787 0.57954 -2.67285 796.104 0.758651 0.639433 0.755434 0.454282 1431.84 2.5296 1.08073 926.589
510.759 -0.460622 -1.12978 305.671 0.660729 0.1614 677.323 0.782041 0.324347 0.763743 0.725346 1119.43 2.41074 2.24934 1055.24
408.194 -0.051486 -1.33484 307.207 -0.686839 -2.71422 587.449 0.3494 0.663856 0.512161 0.70952 782.569 1.62551 1.94345 837.743
649.655 0.461783 2.91727 380.24 1.1451 -0.107589 1145.23 0.331477 0.143053 0.645027 0.835817 1103.45 -0.18698 0.0793909 1034.24
570.499 -0.61412 -2.98751 293.118 0.0874087 1.07149 807.277 0.724197 0.651147 0.656112 0.642877 858.882 -0.923577 1.99506 1034.82
444.67 0.759408 -0.564168 304.142 1.53071 1.99048 774.357 0.397255 0.455933 0.707986 0.60958 513.65 -2.87739 1.41532 1020.08
1550.41 0.346907 2.01585 496.305 0.0729648 -1.86342 1667.62 0.474522 0.73148 0.41651 0.724516 918.459 -0.201629 1.66179 2123.88
440.644 1.05308 -1.56441 413.753 0.0938786 -2.70397 642.977 0.59862 0.277792 0.780713 0.757506 1627.13 0.605823 2.17023 1150.58
1240.5 -0.117852 -1.05847 577.425 -0.0402971 1.3208 1595.96 0.223519 0.528634 0.655008 0.603301 2314.22 2.92379 1.60299 1878.26
488.153 -0.718764 -1.56995 297.052 0.469389 1.26736 904.649 0.789387 0.376124 0.770815 0.723228 1046.96 1.54918 0.281826 794.67
355.195 1.19696 2.5248 270.526 -0.275914 1.60311 580.381 0.340995 0.473635 0.727068 0.680659 1506.09 -1.33253 2.42586 755.99
971.321 0.767234 1.82144 377.772 0.257021 -1.1914 1266.3 0.774453 0.52541 0.745661 0.705639 1069.54 -1.09 0.101399 1536.82
377.126 1.30397 -2.95405 256.827 -1.09418 1.70171 1051.99 0.475584 0.809714 0.849278 0.655661 865.937 -0.814708 2.13934 728.622
601.284 -0.262568 -3.12918 324.404 -0.383171 0.0692162 914.525 0.754853 0.299157 0.650778 0.787816 36.7756 0.499686 0.43047 935.336
1196.67 0.329908 3.04599 921.591 0.252662 0.498535 2036.69 0.228436 0.543606 0.602322 0.657461 767.611 -2.03354 1.20365 2370.72
599.354 0.113006 -0.228436 313.98 0.603418 1.93903 815.756 0.765631 0.811329 0.688514 0.814575 588.115 -3.05321 1.29094 1023.55
507.871 -0.13665 -1.51716 304.212 -0.303951 1.84722 812.908 0.516709 0.0982398 0.742272 0.83111 919.659 1.49702 0.350206 818.022
1032.97 -0.693832 -1.81022 722.004 -0.0301362 0.234036 1705.21 0.753059 0.0919546 0.826378 0.484321 1630.39 2.2716 2.03757 1808.24
825.656 0.132132 1.5473 596.329 -0.560567 -1.49734 1530.26 0.309051 0.618685 0.666873 0.840462 498.216 -3.10581 1.60846 1645
565.718 0.794682 0.971314 377.058 -0.576925 2.77064 1018.37 0.638315 0.76349 0.867301 0.812279 889.435 -2.57846 0.934087 1178.48
1066.21 0.55762 2.77194 342.371 -0.857945 -0.302268 1537.94 0.511736 0.618245 0.829022 0.820861 1178.77 -0.690701 0.388433 1458.48
396.223 0.672102 -0.535255 321.033 1.55962 2.18479 786.869 0.718458 0.51265 0.516319 0.649986 702.808 -2.04047 1.50522 866.508
1052.35 0.0950486 2.9167 619.237 -0.0650409 -0.633138 1599.27 0.571076 0.74458 0.688165 0.71638 774.437 0.999905 1.63304 1635.05
493.315 -0.34937 -0.735196 356.904 -0.88128 2.71373 867.201 0.7723 0.805362 0.842666 0.821058 508.199 0.832442 1.56764 830.279
722.596 -0.17169 2.03242 361.913 0.599342 -0.312088 1044.67 0.419297 0.582943 0.786395 0.720917 680.682 -0.376208 0.0641196 1499.72
1073.63 1.47543 -1.31038 593.439 -0.204742 2.51797 2137.87 0.245112 0.720264 0.449645 0.781851 868.934 -0.285811 1.02456 2151.86
396.763 -1.1056 -2.35395 301.361 0.596989 -0.790577 848.784 0.561666 0.68829 0.728128 0.597532 2021.16 1.18096 1.97154 912.544
575.564 0.923046 2.62865 315.912 0.434497 -1.30991 832.652 0.360817 0.16001 0.184126 0.620858 1364.36 -0.724483 0.585431 964.58
1036.94 0.485817 -1.54191 465.768 0.033207 0.635686 1300.93 0.793078 0.668058 0.855054 0.689012 1692.9 1.10567 0.469986 1875.56
1148.17 0.73601 0.340912 689.001 -0.208578 -2.18676 1912.68 0.509551 0.601768 0.677805 0.700917 192.094 -2.31854 0.131781 2248.01
769.754 0.230186 -1.70297 436.375 0.834798 0.82069 1172.65 0.750595 0.468655 0.772794 0.48012 1488.21 -2.92006 1.21709 1222.21
606.752 -0.773167 -1.40968 313.955 -1.16586 1.43012 894.393 0.755328 0.708259 0.777523 0.740812 761.514 3.02985 1.59973 996.235
551.201 -0.180577 -0.910724 407.983 1.14423 2.01237 1185.84 0.698755 0.707858 0.778221 0.670189 448.407 2.02645 0.0140841 1076.03
434.421 0.0907412 -1.07136 380.019 1.63977 -1.27241 738.756 0.326991 0.666635 0.707975 0.818431 561.32 1.44302 2.51438 1205.3
1274.87 0.754427 -2.17631 415.918 -0.63001 -3.11506 1296.97 0.784937 0.826313 0.785636 0.726778 1994.86 0.435974 2.61229 1760.13
1322.54 0.33507 -0.436689 370.674 0.552559 2.72771 1412.74 0.56087 0.604262 0.805805 0.753684 409.724 2.74569 0.0179713 1753.37
749.953 -0.446171 -2.50991 542.379 0.110921 1.66389 1178.6 0.300666 0.677011 0.671264 0.802437 937.139 -0.9158 1.59411 1348.8
305.072 -0.831845 0.491428 264.013 -0.205492 -2.97313 606.392 0.833055 0.830064 0.79441 0.602693 296.637 -1.36155 1.61158 608.398
1188.27 -0.270134 -2.92603 684.458 -0.01163 0.641493 1841.83 0.43026 0.458328 0.409958 0.737794 360.835 -1.10475 1.74624 1986.97
1065.18 0.115032 -0.615593 655.232 0.0513825 1.76323 1604.23 0.545122 0.657915 0.205444 0.711318 389.445 -2.54858 1.93298 1957.74
541.328 0.0369945 1.11793 504.918 -0.39114 -2.61551 1043 0.199535 0.781441 0.49583 0.802833 548.984 2.65674 1.01093 1313.69
328.154 0.587125 -2.2104 310.683 -1.3862 0.946124 1001.8 0.316587 0.545869 0.772232 0.646359 140.688 -2.26705 0.0566452 674.201
461.457 -0.530946 -0.422767 290.827 0.236402 -2.52774 711.599 0.532296 0.616809 0.811705 0.792457 930.641 2.31028 1.44516 758.768
861.259 -0.937562 2.03243 455.021 0.40016 -0.0242605 1419.62 0.323027 0.478921 0.79802 0.659882 1120.24 -1.49783 1.47357 1636.26
1053.95 0.0919261 1.22536 460.93 0.08934 -2.46943 1389 0.247375 0.339677 0.659725 0.7438 1177 -0.299519 1.52488 1492.45
665.754 0.269164 -0.708176 407.029 1.29348 2.01 1173.59 0.445128 0.61156 0.662082 0.635809 428.042 2.85697 0.846963 1159.7
2502.86 0.140115 1.1912 291.531 1.51604 -2.79761 2026.44 0.496589 0.813149 0.739686 0.818876 3137.74 -1.84121 0.956396 2829.74
770.239 0.64547 1.38292 488.423 0.372938 -1.83199 1254.01 0.479521 0.60492 0.798177 0.673407 1300.77 1.74779 0.364866 1451.25
1054.06 -0.557963 -1.56229 673.022 0.186414 -2.97636 1300.98 0.798667 0.423458 0.808354 0.664835 771.46 1.67682 1.63 2041.38
471.871 -0.89232 -2.81534 268.666 -0.517666 -1.18891 584.583 0.779358 0.148356 0.759828 0.458295 1101.75 1.06969 2.2586 832.024
741.457 -0.943464 -1.81428 522.646 -0.564368 1.47953 1351.77 0.163405 0.485003 0.527854 0.439403 510.658 -0.922154 0.892126 1311.89
1093.17 -0.128112 -0.0660883 778.741 0.504286 2.52726 1907.31 0.778518 0.24992 0.710856 0.500781 779.17 -1.98306 1.77287 1854.84
588.02 0.573249 2.84305 408.742 -0.324729 -0.507575 1132.8 0.324053 0.387272 0.652668 0.633064 374.047 0.0774087 0.584984 978.974
1010 -0.895122 1.21245 388.54 -1.43214 -2.6093 1259.79 0.514812 0.760971 0.618075 0.76862 1162.76 -1.23939 1.36991 1526.78
1229.45 0.161429 -0.789494 941.26 -0.550703 -2.85132 2017.11 0.796839 0.559269 0.665166 0.809618 1770.07 1.72296 1.70891 2189.71
1539.56 0.357104 2.42971 1195.33 0.261515 -1.00308 2808.04 0.108725 0.296043 0.767432 0.698783 244.229 1.16663 1.26308 2982.11
545.158 0.0567799 -0.668717 353.853 -1.14307 1.67075 1014.98 0.354192 0.709036 0.797175 0.784326 1078.66 2.73854 1.06779 902.343
711.691 -0.0424525 0.589942 607.868 -0.952523 -3.12965 1474.23 0.205457 0.271809 0.738563 0.645565 1211.21 -1.26015 1.85009 1309.5
1203.78 -0.203913 -2.28134 800.612 -0.188417 1.06234 1972.76 0.636927 0.653567 0.657377 0.684929 651.878 -0.318937 1.38128 1959.47
716.201 -0.756436 2.39505 416.424 0.312749 0.818818 998.406 0.713482 0.677496 0.666794 0.843379 1653.46 -1.96078 1.92735 1190.02
795.259 0.502423 -0.517664 394.586 -0.0675451 2.89117 1186.73 0.551028 0.833516 0.370052 0.698101 843.12 2.77588 0.11529 1443.51
752.177 -0.125558 -1.79479 575.137 0.185064 2.11339 1283.5 0.457223 0.665389 0.650283 0.650332 943.926 1.53105 0.582333 1646.64
1550.37 0.962385 0.203253 478.202 -0.110134 2.44292 1874.93 0.564831 0.597674 0.863861 0.65668 1258.23 -2.28243 1.55784 1990.57
1195.36 0.43887 -2.78275 617.479 0.867678 -0.518214 1615.95 0.344987 0.737557 0.695363 0.796355 282.545 -0.0998385 0.418375 2249.01
464.257 -1.39931 -2.05289 343.904 1.01235 0.107809 1414.35 0.806699 0.792917 0.708125 0.79568 957.785 2.66688 1.56341 1042.46
1254.99 0.791425 1.39305 320.288 0.427995 -2.2846 1376.01 0.257911 0.646887 0.575717 0.505651 1723.2 -1.31085 0.973754 1626.36
1171.65 -0.276251 -1.43996 271.962 -0.193162 1.50945 1140.66 0.820149 0.758688 0.797892 0.690656 1878.89 1.43272 0.0767294 1434.85
583.661 -0.546045 2.22567 453.014 0.242287 -1.4863 1081.88 0.485524 0.722162 0.704008 0.770968 641.3 0.023517 1.50982 1062.91
1065.39 -0.414952 1.89089 446.058 1.14324 -0.959162 1829.61 0.555632 0.349469 0.50708 0.78204 980.1 -1.57178 0.612615 1489.4
1224.51 -0.061539 0.269517 512.804 1.5538 2.62614 2062.34 0.806673 0.514042 0.740409 0.591061 1298.55 -2.53968 1.11736 1989.75
798.192 0.742217 1.76875 487.283 0.13325 -1.86363 1280.42 0.529062 0.53309 0.564048 0.75388 991.034 -0.0753644 1.78827 1268.86
1368.69 0.131362 1.8469 390.993 0.865106 -1.47165 1567.15 0.727719 0.681741 0.595726 0.720459 399.697 -1.358 0.113651 1904.52
731.044 -0.0808938 1.71248 426.374 -0.855271 -0.232611 1036.65 0.769277 0.762725 0.736056 0.793741 845.918 -1.34041 1.1078 1532.76
676.273 -0.762644 -2.5702 540.144 -0.30945 1.08214 1234.5 0.332628 0.761921 0.526377 0.808205 931.353 1.09067 0.00852871 1720.08
443.252 0.737743 -0.177414 365.831 -0.120328 1.46835 712.315 0.520024 0.296062 0.656414 0.778171 1478.75 -2.26607 2.08865 802.983
709.722 0.161995 0.901727 362.679 -0.303419 2.94208 911.858 0.594971 0.664886 0.795562 0.850716 1130.37 -1.48447 1.85664 1375.01
1252.33 -0.130181 2.89769 920.477 0.84301 -0.128174 2447.14 0.489572 0.523577 0.333904 0.210697 308.685 -1.37205 1.24387 2228.81
1017.49 -0.379763 -2.63251 346.39 1.0634 1.04979 1485.66 0.46339 0.844443 0.810586 0.720022 1098.56 -0.462003 1.51179 1729.17
600.205 0.674656 1.65916 336.863 -1.65593 -0.648953 1545.57 0.231885 0.739 0.476936 0.75487 47.1482 1.22901 0.430146 1097.11
362.444 1.40863 -0.962145 309.186 0.283934 1.24026 735.87 0.830114 0.652733 0.739109 0.69329 1055.7 -2.75633 1.79418 764.728
1033.57 1.03058 -1.71377 429.106 -1.06175 1.72113 2222.26 0.0601438 0.556666 0.765026 0.788117 701.741 -1.69788 0.015897 1740.78
578.927 -0.672217 2.68327 340.662 -0.224741 0.889478 745.569 0.606533 0.695788 0.635277 0.828776 1809.33 -1.78236 1.81756 1083.01
694.794 -0.302444 -1.08464 656.034 0.738925 1.66296 1572.86 0.381632 0.569597 0.482673 0.593284 1235.12 -1.51472 0.430082 1449.77
1241.52 -0.0974428 0.989967 326.315 1.2194 -2.5072 1553.7 0.624847 0.434177 0.696674 0.774461 1360.89 -1.98062 0.526572 1550
778.39 -0.727143 2.86736 347.408 1.10443 -2.88084 1130.24 0.796851 0.77456 0.70556 0.738318 1901 -0.107986 2.77286 1295.93
590.082 0.765264 -2.13191 295.972 -0.219786 1.15704 948.95 0.581127 0.525909 0.820291 0.83068 1447.02 0.960102 0.196935 1102.63
628.407 -0.505911 1.54676 334.716 0.605427 2.96305 805.487 0.709835 0.658237 0.605721 0.783352 593.781 -1.21143 2.10871 1257.73
440.282 -0.935797 -2.58627 344.136 0.533894 1.25235 986.202 0.828984 0.390662 0.789338 0.637016 858.354 0.152203 1.10015 759.882
545.55 0.319548 2.54505 384.335 0.952377 -0.377284 1019.53 0.335361 0.793052 0.496591 0.730291 373.141 -1.80616 1.42887 916.728
306.233 0.199542 1.8139 273.289 -0.0186985 -1.17374 609.668 0.755182 0.318432 0.768289 0.830346 100.836 3.07294 1.25903 564.091
477.345 0.678634 -2.72632 320.925 0.545848 0.279841 797.953 0.877272 0.789813 0.776996 0.768765 1068.8 2.93579 0.621077 784.661
605.545 -1.18227 2.32386 259.581 0.308647 -0.185373 1018.66 0.21561 0.77215 0.637211 0.761776 610.528 -2.60117 1.35815 1001.1
463.419 -0.798209 1.70389 455.401 0.628819 2.33469 771.592 0.0962962 0.5767 0.77709 0.778021 770.765 -1.4624 2.4861 1454.62
527.937 -0.647787 1.1866 326.238 0.396848 -2.38917 935.647 0.475759 0.660386 0.608769 0.745372 479.816 -2.57412 0.18495 1125.29
569.177 0.0314297 2.44351 380.88 0.567038 -2.06673 794.134 0.701983 0.596473 0.616425 0.79059 1636.2 -0.400873 1.66585 1106.24
509.225 -1.02546 -1.66256 422.281 -0.54852 1.80329 949.1 0.164961 0.507178 0.775908 0.71342 1170 -0.136748 1.52581 1547.27
1148.64 -0.378697 1.32141 735.489 0.66435 -1.85951 2118.47 0.497441 0.251492 0.555206 0.73112 335.433 1.2835 0.0379103 1863.98
989.33 0.33416 1.29907 381.67 0.143438 -0.148929 841.014 0.642511 0.727408 0.768478 0.607327 1496.29 -1.89295 1.74402 1435.61
813.774 0.297967 -1.31391 637.808 0.532173 2.03349 1451.29 0.775716 0.79603 0.840769 0.762798 598.005 1.86603 0.167467 1477.82
659.702 0.576612 1.33928 384.541 0.281426 -2.30878 1003.91 0.281506 0.786471 0.700364 0.763422 1008.82 0.363321 0.975955 1042.63
1113.16 0.521133 -1.98677 754.368 -0.903428 1.60953 2294.24 0.335383 0.398492 0.836857 0.7253 589.401 -0.0630691 1.6726 2053.7
407.802 -0.848804 -1.37724 293.901 1.04226 0.755342 982.669 0.515519 0.550313 0.559607 0.804128 857.812 2.68452 1.92918 984.162
729.522 -1.10445 -1.84922 442.992 -1.44951 -0.116296 899.1 0.687015 0.483213 0.790517 0.607193 1155.56 1.18494 1.30123 1453.83
584.91 -0.571842 2.30439 315.729 -0.966937 -1.67311 817.321 0.558743 0.560546 0.702617 0.616388 1561.18 -0.173448 1.49966 882.009
680.122 0.242337 -1.46501 367.434 0.623087 -2.99185 733.402 0.543169 0.48936 0.776728 0.705618 159.691 0.879761 2.34477 1357.68
1581.06 0.260273 2.04961 677.463 -0.196063 -0.845066 2122.45 0.430083 0.578766 0.581202 0.615238 315.228 0.772235 1.27737 2526.48
764.874 1.50786 -0.150096 380.129 0.388927 -2.57012 1209.09 0.649713 0.546303 0.870953 0.823122 721.739 2.89546 0.817608 1286.01
727.599 -0.929798 -0.439685 378.813 0.514832 1.5947 1250.6 0.368909 0.418673 0.779396 0.709789 776.97 -2.79024 1.89824 1444.6
661.154 0.16216 0.455948 407.057 -0.791638 -2.10681 1134.31 0.308234 0.487469 0.557775 0.784357 832.285 -2.85559 0.748782 1234.69
2133.44 -0.15902 -0.960736 632.053 -0.289893 1.83743 2312.87 0.68384 0.525559 0.820482 0.368463 596.324 -3.11057 1.33519 2987.8
723.635 0.0840218 -2.72311 638.699 0.717113 -0.96432 1152.22 0.747974 0.763015 0.816143 0.822712 976.477 1.94004 1.62003 1679.19
553.139 1.82513 -1.27425 535.546 0.658854 2.57784 1228.03 0.736327 0.718704 0.629144 0.718185 610.78 1.06891 1.50893 1424.83
663.787 -0.633659 2.59335 487.594 -0.824122 -0.0904522 1131.14 0.373828 0.65215 0.816043 0.795327 665.828 -1.08654 0.996084 1408.31
692.039 -0.795525 2.83086 366.262 -0.0614673 0.0979099 1080.56 0.214263 0.689013 0.820019 0.770055 1037.16 -2.15997 1.29235 1056.23
493.058 0.341255 1.80604 386.221 0.623657 -2.16703 818.818 0.686288 0.748286 0.833151 0.728785 453.228 -2.69134 0.524305 1154.61
737.118 -0.272647 -1.76529 681.793 -0.261321 0.20284 1190.82 0.561299 0.409393 0.753109 0.609268 669.097 1.82285 1.62001 2102.06
881.486 -0.431808 -1.75048 743.609 -0.687387 2.11021 1600.92 0.1079 0.671464 0.685955 0.69442 643.997 0.624224 1.48598 1860.72
534.975 -0.233102 -1.20991 451.907 0.0563974 1.90952 1009.34 0.371103 0.62478 0.706612 0.820737 147.004 -2.49799 1.28808 981.206
2012.44 0.261222 -1.99418 621.101 0.46514 0.84567 2244.54 0.700002 0.68272 0.775946 0.79248 666.548 2.48333 1.63766 2606.35
474.567 -0.0450658 1.7234 279.49 -0.288264 -0.88643 721.592 0.370465 0.75139 0.728879 0.706715 383.284 0.0282446 0.914675 900.93
1148.63 0.653215 0.753258 269.01 0.278525 -1.86707 1108.25 0.703498 0.71573 0.804473 0.752117 1672.07 -1.91673 0.0496584 1706.51
641.167 1.5721 -0.263247 479.603 0.724876 -2.64868 1145.74 0.568174 0.544008 0.800586 0.795122 805.391 2.38826 1.24624 1506.73
548.183 0.991865 2.92299 484.305 -0.179805 -0.658731 1225.74 0.265113 0.138059 0.561547 0.635679 727.851 1.92598 0.997009 1019.49
1254.97 0.616216 0.0943018 531.528 -0.108546 3.00151 1742.62 0.555575 0.646778 0.84924 0.757669 781.843 -3.13712 0.144553 1842.56
365.777 -0.241376 2.19944 332.815 1.12931 -1.91168 825.287 0.557002 0.299198 0.464407 0.777517 1344.92 -0.472768 1.43891 839.194
322.812 -0.737871 1.17687 282.33 1.0154 -1.22296 843.818 0.669929 0.630525 0.663154 0.718663 648.683 -2.289 1.06604 809.458
1828.18 0.218333 -0.449311 547.869 -0.568615 1.33971 1774.03 0.607066 0.521796 0.486191 0.376055 1403.68 2.96597 1.62627 2722.4
1430.92 -0.120858 1.79875 563.317 -0.850734 -1.41203 1976.27 0.540549 0.218114 0.550378 0.791435 332.156 0.351981 1.44677 2083.22
1253.36 0.173881 2.27505 338.564 -0.771099 -0.277666 1436.3 0.74511 0.335256 0.836406 0.742025 1226.23 -1.42872 1.15105 1589.81
492.304 -0.100314 -0.271223 443.448 1.0114 2.89593 1166.19 0.289697 0.402641 0.751793 0.814692 242.147 -0.175375 0.0958479 1350.92
653.006 -0.492049 1.60419 303.021 -1.24337 -1.92895 948.258 0.663206 0.371848 0.783456 0.870181 1161.24 -1.1071 0.821856 1097.75
421.162 -0.0814257 -2.58087 255.558 0.858455 0.651128 758.843 0.251027 0.663175 0.876348 0.797704 222.362 0.417721 0.233407 711.296
838.032 -0.00242494 -2.86 458.362 -1.14059 -0.701649 1361.44 0.490101 0.605184 0.745633 0.8201 1056.13 1.07583 1.77748 1297.02
506.608 -0.818067 0.0623135 274.871 -0.564009 2.8523 756.395 0.599243 0.687405 0.732466 0.751868 243.437 -1.86667 1.56422 838.155
408.659 0.715909 -0.801177 259.777 -0.0407252 1.42967 652.577 0.746563 0.695588 0.69177 0.66436 1195.76 -2.90218 1.95134 768.697
690.465 -0.243665 -2.33261 262.142 -0.535443 0.668537 881.099 0.739299 0.711558 0.837279 0.784819 373.116 1.06506 0.396521 943.171
449.238 -0.535482 0.253616 430.187 0.596171 -2.67155 1022.94 0.677487 0.593052 0.760514 0.778839 440.855 0.174861 0.0787555 1020.94
954.623 -0.192709 0.347714 863.201 -0.53024 -2.39976 1817.03 0.638732 0.346548 0.662288 0.81701 673.841 1.71814 1.37042 1797.94
788.355 -0.301621 -0.356348 404.426 0.42178 -2.83459 1264.92 0.259735 0.253292 0.463004 0.690025 1046.51 2.80971 0.638892 1347.88
865.928 0.59517 1.5452 582.248 0.306339 -1.67549 1505.12 0.408429 0.100664 0.735377 0.518993 872.884 1.70237 0.157166 1527.28
404.618 0.0466808 2.83357 271.497 -0.147333 -2.08289 502.346 0.301143 0.578539 0.743894 0.525428 1660.29 0.785737 2.04783 717.154
351.47 0.854918 1.35524 343.844 -0.913782 -2.69045 956.109 0.306707 0.810657 0.67877 0.753582 661.021 -0.406234 1.76147 770.214
1390.67 0.470981 -0.0389534 494.713 0.667579 -1.46456 1124.25 0.46776 0.789779 0.289638 0.663943 3257.77 2.91091 1.90771 1897.67
769.116 -0.259605 -1.35978 449.913 1.08142 -3.06254 1242.88 0.726903 0.516152 0.722067 0.708753 730.268 1.16717 2.05347 1373.57
422.536 0.0707941 1.85273 368.219 1.39897 -1.5484 1001.87 0.76381 0.27967 0.719642 0.730421 949.263 -0.330994 1.2174 767.253
476.628 -0.686965 2.10355 332.973 1.15251 0.298252 1074.44 0.448129 0.835809 0.788558 0.78977 1158.8 -1.53049 1.82874 811.231
1626.84 0.943359 -3.02211 430.793 -0.924948 -0.527857 2410.93 0.573835 0.450525 0.806163 0.66766 1239.28 0.555705 1.08356 2047.39
484.895 -0.705756 1.07787 419.987 -0.260706 -1.17754 845.052 0.375635 0.44804 0.694199 0.734718 965.419 -3.11898 1.94144 969.085
610.187 0.46327 2.66572 417.654 -0.183205 -0.429544 1080.76 0.41289 0.738138 0.792189 0.828502 273.142 -2.40828 1.20919 1078.26
346.784 -0.713459 -1.76585 279.133 1.1941 1.25001 935.927 0.450474 0.443483 0.653613 0.828889 102.06 1.69306 0.443045 783.46
1461.69 -0.595423 -0.370303 415.529 0.869227 1.94146 1913.1 0.713851 0.719369 0.850376 0.717357 1583.07 -3.11659 1.22514 1951.22
355.159 -0.709778 -2.61979 263.13 -0.242331 0.787581 640.791 0.737707 0.455122 0.813667 0.653156 1319.97 0.0437966 0.743784 760.437
692.83 0.178283 1.67698 364.402 -1.8185 -2.16236 1522.16 0.696507 0.748432 0.671117 0.825038 775.896 -1.45563 0.706732 1089.05
553.887 -0.948645 1.71579 358.702 1.08367 -2.07518 1373.44 0.627216 0.651087 0.808264 0.71706 1161.61 -1.43064 0.644544 916.793
551.818 -0.255869 -3.1021 252.575 1.41809 -0.58745 1011.56 0.703956 0.55559 0.719219 0.815068 1214.63 0.40347 0.99092 758.944
820.21 0.712705 0.593609 811.652 -1.4794 -2.39252 2731.02 0.316691 0.467992 0.800581 0.7437 1537.71 -2.66654 0.274016 1705.77
1014.59 0.347493 2.31279 294.086 1.10047 -1.44588 1125.95 0.679373 0.64047 0.714759 0.635344 1055.89 0.335353 1.78123 1348.5
378.364 -1.07532 -0.110553 334.136 0.317169 -2.50863 860.852 0.151948 0.300049 0.734265 0.672542 617.403 0.349924 0.460477 747.892
582.434 -1.22488 0.103106 336.593 -0.791109 3.06996 916.786 0.303522 0.699257 0.717364 0.74454 912.796 1.66419 1.40577 1150.45
931.379 0.234845 0.883013 549.45 -0.220068 -2.48576 1467.2 0.484141 0.705669 0.755495 0.794613 324.131 -2.66652 0.180754 1643.46
654.473 -0.0919647 -0.323335 390.064 1.06545 -3.09544 1199.21 0.674903 0.259169 0.709541 0.706163 214.853 2.19954 0.988198 1276.62
919.073 -0.254349 -1.789 705.763 -0.508767 0.256809 1411.94 0.682208 0.793674 0.468023 0.822351 1725.05 1.94638 1.68958 2140.69
547.307 -0.878162 -3.02679 363.105 0.136518 1.22557 903.997 0.549325 0.278809 0.743034 0.261016 1483.46 -0.00560376 1.23118 1105.13
625.36 -0.811365 0.0620692 392.397 0.364503 -2.9998 1198.41 0.704015 0.31427 0.788503 0.578162 964.261 0.171866 0.109797 1001.83
910.395 0.229797 1.09661 796.645 0.940447 -1.91219 1868.47 0.259915 0.68 0.290468 0.689269 635.651 -2.37579 0.463598 1768.46
499.805 -0.371006 -2.50339 323.402 1.07662 -0.53163 935.456 0.312177 0.774602 0.810653 0.77968 451.826 0.252626 0.784255 1281.29
1001.97 -0.308271 -1.19695 475.285 0.223158 3.04054 1240.48 0.533758 0.138482 0.66276 0.628469 926.2 -2.74206 0.50058 1831.97
1052.44 0.234097 -1.47076 321.912 -2.09512 1.15456 2039.6 0.550424 0.725962 0.691213 0.781032 452.611 3.08322 1.72921 1731.52
669.26 -0.381533 0.949558 547.945 1.35521 -1.42051 1664.85 0.6724 0.306884 0.664256 0.585058 1488.65 -2.75064 1.33013 1218.45
400.524 0.295681 1.28036 396.784 -0.418162 2.92642 666.742 0.360141 0.606888 0.779695 0.779005 143.229 2.55152 0.374899 1337.46
585.292 0.736802 -1.07993 518.27 0.245343 1.81466 1134.14 0.696326 0.659361 0.744711 0.783827 250.133 -2.98142 1.48711 1081.96
1251.9 -0.355397 2.1629 635.641 -0.175622 -2.29275 1476.25 0.610403 0.512676 0.709281 0.54797 819.828 -0.348266 1.94448 2080.4
498.728 0.50396 0.478772 468.23 -0.483151 2.1311 878.804 0.721836 0.405934 0.79202 0.538002 572.533 -2.43404 1.71805 1200.5
1909.65 -0.100896 -1.09914 543.703 0.764718 2.67604 2158.97 0.740027 0.77605 0.831234 0.691566 1332.42 1.39709 1.27895 2606.56
369.103 -1.70712 1.84249 266.987 -0.456065 -1.42113 774.169 0.232501 0.712366 0.804497 0.785041 377.284 2.37242 0.529934 733.948
386.143 -0.027303 1.56695 354.584 0.259412 -2.53503 676.398 0.109489 0.396609 0.712047 0.701773 800.761 -1.38569 1.14934 1079.43
399.786 0.908461 -0.233459 300.631 -2.0696 -2.22008 1584.51 0.270035 0.733761 0.782079 0.787547 895.564 1.62017 1.85363 718.673
2021.11 -0.50231 1.16075 1435.82 -0.212597 -1.63037 3400.2 0.700904 0.704321 0.805215 0.794995 172.751 -2.80831 1.17794 3913.31
457.6 0.432958 2.41934 274.325 0.765864 -0.671894 731.369 0.834813 0.699877 0.743926 0.912474 713.803 2.38144 0.0378978 727.038
662.754 0.225504 -0.0425936 517.467 1.08417 -2.73988 1269.67 0.530245 0.607378 0.706857 0.816355 817.421 2.2352 1.30811 1252.6
834.218 -0.314013 1.97349 793.663 0.916594 -1.294 1953.77 0.471445 0.38766 0.665221 0.6169 112.903 1.85572 0.117772 1772.22
691.789 -0.275574 1.89761 516.636 -0.989833 -0.335279 1179.07 0.722307 0.793458 0.465302 0.823309 1496.92 -2.51592 1.86965 1193.81
712.927 0.336637 1.34681 298.807 -0.0199449 -0.0728212 643.147 0.401751 0.647945 0.551856 0.658148 1774.88 -1.60497 1.53215 1271.46
392 1.09242 2.37072 360.313 -0.232413 -1.56072 896.912 0.625599 0.71265 0.810535 0.567693 228.889 1.30842 1.0623 986.217
614.322 0.429586 -0.525417 288.479 0.26038 2.83198 865.749 0.309265 0.499738 0.41076 0.649694 572.954 0.511951 1.03737 910.04
823.718 -0.432677 -2.38971 565.129 -0.178329 2.00268 1136.41 0.628201 0.211546 0.757961 0.606517 1071.74 -1.28911 1.1006 1898.28
819.483 -0.060335 -1.11167 464.348 -1.25869 1.53168 1438.27 0.680893 0.813707 0.630203 0.83337 708.517 3.02539 1.4937 1453.24
339.193 0.362797 0.300496 300.07 0.428668 -2.87488 646.498 0.73947 0.347313 0.683166 0.619064 173.148 -2.21652 0.658358 664.636
1101.9 -0.348764 0.924203 562.355 1.27951 2.4995 1831.79 0.421994 0.598216 0.697397 0.840466 1579.52 -1.39569 2.31989 1747.85
469.978 -0.573844 0.745391 320.618 0.430247 -1.27722 797.667 0.557368 0.426666 0.688261 0.649955 502.506 2.95905 2.04692 928.83
565.529 0.0741694 2.07875 536.067 -0.234687 0.414274 873.044 0.221905 0.728205 0.798084 0.761236 1255.21 -1.58656 2.00084 1357.97
560.946 -1.09715 1.92743 327.782 -0.831027 -1.15023 888.67 0.829824 0.415637 0.685376 0.609125 378.452 1.98191 0.0544822 1145.28
455.302 0.0487286 0.423649 328.601 1.33949 -2.27689 939.182 0.71559 0.245573 0.713854 0.775478 718.034 -2.98742 0.710536 838.708
422.382 0.688656 -0.77404 421.608 -0.392174 -2.4963 817.225 0.551995 0.437043 0.772946 0.730084 1175.59 1.29414 2.06818 1448.02
896.005 0.249776 -1.4267 582.51 0.368083 0.816714 1322.77 0.345782 0.616406 0.844287 0.800312 1318.76 2.73336 1.91665 1477.68
413.319 1.42809 -2.98219 384.437 -0.198537 0.783036 1058.69 0.722804 0.605969 0.741051 0.801998 137.192 -2.16454 0.817651 1010.66
691.376 0.249135 -2.58982 644.462 -0.650872 1.8928 1226.35 0.702655 0.789671 0.705856 0.693796 2479.2 -0.766478 1.82334 1340.08
870.205 0.0487396 0.0228226 699.286 0.993324 -2.55749 1698.78 0.682664 0.819441 0.830257 0.756662 289.753 2.16243 1.56327 1812.38
1000.21 -0.0578584 1.31509 666.597 -0.0852607 -1.79919 1711.62 0.322586 0.289286 0.427738 0.560446 971.97 -2.04982 0.250633 1702.78
1174.34 -0.0630458 1.66939 411.931 -0.276515 -0.120829 1115.51 0.761325 0.779716 0.761573 0.858021 1543.12 -1.80724 1.68641 1616.82
527.455 -1.14544 -2.5809 468.297 1.39814 -0.174256 1894.96 0.527277 0.481663 0.703054 0.666397 1076.76 1.63379 1.80805 973.174
386.616 -0.747767 0.648427 338.854 -1.10665 -1.18464 644.627 0.21901 0.653524 0.895128 0.536949 1212.94 2.43492 1.78649 752.633
309.722 -0.840006 -1.85722 266.745 -1.00503 -0.0981469 455.028 0.328216 0.609353 0.772321 0.681968 966.234 2.00579 2.10394 711.546
460.689 2.03356 0.91901 328.932 0.532627 -1.96525 1011.6 0.212802 0.770263 0.791937 0.76479 1032.09 -1.04932 0.915931 882.704
456.844 -0.277801 1.63476 413.142 0.109968 -1.63479 909.138 0.67521 0.415152 0.73646 0.745792 90.6971 0.0399227 1.59484 883.051
589.484 1.59665 2.74325 318 -1.43181 -1.25288 2046.67 0.424174 0.532567 0.447939 0.875456 712.56 0.487134 1.74001 979.297
1022.85 -0.969976 0.678382 698.366 -0.173411 2.84119 1685.56 0.709165 0.162301 0.780887 0.855756 2747.16 -0.90617 1.58455 1741.87
705.373 0.195411 2.58758 674.048 -0.16413 -2.49916 837.12 0.201467 0.679298 0.586221 0.670766 1687.79 -0.63689 1.86227 1608.33
534.225 -0.866091 3.08844 368.325 -0.209924 -1.84097 651.092 0.729866 0.727735 0.800719 0.804318 1538.42 0.743964 2.34447 960.496
414.626 -1.22183 3.02069 393.447 0.508436 -0.618855 1119.52 0.0878667 0.557503 0.837719 0.736063 798.515 0.665052 1.28391 818.351
816.526 -0.48859 0.187002 254.293 0.100879 1.70306 700.881 0.51187 0.453827 0.780266 0.603237 1393.54 -2.53293 2.04719 1277.98
506.184 0.038331 -2.83398 504.628 -1.05873 0.563348 1162.27 0.73932 0.731361 0.754237 0.760984 771.953 -0.913406 1.47675 1000.91
1099.03 0.506847 2.93601 455.249 -0.0502422 0.106224 1467.39 0.436661 0.642724 0.756983 0.840663 934.725 -1.49085 1.59707 1533.38
429.643 0.577533 1.30699 324.306 -0.0601362 -1.98458 799.745 0.464267 0.739266 0.600607 0.688105 283.818 1.29425 0.0127441 846.87
1195.31 0.322024 -0.881613 442.071 0.936702 2.98851 1462.06 0.704886 0.416408 0.659796 0.658778 1182.42 1.00736 1.88897 1665.26
716.829 1.02258 -2.28544 565.953 -0.0414133 0.485066 1514.63 0.0745054 0.352939 0.804093 0.499549 312.389 2.20823 1.72316 1308.42
942.614 -0.226116 0.353475 254.812 -0.208432 -3.02122 1003.81 0.312482 0.490206 0.77539 0.576668 1043.85 -2.96446 0.0567667 1271.09
424.12 -0.773338 -0.141056 380.816 0.202835 -2.89331 893.512 0.494712 0.388343 0.710742 0.736167 424.76 -1.88672 1.00659 1224.06
819.937 -0.289901 2.14944 446.35 -0.22929 -1.93856 1118.13 0.725333 0.292925 0.801981 0.755496 1114.55 0.206996 1.94244 1264.56
614.01 0.0912646 -1.00058 426.657 -1.43132 -0.538799 911.387 0.438516 0.710832 0.505496 0.707531 1940.64 2.08273 2.62153 1239.91
496.627 0.652594 0.490591 429.49 -0.547568 -2.0661 1073.56 0.845231 0.413803 0.845536 0.573717 1102.91 2.93246 1.28462 908.168
668.604 -0.403055 1.14132 439.586 1.12531 -1.52251 1418.17 0.839094 0.794183 0.668471 0.803055 896.854 -3.04678 1.52427 1616.62
1982.2 0.197479 0.757471 1271.34 -0.00870379 -2.05521 3160 0.838191 0.118498 0.656596 0.755448 1151.3 1.0592 0.301731 3565.79
852.529 -0.979101 -1.81492 641.808 0.449382 1.05841 1866.66 0.682036 0.302525 0.6311 0.807385 209.832 -2.90317 1.08825 1513.4
678.829 0.145851 0.452986 607.268 0.72963 -2.20874 1371.83 0.477902 0.421482 0.654479 0.738987 567.355 -2.77839 0.569652 1706.81
721.603 1.10508 2.95822 545.291 0.104952 -0.0258986 1461.15 0.728247 0.129867 0.671098 0.813761 354.305 -0.377047 0.351148 1307.89
468.608 0.95293 -3.14153 328.878 0.888146 -1.72265 533.163 0.708307 0.771598 0.722289 0.82207 958.738 0.360526 2.08317 801.94
1299.79 -0.130498 1.08733 547.27 0.164707 -0.411181 1196.69 0.702631 0.759399 0.810228 0.716528 1904.8 -2.63547 2.22428 1882.52
684.295 -0.0293801 0.177376 568.539 0.798919 -2.69736 1411.26 0.0648138 0.515301 0.711816 0.272231 855.738 2.99192 0.593907 1397.24
641.456 -0.301938 -2.3835 337.703 0.0829438 1.74842 877.564 0.68526 0.522186 0.73659 0.711459 1254.21 0.312521 1.4359 1004.06
736.543 -0.0206069 0.264509 690.831 -0.791371 -2.85326 1584.56 0.140098 0.53442 0.805849 0.315918 659.936 2.90068 0.529249 1419.43
355.252 -1.04537 1.91719 299.173 0.245481 -0.563837 781.137 0.305342 0.699748 0.787312 0.721793 469.28 -1.44641 0.882577 854.817
708.368 0.725916 1.54954 364.55 -0.96947 -0.364833 1293.62 0.756497 0.418872 0.82127 0.789628 1280.01 -1.64392 1.27909 1316.93
397.183 0.179132 -1.30476 282.937 0.331642 2.49312 651.81 0.58216 0.736576 0.792401 0.695289 627.976 0.140333 1.44509 695.284
565.067 -1.37047 -2.90848 503.424 -0.0439214 1.11113 1237.85 0.443852 0.491081 0.67357 0.713489 1243.65 -1.42884 1.47964 1206.93
582.129 -1.31562 -2.91309 435.54 -0.0424535 1.3958 1113.86 0.532035 0.450105 0.731674 0.666467 1119.82 -1.97885 0.934234 1393.76
686.609 0.474288 -1.63352 498.596 1.07194 2.88304 987.31 0.800575 0.811369 0.808249 0.723522 353.128 -0.947115 0.686405 1369.97
1182.79 1.14112 -2.77227 832.012 -0.165559 0.941381 2367.86 0.612663 0.674377 0.670226 0.641246 1032.99 -0.854048 1.79543 1981.97
659.942 0.287129 2.803 636.223 0.078333 -0.076218 1337.78 0.742261 0.206245 0.714371 0.624682 325.238 -2.1591 1.32109 1378.86
795.237 0.376967 -2.04983 507.632 -0.070639 2.4853 1042.07 0.440976 0.495148 0.685866 0.606428 467.629 0.986034 1.49927 1606.64
849.633 0.41435 0.516102 719.769 -1.25598 -3.02556 2201.48 0.139678 0.185963 0.746208 0.72195 210.277 1.18212 0.666016 1998.94
590.231 -0.0435038 2.34182 463.884 -0.92745 -1.81828 1041.76 0.703749 0.567877 0.711339 0.719562 752.916 1.08218 1.25964 1179.91
728.964 -0.259397 -2.48873 280.129 1.25253 0.404123 1179.46 0.139855 0.642711 0.688575 0.590527 256.634 1.21938 0.815258 1177.91
815.171 0.654603 0.674537 307.603 0.015922 -1.98391 1054.07 0.565384 0.646045 0.694884 0.620179 893.641 2.44499 1.77045 1095.55
399 -1.10267 0.987477 311.65 1.14687 -2.71824 1223.04 0.710166 0.385181 0.40808 0.758884 1506.22 -1.42054 1.2977 913.776
849.365 -0.757267 -2.77727 402.184 0.0115559 -0.367148 1198.32 0.739749 0.809664 0.759308 0.728265 811.262 1.7221 1.78381 1505.72
532.98 -0.549329 1.11825 431.915 -0.79367 -1.37829 928.726 0.68871 0.67197 0.773867 0.723576 940.403 -2.37572 0.997424 1230.32
664.83 0.692502 0.0626742 342.714 -0.21151 -1.28365 766.884 0.524113 0.715371 0.72029 0.659641 277.706 -2.47998 1.19633 1285.26
651.925 1.01668 -2.30398 310.265 -1.02589 1.46138 1419.67 0.718155 0.311975 0.774856 0.837073 125.011 0.740685 0.720693 1062.49
670.637 0.505257 0.047106 420.19 0.720715 2.91975 1124.31 0.052951 0.815383 0.810215 0.746691 476.841 -2.3649 0.998535 1446.04
392.788 1.01784 0.049407 269.967 -0.479729 -1.81928 761.744 0.585496 0.697887 0.733016 0.824852 599.889 2.60562 1.85828 731.374
581.095 0.0362624 0.377172 359.789 -0.287943 -2.90463 954.558 0.238379 0.464388 0.720797 0.678515 338.055 -1.35826 1.54637 1239.43
674.09 0.199891 -2.44595 540.78 -0.172473 -1.28253 722.543 0.713492 0.2567 0.708003 0.829337 977.31 1.97459 1.86265 1621.11
781.932 -0.807264 -0.000245127 389.75 -0.0811017 2.30325 1095.56 0.716158 0.267898 0.681595 0.697079 422.186 -0.684881 0.684636 1529.4
922.66 0.917438 2.20531 507.429 0.155471 -2.38923 1183.65 0.819957 0.814604 0.78488 0.799642 1048.12 -0.518465 1.87076 1591.95
627.515 0.120863 0.477364 269.417 0.826483 1.88494 616.09 0.674577 0.7232 0.763779 0.661937 1139.94 -2.28522 2.11302 1102.82
429.021 -0.427322 1.13358 352.265 1.0186 2.01182 721.572 0.621553 0.494892 0.719975 0.377762 1772.31 -1.61893 2.65243 963.962
924.239 0.451834 2.79357 463.468 -1.3566 -0.08174 1888.09 0.371915 0.356369 0.489893 0.738436 839.338 2.75802 0.0355453 1490.8
401.749 0.959948 -1.82072 370.745 0.0450147 -3.13926 605.743 0.607047 0.548051 0.765057 0.809654 1335.63 0.181317 2.00204 1126.94
1366.19 0.746426 -3.02436 357.198 -1.37713 -0.809668 2189.97 0.746069 0.353677 0.811715 0.788299 1474.86 0.653407 1.46308 1693.32
1314.11 0.467643 1.35196 368.798 -0.38767 -2.79896 1388.92 0.662296 0.478375 0.716418 0.606489 1908.19 -1.83027 0.968691 1738.58
551.319 0.628498 -1.32124 287.393 1.51453 0.952911 830.308 0.481326 0.781311 0.842072 0.690926 407.238 1.84626 0.893348 1091.96
491.871 0.942554 -1.24538 275.269 -0.109542 1.31404 822.379 0.696102 0.366394 0.790204 0.746786 576.006 2.84593 1.53189 817.945
1036.05 -0.176633 -1.28844 503.874 -0.905091 0.779884 1362.7 0.170447 0.747399 0.706691 0.735845 300.204 1.77582 0.995938 1997.5
487.68 0.878617 1.89872 414.337 -0.355691 -0.0996192 975.88 0.582672 0.643681 0.858294 0.783676 415.677 -2.06291 1.96329 1090.14
1242.26 0.796322 1.51635 343.229 0.030432 -1.75979 1455 0.105189 0.382119 0.886315 0.698957 941.356 -1.51793 0.241867 1555.15
433.193 0.742549 2.95477 270.82 -0.244639 -3.00977 387.818 0.736521 0.628126 0.772275 0.762678 952.862 0.0250158 2.92975 907.94
661.289 -0.555989 -0.301885 374.499 -0.548078 -2.51472 1040.78 0.495659 0.756024 0.140285 0.779386 1156.39 1.94464 1.82382 1076.73
577.168 -0.707106 1.99148 544.15 0.218537 -1.87665 1198.71 0.336991 0.669041 0.746809 0.763653 958.437 -0.267144 1.60951 1496.34
725.458 -0.267513 1.83337 444.587 -0.818167 -1.55742 1192.88 0.426286 0.505666 0.69341 0.819857 713.072 1.54258 0.290795 1209.06
592.437 0.750786 2.58178 492.769 0.61249 -0.0247455 1076.94 0.314363 0.719109 0.86773 0.823563 1283.33 -1.18605 1.1613 1141.41
472.176 -0.956258 0.786577 415.722 1.16757 -2.06816 1434.17 0.772774 0.717839 0.822173 0.821906 503.665 2.24076 1.45419 860.145
352.226 -0.12074 -0.215134 273.087 -0.651616 2.4275 635.863 0.781076 0.64268 0.65878 0.759952 978.8 -0.882868 0.667734 655.185
426.088 -0.115006 2.79596 388.619 -0.386067 -0.663846 829.544 0.758488 0.448787 0.726117 0.108705 1371.12 -0.807469 0.143622 1170.36
862.823 -0.377474 2.61975 272.37 -0.418896 0.978996 771.587 0.562498 0.292925 0.494851 0.87293 2453.38 -0.766645 1.74564 1286.21
465.957 -0.62275 -1.88507 367.24 -0.415788 1.01867 868.828 0.376979 0.410279 0.848448 0.504577 206.909 3.08544 1.31268 883.889
771.943 0.449581 0.483357 294.76 0.113427 -2.87883 983.838 0.279937 0.788804 0.625495 0.754192 1406.41 0.17296 0.310396 1068.43
437.689 -1.00274 1.2265 277.28 -0.538937 -1.13308 678.675 0.728112 0.761037 0.69731 0.833995 852.132 3.07245 1.84595 849.816
1668.18 -0.691722 1.07141 308.981 0.195098 -1.48563 1587.07 0.633881 0.332769 0.644981 0.633358 1381.39 -2.96183 1.4762 1947.56
1390.13 -0.0251146 0.0212409 896.04 0.205687 -2.57083 2182.72 0.722968 0.68218 0.826848 0.757251 683.024 1.69446 1.67322 2320.58
600.486 -0.934942 1.6169 262.304 0.808024 -0.599247 1103.1 0.256106 0.556402 0.799334 0.705671 294.636 -2.23155 1.6323 998.412
669.059 1.40703 -1.30305 372.954 0.255096 0.961035 1123.12 0.720553 0.672603 0.435815 0.793931 985.146 2.62912 1.66809 998.753
449.803 -0.0759192 0.948412 343.242 -0.0130442 -1.41291 740.361 0.68084 0.563746 0.815521 0.673648 678.105 -2.60282 1.18992 1107.19
745.44 -0.475574 0.599104 300.876 1.93863 -1.50585 1665.74 0.753092 0.64585 0.740977 0.817075 1004.5 -3.05903 1.55317 1065.41
470.39 0.21415 -2.67178 462.776 0.761668 0.468087 1013.56 0.806572 0.108263 0.733357 0.785206 469.007 -2.66367 0.008111 950.673
802.79 1.18225 -0.483734 484.203 -0.425663 -2.35865 1597.42 0.768594 0.505713 0.750708 0.37552 2421.87 1.83662 2.08791 1344.14
653.536 -0.412334 -1.0002 578.363 0.567388 -2.04909 899.862 0.524083 0.339272 0.486242 0.768311 1124.22 1.76363 2.47046 1673.66
582.629 0.665669 -2.31203 319.84 0.534063 1.94381 760.443 0.76501 0.386831 0.767028 0.692061 1737.91 0.426664 1.51715 970.063
1497.54 -0.15506 2.91844 671.347 -0.313166 0.0761077 2014.08 0.514838 0.6508 0.751373 0.769767 698.387 -0.932815 1.00892 2199.65
663.968 -0.11845 0.572326 296.803 -0.222699 -1.72675 827.811 0.4895 0.209676 0.702087 0.658639 1648.39 2.48319 1.91086 1024.74
413.641 0.423454 2.92966 313.52 1.10881 -0.176555 770.626 0.723541 0.582494 0.794038 0.665144 162.134 0.585849 0.762405 741.916
588.321 -0.896512 0.456754 476.693 -0.162178 2.62287 1027.25 0.804974 0.255172 0.837229 0.768467 770.085 2.47044 0.152435 1528.22
1005.92 -0.602172 -2.64216 434.363 1.49884 0.242533 2127.51 0.545256 0.556736 0.814449 0.505418 878.238 0.650524 0.40799 1470.49
786.286 0.0354799 -0.702374 290.236 1.90021 1.95161 1443.52 0.309619 0.62366 0.726022 0.6896 991.817 2.85261 0.900997 1373.42
466.638 -0.640074 -0.662226 316.52 0.574509 1.67476 889.916 0.568113 0.621127 0.599007 0.77493 512.858 -2.65169 1.95674 987.326
599.854 0.805108 -1.7589 420.375 0.612354 1.88502 1010.25 0.417583 0.674243 0.677848 0.683483 1150.66 0.812152 1.07287 1245.44
935.606 -0.595243 1.87191 487.159 -0.322994 -0.845911 1342.48 0.700198 0.73235 0.794319 0.712011 874.742 0.519886 1.35203 1750.44
475.553 0.819427 3.04431 398.16 1.04779 1.59302 598.846 0.654985 0.697682 0.913019 0.7209 1473.87 -0.988663 2.25021 997.879
439.595 -0.18496 2.31047 418.936 0.16782 -0.94589 884.946 0.692443 0.609394 0.733983 0.43785 826.51 -0.731075 0.214815 879.045
657.022 -0.600836 -2.39838 281.098 -1.99044 0.807761 1088.98 0.460703 0.695278 0.325798 0.855807 827.487 0.811404 0.00364268 1039.08
978.466 -0.382118 0.761179 484.302 0.397189 -1.35879 1348.79 0.578546 0.70197 0.597355 0.594158 702.024 -3.02853 1.66974 1777.23
372.734 0.562762 2.58839 356.773 0.903872 -1.98754 580.745 0.674904 0.447867 0.794609 0.60616 1175.92 -0.0641981 1.92335 770.446
416.384 1.51154 3.07224 364.449 1.27752 0.186378 788.739 0.567513 0.827321 0.371884 0.788314 202.031 -1.18428 1.37066 859.589
404.931 -0.406025 2.84285 340.188 -0.94867 0.0917005 776.096 0.686464 0.689059 0.735383 0.761793 307.983 -1.89702 1.54332 712.081
1236.08 -0.497897 -0.597554 364.197 0.438762 -2.48651 1326.59 0.512217 0.432838 0.446062 0.626515 1777.75 2.14808 1.64859 1763
460.485 -0.246795 -1.46052 409.71 0.364771 1.9662 941.942 0.398549 0.688015 0.808261 0.747022 329.287 0.111242 1.57176 835.833
917.248 0.254498 -0.59531 313.545 0.79183 1.68309 1111.64 0.656698 0.750943 0.488336 0.821785 1091.43 2.66899 0.9859 1594.64
487.458 -1.11622 1.46766 351.462 -0.323332 -0.697254 815.644 0.591828 0.595936 0.705818 0.659122 1555.79 -2.47486 1.77761 943.409
579.402 1.03617 -1.96301 360.203 -0.252285 -0.175089 977.157 0.504863 0.629556 0.49417 0.837117 546.333 -1.32936 0.633651 1173.83
1066.04 -0.525428 2.96016 356.547 1.0697 1.90711 1269.34 0.732566 0.491972 0.794545 0.725977 821.463 1.38742 0.519695 1743.41
375.32 -0.253998 -2.79518 372.156 0.300722 1.88921 594.387 0.736969 0.833383 0.783591 0.735399 1211.55 -0.716447 2.07873 938.105
1355.54 -0.228129 2.75582 1132.93 0.680137 -1.37175 2486.48 0.440461 0.788118 0.624195 0.824749 1632.19 0.65366 2.02541 2553.27
869.722 -0.493318 0.142051 695.814 1.69665 2.68471 2560.67 0.521577 0.779055 0.789262 0.826917 154.934 -1.66317 1.80522 2115.95
336.565 -0.618518 -2.95884 274.054 1.15451 2.82161 654.031 0.334894 0.43643 0.756749 0.747134 1478.2 -0.194103 2.76473 710.635
835.238 -0.654356 2.72177 399.191 0.740697 0.627829 1346.65 0.750558 0.602526 0.835073 0.839511 896.695 -0.910577 1.53841 1204.73
610.684 0.195126 -0.0708271 257.28 0.0264066 -3.09753 805.426 0.51949 0.565356 0.745775 0.431475 366.197 2.57392 0.611744 878.861
383.399 1.48624 2.75464 303.441 0.445849 -0.19938 788.979 0.853399 0.476268 0.760908 0.686341 447.723 -2.49215 1.03639 882.832
861.701 0.6138 -2.57868 479.61 0.365561 -0.629136 1086.67 0.719779 0.658265 0.590947 0.76764 520.847 0.26152 0.890657 1777.82
1060.2 0.0362784 -0.0350607 382.861 -0.932713 2.25912 1343.22 0.520308 0.686722 0.766247 0.724804 1022.71 -2.58379 1.44028 1682.58
989.098 -0.46668 2.7072 741.119 0.0690314 -1.08455 1736.74 0.66461 0.266837 0.652276 0.779154 1034.08 2.98102 0.273815 2229.08
385.253 0.556838 1.82926 337.986 -1.49377 -2.40352 1080.36 0.766433 0.772436 0.833968 0.820831 804.693 0.291179 1.53808 981.006
643.145 -0.787513 -2.26576 477.859 0.93605 0.257993 1519.33 0.747455 0.648397 0.881167 0.711738 980.085 1.76325 1.50526 1252.94
672.924 -0.494369 2.55872 584.528 0.678664 1.83614 905.393 0.758538 0.488051 0.770398 0.623083 479.602 0.0792307 1.75691 1765.78
717.192 -0.509581 -0.637928 586.076 -0.108696 2.20355 1328.93 0.551726 0.661132 0.786806 0.755023 366.974 -3.07367 1.00596 1329.24
446.852 -0.0139721 2.73643 324.7 -0.589623 0.7164 731.36 0.384426 0.752024 0.86812 0.751536 1131.59 -1.18807 1.90447 816.965
649.579 0.0562489 -1.36403 560.151 0.321315 2.76259 1091.17 0.352341 0.512803 0.708359 0.771906 653.62 1.13734 1.62526 1646.8
998.433 -0.167964 1.37632 389.345 -1.52064 2.97956 1284.28 0.645472 0.708126 0.708186 0.704706 1840.21 -1.54269 1.76094 1550.56
340.198 1.6844 2.82707 261.175 0.0426637 1.12117 721.727 0.831577 0.520051 0.794301 0.714642 821.44 -1.31844 2.13767 786.809
528.602 -0.714983 2.10383 308.376 0.684814 -0.998161 1027.95 0.797019 0.32947 0.683607 0.768797 519.671 -0.946927 0.0512338 812.401
449.711 0.935626 0.777602 335.638 0.861197 -1.58722 734.229 0.451744 0.639368 0.685396 0.602328 598.706 3.11446 1.5815 992.929
624.887 -0.345965 1.89305 261.659 0.853134 -0.658535 954.727 0.516833 0.680363 0.644949 0.793308 1193.79 -1.45219 0.793659 910.36
1419.47 0.799507 2.28136 771.645 0.0260026 -0.594907 2375.78 0.149405 0.158595 0.650274 0.682651 1498.59 -1.11755 0.522647 2316.61
663.604 0.664714 -2.57093 444.136 -1.05552 -0.840895 1364.03 0.59723 0.518739 0.711903 0.869319 1388.15 1.59085 2.12141 1246.84
1282.55 0.587234 2.13053 260.751 0.941642 0.18146 1019.64 0.611745 0.36146 0.765953 0.749674 2089.24 -1.47645 1.65791 1685.28
1049.64 0.0993825 -2.30943 366.557 1.23023 0.171854 1431.98 0.437313 0.55165 0.571733 0.726415 954.412 1.34597 1.17411 1552.35
1088.17 -0.314409 -0.741256 411.644 0.194358 2.81571 1373.36 0.651696 0.18023 0.817592 0.663949 541.623 1.5347 1.281 1494.61
754.721 0.827097 1.23793 265.181 -1.24279 -1.17467 1391.79 0.404802 0.80908 0.779133 0.859899 904.661 -1.84748 0.672813 1049.75
1441.33 -0.351085 -3.06868 271.156 0.0728151 0.700596 1237.1 0.780229 0.622319 0.814293 0.736713 1164.27 -0.242081 0.942677 1798.73
813.788 0.0938406 -0.0521951 299.285 0.141774 1.69893 783.023 0.728834 0.72613 0.79968 0.656135 695.061 2.40768 0.708742 1588.49
1157.85 1.05516 0.594519 923.871 -1.53617 -3.04994 4034.3 0.661485 0.772969 0.758432 0.863688 1112.55 -2.18896 0.860981 2269.86
470.381 -0.13701 -0.161218 277.678 -1.55348 1.6076 802.348 0.824321 0.550715 0.752688 0.568086 852.711 -2.34143 2.18021 1016.06
660.259 -0.530209 1.53854 282.944 -0.417449 -0.774417 806.044 0.737984 0.48556 0.689709 0.654134 1325.5 -1.79775 1.02333 1149.97
576.452 1.08997 -2.31783 393.915 -0.539298 0.790839 1298.32 0.702105 0.77393 0.671419 0.71695 1264.48 2.85498 1.11038 1240.5
500.086 0.815685 0.321341 359.926 -2.25249 -1.8008 2027.71 0.817545 0.729724 0.66306 0.865704 547.803 2.32703 2.00569 943.748
1100.88 0.616111 1.50775 266.158 0.753935 -1.10193 1177.48 0.173003 0.721634 0.364177 0.78365 1294.49 -1.91724 0.815302 1409.15
578.775 1.224 -2.4332 360.953 -0.470769 1.36111 1246.47 0.639397 0.638703 0.867091 0.712783 376.306 -0.0941978 1.45531 999.506
715.234 -0.943041 -2.69176 430.23 2.47585 0.616201 3179 0.291078 0.738631 0.872439 0.842719 419.792 0.737277 0.121076 1335.02
740.157 -1.1077 -1.42624 660.847 1.60484 1.97303 2897.62 0.80388 0.376035 0.772071 0.767758 1223.4 1.1835 0.789528 1479.74
546.739 0.962599 1.1154 308.149 0.00201847 -1.61894 922.916 0.568129 0.652872 0.713849 0.524099 945.179 -2.03506 0.416118 1019.97
714.288 -0.121663 2.7845 268.406 -0.239935 1.43521 561.912 0.632319 0.632709 0.687649 0.755791 244.752 -1.08782 2.41086 1322.83
606.81 0.63451 -2.32878 526.39 -0.824901 0.49096 1449.68 0.561692 0.351394 0.782832 0.772285 300.068 2.054 1.56304 1104.46
1707.21 0.0696651 1.83015 579.971 0.458898 -0.28073 1792.32 0.411517 0.647418 0.679535 0.559188 2536.4 -1.54435 1.26362 2278.59
515.605 -1.4031 -1.83062 276.625 -0.313158 0.238088 791.4 0.413951 0.67194 0.811441 0.723862 1313.81 2.72141 1.73116 825.638
985.964 -0.567569 1.57035 298.653 -0.351696 -2.64119 952.578 0.681275 0.706599 0.644142 0.727189 2535.12 0.0320358 1.53831 1309.44
588.513 0.362507 -1.55789 576.771 -1.01115 2.79925 1297.5 0.721891 0.582263 0.753586 0.743232 1605.4 0.210567 1.76846 1332.59
828.386 -0.0186126 0.792053 410.508 -1.05942 -0.582477 996.911 0.652052 0.802195 0.666891 0.798636 1623.58 3.12927 2.33721 1237.66
702.542 0.773562 -2.70104 664.201 -0.242508 1.85201 1280.65 0.76858 0.802103 0.830867 0.781195 1119.25 -0.387523 2.23953 1374.2
623.391 0.208378 -2.11951 581.863 -0.286219 1.42019 1229.43 0.75722 0.788335 0.879832 0.804607 562.599 -0.489789 1.62972 1175.68
1631.63 -0.324485 1.23442 764.628 0.502657 -0.887768 2185.63 0.214809 0.485761 0.753304 0.526976 905.661 -2.39926 1.5115 2807.45
632.891 -0.482492 0.106182 565.867 0.723919 -2.90414 1455.21 0.49231 0.0561334 0.703259 0.694233 281.61 -0.129857 0.236039 1247.37
795.51 -0.192567 -3.01289 529.02 0.0833871 1.01366 1196.51 0.541142 0.647825 0.751069 0.732204 1025.62 -1.21366 1.79924 1420.59
363.749 -1.08854 -2.23144 270.708 -0.356481 1.39461 693.49 0.817903 0.457823 0.814307 0.561778 225.944 -0.807065 1.42437 744.42
790.067 0.886844 -2.24952 656.356 -0.770143 -0.864312 1668.89 0.602527 0.159034 0.741417 0.754757 1646.07 1.32177 2.18608 1767.85
1022.53 -0.302341 0.122187 828.411 -0.315713 -3.13347 1854.47 0.795065 0.661186 0.752534 0.779751 945.4 -1.15214 1.27433 2175.13
730.819 -0.357163 -1.74333 328.107 0.678978 0.367034 1030.78 0.648706 0.358448 0.641546 0.752489 1181.4 2.0608 1.69376 1435.12
960.411 0.270055 3.09669 506.371 0.789553 1.08848 1273.51 0.523923 0.648572 0.501384 0.707958 1580.02 -0.419083 1.50756 1531.45
1773.29 0.380989 0.645595 1571.32 -0.116162 -2.44828 3509.16 0.733764 0.2513 0.656038 0.706078 588.698 -2.80753 0.359254 3341.94
387.591 0.0191123 -2.73723 320.563 0.938758 0.270772 802.29 0.526739 0.294502 0.434774 0.818444 341.157 -3.0441 0.30687 690.902
925.25 -0.623729 0.847974 380.238 -0.6134 -3.06856 1120.91 0.256255 0.648365 0.770893 0.697786 1356.88 -1.83743 1.23112 1407.61
382.149 0.150012 1.75447 364.758 -0.749384 -0.615314 787.784 0.741433 0.42036 0.768384 0.774034 156.478 -2.74251 1.78621 914.976
888.565 -0.0772369 2.36597 752.491 -0.952652 -0.675602 1813.89 0.428855 0.805092 0.451464 0.733672 579.348 -0.450316 0.225286 1916.86
453.88 -1.34909 3.13355 449.038 -1.04956 1.12785 827.544 0.282045 0.39442 0.800661 0.79381 1077.2 -0.21705 1.3449 1025.8
297.028 0.00100856 1.49868 280.059 1.48046 -2.36228 732.897 0.610292 0.35749 0.729187 0.610674 651.033 -0.516886 1.8454 638.818
936.837 0.521813 0.235402 802.367 0.0583762 -2.80659 1870.82 0.571295 0.238892 0.356669 0.770219 473.958 -0.468018 0.70342 2033.34
365.594 0.470307 0.466227 291.111 -0.950147 -1.82151 797.239 0.583823 0.80182 0.749442 0.775102 983.452 -3.07495 1.25344 665.929
846.995 0.886755 0.952655 834.209 0.0417963 -2.43594 1838.18 0.557028 0.721595 0.770645 0.613105 296.613 -1.72569 0.710242 1803.33
746.409 0.383434 2.1385 302.14 -0.748389 -0.317222 1071.3 0.801372 0.768625 0.738881 0.575842 530.955 -2.2039 1.88668 1010.5
882.769 0.760932 2.56957 755.575 -1.77334 -2.26977 2909.38 0.446659 0.483045 0.319172 0.796081 1907.71 -0.048001 2.22177 1679.68
666.3 -0.0987467 -1.6516 345.539 -0.112194 1.0818 960.045 0.14576 0.447781 0.65372 0.743026 1620.18 0.988241 0.0935541 1260.42
674.831 1.83271 1.95094 434.431 -1.14614 -0.769029 2517.7 0.803194 0.786744 0.630281 0.780434 208.379 -1.96344 1.19441 1246.02
619.732 -0.454025 2.57132 370.006 2.48341 -0.45088 2198.1 0.539399 0.391316 0.696047 0.794159 731.392 -0.662173 0.211293 1009.16
633.628 -0.135364 -1.93465 411.009 -0.318526 2.19246 918.724 0.554262 0.640759 0.401901 0.807992 536.609 1.58582 0.606638 1724.39
887.181 -0.337005 -2.98741 417.271 -0.507989 1.04421 1130.6 0.755392 0.810853 0.784572 0.87242 1138.59 -0.657185 1.70139 1393.44
1131.36 -0.356445 0.782381 926.595 -0.768362 -2.73532 2073.84 0.585027 0.750282 0.751069 0.784861 1074.11 -1.4987 1.23662 2369.99
628.832 -0.691095 -0.583135 300.691 1.10326 2.09358 1252.36 0.401629 0.260331 0.773686 0.815983 510.707 -2.85906 1.33054 1039.19
650.42 -0.674815 -2.51402 576.653 -0.268707 0.614429 1275.2 0.266178 0.514199 0.791738 0.800232 247.604 0.804073 0.189644 1218.17
795.758 -0.010994 -1.40464 494.272 -0.550476 3.03534 1094.67 0.387873 0.477669 0.846597 0.723952 1256.95 1.25903 1.77632 1394.55
672.231 -0.310634 1.93604 550.887 -0.67365 -1.28335 1246.99 0.754579 0.585563 0.786786 0.80409 393.715 -1.28508 0.00173402 1265.2
539.926 -0.893709 -0.467044 504.433 1.43261 2.93186 1836.03 0.588026 0.661207 0.708133 0.852142 548.547 2.40128 0.530576 1027.19
486.306 0.245579 2.74948 258.182 2.12722 0.849972 1004.14 0.575035 0.795464 0.693869 0.813091 1145.27 -1.00133 1.8513 849.754
487.246 0.879324 -1.24166 427.664 -0.654546 -1.81444 820.911 0.786743 0.64255 0.804212 0.781727 812.751 1.30314 2.5448 1173.84
548.292 -0.307169 -2.96854 490.019 0.77198 0.547171 1183.54 0.490884 0.660654 0.69723 0.746117 1159.37 -2.06149 0.90705 1412.13
399.793 -0.123803 -1.8846 349.668 -1.31774 2.10511 886.078 0.539402 0.345377 0.840814 0.639512 1109.19 1.01188 1.09322 891.891
1372.69 -0.272867 0.965104 985.152 -0.00361909 -2.17562 2407.7 0.39897 0.327918 0.770305 0.62784 31.9653 -0.694233 1.48138 2329.22
682.132 -0.424533 -0.156126 322.834 0.288551 2.28374 960.246 0.561917 0.666287 0.762412 0.745736 245.94 2.29581 0.0120718 1380.94
484.384 0.270356 1.12381 320.624 0.14222 -0.360666 603.742 0.241629 0.140065 0.47636 0.626666 1030.49 -2.26758 1.90691 1284.36
788.347 -0.295049 -1.31722 317.303 0.327317 1.43373 1108.06 0.29008 0.572005 0.639993 0.614681 1708.65 1.85928 0.42555 1095.25
770.796 0.417623 -0.146842 674.324 1.01583 2.82719 1534.6 0.575198 0.526187 0.421669 0.800972 466.093 -0.825168 0.678325 1432.35
829.711 0.069567 0.999756 585.772 -0.762243 -1.20838 1404.92 0.605721 0.509036 0.659302 0.708961 1414.34 2.87023 1.87048 1434.17
510.977 0.834053 2.71119 329.639 -0.35334 0.59726 896.424 0.202224 0.554246 0.584729 0.762258 1142.34 -1.41249 2.00975 822.118
427.341 -0.792347 0.663472 357.931 -0.587771 -2.4408 799.351 0.855 0.524127 0.813699 0.736528 86.7057 2.33255 1.50984 747.989
817.115 -1.18703 2.55416 701.776 -0.0812099 0.818545 1472.7 0.701259 0.656189 0.798399 0.512364 1305.49 -0.188479 1.00702 2004.52
740.533 -1.02683 2.29117 477.383 0.321316 -2.48812 1198.87 0.391817 0.61788 0.781546 0.79419 1797.12 -0.0501867 2.34135 1274.81
585.631 0.202675 2.18985 387.788 0.126095 -1.33934 1015.29 0.613387 0.423502 0.617156 0.634762 613.095 -0.221058 1.11828 935.305
876.972 0.960063 2.54173 621.148 -1.13538 0.0247614 2376.16 0.0848642 0.315548 0.581055 0.424229 208.301 -2.992 0.749456 2016.89
633.8 -0.0856124 -0.287557 565.406 -0.70052 -2.48198 1190.08 0.298669 0.495258 0.446476 0.588564 244.747 1.68734 1.97489 1386.35
318.174 0.638281 0.96707 314.886 -1.5498 2.03152 911.942 0.833177 0.812106 0.777726 0.727176 1573.05 -1.42823 2.3953 691.757
467.731 1.32326 -1.22323 467.059 -0.127795 1.65255 1203.4 0.428625 0.828872 0.743614 0.79238 1296.36 -0.844811 0.378423 1333.77
602.505 1.05797 1.93263 395.24 0.585171 -1.32715 1035.45 0.25428 0.382488 0.76601 0.794764 431.123 -0.497772 0.829376 1030.34
950.555 -0.231389 2.14035 553.796 0.138097 0.779583 960.846 0.42591 0.0927724 0.7314 0.776686 2093.79 -1.72117 2.42166 1619.7
1182.75 -1.00555 1.57738 345.222 1.4135 -0.116863 2184.58 0.79039 0.64913 0.759527 0.747483 1782.77 -2.48728 2.21852 1659.64
868.249 0.184203 2.28652 514.695 0.672211 -1.49655 1348.95 0.180063 0.419154 0.618281 0.786179 873.869 2.18014 0.106374 1740.5
912.743 0.494529 1.92181 594.326 0.446168 -1.87608 1521.9 0.043574 0.0739436 0.584988 0.744154 2018.91 -0.414035 1.46205 1703.23
358.882 -0.0544766 2.77474 334.58 0.886481 -1.17523 734.693 0.638113 0.734542 0.732678 0.749903 876.701 0.9654 1.80934 713.573
605.327 -0.700191 1.61101 408.645 -0.337448 -2.08908 996.482 0.636651 0.382446 0.805529 0.877922 1543.76 -1.32218 0.766904 990.622
791.532 -0.232629 -0.971522 421.125 -1.26199 2.07517 1324.46 0.787572 0.801749 0.825857 0.767587 783.197 2.84475 0.769583 1482.56
384.627 0.393202 -0.260921 349.867 1.20126 2.29212 780.584 0.745384 0.353435 0.758854 0.746325 359.103 -2.733 1.25806 1100.89
517.295 -0.363049 -1.39762 492.118 0.414707 -2.66 758.676 0.439745 0.636041 0.498878 0.562736 791.864 1.64297 1.98022 1392.84
474.32 0.461535 2.87502 403.4 0.882877 -1.68894 703.361 0.603311 0.450885 0.651406 0.725872 485.861 0.800003 2.07501 1169.8
439.502 -0.258286 1.48482 344.788 0.913633 -0.815482 873.712 0.684626 0.624701 0.635613 0.807652 1309.73 -2.16909 1.35361 855.982
796.203 -0.358985 3.11911 369.123 1.37664 -1.71268 1302.56 0.653343 0.471354 0.632162 0.627631 2612.84 0.113487 1.82617 1152.8
706.343 0.633713 2.2423 288.569 -0.0174895 -0.387462 931.95 0.220682 0.731888 0.760537 0.783405 469.693 -2.37537 1.66552 1009.61
560.19 -0.0993909 2.1768 406.627 0.638975 -2.77812 706.318 0.688516 0.818553 0.655018 0.737236 2311.51 -0.8216 1.95652 1208.84
431.527 -0.141036 2.33233 283.886 -0.79516 -0.0242366 700.527 0.487535 0.737436 0.578417 0.794801 898.411 -0.628084 0.603848 826.882
455.261 -0.311691 -2.15055 429.019 0.281558 1.84794 858.351 0.449453 0.712707 0.711967 0.68326 364.098 -0.07999 1.92793 1288.48
455.84 -0.578706 1.30033 343.087 2.31041 1.27429 1601.54 0.66034 0.796833 0.772946 0.780727 1090.16 -1.66194 2.93623 854.35
460.174 0.382832 -1.45127 420.169 0.441817 1.32369 881.52 0.690364 0.738785 0.768855 0.76905 847.779 -2.48145 1.03018 899.051
366.8 1.2353 1.20952 289.823 -0.0848399 -2.38697 814.435 0.60875 0.410341 0.634548 0.768041 171.273 -0.0186786 1.22819 709.515
473.432 -0.11569 -1.39175 250.958 -0.766257 2.22222 722.643 0.776481 0.741493 0.849033 0.835572 659.724 0.517786 1.70443 761.361
630.395 -0.121687 -0.045068 361.92 -1.03391 -2.99188 1060.01 0.535961 0.700303 0.671906 0.795462 1121.72 -0.319905 0.274837 1349.96
1261.15 0.179111 1.60738 830.454 -0.0829909 -2.91011 1616.19 0.756279 0.768942 0.710177 0.642608 1131.9 -1.2133 1.69681 2575.97
648.088 -0.663634 2.04819 349.108 -0.654438 -2.70245 698.752 0.865439 0.717564 0.743666 0.841911 1251.25 -0.898181 1.80427 1132.31
634.213 0.0754712 -1.48218 540.81 0.138991 1.06183 1149.86 0.378966 0.627016 0.693379 0.714479 682.305 -0.2142 1.26799 1499.25
1575.69 0.156882 -1.79997 251.667 -1.16682 -0.0302013 1336.47 0.647221 0.584231 0.686814 0.787883 516.689 1.36093 1.39113 2034.6
875.681 0.475117 1.52558 623.109 0.263666 -2.31657 1433.64 0.747224 0.603627 0.74539 0.601444 983.171 0.127813 1.39777 1569.74
601.028 1.3669 2.80125 448.153 0.00784646 -0.118643 1298.22 0.367208 0.556615 0.79662 0.748071 271.694 -2.15091 1.33102 1039.09
461.112 1.0917 1.19717 251.563 -0.223222 -2.54536 823.852 0.670299 0.782385 0.786313 0.805435 542.056 -1.82829 0.717071 719.543
759.187 0.856829 -2.95385 558.931 1.14996 1.61137 1090.95 0.189137 0.0386604 0.661391 0.750444 1186.18 0.106682 1.50469 1477.92
472.529 -0.821763 -1.82805 414.381 0.291507 2.96856 814.359 0.741946 0.273466 0.786642 0.769583 1287.28 -0.117164 1.71088 1001.07
605.382 -0.539375 1.99439 543.219 0.321233 -1.54897 1244.24 0.601695 0.525284 0.584172 0.667303 664.601 0.280486 1.71391 1126.14
590.033 -0.940914 -1.19402 499.177 0.0998184 -3.00433 1075.94 0.435919 0.366588 0.780024 0.691562 1968.98 1.37697 1.90188 1077.43
741.145 1.01224 0.92373 604.129 -1.66612 -2.29407 2734.99 0.765968 0.81743 0.736355 0.773146 35.2312 -1.35234 0.941725 1753.55
778.947 0.403416 2.21031 273.589 -1.36281 -0.764971 1324.96 0.420339 0.6323 0.616264 0.690327 1734.69 -1.07861 0.313638 1028.42
822.351 -1.49341 -2.13739 386.399 0.672358 2.21472 1747.59 0.688429 0.479779 0.784225 0.680591 804.927 0.590574 1.62415 1416.57
875.362 1.26036 -0.150296 389.173 -0.709337 -1.55944 1563.76 0.814989 0.222636 0.797322 0.742771 1709.11 2.02565 2.17594 1448.45
276.163 0.436579 2.7598 262.679 1.21104 -0.104339 581.773 0.245895 0.698189 0.835936 0.804036 669.378 3.09308 0.333272 624.435
992.222 0.233289 1.77808 471.967 -0.680227 -0.824087 1608.65 0.21563 0.771821 0.46879 0.824609 1124.7 -1.84037 1.01629 1617.38
386.828 0.218627 -2.34961 313.567 0.0928355 -0.580844 620.997 0.307964 0.859502 0.80676 0.803354 1404.92 2.09027 1.84331 826.87
1231.72 0.276122 2.51564 586.833 0.551767 0.279359 1555.69 0.675034 0.446541 0.66991 0.534324 1264.47 -1.57495 1.85431 1949.45
742.887 0.0574866 2.27103 407.331 -2.02383 0.0960279 1689.54 0.642977 0.550507 0.677509 0.620879 1414.43 -1.23469 1.33072 1300.88
971.124 0.504682 0.217553 769.534 0.735116 -1.95293 1551.03 0.143972 0.207693 0.569495 0.507186 1058.26 2.42853 1.90173 1793.21
1089.75 -0.138569 2.55846 447.2 -0.759663 0.451295 1310.1 0.501637 0.738186 0.754927 0.853816 845.365 -1.37101 1.82231 1921.16
451.891 -0.80775 -1.07439 361.101 0.23234 0.218991 712.791 0.308957 0.0803029 0.613181 0.770148 768.447 2.1374 1.91841 934.152
640.106 -0.497191 -1.54645 267.734 0.621856 1.68766 982.693 0.75477 0.159411 0.735402 0.736862 514.383 1.63874 0.0489188 885.748
370.93 -0.0517418 2.00706 323.815 -0.404747 -0.394741 696.499 0.610837 0.566348 0.584169 0.675937 1775.5 2.79987 0.792807 786.974
937.373 0.473095 0.370347 800.721 1.35394 2.62339 1844.89 0.0487088 0.657166 0.84461 0.6912 1167.39 -2.02456 1.63524 1849.69
758.281 0.281121 -3.04648 511.404 -0.8145 -0.318683 1446.45 0.335009 0.49199 0.313982 0.4947 479.614 1.46553 1.77118 1293.07
718.558 -0.72618 -1.95394 285.912 -0.391422 2.22815 851.028 0.440764 0.739137 0.205751 0.790787 1201.02 0.124766 2.0787 1232.58
507.266 -0.703992 -3.01065 432.099 0.834432 -0.879917 1156.33 0.400787 0.436242 0.744581 0.241323 755.842 1.06639 1.9463 1241.89
527.284 -0.836947 -2.48235 456.2 0.0330912 1.29447 1064.9 0.543335 0.228905 0.604803 0.688517 868.452 -1.34141 1.14094 966.843
324.826 -0.796503 1.17717 256.898 -0.507033 -0.916062 539.72 0.871395 0.46956 0.798898 0.672236 920.01 3.1197 1.94254 637.392
485.109 -0.393209 -1.60356 389.846 0.986392 2.68894 990.924 0.614712 0.877102 0.762111 0.771404 1032.71 -0.736028 0.867532 1016.97
640.102 -0.287322 -1.891 452.258 0.80996 0.664139 1225.96 0.407968 0.282061 0.763613 0.872932 858.506 1.91199 1.24785 1069.44
374.368 -0.103012 1.18451 357.866 0.439887 -1.41594 754.742 0.732722 0.193363 0.749883 0.779793 1258.9 2.31469 1.13018 750.949
341.91 -1.59947 0.397364 309.606 -0.265795 -0.282603 542.932 0.753536 0.41247 0.778825 0.588345 929.266 -3.03755 2.75495 876.759
598.06 0.88946 -1.43129 285.12 0.772368 1.82324 866.009 0.369174 0.636983 0.748268 0.673045 198.468 -0.933095 0.498194 932.006
890.703 -0.182485 0.995055 326.672 2.50514 2.56443 2122.52 0.306321 0.79465 0.609829 0.798703 1403.78 -1.74138 1.97738 1228.06
744.886 -0.988573 2.20814 651.383 0.0757945 -1.27548 1585.02 0.274021 0.548137 0.59705 0.722113 523.66 0.280393 1.55588 1386.04
2125.08 -0.82642 1.17317 544.547 -0.055903 -1.75575 2330.79 0.704551 0.153141 0.867277 0.567457 1416.61 -2.25202 0.49627 2668.1
481.168 0.175625 -0.989784 324.53 -0.661082 1.12594 781.203 0.811295 0.701399 0.751132 0.792125 1174.24 -2.78378 1.79399 827.388
1063.01 -0.555922 -1.4876 943.971 -0.975174 2.43558 1932.8 0.599489 0.732571 0.700082 0.773206 1243.79 0.717468 1.71811 1955.08
586.247 -0.634979 2.13744 561.595 0.465154 -1.43531 1310.55 0.601647 0.74135 0.595442 0.71994 1448.01 0.205742 1.64106 1147.73
1056.87 -0.0354222 -1.7739 530.044 0.379128 0.822064 1496.02 0.719234 0.346176 0.795218 0.825859 989.935 0.558129 0.263935 1802.92
446.542 -0.0710696 1.77974 395.827 1.29506 0.0372342 925.043 0.457483 0.653917 0.749945 0.783857 1279.85 -1.725 1.76223 1041.9
555.741 -0.0325286 -1.82307 365.591 -0.404658 1.01874 920.529 0.475217 0.643444 0.68936 0.770372 403.373 0.864472 0.154264 1143.45
568.388 -0.142783 1.73277 373.501 -1.16524 -1.2232 1065.07 0.275498 0.70446 0.673465 0.814627 380.79 1.80922 0.0764494 1004.39
888.393 -0.964258 -1.98993 825.04 0.325984 0.453214 2003.86 0.51432 0.441152 0.51058 0.702574 117.142 0.0191105 0.434103 2498.66
921.234 -0.548793 -1.99726 777.986 0.633944 2.06732 1871.15 0.630367 0.798137 0.799513 0.762106 1406.73 0.223627 1.84369 1760.04
733.121 0.517142 2.40683 682.103 -0.24216 -1.35977 1474.33 0.71358 0.608085 0.629072 0.815443 627.055 0.784239 1.62259 1379.5
1086.43 0.362721 1.7389 288.048 -0.21928 -1.15704 1175.92 0.699859 0.758455 0.649552 0.718343 946.772 -1.54187 0.384832 1358.47
967.005 0.7209 -0.0346891 914.036 -1.2078 2.88238 2826.65 0.418964 0.35787 0.709352 0.524597 169.184 -1.35103 1.31634 1934.27
786.393 -1.13645 0.957214 360.552 -0.269435 -1.62592 1202.1 0.665893 0.120343 0.804432 0.795977 514.562 -1.65159 0.025673 1313.09
1373.44 0.888007 -1.83446 790.396 0.945327 0.540552 1965.26 0.242425 0.758877 0.809077 0.672961 1218.86 2.50378 1.94495 2120.5
408.279 0.589257 -0.788802 273.799 -0.663386 2.83857 812.726 0.262897 0.714825 0.855252 0.7208 374.509 -0.233529 0.555273 877.616
572.301 -0.448323 -1.05946 321.482 0.904441 -2.47866 857.263 0.570818 0.624034 0.686936 0.759836 1746.58 -2.87732 0.398654 1000.72
884.528 -0.120179 0.361007 594.391 0.45865 -2.08679 1535.68 0.221544 0.423155 0.354092 0.40086 1076.88 2.13316 1.77215 1530.54
595.25 0.518152 2.59871 482.552 0.986736 -0.601155 1115.4 0.731146 0.352329 0.597393 0.79132 267.736 3.1109 0.512187 1436.77
1126.06 -0.146835 1.6809 486.115 0.74528 -1.32079 1683.62 0.474837 0.495555 0.579479 0.836184 847.378 -2.32304 1.00224 1599.89
825.855 0.238497 0.759146 570.348 0.297864 -1.99901 1353.15 0.474075 0.146904 0.56748 0.599595 1160.78 -0.641289 1.35773 1831.07
388.32 0.910102 3.0812 387.856 -0.851631 -0.166764 1115.08 0.342755 0.664371 0.722312 0.79161 1045.67 -0.591238 0.424474 1078.13
452.96 -0.298237 -1.11036 440.547 0.510819 1.69379 964.835 0.207256 0.460552 0.57086 0.707614 657.545 2.3362 0.642412 1231.99
759.496 0.163582 -0.0550821 459.414 -1.15897 -2.46903 1409.51 0.275624 0.353558 0.676142 0.590672 657.941 2.16926 1.6449 1274.64
636.315 -0.149314 -1.98704 313.485 1.25676 2.21771 1041.82 0.848689 0.761252 0.782102 0.767035 795.667 -3.1203 0.945176 1195.65
787.313 -0.221057 -0.343869 505.466 -0.248642 -2.90878 1229.21 0.571995 0.299118 0.600556 0.727598 1726.16 2.90105 0.473357 1441.59
791.589 0.849792 1.80927 288.77 -0.311023 0.591892 864.045 0.508149 0.498106 0.755875 0.636895 1293.54 -1.81663 2.40852 1173.13
377.043 -1.01132 -2.08256 358.235 -0.437781 -0.434758 603.294 0.512785 0.80332 0.69023 0.803812 437.372 1.405 1.83976 792.086
780.103 1.42091 -2.0515 474.611 -1.24417 1.15565 2483.47 0.174214 0.586655 0.813637 0.65964 341.362 0.976077 0.179569 1285.57
585.044 -0.0707751 -1.30669 419.182 1.08518 -0.418509 835.827 0.586802 0.692511 0.557203 0.822311 2222.95 2.33429 2.6422 1060.76
1180.63 -0.819239 1.34333 836.819 -0.0177314 -1.50529 2160.85 0.286978 0.331003 0.6897 0.678682 621.101 -2.09219 0.586902 2117.67
638.241 -0.297398 3.12325 541.929 -0.559871 -1.00268 1075.79 0.350371 0.646789 0.541538 0.725234 369.76 2.12229 1.00096 1798.89
615.55 -1.09333 -2.00538 384.334 -0.899399 1.85844 934.44 0.393 0.676793 0.781726 0.643081 1218.87 -0.872027 1.13335 1083.99
1059.31 -0.477223 0.441054 341.007 1.75952 -2.7088 2044.36 0.593836 0.55983 0.665352 0.769377 1170.72 2.97232 0.602065 1671.48
293.239 0.425545 2.37951 271.494 1.12369 0.554248 499.624 0.806131 0.663668 0.65074 0.652625 712.581 -2.6683 1.23537 604.012
397.451 -0.481798 -2.63746 356.917 0.971022 -0.496405 920.495 0.220871 0.675444 0.604114 0.701431 1351.78 -3.06851 0.431046 937.817
501.256 0.246432 0.805655 286.458 -0.169533 -2.12665 792.258 0.538478 0.498194 0.696707 0.530542 335.59 -3.12211 0.995458 804.115
946.365 -0.115975 0.686107 800.348 -0.0540073 -1.48334 1569.44 0.749431 0.618406 0.762315 0.85351 1227.81 2.63623 1.95012 1706.41
588.284 -0.506972 0.115714 335.883 -0.189046 1.80082 717.932 0.687781 0.536925 0.786276 0.736832 1321.4 2.77934 0.978516 961.711
499.85 -0.0529679 -2.77783 378.782 0.178419 0.646207 870.123 0.657035 0.470445 0.664585 0.600821 561.942 -2.78043 0.00260043 1026.6
465.709 1.157 -1.16007 393.404 0.482008 2.71732 932.167 0.332852 0.354777 0.802776 0.73629 956.78 -0.0213932 1.13867 918.352
493.583 -1.55728 -2.32385 276.627 0.220804 1.40777 1037.87 0.661901 0.830685 0.802513 0.578132 395.861 -0.518658 1.8052 772.192
709.995 0.232388 0.40775 388.25 1.57017 -1.27405 1111.36 0.685874 0.736961 0.749718 0.747847 1726.1 3.12535 1.88379 1196.81
1911.07 -0.15896 2.67661 275.601 0.765555 0.455429 1487.11 0.774536 0.468281 0.632955 0.390796 1715.5 -0.87514 1.33057 2230.68
402.197 -0.554417 -0.685068 352.009 -0.873807 -3.13612 751.147 0.772967 0.403759 0.675524 0.768983 518.921 1.52172 1.62534 690.358
1172.51 0.329149 1.29932 756.875 0.0281467 -2.36798 1859.53 0.730905 0.452891 0.724148 0.774423 1483.04 -0.726283 1.6417 2109.83
1449.16 -0.406156 0.338807 840.851 0.581338 -3.08128 2517.67 0.705486 0.554286 0.600789 0.353181 430.605 -2.1154 0.965882 2284.14
609.674 -0.0176551 2.28726 277.482 0.170909 -1.80069 749.496 0.644602 0.662989 0.80909 0.776429 1255.25 -0.330395 1.4703 933.074
651.388 0.168729 1.00969 512.265 1.01625 -2.8035 1248.71 0.620129 0.0681872 0.77329 0.742213 755.484 -1.15877 1.64473 1235.78
516.37 -0.241452 -0.272434 419.933 0.509751 2.45568 1055.72 0.167251 0.3534 0.647687 0.748556 148.804 -0.397343 0.124909 941.66
456.93 -0.252721 2.41969 376.11 0.935588 0.113276 950.679 0.590415 0.544166 0.773173 0.668402 931.026 -2.22748 1.63602 1039.42
515.038 1.25343 -1.41201 368.273 0.186569 1.83701 1083.79 0.474165 0.295261 0.610055 0.625578 257.603 1.42564 0.411367 887.712
929.319 -0.167475 -1.76844 458.842 0.69074 0.891185 1413.21 0.632984 0.488062 0.780794 0.609838 901.922 -1.99633 0.227888 1781.4
452.051 0.547992 -2.26531 291.158 0.0117879 0.872158 765.549 0.750971 0.819833 0.77927 0.681277 271.576 0.549462 0.322695 726.668
300.919 0.845895 1.34083 284.033 1.07047 -1.81838 602.546 0.787183 0.804346 0.762211 0.769706 360.111 0.118365 1.22247 630.313
508.772 -0.194743 -1.6091 339.494 1.2441 1.77854 1072 0.656134 0.511999 0.671799 0.78254 65.8834 -2.93116 1.32206 1300.03
1149.21 1.09484 3.08844 302.186 0.386741 0.123231 1304.72 0.341579 0.336053 0.430294 0.421183 1763.03 -0.0259056 0.149137 1521.49
355.232 0.315349 -0.0594329 335.608 2.10459 2.28247 978.752 0.555109 0.773547 0.720368 0.818134 670.12 -2.38468 1.61604 838.363
590.253 -0.0150276 0.577404 430.405 0.116987 -2.20674 1004.71 0.577352 0.802617 0.829028 0.710517 702.746 -1.30845 0.898291 1322.34
316.528 0.803852 0.200238 305.346 0.868103 1.61666 461.812 0.570326 0.319286 0.654739 0.642785 1451.61 -2.42035 2.24617 772.721
590.849 0.224593 2.25143 515.234 -1.15013 -1.31354 1382.23 0.227713 0.551894 0.702886 0.625055 1053.52 0.408512 1.72205 1296.02
822.313 -0.700113 2.06501 520.213 0.499032 -2.19896 1406.88 0.545274 0.623665 0.717633 0.849072 1115.31 -0.66047 1.53849 1465.63
410.176 -0.67525 1.8212 399.581 0.613251 -1.08369 1010.94 0.547437 0.394529 0.758634 0.661029 359.798 2.85661 1.03541 798.111
740.05 0.822905 -1.80894 510.672 -1.10371 2.0321 1828.07 0.176959 0.791698 0.533367 0.747507 967.609 0.346394 1.6857 1278.57
2264.75 0.372887 -0.600473 358.735 -0.173998 3.00288 1862.12 0.754059 0.598959 0.703278 0.773955 1540.54 2.04809 0.954792 2602.22
602.516 -0.144237 2.60849 366.457 1.11784 0.0673487 1126.31 0.445522 0.692186 0.627892 0.754992 1020.4 -1.26971 1.33706 1246.17
1041.02 -0.839043 2.81187 758.372 -0.64745 1.24204 1281.43 0.268505 0.585302 0.769471 0.510082 1477.39 -1.18795 2.28337 2378.05
597.698 0.403917 -0.751413 405.681 -0.648051 -2.8929 1040.79 0.68721 0.653654 0.783255 0.715243 1380.85 2.07465 1.31563 1027.82
468.585 -0.280064 -0.133801 423.157 -0.083317 3.0083 907.992 0.568785 0.387475 0.779698 0.849022 411.191 -1.41663 1.28283 1055.49
761.96 -0.228315 2.67839 305.644 1.27669 -0.4913 1347.97 0.226996 0.67901 0.442391 0.824676 1042.44 -0.35438 0.13692 1243.09
632.553 1.5589 -2.87757 586.058 0.741061 0.430234 1335.12 0.724726 0.825766 0.781962 0.793772 361.484 -1.07215 1.50238 1222.8
798.333 -0.506755 -1.58659 255.254 -0.203696 1.53958 924.929 0.782663 0.820701 0.704529 0.77889 1331.5 1.49003 0.0495493 1072.49
594.849 -0.74018 -0.717578 508.721 0.222189 1.6301 1171.99 0.311484 0.714772 0.683663 0.75752 943.236 -2.09542 1.37784 1355.88
481.167 -0.331475 0.705965 328.207 -0.287584 -0.996972 622.169 0.556887 0.662031 0.769506 0.764141 1235.31 2.79754 2.09158 1120.23
1632.31 -0.256065 2.63023 814.973 -1.19352 -0.453781 2585.23 0.633923 0.296353 0.678689 0.59345 1004.49 -0.577115 0.123334 2459.73
402.659 0.502447 -1.43109 402.468 -0.976778 -2.48305 789.252 0.546161 0.527323 0.737135 0.446059 1719.49 1.10191 2.533 829.481
469.934 -0.497733 0.408677 374.691 -0.548125 -1.3645 708.107 0.362532 0.670712 0.709149 0.638178 1154.32 2.48624 2.07756 1062.17
684.873 0.107295 -2.52799 327.654 -1.18681 -0.806535 986.562 0.744902 0.60786 0.701457 0.643326 2008.1 1.08021 1.88674 1109.74
894.026 -0.627397 -1.51708 552.812 -1.42407 0.4625 1325.35 0.726955 0.430357 0.648149 0.867526 1711.8 1.89697 1.43447 1978.42
1808.74 0.649686 -0.0191505 343.367 -0.52103 -2.30883 1746.78 0.594265 0.638527 0.796276 0.649963 1833.18 2.83538 1.13897 2234.78
1044.33 0.483189 0.957949 326.441 -0.152774 2.16519 842.67 0.452523 0.685756 0.422223 0.763467 2539.62 -1.56955 2.5275 1399.62
393.104 -1.51449 -2.83843 299.643 0.405032 -0.846801 986.75 0.732574 0.465058 0.820576 0.82533 980.928 1.50145 1.9433 673.815
1077.87 0.290581 0.537474 472.674 -0.349375 -2.97784 1492.85 0.688837 0.781785 0.797832 0.717923 1027.73 -0.39427 0.931744 1531.57
316.607 -0.438103 -1.18208 301.649 -0.998911 1.06812 611.185 0.503587 0.585875 0.621155 0.612789 1041.76 1.66796 0.599844 749.748
524.329 0.142911 -2.78107 461.956 -0.328698 -0.724926 882.796 0.842955 0.370557 0.811698 0.634853 1008.8 0.781841 1.50677 1190.94
831.115 -0.643283 1.42187 266.443 1.84519 -2.10191 1762.16 0.522568 0.807621 0.667023 0.74958 950.952 -1.41841 0.6835 1126.59
573.722 0.180313 3.03038 321.943 -0.0570897 -0.914483 812.408 0.335159 0.439065 0.716858 0.689452 1189.93 0.411957 1.32644 919.149
923.334 -0.585036 0.0554173 351.345 0.464767 2.9567 1308.54 0.314646 0.435999 0.807562 0.754419 653.549 -1.43865 1.49407 1274.56
751.561 -0.743721 0.140925 297.801 -0.667255 2.31591 848.466 0.661276 0.780899 0.75092 0.748262 489.627 -2.96574 1.00154 1542.84
821.19 -0.736861 0.438043 786.937 -0.243785 -1.84756 1535.45 0.660767 0.433343 0.832238 0.796502 1749.02 2.0858 1.64775 1604.59
573.469 -0.163285 -1.10037 398.777 0.485523 1.13697 926.703 0.290648 0.707583 0.629021 0.740921 1386.32 2.63388 1.49691 979.29
417.647 0.148076 -2.33721 404.908 -0.928501 2.99009 613.595 0.660203 0.663993 0.83234 0.723474 858.04 -0.186682 2.15053 1289.77
581.717 1.15277 -3.10946 519.226 -0.355644 -0.162126 1433.62 0.250782 0.668966 0.769428 0.753875 576.649 2.72527 0.448454 1108.17
879.723 0.265211 -1.45782 353.028 0.395838 2.05653 1134.66 0.893568 0.29227 0.772231 0.586415 1122.31 1.43416 0.622375 1218.36
723.276 0.0708001 0.142399 527.991 0.523086 2.12597 1100.26 0.593403 0.337343 0.732652 0.277774 1254.1 -1.71188 1.85428 1474.83
720.306 -0.412724 0.409904 690.858 -0.62144 -2.10594 1374.28 0.344104 0.660339 0.682223 0.771624 1501.51 -2.64575 0.539813 1570.37
1367 -0.0432358 2.57772 582.793 -0.0875213 0.611201 1734.17 0.466715 0.774535 0.449577 0.655519 1494.91 -1.07342 1.68462 2362.87
838.624 0.369529 -2.56918 399.177 -0.498605 1.10872 1246.63 0.625971 0.656092 0.608893 0.5523 608.575 -0.0222573 1.13098 1263.38
552.677 -1.14773 2.45297 367.516 -0.938444 -1.28438 885.495 0.732327 0.744386 0.747613 0.729124 1006.71 1.25307 1.19989 1091.94
487.696 0.431032 -0.442335 445.473 -0.555477 -2.51461 952.293 0.617855 0.62739 0.580983 0.603864 654.537 0.504756 0.947091 1263.82
427.519 -0.465411 -1.95834 349.078 0.698985 0.466165 880.387 0.779016 0.816547 0.709426 0.860831 1556.32 -2.86471 0.906375 839.839
1106.62 0.332425 1.28916 625.809 0.325888 -1.99977 1775.3 0.0693143 0.741347 0.725788 0.764909 167.71 -2.55027 0.550494 1907.23
424.628 -1.04317 -1.81985 358.59 0.340768 0.719496 961.057 0.367813 0.447328 0.819252 0.675191 630.816 -0.60832 1.21153 1021.76
602.287 -0.102673 2.4341 405.076 -0.516497 -0.460154 1036.13 0.664615 0.595541 0.765792 0.495473 766.123 0.139423 0.599577 1105.95
663.23 0.184118 -1.05045 465.411 -0.36036 0.746292 932.814 0.636013 0.644865 0.657243 0.646512 623.876 2.24784 1.50155 1271.84
562.812 0.232574 -0.0733635 390.555 0.354295 -2.29199 872.233 0.661323 0.318741 0.624747 0.845244 1445.99 1.48709 1.56046 919.783
318.235 0.844406 -0.393892 314.896 -0.723413 -2.86657 841.608 0.214421 0.520814 0.707709 0.820541 594.944 0.930223 1.32411 805.033
802.294 0.6715 1.2908 548.968 -1.33985 -2.18574 2062.66 0.775685 0.564193 0.682121 0.373933 783.92 -0.656394 1.52935 1363.76
503.518 -0.48381 -1.46993 334.17 -0.275768 -3.08366 612.899 0.620663 0.491373 0.752008 0.695465 914.34 1.35354 1.84598 1012.1
958.164 -0.920889 -1.67518 397.023 0.70801 1.42027 1696.8 0.693302 0.190707 0.732559 0.857093 309.118 1.66837 0.248098 1331.28
801.619 0.388738 -1.97204 306.968 0.973772 0.491816 1006.27 0.329966 0.718212 0.540293 0.678317 1508.98 1.51398 1.02216 1158.19
1242.93 0.834738 2.38819 449.604 -0.611886 -1.5238 1836.96 0.428847 0.755984 0.552382 0.828406 1032.24 0.28052 1.80432 1869.13
722.745 0.704743 -3.03332 591.517 -0.0114265 -1.21003 1146.72 0.39601 0.654989 0.686424 0.702556 405.694 1.45626 1.79361 1762.86
1117.47 -0.403098 -3.02975 994.656 -0.147747 -0.75377 1953.98 0.260036 0.81343 0.699844 0.793255 530.282 -0.211529 0.542241 2807.61
530.097 -0.576875 2.9978 295.525 0.92285 2.64859 681.063 0.662466 0.453406 0.784584 0.787501 1253.71 -0.226458 2.87505 877.246
1264.01 1.5929 -1.49313 511.619 -1.56688 -0.310068 3855.59 0.460462 0.774881 0.390189 0.801783 1099.28 2.28059 2.50946 2197.32
733.691 -0.583973 -0.901492 311.513 -0.0814435 -2.59195 777.716 0.456097 0.698666 0.494462 0.766355 1185.25 2.81005 0.881193 1158.17
482.621 -1.43577 -1.85396 354.379 0.884138 1.8573 1438.2 0.482084 0.755161 0.552964 0.73455 521.495 0.132841 1.72446 808.85
465.305 -0.0585596 2.66968 272.546 0.460004 -0.977009 726.808 0.723156 0.730047 0.743191 0.660897 423.225 -1.94737 0.970362 949.223
656.396 0.242627 1.75607 556.984 0.125095 -1.83737 1272.77 0.119541 0.487394 0.713756 0.845981 801.044 0.971711 0.784362 1671.8
865.568 -0.0534833 -1.23635 611.13 1.0815 2.35687 1693.29 0.640403 0.160844 0.526815 0.598747 257.288 -2.16251 0.926159 1673.18
1735.2 -0.242805 0.833516 257.805 -0.680456 -2.60491 1397.23 0.251663 0.63558 0.568156 0.75534 2006.31 -2.0942 0.510705 2090.72
682.756 0.506608 0.67968 590.549 0.206467 -1.39362 1203.14 0.491144 0.290805 0.556491 0.600701 1867.3 2.57154 1.89186 1315.98
411.053 -0.134699 -3.0271 317.001 -0.872173 -1.46994 599.423 0.668956 0.757546 0.892639 0.660188 1173.6 0.272616 1.74255 816.621
904.467 1.13654 2.3838 491.552 -1.195 -0.217444 2329.14 0.854959 0.554966 0.775208 0.602434 593.411 -2.19205 1.70733 1477.75
1874.52 0.0236913 0.445278 274.906 1.3735 -2.428 1779.31 0.0837624 0.416356 0.694118 0.738595 1984.76 -2.80672 0.378723 2210.34
519.188 -1.23287 -0.654623 436.448 -1.14642 1.21842 783.692 0.802943 0.498982 0.727909 0.721341 699.049 1.83542 0.617 1672.05
544.138 -1.54507 -2.26043 447.791 0.202553 0.322586 1378.75 0.787645 0.739958 0.853997 0.768386 941.751 3.08607 0.936681 1113.91
302.337 -1.41847 -0.813633 300.018 -0.418763 -2.59735 577.806 0.741692 0.596486 0.791129 0.750271 1099.17 2.93353 0.752301 690.278
523.594 -0.470315 0.856641 426.918 -0.0830093 2.13344 633.111 0.131952 0.649229 0.714237 0.645328 1663.25 -1.80993 2.33981 1075.26
1640.52 0.0620508 0.954219 409.672 0.372492 -2.4215 1748.1 0.30426 0.49547 0.291612 0.660598 1713.36 -2.11256 0.308938 2044.15
1196.64 -0.971721 -1.00861 989.014 0.659734 2.8737 2847.93 0.297807 0.349563 0.787859 0.624623 1205.21 0.744843 1.75345 2181.31
686.085 0.134281 2.39882 408.148 0.00228051 -1.07268 1071.14 0.33552 0.680951 0.581338 0.745767 367.807 0.819771 1.57905 1242.72
516.411 -0.934479 2.47385 499.174 -0.759218 -0.902223 1043.5 0.265636 0.266343 0.822656 0.754799 681.275 0.361064 1.26329 1288.64
661.197 -0.391615 0.483755 349.574 0.612456 2.70965 1087.04 0.205621 0.356845 0.702167 0.828216 1121.8 -0.383325 0.867081 1119.28
462.71 0.614212 2.77759 349.313 -1.32715 -0.455092 1262.57 0.565272 0.356726 0.682198 0.460499 499.627 -0.00797844 0.447113 904.016
766.409 0.18687 2.37024 381.47 -0.426076 0.0686882 1059.77 0.850522 0.711065 0.831479 0.751535 531.762 -1.46373 1.53241 1484.01
419.828 0.802547 -1.86765 339.208 0.588414 0.786465 761.489 0.598874 0.488672 0.63064 0.50492 600.003 2.15584 1.36938 751.795
1010.51 -0.158328 -3.11068 525.322 0.258683 0.991375 1374.66 0.243415 0.416461 0.34111 0.574448 455.859 -1.32655 1.78413 1988.5
720.666 1.16038 -0.154723 709.668 0.533182 1.67629 1256.74 0.764203 0.409306 0.68335 0.830079 1059.65 -2.13877 1.98405 1785.5
853.649 0.323878 0.413129 698.411 0.636146 -1.97842 1528.38 0.0629366 0.556273 0.874159 0.650616 983.712 2.33504 1.92191 1699.45
650.707 0.325976 -1.90653 285.253 0.124549 2.96252 576.196 0.756327 0.189653 0.894114 0.783358 1408.57 0.742208 2.22031 982.726
644.314 -0.00788854 1.44078 447.203 -0.849163 -1.93988 1189.08 0.685982 0.691996 0.669738 0.84963 542.455 0.279646 1.16113 1077.01
998.181 -0.405768 -2.13371 645.666 0.479997 1.62104 1756 0.690494 0.10043 0.728812 0.693934 6.92511 -1.82536 0.308349 2202.08
432.099 0.407801 -2.18192 377.283 1.00391 2.43424 663.479 0.581548 0.874343 0.70783 0.725596 1731.25 1.68213 0.752111 1092.18
766.761 -0.312609 0.787817 673.572 0.4149 -2.59854 1536.69 0.434344 0.473116 0.637163 0.447842 658.253 2.36811 1.31654 1684.79
666.629 0.119256 1.77533 570.216 -1.25014 -0.971756 1522.64 0.748329 0.391716 0.864467 0.778342 181.443 -2.20375 1.23199 1324.63
483.339 0.960989 -2.6587 432.634 0.366208 -0.416224 891.099 0.618128 0.375837 0.820557 0.82262 1048.32 1.99375 1.63073 972.433
1155.62 0.96559 2.51389 448.197 -0.0319839 -0.168353 1652.4 0.360278 0.190565 0.67132 0.619015 1308.06 -0.499826 0.331473 1633.99
542.006 1.63916 -2.48033 539.323 0.355993 2.15638 1106.52 0.705277 0.463827 0.847797 0.809584 1300.62 -0.372683 2.10765 1467.83
2169.53 -0.104493 -2.26946 696.15 0.111623 0.8979 2518.24 0.31775 0.395653 0.630491 0.622732 1127.28 0.67549 0.22241 2908.43
823.156 -0.643343 -2.90933 289.367 -0.343482 -0.156134 993.528 0.338903 0.165291 0.533917 0.726296 926.734 0.273615 0.429749 1145.41
770.732 -0.716323 1.32721 765.022 0.103566 -2.99156 1455.61 0.573298 0.376177 0.557791 0.587334 1314.52 -0.617525 1.94474 1846.95
402.238 0.309635 -0.131729 381.264 0.0711151 2.40383 783.505 0.767293 0.774739 0.783513 0.759153 816.088 -2.03145 1.84791 711.798
574.703 -0.428918 0.631505 542.163 -0.979236 -2.36469 1163.03 0.841743 0.382802 0.717702 0.495933 754.688 -1.23916 1.12553 1252.91
417.318 0.989373 -0.807655 268.622 1.26642 -1.88981 379.955 0.774512 0.508966 0.71806 0.541524 634.492 1.88874 2.50463 843.399
706.156 0.973069 0.622967 460.316 0.813416 2.47716 932.836 0.781652 0.601721 0.834195 0.554724 644.432 -2.44232 1.36371 1340.41
831.037 -0.480836 -1.22264 337.252 0.122288 0.903218 989.192 0.745736 0.730194 0.791967 0.792018 537.88 -1.7073 0.484668 1333.1
684.39 -0.196156 -0.391836 491.526 -0.0273974 2.54042 1240.58 0.365745 0.280693 0.731079 0.787964 1425.88 2.67621 0.135792 1549.64
730.147 0.36691 3.04817 679.039 0.307643 0.377015 1392.31 0.412273 0.357058 0.529404 0.812183 657.786 -0.935322 1.31234 1484.31
1003.73 -0.354961 -2.55609 589.076 -0.207246 1.52686 1412.59 0.62817 0.402702 0.688076 0.660693 969.58 1.18945 0.337417 1773.96
1285.78 -0.0745343 0.142862 302.948 2.03381 -1.20499 1763.71 0.789826 0.751777 0.809606 0.771 2126.84 2.86787 2.21032 1743.65
394.487 -0.210703 2.92412 390.314 0.674666 0.132723 867.031 0.678551 0.529706 0.866531 0.603499 388.05 -1.8103 1.54876 753.056
434.6 0.502214 2.52859 409.234 -0.247033 -1.09004 894.944 0.757764 0.48164 0.825562 0.732357 1288.93 -1.41828 0.328243 1235.67
832.322 0.368307 -2.61746 807.065 0.062838 0.243455 1665.75 0.575329 0.211658 0.848475 0.794683 708.028 2.81301 0.852714 1819.34
1121.08 0.878366 -1.06313 418.069 -0.942078 -3.10365 1855.27 0.658785 0.666122 0.594355 0.788613 1422.38 1.35349 1.82604 1733.93
1399.25 0.780842 -2.67571 753.382 0.285719 0.0105119 2093.35 0.753633 0.337274 0.856653 0.506113 1692.14 0.780339 0.769827 2126.37
506.92 0.63173 0.263322 493.479 0.921129 3.0944 1013.1 0.677453 0.190365 0.825149 0.772319 195.42 0.756999 0.493677 1445.1
479.391 0.39563 2.23914 473.136 1.14821 -3.116 583.429 0.515318 0.794442 0.656777 0.82681 1063.37 -0.578226 2.53777 1060.34
664.792 -0.0694402 -1.65017 383.048 0.0807719 2.55557 904.511 0.663902 0.308072 0.775352 0.784637 207.949 -1.25581 0.394367 1339.51
585.448 0.84842 -0.82017 367.995 1.06676 -2.58299 741.358 0.816307 0.587114 0.749971 0.670655 1076.88 1.40281 2.22298 1022.81
810.348 0.793276 -2.86723 535.917 0.126493 0.668824 1396.96 0.303689 0.425684 0.806379 0.689753 739.748 1.65509 0.986268 1748.69
1281.92 -0.700379 2.55321 532.629 0.946176 -1.61828 2110.61 0.0902072 0.374556 0.804848 0.778022 913.681 0.691452 1.86176 1974.23
394.727 -0.134181 1.05391 388.631 0.793157 -2.50093 894.29 0.618362 0.70472 0.510249 0.524049 651.395 0.61341 0.440496 1115.83
377.245 0.525345 0.728768 258.247 -1.7777 2.41806 1012.46 0.835514 0.821613 0.775857 0.877918 1148.83 -1.95735 1.90778 704.083
942.08 0.750742 3.11399 825.573 0.525266 0.433121 1846.52 0.56106 0.0954928 0.832772 0.779507 753.229 -1.8893 1.2799 1816.35
982.051 0.554911 1.73663 740.538 -0.530853 -2.01127 1946.1 0.743469 0.357677 0.674632 0.556527 1262.37 -0.683369 1.3279 1695.06
730.542 0.493209 1.65918 573.246 -0.858269 -1.08907 1596.15 0.446372 0.275623 0.643677 0.772432 985.015 -1.87088 0.781812 1303.62
1143.07 -1.46374 -0.383876 745.921 0.346181 2.70187 2675.29 0.843431 0.539634 0.80996 0.858696 77.3069 3.0115 0.309621 1867.1
608.717 -0.567901 -2.7145 374.244 -0.0837862 0.923818 984.095 0.75396 0.19662 0.745056 0.465333 485.307 -1.44873 1.26577 1006.38
445.906 0.318339 0.288592 436.867 -0.555912 -1.29207 750.171 0.727154 0.491634 0.780103 0.754216 826.004 -2.20963 0.917554 1227.99
1188.23 -0.719798 -2.43321 506.623 -0.475831 -0.415551 1392.77 0.816196 0.227725 0.799527 0.809927 2045.38 1.12475 1.5403 1848.65
504.533 -0.751609 1.31999 261.585 1.62038 -1.90153 1311.17 0.568685 0.480746 0.742338 0.74733 594.867 -0.785051 1.11648 806.129
605.593 0.100232 -1.66103 562.34 -0.641587 0.484709 1125.93 0.203044 0.627587 0.779279 0.656277 190.372 0.826119 0.341409 1823.41
477.258 0.285603 -2.53435 310.259 -0.921557 -0.127561 903.08 0.804116 0.391175 0.749313 0.632232 760.721 1.74351 1.87107 759.21
559.041 -0.182317 3.08039 527.24 -0.407867 -1.52109 839.349 0.671847 0.487067 0.690131 0.765152 1308.62 0.702092 2.22318 1419.65
376.021 -0.544625 0.474379 258.595 0.288113 -2.67665 687.868 0.825521 0.483458 0.76221 0.804203 616.555 -2.88371 0.207063 636.887
618.186 0.252668 1.19251 294.391 1.00959 2.35259 579.694 0.462267 0.593977 0.735212 0.784122 2005.87 -1.60228 2.32831 947.68
683.159 0.225365 -1.53424 369.093 -1.90652 0.333077 1536.25 0.547157 0.770814 0.617419 0.689429 1484.55 2.23006 1.89698 1116.98
382.831 -0.306672 3.05195 354.829 2.21748 -1.68349 1321.31 0.591698 0.294413 0.512081 0.863079 174.784 -2.05048 0.366997 932.085
714.784 0.665391 -0.305467 370.201 -0.475321 -3.01755 1201.65 0.557618 0.595882 0.849033 0.700043 1881.53 2.46447 0.801165 1350.78
644.298 0.00927416 1.23088 590.435 -0.416158 3.01023 1056.72 0.591185 0.639363 0.776734 0.73766 698.717 2.88456 0.125669 1802.51
476.563 0.365918 -2.93616 342.528 0.192344 0.979372 766.696 0.482414 0.77406 0.695962 0.662317 376.763 -0.260646 1.24002 1054.03
595.371 -0.790822 -0.970815 566.799 -0.533576 -2.858 963.095 0.865159 0.478765 0.814461 0.71715 715.349 -2.36784 0.490164 1478.75
624.32 0.140605 -2.28191 595.982 -0.334304 0.574298 1248.94 0.729204 0.10683 0.670547 0.717981 393.224 0.146355 0.427943 1470.71
656.978 0.00744512 0.933723 462.621 0.259203 2.45531 783.367 0.111611 0.660254 0.794119 0.673026 1217.51 -2.07435 1.75352 1439.3
1028.74 0.221287 -3.06098 293.035 0.876079 1.07681 1043.78 0.623232 0.670453 0.809478 0.717336 1641.63 -0.0238583 1.10066 1334.46
727.821 -0.609972 -0.788195 388.7 0.64514 -2.74948 1150.88 0.609958 0.465557 0.552473 0.714493 1770.45 1.71891 1.81479 1214.45
739.053 -0.448109 0.480646 307.554 0.845349 -2.32257 1158.64 0.639075 0.584535 0.763771 0.694218 512.667 -2.4449 0.122325 1209.58
374.711 1.53122 -2.56978 253.05 1.12616 1.13536 612.707 0.164231 0.482015 0.730129 0.558919 821.054 -0.846976 1.7228 851.436
626.45 -1.11391 -3.03226 610.264 0.206444 -1.76856 1153.5 0.639557 0.713015 0.773995 0.718651 644.669 -3.01534 0.0169249 1718.15
665.28 -0.907411 -0.158369 347.578 -0.572916 1.86676 849.114 0.560068 0.456544 0.507856 0.740126 1266.95 2.95975 1.093 1107.96
1007.86 0.319572 -1.53794 841.425 -0.63099 1.02405 2009.51 0.295759 0.282706 0.602538 0.690757 1588.3 -2.86456 1.32662 1849.95
822.138 -0.0251379 -1.40858 375.257 1.2197 1.59209 1344.97 0.69648 0.739822 0.797503 0.738 722.134 1.83328 0.241192 1200.38
448.566 -0.588939 1.07606 405.424 -0.321024 -1.17227 792.33 0.459623 0.514498 0.754018 0.455854 1289.81 3.03867 1.96261 1087.47
951.319 0.245651 2.10094 504.1 -1.29431 -1.70358 1787.36 0.728715 0.278131 0.781794 0.72486 1043.81 -0.517625 1.18595 1707.15
338.955 -0.552011 -1.88082 297.777 -0.138691 1.51691 692.291 0.567872 0.58229 0.392059 0.797529 155.307 -1.14929 0.731534 626.28
1315.01 0.131379 -0.971806 365.329 0.685297 -2.75031 1157.55 0.581781 0.822358 0.596612 0.781688 1773.93 1.58882 1.94405 1871.74
997.618 0.119415 -1.0075 407.185 -0.577023 2.54168 1335.2 0.558618 0.588972 0.750424 0.728258 20.7762 0.117861 1.12536 1766.66
341.717 -1.19321 -0.765176 340.037 0.0554637 2.65945 850.735 0.805575 0.591523 0.782566 0.407784 212.234 1.77785 0.881596 722.936
505.119 -0.0595884 -2.10338 310.143 0.5391 -0.286583 697.896 0.317994 0.623386 0.56657 0.847065 1415.61 0.835861 1.12244 1330.21
542.283 1.34469 -0.125817 367.769 -0.0344158 -1.93161 973.044 0.670406 0.440749 0.748217 0.764486 422.196 2.65331 1.69827 1079.16
366.629 -1.93147 2.60858 274.135 -1.00365 1.25888 515.736 0.728966 0.320006 0.784405 0.602986 944.211 -1.15366 2.41254 841.806
715.782 -0.574585 -0.0828746 694.222 0.0293416 1.92608 1278.35 0.863002 0.399601 0.759113 0.796338 1046.13 -1.67306 1.59018 1723.68
503.155 0.562394 -0.729682 403.219 0.603683 2.68344 927.327 0.231149 0.479551 0.698228 0.816615 569.687 0.506204 1.23589 862.435
1307.7 -0.24436 1.71854 671.314 0.68724 -2.11243 1988.67 0.459996 0.763224 0.70629 0.781488 1471.04 -1.54678 0.565654 2206.48
862.495 -0.233677 -0.113782 669.8 0.61095 1.47866 1283.66 0.678168 0.649484 0.781768 0.712158 1371.59 2.5881 1.10944 1868.98
1007.89 -0.617833 1.4454 779.122 -0.195562 -2.08497 1836.97 0.411019 0.466117 0.356886 0.749179 822.829 -0.809996 1.27497 1784.97
844.805 0.504132 -0.346536 615.888 -0.806291 -2.22233 1547.67 0.600264 0.745082 0.488302 0.636668 526.799 -3.08333 0.861001 2107.69
442.848 0.719743 0.315477 397.421 0.597288 -2.68349 846.702 0.398642 0.307456 0.62104 0.842187 223.206 2.92251 0.677187 890.272
772.346 1.16548 -0.258334 521.909 0.249018 2.90694 1478.44 0.824341 0.290005 0.84696 0.507466 416.183 -2.28768 1.08857 1396.8
1095 -0.130673 0.681796 646.721 0.571339 -1.26848 1542.39 0.73127 0.339411 0.926794 0.679906 1896.7 -3.07829 1.8098 1717.29
611.669 -1.36606 -2.52449 334.4 0.477412 2.21003 1159.53 0.530513 0.742802 0.776239 0.749955 775.998 0.136525 2.07351 1084.04
1640.1 0.144688 1.02437 873.45 0.80509 -1.49687 2457.63 0.608704 0.310265 0.733254 0.608767 1751.66 -2.75383 1.25696 2503.07
1015.27 0.86273 3.0936 318.387 -1.40954 1.0223 1888.97 0.426735 0.256648 0.479867 0.459518 1696.13 -0.574824 1.59713 1358.11
752.102 -0.514188 0.368009 574.417 0.582581 -3.07461 1534.03 0.289074 0.592191 0.417481 0.691015 432.69 -0.683933 1.05194 1325.54
790.449 -0.520401 0.0855295 620.381 -0.3585 -2.88937 1452.57 0.698792 0.268691 0.721662 0.606036 510.854 2.93095 0.462865 1372.85
521.187 -2.05431 3.12127 333.606 1.49776 0.738446 2523.79 0.478629 0.694845 0.819067 0.841649 797.326 -1.59739 1.56452 885.328
514.879 0.871122 1.76659 488.301 -0.181166 -2.11561 1098.1 0.683259 0.481537 0.671822 0.768913 1290.58 0.440681 1.32591 1384.14
1698.01 -0.997875 -2.63924 710.519 -0.107425 0.742113 2418.55 0.824445 0.307118 0.787336 0.781478 626.042 -1.11127 1.52797 2408.83
1168.61 0.348608 1.08379 552.624 -0.243807 3.08052 1446.58 0.266967 0.686208 0.607994 0.802989 1964.25 -1.33559 1.86707 1744.84
1372.28 0.0189961 1.99006 349.6 0.444822 -1.39114 1450.65 0.62482 0.309736 0.659419 0.747214 1081.62 -0.759008 0.632128 1685.08
821.455 0.615674 -0.219495 280.046 0.214651 -2.21471 856.825 0.7526 0.761949 0.809756 0.666162 556.802 1.30263 1.52212 1115.08
624.561 -0.946689 2.55102 313.379 -1.65592 1.06579 686.86 0.691646 0.707977 0.770985 0.840692 911.528 -0.751808 1.81759 1348.25
719.97 -0.232799 1.31942 339.016 0.275009 -1.57647 1030.09 0.635797 0.631439 0.641597 0.6779 203.895 -2.03962 0.463157 1079.09
613.385 0.106001 2.46958 522.18 0.0108721 -1.77784 999.78 0.740708 0.605552 0.852316 0.717071 819.146 2.27647 0.193112 1570.92
636.387 -0.365864 -3.02924 274.148 -0.463183 -0.766778 778.062 0.426681 0.713932 0.843484 0.532849 1029.02 0.997103 1.76388 971.154
670.059 0.126683 1.53492 417.418 1.74147 -1.28858 1455.37 0.24764 0.7864 0.566939 0.769976 1064.57 -1.67879 0.390211 1358
884.704 0.197412 2.87173 332.898 -0.796489 0.632208 1135.21 0.568438 0.702275 0.687344 0.792801 797.947 -1.51338 1.89808 1336.28
883.58 0.758634 -1.51269 273.714 -1.20117 2.15654 1495.94 0.802524 0.252032 0.711708 0.687526 1119.57 1.57789 0.578648 1491.83
1055.35 0.307725 2.86236 504.877 0.214901 -0.857299 1441.4 0.317276 0.583001 0.728167 0.792777 2014.97 0.85934 1.71664 1708.53
985.685 0.133345 -1.19294 303.685 0.298189 1.87284 1147.36 0.297391 0.502924 0.529996 0.749514 799.626 2.53901 0.666169 1403.36
808.851 0.222919 1.79118 560.923 0.930356 -1.66974 1496.6 0.181584 0.355545 0.622818 0.800234 935.083 -1.85701 0.187265 1473.9
1027.33 0.805795 2.92297 545.656 -0.379339 -0.857562 1716.87 0.486656 0.666428 0.647931 0.710703 687.248 0.264377 1.12194 1674.11
731.206 0.218124 -0.457308 408.557 1.36934 -1.43532 866.311 0.526799 0.607094 0.49864 0.495738 1352.19 2.40614 2.44172 1382.06
1027.28 -0.760091 2.73426 297.389 -0.623192 0.6475 1000.63 0.616116 0.309641 0.833931 0.51888 397.808 0.447192 0.200308 1667.14
1444.15 0.0952985 -2.3356 557.009 0.785248 0.537129 1901.11 0.765437 0.703355 0.770984 0.752124 933.956 0.96239 0.425261 2613.9
758.204 -0.373826 0.214955 537.213 0.831269 -1.09125 1141.79 0.446654 0.642488 0.720958 0.796635 1088.76 -3.08209 1.99084 1445.89
1015.29 -0.218747 1.80306 650.713 -1.47318 -2.98649 1632.43 0.320104 0.211939 0.763879 0.583491 1427.24 -0.824656 2.16184 1779.27
538.647 -0.381639 1.74126 289.777 -0.511172 -1.97309 772.661 0.45659 0.719412 0.849965 0.685487 788.927 -0.927043 1.04605 844.485
421.072 -0.314391 0.767933 413.489 -1.04788 -1.54101 878.039 0.518663 0.68779 0.506015 0.799836 359.381 -3.11825 1.57725 1143.03
1287.49 -0.651359 0.885557 353.018 -0.363601 -2.72179 1348.14 0.347887 0.814408 0.769686 0.826641 635.646 -0.125245 1.0108 1765.31
773.092 0.19786 2.49634 515.869 0.18948 -0.589959 1277.24 0.726308 0.693767 0.785112 0.719864 141.635 -0.933132 0.343174 1250.2
500.368 -0.993987 -2.17708 416.451 0.0535078 -0.251486 936.009 0.221263 0.65006 0.760302 0.74592 741.426 -0.935961 0.684475 1170.45
928.024 -0.861326 2.71162 751.103 0.415585 2.68013 1191.4 0.63183 0.258893 0.685562 0.510589 2185.42 -0.444278 3.12441 2052.81
454.314 0.120609 2.00487 328.93 0.717213 -1.78583 787.224 0.539112 0.719449 0.753525 0.750776 1216.11 -0.252544 1.53328 980.656
951.995 -0.128869 0.262702 784.665 -0.561838 -2.68455 1773.55 0.713992 0.406436 0.892089 0.843045 1153.15 1.44881 1.18611 1973.01
687.19 -0.485343 -2.20514 300.416 0.566128 1.76152 978.899 0.490984 0.596002 0.622386 0.685995 1433.28 0.475451 1.28606 999.664
300.159 -0.186156 -0.911603 271.405 -1.28286 -2.93452 601.763 0.562112 0.408583 0.702101 0.811388 1043.26 1.8626 1.48606 642.535
632.995 0.213303 -1.77542 480.31 -1.3527 2.54858 1354.93 0.521168 0.26695 0.823973 0.627312 877.578 -0.435441 1.33998 1241.15
410.428 -0.983687 2.47368 366.868 -0.97353 -0.519148 804.594 0.666035 0.654465 0.803403 0.59423 303.195 2.59116 0.117475 778.036
357.364 0.806491 1.10866 302.21 -1.15023 -2.00556 1009.73 0.53077 0.686432 0.693951 0.829883 119.041 2.07304 0.96438 707.606
1035.97 0.453269 1.42381 310.916 0.774245 -1.96943 1160.86 0.372343 0.73732 0.685492 0.780659 1561.37 -2.7685 0.799073 1477.93
495.488 0.0543889 -0.798189 469.26 -1.03694 1.14423 1022.15 0.250623 0.0796283 0.77908 0.679172 1526.13 -2.77509 1.9769 1014.96
1404.96 -0.0174082 0.150146 573.029 0.0653163 2.10527 1501.25 0.499577 0.399832 0.740168 0.714519 1371.32 -1.86889 2.01904 2509.56
634.389 -0.0266503 -0.859314 407.359 0.783831 1.83266 1104.43 0.211268 0.615135 0.824651 0.789123 456.655 3.02787 1.19521 1352.08
539.925 0.508892 1.91731 419.342 -1.355 -0.933162 1410.57 0.677977 0.321147 0.688783 0.698313 691.943 -1.06696 0.133795 1149.9
766.754 -0.71196 -0.718107 607.108 -0.296449 2.68648 1476.18 0.646546 0.215786 0.78674 0.613128 344.754 2.05729 0.629186 1742.05
900.233 0.141935 -2.40827 367.659 -1.2671 -0.0543838 1412.4 0.180594 0.761574 0.532197 0.70268 1410.96 1.34231 1.3967 1257.48
1110.06 0.797403 -1.1639 670.307 -0.654687 2.46951 2186.21 0.425401 0.271414 0.735076 0.500042 919.604 1.23267 1.23684 1838.78
735.525 -0.502579 -1.08141 554.324 0.417768 2.84035 1353.28 0.336515 0.439098 0.750167 0.437715 1152.9 1.07649 1.76386 1322.01
894.784 -0.430193 3.02847 590.326 0.0225494 -1.06722 1349.08 0.793729 0.400243 0.703743 0.559277 1313.48 1.52534 1.50313 1481.24
402.165 -0.441356 2.04074 319.671 0.438367 -2.48749 670.204 0.768874 0.50751 0.668189 0.577047 493.538 -0.202604 2.24334 1179.76
598.365 -0.0496878 1.74453 424.292 -0.91966 -1.04714 1105.65 0.620873 0.128989 0.723118 0.772815 163.426 0.773283 0.971246 1328.94
444.902 0.452217 2.10436 421.174 -0.0762189 -2.72776 628.732 0.742209 0.683156 0.796392 0.727519 1036.68 -0.230151 2.33451 1449.71
1587.32 -0.0149965 -0.588239 500.815 0.266651 -2.86805 1656.12 0.654399 0.552567 0.736533 0.220932 1887.26 1.8942 1.52094 2083.81
649.308 -0.498438 1.97552 457.548 0.110897 -0.161237 1056.12 0.425935 0.661933 0.722206 0.703552 1858.77 -1.99061 1.82937 1152.57
575.289 0.902541 -2.58636 533.291 1.04273 -0.896311 894.857 0.148417 0.448364 0.636258 0.498461 1312.41 1.28154 2.17785 1153.7
966.069 0.0683485 2.3986 427.501 0.272984 -1.75831 1144.09 0.77629 0.779584 0.833109 0.734264 1711.46 -1.53433 0.223976 1634
603.549 0.0997866 -2.64617 348.287 0.258747 -1.40782 564.612 0.776904 0.415077 0.707061 0.804999 1175.45 0.796848 2.20467 1122.29
947.891 -0.24452 -1.29923 598.782 -0.504581 1.82694 1531.07 0.687906 0.737863 0.812281 0.755579 523.888 1.11845 0.708483 2033.13
524.537 0.532587 -1.70512 522.366 -0.189896 1.77608 1135.32 0.212238 0.75067 0.872893 0.778332 391.999 -0.0563075 1.64882 1038.11
793.91 0.0810062 1.49391 380.527 -1.14223 -1.32279 1323.19 0.314867 0.557329 0.795007 0.849311 376.582 -1.56428 0.241491 1218.27
447.235 0.636405 -1.51871 284.482 -1.1009 0.449474 968.457 0.16296 0.769212 0.782144 0.809394 711.253 2.38128 1.93181 835.293
399.63 -0.354095 0.879139 325.295 -0.895819 -1.98169 767.046 0.7019 0.53307 0.735984 0.860928 93.5032 1.93832 1.05918 993.843
529.064 -1.75959 -0.877769 402.883 0.313314 1.16481 1400.09 0.784048 0.781002 0.758759 0.790534 644.99 -2.53334 1.65557 1228.04
1156.44 0.348074 2.76073 506.533 0.500513 -1.42014 1350.59 0.695589 0.634696 0.680408 0.788444 1255.88 0.57645 1.99659 2098.01
384.596 0.450367 -1.92429 369.955 -0.349908 2.12937 756.302 0.557818 0.751823 0.771108 0.735756 1138.68 0.139456 1.98991 983.906
519.237 -0.36068 -1.96778 319.755 -1.71118 1.81444 983.198 0.750809 0.418936 0.736039 0.722212 797.712 1.91658 0.102145 990.536
1005.51 0.0704753 -2.96916 270.065 -1.78647 -2.89011 1123.75 0.692887 0.747668 0.811365 0.868391 1079.04 0.0274358 2.91754 1361.76
947.03 -1.5064 -0.604895 347.531 0.156125 1.605 1484.88 0.680641 0.743794 0.868851 0.658841 682.3 -3.11677 1.56141 1384.3
1508.28 0.148579 -1.001 731.924 -0.365879 -3.00342 1866.14 0.629786 0.276129 0.739 0.577628 1289.13 1.83393 1.44584 2276.55
659.208 -0.448554 0.583952 587.871 0.81715 -1.98632 1472.19 0.729517 0.747824 0.817551 0.806644 1324.63 -2.77243 0.786116 1734.1
932.704 -0.42199 1.58664 404.464 -0.057256 -1.48963 1261.58 0.73989 0.786636 0.603533 0.771752 866.34 1.40068 0.185962 1392.5
504.901 -0.360898 2.91792 397.147 0.895519 -0.680298 1071.86 0.601588 0.685498 0.493176 0.767694 854.812 0.109697 0.789996 946.281
603.951 0.0454567 -0.922675 574.847 -1.15155 1.66853 1372.9 0.593941 0.428318 0.346242 0.292274 905.651 1.87723 0.208704 1396.99
287.27 1.04765 -2.92303 280.811 -0.662059 2.28975 629.969 0.774509 0.769599 0.75381 0.738682 1107.65 0.0506401 2.23911 906.487
1020.62 0.202036 1.83687 662.2 0.623837 -0.982452 1708.74 0.272306 0.552583 0.660519 0.795852 653.768 -1.32051 0.338059 1665.26
557.257 1.62987 0.507661 488.907 0.547173 -2.38734 1207.6 0.72707 0.573741 0.835033 0.792748 420.061 1.63916 1.1315 1092.9
545.17 -0.397081 -2.74931 260.343 0.910567 -0.692532 853.65 0.816594 0.644199 0.790598 0.749508 1637.94 1.362 2.05454 849.684
796.944 -0.507504 -1.03389 340.03 1.62887 2.78408 1668.36 0.540783 0.315912 0.660153 0.739511 820.926 1.38534 1.39874 1200.56
746.645 -0.423085 0.215661 603.071 -0.410562 -2.777 1343.5 0.747312 0.395203 0.709437 0.649802 372.965 0.405333 0.189672 1381.37
1097.73 0.468841 -0.571337 255.127 0.537477 -2.87602 983.993 0.71931 0.21372 0.791617 0.714664 940.65 1.91246 1.4947 1464.02
1012.27 -0.196263 -1.65615 987.347 -0.208365 1.48149 2040.51 0.219932 0.415941 0.765659 0.684496 219.998 -1.12989 0.526256 2047.69
413.842 -0.637973 1.60263 259.678 0.322102 -1.80291 742.418 0.603694 0.783026 0.571416 0.822501 559.728 1.22834 0.374297 706.594
518.901 -0.747866 -0.151624 337.408 0.602436 -2.06374 978.265 0.148518 0.544041 0.68121 0.617128 1439.34 2.40206 1.81738 912.896
954.391 0.263762 0.213867 905.832 -0.597896 2.98068 2013.99 0.594992 0.749555 0.659671 0.805474 556.487 -1.80338 1.49913 1890.44
855.751 1.09482 2.29139 367.398 0.748152 -1.688 1053.65 0.690378 0.539029 0.73091 0.578115 1843.21 0.0634124 1.75141 1350.61
664.994 0.144833 2.58051 639.814 -0.288496 0.145653 1318.46 0.293358 0.290702 0.680384 0.57932 1076.7 -1.63733 1.78299 1313.29
550.72 -0.517035 -0.465568 301.151 -1.4308 1.59117 809.829 0.318732 0.847084 0.400991 0.726032 1361.44 2.96713 1.37596 872.254
436.604 -0.579646 -1.81206 373.868 1.08459 0.538247 1108.45 0.786101 0.438879 0.837816 0.576756 828.515 3.12767 1.34345 812.78
385.724 0.28115 2.50906 344.433 -0.797912 -1.62286 777.899 0.416785 0.720515 0.664051 0.643782 426.609 -0.476036 1.14683 924.419
1133.63 -0.683973 0.843758 491.032 0.142413 -2.46244 1625.92 0.718535 0.532779 0.721686 0.751022 1013.44 -2.5952 0.132764 1984.93
560.728 0.166555 1.57567 401.611 -0.374319 -0.374434 838.882 0.821132 0.603125 0.815165 0.584467 691.878 -2.83889 1.86862 1315.21
1119.68 -0.134763 -0.649113 457.674 -0.630077 1.48888 1319.53 0.472888 0.67986 0.83768 0.797316 1137.17 -3.0828 1.71151 1739.76
325.141 -0.440461 -0.111324 251.676 1.07566 0.968009 567.513 0.443898 0.65419 0.803345 0.765745 1473.45 -2.82461 2.49057 672.73
1095.26 -0.494768 -0.948091 673.571 -1.66618 1.80382 2006.35 0.281817 0.534036 0.808715 0.748815 1781.75 2.35176 0.547948 1770.38
789.191 -0.431098 2.24876 775.293 -0.908173 -1.49963 1544.15 0.68663 0.444883 0.533605 0.758992 262.491 0.168727 1.66836 1747.4
474.384 -0.127071 1.67878 335.271 0.0907725 -1.42974 812.34 0.514184 0.711867 0.59539 0.644609 713.306 -1.2232 0.206535 1226.46
1333.34 0.543076 -0.281825 536.244 0.066441 1.94195 1591.48 0.593747 0.494924 0.776179 0.366229 1576.28 3.06579 1.12384 2007.08
864.278 -0.660931 -0.346724 394.701 -1.20701 -2.90788 1217.17 0.501268 0.487577 0.778119 0.552657 895.317 2.95968 0.415625 1526.11
621.653 -0.00778792 -1.69575 325.699 -0.683848 2.03694 929.705 0.823186 0.798877 0.81119 0.878257 1242.81 1.26826 0.76868 929.375
522.574 0.146513 2.87337 274.097 0.349138 -0.0836722 806.048 0.704213 0.289136 0.692397 0.678633 185.505 -1.4535 1.36982 812.075
836.382 0.333536 -0.609787 353.863 -0.704246 -1.93668 909.911 0.792938 0.429845 0.762116 0.712443 1661.23 1.92217 2.42433 1269.88
627.732 0.321619 1.13711 324.167 -1.01858 0.815175 682.556 0.315591 0.316671 0.778209 0.718037 1219.55 -1.8369 2.65207 1271.33
1197.4 -0.123148 -0.609713 277.41 -0.867021 2.63327 1243.52 0.594041 0.750136 0.708301 0.735296 1444.88 2.73195 0.0986838 1481.36
356.209 -0.15538 2.56386 299.525 -0.248677 0.144885 623.006 0.81404 0.5924 0.791788 0.446219 1015.17 -0.594058 0.738943 896.73
558.028 0.229274 -1.21452 542.587 -0.057105 0.309232 832.136 0.104739 0.535825 0.700204 0.63083 2165.28 2.99424 2.07443 1167.4
572.154 -0.226445 -1.55828 317.083 -0.988955 1.62228 930.584 0.408409 0.577003 0.685087 0.737392 382.608 -2.76932 1.21105 1037.31
404.75 -0.281593 0.149639 359.665 0.399053 -2.74758 808.96 0.426916 0.243083 0.728384 0.727019 736.066 -1.81987 0.927707 1027.88
758.449 0.201612 2.57248 347.391 -0.0980637 -0.695074 1053.08 0.408143 0.562744 0.767943 0.717134 655.838 -0.0225033 0.672571 1176.35
485.522 -0.524906 0.799866 384.104 0.434858 2.37484 756.507 0.382088 0.663901 0.684642 0.866 1174.95 -1.62673 2.28161 1069.55
1015.9 -0.563535 3.0594 744.125 -0.252773 -0.571324 1742.71 0.712831 0.454132 0.665539 0.78715 722.01 1.49928 1.56011 1870.7
890.235 0.618644 -2.73458 502.789 0.537663 -0.603815 1178.32 0.252703 0.086039 0.393983 0.662382 1381.32 1.37678 1.98059 1520.93
402.744 -0.0546567 -0.928073 254.495 -0.301386 2.91646 617.545 0.751208 0.705133 0.778059 0.608321 1736.21 0.308301 1.23637 681.82
552.874 -0.640403 -1.64384 444.307 0.729961 -3.11508 1027.79 0.647055 0.399776 0.78815 0.588298 625.459 0.267708 1.91155 1393.86
740 0.211005 1.79817 488.37 -0.655875 -2.13753 1241.07 0.747825 0.737718 0.714261 0.769819 672.302 -2.5854 0.447877 1651.13
1456.56 -0.321913 1.84381 779.833 0.463427 -1.40883 2357.57 0.601661 0.105255 0.783077 0.708363 1203.33 -1.22248 0.186352 2235.97
1213.78 -0.136242 -2.73105 970.483 0.839181 1.74003 2109.71 0.441527 0.18709 0.528997 0.535519 2199.13 -0.606491 2.12456 2259.05
341.215 0.723633 -2.18267 326.795 -1.9745 2.84846 1270.47 0.691004 0.512304 0.712793 0.793644 508.674 0.117163 2.29984 904.067
534.576 -0.695261 1.39148 287.811 0.0805243 -2.22577 839.446 0.586278 0.62704 0.737064 0.648608 607.783 -0.216818 1.60829 808.03
1499.63 -0.681884 -0.518028 461.855 0.581096 -2.15286 1685.37 0.81969 0.762314 0.826127 0.77634 2714.68 2.17782 1.95251 1928.88
592.788 -0.338917 -1.99916 535.171 0.06828 1.44508 1150.69 0.788138 0.233251 0.705603 0.641423 393.7 -0.0359996 1.48108 1110.34
744.929 -0.3952 -2.24421 404.425 -0.506917 2.09952 942.99 0.295356 0.540987 0.699353 0.538338 346.57 -1.11282 1.13139 1629.17
656.325 0.716287 1.15446 377.669 -0.0750038 -1.52098 1052.21 0.65468 0.530814 0.393525 0.512697 747.637 2.99454 1.76766 1432.66
636.295 -0.481341 2.91425 379.349 -0.363629 0.195832 981.237 0.712597 0.341426 0.661447 0.74686 798.859 -1.10191 1.29774 1001.27
1942 0.481648 0.829125 455.705 0.00351429 2.3539 1425.53 0.165871 0.865427 0.460524 0.803108 1462.64 -1.04914 1.87827 2644.52
448.662 0.809123 2.85974 317.333 -0.227333 0.55011 808.157 0.760688 0.737818 0.774845 0.75785 1707.97 -2.35562 1.06783 1015.5
1216.46 -1.20513 0.887738 342.564 -0.483103 -0.991912 1201.51 0.137103 0.216979 0.586953 0.697691 1025.91 -2.45183 1.45992 1881.91
924.5 0.282871 1.88084 490.854 0.0635213 -1.94918 1319.61 0.156626 0.710408 0.910138 0.75166 1092.01 -1.17162 0.777569 1508.77
925.093 -0.634903 1.11203 503.034 0.874017 -0.585108 1539.81 0.38272 0.647148 0.682899 0.796338 1642.6 -2.4384 1.85329 1480.95
813.332 -0.241209 1.33976 526.671 -0.267381 -3.11286 1058.9 0.613952 0.550394 0.710033 0.702016 1483.88 -0.86063 2.20039 1426.21
850.13 0.263292 -1.27879 305.253 1.4191 0.647815 1050.09 0.732487 0.753006 0.733705 0.764331 2317.95 1.82252 1.1747 1271.45
655.497 -0.605606 -0.340948 521.911 -0.503407 2.15355 1132.51 0.828421 0.325591 0.713918 0.76516 1044.88 -1.91262 1.57168 1445.17
717.706 -0.52983 1.245 584.714 -0.537095 3.12623 1079.99 0.727114 0.425182 0.764528 0.85241 1360.27 -1.38037 1.77658 1361.92
890.642 -0.826988 -0.899068 335.943 0.815606 2.07612 1512.01 0.148607 0.64912 0.715538 0.857818 226.091 -0.649535 0.249533 1529.51
424.824 -0.0603923 -2.88375 291.836 -0.688261 -1.14756 599.289 0.41203 0.587359 0.754114 0.750402 856.855 0.773651 1.92121 711.086
1687.23 -0.569142 1.16822 958.041 0.221596 -1.2865 2613.72 0.705781 0.779248 0.758431 0.774565 1270.36 -2.90762 1.62111 2666.82
547.71 -0.305583 1.69499 479.209 0.750572 -1.99809 1159.41 0.707326 0.548438 0.806323 0.571518 1086.77 -0.825874 1.17222 982.623
472.262 0.0739916 -0.034158 334.164 0.0702869 -2.58412 812.585 0.323679 0.597966 0.453528 0.741168 1808.31 3.05893 0.640136 827.931
530.568 0.565423 1.24141 328.139 -2.02029 -1.86285 1641.6 0.577822 0.717808 0.689476 0.822276 6.2126 2.98728 1.43305 831.363
933.577 -0.578947 0.733372 508.364 -1.19817 -1.08243 1188.38 0.436654 0.543401 0.63229 0.842951 1259.58 -2.86939 1.78696 1645.31
829.842 -0.195146 2.84894 408.06 -1.15573 -1.04918 1257.13 0.277251 0.299197 0.514271 0.721613 1297.63 0.44995 1.49913 1274.01
667.802 0.408707 0.159165 335.567 0.282764 -2.79148 959.561 0.489375 0.536874 0.782764 0.742705 363.235 0.347827 0.188663 1053.87
867.145 -0.250069 1.0216 392.396 0.383356 -2.87219 1162.25 0.361835 0.647836 0.805325 0.845725 1212.53 -1.95617 0.916013 1439.14
649.181 0.599647 1.33151 607.813 0.363603 -3.0093 1057.75 0.253438 0.678408 0.612052 0.69369 1744.17 -1.32842 1.68089 1261.23
400.449 0.0049551 -2.39303 335.907 0.404301 0.840757 777.891 0.68432 0.728523 0.780676 0.640204 185.587 2.54005 1.3501 797.269
683.848 0.311845 -1.10555 368.184 -1.04271 1.89631 1274.53 0.375081 0.348824 0.720057 0.772141 587.944 -2.868 1.51888 1183.17
595.144 -0.723653 2.90549 552.532 -0.460674 -1.0137 1098.5 0.143614 0.43844 0.592312 0.450289 651.68 1.09077 1.81472 1134.12
510.587 0.27826 1.42969 434.629 0.299624 -1.47474 965.764 0.535474 0.751901 0.798739 0.818089 374.273 -1.52251 0.0477741 942.67
650.468 -0.725826 -1.33192 458.475 0.280744 1.92922 1270.34 0.345943 0.458251 0.795182 0.56327 276.283 1.50354 0.425683 1097.61
1074.43 0.780698 1.97909 930.157 0.541584 -1.56841 2012.2 0.128113 0.78773 0.682214 0.761554 903.15 -0.553789 1.01462 2105.83
360.098 1.39709 -1.37587 348.4 -0.575755 1.32623 1094.18 0.770975 0.509743 0.791223 0.770814 367.648 -2.26582 0.889944 709.877
501.433 1.72986 -1.13243 297.044 -0.630422 2.14396 1382.31 0.835514 0.44249 0.75692 0.713466 110.419 0.504175 1.6366 824.817
956.673 1.09558 -3.00857 271.071 0.963033 0.806749 1008.83 0.769141 0.205014 0.79047 0.861727 673.776 -1.36969 1.63888 1266.24
411.861 0.206632 0.801725 328.878 -0.954962 -1.59675 856.757 0.280566 0.693797 0.831197 0.809919 766.639 2.82353 1.86291 920.097
1226.93 0.0886717 -2.57691 890.492 0.410141 0.0442921 2063.63 0.603901 0.749166 0.727117 0.815359 901.472 2.10194 1.60433 2153.04
594.923 0.199626 -1.73241 476.875 -0.330579 1.66058 1105.78 0.450973 0.721599 0.465434 0.728616 223.342 1.02882 0.631762 1074.53
514.86 -1.13302 -2.19192 310.205 1.60758 -0.334177 1614.99 0.756295 0.532344 0.866161 0.644656 743.289 1.99457 2.09669 994.201
414.56 -0.248177 2.75723 275.38 -0.751354 1.48047 472.546 0.627235 0.763302 0.588944 0.766547 697.929 -1.10992 2.41603 737.535
283.397 0.0128484 -2.31867 267.244 -0.800375 1.48702 601.775 0.826823 0.689919 0.688309 0.56844 381.997 0.139637 1.34739 656.089
806.074 0.195171 -2.52557 375.789 -0.160875 0.956909 1125.22 0.570002 0.605122 0.520461 0.75869 967.69 -1.56784 0.957731 1171.89
541.809 0.81167 1.42535 524.152 -0.657622 -1.15194 1348.91 0.46772 0.286783 0.812777 0.79144 446.583 -2.79613 1.64419 1104.66
724.089 -0.0535773 -2.94644 596.717 0.932315 1.27503 1327.15 0.746508 0.816462 0.839142 0.764353 1715.01 -1.20361 1.74284 1314.82
472.267 0.631313 -2.92633 369.934 -1.2968 1.4597 1174.66 0.645137 0.487402 0.616661 0.849954 749.286 -0.843858 2.08247 901.727
708.033 0.572762 -2.48463 364.377 -1.22318 1.32072 1442.12 0.506567 0.38838 0.738907 0.768946 581.75 0.735638 0.58508 1200.13
347.46 -0.240482 0.31919 278.71 0.578208 -2.01731 655.757 0.320268 0.760906 0.794981 0.802315 599.812 2.67213 1.59374 616.239
813.044 -0.10558 1.2831 390.489 0.849077 -2.35287 1239.05 0.743619 0.417981 0.778111 0.510604 602.196 -1.62836 0.724512 1308.52
515.394 -0.0507034 -2.86489 450.688 0.280155 1.3709 863.804 0.708089 0.443687 0.764782 0.431277 430.793 0.691266 0.679633 1358.26
684.877 -0.0782757 1.05578 271.25 -0.098932 3.02077 727.43 0.481691 0.54957 0.805911 0.791928 1458.93 -0.828442 1.88423 1091.96
1630.56 0.105956 -1.58261 471.876 0.26594 0.87046 1676.88 0.621003 0.351385 0.83167 0.82738 1023.21 -3.10515 1.52254 2155.66
1089.62 1.28393 -0.246617 263.249 -0.0365717 2.40173 1297.99 0.66246 0.59124 0.747317 0.708244 961.056 -3.13446 0.747002 1414.08
312.908 -0.600755 -0.724051 265.146 0.784845 2.37526 737.79 0.839496 0.580321 0.79903 0.601934 138.166 -2.41483 1.49309 661.971
883.353 0.38096 -2.82607 409.401 -0.851984 -3.04965 835.016 0.522393 0.752167 0.874467 0.781768 1404.79 1.05555 2.17799 1382.97
928.78 -0.515204 -2.51482 422.314 -1.2706 0.000360047 1293.47 0.104453 0.738125 0.726774 0.867631 236.629 1.0405 1.04014 1787.32
497.008 -1.35789 -1.53527 268.268 -0.200603 1.66949 880.199 0.524856 0.801389 0.824654 0.690698 348.878 -1.58873 0.0534556 712.984
648.696 -0.476866 1.77945 342.155 2.14587 -1.98604 1865.61 0.687833 0.520031 0.816643 0.7976 1050.38 -1.18295 0.803084 1022.15
602.783 0.723646 -0.680169 511.849 -0.800748 -0.126063 1024.41 0.82421 0.0868982 0.781087 0.753202 1365.82 3.08331 2.5197 1270.02
1511.88 -0.265076 1.46187 505.145 0.0262841 -1.48249 1776.72 0.605873 0.336149 0.622129 0.594771 477.015 -3.03806 1.55557 2162.39
782.072 0.152696 -1.89354 706.454 -1.93418 -0.19101 2168.04 0.790344 0.576194 0.720506 0.753361 1759.76 2.98879 1.40085 1806.45
1063.08 -0.0443499 -2.03568 373.603 -0.022374 0.975037 1331.33 0.105627 0.453488 0.826614 0.382126 851.161 0.486769 0.488268 1706.24
987.885 -0.134636 1.48702 684.289 0.250598 -1.79683 1692.03 0.646276 0.195152 0.718063 0.691303 302.947 -1.1411 0.655728 1661.98
560.854 0.905351 0.0786785 253.816 -1.03549 -2.53019 1138.29 0.55429 0.507644 0.872719 0.850297 1731.47 -2.97986 0.449672 842.195
1081.54 0.0964877 -1.33685 367.024 -1.84126 2.38429 1877.78 0.629525 0.815305 0.765025 0.776139 967.343 1.46987 0.914425 1513.41
468.629 1.61784 2.94335 419.548 -1.44439 0.607967 2123.52 0.690447 0.376296 0.755857 0.800219 594.377 -1.85328 1.48656 1068.28
730.425 1.10782 2.78378 462.316 -1.70508 2.50286 2240.17 0.606835 0.599595 0.799887 0.646 1062.08 -1.00879 2.49061 1534.78
905.188 -0.424961 1.63882 722.254 -0.102517 -1.48223 1646.87 0.753183 0.696231 0.728271 0.811396 1213.52 1.10961 0.529204 1665.69
807.832 0.0693612 -1.83174 258.179 -0.718214 2.86723 785.28 0.621335 0.532036 0.403377 0.639539 1163.16 0.882624 1.98461 1254.77
661.274 -0.477004 -1.4707 284.773 -0.995164 1.60445 932.127 0.693199 0.461578 0.664513 0.772948 599.351 1.69092 0.0864669 886.272
690.954 -0.493801 -1.05371 518.694 -0.581364 -2.74566 937.949 0.478518 0.456704 0.713791 0.587374 1396.81 1.37716 2.16037 1343.65
1515.59 0.0802865 -0.89351 632.828 -0.181551 2.22537 2034.23 0.0584764 0.576141 0.704671 0.776678 1230.64 2.11272 0.112655 2265.48
1609.29 0.245749 -1.52829 585.034 -0.150979 2.50671 1804.83 0.284558 0.822465 0.786847 0.797518 1777.68 0.649488 1.85722 2228.27
545.886 0.206237 -0.721826 322.792 -1.19665 2.2706 1075.54 0.813514 0.195118 0.807805 0.679091 1367.35 2.35204 0.0814373 846.72
421.333 -0.707391 -1.98656 334.489 0.339805 2.0253 812.295 0.7616 0.731511 0.844776 0.749897 1473.24 0.83723 1.18807 773.095
550.884 -0.416877 2.50843 448.864 -0.498126 -1.64397 892.232 0.515251 0.752049 0.570896 0.768306 1436.23 0.824159 1.68427 1151.73
732.589 -0.830595 1.75995 399.801 0.712671 -1.4654 1447.16 0.257255 0.439055 0.669834 0.796301 261.528 0.0890033 1.55441 1123.41
718.323 0.0194231 -2.05855 666.449 1.07332 2.40067 1344.64 0.315974 0.601827 0.711105 0.660951 504.248 0.97661 1.42406 1838.34
342.35 1.63112 0.807885 271.114 -0.416052 2.91211 930.845 0.789433 0.351339 0.771038 0.801115 920.54 -2.10152 1.26955 851.872
374.78 -0.334036 1.5474 311.658 -0.362008 -1.88773 720.499 0.23279 0.338339 0.772976 0.70471 831.828 -1.56744 0.320288 683.048
696.002 -0.442715 -0.684478 332.917 -0.125241 2.11236 1083.71 0.391959 0.716883 0.323796 0.777108 924.619 2.677 0.564638 1143.92
594.145 -1.25975 -2.67722 283.448 -0.00345045 0.0395862 990.483 0.716716 0.872776 0.789208 0.785333 711.359 0.754119 0.714533 915.643
285.484 -0.117375 0.143912 262.181 -0.856749 2.32668 546.591 0.447477 0.724784 0.676209 0.698647 1218.68 -0.933093 1.07701 550.059
604.881 1.02834 -2.00231 584.01 -0.604316 0.542325 1602.09 0.41552 0.590034 0.738872 0.654972 737.342 2.45721 1.82367 1167.42
1597.37 0.625345 1.02157 1068.62 -0.34041 -2.69687 2841.13 0.255384 0.522685 0.782281 0.27857 1549.25 -1.04461 1.65226 2649.67
858.527 0.00376756 -0.630061 401.028 -0.274488 2.81824 1179.52 0.497909 0.833042 0.784785 0.809924 521.515 1.99722 0.821021 1272.64
455.848 -0.680182 -2.87972 453.345 -0.340619 -0.217229 910.36 0.307495 0.60547 0.651211 0.381525 911.375 -2.59979 0.279932 1431.23
646.873 0.754537 2.23015 561.868 -0.302147 -2.18812 1232.66 0.36264 0.675247 0.408605 0.792838 1518.68 0.132572 2.09758 1384.72
736.301 -0.29756 -0.620036 510.597 0.2569 0.781119 878.624 0.820903 0.664141 0.741274 0.738917 1931.19 3.09293 2.31181 1317.24
459.133 0.448058 3.13751 268.063 -0.717848 -1.7251 678.042 0.356985 0.705901 0.553115 0.612545 1787.07 0.484395 2.20949 862.121
405.538 0.767119 -1.73573 263.194 -1.06251 -2.76232 782.908 0.342428 0.704438 0.688056 0.790134 760.891 0.696066 2.43179 979.887
689.864 -0.204006 -0.079384 318.669 -0.617949 1.29052 650.937 0.644995 0.739792 0.620141 0.72416 1391.77 -3.08457 1.90809 1022.44
730.682 0.118529 0.0825927 458.964 -0.80895 2.57332 1261.51 0.641887 0.442022 0.536647 0.587646 1183.68 2.26255 0.31077 1359.07
504.558 -1.18533 0.136767 386.718 -0.22347 2.38603 923.543 0.686947 0.329924 0.786393 0.636752 823.267 -0.939994 1.07676 1098.15
1746.05 0.955854 -0.8054 345.59 0.785943 -2.45081 1151.94 0.720202 0.501708 0.747414 0.783035 2302.18 1.85545 1.97693 2115.19
641.163 -0.396447 1.15325 524.834 -0.319341 -1.89887 1168.25 0.681368 0.777464 0.671089 0.776202 1089.02 -1.28401 0.614859 1419.02
839.367 0.476319 -2.91302 272.599 -0.423488 2.41341 665.819 0.531946 0.5961 0.478478 0.769592 2453.64 -0.125769 2.53918 1208.31
1025.78 -0.111779 -0.0066988 279.218 1.20129 -3.01662 1316.25 0.732318 0.507617 0.803774 0.827342 473.162 2.22766 1.0389 1364.07
657.435 0.812118 0.193269 492.691 -0.973105 2.57142 1574.94 0.777844 0.594297 0.788458 0.762644 915.831 2.77533 0.203908 1446.77
1365.69 -0.0155348 -2.58242 379.978 0.725167 -0.19326 1494.31 0.212421 0.610771 0.745968 0.868074 1825.69 0.983714 1.17697 1748.84
595.701 0.922755 -2.39425 250.644 -1.15113 0.443777 1230.23 0.580711 0.303979 0.829491 0.791831 426.983 -1.90938 0.48486 1089.38
367.1 0.171104 -1.2925 298 -0.153985 0.326976 529.295 0.366116 0.753913 0.671869 0.758645 1213.9 -1.3404 0.047899 900.092
437.58 -0.977169 -2.11088 396.529 0.814456 -0.64416 1024.98 0.844768 0.515664 0.750547 0.765751 478.743 1.31724 1.9614 1146.93
762.259 0.644729 -3.10215 290.406 -1.28005 0.31283 1436.08 0.640437 0.495281 0.737023 0.533542 822.415 -0.121026 0.433856 1029.61
810.056 -0.2419 0.323429 524.82 0.171041 2.24317 1155.05 0.239233 0.585541 0.665444 0.680374 1352.41 -1.67574 1.99917 1442.94
1067.3 0.188065 2.81926 703.363 0.235797 -0.679353 1773.75 0.282123 0.281423 0.754809 0.560241 572.114 1.7585 1.06076 1754.48
690.885 -1.26282 0.682752 433.241 -0.00621208 0.746037 755.128 0.560876 0.642003 0.792062 0.718933 1336.54 -2.45027 3.08688 1223.67
512.397 0.0954846 -2.20999 396.74 -0.619039 1.52057 940.623 0.712975 0.474885 0.758737 0.805912 933.481 0.590588 0.929981 938.636
1243.01 -0.760348 2.30493 462.603 0.623786 -1.13864 1946.49 0.743092 0.453521 0.665115 0.616368 1772.46 -0.819567 0.319071 1908.82
491.905 0.882697 -0.950691 437.43 -0.115919 -1.58012 574.058 0.832669 0.739622 0.755332 0.66254 1544.39 1.92684 2.77623 1160.12
1118.76 1.40983 0.35654 436.054 -1.36539 0.19933 2632.47 0.442381 0.829689 0.753632 0.810393 1504.18 -2.76417 2.9635 1834.26
961.022 0.0605681 2.38847 360.207 -1.40519 -0.79747 1517.19 0.691088 0.360344 0.713038 0.63227 663.969 -0.769351 0.028119 1301.14
286.55 -0.57259 -2.97583 283.234 0.463721 1.76043 532.622 0.682788 0.482048 0.818614 0.830676 292.85 1.85521 0.0947779 852.109
1294.24 0.2136 1.85683 429.177 1.29231 -2.22351 1585.34 0.710859 0.628741 0.846884 0.688116 797.495 -0.679116 1.5444 1944.29
579.128 -0.595406 1.80012 544.508 -0.767522 -1.30043 1183.07 0.508547 0.167706 0.787626 0.879103 66.5039 -2.97401 1.50906 1141.92
539.536 0.958466 0.241296 409.803 0.733765 -2.58364 960.744 0.142247 0.50709 0.800374 0.813461 591.884 1.9725 1.72705 934.008
727.789 -0.0234342 -0.51981 656.755 0.129692 2.71654 1446.47 0.263456 0.78891 0.660963 0.718235 679.485 2.29881 0.417726 1455.1
572.359 0.122554 -1.49185 347.53 -0.685604 1.59327 994.874 0.625814 0.423894 0.802329 0.802159 706.959 2.31677 0.7235 995.353
926.347 0.641877 -1.08878 728.41 -0.298542 2.29441 1828.65 0.54255 0.851747 0.442028 0.788974 711.813 1.705 0.589411 1691.65
391.158 -1.21896 -1.70047 295.604 0.958822 0.368046 1079.42 0.371972 0.802056 0.845202 0.825898 705.943 2.19363 1.82559 743.256
505.77 -1.39086 0.0610878 463.177 0.402587 -1.96782 1330.42 0.794365 0.321211 0.794533 0.847843 980.187 1.79571 1.73462 1196.42
1989.81 0.177082 -0.692566 722.036 -0.0404298 2.494 2445.72 0.216983 0.444872 0.756268 0.642876 1169.8 2.45417 0.0398304 2839.29
532.501 -0.529481 -0.654984 276.977 0.797595 1.12302 817.678 0.618155 0.745779 0.740796 0.579484 1329.47 2.90891 1.78589 956.161
733.767 -0.20378 0.931834 405.729 -0.642067 -2.21097 1136.39 0.609999 0.44205 0.459469 0.690078 431.263 -2.17211 0.0388525 1631.63
390.364 0.190708 0.324724 261.574 0.718675 2.375 612.174 0.230468 0.464975 0.589065 0.530455 1937.3 -2.45392 1.45426 664.136
675.323 0.58621 -1.21931 402.188 0.64505 1.40448 1016.1 0.745887 0.584824 0.749451 0.775262 233.152 -1.21929 2.30074e-05 1337.27
1303.32 -0.547709 0.278814 266.822 0.515011 -1.31286 1079.29 0.762429 0.517516 0.66362 0.814706 2856.57 -3.09194 1.77907 1562.46
737.091 0.272529 -1.83816 672.455 -0.191776 0.725538 1441.35 0.291227 0.803696 0.585056 0.75565 771.971 0.90176 0.176222 1468.16
1135.14 0.552934 -0.80185 400.883 -0.769 2.37053 1694.69 0.471136 0.197528 0.735143 0.537788 670.774 2.3827 0.0121641 1559.01
782.057 -0.248471 1.8443 318.048 0.280642 -0.109104 889.309 0.574739 0.706136 0.440998 0.640093 1793.07 -1.68561 1.5765 1189.84
882.162 -0.543189 -2.54703 718.01 -0.0640192 -0.611436 1388.95 0.824558 0.324994 0.728248 0.673701 1001.85 0.34577 0.957206 2076.46
1041.54 -0.392697 0.836603 715.095 0.693232 -2.8629 1941.51 0.766291 0.601224 0.697271 0.760038 662.554 -2.03271 0.830189 1844.21
717.106 -0.965966 -2.27963 413.907 0.0355642 0.921657 1260.29 0.647763 0.399612 0.715114 0.630454 607.971 0.513832 0.407825 1274.11
342.251 0.834664 0.167862 302.18 -0.228747 1.41159 541.189 0.553713 0.689627 0.433274 0.694418 1464.21 -2.04007 2.20793 735.411
619.169 -0.900917 -0.179232 480.254 0.20987 -3.06544 1286.41 0.760653 0.186377 0.727241 0.589028 668.636 -1.00253 0.823302 1186.19
813.893 0.109348 0.890629 432.535 -0.103664 2.65451 935.877 0.795679 0.737771 0.78773 0.749639 933.178 -1.64534 1.98333 1636.8
876.376 -0.0767814 -2.82214 426.66 -0.20028 -0.434817 1224.4 0.259408 0.359811 0.766778 0.73275 1805.75 0.853634 1.28845 1303.98
614.263 1.61824 2.95276 357.937 -1.24139 -0.620743 2067 0.776044 0.841566 0.819792 0.818196 714.91 2.21567 0.737089 1012.52
658.433 -0.761644 -2.39424 534.015 0.501769 0.766539 1482.03 0.327636 0.270569 0.418709 0.812693 97.1797 0.969263 0.202724 1184.82
513.439 -0.228868 0.259003 472.599 -0.0196014 2.65462 943.671 0.487339 0.620684 0.376596 0.494774 1024.43 -2.04833 1.58024 1061.52
849.76 -0.543564 -1.83252 594.268 1.35052 2.5424 1953.36 0.625102 0.174875 0.807684 0.78062 1502.17 0.686303 1.8561 1575.23
556.342 -1.75148 -1.83067 413.538 0.113665 -1.57861 1052.67 0.727665 0.768664 0.785614 0.798323 1221.29 1.10128 2.67988 1298.84
419.951 -1.53725 0.431174 301.634 -0.223975 -1.08055 711.399 0.760726 0.69712 0.702422 0.650966 600.22 1.40013 0.968958 861.543
1086.82 0.815282 2.71387 497.589 -1.03179 0.809907 1977.81 0.571285 0.825181 0.806572 0.819073 1945.06 -1.17628 1.98619 1635.71
1116.95 0.410046 0.821379 339.233 -0.376592 -0.236814 815.389 0.809383 0.54069 0.788456 0.774118 1822.33 -2.57108 2.33427 1667.58
1170.77 -0.364575 -0.437351 747.618 1.03229 2.7429 2360.18 0.671998 0.26556 0.740853 0.724821 773.142 2.74001 0.00289226 1989.32
680.723 -0.269455 -1.34589 495.471 -0.902181 2.75379 1111.1 0.687629 0.716466 0.438557 0.6218 1400.02 0.438675 1.78456 1410.19
511.977 -0.232077 -0.640933 368.898 0.220081 3.13078 872.41 0.743401 0.774169 0.671341 0.762716 1096.56 2.34592 0.78486 847.411
505.957 1.16803 2.39777 498.285 0.529635 -2.33259 823.102 0.801077 0.243182 0.908032 0.819689 378.713 0.850257 1.54751 1216.4
1580.53 -0.39255 -1.23975 437.869 -0.893138 1.87659 1727.44 0.693989 0.536961 0.659322 0.648129 1216.16 2.16864 0.292054 2123.47
662.135 0.0930592 0.211217 309.043 1.048 -1.30513 786.259 0.875607 0.639645 0.832495 0.839665 1132.39 2.83105 2.147 1134.2
1019.27 0.492743 1.49147 330.866 -0.208695 -2.06492 1219.07 0.794159 0.716182 0.738721 0.795761 1130.18 -1.5081 0.556816 1369.08
738.028 0.44442 -2.02662 352.511 0.0524778 -0.144885 868.938 0.404789 0.266275 0.70951 0.647132 555.171 0.0884079 0.233293 1383.52
327.474 -1.41706 2.94641 308.705 0.359928 -1.46779 849.029 0.307274 0.342495 0.877406 0.810799 461.85 1.00467 1.94174 908.275
808.273 -0.106443 -1.67161 558.109 -0.51654 1.5383 1386.44 0.592277 0.386776 0.799387 0.600993 1304.03 0.317031 1.22127 1847.1
588.065 -1.42397 -1.5194 372.071 -0.487509 2.1763 1034.71 0.388044 0.379302 0.811721 0.857436 541.947 0.412397 1.76391 1090.14
677.7 -1.51719 2.86811 447.997 -0.30274 0.477702 1263.78 0.476095 0.711402 0.721261 0.854311 974.252 -1.02189 1.4996 1517.35
754.247 1.2081 2.49003 698.79 0.548105 -1.76922 1335.52 0.645847 0.741022 0.757815 0.760345 1158.35 -0.349621 1.4196 2314.85
441.22 -0.58385 -0.612568 415.854 -0.768823 0.812581 614.359 0.87766 0.402588 0.768222 0.560262 1973.45 -3.08379 2.38681 1005.88
370.587 1.41896 -2.45937 350.044 -0.457848 1.39907 1041.95 0.603476 0.839879 0.80362 0.816648 1136.63 1.01529 0.383779 1002.83
1202.22 -0.604323 1.88179 287.646 0.756165 -2.29394 1441.27 0.110971 0.186972 0.494346 0.628281 1654.02 -1.30461 0.989329 1693.21
872.299 0.113434 -2.47837 595.419 -0.0192086 1.25706 1396.65 0.691154 0.402654 0.68975 0.831613 716.076 -0.637623 1.84075 1434.17
770.266 -0.336113 0.101463 415.825 0.697931 2.65425 1258.65 0.404054 0.228514 0.829934 0.569978 621.814 -2.12351 1.50543 1481.85
1251.24 -0.195756 1.30731 640.096 1.52424 -2.74222 2390.88 0.57452 0.75256 0.882222 0.796555 1336.84 -1.14209 1.60014 1847.75
714.601 -0.988977 2.38051 485.396 -0.244801 -0.646097 1272.19 0.517234 0.706939 0.695957 0.772851 352.633 -2.21145 1.56536 1709.9
954.024 0.325767 1.36069 387.649 -0.573676 -1.9715 1374.02 0.468368 0.644243 0.856484 0.568699 234.105 -0.844969 1.12653 1354.59
748.157 0.84254 2.03735 498.188 -0.213708 0.997167 922.686 0.849626 0.723271 0.725217 0.699732 1551.79 -2.18392 2.06191 1409.7
641.157 1.00946 2.70469 322.818 0.238079 0.0948513 974.318 0.399433 0.505715 0.666854 0.78979 322.694 -0.828462 0.923313 1119.7
340.782 1.47962 2.56228 291.298 -0.98367 1.31111 1062.39 0.77423 0.646189 0.901342 0.874304 1520.28 -0.749427 2.06053 996.544
456.472 -0.106484 1.60317 280.432 0.912421 -1.48486 826.712 0.278614 0.606938 0.454893 0.65455 425.697 -1.67666 0.1918 807.354
886.809 -0.998278 -2.86143 756.663 0.616447 1.31321 2054.45 0.718714 0.498031 0.740667 0.74808 526.314 -0.0324687 1.34568 2007.89
1240.03 -0.316248 1.21521 251.616 0.449012 -2.41482 1216.22 0.315984 0.718601 0.511262 0.743212 2220.88 -1.85026 0.564561 1493.8
501.284 0.724 2.53254 382.884 1.51818 0.264235 886.106 0.294962 0.746348 0.755562 0.764297 1136.75 -1.36623 1.63047 889.395
393.26 -0.60686 -2.1735 321.55 1.69663 0.816458 1243.77 0.797005 0.578728 0.817052 0.821373 195.836 0.575128 0.24133 788.031
1175.71 -0.724529 2.07304 756.004 -0.373903 -1.31332 1951.8 0.716608 0.0566237 0.751249 0.660052 689.492 1.86789 0.205156 2062.62
669.733 -0.920507 -1.5735 326.77 0.461002 0.589472 1087.69 0.704566 0.477394 0.884866 0.80224 987.281 1.79684 1.20737 1136.76
1393.84 0.359686 -2.16797 985.684 -0.0621153 -0.207227 2090.34 0.511507 0.416222 0.451518 0.0986099 2341.48 1.60299 1.81022 2427.43
679.378 -0.397219 -1.69774 544.867 0.0109607 1.38957 1290.3 0.53761 0.261189 0.889544 0.664843 1690.07 1.51182 0.122241 1321.48
424.611 0.897094 -1.65233 355.864 0.672522 3.02164 598.432 0.579028 0.325126 0.671553 0.142741 724.948 1.81183 1.20982 1035.62
902.996 -0.387153 0.0566092 329.353 -0.48514 2.69586 1078.38 0.770604 0.394293 0.66959 0.654352 414.65 -1.6962 1.75281 1437.35
830.287 -0.432976 -2.62607 425.152 0.00883069 2.55165 713.343 0.706103 0.698743 0.789782 0.695122 1791.08 0.125177 2.42647 1521.51
967.5 0.612506 -3.06361 443.597 -0.81169 -1.60821 1356.68 0.7477 0.807532 0.822957 0.783858 1732.72 0.383317 1.99153 1557.89
577.272 0.272091 0.130335 327.045 0.64697 2.16353 781.088 0.696576 0.161424 0.6018 0.426555 1087.85 -3.05801 1.06164 1112.25
488.129 1.35842 0.048724 266.716 -0.18809 3.00271 950.902 0.48179 0.727008 0.753836 0.764029 723.631 -1.68615 1.59432 931.952
724.541 -0.677326 -3.00279 327.078 -1.07799 0.194253 1081.34 0.136997 0.357634 0.863132 0.651956 423.255 0.0415644 0.152688 1539.16
836.088 0.0876953 0.673202 512.771 -0.671324 -1.88932 1382.93 0.75645 0.401681 0.849551 0.787217 794.453 -2.63381 0.744489 1752.43
456.797 -0.337456 -1.97095 299.61 0.432847 -2.87744 451.157 0.749917 0.711031 0.7554 0.821827 1620.36 0.506303 2.47725 974.851
1212.4 -0.373768 -0.597316 308.088 -1.12391 1.81146 1270.29 0.467083 0.785022 0.699774 0.779535 1127.08 -2.94816 1.52356 1788.85
894.649 -0.00234685 1.89504 333.96 0.267233 0.140315 894.703 0.531958 0.43763 0.450601 0.552371 1424.25 -1.75158 1.8919 1273.2
497.274 0.769358 1.69155 354.897 -0.820556 -1.68646 1127.37 0.492288 0.459491 0.828789 0.827002 558.741 -1.43182 0.254645 840.443
769.374 -0.114341 0.0705751 376.841 1.28104 2.09534 1297.58 0.469315 0.712698 0.540585 0.826379 1277.58 -2.59602 1.59183 1153.04
450.438 0.721608 1.52006 282.791 0.221369 -0.656642 672.672 0.57255 0.254329 0.726225 0.498356 1039.78 -1.93061 1.27397 898.86
427.31 -1.43189 -2.03973 307.486 -0.162238 -2.04179 500.1 0.734877 0.704334 0.6514 0.628184 1542.72 1.02828 3.06801 1195.78
447.975 0.27933 2.74875 362.556 -0.243741 0.635347 744.932 0.385005 0.737308 0.736768 0.699071 1330.91 -0.663778 1.29913 835.508
929.048 -0.0390472 2.9746 257.582 -0.826879 0.155247 1153.74 0.218467 0.465739 0.363551 0.744056 1286.99 -0.344207 0.499454 1153.89
339.151 0.358361 -0.642434 337.676 1.32977 2.54757 768.916 0.798286 0.613621 0.757914 0.603292 668.482 2.49012 0.057441 676.219
1282.71 0.515402 2.84095 461.252 -0.417859 -1.6715 1420.92 0.513681 0.805292 0.564248 0.678677 2371.66 0.154033 1.82553 1805.2
777.305 -0.810775 -0.692365 288.187 -0.813512 2.89169 942.378 0.530516 0.387286 0.52097 0.734786 1886.12 2.40576 0.485932 1091.18
782.607 -0.747837 -1.60726 613.16 0.29402 0.25538 1363.18 0.793939 0.772745 0.666912 0.830679 1697.21 2.23348 1.9781 1638.88
522.868 -0.00483381 -0.46015 281.633 0.325561 1.81043 737.554 0.593786 0.652749 0.699994 0.456033 722.995 -2.82958 1.64317 1235.56
852.364 -0.322101 -1.76877 727.284 0.304544 2.28391 1526.02 0.323157 0.778476 0.822579 0.77532 1026.92 -1.909 0.140226 1866.81
824.516 0.0749297 0.255562 285.067 -1.30274 2.44599 1196.92 0.0788832 0.673171 0.338749 0.553339 1518.62 -2.58882 1.24838 1094.67
382.612 0.0774251 -2.33241 361.858 -0.396927 1.90503 690.237 0.312391 0.777221 0.802954 0.759245 659.95 -1.66189 0.67052 912.19
518.77 -1.06732 -2.36994 310.802 -0.461991 -0.0380567 818.552 0.173478 0.749526 0.794125 0.761715 901.58 1.37375 1.4118 871.083
583.469 -1.57406 -1.79285 306.542 0.636956 1.35818 1431.86 0.692224 0.629604 0.589246 0.720145 598.168 -2.0652 0.27235 1006.6
1334.63 0.368015 -0.983046 361.778 -0.65625 2.43415 1578.26 0.166273 0.761994 0.681793 0.75248 393.073 -0.706364 0.276682 1896.68
2696.03 -0.107829 -2.35789 707.23 -0.931664 -0.111127 2759.58 0.600316 0.43929 0.722252 0.698973 3031.18 1.03587 1.147 3484.45
913.961 -1.18865 -1.22976 315.931 0.111055 1.7054 1354.04 0.294777 0.714239 0.761372 0.777543 1142.99 1.98453 0.27913 1338.05
627.675 -0.0720949 1.06073 264.747 -0.775913 -1.11231 787.046 0.561852 0.564788 0.699981 0.530569 721.613 -2.79068 1.67838 1221.17
1121.54 0.47808 -1.6683 507.485 0.00392807 0.496592 1396.15 0.738274 0.72166 0.761803 0.674913 1487.48 2.08936 1.59277 1683.2
773.072 1.00759 -1.91451 593.41 -0.329994 -0.89714 1188.04 0.314373 0.713745 0.517793 0.742473 2159.96 2.80078 1.5679 1734.42
385.684 0.119118 -0.863499 383.379 -0.406511 2.03005 814.007 0.566555 0.595563 0.55478 0.837695 216.728 1.90362 0.126434 883.449
929.407 0.127515 -1.51623 339.702 0.716921 0.786261 1100.02 0.746225 0.331907 0.776711 0.59964 1316.69 2.62559 1.83933 1540.68
578.089 -1.26916 -0.236883 272.555 0.740285 2.83584 1247.52 0.341819 0.446991 0.832693 0.701631 288.882 -0.742314 0.505431 831.377
600.31 0.149298 -0.580235 594.093 -0.763372 2.44705 1335.99 0.796711 0.312488 0.780214 0.637926 246.039 -2.05319 1.47296 1249.32
329.185 -1.19197 0.790122 293.98 -0.214428 -2.52328 718.175 0.49813 0.760972 0.596601 0.749299 320.4 -0.0675903 0.857712 615.049
589.722 0.529157 -1.51579 256.278 1.5189 2.95251 773.509 0.287479 0.647301 0.734432 0.775766 1090.77 1.95117 1.00135 1026.17
1564.78 -0.0136941 0.0423094 354.877 0.425116 1.66361 1154.33 0.473306 0.310082 0.679071 0.78231 2564.07 -2.90618 1.7134 1977.23
375.936 0.350707 -2.05957 257.28 0.142638 0.942127 637.491 0.520735 0.375888 0.838692 0.7817 252.108 1.20175 0.259619 716.651
761.188 -0.0115937 1.76019 524.346 0.343349 -0.384667 1156.98 0.344689 0.669667 0.468924 0.571637 1481.55 -2.23619 1.85152 1347.25
490.644 1.12909 -2.47203 308.468 -1.17084 -0.426262 1310.1 0.372409 0.563635 0.694615 0.648202 1114.99 1.13418 1.56044 1104.48
597.14 0.353849 -2.47007 519.602 0.331284 1.8158 1009.55 0.494248 0.13312 0.772586 0.787716 1394.35 -0.765235 1.70483 1278.5
1093.18 0.753061 0.97973 267.915 0.842732 -2.45314 1092.37 0.240305 0.549314 0.774264 0.514813 714.948 -1.52115 0.931989 1388.07
477.309 0.611914 -0.278342 387.956 0.575908 -2.08177 690.192 0.690076 0.681004 0.778595 0.691859 416.119 0.0788001 0.357143 1265.09
619.094 0.289199 1.79982 284.834 0.537711 -0.401352 765.02 0.328693 0.662782 0.730546 0.739325 1031.22 -2.34589 1.94454 929.161
779.266 -0.523437 2.08393 275.224 0.372548 0.145803 891.467 0.550603 0.286296 0.752408 0.777151 1360.38 -1.93255 2.07835 1085.95
1672.56 0.0499187 -0.652134 684.258 1.38736 2.18521 2624.48 0.789176 0.715583 0.742209 0.734923 1414 2.49521 0.31 2474.5
800.081 -0.424733 -0.11153 506.703 -0.443028 2.5759 1267.36 0.298941 0.616602 0.547586 0.564043 1377.71 -2.83999 0.867296 1393.48
1428.37 -0.158015 -1.01589 545.197 -0.746003 2.33525 1837.56 0.88725 0.643082 0.768285 0.721749 353.35 0.616787 1.63267 2457.42
640.158 -0.3903 0.301952 442.994 1.37958 3.0774 1524.49 0.515706 0.518943 0.688191 0.374601 802.739 -1.14413 1.44609 1062.99
956.278 0.0299999 0.646982 923.021 0.304683 -1.01507 1421.34 0.471199 0.504957 0.617693 0.792978 2656.67 2.59862 1.95164 2217.9
718.929 0.535748 2.10333 513.054 -0.278234 -0.7866 1367.92 0.10228 0.0773645 0.658261 0.371409 44.5463 0.428749 1.21535 1545.92
1086 0.187467 1.3226 675.079 -0.445059 -2.71676 1652.52 0.599599 0.515999 0.362949 0.578422 1366.17 0.44521 0.877388 1845.6
661.969 -0.538657 0.547197 659.365 0.419005 -2.45012 1486.14 0.450961 0.585253 0.685023 0.648332 143.71 2.43931 1.39376 1290.25
810.221 0.185715 0.321279 379.183 -0.44141 -2.2256 1120.87 0.449424 0.46208 0.40311 0.740274 859.298 2.28049 1.77709 1278.34
403.417 -0.750849 0.507102 360.234 0.159465 2.718 809.475 0.457726 0.576375 0.841073 0.781938 1696.69 -0.852449 1.35955 813.992
736.52 0.56518 0.0829416 302.61 0.645667 -1.8917 809.682 0.720771 0.232381 0.800287 0.848646 836.631 2.58288 1.8086 1115.2
811.928 -0.132796 1.32745 437.999 -0.149003 -3.09659 976.716 0.686013 0.399409 0.776812 0.849422 1500.85 -1.39146 1.70512 1332.37
386.373 -0.366693 2.18575 266.356 -0.297316 -1.72033 622.801 0.326983 0.659882 0.660561 0.390326 1553.1 1.78472 0.401029 748.65
1002.25 -0.141508 -1.6072 459.211 1.12719 1.36988 1670.08 0.321887 0.361973 0.703537 0.645867 415.611 1.80859 0.438708 1457.82
600.405 0.634291 -0.880922 264.719 0.653558 2.00328 803.077 0.730611 0.729823 0.784501 0.811376 1180.44 1.76552 0.237753 1034.23
1682.76 -0.428759 -0.336364 467.538 0.392288 2.46202 1939.72 0.536208 0.550756 0.499964 0.554375 818.688 -2.99142 0.829746 2586.52
1115.54 0.255024 2.88091 388.897 -0.493062 -1.2404 1294.34 0.546845 0.642116 0.478856 0.716729 1368.81 0.977507 1.90341 1547.37
369.017 -0.588824 1.637 264.848 0.200412 -0.912616 681.037 0.645173 0.553529 0.813423 0.675469 1274.35 -2.3931 1.48048 736.575
455.292 -0.249336 -2.16093 376.414 -0.586374 2.41532 661.245 0.543726 0.851777 0.734069 0.801659 917.224 -0.606943 1.55399 1184.78
620.728 0.400262 -3.04799 581.734 0.797099 -1.18532 1039.36 0.27486 0.820037 0.781845 0.803528 442.608 0.989072 2.1744 1869.77
548.341 1.30363 2.11441 487.214 0.359303 -0.909652 1179.13 0.435278 0.404687 0.850713 0.554362 545.191 2.43507 0.32066 1189.66
674.299 0.876452 -1.46584 270.05 0.422515 0.683469 789.73 0.717072 0.752953 0.738341 0.759299 986.773 2.06605 1.38258 1050.89
846.02 0.0528351 -1.95049 640.983 0.120315 0.4549 1385.09 0.70583 0.756809 0.646148 0.80982 1004.4 -0.124298 0.579198 2078.16
1138.08 -0.0112204 2.94756 556.088 -0.607543 0.372236 1725.35 0.0537212 0.738219 0.648171 0.811218 1264.25 -0.44367 0.815906 1789.44
1357.37 -0.0369821 1.74723 507.252 0.102994 -1.10825 1676.91 0.735725 0.1649 0.779446 0.78765 963.142 -1.91523 0.806974 2082.89
809.261 -0.898576 2.56585 471.695 -0.081114 -0.978314 1377.65 0.181387 0.571568 0.504932 0.518689 581.01 0.588169 1.56648 1279.26
629.615 -0.636205 -0.140022 329.917 -0.816617 -2.70109 935.765 0.172559 0.424795 0.765268 0.793188 1012.87 2.72122 0.860869 1135.64
1305.89 -0.881508 -1.52053 491.472 0.543894 1.24685 2023.12 0.719393 0.480445 0.844661 0.836717 793.966 2.01003 0.763187 1842.54
422.424 0.465092 1.33908 322.075 -0.891785 -1.24766 921.699 0.266898 0.589491 0.759272 0.725679 364.081 2.50083 1.16175 704.837
504.025 -0.0278955 2.27638 434.649 0.244538 -1.9365 859.829 0.184714 0.69183 0.828004 0.813092 648.571 0.408117 1.86826 1641.46
472.481 -1.3357 1.57529 347.49 -0.782549 -1.35831 845.165 0.63443 0.585867 0.765636 0.801171 435.01 -2.16099 0.802676 900.289
292.237 0.534633 -0.176502 254.319 -0.489195 -2.79355 609.6 0.679788 0.519614 0.778939 0.678041 875.013 1.26537 1.44187 629.708
681.361 0.65714 1.45987 294.761 -0.965645 -3.12519 1066.46 0.716453 0.677195 0.756963 0.730247 1651.88 -1.30387 1.82132 1096.36
565.411 -0.268391 2.87957 280.06 0.603647 -1.2033 833.973 0.639491 0.689528 0.38543 0.562563 1116.82 -0.575451 0.627852 1093.94
295.749 -0.830441 0.940342 284.997 1.34568 0.0882004 810.517 0.639839 0.73637 0.673453 0.844664 1164.79 -2.48586 2.57406 619.776
885.069 -0.532459 -0.787648 656.596 -0.350171 2.40837 1536.85 0.451878 0.830565 0.622257 0.701426 475.078 2.2627 0.145661 1552.4
475.284 0.0842801 2.26268 398.141 -1.09599 -0.784484 1082.63 0.101453 0.722403 0.648604 0.686855 820.49 2.06192 0.200761 1159.92
812.559 0.177407 2.12148 515.527 0.356052 -0.497918 1269.34 0.187297 0.415897 0.645476 0.683325 501.266 2.90882 0.787343 1649.03
693.024 -1.49171 -2.59495 519.624 0.315546 0.39048 1771.05 0.390122 0.383954 0.164838 0.626776 206.998 -3.005 0.410045 1375.02
1665.81 -0.997817 3.02564 421.362 0.635653 -0.339449 2302.45 0.215865 0.794922 0.63518 0.703362 521.261 1.00275 1.3422 2084.8
799.208 -0.345802 0.707673 438.177 -0.936964 -2.05612 1237.87 0.734542 0.302366 0.809474 0.606499 644.669 -2.94214 0.886023 1219.55
812.054 0.259113 -0.0448975 397.369 0.0862581 -2.85963 1141.78 0.680383 0.52328 0.549259 0.766602 385.51 1.95344 1.47012 1187.94
672.497 0.500062 -0.198009 298.187 0.181949 0.790198 458.624 0.749476 0.592817 0.662594 0.762105 1765.96 -2.69459 2.49659 1113.72
818.897 0.637347 -3.01121 448.258 -0.014981 0.459153 1284.18 0.345044 0.694614 0.616988 0.642463 1077.9 -0.156165 0.615319 1262.31
470.31 -0.647057 -1.16957 465.314 -0.0768059 2.50527 967.02 0.68701 0.368787 0.817023 0.724213 1052.35 0.180149 1.34972 980.101
817.601 0.785644 1.03447 429.709 0.644505 -1.79877 1216.7 0.458076 0.651936 0.317344 0.72994 634.31 -2.72759 0.928825 1225.31
513.613 1.16089 1.86275 393.119 0.229325 -0.821576 995.99 0.724482 0.670515 0.800595 0.787293 136.485 2.17454 0.311789 962.37
319.43 1.52911 -3.05453 294.622 -0.00467863 1.33555 778.624 0.368175 0.284881 0.749461 0.491088 636.396 -2.23689 0.817643 726.157
424.214 -0.311922 0.861394 380.168 0.148047 -2.48934 832.362 0.529293 0.679285 0.475493 0.660727 192.166 0.613992 0.247402 892.169
577.193 -0.458685 -0.925831 488.205 -0.527858 2.20717 1069.37 0.660977 0.609092 0.595421 0.540855 358.416 2.84152 0.63435 1070.24
690.874 0.719512 -1.23973 689.254 0.592673 0.654129 1149.33 0.731009 0.384171 0.686154 0.617607 1320.76 2.75906 2.10493 1595.16
865.823 0.374297 -0.216119 526.088 0.0349105 3.11575 1415.19 0.712121 0.383359 0.536788 0.718348 928.384 3.06873 0.0470185 1380.58
643.422 0.604819 2.45679 536.24 0.0118227 0.321907 1122.11 0.148874 0.754289 0.545184 0.77783 42.7959 -1.97631 1.85009 1440.28
606.512 -0.0991857 0.306279 279.323 -1.10172 -2.5044 925.425 0.574147 0.607926 0.710042 0.716865 804.645 -3.0647 0.560302 900.825
598.142 0.28283 -1.24593 414.724 -0.0474088 2.35823 998.352 0.399067 0.613423 0.681666 0.477649 484.582 1.17091 1.18732 1064.55
682.108 0.202704 -0.988338 429.691 -0.716062 1.63769 1180.38 0.786696 0.520438 0.674098 0.762053 1592.48 1.98216 0.34447 1264.43
653.908 -0.840289 1.52262 606.28 0.45694 -2.81603 1408.58 0.598074 0.229679 0.692695 0.556728 1429.48 -0.178354 1.70098 1241.34
718.141 -0.199793 2.39559 404.331 1.01552 -0.776216 1290.77 0.677832 0.77056 0.755348 0.714482 1228.37 -0.742926 0.0332898 1329.31
683.094 -0.352435 -0.13817 375.602 -1.3831 -2.35716 1098.92 0.515369 0.273595 0.537098 0.823146 1270.73 2.66686 1.25917 1123.07
1351.1 1.41564 0.269284 487.438 -0.807639 -1.22634 2475.97 0.724738 0.673522 0.802064 0.747497 1020.56 -2.86823 1.64189 2262.6
555.727 -0.290036 -0.918594 509.381 -0.967462 1.75629 1112.93 0.494969 0.721747 0.806564 0.769671 369.999 -2.88478 1.64211 1038.58
368.841 -0.353811 -1.98606 351.731 1.16721 1.81457 920.054 0.728658 0.715169 0.728645 0.690282 975.358 -0.0292463 1.84381 683.231
943.467 -0.383799 0.186704 294.843 0.663995 -3.04975 1238.49 0.671227 0.458137 0.821527 0.842136 1267.88 -2.89104 0.158713 1216
362.035 -0.56568 -1.0123 258.079 -0.213453 2.34429 651.281 0.698884 0.394541 0.740613 0.707053 862.941 2.79324 0.448945 702.861
442.695 0.826926 0.455035 307.503 -0.428919 -2.96861 913.597 0.389296 0.608963 0.839795 0.799746 564.881 -2.21818 0.750426 786.607
810.214 -0.982502 0.394603 523.362 -0.0399463 1.544 962.652 0.665094 0.639493 0.856581 0.610923 1199.58 -2.17534 2.56385 1642.58
543.901 0.156444 -1.35673 411.889 -0.788867 2.45845 1030.59 0.411482 0.380188 0.650689 0.638164 1286.96 -0.756755 0.599976 997.468
702.183 0.728227 0.808443 447.353 -0.468121 -2.80569 1320.56 0.311503 0.639635 0.503854 0.848843 568.719 -0.363686 1.17213 1117.03
1374.4 -0.223014 -1.57175 511.193 -0.411044 1.15348 1688.54 0.147759 0.112578 0.866466 0.749874 709.414 3.03312 1.67832 1866.75
736.878 -0.608998 -2.42009 420.972 -0.107814 1.69427 1130.08 0.126831 0.277821 0.529399 0.591178 1505.77 0.424322 1.26995 1343.6
545.281 -0.450191 2.13046 287.204 -0.719243 0.271061 660.535 0.773431 0.557706 0.800882 0.70826 1144.61 -2.20359 1.94913 918.401
739.376 -0.128398 1.22581 292.775 0.394676 2.93582 781.824 0.455048 0.622122 0.739745 0.814455 1504.03 -0.617767 1.84358 1195.11
453.635 0.56662 3.13621 427.913 0.920482 -1.76517 614.637 0.724977 0.315659 0.697691 0.783363 1465.29 0.56514 2.33031 969.204
411.777 -0.679926 2.78765 256.584 -0.492877 -1.5267 576.02 0.299019 0.453606 0.710095 0.854085 982.305 0.102987 1.62968 898.51
832.824 -0.822518 2.29885 250.721 -0.906236 -0.034287 886.018 0.0359082 0.608299 0.461749 0.621245 1205.06 -1.52563 1.49134 1147.77
310.049 0.428022 0.409824 256.464 0.694155 -2.1289 565.431 0.628928 0.689265 0.652375 0.762472 465.529 2.29763 1.85666 612.697
960.729 1.22819 0.107138 502.812 -0.60709 2.92793 2016.63 0.342028 0.663687 0.818873 0.746595 715.922 -2.2829 1.07236 1437.69
429.569 0.63996 -0.17974 337.881 -0.939074 2.67084 1038.06 0.238387 0.589411 0.734054 0.742473 512.369 2.21509 0.455751 1066.27
351.239 0.858114 2.43615 338.292 0.107248 -0.464602 744.734 0.581155 0.371256 0.687956 0.684141 317.961 -1.40253 0.937924 1250.72
