pT_j1 eta_j1 phi_j1 pT_j2 eta_j2 phi_j2 m_jj tau21_j1 tau21_j2 tau32_j1 tau32_j2 met phi_met min_dPhi ht weight cross_section
527.623 0.46098 -1.00808 488.999 -0.342212 2.79433 1071.27 0.37699 0.580592 0.891636 0.489758 328.093 0.622696 1.63078 556.457 92.9047 8.69687
832.575 0.477259 -2.92186 506.186 1.72017 1.47612 1409.82 0.44724 0.246767 0.629855 0.805382 644.833 -0.35881 1.83493 496.081 92.9047 9.01404
607.265 0.5041 2.6203 423.413 -1.47799 -1.63083 1464.74 0.669363 0.60686 0.647618 0.734057 476.594 0.0967117 1.72754 524.439 92.9047 9.0305
500.715 1.39199 1.18687 347.452 -2.95805 -1.27983 3719.41 0.480354 0.502874 0.738051 0.428759 175.587 -1.99928 0.719453 401.784 92.9047 8.97646
545.976 1.52019 -2.84038 530.322 -0.379332 -0.623765 1534.73 0.183956 0.575645 0.535365 0.734483 127.4 1.4803 1.9625 622.424 92.9047 9.13321
516.111 -0.731959 2.23403 379.586 -1.46248 -1.06976 946.343 0.574423 0.722882 0.197486 0.704389 228.687 0.524321 1.59408 509.266 92.9047 9.04215
1195.31 0.530949 2.32704 475.826 -0.728521 -0.0890658 1791.13 0.25749 0.325455 0.524882 0.424019 782.184 -1.03381 0.944746 531.735 92.9047 9.07231
653.584 -1.03168 2.79738 267.551 -1.04778 -0.888906 824.561 0.327691 0.705921 0.679228 0.558952 361.81 -0.53395 0.354955 496.238 92.9047 9.18431
745.834 -0.453925 1.68305 290.191 0.173472 -0.955123 971.242 0.497806 0.404954 0.486402 0.696305 639.785 -1.90874 0.953619 470.721 92.9047 9.13341
571.201 0.493796 -1.99666 387.04 0.110871 1.31682 1021.47 0.25858 0.405052 0.742485 0.728323 203.836 0.932095 0.384723 400.448 92.9047 9.07203
781.576 0.480346 -3.01965 291.374 -0.429716 0.690268 1070.82 0.0763223 0.575777 0.748215 0.391089 397.386 -0.151576 0.841845 456.475 92.9047 9.13203
819.107 -0.465813 -1.7751 289.887 -1.00584 0.578688 963.911 0.53657 0.625899 0.566538 0.808526 521.687 1.22289 0.644207 374.095 92.9047 9.22417
622.742 0.23272 -2.01784 303.961 -0.492739 1.27727 926.978 0.71272 0.674284 0.701148 0.784831 425.135 1.45327 0.176001 365.521 92.9047 9.16087
472.781 -0.166298 2.3265 311.219 2.50475 -2.29333 1472.38 0.341914 0.705027 0.442785 0.716518 275.27 0.0621035 2.2644 309.698 92.9047 9.26292
681.526 0.812911 -0.164352 457.558 0.63903 1.37361 824.41 0.494284 0.393342 0.637714 0.638111 431.446 -2.46968 2.30533 746.817 92.9047 9.22579
403.458 0.743902 -1.95644 362.822 0.634957 0.806275 774.262 0.316923 0.152187 0.645829 0.459505 151.643 2.22644 1.42016 383.834 92.9047 9.27797
499.176 -0.73279 -0.655302 384.654 0.167948 -1.72417 613.248 0.334129 0.452327 0.515553 0.695037 245.601 2.03624 2.52277 947.801 92.9047 9.32883
852.99 1.0624 -0.427388 712.053 0.775698 2.15655 1536.22 0.407578 0.544716 0.768541 0.643585 439.598 -2.57703 1.54961 904.365 92.9047 9.31765
572.016 -0.656031 -0.1897 297.411 -2.14011 -2.81814 1050.09 0.345599 0.620808 0.61447 0.663582 357.246 2.46428 1.00077 350.447 92.9047 9.34112
604.155 -0.466321 0.922018 504.702 0.0367177 -2.38658 1144.15 0.558116 0.441893 0.718507 0.263102 140.518 -1.12406 1.26252 545.164 92.9047 9.55161
647.685 0.565484 2.55014 438.323 -0.710562 0.646605 1136 0.514485 0.702813 0.355042 0.849841 354.714 -1.59298 2.14007 361.113 92.9047 9.53133
657.149 0.995651 -0.926525 622.166 1.37326 2.92559 1247.46 0.523103 0.660035 0.436646 0.658057 399.961 1.65102 1.27457 627.646 92.9047 9.51046
522.351 -0.351556 2.0053 503.922 1.08656 0.678516 1027.72 0.537311 0.744261 0.776174 0.723567 377.254 -1.89236 2.38553 607.33 92.9047 9.59876
414.724 0.412853 0.720563 252.577 0.136106 3.08546 611.932 0.774101 0.599992 0.564577 0.726758 242.229 -1.27309 1.92463 522.845 92.9047 9.79964
815.185 0.55717 -0.648845 793.904 -0.186348 2.01998 1709.53 0.538187 0.35405 0.752491 0.744101 352.071 -2.61076 1.65245 892.003 92.9047 9.76153
513.339 -0.042593 2.10815 472.768 -0.0512309 -0.225505 908.732 0.295092 0.374139 0.410031 0.594791 413.028 -2.41306 1.76197 692.076 92.9047 9.74535
704.814 -0.640386 -2.97429 294.465 -0.591302 1.01233 952.493 0.117634 0.455331 0.574351 0.613477 420.88 0.0710065 0.94132 512.159 92.9047 9.7369
496.717 1.78947 2.05713 468.882 -1.74584 -0.42556 2899.61 0.425851 0.454194 0.792306 0.615246 304.395 -2.00249 1.57693 557.047 92.9047 9.73609
573.656 -0.444304 -2.87089 564.989 -0.911507 0.965137 1107.38 0.656793 0.400453 0.549115 0.465038 277.286 -0.155599 1.12074 839.288 92.9047 9.78282
364.341 0.955899 -1.63078 332.054 0.887072 1.61435 729.539 0.421453 0.613738 0.746667 0.475517 122.628 1.96998 0.355633 483.232 92.9047 9.7916
618.818 -0.293371 1.60937 279.541 -2.48 -1.61548 1386.55 0.796013 0.421342 0.674392 0.720846 262.703 -1.27693 0.338548 623.484 92.9047 9.62893
1080.16 -0.102222 2.98285 547.965 1.70267 0.259489 2191.28 0.454359 0.359784 0.305324 0.50521 573.381 -0.50697 0.766459 582.092 92.9047 9.74247
922.758 -0.59331 -1.48492 275.525 0.545203 -0.0890686 898.124 0.692545 0.404256 0.787118 0.383558 1006.02 1.73149 1.82056 514.575 92.9047 9.75733
446.168 0.20613 1.60953 420.929 -1.04162 1.48781 604.018 0.283075 0.170956 0.736894 0.740987 724.342 -1.58068 3.0685 582.756 92.9047 9.80932
1361.14 -0.874638 -2.82752 496.454 -1.74101 0.389413 1824.65 0.118135 0.311853 0.522347 0.690461 707.99 0.280571 0.108842 523.82 92.9047 9.7554
300.946 -1.5521 -0.432273 253.336 0.654365 1.45663 870.475 0.774361 0.676338 0.771156 0.515764 194.516 -2.42235 1.99007 709.69 92.9047 9.70728
764.624 0.843571 0.165512 635.927 -1.14593 -2.28769 2091.61 0.405262 0.278292 0.608909 0.517093 414.603 1.88116 1.71565 1629.23 92.9047 9.72733
416.242 -0.944844 2.12493 315.863 0.173053 2.10888 431.859 0.504778 0.707947 0.572529 0.53012 650.153 -0.907664 3.01654 544.535 92.9047 9.73725
701.484 1.11889 0.212363 285.264 1.1203 -2.47284 884.5 0.351027 0.145405 0.507352 0.502307 426.497 3.10888 0.701472 434.007 92.9047 9.72678
611.215 -1.22572 -2.20152 566.028 1.35684 1.72883 2261.04 0.47808 0.434969 0.648505 0.566975 166.015 0.858575 0.87026 362.912 92.9047 9.73699
791.734 0.675504 0.0888756 339.078 -0.467145 -2.08168 1120.66 0.336552 0.470055 0.7941 0.663441 559.171 2.86706 1.33444 482.225 92.9047 9.67577
705.849 -0.593484 0.0267616 385.987 0.126603 1.86609 974.966 0.212606 0.585014 0.680243 0.736122 513.589 -2.97741 1.43969 344.195 92.9047 9.64611
463.801 -1.86585 -1.65991 459.458 -0.209988 0.22102 1145.89 0.614019 0.726479 0.820459 0.591339 69.8982 2.59145 2.03183 512.846 92.9047 9.63055
1021.98 -1.07271 0.429569 865.456 0.76015 -2.58357 2737.38 0.250275 0.321053 0.233031 0.578987 102.428 -2.97833 0.394758 998.124 92.9047 9.62534
746.021 -1.02337 -2.88616 604.933 -0.713222 0.792372 1445.12 0.14669 0.359435 0.804271 0.69156 356.089 -0.680892 1.47326 439.052 92.9047 9.64316
515.95 1.45449 1.31287 334.899 0.402092 -0.690592 841.429 0.274227 0.337222 0.495071 0.184143 326.7 -2.68195 1.99136 372.347 92.9047 9.65448
555.083 1.54709 -2.74429 410.136 0.607345 1.23179 1002.36 0.421669 0.527727 0.684497 0.535396 263.421 -0.0119527 1.24374 812.215 92.9047 9.66596
1034.47 0.221458 2.54866 251.712 -1.37071 -1.64279 1268.89 0.24284 0.52334 0.355477 0.56158 658.856 -0.225625 1.41716 464.695 92.9047 9.66695
652.282 -0.402735 0.567117 459.223 -1.83587 -1.60881 1295.69 0.52222 0.340722 0.50218 0.785744 395.923 -3.11169 1.50288 633.936 92.9047 9.64919
386.945 0.364584 0.901145 300.253 -0.630238 -1.81833 768.303 0.355774 0.379698 0.74604 0.522827 154.474 -3.09881 1.28048 347.607 92.9047 9.6579
631.93 -0.946627 -1.63524 513.619 -0.715789 2.53023 1005.4 0.0928189 0.51817 0.482082 0.415305 499.682 0.662642 1.86759 609.654 92.9047 9.66821
563.528 -0.2921 -3.0268 356.216 2.07324 1.14949 1554.74 0.560589 0.674608 0.83017 0.653682 215.846 -1.17189 1.85491 950.575 92.9047 9.7006
727.987 -0.0822088 -3.13267 415.041 -0.751503 1.00667 1041.72 0.709988 0.796744 0.578709 0.62175 118.142 0.193979 0.812694 976.591 92.9047 9.70888
678.821 1.24698 1.48262 382.033 0.367215 -2.7866 996.172 0.704106 0.404495 0.70254 0.652205 582.687 -1.02319 1.76341 430.319 92.9047 9.70539
1198.94 -1.03415 -0.822022 444.279 -0.60176 2.49696 1506.99 0.4219 0.564807 0.556093 0.672515 714.444 2.10996 0.386996 539.353 92.9047 9.70428
647.793 -1.63695 -1.90573 418.483 0.167717 1.65801 1490.36 0.432376 0.305503 0.669064 0.653183 243.784 0.45541 1.2026 508.976 92.9047 9.71255
721.381 -0.233079 1.15936 352.82 -1.03152 2.14012 647.923 0.500098 0.482338 0.53739 0.737543 941.948 -1.68841 2.45466 426.474 92.9047 9.7211
663.466 0.163622 2.34529 273.142 -0.708938 1.23044 727.214 0.206638 0.654084 0.648954 0.66449 508.548 -1.02589 2.25634 641.226 92.9047 9.72413
879.424 -0.887588 1.10273 308.513 -0.0340379 -0.171612 775.115 0.41775 0.372374 0.463799 0.587963 675.416 -2.12538 1.95377 465.082 92.9047 9.74213
528.083 0.841436 1.81466 314.615 0.447892 -3.03452 566.6 0.423514 0.441349 0.677512 0.32949 385.903 -0.687861 2.34666 845.296 92.9047 9.74094
313.638 -0.817153 0.817694 298.597 0.882273 2.50392 759.723 0.560398 0.520226 0.625407 0.690047 395.344 -1.60017 2.17909 405.329 92.9047 9.72809
1064.28 0.507631 -1.7208 951.472 -1.03451 2.04739 2632.69 0.361958 0.124039 0.73923 0.778884 587.338 0.398547 1.64884 1185.2 92.9047 9.73149
489.82 -0.875659 1.00504 290.768 1.83943 -0.890273 1513.79 0.517193 0.681495 0.707713 0.846639 438.088 -2.75528 1.86501 354.353 92.9047 9.73932
536.345 -1.05779 1.809 484.38 -0.45499 -2.21217 986.953 0.739871 0.193377 0.680989 0.180357 138.288 -0.684069 1.5281 1097.09 92.9047 9.74235
552.916 0.98035 2.37087 258.647 -0.0965801 -0.839883 881.211 0.728176 0.574283 0.753975 0.633599 274.707 -0.658151 0.181731 322.243 92.9047 9.7865
631.921 0.751256 -1.65393 610.523 -0.148766 -0.522053 940.162 0.747471 0.516703 0.466561 0.298201 575.339 1.57647 2.09853 420.915 92.9047 9.79105
849.076 0.102685 1.44629 420.531 0.310048 -0.388017 1001.05 0.372886 0.555274 0.0735649 0.800175 840.899 -2.2012 1.81319 928.682 92.9047 9.76645
868.246 0.450915 1.20696 431.677 0.616485 -1.47985 1200.44 0.501805 0.497789 0.397161 0.713301 396.486 -2.16022 0.680362 614.544 -92.9047 9.7655
701.131 -0.173203 1.72647 457.46 0.796477 -2.93603 1034.72 0.202732 0.490089 0.811543 0.554657 661.201 -0.81089 2.12514 934.562 92.9047 9.76911
663.221 -0.69966 -1.96853 509.343 0.995288 1.15965 1619.71 0.524796 0.40862 0.600961 0.554057 354.71 0.414073 0.745579 440.506 92.9047 9.77092
439.003 0.0847398 2.46614 415.45 -0.187078 -1.64728 802.653 0.334283 0.537513 0.621785 0.531906 115.414 -0.295498 1.35178 815.659 92.9047 9.76259
417.813 -0.0963439 2.76301 389.838 0.769329 -0.322393 908.054 0.332123 0.386723 0.500256 0.612971 28.3601 -1.59553 1.27314 538.687 92.9047 9.77219
428.241 -0.423677 -1.55766 420.426 -0.154266 1.83581 854.9 0.634971 0.0822343 0.563164 0.0731232 134.965 -2.10897 0.551303 496.061 92.9047 9.77929
814.052 -0.99157 1.97208 596.265 -0.744126 -2.35418 1187.42 0.643945 0.697321 0.840788 0.748503 595.718 -0.5402 1.81398 829.782 92.9047 9.77114
417.309 -0.137311 -0.0918029 279.59 -1.36288 2.13196 761.152 0.34796 0.833146 0.73708 0.714643 308.321 -2.52008 1.63115 310.237 92.9047 9.74221
654.813 0.336854 3.13645 362.419 -1.55453 -0.176622 1445.16 0.55425 0.641161 0.468306 0.653845 245.266 0.253842 0.430464 445.393 92.9047 9.75272
327.098 -0.0489508 -1.98409 256.561 -0.00880173 0.51859 553.474 0.40023 0.329502 0.665533 0.416693 145.839 1.60615 1.08756 451.432 92.9047 9.75661
556.224 0.613364 1.24754 542.343 1.1356 -1.75223 1140.93 0.487546 0.245056 0.711327 0.478761 125.339 -3.11937 1.36715 1141.37 92.9047 9.74733
641.738 0.738777 1.27278 309.713 0.447299 2.82516 669.454 0.731175 0.642396 0.679874 0.516058 657.39 -1.48021 1.97781 528.231 92.9047 9.75882
416.991 0.71398 0.772418 252.761 -0.716938 -1.82671 805.791 0.476016 0.756417 0.4964 0.787579 197.604 2.89415 1.56232 358.127 92.9047 9.76062
682.493 1.7466 -0.28846 471.15 0.558665 2.31805 1318.19 0.671853 0.645079 0.747107 0.73397 474.915 -2.61933 1.3458 1243.3 92.9047 9.75032
672.814 -0.738325 0.807808 342.383 -0.130206 -1.97388 1019.27 0.405902 0.619544 0.724083 0.673952 243.357 -2.34902 0.375137 526.923 92.9047 9.75832
629.557 -0.33842 0.476667 622.643 0.7128 2.68585 1325.03 0.347875 0.173653 0.739671 0.320751 481.972 -1.61235 1.98498 715.847 92.9047 9.7812
671.545 0.807063 -0.973395 668.493 0.790241 1.47881 1269.19 0.484584 0.288267 0.518379 0.459081 418.835 -2.99203 1.81235 734.411 92.9047 9.77323
633.267 -0.524161 -2.20578 541.191 -1.60597 -0.152598 1204.47 0.444358 0.0992758 0.416224 0.487855 412.49 1.16135 1.31395 374.886 92.9047 9.76638
951.826 0.0415166 2.99845 669.368 -0.41109 1.01798 1409.55 0.192909 0.522478 0.751161 0.555094 530.244 -0.733938 1.75192 302.018 92.9047 9.76671
1142.25 -0.87122 -0.76994 813.039 -0.527258 2.02994 1969.62 0.562174 0.516351 0.553091 0.509995 278.907 2.53633 0.50639 367.296 92.9047 9.76966
357.037 0.802449 2.11688 284.446 -2.64552 -2.22909 1833.45 0.309033 0.764088 0.788584 0.724594 371.567 -0.281797 1.94729 375.747 92.9047 9.76903
494.998 0.839673 1.29364 325.592 -1.17585 -1.36485 1242.57 0.247244 0.479908 0.179439 0.684257 234.592 -2.52702 1.16217 343.097 92.9047 9.76495
542.693 -0.429485 1.7449 268.472 0.432637 1.04349 500.249 0.516929 0.817034 0.66475 0.738266 645.59 -1.43192 2.47541 427.333 92.9047 9.75422
390.877 -1.31976 0.659753 388.793 -2.67357 1.95715 747.814 0.562315 0.350515 0.787811 0.764014 517.982 -1.94094 2.38509 515.654 92.9047 9.75867
639.946 1.65603 -0.314623 490.136 0.216403 -2.34289 1311.29 0.772233 0.485372 0.729777 0.659866 501.542 2.18469 1.7556 620.549 92.9047 9.74794
368.147 -1.68177 -1.83727 316.839 1.2444 1.0592 1559.15 0.670629 0.435115 0.772161 0.903259 102.06 2.7034 1.6442 400.221 92.9047 9.75161
611.817 0.524375 1.25239 376.864 1.05297 -0.734643 879.842 0.200758 0.51512 0.584194 0.581408 400.546 -1.99992 1.26528 383.199 92.9047 9.73878
462.706 -0.556261 1.62546 310.857 1.15272 -2.58711 1020.77 0.256957 0.746507 0.77312 0.815669 379.584 -0.742013 1.8451 542.063 92.9047 9.74287
821.27 -0.272186 -2.66153 317.238 0.345241 -0.175224 1033.78 0.451972 0.538289 0.410679 0.638968 526.55 1.20344 1.37867 292.818 92.9047 9.75115
350.468 0.430438 -2.69845 339.001 2.40902 0.235736 1071.32 0.575089 0.16129 0.640408 0.801342 70.696 1.73489 1.49916 363.095 -92.9047 9.7519
561.876 -0.949606 -1.42722 273.273 0.608913 -0.864295 718.611 0.239335 0.627977 0.684026 0.793094 742.854 1.96882 2.83311 374.927 92.9047 9.74942
615.193 -0.0280952 -1.8507 358.302 -0.628963 2.12622 911.872 0.709098 0.59765 0.552102 0.70661 248.184 0.829727 1.29649 591.749 92.9047 9.74881
649.196 -0.818212 3.02591 424.598 1.5501 0.18852 1877.39 0.482991 0.73441 0.582861 0.685152 232.832 -1.4507 1.63921 698.754 92.9047 9.75321
522.558 -1.27375 -2.36609 507.457 0.331653 1.90771 1288.46 0.444232 0.368498 0.591289 0.848986 308.701 0.161376 1.74633 865.231 92.9047 9.73411
707.714 -0.850287 -3.00599 405.112 -1.22791 -0.409346 1070.31 0.49876 0.281315 0.639671 0.788314 384.867 0.676601 1.08595 439.631 92.9047 9.74498
605.716 0.317996 1.7874 375.349 -0.670602 -1.68793 1084.53 0.0918835 0.481205 0.443375 0.739094 245.225 -1.15486 0.533064 459.536 92.9047 9.73981
734.651 -1.25359 0.821755 538.999 -0.419695 -2.95653 1355.19 0.62029 0.465341 0.618626 0.802753 438.359 -1.51857 1.43796 548.284 92.9047 9.74804
560.215 -0.0724978 2.89061 407.057 -0.171639 -0.445465 959.499 0.287279 0.775446 0.616921 0.629138 177.598 0.075991 0.521457 500.813 92.9047 9.74551
353.812 -1.03373 0.199545 296.817 1.89031 0.38197 1328.63 0.225912 0.849681 0.639149 0.786868 554.16 -2.6968 2.89634 465.874 92.9047 9.74323
779.869 -1.30444 -0.785332 445.646 -0.085822 2.43811 1412.95 0.296545 0.417916 0.443474 0.502096 277.872 1.73643 0.701685 757.967 92.9047 9.73883
748.727 -0.289441 1.9472 659.381 1.24482 -1.76482 1799.26 0.200828 0.577852 0.695879 0.693232 349.339 -0.331111 1.43371 742.146 92.9047 9.73287
684.414 -0.885587 3.11617 414.703 -0.719091 -1.09487 924.096 0.70645 0.547125 0.533227 0.619985 329.562 0.400698 1.49557 302.653 92.9047 9.73206
969.691 -0.407834 1.15299 567.623 -0.143791 -0.847289 1323.88 0.420632 0.205553 0.241637 0.699708 695.4 -2.97735 2.13006 384.557 92.9047 9.7489
375.693 0.297887 -1.64012 268.452 1.03318 0.92887 684.874 0.164016 0.325725 0.440861 0.508358 83.4885 0.48026 0.448611 544.243 92.9047 9.74591
496.598 0.960706 -2.58336 454.607 1.36764 0.0118077 944.32 0.639489 0.412424 0.756164 0.65321 257.046 2.06623 1.63359 553.633 92.9047 9.75316
730.082 0.304987 1.30257 591.777 -0.612876 -1.38284 1441.09 0.206858 0.141667 0.625264 0.444244 299.51 -3.01202 1.62918 681.956 92.9047 9.74054
1245.54 0.0885572 1.8614 804.946 1.05846 -1.59871 2223.88 0.671729 0.120547 0.591208 0.754949 436.627 -0.953454 0.645257 929.639 92.9047 9.73943
275.325 -2.89187 -1.51615 260.531 0.185787 2.25257 1302.75 0.516786 0.719172 0.674834 0.666074 84.0613 1.83392 0.418649 351.917 92.9047 9.74306
542.322 0.552843 0.977881 423.998 0.96475 -1.20127 887.838 0.688796 0.383415 0.658545 0.277119 261.593 -2.87691 1.67563 739.659 92.9047 9.72886
553.333 -0.416693 -1.33874 252.263 2.86736 0.661775 2013.5 0.194933 0.71995 0.817396 0.66436 372.753 2.15528 1.4935 394.827 92.9047 9.72654
518.304 1.30243 -1.5327 415.491 1.6119 1.27901 939.707 0.649691 0.416331 0.748926 0.669812 213.11 -2.53716 1.00445 514.888 92.9047 9.72668
642.222 0.241065 -1.14925 493.171 -0.254437 0.460081 874.174 0.704111 0.613014 0.543435 0.616528 581.687 2.81956 2.31437 768.271 92.9047 9.73274
640.278 -0.531206 -2.57673 543.75 1.02116 0.626039 1569.1 0.21768 0.353386 0.401716 0.423735 95.225 0.380612 0.245427 552.641 92.9047 9.75317
573.278 -0.975493 0.672599 251.975 -1.20121 -0.673978 507.654 0.432657 0.292167 0.760245 0.639086 618.148 -2.92506 2.25108 688.739 92.9047 9.72277
581.962 -1.46399 -0.0962488 542.171 -0.674253 -2.90889 1199.9 0.249777 0.427138 0.733697 0.381846 140.389 2.66631 0.707986 663.056 92.9047 9.72615
324.023 0.855659 -1.53805 253.263 0.448385 0.634755 524.978 0.750832 0.283025 0.656983 0.317071 218.076 2.63999 2.00523 469.349 92.9047 9.72398
680.816 1.10225 -0.465014 492.292 -0.337649 -2.68528 1409.53 0.634196 0.184214 0.608734 0.649258 320.232 1.89914 1.69877 1441.22 92.9047 9.72776
1101.69 0.433896 0.269151 837.836 1.92162 3.05479 2463.21 0.379598 0.471166 0.797488 0.457702 146.789 -2.18925 1.03915 1158.11 -92.9047 9.71858
676.979 0.865089 0.387438 612.296 -0.256085 -2.96675 1573.88 0.406237 0.333084 0.587759 0.420718 95.5002 2.09627 1.22017 722.25 92.9047 9.73305
1179.94 0.54718 0.0701631 614.267 0.871678 -2.72309 1714.28 0.299449 0.169592 0.614765 0.151081 260.498 3.01514 0.54495 426.643 92.9047 9.73022
394.577 0.435943 2.22488 376.735 1.81802 1.01295 729.858 0.348759 0.688169 0.517522 0.59951 207.53 -2.24 1.8183 726.126 92.9047 9.76535
392.515 0.626152 0.827758 323.393 0.964572 -2.69621 732.538 0.448766 0.300127 0.561848 0.666117 127.174 -1.46584 1.23037 363.671 92.9047 9.76949
835.457 0.94053 2.672 257.533 2.00073 0.979052 871.172 0.395074 0.729815 0.674416 0.683893 765.156 -0.78309 1.76214 334.766 92.9047 9.76881
720.832 -1.46084 -0.122904 252.759 -1.82451 -1.71624 639.504 0.542943 0.437919 0.666066 0.75952 632.372 2.82025 1.74669 408.995 92.9047 9.77207
933.484 -0.891348 -1.13575 405.171 1.57069 2.12741 2293.07 0.539826 0.79617 0.710599 0.735798 486.8 1.95088 0.17653 452.009 92.9047 9.76732
372.828 1.5429 -2.581 361.388 0.803604 -0.65357 669.192 0.749889 0.432628 0.735985 0.328307 605.66 1.20596 1.85953 575.23 92.9047 9.76939
942.243 0.373633 1.01176 434.17 2.31994 -1.36816 1877.85 0.625758 0.762897 0.614161 0.74037 508.56 -2.61177 1.24361 641.09 -92.9047 9.77033
419.298 0.0434175 -1.76918 348.329 -1.6511 2.22364 1012.33 0.430047 0.482416 0.391968 0.748268 259.738 0.429164 1.79448 412.916 92.9047 9.78378
610.709 0.0068927 1.2708 349.699 1.0315 -3.07038 932.13 0.608695 0.678854 0.571023 0.90398 550.241 -1.25033 1.82005 449.643 92.9047 9.78269
627.569 1.63969 1.62559 414.067 -0.714732 1.79863 1508.24 0.452796 0.46877 0.767615 0.524846 636.224 -1.44662 3.03793 815.135 92.9047 9.78209
652.128 -0.525505 -2.00207 585.994 -1.71416 0.589482 1461.1 0.624981 0.531792 0.647303 0.680207 459.091 2.20953 1.62004 737.497 92.9047 9.78504
604.953 -0.0820099 1.84251 318.353 2.22588 -0.312985 1479.12 0.374971 0.599942 0.612298 0.667448 350.049 -1.87289 1.55991 450.185 92.9047 9.78263
1022.66 1.4362 -2.06842 326.885 -1.8102 1.15766 3052.05 0.275438 0.281839 0.680475 0.719693 623.335 1.02992 0.127739 425.211 92.9047 9.7848
583.493 0.324035 0.143402 314.979 2.53304 -1.67224 1341.15 0.629084 0.449382 0.534959 0.765475 444.226 -3.13532 1.46309 355.075 92.9047 9.78472
779.344 -0.0455525 -2.00206 349.905 2.54009 0.691401 2047.53 0.370946 0.64285 0.800299 0.88792 302.434 1.57923 0.88783 428.871 92.9047 9.79544
505.348 0.584021 -0.520049 278.569 -0.297263 1.44997 722.512 0.228771 0.644198 0.622074 0.471268 664.513 -3.03124 1.80197 386.943 92.9047 9.79787
808.068 -0.753539 2.37055 702.238 1.17033 -1.32268 2228.17 0.569105 0.54125 0.724737 0.585102 206.2 -0.821528 0.501149 391.235 92.9047 9.80236
567.911 -1.10298 -2.39864 487.474 -2.55572 0.24844 1395.7 0.493899 0.0928894 0.712428 0.647088 271.455 1.81218 1.56374 601.789 92.9047 9.80024
462.783 -1.16814 1.65007 403.93 -1.3341 -1.29574 937.541 0.222658 0.624293 0.503233 0.736526 42.2332 -3.13832 1.4948 617.24 92.9047 9.80335
1031.82 -1.23803 2.82258 377.317 -0.358878 1.04102 1127.93 0.688952 0.498463 0.672098 0.665561 957.681 -0.707318 1.74834 451.087 92.9047 9.77657
306.049 0.206628 0.356447 262.888 -1.0589 0.223184 410.757 0.638608 0.479933 0.487588 0.66992 513.516 -2.69699 2.92018 374.447 92.9047 9.77944
446.706 0.183588 0.432196 340.025 -0.765752 1.64156 609.616 0.609653 0.288869 0.841411 0.725829 634.021 -1.77056 2.20276 317.572 92.9047 9.77759
394.892 1.6274 1.03177 309.345 0.563563 -0.517701 654.487 0.822922 0.629348 0.699055 0.648007 348.362 -2.45104 1.93333 1044.2 92.9047 9.77165
515.276 -0.101734 3.05119 500.546 -1.11487 0.417011 1157.61 0.279248 0.628081 0.77137 0.454025 224.457 -1.24118 1.65819 556.982 92.9047 9.76779
544.784 0.730703 1.4628 318.708 0.360848 -0.728085 763.67 0.568091 0.60794 0.380462 0.453477 203.091 -2.48534 1.75726 550.475 92.9047 9.76469
349.892 1.27045 1.51215 344.544 2.07588 -0.371055 640.218 0.670862 0.350852 0.650081 0.853838 398.686 -2.59121 2.17982 471.554 92.9047 9.76119
826.806 -0.571784 1.52001 386.669 -1.20062 -0.649008 1081.89 0.238759 0.629781 0.639016 0.655038 635.595 -2.07434 1.42534 429.302 92.9047 9.75871
838.491 0.917258 0.57435 700.997 0.288434 3.09511 1606.94 0.339211 0.100504 0.569609 0.568955 262.62 -2.53266 0.655416 353.617 92.9047 9.75894
498.421 0.247754 1.31848 437.637 -1.10814 -3.05942 1062.46 0.640772 0.530187 0.616587 0.277172 303.304 -1.78546 1.27396 683.516 92.9047 9.76249
515.11 1.91708 1.52212 324.469 -0.387607 -0.271331 1330.6 0.463112 0.438446 0.422329 0.714228 394.262 -2.29896 2.02763 401.363 92.9047 9.76152
734.781 0.653202 -2.72532 499.582 0.695644 1.12778 1140.72 0.282235 0.24229 0.692095 0.61192 225.258 -0.600857 1.72864 941.656 92.9047 9.75437
727.879 -0.366511 -0.90507 387.763 0.42527 2.35695 1165.81 0.432508 0.547594 0.674162 0.711524 315.525 1.94525 0.411699 433.969 92.9047 9.75744
682.67 0.0183905 2.66767 312.267 0.0528567 0.752074 808.252 0.738368 0.20862 0.560239 0.697959 589.58 -0.796545 1.54862 427.826 92.9047 9.74971
613.452 -1.23222 0.494536 544.521 0.534629 -2.53286 1641.93 0.278309 0.541744 0.578187 0.624111 60.1909 2.81238 0.937943 867.982 92.9047 9.75302
584.618 -0.789846 -0.150621 460.128 -0.998221 -2.53746 1030.61 0.223707 0.535243 0.798927 0.636458 362.758 2.05061 1.69511 407.202 92.9047 9.75317
960.117 1.29781 0.211484 425.716 1.54383 -2.10631 1220.16 0.49745 0.678918 0.313548 0.782866 775.987 2.9064 1.27047 476.324 92.9047 9.761
525.563 -0.752546 -2.08734 490.978 -0.334393 -0.757476 712.779 0.687521 0.281242 0.512285 0.774359 502.065 1.09529 1.85276 528.784 92.9047 9.75285
487.418 1.44565 -1.73673 475.235 0.971316 1.62383 992.689 0.127752 0.159506 0.677245 0.582556 87.0408 0.143882 1.47995 507.201 92.9047 9.7631
749.134 -0.336189 -3.12251 554.936 -0.815135 -0.463372 1324.65 0.264511 0.561306 0.355754 0.790586 377.828 0.206482 0.669854 895.652 92.9047 9.76797
792.359 -1.1463 0.964366 307.671 0.496124 -0.765165 1186.7 0.363075 0.370787 0.730949 0.610103 557.226 -2.51329 1.74812 568.624 92.9047 9.76463
566.81 -2.02414 1.26696 448.479 0.958869 -1.18132 2333.75 0.640855 0.490696 0.701245 0.533051 277.958 -2.67271 1.49139 669.843 92.9047 9.76954
1110.98 -1.10257 2.18491 356.313 1.44866 0.767112 2236.09 0.381148 0.402832 0.708611 0.708842 1002.76 -1.00538 1.7725 393.206 92.9047 9.76948
726.393 -0.501855 1.14216 338.595 -0.844132 -1.72018 1084.65 0.1451 0.516327 0.699034 0.674432 386.483 -2.19632 0.476141 390.38 92.9047 9.77889
525.106 -0.0776765 1.00309 284.945 -2.50155 -1.31502 1400.24 0.450881 0.477014 0.677999 0.702849 342.034 -2.68672 1.3717 394.299 92.9047 9.77578
631.797 1.58556 0.66561 598.271 -0.0255128 -1.90082 1700.01 0.376976 0.186733 0.791174 0.534746 313.574 2.98658 1.39578 446.39 92.9047 9.77396
579.59 1.55517 -2.71474 355.322 0.933523 2.6517 503.622 0.593669 0.746959 0.501966 0.660288 713.061 -0.122465 2.59228 587.648 92.9047 9.78115
557.888 -0.237277 -0.940374 294.056 -2.52691 -2.42088 1269.9 0.634151 0.558779 0.30903 0.825341 557.08 1.73184 2.13047 442.371 92.9047 9.78163
488.114 0.25094 -1.25517 457.636 -1.15717 2.18212 1228.51 0.651946 0.475603 0.777864 0.516986 222.817 -1.56407 0.308896 502.27 92.9047 9.77917
596.658 0.311796 0.237803 403.08 0.237508 1.59277 628.967 0.632814 0.585473 0.608319 0.390019 749.084 -2.31209 2.37833 473.255 92.9047 9.7885
721.506 -1.03951 -3.05482 674.252 0.245047 -0.385679 1664.3 0.450022 0.445889 0.778502 0.593287 225.221 1.67072 1.55764 828.568 92.9047 9.78691
703.723 0.0691584 1.3311 469.24 -1.48228 -0.62909 1382.26 0.399283 0.552368 0.648157 0.715823 322.618 -1.92345 1.29436 905.542 92.9047 9.80308
578.666 -0.178643 1.38235 329.114 1.46349 -2.804 1105.22 0.848579 0.450188 0.711963 0.752783 442.593 -1.16929 1.63471 400.369 92.9047 9.80066
397.15 0.0982665 1.62977 300.974 0.472788 0.585801 378.13 0.0875169 0.350742 0.34828 0.472139 669.476 -1.88391 2.46971 435.675 92.9047 9.80297
937.682 1.47745 -1.54127 307.457 0.725123 2.98311 944.526 0.592249 0.597017 0.525875 0.790713 875.017 1.37913 1.60398 439.44 92.9047 9.79344
624.956 1.28859 2.77373 364.734 -1.25924 -1.20994 1809.76 0.444073 0.258302 0.627091 0.593934 305.832 0.435597 1.64554 471.274 92.9047 9.78042
517.271 0.769447 -0.385891 423.237 1.33733 1.9019 899.309 0.560003 0.634738 0.626702 0.850771 483.264 -2.16055 1.77466 573.782 92.9047 9.77022
260.003 0.593505 2.02579 258.34 -0.801883 -1.71542 634.376 0.838661 0.430121 0.721638 0.449535 166.871 0.16833 1.85746 525.654 92.9047 9.75706
821.513 0.849292 2.02149 267.478 2.01936 -2.34074 978.3 0.546602 0.685895 0.616148 0.602905 537.327 -0.779855 1.56088 552.113 92.9047 9.76369
814.866 0.793655 -0.0124756 391.904 1.46295 -2.77475 1208.37 0.34841 0.733551 0.515044 0.823473 338.507 2.44232 1.06611 672.985 92.9047 9.75797
360.577 -0.35004 -1.20288 336.925 -2.75837 -3.03025 1204.82 0.705778 0.537743 0.574598 0.627658 363.948 1.03615 2.21679 406.702 92.9047 9.77423
850.768 0.428277 -1.10157 296.436 0.922481 2.45432 1035.04 0.403419 0.290063 0.794076 0.477753 555.342 1.95434 0.499984 371.933 92.9047 9.77318
539.379 -0.00630503 0.739478 518.913 -0.864132 -1.62087 1130.6 0.216341 0.575838 0.749251 0.83623 252.063 2.35032 1.61084 553.447 92.9047 9.76615
606.266 0.284552 0.691401 409.514 -1.21901 -1.19223 1156.07 0.714909 0.60979 0.648393 0.659517 455.82 3.12549 1.96547 577.604 92.9047 9.76437
361.979 0.227425 -1.11782 349.207 -1.27275 0.631562 807.228 0.708354 0.505478 0.809472 0.608538 491.355 2.56348 1.93192 374.196 92.9047 9.76197
637.764 0.638215 -2.16194 429.988 -0.0149282 1.30238 1142.45 0.139979 0.321747 0.43012 0.717541 239.475 -0.179676 1.48205 481.173 92.9047 9.76365
460.442 -1.37915 -1.62786 327.877 1.42749 0.577935 1641.77 0.678373 0.601744 0.741075 0.543703 381.571 2.44525 1.86732 479.95 92.9047 9.76162
575.592 0.647072 0.620529 427.088 0.668817 -1.83268 952.428 0.745751 0.40394 0.811987 0.788259 212.175 2.49529 1.87476 635.875 92.9047 9.75739
707.493 0.614981 1.63669 378.962 -1.89715 -1.68158 1988.25 0.163121 0.354269 0.68962 0.730288 363.469 -1.4019 0.279686 426.536 92.9047 9.73123
535.014 -0.621474 -1.06295 462.032 0.31047 -2.99551 966.324 0.361986 0.624254 0.768082 0.601724 183.158 0.911196 1.97414 460.815 92.9047 9.7306
581.073 -0.545844 0.0344127 474.618 -0.719355 2.49531 1080.68 0.339916 0.612802 0.627999 0.656002 268.271 -2.89089 0.896987 508.865 92.9047 9.72613
658.752 0.367552 1.25462 254.645 2.69494 -2.2995 1448.37 0.659339 0.303343 0.592052 0.595206 367.943 -1.65979 0.639713 338.986 92.9047 9.72134
378.621 -2.29435 0.0769214 326.475 0.330568 -2.96466 1410.43 0.718075 0.322967 0.697322 0.526792 15.3457 -1.4918 1.47286 539.678 92.9047 9.71431
571.455 -0.345686 -2.38649 350.299 -3.1512 -0.218453 1887.6 0.426824 0.133479 0.582102 0.671145 384.997 1.3967 1.61515 449.11 92.9047 9.71007
534.092 0.0201161 -0.766251 325.803 -2.32426 2.52658 1481.71 0.360533 0.603786 0.549984 0.703364 137.73 2.78261 0.256028 455.728 92.9047 9.69244
852.225 -0.794498 1.48204 723.093 -0.330219 -2.24032 1596.71 0.319334 0.542684 0.515554 0.762648 335.569 -0.68105 1.55927 415.476 92.9047 9.69133
777.788 -0.269079 -2.96595 444.518 2.6168 0.61884 2616.3 0.458072 0.805488 0.446548 0.816117 357.1 -0.401191 1.02003 522.197 92.9047 9.69197
579.815 0.723727 -0.949666 556.76 -0.860188 2.85301 1482.48 0.552706 0.623895 0.590859 0.74246 339.354 1.81311 1.0399 496.741 92.9047 9.69226
608.585 -0.411534 -2.39135 319.25 -0.732392 0.641078 894.2 0.237559 0.0392892 0.511567 0.5463 278.565 0.365892 0.275186 600.318 92.9047 9.69568
419.709 -2.00711 2.32385 387.386 0.0228671 -0.190287 1237.92 0.488752 0.618866 0.736832 0.679766 242.893 -1.7688 1.57851 438.207 92.9047 9.69667
720.301 -1.61937 0.746851 510.066 -1.54559 -1.55208 1172.87 0.765019 0.302963 0.851824 0.628917 437.948 -3.04626 1.49419 1278.64 92.9047 9.69474
489.915 1.68628 2.0077 450.797 -1.16377 -1.95656 2042.77 0.544906 0.583458 0.635804 0.869623 328.556 -0.949115 1.00744 938.337 92.9047 9.69442
619.359 -0.541376 2.93205 371.942 -0.225596 -1.33068 841.72 0.263213 0.449196 0.35127 0.340154 367.091 0.475991 1.80667 590.543 92.9047 9.70223
354.965 -1.70666 2.02785 297.41 -0.0289827 -1.79516 875.772 0.577379 0.525995 0.747708 0.583465 152.98 0.0609614 1.85612 444.806 92.9047 9.70837
340.993 -0.664892 -3.12187 265.452 -0.677606 1.19205 515.065 0.581946 0.370774 0.671156 0.519402 423.526 -1.41185 1.71002 565.736 92.9047 9.70806
847.778 -0.266407 -1.01208 718.578 0.161866 2.03979 1598.92 0.565912 0.377186 0.548005 0.516662 454.528 -2.8712 1.3722 901.955 92.9047 9.71281
437.738 0.455012 0.54142 288.317 -0.26145 -0.498945 449.398 0.535204 0.357509 0.239434 0.640197 413.827 2.78265 2.24123 1105.85 92.9047 9.71018
1022.33 0.180838 -0.0241787 492.275 -1.68487 3.01975 2085.84 0.34989 0.472751 0.49253 0.647659 547.614 -3.03962 0.223811 534.078 92.9047 9.73239
763.661 0.642167 0.370695 514.508 -0.0469324 -1.26886 1021.05 0.799066 0.685193 0.608979 0.583799 760.481 2.8458 2.16852 907.728 92.9047 9.72555
838.993 0.092916 0.0683491 314.313 0.201191 2.87945 1047.27 0.466045 0.437636 0.801455 0.541335 515.143 -2.92803 0.4757 365.036 92.9047 9.71993
589.751 0.197399 1.9671 582.213 0.311643 -2.24838 1042.98 0.509246 0.554109 0.726767 0.720748 211.953 2.75384 0.786735 633.106 92.9047 9.72219
780.939 1.16239 1.64951 667.762 -1.20646 -1.21529 2587.89 0.386358 0.467909 0.695251 0.648954 171.222 -2.41821 1.20292 732.707 92.9047 9.7191
654.452 -0.0625205 2.32421 297.079 -1.65648 -1.24076 1164.16 0.114095 0.648538 0.60395 0.460347 278.838 -0.814479 0.426282 473.905 92.9047 9.71195
722.48 1.81356 -1.88508 307.491 0.659073 1.05493 1134.08 0.550373 0.537875 0.620203 0.599694 372.801 1.66553 0.610601 416.02 92.9047 9.709
775.536 -1.14025 2.9701 266.878 1.27611 -0.712421 1647.54 0.423957 0.678564 0.711042 0.743927 230.095 0.0333284 0.745749 529.075 92.9047 9.71379
822.705 -0.285417 -3.06929 450.908 -1.11309 0.0446489 1336.5 0.495911 0.713978 0.386116 0.759229 347.936 0.217884 0.173235 491.554 92.9047 9.71502
814.922 -0.742341 -3.05501 418.266 1.00024 -1.01572 1526.48 0.465451 0.752041 0.724064 0.646104 697.819 0.618933 1.63465 459.089 92.9047 9.70339
857.759 0.505468 -1.39555 420.238 1.46144 2.84445 1203.13 0.614341 0.33426 0.658453 0.597183 751.57 1.24458 1.59987 1307.62 92.9047 9.70354
871.504 -0.481689 -0.115265 312.626 1.03431 1.06019 1054.67 0.435128 0.259984 0.676302 0.216009 821.112 3.05507 1.99487 702.535 92.9047 9.7082
506.369 0.568581 1.16596 346.547 -0.540762 -2.20529 978.295 0.696501 0.596751 0.643658 0.542126 225.541 2.93728 1.14062 396.231 92.9047 9.70703
456.51 -0.0435735 1.0296 424.423 1.29715 -0.0766734 795.265 0.61529 0.711198 0.612785 0.743955 530.51 -2.98701 2.26658 327.552 92.9047 9.69907
540.12 -0.319761 -1.88359 423.188 -0.214382 0.471165 938.713 0.521715 0.580472 0.720742 0.602652 247.106 2.90598 1.49362 516.772 92.9047 9.6959
424.612 -0.221134 0.234522 370.231 0.343331 -1.04499 558.286 0.556835 0.514061 0.651614 0.681601 481.506 2.83764 2.40055 473.687 92.9047 9.69019
468.407 -0.50199 0.528591 401.507 -0.518198 -2.51686 895.065 0.713748 0.79263 0.707544 0.667171 50.0826 -1.27147 1.2454 625.492 92.9047 9.69266
377.184 2.07016 -0.287316 322.352 0.356545 2.98613 987.203 0.554797 0.774575 0.73473 0.795709 153.172 -1.65662 1.3693 666.159 92.9047 9.691
861.462 -0.192038 2.04414 305.944 0.45206 -0.455145 1037.16 0.332404 0.307444 0.407661 0.565215 687.003 -1.1533 0.698153 336.749 92.9047 9.70072
401.578 -0.388033 2.33821 307.191 0.551074 0.538861 656.144 0.721327 0.421158 0.669674 0.523576 173.417 -1.28104 1.8199 595.871 92.9047 9.69754
658.564 -0.590585 0.953218 332.772 -0.885989 -2.00723 976.144 0.745688 0.576985 0.718239 0.678816 347.564 -2.36051 0.353279 348.136 92.9047 9.69108
522.742 1.30167 -2.34066 508.774 0.07185 0.390683 1220.98 0.431536 0.567952 0.525504 0.284121 371.251 1.49234 1.10166 575.836 92.9047 9.68735
613.405 0.23345 0.668746 584.929 -1.86245 -2.08366 1932.34 0.693204 0.546588 0.53644 0.790736 151.377 2.1574 1.48866 616.101 92.9047 9.6865
592.258 -0.760275 0.175295 549.63 0.207346 -2.8902 1343.08 0.587896 0.556051 0.501785 0.643841 454.349 2.0939 1.29909 633.062 92.9047 9.69465
974.686 0.751065 0.218039 933.285 -0.529373 -2.12773 2199.43 0.420896 0.59208 0.511117 0.439164 713.307 2.24738 1.90807 974.933 92.9047 9.69254
785.956 -0.409975 -2.60753 546.068 -0.764093 -0.0848968 1386.4 0.198735 0.694489 0.742112 0.580431 319.051 1.33763 1.42253 684.363 92.9047 9.69499
736.387 -0.639342 2.40901 589.373 0.689243 0.113594 1529.82 0.530594 0.285197 0.504612 0.77177 238.336 -1.65987 1.77347 614.329 92.9047 9.69893
328.521 1.14411 0.600233 299.42 -2.29165 -1.5703 1784.57 0.61342 0.670199 0.701316 0.79864 341.606 -2.77639 1.20609 466.816 92.9047 9.69209
904.407 -0.265232 1.96643 731.72 -0.242358 -1.87504 1566.59 0.504108 0.573252 0.398371 0.659503 184.758 0.0214972 1.89654 471.4 92.9047 9.68034
429.715 -0.215548 1.03346 357.629 0.268667 -2.03808 841.851 0.245542 0.473558 0.424985 0.443062 69.7236 -2.97816 0.940075 398.36 92.9047 9.68684
714.553 0.177556 0.655123 367.694 0.0659583 -1.83643 1004.31 0.548041 0.429757 0.596038 0.581476 290.062 2.76562 1.68114 434.048 92.9047 9.68999
506.845 -2.47126 -1.80817 387.935 -1.14043 0.142859 1009.38 0.753991 0.695425 0.724691 0.72332 122.661 1.06649 0.923629 584.325 92.9047 9.68695
599.072 -1.65542 -3.10971 324.446 0.188558 0.204294 1287.78 0.444462 0.646893 0.334285 0.612745 253.248 -0.316681 0.520974 580.567 92.9047 9.68575
509.764 -0.482701 -0.0845653 346.563 -2.67169 -2.02794 1318.28 0.512198 0.557806 0.402851 0.82508 477.305 2.36551 1.88974 407.051 92.9047 9.68795
515.039 -0.431869 -0.516403 407.154 0.371162 -2.18355 790.185 0.574528 0.533248 0.260387 0.628989 252.418 1.92354 2.17609 416.085 92.9047 9.6894
409.874 0.588089 -0.237437 398.377 -1.45511 -1.67012 1118 0.529084 0.706532 0.445433 0.833032 485.21 1.9686 2.20603 502.884 92.9047 9.68959
566.594 2.35488 -0.0547881 545.047 -0.440641 -2.69043 2413.47 0.717779 0.534675 0.774445 0.554084 279.915 1.81186 1.78089 645.186 92.9047 9.68935
434.458 1.14957 2.90939 366.288 2.44873 -1.97426 760.658 0.549554 0.628047 0.475773 0.573645 595.089 0.598709 2.31068 563.269 92.9047 9.70392
663.407 0.289187 2.01735 517.415 -2.22295 -0.932518 2233.2 0.428862 0.178878 0.752871 0.755351 241.401 -1.92057 0.988052 623.461 92.9047 9.69055
565.378 -0.145787 1.45127 485.583 -0.607021 -1.49166 1090.13 0.44006 0.377973 0.596647 0.6022 434.826 -3.03266 1.541 1055.24 92.9047 9.69241
454.985 -2.48262 -2.14986 288.031 -1.02534 1.48557 1019.8 0.421816 0.281067 0.702751 0.693184 204.437 0.312272 1.1733 634.897 92.9047 9.68881
528.509 -0.309466 1.13058 305.905 -2.14647 0.0112044 951.23 0.481878 0.792722 0.522674 0.841264 507.283 -2.56744 2.57865 294.115 92.9047 9.69416
862.044 -0.813947 3.02226 322.24 -1.20803 0.0740971 1076.17 0.183959 0.580985 0.699476 0.661413 503.573 -0.230076 0.304173 384.705 92.9047 9.69411
954.868 -0.110152 -2.95165 728.954 0.45164 0.5216 1778.28 0.418782 0.306616 0.43257 0.466993 131.395 -0.745244 1.26684 1197.92 92.9047 9.69481
486.589 0.903614 -1.59475 464.983 0.267112 0.454747 871.856 0.641035 0.446027 0.695964 0.698691 155.764 -3.11475 1.52 600.873 92.9047 9.69202
363.392 1.37577 2.47629 271.091 1.84264 0.333499 588.307 0.381727 0.684525 0.790572 0.652726 302.072 -1.42188 1.75538 323.291 92.9047 9.69218
532.318 -0.448146 -3.04694 264.49 1.47391 2.30993 911.218 0.513822 0.66172 0.466045 0.854048 760.31 -0.29431 2.60424 425.494 92.9047 9.69341
727.144 -0.188631 -2.7486 294.512 -0.572127 -0.770805 807.902 0.445689 0.666331 0.693498 0.752917 633.153 0.821627 1.59243 337.461 92.9047 9.69942
508.401 0.471653 -1.84302 275.452 -0.417496 2.57109 706.495 0.516843 0.319829 0.862497 0.585317 362.156 0.93925 1.63184 553.947 92.9047 9.70271
937.363 -0.266422 2.88138 755.925 0.716721 -1.31624 1702.77 0.583205 0.462222 0.623189 0.587699 403.024 0.352662 1.6689 504.216 92.9047 9.70141
631.643 -0.321098 1.18945 436.76 -1.09596 -3.08115 1001.5 0.530297 0.332186 0.28025 0.561643 138.113 -1.04163 2.03952 340.493 92.9047 9.69334
940.542 0.388253 0.640352 468.743 -0.407082 2.52056 1217.52 0.489781 0.396616 0.58819 0.418966 729.338 -1.95694 1.80568 653.636 92.9047 9.694
904.954 -1.41386 -3.12707 756.959 0.987354 0.673727 2964.31 0.44861 0.41107 0.109286 0.763008 479.338 -1.31081 1.81626 1123.68 92.9047 9.68773
611.834 0.438402 -2.58113 607.38 0.303776 0.809592 1267.68 0.25961 0.165658 0.642621 0.260977 100.014 -0.613821 1.42341 394.135 92.9047 9.68464
685.814 1.60539 2.19584 480.326 1.06181 -1.00408 1246.74 0.140202 0.480984 0.797576 0.658259 102.769 -1.4842 0.480122 1500.69 92.9047 9.68161
557.201 -0.805278 -0.672743 399.825 -1.20375 2.93106 949.184 0.677278 0.474363 0.719874 0.68838 368.826 1.34915 1.58191 1276.14 92.9047 9.68662
615.415 -1.45825 -2.23156 395.297 -1.53986 1.26008 978.004 0.309906 0.655332 0.669769 0.820344 77.913 -1.14907 1.0825 919.062 92.9047 9.68571
763.965 -0.060564 1.9956 444.401 -0.5575 -2.60105 966.79 0.498372 0.222501 0.506306 0.728411 619.906 -0.406934 2.19412 425.77 92.9047 9.68507
333.085 0.43111 -2.20263 321.187 1.64585 2.21191 680.416 0.790617 0.65407 0.725047 0.654206 124.931 0.566789 1.64513 616.764 92.9047 9.69013
523.236 1.17445 0.577382 429.079 0.861734 -2.80644 1014.95 0.232166 0.662878 0.762752 0.484681 109.664 -1.88213 0.924312 481.939 92.9047 9.68882
1173.88 -1.23169 1.78788 336.364 0.48666 -1.62116 1758.43 0.692602 0.466061 0.451182 0.799317 604.774 -1.1153 0.50586 380.16 92.9047 9.68842
508.071 -0.871222 -0.0302278 440.819 -0.126351 1.22819 716.708 0.414151 0.78957 0.361791 0.657805 708.331 -2.56372 2.49127 547.122 92.9047 9.69172
733.997 -0.767019 -0.609955 264.67 1.16548 -2.34934 1205.11 0.570069 0.502316 0.727645 0.375099 667.167 2.25026 1.68359 444.387 92.9047 9.69247
1017.79 -0.170859 -2.15676 1012.3 0.927823 1.35403 2323.35 0.658322 0.487412 0.435303 0.615843 399.49 -0.730253 1.4265 1164.47 92.9047 9.69913
619.536 0.304372 -2.93371 313.347 1.73377 0.0557576 1137.93 0.551825 0.516023 0.510321 0.496966 346.285 0.687484 0.631726 346.137 92.9047 9.69723
737.454 -0.224229 2.28467 445.133 1.69637 -1.89317 1625.79 0.604079 0.785155 0.614777 0.857898 538.841 -0.253599 1.63957 1295.82 92.9047 9.69114
602.078 -0.0468911 -1.88011 319.602 -0.621145 -0.569198 609.56 0.76696 0.32021 0.72383 0.79905 737.113 1.3949 1.9641 535.081 92.9047 9.69047
384.911 1.64383 -2.1641 378.718 0.964457 2.0289 748.153 0.71972 0.397833 0.633003 0.78458 329.146 0.181375 1.84752 447.464 92.9047 9.70167
399.596 0.83347 -2.60604 260.148 1.00551 -0.591168 566.899 0.553195 0.572137 0.681991 0.613495 376.555 1.18588 1.77704 483.447 92.9047 9.70365
713.525 -1.03139 0.195788 333.633 -1.61399 -3.08537 1042.36 0.683561 0.562564 0.78966 0.829962 205.658 -3.03859 0.0467772 803.351 92.9047 9.70345
616.249 1.15286 -0.506299 408.018 2.29476 2.67144 1196.86 0.514503 0.326669 0.730205 0.907798 184.936 -2.96968 0.642071 706.922 92.9047 9.70871
795.644 2.06793 1.00469 260.911 0.558765 -1.35932 1205.75 0.192648 0.0472143 0.695109 0.141595 641.828 -2.42133 1.06201 722.517 92.9047 9.71516
816.224 1.0367 1.37278 368.988 -1.17517 -1.57507 1842.62 0.376356 0.594581 0.753426 0.761261 440.865 -1.88526 0.310181 1206.9 92.9047 9.71402
700.701 0.738201 1.21489 600.676 0.321404 -1.52053 1305.54 0.51708 0.586542 0.655401 0.686212 300.503 -2.91674 1.39621 696.084 92.9047 9.71996
720.585 1.14344 1.02933 386.86 -2.51284 2.94896 3317.42 0.332325 0.655854 0.622037 0.672443 623.298 -1.5524 1.78183 464.366 92.9047 9.72106
518.113 1.76063 -0.402257 490.541 0.117015 2.13686 1337.17 0.315726 0.659781 0.421256 0.473021 392.908 -2.37773 1.7686 1116.43 92.9047 9.72486
912.852 0.391457 -1.07547 291.946 0.126871 1.1753 981.08 0.485498 0.591149 0.659571 0.429491 706.448 2.37544 1.20014 344.07 92.9047 9.72557
752.782 0.306784 0.567414 289.587 0.221075 -2.15928 1007.74 0.46786 0.3721 0.605778 0.350342 451.569 -2.77746 0.618174 716.565 92.9047 9.72538
355.096 -0.653378 -1.38902 283.429 0.615599 2.67885 726.686 0.49095 0.652278 0.763999 0.643274 324.731 1.35116 1.32769 1076.96 92.9047 9.71353
468.622 -1.97628 1.86252 434.11 -0.351635 -0.444134 1169.1 0.678906 0.486904 0.694704 0.508603 420.405 -1.8299 1.38576 543.272 92.9047 9.71208
735.17 0.106269 2.21872 582.3 0.476545 -2.57581 923.797 0.449871 0.422573 0.645886 0.659807 516.838 -0.677084 1.89872 660.254 92.9047 9.71174
559.024 -0.738915 -1.65641 291.671 -1.18343 1.99436 805.868 0.518649 0.806483 0.457398 0.790103 272.445 1.0937 0.900666 654.375 92.9047 9.71034
781.061 1.10533 1.22787 383.301 -1.35756 -1.48895 2050.25 0.373027 0.607343 0.674497 0.666125 425.706 -2.18359 0.694646 443.475 92.9047 9.71048
614.982 -1.4403 -0.279064 277.074 1.41161 2.39118 1809.64 0.655777 0.434918 0.502975 0.755267 298.991 2.68286 0.291679 873.61 92.9047 9.71167
470.691 -0.689158 -2.84491 324.23 -0.275045 0.866492 783.816 0.55692 0.383727 0.552271 0.732624 428.118 -0.65782 1.52431 367.375 92.9047 9.71013
665.999 0.128782 1.03743 597.01 0.254923 3.08748 1156.98 0.250797 0.206034 0.618502 0.724897 434.218 -1.65828 1.53742 372.584 92.9047 9.69935
364.837 -0.201306 -0.84281 344.95 0.955628 -1.90171 589.379 0.266688 0.631303 0.632007 0.559746 549.116 1.74231 2.58512 459.807 92.9047 9.68544
712.592 -0.212735 -1.4853 344.038 1.40549 0.485743 1225.18 0.468392 0.680655 0.655948 0.714762 307.552 1.90781 1.42207 646.037 92.9047 9.68884
857.299 -1.25013 -2.30357 582.217 -0.837572 1.65935 1413.74 0.786137 0.392907 0.697386 0.730087 387.594 0.0148496 1.6445 593.085 92.9047 9.68512
576.773 -1.30729 2.75271 329.218 -1.90242 -1.72791 757.566 0.380525 0.41407 0.555047 0.641622 436.796 -0.306609 1.4213 1135.15 92.9047 9.68901
498.484 0.533133 -2.69619 431.095 -1.92854 1.63114 1653.72 0.522795 0.653761 0.691736 0.714968 240.633 0.225548 1.4056 514.628 92.9047 9.69034
1078.54 0.850911 2.30365 282.735 1.18543 -0.611931 1117.85 0.52918 0.380806 0.646386 0.530941 758.012 -0.737601 0.125669 491.04 92.9047 9.68575
737.261 -0.777607 -1.50191 490.775 0.198729 2.68657 1265.11 0.352911 0.296122 0.592947 0.456039 628.477 0.93332 1.75325 552.324 92.9047 9.69039
660.797 -0.245412 -0.517367 254.783 1.79086 -2.031 1141.88 0.640268 0.526108 0.553469 0.39464 528.779 2.42589 1.82629 459.454 92.9047 9.69214
926.802 -1.31717 -1.27351 404.084 -1.39927 1.27821 1181 0.432116 0.474616 0.719786 0.669459 152.46 1.52041 0.242202 569.802 92.9047 9.69147
785.999 1.43836 -2.05536 423.265 -1.25647 1.28239 2370.67 0.403016 0.426291 0.677888 0.741486 341.461 1.17355 0.108848 604.056 92.9047 9.69299
748.682 -1.83354 -1.96838 496.796 0.82459 2.09244 2423.85 0.629031 0.418399 0.704766 0.637795 565.291 0.4535 1.63894 857.265 92.9047 9.68899
588.834 0.913482 2.40008 259.539 -0.138472 -0.0713759 884.481 0.250211 0.573093 0.683324 0.526931 406.442 -1.50701 1.43563 498.977 92.9047 9.68356
598.279 -0.479332 0.548769 566.18 -0.0766789 -1.68059 1076.75 0.481513 0.521397 0.689456 0.579123 492.47 2.68279 1.91981 605.176 92.9047 9.67496
915.972 0.974092 1.09171 331.403 0.243314 -2.3967 1267.51 0.294762 0.338172 0.763539 0.784751 635.838 -1.8417 0.555002 385.56 92.9047 9.67216
701.599 -0.497584 -1.53705 532.142 -0.421369 0.440014 1025.82 0.511267 0.71492 0.542507 0.789699 596.622 2.68001 2.06613 778.554 92.9047 9.67271
775 -1.26152 -2.52641 418.213 -1.04945 0.215383 1126.81 0.114895 0.395897 0.513355 0.609506 444.754 0.604894 0.38951 1004.78 92.9047 9.67464
989.514 -0.987513 0.269766 349.69 0.11231 -2.19813 1308.56 0.19412 0.49134 0.383485 0.783237 648.155 -2.85104 0.652904 415.947 92.9047 9.67082
431.884 -1.18702 -2.62995 416.574 1.46093 2.1864 1587.43 0.602204 0.501144 0.676386 0.636714 439.328 -0.705489 1.92447 758.365 92.9047 9.67248
661.026 -0.658867 2.17971 649.537 1.03499 -1.29961 1798.39 0.524878 0.542355 0.665432 0.430717 227.646 0.748678 1.43103 741.061 92.9047 9.67342
1240.71 0.145826 -2.23651 867.695 -0.439593 1.36521 2163.27 0.300915 0.304092 0.250438 0.548149 588.964 0.183928 1.18128 902.528 92.9047 9.67485
820.779 -0.225149 -1.34482 309.458 -1.52733 1.45187 1238.33 0.534507 0.519025 0.849877 0.728646 93.154 2.30531 0.853442 339.872 92.9047 9.67571
385.772 1.26687 1.48397 349.53 -2.13061 -0.928454 2059.1 0.270635 0.439501 0.404487 0.76567 98.3778 -1.69238 0.763922 591.534 92.9047 9.66939
583.885 1.15966 0.688383 515.737 -0.189449 -0.988375 1147.86 0.537045 0.0766695 0.743707 0.665194 476.185 2.57996 1.89157 606.773 92.9047 9.67393
824.631 1.41039 -2.04012 269.425 -0.436706 -0.509542 1204.28 0.526571 0.587561 0.617044 0.198108 804.926 1.30456 1.81411 393.969 92.9047 9.67248
668.605 -0.726853 -1.66892 384.398 0.401276 2.67972 1037.54 0.748649 0.722194 0.808105 0.798531 571.964 0.96254 1.71719 471.901 92.9047 9.67718
581.16 -0.526736 1.63082 436.445 -0.559195 0.602555 517.117 0.690139 0.665438 0.631567 0.630928 601.4 -1.78226 2.38482 327.874 92.9047 9.67578
567.798 -2.24607 -2.31183 523.56 -0.151916 -0.099898 1680.64 0.39175 0.118733 0.685469 0.582988 305.416 1.61898 1.71887 802.113 92.9047 9.67073
762.731 0.554211 0.812649 397.166 2.14406 -0.916246 1302.6 0.36521 0.464516 0.730948 0.643183 703.519 -2.853 1.93675 543.363 92.9047 9.66677
1095.46 0.553532 -0.336083 448.239 -1.1685 1.99177 1917.26 0.453157 0.253926 0.7704 0.631489 826.189 -3.10241 1.18901 453.983 92.9047 9.66751
879.879 0.222722 2.3762 268.061 -0.0387548 -1.50403 920.874 0.371949 0.498682 0.639387 0.642814 659.953 -0.524766 0.979267 317.157 92.9047 9.67505
898.155 0.260303 -1.5321 676.685 -1.21072 0.508765 1832.63 0.458641 0.263598 0.854352 0.775452 605.366 2.2051 1.69634 894.287 92.9047 9.66698
649.348 0.42266 -0.68822 475.042 -0.403547 1.83019 1180.05 0.491944 0.34146 0.599616 0.794688 417.719 -3.10784 1.34515 530.23 92.9047 9.66849
502.046 0.377313 -0.486536 419.26 -0.331227 -1.7058 626.452 0.605125 0.500171 0.492732 0.469412 653.589 2.31024 2.26715 686.611 92.9047 9.67222
636.666 0.451903 0.19204 505.306 0.579508 2.95908 1126.72 0.567655 0.458155 0.348831 0.803987 134.159 -2.35157 0.972533 632.458 92.9047 9.67492
837.868 1.4354 0.32287 429.556 1.0699 -2.73549 1356.37 0.112497 0.296422 0.596531 0.754984 406.891 -2.92925 0.193762 730.861 92.9047 9.66624
743.048 2.20953 1.19137 461.603 0.177406 -1.23277 1830.8 0.729572 0.154202 0.653484 0.775453 146.511 -1.70815 0.475373 490.195 92.9047 9.66669
776.934 -0.189539 -2.08136 311.733 0.35931 2.18373 940.315 0.379641 0.499555 0.907895 0.506144 412.022 0.454015 1.72971 369.939 92.9047 9.66723
500.786 -1.47194 -1.36581 388.55 -1.4483 0.676574 766.612 0.856869 0.648692 0.909395 0.771461 445.809 2.86105 2.05632 705.874 92.9047 9.66154
520.48 0.244408 -0.337131 354.267 0.850336 2.84219 926.003 0.658829 0.361924 0.728631 0.80045 332.485 -2.48164 0.959363 918.518 92.9047 9.66228
685.153 -1.34303 -1.44397 664.73 1.48687 2.35103 2915.89 0.560749 0.564436 0.695482 0.718243 34.1474 0.875879 1.47515 1115.07 92.9047 9.66283
871.202 0.675782 1.15315 467.717 0.496158 -1.00833 1172.15 0.540892 0.28384 0.826117 0.533489 704.409 -2.0946 1.08627 473.493 92.9047 9.65702
503.312 -1.16372 0.00135258 279.165 -2.85532 1.78292 927.371 0.486226 0.672484 0.689862 0.844227 511.447 -2.69169 1.80857 335.045 92.9047 9.65476
468.264 0.0401376 2.03123 441.566 0.179722 0.546928 623.598 0.301561 0.542375 0.770023 0.299534 639.993 -1.88817 2.36378 532.909 92.9047 9.65405
354.368 0.0403239 -0.410912 286.284 -0.353054 2.2955 649.079 0.628762 0.463582 0.42977 0.680136 189.119 -2.32439 1.66329 373.542 92.9047 9.65641
610.572 -0.495366 -1.16761 447.847 1.44586 1.74595 1585.8 0.209892 0.504755 0.609391 0.655438 227.285 -2.82949 1.66188 451.944 92.9047 9.65773
578.634 -1.51345 0.226503 331.401 -0.795366 -2.94931 937.715 0.544325 0.709823 0.578089 0.584718 120.259 2.09218 1.24169 706.557 92.9047 9.66111
474.316 0.842186 1.06069 413.066 0.0182859 -1.17088 882.842 0.58102 0.347927 0.730535 0.157283 372.985 -2.69816 1.52728 577.883 92.9047 9.66358
362.065 -0.150693 0.947062 348.754 0.550123 2.30607 523.665 0.560801 0.552426 0.507425 0.669572 329.398 -1.16997 2.11703 725.985 92.9047 9.6655
490.377 0.995998 0.721046 311.158 2.52117 2.90515 983.839 0.224152 0.228761 0.626388 0.801163 326.501 -0.887586 1.60863 1142.1 92.9047 9.66065
710.956 0.0501417 -0.607491 657.812 1.14531 3.04405 1550.43 0.413833 0.717038 0.293045 0.876673 32.8232 2.40876 0.635288 405.603 92.9047 9.67079
348.735 -0.125816 -1.21735 347.901 1.48939 -2.73891 792.848 0.703914 0.591989 0.582653 0.675673 197.849 0.413392 1.63074 394.082 92.9047 9.67058
431.745 -0.438701 -0.184 307.951 0.151751 2.40868 761.065 0.340822 0.353123 0.607801 0.511463 153.108 -2.20002 1.67448 526.358 92.9047 9.67512
431.546 -0.740784 1.62933 334.517 -0.522643 -0.316854 655.888 0.523112 0.146932 0.679389 0.746633 280.279 -1.75258 1.43572 468.739 92.9047 9.68058
760.71 -0.573888 2.16742 279.134 -0.104552 -0.845957 962.082 0.550984 0.689045 0.612242 0.558599 293.846 -1.30803 0.462071 1122.53 92.9047 9.68081
269.734 -0.276723 2.67793 266.259 -0.148184 -2.40063 309.811 0.435875 0.712228 0.602723 0.695397 389.587 -0.512714 1.88792 809.367 92.9047 9.6852
444.061 0.479503 1.19102 411.569 1.76737 -0.762516 1010.44 0.196405 0.770366 0.401232 0.751237 509.632 -2.94492 2.14725 787.666 92.9047 9.68423
641.794 0.133065 -1.12842 411.414 -0.248847 2.67443 1059.32 0.331019 0.634936 0.591492 0.597391 151.274 0.60594 1.73436 468.169 92.9047 9.68459
606.11 0.351467 0.292904 498.36 0.500965 1.82562 808.852 0.23446 0.65525 0.853744 0.590844 660.504 -2.19614 2.26142 741.087 92.9047 9.67859
673.021 -0.635112 -0.913786 335.914 -0.744385 1.36699 877.337 0.499966 0.279702 0.573334 0.269312 630.299 2.14536 0.778368 686.887 92.9047 9.67686
658.48 -1.0285 -0.592238 638.701 0.740136 -2.57151 1708.3 0.457885 0.571018 0.598361 0.688962 357.563 1.01077 1.60301 523.936 92.9047 9.67821
621.58 -0.998115 2.90842 505.331 0.194721 -1.43277 1181.65 0.34986 0.525015 0.796963 0.623193 265.532 1.00021 1.90821 518.069 92.9047 9.6899
292.979 0.350211 -0.0809603 260.055 -2.27733 -0.825221 1000.28 0.478802 0.564401 0.740818 0.598652 491.798 2.50102 2.58198 436.282 92.9047 9.69545
600.304 1.27621 -2.54853 255.551 -0.136396 -0.322187 926.503 0.342488 0.521629 0.590088 0.53082 121.159 1.35134 1.67353 642.808 92.9047 9.69356
389.216 -1.13199 0.0535787 316.513 -1.02635 2.41788 654.121 0.340945 0.647284 0.688741 0.663983 203.115 -1.92233 1.94298 395.265 92.9047 9.69456
557.475 -0.364663 1.66696 397.697 0.222173 -0.658614 927.1 0.499347 0.320263 0.509703 0.591558 648.372 -2.3365 1.67788 405.886 92.9047 9.69413
441.433 0.753818 -2.51293 308.045 2.72468 -0.187364 1113.88 0.546327 0.574685 0.637027 0.420714 268.716 1.43124 1.6186 331.861 92.9047 9.69288
602.885 -0.812047 1.55829 429.609 -0.129561 -0.702047 997.806 0.535227 0.462263 0.515013 0.670425 430.346 -2.2742 1.57216 500.213 92.9047 9.69301
719.825 -1.22556 -0.747006 489.283 0.851926 -2.74429 1815.25 0.370959 0.438343 0.635247 0.661027 576.291 1.59005 1.94885 740.353 92.9047 9.69462
514.078 -0.565611 0.12375 341.563 -0.658626 -1.465 608.518 0.751658 0.406374 0.608086 0.570175 452.409 2.18388 2.06013 764.646 92.9047 9.69543
893.495 -0.552663 2.00321 267.379 -0.0317539 -2.7689 729.845 0.358501 0.611845 0.674874 0.476554 885.503 -0.812307 1.9566 352.957 92.9047 9.69826
333.344 0.862144 0.0530249 276.491 -0.909112 2.84289 858.168 0.71037 0.831933 0.660251 0.576833 220.508 -1.92855 1.51175 729.658 92.9047 9.68797
587.317 -1.53067 2.86808 439.041 1.55207 0.240045 2498.13 0.399409 0.484285 0.631718 0.523757 305.022 -2.20397 1.21114 795.349 92.9047 9.68588
428.611 -1.52228 -0.282429 260.122 1.23461 -2.54014 1383 0.671988 0.678407 0.752142 0.521897 264.973 2.1316 1.61144 339.544 92.9047 9.68269
404.642 -0.144663 2.71272 351.063 -0.107448 -0.0425398 743.708 0.333999 0.547513 0.713683 0.548349 160.715 -1.5572 1.51466 468.294 92.9047 9.68069
731.59 -0.091887 -0.986089 552.722 -1.73766 2.01365 1797.46 0.556241 0.678439 0.624429 0.83755 185.582 2.92432 0.910662 813.874 92.9047 9.67964
636.155 1.07924 -0.953365 348.209 -2.7611 -2.61017 3221.67 0.546393 0.443299 0.757954 0.787299 633.72 1.72145 1.95157 401.11 92.9047 9.67997
528.482 1.09529 1.61613 381.372 0.486777 -2.41974 875.637 0.64933 0.52148 0.758395 0.550333 265.959 -0.205415 1.82154 564.516 92.9047 9.67921
496.015 0.00121257 0.0609545 466.703 -1.38882 2.44313 1178.94 0.435539 0.302876 0.773869 0.75861 336.095 -2.08213 1.75792 484.792 92.9047 9.68223
689.025 0.775531 2.76603 390.253 -0.634217 -1.64807 1154.4 0.750495 0.621836 0.705383 0.744364 444.485 0.162555 1.81062 639.119 92.9047 9.69109
369.683 1.03678 -2.59765 291.573 1.99502 -3.04842 374.928 0.54502 0.739053 0.717833 0.819774 613.415 0.285727 2.88337 350.273 92.9047 9.69121
588.726 -0.168975 -1.25424 326.489 -0.813956 0.129575 701.346 0.498618 0.291599 0.486934 0.754861 163.756 2.62543 2.40351 624.451 92.9047 9.68356
1635.38 -0.441196 2.22231 351.335 0.932925 -1.69793 1814.85 0.103529 0.501891 0.204179 0.58482 1397.87 -0.726866 0.971068 427.376 92.9047 9.68313
562.997 0.384395 1.823 436.802 -0.569818 -1.73406 1097.23 0.73143 0.593617 0.555213 0.603299 251.172 0.224686 1.59831 607.453 92.9047 9.68112
543.782 1.24241 -2.96716 369.68 -1.05874 -1.56145 1410.66 0.388542 0.736009 0.81072 0.673654 304.279 0.372275 1.93373 465.982 92.9047 9.68141
356.375 0.961067 -1.51277 298.419 0.0269618 1.06218 707.381 0.522877 0.704283 0.83444 0.820122 195.453 2.50353 1.44134 433.927 92.9047 9.68656
831.174 -1.76822 -0.0835532 464.625 -0.178072 3.1111 1663.83 0.648086 0.14771 0.769514 0.671907 364.192 2.98691 0.124183 528.031 92.9047 9.68908
345.977 -0.524802 1.05079 293.297 0.923372 2.38622 648.321 0.84481 0.620956 0.660629 0.735789 344.774 -2.08126 1.81571 628.764 92.9047 9.69575
942.931 -0.0989456 2.01547 619.452 2.08365 -0.685138 2515.3 0.472286 0.311407 0.561112 0.350915 338.357 -1.60502 0.919879 767.246 92.9047 9.69603
495.302 0.352895 -2.18991 306.417 2.13524 0.650302 1188.29 0.166865 0.453455 0.599188 0.811657 171.395 1.2173 0.567003 338.139 92.9047 9.69296
609.561 -0.973966 -0.634165 413.999 -1.04499 0.582855 582.439 0.131594 0.703039 0.494133 0.836451 681.462 2.5791 1.99625 384.415 92.9047 9.69295
515.437 0.536225 -0.294891 353.469 -0.611786 2.26879 981.941 0.752061 0.516069 0.780917 0.76502 242.803 -2.40777 1.60662 642.953 92.9047 9.68574
541.335 -0.348122 -1.51293 427.293 -0.027002 0.729937 888.181 0.170386 0.459455 0.378016 0.511545 189.311 -3.07552 1.56259 378.358 92.9047 9.68555
711.667 -0.316851 -1.1283 296.574 1.44763 2.09972 1308.34 0.39856 0.399389 0.200883 0.738134 406.259 1.9818 0.117926 312.879 92.9047 9.68512
360.825 -1.15555 0.73581 320.175 0.803104 1.11333 796.515 0.548591 0.547211 0.809341 0.596571 636.232 -2.24597 2.92389 388.812 92.9047 9.68425
1113.96 -0.565983 -2.89713 375.746 -0.32943 -0.914815 1095.27 0.306041 0.301167 0.614052 0.348021 1044.91 0.561043 1.47586 422.849 92.9047 9.68517
492.064 -0.227072 2.11245 378.706 -0.314205 -1.98385 769.581 0.593211 0.489641 0.572211 0.662501 329.323 -0.511458 1.47239 658.51 92.9047 9.68761
378.492 -1.50838 0.797338 369.641 1.64906 1.53852 1760.02 0.505698 0.716731 0.673069 0.675689 619.66 -1.97331 2.77064 850.751 92.9047 9.69009
847.342 -0.684635 1.51061 633.24 -0.374132 -0.754775 1356.26 0.231658 0.129876 0.65663 0.21322 311.724 -2.17095 1.41617 739.677 92.9047 9.69375
841.976 -0.64768 -2.07871 501.919 -0.349238 1.70855 1265.61 0.336931 0.638627 0.428001 0.72571 230.59 1.19965 0.508909 468.406 92.9047 9.69498
708.711 0.60149 2.60863 360.522 -0.403807 -1.64239 1022.3 0.53247 0.459942 0.515028 0.738644 353.22 0.269246 1.91163 1030.75 92.9047 9.70091
821.774 -1.1859 2.09165 766.964 -0.320263 -0.773602 1731.39 0.552016 0.630861 0.596423 0.561063 184.196 -2.3434 1.5698 875.106 92.9047 9.70835
719.452 0.589941 -0.526456 634.312 0.303404 -2.66258 1239.27 0.577639 0.476979 0.714878 0.636622 607.35 1.8631 1.7575 878.959 92.9047 9.70339
732.323 0.269247 2.04781 629.929 -0.443604 -2.09553 1326.42 0.464237 0.781259 0.78937 0.626605 659.419 -0.16964 1.92589 662.882 92.9047 9.70006
534.964 1.35767 -1.93438 332.118 0.441238 1.59801 935.324 0.636983 0.744996 0.678603 0.519989 300.34 0.749507 0.848506 615.87 92.9047 9.70103
782.166 0.64216 -0.28297 464.944 -0.0475695 -2.90048 1240.24 0.327121 0.660941 0.0601287 0.530465 354.283 2.40561 0.977093 569.203 92.9047 9.69912
467.425 -1.03762 -2.03791 338.894 -0.261736 1.38971 851.363 0.287737 0.232553 0.418698 0.531129 264.839 0.38246 1.00725 534.273 92.9047 9.70097
386.947 -0.730617 -2.6225 275.914 -0.606752 -0.217936 643.699 0.676979 0.542677 0.696166 0.595763 243.129 0.486116 0.704051 720.516 92.9047 9.70123
585.834 -0.13981 1.10227 406.016 1.76414 0.135855 1175.68 0.437145 0.419026 0.505163 0.656029 501.999 -2.3868 2.52266 513.863 92.9047 9.70493
525.004 -0.564015 1.08085 469.569 -0.233171 -2.37171 1011.6 0.667927 0.564833 0.70307 0.444809 252.472 -3.10197 0.730253 486.989 92.9047 9.70343
675.148 -1.71515 -1.99825 473.167 0.727464 0.302123 2036.57 0.598973 0.167643 0.501125 0.408887 345.096 1.58463 1.2825 671.756 92.9047 9.70384
463.054 -0.32519 -0.225646 389.996 -0.289207 -2.69763 869.422 0.601626 0.27885 0.67819 0.710466 323.067 2.72652 0.859036 767.191 92.9047 9.70349
324.747 -0.53042 2.90381 269.175 -0.436528 0.663553 548.685 0.543463 0.493199 0.713807 0.568539 95.1825 -1.81999 1.55938 551.741 92.9047 9.70671
812.805 0.179151 1.96498 284.687 0.00835687 -2.83842 663.699 0.751065 0.425617 0.633184 0.704791 790.686 -0.793255 2.04517 475.866 92.9047 9.70551
602.995 -0.623175 -0.258668 344.793 2.54167 -2.25365 2271.73 0.573687 0.300459 0.60962 0.800577 524.18 2.04871 1.98083 500.154 92.9047 9.70225
788.512 -0.166639 -1.82746 609.299 0.175824 1.48212 1466.88 0.320777 0.125993 0.669333 0.715133 77.9255 0.480078 1.00204 424.388 92.9047 9.70534
556.81 -1.52695 -1.09207 279.986 -1.23149 2.19243 802.42 0.710828 0.667579 0.745014 0.722927 292.488 1.6822 0.51023 336.556 92.9047 9.70503
762.65 -0.031089 -2.79141 312.41 -0.199593 1.95074 727.044 0.38918 0.514489 0.568171 0.632482 756.146 0.00796528 1.94277 391.044 92.9047 9.70755
529.23 2.23532 1.20169 339.45 1.45316 -1.45296 895.459 0.357922 0.380127 0.551892 0.598794 256.904 -2.85889 1.40593 970.832 92.9047 9.70442
746.95 -0.495186 0.355566 489.732 1.90736 -3.00769 2214.23 0.260063 0.0912165 0.454102 0.492447 17.5663 -2.54012 0.46757 397.121 92.9047 9.7134
1082.59 -0.685532 0.189863 432.679 -0.253596 2.05217 1139.65 0.333332 0.376754 0.484549 0.449566 875.878 -2.92113 1.30989 422.014 92.9047 9.71355
1441.95 0.0324469 -0.384953 326.776 -0.590669 2.77992 1470.64 0.598289 0.428354 0.614754 0.741371 841.147 2.67612 0.103801 360.673 92.9047 9.71398
857.7 -0.755126 -0.216854 469.472 -0.192275 -2.72926 1262.3 0.748409 0.763597 0.832145 0.591925 512.675 2.47496 1.07896 512.396 92.9047 9.71079
949.108 0.158028 2.7842 280.011 2.79458 -0.801957 2053.15 0.657456 0.254069 0.730742 0.500943 634.586 -0.159163 0.642794 353.836 92.9047 9.69549
404.272 -0.80669 -2.90233 308.041 -0.565118 -0.951249 597.735 0.513596 0.582257 0.727116 0.78995 435.349 1.62807 1.75279 323.328 92.9047 9.69554
552.203 -0.0886379 0.412617 517.975 1.64155 2.74445 1442.48 0.522922 0.67369 0.5281 0.816803 434.512 -1.64796 1.89077 645.089 92.9047 9.69189
762.008 0.768984 0.266878 634.704 0.954858 -1.86111 1296.84 0.128989 0.162223 0.659412 0.797479 239.396 2.50064 1.92144 454.393 92.9047 9.69045
802.775 -1.22495 -2.9479 538.038 0.879085 -0.425141 2080.51 0.644548 0.469655 0.586665 0.612183 239.376 0.749404 1.17454 452.301 92.9047 9.69032
415.848 -1.916 -2.46172 355.501 0.303342 -0.90432 1179.91 0.652236 0.682584 0.761145 0.755999 367.498 1.35765 2.26197 540.8 92.9047 9.69253
420.809 -0.405181 -0.770258 298.998 -1.12453 3.04439 749.313 0.74676 0.351091 0.722075 0.726728 251.246 1.55735 1.48704 323.177 92.9047 9.68941
432.86 -0.327271 -1.30311 288.181 0.798665 2.35669 807.699 0.407608 0.451506 0.55727 0.68808 128.126 1.9042 0.452492 451.386 92.9047 9.69298
553.784 -0.540298 1.70508 296.548 -1.46965 -3.05558 683.239 0.450456 0.589727 0.368006 0.578554 404.968 -0.902666 2.15292 803.907 92.9047 9.69429
686.769 0.646262 0.542507 383.558 0.256656 -1.94431 999.612 0.40109 0.530145 0.566213 0.471608 442.324 2.92259 1.41628 492.89 92.9047 9.69625
511.899 1.42564 -1.59763 459.977 1.21357 2.35393 913.067 0.360777 0.106418 0.807333 0.708655 184.481 0.755946 1.59799 834.842 92.9047 9.69834
457.71 0.711299 2.33685 347.482 2.33895 -1.27615 1160.13 0.5147 0.657165 0.483151 0.689958 231.991 -0.00752063 1.26863 440.511 92.9047 9.69859
813.133 0.133021 -0.836996 783.424 0.917007 2.23388 1743.12 0.333923 0.104386 0.450904 0.773832 40.4271 -2.62191 1.4274 817.988 92.9047 9.70139
612.111 0.64228 1.46795 346.715 1.44782 -2.52039 943.098 0.279849 0.496092 0.629644 0.77037 440.46 -1.04445 1.47594 350.786 92.9047 9.69955
473.44 1.05078 0.504525 423.749 -2.62606 -2.84409 2890.98 0.584987 0.484679 0.851303 0.360032 62.7979 -1.61527 1.22882 466.027 92.9047 9.69648
620.624 0.303342 -1.40328 277.246 -1.36646 -0.760296 834.062 0.611063 0.494217 0.764211 0.690547 847.968 1.70911 2.46941 491.133 92.9047 9.69815
562.33 -0.296888 0.144223 323.051 -2.54366 2.29527 1432.62 0.377428 0.500223 0.588002 0.560719 465.125 -2.40313 1.58479 893.916 92.9047 9.69564
486.18 -0.323097 -0.448081 268.391 2.74141 -3.07465 1742.78 0.453267 0.412658 0.670056 0.778556 183.462 1.94642 1.26212 386.41 92.9047 9.69204
342.889 1.16543 -1.36869 342.833 0.841011 0.21002 559.293 0.399669 0.478262 0.674788 0.744459 372.214 2.73978 2.17472 525.471 92.9047 9.69154
920.688 0.733619 1.11307 315.086 0.851048 -2.031 1286.76 0.476088 0.294302 0.388356 0.626046 594.243 -2.1344 0.103404 522.594 92.9047 9.69395
793.99 1.10449 -2.73356 267.875 1.21115 -0.356526 871.229 0.592498 0.553729 0.598472 0.839715 441.934 0.761932 1.11846 444.887 92.9047 9.685
659.186 -0.059138 -2.47567 600.929 1.26565 -0.847053 1309.2 0.596597 0.396615 0.731576 0.62836 666.827 1.07276 1.91981 336.452 92.9047 9.68313
588.904 1.02348 -1.54117 566.861 1.03368 1.47934 1159.08 0.52012 0.688996 0.585147 0.731154 60.2672 2.86171 1.38237 1152.79 92.9047 9.68261
434.556 -1.34849 2.40875 375.361 -0.148967 0.0709345 917.989 0.787124 0.315338 0.691666 0.640368 134.324 -1.15101 1.22194 589.467 92.9047 9.68349
801.602 0.273059 -0.571318 343.403 -0.660487 -2.58314 1099.67 0.274271 0.550252 0.80912 0.434276 418.392 1.854 1.84604 352.063 92.9047 9.68116
763.686 -1.13774 -2.3676 251.93 2.00832 2.19708 2134.6 0.515488 0.674614 0.647448 0.706486 704.791 0.363538 1.83355 342.694 92.9047 9.68152
508.604 -1.41528 -2.82081 353.718 -1.863 -0.713638 766.958 0.430774 0.387993 0.695796 0.761373 307.14 1.37274 2.08638 724.221 92.9047 9.67921
614.928 0.275875 0.314678 373.969 -0.78411 -1.64928 961.577 0.580918 0.379609 0.549562 0.7561 478.245 2.26916 1.95448 349.916 92.9047 9.68087
553.859 0.726387 -2.86145 373.843 0.0693552 -0.128196 970.362 0.299704 0.562477 0.594545 0.701034 564.154 1.12239 1.25059 801.772 92.9047 9.67978
748.75 0.388797 -0.9245 713.826 0.666528 3.00739 1373.03 0.300514 0.260393 0.743187 0.784419 346.316 1.07636 1.93103 971.378 92.9047 9.67523
610.514 -0.908159 -0.417652 528.039 -0.263753 2.64808 1222.68 0.352982 0.404053 0.490047 0.66693 130.981 -3.09915 0.535958 795.997 92.9047 9.67207
311.62 0.264791 1.05812 279.383 2.19596 -2.75101 870.065 0.548775 0.5729 0.440053 0.66407 138.902 -0.949825 1.80118 357.674 92.9047 9.66559
719.291 -1.03989 0.257981 312.922 -1.13305 2.32686 828.77 0.494507 0.706709 0.684092 0.604609 409.311 -2.4728 1.48352 414.486 92.9047 9.66238
474.883 1.24035 0.0775681 433.39 0.858674 -2.28499 864.959 0.591094 0.4228 0.75126 0.450802 343.514 2.19784 1.80035 475.311 92.9047 9.66056
419.605 0.0643019 0.957033 321.473 1.11816 -2.57262 834.948 0.261707 0.424404 0.693065 0.824299 61.4173 -1.62448 0.94814 442.115 92.9047 9.65987
1200.97 -0.657516 -2.13795 398.506 -0.92847 0.541501 1362.75 0.299384 0.534018 0.527629 0.710352 839.719 1.26053 0.71903 450.406 92.9047 9.66065
798.255 0.050132 0.978273 434.396 1.00155 -2.87126 1255.76 0.538404 0.548517 0.802226 0.740725 378.28 -1.87017 1.00109 641.86 92.9047 9.659
353.416 -0.472963 -3.08592 301.561 -0.114936 -1.74136 443.988 0.507226 0.194224 0.495661 0.548643 406.702 0.284498 2.02586 529.818 92.9047 9.65138
764.583 0.396393 -2.3645 492.39 -1.54845 2.087 1702.38 0.407439 0.57583 0.66941 0.592978 714.978 0.214546 1.87245 898.12 92.9047 9.6516
451.45 0.546166 0.668845 273.813 0.620343 2.80212 655.098 0.691961 0.533634 0.463501 0.748976 363.333 -1.82338 1.65768 327.644 92.9047 9.65468
739.03 -0.352918 -2.56199 653.471 -0.32908 1.40573 1290.36 0.36687 0.73608 0.498877 0.614595 549.501 -0.433556 1.83928 690.297 92.9047 9.65405
642.511 1.06548 1.9668 562.624 0.673084 -1.63203 1198.72 0.677106 0.490159 0.856941 0.397993 262.912 0.276097 1.69071 1208.84 92.9047 9.65398
424.246 -0.502116 -0.73588 309.772 -0.63757 3.07944 694.331 0.765432 0.762641 0.765318 0.608472 276.753 1.7139 1.36554 392.013 92.9047 9.65631
356.175 0.204276 0.643105 302.47 0.836222 2.456 571.022 0.372208 0.535068 0.602001 0.459073 541.667 -1.62103 2.20616 641.607 92.9047 9.65572
569.457 1.421 2.64393 322.341 -1.45882 -1.9722 1841.73 0.483768 0.484967 0.578989 0.725154 420.535 -0.0358609 1.93634 602.581 92.9047 9.65361
454.053 0.659793 -2.99411 315.444 -0.571312 0.659786 903.733 0.526453 0.670326 0.480866 0.753943 209.847 0.502254 0.157532 333.545 92.9047 9.65039
495.163 -0.847091 -0.412374 372.966 0.57841 -2.35511 975.31 0.642325 0.469237 0.763243 0.292076 449.164 1.94858 1.97949 432.599 92.9047 9.65581
810.615 -0.919366 -0.532575 709.154 1.03731 1.94906 2257.77 0.398451 0.557154 0.599719 0.456174 477.425 -2.4932 1.84092 1050.98 92.9047 9.65678
460.582 -0.337649 -1.43033 288.105 -0.0227459 1.7803 757.141 0.573523 0.378664 0.69617 0.684892 8.48622 1.47453 0.305776 508.1 92.9047 9.65911
906.323 0.88254 -0.0898949 311.936 0.80213 -1.69284 770.596 0.243756 0.528693 0.341782 0.183936 704.947 2.84899 1.74136 421.039 92.9047 9.66241
566.184 -0.81201 0.911546 254.83 0.418417 -2.62086 897.651 0.566935 0.47055 0.370171 0.565405 307.441 -1.99777 0.623094 317.166 92.9047 9.66282
417.392 2.29952 2.94967 340.99 1.1675 -0.698727 862.175 0.5558 0.357944 0.711041 0.286972 406.517 0.349308 1.04803 682.174 92.9047 9.65867
351.071 -0.809126 -2.02842 295.277 -0.604292 -0.204507 546.563 0.23248 0.692793 0.862662 0.720167 210.793 1.16692 1.37143 600.801 92.9047 9.65627
607.422 -1.3333 -0.725943 437.758 0.226042 -2.98307 1292.3 0.218204 0.672552 0.687714 0.622057 461.556 1.6872 1.61292 1141.13 92.9047 9.65492
683.419 0.398981 1.09661 436.149 0.774864 -3.05719 985.838 0.720387 0.424302 0.667478 0.494854 571.598 -1.41433 1.64286 482.015 92.9047 9.65454
455.561 -0.690451 -2.86425 372.438 -1.84206 -0.712521 888.309 0.630967 0.761609 0.368768 0.843206 308.329 0.464367 1.17689 632.515 92.9047 9.65589
535.192 -0.875687 -0.781004 318.022 -1.05826 3.05286 788.574 0.133288 0.517718 0.744358 0.800745 318.452 1.76006 1.29279 349.344 92.9047 9.65504
486.612 1.53673 2.68006 417.923 0.946773 -2.01352 714.109 0.532047 0.344092 0.718745 0.367825 254.408 -0.193217 1.8203 630.036 92.9047 9.65915
396.134 -0.737645 -0.896832 323.965 -0.132751 -2.91868 646.579 0.401632 0.365984 0.486954 0.610818 276.793 1.59329 1.77121 563.157 92.9047 9.65863
673.743 -0.480887 -2.49734 474.239 1.16576 0.556032 1550.45 0.467749 0.488055 0.814424 0.51533 195.729 0.866121 0.310089 486.782 92.9047 9.65016
525.429 -1.11686 -2.86032 360.095 0.180605 -3.06682 617.475 0.482215 0.554625 0.825733 0.359634 707.454 0.43552 2.78085 624.877 92.9047 9.65464
739.71 -0.751885 -0.0731901 317.544 2.46575 -2.42383 2494.86 0.545453 0.525607 0.496383 0.656462 297.414 2.346 1.51335 329.04 92.9047 9.65763
738.471 -0.26907 1.3602 272.038 -0.153071 2.94149 662.251 0.545037 0.440453 0.827496 0.623245 703.153 -1.40627 1.93542 582.638 92.9047 9.65632
898.812 1.23826 -2.57127 266.473 0.895244 1.49518 897.67 0.440102 0.226306 0.523604 0.667254 711.172 0.269235 1.22594 309.872 92.9047 9.6578
490.6 -0.326992 1.84963 360.193 -1.70993 -1.57299 1083.75 0.305253 0.711059 0.770498 0.827257 219.247 0.710501 1.13913 540.974 92.9047 9.65918
369.167 -2.21938 -2.68738 325.573 0.998613 0.914266 1825.24 0.447267 0.20761 0.59982 0.71084 346.475 -0.0229721 0.937238 511.242 92.9047 9.65826
785.282 0.44463 2.24989 587.809 -0.216303 -2.35385 1183.74 0.226873 0.311136 0.402699 0.491947 879.729 -0.324797 2.02905 890.238 92.9047 9.66042
524.379 1.13171 2.10057 376.502 -1.13966 0.720162 1371.94 0.305221 0.257439 0.663928 0.774866 642.027 -1.59186 2.31202 451.063 92.9047 9.6589
528.678 0.16147 1.62737 436.721 -1.13322 -1.56347 1190.18 0.527851 0.442006 0.223646 0.806345 148.674 -1.60679 0.0433197 503.383 92.9047 9.65835
396.735 -1.72307 2.80682 314.875 -0.447422 0.637143 796.705 0.606804 0.380815 0.731493 0.855671 284.053 -0.897645 1.53479 829.441 92.9047 9.65906
928.042 -0.262296 -0.320345 393.205 -0.551338 -2.51348 1109.49 0.480147 0.75997 0.457119 0.677027 719.325 2.3855 1.38421 429.194 92.9047 9.65313
1015.76 0.441214 2.72333 402.938 -0.624086 -0.142699 1486.57 0.80009 0.65587 0.577445 0.669664 351.563 -0.720043 0.577344 427.411 92.9047 9.65232
552.991 -1.23108 1.48484 264.276 2.72354 -0.202233 2769.74 0.728724 0.514732 0.707325 0.741872 479.501 -2.10865 1.90642 377.185 92.9047 9.65224
265.054 -2.00859 -0.827912 252.62 2.3835 1.45767 2346.8 0.790778 0.439478 0.758647 0.808619 90.5003 -2.7704 1.94249 381.673 92.9047 9.65159
568.568 1.04868 -2.74599 447.664 0.815668 -0.052484 1015.47 0.650065 0.52613 0.546622 0.677429 248.497 1.09109 1.14357 558.171 92.9047 9.65136
739.04 -0.986288 -2.71051 259.17 0.699092 -1.03077 1110.09 0.209337 0.593219 0.498448 0.810667 717.332 0.764921 1.79569 296.399 92.9047 9.65215
766.244 -0.00184905 2.13388 387.417 -1.13214 -0.235115 1209.25 0.349783 0.670406 0.554651 0.572033 705.773 -1.76132 1.5262 410.727 92.9047 9.65222
1664.7 0.455055 -0.439661 1400.26 0.385242 2.21349 3194.32 0.204317 0.62087 0.493448 0.411897 770.796 -2.58537 1.48433 690.537 92.9047 9.65456
675.792 1.41029 -1.26702 541.659 1.57922 2.1104 1258.98 0.267034 0.563133 0.768276 0.656471 379.446 1.05368 1.05672 676.306 92.9047 9.65356
924.697 -0.288671 -1.00944 572.534 -0.145455 2.23229 1464.34 0.481974 0.274088 0.841087 0.366993 356.205 1.99009 0.2422 1515.66 92.9047 9.65006
645.621 0.482454 2.72353 356.145 -0.749342 -1.80869 975.687 0.490539 0.666967 0.291339 0.706691 391.274 0.596348 2.12718 808.433 92.9047 9.64744
413.724 -0.484342 0.577969 358.937 -1.68836 -1.55803 840.41 0.591981 0.693529 0.860236 0.804444 345.417 2.82997 1.89519 408.179 92.9047 9.64986
579.406 0.891105 -0.681949 306.692 1.66674 -2.42939 741.54 0.538486 0.773138 0.715046 0.749415 495.616 2.08764 1.76615 427.336 92.9047 9.65248
895.465 -0.49686 1.23095 695.854 0.168735 -2.15036 1667.06 0.484126 0.781361 0.345993 0.562524 210.101 -1.66164 0.488723 1058.36 92.9047 9.65611
570.257 0.199021 1.53289 253.377 1.58498 -1.94053 949.85 0.781007 0.570964 0.491538 0.807299 263.843 -1.33311 0.607421 321.321 92.9047 9.65737
379.601 1.74496 1.14178 300.914 0.694249 -1.97575 786.469 0.673592 0.70638 0.591877 0.60617 122.707 -0.985786 0.989959 424.318 92.9047 9.66096
569.252 -0.119895 -1.76971 414.619 1.36369 1.51686 1250.74 0.32356 0.29561 0.582864 0.648466 144.84 0.405532 1.11133 509.064 92.9047 9.66673
473.529 1.12013 0.319757 337.739 1.46706 2.0797 648.422 0.471876 0.61978 0.448861 0.584211 477.455 -2.19521 2.00827 396.617 92.9047 9.66733
909.052 1.43974 0.785581 746.456 0.353379 -2.99621 1829.02 0.535979 0.668997 0.71053 0.612599 223.591 -1.71503 1.28118 351.775 92.9047 9.66436
626.124 1.1102 -2.08421 260.342 -0.93017 1.38416 1285.96 0.30545 0.781637 0.823874 0.712273 410.854 0.925021 0.459137 933.161 92.9047 9.66147
672.179 0.446508 1.43314 410.142 1.92192 -1.11441 1321.7 0.413656 0.687713 0.787738 0.709981 402.229 -2.31573 1.20132 414.544 92.9047 9.66116
554.282 0.27868 -1.14481 494.421 0.186729 2.52015 1038.54 0.458334 0.448339 0.56845 0.709259 200.135 2.36947 0.15068 849.704 92.9047 9.65488
354.019 0.0134535 0.794323 326.81 5.59571e-05 -2.7829 667.043 0.174784 0.474431 0.495143 0.644919 127.783 -0.896286 1.69061 385.77 92.9047 9.65789
1094.52 0.160744 1.52631 490.375 0.984466 -0.819732 1584.4 0.416111 0.401443 0.466273 0.623932 856.784 -2.02489 1.20516 430.213 92.9047 9.65846
769.516 -0.0707387 0.435934 718.875 0.596691 -1.98615 1490.65 0.681087 0.675727 0.683056 0.72943 306.84 2.45918 1.83785 1014.46 92.9047 9.66244
444.603 1.27654 -0.452093 427.002 0.827108 2.41268 895.705 0.479117 0.507217 0.474895 0.735282 82.8887 -2.03851 1.58642 544.387 92.9047 9.65874
496.039 -0.526769 1.31449 338.448 0.279284 2.33892 532.093 0.13189 0.534874 0.583087 0.670394 661.952 -1.33575 2.60851 454.949 92.9047 9.65676
615.597 -1.72383 2.53863 405.924 0.702113 -0.0713535 1827.26 0.443371 0.360315 0.699199 0.704786 225.53 -1.28812 1.21677 771.692 92.9047 9.656
801 0.645495 1.56378 533.564 0.168038 -2.23546 1399.59 0.427473 0.182977 0.315115 0.617008 567.961 -0.305869 1.86965 637.568 92.9047 9.65979
1290.6 -1.5676 -1.95701 353.112 -0.463562 2.44321 1376.59 0.411306 0.426204 0.609937 0.336854 1187.43 0.91287 1.53034 388.488 92.9047 9.65671
676.625 -1.2355 -1.80814 428.009 -0.527843 0.15396 996.154 0.562818 0.715412 0.76348 0.628044 511.423 2.00131 1.84735 528.897 92.9047 9.66018
1061.02 -0.086634 1.28167 541.879 0.453876 -1.33009 1528.21 0.644328 0.620254 0.419751 0.432335 612.389 -2.41269 1.0826 618.385 92.9047 9.6603
1555.92 0.339304 -1.02841 926.888 0.071622 1.85428 2408.62 0.123688 0.48773 0.599075 0.726842 354.769 2.44167 0.587394 377.286 92.9047 9.66367
348.145 -1.33443 0.900242 305.27 -2.61978 -2.09667 795.737 0.575472 0.643351 0.727226 0.503761 95.6233 -2.74294 0.646273 371.201 92.9047 9.66326
728.347 0.705709 1.1087 380.353 -0.423209 -1.10181 1144.62 0.348063 0.626682 0.754059 0.750878 521.21 -2.45684 1.35503 813.55 92.9047 9.66309
904.151 1.14892 -1.40446 449.706 0.0381906 1.58252 1503.4 0.436195 0.727692 0.625482 0.719273 238.283 2.32599 0.743464 303.179 92.9047 9.66512
583.212 1.07972 -2.61076 281.644 -0.342608 0.0370402 1023.83 0.692103 0.489805 0.608282 0.498628 396.152 0.240082 0.203042 327.075 92.9047 9.66923
638.654 1.20094 0.0652952 314.533 0.388719 -2.96609 991.59 0.632301 0.576691 0.428974 0.844936 333.228 2.39912 0.91798 349.418 92.9047 9.67037
506.012 1.0202 -1.50841 411.145 0.130063 -2.71858 675.379 0.414752 0.455476 0.44907 0.747971 698.928 1.07307 2.49154 592.378 92.9047 9.67148
557.809 0.523497 2.02406 263.115 1.17887 -2.53821 652.963 0.212276 0.42658 0.8387 0.633113 560.017 -0.697671 1.84054 322.517 92.9047 9.67235
642.872 0.167919 -1.90763 331.634 -1.90825 2.21965 1409.15 0.514049 0.664984 0.361077 0.583893 226.553 0.973501 1.24615 438.158 92.9047 9.67136
763.573 -0.83687 0.93735 265.977 0.822777 -1.9481 1230.23 0.0753302 0.748447 0.493832 0.651971 440.794 -2.65301 0.704908 299.677 92.9047 9.6718
487.195 -0.0121993 1.48594 383.926 -0.38248 -2.34224 876.018 0.264086 0.421759 0.662812 0.643561 204.56 -0.604366 1.73788 498.494 92.9047 9.6748
758.492 0.68821 -0.108209 631.204 0.562272 2.2331 1289.18 0.586492 0.748495 0.739167 0.71661 434.759 -2.245 1.80509 655.46 92.9047 9.66859
869.695 0.0457204 -2.54496 489.692 -1.73956 1.54509 1791.65 0.444253 0.0567252 0.71964 0.634913 605.9 0.0348364 1.51026 353.097 92.9047 9.6648
456.465 -0.357114 2.91674 384.448 -1.31091 2.23508 504.238 0.36977 0.362945 0.293421 0.437948 602.921 -0.209942 2.44502 1062.31 92.9047 9.66
415.746 -1.14123 -1.83286 399.053 -0.026803 -2.29171 526.276 0.672826 0.514031 0.688426 0.682827 720.934 1.06106 2.89392 473.507 92.9047 9.65927
632.801 -1.95693 0.6849 257.137 0.1276 -1.58603 1249.18 0.419481 0.468031 0.438195 0.61227 417.001 -2.70977 1.12374 374.995 92.9047 9.65892
440.031 1.04146 -0.0560916 349.977 0.481457 2.58673 798.529 0.336063 0.578487 0.589566 0.77629 228.17 -2.84499 0.85147 469.97 92.9047 9.65974
852.497 0.138567 0.503372 489.865 -0.388489 2.9233 1273.06 0.758686 0.61104 0.623732 0.490192 564.987 -2.02581 1.33407 551.231 92.9047 9.65965
734.369 1.39891 0.952229 400.403 1.56955 -1.38135 1021.01 0.752037 0.485757 0.447167 0.526358 593.847 -2.77966 1.3983 476.223 92.9047 9.66368
596.211 -0.87066 -1.41486 276.997 2.15707 2.15378 1931.35 0.419225 0.518545 0.4386 0.528587 357.24 1.43298 0.720799 284.1 92.9047 9.66311
299.724 -0.861078 0.33446 269.772 -1.06038 2.86564 564.055 0.653642 0.610118 0.454736 0.734252 173.302 -1.62905 1.78849 568.302 92.9047 9.66395
551.734 0.121269 -1.85944 338.042 1.49019 2.27223 1004.14 0.456605 0.236984 0.375075 0.4402 297.771 1.16422 1.10802 370.074 92.9047 9.66251
739.465 0.638794 0.796639 384.073 -0.896115 -2.72466 1398.18 0.204242 0.358963 0.43276 0.669864 337.137 -2.23852 0.48614 446.538 92.9047 9.65426
759.319 0.432795 -1.93833 385.876 -0.803427 1.64682 1278.88 0.375598 0.233794 0.716961 0.571597 446.931 1.02743 0.619395 491.596 -92.9047 9.65441
542.467 -0.912459 -2.50414 337.392 1.65464 1.15862 1657.58 0.666613 0.326236 0.607772 0.84977 289.124 0.27389 0.884732 408.491 92.9047 9.65741
609.587 0.155952 -2.21366 388.635 0.948077 0.448475 1030.35 0.314162 0.643955 0.543995 0.731146 477.625 2.25975 1.80978 479.678 92.9047 9.65733
488.164 1.10244 1.64031 466.051 0.290847 -2.88775 843.386 0.755596 0.466427 0.554089 0.590495 359.622 -0.888338 1.99941 730.167 92.9047 9.65722
703.267 1.8961 1.361 306.698 0.540655 -2.6346 1108 0.45249 0.391605 0.399934 0.251563 408.673 -1.28223 1.35237 457.314 92.9047 9.65439
528.965 -1.52169 2.90153 400.168 -1.1249 -1.55536 785.639 0.452323 0.295519 0.544569 0.732055 582.693 0.484581 2.03994 560.441 92.9047 9.65473
1524.87 -0.461704 -0.498718 323.498 0.0248519 -2.36693 1468.52 0.045469 0.272555 0.852333 0.777895 1450.34 2.42833 1.48792 625.661 92.9047 9.65839
1121.36 0.0548585 -2.90999 917.111 0.142386 -0.226081 2081.17 0.506625 0.220963 0.590272 0.521715 339.244 -0.216411 0.00966942 381.76 92.9047 9.65739
801.067 0.894776 -2.32002 369.695 0.896244 -0.0394831 1003.94 0.589401 0.38328 0.733117 0.569013 551.57 0.667455 0.706938 404.684 92.9047 9.65741
442.335 1.40438 1.72006 440.578 0.682894 -0.585973 873.974 0.603224 0.451046 0.595694 0.77766 314.037 -2.59277 1.97035 482.215 92.9047 9.65743
681.196 0.635483 2.5296 344.37 -0.257164 -1.57419 969.623 0.275304 0.592709 0.473849 0.477176 498.469 -0.13162 1.44257 391.089 92.9047 9.65679
576.547 -0.454026 -2.8097 294.943 -1.18856 1.27944 811.57 0.564449 0.541095 0.773369 0.572239 457.776 -0.244417 1.52385 942.639 92.9047 9.65543
690.713 0.897226 1.70453 606.095 1.70482 -0.993976 1410.82 0.443414 0.617802 0.686646 0.653087 281.386 -2.52921 1.53523 616.017 92.9047 9.65837
571.482 -2.00941 2.96077 443.634 0.543602 -0.595483 1943.19 0.402846 0.547667 0.743139 0.401234 216.412 0.813947 1.40943 532.703 92.9047 9.65625
572.416 -0.583689 1.69666 274.627 1.32102 -1.84043 1175.75 0.50202 0.662922 0.653423 0.603083 117.111 -1.08469 0.755734 504.179 92.9047 9.65789
866.315 -1.35602 -2.68107 542.983 1.16679 0.654907 2620.52 0.640663 0.70605 0.601318 0.654549 520.532 0.332781 0.322127 621.128 92.9047 9.65472
698.513 -0.0941871 -1.53224 363.542 -0.661284 2.91136 862.084 0.557457 0.316501 0.267562 0.784898 639.407 1.10406 1.8073 1109.11 92.9047 9.6546
381.545 1.27056 2.12372 251.541 -0.618349 -2.014 875.187 0.657435 0.497214 0.752307 0.796304 329.271 -0.4889 1.5251 310.067 92.9047 9.65308
526.483 0.193074 -2.51705 311.23 1.33509 1.83424 849.244 0.353322 0.772249 0.745171 0.848639 509.485 0.051598 1.78264 375.2 92.9047 9.6539
383.349 0.256439 0.55114 351.132 1.67348 2.3633 810.706 0.529559 0.562798 0.590033 0.788611 155.209 -1.35642 1.90756 449.483 92.9047 9.65354
793.477 0.253154 2.04934 637.978 0.253519 -1.70979 1403.07 0.298953 0.194409 0.732222 0.622074 463.177 -0.148166 1.56163 659.482 92.9047 9.65647
300.693 1.52751 1.47184 268.621 -0.291112 -0.615345 771.392 0.428086 0.514401 0.686348 0.671157 231.006 -2.57089 1.95555 378.832 92.9047 9.65799
382.954 0.0797579 1.61617 300.481 -1.21927 -1.35363 833.047 0.120065 0.442638 0.271311 0.482589 117.042 -2.00042 0.646785 697.097 92.9047 9.66232
1009.77 0.0437928 -1.68454 644.265 -0.984649 1.1058 1844.67 0.497881 0.304187 0.702252 0.543046 369.864 1.85708 0.751275 675.371 92.9047 9.66463
1119.7 0.0428386 2.64685 693.504 -0.31095 -0.945141 1753.76 0.591552 0.574268 0.431533 0.813315 437.909 -0.178601 0.76654 731.323 92.9047 9.66585
754.1 0.765114 -1.80445 377.68 0.336443 0.0397058 895.36 0.680189 0.355864 0.472893 0.283682 460.085 1.98068 1.94097 320.243 92.9047 9.66558
577.251 -1.6578 -1.8754 388.463 1.0305 2.94048 1809.41 0.15738 0.499806 0.632334 0.799271 627.428 0.45805 2.33345 821.79 92.9047 9.66854
876.138 1.3559 2.87436 399.014 -1.77415 0.173199 2942.86 0.525267 0.634179 0.720562 0.702659 473.165 -0.571153 0.744352 472.663 92.9047 9.675
579.01 0.529273 0.218993 318.005 -1.51948 1.15997 1113.14 0.474916 0.625727 0.556792 0.750541 682.713 -2.54413 2.57909 730.584 92.9047 9.67006
527.671 -0.958383 2.56551 401.377 -0.925827 -1.1765 893.702 0.639113 0.506744 0.441747 0.702247 239.723 0.222775 1.39927 605.13 92.9047 9.67002
526.134 -0.20591 1.34092 478.36 0.968082 -1.12263 1145.95 0.410045 0.627373 0.701916 0.711554 279.277 -2.59614 1.47351 672.295 92.9047 9.67077
432.633 1.65551 -2.13845 312.73 0.656187 -2.78777 462.941 0.63166 0.583989 0.734413 0.568782 657.505 0.806105 2.68931 515.01 92.9047 9.66932
447.483 -0.569219 -2.50502 425.061 -1.78626 0.278797 1036.06 0.461983 0.788625 0.570664 0.60236 97.3355 1.90612 1.62732 494.632 92.9047 9.66835
441.072 -0.371741 -0.137102 312.781 -0.741872 -2.20924 671.577 0.754868 0.42556 0.750877 0.661937 561.531 2.59836 1.47558 315.35 92.9047 9.66866
828.274 0.900987 -0.474935 746.234 0.560797 1.47514 1338.74 0.195786 0.357284 0.619461 0.429435 718.95 3.10222 1.62709 402.363 92.9047 9.66784
816.851 0.896707 0.673385 560.76 0.571081 2.47991 1123.44 0.615396 0.407746 0.776417 0.293289 834.829 -1.78168 2.02159 491.563 92.9047 9.6673
520.688 0.847747 1.5315 475.511 0.699184 -1.54285 1015.68 0.598238 0.139909 0.690607 0.66702 46.9473 -2.52187 0.979022 507.302 92.9047 9.66393
435.264 1.50374 -0.755394 278.962 0.14262 1.11924 768.465 0.371262 0.654412 0.751652 0.522693 415.792 2.83696 1.71772 416.559 92.9047 9.66079
691.616 0.311754 1.32111 343.247 -0.289234 -1.33051 1017.45 0.419556 0.498082 0.429908 0.744172 441.658 -1.96231 0.631806 387.019 92.9047 9.66325
683.05 -0.361709 -2.36796 325.255 -1.66733 0.940444 1161.03 0.377043 0.398937 0.444335 0.676365 154.687 0.0563949 0.884049 339.45 92.9047 9.65988
746.262 0.775848 -1.7236 554.887 -0.34101 2.0003 1451.27 0.486295 0.869635 0.559823 0.484197 271.047 1.35355 0.646749 398.387 92.9047 9.66095
640.855 0.181553 -0.891566 462.878 -1.13417 2.18813 1426.04 0.162008 0.562178 0.712118 0.713133 346.962 1.14944 1.03869 342.294 92.9047 9.66183
451.06 1.31044 1.93044 401.577 -0.0428228 -1.21508 1099.38 0.461182 0.385885 0.597768 0.640592 36.9304 -1.12353 0.0915529 439.406 92.9047 9.65989
555.83 1.30723 1.52918 552.871 -1.85172 -1.5175 2806.68 0.62531 0.740805 0.727404 0.651565 39.0102 2.88496 1.35578 586.715 92.9047 9.65874
1081.75 -0.606301 -1.76063 455.993 -0.277007 1.3689 1500.13 0.263704 0.15303 0.681082 0.720588 604.72 1.38959 0.0206902 464.837 92.9047 9.6597
438.76 0.538321 0.478136 259.532 -1.27205 -1.95024 944.984 0.558573 0.715219 0.662962 0.686965 188.028 2.45377 1.87917 427.255 92.9047 9.66113
526.752 0.938459 -2.83089 275.914 -0.347064 0.56579 921.564 0.310089 0.535986 0.465457 0.491302 422.388 0.190783 0.375007 383.638 92.9047 9.66052
721.422 0.546388 0.902486 508.003 1.29695 -2.45672 1327.82 0.427389 0.492099 0.742213 0.668798 235.207 -2.54548 0.0887558 793.482 92.9047 9.66035
783.061 -0.79314 1.63745 773.344 0.954793 -1.2755 2196.74 0.719207 0.349122 0.674731 0.703609 396.887 -2.75226 1.47676 1079.51 92.9047 9.66113
535.775 -0.413149 1.39975 350.452 1.21695 -2.87664 1095.79 0.593067 0.141281 0.818214 0.827298 483.733 -1.07799 1.79865 888.856 92.9047 9.6609
351.274 -0.332258 -2.06824 284.183 -2.30305 0.769296 973.849 0.281331 0.789692 0.657172 0.794926 189.525 2.75376 1.46118 434.38 92.9047 9.66064
533.895 1.18891 -2.73807 482.583 0.138837 0.926615 1131.68 0.511218 0.233786 0.799071 0.219291 106.495 -1.05437 1.68371 669.743 92.9047 9.66283
271.8 -0.754195 -1.80424 257.228 0.342207 -2.00336 316.498 0.408488 0.512748 0.791998 0.545662 520.935 0.983856 2.78809 356.461 92.9047 9.66253
1205.61 -0.867041 -0.0749853 622.156 -0.548864 2.95683 1758.26 0.421832 0.557828 0.464135 0.525379 370.712 3.13203 0.175195 803.78 92.9047 9.66125
813.688 -0.863502 -3.08396 347.38 1.5536 1.43925 1884.8 0.135179 0.464574 0.880039 0.718773 677.838 -0.282534 1.72179 1421.02 92.9047 9.65888
460.992 0.793086 -2.9976 457.31 0.963523 0.605548 951.703 0.308 0.646901 0.763255 0.602621 312.166 -2.07684 0.920766 513.964 92.9047 9.65814
488.971 2.01758 -1.49276 450.11 0.567856 2.17936 1210.33 0.169523 0.640207 0.646484 0.487895 244.176 0.490305 1.68905 568.056 92.9047 9.65905
608.254 -1.09239 2.30575 371.365 0.20277 -0.514471 1152.14 0.600513 0.687158 0.669821 0.593696 259.222 -1.40709 0.892621 563.822 92.9047 9.65865
611.063 0.222061 -0.828209 301.349 -1.55197 2.05822 1261.05 0.394501 0.244277 0.737716 0.77351 315.278 2.54817 0.489949 816.148 92.9047 9.6531
1097.06 0.872666 -2.14338 409.08 1.4911 2.31957 1149.78 0.553751 0.660922 0.641005 0.72177 1010.69 0.629376 1.69019 475.961 92.9047 9.6503
772.415 0.125183 -0.845223 467.416 -1.58131 -3.0946 1638.06 0.466348 0.155423 0.307729 0.686131 550.585 1.62622 1.56237 358.126 92.9047 9.65095
1094.58 -0.788411 -2.57122 342.99 -1.4674 2.32849 896.457 0.673562 0.0777487 0.763511 0.764714 1212.93 0.376379 1.95211 482.776 92.9047 9.6514
533.179 -1.18895 1.69955 377.767 1.40722 -0.539978 1724.87 0.427941 0.593647 0.340271 0.558786 426.769 -2.32097 1.78099 418.295 92.9047 9.65052
661.209 -0.82814 2.73281 380.643 -0.130229 -0.390886 1095.42 0.35192 0.651244 0.679591 0.697665 227.906 -0.415941 0.0250551 499.91 92.9047 9.64451
540.165 -0.127495 -1.47409 308.388 1.58697 2.45791 1093.38 0.410851 0.455141 0.453593 0.726707 380.399 1.00081 1.4571 349.635 92.9047 9.64366
645.098 -1.13697 0.754795 439.185 0.536408 -1.29421 1369.55 0.517138 0.530121 0.656922 0.512732 529.753 3.13202 1.85695 585.55 92.9047 9.64087
645.716 -1.30121 -3.0592 520.41 -0.659532 0.449206 1219.37 0.801888 0.428728 0.723643 0.664429 250.272 -0.00105465 0.450261 901.602 92.9047 9.64012
899.979 0.567414 -2.50451 400.366 -1.74103 0.388268 2089.89 0.218677 0.440562 0.552108 0.685892 494.776 0.837406 0.449138 437.502 92.9047 9.6415
862.048 -0.263801 1.16528 416.324 -0.964068 -1.39335 1249.81 0.363989 0.669394 0.661092 0.587717 247.403 -2.56398 1.17063 358.48 92.9047 9.6389
1003.19 0.455288 0.877349 279.807 -0.0825263 2.82642 931.602 0.742733 0.475202 0.630074 0.643828 859.93 -1.98699 1.46978 337.403 92.9047 9.63876
631.884 -0.951851 -0.584143 347.36 0.511133 -2.12982 1027.26 0.681202 0.530643 0.730541 0.773529 632.736 2.10503 2.04834 446.059 92.9047 9.64194
599.579 0.409535 0.393584 272.077 -2.65728 -1.51781 1937.37 0.429497 0.668677 0.558261 0.882428 498.17 3.09414 1.67123 445.793 92.9047 9.64137
426.487 0.392291 -0.57812 353.904 -0.967873 -3.0093 953.482 0.561224 0.734412 0.712519 0.67561 228.356 1.61938 1.65451 528.764 92.9047 9.63984
637.751 -0.704989 -0.811285 600.42 -0.614895 1.87724 1228.14 0.50362 0.434781 0.567154 0.724907 219.522 2.37795 0.500707 625.137 92.9047 9.64083
513.562 -0.297926 -0.659309 389.702 -0.556038 -3.09809 855.991 0.674851 0.56011 0.815648 0.763292 406.708 1.29528 1.88982 437.949 92.9047 9.64221
830.64 1.65725 -0.566154 482.286 -0.491009 2.65717 2073.02 0.448338 0.283404 0.417694 0.658665 131.519 -2.98126 0.644749 336.724 -92.9047 9.64036
397.038 0.537276 0.985329 287.454 -0.558264 -0.757625 680.79 0.628356 0.413665 0.637625 0.467815 337.504 -3.0783 2.21956 629.806 92.9047 9.64114
1228.08 -0.789297 2.12831 593.175 0.315882 0.0511411 1783.24 0.342141 0.744646 0.644333 0.574409 1025.63 -1.48973 1.54087 665.155 92.9047 9.64159
362.811 1.40516 1.91826 273.062 1.49998 -0.768854 627.55 0.769091 0.365864 0.730076 0.614413 167.088 -1.58719 0.818332 653.376 92.9047 9.63809
749.126 -1.31015 -0.9194 312.069 -0.903046 1.3808 915.657 0.331572 0.455076 0.643667 0.540372 446.8 2.68178 1.30097 501.175 92.9047 9.63706
691.448 1.02835 0.266189 286.229 -0.613739 -2.35164 1196.21 0.385912 0.664777 0.59092 0.58963 227.282 2.53447 1.39707 402.852 92.9047 9.64007
335.164 0.757144 0.41622 318.408 0.119627 2.7928 659.043 0.725812 0.567652 0.828512 0.411989 331.501 -1.93016 1.56022 494.644 92.9047 9.64371
540.389 -1.49222 0.560384 406.783 -1.33288 -1.74039 861.849 0.397576 0.844325 0.584754 0.639529 328.155 3.00668 1.53612 497.595 92.9047 9.64528
326.396 1.34876 0.121049 277.538 0.342583 -1.39494 544.312 0.628723 0.385303 0.653333 0.51343 319.771 2.69919 2.18906 382.461 92.9047 9.64213
1114.48 -0.0699811 1.32454 464.894 -0.72164 -1.55052 1518.37 0.499757 0.276601 0.697877 0.545252 729.924 -1.63039 0.0798751 786.845 92.9047 9.64338
412.774 1.24387 -1.54718 346.173 -1.35861 -0.427182 1350.58 0.603137 0.566629 0.763482 0.809181 469.506 2.15183 2.57901 570.765 92.9047 9.64371
318.441 -0.639663 1.02003 267.824 -1.43022 3.00674 555.036 0.644529 0.546759 0.721582 0.600213 89.4178 -0.861252 1.88128 842.402 92.9047 9.64201
663.343 -0.0136311 -2.11165 662.793 -0.0104161 0.837914 1389.5 0.111712 0.487843 0.642914 0.665399 36.0049 -0.685359 1.42629 839.58 92.9047 9.64271
348.952 -0.577584 1.42787 347.351 0.825409 0.841162 568.108 0.43078 0.715795 0.608758 0.393049 393.369 -1.87995 2.72111 515.188 92.9047 9.64237
640.685 0.546498 2.95119 601.794 -0.0764875 0.146654 1291.53 0.0576978 0.508251 0.5837 0.661859 408.387 2.92444 0.0267503 552.121 92.9047 9.64229
439.117 -1.43848 -2.12328 304.604 1.90285 -0.101306 1976.18 0.49188 0.782463 0.627193 0.755952 348.896 2.20896 1.95094 525.793 92.9047 9.63889
849.05 -0.85553 2.99542 532.602 -0.441266 -1.65814 1020.66 0.584069 0.274618 0.510483 0.670769 886.584 0.354606 2.01274 686.006 92.9047 9.634
458.14 -0.3387 -0.957613 263.533 0.277582 2.71963 713.441 0.496701 0.0769864 0.843205 0 291.463 1.67803 1.0416 374.03 92.9047 9.63601
490.563 1.20835 -0.402726 397.444 1.60876 -2.88346 860.125 0.386808 0.316755 0.460005 0.563965 404.621 1.59927 1.80045 465.394 92.9047 9.63485
466.56 -0.804644 1.05081 251.442 0.0378247 -0.978651 719.118 0.120517 0.368717 0.72961 0.403347 377.029 -2.16401 1.18535 454.385 92.9047 9.63344
748.138 0.0731595 -1.38272 460.152 -0.288208 1.35431 1221.07 0.279991 0.441162 0.626706 0.838273 358.32 2.24112 0.886807 505.443 92.9047 9.63619
311.8 -2.26233 2.90933 301.128 0.922754 1.60659 1495.01 0.528231 0.585002 0.739166 0.509049 445.006 -0.741241 2.34783 405.918 92.9047 9.63628
863.343 -0.235494 1.00848 383.323 -1.60976 -1.29208 1360.75 0.234229 0.589775 0.308714 0.679139 647.615 -2.53517 1.24309 1279.98 92.9047 9.63624
285.666 -1.94392 2.81968 282.426 -0.328557 0.765295 711.251 0.754583 0.79447 0.805265 0.73473 275.751 -1.41357 2.04993 346.713 92.9047 9.63665
528.989 0.386558 2.13288 434.054 1.04874 -2.44564 827.376 0.563065 0.210846 0.863156 0.867249 407.036 -0.14822 2.2811 825.343 92.9047 9.63231
533.029 0.692582 -1.09875 373.852 -1.05475 3.02201 1188.15 0.224647 0.286507 0.600361 0.780227 390.542 1.3268 1.69521 435.509 92.9047 9.63245
570.571 -0.734282 2.80506 515.778 -0.245585 -0.501296 1178.01 0.555207 0.322256 0.431091 0.811844 204.499 -0.16645 0.334846 618.304 92.9047 9.63301
652.626 -0.136681 3.08624 471.868 1.13305 0.681966 1324.4 0.172163 0.627198 0.609195 0.766707 270.651 -0.624222 1.30619 837.987 92.9047 9.63476
342.022 -0.703555 0.568065 274.078 0.668893 -1.84841 732.172 0.465564 0.0525212 0.242414 0.397227 122.176 2.52181 1.91297 394.815 92.9047 9.63414
677.82 1.4576 0.522722 345.075 -2.02128 -2.57405 2840.48 0.395735 0.446027 0.392653 0.647841 269.407 -2.57355 0.000502586 406.115 92.9047 9.63231
1026.46 1.36027 -0.249237 423.222 -1.08881 -2.97193 2426.58 0.73318 0.755564 0.8886 0.84098 363.769 2.70536 0.605894 301.391 92.9047 9.6304
692.331 1.12647 -1.75043 370.889 2.1463 0.874707 1136.3 0.472361 0.507287 0.614799 0.813702 381.576 1.95435 1.07964 444.551 92.9047 9.63363
416.751 1.08981 2.68478 412.542 -0.210146 -2.5183 750.5 0.608541 0.587144 0.607322 0.290944 643.862 0.202603 2.48217 945.583 92.9047 9.63402
346.747 0.0665119 0.0372781 344.144 -0.715668 -0.847415 416.731 0.603478 0.646445 0.673344 0.772037 565.076 2.74005 2.69572 420.815 92.9047 9.63468
596.406 0.0492349 -0.348698 510.964 -0.14257 1.86287 999.271 0.13282 0.401605 0.210859 0.548123 506.229 -2.4234 1.99691 698.316 92.9047 9.63482
437.045 -0.288644 2.67171 436 0.675412 0.236198 957.065 0.459304 0.560774 0.785903 0.394476 224.957 -0.977662 1.21386 644.816 92.9047 9.635
870.844 -0.672262 -1.83596 492.45 0.0431539 -3.05946 901.412 0.551034 0.669535 0.740564 0.717483 615.545 0.857476 2.36625 556.492 92.9047 9.6348
523.198 0.667316 -1.65626 482.778 -0.167126 2.96811 867.52 0.444223 0.0999722 0.47406 0.290191 429.193 0.722443 2.24567 764.642 92.9047 9.63472
993.821 -0.792808 1.32972 953.788 -1.04277 -2.30244 1917.2 0.53424 0.65862 0.664133 0.747391 354.269 -0.6234 1.67904 1113.66 92.9047 9.63379
745.149 -0.643138 -0.500805 422.566 1.14351 2.55818 1602.65 0.346519 0.41698 0.438424 0.416078 360.013 1.82094 0.737244 496.938 92.9047 9.63359
973.074 -0.625236 -3.00782 456.753 -0.298743 -0.762066 1241.28 0.55258 0.540324 0.650362 0.651654 886.406 0.401528 1.16359 487.895 92.9047 9.63327
707.921 -1.27536 2.34443 685.676 2.17973 -0.458193 4038.04 0.159666 0.733281 0.664201 0.776253 121.838 -2.25909 1.67966 806.899 92.9047 9.6333
436.994 0.378727 0.755196 294.034 -1.04418 2.93811 850.131 0.410891 0.615756 0.483289 0.659608 319.369 -1.77838 1.56669 354.177 92.9047 9.6305
452.2 1.50726 -3.0781 360.983 0.509362 -0.398791 894.367 0.37766 0.573504 0.419744 0.754605 167.795 0.790513 1.1893 419.981 92.9047 9.63076
704.416 0.868383 -2.45981 300.392 0.0340196 1.38428 975.518 0.249732 0.604418 0.556565 0.565191 395.126 0.161575 1.2227 422.924 92.9047 9.63435
791.42 1.04509 -1.51446 417.143 -0.290089 2.0071 1399.93 0.478649 0.121796 0.570159 0.725534 499.353 2.17461 0.167511 519.789 92.9047 9.63493
671.867 0.675439 2.64915 294.153 1.78807 0.708289 946.628 0.503151 0.31744 0.520978 0.560406 414.519 -0.982426 1.69072 357.974 92.9047 9.63987
681.953 0.779186 -2.68646 271.964 -1.54944 1.28998 1477.89 0.685038 0.432217 0.729511 0.654784 253.963 -0.0131713 1.30316 1035.79 92.9047 9.63904
469.833 -0.278053 0.128549 412.906 -2.02674 -2.38446 1211.24 0.0933726 0.22654 0.71049 0.612143 214.1 -2.67064 0.286186 559.244 92.9047 9.63783
888.458 -1.61233 -1.16521 326.417 -1.5847 -3.01739 875.089 0.569123 0.601835 0.552774 0.744028 738.318 1.68543 1.58037 377.811 92.9047 9.63715
449.463 -1.10101 -0.220379 394.591 1.26307 -2.83956 1490.28 0.509422 0.38066 0.463668 0.694543 156.607 1.31374 1.53412 619.05 92.9047 9.63708
907.293 1.49287 -1.81118 252.233 0.442758 -1.56204 572.703 0.559381 0.506972 0.408194 0.668021 1200.14 1.32207 2.8841 409.007 92.9047 9.63813
806.561 -1.08864 -0.483494 585.736 -0.637906 -3.06228 1361.29 0.393634 0.45604 0.577025 0.647403 52.7555 2.68991 0.530999 673.28 92.9047 9.63885
426.676 0.345941 1.36895 300.484 2.5173 -0.957536 1164.09 0.710523 0.242449 0.554922 0.536594 294.862 -2.62536 1.66782 755.617 92.9047 9.63883
401.4 1.63678 -0.329165 393.523 1.09681 -1.95862 634.425 0.654448 0.776948 0.6927 0.619415 307.376 2.19902 2.12554 640.439 92.9047 9.63805
775.93 0.00476877 0.695075 442.475 -0.720468 -2.8792 1260.31 0.19922 0.582825 0.64091 0.622678 367.591 -1.72026 1.15894 562.453 92.9047 9.63793
955.56 -0.637595 2.35262 533.2 -1.62999 -0.0537744 1526.36 0.510824 0.267646 0.337444 0.61706 444.55 -1.07156 1.01779 623.179 92.9047 9.64096
1581.73 -0.237906 1.52941 473.206 0.0083917 -0.660818 1592.06 0.529372 0.580056 0.312398 0.508982 1025.64 -1.84112 1.1803 486.708 92.9047 9.63971
999.189 -1.27499 -1.8911 272.849 -1.06433 3.13419 633.432 0.451587 0.244403 0.677334 0.468847 979.136 1.18697 1.94722 1381.49 92.9047 9.63821
1009.63 0.445396 -2.90106 408.033 -0.837676 1.43898 1381.16 0.30714 0.646 0.579414 0.697774 716.457 -0.297851 1.73683 482.493 92.9047 9.64133
516.613 0.238394 1.98208 468.114 -0.456268 -1.1307 1046.42 0.3745 0.185566 0.550814 0.245105 47.0217 -1.71719 0.586488 1028.73 92.9047 9.63999
579.791 0.751139 -1.08159 456.196 1.04422 2.00077 1044 0.214685 0.631131 0.647297 0.85167 119.929 2.36979 0.369019 500.745 92.9047 9.64121
624.19 -0.0379415 2.78453 474.207 -1.00469 -0.0764462 1217.46 0.533293 0.580708 0.55414 0.713627 199.098 -1.00007 0.92362 602.054 92.9047 9.64401
942.249 -0.844346 0.828278 914.891 -0.570722 -2.76465 1859.5 0.518986 0.69596 0.697509 0.760213 310.67 -1.29851 1.46614 1108.03 92.9047 9.64487
521.96 -0.546474 -1.87273 400.823 0.454294 0.509257 985.5 0.539072 0.571474 0.67474 0.852578 308.637 2.67039 1.74006 832.052 92.9047 9.64478
505.405 -0.655676 2.58559 459.847 -0.256275 -1.88441 796.964 0.143212 0.650019 0.43685 0.489905 527.396 0.719857 1.86574 552.652 92.9047 9.64273
343.089 -0.676688 -1.24019 320.406 -1.07273 1.29521 667.69 0.645123 0.496721 0.599401 0.478694 173.961 3.14008 1.84487 652.277 92.9047 9.64096
604.627 0.614558 1.38604 465.871 -0.766888 -1.17104 1347.68 0.460953 0.0854725 0.481644 0.608963 217.65 -2.22495 1.05391 787.008 92.9047 9.64131
744.447 -0.735367 -0.306659 251.472 -0.404724 2.76071 877.835 0.211267 0.587416 0.546556 0.411338 488.986 -3.12613 0.396343 290.005 92.9047 9.64041
616.219 0.737879 2.72086 453.609 -1.23647 0.562932 1542.93 0.277318 0.57402 0.713455 0.629696 346.074 -0.920851 1.48378 289.003 92.9047 9.63833
562.711 1.32399 0.91382 344.58 -1.26016 -2.31056 1728.82 0.58464 0.685837 0.638349 0.846299 197.795 -2.14435 0.166207 460.284 92.9047 9.63675
641.54 1.10398 2.70713 428.221 0.544925 -1.49219 975.136 0.382747 0.717284 0.835558 0.523195 221.355 -0.142235 1.34996 399.38 92.9047 9.63772
705.22 0.0870819 0.51968 624.697 1.35435 2.98685 1577.48 0.693285 0.447124 0.801582 0.587874 238.097 2.91008 0.0767751 437.391 92.9047 9.63727
987.593 -0.0997047 -1.02759 490.514 0.883186 1.70405 1563.57 0.266966 0.466219 0.564655 0.494574 170.002 2.80804 1.10399 1162.82 92.9047 9.63728
812.706 0.861845 -2.72769 271.733 1.42008 -0.27362 958.284 0.689046 0.602011 0.547745 0.617324 401.429 0.65126 0.92488 314.609 92.9047 9.63793
928.396 -0.0243421 -2.68758 443.946 -0.992657 1.85588 1231.97 0.320433 0.343494 0.604109 0.638653 813.619 0.0791132 1.77677 651.977 92.9047 9.63472
1093.37 -0.0475107 -2.92658 504.967 0.950419 0.437581 1718.1 0.415757 0.263201 0.848296 0.575536 404.03 0.489628 0.0520471 819.071 92.9047 9.63686
453.409 0.675006 2.80678 289.242 0.837692 -1.0201 685.88 0.149342 0.304448 0.376147 0.696117 259.035 -0.0408365 0.979263 402.19 92.9047 9.63422
563.195 1.4147 1.50361 558.752 1.54874 -0.969654 1115.17 0.234408 0.462906 0.626356 0.667682 365.424 -2.81128 1.84162 913.901 92.9047 9.63317
709.124 -0.0287304 -0.892487 351.814 -0.94458 2.03475 1116.07 0.667587 0.641787 0.467375 0.806388 281.675 1.54096 0.493784 651.109 92.9047 9.63332
828.561 0.948825 2.47007 283.15 -0.269014 1.43274 808.292 0.595487 0.311878 0.580909 0.113827 699.831 -0.896061 2.3288 437.351 92.9047 9.63112
492.515 0.740821 1.47354 372.903 -2.61571 -1.51126 2413.05 0.35962 0.565538 0.613885 0.759578 112.777 2.55439 1.08085 768.981 92.9047 9.62963
628.451 -0.197953 -1.19556 348.872 1.03593 2.09923 1150.42 0.699933 0.695499 0.602656 0.739828 245.817 2.28376 0.18453 1067.3 92.9047 9.62985
947.001 0.905257 0.273786 464.662 0.394601 -2.97923 1385.98 0.397351 0.538325 0.491667 0.470887 438.731 2.781 0.522955 538.401 -92.9047 9.63077
439.841 0.784924 -0.621856 336.127 -0.36911 0.338266 596.731 0.702686 0.611791 0.780111 0.679386 433.957 2.9025 2.56423 927.999 92.9047 9.62961
534.991 -0.0710933 -0.596566 319.022 1.80098 1.32555 1125.23 0.44551 0.2594 0.560643 0.620163 434.481 2.92902 1.60347 463.794 92.9047 9.63004
574.067 -0.0324081 2.10689 466.215 2.03147 -0.925988 1638.94 0.686916 0.591716 0.51116 0.721712 242.079 0.490295 1.41628 493.419 92.9047 9.62936
455.77 1.78444 -1.25765 366.222 1.08621 2.0529 873.136 0.66103 0.552248 0.469481 0.662286 213.52 -2.54907 1.29143 747.7 92.9047 9.62976
643.062 0.304164 0.0376094 275.249 0.751694 -1.26553 577.853 0.290579 0.288499 0.687578 0.286189 634.363 2.84301 2.17464 473.822 92.9047 9.62901
479.605 -0.144854 0.330118 354.105 -0.546504 -1.80569 748.452 0.516568 0.61083 0.581076 0.701988 279.868 2.93986 1.53764 519.73 92.9047 9.6297
554.768 0.977919 -0.840145 396.071 1.65733 2.86003 987.206 0.671962 0.478323 0.669281 0.465357 346.662 2.41207 0.447961 413.433 92.9047 9.6276
491.828 0.385113 2.61204 291.392 1.05408 -0.603137 823.786 0.281513 0.573025 0.36665 0.713748 270.629 -0.915717 0.31258 320.379 92.9047 9.62897
534.474 1.11573 -1.98096 300.331 1.71952 0.073203 738.237 0.593535 0.548491 0.60422 0.755828 439.731 1.24477 1.17156 368.672 92.9047 9.62914
683.727 -0.366554 1.8444 480.815 -0.527793 -0.433594 1100.63 0.675992 0.173783 0.793682 0.397993 439.186 -2.02973 1.59614 628.404 92.9047 9.62762
722.291 1.34843 3.07109 550.6 0.318449 -0.720927 1394.48 0.726569 0.136741 0.808918 0.75134 563.489 0.963674 1.6846 558.007 92.9047 9.62562
746.911 0.550069 1.71876 503.402 1.48121 -1.41384 1391.14 0.582999 0.354434 0.461026 0.699165 166.189 -1.30304 0.110802 601.272 92.9047 9.6244
440.255 -1.32806 -2.37868 363.729 0.55253 -2.41636 881.256 0.635971 0.518004 0.625721 0.491794 746.63 0.871464 2.99536 477.999 92.9047 9.62384
954.79 -0.827958 1.75002 558.004 -0.0459013 -1.83628 1541.17 0.696787 0.059204 0.628269 0.13681 455.309 -0.874121 0.962162 624.504 92.9047 9.62377
340.684 1.04512 0.61684 270.119 1.63184 2.02639 439.162 0.652598 0.548157 0.806447 0.73634 290.899 -2.21336 2.04344 548.379 92.9047 9.62466
866.286 0.54261 2.3083 625.781 -0.477123 0.40894 1436.38 0.425009 0.658442 0.822549 0.346016 851.045 -1.55085 1.95979 683.867 92.9047 9.62576
642.916 0.697707 -1.0733 268.365 -1.80947 -0.176192 1389.98 0.674676 0.743883 0.686053 0.721443 646.311 2.40734 2.58353 493.366 92.9047 9.62586
314.88 -0.0313719 0.122326 267.088 0.686899 1.20646 386.058 0.401624 0.539456 0.378271 0.620491 438.668 -2.4468 2.56913 420.802 92.9047 9.62543
1224.16 -0.48742 -0.599027 861.693 0.0992402 2.85386 2127.45 0.461502 0.00726507 0.31552 0 325.075 1.94386 0.909995 1021.76 92.9047 9.62157
759.896 0.5093 1.34691 443.752 -0.119108 -0.940232 1123.68 0.551184 0.581139 0.479253 0.542769 497.261 -2.55357 1.61334 865.076 92.9047 9.62175
1024.94 0.254432 -0.111049 329.113 0.220901 -3.06883 1161.68 0.210435 0.583509 0.746428 0.640116 687.675 2.92555 0.288799 366.186 92.9047 9.61995
883.69 -0.490359 1.39323 509.721 0.56704 -1.98114 1558.38 0.60272 0.319736 0.462585 0.706171 131.812 -2.9062 0.925065 1296.49 92.9047 9.61967
374.613 -0.432733 0.649622 251.191 0.732482 -1.92465 717.723 0.628989 0.299635 0.629541 0.52242 218.14 -2.84727 0.922627 441.628 92.9047 9.6196
720.77 -1.26476 -2.56553 560.13 0.467714 1.26652 1732.29 0.58227 0.540645 0.682908 0.675296 225.697 0.496477 0.770039 859.653 -92.9047 9.61987
344.593 0.0248762 0.30486 271.709 0.0638542 -2.98795 653.78 0.288599 0.300898 0.714644 0.647435 63.47 3.05335 0.241892 461.654 92.9047 9.62103
414.712 -1.01115 -1.95268 268.527 0.0814673 -0.825644 557.472 0.353447 0.142605 0.579673 0.554191 440.39 1.69353 2.51917 419.411 92.9047 9.62081
560.96 0.384168 2.09954 414.567 1.45946 -0.831368 1182.95 0.330086 0.312114 0.740028 0.558318 179.694 -1.53894 0.707572 443.269 92.9047 9.62235
624.404 1.14642 0.323464 362.97 0.268991 -1.67363 921.025 0.483591 0.614959 0.474207 0.748949 437.74 2.51266 2.0969 732.285 92.9047 9.62289
358.637 0.930035 -2.9052 329.465 -1.43814 -0.424343 1217.16 0.737581 0.495059 0.793584 0.700501 182.259 1.53526 1.84273 395.282 92.9047 9.62319
496.042 0.0733823 -2.83969 444.999 -0.178685 1.11483 884.583 0.644526 0.202455 0.884388 0.648794 197.472 0.608572 0.506259 918.444 92.9047 9.62323
685.475 0.82999 1.78916 276.008 1.03002 -1.17766 895.239 0.435341 0.516358 0.628033 0.599931 436.619 -0.845666 0.331993 544.844 92.9047 9.62309
641.57 -0.745132 -0.263043 403.097 -1.18363 1.95038 946.423 0.499601 0.587171 0.613531 0.517647 397.156 2.87459 0.924209 500.654 92.9047 9.62365
667.03 -2.15994 -0.0487242 342.617 -0.127934 0.980057 1251.05 0.327981 0.616924 0.651956 0.85076 573.353 -2.74017 2.56296 1094.8 -92.9047 9.62307
380.959 -0.092396 1.83444 380.819 1.10006 -2.24061 858.222 0.619371 0.612201 0.616101 0.80883 267.658 -0.114764 1.9492 483.106 92.9047 9.62124
749.965 1.42649 0.749918 580.636 1.20517 -1.90739 1352.29 0.38878 0.0791551 0.11921 0.734565 187.231 -3.02294 1.11555 538.313 92.9047 9.62341
733.378 2.0782 -0.808095 462.869 0.838162 -2.98671 1289.8 0.299558 0.413038 0.786079 0 558.547 1.66971 1.62677 1240.21 92.9047 9.62291
556.374 0.517508 -2.2672 433.717 0.135052 -1.0623 641.831 0.0914437 0.540997 0.706131 0.601561 589.508 1.32346 2.38576 849.689 92.9047 9.62075
573.114 0.821254 -2.71991 253.525 -0.273737 -1.76711 566.322 0.279448 0.521973 0.440782 0.670772 564.569 0.483022 2.25013 895.558 92.9047 9.62297
531.958 1.24353 1.71029 280.233 0.0701852 -2.31628 878.652 0.626595 0.0689197 0.601405 0.359592 404.898 -0.871929 1.44435 822.154 -92.9047 9.62034
971.296 -1.53655 0.949826 871.557 -1.24954 -1.32295 1713.95 0.137545 0.272234 0.716132 0.778959 636.005 3.13123 1.82901 906.593 92.9047 9.62021
1192.81 -0.638763 -1.51463 436.233 -0.047318 2.06237 1528.81 0.496076 0.580997 0.637523 0.654404 642.769 1.8486 0.213774 466.535 92.9047 9.62019
888.307 -0.437872 -0.871997 714.828 1.44253 2.30455 2353.74 0.631379 0.165613 0.761088 0.521831 121.306 2.94835 0.643806 527.362 92.9047 9.62087
908.898 -0.362004 -0.34767 904.32 1.50752 -2.96919 2646.9 0.361756 0.458899 0.632667 0.695938 517.249 1.7693 1.5447 916.654 92.9047 9.62005
1023.36 -0.53445 -1.28793 730.589 -1.44445 2.61423 1807.23 0.188947 0.43718 0.506269 0.684636 499.131 1.17599 1.43824 925.927 92.9047 9.61998
558.335 1.24866 2.28816 398.221 -0.322318 0.165142 1193.97 0.438324 0.538158 0.625576 0.788172 302.829 -1.10868 1.27382 719.386 92.9047 9.62047
450.821 -1.37501 -1.89384 407.996 -0.709831 1.31505 979.576 0.618462 0.512138 0.425544 0.435977 117.741 -0.467835 1.42601 432.595 92.9047 9.6212
1199.68 0.386424 -1.96526 740.265 0.0481382 0.700259 1941.81 0.712624 0.152855 0.789874 0.475782 361.092 1.75776 1.0575 738.35 92.9047 9.62097
515.792 0.644247 0.734278 512.72 0.458071 -1.26991 941.642 0.182669 0.580742 0.703531 0.691937 287.789 -2.78461 1.51471 376.17 92.9047 9.62251
424.834 -0.105228 -0.768928 359.088 -2.71296 2.21023 1545.84 0.554752 0.521509 0.665427 0.810068 376.789 2.89978 0.689551 391.953 92.9047 9.62188
294.082 1.1248 -0.718811 276.44 -1.89801 2.63877 1356.78 0.385196 0.750869 0.80521 0.709193 183.587 2.95817 0.3194 561.201 92.9047 9.62244
979.865 0.627545 -2.43913 722.949 0.0758376 1.75715 1539.31 0.448697 0.656421 0.388281 0.569182 658.278 0.319805 1.43735 434.893 92.9047 9.62261
447.932 0.713143 -2.65858 353.641 -0.352435 -1.15347 718.148 0.617224 0.568095 0.357979 0.671041 465.663 1.58371 2.0409 335.506 92.9047 9.62194
976.559 0.0376764 2.12898 615.813 0.130287 -2.06646 1368.06 0.0745895 0.411657 0.812206 0.674938 657.843 -0.68123 1.38523 669.56 92.9047 9.62171
715.36 0.0834945 1.51909 345.358 0.924014 -2.28542 1035.62 0.041755 0.561804 0.402995 0.521118 362.571 -1.65106 0.634365 589.539 92.9047 9.62176
534.636 0.284341 -0.148132 501.703 1.42379 -2.70168 1180.13 0.609522 0.591687 0.579838 0.727197 227.159 1.82236 1.75915 596.511 92.9047 9.62333
569.911 -0.442823 0.696773 439.528 1.17207 -0.8887 1158.86 0.386176 0.675849 0.842505 0.818856 423.902 -2.88541 1.99671 1023.89 92.9047 9.62383
602.394 1.34581 2.11072 444.454 0.931725 -0.449805 1084.29 0.645571 0.348626 0.878469 0.542331 324.659 -1.87072 1.42091 462.015 92.9047 9.62352
520.765 0.637067 -1.81276 473.349 0.240759 -0.0811068 786.263 0.570384 0.447174 0.543274 0.785453 603.604 2.00087 2.08198 1088.92 92.9047 9.62376
509.927 0.900332 -2.04414 406.156 -0.711129 3.08648 966.666 0.530387 0.1711 0.82186 0.594193 582.759 0.625741 2.46074 604.931 92.9047 9.62417
615.072 -1.48939 0.508433 479.844 -1.86197 -2.24113 1145.8 0.702053 0.248022 0.674081 0.802625 210.13 2.99162 1.05044 535.77 92.9047 9.6181
604.745 1.58261 0.377016 602.121 -0.154804 -2.06503 1692.81 0.31644 0.136389 0.755333 0.513731 412.148 2.30265 1.91551 611.345 92.9047 9.61947
334.302 0.593391 -2.82935 286.013 -1.42822 -0.586969 929.031 0.503269 0.534032 0.582459 0.537004 472.72 0.980953 1.56792 363.861 92.9047 9.61767
849.019 0.676529 0.227119 779.407 0.462483 -2.16422 1535.65 0.690174 0.332651 0.448928 0.656387 336.427 2.31611 1.80285 832.284 92.9047 9.61755
858.844 -0.592368 2.88455 586.759 -0.599573 -1.21046 1300.86 0.732412 0.488934 0.595298 0.863192 658.356 0.471641 1.6821 674.912 92.9047 9.61778
673.655 -0.489483 2.35935 391.265 0.729729 0.441309 1076.93 0.400146 0.508029 0.436632 0.644891 587.709 -1.3774 1.81871 1104.95 92.9047 9.61866
947.946 0.736067 -1.73605 376.757 -0.0225249 2.04524 1231.95 0.36114 0.502722 0.575489 0.743594 264.368 1.08778 0.95746 452.599 92.9047 9.61782
414.078 0.459404 -0.577315 401.612 1.10727 0.23014 430.042 0.666752 0.620896 0.716741 0.729469 552.287 2.97433 2.73154 631.196 92.9047 9.61592
697.83 1.33906 2.46552 671.85 0.163917 -0.715346 1661.18 0.430493 0.363101 0.66738 0.501543 145.275 1.72368 0.741842 830.158 92.9047 9.61294
616.065 1.16082 1.80276 429.192 -0.378018 0.3639 1111.67 0.407112 0.642791 0.386212 0.505688 684.298 -1.9008 2.2647 572.422 92.9047 9.61327
559.009 0.950331 0.216586 482.353 0.662699 -1.61163 847.762 0.773523 0.628681 0.679821 0.728767 525.226 2.41939 2.2028 660.716 92.9047 9.61292
755.229 0.18634 2.40854 435.987 -0.754475 -1.46457 1217.29 0.713047 0.400575 0.592078 0.498675 216.434 -1.39447 0.0700952 678.783 92.9047 9.61268
561.238 -1.22455 0.274183 344.555 2.56009 3.11629 2981.91 0.706708 0.176054 0.812297 0.680902 210.085 -2.77326 0.393636 429.128 92.9047 9.61289
777.449 0.582965 -0.386965 454.331 -0.208895 -2.80048 1213.49 0.653555 0.623952 0.504122 0.726248 384.188 1.79034 1.69236 684.751 92.9047 9.6129
547.137 -0.715179 0.0977237 473.671 1.91665 1.81157 1925.73 0.548379 0.631456 0.586368 0.732148 407.575 -1.58642 1.68415 672.771 92.9047 9.6122
804.902 0.4736 0.0707736 584.483 -0.086647 -2.73629 1418.68 0.455636 0.580048 0.635477 0.601866 234.067 2.93243 0.614463 986.928 92.9047 9.61438
460.408 -1.72542 2.3817 330.641 -1.80889 -1.10036 817.337 0.493891 0.549622 0.6486 0.447702 184.212 -0.108322 0.992038 343.274 92.9047 9.61558
525.462 1.9933 -2.43511 404.131 -0.254794 1.17855 1586.34 0.337662 0.197163 0.687543 0.648924 211.765 0.174711 1.00384 708.558 92.9047 9.6148
487.295 0.58844 1.5918 427.467 1.85046 -0.734723 1122.9 0.685799 0.688044 0.627645 0.67745 369.29 -2.56035 1.82563 536.97 92.9047 9.61453
744.379 -1.13185 -1.43874 534.842 -1.8063 0.941077 1257.32 0.551773 0.627796 0.831779 0.553163 446.093 2.39811 1.45703 867.545 92.9047 9.61643
655.461 0.448251 1.14862 357.39 0.418694 -0.740588 789.435 0.60898 0.64424 0.564808 0.788502 113.104 -2.31524 1.57465 392.354 92.9047 9.61614
453.058 -0.542583 -0.94811 295.002 -2.05626 1.20867 889.57 0.298867 0.5197 0.485505 0.787342 203.292 2.59122 1.38256 337.593 92.9047 9.61788
333.755 -2.67418 0.913145 307.407 -1.18914 0.281489 568.898 0.408464 0.50544 0.648236 0.644681 499.4 -2.61591 2.75413 458.378 92.9047 9.61746
830.79 -0.25339 1.00482 647.149 -0.421582 -2.16295 1481.89 0.570937 0.597528 0.597735 0.774159 274.013 2.56049 1.55567 870.65 92.9047 9.61709
1027.66 -0.307152 0.349467 886.139 -1.01045 -3.03732 2053.07 0.557558 0.344561 0.646912 0.490671 93.9623 -1.24109 1.59055 1180.86 92.9047 9.61679
646.719 -0.566554 1.29136 461.853 -0.7051 -1.38467 1068.73 0.458295 0.258427 0.439522 0.475824 17.087 -0.881728 0.502944 848.687 92.9047 9.614
494.492 -1.52861 -2.21144 393.362 1.2727 -0.505186 1812.22 0.625115 0.520541 0.574225 0.569206 530.441 1.73405 2.23923 550.143 92.9047 9.6142
648.688 0.0965662 2.13925 509.666 -0.865778 -2.8979 886.385 0.246243 0.505173 0.361792 0.523667 834.74 -0.545449 2.35245 784.872 92.9047 9.61452
692.836 0.732605 0.367219 543.994 1.41659 3.11087 1310.63 0.575972 0.52571 0.457206 0.561778 297.837 -1.68623 1.48609 585.564 92.9047 9.61327
725.154 1.21619 -2.18637 393.442 -0.597387 -0.782315 1322.41 0.152693 0.556439 0.650725 0.391758 760.272 1.43604 2.21835 1262.57 92.9047 9.61572
870.833 -0.926847 0.341185 725.304 1.24085 -2.6487 2683.42 0.170368 0.587707 0.647931 0.510418 184.738 2.98788 0.646606 418.924 92.9047 9.61326
540.58 -0.631574 1.36475 488.66 -2.60748 -2.53737 1540.97 0.408167 0.676873 0.855349 0.519817 387.855 -0.778551 1.75882 574.481 92.9047 9.6133
473.089 -0.445452 1.06972 276.658 -1.46341 -2.47526 815.219 0.59546 0.682837 0.698787 0.584672 116.673 -2.15104 0.324221 607.441 92.9047 9.61503
635.146 0.489397 -2.51425 307.643 -0.54613 -0.575837 930.064 0.205827 0.563132 0.471015 0.401587 401.213 0.764499 1.34034 759.277 92.9047 9.61397
528.86 -0.726994 -2.21139 511.128 -0.90268 0.48263 1030.31 0.846679 0.549354 0.65611 0.687028 231.846 2.21566 1.73302 563.028 92.9047 9.61398
947.262 -0.760515 1.81494 263.786 -0.00473032 -0.285989 965.443 0.68018 0.609537 0.647252 0.664445 836.569 -1.34854 1.06255 344.493 92.9047 9.61085
722.11 -0.729861 2.65349 429.528 0.655022 -1.61198 1273.78 0.194309 0.331802 0.523876 0.801235 426.961 -0.193589 1.4184 451.801 92.9047 9.6117
674.804 0.290098 -0.926424 497.532 -0.69035 2.64785 1353.53 0.165699 0.440856 0.750886 0.706954 262.151 1.40101 1.24684 540.033 92.9047 9.61233
635.334 0.657388 -0.263324 634.502 -0.812539 2.38946 1605.06 0.737244 0.376063 0.781138 0.571466 306.24 -2.95687 0.936852 709.208 92.9047 9.60985
626.376 0.483854 -1.98193 427.539 0.61424 1.62553 1024.13 0.435393 0.584863 0.632254 0.646809 318.801 0.558099 1.06743 1071.39 92.9047 9.61036
920.799 1.01632 -0.616788 390.212 -1.21965 1.89475 2000.56 0.211911 0.605932 0.677532 0.576537 722.452 3.0859 1.19115 429.031 92.9047 9.61007
924.692 -0.361014 0.674549 399.374 1.15913 -2.61867 1588.24 0.239471 0.503515 0.720661 0.550454 527.737 -2.25393 0.364737 472.167 92.9047 9.61074
680.639 0.574124 3.05838 495.684 -1.05523 0.465732 1538.42 0.500455 0.650813 0.502069 0.70083 134.615 0.893927 0.428195 826.268 92.9047 9.6116
522.729 1.27619 3.02561 401.588 -0.0549671 0.0886862 1162.59 0.404407 0.349765 0.405558 0.680894 251.321 0.578885 0.490199 466.398 92.9047 9.61208
764.305 0.111949 -0.329938 691.47 -0.625052 -1.62468 1114.07 0.259874 0.789961 0.831264 0.528796 824.371 1.99994 2.32988 809.564 92.9047 9.61398
1048.65 -0.163118 -1.69919 651.108 -0.884267 0.648798 1650.63 0.442239 0.162661 0.251936 0.553703 535.573 2.14154 1.49274 793.699 92.9047 9.61739
565.066 -1.45779 -0.556049 386.237 1.14473 1.10635 1752.79 0.397604 0.442171 0.657741 0.615618 685.065 2.89094 1.7846 621.136 92.9047 9.61877
520.534 0.335043 -0.578587 383.678 -0.840261 2.65742 1080.99 0.399586 0.329492 0.7075 0.744252 123.264 2.41108 0.246333 451.05 92.9047 9.61966
358.607 -1.88518 0.0302797 321.65 0.258818 -0.74493 915.532 0.636286 0.595196 0.724681 0.550881 339.854 -3.09389 2.34896 698.325 92.9047 9.62034
276.627 -0.654099 -2.791 265.465 -1.31373 0.168209 575.683 0.214036 0.641684 0.457344 0.812867 56.2895 -1.12833 1.29654 655.146 92.9047 9.6202
898.767 -0.625415 1.25585 634.698 0.373674 -2.41175 1706.62 0.355473 0.126606 0.205283 0.808767 456.84 -1.22215 1.1896 419.432 92.9047 9.61925
423.615 -0.755417 1.49289 420.964 -0.0741004 -0.476803 780.226 0.542195 0.589233 0.575483 0.387822 339.435 2.89489 1.402 444.262 92.9047 9.62146
360.855 1.20977 1.87238 312.176 2.00511 -1.88108 701.252 0.683261 0.637674 0.696602 0.706298 126.185 0.319563 1.55281 797.097 92.9047 9.62201
397.979 -0.278289 2.71752 356.133 0.913585 -0.292735 910.14 0.508833 0.414071 0.624612 0.638615 105.418 -1.42445 1.13171 499.758 92.9047 9.61968
807.616 -1.75628 1.44426 696.02 -1.39807 2.97778 1089.07 0.76963 0.383605 0.803369 0.667099 855.092 -0.96377 2.34163 954.783 92.9047 9.61911
446.717 1.45978 2.49948 325.323 1.14992 0.237151 715.15 0.426874 0.62606 0.55355 0.63239 319.948 -1.27983 1.51698 416.968 92.9047 9.61927
446.18 -0.515893 0.858695 364.961 0.820531 -2.75678 990.413 0.785242 0.582049 0.683038 0.661431 83.5248 -1.42519 1.33159 911.972 92.9047 9.62103
526.644 1.06926 1.53284 423.369 -0.736143 0.268068 1126.12 0.410555 0.726914 0.636963 0.776253 572.273 -2.13472 2.40279 733.043 92.9047 9.6226
835.756 -0.0194745 0.187286 529.955 -0.592198 -2.17803 1424.32 0.115515 0.196638 0.723639 0.581333 582.503 2.73613 1.36903 484.916 92.9047 9.62257
574.034 1.00252 -2.80296 494.148 -2.06385 -1.33741 2468.69 0.569495 0.493431 0.778069 0.495433 764.896 0.955307 2.29272 613.594 92.9047 9.62127
1107.71 -0.169431 0.394601 780.97 -0.632331 -2.73327 1915.41 0.616737 0.531916 0.5687 0.390739 300.246 -2.63829 0.0949748 828.158 92.9047 9.61985
612.526 1.0569 -2.77237 577.404 0.637782 0.759373 1218.69 0.583944 0.48934 0.477266 0.803726 221.901 -0.887694 1.64707 687.543 92.9047 9.62023
553.336 0.54117 0.177237 483.11 -1.16832 2.9096 1431.42 0.164942 0.58897 0.583068 0.455372 33.208 1.92514 0.98446 588.659 92.9047 9.61911
623.901 0.447968 0.433108 259.984 -1.77555 3.03778 1359.4 0.752144 0.720204 0.59248 0.79719 335.235 -2.65019 0.595209 488.856 92.9047 9.61767
606.069 0.733327 2.02331 465.169 0.289255 -1.22902 1115.1 0.577171 0.605685 0.762714 0.375256 71.7647 -0.670109 0.558907 625.409 92.9047 9.61586
833.836 -1.01622 -1.23925 470.754 -0.245951 0.112422 957.62 0.177234 0.579329 0.538041 0.569793 719.208 2.39165 2.27923 1119.33 92.9047 9.61644
1012.67 0.689659 1.0989 289.192 0.796381 -1.34238 1042.11 0.562846 0.441143 0.323485 0.375307 725.109 -2.24805 0.905677 432.823 92.9047 9.61594
402.332 -0.00951288 1.79691 300.382 1.07794 -2.00767 779.431 0.4223 0.797939 0.793796 0.775066 215.966 -0.554135 1.45354 333.802 92.9047 9.61823
493.532 0.883282 1.37386 262.268 -0.693951 0.674056 733.775 0.375291 0.479376 0.695091 0.660782 649.559 -2.21487 2.69446 586.405 92.9047 9.62013
320.009 1.50256 -1.84078 304.02 -0.841361 -2.03393 927.001 0.545312 0.582781 0.890762 0.653544 526.422 1.20007 3.04086 425.943 92.9047 9.6167
808.368 0.596424 0.973472 378.637 1.18107 -2.25688 1158.95 0.19856 0.635614 0.570465 0.636543 409.587 -2.17874 0.07814 426.675 92.9047 9.61796
364.44 -1.71411 -2.65392 364.235 -0.539639 1.10509 835.295 0.781213 0.441334 0.786504 0.787629 185.179 -0.717957 1.82304 404.446 92.9047 9.61774
461.478 -0.781705 -2.20923 290.166 2.8239 2.96388 2202.22 0.559668 0.421199 0.776082 0.552281 565.619 0.473749 2.49014 382.715 -92.9047 9.61654
409.463 -0.103059 -0.755674 302.497 -0.382947 2.21569 723.487 0.601229 0.507103 0.537644 0.678796 106.065 -2.5455 1.522 547.625 92.9047 9.6151
858.065 -0.374714 -1.12354 272.746 0.400586 2.69052 1021.1 0.3028 0.32197 0.681028 0.211265 499.259 1.8932 0.797327 460.507 92.9047 9.61608
527.912 -0.00649967 1.60602 443.011 -0.156913 -0.963804 956.199 0.795889 0.725674 0.737102 0.71044 184.84 -1.0422 0.0783972 548.598 92.9047 9.61768
393.188 -0.521492 -0.709216 305.14 -0.710728 -2.54496 563.274 0.789668 0.362415 0.697992 0.741761 536.241 1.24238 1.9516 441.074 92.9047 9.61814
865.743 -0.386405 1.52153 431.764 0.327482 -2.56022 1183.8 0.559579 0.285587 0.719483 0.724397 657.058 -1.11586 1.44435 1348.78 92.9047 9.61836
492.485 -0.877896 -0.245781 273.323 -0.678024 2.61111 742.991 0.597811 0.615528 0.589788 0.771972 441.146 -2.78869 0.883384 562.817 92.9047 9.61634
503.203 1.10372 0.480474 439.491 -0.813754 -1.87139 1364.32 0.5428 0.637484 0.708625 0.570326 294.117 2.66578 1.74602 515.267 92.9047 9.61698
736.327 0.311738 1.48055 348.524 -0.35583 -2.35321 1021.52 0.715729 0.640253 0.670508 0.726154 335.503 -0.631742 1.72146 307.089 92.9047 9.61361
590.936 -0.876722 -1.85978 571.558 1.41849 1.70978 2022.63 0.65498 0.321842 0.564642 0.768243 247.388 0.0720225 1.63775 590.401 92.9047 9.61544
570.945 -0.304673 0.396636 270.754 2.73249 -1.40197 1825.93 0.574105 0.737235 0.656907 0.720259 506.478 -3.10987 1.7079 345.744 92.9047 9.61444
475.469 0.94735 0.415234 300.544 -2.44542 -2.59941 2138.18 0.738285 0.396731 0.775742 0.318744 404.857 2.90421 0.779561 367.144 92.9047 9.61413
820.911 -0.83936 2.94271 422.016 0.987624 0.635338 1640.43 0.237505 0.108665 0.564975 0.171255 495.364 -0.794612 1.42995 540.738 92.9047 9.61464
430.707 -1.8538 2.37351 265.099 0.00891664 -3.08647 781.554 0.521213 0.269423 0.768301 0.781568 502.794 -0.393668 2.6928 406.977 92.9047 9.61353
747.828 1.1356 1.69952 578.008 -0.0573052 -2.16357 1498.59 0.292957 0.470246 0.809788 0.6798 358.585 -0.545161 1.61841 672.429 92.9047 9.61426
470.502 -1.67918 -0.976741 288.418 0.313541 -2.96366 1096.88 0.66914 0.662693 0.735104 0.80703 419.832 1.45326 1.86627 514.006 92.9047 9.61638
592.364 0.92091 -2.86142 261.098 2.15913 -2.37689 559.086 0.592958 0.802108 0.807522 0.732418 826.174 0.463686 2.84058 337.482 -92.9047 9.6176
810.105 -1.05216 2.99585 494.011 0.764818 -1.04158 1750.19 0.519339 0.718052 0.560123 0.635288 363.004 0.803898 1.84548 436.094 92.9047 9.61749
304.649 0.544733 -2.01981 276.598 2.83875 2.72178 918.342 0.493391 0.264214 0.679331 0.696095 500.223 0.662897 2.05889 483.964 92.9047 9.61743
387.346 -1.48837 -0.758821 353.724 -0.743658 -2.48748 641.264 0.484874 0.609179 0.79287 0.798071 399.019 0.595682 1.3545 423.166 92.9047 9.61751
622.786 -0.427988 -1.70152 394.663 -1.99539 0.475338 1234.57 0.681598 0.718938 0.630084 0.760992 457.874 2.15179 1.67645 440.36 92.9047 9.6176
440.943 -2.02187 -1.24672 319.536 1.57745 1.98882 2336.04 0.731687 0.750716 0.536636 0.768354 124.415 1.15141 0.837414 456.507 92.9047 9.61743
428.075 0.140443 -1.43189 331.318 -1.10727 1.04029 875.064 0.459913 0.658365 0.685571 0.628203 161.295 2.23652 1.19622 450.052 92.9047 9.61615
808.324 1.36756 -1.33104 460.445 -1.76332 2.64911 3015.03 0.57471 0.639764 0.645479 0.756413 612.635 1.22589 1.42321 888.18 92.9047 9.61597
1007.76 -0.0688369 -2.80896 639.864 -1.15408 1.27941 1711.89 0.415041 0.738388 0.6763 0.67623 627.93 -0.359134 1.63854 815.624 92.9047 9.61614
664.198 -1.30167 -1.80648 567.979 -0.216785 0.954175 1412.15 0.600137 0.530193 0.270258 0.58125 89.5395 2.55574 1.60157 776.96 92.9047 9.61594
619.543 0.394924 0.409305 329.962 0.00875178 -2.40306 912.851 0.537197 0.538209 0.729695 0.612881 319.605 3.00452 0.875601 403.604 92.9047 9.61445
256.786 -1.87599 -2.24208 255.885 0.613592 1.65866 947.825 0.845487 0.490983 0.748973 0.647579 314.184 -0.574801 1.66728 711.697 92.9047 9.61274
554.767 0.941797 0.1881 385.043 1.36884 2.54661 884.41 0.594659 0.440082 0.568267 0.807644 285.769 -2.30905 1.42752 423.791 92.9047 9.61312
559.346 -0.875251 0.611979 309.058 -1.27452 -3.02889 843.259 0.260443 0.519292 0.670181 0.628403 303.788 -2.10404 0.924842 372.043 92.9047 9.61307
817.103 -1.62077 -0.0968815 650.091 0.556604 2.89218 2449.78 0.671535 0.291988 0.575835 0.663312 214.954 -2.44044 0.950565 939.939 92.9047 9.61384
534.316 -1.8413 1.66443 530.67 -0.42956 -2.26891 1294.6 0.393281 0.709359 0.721954 0.500503 421.196 -0.293464 1.95789 541.134 92.9047 9.61261
584.252 -1.15582 1.46031 288.28 0.586105 -0.961944 1124.89 0.581539 0.4498 0.434519 0.560742 402.523 -2.32384 1.3619 342.133 92.9047 9.61288
794.878 -1.43134 0.453573 779.286 -1.25514 -2.46984 1589.15 0.559907 0.683864 0.832934 0.677312 177.843 2.17083 1.64251 817.363 92.9047 9.61319
623.623 -1.7208 -0.687733 551.97 -0.855646 1.78994 1331.33 0.684912 0.370665 0.545326 0.673684 629.001 -2.70188 1.79137 1272.02 92.9047 9.61397
512.231 0.512069 1.91758 283.709 -1.67356 -2.36492 1198.65 0.452154 0.555165 0.789988 0.49 398.764 -0.679476 1.68545 342.383 92.9047 9.61165
552.28 -0.0740646 0.996027 526.561 -1.14767 -2.20466 1299.5 0.200304 0.666194 0.75846 0.585272 369.49 2.03128 1.03525 588.563 92.9047 9.61153
434.701 -0.619693 -0.745071 426.751 -0.0388236 2.0563 919.937 0.40216 0.264747 0.684964 0.539129 133.358 -2.63993 1.58696 620.652 92.9047 9.6101
569.344 0.740317 2.6971 558.108 -0.653629 0.845951 1242.64 0.611482 0.247216 0.783513 0.253248 121.923 -1.25744 2.10339 1169.89 92.9047 9.60912
440.722 1.63697 -2.0388 274.994 -0.657404 -1.86009 1013.89 0.6531 0.419663 0.653561 0.706157 693.147 1.16288 3.02298 588.439 92.9047 9.60879
416.058 -1.9435 -2.58274 304.089 -0.59239 -2.18867 540.737 0.751458 0.405951 0.75879 0.755581 616.512 0.800955 2.89949 885.285 92.9047 9.61038
629.226 0.566191 1.11474 461.972 0.478541 -1.25899 1021.1 0.455404 0.584877 0.74083 0.623218 444.23 -1.8383 0.579315 526.771 92.9047 9.60975
504.004 -1.18134 -1.28292 427.252 0.294735 3.02941 1119.42 0.578199 0.112809 0.725981 0.216301 742.518 1.01194 2.01746 518.667 92.9047 9.60911
779.568 0.948982 2.67291 309.436 2.04952 -0.892312 1124 0.334342 0.323202 0.752267 0.81635 463.181 -0.20197 0.690342 349.108 92.9047 9.60933
436.829 -0.0173401 -0.436948 353.625 0.59187 -2.59746 737.511 0.410666 0.713043 0.43901 0.781901 222.444 1.49373 1.93068 632.706 92.9047 9.61103
774.433 0.0958451 0.605886 290.943 -1.1399 -2.65218 1149.54 0.0881689 0.401609 0.635894 0.420999 300.49 -2.28147 0.370714 509.428 92.9047 9.61271
418 1.56845 -0.938278 268.478 1.93378 -3.1001 616.247 0.538146 0.133177 0.597171 0.421664 478.842 1.26953 1.91356 717.406 92.9047 9.61292
799.007 0.608564 -1.81428 481.161 -1.78595 0.745946 2218.64 0.311182 0.465699 0.417989 0.671702 129.911 2.47665 1.73071 595.024 92.9047 9.61268
585.206 0.556615 -1.43459 306.155 -2.19097 1.34138 1777.31 0.678954 0.248813 0.494428 0.608949 258.552 2.24065 0.899268 394.413 92.9047 9.61176
870.504 -0.151848 -0.849643 272.623 -1.55908 1.80598 1274.13 0.282537 0.323173 0.670435 0.888544 550.059 2.53952 0.733539 580.202 92.9047 9.61321
826.813 0.938746 -1.91846 327.536 -1.66144 0.968207 2048.52 0.554212 0.686327 0.663389 0.609824 501.944 0.71258 0.255626 670.318 92.9047 9.61281
533.686 0.274937 1.65803 337.964 -1.6281 -1.05855 1257.05 0.798917 0.618858 0.425509 0.7632 141.921 -1.76723 0.708683 449.452 92.9047 9.61418
646.383 -0.812355 0.57168 277.319 -0.286918 2.7979 803.034 0.293434 0.459182 0.467148 0.377048 538.849 -2.38117 1.10412 407.668 92.9047 9.61424
592.53 -1.14841 -2.64056 411.003 -1.27378 1.06753 969.348 0.644356 0.769369 0.790282 0.633081 328.964 0.865651 0.201877 833.376 92.9047 9.61345
669.326 1.47529 1.31831 612.675 1.04966 -2.00376 1316.33 0.68228 0.618743 0.587798 0.846708 65.4883 -1.2815 0.722269 711.874 92.9047 9.61432
391.188 -2.49728 2.20167 300.646 -0.88081 -0.688988 941.473 0.291469 0.429323 0.727399 0.848274 112.449 -1.72198 1.033 467.228 92.9047 9.61376
782.39 0.93848 -2.3423 261.77 0.370694 -1.08574 607.181 0.26374 0.570172 0.710764 0.522431 786.464 1.11419 2.19992 383.598 92.9047 9.61404
514.566 0.617497 -1.12728 457.859 0.955811 2.14706 1044.81 0.510224 0.411412 0.625046 0.518491 26.4057 0.639259 1.5078 684.787 92.9047 9.61131
849.565 -0.395901 -2.74245 413.555 2.14265 0.452238 2280.39 0.340643 0.757897 0.729212 0.597566 377.315 -0.0164652 0.468703 577.408 92.9047 9.61034
833.532 -0.0682635 -2.76866 815.586 -0.235933 0.0233156 1636 0.306932 0.264603 0.225219 0.563702 53.1001 0.705318 0.682003 446.732 92.9047 9.61035
710.943 0.951666 -0.0513242 471.016 0.626617 -2.10017 1053.04 0.258145 0.586847 0.609393 0.765747 591.878 2.44286 1.74016 348.631 92.9047 9.61041
502.951 -1.65647 2.99999 442.136 -1.73615 0.989448 801.486 0.612383 0.332639 0.460362 0.396778 190.161 -2.42741 0.85578 1015.61 92.9047 9.61098
303.295 0.1773 -1.64066 284.786 -0.472166 0.727838 596.695 0.52924 0.126939 0.244142 0.588525 235.533 2.66334 1.9355 593.378 92.9047 9.61112
603.08 1.16993 2.49558 464.791 -1.89632 -0.511463 2572.05 0.335056 0.554026 0.359389 0.699459 128.289 -0.756681 0.245218 739.891 92.9047 9.61143
494.128 -0.244389 2.8315 330.851 2.43415 -1.62878 1576.38 0.332314 0.351852 0.725535 0.678984 380.014 0.369638 1.99842 387.102 92.9047 9.61257
745.152 -1.69246 2.24889 715.554 0.882492 -1.25557 2843.25 0.427863 0.246833 0.35229 0.470049 83.4092 0.621506 1.62738 822.855 92.9047 9.61153
341.587 -0.539239 -0.905802 268.024 -1.91731 1.14164 714.584 0.585524 0.547544 0.677316 0.69896 315.02 3.0772 1.93556 308.882 92.9047 9.61149
667.898 0.0334471 -0.636403 488.328 0.239807 1.67173 1060.42 0.423678 0.479358 0.364836 0.441088 309.472 2.76039 1.08866 822.976 92.9047 9.61057
836.805 -0.933897 0.349274 312.766 -0.382858 3.10224 1075.76 0.332806 0.45178 0.685814 0.734645 359.907 -2.82439 0.356551 323.92 92.9047 9.60962
614.662 -0.968777 2.6861 335.902 -0.36338 -0.822553 961.18 0.619391 0.560801 0.610398 0.701068 292.135 -0.201504 0.62105 365.66 92.9047 9.60898
515.505 -0.768645 0.117556 433.738 0.690589 -3.10325 1210.9 0.608139 0.469595 0.459578 0.573742 203.032 1.73996 1.43997 477.513 92.9047 9.60922
698.872 -1.31611 -2.51911 394.782 0.771996 1.53353 1615.29 0.693548 0.520155 0.614912 0.78584 463.393 -0.175611 1.70914 554.945 92.9047 9.60872
539.885 -0.53953 -0.645064 469.094 0.519735 3.00617 1147.51 0.679581 0.397083 0.615348 0.706685 699.737 1.37729 1.62887 604.289 92.9047 9.60826
687.468 1.49713 2.66841 425.728 -1.62086 -1.25979 2664.34 0.681257 0.379138 0.619964 0.730331 486.426 0.142576 1.40236 469.783 92.9047 9.60875
407.764 -1.17502 -0.71986 301.891 1.38681 0.920323 1277.79 0.567801 0.694029 0.781419 0.627563 444.798 2.84576 1.92544 498.622 92.9047 9.60946
930.007 0.987257 -2.48631 578.304 -0.838504 -0.0127077 2080.97 0.632747 0.169422 0.476348 0.766318 532.752 1.23738 1.25009 696.931 92.9047 9.60903
653.196 -0.650929 -1.69606 491.223 0.295452 1.94989 1246.29 0.649783 0.546194 0.807189 0.788925 198.022 0.194753 1.75514 685.11 92.9047 9.61036
552.724 -0.513454 -1.70081 272.364 -0.801391 0.43904 704.809 0.53164 0.297235 0.500179 0.658937 383.603 2.22158 1.78254 749.053 92.9047 9.61107
344.02 -1.28817 -1.02 324.829 0.259962 2.23663 894.906 0.527444 0.524936 0.425395 0.703083 19.7536 1.35125 0.885381 361.396 92.9047 9.61057
538.513 0.29918 -2.55531 468.493 -1.04383 1.01979 1240.07 0.582247 0.722901 0.786769 0.798596 260.25 -0.5333 1.55309 490.735 92.9047 9.60824
613.919 -0.213576 -1.83564 468.789 0.927218 0.475399 1179.11 0.399833 0.628556 0.558949 0.641857 451.507 1.94433 1.46893 598.342 92.9047 9.60915
650.755 -0.57254 0.921307 254.084 0.587946 -1.84817 949.949 0.394725 0.741333 0.673585 0.795109 385.351 -2.3829 0.534726 939.746 92.9047 9.60411
521.601 0.742647 0.733733 478.525 -0.257699 -1.84134 1102.35 0.618995 0.382074 0.719659 0.489711 134.509 1.64697 0.913235 1380.27 92.9047 9.60401
489.298 1.0217 -1.0708 264.4 1.98805 1.51427 785.749 0.648479 0.579986 0.742409 0.788327 334.286 2.41056 0.896293 329.634 92.9047 9.60287
985.282 -0.761755 1.84516 334.599 -1.3012 -2.74372 992.599 0.496418 0.595688 0.710565 0.775469 957.317 -0.949347 1.79437 510.473 92.9047 9.6015
312.317 1.25332 0.181598 268.433 0.557959 2.23696 555.724 0.410699 0.67337 0.585744 0.797139 143.934 2.64362 0.40666 519.257 92.9047 9.60041
966.257 -0.352432 -2.14091 337.481 -0.0528104 -0.98551 654.033 0.276912 0.184024 0.795356 0.632512 1036.62 1.31877 2.30428 1076.94 92.9047 9.60127
618.412 -0.943775 -2.7286 418.212 -0.137575 1.39582 1023.21 0.492499 0.612159 0.587833 0.622504 286.418 -0.588712 1.98453 388.973 92.9047 9.59914
367.458 -0.607081 1.00398 288.659 1.16682 -1.90483 936.984 0.579957 0.33931 0.678083 0.779645 118.382 -2.77384 0.869009 674.119 92.9047 9.60019
899.553 -0.334093 -0.936053 485.096 -0.158185 -2.63465 1007.65 0.532596 0.432208 0.681141 0.652829 952.462 1.72351 1.92503 523.174 92.9047 9.60076
614.404 1.13963 1.68249 464.476 0.0513982 -0.747601 1183.31 0.449206 0.714638 0.591796 0.661983 319.3 -2.09984 1.35223 518.807 92.9047 9.60123
530.542 -0.657548 -2.68001 353.15 -0.347705 0.609626 882.77 0.581107 0.420377 0.528546 0.416852 244.845 1.1478 0.53817 412.674 92.9047 9.60088
473.403 1.33848 -1.26945 302.537 1.14006 3.01883 653.06 0.529747 0.691317 0.833432 0.772797 411.446 1.29008 1.72875 354.122 92.9047 9.60219
753.011 1.367 -0.0382285 663.384 -0.0246481 -3.01549 1771.95 0.428468 0.502924 0.747661 0.57658 83.3195 2.0794 1.1883 942.267 92.9047 9.60107
652.236 -0.0600888 1.67998 254.605 1.59037 -1.28531 1112.33 0.24138 0.725344 0.66771 0.590322 286.183 -1.27286 0.0124551 398.716 92.9047 9.59895
751.904 -0.737732 1.7842 525.552 0.0440587 -0.394403 1256.06 0.610286 0.618547 0.636887 0.527799 171.433 -2.74174 1.75724 518.449 92.9047 9.59935
947.435 -0.189304 1.85992 608.884 0.18578 -2.05589 1488.71 0.387231 0.230387 0.14643 0.707804 331.75 -0.794054 1.26184 629.693 92.9047 9.60022
666.12 -0.289626 1.16652 361.526 0.644064 -0.995892 1050.28 0.197157 0.655854 0.584862 0.6274 720.204 -2.3588 1.36291 426.977 92.9047 9.60232
512.226 0.956738 1.18895 446.61 -0.114136 -0.41338 897.76 0.524544 0.479946 0.486613 0.588829 570.958 -2.60052 2.18714 612.037 92.9047 9.60252
827.352 -0.718092 -2.52032 618.798 -1.55319 0.861188 1666.81 0.364019 0.667617 0.439407 0.667425 272.229 0.0744412 0.786746 752.321 92.9047 9.60105
811.238 -0.38271 -1.47649 282.293 -1.32741 0.956235 1016.35 0.240891 0.791137 0.0971103 0.79499 585.852 1.95466 0.998421 321.514 92.9047 9.60137
970.859 -0.637693 2.98447 491.127 -0.563767 -0.454221 1375.97 0.413396 0.280929 0.819361 0.547038 199.148 0.63851 1.09273 531.028 92.9047 9.60343
462.114 -1.25631 3.07902 385.026 -0.0301512 -1.54198 836.943 0.339064 0.557745 0.491524 0.733629 322.115 0.391855 1.93384 464.503 92.9047 9.6045
532.169 -0.560608 -2.58309 401.185 1.27864 -2.52562 985.431 0.737941 0.692587 0.585136 0.751925 762.046 0.63848 3.06161 582.936 92.9047 9.60332
773.27 1.65252 -1.07661 300.759 0.246519 1.16362 1191.9 0.688144 0.37677 0.581576 0.443898 543.079 2.48464 1.32102 1194.51 92.9047 9.60536
311.685 -0.8388 0.932418 275.256 1.07973 -2.66567 869.624 0.746582 0.428608 0.644208 0.746612 108.072 -1.48551 1.18016 328.001 92.9047 9.60715
862.816 -0.690033 -1.6181 548.012 -0.689415 1.99361 1427.27 0.176869 0.192888 0.77721 0.710347 456.345 0.902468 1.09114 593.25 92.9047 9.60709
684.104 -1.12443 -0.536531 498.573 0.521504 0.926525 1333.98 0.359228 0.0955062 0.693552 0.413069 807.155 -3.05931 2.29735 763.903 92.9047 9.6066
734.614 0.558407 -2.61827 526.231 0.277627 -0.812132 1000.36 0.617699 0.588753 0.638076 0.64962 369.522 1.23751 2.04964 437.253 92.9047 9.60804
659.558 1.7956 -0.707432 538.495 0.191101 2.03422 1619.92 0.316574 0.626537 0.638359 0.653881 194.829 1.09039 0.943837 733.314 92.9047 9.60748
670.524 -0.882836 -1.35373 656.426 0.719343 1.46254 1798 0.153508 0.39593 0.76916 0.73262 228.878 -3.0855 1.73177 701.566 92.9047 9.60749
456.532 -0.589949 -0.432505 439.1 3.06197 2.97897 2874.7 0.450745 0.66114 0.749734 0.787575 95.1906 2.41145 0.567515 588.921 92.9047 9.61003
756.075 -0.642992 -1.27439 457.049 1.37076 2.02588 1832.36 0.445767 0.692558 0.63191 0.641766 259.12 1.81721 0.208662 522.658 92.9047 9.61041
397.86 -1.1337 0.513957 295.527 1.51321 -2.03257 1366.1 0.48193 0.727773 0.63868 0.762463 361.109 2.53573 1.71488 367.661 92.9047 9.61071
907.419 -0.0319866 2.68774 381.842 1.0793 1.06397 1121.92 0.37979 0.484531 0.654263 0.332538 827.147 -0.819038 1.88301 444.903 92.9047 9.61196
720.977 1.13249 -1.42714 296.362 -0.668062 -2.72823 1103.79 0.321665 0.308373 0.385406 0.827217 613.412 1.37702 2.17794 457.883 92.9047 9.61182
617.767 0.826466 -0.406545 527.153 -1.74467 -2.70303 2174.75 0.467287 0.41013 0.732416 0.669494 210.981 0.998308 1.40485 667.72 92.9047 9.61316
607.937 0.068023 3.06017 434.538 -1.08293 -0.430403 1201.76 0.449163 0.687323 0.507007 0.6644 208.535 0.266887 0.69729 512.566 92.9047 9.613
494.088 1.43334 1.28461 401.029 0.404235 -3.04743 893.371 0.343501 0.621208 0.780044 0.688383 443.39 -1.79953 1.24789 417.531 92.9047 9.61554
428.178 -1.00409 2.39665 343.977 -0.783106 0.71292 588.239 0.237236 0.473343 0.700049 0.846404 504.111 -1.44226 2.15518 497.582 92.9047 9.61454
746.197 -0.0237097 -1.63097 345.69 1.23274 0.000399785 1008.78 0.247543 0.703461 0.540862 0.608525 616.282 1.9896 1.9892 1141.69 92.9047 9.61363
571.672 1.44838 -2.69788 534.475 2.16925 0.800735 1181.11 0.350429 0.560531 0.732574 0.445243 199.606 -0.759369 1.5601 593.605 92.9047 9.61335
621.867 -0.670217 -1.31172 406.761 -0.25638 2.66938 948.577 0.549087 0.576526 0.654978 0.47053 466.048 1.17646 1.49292 447.731 92.9047 9.61381
701.959 -0.648197 -0.9942 287.721 -0.198321 1.30627 850.054 0.129548 0.648831 0.179749 0.480972 434.027 2.52852 1.22225 327.579 92.9047 9.6144
495.694 1.5775 -0.424132 427.718 -0.473129 -2.81174 1434.11 0.151329 0.262814 0.525852 0.522956 322.885 1.7148 1.75664 960.217 92.9047 9.61407
444.734 -2.14209 -2.64438 429.917 -0.530275 0.448351 1187.45 0.428409 0.53026 0.597125 0.733532 218.594 -1.15451 1.48987 465.518 92.9047 9.61536
996.573 -0.617505 1.46004 268.27 -0.789323 -1.0881 1016.6 0.6959 0.0166294 0.57496 0.447513 585.983 -1.58545 0.497345 452.672 92.9047 9.61613
719.989 -0.884368 2.07462 567.314 -1.33188 -0.298182 1238 0.688173 0.537146 0.830346 0.625638 198.922 -2.06926 1.77108 597.349 92.9047 9.61384
773.88 -0.44037 2.4931 385.591 -0.219943 0.262565 1000.07 0.29141 0.76076 0.736083 0.550146 529.468 -1.05359 1.31616 487.977 92.9047 9.61332
695.921 -0.158469 2.5273 323.922 0.476713 -1.44562 924.182 0.226125 0.652507 0.698621 0.77013 495.632 -0.148698 1.29693 366.251 92.9047 9.61181
480.802 1.46012 2.86542 334.602 -2.54558 -0.447722 3030.29 0.562083 0.662117 0.419323 0.809227 130.76 -0.326804 0.120918 444.081 92.9047 9.61387
687.493 0.364041 -1.35952 412.539 1.01708 0.913767 1033.02 0.338248 0.27571 0.0787798 0.773599 361.329 2.74951 1.83574 641.725 92.9047 9.61806
547.18 0.647155 1.64341 257.994 1.00221 -2.22602 721.024 0.589864 0.477912 0.628137 0.590532 364.201 -1.02697 1.19905 288.985 92.9047 9.61837
325.277 -0.220492 1.09553 257.002 -2.52062 2.29261 889.122 0.51323 0.770945 0.561233 0.706885 69.7937 -0.67227 1.7678 530.925 92.9047 9.61851
1017.93 -0.947771 -2.29211 371.831 0.152926 0.186419 1372.87 0.647212 0.52116 0.535124 0.487418 600.62 1.27003 1.08361 471.713 92.9047 9.62138
892.585 0.370792 -1.49056 710.002 1.28432 2.17148 1752.32 0.412136 0.205986 0.516989 0.813416 64.7058 1.33733 0.834156 738.913 92.9047 9.61861
498.367 0.645134 1.68969 343.754 1.37141 -1.45678 886.208 0.0587018 0.787425 0.0729067 0.715617 411.681 0.745984 0.943702 484.965 92.9047 9.61805
361.947 1.95506 2.3447 309.83 1.4539 -0.687858 702.831 0.562855 0.712247 0.700622 0.781039 117.952 -2.14546 1.4576 401.344 92.9047 9.61749
602.2 -0.33819 -0.838071 412.171 0.217844 3.03625 1005.89 0.614312 0.56516 0.803159 0.490751 653.526 1.50784 1.52842 440.941 92.9047 9.61754
735.89 0.459613 -0.775216 376.404 0.748646 -3.02562 992.807 0.482255 0.3033 0.797867 0.570653 508.135 1.9446 1.31297 502.71 92.9047 9.61767
513.864 0.133967 -2.55273 262.375 1.17867 -2.47468 411.67 0.40442 0.463719 0.158314 0.823799 539.329 0.464958 2.93964 538.12 92.9047 9.61786
597.722 -0.66944 1.64182 358.585 0.321558 -0.75253 998.381 0.525874 0.665309 0.584225 0.795087 320.251 -2.07181 1.31928 425.043 92.9047 9.61763
481.701 0.587335 -2.64189 325.701 -2.01621 -2.65641 1385.15 0.632353 0.641933 0.613294 0.761544 646.921 0.481902 3.1238 483.69 92.9047 9.61667
342.117 -0.884284 2.54266 327.226 -0.182945 -2.84832 393.512 0.372102 0.300517 0.71778 0.615932 376.378 -0.0679153 2.61057 672.009 92.9047 9.61654
559.742 -0.85544 1.30396 388.873 1.58057 2.28682 1514.24 0.415179 0.595619 0.759727 0.655183 504.182 -1.40288 2.59349 506.717 92.9047 9.6144
572.361 1.43681 -2.8861 366.423 -0.477498 0.448217 1394.4 0.247663 0.776906 0.805804 0.642876 230.724 -0.0488835 0.4971 361.121 92.9047 9.61288
378.753 0.436238 -3.02042 323.299 -0.856123 -3.05043 485.445 0.347331 0.38063 0.610898 0.555903 649.601 -0.109633 2.91079 590.539 92.9047 9.61427
565.888 -0.0227457 -0.0611638 402.575 1.60486 3.03133 1308.6 0.666328 0.515146 0.556912 0.581251 127.309 -3.06678 0.185076 450.627 92.9047 9.61163
474.151 -0.698095 1.13622 358.119 0.76892 -1.22067 1027.8 0.432213 0.322961 0.694632 0.621987 300.328 -2.89562 1.67495 394.53 92.9047 9.61137
774.96 0.952599 -0.49465 404.159 -0.695179 -2.37345 1378.98 0.719175 0.509878 0.682903 0.630415 658.046 1.95327 1.95647 573.607 92.9047 9.61276
1731.1 0.678829 -0.751379 1263.54 0.727408 2.49341 2979.77 0.359127 0.68338 0.497438 0.741578 184.058 1.95898 0.534431 360.844 92.9047 9.61233
632.784 -0.185192 -2.46701 328.544 2.35451 1.30549 1734.15 0.44631 0.708001 0.515411 0.555357 291.955 0.891755 0.413733 588.167 92.9047 9.61243
553.319 -0.631188 0.76671 525.99 0.867232 -2.27432 1398.37 0.657488 0.54905 0.630087 0.357771 140.861 2.9502 1.05866 647.644 92.9047 9.61235
645.01 0.864819 0.311241 370.395 0.341701 -2.92647 1024.59 0.534634 0.442175 0.706438 0.439852 526.781 -2.51674 0.409732 401.198 92.9047 9.61069
689.126 0.335148 0.937496 403.888 1.71433 -1.31253 1237.61 0.47526 0.584382 0.305195 0.70237 301.143 -2.31995 1.00743 324.614 92.9047 9.61236
748.942 -0.456114 1.07104 397.161 -0.828336 -1.88478 1142.37 0.757905 0.287546 0.589976 0.535622 412.999 -3.09247 1.20769 732.906 92.9047 9.61555
361.272 0.728126 -1.9639 291.518 -2.49611 1.68646 1686.74 0.545218 0.224464 0.360327 0.65676 160.194 0.544487 1.14197 353.646 92.9047 9.61559
550.113 0.00797729 -0.511374 275.842 -1.2964 2.92665 970.106 0.552437 0.692822 0.566458 0.775991 249.666 2.46981 0.45684 386.402 92.9047 9.61467
600.685 1.45293 1.64563 337.414 1.3959 -1.27324 896.782 0.695752 0.530668 0.813613 0.602656 216.45 -1.56012 0.286877 416.257 92.9047 9.61436
517.923 0.7672 -2.81466 257.752 -2.55389 0.532644 1996.67 0.400649 0.797147 0.550064 0.873756 181.9 -0.144564 0.677209 382.089 92.9047 9.61416
361.729 -0.420839 -1.08891 325.834 1.55514 -2.52787 943.901 0.672793 0.687173 0.600945 0.797977 260.62 1.96974 1.78557 463.725 92.9047 9.61453
439.364 0.403903 0.957675 343.634 -0.236104 -2.706 813.435 0.535218 0.643444 0.876671 0.738558 329.067 -0.305091 1.26277 474.391 92.9047 9.61354
388.717 0.454681 -2.06286 296.774 -0.589066 2.02245 714.449 0.598954 0.602347 0.593499 0.606354 196.906 0.520436 1.50202 340.167 92.9047 9.6145
440.195 -1.57835 1.80368 371.701 -1.0425 -1.5051 841.972 0.655914 0.635149 0.57773 0.707887 170.09 -0.806381 0.698723 702.066 92.9047 9.61499
424.195 -0.148569 -1.50416 387.573 -0.882907 2.29392 859.211 0.0975207 0.463903 0.710238 0.70453 241.677 0.533275 1.76064 476.793 92.9047 9.61516
591.392 -0.785371 -0.446897 415.448 -0.921428 2.21668 970.245 0.242021 0.493927 0.634304 0.56092 279.121 3.12194 0.905258 499.913 92.9047 9.61288
670.015 0.796425 2.96332 363.057 -0.511434 -1.4245 1060.79 0.55685 0.534172 0.625678 0.497393 643.615 0.390447 1.81495 433.388 92.9047 9.61486
725.084 -1.47039 -1.5427 437.083 -1.462 0.849869 1103.11 0.581062 0.285312 0.532079 0.743642 448.894 2.16684 1.31697 519.675 -92.9047 9.614
610.518 1.15453 -2.05275 265.278 -1.01802 2.01234 1293.8 0.84998 0.446904 0.654671 0.313885 304.762 0.956465 1.05587 346.62 92.9047 9.61469
603.419 -0.117659 -2.21551 473.98 0.650891 3.12064 654.866 0.410623 0.631907 0.788718 0.767609 862.532 0.484005 2.63663 578.474 92.9047 9.61211
508.615 -0.377395 -2.1913 454.407 2.69331 1.92683 2292.22 0.562026 0.251723 0.450989 0.47313 394.913 0.139495 1.78734 552.056 92.9047 9.61212
502.514 0.311382 0.078321 287.191 1.7413 2.3151 918.105 0.696817 0.590356 0.789164 0.726118 328.575 -2.39315 1.57493 486.589 92.9047 9.61204
738.04 0.372168 2.89326 583.797 1.65036 -1.40601 1427.2 0.338891 0.186202 0.387582 0.680613 698.511 0.5925 1.99851 615.713 92.9047 9.61211
1104.43 -0.765242 2.12791 308.761 0.145749 -2.94787 872.758 0.366809 0.363427 0.557725 0.399343 1201.82 -0.784911 2.16296 374.069 92.9047 9.6126
486.297 0.543421 -2.70049 340.215 0.729796 2.03626 584.132 0.421595 0.442627 0.559495 0.375213 423.326 0.0885272 1.94773 565.29 92.9047 9.61094
375.786 -2.52228 -0.180761 324.117 0.34375 3.07373 1586.1 0.710677 0.36443 0.684603 0.622646 57.8632 2.24828 0.825447 510.917 92.9047 9.61026
720.94 0.775858 -2.21329 353.122 0.0546091 -1.12583 646.731 0.473258 0.423849 0.630501 0.398066 747.376 1.18897 2.3148 910.589 92.9047 9.60949
624.708 -0.189199 2.88029 594.122 0.0297308 -0.997496 1210.15 0.17365 0.476905 0.704673 0.363718 375.724 0.87368 1.87118 438.118 92.9047 9.61069
365.77 1.09513 1.45756 333.135 2.55406 -2.79665 870.386 0.67992 0.765422 0.707865 0.628593 290.504 -0.627464 2.08503 437.667 92.9047 9.6153
268.426 1.13143 -1.14238 261.617 -0.745624 2.54645 771.419 0.581257 0.752971 0.572771 0.593839 42.7054 0.804135 1.74231 355.505 92.9047 9.61371
956.157 0.0461704 1.92314 760.257 1.19523 -0.866558 1983.7 0.557443 0.761954 0.687273 0.735392 353.147 -2.12875 1.26219 802.939 92.9047 9.61394
473.601 -0.647416 0.637248 470.323 -0.0292352 -1.72056 946.913 0.620027 0.530076 0.583115 0.795872 297.066 2.07256 1.43531 1246.94 92.9047 9.61499
448.924 -0.519534 0.0395901 358.256 1.35922 2.00621 1126.94 0.558113 0.356704 0.711391 0.486192 449.559 -2.69186 1.58511 455.172 92.9047 9.61455
742.917 0.00742354 2.00881 531.996 -1.4873 -0.941997 1686.32 0.76457 0.166508 0.635009 0.29777 234.423 -1.48201 0.540016 358.143 92.9047 9.61492
323.601 0.381328 -2.31061 280.733 1.59697 -0.488659 644.053 0.671439 0.317307 0.557827 0.564158 364.376 0.959677 1.44834 356.625 92.9047 9.61861
1329.94 0.0822911 -2.48428 699.259 -0.688802 0.937423 2071.11 0.46044 0.541061 0.792801 0.39747 648.258 0.360387 0.577036 751.676 92.9047 9.61882
542.396 -0.117229 -1.14255 522.753 1.06953 1.42139 1274.99 0.164958 0.711603 0.738181 0.612488 307.005 2.98901 1.56762 997.405 92.9047 9.61807
609.766 -1.1175 2.59692 519.377 1.50069 -1.12189 2233.32 0.42366 0.477485 0.601158 0.636131 154.279 0.518609 1.6405 663.309 92.9047 9.61895
595.641 0.425195 -0.313087 251.432 2.08293 2.80412 1057.03 0.616045 0.188133 0.759395 0.421929 342.066 2.50062 0.303508 377.67 92.9047 9.61886
588.421 1.01906 -1.88189 494.82 -1.16218 0.301462 1724.34 0.749317 0.506862 0.741911 0.679931 425.638 2.72582 1.67547 874.627 92.9047 9.61908
510.898 0.954616 -1.38935 432.751 -1.06779 -0.188611 1245.32 0.659254 0.611872 0.47168 0.71013 657.479 2.09178 2.28039 680.81 92.9047 9.6198
521.397 -0.331917 -2.21169 333.091 -1.95363 -0.0916316 1050.8 0.776403 0.675131 0.767787 0.582915 398.796 1.54533 1.63696 379.741 92.9047 9.62136
822.974 -0.63147 -1.39962 297.22 -1.20135 1.75419 1045.18 0.739553 0.607105 0.552816 0.705669 537.968 1.61599 0.138197 382.135 92.9047 9.6201
568.615 1.02366 2.27382 348.183 -1.39075 -2.72479 1458.65 0.68056 0.532405 0.639497 0.699344 562.699 -0.408188 2.3166 566.685 92.9047 9.61953
689.406 0.355459 -3.00792 262.305 1.12377 -1.18898 773.802 0.587691 0.454558 0.667457 0.76715 571.561 0.493415 1.68239 406.222 92.9047 9.6197
675.821 0.0236991 2.33238 491.875 0.0834014 0.0428611 1052.69 0.329533 0.433019 0.311874 0.196278 190.938 -0.458193 0.501054 975.64 92.9047 9.61993
1148.61 -0.139362 1.31793 803.826 -0.116155 -2.24837 1935.06 0.376681 0.318038 0.834597 0.778285 501.552 -1.69844 0.549927 339.322 92.9047 9.62131
676.456 -1.23616 -0.573873 402.299 -2.09442 1.10306 911.901 0.533424 0.229754 0.406646 0.819194 261.943 -3.04008 2.14004 552.35 92.9047 9.61788
704.821 -0.908783 -1.11803 634.274 -0.211641 1.33809 1362.65 0.524058 0.517766 0.74402 0.367964 473.616 -2.84637 1.72834 834.477 92.9047 9.61792
458.97 0.913987 0.659162 415.273 1.51324 -2.01389 900.499 0.449216 0.624555 0.627096 0.670523 160.692 2.70043 1.56887 465.553 92.9047 9.61836
346.196 -1.83926 1.33193 278.728 0.46066 2.9595 1016.41 0.621022 0.50755 0.689522 0.782091 351.412 -1.73556 1.58813 579.419 92.9047 9.61782
696.186 0.759853 -0.538031 277.399 1.96238 2.49173 1056.41 0.34687 0.450485 0.819492 0.698741 404.657 2.66128 0.169553 312.575 92.9047 9.61903
651.282 0.304584 1.08759 475.123 -0.11247 -1.87674 1146.4 0.395125 0.410268 0.694013 0.555812 170.679 -2.19034 0.313601 894.667 92.9047 9.61767
823.146 0.487387 -1.94335 420.032 -1.76639 0.814744 1996.39 0.307113 0.66247 0.548536 0.623854 428.91 1.63423 0.819484 448.562 92.9047 9.61922
277.993 -0.826746 2.07964 266.561 2.0725 0.592507 1163.61 0.648926 0.617837 0.657815 0.869631 241.355 -1.58537 2.17788 476.569 92.9047 9.62025
647.05 0.726486 0.740284 262.304 -0.628865 -1.22207 920.566 0.53723 0.452916 0.674049 0.311934 569.345 -2.72248 1.50041 324.549 92.9047 9.62326
405.622 0.131465 1.88321 354.743 0.361182 0.2705 563.218 0.48048 0.250622 0.496438 0.465304 365.682 -1.96255 2.23305 931.278 92.9047 9.62293
769.748 -1.5943 2.37922 574.505 1.72707 -0.502576 3641.57 0.169831 0.501861 0.784883 0.870835 109.457 -1.0835 0.580919 1377.64 92.9047 9.62466
823.46 -0.668947 -1.39518 494.885 -0.658341 -0.125637 778.608 0.592147 0.534755 0.621614 0.631827 416.223 1.75803 1.88367 715.127 92.9047 9.62494
623.427 -0.966383 2.92302 525.314 0.037976 0.642547 1205.26 0.589104 0.409538 0.50903 0.688737 486.611 -1.03368 1.67623 591.99 92.9047 9.62527
898.113 -1.16316 1.39901 303.186 1.03515 -0.886182 1702.98 0.682545 0.427212 0.754746 0.876225 726.719 -2.0465 1.16032 307.57 92.9047 9.62415
467.347 0.198587 -3.04407 355.799 -1.01813 0.754774 942.881 0.0934594 0.606632 0.0768113 0.596255 169.667 -1.19495 1.84912 595.153 92.9047 9.62451
680.74 0.00564625 2.75706 457.342 -1.96985 -1.91558 1545.21 0.379673 0.178343 0.471422 0.597275 683.55 0.237143 2.15272 563.085 92.9047 9.62524
421.079 0.47686 2.47362 416.361 0.700784 0.396316 742.227 0.613585 0.551877 0.571943 0.821748 598.742 -1.88478 1.92478 580.108 92.9047 9.62111
768.798 0.433285 1.74774 448.744 -0.661622 0.365339 1015.76 0.325523 0.554125 0.124561 0.552983 697.989 -1.65592 2.02126 868.22 92.9047 9.62126
416.181 -0.847626 0.379741 252.994 0.561913 -3.02393 823.323 0.780192 0.1519 0.694545 0.788469 174.829 -2.69052 0.333415 330.009 92.9047 9.62079
387.549 0.282311 -0.935116 302.349 0.684643 -2.8043 578.461 0.246095 0.634577 0.592695 0.704444 418.348 1.49925 1.97963 369.107 92.9047 9.62076
1173.72 -0.114303 0.960627 710.515 -1.6721 -1.65526 2513.39 0.527677 0.761304 0.480686 0.62195 660.373 -2.68245 1.02719 899.138 92.9047 9.62197
780.642 0.290542 1.98529 689.781 -1.49763 -1.78486 2060.77 0.430365 0.408479 0.609336 0.624629 172.766 -0.10716 1.6777 1315.93 -92.9047 9.62199
781.353 0.562852 0.893583 658.898 -0.576174 -2.74083 1752.72 0.179685 0.0752168 0.651718 0.554076 304.668 -0.326216 1.2198 815.949 92.9047 9.62089
1339.43 -0.425957 -1.82749 882.63 0.200758 1.19273 2291.58 0.385253 0.526616 0.264942 0.507686 414.773 1.4612 0.268471 954.526 92.9047 9.61878
615.031 0.929019 1.08995 312.341 1.18894 -2.59173 858.116 0.430787 0.197865 0.76602 0.728229 466.905 -1.71114 0.880593 444.236 92.9047 9.62008
522.211 0.577399 3.03221 293.935 2.63795 -1.27156 1253.06 0.541781 0.494329 0.40558 0.456728 484.705 0.459569 1.73113 423.28 92.9047 9.62017
433.918 0.404532 1.58063 410.887 2.1338 -1.00275 1159.36 0.45486 0.641461 0.491591 0.809109 236.018 -2.89266 1.80989 961.186 92.9047 9.61931
422.889 1.43401 3.12847 338.642 1.50818 -1.35349 601.27 0.634215 0.637503 0.445 0.829661 447.634 0.8464 2.19989 480.448 92.9047 9.61841
619.34 -1.047 -2.53981 275.835 2.27138 2.16237 2180.02 0.715137 0.181472 0.593962 0.821916 598.121 -0.158598 2.32097 944.717 92.9047 9.61818
705.742 0.488566 0.964794 654.105 0.191288 -1.4653 1367.77 0.309345 0.214786 0.473699 0.878005 437.019 3.07683 1.74106 334.261 92.9047 9.61836
595.485 1.63325 2.1619 479.112 -1.45293 -0.292013 2611.38 0.698137 0.691079 0.735252 0.632302 72.4799 -3.07439 1.04689 660.983 92.9047 9.61902
970.933 0.00997808 -1.65982 704.817 -0.330509 2.14956 1592.24 0.551811 0.868352 0.385579 0.782337 214.074 0.969844 1.17972 434.567 92.9047 9.62027
831.218 -0.176189 -0.919407 603.45 -0.313941 2.67361 1389.19 0 0.245483 -1 0.781908 363.591 1.45167 1.22194 1471.2 92.9047 9.61922
692.674 -0.540954 2.71873 352.111 -1.04715 -0.460429 1028.7 0.582285 0.557231 0.508186 0.735966 287.791 -1.27 0.809569 327.429 92.9047 9.61822
601.666 0.597775 -2.99926 466.415 -0.51575 -0.920129 1134.41 0.261032 0.526045 0.474725 0.505938 458.705 0.997644 1.91777 587.643 92.9047 9.61862
1393.4 0.100817 1.50027 1268.58 1.60974 -1.56452 3544.08 0.588552 0.252676 0.437853 0.547831 157.638 -2.26471 0.700188 1407.41 92.9047 9.61856
431.776 -1.46895 0.425574 345.213 1.60634 -1.65347 1851.16 0.574072 0.423702 0.738726 0.583527 83.6454 2.80152 1.8282 575.113 92.9047 9.61672
480.545 -0.134611 -1.63308 347.536 0.840793 2.56774 822.056 0.358445 0.650428 0.574576 0.548975 38.5189 2.51508 0.0526657 410.573 92.9047 9.61683
478.41 1.88423 2.16605 439.791 2.20986 0.438173 720.146 0.314517 0.513365 0.819027 0.637289 405.132 -2.40942 1.70771 312.785 92.9047 9.61518
332.121 -0.306292 0.170652 256.107 -0.868078 -2.3261 587.669 0.673437 0.671321 0.668115 0.808222 117.115 2.95789 0.999195 553.157 92.9047 9.61291
772.506 -1.32418 -0.427839 408.262 0.331218 1.98932 1479.65 0.617025 0.210147 0.785017 0.748729 246.504 2.96557 0.976256 352.582 92.9047 9.61281
498 -0.574145 1.77473 466.157 0.425566 -0.295785 982.146 0.697156 0.255972 0.684029 0.649161 413.764 -1.61818 1.32239 355.71 92.9047 9.61075
452.064 0.821811 1.38581 372.999 1.29444 -1.52064 859.129 0.494644 0.732788 0.46324 0.808417 387.342 2.98063 1.59482 725.443 92.9047 9.60808
562.186 -1.36042 -1.19012 537.449 -0.562841 3.04903 1054.76 0.500286 0.645856 0.218744 0.707655 490.396 0.45162 1.64174 847.697 92.9047 9.60679
550.349 0.135323 2.78484 453.687 -1.3096 1.99294 881.193 0.441249 0.44629 0.668367 0.377458 646.83 -1.05688 2.44146 404.128 92.9047 9.60665
706.055 -0.166552 0.302169 310.333 -2.48004 3.09188 1669.61 0.574833 0.48553 0.690013 0.816561 378.01 -2.62041 0.570892 370.897 92.9047 9.60638
730.295 -1.25953 1.6846 328.476 0.614347 0.811803 1152.5 0.659407 0.514318 0.50711 0.408223 960.34 -1.76456 2.57636 378.356 92.9047 9.60693
419.938 -0.065409 -1.6313 279.014 -2.14018 -2.07505 862.169 0.28192 0.81613 0.391094 0.712022 612.731 1.70235 2.50578 982.864 92.9047 9.60449
1134.31 -1.11644 -1.34104 1033.77 0.955835 2.15291 3428.44 0.364536 0.415819 0.852709 0.442232 104.457 1.2706 0.882307 1462.78 92.9047 9.60613
921.006 0.510133 3.03325 364.042 -1.62776 -0.788965 1852.83 0.313174 0.512246 0.820522 0.657601 584.956 0.00974433 0.798709 475.3 92.9047 9.60838
428.335 0.899142 -1.19604 341.068 -1.63896 -3.06155 1411.6 0.45176 0.772448 0.792794 0.775133 497.81 1.10328 2.11836 513.382 92.9047 9.60966
932.897 1.25263 2.18344 641.689 -0.179384 -1.07595 1978.2 0.580552 0.615486 0.631036 0.843592 123.623 -1.33726 0.261309 445.105 92.9047 9.60814
446.382 -0.0370118 -2.67908 275.895 0.172994 0.182418 710.59 0.564411 0.468566 0.630289 0.575127 217.043 0.857562 0.675145 400.074 92.9047 9.60868
640.418 -1.1501 1.37311 456.332 -1.4446 -2.00867 1090.89 0.68326 0.41006 0.43952 0.798403 162.907 -1.46403 0.544642 848.283 92.9047 9.61015
505.007 -1.64564 0.714054 320.375 -0.199761 3.00434 983.062 0.419472 0.748316 0.8965 0.618586 253.316 -1.67139 1.60746 442.435 92.9047 9.6106
932.531 0.013547 0.309927 262.425 -0.246472 -2.01863 935.35 0.146287 0.6312 0.629026 0.748804 608.585 3.00545 1.2591 493.042 92.9047 9.61053
938.713 1.61121 2.01632 419.126 -0.326955 -1.27527 1896.88 0.331827 0.287707 0.399285 0.364483 351.423 -1.19266 0.0826138 851.159 92.9047 9.61062
407.732 0.96698 -0.593953 394.407 0.726941 2.94242 805.684 0.303572 0.429468 0.503439 0.497586 133.422 1.22677 1.71565 442.019 92.9047 9.60939
774.675 -0.922282 -2.04144 370.875 -0.536456 2.51094 853.478 0.527749 0.606634 0.665992 0.759784 743.713 0.663064 1.84787 425.062 92.9047 9.61072
791.88 0.479828 2.13535 437.576 1.82548 -0.3501 1405.98 0.371594 0.58468 0.779628 0.739295 480.152 -1.48165 1.13155 483.993 92.9047 9.61089
725.64 -0.174474 -3.00232 464.316 -1.23409 -0.121855 1350.71 0.616533 0.638111 0.741563 0.789881 205.563 -0.448565 0.326709 364.342 92.9047 9.61055
953.29 -0.844611 2.62713 304.743 0.342152 0.204429 1248.14 0.507402 0.380134 0.737855 0.549254 483.941 -0.690631 0.895061 389.725 92.9047 9.61137
634.136 -1.41607 0.744974 548.598 -0.874442 -2.13862 1319.12 0.709767 0.0956113 0.82159 0.808864 169.769 3.03966 1.10491 971.235 92.9047 9.61106
506.614 0.741356 3.0805 289.786 0.107094 -0.465933 794.657 0.269708 0.280057 0.770151 0.628873 309.761 0.725066 1.191 561.628 92.9047 9.61106
517.951 0.160843 -2.80212 339.739 1.11972 1.27665 873.669 0.561677 0.586419 0.393902 0.399932 307.123 -0.472377 1.74903 447.64 92.9047 9.61253
547.477 1.93129 2.03228 422.7 0.591722 -2.5205 1011.12 0.279576 0.29184 0.745263 0.601204 244.556 0.0417253 1.99056 515.532 92.9047 9.61283
395.855 0.449553 2.23407 293.668 -0.182347 -1.51022 691.224 0.664745 0.459997 0.564898 0.831799 196.14 -0.0838063 1.42641 720.674 92.9047 9.61367
493.935 -0.608751 1.34784 378.855 -2.10991 -2.72701 1056.68 0.28224 0.546157 0.39253 0.64834 199.426 -1.08915 1.63786 708.029 92.9047 9.61303
530.109 1.79116 -0.734947 438.625 -0.132999 -2.83191 1370 0.755227 0.536911 0.676154 0.631929 208.666 1.50643 1.94484 996.48 92.9047 9.6126
815.702 1.60784 -1.6521 513.622 1.36037 2.05172 1279.74 0.267712 0.625352 0.595508 0.543373 271.707 0.77856 1.27316 731.64 92.9047 9.61266
764.596 0.414182 1.5263 340.502 -0.509269 -1.57697 1149.55 0.529477 0.61928 0.615422 0.748729 313.852 -1.6164 0.0394286 318.303 92.9047 9.61186
351.301 0.962896 0.389762 292.663 -0.732534 -1.17307 761.818 0.542579 0.707405 0.48175 0.578772 383.802 2.88893 2.22118 422.778 92.9047 9.61296
470.547 0.0563757 -0.0414959 355.974 -0.419994 -1.67571 663.999 0.282636 0.353164 0.789335 0.659672 398.577 2.66352 1.94395 581.288 92.9047 9.61485
446.959 -0.234048 -2.09123 328.195 0.792275 -0.843905 626.713 0.582837 0.382438 0.639281 0.755565 567.233 1.46369 2.30759 522.081 92.9047 9.61139
661.761 1.22654 -0.300508 446.506 1.95548 -2.21089 1017.74 0.719301 0.707759 0.706699 0.769741 428.877 1.5299 1.83041 691.011 92.9047 9.61144
980.349 0.324385 -2.17635 467.445 -1.30183 1.31174 1825.93 0.619095 0.280509 0.682242 0.759987 529.498 1.18279 0.128955 361.272 -92.9047 9.61148
498.09 -0.737468 1.13109 423.777 0.509121 -1.01257 1035.16 0.424191 0.152682 0.752302 0.711288 451.169 -2.93765 1.92508 433.273 92.9047 9.61147
460.656 0.708694 1.77318 299.042 0.896581 -1.11586 750.353 0.434511 0.827436 0.68858 0.700701 174.507 -1.69748 0.581622 330.253 92.9047 9.61258
443.711 -0.240711 2.55845 365.089 -1.00813 0.872866 686.082 0.577372 0.53764 0.6097 0.620759 524.065 -1.49868 2.22606 604.848 92.9047 9.61111
733.133 1.02913 -1.38439 303.575 -1.39445 2.03114 1736.34 0.504473 0.329232 0.451513 0.66033 210.671 1.43205 0.599099 388.488 92.9047 9.60991
295.533 -0.282151 1.6242 256.903 -0.939621 -0.653603 534.138 0.56801 0.246539 0.640224 0.513195 219.528 -2.32475 1.67114 308.62 92.9047 9.60968
305.611 -0.764751 1.30184 296.425 -1.99984 -0.664981 671.786 0.25822 0.651549 0.656881 0.566541 175.313 -2.90258 2.07877 612.563 92.9047 9.61666
404.01 0.446928 2.51321 297.044 2.24869 2.04356 749.233 0.69903 0.73159 0.654634 0.793717 566.715 -0.741617 2.78518 470.724 92.9047 9.61699
461.29 -1.50999 -1.85066 331.689 -0.778275 0.720449 815.527 0.509169 0.60278 0.49174 0.833613 402.718 2.64127 1.79125 527.012 92.9047 9.61742
802.962 -0.457322 1.79329 730.724 0.701336 -1.32734 1802.5 0.568781 0.407396 0.774579 0.522561 211.285 -2.41818 1.09084 768.802 92.9047 9.61763
656.422 -0.143113 2.02975 545.475 -0.491427 -0.877118 1212.68 0.246283 0.100582 0.469823 0.753046 491.067 -2.39673 1.51962 933.582 92.9047 9.61632
765.39 -0.127334 2.63725 275.758 1.2677 -1.7735 1024.17 0.431247 0.725566 0.302099 0.762355 698.672 -0.126516 1.64698 305.149 92.9047 9.61616
582.632 0.781697 -1.77971 453.496 -1.0269 2.34158 1418.45 0.540576 0.486853 0.524117 0.785525 466.147 0.582117 1.75946 494.783 92.9047 9.61461
644.897 -0.478941 -1.9604 380.717 0.19067 1.92918 988.502 0.660739 0.782426 0.494216 0.689066 396.19 1.43671 0.492473 732.336 92.9047 9.61463
419.782 1.4458 -2.47588 310.38 -1.19172 -3.01039 1277.24 0.58658 0.608318 0.707861 0.763616 623.362 0.436786 2.83601 525.515 92.9047 9.61506
916.962 -0.279544 -2.07987 531.844 -0.468843 2.17159 1206.9 0.555848 0.623401 0.734133 0.619 552.058 0.477367 1.69422 308.857 92.9047 9.61539
676.95 0.276127 -0.893694 328.984 1.01202 -2.41989 780.816 0.676737 0.760677 0.526618 0.811076 807.67 1.93397 1.92933 483.951 92.9047 9.61342
817.46 0.04007 3.05229 313.947 0.866654 -0.16364 1116.02 0.412797 0.662208 0.496536 0.74088 312.041 -1.18715 1.02351 350.645 92.9047 9.61274
377.393 1.93801 0.56124 282.093 0.269424 -2.414 912.844 0.615374 0.510082 0.636539 0.676988 101.389 -2.36573 0.0482664 519.33 92.9047 9.6128
437.747 -0.944682 -0.549303 250.569 0.596294 1.4592 794.277 0.599381 0.569456 0.639437 0.552868 257.546 3.07199 1.61279 402.744 92.9047 9.61346
816.24 -0.66426 0.751885 388.107 0.397266 -2.02212 1281.82 0.361124 0.519519 0.597483 0.563122 255.945 -2.44148 0.419364 1285.02 92.9047 9.61393
633.417 0.861459 2.57109 627.236 1.41123 0.499972 1145.23 0.21587 0.47839 0.665634 0.501538 200.185 -1.12593 1.62591 481.652 92.9047 9.61406
336 1.23281 2.94169 311.797 0.176628 0.835706 701.355 0.622812 0.377793 0.626599 0.669451 537.612 -0.821718 1.65742 329.159 92.9047 9.61322
1005.82 0.258764 -1.50785 772.062 -0.730088 1.04415 1937.43 0.32737 -1 0.663563 -1 247.792 2.69989 1.65574 322.864 92.9047 9.61281
823.465 -0.155658 -0.80676 576.496 0.909169 -2.71298 1389.36 0.600888 0.588021 0.658605 0.646796 294.346 1.32528 2.13204 542.371 92.9047 9.61178
831.915 0.123588 1.4279 381.44 1.19781 -2.43333 1243.64 0.0373418 0.533073 0.318387 0.853296 439.665 -0.962324 1.471 677.726 92.9047 9.61196
408.98 -1.10463 1.18128 377.1 -1.1914 -2.49597 789.678 0.76487 0.630992 0.710387 0.767869 374.087 -0.445775 1.62705 478.127 92.9047 9.61137
809.781 -0.733357 0.613647 403.963 -1.47544 1.91377 839.066 0.548477 0.613357 0.570858 0.65957 698.359 -2.38244 1.98698 527.009 92.9047 9.61195
389.624 -0.596316 -2.15389 322.071 0.206104 2.47835 625.149 0.241147 0.25331 0.680202 0.663397 233.583 0.444595 2.03375 780.041 92.9047 9.61121
448.488 -1.81998 1.24455 443.023 -1.37131 -1.87764 931.679 0.737718 0.512059 0.798982 0.647812 233.289 -0.190501 1.43505 1140.18 -92.9047 9.60717
388.706 -0.486748 0.591592 374.38 -0.42519 -1.59138 689.702 0.598478 0.531069 0.606104 0.72599 446.137 1.86184 1.27025 429.903 92.9047 9.60799
755.322 -0.196864 -3.10489 349.182 -0.36756 1.2668 885.232 0.320747 0.661963 0.487789 0.54847 660.091 -0.510424 1.77723 417.746 92.9047 9.60631
377.567 1.57863 -2.24488 364.996 0.532069 0.197925 816.342 0.626983 0.760483 0.725811 0.707956 244.827 2.20137 1.83693 431.904 92.9047 9.60628
960.383 -1.12904 -2.9805 263.684 -0.569002 0.565497 1038.43 0.542659 0.203468 0.42707 0.34176 599.587 0.0337687 0.531729 394.868 92.9047 9.60627
746.02 -0.270797 -0.265373 744.056 -0.832413 2.65601 1572.25 0.309835 0.486038 0.870067 0.505261 160.818 -1.96552 1.66165 853.922 92.9047 9.60597
611.691 -1.01145 -0.462387 351.525 -0.787542 -1.78472 580.326 0.295466 0.428221 0.376507 0.55587 627.627 1.87124 2.33363 309.057 92.9047 9.60842
580.589 -1.57404 2.65419 437.718 0.0189765 -1.2969 1295.99 0.635902 0.810518 0.675341 0.635246 183.078 0.489464 1.78636 623.852 92.9047 9.60825
588.389 0.26227 2.18399 298.244 -0.769153 2.75651 513.13 0.177146 0.69124 0.490224 0.749292 814.637 -0.75574 2.77094 363.69 92.9047 9.60701
942.79 1.89171 -1.28654 334.258 -0.861305 2.57816 2337.46 0.595607 0.35079 0.581989 0.238148 656.915 1.86042 0.717743 543.977 92.9047 9.60777
377.904 -0.536952 1.9778 334.797 0.605576 1.99477 437.387 0.869744 0.669469 0.612045 0.773934 590.632 -0.971966 2.94976 919.363 92.9047 9.6057
842.34 1.34877 -2.22123 450.216 0.802623 -1.15282 723.245 0.514766 0.462213 0.491203 0.502779 544.982 1.29874 2.45156 918.607 92.9047 9.60152
510.549 -0.563366 2.00201 319.306 -1.12199 -1.47533 853.723 0.723918 0.562942 0.830974 0.502108 213.758 -0.681733 0.793602 325.337 92.9047 9.60453
1351.17 -0.620734 -2.59629 394.665 -0.0835776 1.14325 1453.52 0.668328 0.364698 0.53847 0.367363 717.609 0.498275 0.644978 379.828 92.9047 9.60379
971.03 0.224247 -1.81394 317.802 0.939858 2.25279 1103.89 0.73624 0.55652 0.598155 0.761503 816.351 1.00988 1.24292 1100.5 92.9047 9.60382
1008.5 0.429786 -1.08803 960.73 -1.11267 2.41209 2563.34 0.495766 0.429976 0.660074 0.768327 326.16 0.768537 1.64355 988.51 92.9047 9.60391
982.484 0.593645 1.3032 710.708 0.402201 -1.2608 1625.91 0.579985 0.529969 0.56821 0.598019 410.619 -2.34773 1.08694 1003.25 92.9047 9.60367
326.956 -1.5549 -0.650127 305.349 0.0146114 2.36139 847.341 0.449291 0.531293 0.741922 0.853468 96.8575 -2.497 1.42479 452.313 92.9047 9.60472
482.251 0.557779 1.18581 296.631 -1.21668 -1.63464 1071.97 0.746811 0.771874 0.647861 0.694556 164.229 -1.3112 0.323442 495.336 92.9047 9.60958
778.05 1.59348 -2.19671 316.322 0.330302 2.04462 1115.27 0.448983 0.511528 0.751755 0.672001 683.113 0.594504 1.45011 388.068 92.9047 9.60647
353.353 -1.53846 0.78359 285.828 -0.831183 -0.742807 539.881 0.417896 0.291777 0.730954 0.754796 482.126 -3.12954 2.37006 470.32 92.9047 9.60604
382.688 -0.601765 -1.01802 286.955 -2.12678 2.42636 880.305 0.461088 0.722517 0.693567 0.760499 88.4862 1.75241 0.673954 332.043 92.9047 9.60647
686.547 -0.505624 3.05299 303.689 2.66931 -1.07028 2292.6 0.246578 0.615552 0.340378 0.602243 529.589 0.356278 1.42656 1034.2 92.9047 9.60743
480.431 -1.32134 3.05274 286.992 -2.91202 1.44822 884.192 0.681077 0.370762 0.696669 0.722932 496.764 -0.715526 2.16374 348.405 92.9047 9.60825
799.964 0.95904 -2.04447 559.03 -0.200026 1.45266 1555.32 0.309252 0.681235 0.832383 0.606617 129.931 0.80013 0.652527 775.089 92.9047 9.60759
698.503 0.499629 1.08801 379.38 -0.28815 -0.888941 1001.29 0.646782 0.125632 0.669042 0.861312 603.514 -2.59743 1.70849 312.489 92.9047 9.60809
814.737 -0.370985 0.6241 643.988 -0.6192 -2.3357 1474.49 0.614025 0.655673 0.768016 0.687467 248.495 2.52289 1.4246 890.77 92.9047 9.60837
668.392 0.119994 1.81342 403.742 0.26953 0.108249 870.823 0.274159 0.302587 0.618834 0.651147 755.583 -1.59717 1.70542 1138.31 92.9047 9.60792
389.972 -0.447912 1.05795 384.601 -0.73129 -2.05066 798.915 0.499631 0.414354 0.816488 0.246722 207.172 2.74013 1.4924 498.682 92.9047 9.60597
640.051 0.0356603 2.99627 371.822 -0.0952766 0.804874 875.885 0.658201 0.723404 0.41405 0.78005 733.276 -0.94043 1.7453 414.137 92.9047 9.60615
807.551 -1.01469 0.823307 273.292 -1.37577 -1.09593 848.158 0.0964658 0.523347 0.568686 0.748179 785.65 -2.84363 1.7477 414.552 92.9047 9.6074
742.348 0.920142 -0.569285 687.61 0.668441 -2.89769 1330.95 0.624917 0.516185 0.634066 0.749481 543.245 1.37815 1.94743 803.985 92.9047 9.60588
904.688 -1.34847 1.01743 299.583 -0.260804 -1.84061 1196.72 0.209609 0.237532 0.668612 0.646136 462.291 -2.31652 0.475916 577.733 92.9047 9.60729
503.089 0.850278 -2.45239 294.646 0.851061 1.43108 737.489 0.614192 0.466 0.667123 0.600991 316.456 1.19799 0.233091 350.345 92.9047 9.60686
478.955 0.958439 -1.46073 425.536 0.256309 0.259618 759.547 0.758591 0.370915 0.728755 0.618439 496.459 1.88866 1.62904 828.631 92.9047 9.60722
606.674 -0.876534 -2.29903 339.924 1.36528 1.98784 1462.31 0.323204 0.726089 0.802398 0.702886 532.989 0.30474 1.6831 376.692 92.9047 9.60686
513.935 -0.544973 -2.30265 473.712 0.145587 2.25641 835.591 0.320413 0.508096 0.553415 0.544029 389.778 0.926242 1.33016 544.339 92.9047 9.60722
889.676 -0.658569 -2.72905 550.608 -0.212554 0.218959 1440.25 0.393584 0.348769 0.73102 0.77723 249.308 0.0746135 0.144346 744.49 92.9047 9.6082
729.243 -0.682707 -1.60734 595.557 0.945687 2.22064 1726.91 0.107202 0.839003 0.0249014 0.583511 469.126 0.0694221 1.67676 804.294 92.9047 9.60994
799.229 0.0751148 -2.99763 548.349 1.33657 0.843206 1598.08 0.628897 0.38589 0.734314 0.714781 522.415 -0.576637 1.41984 442.358 92.9047 9.60614
557.431 -1.05034 -2.60879 338.101 0.801724 2.70498 1033.07 0.613155 0.196168 0.588663 0.625756 548.291 0.130913 2.57407 702.14 92.9047 9.60681
544.717 -0.384777 -1.29428 338.783 0.789822 0.149822 786.071 0.447917 0.836005 0.558356 0.616467 417.321 2.153 2.00318 618.151 92.9047 9.6057
403.797 -0.0578949 -0.853136 379.409 1.46193 -2.30636 841.343 0.335494 0.656341 0.645104 0.759058 356.252 1.77587 2.20096 676.362 92.9047 9.60662
462.571 -2.04829 0.0932708 296.287 -1.18737 -2.3172 770.173 0.627346 0.612786 0.832249 0.366044 577.249 2.82784 1.13814 363.962 92.9047 9.60651
613.968 -1.42428 1.9478 489.685 0.0092692 -0.810422 1392.6 0.354059 0.640547 0.625844 0.657071 89.1483 -0.0786935 0.731728 315.531 92.9047 9.60667
403.571 0.245977 -2.65806 364.476 -2.07886 -1.91137 1148.84 0.588184 0.327862 0.690391 0.807822 654.884 0.801901 2.71327 476.728 92.9047 9.60388
322.68 0.867521 -0.904189 309.043 -1.11792 -2.6121 883.441 0.719887 0.438434 0.652004 0.630878 428.25 0.827412 1.7316 377.261 92.9047 9.60471
1233.76 -0.23514 -1.35351 841.671 -0.825584 1.82023 2130.41 0.181291 0.15802 0.319718 0.743535 299.857 2.2423 0.422071 1052.24 92.9047 9.60423
947.386 -0.657222 -1.31969 383.471 0.120998 -3.10798 1081.75 0.160232 0.538546 0.666818 0.574328 839.098 1.42385 1.75135 481.562 92.9047 9.60622
669.645 1.58197 0.630657 634.129 1.76773 -1.92835 1279.12 0.749551 0.404691 0.710296 0.702043 376.179 2.54418 1.81065 648.471 92.9047 9.60606
817.814 -0.595331 1.34275 381.05 1.18101 -2.5652 1531.42 0.552621 0.263646 0.793802 0 485.505 -1.66888 0.896322 470.334 92.9047 9.60407
757.729 1.28174 2.64851 286.044 0.481196 0.597884 899.668 0.269611 0.400211 0.469181 0.571232 821.703 -0.976908 1.57479 324.802 -92.9047 9.60377
666.95 -0.978011 2.07954 506.116 -0.115757 -0.324168 1214.09 0.461124 0.435297 0.634966 0.474986 425.514 -2.04506 1.72089 541.612 92.9047 9.60336
394.308 -1.16964 -0.00145976 269.647 1.55361 2.78353 1352.8 0.755202 0.459739 0.582533 0.725605 125.916 2.8705 0.0869691 422.254 92.9047 9.60378
481.359 -1.12729 0.6069 280 0.237107 3.11701 919.679 0.53267 0.536574 0.705314 0.773096 190.036 2.96185 0.155156 562.737 92.9047 9.60192
646.526 0.151116 -1.32515 510.55 0.267019 0.9219 1047.53 0.623751 0.507553 0.655972 0.571346 488.633 2.73239 1.81049 802.148 92.9047 9.60099
697.043 0.7652 -0.194894 413.705 0.105499 -2.29711 1001.87 0.20337 0.109591 0.691565 0.19983 548.676 2.35141 1.63467 478.406 92.9047 9.60123
662.429 0.394071 2.86815 252.405 -0.152261 1.70618 521.416 0.579448 0.459973 0.729783 0.575437 754.836 -0.564434 2.27061 720.274 92.9047 9.5998
325.24 1.44033 -2.64531 292.448 2.04255 1.95927 528.885 0.652474 0.515275 0.685023 0.82563 327.7 -0.285776 2.24504 427.912 92.9047 9.60082
555.146 -0.0177298 -0.231283 348.537 -2.25026 -2.67007 1465.42 0.44123 0.761291 0.768781 0.605109 376.046 2.25301 1.36011 512.075 -92.9047 9.60054
811.628 -0.163898 -1.60557 535.014 0.138453 0.761099 1249.33 0.709302 0.550888 0.431389 0.49559 250.978 1.72438 0.963282 464.392 92.9047 9.60048
395.09 1.54002 -0.652593 256.569 0.302047 1.55747 727.152 0.696625 0.281377 0.800274 0.572839 283.422 3.09225 1.53477 521.251 92.9047 9.60138
468.171 0.00218672 0.931686 286.896 0.984861 -0.347412 592.618 0.832827 0.398803 0.750962 0.483156 571.005 -2.43016 2.08275 355.306 92.9047 9.59673
827.186 -1.30846 -1.83748 729.836 -0.306146 2.13749 1642.52 0.698188 0.505349 0.561279 0.727091 381.974 0.792773 1.34472 383.947 92.9047 9.59758
386.464 -0.403515 0.203834 370.647 0.510721 2.66565 812.492 0.470498 0.645313 0.574389 0.700936 140.078 -1.48192 1.68576 442.823 92.9047 9.59871
910.356 -0.49215 1.93921 393.521 1.26072 -0.319092 1626.27 0.62764 0.291079 0.413897 0.428544 539.523 -1.55543 1.23634 1278.75 92.9047 9.59783
342.194 0.223528 -0.00582953 318.978 -1.10051 -0.053138 492.706 0.421199 0.67085 0.800218 0.583341 595.104 3.12448 3.10557 403.616 92.9047 9.59806
405.921 0.392827 -1.09872 277.133 -0.732958 0.78587 711.393 0.411873 0.338082 0.659693 0.584084 419.809 -2.96767 1.86895 415.957 92.9047 9.59818
1047.86 0.580515 2.60059 264.815 2.58888 -1.81022 1507.48 0.346962 0.733298 0.476698 0.748821 949.37 -0.298907 1.51131 319.796 92.9047 9.59706
442.751 -0.655504 2.3556 404.883 0.244725 0.519404 785.057 0.474877 0.436556 0.578374 0.702606 156.222 3.11181 0.75621 598.485 92.9047 9.59684
418.739 -0.4648 -0.303769 254.791 -0.278572 1.30713 480.658 0.385001 0.600988 0.194024 0.620098 496.435 -2.98198 1.99407 444.262 92.9047 9.59577
657.096 0.774402 -0.838 436.128 1.04103 2.38896 1081.64 0.0485746 0.541356 0.437672 0.535189 336.081 1.78242 0.606539 540.365 92.9047 9.59601
628.545 -1.03207 -1.46818 392.534 2.05403 1.33308 2429.24 0.599081 0.330605 0.746455 0.743978 226.25 2.03797 0.704897 450.073 92.9047 9.59758
759.586 1.14495 -1.27215 320.599 0.347364 1.87055 1071.26 0.535301 0.17953 0.559704 0 157.995 1.69083 0.179712 659.812 92.9047 9.59677
765.314 0.490842 -0.115487 287.333 -2.01562 1.83179 1702.73 0.324842 0.811115 0.698798 0.674384 682.3 -2.90718 1.54421 385.705 92.9047 9.59669
522.376 0.243572 -1.59353 325.519 -2.17508 1.68333 1513.16 0.236932 0.377588 0.374735 0.913813 224.092 1.61598 0.0673496 401.224 92.9047 9.59684
555.578 0.583013 1.61896 326.377 0.298202 -0.986298 882.139 0.359027 0.145092 0.616258 0.658739 208.209 -2.82 1.8337 574.878 92.9047 9.5969
674.723 0.742495 2.60816 344.65 0.0902988 0.164652 980.287 0.523685 0.560272 0.786659 0.570826 294.143 -1.34437 1.50903 590.848 92.9047 9.59703
595.468 -0.859669 -3.08932 428.268 1.92211 1.64895 2043.09 0.332795 0.477291 0.843818 0.783821 472.424 -0.428343 2.0773 357.798 92.9047 9.5975
819.638 -1.45611 2.81983 301.496 -0.0680159 -2.02881 1044.05 0.160837 0.237761 0.676373 0.667268 744.965 0.322923 2.35173 481.089 92.9047 9.59528
559.458 0.315546 -1.85011 406.743 -1.07221 1.84943 1179.13 0.13941 0.418516 0.589794 0.609231 234.558 -0.0160745 1.83404 598.527 92.9047 9.59825
722.932 0.151725 1.11334 587.289 0.440754 -2.28728 1316.55 0.46532 0.659506 0.600253 0.519669 200.293 -1.4635 0.823774 643.115 92.9047 9.59851
537.573 -1.60741 -0.507229 488.379 1.61607 3.04585 2669.18 0.707096 0.646377 0.801545 0.581102 295.315 1.73169 1.31416 1259.06 92.9047 9.5989
822.249 -0.33864 -1.6332 292.037 0.706165 -0.653147 718.044 0.62839 0.576623 0.659984 0.605453 924.162 1.76324 2.41638 390.84 92.9047 9.59867
502.267 0.258819 -3.12077 298.64 -2.70913 -0.162759 1805.42 0.664843 0.698508 0.734116 0.505939 133.663 1.10911 1.27187 332.815 92.9047 9.59833
819.268 -0.476479 -0.143016 468.285 0.526528 -2.89803 1383.56 0.569371 0.522181 0.653748 0.517829 293.785 1.63151 1.75365 1321 92.9047 9.59751
398.41 0.896836 -2.42773 372.346 2.09214 0.944647 927.622 0.709028 0.617007 0.549958 0.815263 149.132 -0.226539 1.17119 620.242 92.9047 9.59629
542.28 -0.176581 -1.69121 408.509 -1.84421 2.69197 1182.15 0.457707 0.227927 0.675296 0.69812 460.158 0.738655 1.95331 660.017 92.9047 9.59685
564.375 0.757363 -1.11751 420.443 1.0629 2.59526 991.883 0.285754 0.573034 0.684344 0.414249 245.602 1.97459 0.620671 909.129 92.9047 9.59514
503.317 -0.926371 -0.84688 373.293 -0.221301 2.6473 924.677 0.826077 0.543241 0.688065 0.460996 366.442 1.78765 0.859647 619.385 92.9047 9.59466
376.097 0.145759 0.423416 324.516 1.88762 2.50208 918.621 0.514712 0.541164 0.407211 0.591255 249.684 -1.42281 1.84622 528.615 92.9047 9.59466
687.38 -0.253425 -2.61459 437.752 0.462566 -0.00782855 1157.86 0.647427 0.378643 0.769523 0.50112 375.257 1.1139 1.12173 449.128 92.9047 9.59547
923.989 -0.42052 0.472515 888.31 0.570829 -2.88397 2039.84 0.429506 0.493346 0.490832 0.600242 180.646 -0.789766 1.26228 1157.84 92.9047 9.59592
560.599 0.827757 1.97245 436.481 0.21163 -2.3209 895.29 0.293686 0.462163 0.823734 0.36997 178.165 -0.404475 1.91643 647.538 92.9047 9.59623
754.047 -1.1656 2.31856 612.412 -0.233844 -0.218847 1464.24 0.610972 0.697693 0.610975 0.66026 300.865 -1.03584 0.816993 905.76 -92.9047 9.59662
809.582 -0.708425 -0.0557416 637.163 -0.30897 -2.66763 1426.28 0.547143 0.501921 0.735937 0.804114 310.456 1.98258 1.63297 665.733 92.9047 9.59637
508.081 -0.123022 -2.44141 328.358 0.82193 -1.78898 482.129 0.659784 0.48756 0.594546 0.638547 528.276 0.99858 2.78756 599.161 92.9047 9.59701
360.794 1.57644 3.12585 257.265 2.42257 -1.69305 514.872 0.562693 0.647453 0.798316 0.716897 450.595 0.528385 2.22143 476.448 92.9047 9.59612
435.518 -1.186 -0.060367 387.753 0.751499 0.0324888 948.867 0.323489 0.680284 0.705215 0.70508 797.253 3.06987 3.03738 525.759 92.9047 9.59655
694.064 0.693101 2.13357 287.568 1.33148 -0.510392 917.593 0.284131 0.572705 0.427093 0.567363 436.787 -1.79835 1.28796 1071.39 92.9047 9.59818
579.167 0.433533 0.729765 336.325 0.698716 -0.278194 485.914 0.380114 0.506841 0.70792 0.808403 486.835 -2.75458 2.47638 373.245 92.9047 9.59716
565.328 -0.0506983 -0.414047 273.221 -1.30892 1.45438 841.235 0.702424 0.72074 0.692658 0.588845 574.082 -2.93166 1.89715 804.18 92.9047 9.59709
1289.27 0.984882 -2.59543 798.913 1.10673 0.0229417 2005.93 0.529644 0.249892 0.663324 0.648139 432.692 1.13061 1.10767 827.861 92.9047 9.59707
761.285 0.453497 1.01154 301.277 -2.51715 -2.98794 2196.17 0.499552 0.627075 0.5372 0.761721 500.7 -1.21422 1.77372 335.74 92.9047 9.59646
578.832 -1.33908 -3.07449 272.716 -0.297905 -2.18492 554.905 0.117316 0.166856 0.673852 0.826068 663.622 0.3439 2.52882 396.886 92.9047 9.5967
704.421 0.881799 -1.40572 552.503 1.74858 1.85613 1380.33 0.652047 0.650759 0.348948 0.536541 131.628 1.19885 0.65728 813.886 92.9047 9.59686
648.505 -0.0125797 2.18036 427.268 0.0517355 0.278573 896.293 0.488891 0.285462 0.554117 0.719718 480.415 -1.97809 2.12474 351.351 92.9047 9.5969
286.08 0.527392 1.4603 254.083 -0.178231 -1.36113 578.192 0.611293 0.403237 0.612592 0.595083 49.1467 -2.2886 0.927463 336.484 92.9047 9.59569
868.955 -1.46577 2.889 307.661 -1.13881 -1.33338 909.751 0.522497 0.54857 0.620593 0.689843 668.992 -0.0128514 1.32053 445.671 92.9047 9.59564
717.145 0.165404 -1.51884 362.288 -0.550428 2.97556 883.38 0.48779 0.688686 0.52574 0.686656 487.21 1.05959 1.91596 661.297 92.9047 9.59543
652.606 0.557641 3.08556 408.421 0.602931 1.14042 857.12 0.762548 0.673842 0.666532 0.909425 204.047 -1.00853 2.14895 495.737 92.9047 9.59547
527.173 -0.875069 -2.03007 469.523 -0.0796738 1.88621 1024.03 0.175675 0.414178 0.58283 0.433199 380.586 0.048861 1.83735 470.615 92.9047 9.59366
644.786 0.0289379 1.69414 383.574 -0.495712 -2.3906 943.035 0.560138 0.422578 0.633672 0.555171 441.313 -0.957511 1.43309 506.596 92.9047 9.59394
583.773 0.249974 1.46835 503.493 -0.424335 -1.6967 1158.37 0.620574 0.164358 0.5964 0.663948 287.199 -0.450493 1.24621 612.643 92.9047 9.595
425.642 -0.976631 -1.80777 351.156 2.63223 0.655258 2401.6 0.626144 0.609325 0.713933 0.650573 197.478 2.16513 1.50987 846.694 -92.9047 9.59474
920.84 -0.0157954 -3.10904 260.038 1.18936 -1.34219 995.362 0.688474 0.436496 0.727971 0.808664 883.374 0.270666 1.61286 296.219 92.9047 9.59455
730.92 -0.921965 0.0404388 368.151 -0.635368 2.01725 909.038 0.44614 0.696471 0.681519 0.674457 531.594 -2.78306 1.48288 530.73 92.9047 9.59472
1170.67 0.667312 0.50106 1143.01 -0.143232 3.11504 2569.4 0.246856 0.251019 0.71195 0.590713 430.695 -0.320617 0.821677 574.039 92.9047 9.59327
563.641 0.955651 1.02156 318.131 -0.812454 -0.785464 1087.34 0.747266 0.876784 0.837454 0.617108 538.276 -2.80943 2.02396 438.675 92.9047 9.59409
515.983 -0.488426 -1.42769 430.492 -1.5789 3.11841 902.484 0.207004 0.32265 0 0.553339 142.59 1.18709 1.93132 986.519 92.9047 9.59275
516.635 0.0584077 1.86875 443.847 0.142406 -1.12133 965.002 0.35434 0.14044 0.721533 0 66.1372 -1.81812 0.696784 481.112 92.9047 9.59145
596.558 0.692841 -0.741141 509.814 0.826131 0.781458 775.29 0.626373 0.416283 0.700956 0.655372 749.287 -3.06407 2.32293 762.752 92.9047 9.5926
968.792 -0.235668 0.940213 305.537 2.75003 2.67645 2449.98 0.354558 0.330646 0.412082 0.567288 865.617 -1.88774 1.71899 409.079 92.9047 9.59264
456.742 1.18656 1.59181 395.627 -1.77383 0.306511 1843.99 0.479034 0.493721 0.419466 0.55633 269.95 -1.48226 1.78878 512.73 92.9047 9.59111
363.789 0.755477 -0.521326 317.38 0.18922 3.042 734.678 0.255016 0.504406 0.785418 0.749131 148.912 1.53361 1.50839 438.481 92.9047 9.59165
646.486 1.95843 2.56662 274.156 0.788432 -0.773941 990.361 0.335164 0.313838 0.667413 0.308649 549.049 -0.409066 0.364875 374.129 92.9047 9.59103
779.234 1.30331 -0.947929 332.274 0.745982 2.89303 1009.47 0.278254 0.376433 0.621998 0.142826 494.549 1.74668 1.14635 466.61 92.9047 9.59184
448.08 -0.123613 -2.50033 380.015 0.640015 0.191292 872.947 0.419482 0.237172 0.813872 0.517416 86.5509 0.393714 0.202423 576.953 92.9047 9.59118
936.395 -1.24891 -1.59838 377.572 -1.78348 0.280295 1015.96 0.791684 0.130244 0.621527 0.621605 812.828 1.85285 1.57256 506.055 92.9047 9.59082
875.576 -0.749901 0.80752 495.917 -0.42787 -1.26602 1190.51 0.461902 0.243095 0.825919 0.727655 724.035 -2.92307 1.65706 386.978 92.9047 9.59063
404.771 -0.590038 -2.03752 307.616 -0.453842 0.559728 690.656 0.606309 0.468835 0.605724 0.732183 347.945 1.97776 1.41803 470.239 92.9047 9.59059
448.546 0.301123 -0.532358 331.425 -1.58613 -1.78151 959.752 0.691296 0.673782 0.595097 0.766281 595.042 2.36609 2.13558 630.114 92.9047 9.59187
511.092 -2.31475 1.97324 332.669 0.093337 -0.916276 1503.91 0.307053 0.47494 0.819326 0.79941 260.024 -2.20028 1.284 567.275 92.9047 9.58971
588.096 -0.313755 -2.85101 294.222 -0.906402 1.35742 779.141 0.356151 0.457971 0.677132 0.707284 529.073 -0.250835 1.60826 311.712 92.9047 9.58911
326.265 1.9219 -2.39022 296.188 0.799803 -0.118949 733.173 0.709696 0.455844 0.665856 0.63408 185.992 1.82231 1.94126 537.455 92.9047 9.58895
907.423 -0.619068 -1.447 299.258 1.41501 -2.99225 1450.76 0.253912 0.34755 0.291212 0.586601 861.46 1.38537 1.90557 395.561 92.9047 9.58939
536.133 -1.11714 -0.770607 429.032 -0.143816 -1.70248 719.756 0.142572 0.490874 0.436234 0.414065 743.391 2.03037 2.55034 461.578 92.9047 9.58717
265.88 -0.284866 -2.86263 251.731 1.44962 2.92636 530.742 0.458953 0.593671 0.606284 0.55668 456.055 0.276741 2.64962 419.368 92.9047 9.58678
627.829 -0.462719 0.454226 295.869 0.132977 3.08489 891.426 0.596898 0.247702 0.541263 0.487927 371.223 -2.26561 0.932681 969.536 92.9047 9.5855
355.729 0.716226 -0.524101 349.892 -0.882299 -1.56299 730.848 0.414539 0.305415 0.588951 0.750495 517.667 2.21801 2.50218 604.84 92.9047 9.58541
337.439 -0.363241 -1.93626 314.676 1.4839 0.579932 929.197 0.194662 0.464692 0.613731 0.738025 188.78 2.22558 1.64564 352.179 92.9047 9.58476
688.842 -0.989504 -1.41914 267.977 -0.661347 0.519293 739.902 0.53614 0.467897 0.478491 0.608618 543.963 2.11962 1.60032 380.356 92.9047 9.58482
380.472 0.11025 1.46651 378.585 1.64031 -2.09267 1029.92 0.378842 0.546649 0.770502 0.7739 115.288 -0.543608 1.54906 545.319 92.9047 9.58523
555.637 0.635013 1.80207 354.405 -1.54351 -0.359959 1411.72 0.363369 0.380985 0.763014 0.530772 472.955 -2.05499 1.69503 419.209 92.9047 9.58579
640.649 -0.977659 -1.31183 353.539 1.62756 0.800888 1836.46 0.37489 0.295508 0.754227 0.714019 294.813 1.7348 0.933909 430.048 92.9047 9.58497
791.892 -0.0512141 -1.70707 683.84 -0.212856 2.03492 1434 0.351282 0.228599 0.820524 0.342618 291.246 0.817152 1.21777 926.33 92.9047 9.58511
925.524 0.229442 -3.06256 773.122 0.659944 0.281069 1732.23 0.545833 0.601974 0.537769 0.587588 182.005 -0.436354 0.717423 814.919 92.9047 9.58515
718.945 -1.44199 -1.98704 451.806 -1.58542 0.919984 1205.28 0.332264 0.219006 0.529395 0.791352 286.492 1.50668 0.586697 557.783 92.9047 9.58287
841.528 0.0723402 0.762005 660.748 -0.176331 -2.17949 1519.7 0.49315 0.362335 0.415919 0.681298 201.276 -1.75625 0.423233 390.91 92.9047 9.58055
712.474 -0.430291 -1.09971 369.638 1.03653 2.51728 1307.3 0.200551 0.443872 0.408727 0.678612 315.8 1.97391 0.543371 402.59 92.9047 9.57963
603.818 0.574894 2.83883 368.661 0.535198 -0.863192 939.997 0.62866 0.418353 0.484164 0.769518 173.365 1.31183 1.52699 431.944 92.9047 9.57939
1041.3 0.0838152 -1.07087 705.573 1.40487 1.18679 1980.67 0.453686 0.271427 0.496525 0.860059 344.959 3.04207 1.85528 718.318 92.9047 9.57917
567.425 -0.171766 -0.222055 334.3 0.722847 -1.1122 557.552 0.435365 0.49477 0.666221 0.671213 708.043 2.64888 2.5221 474.971 92.9047 9.57943
1060.55 0.115591 -0.609197 812.423 0.0476244 1.81094 1763.88 0.56011 0.508073 0.478435 0.546574 444.352 -2.53176 1.92256 356.094 92.9047 9.57983
628.288 1.678 -0.782618 369.339 1.34509 2.82219 960.973 0.538926 0.339565 0.648236 0.641413 61.8501 2.47459 0.347609 408.041 92.9047 9.57918
513.357 -0.52514 2.03136 421.982 0.99731 -1.49372 1201.57 0.664214 0.488845 0.543743 0.766636 184.877 0.146571 1.64029 480.217 92.9047 9.57915
822.453 0.609588 3.11131 531.423 0.270281 0.263269 1329.14 0.552107 0.702604 0.618381 0.706348 55.7522 -0.207979 0.471248 372.665 92.9047 9.57728
1155.02 0.380346 0.343962 1027.09 1.12421 -2.80023 2352.81 0.413017 0.60522 0.272285 0.397119 117.182 3.0261 0.456847 1129.24 92.9047 9.57515
347.128 -0.154913 -1.44622 336.723 1.0737 2.07282 818.893 0.555109 0.703751 0.671863 0.72101 158.687 0.463901 1.60892 727.711 92.9047 9.57503
897.758 -0.0565996 2.52633 502.597 -0.26902 1.09346 902.447 0.275167 0.299791 0.553791 0.450553 327.896 -0.786038 1.8795 731.404 92.9047 9.57288
522.14 -0.694519 2.41125 515.334 -0.772693 -0.933664 1119.45 0.43685 0.315633 0.697541 0.704837 168.637 0.849909 1.56134 645.957 92.9047 9.5725
745.586 -0.840141 0.66853 430.979 -1.83951 -2.74319 1279.6 0.285725 0.827991 0.618497 0.788896 325.16 -2.06853 0.674662 546.536 92.9047 9.57494
1075.63 0.405207 -2.28281 293.195 0.876805 -0.779228 818.653 0.42125 0.560273 0.758038 0.339362 1097.56 1.13398 1.91321 333.869 92.9047 9.57516
403.943 0.163695 1.70128 389.05 0.5665 -0.52119 734.893 0.408241 0.595502 0.570493 0.773412 264.005 -2.79218 1.78973 517.169 92.9047 9.57533
685.101 0.498664 -3.02591 347.225 -0.195322 1.03122 973.262 0.491973 0.594856 0.757335 0.421694 286.127 -0.539015 1.57023 643.218 92.9047 9.57452
561.48 0.0634476 -1.41066 267.198 -0.871999 0.75961 814.226 0.242596 0.571107 0.609269 0.692931 300.692 1.97269 1.21308 460.508 92.9047 9.57483
722.861 -0.463218 -1.64719 586.093 1.04385 0.55915 1603.8 0.399674 0.495067 0.594654 0.811143 576.297 2.36957 1.81041 1336.48 92.9047 9.57544
726.45 -0.24894 1.32023 320.57 2.76904 -1.14796 2290.8 0.651956 0.486915 0.630103 0.345048 382.337 -2.28707 1.1391 504.658 92.9047 9.57541
344.857 0.824299 -1.76649 312.502 2.88213 -2.38837 829.045 0.740155 0.313187 0.750692 0.79497 603.303 1.10069 2.79412 784.184 92.9047 9.57419
824.339 -0.239104 1.31873 274.605 1.20272 -2.1668 1202.34 0.60814 0.364178 0.618793 0.659734 438.729 -1.93395 0.232852 390.593 92.9047 9.57412
533.386 -0.877478 1.22547 324.342 0.122675 -1.65033 944.01 0.692827 0.324748 0.682999 0.673196 181.992 -2.16158 0.511248 523.812 92.9047 9.5742
552.418 -1.20229 1.30504 377.815 -0.682971 -0.323674 740.592 0.379444 0.804722 0.547561 0.719117 574.253 -2.28871 1.96504 523.936 92.9047 9.57424
601.99 0.58534 -2.48982 292.132 0.352815 -1.25567 606.339 0.106717 0.581027 0.71762 0.447977 686.359 1.01516 2.27083 510.762 92.9047 9.5747
305.723 1.23014 -2.74896 292.768 1.29419 -0.0947475 587.734 0.418099 0.439351 0.407848 0.583155 316.788 1.68805 1.7828 506.508 92.9047 9.57519
741.011 0.00415701 1.81748 679.933 1.66833 -0.726137 1910.86 0.696774 0.726573 0.763092 0.763435 427.931 -2.48633 1.76019 1405.05 92.9047 9.57375
669.354 1.46234 -2.65195 576.372 -0.512106 0.235445 1893.89 0.341116 0.233706 0.659201 0.283845 101.813 0.149143 0.0863018 613.828 92.9047 9.57366
1295.93 -0.162181 1.28896 264.988 0.687741 2.90541 1032.04 0.31384 0.401022 0.764188 0.67147 1149.43 -1.66521 1.71256 410.039 92.9047 9.57191
761.939 -0.581011 -0.374713 540.464 -1.87525 2.19575 1567.17 0.245331 0.498916 0.865313 0.324408 407.836 -2.62345 1.46399 617.518 92.9047 9.5718
786.273 1.13303 1.34701 562.952 0.525885 3.08799 1128.2 0.564637 0.307832 0.777698 0.744854 434.074 -0.891417 2.23842 567.87 92.9047 9.57178
336.928 -0.199235 -1.74695 261.489 0.374545 1.06779 635.933 0.550915 0.443227 0.766518 0.753757 169.954 2.82233 1.71391 495.487 92.9047 9.57214
463.979 -0.598637 -1.52982 352.989 0.0398783 2.62116 771.558 0.754325 0.327017 0.675411 0.824282 388.786 0.253244 1.78306 673.06 92.9047 9.57226
561.927 0.146943 2.00702 292.844 -2.48923 1.12727 1455.76 0.336814 0.415961 0.395934 0.690911 752.822 -1.52967 2.65694 415.024 92.9047 9.57201
434.792 -1.72741 2.23243 281.668 -0.0345556 -1.3566 971.422 0.436515 0.200351 0.821574 0 283.132 -0.969624 0.386973 372.835 92.9047 9.57149
464.052 -0.615204 0.518295 400.88 0.0862991 -2.17545 900.285 0.36637 0.585439 0.712452 0.709297 368.051 1.55959 1.0413 798.512 92.9047 9.57148
433.328 -1.03056 -2.31922 343.55 -0.425573 1.67296 778.432 0.0326941 0.762116 0.281611 0.571276 43.7079 0.808852 0.864108 522.773 92.9047 9.57173
530.018 0.14129 -0.538426 293.932 -0.93828 2.42441 907 0.887804 0.487051 0.624841 0.628948 396.493 2.70946 0.285053 342.655 92.9047 9.5728
579.214 -0.520168 2.19388 345.118 0.686117 -0.663272 1062.77 0.490286 0.752445 0.250021 0.476122 305.035 -1.33097 0.667703 428.42 92.9047 9.57261
502.151 -1.54775 2.11787 463.716 -1.01066 -1.07874 1055.06 0.456111 0.157938 0.728977 0.747158 121.636 1.28693 0.830936 1034.16 92.9047 9.57325
317.569 -1.25768 -1.65365 314.106 -0.921958 2.18938 614.562 0.645173 0.720541 0.722221 0.618724 123.576 -1.05166 0.601985 422.514 92.9047 9.57351
580.403 1.03863 -1.87868 426.867 0.0833302 2.51109 956.739 0.488154 0.555626 0.538835 0.697314 264.45 -0.428618 1.45006 499.407 92.9047 9.57388
1086.58 0.657181 1.98897 1048.57 -0.550715 -1.13983 2542.92 0.37225 0.247518 0.565296 0.485242 34.4232 0.206669 1.3465 1321.82 92.9047 9.57487
440.987 -1.2392 -1.20574 413.359 2.1992 2.42388 2453.34 0.487487 0.567723 0.859731 0.573291 168.331 1.26819 1.15569 604.782 92.9047 9.57543
1087.23 0.687771 1.9598 356.037 -0.265078 -1.66614 1407 0.36373 0.633287 0.664775 0.756349 562.383 -0.85454 0.811603 369.746 92.9047 9.57509
512.527 0.49216 1.55301 374.313 0.355886 -0.832136 824.415 0.677744 0.673104 0.539828 0.719416 325.574 -2.45023 1.6181 416.742 92.9047 9.57356
557.82 0.0426696 -2.06998 342.743 0.192134 1.92923 806.372 0.329459 0.511228 0.48797 0.574421 689.226 0.141931 1.7873 468.826 92.9047 9.57253
753.991 -0.386597 2.50582 569.598 0.579747 -1.90032 1323.63 0.237633 0.646074 0.892038 0.683342 556.95 0.0753743 1.9757 832.997 92.9047 9.57234
604.589 0.644059 -1.13779 259.387 1.58685 2.8153 831.095 0.469807 0.49072 0.778718 0.439983 368.595 1.77967 1.03564 381.259 92.9047 9.57176
875.806 -0.901419 -0.819746 439.188 0.0237199 2.77668 1373.39 0.558877 0.59936 0.667521 0.700675 403.345 1.78798 0.988698 583.938 92.9047 9.57153
639.431 -1.4975 0.825994 261.4 -2.93778 -1.95404 1034.96 0.544665 0.171044 0.615802 0.760231 219.094 -2.51145 0.557406 1005.48 92.9047 9.57104
651.379 -0.394398 0.516003 286.671 0.531576 -1.47193 862.934 0.220842 0.561714 0.575395 0.530589 424.739 -2.81721 1.34528 425.717 92.9047 9.57033
329.929 0.468287 2.32919 320.211 -1.07348 2.42238 578.788 0.56961 0.510749 0.613493 0.871929 473.897 -0.634721 2.96391 574.744 92.9047 9.57013
530.759 1.56453 -1.89095 526.387 0.696543 -0.0396665 986.111 0.396779 0.57747 0.616764 0.647171 281.746 1.18268 1.22235 586.406 92.9047 9.56985
975.627 0.14117 2.32962 435.75 -0.947373 -1.28268 1497.6 0.672553 0.466843 0.610809 0.619226 611.54 -0.446375 0.836305 1083.58 92.9047 9.56992
438.387 2.02569 -2.00784 399.146 0.39498 1.10525 1132.97 0.425459 0.455514 0.547482 0.746007 75.6708 -0.559298 1.44854 468.352 92.9047 9.56956
473.424 -0.487272 0.724911 286.46 -1.41218 -2.17198 824.456 0.532253 0.283062 0.612187 0.630771 256.004 -2.95663 0.784643 354.719 92.9047 9.5692
670.158 0.19422 1.34353 262.346 -2.61939 -1.07726 1796.73 0.737638 0.661408 0.759713 0.693195 491.805 -2.06884 0.991579 304.626 92.9047 9.56951
750.686 -0.815454 1.29665 278.14 2.65735 -2.88614 2638.24 0.42698 0.453159 0.740901 0.465639 605.029 -1.48056 1.40558 334.828 92.9047 9.56947
732.632 0.16573 -1.46906 536.593 0.25498 0.395941 1024.53 0.478136 0.57923 0.731892 0.596037 650.242 2.4549 2.05896 693.653 92.9047 9.57024
367.428 0.42064 2.99067 298.792 -0.144598 -1.80998 499.419 0.378282 0.520872 0.810076 0.510809 430.275 0.489251 2.29923 428.212 92.9047 9.56957
618.464 -1.41469 -2.07985 352.727 -0.666099 2.05516 926.07 0.587901 0.427018 0.828234 0.595014 420.634 0.392685 1.66248 707.212 92.9047 9.56913
381.277 -0.63632 1.02474 371.667 -0.621145 2.63536 554.738 0.731889 0.318336 0.842156 0.822132 156.377 -1.46664 2.18118 367.113 92.9047 9.56919
487.654 0.17259 2.85671 273.466 2.48714 -0.325227 1286.63 0.627547 0.755413 0.599271 0.7728 139.87 -0.773416 0.448189 409.053 92.9047 9.56985
778.697 -1.08233 -0.341812 313.238 1.80174 1.82035 2166.5 0.356427 0.55696 0.668204 0.838005 595.575 -3.1333 1.32954 1158.22 92.9047 9.56972
639.458 0.177611 -1.84422 546.702 0.93051 2.39125 1123.66 0.126752 0.532972 0.750582 0.730606 399.947 0.775163 1.61609 558.746 92.9047 9.57015
620.324 0.674779 1.66963 360.319 -1.53498 -0.68229 1542.67 0.18358 0.722137 0.590465 0.831626 290.426 -1.76927 1.08698 1208.78 92.9047 9.56702
550.3 0.956859 -2.99771 359.067 -0.647458 0.986888 1173.68 0.290516 0.663249 0.640362 0.486687 395.385 -0.519855 1.50674 410.458 92.9047 9.56682
624.023 -0.902132 0.0721674 551.07 -0.605598 -1.88208 990.437 0.667487 0.256161 0.574268 0.277501 301.006 2.70795 1.69315 584.901 92.9047 9.56596
693.612 -0.466529 0.475759 504.231 -0.808749 -1.89153 1121.9 0.49424 0.620672 0.588223 0.670668 490.362 2.69119 1.70047 866.05 92.9047 9.56597
388.362 -1.04755 -2.26766 253.148 -0.329673 0.9659 699.466 0.692883 0.43615 0.670633 0.649147 120.777 0.751889 0.214011 640.473 92.9047 9.56367
493.202 -1.32384 1.72857 416.335 -0.315975 -0.27364 969.994 0.218877 0.571126 0.61938 0.348264 579.4 -2.0084 1.73476 771.897 92.9047 9.56693
1077.55 -0.226215 -2.24275 538.189 0.544419 0.89037 1703.69 0.574136 0.462918 0.645922 0.668557 579.711 0.664458 0.225912 533.732 92.9047 9.56851
568.143 -1.51114 2.35515 304.735 -0.694549 -0.528027 907.276 0.624702 0.620674 0.673079 0.690195 294.362 -0.884267 0.35624 462.672 92.9047 9.5679
609.837 0.862834 0.33549 324.898 0.654161 2.02361 717.296 0.355249 0.623395 0.566613 0.658179 631.232 -2.28719 1.97239 687.752 92.9047 9.56713
434.426 -1.26553 0.0639682 313.652 -2.60348 -2.32367 880.757 0.73995 0.560441 0.646547 0.826308 122.342 3.05012 0.909393 515.083 92.9047 9.56671
441.41 -1.926 1.53299 439.692 0.0294058 -2.98621 1235.22 0.808504 0.409046 0.805702 0.633944 285.115 -0.427168 1.96016 598.36 92.9047 9.56541
549.377 0.140917 -1.61541 268.383 -0.361879 2.95089 617.669 0.178866 0.646118 0.621351 0.643291 412.211 1.15937 1.79153 472.944 92.9047 9.56556
357.992 -2.39287 -2.34337 338.862 0.363805 0.937001 1480.9 0.285999 0.561939 0.80045 0.319601 343.342 -0.980478 1.3629 980.169 92.9047 9.56535
600.635 -0.122034 -0.0766663 488.046 2.69534 -2.39203 2315.15 0.459302 0.583 0.68171 0.710078 363.005 2.63973 1.25143 707.641 92.9047 9.56505
607.645 -0.875999 0.55944 328.309 0.242441 1.94847 792.559 0.645818 0.718704 0.784983 0.539753 626.752 -2.19532 2.1394 841.694 92.9047 9.56494
816.066 -0.465719 -0.252494 385.972 0.414812 -2.85081 1213.7 0.317262 0.361418 0.534183 0.421489 654.736 2.02277 1.40961 401.721 92.9047 9.56402
552.267 0.150556 2.23783 413.718 0.879575 -2.21906 842.114 0.369334 0.441168 0.802168 0.631576 616.94 0.264642 1.97319 1115.25 92.9047 9.56394
703.536 0.528185 -2.56896 444.922 -1.35482 1.28222 1616.18 0.23721 0.394257 0.600254 0.422728 419.401 -0.0791827 1.3614 791.475 92.9047 9.56426
647.387 -0.59137 2.49087 277.27 -1.37654 0.672886 752.893 0.257854 0.576433 0.338417 0.876734 512.964 -1.17508 1.84797 418.221 92.9047 9.56318
531.965 1.93227 1.09623 354.978 3.04047 -2.34844 1011.08 0.60948 0.528688 0.740666 0.38487 74.8923 -0.926166 1.42227 630.408 -92.9047 9.56154
425.616 0.66929 0.291364 303.783 0.500242 2.70942 699.246 0.515453 0.561514 0.347477 0.580351 112.315 2.39864 0.310782 363.708 92.9047 9.56231
521.841 0.561992 1.19293 360.709 -1.05345 -0.675716 1066.08 0.580961 0.513431 0.78442 0.540994 436.068 -2.74094 2.06523 489.725 92.9047 9.56293
445.073 1.05654 1.49123 290.335 -0.349912 -2.90752 837.11 0.602333 0.755303 0.688987 0.654858 419.566 -1.05862 1.8489 774.176 92.9047 9.56242
459.024 0.0147462 -1.49122 368.182 0.416883 1.68118 848.252 0.675073 0.643698 0.64894 0.760222 242.387 2.74424 1.06307 476.64 92.9047 9.56234
732.186 1.04724 -3.0763 423.491 -1.96613 0.991462 2598.99 0.234176 0.651924 0.686144 0.735256 384.977 -0.911994 1.90346 585.151 92.9047 9.56229
1148.95 0.0958911 2.29205 698.232 -0.241902 -0.500833 1801.77 0.6107 0.109661 0.622531 0.433491 568.523 -1.34408 0.843249 770.88 92.9047 9.55948
754.634 -0.0419386 3.00659 407.343 -0.295119 1.26009 931.558 0.562823 0.590959 0.467875 0.50984 759.554 -0.657126 1.91722 468.627 92.9047 9.55972
893.789 -0.0931464 2.3927 453.796 -0.719363 0.0870467 1244.54 0.387906 0.592528 0.556949 0.741175 623.473 -1.26105 1.3481 505.591 92.9047 9.56079
760.409 -1.29966 1.37465 537.919 -0.507346 -2.89105 1248.87 0.544705 0.534618 0.765312 0.681452 677.326 -0.997908 1.89314 550.42 92.9047 9.55983
727.351 0.571705 1.31332 388.291 0.84364 -1.04992 1003.67 0.56717 0.649308 0.735929 0.848585 160.987 -2.1603 1.11038 513.399 92.9047 9.56043
459.872 -0.150083 -2.53665 412.468 1.45944 -0.303494 1113.36 0.363838 0.739427 0.745369 0.753316 362.843 1.51565 1.81914 601.112 92.9047 9.55986
908.571 -1.49057 2.71761 405.553 1.76542 0.141124 3201.65 0.688561 0.746468 0.718762 0.526501 294.577 -0.251633 0.392757 811.146 92.9047 9.56002
471.777 -0.315571 2.35187 336.879 0.476551 0.469674 738.879 0.590354 0.686595 0.823484 0.579689 657.072 -1.51411 1.98378 533.804 92.9047 9.55945
782.411 0.210184 1.36949 546.057 0.804916 -0.506763 1127.62 0.145498 0.680049 0.641872 0.63553 760.936 -2.48329 1.97652 591.967 92.9047 9.55986
490.829 -1.1629 -2.1446 405.742 1.7779 0.219563 2020.64 0.563463 0.742645 0.694011 0.716151 318.024 1.97892 1.75935 933.69 92.9047 9.55996
1103.56 0.0104115 2.53328 309.481 -0.248958 -1.66555 1030.03 0.360711 0.441325 0.818617 0.51594 796.177 -0.38466 1.28089 531.112 92.9047 9.56035
686.946 -0.0251488 -2.11929 617.929 -0.954045 0.0282087 1307.77 0.44443 0.210929 0.668055 0.459372 549.02 1.88124 1.85304 815.349 92.9047 9.56067
635.924 0.492316 -2.17854 390.109 0.90374 0.585696 1007.95 0.59332 0.62178 0.621328 0.712195 453.47 1.27619 0.690491 573.817 92.9047 9.56184
520.949 0.791943 1.98643 426.894 -0.657887 -0.333123 1146.64 0.546903 0.137241 0.523777 0.656938 351.991 -0.964812 0.631689 473.593 92.9047 9.55657
553.599 -0.823924 -0.562473 339.187 -1.40418 2.56245 916.119 0.596397 0.604881 0.726921 0.858994 200.569 2.83357 0.27112 384.357 92.9047 9.55672
592.712 0.460098 2.9238 583.479 -0.594927 1.41422 1049.06 0.4833 0.515838 0.577722 0.548684 463.305 -1.12534 2.23404 398.814 92.9047 9.55626
467.196 0.271421 -1.29017 262.197 -0.462856 1.37234 734.732 0.753842 0.726138 0.651816 0.761167 92.282 1.85587 0.483528 452.145 92.9047 9.5561
436.362 1.38748 -1.05038 300.139 2.68673 1.57433 870.668 0.55401 0.298045 0.866507 0.567634 231.054 2.03511 0.460779 352.726 92.9047 9.55549
456.566 -1.35095 2.35657 278.63 -1.244 -2.29895 538.835 0.361914 0.423055 0.750966 0.550741 532.612 -0.233399 2.06555 314.277 92.9047 9.5556
457.976 0.371937 -3.01559 418.854 -1.2495 0.95129 1131.01 0.194629 0.694933 0.30365 0.83334 320.28 -1.03156 1.98285 477.146 92.9047 9.55499
424.702 -0.337023 1.05537 376.29 2.68302 -1.18633 1873.79 0.517539 0.634216 0.573361 0.59355 210.765 2.82632 1.77095 564.436 92.9047 9.55522
328.346 1.46737 -0.794257 250.677 0.61686 -2.65081 533.555 0.416624 0.69696 0.743848 0.734894 396.671 1.89752 1.73485 528.625 92.9047 9.55541
769.082 0.0950227 -3.11304 435.349 1.7983 -1.22478 1461.33 0.637172 0.56281 0.677535 0.715818 713.636 0.611355 1.83614 468.273 92.9047 9.5547
848.955 0.0658407 1.15161 844.179 0.143994 -2.9828 1495.48 0.408735 0.449246 0.399504 0.694724 383.932 -1.2094 1.7734 1011.71 92.9047 9.55543
700.876 0.166589 -1.16556 389.07 0.681954 -2.85769 831.546 0.240923 0.267031 0.513936 0 430.565 1.85318 1.57232 810.265 92.9047 9.55598
318.61 0.230584 1.81811 312.368 -0.814284 1.55074 378.086 0.782924 0.621484 0.884923 0.810053 559.242 -1.5051 2.95998 414.876 92.9047 9.55603
683.958 0.207842 -1.3067 433.546 -0.0218682 0.868489 975.949 0.694397 0.515986 0.693277 0.549891 121.536 2.11436 1.24587 597.224 92.9047 9.55779
752.531 -0.919822 1.67629 672.769 0.718114 -0.442302 1826.19 0.239353 0.552153 0.641463 0.657758 550.426 -2.36395 1.92165 785.73 92.9047 9.55724
464.468 -1.08746 -2.752 314.905 1.93773 -0.848975 1773.87 0.385002 0.577112 0.749045 0.60956 464.707 0.933068 1.78204 366.664 92.9047 9.5559
742.014 -0.359497 -2.75041 308.17 0.837859 -0.172911 1115.21 0.546077 0.292697 0.551961 0.746899 493.89 0.639831 0.812742 365.313 92.9047 9.55658
508.863 -1.37969 1.90359 423.487 0.86444 -1.70544 1598.64 0.556369 0.168771 0.710588 0.787104 195.358 -0.407674 1.29777 602.158 92.9047 9.55523
450.848 -0.0872443 2.67457 348.794 -0.74956 0.0125927 820.165 0.754214 0.644046 0.750074 0.43357 93.8126 -0.7595 0.772093 522.752 92.9047 9.55519
505.772 1.56362 -1.54818 443.895 -0.013116 2.06967 1249.7 0.322219 0.440163 0.850584 0.641963 207.037 1.05148 1.0182 1087.76 92.9047 9.5551
517.724 -0.726229 0.246836 363.488 0.111928 -2.04548 875.413 0.505857 0.126757 0.495583 0.0655254 123.148 1.98536 1.73853 920.695 92.9047 9.55399
709.974 -1.35799 -0.0412625 483.673 0.194786 2.38905 1524.27 0.349947 0.733922 0.492385 0.781882 43.0017 2.58211 0.193061 513.289 92.9047 9.55237
1077.77 -0.277445 -2.15491 962.031 -0.253241 0.797148 2094.49 0.362074 0.160443 0.656424 0.584728 380.777 2.22737 1.43022 1270.38 92.9047 9.5527
487.901 -1.33743 1.62052 345.2 2.54931 -1.20328 2922.48 0.750618 0.753036 0.707865 0.808102 115.44 -1.87582 0.672541 407.823 92.9047 9.55217
677.703 -1.92099 -3.02067 431.746 -1.53739 0.358187 1207.16 0.223345 0.370292 0.557704 0.754292 176.36 0.215502 0.142685 541.147 92.9047 9.5533
597.421 -0.419422 -2.67797 386.76 0.951328 0.752233 1267.65 0.127602 0.596309 0.665453 0.701356 174.729 -0.310324 1.06256 870.27 92.9047 9.55387
721.059 0.478692 3.07875 505.421 -1.56614 -0.686383 1863.61 0.568488 0.0752251 0.657769 0.456326 104.08 -0.237745 0.448639 634.528 92.9047 9.5533
1420.55 0.218078 2.97427 333.145 -0.043448 0.568673 1307.55 0.593248 0.559689 0.416076 0.608854 1171.56 -0.422723 0.991395 437.238 92.9047 9.55365
852.586 0.232885 -0.74079 680.12 0.630715 1.22145 1306 0.176366 0.456125 0.767651 0.376137 781.486 -3.09055 1.97118 773.136 92.9047 9.55329
368.131 0.967415 1.82907 360.657 -0.0907609 3.03253 594.179 0.272558 0.584692 0.697467 0.736623 463.238 -0.151401 1.98047 467.799 92.9047 9.55403
1102.77 -1.69381 1.51137 263.277 -1.63687 -1.72301 1195.2 0.239843 0.593618 0.809765 0.447179 822.657 -1.68573 0.0372818 335.955 92.9047 9.55257
466.557 0.980387 3.01767 370.976 -0.761457 2.04237 965.998 0.717113 0.518962 0.633579 0.480744 453.344 -0.295651 2.33802 484.972 92.9047 9.55224
285.933 -0.898372 -0.490541 285.72 1.52097 2.06036 1035.72 0.307458 0.500306 0.664122 0.828485 165.593 -2.36644 1.85638 578.273 92.9047 9.55167
526.153 -1.45541 2.79538 338.024 -1.72802 0.788214 776.986 0.357835 0.433149 0.735099 0.423014 227.854 0.885649 0.0974353 845.675 92.9047 9.55172
603.58 -0.577873 -0.926977 284.171 0.633745 2.15639 1011.2 0.650463 0.604819 0.916512 0.846901 160.48 1.50142 0.654966 528.051 92.9047 9.54938
792.657 -0.540251 -2.33783 732.5 0.368669 0.13526 1637.64 0.411381 0.441777 0.775665 0.798814 459.539 1.89539 1.76013 771.89 92.9047 9.54933
901.905 -0.123528 2.83737 450.42 -2.20396 0.303794 2000.57 0.164414 0.515278 0.431466 0.754229 221.965 -0.863401 1.1672 566.98 92.9047 9.54929
625.717 1.22764 1.61949 441.563 0.693614 -1.67731 1114 0.530291 0.471154 0.754685 0.151505 281.824 -1.9597 0.282383 700.324 92.9047 9.54928
636.147 1.01495 -2.71263 333.034 0.422199 -1.15843 717.266 0.384415 0.478938 0.449439 0.304585 310.795 0.973079 2.13151 565.816 92.9047 9.54695
764.844 1.30958 -1.82863 651.891 0.373495 0.588633 1497.87 0.418867 0.497034 0.803896 0.373464 435.54 2.15197 1.56334 873.675 92.9047 9.54717
515.568 -0.959662 1.94888 388.92 1.39112 -0.536334 1585.87 0.645413 0.733809 0.622801 0.729779 426.487 -2.53621 1.79809 406.581 92.9047 9.5473
699.571 0.237524 1.52794 471.116 1.27572 -1.19015 1291.53 0.602328 0.627232 0.586069 0.853621 280.164 -0.926924 0.263224 509.373 92.9047 9.54749
540.7 -0.138422 -0.139681 310.478 2.64404 2.34708 1732.96 0.477478 0.302642 0.67962 0.681367 332.542 2.7098 0.362727 351.351 92.9047 9.5474
341.622 0.180343 0.475125 295.427 2.27009 -1.85905 1026.77 0.595046 0.411555 0.623753 0.64687 191.746 2.83955 1.58459 421.096 92.9047 9.54781
751.884 -0.471484 -2.83297 287.575 -1.37388 0.674258 1041.05 0.482035 0.664487 0.656336 0.495079 477.263 0.205322 0.468936 373.346 92.9047 9.54658
612.341 -1.18678 -1.61102 353.313 1.08277 0.890562 1572.66 0.655573 0.488325 0.518704 0.608633 391.284 2.30824 1.41768 454.841 92.9047 9.5469
1608.19 -0.221817 1.68272 255.464 -0.156145 -0.79136 1218.69 0.294454 0.212901 0.45876 0.66837 1397.9 -1.54575 0.754394 296.171 92.9047 9.54659
671.693 -1.46433 -1.25633 302.495 -1.17757 0.613079 757.442 0.490711 0.318117 0.803266 0.794703 471.326 2.00916 1.39608 987.034 92.9047 9.54683
438.519 0.9257 2.38289 394.105 0.99347 1.32495 478.712 0.424244 0.562837 0.523773 0.51378 702.484 -1.18797 2.51292 479.233 92.9047 9.54568
545.506 -1.10647 1.63391 517.952 -1.30032 -1.7771 1065.9 0.683261 0.797042 0.500047 0.691188 272.861 2.91976 1.28585 648.554 92.9047 9.54575
537.909 0.184153 1.99147 383.781 1.09063 -0.0887589 896.072 0.562653 0.596455 0.435206 0.551073 573.897 -1.31916 1.2304 711.956 92.9047 9.5466
641.648 1.67109 2.454 638.654 -0.00284183 -1.53102 1677.8 0.692027 0.175657 0.452554 0.304895 448.92 0.53364 1.92036 749.865 92.9047 9.54633
698.609 -0.297424 -1.59363 260.567 -0.470335 2.74082 717.031 0.504984 0.478901 0.664302 0.762764 539.01 1.09338 1.64745 369.603 92.9047 9.5462
446.279 0.462749 -0.457131 343.894 1.11933 2.90894 825.069 0.158948 0.656553 0.618832 0.740734 259.385 1.88179 1.02715 539 92.9047 9.54593
465.744 -1.49232 -0.0651192 257.156 0.0177143 -1.51073 740.077 0.532754 0.546564 0.71003 0.5635 499.121 3.07981 1.69265 333.36 92.9047 9.54613
551.073 1.15597 1.51511 522.844 -1.35897 -2.87617 1943.16 0.625427 0.688449 0.679599 0.711345 149.164 -0.210842 1.72596 528.219 92.9047 9.54623
293.208 -0.366213 2.49072 285.086 -1.29956 -2.74014 406.989 0.346075 0.315782 0.587379 0.465688 327.582 0.111652 2.37906 506.853 92.9047 9.54558
468.782 0.596335 -1.43478 459.51 0.500585 0.51848 777.063 0.460325 0.621174 0.65254 0.570195 206.031 1.9856 1.46712 348.144 92.9047 9.54571
413.74 0.0492523 0.941782 313.621 0.511222 -3.0827 678.661 0.279311 0.396157 0.490069 0.712536 451.095 -1.03599 1.97778 806.753 92.9047 9.54552
665.155 0.886753 1.28601 640.443 0.558918 -0.945726 1257.89 0.052539 0.587327 0.812805 0.679558 593.549 -2.95575 2.01002 373.969 92.9047 9.54495
604.115 -0.855624 3.00106 301.87 -2.27128 1.50069 909.934 0.440801 0.70167 0.515055 0.592657 654.527 -0.548665 2.04935 370.569 92.9047 9.54486
1022.34 1.4165 -1.05532 871.458 0.0761558 1.86507 2326.39 0.653189 0.360731 0.641495 0.634231 233.252 2.60254 0.737471 1171.54 92.9047 9.54444
643.063 0.36558 -0.0916988 338.758 0.64445 2.64448 950.292 0.75357 0.494119 0.550557 0.681998 539.595 -2.86321 0.775495 515.322 92.9047 9.54467
1078.95 0.248355 1.44288 895.347 1.93616 -1.43669 2708.97 0.511932 0.630515 0.565334 0.808109 141.081 -2.49484 1.05815 1080.89 92.9047 9.54517
720.893 0.463824 2.47053 407.673 2.16473 -0.0935289 1472.38 0.494702 0.743921 0.664298 0.706141 385.949 -1.26469 1.17116 790.714 92.9047 9.5453
558.656 0.424835 -2.58175 410.316 -0.839202 2.58098 829.742 0.651215 0.718884 0.782917 0.687413 461.084 -0.158447 2.4233 359.123 92.9047 9.54449
494.035 -0.553577 1.00983 410.781 1.03354 2.83983 1106.57 0.355353 0.314007 0.616096 0.737449 511.888 -1.02583 2.03567 623.404 92.9047 9.54413
466.509 -1.7984 -1.01847 302.147 1.87402 -2.94704 2379.8 0.789949 0.513814 0.736253 0.511752 312.59 1.51605 1.8201 472.734 92.9047 9.54421
622.367 0.57057 2.42289 343.812 0.215723 -0.0124834 912.488 0.464906 0.668514 0.800577 0.581182 455.902 -0.951349 0.938865 506.898 92.9047 9.54553
687.867 1.6374 2.06136 344.943 1.49051 0.142351 814.287 0.656261 0.36981 0.548984 0.463637 544.026 -1.73117 1.87352 516.658 92.9047 9.54751
916.321 0.354403 -2.71958 904.124 -0.220948 0.406176 1908.02 0.381741 0.313315 0.631114 0.368802 13.8862 0.145066 0.26111 999.285 92.9047 9.54787
436.173 -0.0980578 -1.8773 269.348 0.770528 0.400075 700.873 0.5699 0.566905 0.666663 0.615402 438.392 1.34641 0.946338 408.77 92.9047 9.54798
509.107 -0.811598 1.4997 357.681 0.272574 3.10329 799.432 0.620661 0.48778 0.648579 0.447708 598.553 -1.17975 2.00015 442.173 92.9047 9.54811
798.813 -0.231782 0.288412 412.572 -0.0796025 -0.759679 609.033 0.282684 0.589516 0.444022 0.662468 605.343 -2.87132 2.11164 876.136 92.9047 9.54888
458.92 -1.65093 1.06787 378.904 0.574232 2.6021 1276.59 0.489102 0.409756 0.636712 0.671908 617.96 -0.816306 1.88417 347.788 92.9047 9.54957
1008.82 0.974166 2.856 499.716 0.597814 0.020801 1442.86 0.654028 0.462825 0.594405 0.842123 305.775 -0.675573 0.696374 1120.8 92.9047 9.54922
674.991 -1.084 -0.532547 462.868 -1.15652 1.21452 861.99 0.556264 0.568578 0.625414 0.614155 564.337 3.09094 1.87642 307.663 92.9047 9.5483
786.117 -0.967818 0.642193 457.534 0.0359573 -2.89973 1362.65 0.193956 0.679785 0.315788 0.611576 368.625 -2.16594 0.733792 492.455 92.9047 9.54855
443.559 0.644186 -1.50482 307.337 -0.943158 -1.30155 666.092 0.636874 0.756236 0.695633 0.513094 676.073 1.4962 2.79775 537.156 92.9047 9.54843
735.485 1.69724 -1.8113 319.656 0.846359 1.31096 1072.31 0.54533 0.497514 0.778172 0.652196 400.813 1.30571 0.00525463 350.685 92.9047 9.5462
746.219 0.0275324 -1.21611 436.214 0.518038 0.513184 916.055 0.0779603 0.625479 0.306248 0.541966 534.228 2.52192 2.00874 722.88 92.9047 9.54602
741.112 0.0747463 2.41388 625.435 -0.477977 0.193846 1316.66 0.60673 0.621783 0.8104 0.550957 322.75 -1.96952 1.89979 488.399 92.9047 9.54637
398.205 0.477921 -0.472101 295.845 1.04634 -2.20836 575.45 0.60343 0.621301 0.597303 0.589779 374.128 2.09558 1.97925 397.69 92.9047 9.54523
487.196 -0.770809 -2.00853 440.584 2.18015 -0.560194 2020.16 0.491119 0.563371 0.530515 0.774764 377.009 1.65455 2.21474 550.683 92.9047 9.54534
616.609 1.83217 0.628438 316.447 0.055074 1.47179 976.43 0.499816 0.415066 0.773521 0.469595 751.169 -2.22976 2.58164 746.739 92.9047 9.54566
805.806 0.157743 -0.586372 443.339 0.412863 2.66848 1232.35 0.604308 0.62369 0.697695 0.772075 226.821 -2.9824 0.632309 518.469 92.9047 9.54683
1025.02 -0.488886 -1.06905 337.956 -1.9694 1.78501 1513.97 0.511523 0.657659 0.418538 0.701472 439.62 2.09802 0.313014 591.151 92.9047 9.54652
498.003 -0.502614 0.345092 392.364 0.466357 3.1167 988.434 0.469645 0.346734 0.719573 0.671558 107.867 2.29653 0.820174 438.447 92.9047 9.54698
580.032 1.13147 -3.06825 352.167 0.316628 -0.346038 992.433 0.653409 0.446705 0.884128 0.625386 302.395 0.582688 0.928726 359.964 92.9047 9.54671
551.718 1.565 -2.70679 425.511 -0.192876 -0.338436 1339.85 0.751375 0.408253 0.747585 0.506595 305.863 1.23812 1.57655 712.685 92.9047 9.54749
623.761 0.948844 0.410638 414.011 -0.177715 -1.24127 973.541 0.627609 0.55988 0.709886 0.460332 66.7337 -2.45152 1.21025 1420.68 92.9047 9.54701
536.385 -0.456539 2.23936 354.203 -0.971931 0.223536 798.283 0.675514 0.207035 0.646023 0.528518 427.464 -1.6046 1.82814 432.642 92.9047 9.54862
830.942 -0.191251 -2.66697 252.762 1.91224 0.0758061 1472.93 0.60231 0.731389 0.551938 0.719963 558.238 0.586332 0.510526 318.311 92.9047 9.54865
641.343 0.477022 -0.253087 455.276 -1.48812 0.751251 1348.81 0.492563 0.65251 0.655096 0.695001 884.026 -2.99853 2.5334 527.182 92.9047 9.54741
1040.74 -0.595888 1.45701 344.306 2.36058 -2.27182 2744.9 0.588168 0.331253 0.722019 0.516387 637.142 -1.42427 0.847548 1140.11 92.9047 9.54731
361.94 -1.39638 2.07182 357.634 0.650272 -0.385349 1107.76 0.505928 0.524097 0.672549 0.739801 242.576 -2.24306 1.85772 718.767 92.9047 9.54732
413.442 -0.0265225 -1.66009 295.768 0.381615 1.24136 761.166 0.465864 0.571076 0.575547 0.50607 277.684 1.60767 0.366309 436.899 92.9047 9.54679
339.689 -1.08064 2.06148 303.267 -0.852242 0.06662 548.958 0.847164 0.727438 0.663898 0.701135 326.055 -1.88013 1.94675 349.159 92.9047 9.54911
304.492 1.37724 2.91838 290.487 0.784168 -1.28951 546.855 0.572487 0.687825 0.736376 0.766594 334.232 1.56572 1.35265 351.283 92.9047 9.54839
566.816 -0.479891 1.1377 296.696 2.00796 2.98004 1461.74 0.590778 0.534163 0.656764 0.830525 540.307 -1.60859 1.69455 365.353 92.9047 9.54819
767.467 1.36395 -2.34681 350.024 -0.236046 1.78307 1301.31 0.202501 0.478674 0.713277 0.639604 489.88 -0.217123 2.00019 383.194 92.9047 9.54819
1012.32 -0.574875 -0.0870972 547.493 -0.118737 -3.08906 1562.53 0.728912 0.259635 0.682474 0.825352 621.997 2.20132 0.992809 682.02 92.9047 9.54858
668.388 1.57305 1.31262 423.815 0.52498 -1.04517 1235.55 0.235595 0.419446 0.354883 0.362841 139.424 -1.90328 0.858116 900.386 92.9047 9.54889
614.638 0.595053 2.63885 493.609 0.147026 -0.986082 1144.24 0.584344 0.216895 0.774191 0.588812 306.897 0.426511 1.41259 513.534 92.9047 9.55044
606.196 0.648719 -1.15343 479.153 1.9524 2.23963 1347 0.656128 0.400708 0.686718 0.548444 51.5872 0.948223 1.29141 454.466 92.9047 9.55095
473.607 -0.55406 0.636486 443.934 1.41376 -2.40915 1404.29 0.454616 0.540976 0.675914 0.749499 233.361 0.386513 0.249973 546.29 92.9047 9.55192
579.882 0.0757297 -3.02958 337.379 2.00628 -1.45267 1176.08 0.162961 0.809792 0.525243 0.73206 596.24 0.689912 2.14258 683.3 92.9047 9.55232
781.218 -0.443251 -0.836509 597.883 -0.131567 3.03146 1314.71 0.592931 0.0568415 0.69403 0.329923 520.686 1.47965 1.55181 639.916 92.9047 9.551
611.791 0.525789 -3.02542 541.276 -0.426575 -0.230013 1306.79 0.120615 0.594468 0.793444 0.556215 225.762 0.256157 0.48617 352.791 92.9047 9.54994
738.714 -0.792403 2.11808 733.502 0.719717 -1.18183 1921.22 0.758293 0.0753904 0.614632 0.46609 109.613 0.272692 1.45452 781.516 92.9047 9.54799
363.663 -0.349361 -2.89749 307.316 -0.300335 0.340127 675.563 0.547562 0.555989 0.564072 0.740761 49.0386 0.437896 0.0977693 353.84 92.9047 9.54638
295.545 0.819017 1.98174 263.159 -0.0304104 0.0579985 525.512 0.699777 0.614996 0.599721 0.455299 335.615 -1.62374 1.68174 409.031 92.9047 9.54809
590.088 -0.190016 2.92039 516.88 -0.563073 -0.295943 1127.96 0.317828 0.214559 0.613914 0.448973 90.7917 0.556519 0.852463 554.487 92.9047 9.54807
331.598 2.33525 2.86094 307.709 -1.6975 -1.48094 2416.24 0.73478 0.764065 0.803044 0.722233 303.783 0.608879 2.08982 376.524 92.9047 9.54835
673.29 -0.809367 0.5253 561.168 1.43346 -1.47518 1989.39 0.315625 0.383833 0.703807 0.280008 363.463 2.45151 1.92621 703.261 92.9047 9.54908
429.81 1.10504 0.2091 335.677 -1.32296 -2.6152 1399.61 0.661425 0.434782 0.502628 0.740369 167.66 2.53117 1.13682 779.386 92.9047 9.54914
499.531 -0.359454 1.27564 463.716 1.03416 -0.189729 982.158 0.477986 0.335606 0.743328 0.448958 575.027 -2.49435 2.30462 667.148 92.9047 9.54948
671.842 -0.235568 -0.515651 474.411 -1.02935 1.15841 1037.3 0.124869 0.718024 0.659196 0.71668 638.897 -3.04309 2.08169 564.059 92.9047 9.54972
547.4 -1.15476 3.04429 535.133 -0.609872 0.95386 999.795 0.76187 0.64489 0.700602 0.645187 729.107 -0.631227 1.58509 402.674 92.9047 9.55048
825.046 -1.04283 1.02403 508.388 1.49708 -2.78612 2455.37 0.571751 0.239151 0.751801 0.576527 436.47 -1.27872 1.50741 575.681 92.9047 9.55018
557.049 -2.02138 3.01001 528.643 -1.0701 1.27246 994.885 0.426911 0.3819 0.876307 0.574623 341.392 -0.799933 2.0724 439.46 92.9047 9.55043
703.728 -1.60636 -0.481896 515.463 -2.15445 1.77526 1145.14 0.728309 0.726828 0.69028 0.627123 521.622 -2.77935 1.72857 547.28 92.9047 9.55005
653.425 -0.397444 -1.71946 583.636 0.900591 1.67405 1503.63 0.565103 0.518966 0.589029 0.519888 141.838 0.555789 1.11826 664.865 92.9047 9.54994
543.81 -0.568437 0.241576 302.815 0.221959 -2.25536 856.489 0.523169 0.448189 0.486897 0.604458 325.531 2.85034 1.17748 304.313 92.9047 9.55135
945.771 -0.418398 -1.29008 310.111 -0.0886858 1.6496 1097.16 0.280332 0.318712 0.654954 0.699868 371.696 2.14039 0.490791 609.245 92.9047 9.5514
451.663 0.538262 -0.980319 324.227 0.341548 1.75618 798.178 0.593152 0.2526 0.758882 0.783958 258.708 2.1642 0.408015 661.413 92.9047 9.5521
547.011 1.32303 -2.34823 296.431 -0.405096 -2.8923 819.192 0.200272 0.658813 0.384021 0.656016 698.43 0.569509 2.82138 441.3 92.9047 9.55169
550.219 -0.265501 -0.0580453 256.08 -2.34245 1.73803 1147.53 0.637881 0.494674 0.745565 0.678229 397.843 -2.935 1.61016 603.808 92.9047 9.55183
700.205 -0.949294 2.77001 559.212 2.53835 -1.24197 3652.49 0.691944 0.643974 0.477461 0.686222 549.053 0.612568 1.85454 592.059 92.9047 9.55243
453.462 -1.74816 -0.74603 368.003 1.81078 2.81269 2491.21 0.560633 0.393068 0.543659 0.798234 180.657 1.14754 1.66515 450.836 92.9047 9.55253
774.481 -1.84877 -2.05707 335.936 -0.927543 -2.81512 618.873 0.546535 0.233599 0.639022 0.208342 794.016 0.807171 2.6609 603.187 92.9047 9.55437
920.925 0.0961818 -0.922756 738.681 0.250908 2.52165 1643.47 0.614911 0.654148 0.635416 0.575457 247.92 1.46256 1.05909 813.556 92.9047 9.55482
545.486 1.57988 -0.856341 490.384 -0.0828905 2.12454 1418.57 0.456258 0.653742 0.730506 0.713674 27.6253 2.60612 0.481577 567.119 92.9047 9.5558
535.113 -0.48838 -1.94361 371.744 1.28936 0.353225 1220.12 0.201943 0.47243 0.10782 0.599754 155.056 2.21951 1.86628 1013.9 92.9047 9.55634
1044.2 -1.04415 1.12109 459.615 0.146089 -2.44819 1630.11 0.532271 0.638571 0.49849 0.556373 531.227 -1.97313 0.475062 420.42 92.9047 9.55602
1128.66 -1.02824 1.653 265.644 0.938568 3.02618 1481.41 0.388145 0.577036 0.522637 0.521019 1151.07 -1.28884 1.96816 330.792 92.9047 9.55626
570.947 -0.179922 -2.0118 499.329 -0.190205 1.10993 1075.58 0.580202 0.248056 0.479429 0.673848 96.8743 2.43946 1.32953 637.38 92.9047 9.55532
753.649 0.891727 2.81733 589.674 1.06391 0.662327 1277.34 0.518202 0.313894 0.570155 0.879573 581.936 -1.22182 1.88414 712.985 92.9047 9.55601
543.698 -0.0410776 -0.338087 320.205 1.59104 -2.82528 1113.97 0.350883 0.686602 0.638323 0.713455 344.733 2.26533 1.19258 379.799 92.9047 9.55556
649.903 1.37972 -1.91609 429.6 0.749161 0.286672 1093.04 0.309095 0.406641 0.747029 0.641394 413.417 1.13278 0.846111 465.608 92.9047 9.55397
782.012 0.0442002 -0.951277 341.417 0.300878 -2.99585 899.883 0.142589 0.348164 0.450103 0.286887 350.468 1.9876 1.29974 710.418 92.9047 9.55392
344.259 -0.658341 -2.49087 344.042 0.265542 1.58802 702.729 0.2271 0.276104 0.62804 0.74818 303.242 -0.772454 1.71842 452.557 92.9047 9.55349
508.659 -0.217841 1.47204 368.101 -1.00914 -0.466886 816.876 0.14595 0.572197 0.0723782 0.475528 432.222 -2.39687 1.92999 452.51 92.9047 9.55334
415.797 -0.0614881 -2.16554 398.322 -0.29906 2.04747 727.944 0.537497 0.288818 0.749103 0.628633 417.496 -0.448652 1.71688 734.92 92.9047 9.55244
622.486 0.638352 0.510131 449.092 -0.0803166 -2.54952 1187.75 0.205931 0.736361 0.784723 0.874141 202.457 -3.01169 0.462173 482.982 92.9047 9.55265
681.716 0.154176 0.0867213 503.603 -0.187935 2.2863 1069.19 0.269718 0.489085 0.521249 0.615714 539.168 -2.27735 1.71954 1242.24 92.9047 9.55292
806.105 0.643375 -1.24502 314.095 -2.57253 2.30876 2612.94 0.37719 0.656588 0.458863 0.808448 495.004 1.66121 0.647553 353.189 92.9047 9.5538
777.912 -0.226633 -1.13011 254.776 -0.487015 -2.97746 725.134 0.270096 0.420359 0.686828 0.704244 705.713 1.71815 1.58758 308.374 92.9047 9.55333
560.718 -0.563395 -0.23835 325.326 2.5389 -2.78629 2093.88 0.436659 0.76246 0.653127 0.724309 151.148 2.27996 1.21693 539.754 92.9047 9.55123
960.092 -0.219315 -0.741992 411.172 -0.245291 2.36826 1266.02 0.511592 0.338972 0.620817 0.2541 585.773 2.58774 0.219481 1523.13 92.9047 9.55153
394.839 -1.16449 -0.957019 387.053 -1.16614 3.0852 712.834 0.645271 0.427924 0.68335 0.749336 159.94 1.40404 1.68117 497.964 92.9047 9.55126
699.26 0.617791 -0.942899 537.375 -1.13173 2.69903 1705.7 0.277741 0.45323 0.458413 0.626517 243.152 1.69407 1.00496 667.809 92.9047 9.54927
884.918 1.22796 0.590513 363.478 -1.02847 2.93112 1890.07 0.445604 0.696371 0.546441 0.802248 569.1 -2.24121 1.11085 492.34 92.9047 9.55014
630.775 0.836982 2.43138 288.799 -1.06107 0.536553 1171.4 0.503424 0.492148 0.68638 0.49153 540.135 -1.22565 1.7622 953.294 92.9047 9.54874
750.839 -0.427869 -2.77977 312.656 -1.09943 1.6014 1030.85 0.391911 0.303358 0.486007 0.831654 685.097 -0.0718017 1.67321 367.224 92.9047 9.54788
607.682 0.452533 1.84771 463.321 -0.630363 -0.222244 1104.07 0.377373 0.677616 0.846395 0.8024 733.859 -1.75892 1.53668 432.112 92.9047 9.54796
489.631 1.35226 -1.17953 358.159 -0.952019 2.60846 1443.99 0.300747 0.44052 0.443454 0.724293 262.192 1.138 1.47045 405.41 92.9047 9.54802
626.36 -0.229465 -1.17266 434.349 -0.165551 1.222 997.549 0.391905 0.604732 0.685238 0.81699 406.592 2.82913 1.60713 506.252 92.9047 9.54877
483.667 0.226342 1.99783 265.915 1.23005 -2.15969 739.201 0.856677 0.177211 0.597285 0.560881 480.039 -0.24368 1.91601 489.119 92.9047 9.54885
496.955 0.463524 -2.43842 413.272 -2.16498 1.95147 1744.86 0.573037 0.494786 0.664443 0.78809 511.88 -0.0636152 2.01508 446.3 92.9047 9.5487
727.018 0.176324 0.545366 468.939 0.0878555 3.0557 1185.09 0.319192 0.64411 0.674388 0.751519 393.855 -1.9618 1.26569 521.156 92.9047 9.54846
347.899 -0.440625 0.927001 313.091 -2.64532 1.94493 951.466 0.83757 0.694916 0.743796 0.687595 381.072 -1.5427 2.4697 526.192 92.9047 9.54928
698.495 -1.16263 -0.934956 289.824 0.820006 1.47506 1386.9 0.426117 0.558272 0.432338 0.753903 500.161 2.58028 1.10521 326.358 92.9047 9.54988
758.466 -0.167725 -2.23561 710.441 -0.742449 0.94617 1538.34 0.535642 0.36539 0.65372 0.684054 95.3633 1.83791 0.891739 931.898 92.9047 9.54972
355.476 1.79246 -0.586573 280.942 -0.00357015 2.49242 921.503 0.532406 0.549484 0.860296 0.688094 77.6739 2.97495 0.482534 293.892 92.9047 9.55018
516.211 -0.756719 2.529 314.883 -0.659132 0.833732 666.019 0.240792 0.534396 0.760342 0.795512 501.494 -1.113 1.94673 531.689 92.9047 9.55147
456.88 -0.675864 -0.145349 411.797 -0.338204 2.22169 819.787 0.300382 0.645566 0.556078 0.752232 144.137 -1.27494 1.12959 901.523 92.9047 9.55172
446.642 -0.469969 2.5227 322.191 0.78856 -0.966095 911.964 0.609477 0.530478 0.629916 0.798787 278.441 -0.519379 0.446716 390.218 92.9047 9.55063
582.185 0.574065 1.80674 251.516 -1.1841 -1.55143 1085.77 0.525918 0.388223 0.559104 0.808068 332.626 -0.918922 0.632508 343.389 92.9047 9.55071
805.235 1.00953 1.20153 506.182 -0.265055 -2.89915 1455.39 0.641143 0.629327 0.612726 0.463301 214.399 -1.93862 0.960527 500.288 92.9047 9.5508
502.149 -0.656671 1.86432 431.511 1.33989 -1.97484 1404.36 0.452785 0.0379699 0.840205 0.345272 290.856 -0.448693 1.52614 1008.07 92.9047 9.54818
739.194 -0.278114 -0.143995 626.044 0.463382 -2.73909 1498.63 0.141682 0.680879 0.642181 0.539501 363.909 2.10664 1.43746 689.109 92.9047 9.54668
1359.66 -0.0656933 2.00449 596.301 -0.153537 -1.57031 1808.74 0.529435 0.476112 0.622469 0.635491 851.242 -0.822918 0.747397 629.3 92.9047 9.54707
527.526 0.342021 -2.06075 315.407 -0.763312 2.61698 778.315 0.344876 0.679387 0.759047 0.621361 545.879 0.539704 2.07727 384.072 92.9047 9.5471
525.301 -2.21735 2.33075 374.884 -2.19875 -0.58631 888.589 0.57539 0.678206 0.830165 0.786107 191.707 -2.45721 1.49523 423.532 92.9047 9.54743
821.176 -0.463817 2.46366 335.536 -0.452834 0.0403043 1035.54 0.242535 0.317613 0.546656 0.770072 503.522 -0.927159 0.967463 421 92.9047 9.54815
714.842 -0.150834 2.58809 478.217 -0.6279 -1.71036 1044.46 0.342796 0.40189 0.703106 0.451047 389.415 0.0310848 1.74144 340.183 92.9047 9.54926
290.946 -2.82649 1.48112 280.534 1.86543 -2.15237 3008.91 0.705988 0.1582 0.828939 0.686252 49.6515 -1.13857 1.0138 417.99 92.9047 9.54864
828.086 -0.656271 -1.37921 534.284 -1.2167 2.81971 1213.11 0.301287 0.441915 0.424481 0.688674 614.073 1.20514 1.61457 688.36 92.9047 9.54869
428.893 -0.746655 -2.4008 305.211 0.939177 0.976222 994.753 0.136844 0.594067 0.596726 0.661542 69.7803 2.78729 1.0951 774.388 92.9047 9.5488
492.706 0.384548 -3.04271 483.416 0.038686 1.26789 838.432 0.614636 0.44562 0.664439 0.153103 449.472 -0.310796 1.57869 780.176 92.9047 9.54871
383.898 0.73178 1.02085 270.141 -0.367328 0.349261 447.208 0.717171 0.472636 0.679641 0.726472 206.788 -2.52222 2.74012 651.668 92.9047 9.54908
592.041 0.440076 -1.50972 390.573 2.66985 0.999825 1616.21 0.584399 0.538071 0.653382 0.777482 277.224 2.24644 1.24661 506.526 92.9047 9.55028
695.453 -0.132294 -1.40367 589.509 -0.425872 3.08221 1030.9 0.446655 0.598474 0.488547 0.533276 735.589 0.98977 2.09244 689.836 92.9047 9.55105
694.578 0.301641 -0.199086 258.984 -1.17464 -2.14206 984.43 0.564427 0.617193 0.726056 0.459897 614.123 2.6106 1.53053 990.065 92.9047 9.55056
946.558 -2.31871 0.291382 340.679 0.182511 2.6672 2105.9 0.585234 0.186448 0.857077 0.622061 853.924 -2.904 0.711987 430.23 92.9047 9.54996
801.891 0.42753 2.18675 674.036 -0.707913 -1.17882 1726.42 0.451826 0.217537 0.47191 0.574336 189.214 -0.901042 0.27778 829.393 92.9047 9.5501
376.204 1.80438 -1.60487 311.328 -0.515659 0.757849 1173.46 0.727408 0.565442 0.674276 0.466757 295.208 1.71597 0.958121 557.114 92.9047 9.55072
321.359 -2.03636 1.15648 263.347 -0.329748 -2.80342 780.098 0.560695 0.467203 0.824532 0.710104 250.832 -1.68298 1.12044 426.992 92.9047 9.55056
580.693 0.0266125 -2.75402 336.723 0.0148415 -0.448699 810.782 0.55454 0.494303 0.587383 0.271143 367.783 1.48146 1.93016 542.985 92.9047 9.55103
697.037 -0.0572127 -0.446991 310.064 1.52503 2.0207 1210.16 0.662349 0.672489 0.757862 0.655159 232.341 -2.93997 1.32252 345.98 92.9047 9.55152
775.039 0.363721 -1.46779 362.146 2.14105 1.24098 1529.07 0.398003 0.247803 0.59332 0.55099 461.084 1.90949 0.668507 352.505 92.9047 9.55161
883.042 0.394065 2.60417 679.821 0.205837 -1.10819 1583.51 0.189708 0.692229 0.604368 0.763234 380.842 0.300968 1.40915 406.846 92.9047 9.55178
299.451 -0.928727 2.07565 277 -0.754108 -1.43413 577.817 0.660724 0.758374 0.635319 0.820231 140.871 0.465898 1.60975 393.058 92.9047 9.55115
700.904 -0.474056 -3.03576 510.038 -0.162795 1.281 1078.38 0.102932 0.537287 0.477503 0.70213 548.664 -0.916386 2.11938 817.349 92.9047 9.55221
718.968 0.0158921 -0.0275775 431.361 -1.51163 -3.0951 1461.87 0.0991439 0.752019 0.0894098 0.762119 162.661 2.8713 0.316781 576.61 92.9047 9.5536
696.981 0.587331 1.64523 486.832 0.728304 -0.293293 970.838 0.444749 0.237841 0.728091 0.426134 428.553 -2.67621 1.96174 409.479 92.9047 9.55218
1114.95 0.0703525 2.38414 551.456 0.0210346 0.0119337 1521.19 0.551014 0.407745 0.750757 0.377974 588.723 -1.22242 1.23435 449.96 92.9047 9.55076
831.497 0.872095 0.32184 386.054 0.123684 -2.9501 1234.34 0.343169 0.614261 0.232086 0.838602 422.33 -2.82382 0.126283 467.318 92.9047 9.55054
1182.45 0.0428573 0.475527 515.92 -0.44051 -2.76057 1613.68 0.296703 0.521931 0.477031 0.208545 283.384 -2.66982 0.0907521 967.278 92.9047 9.55054
954.169 0.49154 3.08109 263.926 -0.157452 -0.201434 1060.28 0.548191 0.709226 0.607531 0.669973 592.361 -0.347663 0.146229 562.822 92.9047 9.5505
775.804 -0.135949 -2.06848 518.031 0.929357 1.507 1440.69 0.380838 0.695512 0.380215 0.56183 232.829 0.466678 1.04032 424.055 92.9047 9.55075
517.793 0.791644 -2.85745 443.164 1.83301 1.35979 1001.44 0.517598 0.461808 0.799642 0.784967 482.394 -0.565802 1.9256 617.46 92.9047 9.55052
626.945 1.06177 -2.63687 378.582 -0.090101 0.633801 1145 0.616432 0.494063 0.811577 0.459071 175.015 0.372976 0.260825 1071.84 92.9047 9.54985
993.171 -0.242513 -1.07636 653.334 -0.649464 1.20231 1534.27 0.521342 0.268546 0.532787 0.654581 302.565 2.62316 1.42085 741.387 92.9047 9.55061
469.456 -1.85337 0.589136 271.193 0.883602 2.55637 1443.25 0.617374 0.664819 0.70382 0.805848 387.98 -1.93343 1.79338 344.555 92.9047 9.55059
564.69 -0.700614 3.00653 284.006 0.516501 0.716373 924.014 0.282655 0.351017 0.6154 0.748645 267.431 -0.851246 1.56762 504.011 92.9047 9.54835
617.708 -0.48228 -1.15233 489.827 -0.380888 1.00608 981.325 0.591837 0.557416 0.678989 0.508484 525.849 2.88928 1.8832 513.885 92.9047 9.54813
781.784 1.54609 -1.73326 387.199 -0.522107 1.52706 1766.95 0.53359 0.395025 0.53812 0.685918 287.962 1.78523 0.258165 563.301 92.9047 9.54862
793.007 1.23589 1.00324 283.511 -1.36321 -0.539579 1749.55 0.187179 0.557137 0.585163 0.689649 809.015 -2.45196 1.91238 313.772 92.9047 9.54763
392.994 -0.917286 -1.24429 327.645 0.0548591 2.18791 847.12 0.421233 0.390058 0.701553 0.866736 212.318 0.431615 1.67591 867.593 92.9047 9.54755
580.792 -0.436365 -3.03627 347.801 -2.58966 -0.664181 1439.54 0.269231 0.454382 0.613259 0.669187 349.62 0.746394 1.41057 409.545 92.9047 9.54665
580.562 0.180192 3.06745 491.317 -0.155449 0.136664 1101.79 0.643607 0.389329 0.487231 0.677183 141.409 -0.935921 1.07258 519.52 92.9047 9.54662
387.578 -0.7457 -2.14156 282.224 -2.95681 -1.135 972.823 0.558622 0.180465 0.653885 0.317899 442.155 1.76779 2.37383 545.65 92.9047 9.54651
449.121 -0.0142756 1.12172 266.62 0.331841 2.56393 492.812 0.548481 0.317441 0.618447 0.614299 547.308 -1.66503 2.05422 541.769 92.9047 9.54587
445.673 -0.631687 -1.39056 387.009 -1.03842 0.479988 701.295 0.52967 0.527207 0.483666 0.587849 304.229 2.37473 1.89474 619.811 92.9047 9.54587
623.263 0.488747 -2.24724 388.656 -0.0965109 0.109245 1020.86 0.136475 0.616091 0.78587 0.646177 65.0699 1.35209 1.24284 671.932 92.9047 9.54629
516.638 -1.31103 -1.12267 350.886 -0.960524 3.13252 751.798 0.552226 0.616345 0.816363 0.490702 429.75 1.39486 1.73766 414.403 92.9047 9.54591
413.649 0.119591 2.01323 320.457 0.904671 -1.18232 798.748 0.512515 0.502433 0.624445 0.626297 92.5777 -0.813005 0.369319 336.186 92.9047 9.54393
755.31 -1.18923 -0.606079 314.79 -0.783865 -2.27535 765.201 0.559675 0.518614 0.8477 0.448896 687.224 2.27866 1.72917 354.177 92.9047 9.54387
788.598 0.890541 -1.821 251.385 0.638469 2.61757 739.601 0.410608 0.515945 0.624164 0.60187 699.219 1.10025 1.51732 347.805 92.9047 9.54401
425.486 -1.1675 -1.4319 250.535 -0.746572 -0.00819016 454.93 0.694656 0.560768 0.793754 0.540755 375.052 2.16738 2.17557 559.868 92.9047 9.54422
438.8 1.64927 -0.0465722 373.55 0.682565 2.24614 855.014 0.648675 0.291066 0.74877 0.526484 317.095 -2.59139 1.44565 445.342 92.9047 9.54397
427.117 0.0114925 0.314043 262.974 -1.46899 -2.14669 872.239 0.226522 0.523107 0.409966 0.791339 37.3 -3.0971 0.950405 537.926 92.9047 9.54397
383.902 -0.746129 -2.34601 290.792 1.75147 1.25881 1255.13 0.585252 0.488025 0.713424 0.485235 131.096 1.26819 0.00937939 490.312 92.9047 9.54415
701.867 1.37706 -2.97851 297.336 0.200152 2.34797 736.422 0.498547 0.575764 0.796132 0.768991 785.321 -0.192984 2.54096 513.557 92.9047 9.54414
337.964 0.667945 -0.259267 267.795 -0.155152 -2.47177 596.415 0.721486 0.0876869 0.727483 0 203.27 2.13681 1.6746 363.061 92.9047 9.54549
674.277 0.381788 -1.77995 435.189 0.00940204 2.62217 944.514 0.46765 0.359666 0.433014 0.454729 536.365 0.729328 1.89284 626.906 92.9047 9.54539
411.549 -0.255637 -3.06787 376.391 -1.88942 -0.975978 1053.25 0.292296 0.710347 0.757973 0.679699 436.376 1.01276 1.98874 676.944 92.9047 9.54587
579.832 -0.642599 -3.00774 505.325 -1.68165 -1.00687 1086.57 0.383633 0.506705 0.84005 0.748549 61.5503 1.69928 1.57616 768.835 92.9047 9.54564
641.611 -0.630581 -1.414 448.086 -0.242278 0.0963648 772.404 0.088287 0.518597 0 0.809601 776.179 2.25087 2.15451 703.664 92.9047 9.54587
890.063 0.0161456 -0.833908 625.389 1.70941 2.93493 2022.36 0.432831 0.821733 0.202165 0.716607 479.309 1.57076 1.36416 660.159 92.9047 9.54537
683.446 0.555681 -2.80817 615.006 0.650119 0.94829 1247.46 0.529409 0.42118 0.789969 0.484872 370.03 -0.821879 1.77017 657.093 92.9047 9.54557
486.812 0.617691 3.09105 450.072 -0.78697 -0.53353 1160.44 0.585959 0.476415 0.651566 0.245742 231.586 1.14058 1.67411 937.413 92.9047 9.54563
497.233 -0.27384 -2.53309 283.904 1.32168 -1.46063 772.561 0.48192 0.543911 0.698705 0.816596 613.718 1.25036 2.49974 524.976 92.9047 9.54485
450.22 0.722082 -0.0908609 441.066 -1.0025 1.50976 1088.5 0.479623 0.490032 0.801216 0.626747 307.579 -2.85854 1.91488 641.524 92.9047 9.54495
600.669 0.137339 -0.278015 592.59 0.701082 -2.72387 1179.95 0.591397 0.712225 0.396973 0.643197 404.903 1.1287 1.40671 642.093 92.9047 9.54551
504.102 0.744259 1.65732 427.842 0.726351 0.344197 583.003 0.327261 0.262631 0.667076 0.817049 83.1125 -2.55118 2.07468 454.809 92.9047 9.54605
565.403 0.255759 -0.973272 343.161 1.64149 1.72854 1092.97 0.64525 0.640785 0.649739 0.67609 216.371 2.40823 0.679692 450.985 92.9047 9.547
961.514 -0.40848 1.21158 956.606 -0.0472157 -1.79064 1972.46 0.382891 0.44265 0.661639 0.737308 149.126 3.00904 1.48351 970.833 92.9047 9.54742
800.336 1.48698 1.13428 526.378 -0.28778 -0.951484 1733.56 0.421793 0.682596 0.662083 0.806814 394.265 -2.81407 1.86258 589.05 92.9047 9.54758
628.683 -0.102621 -3.01013 463.289 -2.7268 0.768747 2130.74 0.585008 0.296017 0.464254 0.797134 340.995 -0.751607 1.52035 512.36 92.9047 9.54758
680.527 0.252325 -3.08959 299.691 -0.87524 -0.641412 1009.69 0.342509 0.725943 0.643735 0.666831 466.709 0.355053 0.996466 1060.98 92.9047 9.54752
907.336 1.05439 1.11393 656.975 0.120259 -1.89037 1745.33 0.355634 0.138805 0.374258 0.794176 196.649 -2.5569 0.666528 686.838 92.9047 9.54755
846.461 0.259604 -0.110384 597.445 1.74181 -3.05209 1838.98 0.193198 0.454954 0.60287 0.563804 281.099 2.64426 0.58683 605.861 92.9047 9.54794
465.351 2.26456 -0.763754 378.243 1.52506 3.05382 897.877 0.436294 0.38161 0.821543 0.546213 112.785 1.31816 1.73566 387.762 92.9047 9.5472
878.308 -0.142242 -1.88226 303.125 0.911036 -0.187392 970.692 0.607874 0.757726 0.731256 0.653595 911.854 1.68365 1.87104 398.761 92.9047 9.54751
914.804 -0.572124 2.54718 465.706 -0.832492 -0.517282 1326.58 0.53619 0.628688 0.738448 0.738652 40.6622 -1.47765 0.960372 562.425 92.9047 9.54742
597.868 0.764181 0.131052 430.724 0.209523 2.16936 935.211 0.447408 0.392308 0.732807 0.476549 521.624 -2.29185 1.82197 492.322 92.9047 9.54832
574.402 -0.387383 -0.958248 274.365 -1.91646 1.20921 1017.76 0.580516 0.690271 0.469986 0.864079 409.301 2.54232 1.33311 472.761 92.9047 9.54677
1037.96 -0.933032 0.00027629 533.286 -1.55492 -3.03026 1599.52 0.411909 0.0895814 0.718391 0.634105 517.676 3.01415 0.23878 1614.72 92.9047 9.547
599.958 1.25081 -0.726176 450.946 -0.039537 0.674173 988.061 0.35978 0.406863 0.714708 0.71472 771.651 2.98624 2.31207 533.345 92.9047 9.54704
390.625 -1.34339 0.907809 273.182 0.423058 0.175641 746.731 0.434226 0.401066 0.409203 0.728124 568.296 -2.7163 2.65908 811.873 92.9047 9.5473
687.676 0.857306 0.784439 327.927 -0.249247 -0.826874 886.626 0.583177 0.68502 0.739833 0.843646 655.43 -2.76057 1.9337 466.562 92.9047 9.54613
694.618 0.547843 3.06898 486.61 0.755413 -0.558531 1165.52 0.419861 0.483005 0.820815 0.361728 351.585 0.605976 1.16451 508.266 92.9047 9.54627
605.591 0.554456 -1.00789 281.574 -2.46896 2.36705 1962.87 0.455666 0.562508 0.656513 0.737883 293.278 1.8604 0.506653 328.853 92.9047 9.54523
771.889 -1.63713 1.02443 714.885 -0.123793 -2.07732 1957.43 0.490796 0.500855 0.77291 0.378068 87.9417 -2.30932 0.231997 883.525 92.9047 9.54508
466.097 -1.06252 -2.89211 409.345 -1.25596 0.0383812 908.391 0.405506 0.472459 0.605669 0.71305 110.999 0.155946 0.117565 876.158 92.9047 9.54483
704.515 -0.0303181 -2.51077 384.492 0.482694 1.25216 1047.52 0.655824 0.684091 0.511074 0.672192 244.833 1.21503 0.0371312 554.951 92.9047 9.54528
830.972 -1.65823 0.938953 528.898 -0.472676 -1.2476 1447.99 0.492118 0.680864 0.54853 0.737602 434.954 2.98936 2.04622 353.001 92.9047 9.54438
936.385 0.455517 3.03987 636.439 -1.43615 0.172446 2302.11 0.548734 0.686181 0.528829 0.411693 278.83 -0.557059 0.729505 887.806 92.9047 9.5455
459.817 0.495531 -1.26035 339.695 -0.198233 -2.69505 617.49 0.548188 0.337474 0.786474 0.55435 538.09 1.4414 2.14674 505.105 92.9047 9.54481
627.285 -1.28832 -0.535007 385.336 1.34676 1.47945 1905.69 0.58082 0.0929328 0.531581 0.757116 424.7 -3.01929 1.78445 390.888 92.9047 9.54411
623.432 0.62702 2.13832 518.702 0.448944 0.952732 664.777 0.76923 0.598193 0.69976 0.703018 467.576 -1.60815 2.53672 614.961 92.9047 9.54401
631.866 -0.277294 2.85045 393.631 -0.656975 0.156118 995.11 0.622648 0.56028 0.371399 0.510335 291.644 0.43633 0.280213 488.452 92.9047 9.54418
553.917 -0.338609 1.4219 350.234 0.0525257 0.109648 569.568 0.347984 0.125247 0.411575 0.617169 669.173 -2.19992 2.30957 428.461 92.9047 9.54353
539.164 0.731634 2.24321 422.402 -0.724818 -1.95275 1128.04 0.629284 0.680591 0.800482 0.75558 506.805 -0.0279703 1.92478 519.813 92.9047 9.54362
762.782 -1.23328 -1.3327 458.438 -1.30305 2.62534 1163.38 0.382046 0.253285 0.393158 0.824611 267.75 1.17693 1.44841 281.544 92.9047 9.54374
475.578 1.18475 0.952453 464.384 1.34902 -2.1523 965.044 0.442761 0.381948 0.414652 0.569258 7.38309 -2.91886 0.766561 491.27 -92.9047 9.54309
667.926 0.54127 0.927267 520.312 1.75831 -1.86459 1404.93 0.658811 0.49801 0.717802 0.665378 216.161 -2.92938 1.06479 755.655 92.9047 9.5444
549.711 0.139215 0.760256 402.767 -2.53698 2.56342 1831.17 0.482127 0.621352 0.554616 0.713782 482.025 -1.89666 1.8231 574.621 92.9047 9.54337
962.844 0.753989 -2.39522 524.986 0.235905 2.26424 1103.97 0.300682 0.0289409 0.44141 0.578096 965.155 0.233046 2.03119 667.751 92.9047 9.54385
526.774 0.761891 -1.46609 506.008 -1.32013 -0.125757 1499.33 0.365369 0.843339 0.677189 0.607319 755.325 2.37915 2.43795 626.807 92.9047 9.54298
444.783 0.341863 -2.8782 363.849 2.26104 0.486773 1205.98 0.692362 0.652898 0.475034 0.637328 355.964 -0.981498 1.46827 394.922 92.9047 9.54518
653.465 0.0652148 -1.1715 342.326 0.614326 2.11367 1005.65 0.677773 0.33175 0.771849 0.61256 326.008 2.18749 0.0738184 481.059 92.9047 9.54356
669.613 0.480851 -2.7568 460.026 0.594827 -0.691269 965.503 0.489962 0.689309 0.795268 0.668145 378.59 1.17916 1.87043 562.542 92.9047 9.54383
723.792 0.396768 0.417305 643.894 -0.84448 2.8877 1580.38 0.598051 0.335308 0.638606 0.791157 443.028 -1.79179 1.60369 1408.98 92.9047 9.54392
451.989 -1.16755 1.11036 311.001 1.90564 -3.0664 1788.46 0.355375 0.722631 0.701452 0.655814 363.915 -1.33034 1.73607 801.163 92.9047 9.54436
636.813 0.637057 -0.577969 600.947 0.177467 3.1177 1227.77 0.313662 0.565221 0.432571 0.575462 243.927 0.995148 1.57312 691.436 92.9047 9.54404
725.531 -0.0779949 -2.17071 654.487 1.35335 0.731503 1741.26 0.591319 0.704328 0.577991 0.739653 151.48 1.98548 1.25397 714.875 -92.9047 9.54366
982.703 0.654035 3.04783 510.503 0.267943 -0.463865 1450.29 0.502294 0.499441 0.562235 0.34508 374.665 -0.126656 0.337209 387.49 92.9047 9.54267
651.171 -0.780628 1.01854 304.539 -1.15879 -0.891245 766.054 0.519209 0.195635 0.67345 0.808373 574.44 -2.6955 1.80426 768.74 92.9047 9.54164
551.548 1.23516 -2.0731 358.038 0.377322 -0.727319 686.682 0.713238 0.224113 0.725437 0.414841 535.56 1.56121 2.28853 420.413 92.9047 9.54201
633.216 0.240052 1.15373 428.041 0.554313 -3.00382 958.942 0.448994 0.444345 0.699121 0.663295 550.057 -1.23281 1.77101 585.597 92.9047 9.54163
512.731 0.493885 0.952308 402.67 0.379385 3.13148 828.683 0.0415279 0.273047 0.767525 0.566823 388.835 -1.38145 1.77025 600.533 92.9047 9.54182
514.139 -0.150933 2.55094 411.953 -1.3393 -1.26941 1078.64 0.145501 0.394887 0.574321 0.634987 182.401 -1.74419 0.474779 513.593 92.9047 9.54184
391.99 -1.44972 1.45752 325.458 -0.136906 -2.30143 857.864 0.307434 0.679765 0.505951 0.556837 339.276 0.453203 1.00431 464.772 92.9047 9.54176
467.703 -1.08939 -0.933462 292.927 0.139105 2.88126 893.654 0.567712 0.533103 0.531863 0.753538 328.967 1.32995 1.5513 679.578 92.9047 9.54205
372.146 1.55414 -1.64841 340.027 0.353592 1.03614 834.201 0.193011 0.779175 0.473487 0.488984 142.502 2.98772 1.64705 779.74 92.9047 9.54231
913.408 0.0396392 -0.112207 289.914 0.887484 2.7609 1132.48 0.713829 0.413585 0.565909 0.744308 574.081 -3.13118 0.391113 363.965 92.9047 9.54228
615.018 0.938108 -1.04157 291.822 0.834522 1.50929 821.139 0.397145 0.611407 0.441105 0.709096 297.39 3.03978 1.53048 555.789 92.9047 9.5433
757.735 0.107134 0.992448 495.513 1.85102 -0.399745 1443.99 0.545533 0.540725 0.643362 0.572348 598.444 -2.67585 2.27611 1119.93 92.9047 9.5435
695.437 -0.722724 -2.89677 297.571 -1.58356 1.41237 877.606 0.593413 0.496738 0.484079 0.712245 659.309 0.163833 1.24854 337.054 92.9047 9.54354
860.196 0.327183 2.46112 305.588 -0.230861 -2.14959 858.927 0.603026 0.303054 0.626355 0.719763 792.352 -0.35948 1.79011 423.204 92.9047 9.54335
592.948 -0.501 -0.501124 305.773 -1.96974 -1.98843 920.113 0.329615 0.720162 0.674854 0.734343 643.134 2.57965 1.7151 579.634 92.9047 9.54212
525.782 1.45298 -2.35373 476.126 0.657324 0.477721 1167.91 0.231584 0.550389 0.67502 0.774261 150.787 1.83028 1.35256 913.718 92.9047 9.54176
821.305 0.0868947 2.16443 430.424 1.51462 -1.89996 1421.32 0.45152 0.577463 0.569142 0.796197 631.393 -0.430602 1.46936 491.547 92.9047 9.54201
759.828 -0.354575 1.95972 665.35 -2.27392 -1.611 2121.18 0.46384 0.294809 0.553861 0.674604 150.195 0.0729182 1.68392 840.034 92.9047 9.54215
494.128 1.10202 -1.23038 374.43 -1.04052 0.117813 1241.69 0.400342 0.509564 0.87789 0.695126 410.381 2.30256 2.18474 485.869 92.9047 9.54336
1198.06 -0.115178 -0.59991 780.076 0.0288474 1.91868 1883.2 0.42381 0.476572 0.314405 0.762059 726.955 -3.06908 1.29543 792.727 92.9047 9.54447
716.551 0.46856 -0.609107 692.52 -0.452882 0.433391 1007.12 0.628187 0.37811 0.609395 0.690184 1045.79 -3.05068 2.44157 779.016 92.9047 9.54493
579.315 1.76222 -0.543145 404.966 -0.200133 2.19801 1473.14 0.777243 0.433494 0.598923 0.626261 233.421 -1.57707 1.03392 421.767 92.9047 9.54461
753.804 -0.746794 -1.23739 499.872 -0.559593 3.03411 1048.27 0.561718 0.218317 0.55763 0.773577 363.361 1.44571 1.5884 887.204 92.9047 9.54516
672.045 -1.14363 0.37516 288.98 -0.814653 -1.65762 867.939 0.303705 0.784527 0.623768 0.705963 563.775 3.08919 1.53637 405.933 92.9047 9.545
681.336 -0.245642 -0.993087 621.562 0.623919 2.40704 1421.49 0.641355 0.852207 0.656293 0.780831 215.092 0.835438 1.5716 1305.85 92.9047 9.54524
292.216 -0.389721 -1.31303 273.79 -2.929 2.68558 1068.41 0.613439 0.316396 0.700897 0.680634 212.324 0.309667 1.6227 364.48 92.9047 9.54523
695.825 -0.937777 -1.0047 566.955 -0.0778153 -2.70774 1116.83 0.50202 0.410995 0.78931 0.807216 752.546 1.36705 2.2084 833.118 92.9047 9.54527
613.925 0.388351 2.28345 488.106 0.664226 -1.95846 991.274 0.455022 0.460234 0.413167 0.842471 720.842 -0.571378 1.38708 493.971 92.9047 9.5454
864.578 -0.00606683 -1.48301 814.274 0.272586 2.12097 1671.59 0.760321 0.52922 0.765972 0.407124 158.502 -0.109153 1.37386 305.815 92.9047 9.54548
464.406 0.393435 -1.39342 320.778 -1.87939 0.76431 1285.55 0.645638 0.610131 0.462178 0.714805 328.327 2.35566 1.59135 420.805 92.9047 9.54491
762.858 0.0339059 -1.45641 411.965 -1.21421 1.59301 1354.67 0.491208 0.669662 0.6466 0.546635 561.476 2.27792 0.684901 631.75 92.9047 9.54554
647.913 1.49971 2.68392 501.752 -0.490575 -1.47737 1666.12 0.386602 0.524633 0.403405 0.273675 384.619 0.421128 1.8985 697.339 92.9047 9.54537
976.792 -0.468164 1.50418 349.439 -0.435909 -3.03719 899.707 0.51408 0.541075 0.341805 0.805962 900.493 -1.34831 1.68888 446.479 92.9047 9.54536
426.197 0.679433 1.24542 370.219 0.954689 -0.0926739 579.481 0.439365 0.235389 0.440468 0.791503 624.919 -2.50354 2.41087 459.005 92.9047 9.54585
479.762 0.391187 -1.10957 284.113 -1.10574 0.9758 928.708 0.118709 0.466013 0.804707 0.700018 266.514 2.81466 1.83886 548.862 92.9047 9.54655
692.719 -1.15115 1.79994 661.267 0.678324 -2.67967 1775.7 0.235186 0.409192 0.723106 0.493744 426.467 -0.361357 2.1613 1085.79 92.9047 9.54656
908.076 -0.629587 -2.26954 350.215 -0.60023 0.233181 1176.46 0.129075 0.585628 0.550861 0.211599 612.667 1.19942 0.966236 407.171 92.9047 9.54788
582.773 0.858347 -1.3905 407.255 2.00664 1.86439 1184.93 0.262749 0.531437 0.715985 0.819832 210.53 1.34283 0.521561 627.894 92.9047 9.5475
407.393 1.28078 -2.87006 405.616 -1.07165 1.84314 1326.79 0.379388 0.313605 0.742201 0.43262 176.088 -1.02185 1.84821 529.07 92.9047 9.54765
653.836 0.127414 -2.18592 329.234 -0.518067 1.12391 997.28 0.389029 0.459561 0.737328 0.391644 396.165 1.19096 0.0670427 502.482 92.9047 9.54745
615.935 0.757361 -0.288153 272.08 -2.73963 -2.47824 2405.86 0.58471 0.642192 0.510449 0.746977 453.063 2.17477 1.63018 443.888 92.9047 9.5472
440.052 0.637538 -3.07584 300.826 0.679043 -1.14738 607.138 0.614584 0.445704 0.670012 0.438493 311.731 0.515501 1.66288 421.429 92.9047 9.54683
561.441 0.826741 2.01188 344.407 0.787492 -2.02814 854.197 0.440213 0.360288 0.699119 0.668378 286.892 -1.40496 0.623183 392.867 92.9047 9.5467
617.271 -0.192866 -2.31601 250.755 0.277214 1.28064 860.574 0.264516 0.400685 0.62828 0.470208 508.338 0.238781 1.04186 501.893 92.9047 9.54757
455.031 -0.662069 2.94102 433.057 0.70014 -1.07854 1049.85 0.493456 0.500796 0.688315 0.68193 429.996 0.677283 1.75582 552.985 92.9047 9.54822
761.117 0.0148956 2.71623 349.113 -0.439624 0.374622 987.105 0.454474 0.617232 0.418274 0.628751 262.713 -0.164582 0.539204 784.071 92.9047 9.54858
520.758 1.79341 -0.81183 441.096 -0.471146 1.66601 1621.31 0.593273 0.264005 0.503165 0.717406 100.181 -1.11177 0.299938 853.092 92.9047 9.54861
1013.07 0.219994 -1.56259 520.793 1.63204 0.778914 1750.26 0.27599 0.493035 0.704694 0.445327 262.281 1.9684 1.18949 1021.91 92.9047 9.54877
532.15 -0.92078 0.586967 334.697 1.71563 -2.06408 1679.42 0.502507 0.735828 0.578246 0.644389 134.236 1.72471 1.13775 302.31 92.9047 9.54877
342.137 1.40803 -2.37263 325.11 -0.804586 0.465347 1120.59 0.476208 0.516126 0.749928 0.637588 101.935 2.03518 1.56983 676.609 92.9047 9.54777
874.253 -1.44704 2.53602 347.82 -1.09704 -0.538523 1158.79 0.626111 0.775807 0.290724 0.481132 487.978 -0.604798 0.0662751 387.037 92.9047 9.54762
607.079 1.01524 0.119153 448.47 1.52722 3.07063 1082.6 0.662427 0.513373 0.767206 0.70479 219.827 -2.40171 0.810845 580.485 -92.9047 9.54783
811.07 1.56769 -3.04854 328.195 1.35305 -1.33251 803.913 0.680744 0.389397 0.589585 0.359519 565.745 0.656566 1.98907 458.222 92.9047 9.54742
870.258 -0.140626 2.09114 709.614 0.119395 -1.55798 1538.27 0.729507 0.447759 0.615577 0.848431 757.657 -0.220465 1.33751 785.677 92.9047 9.54632
340.394 0.390718 -0.608392 294.411 1.03339 2.65485 688.926 0.325285 0.5695 0.7449 0.801298 270.995 0.984624 1.59302 438.491 92.9047 9.54658
628.606 -0.869642 -2.60315 358 -2.25265 0.453011 1191.31 0.719823 0.737012 0.628306 0.73345 295.818 0.50553 0.0525196 392.411 92.9047 9.54732
605.202 0.302927 -1.4037 443.281 -1.22032 2.79247 1248.16 0.39913 0.400286 0.497101 0.554077 419.419 1.07471 1.71777 592.508 92.9047 9.54736
662.731 0.112902 -0.735656 381.952 -0.0233972 -3.04589 925.196 0.3822 0.501647 0.625013 0.491069 467.143 1.81553 1.42177 427.379 92.9047 9.54756
391.349 1.13124 0.40724 266.815 0.089563 -2.6907 755.973 0.438668 0.655837 0.845227 0.763285 54.2898 -1.63771 1.05299 371.106 92.9047 9.54789
638.92 0.0709098 -2.36091 320.16 -1.60198 1.46339 1223.94 0.730583 0.714952 0.536117 0.675619 325.555 0.47478 0.988612 453.598 92.9047 9.5479
806.556 -0.503949 -1.68569 382.437 -2.15802 0.950764 1664.12 0.148175 0.483519 0.646479 0.697466 506.266 1.82732 0.87656 374.099 92.9047 9.54805
389.912 0.327009 -1.49064 360.099 2.30218 -1.66628 875.837 0.383538 0.629953 0.568781 0.269584 498.143 1.55322 3.04386 627.822 92.9047 9.55065
596.841 -1.23365 2.93351 437.693 -0.503157 -0.541319 1115.07 0.557447 0.700283 0.758438 0.796497 177.828 1.14288 1.68419 615.11 92.9047 9.55063
533.032 0.371242 0.909538 389.837 -0.683146 -2.87933 1013.22 0.671537 0.447906 0.718639 0.668467 344.405 -1.32535 1.55398 396.254 92.9047 9.55058
561.619 0.187423 2.16952 404.849 0.0735682 -2.47966 706.597 0.443161 0.321993 0.747742 0.759927 325.264 -0.496008 1.98365 522.074 92.9047 9.55127
621.793 -0.330609 0.0166229 538.687 0.882881 -1.32547 1066.42 0.540228 0.483457 0.748589 0.573864 593.29 2.74686 2.21085 442.701 92.9047 9.5509
648.099 0.28296 1.93441 365.886 -1.3262 -1.63685 1290.23 0.192588 0.284797 0.431298 0.622377 339.524 -1.35335 0.283502 569.26 92.9047 9.55045
836.59 0.200314 -0.407672 664.78 0.504645 3.0403 1570.06 0.32092 0.604205 0.738453 0.558525 362.183 2.60079 0.439505 1168.65 92.9047 9.54802
485.175 -0.00934937 2.04773 455.443 1.10309 0.678457 826.613 0.278279 0.362173 0.313115 0.576174 307.728 -1.24814 1.9266 588.269 92.9047 9.548
358.747 1.46685 2.83427 343.29 -0.17614 0.992267 861.616 0.553813 0.655959 0.708407 0.838037 377.298 -1.87409 1.57483 347.95 92.9047 9.54732
263.137 -1.20018 3.09259 261.094 -2.61898 0.501885 664.623 0.553257 0.703065 0.450559 0.678334 134.928 -0.960351 1.46224 322.888 92.9047 9.54676
438.965 -0.628388 1.53379 275.712 0.824501 -1.42748 890.597 0.673281 0.364403 0.761065 0.00988373 63.8943 -2.19053 0.763052 395.276 92.9047 9.54699
1026.38 -0.170402 2.02698 988.624 -0.848183 -0.778624 2124.08 0.351689 0.459278 0.788595 0.624241 334.513 -2.42348 1.64485 1061.82 92.9047 9.54655
760.865 1.07379 1.12506 438.284 2.15404 -1.94362 1345.04 0.538998 0.437676 0.69569 0.763308 241.943 -2.20594 0.262321 700.509 92.9047 9.54652
845.222 0.67161 -2.50427 481.357 1.23992 -1.34086 866.481 0.393109 0.379629 0.80732 0.257309 1122.34 1.14324 2.4841 672.658 92.9047 9.54447
1033.11 0.0953299 1.13726 647.586 0.226397 -1.16414 1502.33 0.550024 0.578879 0.685125 0.58271 655.498 -2.7569 1.59276 835.345 92.9047 9.54402
498.638 -0.143481 0.829699 363.656 2.41692 -1.76901 1675.28 0.46839 0.384062 0.739133 0.728793 265.66 -3.05723 1.28822 402.055 92.9047 9.54335
723.573 -0.255736 3.10848 444.052 -0.843141 -0.0303767 1240.49 0.662607 0.711305 0.568055 0.649138 294.297 -0.502047 0.47167 900.031 92.9047 9.54321
875.53 0.785107 2.24919 674.353 -0.194631 2.94695 981.396 0.245397 0.258328 0.78952 0.70743 928.401 -0.937279 2.39895 738.321 92.9047 9.54302
811.449 -0.0456694 -2.72613 270.164 1.08755 -0.109981 1067.93 0.67567 0.555091 0.601783 0.365174 672.689 0.988623 1.0986 557.408 92.9047 9.54365
666.929 -0.180713 -1.21726 576.409 1.2922 1.41571 1583.47 0.714716 0.476088 0.717829 0.678001 312.176 2.94668 1.53097 598.795 92.9047 9.5448
701.835 -0.36785 -0.636041 300.781 -2.52183 2.21892 1507.97 0.569857 0.796399 0.807198 0.724762 286.235 2.14251 0.0764129 339.734 92.9047 9.54644
431.116 -0.72812 -0.300283 381.229 -0.755875 2.69991 824.127 0.328993 0.885304 0.482773 0.767368 191.087 -1.56543 1.26515 489.367 92.9047 9.54673
1088.9 -1.04818 -0.328412 584.744 -0.768606 3.12643 1700.23 0.356993 0.33503 0.699019 0.812108 562.208 2.37238 0.754047 552.932 92.9047 9.54685
342.363 -2.09483 2.95816 325.891 0.42096 1.46802 1178.24 0.729179 0.622179 0.735201 0.743393 569.855 -0.673407 2.14142 463.798 92.9047 9.54585
499.565 -0.78561 -2.20547 457.1 -1.13434 0.535175 955.127 0.339778 0.751942 0.768183 0.573017 176.058 2.12053 1.58536 556.53 92.9047 9.5459
1070.42 0.438517 0.33115 835.381 1.61853 -3.07981 2255.2 0.393512 0.343886 0.378702 0.629988 343.973 -2.0741 1.00571 874.412 92.9047 9.5464
423.257 -1.51472 -1.53822 334.734 0.739585 0.442177 1222.21 0.304833 0.599704 0.755131 0.662102 278.918 1.56748 1.1253 678.55 92.9047 9.54591
357.113 1.677 -2.54117 257.404 0.327711 0.912412 750.543 0.713148 0.448082 0.57682 0.335774 164.449 0.122921 0.789492 363.068 92.9047 9.54601
883.823 0.981072 0.083836 275.743 0.767232 -1.62091 798.588 0.534894 0.284907 0.211415 0.846638 928.889 -3.12651 1.50559 579.484 92.9047 9.54652
687.557 0.146367 1.68938 431.629 0.815664 -2.16188 1127.41 0.371224 0.351667 0.459354 0.685575 110.141 -1.60522 0.556658 559.952 92.9047 9.54634
664.004 0.992162 0.795101 538.939 0.0414328 2.2847 1013.32 0.249399 0.488412 0.561955 0.683729 752.429 -1.51954 2.31464 744.118 92.9047 9.54713
996.338 -0.600705 -2.07264 448.797 -0.261017 1.28952 1358 0.568383 0.603255 0.394339 0.442651 533.282 0.844257 0.445265 513.304 92.9047 9.54682
557.683 -1.19364 1.77377 411.169 -0.847679 0.113514 842.404 0.234183 0.554461 0.711367 0.464136 458.449 -1.66678 1.78029 367.613 92.9047 9.54737
917.495 0.07951 0.600625 650.128 -0.476408 3.06868 1534.61 0.372242 0.459144 0.833419 0.281203 219.009 -2.2325 0.982004 1035.23 92.9047 9.54779
905.743 0.0648657 -1.38405 425.662 0.177029 1.13594 1234.88 0.268858 0.240053 0.442042 0.784769 416.762 2.13786 1.00192 320.482 92.9047 9.54752
660.043 -1.67775 0.968887 378.606 0.232869 2.84723 1379.4 0.307941 0.547167 0.706991 0.494656 281.719 -2.0444 1.39156 752.274 92.9047 9.54748
782.737 0.170932 0.621773 427.112 -1.84629 2.82799 1742.78 0.699702 0.314412 0.765448 0.834968 452.335 -1.32703 1.94881 874.485 92.9047 9.54785
340.097 0.30688 -2.85767 339.333 -1.23813 -2.27071 621.127 0.544996 0.401864 0.418232 0.385637 197.542 0.458868 2.72957 585.17 92.9047 9.54776
716.994 0.303145 -3.05342 380.075 -1.24627 -0.615629 1341.96 0.414452 0.475702 0.589015 0.666153 253.915 0.431443 1.04707 332.554 92.9047 9.54887
402.031 1.05439 0.826678 301.005 -1.14198 3.11661 1128.74 0.602301 0.204305 0.767479 0.739093 488.376 -1.35479 1.81179 342.986 92.9047 9.54902
576.518 0.228231 2.99314 520.744 -1.5214 -0.0443735 1545.4 0.32865 0.236649 0.774792 0.139676 258.452 -1.59865 1.55428 1309.9 92.9047 9.54887
628.473 -1.70307 -1.14978 259.723 0.269848 1.96225 1235.75 0.365851 0.139659 0.639286 0 296.009 2.0178 0.0555518 351.266 92.9047 9.54912
728.355 -0.561863 0.0219106 318.483 -0.72493 2.34637 923.008 0.387904 0.344452 0.764339 0.688661 620.524 -3.07386 0.862952 423.429 92.9047 9.54937
586.65 -1.49332 1.86861 383.792 -1.39275 -0.0642671 833.506 0.702469 0.435464 0.68807 0.59296 459.208 -1.8606 1.79634 395.666 92.9047 9.54825
433.004 1.76292 -2.01833 410.841 -0.881829 0.465643 1687.8 0.313773 0.697682 0.652737 0.753462 259.64 2.42069 1.84417 468.402 92.9047 9.54855
435.84 -0.139589 0.735649 424.322 1.64584 -2.89109 1211.84 0.246853 0.582057 0.420461 0.659167 210.548 -1.05054 1.78619 474.733 92.9047 9.54867
943.394 -0.760109 1.8588 842.632 -0.707869 -0.385932 1623.53 0.569507 0.199368 0.78553 0.680636 436.728 -2.39913 2.0132 378.707 92.9047 9.54875
854.855 0.835472 -2.84825 587.512 0.443853 0.497513 1452.28 0.388109 0.512611 0.47117 0.613459 464.738 -0.597056 1.09457 591.591 92.9047 9.54897
615.438 -0.756479 0.42047 386.126 -0.158152 -1.65333 918.059 0.335981 0.69282 0.773936 0.56343 450.387 2.92586 1.704 510.843 92.9047 9.54904
597.259 -0.730746 1.16725 287.989 2.18239 -0.920023 1838.95 0.455658 0.648838 0.825691 0.789454 320.964 -2.56609 1.64607 339.057 92.9047 9.54921
302.622 -0.0132595 3.12125 265.506 2.36517 0.17809 1024.48 0.0893419 0.487236 0.341939 0.685143 66.4001 -1.18842 1.36651 378.271 92.9047 9.54944
968.596 -0.750516 -2.64361 309.494 -0.772731 0.237532 1194.46 0.343116 0.242785 0.782683 0.706239 655.067 0.614762 0.37723 332.99 92.9047 9.54957
769.487 0.578473 -0.776964 748.995 -0.369999 1.87729 1724.92 0.295543 0.0665606 0.589544 0.799997 193.059 -2.44599 1.66903 709.974 92.9047 9.54996
644.959 0.434662 -2.8368 432.348 0.804887 0.80973 1070.89 0.239214 0.358736 0.702195 0.575028 318.232 -0.248095 1.05783 486.774 92.9047 9.54975
948.13 0.130571 -1.26733 395.09 -0.567227 1.85907 1310.74 0.353184 0.614546 0.817318 0.775512 354.528 1.77093 0.0881464 481.004 92.9047 9.54983
669.228 1.73685 1.00481 303.401 0.635907 -1.51402 1066.46 0.303736 0.68714 0.822698 0.757615 406.516 -1.7762 0.262182 669.248 92.9047 9.55068
510.792 -0.221607 3.06208 280.205 -0.77424 -0.0673453 800.421 0.587671 0.576594 0.730836 0.745656 111.86 -1.53028 1.46293 290.683 92.9047 9.55336
526.841 1.02029 -2.41974 349.999 1.14547 -0.444233 733.938 0.43838 0.812784 0.60969 0.646235 632.654 1.57159 2.01582 356.298 92.9047 9.55292
790.903 1.01619 2.86979 401.821 2.19884 -0.953033 1302.23 0.633111 0.368805 0.677065 0.796062 534.694 0.216337 1.16937 407.818 92.9047 9.55287
478.795 0.656611 -2.56288 297.422 -1.35697 -0.263615 1139.65 0.584199 0.605494 0.722596 0.489106 306.909 1.26853 1.53214 412.283 92.9047 9.55303
1251.23 0.711007 -1.5017 636.452 -1.56088 1.90722 3169.32 0.320664 0.672145 0.756684 0.74003 248.23 1.03494 0.872285 779.11 92.9047 9.55373
459.749 -2.49251 1.86883 378.217 0.380314 -1.65845 1865.68 0.321839 0.661555 0.731691 0.548736 68.3638 0.339355 1.52947 563.247 92.9047 9.55595
1569.05 -0.0166205 2.15412 1220.81 -0.0495144 -0.785582 2763.29 0.101857 0.041488 0.582223 0.475995 407.855 -1.65464 0.869061 1268.48 -92.9047 9.55486
791.988 -0.710546 0.618652 273.66 -0.711802 -2.43089 938.84 0.381394 0.578922 0.678502 0.563831 340.272 -2.70677 0.275874 1007.3 92.9047 9.55369
571.889 1.36386 2.22189 438.461 1.31333 -2.85128 588.06 0.663612 0.544573 0.754611 0.760442 771.955 -0.40432 2.44696 501.882 92.9047 9.55376
524.011 0.141871 -2.88632 286.427 -1.43169 1.87036 876.919 0.582984 0.61733 0.443863 0.803711 557.118 -0.0958269 1.96619 400.509 92.9047 9.55422
436.403 0.765716 1.2159 405.241 1.34113 -1.12336 819.793 0.191177 0.470674 0.749506 0.702775 108.313 -2.37567 1.25231 496.377 92.9047 9.55482
502.324 -0.30051 0.758621 281.829 2.7625 -1.97874 1820.2 0.39237 0.312726 0.717408 0.643412 100.8 3.08763 1.21682 387.026 92.9047 9.55294
317.933 -0.816706 -1.0139 273.669 -0.361624 -2.04524 322.051 0.752483 0 0.646406 -1 415.63 1.65132 2.58662 412.194 92.9047 9.55338
583.368 0.302034 2.36376 514.108 -0.571774 0.54538 998.169 0.50747 0.370499 0.532064 0.251904 175.932 -1.69947 2.21996 521.317 92.9047 9.55346
439.832 -0.19037 0.341808 267.222 -1.17923 -1.38782 644.034 0.717251 0.496588 0.595182 0.819556 547.235 2.55325 2.21144 416.721 92.9047 9.55322
958.285 -0.332167 2.57153 774.467 0.759947 -0.296195 1979.21 0.220392 0.685157 0.42725 0.683924 260.487 -1.21514 0.918943 840.443 92.9047 9.55329
744.479 -0.505686 -0.773298 365.116 -1.37882 2.18292 1197.07 0.18254 0.28498 0.835305 0.689014 364.216 2.53279 0.349869 373.173 92.9047 9.55322
528.915 -0.469445 -1.71119 300.365 0.0261788 1.38207 840.301 0.389726 0.531007 0.808213 0.712925 287.943 1.21933 0.162732 993.35 92.9047 9.55362
359.378 1.47277 -0.764017 284.925 -0.656166 2.33868 1042.53 0.505836 0.792513 0.446769 0.663524 87.0548 -1.95344 1.18943 566.266 92.9047 9.55326
843.414 -0.357405 -0.217754 380.135 2.52155 2.27294 2500.94 0.0919638 0.52712 0.294212 0.648624 576.564 -2.98214 1.02811 383.074 92.9047 9.5533
592.492 1.45482 1.8386 308.265 2.2725 -2.08837 911.809 0.715805 0.643149 0.692324 0.552774 412.329 -0.489467 1.5989 565.421 92.9047 9.55375
505.738 0.265093 -0.117016 500.21 -0.141332 0.816763 512.552 0.543735 0.59218 0.658809 0.570096 778.966 -2.74416 2.62714 643.644 92.9047 9.55461
447.173 -0.329725 -1.35221 322.605 1.56792 0.846039 1079.41 0.629157 0.738945 0.59211 0.726835 179.338 2.32439 1.47836 399.97 92.9047 9.55409
474.011 0.0251962 -1.79521 429.237 -0.590683 0.490117 873.312 0.309663 0.352712 0.457678 0.707641 379.63 2.424 1.93388 614.862 92.9047 9.55144
441.42 0.477018 1.59072 391.141 1.19932 -1.99814 873.043 0.71009 0.604374 0.456148 0.640001 146.481 -0.304109 1.69403 507.804 92.9047 9.55112
675.819 -1.22393 -2.85855 534.706 -1.65962 -0.0277068 1230.11 0.613812 0.508964 0.555124 0.359451 238.718 1.14342 1.17113 610.048 92.9047 9.55143
424.362 -0.94397 0.530252 314.693 -1.31203 -2.31614 771.914 0.525109 0.629065 0.696854 0.36569 81.0612 -1.14373 1.17241 356.479 92.9047 9.55138
575.547 1.55971 2.00413 325.267 2.55324 -1.71801 946.155 0.848808 0.716271 0.563739 0.584331 201.859 -0.757199 0.960814 492.006 92.9047 9.55247
604.818 0.127411 -2.92721 386.187 -0.586896 0.68358 1011.4 0.533723 0.673543 0.558264 0.719472 216.931 0.0778106 0.60577 548.868 92.9047 9.551
337.884 1.41645 1.87549 324.93 -0.4573 -1.14612 980.866 0.737767 0.723344 0.612907 0.726374 234.297 -0.600167 0.545956 618.609 92.9047 9.5513
706.965 1.11644 -2.71768 370.009 -1.03402 0.348614 1725.38 0.328881 0.569342 0.587925 0.871096 259.604 0.213041 0.135573 489.552 92.9047 9.55257
1140.26 -1.12839 0.488855 865.016 -0.28971 -3.09144 2132.53 0.554002 0.355427 0.693855 0.453285 403.935 -1.76295 1.32849 1019.01 92.9047 9.55222
622.782 0.515628 1.85356 318.529 -1.50247 -0.143543 1298.62 0.286439 0.31531 0.457478 0.772139 490.863 -1.708 1.56446 433.559 92.9047 9.55264
774.77 0.659563 0.51584 335.934 -0.200047 -1.65727 1024.41 0.845474 0.435925 0.748569 0.238178 331.451 -2.58846 0.931197 436.714 92.9047 9.55265
587.024 0.930828 0.494412 540.751 0.510351 -2.06257 1165.18 0.636449 0.106095 0.627645 0.857533 288.299 -2.19455 0.131982 502.59 92.9047 9.55271
599.573 1.11718 1.87393 382.732 2.54827 -1.51885 1216.01 0.67189 0.779383 0.500906 0.605311 234.207 -0.570005 0.948845 448.335 92.9047 9.55149
1039.22 1.6194 -1.47744 298.515 0.731421 1.96105 1328.28 0.275285 0.469224 0.737918 0.712816 772.173 1.55751 0.40354 311.911 92.9047 9.55122
685.099 -1.06935 -2.09023 471.685 0.357692 -0.270601 1264.37 0.239216 0.732737 0.671061 0.687148 489.329 2.15728 2.03567 344.538 92.9047 9.55177
1192.56 -0.712355 3.03438 854.015 0.383499 -0.395845 2322.99 0.623159 0.868468 0.487456 0.641999 510.597 0.778643 1.17449 1111.43 92.9047 9.55158
365.487 1.87883 -1.18828 332.117 0.403609 0.896489 846.339 0.570989 0.618245 0.585438 0.51862 343.725 2.89629 1.9998 448.662 92.9047 9.55195
489.328 0.371684 -0.706636 320.963 -1.42364 -1.69741 940.041 0.262558 0.497741 0.722318 0.77186 608.773 1.89861 2.60525 580.739 92.9047 9.55149
1096.09 -1.23887 -0.809859 987.316 0.237114 3.05739 2572.64 0.691417 0.315675 0.727875 0.350314 493.309 1.28542 1.77197 1235.09 92.9047 9.55039
761.282 1.83842 1.17517 375.305 -0.684647 -2.53463 2028.82 0.676146 0.383101 0.727461 0.660202 493.635 -1.55657 0.978068 384.77 92.9047 9.5502
683.451 0.388506 -2.98235 280.023 -0.415309 -1.10185 799.067 0.555173 0.510538 0.537349 0.658968 619.225 0.545116 1.64697 329.727 92.9047 9.55029
1380 -0.682168 1.79313 484.153 2.04433 -1.31217 3414.59 0.482721 0.406207 0.51664 0.739423 859.063 -1.38709 0.0749202 532.062 92.9047 9.55062
585.26 0.0196298 3.00074 452.277 1.20878 -1.94767 917.817 0.441429 0.49694 0.488506 0.279323 88.4277 0.620983 2.37976 422.285 92.9047 9.55039
352.394 2.63062 -0.641485 338.54 -0.207605 2.35382 1519.87 0.425499 0.34613 0.809731 0.524222 44.077 -3.07063 0.858741 716.518 92.9047 9.55048
829.767 0.0943827 -3.03451 695.44 -0.00722148 0.597725 1478.23 0.625818 0.397802 0.768883 0.786872 347.431 -0.898906 1.49663 902.621 92.9047 9.55065
809.146 0.421829 1.55061 283.286 -0.904332 -3.11939 983.331 0.619835 0.795385 0.687287 0.655639 788.302 -0.961746 2.15764 347.047 92.9047 9.54929
829.576 -0.242394 2.1352 353.477 -1.25882 -0.422264 1200.6 0.484837 0.285796 0.708801 0.741488 306.644 -1.5905 1.16824 597.647 92.9047 9.54955
481.333 -0.116845 1.98601 320.144 -0.932419 -0.438805 809.787 0.531778 0.483082 0.554198 0.584259 209.91 -1.73192 1.29312 436.312 92.9047 9.54959
642.334 0.565683 2.1749 467.585 0.207134 0.633596 798.361 0.0578798 0.597545 0.541883 0.588506 694.298 -1.67309 2.30669 773.649 92.9047 9.54993
473.74 0.473177 1.49494 341.362 -1.16315 -2.26849 1070.61 0.508103 0.558037 0.54328 0.701555 224.045 -1.0408 1.2277 540.43 92.9047 9.54983
481.875 -0.722027 -0.572195 313.87 -1.93086 -2.9189 887.777 0.438299 0.523172 0.42847 0.483459 221.588 -2.73318 0.185723 588.817 92.9047 9.55027
1268.96 -0.554177 -1.19435 654.92 -0.676566 2.22931 1817.75 0.683242 0.447035 0.700266 0.527938 654.778 1.57884 0.650473 788.831 92.9047 9.55036
688.171 -1.11513 1.44172 580.741 0.999963 -2.66133 1967.92 0.510152 0.496207 0.311014 0.619065 519.858 -0.694292 1.96704 784.386 92.9047 9.54914
423.617 -0.617346 -2.84541 347.571 2.27651 0.262866 1757.34 0.398189 0.640406 0.638682 0.806646 68.441 0.990508 0.727642 496.007 92.9047 9.54881
445.387 -1.38996 1.50936 442.376 1.60062 2.37086 1918.81 0.315691 0.605142 0.551324 0.826291 752.474 -1.19725 2.70661 498.567 92.9047 9.5488
656.234 0.190656 -0.583073 476.738 -2.01068 2.36268 1957.44 0.34053 0.389384 0.670119 0.86888 199.066 2.92729 0.564606 712.557 92.9047 9.54846
361.942 -0.462381 -1.79732 327.818 0.349123 0.956828 759.568 0.318731 0.495058 0.69596 0.468428 113.929 2.14591 1.18908 428.614 92.9047 9.54863
713.03 -0.138344 -2.34129 540.25 0.611733 1.64244 1237.21 0.490741 0.847861 0.75699 0.72958 277.254 -0.149436 1.79188 1056.63 92.9047 9.54853
501.524 -1.77316 2.58477 430.787 -0.512302 0.388522 1125.53 0.608857 0.168381 0.579159 0.719795 424.279 -1.52605 1.91457 438.678 92.9047 9.54818
587.765 -1.46408 -0.539356 379.849 0.0789756 1.6247 1170.45 0.48486 0.672671 0.81906 0.689968 429.333 -2.90096 1.75752 448.847 92.9047 9.54749
681.254 -1.31379 1.50123 419.493 -0.444981 -2.12734 1210.81 0.408989 0.485404 0.473038 0.310956 309.593 -0.578963 1.54837 427.18 92.9047 9.54604
359.169 0.688659 -0.222379 357.349 -0.854232 -0.216238 621.691 0.684765 0.569518 0.517956 0.603615 528.733 2.97908 3.08172 576.111 92.9047 9.54742
548.606 -1.24776 1.70221 265.866 2.66239 -2.19223 2738.43 0.16754 0.558117 0.400832 0.663757 364.459 -1.05709 1.13513 325.255 92.9047 9.54743
347.239 0.616653 -0.473989 273.576 -1.60967 -1.09934 882.974 0.69174 0.864396 0.55847 0.708935 506.43 2.39403 2.78981 405.742 92.9047 9.54769
606.283 -0.215597 -2.88852 254.999 0.716828 1.27004 790.632 0.313499 0.588878 0.214383 0.807627 353.848 0.379726 0.89031 544.818 92.9047 9.54724
734.552 0.947905 2.68076 340.984 1.33755 0.537537 909.087 0.616825 0.404142 0.625253 0.741058 550.214 -0.579838 1.11738 493.389 92.9047 9.54721
311.678 1.15277 2.1744 259.063 0.694701 -1.79949 542.122 0.629057 0.253004 0.45011 0.588355 347.174 -0.657485 1.142 722.412 92.9047 9.54725
572.822 -0.257919 2.01225 361.972 1.72827 -1.79196 1381.36 0.596549 0.656546 0.673482 0.696742 345.663 -0.470475 1.32148 370.337 92.9047 9.54743
441.349 -0.259673 -1.58725 252.631 -0.870223 0.760885 663.002 0.585264 0.593919 0.436176 0.799885 262.278 2.06115 1.30027 326.148 92.9047 9.54695
660.484 -0.664176 1.24718 299.701 -2.12706 -2.71099 1084.34 0.261602 0.617653 0.360044 0.507668 505.055 -1.52966 1.18133 331.688 92.9047 9.54668
591.106 -0.51665 -0.591421 521.267 1.42789 2.18587 1668.67 0.571749 0.608069 0.56553 0.379669 353.295 -2.56555 1.53176 723.72 92.9047 9.54662
698.517 -0.467038 -2.07055 498.439 1.15242 0.365384 1541.69 0.525949 0.394825 0.28711 0.339667 454.723 1.95038 1.58499 802.039 92.9047 9.54612
814.868 -0.331037 1.56939 420.039 -0.0842426 -2.31834 1134.81 0.426343 0.739517 0.39422 0.585828 630.285 -1.33183 0.986511 433.537 92.9047 9.5464
494.146 0.481076 -0.104984 465.081 0.280072 3.02422 988.611 0.554876 0.653903 0.691663 0.63683 351.789 0.432519 0.537502 529.258 92.9047 9.54633
449.572 -0.536855 1.98172 397.968 -2.56406 -1.3247 1353.8 0.7545 0.563545 0.613066 0.742302 30.5403 -0.5706 0.754096 732.207 92.9047 9.54625
616.988 -0.928232 3.09255 555.003 -0.0213505 0.430928 1279.4 0.279034 0.372546 0.675582 0.724035 543.451 -1.80944 1.38119 706.841 92.9047 9.54521
1008.14 -1.62799 2.22155 433.345 0.351879 -1.83264 1970.42 0.843719 0.554372 0.840427 0.604683 641.868 -0.418618 1.41402 447.831 92.9047 9.54543
658.135 -1.51535 -1.16129 614.089 0.63585 2.7677 2025.93 0.48296 0.472291 0.672474 0.763508 452.215 0.981009 1.78669 771.036 92.9047 9.54566
919.632 1.12725 3.06831 807.621 0.720742 0.547688 1717.31 0.430012 0.427906 0.677687 0.492587 371.277 -1.13143 1.67912 1043.02 92.9047 9.5458
540.107 -0.416122 -1.59944 262.513 0.668375 -1.50471 515.288 0.459014 0.588633 0.41943 0.556679 624.163 1.84292 2.84082 479.206 92.9047 9.54516
409.557 -0.901206 0.102578 276.74 -1.2113 -1.76951 560.659 0.677827 0.478685 0.7841 0.403491 349.722 2.88862 1.62506 580.687 92.9047 9.54522
1136.17 -0.84054 3.06301 387.837 0.416812 1.00243 1466.8 0.0467988 0.60371 0.494123 0.519765 755.017 -0.458806 1.46123 667.049 92.9047 9.54318
571.311 0.302466 2.95789 417.903 -0.605047 -1.13684 991.77 0.721493 0.676506 0.620649 0.472796 412.281 0.710699 1.84754 496.294 92.9047 9.54282
631.362 -0.553047 -0.483622 324.196 -1.1372 1.51741 811.179 0.386188 0.722996 0.83663 0.712647 735.734 -2.84389 1.92189 463.118 92.9047 9.54252
670.143 -0.375838 -2.4911 457.001 -1.99148 0.249037 1479.45 0.399814 0.515919 0.609218 0.719279 262.124 1.22657 0.97753 503.101 92.9047 9.54243
879.693 -0.42213 -1.86312 301.955 -0.0612914 0.883657 1030.74 0.19318 0.471348 0.398017 0.587565 689.337 1.38627 0.502611 448.6 92.9047 9.54275
569.201 -0.366496 -2.23933 559.315 0.249988 0.443295 1165.62 0.526229 0.25846 0.583708 0.549495 202.959 2.1265 1.6832 602.93 92.9047 9.54327
766.81 -0.167695 -1.7492 559.373 0.794205 2.1904 1454.12 0.0946121 0.230385 0.595819 0.666818 31.3758 0.36955 1.82085 511.195 92.9047 9.54424
421.7 1.22841 1.55995 410.411 -1.36065 -1.48579 1635.77 0.514063 0.457926 0.709685 0.429757 214.076 -2.87218 1.38639 480.583 92.9047 9.54546
713.929 -0.696652 -0.0182226 500.421 -0.0600895 2.25399 1204.28 0.393718 0.60485 0.628338 0.615564 511.255 -2.31914 1.71006 1138.86 92.9047 9.54466
579.986 0.225617 3.0628 373.87 0.885674 1.99733 580.094 0.487207 0.228269 0.737728 0.82083 673.991 -0.473616 2.47095 432.381 92.9047 9.54565
565.286 0.77629 0.308812 470.79 -0.336106 -3.13727 1205.3 0.398205 0.286269 0.49034 0.784503 186.051 -1.98082 1.15645 492.597 92.9047 9.5457
386.358 -1.00688 -0.264617 298.464 -1.63573 1.67035 620.708 0.411222 0.583707 0.612048 0.69419 234.718 3.11089 1.44053 729.929 92.9047 9.54532
438.225 -0.460268 0.417025 329.925 0.725975 -2.38979 891.328 0.079337 0.547207 0.435253 0.6448 194.147 2.63408 1.25931 619.082 92.9047 9.54366
297.659 -0.525588 2.66086 256.793 0.0322671 -0.60062 589.885 0.378817 0.044511 0.852205 0.185605 166.908 1.21145 1.44941 301.964 92.9047 9.54275
385.831 1.37892 0.107873 276.097 -0.784266 1.28861 937.375 0.499288 0.514455 0.29676 0.59529 520.622 -2.20281 2.31068 615.86 92.9047 9.54282
764.609 0.583109 0.845742 255.716 -1.49835 -1.48275 1379.07 0.684515 0.505508 0.594924 0.671562 499.256 -2.51362 1.03087 290.978 92.9047 9.54278
497.689 1.6312 -1.80326 358.173 0.777326 2.12726 871.525 0.52783 0.34332 0.765307 0.589071 323.239 0.552959 1.5743 389.923 92.9047 9.54284
422.978 1.65848 -2.51637 384.248 0.450307 1.10261 952.293 0.624741 0.496605 0.61625 0.484954 133.499 -0.691632 1.79424 474.745 92.9047 9.54261
593.086 -0.332637 -0.759617 260.899 -0.184753 0.421908 475.312 0.39605 0.678405 0.796688 0.905003 528.965 2.57079 2.14888 1082.55 92.9047 9.54132
648.05 0.165779 -2.23414 530.08 0.278096 0.667857 1236.53 0.20254 0.542468 0.510462 0.650142 58.845 0.750818 0.0829603 1036.82 92.9047 9.5415
502.873 0.105478 3.04094 340.934 -0.668371 1.22598 755.056 0.677078 0.484658 0.83851 0.774161 330.396 -0.273837 1.49982 375.708 92.9047 9.54157
624.107 0.845282 -0.231609 459.199 0.786237 2.80466 1079.18 0.279581 0.606988 0.39115 0.422061 139.358 -3.06703 0.411498 561.859 92.9047 9.54109
722.589 0.471695 -0.730952 528.952 0.713499 1.58917 1171.27 0.782014 0.369948 0.665535 0.117094 351.213 2.73128 1.1421 359.373 92.9047 9.54066
661.276 1.13892 0.985391 265.973 2.38824 3.10739 1051.48 0.169363 0.381856 0.618544 0.747594 567.314 -1.80853 1.36726 718.978 92.9047 9.54114
406.563 -1.58272 -1.6463 267.396 0.721595 2.07453 1138.06 0.775463 0.684234 0.772563 0.61279 207.488 0.873587 1.20094 696.653 92.9047 9.54043
619.61 1.33846 -0.296873 345.796 -1.02036 -1.74535 1500.63 0.47761 0.529743 0.626178 0.860539 517.318 2.01303 2.3099 654.503 92.9047 9.54093
443.237 0.300523 -0.645359 400.207 0.928351 2.40162 920.492 0.658912 0.502997 0.62221 0.691109 265.963 1.63248 0.769139 424.638 92.9047 9.54132
897.231 -0.138265 0.798874 389.964 0.746429 -2.94673 1278.25 0.428172 0.532309 0.39946 0.58744 598.989 -1.98346 0.963275 472.766 92.9047 9.54167
569.047 0.0199908 1.06147 470.959 -0.157348 -1.0407 921.654 0.533099 0.456893 0.467647 0.771073 219.726 -1.9876 0.946903 526.403 92.9047 9.54226
637.859 0.101587 -0.30217 250.657 -1.56606 -2.5953 1050.29 0.486279 0.740612 0.33437 0.773253 450.184 2.42724 1.26065 973.058 92.9047 9.54064
653.602 -0.946853 -0.74611 500.73 -0.571495 -2.05915 735.587 0.386153 0.382589 0.626118 0.775954 422.508 1.77309 2.45094 517.33 92.9047 9.54059
911.375 -1.33532 -2.56097 763.237 0.377259 0.514659 2355.28 0.502987 0.369953 0.660324 0.425753 92.5698 0.608017 0.0933576 780.261 92.9047 9.54111
501.929 1.03432 1.92894 412.505 0.703264 0.709907 550.702 0.730765 0.485788 0.728831 0.485714 412.342 -1.52869 2.2386 367.73 92.9047 9.54122
602.428 -1.26615 -1.83924 449.651 0.640839 -0.916702 1246.71 0.532608 0.565712 0.50767 0.755149 760.139 1.68683 2.60353 713.767 92.9047 9.54132
575.875 -1.98934 2.05794 449.421 -0.828235 -2.43801 1022.97 0.687106 0.745088 0.722403 0.71721 284.278 -0.112438 2.17037 493.535 92.9047 9.54285
493.611 -0.524061 0.0854485 373.733 0.0122317 -2.23589 839.434 0.570458 0.557681 0.74436 0.637398 221.744 2.90866 1.13864 594.804 92.9047 9.54231
688.931 -0.456951 -1.82624 282.846 -0.891965 -2.79062 457.123 0.668014 0.570145 0.560688 0.360051 803.513 1.09279 2.39978 807.556 92.9047 9.5419
620.813 -1.07727 -1.12641 286.561 -0.0492824 0.782631 834.977 0.739724 0.600595 0.745389 0.736894 409.594 2.48681 1.70418 787.608 92.9047 9.54203
699.873 -1.85517 0.0696151 491.13 0.684891 -2.20503 2208.74 0.488809 0.613226 0.80307 0.647544 79.7607 -2.90446 0.699429 666.206 92.9047 9.54195
353.864 1.92202 1.29198 331.349 1.28496 2.58096 480.347 0.48958 0.680309 0.79452 0.669301 502.737 -1.25468 2.44755 741.985 92.9047 9.54284
327.106 -0.685543 -1.33669 319.154 -2.49571 1.61958 934.419 0.634163 0.840739 0.731726 0.662218 52.3185 3.1408 1.52123 642.984 92.9047 9.54292
557.996 -0.121258 2.30346 404.242 1.49617 -2.02291 1171.45 0.592974 0.579783 0.613716 0.74862 471.874 -0.217625 1.80528 420.722 92.9047 9.54318
391.418 -1.31159 -0.391271 335.598 0.65819 -0.692483 885.345 0.512197 0.443357 0.629862 0.73528 546.678 2.24912 2.64039 319.835 92.9047 9.5434
506.077 0.169966 -3.05675 272.362 0.796316 0.125353 791.201 0.317615 0.569335 0.412527 0.687167 281.778 -0.250752 0.376105 331.83 92.9047 9.54341
357.837 0.902822 -2.58591 290.068 -0.57622 0.0764888 837.693 0.726638 0.59568 0.574431 0.463734 172.871 1.06693 0.990445 627.647 92.9047 9.54406
1010.92 -0.458111 2.05711 360.064 0.833591 -2.05795 1388.24 0.264798 0.348266 0.665786 0.391461 670.011 -0.790155 1.26779 551.563 92.9047 9.54494
441.743 1.36528 -3.10799 432.718 1.9058 0.917213 839.248 0.434496 0.659259 0.514802 0.628488 397.009 -0.812187 1.7294 677.349 92.9047 9.5462
531.924 -1.53988 1.0677 436.366 -1.2379 -2.01123 1027.01 0.564848 0.586383 0.548411 0.681924 396.413 -1.63614 0.375089 454 92.9047 9.54661
577.549 -1.78899 -1.48435 374.088 -1.66052 1.62949 938.453 0.612736 0.770923 0.753255 0.647209 70.0894 2.07978 0.450297 523.96 92.9047 9.54698
584.835 -1.112 2.03544 362.598 0.212534 -3.04318 840.427 0.307496 0.652158 0.791312 0.675302 565.409 -0.352926 2.38836 331.105 92.9047 9.54642
668.974 -0.45635 -3.00697 356.394 0.531732 0.197934 1151.69 0.105686 0.377493 0.800394 0.826547 275.564 0.652447 0.454513 551.662 92.9047 9.54692
511.11 0.164505 2.68984 314.268 0.508031 -1.92603 613.635 0.305053 0.545588 0.874903 0.674453 509.383 0.0632122 1.98925 361.577 92.9047 9.54674
665.006 0.37909 -1.9965 263.452 0.269772 2.83016 569.602 0.456175 0.497318 0.649514 0.650463 540.915 0.900217 1.92994 480.081 92.9047 9.54687
346.802 -0.323851 1.46244 290.313 -1.76753 0.935616 560.157 0.375263 0.533396 0.687851 0.775146 415.15 -1.91205 2.84767 665.847 92.9047 9.54663
372.465 0.784696 0.446418 291.352 -0.825617 -2.5586 894.825 0.440386 0.54124 0.706993 0.631095 92.2089 2.17843 1.54616 656.85 92.9047 9.54675
623.892 0.446357 0.0702422 500.387 -1.90784 2.36126 1937.68 0.708098 0.677216 0.509995 0.618008 357.034 -2.24309 1.67884 647.171 92.9047 9.54753
325.123 -0.302535 -0.811066 270.708 0.727224 2.89447 690.315 0.32792 0.483761 0.690956 0.491967 144.307 1.62079 1.27368 453.682 92.9047 9.54725
385.023 -1.53707 1.00214 335.255 0.746478 -1.5019 1231.42 0.721855 0.671208 0.797596 0.805751 246.786 2.58705 1.58491 603.354 92.9047 9.5473
1041.23 -1.44885 1.32444 254.457 0.0589593 -2.03239 1344.84 0.432087 0.47269 0.823412 0.791815 687.807 -1.91826 0.114131 410.897 92.9047 9.54672
532.576 -0.58095 0.155953 374.051 0.814576 -1.32463 906.939 0.58159 0.223031 0.502496 0.578265 426.047 -3.04308 1.71845 661.831 92.9047 9.54572
529.132 1.01569 0.0592142 380.39 -0.761921 2.88355 1307.33 0.211683 0.452189 0.519772 0.599975 204.052 1.99508 0.888469 380.343 92.9047 9.54625
550.678 0.758828 1.46469 443.399 -0.180829 -1.82849 1115.13 0.499121 0.48916 0.656747 0.632323 237.971 -2.05118 0.222692 533.478 92.9047 9.54727
612.206 -1.11467 -0.696372 314.11 -2.79574 1.6158 1157.43 0.583446 0.177899 0.46201 0.61316 401.096 2.93722 1.32142 377.369 92.9047 9.54739
655.951 0.46793 -2.19714 619.766 1.03087 -0.788267 910.787 0.205459 0.359905 0.200394 0.590335 860.618 1.4858 2.27407 821.668 92.9047 9.54674
638.329 -1.09825 2.54121 308.045 -1.17608 -0.108089 880.356 0.595322 0.496304 0.516274 0.55387 384.164 -0.478522 0.370433 316.028 92.9047 9.54715
573.652 -1.5986 -0.600079 571.412 -0.53482 2.66469 1318.09 0.488103 0.637887 0.715603 0.568576 118.488 1.1487 1.51599 659.037 92.9047 9.54628
658.482 -1.18277 -0.817075 301.123 0.753364 -0.113139 1050.84 0.162813 0.700188 0.329829 0.754737 675.368 2.55644 2.66958 533.267 92.9047 9.54582
929.349 -0.204332 -2.23618 446.311 -0.841956 2.13251 1165.88 0.45981 0.248115 0.381614 0.642035 873.752 0.400864 1.73165 457.185 92.9047 9.54566
468.965 0.0393035 2.62452 302.109 1.05694 -0.842219 848.781 0.686343 0.51453 0.60217 0.530271 213.871 0.0621766 0.904395 557.345 92.9047 9.5458
458.493 0.301637 -0.876627 306.858 -0.176794 2.87387 766.617 0.287657 0.713314 0.775192 0.79513 216.242 1.56706 1.30681 412.079 92.9047 9.54638
753.779 0.213607 1.13644 565.331 -0.639031 -2.36189 1412.57 0.571816 0.215051 0.481545 0.482319 189.455 -1.55964 0.802256 730.885 92.9047 9.54595
753.58 -0.329098 0.738726 290.047 0.541139 -0.945022 822.109 0.661685 0.513193 0.620974 0.549593 559.135 -2.86283 1.91781 512.622 92.9047 9.54626
517.171 -0.257951 1.09728 514.194 -0.424943 -2.86038 964.982 0.328225 0.491027 0.336038 0.582087 156.624 -1.28282 1.57756 310.092 92.9047 9.54651
722.521 0.0512193 2.91276 464.749 0.943417 -0.111913 1289.88 0.632494 0.654958 0.541911 0.668541 430.898 -1.01814 0.90623 1489.65 92.9047 9.54677
514.86 0.288332 -2.98988 267.264 1.14101 -0.556697 774.25 0.381936 0.557071 0.615578 0.74389 338.181 0.797996 1.35469 314.242 92.9047 9.54683
711.758 -0.168342 -2.17089 609.405 -0.238376 1.41074 1293.8 0.501261 0.548972 0.68595 0.327753 75.7456 0.439829 0.97091 755.452 92.9047 9.54669
573.666 1.16187 -1.05575 480.87 1.37524 2.31197 1066.23 0.726426 0.609692 0.710006 0.601299 160.53 1.52266 0.789315 363.935 92.9047 9.54767
395.647 0.0333283 1.8896 289.758 1.86277 -1.85567 982.248 0.475547 0.513293 0.642493 0.630182 227.673 -0.547124 1.30855 716.508 92.9047 9.54709
813.352 0.555634 -0.140046 475.342 0.734319 3.02936 1298.55 0.741239 0.392178 0.482193 0.554134 153.187 2.6058 0.42356 455.477 92.9047 9.5458
662.221 -0.464966 2.34091 372.829 0.696513 -1.32062 1142.64 0.188893 0.726257 0.470946 0.740745 205.433 -1.06436 0.256264 488.065 92.9047 9.5454
894.502 0.402594 1.55013 534.18 0.636874 3.10444 989.957 0.513914 0.632936 0.406876 0.738943 818.567 -1.42247 1.75627 605.364 92.9047 9.54548
817.872 -1.06668 -3.00993 383.44 0.289438 1.61313 1177.51 0.355293 0.22683 0.739697 0.494339 872.115 -0.26812 1.88125 439.812 92.9047 9.54489
1239.59 1.06612 -0.422632 676.932 0.291624 2.32435 1943.26 0.183598 0.369933 0.425332 0.456554 440.723 2.48349 0.159139 711.037 92.9047 9.54571
704.171 -0.342944 -2.02322 392.947 -0.540597 0.446436 1014.59 0.384014 0.444793 0.509886 0.793031 303.75 1.0151 0.568662 461.111 92.9047 9.54549
414.95 -0.440762 -1.12512 283.685 -1.92358 -2.91046 779.497 0.218936 0.478093 0.672606 0.577895 257.841 1.40739 1.96533 363.231 92.9047 9.54403
391.258 -0.795478 1.13982 269.71 0.612723 -2.73281 804.359 0.327599 0.612612 0.564296 0.738507 255.417 -1.67315 1.05965 417.859 92.9047 9.54341
1090.61 -0.680493 -1.10693 563.915 -0.217688 1.13019 1466.28 0.738755 0.259965 0.700974 0.813913 624.924 2.70346 1.57327 818.57 92.9047 9.54343
613.907 -1.39981 -0.0996475 322.283 0.530629 2.9206 1358.88 0.252617 0.430558 0.74665 0.257819 280.223 -3.01363 0.34895 886.202 92.9047 9.54481
326.865 1.08784 -2.7451 281.702 -1.38342 -1.61062 1013.66 0.543398 0.36786 0.713218 0.834773 261.303 0.975545 2.56254 394.779 92.9047 9.54498
472.671 -0.978191 1.96876 363.9 -1.25057 -2.43353 691.563 0.747236 0.625986 0.600358 0.699846 478.266 -0.177383 2.14615 526.003 92.9047 9.54466
525.707 -0.0723788 0.747659 407.36 -0.515133 -3.10741 899.224 0.316855 0.191081 0.737037 0.840716 332.021 -2.16103 0.94638 732.724 92.9047 9.54428
657.836 0.967427 -0.433697 501.04 -0.634332 1.24976 1343.29 0.0174146 0.50159 0.0227701 0.454801 570.153 -2.96405 2.06937 731.965 92.9047 9.54275
892.079 -0.94251 -0.899066 582.527 -0.413609 2.04448 1539.02 0.651559 0.382601 0.703482 0.233011 346.05 2.51085 0.466362 713.283 92.9047 9.54217
907 -0.771455 -2.72993 351.288 0.547321 1.75717 1200.16 0.299213 0.522443 0.17539 0.597536 744.692 -0.158024 1.9152 591.729 92.9047 9.54223
510.928 1.83086 3.09426 393.508 0.264286 0.123285 1204.22 0.372058 0.491928 0.706259 0.732953 232.933 -0.184663 0.307948 598.806 92.9047 9.54185
497.018 -0.916034 2.37643 437.008 -1.45533 -1.66644 888.278 0.615929 0.323342 0.502253 0.825013 468.48 -0.0766959 1.58974 546.016 92.9047 9.5413
589.681 -0.0256386 -3.07771 394.223 -1.12815 0.696869 1090.15 0.654804 0.627135 0.653879 0.551551 289.645 -1.25254 1.82517 658.328 92.9047 9.5417
559.092 -1.47671 1.26168 270.329 -2.71034 -1.58616 929.29 0.481068 0.596864 0.476714 0.724868 296.247 -2.38253 0.796368 341.937 92.9047 9.54226
628.482 0.622362 -2.14345 482.372 -0.231071 0.775087 1224.82 0.262886 0.260462 0.539466 0.677452 246.314 0.179457 0.595631 519.542 92.9047 9.54176
555.354 -0.0958404 -1.71934 471.295 -0.585526 -0.615469 638.215 0.639386 0.268491 0.725849 0.648376 802.893 2.17175 2.39209 723.983 92.9047 9.54146
307.344 0.248884 -2.18095 270.318 1.32256 -2.17032 328.487 0.280357 0.195822 0.679454 0.537379 522.807 0.98266 3.11957 484.329 92.9047 9.54167
528.02 -0.713162 -1.50408 479.356 -1.40613 2.48069 1009.15 0.711486 0.676255 0.64974 0.644739 370.193 1.2799 1.20079 394.791 92.9047 9.54199
845.554 0.766947 2.89663 270.461 -0.303509 -1.01371 1086.12 0.253224 0.460295 0.610011 0.534243 637.642 -0.246418 0.767293 461.17 92.9047 9.54173
711.011 0.390128 -1.58645 384.067 0.792058 2.4391 1071.04 0.262569 0.868372 0.740061 0.604828 511.374 1.08034 1.35875 463.962 92.9047 9.54244
731.773 0.0243114 -0.753692 370.967 0.426127 1.88277 1070.67 0.157771 0.318143 0.493562 0.499599 377.083 2.72842 0.845647 474.168 92.9047 9.54205
568.42 -0.213138 0.280399 552.857 0.249606 -2.09951 1127.71 0.204655 0.242673 0.45221 0.71394 364.482 3.12632 1.05736 559.897 92.9047 9.54249
550.183 -0.771732 2.99347 341.608 0.158674 -1.48255 805.714 0.485229 0.578107 0.525438 0.630821 260.387 0.578402 2.06096 580.227 92.9047 9.54222
669.455 -0.263975 -0.248055 281.044 1.52763 2.03357 1192.92 0.648795 0.504758 0.518863 0.82006 441.568 -2.46732 1.78229 1089.14 92.9047 9.54235
701.503 -1.59684 1.63248 553.352 -1.69404 -1.4158 1317.82 0.352947 0.408818 0.656197 0.618043 104.813 -1.95585 0.540048 310.648 92.9047 9.54209
796.188 0.230803 2.1587 345.333 0.307051 -0.799811 1053.82 0.474049 0.754996 0.534189 0.6632 374.241 -1.06411 0.264302 541.291 92.9047 9.54118
430.264 0.980145 2.51425 300.475 -0.761499 1.90825 741.137 0.39605 0.781279 0.238344 0.71521 686.108 -0.773858 2.68211 511.933 92.9047 9.54092
1009.85 -0.114436 1.46428 597.941 -1.01725 -1.86469 1715.8 0.176097 0.738344 0.711438 0.476788 333.538 -1.30441 0.560276 1264.23 92.9047 9.54102
466.877 0.950675 -1.82745 380.255 0.523492 -0.0204803 700.731 0.475916 0.376806 0.59296 0.606485 403.723 1.49275 1.51323 319.383 92.9047 9.54151
406.663 0.881646 -0.0985115 279.093 1.62416 2.68865 723.064 0.631174 0.575205 0.852551 0.487516 212.814 3.01368 0.325032 405.184 92.9047 9.54108
350.008 1.85709 -2.97751 279.147 0.640172 0.986452 717.481 0.513121 0.406299 0.53821 0.714806 226.942 -0.40965 1.3961 385.856 92.9047 9.54156
742.565 0.576684 -2.84622 532.932 0.704018 1.29553 1119.9 0.344419 0.520911 0.451749 0.669152 553.485 -0.475798 1.77133 601.704 92.9047 9.54042
651.942 -0.439051 0.0977375 293.224 2.30829 2.17176 1784.96 0.323507 0.795636 0.380354 0.756602 169.916 -1.76205 1.85979 913.438 92.9047 9.54119
467.825 -0.264399 2.17646 387.607 2.16555 1.7451 1334.18 0.632152 0.595406 0.726541 0.710787 733.951 -1.15205 2.89715 533.903 92.9047 9.54157
469.596 -0.142727 0.578967 405.18 -1.81507 -2.36906 1199.05 0.469763 0.17739 0.487559 0.567662 16.5059 2.49677 1.41736 495.794 92.9047 9.54156
458.884 -0.383287 -1.7518 270.921 0.734657 0.299371 733.94 0.724165 0.436335 0.679344 0.622977 162.573 2.22365 1.92428 569.328 92.9047 9.54131
457.233 -0.0786625 2.93485 414.296 0.460266 -0.590106 893.726 0.486763 0.214449 0.772637 0.602784 165.496 0.930356 1.52046 484.631 92.9047 9.54114
431.776 0.440424 -0.113904 335.883 -0.87269 2.18731 897.506 0.548854 0.634478 0.583439 0.79212 263.293 -2.38129 1.71458 504.64 92.9047 9.5405
697.49 -0.965678 -0.541098 267.992 -1.16389 1.08817 642.917 0.595829 0.620198 0.442015 0.781145 755.797 2.99887 1.9107 344.548 92.9047 9.54022
439.2 0.56029 3.02821 403.631 -1.14388 -2.1972 915.493 0.43758 0.454373 0.788425 0.76746 654.493 0.342478 2.53968 496.13 92.9047 9.54003
438.178 1.33361 -0.30947 310.063 0.207394 2.92114 890.542 0.699995 0.47985 0.626409 0.506879 135.425 2.5633 0.357833 316.569 92.9047 9.5402
1032.11 -0.386816 -2.45842 823.902 -0.968785 -0.276472 1732.6 0.340278 0.499654 0.543696 0.707559 153.002 -3.11044 0.652024 308.735 92.9047 9.53933
810.446 -0.59879 -0.593163 289.309 1.69281 2.1836 1676.19 0.62931 0.426032 0.562559 0.838464 408.099 2.7234 0.539799 408.632 92.9047 9.53952
553.043 -0.417552 -3.07791 367.581 0.599041 1.13568 951.61 0.425662 0.467174 0.667185 0.621982 477.373 -0.689992 1.82567 420.125 92.9047 9.53852
461.233 0.109867 0.640847 377.479 0.444034 -0.838487 593.86 0.659992 0.339265 0.640572 0.615524 542.178 -3.09588 2.2574 465.329 92.9047 9.53953
903.818 -0.794347 -0.21863 355.872 -0.0870693 2.23113 1168.01 0.263375 0.720942 0.332637 0.506899 601.292 -3.07701 0.975048 451.754 92.9047 9.53963
391.741 1.7441 -2.79399 306.143 0.4594 1.124 813.324 0.433392 0.679585 0.76912 0.811739 69.1078 -1.20951 1.58448 794.236 92.9047 9.53864
794.687 0.482317 2.29047 292.212 0.713132 -1.90245 994.811 0.199248 0.57665 0.69876 0.651168 645.638 -0.506667 1.39579 361.818 92.9047 9.53874
854.332 -1.51813 -1.15066 349.042 0.323714 3.03743 1520.44 0.449232 0.506118 0.666371 0.502691 558.016 1.51631 1.52111 530.217 92.9047 9.53892
530.35 -0.751253 0.567772 269.708 0.728725 -1.18743 862.8 0.281564 0.67578 0.732156 0.730102 513.772 -2.98346 1.79602 361.683 92.9047 9.5397
573.812 -0.75005 2.14196 458.362 -2.46742 0.417945 1264.61 0.558337 0.580582 0.474643 0.792422 214.205 -1.5897 2.00765 483.604 92.9047 9.53961
713.671 0.25635 1.75488 309.128 -1.38836 -2.89618 1121.43 0.632303 0.786093 0.405468 0.687639 589.105 -1.04026 1.85591 1290.03 92.9047 9.54074
406.417 1.30427 -1.84985 364.625 -1.46165 2.34177 1597.63 0.809148 0.422387 0.711341 0.887645 328.277 0.464806 1.87696 551.045 92.9047 9.54078
820.08 0.619448 -1.49042 351.939 1.13789 2.22475 1082.75 0.395782 0.427103 0.774374 0.556746 546.148 1.24251 0.982247 379.784 92.9047 9.54134
632.822 0.128439 -1.66435 465.404 -0.478758 -0.340961 782.205 0.627678 0.487723 0.738477 0.668624 460.372 1.94335 2.28431 452.977 92.9047 9.54109
423.432 -0.899979 -2.25692 276.337 0.280186 -2.88369 532.781 0.551637 0.600552 0.674487 0.773747 701.177 0.566116 2.82304 449.73 92.9047 9.54167
570.792 -0.836189 0.442124 361.022 1.29271 -1.9562 1444.29 0.552559 0.356338 0.586434 0.810573 124.367 3.10423 1.22276 645.029 92.9047 9.54189
784.333 -0.167048 -0.790952 289.276 -1.66642 2.01634 1225.46 0.441409 0.319757 0.869421 0.747685 474.007 2.72467 0.70833 400.153 92.9047 9.54243
504.515 -0.0752578 -2.36555 254.166 0.0239952 -0.139589 644.857 0.622475 0.149483 0.711541 0.449227 411.285 1.39433 1.53392 296.542 92.9047 9.54445
512.262 -0.137334 1.96802 400.455 1.76989 -0.618074 1377.8 0.618783 0.38174 0.71952 0.631754 124.41 -1.60012 0.982044 600.287 92.9047 9.54423
913.25 0.324126 0.415932 657.901 0.948972 -1.88453 1547.76 0.558416 0.391761 0.364496 0.631248 348.095 2.85445 1.54421 316.52 92.9047 9.54437
425.547 1.67879 2.82623 272.393 1.9219 -0.616374 689.947 0.749334 0.585087 0.860799 0.75376 145.162 0.3745 0.990874 333.056 92.9047 9.54489
797.582 0.468951 1.81638 419.899 -1.01938 2.03574 962.54 0.553524 0.588744 0.537883 0.706497 868.692 -1.11528 2.93166 374.754 92.9047 9.54509
392.828 -0.627398 -0.554369 281.339 0.200454 1.63863 701.562 0.531646 0.721155 0.718113 0.609442 131.336 -2.06855 1.51418 741.841 92.9047 9.54581
539.37 0.0363917 2.5024 339.037 1.80963 1.32765 996.991 0.480539 0.633801 0.674502 0.72592 610.83 -1.15001 2.47765 509.476 92.9047 9.54585
921.843 -0.248677 -2.14389 581.29 -0.954419 1.72806 1482.41 0.684825 0.609158 0.652012 0.655049 458.753 0.693453 1.0346 1031.14 92.9047 9.54593
618.417 -1.30018 2.72228 312.763 0.0530195 1.01755 927.498 0.350602 0.453278 0.710936 0.479429 370.657 -0.778636 1.79619 319.346 92.9047 9.54639
1129.84 0.614518 1.50222 261.521 0.240552 -0.612623 1034.22 0.280991 0.21855 0.824815 0.566369 970.875 -1.78443 1.1718 1421.95 92.9047 9.54678
1057.49 -0.34205 0.37115 442.632 -0.837572 -1.31295 1114.76 0.503371 0.158662 0.636317 0.865517 1092.36 -3.08132 1.76837 1335.57 92.9047 9.54656
677.365 -0.257089 -0.0566572 410.007 0.999145 2.75763 1353.45 0.21362 0.536418 0.497114 0.472764 218.735 -2.65885 0.866703 499.25 92.9047 9.54742
775.409 0.558766 -2.41685 470.373 0.904277 0.727428 1234.74 0.62731 0.753184 0.773251 0.7245 205.56 0.960091 0.232663 587.061 -92.9047 9.54623
696.481 -1.67026 2.26799 615.918 0.0652632 -1.60861 1784.26 0.533677 0.299652 0.709699 0.477048 334.784 0.201241 1.80985 747.859 92.9047 9.54625
833.342 -0.00227651 -1.43238 625 -1.77717 1.33517 2052.47 0.561319 0.587179 0.568491 0.823633 117.374 2.94734 1.61216 366.988 92.9047 9.54524
655.189 -0.870875 -2.50709 364.045 1.78177 0.646638 1976.32 0.513474 0.51685 0.76934 0.593988 221.413 1.18713 0.540495 567.596 92.9047 9.54452
335.039 0.435798 -1.08701 286.655 -0.199191 1.8982 652.332 0.72951 0.615054 0.817394 0.757386 103.676 -2.42865 1.34164 513.837 92.9047 9.54442
741.605 -0.217153 2.28448 465.443 0.344029 -1.68062 1158.2 0.405662 0.655539 0.519601 0.635804 645.516 -0.188249 1.49237 703.585 92.9047 9.54337
845.099 1.13511 2.9515 621.439 0.0698302 0.507945 1590.66 0.560112 0.24246 0.629366 0.317795 351.265 -1.8121 1.51959 1128.36 92.9047 9.54349
437.188 1.05327 -2.15368 414.033 1.10042 0.076735 768.441 0.399768 0.857801 0.577993 0.699718 374.94 2.98118 1.14832 449.964 92.9047 9.54316
727.808 -1.46034 2.56369 301.955 0.571476 -0.603196 1468.13 0.235683 0.580093 0.657701 0.347649 200.933 -1.19781 0.594615 347.756 92.9047 9.54378
619.98 1.13053 0.852308 581.404 -0.639494 -2.82781 1683.4 0.301122 0.58681 0.780822 0.703988 229.417 -1.07284 1.75497 712.745 92.9047 9.54444
623.897 0.936493 -2.35797 404.776 -0.739052 2.74817 1100.72 0.498588 0.369184 0.724841 0.574856 490.658 0.560107 2.18807 410.424 92.9047 9.54419
343.593 0.652012 -0.444644 321.489 -0.784793 -2.89821 838.517 0.296602 0.428821 0.349934 0.430208 225.155 1.52995 1.85502 397.519 92.9047 9.54438
415.384 -0.662796 -0.31062 306.301 -2.10977 -3.11804 913.437 0.397698 0.546668 0.543561 0.475576 20.4733 0.348465 0.659085 637.304 92.9047 9.54467
685.131 0.258913 2.03191 600.222 0.165649 -2.08697 1138.73 0.498987 0.410058 0.178627 0.488482 372.669 0.143089 1.88882 718.244 92.9047 9.54476
481.254 -1.33708 -0.690111 465.016 0.496396 -0.258769 1018.7 0.622714 0.232192 0.572455 0.711233 481.218 2.59546 2.85423 445.245 92.9047 9.54512
700.694 -0.0993644 -2.39504 289.874 2.41309 -1.94435 1503.31 0.539664 0.714327 0.577499 0.807657 809.52 0.853671 2.79802 487.612 92.9047 9.54546
341.957 -0.0422702 -0.713322 294.389 -0.387111 2.03005 636.297 0.335307 0.313667 0.624248 0.563326 71.4429 2.68988 0.65983 739.423 92.9047 9.54522
413.275 1.21299 -0.880554 321.517 -0.593798 -2.16116 879.635 0.569242 0.589491 0.720272 0.74026 572.426 1.89714 2.22489 486.576 92.9047 9.54635
560.331 0.0365022 3.07277 342.523 0.416865 1.2989 711.545 0.557087 0.325907 0.797547 0.358448 388.143 -0.863337 2.16224 567.716 92.9047 9.54661
579.864 0.169104 -0.511716 416.748 -0.138428 1.65659 890.079 0.431801 0.584257 0.817737 0.436188 285.352 2.75081 1.09422 698.613 92.9047 9.5471
657.667 0.418022 0.634674 256.607 1.16438 -1.82837 850.787 0.447785 0.262307 0.740757 0.843118 463.28 -2.81647 0.988101 323.764 92.9047 9.54845
538.02 -0.95765 1.14408 313.024 -1.25266 -3.05496 728.783 0.362728 0.710136 0.795843 0.673195 444.161 -1.25785 1.79711 390.994 92.9047 9.54924
627.343 -0.740072 -0.0820385 377.488 0.153097 0.829856 641.429 0.534039 0.46305 0.675344 0.592271 779.398 -2.89551 2.55782 517.087 92.9047 9.54907
539.266 -0.536797 -0.987099 445.428 -0.463687 1.22466 887.679 0.31465 0.085747 0.452947 0.210695 219.699 2.16405 0.939395 687.191 92.9047 9.54961
307.545 0.747318 -1.0557 255.991 1.17396 1.22876 540.363 0.434899 0.401433 0.573305 0.586212 105.625 2.8975 1.66874 322.355 92.9047 9.54963
569.569 -0.71839 0.0141652 469.795 0.395448 2.33193 1132.26 0.170958 0.449302 0.50891 0.506221 251.683 -2.43484 1.51642 1236.2 92.9047 9.55052
556.992 0.496002 0.468013 484.96 -0.337772 -1.6953 1053.06 0.362216 0.647929 0.525059 0.529444 549.181 -3.07364 1.37833 535.753 92.9047 9.55013
549.003 -0.300691 -1.93244 479.41 -0.645039 -0.11921 836.621 0.612192 0.343304 0.449205 0.142159 382.304 1.97396 2.09317 615.202 92.9047 9.55046
504.014 -1.08809 -1.60658 418.303 -0.0960237 2.3406 1007.44 0.470473 0.547554 0.596577 0.319468 358.213 -0.594262 1.01231 549.887 92.9047 9.55077
710.953 -1.32325 0.779417 522.416 0.116762 -1.67445 1516.11 0.720879 0.479823 0.772143 0.834044 146.145 2.71238 1.89636 408.545 92.9047 9.55173
933.534 1.76819 -0.654794 260.564 -2.57036 1.29472 4345.67 0.247613 0.718611 0.74051 0.626824 605.857 2.78778 1.49306 331.093 -92.9047 9.55153
821.979 -0.349275 2.02775 337.236 2.87286 -1.26295 2743.77 0.374784 0.671386 0.633804 0.718519 397.439 -0.882379 0.380567 470.617 92.9047 9.55115
639.584 -0.904809 -1.87909 473.595 -0.709905 0.291694 992.802 0.690437 0.645017 0.773943 0.719922 398.091 2.22084 1.92915 632.15 92.9047 9.55008
548.651 -0.124511 2.1316 270.079 -1.08774 2.76214 462.944 0.411018 0.702298 0.627363 0.826205 768.252 -0.722616 2.79843 366.42 92.9047 9.54974
446.847 -1.28781 -2.66421 305.672 -0.639485 -0.135266 749.901 0.479591 0.659441 0.855536 0.66871 249.206 1.20768 1.34295 378.814 92.9047 9.54963
842.624 0.236397 -1.14217 536.654 0.072199 -3.00795 1140.56 0.149724 0.59694 0.608977 0.490995 468.084 1.5108 1.76443 568.799 92.9047 9.54884
480.842 0.386254 0.960315 459.744 0.488618 -2.87607 896.218 0.312457 0.436876 0.483842 0.760388 449.313 -1.99922 0.876851 520.272 92.9047 9.5485
498.569 -1.94578 -1.49144 292.137 -0.657528 2.19858 932.863 0.20496 0.509129 0.557312 0.809413 219.443 1.20478 0.993795 337.079 92.9047 9.54766
657.084 0.758637 -0.286067 363.604 0.983397 1.03411 619.91 0.449389 0.527006 0.547932 0.258579 394.531 -3.06537 2.1837 545.421 -92.9047 9.54796
792.508 -0.670956 -2.93326 433.626 -0.459573 0.843162 1160.08 0.134344 0.585525 0.796731 0.757859 385.111 -0.319033 1.1622 570.479 92.9047 9.54778
608.199 -0.788374 0.491069 275.702 -2.17322 -1.86039 980.641 0.499851 0.691836 0.555581 0.796768 460.544 3.11383 1.30897 383.432 92.9047 9.54722
1162.67 -0.983367 2.65416 538.815 -0.935729 -0.840703 1566.78 0.181067 0.621922 0.453781 0.495072 415.335 -0.339905 0.500798 569.668 92.9047 9.54714
994.766 -0.29441 2.3072 349.952 -1.69634 0.343378 1332.19 0.165509 0.609013 0.546595 0.849198 884.441 -1.36525 1.70863 508.363 92.9047 9.54659
457.716 0.862278 1.67809 291.289 -0.542003 -2.43049 866.746 0.479174 0.657856 0.589234 0.776342 312.246 -0.817936 1.61255 662.37 92.9047 9.54672
541.696 1.46251 0.434377 319.915 -1.83322 1.66122 2140.88 0.313456 0.729343 0.584323 0.62823 418.49 -2.13552 2.48644 317.038 92.9047 9.54613
897.976 0.649004 0.46724 560.057 1.15728 -2.32074 1478.85 0.29954 0.717937 0.669076 0.660216 299.773 2.75095 1.2115 742.077 92.9047 9.54679
387.893 1.68936 1.74943 369.725 1.24358 -2.36135 696.156 0.877506 0.150083 0.725717 0.711397 272.101 -1.24058 1.12077 661.853 92.9047 9.54646
615.833 -0.418494 0.118298 511.792 -0.671466 -1.52332 859.34 0.530675 0.397174 0.642002 0.746678 665.136 2.19801 2.07971 316.584 92.9047 9.54686
779.92 -0.557312 2.54146 407.029 -0.435012 0.397004 995.238 0.288902 0.350965 0.28451 0.640261 647.99 -0.623695 1.0207 368.34 92.9047 9.54598
825.314 -1.17113 2.14536 653.584 -0.334069 -0.444997 1556.31 0.725085 0.561226 0.80949 0.59299 197.493 -1.58229 1.1373 934.011 92.9047 9.5462
561.684 -0.471488 1.73878 542.461 -0.695345 -0.897664 1090.09 0.434494 0.239985 0.633004 0.634993 281.371 -2.6735 1.77583 1116.31 92.9047 9.54717
333.415 -1.31088 -2.66327 322.916 0.224712 0.952286 860.06 0.378156 0.452628 0.651894 0.489572 147.252 -0.801767 1.75405 375.341 92.9047 9.54727
439.913 0.782059 2.82463 407.619 0.206616 -1.02717 877.949 0.354449 0.685192 0.593509 0.642908 72.5578 -2.02078 0.993612 1457.8 92.9047 9.54518
447.226 1.375 3.04216 332.361 0.196083 0.0619367 918.416 0.401348 0.462139 0.770213 0.613174 89.1693 -0.306984 0.36892 389.171 92.9047 9.54507
611.303 -1.16413 -0.948516 563.81 -0.923041 2.00531 1198.42 0.436488 0.580137 0.601613 0.648893 236.6 -2.66981 1.60806 654.378 92.9047 9.54514
314.017 0.0579471 0.80032 293.453 0.774051 -2.69597 651.6 0.79818 0.6337 0.513255 0.704973 202.476 -0.708661 1.50898 471.711 92.9047 9.54558
1025.51 -1.13022 1.61391 561.985 0.261452 -2.40802 1829.66 0.552149 0.200183 0.723597 0.772129 789.573 -0.965789 1.44223 587.697 92.9047 9.54581
855.054 -0.672354 0.260265 263.22 -0.645292 2.17548 783.271 0.495208 0.686944 0.854834 0.810484 670.497 -2.55432 1.55339 311.991 92.9047 9.54549
793.025 -0.0953546 -0.753465 435.105 -0.895935 2.4297 1367.3 0.102379 0.485597 0.663129 0.772842 337.334 2.36479 0.0649149 813.929 92.9047 9.54526
419.697 1.6986 0.863813 367.217 0.712349 -1.91643 915.066 0.647578 0.587796 0.759899 0.549758 224.754 2.40467 1.54086 566.83 92.9047 9.54564
624.452 0.284484 1.16919 277.716 -0.907257 2.89473 830.88 0.196191 0.517034 0.631119 0.555289 472.373 -1.88133 1.50713 783.337 92.9047 9.54535
571.861 -0.227778 -2.96188 302.548 0.601618 -1.10855 783.866 0.301097 0.556762 0.527289 0.615282 511.596 0.731049 1.8396 381.052 92.9047 9.54526
741.689 -0.843407 2.3705 304.631 -0.128685 -2.16631 839.886 0.554255 0.60371 0.722188 0.642091 763.355 -0.374031 1.79228 310.905 92.9047 9.54513
339.904 1.98133 1.22811 322.458 0.930902 3.12949 658.281 0.510228 0.733989 0.687206 0.55923 260.798 -1.08652 2.06717 461.377 92.9047 9.5436
341.904 -1.44839 1.80671 336.22 -1.81082 -2.3132 625.05 0.770263 0.639052 0.75039 0.797969 266.445 0.0054856 1.80123 446.72 92.9047 9.54356
467.218 -0.13574 -2.96699 303.053 2.36344 -1.12135 1387.96 0.178927 0.720345 0.652356 0.766351 424.459 0.856975 1.97833 581.21 92.9047 9.54517
312.393 -0.670289 -2.57226 260.826 -2.21634 0.391155 799.466 0.271831 0.776525 0.519169 0.650536 183.519 -2.92659 0.354333 688.215 92.9047 9.54547
467.439 0.334921 -0.201708 351.134 1.93002 0.0416935 741.574 0.415452 0.241901 0.755687 0.520622 738.655 3.06455 3.01693 471.776 92.9047 9.5458
504.864 0.0937756 1.60783 275.716 -1.13349 -1.82338 894.852 0.671282 0.40014 0.552105 0.583962 145.86 -2.10399 0.280612 470.336 92.9047 9.54636
557.448 1.84996 -2.80777 382.002 0.652484 -0.718281 993.247 0.607811 0.535406 0.641989 0.552901 437.707 0.943555 1.66184 676.438 92.9047 9.54715
648.8 -0.666107 1.15434 269.507 1.01745 1.89412 867.16 0.467492 0.729395 0.678463 0.658458 833.629 -1.74998 2.63909 332.159 92.9047 9.54716
1120.32 -1.31806 2.17112 981.795 -1.50186 -0.75314 2106.47 0.237458 0.574983 0.793376 0.53394 232.263 -2.13009 1.37695 1141.79 92.9047 9.54697
891.085 0.450815 -1.68777 349.454 -2.35162 1.16647 2414.79 0.383825 0.61345 0.545417 0.842756 582.563 1.44698 0.28051 449.972 92.9047 9.54749
635.685 -0.575229 1.6182 607.189 -0.513997 -0.986365 1202.2 0.620473 0.566759 0.549215 0.666126 299.269 -3.07081 1.59418 738.022 92.9047 9.54755
499.104 2.28123 0.233446 364.381 0.559305 -1.05343 1016.63 0.398001 0.63002 0.604867 0.677248 669.74 2.84416 2.38559 578.764 92.9047 9.54727
840.125 -1.09606 -1.01251 405.082 1.31629 2.07937 2160.62 0.444022 0.158725 0.701836 0.850987 435.086 1.50973 0.569641 461.452 92.9047 9.54648
816.806 -1.00675 1.81842 801.856 -1.14228 -0.774752 1574.49 0.377155 0.506711 0.276582 0.426667 400.073 -2.56651 1.79175 823.472 92.9047 9.545
488.167 -0.987941 1.53467 337.997 -1.05751 -0.113218 605.802 0.301989 0.657176 0.18683 0.705271 379.657 -2.34644 2.23322 545.724 92.9047 9.54538
602.474 1.67629 -2.06883 401.787 -1.86327 0.628033 2965.88 0.460691 0.556212 0.811308 0.65582 185.114 1.6362 1.00816 504.684 -92.9047 9.54499
580.921 0.865634 -1.57055 392.486 0.848448 -2.82078 587.9 0.323549 0.576142 0.765771 0.70228 654.97 1.07772 2.38468 553.701 92.9047 9.54502
708.206 1.03146 1.53122 352.43 1.222 -2.54531 899.864 0.324653 0.312526 0.537922 0.73319 321.641 -1.63761 0.907694 429.808 92.9047 9.54423
468.293 -0.417295 -0.642626 326.706 1.64912 -2.73664 1177.89 0.595914 0.668337 0.423451 0.549598 378.67 1.74056 1.80599 371.443 92.9047 9.54454
280.407 -0.815809 0.792141 277.819 -1.78657 -1.86949 624.27 0.666541 0.489697 0.681018 0.771802 88.202 2.18514 1.393 343.131 92.9047 9.545
1581.37 -0.523058 2.95179 1508.82 -0.881041 -0.481103 3111.24 0.396745 0.397182 0.262034 0.184482 241.333 1.64487 1.30692 2048.78 92.9047 9.54452
619.789 0.554062 0.366304 572.402 0.414921 -2.65875 1243.94 0.101681 0.557466 0.774571 0.752184 70.5703 1.69709 1.33078 633.664 92.9047 9.54426
519.05 0.475025 1.86067 278.616 0.328298 -0.948967 760.837 0.506117 0.116865 0.589457 0.69583 276.074 -1.41551 0.466538 343.314 92.9047 9.54426
453.138 0.227203 -0.626137 256.036 -1.39879 2.49471 924.333 0.592408 0.355781 0.708297 0.782921 172.81 1.9098 0.584907 382.57 92.9047 9.54416
911.315 -0.278625 -2.36418 314.777 1.39308 1.62442 1405.93 0.286967 0.315643 0.615319 0.785408 647.244 0.455849 1.16858 424.022 92.9047 9.54366
876.188 -0.645395 1.47255 300.755 -2.77959 -1.2061 1656.19 0.124873 0.359572 0.531144 0.67742 456.467 -1.43975 0.233654 636.14 92.9047 9.54256
398.709 1.25126 1.73359 294.462 -0.850185 -1.24999 1120.92 0.633513 0.311881 0.768292 0.700384 245.725 -1.15179 0.0982009 512.913 92.9047 9.54246
760.641 0.0190897 1.37106 474.166 -0.400459 -1.12451 1191.76 0.572236 0.353795 0.713636 0.638844 469.55 -2.41288 1.28837 501.32 92.9047 9.54239
958.897 -0.931327 -0.932882 711.467 0.4653 1.76039 2053.61 0.740452 0.525006 0.598741 0.445347 434.753 2.76005 0.999662 832.768 92.9047 9.54289
566.19 0.455922 -0.948236 398.313 0.595344 1.02098 804.201 0.410418 0.630811 0.757409 0.729802 187.251 2.89796 1.87698 370.643 92.9047 9.54201
668.322 -0.238506 -1.10141 499.126 1.59643 1.29363 1650.12 0.528847 0.726832 0.231664 0.834588 247.472 2.0203 0.726662 615.999 92.9047 9.54192
531.728 -0.425206 0.135204 468.928 -0.976146 2.5708 995.973 0.594932 0.43532 0.445661 0.762376 413.734 -1.98519 1.72719 586.576 92.9047 9.542
1059.83 0.960928 -2.84566 536.041 -0.675981 -0.241455 2008.4 0.155992 0.358474 0.715559 0.575341 588.79 0.696715 0.93817 615.572 92.9047 9.54231
934.306 0.0715721 -0.226194 913.161 -0.399846 -2.50633 1750.59 0.555232 0.404503 0.712693 0.674529 355.167 1.85353 1.92332 419.552 92.9047 9.54244
729.365 0.340062 0.78722 613.698 0.690406 -2.51709 1399.05 0.176924 0.680678 0.653183 0.502116 110.251 -1.57888 0.938206 689.153 92.9047 9.54265
260.641 0.87727 0.5647 258.303 -1.0673 2.50161 728.77 0.408705 0.278081 0.705921 0.437507 226.206 -2.02535 1.75623 507.215 92.9047 9.54294
489.817 0.745773 -2.65134 431.463 0.561864 0.76426 970.497 0.523268 0.224324 0.51421 0.753623 192.505 1.49865 0.734385 467.909 92.9047 9.54397
477.257 0.860122 -1.19553 260.154 1.3126 -2.71836 523.613 0.627808 0.677538 0.612057 0.651076 504.045 1.68398 1.88085 409.761 92.9047 9.54297
1168.53 -0.159813 -0.887112 477.457 0.450528 1.47199 1461.21 0.222618 0.494885 0.598342 0.622351 798.161 2.6016 1.1296 623.117 92.9047 9.54378
342.274 -1.6288 2.38247 277.056 -0.342198 -0.323368 768.905 0.725498 0.525432 0.621864 0.375639 84.5163 -2.13225 1.76847 461.165 92.9047 9.54291
576.103 0.212918 -2.202 350.398 0.680497 1.34034 910.14 0.440592 0.310538 0.794204 0.387906 578.408 -0.009376 1.34972 464.87 92.9047 9.5432
372.851 -0.814667 -2.22111 313.391 1.01841 -0.519872 897.639 0.523253 0.411042 0.523532 0.82777 447.859 1.87678 2.1853 420.009 92.9047 9.5436
466.146 0.418524 1.20282 346.729 -1.97577 -0.367923 1352.22 0.752488 0.472021 0.575447 0.788433 536.99 -2.63134 2.26341 404.478 92.9047 9.54376
502.834 0.0640825 0.705489 463.825 -0.288936 2.77854 861.644 0.224766 0.575232 0.657146 0.541937 450.062 -1.52523 1.97942 524.493 92.9047 9.54406
799.056 0.0142993 -1.36101 614.416 -0.358209 2.5256 1339.69 0.268092 0.262273 0.583248 0.50101 531.555 0.585528 1.94007 801.053 92.9047 9.5443
678.65 -1.0615 1.52374 425.691 1.21489 -0.981049 1839.14 0.771785 0.462674 0.693365 0.644728 326.078 -2.61013 1.62908 480.184 92.9047 9.54451
728.49 -2.14432 -2.36219 276.49 -1.63681 0.66499 942.433 0.764725 0.770906 0.604352 0.832127 411.772 0.939235 0.274246 357.409 92.9047 9.54454
666.715 0.475319 -2.93543 289.574 -1.15623 -0.916923 1102.35 0.602331 0.61378 0.807884 0.624564 603.251 0.672587 1.58951 288.497 92.9047 9.54461
721.304 -0.102704 -0.897078 561.763 0.681356 2.36461 1443.1 0.185327 0.575775 0.692364 0.657014 84.207 -2.31166 1.41458 650.455 92.9047 9.54363
510.63 0.716889 -2.62818 357.607 -2.26376 1.36291 2008.89 0.316547 0.34761 0.657302 0.718111 403.587 0.127486 1.23542 897.446 92.9047 9.54358
845.261 -0.374325 -2.67328 512.732 0.151291 1.69475 1206.8 0.394644 0.171492 0.892219 0.646268 767.473 -0.152179 1.84693 445.122 92.9047 9.54368
603.02 1.35392 0.283917 278.971 -0.926371 -2.69819 1415.45 0.31245 0.429311 0.587173 0.684873 168.329 2.90683 0.678163 886.528 92.9047 9.54411
548.629 -0.587627 -2.41861 532.773 0.641454 1.39257 1331.12 0.595209 0.400469 0.484981 0.763293 218.631 1.25355 0.139021 594.314 92.9047 9.54363
450.449 1.04895 -2.93459 265.908 2.14385 -2.73087 412.483 0.365413 0.579502 0.612788 0.887572 601.499 0.155264 2.88613 902.95 92.9047 9.54358
664.321 0.865693 2.71292 341.465 2.43421 0.262941 1232.94 0.542624 0.512748 0.6655 0.591327 426.971 -0.960135 1.22308 372.822 92.9047 9.54295
663.12 0.719382 1.63769 316.222 0.548495 -1.4201 919.604 0.211687 0.616789 0.64261 0.473915 258.159 -1.64524 0.225139 415.843 92.9047 9.54272
708.575 0.805716 -3.08123 663.957 -0.72324 -0.0794482 1794.16 0.503158 0.572607 0.673202 0.58513 203.533 -2.03897 1.04226 720.399 92.9047 9.54144
448.517 0.752211 -2.50599 423.754 -0.479089 -0.286029 976.587 0.51467 0.648429 0.740384 0.660338 311.091 1.76569 2.0115 509.088 92.9047 9.54082
435.53 0.841634 -1.11732 317.865 1.05676 2.46551 750.514 0.443094 0.215004 0.608522 0.7857 204.973 1.46862 0.996889 836.822 92.9047 9.5407
436.671 0.830829 0.579804 333.197 -0.703239 1.73902 777.533 0.361639 0.565049 0.578854 0.556526 434.758 -2.00542 2.53875 563.198 92.9047 9.54039
269.401 1.46312 2.14339 257.941 0.244377 -1.10006 637.147 0.584275 0.401667 0.76153 0.696745 75.1115 -0.513582 0.586482 339.056 92.9047 9.54081
433.508 -0.182458 -0.859521 370.987 -1.56523 3.06116 960.937 0.504274 0.236468 0.611639 0.804952 292.902 1.10871 1.95244 443.306 92.9047 9.54139
806.046 -0.722771 -1.42846 260.279 -0.154001 -2.91331 694.03 0.330581 0.576409 0.539821 0.732098 666.199 1.37971 1.99017 408.468 92.9047 9.54218
499.664 0.313206 0.560006 456.272 0.988769 2.75574 920.16 0.366635 0.211952 0.622662 0.297862 111.182 -2.52619 1.00126 441.706 92.9047 9.54202
683.62 -0.870341 1.64348 405.953 -1.62052 -1.33134 1133.52 0.509237 0.289375 0.660074 0.569192 246.248 -1.68064 0.349298 757.184 92.9047 9.54149
396.159 -0.264431 1.59788 267.512 -1.33694 1.66766 371.453 0.575461 0.401669 0.71906 0.6252 529.179 -1.30799 2.90587 868.771 92.9047 9.54173
516.323 -0.118776 0.684936 493.769 0.601996 -2.82863 1065.48 0.467526 0.670672 0.694691 0.606099 198.268 -1.16795 1.66068 1011.77 92.9047 9.54158
745.387 -0.0366608 1.18437 268.292 -0.492814 -1.90411 953.379 0.308109 0.225553 0.345564 0.490998 313.755 -2.15416 0.250046 1073.17 92.9047 9.54093
482.376 -1.9844 -2.85884 431.086 -0.294228 -0.437903 1301.85 0.792181 0.55628 0.858728 0.473775 147.934 1.41125 1.84915 630.047 92.9047 9.54127
609.845 -1.06466 -2.88415 305.738 3.11319 -2.29831 3446.39 0.775446 0.525489 0.737427 0.653728 801.838 0.462903 2.76122 1002.67 92.9047 9.54153
846.04 0.520827 -0.255802 597.23 0.715094 -2.61677 1376.97 0.311028 0.59183 0.673066 0.626506 160.019 2.53631 1.1301 691.766 92.9047 9.54145
960.386 -0.894478 2.36339 815.933 -0.41219 -0.673429 1824.21 0.622169 0.7268 0.464854 0.643621 197.077 -2.06129 1.38786 1174.59 92.9047 9.54194
469.212 -1.29646 0.630303 380.72 -0.526436 3.03722 865.702 0.458252 0.330504 0.767213 0.6884 167.297 -2.84181 0.404154 313.733 92.9047 9.54241
376.355 -1.821 2.14604 360.274 2.776 -2.02629 3687.64 0.523704 0.601678 0.723474 0.798291 363.905 0.128285 2.01775 418.937 92.9047 9.54241
388.194 -0.47019 -2.21451 322.983 -1.54963 1.36264 806.067 0.586793 0.740316 0.600743 0.697933 226.092 0.0371585 1.32548 532.198 92.9047 9.54351
742.549 -0.209046 -1.11664 417.563 0.129409 1.46735 1096.22 0.525688 0.517853 0.729927 0.530686 452.632 2.59755 1.1302 539.381 92.9047 9.5433
611.823 1.39494 -2.95722 528.266 -0.761768 -0.244211 1898.45 0.369944 0.226436 0.619166 0.686903 260.253 1.23939 1.4836 443.527 92.9047 9.54365
658.714 -0.0317236 1.35401 416.319 0.118254 -2.56767 997.653 0.266709 0.400246 0.287114 0.493776 258.599 -1.69822 0.869444 440.072 92.9047 9.54386
698.118 0.151599 -2.83344 454.496 1.01374 0.848474 1204.88 0.514325 0.75408 0.851855 0.747411 227.254 -0.331187 1.17966 307.833 92.9047 9.54221
617.881 -0.894683 -0.0185883 390.336 2.0105 -2.49684 2193.92 0.521151 0.431416 0.48588 0.529683 308.454 2.53348 1.25286 474.574 92.9047 9.54244
596.134 -0.652517 -2.0195 297.321 2.25748 1.92032 1877.01 0.73468 0.41448 0.727612 0.886611 242.518 0.347776 1.57255 860.358 92.9047 9.54224
398.769 -0.447118 -1.59076 290.129 1.18561 2.9233 849.408 0.398237 0.224453 0.37553 0.528256 524.22 1.17699 1.74632 563.603 92.9047 9.54235
736.268 0.818341 2.50044 456.236 2.54501 -0.0397498 1741.11 0.174249 0.612708 0.800788 0.77602 404.021 -1.09805 1.0583 512.607 92.9047 9.54291
829.142 -0.0494935 -2.92812 687.597 1.14798 -0.0226073 1800.04 0.737573 0.633615 0.698403 0.614697 230.011 1.01572 1.03832 724.534 92.9047 9.54275
1730.55 0.132907 3.12311 406.619 -0.143177 -0.865348 1570.88 0.495135 0.285165 0.675465 0.747124 1229.44 0.0589456 0.924293 417.739 92.9047 9.54297
378.973 0.426876 -0.430015 302.339 -1.555 1.27469 941.406 0.489338 0.516192 0.787382 0.679226 419.302 -2.7085 2.27849 400.76 92.9047 9.54251
918.358 -1.02035 1.05402 263.92 1.02619 -2.03617 1550.77 0.396209 0.41576 0.642121 0.659648 434.114 -2.21119 0.175012 528.337 92.9047 9.54241
856.26 0.477851 1.79057 534.116 -0.270099 -2.17624 1419.21 0.178808 0.128369 0.465977 0.622766 356.014 -0.284747 1.89149 324.288 92.9047 9.5426
468.03 -1.95202 -2.93834 258.756 -1.52112 0.869071 703.568 0.727405 0.35408 0.686165 0.865307 297.469 -0.277065 1.14614 654.758 92.9047 9.54252
642.152 0.13933 -2.44902 556.755 -0.942499 0.669501 1408.2 0.441535 0.297088 0.793239 0.593899 119.655 -2.35677 0.092253 1218.28 92.9047 9.54238
308.065 -0.98868 -2.40673 304.708 2.14592 1.77666 1513.58 0.580204 0.600882 0.566734 0.800962 185.294 -0.15954 1.9362 415.626 92.9047 9.5426
752.295 -0.0335517 -2.93649 310.268 -0.675786 -0.607182 958.158 0.548504 0.638775 0.530211 0.610059 566.363 0.562089 1.16927 359.205 92.9047 9.54192
403.385 -0.392176 -1.57419 272.618 -0.432239 0.395919 586.153 0.571888 0.657417 0.724489 0.507143 391.197 2.26362 1.8677 310.303 92.9047 9.54246
399.21 1.57191 2.93865 266.946 -2.69699 -1.21103 2782.98 0.658154 0.551912 0.559885 0.748649 276.317 0.518341 1.72937 724.403 92.9047 9.54137
768.604 0.598023 3.00993 351.104 -0.292043 0.226661 1168.4 0.275813 0.210016 0.095468 0.538459 542.967 -0.581713 0.808374 1250.16 92.9047 9.54163
777.785 -0.374453 -1.75305 352.346 -2.70529 1.01716 1878.54 0.267396 0.296351 0.69897 0.473108 263.677 1.58687 0.569715 559.542 92.9047 9.54172
1053.08 0.213866 -0.900142 423.483 0.0596718 1.74333 1303.17 0.349282 0.457679 0.709065 0.362185 646.918 2.51045 0.767123 483.108 92.9047 9.54113
785.432 -0.0260063 2.26968 482.642 0.547234 -0.146545 1260.33 0.607204 0.586266 0.689438 0.616154 332.331 -1.91975 1.77321 660.238 92.9047 9.54051
455.026 0.000466856 1.12885 334.286 1.37203 -2.01017 992.726 0.301662 0.397751 0.21674 0.738545 88.5938 -2.18975 0.179571 574.851 92.9047 9.54117
583.261 1.30088 1.49706 321.979 -1.67543 -2.55892 1981.5 0.598876 0.675151 0.75635 0.747059 402.455 -0.948054 1.61087 403.908 92.9047 9.54127
578.768 -0.67905 -1.59999 326.65 0.486836 1.77366 1066.53 0.257737 0.694093 0.393597 0.718609 204.393 1.63941 0.13425 536.03 92.9047 9.5415
