pT_j1 eta_j1 phi_j1 pT_j2 eta_j2 phi_j2 m_jj tau21_j1 tau21_j2 tau32_j1 tau32_j2 met phi_met min_dPhi ht 
347.388 1.66358 -1.97477 334.495 1.22459 -0.123585 622.275 0.66153 0.499962 0.780328 0.775698 250.635 2.01242 2.13601 761.246
361.218 -0.990514 2.23418 269.399 0.225174 2.76427 459.997 0.838249 0.72092 0.69978 0.60198 536.063 -0.717565 2.80135 783.535
311.752 -0.686006 1.80722 279.725 -0.794355 -2.9909 424.631 0.683957 0.569302 0.826443 0.726332 253.604 -0.605198 2.3857 701.72
295.172 1.62264 2.98005 281.761 -0.239289 1.23658 783.184 0.230869 0.632482 0.541428 0.771642 4.68464 -1.18367 2.11946 798.333
294.414 0.768355 -2.999 285.209 -0.571709 -1.12415 646.311 0.571494 0.653961 0.806045 0.75512 127.844 1.20633 2.07786 757.728
415.199 0.240047 -2.89386 394.67 -0.757981 -1.88862 587.235 0.710401 0.637855 0.744397 0.818689 153.121 0.249712 2.13834 1015.39
683.54 -0.247004 -1.56571 430.067 -0.821151 1.57323 1263.45 0.0589673 0.452601 0.805725 0.697497 170.533 1.18685 0.386383 1174.87
322.57 0.177587 -1.58775 270.983 -0.823808 -0.285378 495.534 0.280232 0.849436 0.717094 0.76776 503.142 1.73188 2.01726 577.709
311.236 -1.69852 -1.97012 263.607 -1.88566 -0.509052 404.723 0.772963 0.754216 0.805003 0.797639 505.781 1.95431 2.35875 921.368
589.952 0.274392 -0.936672 306.186 -0.987959 -3.12861 965.934 0.27363 0.528968 0.495993 0.829248 267.397 1.0971 2.03378 1071.18
308.939 -0.926723 0.450085 274.249 -0.759172 1.85051 395.023 0.703313 0.671282 0.69296 0.637847 291.533 -2.01961 2.41306 649.581
366.002 -0.176481 1.81326 324.869 -0.292466 0.337633 486.133 0.671952 0.699643 0.693723 0.711137 71.566 -2.20284 2.26709 1012.45
282.012 -0.979302 0.362273 252.742 0.413907 0.944562 445.31 0.493842 0.792354 0.732509 0.701117 614.207 -2.24297 2.60524 937.773
394.417 0.744283 1.91939 370.725 0.341317 -1.53141 828.449 0.228452 0.391199 0.841952 0.736621 87.8294 -1.85459 0.323177 1034.21
491.487 -0.311401 -0.428486 262.18 -0.104565 -2.02849 563.578 0.65313 0.60923 0.664364 0.672079 542.995 2.14409 2.1106 793.174
661.731 1.13588 -0.693243 299.668 1.32676 -2.20423 638.817 0.759924 0.462984 0.812325 0.703548 208.168 2.06684 2.01211 1209.58
482.769 0.316854 -2.75526 345.046 0.643882 -0.695754 733.029 0.781447 0.792797 0.774754 0.763676 259.686 1.41521 2.11097 916.711
392.22 -0.0366211 -0.582107 279.629 -0.444788 -2.30529 564.783 0.707846 0.335393 0.729014 0.71423 334.258 1.76732 2.21057 899.123
510.918 0.00378812 -0.33137 280.565 -0.779198 -2.91437 814.186 0.743507 0.238781 0.714152 0.622455 163.899 -2.79104 0.123333 1070.56
388.281 -1.00889 0.022162 379.512 -0.596466 1.69617 618.244 0.781188 0.366871 0.726008 0.732409 581.114 -2.47465 2.11237 1090.78
281.886 -0.438367 0.887256 254.246 1.05319 -1.03573 636.643 0.75185 0.671824 0.776038 0.788001 120.203 -3.06137 2.02564 779.682
471.602 -0.69306 -1.51144 290.677 0.596583 0.289702 786.971 0.802826 0.725522 0.746167 0.82658 317.604 2.56259 2.20916 971.112
360.549 -0.858683 2.49801 303.271 -0.275696 1.08868 484.06 0.69163 0.548544 0.805683 0.759576 235.572 -0.987111 2.07579 769.726
329.087 0.0102789 0.101077 271.374 0.591956 2.14623 575.283 0.429966 0.689435 0.611063 0.790416 188.619 -1.78556 1.88663 929.027
374.077 0.708605 2.06138 312.414 -0.864738 -2.87991 736.964 0.701505 0.677941 0.726228 0.733999 125.834 -0.781341 2.09857 844.702
444.889 0.165094 0.168025 317.551 0.0780832 1.86162 581.814 0.741026 0.639417 0.739649 0.809563 504.537 -2.20256 2.219 859.475
368.051 0.0582399 -1.06137 362.283 -0.00803528 -2.98808 658.999 0.186634 0.754152 0.662837 0.788997 99.8429 1.20599 2.08911 904.648
335.427 0.499463 -1.20467 258.837 -1.43343 -0.869111 679.513 0.547152 0.295437 0.76849 0.763079 99.183 1.99409 2.8632 913.238
452.851 -0.387288 1.33039 251.286 -0.428922 -1.76414 741.585 0.298218 0.365698 0.666386 0.613211 172.731 -1.61467 0.14947 674.655
349.191 -1.11847 1.91183 314.59 0.256104 -2.99111 663.62 0.768071 0.540041 0.750282 0.660739 122.339 -0.637035 2.35408 855.024
312.514 -0.812044 1.40297 261.256 0.28479 -2.22679 684.155 0.58067 0.370292 0.678665 0.697835 172.781 -2.29097 0.0641804 721.093
394.869 0.361239 0.272618 260.376 0.346228 2.52977 604.193 0.637535 0.634581 0.831356 0.745396 203.274 -1.73666 2.00928 955.819
302.209 0.0830399 2.50068 258.714 0.0907739 0.477178 492.296 0.628875 0.789481 0.844961 0.635016 292.378 -1.66972 2.11278 638.137
384.073 -0.234909 -0.228871 285.27 1.26359 3.13562 882.403 0.580671 0.330836 0.708624 0.727442 42.147 -2.40102 0.746543 824.793
666.964 -0.413519 1.82773 300.25 0.485982 0.636348 694.156 0.50037 0.757597 0.554097 0.731861 326.845 -1.57159 2.20794 1008.37
291.929 0.919424 -2.74121 263.178 0.598912 2.37398 344.373 0.665752 0.715727 0.680128 0.748852 186.591 0.0379667 2.33601 660.864
306.762 -0.105229 -0.135482 280.973 -0.690649 -1.37892 395.655 0.539227 0.86322 0.70824 0.680284 264.639 2.67794 2.22632 798.922
456.465 -1.19224 -2.21584 304.127 -0.327269 0.749323 868.676 0.750716 0.307334 0.726134 0.810682 112.546 0.751233 0.00190979 1065.55
489.933 -0.554077 -2.66695 288.037 0.487709 -1.97218 493.177 0.746748 0.752969 0.74274 0.59299 1116.02 1.03024 2.586 1258.57
319.379 -0.904687 0.54721 305.589 -0.998012 -1.86625 631.028 0.316979 0.753536 0.840858 0.785362 199.249 0.29504 0.25217 813.28
296.818 1.09726 2.91209 270.55 -0.651401 -2.47761 618.062 0.756861 0.716952 0.618463 0.682284 718.412 0.34542 2.56667 580.49
301.982 0.569658 -2.55068 251.562 0.20219 1.90203 465.818 0.732258 0.759672 0.679863 0.653364 560.108 -0.494567 2.05611 698.267
340.945 -0.854638 2.54971 257.87 -2.31621 -2.56884 607.101 0.565855 0.645109 0.763455 0.776554 266.865 -0.100428 2.46841 751.309
276.54 -0.828768 -1.90658 270.141 0.907051 -1.55754 556.404 0.321342 0.603996 0.550171 0.75761 622.942 0.93246 2.49 782.249
395.443 -0.521542 1.60035 344.896 -0.0530692 -2.74653 647.515 0.652668 0.732131 0.646464 0.747785 100.787 -0.541261 2.14162 886.483
296.87 0.521966 -2.39515 273.006 0.944501 -1.2775 341.513 0.787545 0.745437 0.674398 0.850846 272.654 1.59793 2.2901 595.587
365.278 -0.51224 0.735602 337.554 -0.166607 -0.452686 474.007 0.84905 0.281051 0.81761 0.629829 37.0842 -2.81716 2.36448 1129.75
375.986 -0.610923 0.620535 261.693 -0.214086 -1.24537 532.89 0.825359 0.74997 0.794872 0.595425 204.167 2.99778 2.04004 726.226
311.428 0.723436 -0.993921 303.382 -0.376967 3.06835 681.396 0.66641 0.642763 0.794825 0.539918 160.001 3.11371 0.0453622 889.288
419.798 -0.105542 -1.29975 279.006 0.902442 -2.49277 543.92 0.775838 0.716881 0.728037 0.76629 120.159 1.62426 2.16616 1124.14
419.203 0.920497 -0.414555 256.923 -0.468265 0.31911 569.868 0.584635 0.699747 0.731155 0.739068 35.8825 -2.71461 2.30006 902.045
338.31 0.0025712 2.18111 252.926 -0.515544 0.637402 448.723 0.476488 0.631556 0.680777 0.772406 455.014 -1.37965 2.01705 780.784
396.148 0.344268 0.514856 260.933 0.77846 -3.01513 698.885 0.67148 0.590237 0.7806 0.434638 591.956 -2.55925 0.455881 814.709
515.47 0.235048 -2.18711 405.071 0.687427 2.99899 551.358 0.836644 0.680572 0.815488 0.763009 560.692 0.814237 2.18475 1332.69
317.583 -0.26389 -2.32347 257.828 -0.11992 2.37804 448.723 0.595438 0.212442 0.758546 0.75657 174.416 -0.01779 2.30568 711.607
624.849 -0.148039 -2.11923 284.186 -0.690179 2.04897 783.768 0.651839 0.550952 0.616591 0.637823 254.798 -0.0902989 2.02893 1035.13
292.463 -0.789434 -1.02128 288.674 -1.30838 0.429177 436.286 0.784984 0.441104 0.888556 0.703068 212.618 2.90736 2.35455 778.764
278.746 0.39225 2.28897 260.22 -1.03012 2.34414 426.351 0.43008 0.79504 0.546188 0.774064 152.488 -0.292615 2.58159 870.357
324.175 0.171472 0.299297 296.309 1.20805 -1.47671 633.369 0.729721 0.466956 0.778834 0.804837 599.806 2.78452 2.02195 693.919
336.238 -0.82264 -0.63898 273.459 -0.454528 1.06244 491.637 0.565825 0.49443 0.724085 0.718751 240.303 -2.99537 2.22538 953.551
449.873 -0.387385 -2.72453 386.368 -0.0602895 1.98002 631.839 0.45711 0.405659 0.796779 0.74481 104.826 -0.216599 2.19662 1064.85
430.611 0.459286 2.32015 427.802 -0.00136354 0.248081 782.185 0.447074 0.765591 0.872197 0.82471 164.884 -1.83519 2.08327 1017.11
508.693 0.229186 -2.15754 285.447 0.5907 2.74073 533.852 0.643038 0.6129 0.82687 0.839344 752.145 0.470889 2.26984 768.998
420.952 0.0830237 -2.59803 287.066 -0.143706 1.72387 610.116 0.611413 0.731672 0.819577 0.541159 49.4662 -0.526808 2.07122 1010.54
474.072 0.224336 -1.13474 376.307 1.21749 -2.60308 733.416 0.464939 0.73438 0.768409 0.686733 316.979 1.47791 2.2022 980.425
368.208 0.40364 2.91991 328.205 -0.168383 -0.487959 750.455 0.182767 0.448711 0.777595 0.573148 461.026 0.00864681 0.496605 975.119
532.36 1.27627 0.301218 342.181 -0.0637278 0.161698 625.128 0.545205 0.715714 0.732937 0.748375 468.689 -2.7639 2.92559 1160.62
667.335 0.323271 2.43668 321.356 -0.127138 -0.362066 1043.29 0.16106 0.612758 0.619245 0.839978 1025.08 -1.1207 0.758639 1021.11
510.639 1.75218 0.416905 399.512 1.08461 1.62627 622.136 0.483727 0.71925 0.836619 0.620871 172.87 -2.00581 2.42271 1103.9
322.079 -0.692146 0.410183 290.546 -1.02879 2.00973 459.676 0.762046 0.822302 0.639319 0.783571 114.393 -1.99037 2.28308 847.045
274.298 0.301513 1.85603 252.489 0.676819 -0.0683258 456.078 0.63978 0.757005 0.575686 0.723552 515.064 -2.38515 2.042 566.748
411.42 0.630523 1.34868 252.025 -0.255253 -1.5476 724.065 0.777304 0.539346 0.849939 0.877631 344.75 -1.63979 0.0921875 906.04
282.378 -0.707783 -3.07696 281.494 -1.65351 -1.68261 465.003 0.278361 0.699722 0.739869 0.771384 370.689 0.549546 2.23215 674.754
323.445 1.11107 -0.451682 262.672 -1.76084 0.628955 1198.33 0.727001 0.654442 0.644987 0.650824 642.314 2.77165 2.14269 589.892
293.262 1.05267 0.585951 277.472 0.0768254 -0.378993 413.212 0.656507 0.622555 0.703858 0.747131 692.1 -2.74046 2.36146 749.76
338.441 -0.547557 3.06451 270.039 -0.916647 -1.90568 401.216 0.740018 0.406992 0.657356 0.545226 862.763 0.422183 2.32786 815.534
545.178 -0.557086 3.12882 272.103 -1.10413 -2.05565 468.005 0.559316 0.580439 0.770698 0.550116 214.823 1.02293 2.10589 1034.02
782.076 -0.853441 -1.21529 386.687 0.3614 2.43627 1446.13 0.210243 0.451552 0.582372 0.453758 822.201 1.96294 0.473336 1333.67
269.308 -0.343639 -1.85008 261.386 -1.96974 -0.892553 554.184 0.735465 0.432932 0.822403 0.734144 599.387 1.61581 2.50837 597.301
647.616 0.678679 -2.07297 286.062 0.610611 1.3186 905.401 0.359071 0.416418 0.429101 0.887689 68.7008 0.776286 0.54231 907.259
436.048 1.23175 0.787424 407.074 0.361114 2.2238 680.297 0.752992 0.838541 0.852832 0.715383 203.852 -1.71215 2.34723 1186.9
410.548 -0.22601 -1.86367 385.228 -0.811326 0.486702 823.065 0.688259 0.320144 0.824478 0.835682 58.239 2.28742 1.80072 934.647
517.01 0.496785 0.544653 296.841 -1.23266 -1.31752 1005.52 0.712487 0.750471 0.825791 0.797954 153.298 2.57314 2.02848 1031.95
581.909 0.772802 2.45699 379.219 -0.929254 0.863315 1133.03 0.838773 0.485483 0.770215 0.743603 772.986 -1.18081 2.04413 1278.37
832.663 -0.982313 0.21873 278.778 -0.134346 2.95522 1144.24 0.274376 0.736686 0.17238 0.798115 319.965 -2.47038 0.857586 1183.97
409.111 0.514631 0.847876 328.211 -0.694893 0.611774 490.393 0.539135 0.576368 0.738256 0.602195 603.194 -2.49445 2.94086 1235.04
422.687 -0.421825 -2.82384 350.873 -1.0536 1.28603 768.017 0.338096 0.639584 0.66888 0.815133 84.8966 -0.849764 1.97407 1025.72
347.395 -0.263577 -0.589226 336.984 -0.781133 1.91208 699.103 0.224182 0.669279 0.671915 0.756383 111.805 -0.57846 0.0107655 948.906
474.866 -0.390147 -2.08534 255.633 -1.69186 -2.92602 605.398 0.232357 0.609409 0.853819 0.791552 683.849 1.04655 2.31061 870.978
627.519 -0.190941 -2.58851 403.021 0.00407403 0.29726 1109.81 0.206612 0.251075 0.655971 0.800923 463.585 0.0604855 0.236774 1239.94
357.94 -0.158506 0.38051 353.676 1.27599 -1.15472 773.299 0.292134 0.0795039 0.699356 0.697459 610.642 2.60902 2.22851 724.02
536.778 0.531216 2.19902 374.756 -0.684199 1.93609 646.53 0.694755 0.267969 0.765993 0.788861 449.17 -1.07504 3.00912 1304.88
349.714 1.02018 -1.49664 290.381 1.0573 2.11058 650.557 0.44827 0.340264 0.800835 0.804872 187.874 2.16703 0.0564482 824.679
367.846 1.14954 1.77245 302.447 -0.242991 -2.84847 756.141 0.242305 0.750828 0.680185 0.688655 155.323 -0.821351 2.02712 880.209
582.315 -0.0659103 -1.48263 251.81 1.3553 -0.832133 663.784 0.607007 0.768887 0.607896 0.871166 265.886 1.54699 2.37912 934.767
270.525 -0.25578 -0.91582 264.948 1.10611 -0.406338 432.909 0.621986 0.713276 0.706415 0.676464 226.359 2.8075 2.55986 686.714
350.701 0.134189 -1.69581 264.219 -0.533834 -0.571404 407.88 0.392008 0.759003 0.663424 0.662937 595.492 1.67372 2.24512 661.292
282.191 -0.387333 -2.88344 263.103 -0.280633 -1.39263 400.058 0.68968 0.699593 0.802182 0.747493 735.101 1.04378 2.35596 555.775
478.876 0.0927599 2.39032 311.095 -0.878254 0.653428 730.557 0.730106 0.641364 0.679813 0.740254 587.547 -1.35578 2.0092 889.974
557.91 0.63293 -1.73726 300.264 -0.373625 0.916828 960.772 0.16966 0.79471 0.811145 0.832186 75.7944 1.52063 0.603803 894.611
337.809 -0.565689 -1.46979 304.487 -1.60775 -0.521624 480.895 0.865058 0.690425 0.650735 0.803686 963.251 2.23326 2.58013 682.328
327.229 0.694871 1.85105 253.022 0.0229952 0.583768 407.06 0.609381 0.26198 0.737386 0.679108 418.617 -2.15753 2.2746 784.031
466.663 -0.937922 -2.03895 317.977 -1.40743 2.56589 621.695 0.539148 0.755305 0.793224 0.806515 127.93 0.443957 2.12194 1054.46
379.835 -0.296794 -2.22026 256.474 -0.543359 0.486526 656.748 0.817319 0.60524 0.788705 0.679257 154.118 -0.150763 0.637289 957.016
322.731 -0.568555 0.256825 282.338 0.000174388 1.5132 445.045 0.825991 0.541104 0.816235 0.654614 970.321 -2.26845 2.50154 625.187
455.922 0.517034 -2.96145 276.751 0.82458 1.65599 560.804 0.598564 0.789884 0.693973 0.683921 363.178 -0.5091 2.16509 743.655
580.189 0.0502621 -0.57552 327.29 -0.810644 2.35195 1047.06 0.0855915 0.242435 0.748965 0.666577 154.112 2.58672 0.234765 1085.64
306.468 1.09568 2.50765 279.894 0.249469 -2.4856 476.423 0.32528 0.834859 0.445833 0.699678 701.518 -0.35933 2.12627 842.01
1010.52 -0.74054 -1.39768 284.766 0.260049 1.41073 1289.47 0.128885 0.754602 0.82243 0.734636 1005.17 2.07872 0.667985 1298.43
307.445 -1.49339 0.0394166 288.126 -0.217302 -0.536896 466.589 0.783029 0.636363 0.8335 0.786849 123.954 -2.8635 2.32661 869.858
365.362 1.53072 -1.13073 302.739 -0.995696 1.74568 1309.29 0.407505 0.741554 0.407538 0.520216 67.817 1.16826 0.577426 840.019
394.229 0.837991 0.0388245 359.053 -0.347073 0.464116 517.871 0.442451 0.520317 0.821275 0.744241 945.611 -2.71657 2.7554 1069.92
465.234 -0.0349173 1.5318 352.309 0.305002 2.4825 425.938 0.50121 0.694842 0.770284 0.685632 286.662 -1.53781 2.26287 951.635
324.721 0.58435 2.30231 309.9 0.926449 0.797621 462.559 0.635731 0.811955 0.867128 0.725208 182.815 -1.6175 2.36337 933.035
511.742 0.797102 0.821701 321.938 -0.00348583 0.0113772 495.183 0.282053 0.865098 0.701325 0.77292 339.525 -2.70401 2.71538 1250.2
432.994 -0.231982 0.954225 336.049 -0.981746 2.24347 556.1 0.724601 0.653746 0.852021 0.676359 660.024 -1.96366 2.07606 1095.48
291.848 0.928907 -2.06344 283.069 -0.541115 2.72825 611.349 0.836838 0.716855 0.739741 0.808091 243.799 0.450837 2.27741 791.287
305.303 -0.664793 -1.12859 281.793 0.0129534 0.454066 484 0.494901 0.621073 0.758485 0.696926 50.8844 2.69736 2.2433 887.945
336.529 0.787027 -1.50658 281.95 2.5644 3.05787 787.093 0.338998 0.672447 0.667848 0.700604 357.525 0.733076 2.23965 661.227
382.618 0.119539 2.7486 263.918 0.813498 1.44413 473.257 0.377174 0.715259 0.783118 0.556516 182.24 -1.39863 2.13596 896.226
941.844 0.0376272 -0.667166 299.213 0.0141551 2.58237 1161.89 0.0971109 0.123553 0.622904 0.682004 791.483 2.1295 0.452866 1274.19
366.962 -0.338249 -0.722399 296.268 -1.14501 -2.64371 649.214 0.731991 0.254467 0.824479 0.724441 103.081 -2.74793 0.104215 943.49
316.343 -0.653746 1.7309 277.434 0.659907 2.71488 516.505 0.737567 0.696579 0.733947 0.797612 330.351 -0.820896 2.5518 825.923
317.609 1.92587 -2.89537 294.882 -1.51171 2.09234 1701.7 0.787369 0.499608 0.833075 0.802905 65.6508 -0.340486 2.43282 868.351
409.438 -1.01587 -0.580656 290.494 -0.13293 -1.54493 512.943 0.568384 0.150453 0.651733 0.66082 173.271 -2.99344 1.44851 1182.94
355.577 -0.307068 0.849097 331.182 1.37276 2.66163 858.052 0.496535 0.609359 0.63072 0.735902 342.891 -1.1882 2.03729 883.779
667.88 -0.00563729 0.963168 312.413 0.0749977 -0.914677 759.051 0.660468 0.506131 0.769414 0.7897 414.597 -3.09391 2.17924 1163.81
442.832 -0.447516 -0.351426 257.172 -0.207638 -1.50667 390.804 0.681525 0.784409 0.649053 0.629856 590.444 2.42597 2.35054 849.102
380.087 0.150062 -1.75315 329.77 0.236484 1.84771 770.062 0.528496 0.861533 0.27875 0.733171 61.8539 -2.31424 0.56109 1084.43
434.492 1.32987 3.08096 277.59 -0.201033 1.26229 822.962 0.679322 0.592108 0.699058 0.546514 95.9151 -0.710457 1.97275 861.963
290.454 -0.759721 0.398674 278.933 -1.07912 2.24263 503.906 0.579742 0.389934 0.88272 0.823637 161.591 -1.82167 2.21888 792.571
462.379 -0.707657 -0.580844 270.777 1.21736 -1.19594 835.651 0.732747 0.646231 0.541298 0.703831 162.555 2.51147 2.57578 1233.02
361.73 -0.500868 1.77763 281.968 -0.299175 -0.62891 655.753 0.528081 0.316398 0.748383 0.811982 304.707 -2.43656 1.80765 876.237
321.199 -1.79282 1.22596 282.79 1.0485 3.13868 1280.06 0.611389 0.699869 0.83358 0.83661 405.061 -0.86892 2.09488 666.391
372.988 0.398358 1.33117 272.585 -0.15706 -0.0983458 493.492 0.705052 0.685766 0.755925 0.730825 176.239 -2.16036 2.06201 900.381
473.631 -1.70938 1.8624 323.767 0.954979 -2.57915 1525.18 0.597803 0.680276 0.863904 0.637961 33.5735 -0.338716 2.20112 1236.02
377.091 0.141909 1.06876 326.77 -1.28974 1.57551 585.055 0.689544 0.612241 0.80861 0.701851 421.702 -1.80724 2.876 868.007
422.55 -0.306181 -2.38573 381.157 0.561733 2.36498 675.35 0.586947 0.708715 0.698398 0.615529 233.543 -0.30072 2.08501 1153.57
320.074 -1.06487 1.04663 300.301 0.547079 -0.717272 746.71 0.839661 0.549089 0.70352 0.585072 159.482 -2.82945 2.11218 766.541
508.02 0.486667 2.89429 259.814 -0.841339 -0.674394 937.02 0.218529 0.267265 0.619036 0.73505 174.126 -0.571967 0.102428 912.787
373.921 -0.316203 2.86422 267.628 -0.24033 0.764037 570.466 0.564795 0.481548 0.711043 0.751698 109.661 -1.23461 1.99865 891.199
517.269 -0.0243862 -0.958604 282.648 0.808327 0.857382 709.273 0.798914 0.792915 0.794593 0.793193 199.926 -3.05195 2.09335 986.877
303.703 -0.0307046 -1.77185 291.963 -0.94077 2.92931 526.272 0.433101 0.875665 0.813228 0.821455 605.205 0.617539 2.31177 580.577
350.658 -1.34618 2.29504 295.04 1.9032 0.339386 1667.13 0.414636 0.44495 0.790706 0.731023 158.644 -1.8457 2.14244 818.964
322.317 -0.927195 1.32111 286.129 0.383687 2.21397 535.792 0.792934 0.411753 0.801937 0.813978 541.536 -1.19256 2.51367 659.927
416.64 0.289878 -0.0405453 286.103 0.987284 2.02979 691.918 0.78609 0.270386 0.709895 0.765203 130.879 2.87299 0.843197 978.669
400.234 -1.69866 -1.26203 285.263 -0.44045 0.190717 651.959 0.721541 0.80667 0.785566 0.820056 91.4577 2.68932 2.33184 762.189
366.563 -0.243227 0.483021 362.591 1.02176 -1.39207 782.95 0.742263 0.69297 0.776147 0.795321 197.439 2.6135 2.13048 947.709
441.689 -0.514618 2.81665 329.358 -0.640938 1.65525 442.959 0.480768 0.711543 0.633527 0.708236 456.219 -0.883735 2.53899 1138.41
571.401 -0.163897 -2.47217 273.353 -0.887686 0.377506 883.391 0.119724 0.507191 0.748573 0.862932 108.72 -0.0323116 0.409818 1115.13
382.277 0.0436703 -0.830667 309.035 0.976953 0.522063 621.108 0.147711 0.456016 0.756454 0.80591 70.1566 3.03508 2.41743 1052.79
351.217 -0.0538778 -1.17847 318.591 1.51656 0.305247 747.692 0.809338 0.724904 0.739523 0.774709 269.791 2.66294 2.3577 775.78
469.526 0.228603 2.26284 281.898 0.6619 -1.05708 814.817 0.160821 0.148727 0.851164 0.871264 189.923 -0.451429 0.605648 811.809
334.981 0.553955 -2.01815 298.182 -0.126014 -0.122921 566.438 0.462381 0.641406 0.656274 0.72246 48.1664 2.03045 2.15337 849.871
868.168 0.401055 2.41274 415.815 1.13396 -1.88986 1109.47 0.627629 0.87774 0.586907 0.845777 347.478 0.141312 2.03117 1471.86
316.078 0.188733 -1.22959 307.888 -0.170184 -0.266393 331.839 0.559398 0.478256 0.637247 0.759817 272.282 2.52742 2.52618 901.722
391.351 -0.909799 -3.01255 382.156 -1.42187 -0.946629 713.824 0.463111 0.426482 0.75076 0.817823 54.5394 1.17961 2.09103 1164.8
342.475 -0.587915 -3.10011 286.497 0.690333 -1.82536 588.268 0.49162 0.557714 0.773676 0.733117 353.009 0.958874 2.22421 813.111
327.055 0.0704436 0.189757 272.664 -0.446767 3.04185 671.969 0.371951 0.457497 0.771156 0.619505 97.5379 0.746225 0.556468 854.191
419.016 1.06619 -2.86442 265.036 -0.864251 1.963 894.575 0.625781 0.489395 0.72006 0.76193 180.068 -0.170042 2.13304 849.633
462.556 0.0744276 2.06915 296.475 -0.526781 0.627879 569.213 0.628175 0.515002 0.765824 0.698842 682.396 -1.50887 2.13675 943.281
377.737 -0.565585 0.629771 368 1.0922 2.26243 883.989 0.504176 0.698503 0.713703 0.664417 330.868 -1.98112 2.03964 864.62
283.084 1.82348 -3.1111 270.496 1.33398 1.35515 469.452 0.760722 0.686632 0.754593 0.716137 27.137 -1.07078 2.04031 771.225
350.851 0.212083 2.78828 271.244 1.40687 -1.52295 671.707 0.750878 0.654568 0.698615 0.685127 134.998 0.7333 2.05498 788.705
383.447 -0.637844 -1.60967 294.568 1.39398 -0.600928 880.791 0.551359 0.730724 0.82689 0.827282 361.955 2.16079 2.51273 1217.5
510.237 -0.843485 -2.35397 275.397 0.148752 -0.647138 700.637 0.744436 0.479009 0.781775 0.821727 15.9904 1.40449 2.05163 981.522
314.18 0.846412 -3.09389 281.732 1.26641 2.20389 329.589 0.64471 0.742659 0.732784 0.789698 470.246 -0.291919 2.49581 917.298
383.863 1.02195 -1.30067 283.838 -0.938982 -0.610257 798.888 0.718145 0.754167 0.779977 0.74552 85.8955 2.37077 2.61174 964.484
485.642 -1.14094 -3.02556 327.264 -0.745794 -1.27654 667.869 0.555113 0.378571 0.729465 0.808656 556.605 1.0548 2.20282 1123.13
344.446 -0.515519 0.750806 285.038 -0.979167 -2.01498 681.756 0.787529 0.26378 0.701626 0.818108 276.754 -1.41598 0.598998 796.587
407.726 -0.423838 -0.821374 278.208 0.232012 -2.13147 481.547 0.688615 0.690402 0.763703 0.719073 195.311 1.61982 2.4412 878.95
327.077 1.7608 1.3012 311.469 1.60682 -0.74014 564.28 0.803159 0.718608 0.814475 0.794475 44.8353 -2.85684 2.1167 835.657
301.71 1.18092 1.74126 293.606 0.348668 -1.20326 672.145 0.591862 0.566134 0.791919 0.497545 488.383 -2.53432 1.33106 834.329
318.152 1.03588 0.40525 282.05 0.773865 2.23756 497.226 0.729684 0.641018 0.79411 0.718465 55.2848 -1.71282 2.11807 938.406
362.078 -0.485548 1.60784 325.663 -1.62682 0.0625868 647.98 0.830398 0.765272 0.669938 0.850233 129.781 -2.26797 2.33056 859.408
476.272 -0.922053 -0.248307 284.246 0.532915 0.205227 618.055 0.795065 0.740173 0.807612 0.814493 146.735 -2.88027 2.63196 1151.38
405.264 -2.06584 -1.36493 329.734 -0.178156 -2.69449 932.115 0.700468 0.590936 0.76184 0.711884 268.898 0.769311 2.13424 1055.56
371.531 1.69056 -0.4854 347.687 0.617229 -1.25584 509.53 0.710356 0.719215 0.674975 0.787042 122.263 2.00771 2.49311 1147.76
395.94 -0.127211 0.202808 271.676 -0.678046 -1.53399 573.973 0.664415 0.678453 0.782573 0.722855 106.575 2.39506 2.19225 969.774
381.631 0.0760275 -2.91207 302.948 -1.29058 1.95941 702.61 0.263433 0.394529 0.747638 0.603288 177.589 -0.22815 2.18756 1025.56
481.468 0.118557 -2.04425 397.313 0.0758062 2.6258 695.778 0.607639 0.143781 0.606828 0.572723 688.49 0.099902 2.14416 980.887
392.843 -0.348415 -2.1164 277.218 -1.16497 -0.396463 598.842 0.656323 0.478395 0.707619 0.815335 385.532 1.8283 2.22476 719.705
329.272 -0.550671 -2.50338 303.347 0.583297 -2.01605 427.622 0.695496 0.652631 0.750752 0.77433 110.304 0.613561 2.62961 998.05
401.533 -1.12502 -0.625452 253.811 -0.438731 -1.73016 429.851 0.599122 0.29986 0.787126 0.620203 138.375 2.45211 2.10092 811.665
354.762 -0.833428 -2.652 262.81 2.33133 1.8865 1510.22 0.47803 0.624775 0.71055 0.731109 154.395 -0.215655 2.10216 609.838
310.947 0.563023 0.405584 253.082 1.22413 -1.69128 540.857 0.730881 0.872441 0.818691 0.80723 175.49 2.49794 2.09236 608.324
425.681 -0.163004 -1.26603 413.098 0.361442 -2.38071 569.585 0.263936 0.835742 0.851411 0.85622 101.861 0.790727 2.05676 1160.12
395.411 -1.06443 -0.0400015 277.783 0.0569068 -2.98569 825.236 0.118517 0.226701 0.654266 0.838598 742.565 -3.0225 0.0368085 850.17
400.64 -0.322232 0.920697 304.536 -1.81687 -0.79789 801.993 0.292583 0.795792 0.635844 0.851721 117.884 3.00031 2.07962 909.508
276.284 1.59018 0.729587 264.399 -0.535837 0.780936 699.89 0.751422 0.832828 0.792615 0.802929 573.639 -2.22278 2.95237 712.978
433.544 -0.583468 2.74176 331.301 -0.223975 -1.67613 641.709 0.73635 0.639847 0.504347 0.790795 164.169 0.463561 2.13969 1187.25
350.687 1.14901 -1.9997 256.461 -0.0564548 2.03014 685.216 0.445359 0.467347 0.71085 0.744981 37.0809 -1.76828 0.231426 867.85
433.685 0.655702 -0.984882 253.008 -1.25968 -2.81303 909.715 0.647837 0.707247 0.790675 0.748133 320.375 1.47088 1.99928 789.124
383.855 0.748788 -0.36561 352.75 -0.644677 1.63339 842.3 0.77789 0.454963 0.711289 0.816875 540.663 -2.67519 1.9746 791.534
383.321 -0.626521 0.68815 283.373 1.66262 0.749351 939.013 0.755596 0.637405 0.78375 0.733422 402.981 -2.81681 2.71702 950.374
653.08 0.296388 2.43819 298.266 0.0503149 -0.231394 919.13 0.732255 0.547012 0.785653 0.596931 227.456 0.328447 0.559841 1178.03
293.787 -0.357501 -1.30175 262.965 -0.699053 0.94592 528.203 0.527157 0.785501 0.793877 0.854428 103.886 2.95426 2.00834 566.284
536.218 -1.7221 -0.708543 357.488 -0.149291 -2.68243 1101.21 0.655601 0.195589 0.831959 0.777095 142.94 1.4037 2.11225 1075.59
368.077 -0.0223373 0.0669973 259.284 0.540908 2.88925 672.056 0.684727 0.286705 0.709108 0.544514 307.238 2.70397 0.185284 795.492
308.009 0.227536 3.02337 276.318 -0.388719 -2.20447 375.766 0.345336 0.587269 0.830754 0.652135 189.524 0.798051 2.22532 909.56
336.262 -0.812325 1.535 305.343 0.790225 1.60088 577.812 0.732308 0.686749 0.74535 0.793256 227.556 -1.51783 3.05283 936.931
375.122 -0.905602 2.49618 288.345 0.702642 -2.18656 778.712 0.808264 0.442021 0.855291 0.570817 413.722 0.245195 2.25098 806.256
456.979 -0.513577 2.66461 295.468 -0.660927 0.613227 656.422 0.609579 0.82504 0.62085 0.754378 269.523 -1.61243 2.00614 848.976
258.205 -0.523809 2.3215 257.232 -0.557214 -2.63222 329.698 0.728333 0.646186 0.781877 0.698403 99.0253 -0.0912094 2.41271 716.114
489.733 0.90152 1.04047 324.378 1.38542 -1.11784 754.54 0.381823 0.725824 0.838929 0.797055 253.176 3.12726 2.03808 1067.48
448.669 0.229501 -2.98788 329.255 0.314187 -0.333919 771.99 0.697091 0.187547 0.734001 0.875341 574.107 -0.309358 0.0245612 1130.33
369.334 0.887907 -2.98674 299.072 0.503143 1.86997 474.926 0.254571 0.784594 0.711773 0.700301 78.4186 -0.444105 2.31407 809.793
324.276 -0.97232 2.2993 282.567 -0.61395 -1.84815 554.28 0.664459 0.484892 0.836694 0.734965 154.032 -1.78025 0.0678926 1020.68
1276.89 -0.644526 1.19895 255.775 -0.364535 -2.06282 1387.21 0.0676194 0.751813 0.699992 0.686344 1361.05 -2.11252 0.0496993 1866.26
739.936 0.997667 -2.74667 340.031 -0.812683 -1.43233 1217.16 0.288996 0.828337 0.73092 0.864822 175.146 0.849456 2.28179 1599.94
407.282 -0.198039 -0.0463657 255.243 -1.07761 1.43633 551.763 0.552194 0.649182 0.701625 0.774601 371.347 -2.53026 2.3166 898.331
272.992 0.399643 -2.5321 256.999 0.654482 -0.793532 423.516 0.735873 0.749546 0.773409 0.865396 89.2148 1.52546 2.22563 800.787
320.128 -0.195189 -2.12215 290.451 0.762256 -0.460998 553.735 0.794965 0.714415 0.808957 0.732935 274.06 1.86922 2.29181 877.224
343.679 -0.280187 2.1451 257.884 -1.52116 -1.6852 706.25 0.520854 0.368146 0.771101 0.70185 326.231 -1.52179 0.163409 884.851
336.315 -0.709457 1.34616 306.024 0.518743 -3.03407 677.749 0.314426 0.19198 0.741038 0.74784 353.61 -0.73082 2.07698 825.122
330.095 0.0845266 -0.0986648 268.944 0.0162768 -1.68795 471.478 0.810821 0.229897 0.836361 0.811218 330.457 2.06956 2.16823 771.531
355.96 -0.0258913 -1.43343 279.659 0.0796518 -0.230042 392.872 0.690496 0.786717 0.821405 0.716766 264.553 2.12512 2.35516 891.694
456.126 -0.962199 0.838363 290.742 -0.370851 2.21426 537.728 0.642241 0.563375 0.839243 0.647893 97.5932 -1.90721 2.16172 985.748
542.152 -0.497761 -1.48707 361.434 0.767287 2.37928 1042.17 0.795759 0.315398 0.837029 0.821018 246.409 2.58426 0.204977 1195.74
315.56 -0.484296 2.90224 310.342 -0.856828 1.58164 426.928 0.654407 0.717053 0.722425 0.623007 508.337 -0.942757 2.43819 727.202
269.465 -0.102841 -1.83675 256.629 -0.423506 2.60979 462.787 0.765143 0.642212 0.695517 0.651261 38.5697 0.328612 2.16536 742.686
354.918 -0.42261 -1.24938 260.177 -1.17761 2.91274 599.072 0.81339 0.606618 0.838108 0.826961 183.701 0.785391 2.03477 786.461
512.748 -0.00393616 0.304017 497.685 1.80552 2.51104 1394.11 0.495235 0.798111 0.744562 0.847776 304.543 -1.70487 2.00888 1319.46
379.422 -0.127235 2.63679 280.173 -0.112892 0.935561 503.141 0.810528 0.607129 0.812599 0.702416 215.157 -1.46931 2.17708 986.705
352.54 -0.627543 0.920066 289.545 -0.789311 2.35803 475.728 0.429431 0.670385 0.812793 0.605121 626.422 -1.53178 2.39337 829.412
422.291 -0.951225 2.46083 372.616 -0.700897 0.965201 566.337 0.39113 0.683182 0.791786 0.627536 285.087 -1.76576 2.0566 1204.4
369.503 -0.203307 0.656932 310.596 1.06029 -0.712704 634.69 0.750122 0.659137 0.778891 0.684126 832.612 -3.00669 2.29399 725.474
650.022 -0.458283 3.01706 256.138 -1.7849 -2.03458 779.845 0.795514 0.785548 0.783304 0.843827 315.844 0.115565 2.15015 970.752
550 -0.475458 1.58745 277.815 -0.199993 -1.36345 878.638 0.126872 0.626615 0.681036 0.672772 244.698 -1.75262 0.389171 825.537
547.89 0.690534 2.26753 522.868 -0.785458 -1.58551 1384.12 0.765425 0.121706 0.709937 0.694869 426.504 -1.15784 0.427675 1564.7
636.028 -1.30478 2.2975 276.181 -0.828747 -0.768346 919.405 0.281228 0.566795 0.551035 0.780125 209.232 -1.49662 0.728278 975.691
684.332 0.791676 3.0923 275.632 1.50174 -0.257379 950.391 0.144816 0.568591 0.745677 0.747514 436.496 0.249898 0.507277 930.396
366.512 -1.28772 2.27367 357.021 -1.30787 0.0358546 673.079 0.454072 0.293725 0.832927 0.842566 480.575 -1.95886 1.99472 722.407
490.246 0.620587 3.05418 435.439 -0.0689305 1.76934 659.058 0.77789 0.443008 0.634556 0.581757 396.845 -1.12489 2.10412 1015.7
387.161 -0.883336 0.304228 376.485 -0.5064 -2.97438 821.268 0.651254 0.590232 0.784899 0.616863 204.334 -2.90645 0.0679328 1048.61
320.144 0.0444946 -1.90629 288.01 0.658405 -0.429633 483.556 0.649579 0.696968 0.805493 0.735068 144.324 1.998 2.3789 954.122
423.669 -1.09061 -2.90266 409.39 -0.17204 -1.72611 642.212 0.763927 0.594188 0.830379 0.683875 430.657 0.380136 2.10625 1111.64
285.817 1.88996 -2.01058 276.241 0.242828 -2.18113 538.538 0.611331 0.675118 0.641312 0.840884 131.154 0.561204 2.57179 720.684
500.934 0.109772 -0.247393 253.779 1.29935 -0.0430577 478.413 0.574238 0.474812 0.720759 0.782179 528.815 3.11639 2.9194 908.594
384.494 0.142613 0.316524 276.924 -1.57912 1.33387 735.776 0.388779 0.57303 0.722537 0.811609 445.787 -2.19886 2.51539 729.362
344.737 0.653547 -1.58208 312.978 -1.41817 -1.31116 825.748 0.493156 0.515672 0.814585 0.735375 120.998 1.95941 2.7417 935.298
901.37 0.436289 1.46522 615.187 0.515022 -2.79767 1274.27 0.596943 0.598197 0.782356 0.721537 82.6573 -0.773915 2.02376 1973.45
405.164 -2.03079 1.61479 334.737 -0.44415 -0.223968 891.054 0.59814 0.269907 0.799703 0.701466 141.142 -2.33048 2.10651 661.479
329.414 1.49847 -2.81077 290.757 -1.23045 -1.36233 1208.56 0.477788 0.595001 0.79071 0.601641 175.978 1.01873 2.38106 606.629
600.784 -0.0164213 -2.13574 404.306 0.379899 2.37645 832.736 0.115485 0.804886 0.663721 0.817736 121.759 -0.0681582 2.06758 1377.41
283.366 -0.489228 -0.059191 271.132 -0.110119 -1.30037 360.063 0.344768 0.567081 0.720846 0.694629 151.862 2.70107 2.28174 837.953
399.889 -1.79992 -1.53581 314.891 -1.51483 3.03716 567.085 0.800773 0.658751 0.770702 0.821048 151.451 1.05133 1.98584 962.258
455.101 0.560266 0.865517 272.141 -0.124249 2.3574 577.281 0.804215 0.566607 0.778419 0.733187 46.9476 -1.57513 2.35065 819.209
281.732 0.153985 2.71642 270.774 -0.5706 -0.211403 624.495 0.760908 0.498435 0.760237 0.494384 12.1957 0.0862353 0.297639 730.5
327.304 -0.89509 -0.216057 321.139 -1.95478 0.0949382 395.402 0.669822 0.709984 0.812412 0.809815 314.077 -3.05502 2.83897 811.704
321.778 -0.454107 1.14839 267.606 0.0806918 -1.08195 582.436 0.585306 0.497916 0.76575 0.760243 159.921 -1.34639 0.264446 920.132
318.663 0.106721 -0.642715 268.704 -1.17705 0.262462 524.797 0.191676 0.434523 0.692393 0.580139 505.017 2.80653 2.54407 760.056
527.064 0.970581 3.02511 260.453 0.173581 0.465834 821.907 0.661809 0.308263 0.685212 0.770378 784.381 0.134513 0.331321 1029.99
330.882 -0.866871 -0.0576757 267.625 0.696386 1.56965 680.84 0.601763 0.729376 0.741268 0.662633 293.783 -2.50471 2.20882 691.373
310.823 0.511008 1.7498 297.129 -0.34669 -1.68606 701.307 0.285546 0.600283 0.779538 0.356907 245.715 1.87041 0.120618 828.135
420.476 1.07138 2.72897 262.373 0.505658 -1.46803 621.376 0.7732 0.700562 0.721354 0.741169 146.996 0.660309 2.06866 797.717
410.511 -0.935175 1.58511 272.739 -1.243 -0.934206 669.939 0.749615 0.605149 0.790398 0.885508 37.0527 -0.447165 0.487042 957.123
342.127 0.0184484 -2.94124 261.957 1.14189 -2.2326 469.694 0.278096 0.379077 0.747873 0.592885 119.258 0.786047 2.5559 769.785
279.764 -0.445042 1.66739 274.706 -1.45271 -3.07469 498.439 0.464991 0.721242 0.72599 0.787764 197.37 -0.917841 2.15685 700.065
331.827 1.16478 2.33256 328.943 1.37892 -2.91158 356.766 0.71196 0.686891 0.690531 0.729102 384.737 -0.090456 2.42302 904.446
478.609 -0.262711 -2.59324 282.965 1.38864 -1.62421 799.362 0.497423 0.580247 0.837928 0.762416 67.2256 0.934586 2.55879 935.708
340.426 0.0211205 -0.8771 337.813 0.952799 1.18098 685.164 0.399684 0.750731 0.645107 0.829144 49.9926 -2.91599 2.03889 852.396
354.442 -0.49136 -1.18121 259.305 0.512921 -2.73909 557.545 0.772764 0.493513 0.771406 0.435722 325.746 1.28026 2.26383 920.301
710.979 0.814521 1.36607 256.609 -2.10284 3.12439 1867.65 0.422735 0.822059 0.632704 0.838289 37.3288 -1.12071 2.03808 1369.88
429.262 -1.38707 -0.494061 314.332 0.777409 2.3542 1233.89 0.802447 0.305997 0.730867 0.785872 274.278 1.94028 0.413922 975.028
311.716 1.15596 2.39582 298.751 1.93629 0.825849 515.304 0.773724 0.756637 0.775764 0.795024 384.014 -1.5583 2.32906 692.093
322.23 -1.19948 0.979029 270.156 0.139187 0.189692 491.862 0.794549 0.51181 0.75649 0.666615 198.48 -2.40621 2.5959 800.566
529.139 -0.614112 -1.0689 350.085 -0.90825 1.85097 966.401 0.170833 0.242485 0.697583 0.781259 150.989 2.70393 0.852968 905.729
576.213 1.80571 2.39534 298.513 -2.21289 1.82991 3052.17 0.162161 0.735416 0.80501 0.792721 275.643 -1.27226 2.61559 1298.27
507.222 0.313301 -0.831799 327.964 -0.729719 -2.12368 686.856 0.659467 0.489853 0.744463 0.810903 276.776 1.68414 2.47537 991.881
423.578 -0.100176 0.675522 272.473 -0.31201 2.17919 480.521 0.617701 0.701621 0.850271 0.854773 113.135 -1.79917 2.30482 792.058
560.146 0.188603 -2.66235 350.66 -0.854055 1.44655 931.815 0.764753 0.659997 0.791735 0.78131 699.398 -0.602699 2.04925 915.06
326.643 -0.569348 2.00004 262.143 -0.193641 0.949216 339.825 0.732614 0.729116 0.822156 0.642788 451.235 -1.52397 2.47318 629.918
381.582 -0.767236 -1.11829 281.667 -0.770214 -2.991 545.535 0.799454 0.592078 0.69794 0.553103 196.616 0.970986 2.08928 806.999
414.129 -0.59931 -0.65954 293.765 -0.120157 -2.32877 559.915 0.395929 0.636491 0.816564 0.62559 347.635 1.92672 2.0277 993.957
358.069 -0.354375 0.814499 319.759 0.567843 -0.356899 506.868 0.395096 0.747466 0.534831 0.739211 675.923 -3.06008 2.40861 803.833
481.262 1.11257 2.07435 255.714 0.674562 -1.71674 780.594 0.171019 0.320384 0.806933 0.814806 248.148 -0.800143 0.916599 969.318
468.839 0.0280012 -1.00193 352.89 -0.93906 -1.92508 555.327 0.52481 0.712891 0.730088 0.683886 68.7717 2.05075 2.30736 1262.06
387.007 -0.14711 -0.30265 347.262 1.378 1.30791 833.385 0.394766 0.59387 0.660326 0.659975 194.675 -2.74271 2.23256 867.706
287.802 0.845439 -1.00242 265.698 0.919615 0.976009 481.749 0.741031 0.573044 0.75351 0.705101 108.958 3.07711 2.1011 836.639
402.576 -0.466669 2.37803 266.487 0.0819964 0.776655 578.492 0.46928 0.336952 0.754385 0.835635 719.893 -1.48664 2.2633 814.869
397.414 1.11304 -1.89843 326.264 0.552242 0.12561 709.422 0.463493 0.475233 0.503658 0.848926 509.505 2.18145 2.05584 729.382
333.335 -1.0425 -2.50105 322.785 0.5985 1.99718 805.65 0.514742 0.447759 0.69241 0.835132 254.964 -0.405604 2.09545 692.454
316.271 0.446966 -0.811259 253.018 1.20799 0.260521 381.958 0.645371 0.585946 0.741582 0.599452 742.782 -3.12515 2.31389 875.074
385.268 1.18609 0.898691 369.493 0.804618 -0.34617 493.699 0.450172 0.786584 0.759087 0.740696 1085.76 3.10447 2.20578 950.792
394.721 -0.124895 2.32175 346.271 -1.02979 2.89479 431.41 0.736819 0.772991 0.784602 0.740122 366.458 0.14159 2.18016 931.197
290.249 -1.021 3.07321 269.764 -0.70055 1.75462 362.56 0.735655 0.761351 0.755603 0.771612 74.2025 -0.88419 2.32578 808.014
285.311 0.189576 2.39356 279.399 -1.09337 1.39425 482.162 0.72508 0.372119 0.738875 0.729694 186.531 -1.0429 2.43715 955.821
656.424 -0.189564 0.2443 512.493 -1.04409 -1.23363 998.244 0.716933 0.149291 0.790526 0.776695 126.949 -3.11423 1.8806 1449.12
287.092 -0.0858184 -2.11762 261.778 -0.478372 -0.188865 487.66 0.666253 0.65107 0.760271 0.451789 409.566 -0.062431 0.126434 932.257
442.183 0.895785 0.37856 388.586 0.59094 2.34357 744.574 0.490405 0.392317 0.628665 0.691197 140.798 -1.88154 2.05808 1200.25
329.357 0.482676 1.5597 277.774 0.0841382 -0.480758 540.478 0.814106 0.611087 0.838307 0.786201 405.552 -2.54669 2.06593 665.171
496.259 -0.698838 -2.31848 413.079 0.0687433 -0.130065 900.665 0.631924 0.782196 0.756685 0.770527 215.676 1.95221 2.01249 1064.67
595.58 0.517421 2.10795 445.153 0.366174 0.152996 878.72 0.743662 0.46959 0.758376 0.606127 236.583 -1.91451 2.06751 1142.9
621.151 0.406395 2.3502 285.708 -0.477606 -1.02307 978.776 0.339443 0.269707 0.647639 0.568187 117.41 -0.995227 0.0278414 916.424
331.307 0.591879 -0.614326 267.664 1.70408 -1.79895 500.131 0.821837 0.605013 0.725224 0.582014 492.126 1.85344 2.46777 556.714
313.211 -0.499188 0.704481 262.785 2.10974 -0.0809202 1034.77 0.595472 0.828986 0.838102 0.787365 428.808 -2.85218 2.72653 636.255
429.987 -1.53011 0.787479 328.09 0.523383 -1.01019 1115.05 0.463982 0.645839 0.766893 0.700819 279.003 2.85521 2.06773 938.911
342.691 -0.067249 2.63179 312.708 -0.859971 1.24742 512.293 0.557949 0.707328 0.740011 0.698652 359.652 -0.79698 2.0444 895.178
750.023 -1.36741 -2.18719 262.034 -0.28246 3.01491 697.994 0.665073 0.471925 0.763912 0.645206 738.276 0.719568 2.29535 1171.3
357.341 0.505957 -1.35384 270.396 -1.51684 1.90011 995.961 0.692086 0.473473 0.84514 0.861871 71.3114 2.17883 0.278716 737.746
305.502 0.410664 -2.35516 267.053 -0.104249 1.33475 598.167 0.82239 0.251966 0.768658 0.71199 200.236 1.28902 0.0457233 840.191
746.17 -0.386593 -1.07693 266.966 -0.184073 -2.51635 644.714 0.715796 0.500271 0.835195 0.704742 277.888 1.88257 1.88426 1143.53
499.75 0.550027 -2.35409 313.809 0.950071 2.15053 676.091 0.715226 0.357197 0.746302 0.677057 417.788 0.00956299 2.14096 859.628
284.318 -0.139437 2.18065 283.491 -0.245736 -1.81891 542.102 0.80572 0.730009 0.785312 0.808689 43.3514 0.180512 1.99942 714.048
384.433 -1.02402 -0.025042 325.287 0.323971 -1.92378 802.414 0.276268 0.746294 0.756612 0.501123 368.152 2.15083 2.17587 834.254
283.028 0.731515 -2.06155 258.975 -0.0244928 -0.849801 404.061 0.85464 0.478949 0.788125 0.74421 235.352 2.16325 2.05838 869.749
345.154 -0.0451024 1.49429 316.404 0.53097 0.353619 417.909 0.618564 0.468397 0.633412 0.715858 226.74 -2.21843 2.57046 791.45
493.987 0.414196 -0.480899 344.758 -0.957057 0.260725 692.278 0.387062 0.762434 0.837853 0.791934 837.438 3.13254 2.66975 987.506
373.269 -0.316561 0.534502 341.37 -0.105483 3.10256 744.947 0.51288 0.71643 0.481572 0.797557 132.114 0.788212 0.253711 1136.05
317.867 0.266292 1.63891 288.728 -0.639446 0.338574 478.754 0.674414 0.72701 0.710341 0.808276 467.883 -2.06025 2.39882 637.722
746.275 -0.969694 2.28516 257.09 0.547687 -0.0934901 1175.34 0.102044 0.760088 0.440945 0.710433 69.4898 -0.364769 0.271279 1245.05
405.011 0.529068 -0.408712 280.99 0.270021 -1.48489 377.067 0.172082 0.805681 0.765666 0.749579 373.077 2.23288 2.56541 1080.86
441.764 -0.0220246 -1.43237 317.594 1.16257 1.33929 902.251 0.667103 0.552728 0.796452 0.620174 16.0438 1.00782 0.331474 1069.82
476.562 -0.0693629 -3.09526 277.276 -2.21436 1.27941 1121.59 0.543182 0.693444 0.530521 0.860968 579.408 -1.06299 2.03227 854.262
369.047 0.341082 -0.157181 290.72 -1.1808 0.449971 595.736 0.8171 0.748583 0.723368 0.840562 424.311 -2.66025 2.50306 828.968
447.022 -0.645933 -0.365826 356.725 0.0706192 -1.89967 638.577 0.474897 0.586054 0.829518 0.754742 295.752 2.07035 2.31317 1138.67
319.933 -0.088751 3.04616 294.23 1.14344 2.34837 475.097 0.611044 0.806433 0.651011 0.815386 86.2546 -0.0876961 2.43607 872.927
521.092 0.121494 0.252958 272.232 -0.370525 -0.707062 418.372 0.386748 0.664344 0.719359 0.737203 899.684 -3.04023 2.33317 1045.22
378.491 -0.0457095 -3.01365 290.017 0.599494 0.252595 743.835 0.293042 0.753244 0.564925 0.765669 44.2533 -2.96285 0.0508034 1029.76
416.718 1.15719 -1.61425 251.096 0.560165 -2.49937 365.867 0.521661 0.592018 0.558419 0.757724 1081.03 0.923666 2.53792 823.266
313.867 -0.0646504 2.25809 257.583 1.62115 2.06462 554.852 0.544783 0.779541 0.628302 0.839473 493.37 -0.977948 3.04256 666.689
289.651 0.372056 1.66401 276.928 1.37625 0.0233268 552.335 0.753752 0.332326 0.81448 0.449791 283.531 -0.46053 0.483857 780.229
374.168 -0.453065 -1.84053 267.538 -1.22554 2.8346 537.895 0.442847 0.501251 0.673526 0.824361 66.0946 0.371558 2.21209 1070.37
330.469 0.441819 0.50211 282.379 -0.0547682 -1.77517 623.693 0.731481 0.547565 0.768617 0.588487 111.417 2.56327 1.94474 623.351
517.744 1.07176 -0.466815 280.142 -0.0809984 -1.34996 584.628 0.738096 0.749905 0.794957 0.728572 276.756 2.13678 2.60359 947.19
378.773 0.727501 0.48888 272.836 1.39927 -0.743429 451.812 0.60731 0.707106 0.766437 0.752846 1009.35 -3.11923 2.37581 770.471
295.114 0.221858 -3.13329 251.729 0.394675 -1.45873 428.623 0.779621 0.658694 0.768884 0.773509 337.987 0.789057 2.24779 681.786
374.697 -1.32492 -2.25272 351.13 -0.0344741 -1.13632 639.221 0.451675 0.730964 0.717383 0.632641 532.098 1.58979 2.44067 902.415
381.953 0.085588 0.284964 284.427 -2.29356 0.248542 1004.49 0.737235 0.682505 0.898435 0.758663 347.628 2.80005 2.51509 732.02
366.098 -0.477107 -2.15872 309.011 -1.02979 -0.566587 530.929 0.643061 0.741496 0.797574 0.699338 156.731 1.54518 2.11176 1008.43
787.546 0.807099 2.51442 495.668 0.600932 -2.6668 682.172 0.408913 0.575664 0.859443 0.775575 214.407 -0.121762 2.54504 1832.45
406.419 0.505341 -2.63044 256.131 -0.720245 0.10149 785.254 0.48723 0.45059 0.836313 0.796404 214.495 -0.246605 0.348095 895.269
318.252 -0.0423564 -1.77155 260.826 -0.295833 2.51108 505.539 0.688902 0.80271 0.728965 0.835667 94.5441 0.43241 2.07867 728.82
452.192 -0.89849 -1.42567 378.786 -0.0742455 -2.11448 474.528 0.687104 0.534206 0.806829 0.549332 38.6741 1.45405 2.71466 1112.43
313.067 0.507854 -0.558789 277.196 0.151651 0.730305 379.918 0.707162 0.552525 0.726553 0.815316 250.462 -3.12243 2.43045 791.25
417.821 -0.726107 -0.103525 352.172 -0.525509 -2.26271 693.739 0.748453 0.730985 0.80333 0.692325 225.697 1.91953 2.02305 843.726
406.736 0.592153 0.0848081 284.372 0.180277 1.22816 434.495 0.534592 0.728597 0.507352 0.815183 524.779 -2.45504 2.53985 772.707
297.684 -0.801517 -0.670897 280.169 1.78327 -0.0359334 996.588 0.764484 0.531175 0.671158 0.816608 109.068 2.41907 2.455 1101.41
480.916 0.435553 2.47713 274.455 0.788791 1.07076 505.037 0.612403 0.41707 0.495302 0.666227 96.7559 -1.26538 2.33614 975.432
369.646 -0.704005 2.05944 295.752 0.795234 2.76685 608.876 0.397584 0.833296 0.816812 0.836794 101.283 -1.09734 2.419 1061.84
449.716 -0.1448 -2.701 361.906 0.371327 -0.877736 685.13 0.866231 0.614918 0.778655 0.623477 198.422 1.43878 2.14341 1082.26
445.983 1.66881 -2.65169 283.877 1.01181 -1.38401 523.485 0.318093 0.556561 0.771787 0.730129 309.271 1.12811 2.50339 1041.47
353.857 -0.564987 -2.60387 282.241 0.15815 -1.24982 511.192 0.358569 0.618038 0.761896 0.652464 308.674 0.972254 2.22207 800.024
331.592 -0.312684 -3.09065 256.549 -0.773006 0.203594 641.614 0.75465 0.450553 0.787573 0.740384 246.86 0.579318 0.375724 730.889
349.293 0.488598 -1.03898 302.623 0.864885 -2.35899 436.483 0.691597 0.722207 0.751995 0.843537 226.369 1.79992 2.12428 1050.48
523.74 0.529939 0.262872 274.003 0.11004 -0.901065 475.335 0.61444 0.490912 0.798426 0.664431 195.953 2.29339 2.03052 1289.21
648.134 0.871175 1.28157 300.744 0.446894 -0.407215 705.116 0.503975 0.668743 0.662073 0.831671 551.253 -2.77773 2.22388 1085.67
332.373 0.705373 -2.48553 260.649 -1.2519 -2.25113 688.055 0.805753 0.791764 0.725142 0.766566 267.757 1.69667 2.10099 784.797
296.044 0.769428 -0.872943 279.901 0.306055 0.988953 485.315 0.801973 0.649192 0.758928 0.636539 649.567 3.13001 2.14106 631.849
281.18 -0.0891201 0.153348 255.497 0.252367 1.59881 383.293 0.705597 0.732823 0.789257 0.589216 461.038 -2.58202 2.10236 598.796
281.722 0.379641 3.04846 275.754 0.141188 1.5297 406.913 0.43844 0.82942 0.803297 0.675336 299.605 -0.660551 2.19025 666.506
396.691 -0.164449 -2.42274 250.452 -0.357233 0.18695 637.5 0.778711 0.214104 0.742221 0.658487 158.127 0.0283854 0.158564 814.435
416.725 0.176483 1.78891 267.957 -0.147541 0.428068 457.533 0.652163 0.466657 0.467775 0.829894 192.87 -2.04089 2.45338 941.482
322.677 -0.499587 3.10646 264.267 -0.114352 -1.14749 556.008 0.789992 0.143014 0.821766 0.808703 120.751 0.801829 1.94931 649.243
396.638 -1.2088 -2.66744 276.536 -0.29294 -0.642507 677.279 0.740449 0.403028 0.723605 0.816178 325.326 1.53243 2.08331 721.218
368.819 -0.0938337 0.37716 333.733 -0.505298 -2.87764 745.94 0.486395 0.557293 0.740335 0.597513 119.86 -2.54359 0.334052 996.182
373.882 -0.805644 -1.18171 341.863 -0.652836 -2.681 510.064 0.764383 0.576757 0.80175 0.720728 392.302 1.07912 2.26082 947.459
287.632 -0.697551 1.08083 283.218 -0.244178 -0.363902 435.544 0.334181 0.806902 0.895338 0.72306 721.816 -2.48592 2.12201 520.51
440.614 0.482719 -0.985543 345.018 0.386578 -3.05405 688.699 0.75258 0.482169 0.771701 0.658165 164.039 1.07898 2.06452 1079.99
547.122 -0.0613851 1.79817 328.091 -1.39804 -3.0579 892.901 0.182243 0.817739 0.634596 0.637672 345.503 -0.653011 2.40489 1160.24
283.109 0.239373 1.27427 266.34 -1.12573 -0.44905 589.761 0.635348 0.802285 0.550841 0.757072 340.048 -2.99833 2.01059 622.668
523.127 -0.607545 -2.34928 316.075 -2.3228 2.62362 949.538 0.618771 0.779998 0.817941 0.772482 208.266 0.115398 2.46468 1004.62
619.711 0.706196 -2.94133 275.108 0.433704 -0.0605301 908.37 0.122707 0.823311 0.579132 0.751439 62.4057 0.546828 0.607358 943.051
444.317 0.120051 2.08436 256.153 0.817769 0.739363 509.594 0.60572 0.76649 0.700046 0.800044 116.355 -1.67387 2.41323 901.876
312.37 -0.581953 -2.7261 277.331 0.455261 1.86406 549.778 0.708477 0.648734 0.810031 0.755781 148.263 -0.568157 2.15795 672.504
292.55 -1.02317 2.1834 258.069 0.441498 0.541907 618.092 0.644161 0.293206 0.775956 0.78014 857.349 -1.63564 2.17754 579.917
464.655 -0.946154 2.19038 254.195 0.201023 0.340186 721.144 0.571283 0.535641 0.753905 0.868212 77.8956 -1.87653 2.21628 824.373
395.686 0.284504 -1.70065 273.567 0.628464 -2.87298 391.448 0.754988 0.747595 0.755416 0.544371 321.206 1.01691 2.39329 937.315
395.905 -0.682615 1.01923 253.494 0.664997 -0.181844 599.469 0.794736 0.697986 0.79975 0.770473 78.0863 -2.15664 1.9748 1182.22
361.71 -0.0697511 -2.91433 273.092 1.2122 -2.30071 490.535 0.610693 0.786171 0.61596 0.792928 216.335 0.810822 2.55804 884.11
372.12 0.183395 -0.910861 304.774 -0.696315 1.02014 714.274 0.340745 0.788572 0.731369 0.857682 131.607 -1.78926 0.878402 1498.01
374.364 0.502261 1.63262 259.034 -0.465723 2.30652 401.709 0.677086 0.41336 0.59807 0.676404 233.429 -1.65874 2.31793 1062.69
428.237 -0.543222 -0.310913 335.538 0.857099 -2.0987 868.135 0.388591 0.149079 0.673775 0.80317 704.873 2.18972 1.99476 755.599
316.617 0.647704 0.239402 253.425 0.578248 -1.71302 484.48 0.744247 0.546711 0.682892 0.749448 444.83 2.27048 2.03107 622.137
337.68 0.52815 0.553208 267.474 0.658713 1.64502 387.177 0.692694 0.11236 0.583916 0.452414 871.926 -1.49501 2.04822 673.573
629.118 0.634866 1.81716 250.492 0.255977 2.97822 490.091 0.635178 0.544922 0.753995 0.80377 1078.18 -0.95714 2.34783 892.295
427.166 1.12846 3.12725 349.86 -0.288159 1.99521 753.764 0.233398 0.794711 0.532166 0.85446 154.503 -0.932708 2.22323 1151.56
305.814 0.856649 -1.3507 287.265 1.02447 0.0979605 417.139 0.459029 0.731433 0.881278 0.7796 464.056 2.78343 2.14906 651.003
437.905 1.05889 -1.78773 311.92 0.845215 -0.0484522 612.054 0.359149 0.675236 0.816712 0.463396 852.701 2.24817 2.24728 777.373
372.425 -0.280908 2.38966 271.216 0.24704 -2.11641 531.539 0.441735 0.749411 0.640742 0.721957 40.7938 0.22124 2.16842 843.543
329.941 1.33592 -2.71913 312.096 0.549649 1.90695 551.968 0.765671 0.739632 0.773357 0.793967 270.608 -0.522816 2.19631 764.748
444.121 0.45669 2.13988 434.656 0.22468 -2.19396 742.876 0.450576 0.588031 0.754033 0.729962 187.388 -0.0613479 2.13261 1163.59
468.04 0.733883 2.12033 256.666 0.745468 -0.0950445 642.495 0.698495 0.768675 0.474962 0.721078 287.376 -2.11971 2.02467 999.507
535.758 -0.0845082 -2.02912 261.381 -0.146034 -0.826859 449.393 0.737009 0.561517 0.782125 0.755225 511.944 1.22088 2.04774 1061.81
334.56 -1.29578 -2.29075 254.545 0.541084 -1.11017 737.63 0.747247 0.357931 0.796672 0.721927 258.284 1.27156 2.38173 783.943
423.388 0.476826 -1.34847 370.679 -0.430695 -3.09793 724.634 0.6916 0.187106 0.685115 0.76441 742.616 0.799877 2.14835 885.382
302.208 1.72457 0.634631 279.672 0.537138 -0.52804 502.011 0.547538 0.557562 0.79241 0.485213 525.509 -3.04732 2.51928 652.151
320.214 -0.429447 2.79602 299.915 -1.10734 0.775696 581.328 0.50071 0.480801 0.671224 0.792358 336.848 -1.2459 2.0216 687.31
318.677 0.113654 0.143025 299.356 1.07214 1.53898 527.7 0.573159 0.388387 0.622774 0.440765 157.973 -2.41146 2.33274 914.771
447.689 -0.469806 0.363926 316.541 -0.209895 -1.08315 524.169 0.764257 0.615228 0.797953 0.705263 78.4221 3.01135 2.18868 1159.58
505.985 -0.270591 -2.20811 376.43 1.68028 -0.608952 1183.56 0.697274 0.630686 0.658167 0.780108 219.879 1.39009 1.99904 1130.84
424.45 -0.354749 1.61037 294.198 1.51574 -2.87647 960.228 0.539036 0.79169 0.708968 0.746278 385.321 -0.599151 2.20953 863.758
441.109 -0.0234523 1.26617 321.116 1.01328 2.50091 626.87 0.552034 0.623028 0.625636 0.809098 71.9682 -0.807843 2.07401 978.947
332.145 -0.238421 0.0572647 268.144 0.514121 1.96916 554.44 0.816346 0.763641 0.732599 0.768084 466.127 -2.18783 2.1262 848.248
264.521 -0.72616 1.32136 254.592 0.489417 2.27434 421.482 0.4708 0.561317 0.72113 0.660369 301.084 -0.889746 2.21111 714.595
335.421 0.422784 -0.323981 321.622 -0.0438215 0.882593 438.989 0.472993 0.403038 0.854012 0.697506 479.321 -2.67007 2.34609 750.677
330.27 -0.244893 0.871726 254.888 0.0810343 2.42398 436.092 0.768249 0.815062 0.628921 0.89614 319.879 -1.49466 2.36454 617.908
307.364 0.706465 -0.436948 263.139 -0.741447 -1.3215 553.561 0.184572 0.508634 0.695617 0.791216 15.1369 1.44127 1.87822 689.416
776.507 0.201007 2.21381 490.05 -0.070562 -1.04104 1328.05 0.154893 0.285184 0.664547 0.734686 73.2938 -0.365506 0.675533 1209.68
675.405 -0.441373 -0.176973 520.81 0.858349 -2.03242 1272.6 0.588195 0.698526 0.766121 0.763587 505.36 2.15483 2.09594 1510.6
599.158 -1.15843 2.67825 315.159 0.0430814 -2.26366 830.885 0.390504 0.55156 0.610318 0.845795 113.765 -0.237322 2.02634 1152.77
410.667 -1.39022 1.20794 307.605 -0.320795 -0.598949 698.784 0.705597 0.808879 0.772099 0.813703 136.888 -2.81638 2.21743 994.186
299.73 1.20148 -0.222295 272.852 -1.70478 -2.10808 1260.19 0.766846 0.378987 0.812719 0.688034 211.691 2.08599 2.08911 723.634
459.67 0.692689 1.42766 385.924 -0.261971 -3.0594 793.468 0.791378 0.6212 0.677989 0.638584 72.908 -0.670837 2.0985 909.78
323.062 0.213664 1.86382 296.309 -1.66177 0.845119 746.204 0.771715 0.761383 0.839301 0.802816 245.954 -2.1055 2.31386 721.081
345.455 0.179701 -1.79332 267.467 -0.0569472 0.0777706 513.497 0.722622 0.360857 0.68837 0.825602 406.241 2.47299 2.01688 722.28
505.459 0.484806 -0.353917 390.266 0.612114 -2.31286 781.119 0.312167 0.200636 0.514494 0.624645 530.507 1.75963 2.11355 1028.63
381.356 0.5388 1.04175 263.325 -0.597714 2.28725 563.638 0.357119 0.195359 0.774774 0.696466 640.816 -1.27868 2.32043 720.167
293.034 0.222744 -3.06086 259.314 -0.340471 -0.533744 574.49 0.777633 0.48748 0.730438 0.810443 144.399 -0.503187 0.0305564 716.506
287.138 0.325359 -0.214841 283.164 -0.470945 -1.95827 509.455 0.771832 0.816796 0.756618 0.782987 30.4823 1.95804 2.17288 798.925
428.5 0.822992 3.03647 356.715 0.772332 1.68462 514.539 0.239608 0.498762 0.612515 0.711195 418.11 -1.20703 2.03968 952.352
634.628 0.349718 -0.315818 405.659 -0.115561 -1.91558 786.492 0.553489 0.624191 0.409613 0.78526 545.023 2.10929 2.25832 1290.05
407.873 -1.17328 -1.37703 285.873 0.902427 -0.852409 869.126 0.688913 0.738914 0.773454 0.709424 532.421 1.45032 2.30273 1071.56
326.952 -0.581954 -1.42242 264.957 -0.101397 -3.1023 477.224 0.356478 0.574106 0.58631 0.577677 257.817 1.18267 1.99821 872.201
354.558 0.868218 2.05425 307.028 1.47166 0.624729 504.221 0.719442 0.407622 0.722093 0.802624 944.394 -1.84519 2.38374 636.974
322.553 0.73222 2.89264 254.778 1.58735 1.25779 502.679 0.762764 0.794131 0.80376 0.772795 482.838 -1.02024 2.27803 722.767
287.394 1.22551 0.911008 267.95 -0.461441 0.531573 549.992 0.579573 0.823154 0.851069 0.805452 178.452 -1.92499 2.45656 794.279
290.044 -0.00810475 2.95745 264.376 -0.671495 -1.75368 461.627 0.782449 0.384871 0.754678 0.637617 61.8699 0.51953 2.27321 763.566
536.727 -0.699946 0.226016 280.987 -0.782475 -1.17985 515.804 0.75807 0.737025 0.80539 0.682557 114.355 2.36412 2.1381 1103.54
372.507 0.720134 -0.175359 310.991 0.710644 -2.97339 710.812 0.825962 0.383686 0.790983 0.840127 224.539 2.05447 1.25533 890.035
355.751 -0.478397 -0.765407 307.912 0.871471 -2.81546 802.766 0.556286 0.777087 0.424209 0.726659 74.5998 1.33235 2.09776 834.046
376.454 0.900989 0.559787 318.063 0.534336 1.87497 467.253 0.741722 0.512021 0.744046 0.391689 341.631 -1.73428 2.29406 927.612
292.33 0.92717 0.125762 282.699 -0.205374 2.05232 592.674 0.696946 0.600906 0.87253 0.740109 316.724 -2.19702 2.03385 577.146
445.327 -1.84901 1.32328 261.433 -0.407543 0.484316 681.736 0.241527 0.221149 0.825992 0.821632 459.328 -1.91432 2.39863 944.778
347.396 0.0471292 -0.146136 269.156 -0.913179 1.47813 549.322 0.824121 0.437107 0.763964 0.767183 148.522 -2.45358 2.30744 818.765
400.673 0.283367 -0.214831 332.559 -0.401434 2.53594 805.492 0.824327 0.50223 0.795861 0.24572 111.662 2.18803 0.347914 952.958
313.776 0.666776 1.88184 275.192 1.67418 2.76173 414.25 0.563164 0.653145 0.729468 0.736203 623.543 -0.832748 2.68871 752.399
413.877 -0.526937 2.06372 362.612 1.27716 0.338412 997.603 0.356443 0.794394 0.58348 0.815962 506.453 -1.88612 2.22453 802.879
339.42 -0.263794 2.02668 288.646 -0.48674 0.0779319 544.466 0.787918 0.566827 0.715612 0.784838 173.786 -1.97355 2.05149 1013.3
308.544 -0.122911 -3.03917 295.66 -1.56856 -1.48703 651.892 0.668489 0.634008 0.837501 0.821463 272.639 0.639784 2.12681 858.367
505.992 -0.34135 2.77925 333.597 -0.273328 -1.88599 644.695 0.386657 0.579496 0.727482 0.353104 976.553 0.361344 2.24733 839.158
664.968 0.653263 1.52773 369.595 -0.296891 0.854818 603.656 0.771009 0.640313 0.675844 0.625733 477.231 -1.59033 2.44515 1346.67
451.973 0.996593 3.00651 373.312 0.580074 0.985545 729.72 0.794413 0.382578 0.715164 0.835688 285.681 -1.25097 2.0257 884.995
329.25 1.24636 -1.44149 282.258 0.442526 1.96307 692.43 0.602766 0.504362 0.516393 0.67187 539.674 1.69215 0.270922 851.323
326.362 0.585356 -2.51551 265.841 -0.281272 2.24288 509.852 0.705631 0.600495 0.766199 0.798267 148.375 -0.131651 2.37453 711.116
514.019 -0.257091 -2.83688 316.081 -1.46868 0.854084 1001.93 0.220206 0.677526 0.623453 0.673337 273.947 0.701153 0.152931 1160.85
347.717 0.458631 -2.79952 259.931 -0.0219235 -1.88155 332.897 0.449417 0.66308 0.553899 0.780641 147.826 1.2403 2.24337 976.492
344.192 0.827649 -2.31577 294.9 -0.226913 -1.47639 444.238 0.830049 0.69415 0.721582 0.716423 469.203 0.562315 2.03871 869.62
497.676 0.40595 1.43871 272.315 -0.481828 0.396666 511.693 0.730165 0.64369 0.763275 0.638508 756.479 -1.79816 2.19483 1031.28
374.945 0.465723 2.65242 265.001 0.870283 -2.44781 396.77 0.599756 0.77065 0.680014 0.820414 79.6601 0.46366 2.18876 830.518
565.09 -0.124812 -1.68454 444.955 0.889317 1.26505 1189.75 0.766285 0.386864 0.776943 0.633832 140.24 0.632031 0.633018 1336.62
305.886 -1.31627 1.98924 289.514 -0.837099 0.439723 463.299 0.792271 0.82795 0.782742 0.752959 302.787 -2.26739 2.02656 926.069
540.505 -0.321275 -1.51855 281.594 -0.567942 0.196747 615.902 0.22441 0.77949 0.748782 0.856542 52.3257 2.31928 2.12254 995.062
609.017 0.696437 -1.61633 333.571 0.205887 1.88079 953.285 0.76943 0.42033 0.826922 0.80784 293.241 1.50912 0.371677 1373.42
337.673 0.358688 -0.654082 305.309 0.302842 2.12514 666.886 0.277236 0.338496 0.706557 0.774336 314.284 2.05246 0.0726857 1050.81
358.817 -0.37591 -0.785003 334.821 -1.47358 -2.45725 670.071 0.580818 0.74217 0.766817 0.803294 354.215 1.42119 2.2062 872.898
330.331 -0.200677 -1.45871 262.113 0.715282 2.37208 664.134 0.722396 0.709953 0.596371 0.573313 138.478 1.90862 0.46346 916.925
341.893 0.436989 2.90123 274.465 0.0737889 1.20976 490.385 0.610578 0.54277 0.771387 0.749563 261.505 -1.07218 2.28195 806.355
337.617 -0.354168 0.73256 261.704 0.972369 -0.790179 609.722 0.674786 0.778427 0.794898 0.804872 105.654 -2.90168 2.11151 721.39
473.822 0.805106 -3.07229 333.938 -0.177436 0.349196 981.018 0.203585 0.477163 0.665649 0.714757 61.857 0.670101 0.320905 847.768
342.556 -0.154745 -1.51188 327.557 1.20531 2.2238 840.015 0.624287 0.782055 0.818949 0.713069 112.798 -1.40038 0.111496 1006.54
369.365 1.09877 -1.66728 343.306 -0.607922 -1.5069 706.538 0.506431 0.764001 0.755408 0.81775 183.437 1.0517 2.5586 1209.24
319.465 1.45762 -1.61595 316.418 0.337276 2.37273 735.743 0.540219 0.650698 0.592737 0.80077 203.009 -1.62983 0.0138819 793.065
293.912 0.243803 1.24869 289.851 -1.11981 2.28669 527.365 0.691692 0.756382 0.816357 0.792173 36.298 -1.20257 2.45126 977.097
302.365 1.63663 2.0103 286.4 1.28645 -2.54414 479.798 0.530771 0.7301 0.545129 0.775057 155.802 -0.0845528 2.09485 713.867
386.487 -0.697274 -1.98775 270.106 0.253236 -0.696455 522.793 0.78295 0.773247 0.697506 0.829258 336.256 2.1055 2.18993 836.92
494.54 -0.294451 -0.404988 264.816 -0.166898 2.75256 773.222 0.315447 0.370061 0.751116 0.594088 208.272 2.93525 0.182689 783.939
607.659 -1.33818 0.736669 346.074 -0.4959 1.43852 549.679 0.67065 0.602989 0.729955 0.578931 148.107 -1.44733 2.184 1374.13
653.579 0.956325 1.04894 367.447 1.26961 -2.69772 1008.14 0.588837 0.260386 0.681499 0.752599 142.585 -2.45986 0.237854 1203.2
429.665 -0.557701 -2.17881 252.731 -0.866917 1.43327 712.755 0.391688 0.52724 0.859463 0.593756 38.5619 1.97327 0.539999 933.531
344.803 0.6155 0.483941 283.233 0.6616 1.62163 359.842 0.229186 0.516492 0.789777 0.780424 200.982 -2.50804 2.15352 947.357
347.282 0.628702 2.70199 288.092 0.448636 1.2886 435.044 0.567749 0.808058 0.599782 0.797344 478.712 -1.58443 1.99677 867.038
506.63 -0.200959 -2.6344 261.805 0.517495 2.74977 434.554 0.57905 0.676761 0.54783 0.733237 493.493 0.471849 2.27793 1021.47
463.501 -0.109512 -2.44583 295.476 0.694748 2.01687 683.902 0.776417 0.629988 0.752782 0.582601 578.777 -0.0213783 2.03824 906.723
376.317 0.341453 -1.67227 278.658 -1.2301 2.52117 816.439 0.804697 0.601992 0.783938 0.633078 462.111 0.505787 2.01538 662.419
360.264 -1.58296 2.85491 263.855 1.06296 1.48674 1151.28 0.681453 0.736698 0.756346 0.809796 268.742 -0.822818 2.30956 878.865
543.04 0.624388 -2.93634 282.796 1.31688 1.75781 643.392 0.453858 0.705445 0.718085 0.845699 318.375 -0.866918 2.06942 1059.34
635.208 -0.107025 1.89185 273.043 0.379384 2.8964 497.669 0.489626 0.565232 0.656415 0.734336 614.687 -1.14346 2.24332 1071.26
432.85 0.524023 -0.0759304 375.312 1.02112 2.70985 872.263 0.189546 0.343141 0.696789 0.740188 23.0013 1.95031 0.759538 1130.84
451.188 0.232975 1.80329 303.767 1.57257 -2.86206 765.925 0.497961 0.781187 0.723828 0.755012 183.811 -0.744211 2.11784 920.355
358.012 0.475721 1.21138 274.867 -0.80487 1.32753 441.748 0.657023 0.530423 0.787689 0.61465 55.3557 -1.51826 2.72963 1067.14
324.416 0.709565 -3.05261 301.265 -0.757327 2.0343 627.058 0.878568 0.769334 0.798135 0.557438 352.623 -0.35165 2.38595 735.315
365.954 -0.101225 0.354946 305.257 1.20477 1.9658 690.225 0.625822 0.763439 0.741656 0.727572 89.2296 -1.99446 2.32292 1005.27
464.989 -0.338764 1.83085 254.593 -1.42202 0.842576 518.029 0.519486 0.54592 0.646819 0.809387 909.08 -1.64206 2.48464 703.267
342.397 0.37788 1.92194 327.249 -0.635207 -2.76226 601.652 0.49315 0.801612 0.760982 0.8124 477.898 -0.206026 2.12797 817.324
283.455 0.0372836 -0.172482 258.701 -0.786807 -1.76383 457.975 0.758723 0.534952 0.658363 0.760131 55.2231 2.2239 2.29546 625.833
434.2 -0.0291657 1.29752 277.285 0.396775 -1.79373 796.605 0.168366 0.361727 0.857425 0.718311 42.3552 -1.98144 0.187707 687.144
371.92 0.861624 -0.308295 313.182 0.249867 -2.13629 628.419 0.582077 0.462304 0.763084 0.822226 253.371 1.98726 2.15963 997.485
330.246 0.302088 -0.52889 252.604 0.0236136 -2.3126 474.676 0.304292 0.656376 0.785323 0.707616 161.471 1.48483 2.01372 895.748
415.174 1.01599 -0.665453 362.4 0.886053 1.02684 594.913 0.801003 0.310575 0.722646 0.758122 820.922 -3.07692 2.17942 954.891
363.051 0.786854 -2.798 281.498 -0.598387 -2.3754 515.425 0.756955 0.490497 0.820959 0.766535 452.176 0.56545 2.91973 924.565
340.122 1.67187 0.580755 278.073 1.23515 -1.3141 536.105 0.796845 0.734291 0.677847 0.765941 206.8 2.6959 2.11514 673.844
350.499 -0.132518 2.87876 346.141 0.196788 -1.11541 685.845 0.164545 0.811184 0.650964 0.648888 362.606 0.971567 1.90719 793.866
386.767 1.07069 1.62716 367.117 0.866235 2.70906 417.225 0.523898 0.631327 0.810018 0.472539 993.386 -0.968144 2.59531 932.608
312.979 0.0513923 0.675199 309.829 -0.120286 -2.16277 682.393 0.512894 0.6551 0.880123 0.768271 67.5712 1.09736 0.422156 782.57
346.608 0.713398 2.1714 302.233 0.552587 0.394196 519.924 0.734512 0.66781 0.664015 0.748164 566.868 -1.6865 2.0807 618.641
376.387 -0.860065 0.13121 352.922 0.949808 -1.6049 945.418 0.471502 0.809326 0.659334 0.800558 122.855 2.66724 2.01105 1031.98
380.023 1.09918 0.105467 324.981 0.993312 1.62076 495.719 0.803717 0.378894 0.851238 0.823013 125.195 -2.44732 2.2151 1182.44
377.847 0.468745 0.451354 305.375 -0.136396 -1.37225 598.267 0.625678 0.604546 0.676344 0.7694 151.74 2.66585 2.21449 997.565
632.173 -0.399572 -3.07774 296.494 -0.00453794 2.15086 492.618 0.387611 0.827269 0.756874 0.730554 132.363 -0.201109 2.35197 1143.17
321.949 0.56643 1.83158 320.54 -1.3635 2.3536 796.519 0.406224 0.781519 0.704683 0.812819 252.978 -0.829374 2.66096 787.56
305.25 1.11802 1.49292 258.528 -0.133513 0.0606362 541.511 0.561823 0.333766 0.829785 0.799609 367.09 -2.40654 2.38372 732.174
395.24 1.23482 -0.305754 333.684 -0.755538 -1.63116 965.819 0.602389 0.757456 0.763416 0.618414 156.099 1.99813 2.30389 988.142
426.379 0.375764 1.0195 270.28 -0.374106 -0.597999 566.5 0.602463 0.82384 0.522954 0.805966 263.38 3.10374 2.08425 979.107
292.401 0.884592 1.73111 288.954 -0.279388 0.340763 543.264 0.618524 0.169725 0.697716 0.612839 238.497 -2.01134 2.35211 902.904
294.247 -0.606748 -1.09674 254.513 0.117207 -2.63712 440.37 0.790312 0.442315 0.709281 0.806889 180.015 1.29962 2.34645 932.835
302.359 0.422201 -0.629542 274.68 1.34797 -2.44728 562.581 0.577015 0.749802 0.734344 0.712657 460.691 1.48693 2.11647 614.021
292.021 0.390183 -2.97842 289.037 -0.432286 1.70698 499.293 0.182847 0.453769 0.773925 0.784415 351.397 -0.905089 2.07333 747.596
395.596 -0.0535491 2.37779 252.58 -0.567688 -2.85224 399.292 0.33185 0.550971 0.779883 0.610529 599.05 -0.416731 2.43551 969.399
305.539 -2.00184 1.63117 258.066 -0.402938 1.4427 516.732 0.689926 0.418841 0.766574 0.56987 273.837 -2.40102 2.251 810.408
580.841 -0.375772 0.0884557 348.175 -1.17088 -1.23818 722.147 0.464426 0.832673 0.637901 0.802662 406.755 2.21245 2.124 1149.64
367.524 0.739283 0.200269 292.623 0.729538 -1.61029 547.705 0.455636 0.730469 0.485415 0.701549 321.85 2.54659 2.12631 823.086
464.896 -0.361118 3.05126 343.17 -0.679776 -1.47187 668.288 0.784009 0.161971 0.749678 0.651766 508.259 0.987004 2.06426 953.859
434.503 -0.568933 1.14496 252.742 -0.313088 3.02939 555.143 0.823112 0.821157 0.792928 0.810411 606.384 -1.22233 2.03146 730.33
709.279 0.498007 2.3233 266.375 -0.975795 1.56484 794.398 0.630104 0.678079 0.750059 0.804243 339.235 -1.66058 2.2993 1147.18
314.858 0.87787 -2.69391 291.839 0.849963 2.16234 416.083 0.353724 0.765912 0.557051 0.670811 629.44 -0.666453 2.02746 744.693
361.943 0.754703 0.117332 327.576 1.31727 1.68143 540.057 0.651089 0.679386 0.860475 0.803126 60.8289 -2.41268 2.18908 1124.42
473.348 -0.439958 2.17931 294.539 0.471267 0.0422999 771.397 0.635354 0.31227 0.597586 0.835163 80.8316 -1.92848 1.97078 762.98
544.59 -0.443115 1.39524 325.041 0.300887 0.102448 672.854 0.17158 0.771425 0.499205 0.795957 349.313 -2.45485 2.43309 1324.13
501.09 -0.407978 1.82205 292.53 0.139434 -1.14152 894.794 0.162667 0.185657 0.378387 0.642362 257.32 -1.18666 0.0451375 810.774
291.553 -1.03281 0.238753 284.275 0.632374 -1.96361 753.982 0.642696 0.444251 0.806918 0.535391 268.511 2.32871 1.99086 754.964
280.94 -1.19672 0.666626 262.679 0.457511 -2.80728 784.627 0.624448 0.414137 0.695602 0.685759 191.525 -2.83459 0.0273037 663.472
406.164 0.861391 2.40704 289.74 1.14825 -2.49747 482.375 0.136737 0.703933 0.721859 0.765583 85.5121 0.131834 2.27521 937.033
679.934 0.381472 -2.59306 323.605 -0.6346 -2.97114 538.911 0.606834 0.694543 0.768425 0.563597 126.676 0.0149774 2.60804 1418.78
425.17 1.58648 -1.39152 265.48 0.231129 0.073153 690.784 0.528576 0.701905 0.728416 0.855324 269.586 2.41682 2.34367 1072.06
441.368 1.25208 2.95361 300.613 -0.675893 1.21083 995.522 0.855162 0.567561 0.799452 0.804198 155.578 -1.26086 2.06872 1052.97
337.603 0.324078 -0.481796 279.262 -0.85489 -1.58343 521.147 0.690184 0.854734 0.718271 0.76004 328.509 2.02277 2.50457 805.07
758.058 -0.428761 -2.9397 366.257 -1.4445 0.46848 1273.32 0.0962987 0.223256 0.807955 0.679962 114.423 0.453548 0.0149318 1320.77
494.871 -0.769497 2.19861 285.816 -1.11479 -2.90722 456.192 0.746476 0.682907 0.749561 0.740131 339.13 -0.842228 2.06499 933.4
317.194 -0.770187 -1.02189 284.043 2.04005 -2.34937 1220.36 0.512038 0.686948 0.785355 0.787739 472.309 1.52455 2.40926 826.439
424.847 1.14707 0.00359564 314.887 -0.761104 2.10081 1049.07 0.773303 0.4913 0.843108 0.775389 225.523 2.60624 0.505433 1104.05
329.077 0.160629 -2.82043 328.369 0.982642 1.71668 629.264 0.360734 0.615301 0.593956 0.654021 198.572 -0.640379 2.18005 764.244
665.974 0.32811 0.639555 390.265 0.109332 -0.871013 744.16 0.683139 0.52965 0.726191 0.794258 121.867 -3.06295 2.19194 1390.76
384.62 -1.69704 2.2116 274.425 -1.05906 -2.05143 636.728 0.827521 0.490557 0.813772 0.651484 563.247 0.0503638 2.1018 622.819
693.135 -0.620298 -1.607 339.788 0.326781 0.407677 967.503 0.775133 0.670813 0.807383 0.706806 288.95 2.4547 2.04703 1144.21
468.918 0.0407497 -0.357257 258.428 0.0196858 1.14466 546.491 0.725424 0.274976 0.812105 0.733811 274.113 -2.69609 2.33883 766.895
309.111 0.282517 0.17455 276.988 -1.03129 -1.30065 587.114 0.303589 0.691213 0.758861 0.66518 351.717 2.51426 2.33971 811.929
574.029 -0.887349 3.04599 352.959 -1.0228 -1.71848 639.645 0.716997 0.582973 0.767315 0.697145 261.828 0.450859 2.16934 1120.91
381.936 -1.72427 -1.48251 254.83 -0.386668 -2.1199 507.634 0.707649 0.554508 0.647083 0.811285 250.802 1.86486 2.29843 798.121
564.029 -1.43512 1.1856 308.051 0.285763 1.9093 882.794 0.518486 0.737928 0.722064 0.734754 288.897 -2.08756 2.28632 1187.55
316.292 0.449945 0.113396 303.622 1.53195 1.21536 494.012 0.555741 0.829736 0.584255 0.725979 437.102 -2.1725 2.28589 743.834
335.463 -0.8762 0.294203 299.415 0.963626 2.46321 886.848 0.537523 0.784997 0.707257 0.753099 275.301 -1.6769 1.9711 816.259
436.234 1.64965 -2.56627 343.704 0.359885 1.04152 972.445 0.585655 0.449032 0.734399 0.765009 42.5091 1.31969 0.278178 1003.21
377.129 -1.32714 -0.749205 275.331 0.93442 -1.62144 939.962 0.762271 0.734701 0.770049 0.724946 313.162 1.91364 2.66285 919.199
514.868 -0.16841 -1.12663 253.05 0.722686 -2.80092 654.29 0.762085 0.566717 0.781971 0.642417 590.303 1.40558 2.07669 819.326
403.858 0.360604 -0.269577 298.309 0.0106267 -1.78742 531.794 0.331706 0.586663 0.889126 0.750658 679.099 2.01077 2.28035 774.597
453.649 0.702801 0.162968 280.871 1.69239 0.62736 427.209 0.761877 0.630099 0.809945 0.795509 197.275 -1.94761 2.11058 1154.03
514.823 -0.218941 0.148561 295.39 -1.14586 2.24639 816.042 0.767225 0.322302 0.730811 0.779531 195.736 -1.90218 2.05074 880.03
799.271 -1.11233 -1.51938 252.854 0.896757 -0.25492 1201.86 0.751062 0.48759 0.717206 0.642167 800.624 1.76885 2.02377 1438.76
313.761 -0.566008 -1.67667 273.349 -0.00422165 2.12472 635.541 0.659773 0.500627 0.695131 0.453251 139.891 1.92405 0.200668 824.388
266.874 2.20565 2.91672 265.916 0.384216 -1.81052 682.437 0.827625 0.67111 0.828576 0.538523 114.79 0.656566 2.26015 663.248
415.322 -0.233544 2.40106 329.418 -0.0280678 -2.13483 584.155 0.783663 0.782491 0.796255 0.747567 151.685 0.346888 2.05417 917.061
576.271 0.522007 1.56565 382.318 -0.475604 3.03025 805.737 0.725146 0.639649 0.771767 0.519166 400.457 -0.760439 2.32609 1034.97
386.591 -0.999464 -2.33406 276.15 -1.9732 -0.292855 682.868 0.60695 0.753368 0.684115 0.798996 84.4401 1.87091 2.07821 788.61
441.742 -0.89494 -2.20093 282.991 -1.03236 2.57935 500.482 0.798767 0.584581 0.748263 0.785714 789.693 0.570747 2.0086 782.639
386.431 -0.523512 2.22392 264.09 0.889209 2.1446 513.682 0.482353 0.577443 0.806755 0.751019 314.927 -0.755336 2.89994 898.339
394.761 0.382584 -2.00948 308.178 0.838352 -0.0866421 633.096 0.361827 0.628279 0.597395 0.818272 639.896 2.00714 2.09378 751.143
369.025 0.399954 -2.5924 260.242 -0.351838 1.754 579.061 0.531278 0.602884 0.705655 0.660903 62.5538 -0.400672 2.15467 916.985
317.141 -0.202363 0.257244 292.901 1.83518 0.807207 766.537 0.700809 0.699194 0.815829 0.742338 93.7652 -2.26091 2.51816 925.057
294.362 1.54687 -2.34041 264.479 0.114883 -0.808781 595.241 0.187151 0.534527 0.761662 0.594326 411.141 1.47415 2.28293 636.483
324.514 0.420986 3.06068 281.275 1.20975 -0.829309 662.082 0.26518 0.643143 0.667345 0.762328 98.1722 -2.96331 0.259196 837.797
352.345 -0.904034 0.311892 252.937 -0.875033 2.52772 549.28 0.892145 0.725852 0.803507 0.632434 228.435 -2.88133 0.874133 1047.37
275.033 0.898329 -0.95761 250.77 0.322925 0.679362 431.598 0.713919 0.657327 0.790228 0.798177 143.582 -2.99708 2.03947 595.782
309.131 -0.716678 -3.03319 290.778 0.493429 1.8234 572.056 0.729025 0.694262 0.751959 0.724481 167.212 -0.869767 2.16342 864.602
410.532 -0.351749 1.14698 259.545 -1.34711 2.70864 603.201 0.524884 0.814481 0.668457 0.695464 392.644 -1.30539 2.26916 831.961
643.434 0.958148 2.5941 326.721 0.645662 -1.09213 980.008 0.0718648 0.689255 0.799303 0.755532 294.704 -0.631311 0.460817 1108.78
420.699 -1.74141 0.27538 310.147 -0.575754 -0.904144 617.109 0.423449 0.801294 0.72552 0.710656 204.231 2.64648 2.3711 1025.66
359.096 0.104852 -0.715773 290.421 -0.761329 1.26364 638.84 0.6122 0.189443 0.583708 0.566711 77.214 -2.8297 2.11393 774.031
1001.3 -0.426957 -3.11803 334.512 0.143444 0.0456351 1333.14 0.0827921 0.625517 0.761707 0.450816 503.94 0.319375 0.27374 1567.45
405.95 -0.0926022 -2.17646 261.837 -1.21369 -1.00962 536.891 0.493553 0.791145 0.542451 0.769441 480.326 1.35893 2.36855 748.204
392.389 0.560644 -0.773304 268.963 2.1425 -0.0875083 655.307 0.530712 0.692246 0.834747 0.692362 167.445 2.431 2.51851 1007.56
447.249 0.0368499 -0.623344 388.512 0.702033 0.621688 602.816 0.625824 0.678424 0.661368 0.806683 1031.93 3.01011 2.38842 805.047
361.814 -1.48111 -0.0486937 283.839 0.0518992 -1.51508 722.093 0.380026 0.65875 0.779202 0.764504 271.954 2.31714 2.36584 989.669
368.848 2.01229 -2.69 279.182 -0.77368 3.10524 1231.96 0.770822 0.535139 0.745052 0.61733 445.455 0.49598 2.60926 792.459
315.136 0.0703002 -0.656949 276.085 -0.746049 -1.8397 451.033 0.664042 0.577676 0.68789 0.862443 121.981 2.32172 2.12176 756.24
361.882 -0.302216 0.774509 322.118 0.598568 1.77078 471.1 0.226294 0.569076 0.784411 0.58962 333.028 -2.05741 2.45499 934.025
378.915 1.33283 -2.69574 255.253 1.04112 -0.69038 557.213 0.455319 0.539627 0.665747 0.223186 306.431 -0.475082 0.215298 1024.72
419.149 0.145108 -2.18574 399.007 0.769634 -0.326451 712.157 0.680386 0.694084 0.744626 0.576624 89.7473 1.8833 2.20976 1059.09
315.663 -1.66541 0.396353 255.713 0.716425 0.948634 870.887 0.821446 0.82797 0.789669 0.691592 74.0367 -2.5357 2.79885 974.006
380.872 -0.958167 -0.646814 325.659 -0.0886983 -2.526 660.242 0.598962 0.577198 0.689011 0.739843 305.809 1.5648 2.19238 849.768
469.421 0.148411 2.06988 374.364 -0.312013 -2.77676 599.857 0.723654 0.67695 0.6325 0.851394 222.624 -0.702451 2.07431 1301.58
411.532 0.750992 1.26237 342.023 -0.282948 -0.0537666 629.238 0.755326 0.854335 0.818851 0.784218 306.441 -2.98669 2.03412 883.43
340.972 0.228188 -2.99867 308.128 -1.52318 2.71376 679.277 0.753924 0.707448 0.782114 0.746607 36.5421 0.190335 2.52342 880.165
377.504 -0.846062 -2.87204 277.434 1.93578 -1.71055 1281.71 0.500041 0.837205 0.781622 0.722521 118.482 1.32851 2.08264 762.437
269.146 0.697232 2.41239 253.492 -0.15967 -0.0877877 578.289 0.77246 0.349543 0.78915 0.605855 74.7234 0.239192 0.32698 730.049
356.972 -1.01 -2.22321 251.225 1.59886 -2.60111 1037.26 0.411553 0.788777 0.864013 0.790567 244.232 0.791685 2.89039 735.183
298.66 -1.55158 0.172268 253.003 -0.566647 2.1941 614.291 0.463512 0.457875 0.826738 0.678054 98.382 2.59054 0.396432 901.956
420.763 -0.637685 -1.73097 299.457 0.599149 0.209883 783.083 0.271604 0.644597 0.778119 0.676754 234.597 2.38984 2.16238 969.163
477.062 -0.319808 -1.7111 289.774 -0.914649 -0.207155 587.792 0.58616 0.294864 0.807147 0.661162 37.9205 1.96381 2.17097 956.751
281.999 -0.513982 -1.63073 268.436 -0.878345 -0.30727 374.254 0.607739 0.668455 0.643761 0.761285 130.5 2.16165 2.46892 956.568
291.516 -0.610784 1.71634 275.577 -0.369532 2.90368 360.756 0.588579 0.772356 0.779256 0.777447 49.4382 -2.25462 1.12489 871.566
365.598 -0.494117 1.68402 309.299 0.0742365 0.413855 463.628 0.494959 0.281734 0.75251 0.717398 260.606 -1.63866 2.05251 1066.71
432.267 -0.0678647 0.141605 414.663 -1.61971 -0.470672 779.589 0.664785 0.350037 0.79414 0.757968 400.682 -2.96427 2.4936 1303.07
317.717 -0.121424 -2.71714 290.957 0.0740588 -1.53311 358.77 0.609775 0.699336 0.766367 0.648727 648.798 1.44662 2.11943 792.675
289.206 -0.501096 3.08148 280.7 -0.517104 0.411573 568.987 0.589863 0.353996 0.761647 0.737707 239.68 0.751606 0.340033 792.196
442.898 -0.294326 0.772625 264.541 1.36796 1.49087 698.234 0.775503 0.844739 0.684602 0.728649 474.934 -2.33182 2.46049 819.905
742.166 -0.140526 0.527026 350.732 -0.209599 -2.26948 1053.47 0.0775623 0.575293 0.833119 0.603583 271.417 -2.48288 0.213398 1212.19
286.1 0.505312 -2.02244 270.26 0.362013 -0.220974 454.37 0.708544 0.637683 0.770523 0.743125 45.3354 1.84534 2.06632 899.042
327.764 -0.445464 -0.421451 326.394 1.3085 2.01876 916.414 0.414034 0.531446 0.773535 0.664739 128.423 1.79528 0.223483 1166.81
310.943 1.29465 1.66656 263.871 -0.719 1.37113 711.86 0.778726 0.424076 0.8237 0.786774 475.002 -1.16375 2.53489 811.461
499.895 0.991693 -1.64129 261.267 0.289193 1.57746 812.909 0.339425 0.504327 0.761837 0.555938 93.1939 1.45629 0.121169 748.454
473.943 0.649839 -2.58063 254.959 -0.228359 0.425435 808.612 0.231153 0.215943 0.656475 0.774426 222.184 0.554391 0.128956 846.402
300.83 -1.49986 0.155138 265.993 0.453801 -0.930047 712.222 0.489416 0.266215 0.787868 0.810385 164.808 2.31785 2.16272 765.12
355.973 0.429729 1.0876 350.798 -0.140734 2.49747 527.09 0.653652 0.482899 0.714444 0.740385 579.743 -1.2715 2.3591 808.35
362.193 0.0835083 -2.31269 250.018 1.04489 2.29119 542.639 0.371823 0.648988 0.654747 0.74512 74.8661 0.235875 2.05532 951.539
303.662 -0.80288 -1.17785 282.214 -0.373138 -0.0911249 349.152 0.719387 0.430753 0.595779 0.694372 655.319 2.47076 2.56189 782.932
317.629 -0.398225 0.815652 294.711 0.358804 2.15095 467.631 0.211246 0.628829 0.628135 0.679296 235.899 -1.84802 2.28421 915.808
539.587 0.235419 -1.36972 291.333 0.432433 1.63552 855.72 0.0745957 0.496026 0.789231 0.461787 103.926 2.39168 0.756163 872.418
389.06 -0.79353 -2.48404 266.548 -2.01191 -0.90674 637.182 0.803572 0.50841 0.812352 0.705901 144.5 1.34251 2.24925 978.94
260.62 -0.537147 -3.09274 250.288 -1.88313 2.6467 410.243 0.466432 0.699464 0.632039 0.696226 219.705 -1.02189 2.07085 733.249
369.554 0.389334 -0.767137 345.942 0.360129 0.334578 383.111 0.234892 0.711549 0.789904 0.518057 130.426 -3.0612 2.29406 924.443
382.11 -0.771991 -1.91041 323.349 0.708937 -2.19159 585.972 0.820639 0.659224 0.670529 0.631413 160.15 1.52978 2.56181 1037.26
302.925 0.970956 0.0988074 268.255 0.576979 -2.03267 550.069 0.709216 0.362375 0.714183 0.799759 31.8565 2.14951 2.0507 631.869
436.541 0.00596866 -1.59083 285.379 0.285771 -0.139884 504.068 0.796426 0.793709 0.778996 0.73705 154.819 2.65569 2.03667 911.097
927.654 -0.0989288 2.09541 253.086 -0.231536 -2.73178 681.078 0.787525 0.766619 0.786574 0.751426 940.785 -0.710045 2.02173 1317.33
359.403 -0.64141 -2.48409 325.017 0.115565 -0.564316 636.734 0.635431 0.683314 0.585641 0.744201 272.702 1.5051 2.06941 699.204
356.979 -0.671705 -2.10055 287.351 0.331668 -0.297666 654.269 0.206302 0.440412 0.836916 0.8021 396.104 1.86326 2.16093 771.176
339.233 0.669027 3.0964 306.796 -2.76208 3.02546 1745.25 0.662714 0.456415 0.730971 0.763637 386.521 -0.443634 2.74315 732.417
284.734 0.897545 1.56757 258.666 0.775675 0.449683 306.13 0.790392 0.679726 0.716766 0.708272 281.479 -1.9456 2.39528 818.846
354.182 0.0146463 1.90627 280.262 1.19881 0.737659 551.98 0.624726 0.749981 0.592253 0.79746 276.227 -2.26007 2.11684 666.888
364.477 1.21558 -2.15444 271.006 -0.526585 -0.971605 723.689 0.752118 0.821827 0.785753 0.838039 168.4 1.57565 2.54726 881.256
284.55 1.54942 1.2973 268.044 -1.5611 2.98523 1320 0.667766 0.441809 0.727618 0.796418 214.13 -0.982727 2.28003 768.147
321.617 -0.609677 0.850115 250.815 0.130086 -0.197295 410.597 0.662097 0.518441 0.710562 0.66649 198.275 -3.01326 2.41981 772.95
302.038 -0.517635 3.10688 271.265 0.0968781 1.84758 412.84 0.373142 0.695397 0.716526 0.66689 175.579 -1.01555 2.16075 829.112
515.334 0.0686681 -2.08931 288.71 0.417383 2.23392 662.565 0.530869 0.518216 0.409064 0.564974 90.5725 -0.0732384 2.01607 1146.01
368.073 -0.398786 -0.321931 281.896 -1.11428 1.27957 537.212 0.686901 0.734961 0.747671 0.731491 155.819 -2.84906 2.15455 821.315
326.904 1.50479 2.57315 265.026 -0.277925 1.15058 727.745 0.706622 0.820664 0.832208 0.761349 305.009 -1.32589 2.38414 679.925
317.382 1.50913 1.29407 253.18 -0.10871 1.33072 528.696 0.415065 0.696522 0.783066 0.717513 60.274 -1.34047 2.63454 791.465
396.077 0.252634 -1.55869 289.71 0.679969 0.0490372 526.081 0.632359 0.725091 0.530868 0.79552 141.429 2.58485 2.13965 907.458
433.874 0.0415385 -2.17166 300.497 -1.34323 -0.621876 758.744 0.735867 0.604544 0.65397 0.696631 185.699 1.9579 2.15362 921.014
408.591 0.670181 -1.9905 391.436 -0.460557 2.94095 705.962 0.621969 0.713959 0.820088 0.69052 178.128 0.240922 2.23142 1126.29
533.479 -0.528127 1.20222 502.087 -0.267658 0.201803 526.086 0.707208 0.180225 0.725386 0.593059 1222.52 -2.52423 2.55674 1661.87
628.499 -0.400198 -2.82526 337.023 0.138914 -1.44458 651.818 0.709904 0.566387 0.755307 0.787541 423.682 0.929294 2.37388 1088.58
446.783 -0.686324 -1.32754 261.123 0.372863 -2.38458 549.495 0.448226 0.40476 0.749807 0.713278 1155.66 1.29948 2.59912 805.218
449.382 0.167581 -2.6433 315.314 -0.455636 -1.41729 516.384 0.666545 0.581927 0.841606 0.557061 465.682 0.671074 2.08836 1039.5
341.073 1.60273 -1.11137 301.742 0.793288 -2.19303 447.576 0.727987 0.654578 0.805455 0.667366 36.8394 1.74695 2.3432 1050.52
281.278 -0.0052758 -2.37815 256.416 -1.00654 2.68077 435.482 0.481612 0.736257 0.632599 0.905243 408.694 -0.0632164 2.31494 665.207
399.954 -1.77542 1.19632 250.348 -1.04469 -0.250608 507.422 0.573492 0.523429 0.712561 0.59951 691.772 -2.82877 2.2581 717.107
346.829 -1.8567 -2.34542 314.167 -1.46265 -0.814645 501.803 0.577976 0.674224 0.840839 0.855164 328.785 1.79142 2.14634 733.632
286.491 -0.454897 -0.114474 271.935 -0.174404 1.43566 410.12 0.748694 0.648573 0.544271 0.751993 419.176 -2.48016 2.36568 728.699
371.409 -0.949965 -2.97667 312.008 0.783561 -1.83601 804.773 0.702884 0.338292 0.748189 0.653008 69.0945 0.433624 2.26963 869.438
342.694 0.819752 -1.18091 272.541 0.602571 2.66741 614.065 0.234909 0.661161 0.587697 0.70454 84.3906 -1.317 0.136091 850.84
344.28 0.246065 -1.67464 267.557 1.06648 3.0158 520.94 0.767956 0.438772 0.643741 0.692798 187.416 0.860813 2.15499 812.799
302.44 -0.251682 -2.29215 264.631 1.19479 -2.55763 471.606 0.371312 0.776713 0.732107 0.812645 388.199 0.824037 2.90152 749.565
667.941 -0.250128 1.0002 304.114 0.221428 -2.60049 994.513 0.245073 0.648978 0.226191 0.730656 37.767 -1.62082 0.979666 1194.45
269.683 -0.343358 -0.216969 266.037 0.105677 -2.58258 554.366 0.249232 0.580738 0.71664 0.743939 395.278 1.60234 1.81931 644.596
382.605 -0.611396 1.86296 301.566 -0.558282 0.579468 439.486 0.5885 0.513884 0.435298 0.744743 237.028 -2.28181 2.13842 988.166
322.055 0.0505664 -0.479016 307.909 0.134994 1.64483 564.55 0.520017 0.648144 0.688153 0.790014 196.622 -2.51247 2.03345 890.681
336.176 0.677421 2.02799 269.554 -1.26223 1.56001 715.303 0.775131 0.788192 0.843293 0.741635 181.647 -0.914757 2.47477 730.848
703.734 -1.3402 -1.20958 327.619 -0.785186 -0.265606 541.556 0.449024 0.746572 0.778851 0.778512 501.874 2.65852 2.41508 1271.61
410.775 -0.61101 -0.324223 359.324 -0.390709 -1.76978 524.169 0.330412 0.831336 0.771562 0.586968 296.652 2.44867 2.06474 1268.84
290.828 0.495344 -1.80153 273.113 -0.720449 2.84624 563.433 0.793786 0.449734 0.809997 0.690033 497.725 0.255851 2.05738 715.305
624.199 -0.614737 -1.37966 347.611 -0.682136 -2.62149 550.614 0.652942 0.726316 0.683221 0.681178 841.377 0.976696 2.35636 1181.98
441.141 -0.709555 -0.0301404 303.429 -0.39122 1.56187 551.059 0.679899 0.43077 0.807504 0.34936 139.389 -2.14034 2.1102 913.885
404.512 -0.277639 -1.23675 256.457 -1.29462 0.969898 727.362 0.367957 0.553177 0.658212 0.758847 352.71 3.01172 2.03471 752.925
840.531 -0.0555991 2.17343 251.225 1.01206 -1.95523 1108.41 0.188281 0.636157 0.442804 0.806496 157.209 -0.478544 1.47669 1536.64
996.169 1.31118 0.040662 388.025 -0.183067 -1.09531 1228.37 0.703591 0.782323 0.830195 0.664699 248.786 3.10797 2.0799 1772.31
319.748 -1.80859 -2.06075 277 -1.24346 1.71198 616.854 0.649965 0.265861 0.857383 0.71871 187.949 1.58946 0.122519 808.71
299.034 -0.811755 2.30999 283.827 -0.726569 -2.39651 442.912 0.743285 0.55458 0.749356 0.832553 99.0988 -0.374345 2.02216 950.548
469.599 0.520519 -0.377885 253.375 -0.808146 1.48525 772.376 0.546722 0.803021 0.593106 0.799229 332.751 -2.66805 2.12988 872.423
321.456 -0.118587 -2.83479 278.254 1.43542 2.51056 603.36 0.724013 0.727871 0.782903 0.826656 61.032 -0.316641 2.51815 862.029
328.273 0.00660036 1.5336 311.931 0.182949 -0.285002 541.205 0.531142 0.703317 0.600278 0.631478 171.575 -2.60583 2.14376 647.619
525.053 -0.185724 -1.38194 287.274 0.0910969 -2.37852 416.765 0.766023 0.681065 0.816427 0.708619 554.569 1.351 2.55367 939.744
292.965 -0.496049 0.258765 279.327 0.974602 -1.946 724.028 0.650285 0.178506 0.614827 0.632374 270.451 -2.20065 0.254649 844.354
354.699 0.867297 -2.72351 262.598 -0.584708 3.04909 540.312 0.528394 0.625975 0.731286 0.685028 350.332 0.214848 2.83424 626.247
321.612 -0.565189 3.02312 258.733 -0.515449 0.307239 597.023 0.759497 0.267961 0.798423 0.784116 121.208 0.355487 0.0482479 727.913
376.59 0.0243558 0.638972 343.439 0.481447 -1.09076 585.561 0.835774 0.882168 0.665366 0.84538 318.091 2.74153 2.10256 1080.42
709.271 0.171545 0.686483 389.595 0.225485 -2.10665 1189.59 0.235181 0.462287 0.63832 0.547554 543.081 -2.81852 0.711863 1130.37
584.085 -0.082163 2.19286 284.315 -0.999325 1.24834 549.607 0.633036 0.690164 0.722455 0.638997 1124.82 -1.01754 2.26588 941.21
320.615 -0.299123 -1.00433 276.66 -1.47497 -0.341247 434.97 0.803944 0.72748 0.726623 0.79571 213.663 2.85304 2.42582 711.83
785.061 0.388415 1.53021 343.454 0.943206 0.471525 663.74 0.494827 0.651537 0.51229 0.812067 1409.94 -1.85918 2.3307 1370.41
316.741 0.0470115 -0.238597 260.466 0.964536 1.69501 563.923 0.806201 0.740262 0.729685 0.706983 500.462 -2.31586 2.07727 524.886
298.231 0.338282 2.3324 254.308 0.558556 0.613392 463.615 0.516655 0.620769 0.561459 0.783962 167.322 -1.81318 2.1376 658.529
373.343 -0.283329 0.650072 353.456 1.23178 -2.09956 949.004 0.544349 0.70449 0.751211 0.687126 332.52 -1.5038 0.595764 1307.83
310.918 -1.32831 1.43414 303.591 -0.309167 -0.293252 614.707 0.316348 0.662563 0.808888 0.546824 215.125 2.24984 0.815699 723.804
378.565 -0.393362 1.21646 272.158 -0.669418 -2.86385 610.74 0.673889 0.328037 0.4852 0.838428 306.141 -0.798827 2.01529 810.369
294.224 -0.314123 -2.2432 276.03 0.164408 0.493843 597.121 0.548246 0.347261 0.892504 0.704978 226.2 -0.143308 0.637151 902.992
295.323 -0.179237 1.44764 283.825 1.10927 2.31941 481.423 0.771267 0.518388 0.765051 0.732598 646.32 -1.19885 2.64649 766.817
273.849 0.115846 -3.08558 271.041 -0.335565 -1.6266 433.522 0.500312 0.193545 0.828846 0.826312 602.116 0.899711 2.2979 813.898
371.14 -0.584012 0.570306 267.344 -0.173098 -0.63497 393.879 0.705981 0.416484 0.767248 0.653689 131.901 2.98748 2.41717 892.814
336.502 0.190842 -0.925973 268.287 0.0301106 0.518319 443.374 0.415986 0.427088 0.656464 0.680229 470.038 2.91219 2.39387 719.581
352.503 -1.26485 1.24001 261.238 0.181954 1.07582 496.645 0.643185 0.636521 0.824098 0.651152 593.795 -1.79105 2.86687 727.094
401.84 -0.410235 3.0365 251.529 -0.470926 -1.90407 411.284 0.604822 0.632649 0.773984 0.696579 337.111 0.214083 2.11815 953.612
309.282 -0.72717 -1.14391 293.785 -0.355674 -2.70864 460.413 0.783662 0.587735 0.814661 0.63484 417.425 0.942241 2.08615 909.82
273.366 0.374892 2.00212 258.614 -1.38454 0.619588 636.579 0.794108 0.761005 0.661692 0.806798 114.614 -1.71727 2.33686 721.519
444.823 0.519262 -2.8833 320.723 -0.284971 -0.942696 717.781 0.535387 0.822373 0.402224 0.821328 243.752 1.35198 2.04791 1092.46
611.521 -0.084026 -1.85125 288.091 -0.203584 -0.563199 526.261 0.797964 0.269727 0.754894 0.738417 183.093 1.43758 2.00078 1071.69
640.736 -0.396757 -2.21066 282.886 0.096011 0.847648 929.415 0.182126 0.266375 0.539608 0.632524 103.316 0.547409 0.300239 1057.57
1025.26 0.68658 0.776469 301.352 1.05951 -2.21317 1202.08 0.178404 0.481764 0.425983 0.815428 192.462 -2.84482 0.631646 1371.64
300.535 -0.113092 0.0712688 279.896 -0.626349 1.50269 420.094 0.446416 0.621946 0.758302 0.626651 101.839 2.29452 0.791834 1059.74
318.029 0.464855 -1.42939 272.657 0.94499 0.402901 500.559 0.610641 0.624668 0.583476 0.845296 335.257 2.42625 2.02334 739.76
438.47 1.40394 -1.72908 299.219 -0.261262 2.51005 934.98 0.760738 0.558477 0.805022 0.772051 94.2087 0.463692 2.04636 954.162
323.029 0.967383 -0.454898 318.623 0.0577731 0.910967 530.983 0.268017 0.78279 0.594115 0.730462 187.937 -2.85298 2.39809 893.248
269.24 0.84171 -2.21795 267.313 -0.479 -1.43165 453.82 0.520315 0.716346 0.522631 0.806558 144.768 1.55913 2.50611 884.729
355.564 0.0812871 1.16471 334.628 -0.370307 0.121705 400.963 0.28514 0.356292 0.654488 0.540553 832.969 -2.5588 2.55968 853.129
329.598 0.449228 0.987619 254.032 -0.851434 -1.79494 714.756 0.672762 0.287308 0.751226 0.727041 359.474 -1.85532 0.0603807 695.287
828.104 -0.840339 2.73771 506.399 0.4554 -0.324307 1608.83 0.645174 0.530921 0.710098 0.659808 241.011 -0.302454 0.0218534 1904.35
389.627 1.46229 -0.229297 289.637 0.342977 -1.68589 609.205 0.804629 0.646202 0.840765 0.727554 437.673 2.42475 2.17254 868.964
451.566 0.160921 2.73608 340.671 0.2866 -1.94975 579.585 0.616494 0.758783 0.765302 0.764474 120.412 0.643555 2.09252 1251.09
639.986 0.039532 -2.3265 325.493 -1.05237 -2.25293 537.442 0.473866 0.24449 0.758189 0.578563 426.013 1.2858 2.67088 1189.73
321.884 -0.376214 -0.351499 285.86 -0.238107 -2.29314 516.746 0.670561 0.752259 0.796946 0.743891 472.675 1.84394 2.14611 692.091
520.054 1.27003 -1.19532 281.308 0.349455 1.93491 896.231 0.148028 0.357509 0.690389 0.575046 623.48 1.86309 0.0718259 841.819
298.469 0.0534461 0.0965304 268.289 0.92398 -1.21106 441.699 0.434995 0.77299 0.745738 0.708653 139.473 2.59609 2.47603 795.275
314.556 2.29196 -2.56284 298 0.491243 -0.8472 798.536 0.732918 0.506606 0.827047 0.749044 399.514 1.20755 2.05475 673.483
349.393 0.257026 -2.4821 301.938 -0.756682 0.822158 773.228 0.464895 0.469775 0.724348 0.587181 65.1842 -2.78618 0.304086 967.507
437.348 -0.655181 0.406639 250.707 -0.885162 2.37584 573.038 0.747942 0.712577 0.771515 0.705573 349.505 -1.68441 2.09105 759.276
362.133 0.841852 -2.98945 272.31 0.823628 0.438665 636.371 0.778633 0.526042 0.763953 0.707906 326.016 -0.476314 0.914979 1445.87
401.065 -0.136688 -0.624129 340.413 -1.40531 -2.35691 774.121 0.312139 0.368394 0.720245 0.769957 198.158 1.76172 2.16455 882.154
296.287 -1.80176 0.28791 290.277 0.223931 -0.424288 737.899 0.757377 0.716807 0.697076 0.622668 556.806 3.13269 2.72621 800.269
349.89 -0.000291197 -1.24494 261.049 -0.308739 -2.91718 474.489 0.423658 0.557445 0.672589 0.48434 219.794 1.24073 2.12528 748.772
321.757 -0.292976 -1.24198 283.963 -0.264893 -3.10662 497.598 0.530112 0.763698 0.604588 0.767682 127.787 1.10568 2.07089 668.468
430.293 -0.400459 0.774037 362.328 -0.997113 2.08689 555.495 0.764384 0.803966 0.828832 0.74673 714.668 -1.47092 2.24496 986.901
365.161 -0.405749 2.7715 324.74 -0.160207 0.30683 703.969 0.257987 0.603861 0.744147 0.694438 286.168 -1.65027 1.86141 744.948
345.625 -0.0542021 -1.06272 295.986 0.215607 1.96515 669.118 0.685875 0.299332 0.823064 0.745244 113.208 2.28924 0.324084 874.249
285.504 0.394975 1.76418 261.15 -1.05918 0.290077 578.333 0.70095 0.763538 0.75663 0.739948 128.024 -1.9028 2.19287 791.169
308.085 -0.152217 0.523392 294.582 -0.276911 1.84504 422.365 0.722359 0.793214 0.739034 0.688018 284.198 -1.73482 2.25822 812.615
405.628 -0.6151 2.85911 364.261 -0.890541 1.26367 572.058 0.611217 0.517564 0.818028 0.767457 203.778 -1.31768 2.1064 1050.25
401.036 0.224607 3.06047 251.16 0.893998 -1.29393 584.812 0.752131 0.668393 0.775586 0.782229 546.61 0.913495 2.14697 698.707
306.567 -0.283029 -3.1385 293.738 0.480384 -2.21475 374.71 0.694433 0.778585 0.778579 0.710373 166.918 -0.0528306 2.16192 1022.22
320.918 -0.682005 1.85251 250.678 -0.904982 -0.244918 518.303 0.837922 0.410657 0.790645 0.612131 533.247 -2.16982 1.9249 652.994
400.425 -0.990743 -0.898557 304.622 0.00807166 0.886959 668.262 0.696356 0.860569 0.774937 0.788592 441.988 2.91323 2.02628 776.601
329.297 0.40556 -2.01583 257.461 -0.200236 2.1927 542.481 0.194111 0.73439 0.742132 0.837267 140.655 0.0485801 2.06441 820.054
322.351 -1.38916 -2.55357 254.441 0.105755 1.8035 694.888 0.656383 0.681076 0.71673 0.591254 418.254 -0.281258 2.08476 695.535
356.909 -0.994033 1.50389 296.915 0.388502 -2.65304 776.601 0.779357 0.349016 0.783057 0.502142 96.9698 -0.733129 1.91991 779.295
448.945 1.33484 0.795474 291.235 0.498744 -1.68727 785.054 0.62684 0.464871 0.839941 0.536588 101.761 -1.65318 0.0340943 1026.09
403.865 0.035536 2.12053 371.216 1.29719 0.0777628 856.015 0.740148 0.772706 0.8417 0.875264 154.381 -2.14947 2.01319 972.398
379.081 -0.309978 1.6995 283.239 -0.551754 -0.224474 552.207 0.269383 0.703795 0.863943 0.579812 213.789 -2.23601 2.01153 839.389
386.612 -0.0188949 -2.66055 264.451 0.355343 1.53653 617.791 0.448901 0.623548 0.422969 0.753392 118.882 -2.35747 0.30308 879.768
359.019 0.346298 -0.899128 278.128 0.432409 2.28946 656.177 0.771164 0.532107 0.749307 0.804511 97.8522 1.62246 0.667004 969.517
389.211 0.0195411 -3.12674 290.208 -0.255671 -1.59966 488.758 0.772856 0.664548 0.76486 0.723495 602.62 0.861828 2.29462 842.396
400.787 0.818099 -0.558381 290.505 -0.636578 1.09292 748.049 0.635637 0.62308 0.818026 0.81349 535.224 -3.12354 2.06672 804.316
513.816 -0.258125 -0.323763 331.509 -0.684038 -1.85008 634.855 0.511579 0.745499 0.343129 0.767884 67.1554 2.34135 2.09175 1089.37
721.91 -0.413657 -1.96584 357.057 -0.547626 -3.01963 518.285 0.524979 0.592003 0.713654 0.513531 222.257 0.675624 2.58793 1537.14
519.722 0.762526 -2.85363 281.292 0.743786 -1.631 471.924 0.815173 0.689172 0.832332 0.642386 581.908 0.829948 2.46095 993.606
308.963 0.21129 2.64436 293.107 -2.00201 -2.55862 919.384 0.281459 0.543954 0.677714 0.794541 248.81 -0.135843 2.42278 809.086
381.478 0.608921 -1.23566 368.122 -0.0746243 -2.28154 492.719 0.770924 0.245854 0.801945 0.513737 1171.39 1.38741 2.61423 841.906
602.921 0.585697 -2.73022 260.905 0.128496 -1.64735 497.004 0.763378 0.71357 0.755561 0.524473 1275.65 0.961887 2.59108 906.088
320.151 0.590591 -2.52996 310.325 0.702714 0.0637048 653.631 0.381984 0.726757 0.771033 0.604977 242.717 -2.0272 0.502764 898.938
355.07 -0.698194 -2.83945 252.069 0.173889 2.01221 485.969 0.745581 0.702225 0.857206 0.758503 470.427 -0.529953 2.3095 741.151
742.804 -0.131047 -2.17538 275.759 1.27164 1.27726 1219.3 0.258944 0.60134 0.55249 0.821442 199.821 1.00451 0.272753 1118.42
333.071 0.290787 2.28959 284.656 -0.951685 -2.73567 596.375 0.284543 0.783745 0.856126 0.875262 20.6614 -0.567833 2.16784 757.184
841.106 0.617108 -2.77154 274.038 -0.745438 -3.02096 751.292 0.454176 0.553687 0.787991 0.602993 226.81 0.164051 2.93559 1522.98
360.585 -1.55317 -1.72549 317.724 -0.0109427 -2.60234 668.115 0.732072 0.848494 0.683619 0.789066 28.2785 1.4097 2.27115 1118.48
371.592 0.768077 -1.10588 265.23 0.10379 -2.76203 522.906 0.693917 0.786658 0.856688 0.792326 276.739 1.35706 2.1641 687.696
404.766 0.221942 1.80388 295.393 1.05717 -2.70993 625.062 0.718944 0.350509 0.536096 0.80255 134.622 -0.591663 2.11827 966.569
301.009 0.778087 -0.480258 300.055 0.766811 -1.64385 361.244 0.44333 0.532776 0.39625 0.618463 99.9484 2.32038 2.31896 803.841
383.699 0.55785 1.00882 317.979 0.0703028 -0.401703 506.13 0.780996 0.827689 0.793133 0.829561 321.179 -2.70262 2.30092 990.729
427.113 0.0309358 -1.42833 272.396 -0.0510096 -3.09283 520.817 0.657815 0.748639 0.759494 0.693319 371.911 0.652651 2.08098 1159.33
353.461 1.33161 1.47661 277.067 0.384665 0.110098 517.295 0.834539 0.516273 0.665082 0.735508 185.812 -2.12771 2.23781 925.498
279.499 1.17648 2.11914 265.733 -0.387947 2.41109 489.111 0.735217 0.76026 0.734263 0.816801 423.515 -0.952329 2.91977 609.173
497.68 -0.441957 -0.581872 329.21 -0.404314 1.09522 621.559 0.635189 0.680427 0.819774 0.812728 280.9 -2.62109 2.03922 957.588
298.816 0.616505 1.5084 270.045 -0.736489 -2.81149 655.183 0.156708 0.563671 0.352748 0.776345 214.679 -0.458086 1.96648 806.884
457.125 0.0546864 -0.558517 452.823 0.122649 1.3199 755.566 0.86527 0.552307 0.797425 0.679292 206.416 -2.84392 2.11937 1108.41
295.755 -0.584233 -2.31495 252.269 0.103957 3.08086 334.731 0.692712 0.610793 0.856464 0.755238 469.149 0.753485 2.32738 832.395
635.421 -0.49835 -0.790416 300.608 -1.10377 0.125008 545.082 0.467269 0.578826 0.47697 0.766953 246.292 2.21012 2.08511 1054.82
315.71 1.251 0.406318 297.667 0.19775 -2.86669 736.441 0.584229 0.684255 0.798225 0.715233 33.8896 -3.11982 0.253124 854.633
319.21 -0.118709 2.91421 313.86 -0.434959 -0.852787 654.349 0.634597 0.332697 0.656282 0.382807 42.8643 -0.879387 0.0265999 947.096
301.459 0.217201 1.51515 254.327 0.239908 -1.69082 588.966 0.463905 0.21835 0.770045 0.79193 307 -1.19671 0.494104 841.333
471.348 -0.00499227 1.10737 277.928 0.54683 -0.676534 619.495 0.748565 0.703053 0.748507 0.818502 404.449 -2.86045 2.18392 870.166
538.17 0.0634563 -1.31923 283.772 1.23511 0.68134 835.227 0.644484 0.71968 0.795643 0.707749 86.2944 2.75989 2.07855 984.943
504.778 -0.31865 2.8764 277.242 0.534021 -0.198173 843.752 0.0847885 0.58341 0.779034 0.761792 49.6915 0.399393 0.597566 805.51
486.961 -0.594559 -2.92333 377.712 1.63629 -1.50358 1300.95 0.708777 0.300037 0.789619 0.849765 492.662 1.35639 2.00346 1065.99
603.565 0.189465 -2.40288 296.557 0.754042 2.13201 716.646 0.711583 0.654608 0.785435 0.82331 153.56 -0.167582 2.2353 1017.71
330.806 -1.53084 -1.41889 255.017 -0.560129 0.611796 615.707 0.699045 0.758155 0.645144 0.614121 170.064 2.61235 2.00056 734.97
438.013 0.463961 -1.03538 288.321 0.420742 0.790134 602.45 0.486832 0.683819 0.610002 0.681849 503.111 2.88362 2.09349 1082.38
286.357 -1.24254 2.66935 250.47 0.23114 -1.74667 630.46 0.672595 0.700087 0.614175 0.718377 144.978 0.645893 2.02346 688.791
889.791 -1.15902 -0.395092 320.044 0.378737 2.61404 1527.51 0.246977 0.120949 0.671653 0.718448 684.671 2.79707 0.183035 1323.54
299.777 0.394012 -2.66606 251.505 -1.39772 2.10528 682.414 0.569536 0.649771 0.775286 0.797841 499.065 -0.257152 2.36244 607.705
390.65 0.661676 2.90589 279.925 -0.0461876 1.4246 520.333 0.487145 0.560924 0.751505 0.683877 317.9 -0.631368 2.05597 938.871
388.051 -0.0947496 3.0137 301.506 -1.2996 1.15507 727.735 0.653028 0.42717 0.630479 0.490548 126.966 -1.1895 2.07999 940.105
777.75 -0.579344 -2.04592 279.389 0.0405939 1.23957 1018.61 0.791431 0.679215 0.714115 0.423531 184.329 1.12114 0.11843 1295.65
395.341 -0.921212 2.29347 274.595 0.343705 -1.8474 751.702 0.677434 0.606306 0.565629 0.782601 277.402 0.2002 2.0476 774.355
462.976 0.86583 -0.840996 334.556 0.781534 -2.89002 701.844 0.603761 0.556015 0.719546 0.7376 231.292 1.41293 1.98024 935.974
500.805 0.930184 -0.484004 313.202 0.504982 1.68606 759.548 0.400921 0.344896 0.564848 0.403873 253.006 -2.7559 1.84123 802.322
334.535 -0.586487 -0.490641 303.202 0.131897 -1.89848 524.541 0.668607 0.54561 0.778073 0.709655 641.494 1.9887 2.396 843.179
366.898 -0.295 -2.32062 325.916 -1.06474 2.42497 581.908 0.7114 0.750133 0.784232 0.860144 409.068 0.156773 2.2682 851.103
347.259 0.773246 1.79102 326.624 -1.23233 0.646763 893.798 0.590366 0.731821 0.76158 0.654363 438.189 -1.83057 2.47734 723.711
324.651 -0.359529 -1.87939 287.918 -1.57977 2.4862 674.654 0.774629 0.548174 0.825977 0.452129 260.035 0.309221 2.17698 659.354
507.775 -0.152864 -0.309291 288.027 -0.477406 0.881551 474.18 0.684206 0.752804 0.821556 0.683788 624.637 -2.48072 2.17143 948.752
344.611 0.196315 -0.255293 343.019 0.445334 -2.05826 566.895 0.719108 0.4811 0.732505 0.521295 58.4674 1.96915 2.22444 1154.57
297.267 -1.13395 -0.565263 272.491 0.362071 -1.86722 619.913 0.533361 0.562176 0.333038 0.473837 622.406 1.98239 2.43357 778.509
359.26 0.448023 -2.02266 313.386 0.153587 3.08956 398.297 0.729474 0.679083 0.78323 0.786508 604.349 0.0424662 2.06512 844.338
367.715 1.81739 1.82772 280.236 0.581303 3.06261 588.144 0.70096 0.880601 0.811592 0.816872 218.264 -0.211574 2.03929 739.384
465.169 1.03067 -2.37735 435.413 -0.206034 -1.21039 792.001 0.559316 0.545327 0.743886 0.717077 583.558 0.967076 2.17746 996.544
319.747 0.352309 0.114185 292.6 1.07241 1.79852 562.656 0.155611 0.771621 0.630567 0.783109 655.091 -2.23009 2.25458 611.909
649.832 0.659589 -0.411425 328.148 -0.454963 -0.903097 601.553 0.321498 0.704743 0.742936 0.792863 317.058 -3.0406 2.13751 1393.01
328.475 0.790145 -0.53299 303.641 -0.13626 -2.25457 608.035 0.459769 0.493442 0.344509 0.792476 665.35 1.74625 2.27925 690.316
647.147 -0.436727 -0.126248 317.394 0.422904 2.72258 1062.07 0.142494 0.513948 0.676992 0.72718 136.804 2.42223 0.300349 1202.74
460.141 -0.881275 -0.796819 301.88 0.38543 -0.933833 530.816 0.817024 0.706173 0.794762 0.800675 1225.32 2.37259 2.97676 827.473
442.698 -0.409597 -2.14827 355.714 -0.621045 2.28771 659.24 0.219381 0.657607 0.741043 0.838103 391.646 0.0281355 2.17641 1034.33
292.131 -0.0702829 -0.679659 289.355 0.770422 1.15848 544.107 0.542581 0.696728 0.64405 0.733056 345.028 -2.84224 2.16258 603.362
292.525 -0.627313 0.608297 259.534 0.772521 1.08368 444.309 0.633873 0.251856 0.792231 0.650681 597.049 -2.33567 2.86384 833.121
475.461 -0.732112 1.90331 266.368 -0.624624 -2.80172 568.693 0.377024 0.248942 0.744888 0.549031 832.351 -0.623346 2.17838 882.922
511.511 -0.345247 -0.755308 275.909 0.00956855 0.645938 509.493 0.686458 0.496963 0.738907 0.711808 155.698 2.68764 2.04171 949.21
463.084 0.975632 1.41576 343.626 -0.155425 3.01632 763.626 0.706629 0.767502 0.772138 0.65804 296.352 -0.875255 2.29102 923.586
447.629 -0.7015 1.53239 393.179 -2.10196 1.54435 656.404 0.813936 0.692918 0.812935 0.77888 155.087 -1.83994 2.8989 1056.36
297.395 0.638619 -1.52926 287.247 -0.222445 -0.0302542 492.868 0.733111 0.787767 0.791605 0.681956 172.688 2.66838 2.08554 803.419
696.679 -0.213717 -2.70494 271.896 0.815164 -1.79738 625.827 0.623694 0.760319 0.819669 0.793866 55.4997 0.623493 2.42088 1063.8
312.938 -0.132509 -2.42469 256.762 0.929504 3.06057 400.565 0.713096 0.421224 0.518592 0.800277 112.963 -0.0694299 2.35526 762.401
521.603 0.295019 1.51274 277.456 -0.193317 -3.01576 642.712 0.452578 0.413926 0.786811 0.670111 366.489 -0.771917 2.24385 860.321
505.128 -0.503873 -0.718749 292.713 0.237987 -1.94875 555.368 0.220892 0.658611 0.652174 0.758661 450.188 1.90025 2.43418 1128.32
277.929 1.70729 1.60198 260.504 -0.841699 0.246862 955.886 0.742443 0.730835 0.775247 0.73986 330.367 -1.84071 2.08757 699.064
472.911 0.412618 -0.162616 263.161 0.918955 -1.83929 564.086 0.831824 0.653427 0.746927 0.62189 215.704 1.94312 2.10573 903.258
467.053 0.230054 0.73887 258.503 -0.176446 2.58609 591.13 0.219703 0.702735 0.444858 0.573234 327.478 -1.31404 2.05291 906.136
288.459 1.90019 0.324078 259.547 -0.6858 0.368765 933.975 0.659883 0.479817 0.832413 0.750034 718.866 -2.88496 3.02946 714.85
306.936 -0.583348 -1.30673 274.665 1.45939 0.128721 807.223 0.636058 0.495636 0.756663 0.851981 281.008 2.60762 2.36883 781.803
359.281 -0.557273 -1.16125 309.594 -0.697784 0.437673 509.778 0.461435 0.547343 0.726386 0.853198 747.96 2.80605 2.31589 761.399
520.758 1.30396 -1.94344 349.557 0.233109 -0.958129 649.824 0.306017 0.731709 0.75492 0.666536 253.567 1.70739 2.63235 1246.97
328.825 -0.876059 0.567539 326.942 1.41882 -0.652074 1032.53 0.0976206 0.807193 0.780436 0.723665 352.28 -2.92287 2.2708 844.317
340.717 -0.466659 2.4261 267.117 0.229715 -2.129 573.527 0.777297 0.389697 0.736973 0.673672 74.6212 -1.78716 0.341837 761.676
347.724 0.634917 -2.94296 292.68 -0.505745 -0.0256083 778.797 0.151515 0.761046 0.384067 0.710418 88.5783 2.73889 0.60133 1037.8
325.805 -1.16658 -3.05819 283.721 1.25261 -2.87095 939.941 0.563828 0.562312 0.794241 0.816667 217.064 0.516537 2.70846 863.576
332.748 -0.0852132 -1.93449 258.221 2.14622 -1.99422 808.316 0.419824 0.718767 0.762087 0.803282 600.05 1.31759 2.97137 700.553
311.78 0.373435 2.58094 291.577 -1.46243 2.56628 647.932 0.639878 0.698674 0.691597 0.834924 85.1741 0.44553 2.12075 1199.07
373.082 -1.79936 0.026419 292.632 0.760364 -1.78256 1222.24 0.706519 0.700243 0.749869 0.732063 343.924 2.11746 2.09104 759.339
327.032 -1.08404 -1.51251 259.329 0.721946 -2.50881 680.043 0.630804 0.715231 0.637641 0.809637 543.567 1.67115 2.10322 795.721
282.215 -0.330002 2.52823 258.298 -0.383655 -2.37989 365.013 0.753126 0.56349 0.701917 0.838946 395.696 0.368943 2.15929 708.083
391.821 0.157898 1.56009 254.394 -1.23999 2.08412 556.576 0.514669 0.348077 0.667667 0.659175 1059.32 -1.33553 2.86353 647.431
454.296 -0.0456903 -0.592819 305.728 -0.0528741 -1.94153 476.74 0.291406 0.654811 0.819126 0.785774 68.1628 1.47091 2.06372 986.633
471.835 0.559113 1.05856 319.423 -1.31045 -0.333617 988.748 0.225149 0.544248 0.800287 0.727768 110.982 -2.50733 2.17372 927.419
400.454 0.369444 -1.22883 295.828 -0.0349574 -2.68401 501.432 0.727355 0.572968 0.838819 0.66758 133.952 1.02213 2.25097 1084.16
364.702 1.31525 3.0532 308.896 -2.1513 2.68702 1848.53 0.795825 0.767718 0.673625 0.769416 479.281 -5.44048e-05 2.68707 811.157
292.774 0.633772 -1.83523 274.831 0.774005 2.60839 480.932 0.806557 0.601995 0.855672 0.835308 132.813 0.295914 2.13114 757.912
355.454 1.05983 -2.19271 253.424 -1.39527 -2.00953 948.449 0.674518 0.70852 0.833093 0.712654 600.142 1.3631 2.72737 1058.19
296.821 -1.01009 -3.08746 287.784 -1.15585 -2.04248 326.42 0.735696 0.467415 0.609928 0.651433 355.906 0.101999 2.14448 925.33
300.927 -1.52364 3.01009 289.771 -1.50165 0.898767 530.984 0.570659 0.834427 0.852158 0.799652 261.286 -1.1829 2.08166 900.525
382.868 -0.908646 -2.40498 363.93 -1.91288 1.03869 912.251 0.454687 0.738211 0.768663 0.763349 115.463 -2.77066 0.36568 1047.59
349.559 -0.133476 -0.641207 267.325 0.467248 1.25802 566.736 0.565882 0.563555 0.625866 0.781344 244.675 -2.80808 2.16688 790.733
360.99 -0.693501 -2.2096 360.69 0.461711 -1.418 537.592 0.337727 0.819115 0.79432 0.666075 297.459 1.52496 2.54863 756.932
430.675 -0.00272999 0.287683 294.624 1.5249 1.76731 812.855 0.529195 0.693871 0.768892 0.706367 92.2365 -2.01715 2.30484 969.198
321.479 0.741957 0.289135 300.778 1.31182 -1.64805 565.226 0.787951 0.696827 0.740335 0.817969 161.352 2.58287 2.05227 630.703
283.496 0.329439 0.61371 261.321 0.599823 2.15284 403.894 0.503985 0.823054 0.701886 0.803503 111.581 -1.82055 2.3098 703.398
302.517 -1.18205 0.488213 277.373 -0.974269 -1.2993 481.055 0.766774 0.610533 0.741746 0.510443 436.32 2.83824 2.14565 755.893
298.857 -0.747513 2.09119 297.811 1.02072 -2.41615 771.81 0.739086 0.719626 0.810729 0.732084 43.4369 -0.365359 2.05079 995.562
298.675 -0.263266 -1.31331 250.716 0.201637 0.202329 415.11 0.515348 0.8097 0.608099 0.776209 619.332 2.22982 2.02749 656.923
386.469 -0.700288 0.298152 256.331 1.47858 2.65271 1026.14 0.65291 0.554546 0.843035 0.643364 176.968 2.75851 0.105795 1050.84
307.576 -1.75763 -1.4391 279.058 1.87367 -2.5519 1784.68 0.526258 0.751903 0.826229 0.813277 23.1604 1.03324 2.47233 911.652
316.19 -0.743923 -0.799849 262.456 0.283576 -2.82852 600.098 0.462951 0.804368 0.857942 0.882768 17.6331 1.37925 2.07541 753.971
349.627 1.87237 -2.79868 303.913 1.7388 0.0939645 682.087 0.697133 0.74783 0.775636 0.591594 491.397 -0.681674 0.775639 865.808
305.195 -0.263718 -0.891222 302.6 0.292267 -1.83438 360.433 0.530426 0.413611 0.723983 0.468809 898.896 1.60435 2.49557 698.186
391.488 -0.805949 -0.048442 272.751 0.325839 1.43626 616.49 0.165125 0.441113 0.707874 0.627109 105.444 -2.50494 2.34198 1050.05
399.051 -0.0769379 -0.629689 261.065 0.713707 -1.57837 427.222 0.791792 0.695152 0.703672 0.547139 695.721 2.17568 2.52913 647.495
454.857 0.331117 1.06517 335.691 1.5039 0.497687 542.062 0.604366 0.624537 0.685741 0.614585 677.804 -2.27607 2.77376 1364.25
605.838 0.0355281 2.00047 318.713 -0.765108 0.89688 615.775 0.600269 0.571666 0.590973 0.814696 361.399 -1.11535 2.01223 1215.63
728.639 0.0596838 0.654106 301.975 -1.55152 -1.18741 1146.94 0.609472 0.378639 0.634658 0.609378 717.797 2.90999 2.18578 1172.51
343.202 -0.556339 -2.59808 323.143 -1.05049 -1.09669 517.848 0.551826 0.808912 0.732979 0.711878 401.127 1.00532 2.102 940.421
302.762 2.24405 -0.585995 255.865 0.373975 -1.85778 704.446 0.811723 0.357767 0.834184 0.684448 76.0832 2.44596 1.97945 921.838
583.33 0.197623 -2.20673 421.212 -0.585874 -0.324212 908.23 0.800542 0.571347 0.779602 0.831681 99.2325 1.72927 2.05348 1204.63
337.035 0.204373 -2.49935 257.409 -1.22342 -2.60631 473.123 0.596555 0.410492 0.430688 0.742878 1032.54 0.429563 2.92891 767.27
396.532 0.550519 0.487275 310.853 0.359094 -0.756508 431.872 0.794609 0.168433 0.71521 0.617316 461.905 2.97169 2.48441 999.646
271.454 -0.176006 0.638213 250.755 0.841119 -2.55283 624.192 0.585673 0.282451 0.595117 0.651642 413.166 3.06389 0.666468 791.248
303.589 -1.11136 1.04335 269.882 -1.16235 -2.1638 579.449 0.780334 0.607725 0.805655 0.794387 15.4963 -2.4365 0.272698 935.572
336.507 0.307495 0.890557 308.211 0.850817 -2.53415 694.953 0.273137 0.764545 0.641595 0.785579 55.1469 0.499608 0.390949 832.734
343.956 1.40241 -3.09532 267.756 -1.15022 1.20249 1132.33 0.662031 0.615737 0.774086 0.628553 115.742 -1.08462 2.0107 730.521
456.02 -1.26688 2.19135 291.066 -0.320744 -1.84745 779.012 0.425789 0.260145 0.686295 0.700786 128.827 -1.92025 0.0728054 1041.3
488.121 1.12273 -2.37834 366.597 0.814851 2.53495 597.237 0.660327 0.775582 0.542901 0.829496 90.8114 0.0777683 2.45611 1263.91
308.25 1.28078 -0.199224 300.665 0.911615 1.25527 450.896 0.80883 0.62394 0.776421 0.765466 46.0681 -2.85382 2.1741 671.625
346.141 -1.23933 -2.33511 323.767 -1.13255 -0.606702 532.11 0.733486 0.787323 0.791561 0.781681 459.463 1.77811 2.16996 673.045
333.971 0.153226 -1.69223 288.941 1.02731 0.816689 697.367 0.79119 0.320866 0.749308 0.685366 307.159 2.5389 1.72221 639.113
540.601 -0.0608296 -1.71408 286.419 0.406563 -0.283242 609.965 0.747834 0.601054 0.718641 0.743762 1030.82 1.71028 1.99352 862.783
473.481 0.626112 0.447086 450.869 1.13737 -2.95941 1008.3 0.211169 0.425715 0.710359 0.788878 129.283 0.566804 0.119719 1246.8
564.436 0.289035 -0.199803 264.024 0.177254 1.45572 580.297 0.800908 0.690175 0.77175 0.781767 429.251 -2.56174 2.26572 1048.72
372.709 -1.53046 -0.595399 286.191 -0.259688 -2.36272 686.092 0.618356 0.565935 0.740042 0.791739 41.6312 1.48973 2.08513 958.137
510.707 0.184924 2.34253 464.992 -0.784324 1.23655 721.712 0.656106 0.773649 0.754687 0.765152 142.396 -1.50523 2.43543 1240.61
294.079 0.479643 1.98464 253.699 -0.270533 0.22029 484.116 0.543536 0.631368 0.805518 0.669252 423.479 -2.08009 2.21845 646.952
566.147 0.725435 -1.87506 286.734 0.163696 -0.575441 579.735 0.481208 0.574124 0.609193 0.66903 258.615 1.46886 2.0443 1185.48
299.565 -0.815092 -0.573969 254.656 1.38686 -0.0767627 767.375 0.226689 0.310134 0.614158 0.818654 720.473 2.85013 2.85909 773.438
430.675 0.0327628 -1.73828 330.673 0.0202556 -2.85996 428.821 0.642972 0.660899 0.634172 0.62458 167.744 0.912446 2.51078 1007.61
395.754 -0.373802 -1.10925 376.005 1.11407 -2.77709 863.956 0.26308 0.710431 0.739047 0.680995 165.553 1.13796 2.24721 800.884
330.457 -0.304862 2.5443 328.112 0.382243 -2.93606 359.487 0.751085 0.695749 0.76148 0.686808 376.042 -0.0732427 2.61755 818.912
398.451 0.456924 -2.36227 322.004 -2.55301 -0.945355 1657.46 0.382775 0.80684 0.724989 0.801771 114.825 1.39079 2.33614 1338.05
357.045 0.995863 -0.449084 301.517 0.639662 -2.04147 539.166 0.853997 0.322103 0.883768 0.697115 396.594 2.02408 2.21763 888.472
527.111 0.0337265 -1.75459 274.528 1.44748 -0.848785 676.527 0.53596 0.671821 0.803421 0.604274 789.85 1.29525 2.14404 983.292
539.182 -1.21594 -1.69449 283.094 0.08241 2.71348 864.314 0.560644 0.177963 0.604972 0.678341 611.035 0.53021 2.18327 867.871
364.64 -1.05558 -3.04896 265.242 -0.519912 2.17301 378.346 0.774039 0.688209 0.750556 0.741128 90.1247 0.0978577 2.07515 818.968
352.538 -0.190349 -1.84499 296.155 0.167787 2.95983 511.698 0.296395 0.491993 0.559202 0.824055 1010.03 0.760728 2.1991 694.239
365.749 0.0993326 -1.34912 331.32 -0.775684 -0.478294 474.96 0.43545 0.516543 0.669684 0.751804 887.495 2.21466 2.69295 953.159
310.363 0.713647 -1.24348 268.825 0.464697 -2.32278 317.169 0.582255 0.5377 0.679603 0.703493 182.871 1.19411 2.43758 715.64
463.931 0.832179 1.09734 359.027 -0.569711 -0.148931 796.065 0.631394 0.547369 0.82381 0.834595 986.503 -2.86072 2.32513 1136.28
463.416 0.987569 1.671 331.078 0.50071 -2.56896 787.53 0.0703843 0.761231 0.774834 0.656023 224.44 -1.48006 1.0889 1083.41
506.069 -0.142765 0.652776 410.624 -1.08631 -0.316073 663.711 0.357408 0.5107 0.642783 0.796614 111.474 3.13745 2.48467 1208.62
547.925 0.748689 -0.393628 374.237 -0.515036 -1.42587 789.427 0.755251 0.326505 0.801162 0.766021 421.239 2.50271 2.3546 1101.02
317.362 0.504771 0.518915 255.255 1.37574 -0.581547 417.174 0.778533 0.731975 0.765093 0.681371 310.055 -3.08261 2.50106 794.773
292.296 -0.270358 -0.221128 286.865 -1.23786 1.38509 532.764 0.626883 0.822472 0.831764 0.782486 71.5898 -2.68904 2.20905 827.133
612.184 1.00922 -1.2914 298.02 0.679259 1.78655 967.313 0.133443 0.439509 0.772494 0.755913 278.044 2.01356 0.227008 918.15
402.919 -0.677124 -1.54587 276.422 0.216495 2.60931 705.748 0.624057 0.354541 0.564402 0.794188 125.489 0.420596 1.96647 826.684
542.935 0.772018 2.60713 384.79 0.661574 -0.678503 990.729 0.590704 0.449497 0.216912 0.597112 103.692 -1.19291 0.514411 1234.14
291.976 -0.50213 2.514 260.485 0.0066244 -2.31454 421.454 0.854412 0.739517 0.737879 0.758421 209.371 -0.0334617 2.28108 681.964
434.805 1.10694 -2.33345 388.743 0.387015 2.71962 604.487 0.815629 0.297737 0.776607 0.725124 332.734 0.396236 2.32338 915.028
379.541 -0.780586 0.899673 369.576 -1.19727 -0.181834 455.754 0.405186 0.671351 0.681257 0.735796 30.8964 -2.87667 2.50684 1003.44
310.054 -0.403719 -2.79128 302.03 -1.22947 -1.98626 367.328 0.676424 0.800029 0.729453 0.715637 626.026 0.712412 2.69867 658.678
287.709 0.731638 -2.15839 264.029 0.423261 -0.367567 451.532 0.482153 0.489052 0.786905 0.761784 159.652 1.68238 2.04995 876.779
325.328 -0.302922 -1.77548 255.709 -0.552027 2.90679 427.235 0.407319 0.310976 0.754268 0.559882 116.139 0.780404 2.12638 810.786
287.78 -1.05677 -0.393903 284.847 -0.126149 -2.23935 557.119 0.61602 0.725115 0.745706 0.734948 81.063 0.0708636 0.464767 831.162
347.829 -0.27044 -0.909457 304.21 0.182241 2.8889 666.869 0.447453 0.637271 0.703545 0.764085 98.4445 -0.947618 0.0381604 910.109
489.63 -0.0716156 -0.820593 266.898 -0.939832 1.29812 727.425 0.748575 0.788663 0.896574 0.686643 354.811 -2.87449 2.0539 899.187
392.256 1.4586 2.36071 361.665 -0.0163783 -1.87399 898.007 0.61356 0.555659 0.659392 0.635735 48.5892 0.26638 2.09433 1051.91
521.282 1.08581 1.63735 325.523 -0.00101264 -1.5796 1027.28 0.17341 0.306505 0.704205 0.786032 12.7066 -1.924 0.344404 881.931
909.42 -0.498218 -1.85686 316.709 -0.0763593 0.687023 1068.1 0.669668 0.34508 0.619353 0.397928 337.273 1.28534 0.598318 1585.82
405.141 1.18676 -0.834866 363.704 0.272585 2.25825 872.329 0.601675 0.676767 0.667786 0.81574 133.013 -0.467088 0.367778 1048.65
277.883 -1.42547 0.0856437 257.291 -1.17399 -1.63799 431.554 0.754034 0.754264 0.735047 0.825723 518.201 2.08746 2.00182 507.988
284.764 1.1647 -0.669031 276.018 -0.295197 0.536812 575.7 0.641803 0.761066 0.739499 0.755211 345.98 -2.68872 2.01969 760.108
294.734 0.06051 1.31662 271.093 0.140225 -0.761944 502.233 0.600755 0.439488 0.787573 0.688101 87.485 -2.92571 2.04085 669.812
283.168 -1.56769 -2.84461 271.919 -0.621483 2.59345 366.604 0.531744 0.796062 0.783051 0.776583 429.4 -0.0115783 2.60503 756.98
318.964 -0.234306 -1.04083 265.053 -0.521735 1.71198 629.762 0.399846 0.507394 0.497927 0.782583 116.46 1.54 0.171979 728.024
330.511 0.140698 2.73996 262.22 0.234438 -1.44507 524.855 0.690308 0.592644 0.753136 0.778374 54.0276 -1.42092 0.024152 948.617
326.151 -0.441223 -1.32796 278.592 0.768733 2.26801 729.454 0.73558 0.179026 0.794621 0.771652 77.8023 2.12548 0.142527 904.135
344.937 0.914818 -2.47468 251.724 -0.0860428 1.84133 611.993 0.586899 0.791716 0.56748 0.770663 323.323 -0.367253 2.10743 692.918
423.516 1.01934 -0.266051 276.221 -0.190397 -2.17215 728.866 0.556651 0.707803 0.800452 0.814306 319.698 1.88185 2.1479 841.674
311.118 -1.05373 2.12927 284.695 1.02315 1.11178 808.039 0.339423 0.321473 0.695612 0.858471 443.367 -1.16375 2.27553 744.275
323.12 0.479267 -2.98829 272.572 1.18424 -1.42654 483.172 0.791158 0.648377 0.723065 0.759355 489.607 1.07273 2.22217 672.527
279.003 -1.11234 -0.262909 264.5 -1.81347 1.10312 410.579 0.486031 0.817722 0.826754 0.78038 330.38 3.11259 2.00946 862.896
580.921 -0.792993 -1.99889 289.798 -0.841394 1.34578 933.566 0.180174 0.468038 0.747029 0.645615 380.939 1.49953 0.153746 969.559
521.189 0.522511 -1.99964 402.353 0.753203 -3.07032 499.85 0.549215 0.176204 0.747695 0.803192 703.957 0.915816 2.29705 1576.61
377.149 0.507914 -2.7879 290.624 1.76147 2.2051 640.446 0.298206 0.482882 0.794074 0.741252 61.3275 -0.454846 2.33305 950.936
298.148 -1.02295 0.458475 256.873 0.0169693 -1.31206 539.642 0.349663 0.462662 0.834442 0.814139 264.91 2.41546 1.95699 925.1
485.887 -0.220011 -0.753132 475.633 0.0450462 -1.89644 565.592 0.554575 0.379196 0.783902 0.618377 241.848 2.28909 2.09766 1330.17
400.619 0.355876 -0.586955 353.288 -1.34693 0.475401 830.845 0.654953 0.181235 0.737575 0.759099 664.34 2.89327 2.41787 870.69
355.427 0.0467029 -1.88288 294.897 -0.278838 2.67505 520.57 0.629374 0.60537 0.82993 0.607781 160.558 0.304321 2.1872 1003.57
305.178 -0.913535 1.41205 256.471 0.320499 1.40746 386.21 0.789321 0.786063 0.805087 0.806926 96.7858 -1.85663 3.0145 827.046
416.641 0.250076 2.29704 298.168 0.47638 0.649823 591.474 0.154727 0.725811 0.667578 0.579643 434.679 -1.39309 2.04291 814.783
278.078 -0.254877 -1.09701 260.544 1.9251 -3.11356 858.246 0.681493 0.722619 0.758106 0.778162 85.133 0.8854 1.98241 588.254
371.907 0.730477 2.25529 290.872 0.296131 0.927261 468.343 0.121071 0.609782 0.732382 0.685052 627.42 -1.53353 2.46079 784.33
707.133 1.03398 -1.45353 259.361 1.43153 2.54687 836.094 0.743147 0.366525 0.842611 0.778371 315.881 2.41984 0.127029 1248.25
456.719 1.01577 -1.35404 379.556 0.7278 2.73321 766.923 0.258098 0.518752 0.708815 0.379448 223.862 0.648568 2.00261 1216.54
452.629 0.0738889 0.699679 261.133 0.393587 -2.25345 754.542 0.37943 0.323742 0.743956 0.860599 56.8093 -2.5998 0.346357 678.343
352.042 1.80039 0.421731 274.353 0.985424 1.81052 487.357 0.799018 0.747452 0.823511 0.827019 188.423 -2.13078 2.34189 1107.9
467.584 -1.43881 1.13186 286.176 -0.52718 2.13762 516.697 0.509034 0.741009 0.808184 0.742374 367.733 -1.71487 2.43069 1138.62
544.528 -0.24835 0.610435 273.254 0.974914 -2.56205 933.88 0.436432 0.758828 0.761523 0.806548 313.246 2.65127 1.06986 1200.37
376.348 -0.729691 0.179603 360.592 0.529163 1.84913 783.07 0.203797 0.662136 0.795749 0.699001 783.407 -2.04502 2.22462 705.463
376.868 0.705216 -0.420092 298.841 -2.47018 1.35602 1662.81 0.586516 0.620228 0.6176 0.790968 25.7791 -2.42431 2.00421 917.505
448.687 0.173546 -0.779843 404.982 -0.738434 -1.69414 562.36 0.757113 0.771926 0.761635 0.713515 49.7899 1.39447 2.17431 1126.13
381.762 0.727324 0.247216 334.91 0.887921 -1.67226 617.258 0.706697 0.552647 0.737696 0.822996 265.277 2.30377 2.05655 819.256
445.551 0.280908 3.08251 337.837 1.03977 1.64755 610.937 0.704483 0.627827 0.686134 0.612444 170.832 -0.36766 2.01521 932.27
302.674 -0.486528 -0.52919 295.375 -0.686315 1.2916 500.69 0.732435 0.72412 0.777199 0.774956 301.671 -2.94358 2.04801 749.904
418.266 1.29788 -3.0791 304.48 1.05067 -1.3138 581.25 0.808797 0.822365 0.800529 0.768912 92.4878 1.1834 2.02068 953.929
360.438 0.49511 0.238065 287.631 0.963472 -1.17206 481.59 0.564126 0.214998 0.480074 0.579791 545.868 2.57423 2.33617 1063.45
399.598 -0.58529 0.667237 251.833 0.656794 1.13689 456.982 0.265232 0.633415 0.762297 0.653869 998.848 -2.13442 2.80166 709.25
296.238 -0.0473658 2.10508 289.672 0.787307 0.0572749 590.839 0.387004 0.67207 0.840165 0.721324 111.463 -2.22794 1.95016 756.337
464.654 -0.313345 0.592298 312.949 0.319336 -1.12914 642.396 0.521934 0.766871 0.537108 0.624973 97.2382 2.80108 2.20878 927.875
415.852 1.05901 -2.1894 389.194 0.36332 -0.466645 691.479 0.766852 0.685127 0.861178 0.746976 496.636 1.83366 2.26012 877.266
661.678 0.166184 0.665584 273.201 1.36171 -2.00434 1075.14 0.142206 0.649817 0.495423 0.659395 412.308 -2.50084 0.496495 1141.16
364.479 0.63461 0.676926 290.255 0.750703 -1.24943 606.744 0.354252 0.75825 0.80086 0.821878 131.755 0.864286 0.18736 1082.12
585.232 0.31643 0.760273 317.804 0.972692 -0.313614 557.352 0.728935 0.689211 0.905422 0.804262 652.413 -2.89036 2.57674 1020.28
496.42 -0.0922785 0.225302 290.489 0.0834136 2.62161 757.252 0.489505 0.475123 0.463037 0.864755 228.325 -1.73317 1.9284 939.53
302.571 -0.916926 -2.48896 293.132 -0.098483 2.04627 548.016 0.778486 0.728068 0.842755 0.5929 176.501 -0.0759876 2.12226 784.632
318.777 0.56777 -1.86951 272.05 1.7293 -0.364696 557.321 0.72312 0.149224 0.565212 0.786777 165.076 2.37769 2.03599 763.997
461.292 1.41907 -2.24704 296.632 -0.676489 0.17432 1184.98 0.370314 0.34903 0.7766 0.806152 280.693 0.418005 0.243685 955.797
258.551 0.7528 -0.843827 257.097 -1.10935 -1.23403 571.339 0.622461 0.552112 0.759019 0.723911 1036.85 2.08063 2.92445 484.177
462.264 0.24559 3.12256 409.373 -1.30588 1.55698 976.624 0.206559 0.700828 0.716276 0.800712 197.412 -0.842291 2.31834 1149.07
367.359 -0.0338552 2.21811 356.087 -1.15131 1.47402 513.188 0.837309 0.638541 0.819528 0.788996 950.942 -1.18016 2.65418 944.344
411.818 1.5413 -2.5159 293.475 -0.193718 2.77228 779.807 0.73519 0.760156 0.761069 0.725189 226.259 0.532007 2.24027 885.144
479.549 0.665028 1.23099 384.395 0.39299 2.82223 656.977 0.250585 0.588477 0.691154 0.814511 232.483 -1.1951 2.26585 1358.75
412.074 0.446612 1.76138 373.799 -0.272309 2.84537 529.912 0.518816 0.5702 0.755049 0.61889 366.171 -0.725698 2.48707 1096.8
659.1 0.553745 -2.73711 464.686 -0.198398 0.49375 1281.29 0.611422 0.140227 0.379696 0.689082 645.86 1.11151 0.617762 1474.3
630.646 -0.865967 2.16637 347.226 0.451975 -1.85011 1080.44 0.804133 0.589043 0.873806 0.766158 223.213 0.148152 1.99826 1079.51
474.669 0.96991 1.71748 263.622 -0.260949 3.13816 669.901 0.551181 0.726447 0.713819 0.726797 166.54 -0.59941 2.31689 866.176
379.522 -0.588103 -0.331646 321.027 -0.192669 -3.10271 730.174 0.388862 0.647209 0.694221 0.673384 166.922 -0.560588 0.228942 1072.07
467.551 1.12179 -1.13569 259.507 -0.250407 -0.246739 611.882 0.601349 0.588003 0.706394 0.793042 778.812 2.14058 2.38732 804.58
536.218 0.393577 0.510342 359.083 -1.286 2.09248 1070.1 0.80278 0.27005 0.892296 0.719459 160.581 -2.11767 2.07303 1095.16
353.667 -0.288964 -0.418031 294.684 -0.228953 2.01583 642.243 0.757023 0.178679 0.799144 0.791361 362.129 1.85933 0.1565 1048.06
940.059 0.506836 1.49615 390.392 -0.470856 2.24763 767.824 0.633992 0.423037 0.71236 0.436436 208.894 -0.86093 2.35708 1687.54
449.245 -0.0511375 -2.12794 262.235 0.969509 2.67837 600.861 0.451606 0.708899 0.706202 0.673246 244.368 0.544167 2.13421 897.259
410.879 -0.929277 2.68865 346.419 0.356705 -1.87773 793.095 0.813489 0.699157 0.769435 0.711874 311.925 0.157061 2.0348 1026.48
406.01 1.32166 -2.65918 287.016 1.07953 -1.12669 494.149 0.500827 0.49694 0.610385 0.753383 114.043 0.892436 2.01912 1018.16
274.19 1.43146 0.729296 266.216 1.38655 1.94097 326.675 0.672538 0.808185 0.751224 0.765694 785.92 -1.76055 2.48985 847.235
278.339 1.34994 2.83141 261.28 -0.0187572 2.03692 461.836 0.626861 0.536653 0.666074 0.693754 21.4797 -0.418827 2.45574 788.274
280.797 0.0827062 3.08704 268.593 -0.447219 1.93508 360.767 0.722105 0.56311 0.811745 0.595462 91.7959 -0.449898 2.38498 904.206
469.836 0.825253 -0.989437 321.225 -0.287079 -1.18678 503.213 0.875477 0.352314 0.851241 0.617694 1160.88 2.0197 3.00914 907.569
289.719 -0.585836 -2.12215 269.986 -1.21827 2.88013 395.497 0.742103 0.786191 0.748031 0.797616 15.0857 0.408994 2.47114 854.673
368.542 0.132612 1.99132 328.102 -1.09438 -3.05429 621.395 0.717616 0.683926 0.807288 0.750895 251.537 -0.0209519 2.01227 778.743
346.611 -0.152453 0.882983 264.969 0.385883 2.71888 526.44 0.693618 0.552681 0.750346 0.823891 602.852 -1.32442 2.2074 636.856
487.744 1.52264 -3.02483 333.839 0.555678 1.01088 874.901 0.190742 0.563077 0.824085 0.666254 255.887 -1.15336 1.87146 1119.07
411.417 -0.000440418 2.48277 273.89 -1.10122 0.621902 675.718 0.72609 0.566897 0.747544 0.71764 116.576 -1.65495 2.14546 923.867
394.98 -0.163067 2.52521 290.615 -0.685649 1.16574 477.306 0.451008 0.740453 0.536982 0.778836 208.301 -1.38083 2.37715 1065.4
455.612 0.956001 -2.25431 256.134 1.44692 2.30881 574.661 0.793212 0.67479 0.769344 0.719451 93.5354 0.214136 2.09467 852.159
615.347 1.83451 0.64496 274.105 0.852827 -2.52349 1018.54 0.179247 0.621678 0.790633 0.625718 104.917 -2.83662 0.31313 877.109
300.051 -0.463146 2.48406 265.662 -1.92965 2.1768 473.18 0.715993 0.826656 0.720467 0.806587 586.638 -0.821429 2.9777 616.024
311.623 0.356496 -1.7554 277.786 0.968938 -0.45725 429.284 0.68015 0.576322 0.81362 0.907994 71.0079 2.24066 2.28713 957.579
375.212 -0.437791 2.58288 270.954 0.0342446 0.999484 488.963 0.236307 0.708383 0.674082 0.750011 88.9038 -1.00291 2.00239 1007.86
436.447 1.54354 -0.151352 333.681 0.309105 -1.13836 627.878 0.701894 0.644045 0.871461 0.63055 257.688 2.64242 2.50241 1087.9
368.1 0.529715 -0.221399 336.212 0.240116 2.07866 694.345 0.256231 0.727619 0.75669 0.766162 672.318 -1.13393 0.912534 1018.88
448.08 0.0239329 1.69531 307.106 1.13596 -2.87782 725.493 0.639972 0.57227 0.711797 0.800903 410.747 -0.542571 2.23788 846.063
310.527 -0.0788624 2.5585 276.217 0.926556 1.6097 445.433 0.584861 0.383385 0.776825 0.749309 421.203 -1.47659 2.24809 893.222
339.544 1.54236 -1.31493 302.571 0.553223 -2.96122 595.593 0.863779 0.618494 0.802163 0.584873 174.471 0.723258 2.03819 961.82
319.742 0.933422 -2.68401 266.564 -0.774449 1.83218 726.766 0.78585 0.609914 0.779812 0.739232 117.606 -0.507484 2.17653 889.296
271.626 0.0476539 -1.79708 266.873 -1.745 -2.7482 614.596 0.575074 0.731983 0.751703 0.7296 27.4752 0.973102 2.56189 591.464
486.504 -1.01554 -2.48015 280.509 -1.10581 -0.518436 626.375 0.562189 0.768652 0.833989 0.675761 141.352 1.71083 2.0922 1130.96
402.075 -1.15165 -0.855043 358.272 -0.182517 1.899 870.404 0.787731 0.171469 0.761883 0.723858 36.8115 3.11948 1.22048 1167.2
325.379 0.65464 -2.81975 276.522 -0.468092 -0.746843 647.173 0.603151 0.73057 0.501282 0.655725 56.6107 1.36857 2.09486 683.485
293.346 -1.01153 2.21593 270.708 -0.566246 0.467188 464.98 0.497556 0.801295 0.813811 0.799719 49.9997 -1.92897 2.13829 903.312
267.036 -1.47423 -1.80827 258.93 -0.103175 -2.24438 428.617 0.724685 0.65191 0.850079 0.589066 233.41 1.1986 2.8402 665.97
325.161 -0.0855614 -1.34073 298.061 0.56915 -2.66256 454.64 0.562874 0.676881 0.56387 0.793765 359.286 0.924463 2.2652 864.559
372.345 0.15916 -1.67465 291.632 -0.274062 2.58278 589.273 0.724295 0.411123 0.615745 0.748996 45.3026 0.421149 2.0958 866.798
332.618 -0.826479 -0.240215 302.305 1.40018 -2.10829 1011.08 0.528904 0.710119 0.80577 0.792558 190.629 1.98207 2.19282 833.023
287.634 -1.00662 -2.1205 286.366 -1.79488 -0.583563 487.13 0.74591 0.711693 0.776372 0.792318 214.938 2.05287 2.10981 676.906
354.312 1.06254 1.47467 313.4 1.24319 -2.40959 661.903 0.739574 0.507742 0.710873 0.769752 235.425 -2.37153 0.0380592 886.377
591.666 0.193348 -0.699474 384.725 0.350249 0.31536 514.905 0.72422 0.710798 0.723556 0.809204 903.386 3.01501 2.56871 1136.54
304.304 -0.31827 -0.36813 253.587 0.00632342 -1.85642 401.414 0.714399 0.674392 0.748166 0.820235 225.663 2.40945 2.01732 793.778
285.165 -1.36869 0.692135 252.795 0.723191 2.11093 766.224 0.78591 0.879485 0.726349 0.659866 256.478 -2.14644 2.02581 721.38
